t_ms_abs,t_ms_rel,ax_g,ay_g,az_g,resultant_g,gx_dps,gy_dps,gz_dps,qx,qy,qz,qw
1781857820667,0,-0.02002,-0.05298,1.00317,1.00477,0.188,0.0,0.25,-0.029,-0.0062,0.6376,0.7697
1781857820718,51,-0.01978,-0.05371,1.00146,1.0031,0.0,0.0,0.062,-0.029,-0.0062,0.6376,0.7697
1781857820718,51,-0.01685,-0.05518,1.00171,1.00337,0.0,0.25,0.125,-0.0289,-0.0062,0.6376,0.7697
1781857820718,51,-0.02002,-0.05493,1.0,1.00171,0.0,0.188,0.0,-0.0289,-0.0062,0.6376,0.7697
1781857820719,52,-0.02002,-0.05493,1.0,1.00171,0.0,0.188,0.0,-0.0289,-0.0062,0.6376,0.7697
1781857820719,52,-0.01831,-0.05566,1.00317,1.00488,0.0,0.25,0.188,-0.0289,-0.0062,0.6376,0.7697
1781857820719,52,-0.01904,-0.05249,1.00439,1.00595,0.0,0.25,0.0,-0.0289,-0.0062,0.6376,0.7697
1781857820728,61,-0.02026,-0.05127,1.00635,1.00786,0.125,0.25,0.0,-0.0289,-0.0062,0.6376,0.7697
1781857820742,75,-0.02173,-0.0498,1.00391,1.00538,0.125,0.312,0.062,-0.0289,-0.0062,0.6376,0.7697
1781857820742,75,-0.02051,-0.05176,1.00415,1.00569,0.0,0.188,0.125,-0.0289,-0.0062,0.6376,0.7697
1781857820742,75,-0.02051,-0.05176,1.00415,1.00569,0.0,0.188,0.125,-0.0289,-0.0062,0.6376,0.7697
1781857820816,149,-0.02319,-0.05078,1.00317,1.00473,0.0,0.188,0.0,-0.0289,-0.0062,0.6376,0.7697
1781857820816,149,-0.02222,-0.04932,1.00732,1.00878,0.0,0.312,0.0,-0.0289,-0.0062,0.6376,0.7697
1781857820817,150,-0.02319,-0.05151,1.00537,1.00696,0.0,0.312,0.062,-0.0289,-0.0062,0.6376,0.7697
1781857820817,150,-0.02246,-0.05347,1.0061,1.00777,0.188,0.062,0.062,-0.0289,-0.0062,0.6376,0.7697
1781857820817,150,-0.02295,-0.05127,1.00391,1.00548,0.062,0.062,-0.125,-0.0289,-0.0062,0.6376,0.7697
1781857820817,150,-0.01709,-0.052,1.00464,1.00613,0.125,0.125,0.125,-0.0288,-0.0062,0.6376,0.7697
1781857820818,151,-0.01709,-0.052,1.00464,1.00613,0.125,0.125,0.125,-0.0288,-0.0062,0.6376,0.7697
1781857820818,151,-0.01978,-0.05151,1.00049,1.00201,0.0,0.25,0.0,-0.0288,-0.0062,0.6376,0.7697
1781857820818,151,-0.01685,-0.052,0.99878,1.00027,0.125,0.062,0.0,-0.0288,-0.0063,0.6376,0.7696
1781857820819,152,-0.01562,-0.05298,0.99951,1.00104,-0.188,0.062,0.0,-0.0288,-0.0063,0.6376,0.7696
1781857820819,152,-0.01562,-0.05298,0.99951,1.00104,-0.188,0.062,0.0,-0.0288,-0.0063,0.6376,0.7696
1781857820819,152,-0.01855,-0.05322,1.00366,1.00524,0.0,0.375,0.125,-0.0288,-0.0063,0.6376,0.7696
1781857820819,152,-0.01782,-0.05591,1.00659,1.0083,0.062,0.25,0.062,-0.0288,-0.0063,0.6376,0.7696
1781857820819,152,-0.01855,-0.05176,1.00488,1.00639,0.0,0.0,0.0,-0.0288,-0.0063,0.6376,0.7696
1781857820834,167,-0.01758,-0.052,1.00635,1.00784,0.0,0.062,0.0,-0.0288,-0.0064,0.6376,0.7696
1781857820834,167,-0.02148,-0.05103,1.00171,1.00324,0.0,0.188,0.125,-0.0288,-0.0064,0.6376,0.7696
1781857820834,167,-0.02148,-0.04883,1.00146,1.00288,0.0,0.375,0.125,-0.0288,-0.0063,0.6376,0.7696
1781857820846,179,-0.02148,-0.04883,1.00146,1.00288,0.0,0.375,0.125,-0.0288,-0.0063,0.6376,0.7696
1781857820846,179,-0.02148,-0.05103,1.00708,1.0086,-0.062,0.125,0.0,-0.0287,-0.0063,0.6376,0.7696
1781857820861,194,-0.02246,-0.05176,1.00293,1.00452,-0.062,0.188,0.0,-0.0287,-0.0063,0.6376,0.7696
1781857820862,195,-0.02124,-0.05127,1.00684,1.00836,-0.188,0.188,0.062,-0.0287,-0.0063,0.6376,0.7696
1781857820862,195,-0.02124,-0.05127,1.00684,1.00836,-0.188,0.188,0.062,-0.0287,-0.0063,0.6376,0.7696
1781857820876,209,-0.02148,-0.05127,1.00439,1.00593,0.0,0.188,0.0,-0.0287,-0.0063,0.6376,0.7696
1781857820877,210,-0.021,-0.05396,1.00586,1.00752,0.0,0.062,0.062,-0.0287,-0.0064,0.6376,0.7696
1781857820877,210,-0.021,-0.05127,1.00488,1.00641,0.125,0.0,0.125,-0.0287,-0.0064,0.6376,0.7696
1781857820891,224,-0.021,-0.05127,1.00488,1.00641,0.125,0.0,0.125,-0.0287,-0.0064,0.6376,0.7696
1781857820891,224,-0.02246,-0.05273,1.00317,1.00481,0.062,0.062,0.125,-0.0286,-0.0064,0.6376,0.7696
1781857820892,225,-0.02051,-0.05566,0.99976,1.00151,0.0,0.188,0.062,-0.0286,-0.0064,0.6376,0.7696
1781857820906,239,-0.01709,-0.05298,1.00098,1.00252,0.0,0.188,0.125,-0.0286,-0.0064,0.6377,0.7696
1781857820906,239,-0.01709,-0.05298,1.00098,1.00252,0.0,0.188,0.125,-0.0286,-0.0064,0.6377,0.7696
1781857820922,255,-0.02002,-0.05176,1.00586,1.00739,0.0,0.188,0.0,-0.0286,-0.0064,0.6377,0.7696
1781857820922,255,-0.01758,-0.05371,1.00488,1.00647,0.0,0.312,0.062,-0.0286,-0.0064,0.6377,0.7696
1781857820922,255,-0.02148,-0.05176,1.00342,1.00498,0.0,0.062,0.0,-0.0286,-0.0064,0.6377,0.7696
1781857820948,281,-0.02124,-0.05176,1.00195,1.00351,0.062,0.25,0.0,-0.0286,-0.0064,0.6377,0.7696
1781857820948,281,-0.02124,-0.05176,1.00195,1.00351,0.062,0.25,0.0,-0.0286,-0.0064,0.6377,0.7696
1781857820953,286,-0.02075,-0.05127,1.00366,1.00518,0.062,0.188,0.125,-0.0286,-0.0064,0.6377,0.7696
1781857820958,291,-0.02295,-0.052,1.00562,1.00722,0.0,0.312,0.188,-0.0286,-0.0064,0.6377,0.7695
1781857820969,302,-0.02344,-0.05054,1.00195,1.0035,0.0,0.312,0.062,-0.0286,-0.0064,0.6377,0.7695
1781857820972,305,-0.01953,-0.05005,1.00342,1.00486,0.0,0.25,0.125,-0.0286,-0.0064,0.6377,0.7695
1781857820972,305,-0.02295,-0.05103,1.00366,1.00522,0.0,0.125,0.062,-0.0286,-0.0064,0.6377,0.7695
1781857820972,305,-0.01953,-0.05225,1.00366,1.00521,0.0,0.188,0.125,-0.0286,-0.0064,0.6377,0.7695
1781857820972,305,-0.02051,-0.05322,1.00708,1.00869,0.0,0.062,0.188,-0.0286,-0.0064,0.6377,0.7695
1781857820980,313,-0.02173,-0.05493,1.00415,1.00589,-0.062,-0.062,0.062,-0.0286,-0.0064,0.6378,0.7695
1781857820981,314,-0.02173,-0.05493,1.00415,1.00589,-0.062,-0.062,0.062,-0.0286,-0.0064,0.6378,0.7695
1781857820995,328,-0.01733,-0.05103,1.00195,1.0034,0.125,0.125,0.0,-0.0285,-0.0064,0.6378,0.7695
1781857820996,329,-0.0166,-0.05151,1.00122,1.00268,0.062,0.0,0.062,-0.0285,-0.0065,0.6378,0.7695
1781857820997,330,-0.01929,-0.05151,1.00098,1.00249,0.0,0.125,0.062,-0.0285,-0.0065,0.6378,0.7695
1781857821011,344,-0.01514,-0.05054,0.99927,1.00066,0.188,0.0,0.062,-0.0285,-0.0065,0.6378,0.7695
1781857821011,344,-0.01587,-0.04932,1.00562,1.00695,0.0,0.312,0.0,-0.0285,-0.0065,0.6378,0.7695
1781857821012,345,-0.01611,-0.05444,1.00635,1.00795,-0.125,0.25,0.0,-0.0285,-0.0065,0.6378,0.7695
1781857821026,359,-0.02148,-0.04932,1.00684,1.00827,-0.062,0.312,0.125,-0.0285,-0.0065,0.6378,0.7695
1781857821026,359,-0.02148,-0.04932,1.00684,1.00827,-0.062,0.312,0.125,-0.0285,-0.0065,0.6378,0.7695
1781857821027,360,-0.01953,-0.0542,1.00537,1.00702,0.0,0.312,0.062,-0.0285,-0.0065,0.6378,0.7695
1781857821041,374,-0.02344,-0.04932,1.00195,1.00344,0.25,0.375,0.062,-0.0285,-0.0065,0.6378,0.7695
1781857821042,375,-0.02271,-0.05249,1.0022,1.00383,0.062,0.0,0.062,-0.0285,-0.0065,0.6378,0.7695
1781857821042,375,-0.02271,-0.05249,1.0022,1.00383,0.062,0.0,0.062,-0.0285,-0.0065,0.6378,0.7695
1781857821058,391,-0.0249,-0.05029,1.00098,1.00255,0.062,0.125,0.188,-0.0285,-0.0065,0.6378,0.7695
1781857821059,392,-0.02173,-0.0542,1.00317,1.00487,0.0,0.188,-0.125,-0.0285,-0.0065,0.6378,0.7695
1781857821059,392,-0.02563,-0.04883,1.00049,1.00201,0.0,0.25,0.125,-0.0285,-0.0065,0.6378,0.7695
1781857821071,404,-0.02563,-0.04883,1.00049,1.00201,0.0,0.25,0.125,-0.0285,-0.0065,0.6378,0.7695
1781857821072,405,-0.01978,-0.05298,1.0061,1.00769,0.0,0.0,0.0,-0.0284,-0.0065,0.6378,0.7695
1781857821087,420,-0.02271,-0.05151,1.00635,1.00792,0.0,0.0,0.0,-0.0284,-0.0065,0.6378,0.7695
1781857821088,421,-0.02002,-0.05493,1.00635,1.00804,0.062,0.062,0.062,-0.0284,-0.0065,0.6378,0.7695
1781857821088,421,-0.02002,-0.05493,1.00635,1.00804,0.062,0.062,0.062,-0.0284,-0.0065,0.6378,0.7695
1781857821103,436,-0.02051,-0.05298,1.00098,1.00259,-0.062,0.0,0.188,-0.0284,-0.0065,0.6378,0.7695
1781857821103,436,-0.02051,-0.05298,1.00098,1.00259,-0.062,0.0,0.188,-0.0284,-0.0065,0.6378,0.7695
1781857821103,436,-0.021,-0.052,1.00391,1.00547,0.125,0.188,0.062,-0.0283,-0.0065,0.6378,0.7695
1781857821120,453,-0.01709,-0.05103,1.0061,1.00754,0.0,0.25,0.0,-0.0283,-0.0065,0.6378,0.7695
1781857821121,454,-0.01807,-0.05078,1.00269,1.00413,0.0,0.125,0.0,-0.0283,-0.0065,0.6378,0.7695
1781857821121,454,-0.01953,-0.05127,1.00146,1.00297,0.0,0.25,0.062,-0.0283,-0.0065,0.6378,0.7695
1781857821132,465,-0.01953,-0.05127,1.00146,1.00297,0.0,0.25,0.062,-0.0283,-0.0065,0.6378,0.7695
1781857821132,465,-0.02026,-0.05322,1.00391,1.00552,0.0,0.312,0.062,-0.0283,-0.0065,0.6378,0.7695
1781857821148,481,-0.02026,-0.05078,1.00415,1.00564,0.0,0.375,0.125,-0.0283,-0.0065,0.6378,0.7695
1781857821161,494,-0.02148,-0.052,1.00464,1.00621,0.0,0.375,0.0,-0.0283,-0.0065,0.6378,0.7695
1781857821166,499,-0.02148,-0.052,1.00464,1.00621,0.0,0.375,0.0,-0.0283,-0.0065,0.6378,0.7695
1781857821168,501,-0.02246,-0.05054,1.00464,1.00616,0.062,0.188,0.062,-0.0283,-0.0065,0.6378,0.7695
1781857821168,501,-0.02148,-0.05298,1.00439,1.00602,0.0,0.25,0.062,-0.0283,-0.0065,0.6378,0.7695
1781857821168,501,-0.02148,-0.05298,1.00439,1.00602,0.0,0.25,0.062,-0.0283,-0.0065,0.6378,0.7695
1781857821175,508,-0.02271,-0.05298,1.00464,1.00629,0.0,0.0,-0.062,-0.0283,-0.0065,0.6378,0.7695
1781857821177,510,-0.02271,-0.05371,1.00488,1.00657,0.0,0.125,0.0,-0.0283,-0.0065,0.6378,0.7695
1781857821177,510,-0.02319,-0.05249,1.00244,1.00408,0.0,0.125,0.0,-0.0283,-0.0065,0.6378,0.7695
1781857821193,526,-0.01904,-0.05298,1.00757,1.00914,0.0,0.125,0.188,-0.0283,-0.0065,0.6378,0.7695
1781857821193,526,-0.01904,-0.05298,1.00757,1.00914,0.0,0.125,0.188,-0.0283,-0.0065,0.6378,0.7695
1781857821193,526,-0.01855,-0.05371,1.00391,1.00551,0.0,0.062,0.0,-0.0283,-0.0065,0.6379,0.7695
1781857821209,542,-0.01587,-0.05249,1.00366,1.00516,0.0,0.25,0.188,-0.0283,-0.0066,0.6379,0.7694
1781857821209,542,-0.01392,-0.05103,1.00317,1.00457,0.125,0.062,0.125,-0.0283,-0.0066,0.6379,0.7694
1781857821221,554,-0.01733,-0.05347,1.00415,1.00572,0.062,0.188,0.0,-0.0282,-0.0066,0.6379,0.7694
1781857821221,554,-0.01953,-0.05225,1.00342,1.00497,0.0,0.188,0.188,-0.0282,-0.0066,0.6379,0.7694
1781857821223,556,-0.01904,-0.05078,1.00073,1.0022,0.0,0.438,0.125,-0.0282,-0.0066,0.6379,0.7694
1781857821244,577,-0.01904,-0.05078,1.00073,1.0022,0.0,0.438,0.125,-0.0282,-0.0066,0.6379,0.7694
1781857821244,577,-0.02222,-0.05518,1.00903,1.01078,0.0,0.375,0.125,-0.0282,-0.0066,0.6379,0.7694
1781857821244,577,-0.02222,-0.05151,1.00244,1.00401,-0.062,0.375,0.125,-0.0282,-0.0066,0.6379,0.7694
1781857821253,586,-0.02563,-0.05151,1.00391,1.00555,0.0,0.188,0.062,-0.0282,-0.0066,0.6379,0.7694
1781857821253,586,-0.02173,-0.05249,1.00464,1.00624,0.062,0.25,0.0,-0.0282,-0.0066,0.6379,0.7694
1781857821253,586,-0.02441,-0.05273,1.00537,1.00705,0.062,0.0,0.0,-0.0282,-0.0066,0.6379,0.7694
1781857821267,600,-0.02124,-0.04907,1.00366,1.00509,0.0,0.125,0.188,-0.0282,-0.0066,0.6379,0.7694
1781857821267,600,-0.02124,-0.04907,1.00366,1.00509,0.0,0.125,0.188,-0.0282,-0.0066,0.6379,0.7694
1781857821267,600,-0.02466,-0.05151,1.00024,1.00187,0.0,0.25,0.0,-0.0282,-0.0066,0.6379,0.7694
1781857821283,616,-0.01758,-0.05176,1.00562,1.0071,0.0,0.125,0.125,-0.0282,-0.0066,0.6379,0.7694
1781857821283,616,-0.02148,-0.05322,1.0061,1.00774,0.0,0.188,0.062,-0.0282,-0.0066,0.6379,0.7694
1781857821283,616,-0.02148,-0.05322,1.0061,1.00774,0.0,0.188,0.062,-0.0282,-0.0066,0.6379,0.7694
1781857821296,629,-0.01929,-0.05396,1.00488,1.00652,0.0,0.125,0.0,-0.0282,-0.0066,0.6379,0.7694
1781857821298,631,-0.02173,-0.05396,1.00415,1.00583,0.062,0.0,0.062,-0.0282,-0.0066,0.6379,0.7694
1781857821300,633,-0.02173,-0.05396,1.00415,1.00583,0.062,0.0,0.062,-0.0282,-0.0066,0.6379,0.7694
1781857821311,644,-0.01782,-0.052,1.0022,1.0037,0.0,0.062,0.125,-0.0281,-0.0066,0.6379,0.7694
1781857821311,644,-0.0166,-0.0542,1.00562,1.00721,0.0,0.25,0.125,-0.0281,-0.0067,0.6379,0.7694
1781857821326,659,-0.01978,-0.05273,1.00146,1.00305,0.0,0.375,0.062,-0.0281,-0.0067,0.6379,0.7694
1781857821326,659,-0.02026,-0.05396,1.00098,1.00263,-0.188,0.375,0.062,-0.0281,-0.0067,0.6379,0.7694
1781857821327,660,-0.02026,-0.05396,1.00098,1.00263,-0.188,0.375,0.062,-0.0281,-0.0067,0.6379,0.7694
1781857821341,674,-0.01709,-0.05396,1.00391,1.0055,0.0,0.188,0.0,-0.0281,-0.0067,0.6379,0.7694
1781857821341,674,-0.02222,-0.052,1.00586,1.00745,0.0,0.125,0.062,-0.0281,-0.0067,0.6379,0.7694
1781857821342,675,-0.0188,-0.05127,1.00439,1.00588,0.0,0.062,-0.125,-0.0281,-0.0067,0.6379,0.7694
1781857821355,688,-0.0188,-0.05127,1.00439,1.00588,0.0,0.062,-0.125,-0.0281,-0.0067,0.6379,0.7694
1781857821371,704,-0.02393,-0.05005,1.00513,1.00666,0.062,0.125,0.062,-0.0281,-0.0067,0.6379,0.7694
1781857821371,704,-0.02441,-0.05298,1.00391,1.0056,0.0,0.125,0.0,-0.0281,-0.0067,0.6379,0.7694
1781857821372,705,-0.02148,-0.0498,1.00439,1.00586,0.0,0.188,0.125,-0.0281,-0.0067,0.6379,0.7694
1781857821387,720,-0.02563,-0.04858,1.00464,1.00614,0.125,0.125,0.125,-0.0281,-0.0067,0.6379,0.7694
1781857821400,733,-0.01978,-0.052,1.00415,1.00569,0.125,0.0,0.0,-0.0281,-0.0067,0.6379,0.7694
1781857821401,734,-0.02002,-0.05371,1.00293,1.00457,0.188,0.062,0.062,-0.0281,-0.0067,0.638,0.7694
1781857821401,734,-0.0188,-0.05469,1.00488,1.00655,0.0,0.125,0.0,-0.0281,-0.0067,0.638,0.7694
1781857821402,735,-0.01807,-0.05225,1.00098,1.0025,-0.062,0.188,-0.062,-0.0281,-0.0067,0.638,0.7694
1781857821402,735,-0.01904,-0.05347,1.00244,1.00405,0.0,0.312,0.0,-0.0281,-0.0067,0.638,0.7694
1781857821417,750,-0.01904,-0.05347,1.00244,1.00405,0.0,0.312,0.0,-0.0281,-0.0067,0.638,0.7694
1781857821433,766,-0.01831,-0.05371,1.00171,1.00332,0.0,0.25,0.188,-0.0281,-0.0067,0.638,0.7694
1781857821433,766,-0.02002,-0.05322,1.00439,1.006,0.0,0.188,0.0,-0.0281,-0.0067,0.638,0.7694
1781857821433,766,-0.0188,-0.05396,0.99731,0.99895,-0.062,0.188,0.125,-0.0281,-0.0067,0.638,0.7694
1781857821446,779,-0.0188,-0.05396,0.99731,0.99895,-0.062,0.188,0.125,-0.0281,-0.0067,0.638,0.7694
1781857821448,781,-0.02148,-0.05078,1.00415,1.00566,0.0,0.375,0.125,-0.0281,-0.0067,0.638,0.7694
1781857821448,781,-0.02148,-0.05078,1.00415,1.00566,0.0,0.375,0.125,-0.0281,-0.0067,0.638,0.7694
1781857821464,797,-0.02148,-0.05078,1.00415,1.00566,0.0,0.375,0.125,-0.0281,-0.0067,0.638,0.7694
1781857821465,798,-0.02393,-0.052,1.00562,1.00724,0.0,0.062,0.0,-0.0281,-0.0067,0.638,0.7693
1781857821477,810,-0.02271,-0.05151,1.00391,1.00548,0.0,-0.062,0.0,-0.028,-0.0067,0.638,0.7693
1781857821477,810,-0.01978,-0.05103,1.00049,1.00198,0.0,0.125,0.062,-0.028,-0.0067,0.638,0.7693
1781857821477,810,-0.01904,-0.05151,1.00732,1.00882,0.125,0.188,0.125,-0.028,-0.0067,0.638,0.7693
1781857821493,826,-0.02051,-0.05127,1.00024,1.00177,0.0,0.312,0.0,-0.028,-0.0067,0.638,0.7693
1781857821493,826,-0.02051,-0.05127,1.00024,1.00177,0.0,0.312,0.0,-0.028,-0.0067,0.638,0.7693
1781857821493,826,-0.02197,-0.05371,1.00073,1.00241,-0.062,0.125,0.0,-0.028,-0.0067,0.6381,0.7693
1781857821506,839,-0.0188,-0.05396,1.00439,1.00602,0.0,0.062,0.0,-0.028,-0.0067,0.6381,0.7693
1781857821506,839,-0.01855,-0.05396,1.00098,1.0026,0.0,0.062,0.188,-0.028,-0.0067,0.6381,0.7693
1781857821506,839,-0.01855,-0.05396,1.00098,1.0026,0.0,0.062,0.188,-0.028,-0.0067,0.6381,0.7693
1781857821521,854,-0.01733,-0.05298,1.00439,1.00594,0.0,0.312,0.0,-0.028,-0.0068,0.6381,0.7693
1781857821521,854,-0.02075,-0.05566,1.0022,1.00396,0.0,0.0,0.062,-0.028,-0.0068,0.6381,0.7693
1781857821522,855,-0.02197,-0.05444,1.00537,1.00708,0.0,0.438,0.0,-0.028,-0.0068,0.6381,0.7693
1781857821536,869,-0.02197,-0.05444,1.00537,1.00708,0.0,0.438,0.0,-0.028,-0.0068,0.6381,0.7693
1781857821536,869,-0.021,-0.05054,1.00269,1.00418,0.062,0.125,0.125,-0.028,-0.0068,0.6381,0.7693
1781857821537,870,-0.02368,-0.05005,1.00513,1.00665,0.0,0.062,0.0,-0.028,-0.0068,0.6381,0.7693
1781857821551,884,-0.02368,-0.05005,1.00513,1.00665,0.0,0.062,0.0,-0.028,-0.0068,0.6381,0.7693
1781857821551,884,-0.02051,-0.05151,1.0061,1.00763,0.0,0.062,0.0,-0.028,-0.0068,0.6381,0.7693
1781857821552,885,-0.02002,-0.05273,1.00415,1.00573,0.062,0.062,0.062,-0.028,-0.0068,0.6381,0.7693
1781857821567,900,-0.02173,-0.04956,1.00342,1.00488,0.0,0.188,0.062,-0.028,-0.0068,0.6381,0.7693
1781857821567,900,-0.021,-0.05298,1.00537,1.00698,0.0,0.25,0.062,-0.028,-0.0068,0.6381,0.7693
1781857821567,900,-0.021,-0.05298,1.00537,1.00698,0.0,0.25,0.062,-0.028,-0.0068,0.6381,0.7693
1781857821583,916,-0.01831,-0.05371,1.00732,1.00892,0.062,0.312,0.125,-0.028,-0.0068,0.6381,0.7693
1781857821583,916,-0.02051,-0.0498,1.00024,1.00169,0.0,0.188,0.062,-0.0279,-0.0068,0.6381,0.7693
1781857821583,916,-0.02197,-0.05298,1.00342,1.00506,0.0,0.0,0.0,-0.0279,-0.0068,0.6381,0.7693
1781857821598,931,-0.02197,-0.05298,1.00342,1.00506,0.0,0.0,0.0,-0.0279,-0.0068,0.6381,0.7693
1781857821598,931,-0.01611,-0.05054,1.00342,1.00482,0.0,0.312,0.188,-0.0279,-0.0068,0.6381,0.7693
1781857821603,936,-0.02051,-0.05054,1.00342,1.0049,0.0,0.188,0.0,-0.0279,-0.0068,0.6381,0.7693
1781857821616,949,-0.01953,-0.05396,1.00439,1.00603,0.0,0.25,-0.062,-0.0279,-0.0068,0.6381,0.7693
1781857821616,949,-0.01953,-0.05396,1.00439,1.00603,0.0,0.25,-0.062,-0.0279,-0.0068,0.6381,0.7693
1781857821616,949,-0.0188,-0.0542,1.00073,1.00238,-0.062,0.375,0.0,-0.0279,-0.0068,0.6381,0.7693
1781857821627,960,-0.02075,-0.05273,1.00659,1.00819,0.0,0.5,0.062,-0.0279,-0.0068,0.6381,0.7693
1781857821628,961,-0.02002,-0.05371,1.00317,1.00481,0.0,0.188,0.062,-0.0279,-0.0068,0.6381,0.7692
1781857821628,961,-0.02051,-0.05591,1.0,1.00177,0.062,0.125,0.0,-0.0279,-0.0068,0.6381,0.7692
1781857821645,978,-0.02319,-0.05444,1.00684,1.00857,0.125,0.062,0.062,-0.0279,-0.0068,0.6381,0.7692
1781857821646,979,-0.02173,-0.0498,1.00781,1.00928,0.0,0.188,0.0,-0.0279,-0.0068,0.6381,0.7692
1781857821656,989,-0.02246,-0.05103,1.00269,1.00423,0.0,0.25,0.0,-0.0279,-0.0068,0.6381,0.7692
1781857821656,989,-0.02246,-0.05103,1.00269,1.00423,0.0,0.25,0.0,-0.0279,-0.0068,0.6381,0.7692
1781857821660,993,-0.02222,-0.05298,1.00586,1.0075,0.0,0.188,0.062,-0.0279,-0.0068,0.6381,0.7692
1781857821670,1003,-0.02246,-0.05103,1.00317,1.00472,0.0,0.25,0.0,-0.0279,-0.0068,0.6381,0.7692
1781857821686,1019,-0.02368,-0.05151,1.00757,1.00916,-0.062,0.375,0.062,-0.0279,-0.0068,0.6381,0.7692
1781857821686,1019,-0.02368,-0.05151,1.00757,1.00916,-0.062,0.375,0.062,-0.0279,-0.0068,0.6381,0.7692
1781857821686,1019,-0.02051,-0.0498,1.00439,1.00584,0.062,0.062,0.0,-0.0279,-0.0068,0.6381,0.7692
1781857821700,1033,-0.02051,-0.04907,1.00586,1.00726,0.062,0.062,0.25,-0.0278,-0.0068,0.6381,0.7692
1781857821700,1033,-0.0188,-0.05176,1.00269,1.0042,0.0,0.188,0.062,-0.0278,-0.0068,0.6381,0.7692
1781857821702,1035,-0.0166,-0.05469,1.00537,1.00699,0.188,0.375,0.188,-0.0278,-0.0068,0.6381,0.7692
1781857821718,1051,-0.01685,-0.05249,1.00024,1.00176,0.0,0.25,0.062,-0.0278,-0.0068,0.6381,0.7692
1781857821718,1051,-0.02002,-0.05518,1.00366,1.00538,0.0,0.125,0.0,-0.0278,-0.0068,0.6381,0.7692
1781857821719,1052,-0.02124,-0.05225,1.00781,1.00939,0.0,0.25,0.0,-0.0278,-0.0068,0.6381,0.7692
1781857821734,1067,-0.02075,-0.05371,1.00269,1.00434,0.0,0.25,0.188,-0.0278,-0.0068,0.6381,0.7692
1781857821734,1067,-0.01953,-0.05322,1.00366,1.00526,0.062,0.375,0.0,-0.0278,-0.0068,0.6381,0.7692
1781857821734,1067,-0.01758,-0.05103,1.00391,1.00536,0.0,0.188,0.0,-0.0278,-0.0068,0.6381,0.7692
1781857821749,1082,-0.02319,-0.05176,1.00317,1.00478,0.125,0.125,0.062,-0.0278,-0.0068,0.6381,0.7692
1781857821749,1082,-0.02441,-0.05249,1.00366,1.00533,0.0,0.25,0.0,-0.0278,-0.0068,0.6381,0.7692
1781857821766,1099,-0.02441,-0.05249,1.00366,1.00533,0.0,0.25,0.0,-0.0278,-0.0068,0.6381,0.7692
1781857821766,1099,-0.02075,-0.05127,1.00562,1.00714,0.0,0.0,0.0,-0.0278,-0.0068,0.6382,0.7692
1781857821766,1099,-0.02075,-0.05127,1.00562,1.00714,0.0,0.0,0.0,-0.0278,-0.0068,0.6382,0.7692
1781857821777,1110,-0.02002,-0.0542,1.00708,1.00874,0.0,0.125,0.125,-0.0278,-0.0068,0.6382,0.7692
1781857821793,1126,-0.02002,-0.0542,1.00708,1.00874,0.0,0.125,0.125,-0.0278,-0.0068,0.6382,0.7692
1781857821794,1127,-0.02319,-0.05127,1.00537,1.00694,0.0,0.25,0.0,-0.0278,-0.0068,0.6382,0.7692
1781857821796,1129,-0.02246,-0.05493,1.00146,1.00322,0.0,0.125,0.062,-0.0278,-0.0068,0.6382,0.7692
1781857821806,1139,-0.02246,-0.05493,1.00146,1.00322,0.0,0.125,0.062,-0.0278,-0.0068,0.6382,0.7692
1781857821807,1140,-0.01978,-0.05347,1.00366,1.00528,0.0,0.0,0.0,-0.0278,-0.0068,0.6382,0.7692
1781857821807,1140,-0.02026,-0.05151,1.0,1.00153,0.188,0.0,0.0,-0.0278,-0.0069,0.6382,0.7692
1781857821821,1154,-0.02026,-0.05151,1.0,1.00153,0.188,0.0,0.0,-0.0278,-0.0069,0.6382,0.7692
1781857821821,1154,-0.01831,-0.05322,1.00513,1.0067,-0.062,0.188,0.062,-0.0278,-0.0069,0.6382,0.7692
1781857821822,1155,-0.02148,-0.05151,1.00732,1.00887,-0.062,0.312,0.0,-0.0278,-0.0069,0.6382,0.7692
1781857821835,1168,-0.02051,-0.05566,1.00342,1.00517,-0.062,0.25,0.125,-0.0278,-0.0069,0.6382,0.7692
1781857821835,1168,-0.02051,-0.05566,1.00342,1.00517,-0.062,0.25,0.125,-0.0278,-0.0069,0.6382,0.7692
1781857821836,1169,-0.02197,-0.05225,1.00122,1.00282,0.0,0.062,0.125,-0.0278,-0.0069,0.6382,0.7692
1781857821850,1183,-0.02246,-0.05054,1.00464,1.00616,0.188,-0.062,0.188,-0.0278,-0.0069,0.6382,0.7692
1781857821851,1184,-0.01953,-0.05151,1.00391,1.00542,0.25,0.062,0.125,-0.0277,-0.0069,0.6382,0.7692
1781857821851,1184,-0.01978,-0.05078,1.0022,1.00368,0.0,0.188,0.188,-0.0277,-0.0069,0.6383,0.7692
1781857821917,1250,-0.02197,-0.05176,1.00098,1.00255,0.0,0.25,0.0,-0.0277,-0.0069,0.6383,0.7692
1781857821917,1250,-0.02124,-0.04932,1.00098,1.00242,-0.062,0.562,0.125,-0.0277,-0.0069,0.6383,0.7692
1781857821917,1250,-0.02124,-0.04932,1.00098,1.00242,-0.062,0.562,0.125,-0.0277,-0.0069,0.6383,0.7692
1781857821970,1303,-0.02344,-0.05396,1.00732,1.00904,-0.125,0.25,0.062,-0.0277,-0.0069,0.6383,0.7692
1781857821971,1304,-0.02148,-0.05273,1.00659,1.0082,0.0,0.062,0.125,-0.0277,-0.0069,0.6383,0.7692
1781857821972,1305,-0.02002,-0.05273,1.00464,1.00622,0.062,0.062,0.0,-0.0277,-0.007,0.6383,0.7691
1781857822030,1363,-0.02002,-0.05273,1.00464,1.00622,0.062,0.062,0.0,-0.0277,-0.007,0.6383,0.7691
1781857822031,1364,-0.02051,-0.05176,1.00391,1.00545,0.0,0.0,0.0,-0.0277,-0.007,0.6383,0.7691
1781857822034,1367,-0.02173,-0.05225,1.00244,1.00404,0.0,0.188,0.125,-0.0277,-0.007,0.6383,0.7691
1781857822092,1425,-0.02173,-0.05371,1.00293,1.0046,0.0,0.062,0.062,-0.0277,-0.007,0.6383,0.7691
1781857822092,1425,-0.01831,-0.05322,1.00049,1.00207,0.062,0.25,0.062,-0.0277,-0.007,0.6383,0.7691
1781857822094,1427,-0.02075,-0.05225,1.00464,1.00621,0.0,0.312,0.062,-0.0277,-0.007,0.6383,0.7691
1781857822153,1486,-0.02075,-0.05225,1.00464,1.00621,0.0,0.312,0.062,-0.0277,-0.007,0.6383,0.7691
1781857822211,1544,-0.02051,-0.05127,0.99902,1.00055,0.0,0.0,0.062,-0.0276,-0.007,0.6384,0.7691
1781857822211,1544,-0.02075,-0.05396,1.00562,1.00728,0.0,-0.125,0.125,-0.0277,-0.007,0.6384,0.7691
1781857822211,1544,-0.01978,-0.052,1.00488,1.00642,0.125,0.0,0.0,-0.0277,-0.007,0.6384,0.7691
1781857822272,1605,-0.01855,-0.05249,1.00366,1.00521,0.0,0.125,0.125,-0.0277,-0.007,0.6384,0.7691
1781857822272,1605,-0.01514,-0.05273,1.00513,1.00662,0.0,0.375,0.062,-0.0275,-0.0071,0.6384,0.769
1781857822273,1606,-0.02148,-0.04785,1.00293,1.0043,-0.562,0.438,0.0,-0.0277,-0.0071,0.6384,0.769
1781857822331,1664,-0.01465,-0.0498,0.99829,0.99964,-0.312,0.312,0.0,-0.0277,-0.0071,0.6384,0.769
1781857822331,1664,-0.01245,-0.05127,1.01416,1.01553,-0.375,0.0,-0.188,-0.0277,-0.0072,0.6384,0.769
1781857822332,1665,-0.02197,-0.0481,0.98926,0.99067,0.125,-0.75,0.062,-0.0278,-0.0069,0.6385,0.7689
1781857822393,1726,-0.02197,-0.0481,0.98926,0.99067,0.125,-0.75,0.062,-0.0278,-0.0069,0.6385,0.7689
1781857822393,1726,-0.01782,-0.05347,0.99512,0.99671,-0.188,-0.5,0.0,-0.0277,-0.007,0.6385,0.7689
1781857822394,1727,-0.01855,-0.04077,1.00684,1.00783,-0.312,0.938,0.0,-0.0276,-0.007,0.6385,0.7689
1781857822450,1783,-0.02319,-0.04883,1.00562,1.00707,-1.125,1.688,0.0,-0.0277,-0.007,0.6385,0.7689
1781857822450,1783,-0.03345,-0.05884,1.00854,1.01081,-0.938,1.562,0.125,-0.0279,-0.007,0.6385,0.7689
1781857822452,1785,-0.02515,-0.0437,0.95142,0.95275,-0.625,0.625,0.0,-0.0278,-0.0069,0.6386,0.7689
1781857822517,1850,-0.01416,-0.06323,1.04736,1.04937,-0.312,0.188,0.062,-0.0279,-0.007,0.6386,0.7689
1781857822517,1850,-0.0188,-0.06055,1.0144,1.01638,0.562,0.062,0.062,-0.0279,-0.007,0.6386,0.7689
1781857822518,1851,-0.02026,-0.05225,1.01367,1.01522,-0.625,-0.188,0.0,-0.0278,-0.0069,0.6386,0.7689
1781857822571,1904,-0.0332,-0.05737,1.02051,1.02266,-0.062,1.375,0.188,-0.0278,-0.0068,0.6386,0.7689
1781857822571,1904,-0.02808,-0.05859,0.98633,0.98847,0.0,0.562,0.25,-0.0279,-0.0068,0.6386,0.7689
1781857822571,1904,-0.02002,-0.05762,1.00464,1.00649,-1.25,1.625,0.0,-0.0278,-0.0069,0.6386,0.7688
1781857822638,1971,-0.02417,-0.05884,1.01343,1.01542,-0.125,1.0,0.0,-0.0279,-0.0069,0.6386,0.7688
1781857822638,1971,-0.02637,-0.05493,1.01245,1.01428,0.125,0.375,0.188,-0.028,-0.0068,0.6386,0.7688
1781857822639,1972,-0.02246,-0.06177,1.00708,1.00922,0.938,-1.312,0.0,-0.0281,-0.0068,0.6387,0.7688
1781857822696,2029,-0.01392,-0.0498,1.00391,1.00524,1.25,-1.312,0.062,-0.0279,-0.0068,0.6387,0.7688
1781857822697,2030,-0.00977,-0.04443,0.9939,0.99494,0.312,-0.125,-0.062,-0.0278,-0.0068,0.6387,0.7688
1781857822697,2030,-0.02197,-0.04907,0.99878,1.00023,0.375,-0.125,0.188,-0.0279,-0.0068,0.6387,0.7687
1781857822752,2085,-0.02539,-0.04907,0.99976,1.00128,-0.125,0.75,0.0,-0.028,-0.0068,0.6387,0.7687
1781857822752,2085,-0.03101,-0.05371,1.00171,1.00363,-0.5,0.625,0.125,-0.028,-0.0068,0.6387,0.7687
1781857822753,2086,-0.01831,-0.05469,1.00342,1.00507,0.0,0.062,0.0,-0.028,-0.0068,0.6387,0.7687
1781857822812,2145,-0.0127,-0.05493,1.00342,1.005,0.125,0.0,0.0,-0.028,-0.0069,0.6387,0.7687
1781857822813,2146,-0.01636,-0.05249,1.00513,1.00663,0.0,0.188,0.0,-0.028,-0.0069,0.6387,0.7687
1781857822813,2146,-0.02417,-0.052,1.00269,1.00432,-0.125,0.562,0.0,-0.028,-0.0068,0.6387,0.7687
1781857822874,2207,-0.02759,-0.05469,1.00488,1.00675,-0.438,0.5,0.062,-0.028,-0.0068,0.6387,0.7687
1781857822874,2207,-0.02563,-0.05786,1.00488,1.00687,-0.188,0.5,0.125,-0.0281,-0.0068,0.6387,0.7687
1781857822874,2207,-0.021,-0.052,0.99536,0.99694,-0.375,0.312,0.125,-0.028,-0.0068,0.6388,0.7687
1781857822931,2264,-0.01636,-0.05615,1.02246,1.02413,-0.562,0.25,-0.125,-0.028,-0.0069,0.6388,0.7687
1781857822934,2267,-0.02148,-0.06128,1.02075,1.02282,-0.25,0.938,0.0,-0.028,-0.0069,0.6388,0.7687
1781857822936,2269,-0.02148,-0.06128,1.02075,1.02282,-0.25,0.938,0.0,-0.028,-0.0069,0.6388,0.7687
1781857822992,2325,-0.021,-0.04688,1.01245,1.01375,-0.062,0.188,0.188,-0.028,-0.0068,0.6388,0.7687
1781857822992,2325,-0.02148,-0.04517,1.00342,1.00466,-0.062,0.312,0.0,-0.028,-0.0068,0.6388,0.7687
1781857822992,2325,-0.02148,-0.04517,1.00342,1.00466,-0.062,0.312,0.0,-0.028,-0.0068,0.6388,0.7687
1781857823053,2386,-0.02197,-0.05811,1.00586,1.00778,0.0,0.438,0.062,-0.0279,-0.0069,0.6389,0.7686
1781857823054,2387,-0.02124,-0.05981,1.00488,1.00689,0.0,0.125,0.0,-0.028,-0.0069,0.6389,0.7686
1781857823055,2388,-0.02124,-0.05981,1.00488,1.00689,0.0,0.125,0.0,-0.028,-0.0069,0.6389,0.7686
1781857823116,2449,-0.02002,-0.05396,1.00415,1.0058,0.062,0.188,0.0,-0.0278,-0.0069,0.6389,0.7686
1781857823117,2450,-0.02026,-0.05176,1.00146,1.00301,0.0,0.312,0.312,-0.0278,-0.0069,0.6389,0.7686
1781857823117,2450,-0.07642,-0.02051,0.96191,0.96516,-5.0,7.125,-2.5,-0.0299,-0.0056,0.6401,0.7675
1781857823179,2512,-0.03467,-0.10449,0.94873,0.9551,-1.562,-6.312,-2.188,-0.03,-0.0058,0.64,0.7676
1781857823179,2512,-0.06348,-0.16284,0.99976,1.01492,8.5,-11.312,4.5,-0.0296,-0.0061,0.6401,0.7675
1781857823179,2512,-0.06348,-0.16284,0.99976,1.01492,8.5,-11.312,4.5,-0.0296,-0.0061,0.6401,0.7675
1781857823230,2563,-0.02808,-0.07031,1.03003,1.03281,12.688,-14.688,-6.25,-0.0236,-0.0059,0.6373,0.7701
1781857823231,2564,0.02441,-0.0022,0.9834,0.9837,12.25,-10.125,-1.938,-0.0228,-0.0061,0.6372,0.7702
1781857823231,2564,-0.07373,-0.05884,1.00879,1.01319,6.875,-5.25,-3.25,-0.0296,-0.0048,0.6336,0.773
1781857823291,2624,-0.06885,-0.03735,1.02075,1.02375,7.25,-23.5,12.875,-0.0285,-0.0054,0.6348,0.7719
1781857823291,2624,-0.03491,-0.03149,1.03149,1.03257,6.438,-27.562,11.375,-0.0275,-0.0061,0.6353,0.7716
1781857823292,2625,-0.03491,-0.03149,1.03149,1.03257,6.438,-27.562,11.375,-0.0275,-0.0061,0.6353,0.7716
1781857823351,2684,-0.03491,-0.03149,1.03149,1.03257,6.438,-27.562,11.375,-0.0275,-0.0061,0.6353,0.7716
1781857823352,2685,-0.05176,-0.09082,0.97656,0.98214,2.625,-7.812,0.062,-0.0295,-0.0065,0.6362,0.7708
1781857823352,2685,-0.05176,-0.09082,0.97656,0.98214,2.625,-7.812,0.062,-0.0295,-0.0065,0.6362,0.7708
1781857823411,2744,-0.16333,-0.00488,0.88208,0.89709,-31.938,20.562,-8.125,-0.0396,-0.0043,0.6398,0.7673
1781857823412,2745,0.10376,0.11206,0.70752,0.72381,-12.25,6.0,-7.562,-0.0402,-0.0045,0.6395,0.7675
1781857823413,2746,0.10376,0.11206,0.70752,0.72381,-12.25,6.0,-7.562,-0.0402,-0.0045,0.6395,0.7675
1781857823470,2803,0.10376,0.11206,0.70752,0.72381,-12.25,6.0,-7.562,-0.0402,-0.0045,0.6395,0.7675
1781857823470,2803,-0.03687,-0.15381,1.02734,1.03945,10.25,-3.5,-138.312,-0.0352,-0.0052,0.6174,0.7857
1781857823472,2805,-0.03687,-0.15381,1.02734,1.03945,10.25,-3.5,-138.312,-0.0352,-0.0052,0.6174,0.7857
1781857823532,2865,0.07764,0.13647,1.09692,1.1081,6.812,-102.438,-33.188,-0.0189,-0.0378,0.5988,0.7997
1781857823532,2865,0.03027,0.19458,1.04883,1.06715,24.938,-89.875,-40.25,-0.0157,-0.0404,0.5975,0.8005
1781857823532,2865,0.5188,-0.10669,0.8186,0.97501,47.062,-2.375,-88.5,0.013,-0.0263,0.566,0.8237
1781857823590,2923,0.5188,-0.10669,0.8186,0.97501,47.062,-2.375,-88.5,0.013,-0.0263,0.566,0.8237
1781857823591,2924,0.52979,-0.10864,0.69775,0.8828,35.875,-30.25,-56.125,0.0159,-0.0263,0.5607,0.8273
1781857823592,2925,0.09863,0.15332,0.90918,0.92728,70.188,-20.188,47.75,0.0527,-0.0311,0.5643,0.8231
1781857823650,2983,0.03101,0.16528,0.94141,0.95631,67.688,-4.75,43.188,0.0565,-0.0293,0.5637,0.8234
1781857823652,2985,0.01562,0.15649,0.97583,0.98842,64.312,2.625,39.312,0.0587,-0.0277,0.5653,0.8222
1781857823652,2985,-0.10034,0.04126,0.979,0.985,12.25,7.5,21.562,0.0685,-0.0184,0.5695,0.8188
1781857823710,3043,-0.10034,0.04126,0.979,0.985,12.25,7.5,21.562,0.0685,-0.0184,0.5695,0.8188
1781857823711,3044,-0.15845,0.02173,0.92725,0.94094,2.625,16.812,27.875,0.068,-0.0174,0.57,0.8185
1781857823712,3045,-0.36401,-0.05493,1.12207,1.18092,0.0,42.625,11.125,0.0574,-0.0009,0.5804,0.8121
1781857823775,3108,-0.37183,-0.06299,1.15845,1.21829,-3.0,30.0,0.188,0.0551,0.0016,0.5823,0.811
1781857823775,3108,-0.37769,-0.05762,1.14941,1.21125,-1.125,23.688,-6.562,0.0543,0.0026,0.5822,0.8111
1781857823775,3108,-0.3374,-0.19312,1.20142,1.26275,24.375,3.625,-68.438,0.0552,0.0136,0.5687,0.8204
1781857823830,3163,-0.37158,-0.23926,1.18262,1.2625,19.062,-4.312,-72.625,0.0561,0.015,0.5646,0.8232
1781857823831,3164,-0.38428,-0.25439,1.177,1.26401,16.5,-5.875,-74.75,0.0565,0.0155,0.562,0.825
1781857823831,3164,-0.29126,-0.25659,1.1936,1.25513,-31.688,10.125,-88.688,0.0496,0.0179,0.5372,0.8417
1781857823893,3226,-0.29639,-0.27319,1.18042,1.24735,-29.438,7.812,-91.938,0.0472,0.0178,0.5339,0.8439
1781857823893,3226,-0.29419,-0.2771,1.17554,1.24307,-25.5,6.0,-94.562,0.0458,0.0176,0.5305,0.8461
1781857823893,3226,-0.12622,-0.17139,1.16113,1.18048,-25.812,-4.312,-121.312,0.0378,0.0147,0.5013,0.8641
1781857823951,3284,-0.12622,-0.17139,1.16113,1.18048,-25.812,-4.312,-121.312,0.0378,0.0147,0.5013,0.8641
1781857823951,3284,-0.04321,-0.13794,1.17285,1.18173,-27.375,-1.688,-125.438,0.0355,0.0137,0.4934,0.8688
1781857823952,3285,0.19092,0.02588,1.35571,1.36933,-19.625,-52.812,-103.25,0.0314,-0.0004,0.4544,0.8901
1781857824016,3349,0.19092,0.02588,1.35571,1.36933,-19.625,-52.812,-103.25,0.0314,-0.0004,0.4544,0.8901
1781857824016,3349,0.18555,0.01733,1.35278,1.36556,-18.438,-58.25,-106.0,0.0322,-0.0053,0.4489,0.8928
1781857824017,3350,0.40112,0.30469,1.21289,1.31333,-49.25,-71.062,-108.312,0.0304,-0.0348,0.4108,0.9104
1781857824072,3405,0.40015,0.35889,1.20654,1.32086,-41.562,-80.5,-111.938,0.0306,-0.0384,0.4091,0.911
1781857824073,3406,0.41895,0.40771,1.21191,1.34554,-31.375,-91.438,-116.875,0.0313,-0.0424,0.4044,0.9129
1781857824073,3406,0.5354,0.46509,1.28442,1.46721,31.375,-245.062,-125.812,0.0681,-0.1013,0.356,0.9264
1781857824137,3470,0.55054,0.46997,1.29224,1.48116,21.5,-247.25,-113.062,0.0736,-0.1104,0.3507,0.9269
1781857824138,3471,0.55005,0.49536,1.26367,1.46451,-0.062,-236.062,-95.312,0.0809,-0.1238,0.3471,0.926
1781857824138,3471,0.74951,0.96631,1.04053,1.60568,-69.062,-34.875,29.812,0.0841,-0.1724,0.332,0.9234
1781857824191,3524,0.71753,0.9624,1.03369,1.58417,-66.938,-31.438,37.625,0.082,-0.1747,0.3328,0.9229
1781857824191,3524,0.63159,0.89453,1.00269,1.48475,-61.25,-36.125,42.0,0.0772,-0.1797,0.3308,0.9231
1781857824192,3525,0.33667,0.40137,0.59204,0.79054,-30.625,-94.438,46.188,0.068,-0.2146,0.3312,0.9161
1781857824251,3584,0.30127,0.35107,0.53955,0.71073,-25.25,-85.438,44.0,0.0679,-0.2205,0.333,0.9141
1781857824251,3584,0.29736,0.32104,0.4939,0.65987,-19.562,-76.125,42.875,0.0667,-0.2262,0.3298,0.914
1781857824251,3584,0.15845,0.02173,0.34741,0.38246,-10.875,-50.25,46.0,0.0624,-0.2526,0.332,0.9066
1781857824315,3648,0.15845,0.02173,0.34741,0.38246,-10.875,-50.25,46.0,0.0624,-0.2526,0.332,0.9066
1781857824315,3648,0.16089,-0.04907,0.35083,0.38907,-10.438,-42.5,34.125,0.0598,-0.2581,0.3279,0.9066
1781857824316,3649,0.34717,0.11523,0.47046,0.59593,-22.125,-12.375,47.312,0.0485,-0.2724,0.3223,0.9052
1781857824370,3703,0.35034,0.09595,0.48267,0.60408,-17.062,-9.375,50.25,0.0474,-0.2732,0.324,0.9044
1781857824437,3770,0.30737,-0.0083,0.51929,0.60349,-3.188,-5.75,49.25,0.0437,-0.2744,0.3213,0.9052
1781857824437,3770,0.33569,-0.20605,0.72827,0.82797,19.188,-23.0,13.562,0.0415,-0.2774,0.3187,0.9053
1781857824437,3770,0.35205,-0.18262,0.73535,0.83548,22.25,-26.75,8.688,0.043,-0.2785,0.3197,0.9045
1781857824490,3823,0.37549,-0.14258,0.74585,0.84712,29.625,-30.375,2.562,0.0435,-0.2803,0.3134,0.9061
1781857824490,3823,0.40015,-0.14819,0.79468,0.90199,43.562,-44.938,-6.875,0.0576,-0.2893,0.3059,0.905
1781857824491,3824,0.53198,-0.06519,0.8208,0.98029,17.312,-15.125,-9.625,0.0758,-0.2996,0.2877,0.9064
1781857824552,3885,0.54517,-0.05322,0.82617,0.99126,15.25,-12.938,-5.438,0.0767,-0.2999,0.2875,0.9063
1781857824553,3886,0.55249,-0.04858,0.82861,0.9971,13.938,-10.875,-1.688,0.0759,-0.3005,0.2832,0.9075
1781857824553,3886,0.48511,-0.12329,0.78345,0.92969,9.312,5.875,-0.938,0.0771,-0.3004,0.2774,0.9092
1781857824610,3943,0.49487,-0.12305,0.78687,0.93765,7.125,8.812,-2.375,0.0774,-0.2998,0.2775,0.9094
1781857824611,3944,0.49805,-0.11328,0.78906,0.93995,5.875,10.812,-2.75,0.0775,-0.2993,0.2775,0.9095
1781857824671,4004,0.53003,0.07129,0.81616,0.97577,5.75,14.312,2.062,0.0731,-0.2938,0.2659,0.915
1781857824671,4004,0.54004,0.08179,0.8291,0.99284,7.188,13.375,2.938,0.0732,-0.2932,0.2662,0.9152
1781857824672,4005,0.54419,0.07764,0.8396,1.00354,9.0,12.75,2.688,0.0734,-0.2925,0.2664,0.9153
1781857824732,4065,0.50269,-0.09131,0.86353,1.00335,15.812,3.0,-16.0,0.0775,-0.2876,0.2563,0.9194
1781857824732,4065,0.51074,-0.08643,0.85669,1.00112,13.375,4.125,-15.75,0.0782,-0.2872,0.2559,0.9196
1781857824732,4065,0.59473,0.04395,0.92383,1.09959,-5.062,16.938,-4.125,0.0769,-0.2808,0.2439,0.9249
1781857824792,4125,0.59424,0.05151,0.92236,1.09842,-2.375,13.438,-2.75,0.0764,-0.2796,0.2437,0.9254
1781857824792,4125,0.57031,0.02563,0.9165,1.07977,1.75,9.938,-5.125,0.0756,-0.2788,0.2413,0.9263
1781857824796,4129,0.59448,-0.03638,0.9353,1.10884,-2.562,0.375,-12.625,0.0767,-0.2772,0.2344,0.9285
1781857824850,4183,0.59302,-0.0415,0.93237,1.10576,-4.875,1.0,-12.375,0.0766,-0.2772,0.2338,0.9287
1781857824851,4184,0.60498,-0.02954,0.93066,1.11041,-7.688,1.812,-10.875,0.0759,-0.2772,0.2315,0.9293
1781857824851,4184,0.6123,0.05322,0.8855,1.07789,-0.5,-5.438,-8.062,0.0735,-0.2779,0.2256,0.9307
1781857824913,4246,0.60254,0.06567,0.89185,1.07831,4.062,-8.625,-9.375,0.0739,-0.2783,0.225,0.9307
1781857824913,4246,0.60352,0.06177,0.88965,1.07681,5.562,-10.312,-11.625,0.0744,-0.2786,0.2247,0.9307
1781857824913,4246,0.61401,0.03467,0.81616,1.02193,-1.875,-15.312,-15.25,0.0783,-0.2832,0.216,0.931
1781857824971,4304,0.60693,0.03882,0.80273,1.0071,-2.062,-15.0,-13.25,0.0785,-0.2838,0.2153,0.931
1781857824971,4304,0.60083,0.04468,0.79443,0.99705,-1.625,-14.312,-11.562,0.0787,-0.2844,0.2148,0.9309
1781857824971,4304,0.61133,0.06372,0.85767,1.05517,-1.5,-4.0,-2.188,0.0801,-0.2872,0.2124,0.9305
1781857825031,4364,0.6123,0.06152,0.85669,1.05481,-1.5,-5.562,-1.688,0.0801,-0.2874,0.2122,0.9304
1781857825031,4364,0.61426,0.06494,0.8584,1.05753,-1.312,-8.062,-1.438,0.0801,-0.2877,0.2121,0.9304
1781857825033,4366,0.61426,0.06494,0.8584,1.05753,-1.312,-8.062,-1.438,0.0801,-0.2877,0.2121,0.9304
1781857825099,4432,0.57642,0.04419,0.78369,0.97385,-3.312,-13.125,-4.375,0.0799,-0.2941,0.2089,0.9291
1781857825153,4486,0.58325,0.04321,0.79517,0.98709,-3.0,-11.375,-4.438,0.08,-0.2949,0.2085,0.929
1781857825153,4486,0.57373,0.02441,0.79907,0.98401,-3.125,-15.062,-0.5,0.0794,-0.3001,0.2079,0.9274
1781857825154,4487,0.57373,0.02441,0.79907,0.98401,-3.125,-15.062,-0.5,0.0794,-0.3001,0.2079,0.9274
1781857825210,4543,0.57202,0.03369,0.80029,0.98428,-2.312,-16.125,-2.0,0.0795,-0.3007,0.2077,0.9273
1781857825211,4544,0.58594,0.04834,0.7439,0.94818,3.75,-16.438,-3.875,0.0833,-0.3088,0.2053,0.9248
1781857825212,4545,0.58594,0.04834,0.7439,0.94818,3.75,-16.438,-3.875,0.0833,-0.3088,0.2053,0.9248
1781857825275,4608,0.59375,0.0481,0.73877,0.94902,-7.562,-4.25,1.75,0.0812,-0.3144,0.2029,0.9237
1781857825276,4609,0.59937,0.04688,0.73486,0.94945,-6.875,-3.188,1.938,0.0809,-0.3146,0.2028,0.9236
1781857825276,4609,0.59937,0.04688,0.73486,0.94945,-6.875,-3.188,1.938,0.0809,-0.3146,0.2028,0.9236
1781857825331,4664,0.59937,0.04688,0.73486,0.94945,-6.875,-3.188,1.938,0.0809,-0.3146,0.2028,0.9236
1781857825331,4664,0.57935,-0.00879,0.73682,0.93735,-6.0,8.0,3.812,0.0776,-0.3145,0.2004,0.9245
1781857825331,4664,0.57935,-0.00879,0.73682,0.93735,-6.0,8.0,3.812,0.0776,-0.3145,0.2004,0.9245
1781857825391,4724,0.57935,-0.00879,0.73682,0.93735,-6.0,8.0,3.812,0.0776,-0.3145,0.2004,0.9245
1781857825392,4725,0.58496,-0.01538,0.78906,0.98236,-14.875,18.25,10.375,0.067,-0.3094,0.2014,0.9268
1781857825400,4733,0.58496,-0.01538,0.78906,0.98236,-14.875,18.25,10.375,0.067,-0.3094,0.2014,0.9268
1781857825450,4783,0.56738,-0.06372,0.78345,0.96942,-13.438,16.062,4.5,0.0579,-0.3034,0.203,0.9291
1781857825451,4784,0.56812,-0.06641,0.78833,0.97398,-14.312,16.75,4.625,0.0571,-0.3029,0.203,0.9293
1781857825452,4785,0.56738,-0.01733,0.78052,0.96511,-22.375,21.812,9.0,0.046,-0.2976,0.2025,0.9317
1781857825513,4846,0.5752,-0.00244,0.78247,0.97114,-20.5,21.25,7.312,0.0444,-0.2966,0.2026,0.9321
1781857825513,4846,0.58545,0.00293,0.78223,0.97706,-18.938,20.062,6.312,0.0433,-0.296,0.2026,0.9323
1781857825514,4847,0.58545,0.00293,0.78223,0.97706,-18.938,20.062,6.312,0.0433,-0.296,0.2026,0.9323
1781857825571,4904,0.56689,-0.00586,0.7666,0.95346,7.938,0.0,-7.875,0.0419,-0.2927,0.202,0.9335
1781857825571,4904,0.57202,-0.00244,0.76099,0.95201,8.188,-0.188,-7.75,0.0424,-0.2926,0.2018,0.9336
1781857825572,4905,0.57349,0.0332,0.72241,0.92297,0.688,-0.562,2.5,0.0455,-0.294,0.2023,0.9329
1781857825630,4963,0.57373,0.02588,0.71973,0.92078,-0.312,2.812,3.062,0.0455,-0.2939,0.2024,0.9329
1781857825630,4963,0.56494,0.02075,0.71338,0.91022,-1.188,6.5,3.812,0.0454,-0.2937,0.2025,0.9329
1781857825631,4964,0.56494,0.02075,0.71338,0.91022,-1.188,6.5,3.812,0.0454,-0.2937,0.2025,0.9329
1781857825691,5024,0.56494,0.02075,0.71338,0.91022,-1.188,6.5,3.812,0.0454,-0.2937,0.2025,0.9329
1781857825691,5024,0.43433,0.0332,0.68188,0.80914,-14.75,64.688,5.188,0.0369,-0.277,0.2011,0.9387
1781857825691,5024,0.09546,0.21094,0.54297,0.59027,26.375,187.938,-15.875,0.0263,-0.2289,0.1945,0.9533
1781857825760,5093,0.09546,0.21094,0.54297,0.59027,26.375,187.938,-15.875,0.0263,-0.2289,0.1945,0.9533
1781857825816,5149,0.00195,0.23755,0.51978,0.57149,48.625,226.25,-20.812,0.0252,-0.2107,0.1883,0.9588
1781857825817,5150,0.00195,0.23755,0.51978,0.57149,48.625,226.25,-20.812,0.0252,-0.2107,0.1883,0.9588
1781857825817,5150,0.00195,0.23755,0.51978,0.57149,48.625,226.25,-20.812,0.0252,-0.2107,0.1883,0.9588
1781857825872,5205,-0.34619,0.65796,0.96265,1.21633,151.0,333.938,-30.5,0.048,-0.0511,0.1682,0.9832
1781857825872,5205,-0.12085,0.96924,1.104,1.47406,184.125,295.0,20.125,0.1118,0.106,0.149,0.9766
1781857825872,5205,-0.12085,0.96924,1.104,1.47406,184.125,295.0,20.125,0.1118,0.106,0.149,0.9766
1781857825934,5267,-0.47656,0.69873,1.21387,1.47946,82.75,202.625,129.75,0.1771,0.2391,0.1956,0.9343
1781857825934,5267,-0.45654,0.65674,1.23096,1.46799,75.312,203.625,125.5,0.1798,0.2469,0.2014,0.9306
1781857825934,5267,-0.14282,0.46216,1.24463,1.33532,71.25,146.188,101.062,0.1953,0.3083,0.2531,0.8958
1781857825990,5323,-0.14282,0.46216,1.24463,1.33532,71.25,146.188,101.062,0.1953,0.3083,0.2531,0.8958
1781857825990,5323,-0.18994,0.46558,1.22314,1.32247,72.062,120.125,97.875,0.1992,0.3153,0.259,0.8908
1781857825991,5324,-0.36035,0.58252,1.18237,1.36645,47.938,70.0,70.75,0.2173,0.3486,0.3129,0.8562
1781857826051,5384,-0.34985,0.53857,1.21606,1.37524,48.125,65.5,62.312,0.2199,0.3521,0.3164,0.8529
1781857826051,5384,-0.37964,0.47778,1.23755,1.37983,50.062,61.188,55.75,0.2183,0.3579,0.329,0.846
1781857826056,5389,-0.24365,0.39136,1.17114,1.25861,16.625,8.0,40.688,0.2246,0.3726,0.3557,0.827
1781857826112,5445,-0.22876,0.38574,1.13232,1.2179,10.875,4.438,44.875,0.2256,0.3723,0.3572,0.8262
1781857826112,5445,-0.2168,0.36426,1.10596,1.18441,7.375,1.75,50.938,0.2229,0.374,0.3668,0.822
1781857826112,5445,-0.27075,0.30371,1.08813,1.16172,-52.438,-78.5,80.375,0.2219,0.3553,0.4069,0.8115
1781857826171,5504,-0.25415,0.29321,1.06665,1.13504,-54.688,-91.875,79.0,0.2227,0.3504,0.4097,0.8121
1781857826232,5565,-0.28345,0.27124,1.01807,1.09104,-52.938,-115.688,70.938,0.2206,0.3418,0.4238,0.809
1781857826238,5571,-0.95068,0.28687,0.62866,1.17529,-78.812,-9.25,-144.125,0.2064,0.3106,0.4337,0.8201
1781857826238,5571,-0.92773,0.3103,0.60742,1.15149,-91.5,23.5,-154.438,0.2008,0.311,0.4295,0.8235
1781857826292,5625,-0.8811,0.42725,0.57007,1.13308,-128.188,83.125,-154.25,0.1819,0.3167,0.4332,0.8238
1781857826301,5634,-0.75879,0.85229,0.36377,1.1977,-304.375,133.188,-60.125,0.0503,0.3361,0.463,0.8184
1781857826301,5634,-0.52856,0.75024,0.2334,0.94695,-74.0,-48.625,11.938,-0.0564,0.2882,0.532,0.7941
1781857826355,5688,-0.54932,0.54956,0.45996,0.90296,29.25,-29.188,26.25,-0.0544,0.286,0.5338,0.7938
1781857826355,5688,-0.51709,0.44482,0.65967,0.9489,52.312,-58.688,19.062,-0.051,0.2851,0.5368,0.7923
1781857826355,5688,-0.49316,0.21606,0.50049,0.73511,91.812,-96.25,-0.875,-0.0005,0.275,0.5305,0.8017
1781857826411,5744,-0.48315,0.17407,0.4895,0.70947,87.375,-96.438,-9.062,0.0044,0.2738,0.5291,0.803
1781857826412,5745,-0.46606,0.12988,0.47314,0.67672,74.25,-100.25,-22.25,0.0146,0.2706,0.5233,0.8077
1781857826412,5745,-0.36133,0.07007,0.60962,0.71211,9.312,-137.0,-40.25,0.0464,0.2416,0.5018,0.829
1781857826474,5807,-0.36182,0.09033,0.62793,0.73032,-2.562,-133.5,-46.688,0.0513,0.2322,0.4981,0.8337
1781857826478,5811,-0.36621,0.08887,0.65576,0.75633,-9.312,-128.688,-49.688,0.0537,0.2274,0.4942,0.8372
1781857826479,5812,-0.22314,0.04663,0.81274,0.84411,-34.062,-106.25,-52.938,0.0606,0.1877,0.4703,0.86
1781857826533,5866,-0.19189,-0.04297,0.91064,0.93163,-47.75,-122.562,-30.062,0.0615,0.175,0.4666,0.8646
1781857826533,5866,-0.22974,-0.02832,0.93433,0.96257,-57.562,-133.062,-14.25,0.0634,0.1656,0.4583,0.8708
1781857826533,5866,-0.30615,0.22803,1.14478,1.20675,-140.062,-71.312,-60.938,0.0501,0.1083,0.4273,0.8961
1781857826591,5924,-0.28345,0.22144,1.13867,1.19413,-141.0,-58.938,-60.125,0.0455,0.1035,0.4254,0.8978
1781857826591,5924,-0.33008,0.18457,1.16333,1.22326,-136.438,-31.812,-58.125,0.0375,0.0948,0.4052,0.9084
1781857826592,5925,-0.33008,0.18457,1.16333,1.22326,-136.438,-31.812,-58.125,0.0375,0.0948,0.4052,0.9084
1781857826650,5983,-0.05566,0.20801,1.44141,1.4574,-63.375,28.312,-77.625,-0.0013,0.0918,0.3331,0.9383
1781857826650,5983,-0.10132,0.21655,1.42041,1.44039,-56.562,13.5,-76.938,-0.0041,0.0916,0.3302,0.9393
1781857826651,5984,-0.24902,0.09888,1.15137,1.18213,13.625,-32.062,-66.0,-0.0043,0.0772,0.2403,0.9675
1781857826713,6046,-0.2395,0.07617,1.15234,1.17943,17.375,-28.438,-67.062,-0.0035,0.0762,0.2375,0.9683
1781857826713,6046,-0.23633,0.05322,1.17212,1.19689,22.875,-23.812,-70.312,-0.0009,0.0746,0.2203,0.9725
1781857826713,6046,-0.03687,-0.05225,1.19092,1.19263,-28.375,-10.812,-53.25,-0.0006,0.0678,0.1835,0.9806
1781857826770,6103,-0.03345,0.10059,1.01929,1.02478,-24.312,-8.438,-48.375,-0.0016,0.0672,0.1815,0.981
1781857826770,6103,-0.04517,0.11597,0.94067,0.94887,-7.25,-5.062,-42.062,-0.0021,0.0668,0.1797,0.9813
1781857826771,6104,-0.04517,0.11597,0.94067,0.94887,-7.25,-5.062,-42.062,-0.0021,0.0668,0.1797,0.9813
1781857826835,6168,-0.08618,-0.03271,0.82129,0.82645,29.5,28.938,-37.812,0.0007,0.0748,0.1591,0.9843
1781857826836,6169,-0.1062,-0.0188,0.83179,0.83875,29.812,31.125,-36.062,0.0021,0.077,0.1566,0.9846
1781857826836,6169,-0.15259,0.00024,0.88013,0.89326,0.0,10.062,-48.438,0.0048,0.0875,0.1453,0.9854
1781857826890,6223,-0.18701,0.04199,0.87476,0.89551,-5.438,11.875,-47.438,0.004,0.0885,0.1412,0.9859
1781857826890,6223,-0.20215,0.07446,0.85132,0.87815,-8.125,16.5,-46.188,0.0026,0.0897,0.1406,0.9859
1781857826892,6225,-0.09204,0.02124,0.9895,0.994,5.875,31.75,-39.625,-0.0019,0.0997,0.1361,0.9855
1781857826951,6284,-0.09204,0.02124,0.9895,0.994,5.875,31.75,-39.625,-0.0019,0.0997,0.1361,0.9855
1781857826952,6285,-0.06885,0.02075,1.00732,1.00989,8.125,26.125,-38.375,-0.002,0.1015,0.1336,0.9857
1781857826952,6285,-0.13623,0.07568,0.98657,0.99881,14.375,-1.562,-41.062,0.0009,0.106,0.1284,0.986
1781857827010,6343,-0.14233,0.07764,0.96509,0.97861,12.438,-0.188,-39.75,0.0012,0.106,0.1266,0.9862
1781857827011,6344,-0.14258,0.07495,0.96533,0.97868,10.25,3.0,-39.812,0.0015,0.1062,0.1249,0.9864
1781857827012,6345,-0.14258,0.07495,0.96533,0.97868,10.25,3.0,-39.812,0.0015,0.1062,0.1249,0.9864
1781857827073,6406,-0.1062,0.03052,1.04517,1.05099,-12.125,9.062,-21.688,-0.0031,0.1088,0.1297,0.9855
1781857827073,6406,-0.11523,0.03931,1.05835,1.06533,-14.0,8.062,-20.812,-0.0039,0.109,0.1289,0.9855
1781857827074,6407,-0.11523,0.03931,1.05835,1.06533,-14.0,8.062,-20.812,-0.0039,0.109,0.1289,0.9855
1781857827130,6463,-0.18335,0.08691,1.15015,1.16791,-7.375,4.812,-15.375,-0.0122,0.1099,0.1381,0.9841
1781857827194,6527,-0.17578,0.06201,1.15356,1.16853,-5.938,3.188,-15.562,-0.0125,0.11,0.1375,0.9842
1781857827199,6532,-0.17578,0.06201,1.15356,1.16853,-5.938,3.188,-15.562,-0.0125,0.11,0.1375,0.9842
1781857827199,6532,-0.16406,-0.0144,0.96899,0.98289,16.75,-22.375,-3.875,-0.0103,0.103,0.1444,0.984
1781857827251,6584,-0.1936,-0.01782,0.93164,0.95171,22.188,-19.0,-0.5,-0.0089,0.1019,0.1441,0.9841
1781857827252,6585,-0.15869,-0.04053,0.92456,0.93896,32.625,29.0,20.875,0.0025,0.1069,0.1559,0.9819
1781857827252,6585,-0.15869,-0.04053,0.92456,0.93896,32.625,29.0,20.875,0.0025,0.1069,0.1559,0.9819
1781857827313,6646,-0.15039,0.03589,1.04248,1.05388,-29.812,9.062,-1.812,0.0025,0.1175,0.163,0.9795
1781857827313,6646,-0.11963,0.03223,1.02173,1.02921,-28.062,4.0,1.875,0.0012,0.1174,0.1632,0.9794
1781857827314,6647,-0.11963,0.03223,1.02173,1.02921,-28.062,4.0,1.875,0.0012,0.1174,0.1632,0.9794
1781857827371,6704,-0.16479,-0.03296,1.05518,1.06848,-3.75,-14.688,-8.125,-0.0046,0.1133,0.1724,0.9783
1781857827372,6705,-0.17188,-0.02783,1.05493,1.0692,-5.75,-16.438,-7.75,-0.0048,0.1126,0.1721,0.9785
1781857827372,6705,-0.16382,0.07251,0.98315,0.99934,-15.312,-8.312,-16.062,-0.0104,0.1051,0.1734,0.9791
1781857827430,6763,-0.15625,0.08667,0.97705,0.99325,-16.875,-5.812,-12.5,-0.0118,0.1044,0.1757,0.9787
1781857827430,6763,-0.1499,0.09302,0.97607,0.99189,-18.438,-4.125,-9.688,-0.0125,0.104,0.1753,0.9788
1781857827431,6764,-0.15625,0.06909,0.99683,1.01136,-15.312,0.25,9.0,-0.0197,0.1021,0.1828,0.9775
1781857827490,6823,-0.16284,0.06201,1.0144,1.02926,-11.688,-0.438,11.375,-0.0208,0.1019,0.1846,0.9772
1781857827490,6823,-0.16943,0.06396,1.02368,1.03958,-9.312,-0.125,11.875,-0.0211,0.1018,0.1851,0.9771
1781857827493,6826,-0.14331,0.03223,1.10864,1.11833,15.125,-17.188,15.938,-0.0187,0.1002,0.1947,0.9755
1781857827550,6883,-0.14331,0.03223,1.10864,1.11833,15.125,-17.188,15.938,-0.0187,0.1002,0.1947,0.9755
1781857827551,6884,-0.15356,0.03149,1.0791,1.09043,17.375,-32.125,12.25,-0.0168,0.0983,0.1962,0.9754
1781857827551,6884,-0.20312,0.02954,0.91016,0.93301,16.875,10.125,61.438,-0.0028,0.0952,0.2145,0.9719
1781857827614,6947,-0.28467,-0.01709,0.85767,0.90384,8.938,4.062,50.625,-0.0016,0.0961,0.2181,0.9711
1781857827615,6948,-0.30664,-0.04248,0.84033,0.89554,5.938,1.125,43.062,-0.0012,0.0963,0.2199,0.9707
1781857827616,6949,-0.13745,-0.05518,1.00391,1.01477,-21.562,11.875,0.125,-0.0057,0.0964,0.2258,0.9692
1781857827671,7004,-0.12256,-0.02441,1.02368,1.03128,-26.438,8.875,0.812,-0.0074,0.0966,0.2252,0.9694
1781857827671,7004,-0.1189,-0.00562,1.01953,1.02646,-28.875,4.75,0.875,-0.0086,0.0966,0.2254,0.9693
1781857827672,7005,-0.12915,-0.00244,0.98486,0.9933,-8.312,-11.188,-0.625,-0.0164,0.0916,0.2295,0.9688
1781857827732,7065,-0.12915,-0.00244,0.98486,0.9933,-8.312,-11.188,-0.625,-0.0164,0.0916,0.2295,0.9688
1781857827732,7065,-0.12744,0.00708,0.99243,1.00061,-7.0,-12.875,0.5,-0.0167,0.0907,0.2296,0.9688
1781857827733,7066,-0.15186,0.03296,1.02734,1.03903,-2.188,7.688,2.5,-0.017,0.0916,0.2346,0.9675
1781857827790,7123,-0.15186,0.03296,1.02734,1.03903,-2.188,7.688,2.5,-0.017,0.0916,0.2346,0.9675
1781857827791,7124,-0.12891,0.02441,1.05811,1.06621,-6.688,3.625,5.0,-0.0174,0.0919,0.2343,0.9675
1781857827791,7124,-0.12231,0.06714,1.00244,1.01211,-12.25,0.938,18.812,-0.0229,0.0892,0.2428,0.9656
1781857827850,7183,-0.12134,0.06372,1.02002,1.02919,-9.688,4.812,20.188,-0.0236,0.0893,0.2445,0.9651
1781857827850,7183,-0.11938,0.05493,1.0354,1.04371,-7.938,7.0,20.688,-0.0239,0.0894,0.2454,0.9649
1781857827852,7185,-0.13354,0.06177,1.09644,1.10626,-18.312,7.562,35.0,-0.0275,0.0913,0.2552,0.962
1781857827915,7248,-0.15186,0.07251,1.09644,1.10927,-20.062,9.375,37.25,-0.0289,0.0917,0.2573,0.9614
1781857827915,7248,-0.15527,0.07666,1.09839,1.11196,-20.625,9.938,38.0,-0.0296,0.0919,0.2589,0.9609
1781857827916,7249,-0.21606,0.06616,1.06006,1.08388,-16.875,-4.5,35.812,-0.0361,0.0926,0.2732,0.9567
1781857827970,7303,-0.21802,0.05786,1.03003,1.05444,-16.438,-14.125,32.562,-0.0369,0.0915,0.2759,0.956
1781857827971,7304,-0.21973,0.05444,1.01001,1.03507,-16.875,-19.562,30.938,-0.0372,0.0906,0.2773,0.9556
1781857827972,7305,-0.15967,0.00781,0.88696,0.90125,-46.938,-54.625,47.75,-0.0423,0.0731,0.2897,0.9533
1781857828034,7367,-0.16504,0.01587,0.87256,0.88817,-47.812,-52.0,51.062,-0.0434,0.0704,0.292,0.9527
1781857828093,7426,-0.17334,0.01978,0.85449,0.87212,-47.812,-48.562,54.0,-0.0447,0.0679,0.2952,0.9519
1781857828151,7484,-0.25464,-0.04736,0.76123,0.80409,-25.375,3.062,37.75,-0.0557,0.0554,0.3196,0.9442
1781857828151,7484,-0.23877,-0.07129,0.77466,0.81375,-23.438,7.938,34.562,-0.0568,0.0555,0.3211,0.9436
1781857828152,7485,-0.21997,-0.10083,0.83252,0.86697,-23.0,14.25,28.125,-0.0588,0.0562,0.3224,0.943
1781857828213,7546,-0.1604,-0.02979,0.97998,0.99347,-19.438,19.625,29.75,-0.069,0.0615,0.3294,0.9395
1781857828271,7604,-0.1897,-0.14673,1.02222,1.04997,16.812,-6.75,0.625,-0.0676,0.0649,0.3317,0.9386
1781857828273,7606,-0.15747,-0.0957,1.10498,1.12024,-0.75,-6.438,1.438,-0.0638,0.0632,0.3291,0.9399
1781857828274,7607,-0.15967,-0.09766,1.10474,1.12048,-0.062,-7.375,0.125,-0.0637,0.0628,0.3286,0.9401
1781857828339,7672,-0.16479,-0.09912,1.10767,1.12424,0.25,-7.875,-1.312,-0.0636,0.0624,0.3286,0.9401
1781857828340,7673,-0.15381,-0.08936,1.11182,1.12596,-0.938,-14.062,-10.125,-0.0624,0.0592,0.3264,0.9412
1781857828340,7673,-0.12891,-0.01709,1.00171,1.01011,-2.812,-19.25,-7.062,-0.0606,0.0485,0.3258,0.9421
1781857828390,7723,-0.1355,-0.01538,1.00464,1.01385,-2.75,-18.062,-6.625,-0.0604,0.0477,0.3256,0.9423
1781857828390,7723,-0.13184,-0.00977,1.0144,1.02298,-2.062,-15.625,-6.688,-0.0603,0.0462,0.3272,0.9418
1781857828395,7728,-0.11841,0.00098,1.02588,1.03269,-7.25,-14.438,-3.688,-0.0594,0.0402,0.3278,0.9419
1781857828449,7782,-0.11865,0.0083,1.01782,1.02475,-8.438,-14.062,-3.0,-0.0595,0.0396,0.3277,0.942
1781857828450,7783,-0.11743,0.01855,0.99536,1.00244,-11.375,-12.125,-1.438,-0.0601,0.0378,0.3294,0.9414
1781857828451,7784,-0.11597,0.04297,1.0083,1.01586,-11.062,-5.812,1.5,-0.0625,0.0339,0.3288,0.9416
1781857828512,7845,-0.11743,0.03491,1.01831,1.02565,-11.688,-5.562,3.188,-0.063,0.0335,0.3291,0.9415
1781857828576,7909,-0.12549,0.02393,1.02466,1.03259,-13.0,-5.938,4.062,-0.0639,0.0325,0.3312,0.9407
1781857828577,7910,-0.13892,-0.02246,0.99536,1.00526,-17.75,-15.062,-0.625,-0.0673,0.0274,0.3333,0.9399
1781857828577,7910,-0.14136,-0.01587,0.98926,0.99943,-19.938,-14.812,-0.812,-0.0678,0.0266,0.3334,0.9399
1781857828629,7962,-0.14233,-0.01074,0.97876,0.98911,-22.0,-14.312,-1.438,-0.0684,0.0257,0.3334,0.9398
1781857828630,7963,-0.11426,0.01831,1.00098,1.00764,-19.125,-8.438,-7.438,-0.0752,0.0182,0.3336,0.9394
1781857828631,7964,-0.125,-0.00854,0.99976,1.00758,-23.875,-6.375,-25.25,-0.0863,0.0098,0.3274,0.9407
1781857828691,8024,-0.1123,-0.00952,0.99292,0.9993,-23.5,-5.938,-24.625,-0.0871,0.0092,0.3265,0.941
1781857828692,8025,-0.11572,-0.01343,0.99731,1.0041,-23.062,-5.375,-23.25,-0.0879,0.0086,0.3256,0.9413
1781857828692,8025,-0.11572,-0.01343,0.99731,1.0041,-23.062,-5.375,-23.25,-0.0879,0.0086,0.3256,0.9413
1781857828749,8082,-0.11206,-0.02002,1.03589,1.04212,-11.938,-16.375,-36.438,-0.0941,0.0006,0.3139,0.9446
1781857828750,8083,-0.1167,-0.02563,1.03442,1.0413,-9.875,-17.438,-38.5,-0.0942,-0.0002,0.3124,0.9451
1781857828751,8084,-0.08984,0.00317,0.96094,0.96513,2.812,-2.5,-51.062,-0.0932,-0.0073,0.2937,0.9512
1781857828814,8147,-0.08716,0.01953,0.9458,0.95001,5.75,-1.688,-51.875,-0.0928,-0.0075,0.2916,0.9519
1781857828814,8147,-0.08447,0.02222,0.93481,0.93889,8.875,-2.562,-53.312,-0.0924,-0.0076,0.2894,0.9526
1781857828814,8147,-0.02808,-0.00854,0.93359,0.93405,22.0,-15.5,-66.625,-0.0822,-0.0101,0.2656,0.9604
1781857828870,8203,-0.02295,-0.00806,0.93433,0.93464,21.5,-15.875,-66.812,-0.0811,-0.0108,0.2629,0.9613
1781857828870,8203,-0.0105,-0.00391,0.9292,0.92927,21.0,-14.938,-66.812,-0.0799,-0.0114,0.2602,0.962
1781857828871,8204,0.06201,0.00439,0.9209,0.92299,26.125,0.812,-56.25,-0.0676,-0.0127,0.2341,0.9697
1781857828929,8262,0.08545,-0.00854,0.91724,0.92125,23.812,0.125,-51.75,-0.0659,-0.0126,0.2308,0.9706
1781857828930,8263,0.06177,-0.00488,0.89404,0.89619,22.812,3.625,-46.438,-0.0649,-0.0124,0.2288,0.9711
1781857828936,8269,0.04248,-0.06714,0.88867,0.89222,13.75,20.438,-36.625,-0.0583,-0.0048,0.2067,0.9766
1781857828990,8323,0.04199,-0.06519,0.88232,0.88572,13.812,20.688,-35.688,-0.0579,-0.004,0.2051,0.9769
1781857828990,8323,0.03979,-0.06616,0.88501,0.88837,14.125,20.188,-35.188,-0.0574,-0.0031,0.2036,0.9772
1781857828992,8325,-0.00098,-0.11743,0.93701,0.94434,24.125,33.938,-21.0,-0.0523,0.0089,0.19,0.9802
1781857829050,8383,-0.00464,-0.13037,0.9519,0.9608,25.688,34.375,-19.625,-0.0516,0.0104,0.189,0.9805
1781857829050,8383,-0.01001,-0.14111,0.96875,0.97902,26.312,35.375,-18.0,-0.0508,0.0121,0.1881,0.9807
1781857829051,8384,-0.04297,-0.11694,1.1123,1.11926,22.625,50.438,-4.875,-0.0447,0.0316,0.177,0.9826
1781857829110,8443,-0.04565,-0.10962,1.1062,1.11256,22.75,50.0,-3.25,-0.0442,0.0338,0.1767,0.9826
1781857829112,8445,-0.05981,-0.11597,1.11523,1.12284,22.312,50.062,-1.875,-0.0437,0.0361,0.1765,0.9826
1781857829115,8448,-0.10669,-0.28101,1.08301,1.12395,-3.562,36.562,1.688,-0.0438,0.054,0.1719,0.9826
1781857829170,8503,-0.11914,-0.2998,1.08374,1.13074,-5.938,34.375,-0.062,-0.0444,0.0554,0.1719,0.9824
1781857829170,8503,-0.12207,-0.3147,1.08325,1.13462,-7.75,31.375,-2.062,-0.0451,0.0567,0.1718,0.9824
1781857829171,8504,-0.10522,-0.22485,1.00439,1.03462,-5.188,15.688,-35.625,-0.0524,0.0649,0.1654,0.9826
1781857829230,8563,-0.09619,-0.20703,1.01099,1.03644,-4.812,13.875,-36.938,-0.0529,0.0653,0.1639,0.9828
1781857829230,8563,-0.08374,-0.19312,1.02319,1.04462,-4.188,10.875,-38.062,-0.0535,0.0659,0.1614,0.9831
1781857829231,8564,-0.08374,-0.19312,1.02319,1.04462,-4.188,10.875,-38.062,-0.0535,0.0659,0.1614,0.9831
1781857829292,8625,-0.14429,-0.20947,1.12036,1.14887,-16.312,1.438,-41.5,-0.059,0.0657,0.1522,0.9843
1781857829292,8625,-0.14087,-0.19141,1.11841,1.14338,-18.25,1.938,-42.75,-0.0599,0.0656,0.1505,0.9845
1781857829292,8625,-0.14087,-0.19141,1.11841,1.14338,-18.25,1.938,-42.75,-0.0599,0.0656,0.1505,0.9845
1781857829354,8687,-0.06665,-0.10083,1.19043,1.19655,-24.812,-2.625,-37.25,-0.0732,0.0637,0.1375,0.9856
1781857829354,8687,-0.07178,-0.11914,1.18335,1.1915,-23.875,-9.375,-34.438,-0.0753,0.0626,0.1347,0.9859
1781857829355,8688,-0.07178,-0.11914,1.18335,1.1915,-23.875,-9.375,-34.438,-0.0753,0.0626,0.1347,0.9859
1781857829412,8745,-0.19531,-0.14624,0.95142,0.9822,-6.75,-19.938,-23.875,-0.0824,0.051,0.1306,0.9866
1781857829412,8745,-0.19336,-0.16504,0.948,0.98149,-8.688,-17.875,-25.625,-0.0827,0.0501,0.1295,0.9868
1781857829412,8745,-0.15234,-0.19189,0.95239,0.9834,-18.562,-10.438,-27.812,-0.09,0.0442,0.1199,0.9876
1781857829469,8802,-0.15942,-0.18823,0.96045,0.99162,-18.312,-12.0,-28.812,-0.0913,0.0432,0.118,0.9877
1781857829470,8803,-0.16357,-0.18604,0.95703,0.98857,-18.0,-12.812,-30.125,-0.092,0.0425,0.1168,0.9879
1781857829471,8804,-0.17773,-0.16504,0.8999,0.93201,-12.062,-15.25,-41.0,-0.0985,0.0345,0.106,0.9888
1781857829530,8863,-0.17773,-0.16504,0.8999,0.93201,-12.062,-15.25,-41.0,-0.0985,0.0345,0.106,0.9888
1781857829534,8867,-0.18042,-0.15723,0.89673,0.92811,-11.25,-14.625,-41.438,-0.0993,0.0331,0.1053,0.9888
1781857829534,8867,-0.18042,-0.15723,0.89673,0.92811,-11.25,-14.625,-41.438,-0.0993,0.0331,0.1053,0.9888
1781857829592,8925,-0.13477,-0.02002,0.9187,0.92875,8.125,-0.812,-30.375,-0.1035,0.0272,0.0886,0.9902
1781857829592,8925,-0.14819,-0.07617,0.95776,0.97215,14.438,4.312,-29.062,-0.1024,0.0273,0.0861,0.9905
1781857829593,8926,-0.15625,-0.12695,0.97876,0.99925,12.875,-4.25,-30.938,-0.0978,0.0275,0.0789,0.9916
1781857829650,8983,-0.15527,-0.14478,0.96729,0.99031,9.25,-6.75,-30.688,-0.0969,0.0269,0.0761,0.9919
1781857829654,8987,-0.15259,-0.15479,0.96436,0.98855,7.062,-6.812,-29.938,-0.0966,0.0266,0.0748,0.9921
1781857829654,8987,-0.15259,-0.15479,0.96436,0.98855,7.062,-6.812,-29.938,-0.0966,0.0266,0.0748,0.9921
1781857829710,9043,-0.1333,-0.13892,0.88477,0.90547,6.062,-0.375,-28.125,-0.0945,0.0243,0.0623,0.9932
1781857829710,9043,-0.13477,-0.14111,0.88428,0.90555,5.25,0.0,-27.5,-0.0942,0.0242,0.0611,0.9933
1781857829711,9044,-0.11084,-0.19312,0.97339,0.99853,11.938,2.25,-23.5,-0.091,0.0247,0.0501,0.9942
1781857829776,9109,-0.11084,-0.19312,0.97339,0.99853,11.938,2.25,-23.5,-0.091,0.0247,0.0501,0.9942
1781857829776,9109,-0.1499,-0.19312,0.99341,1.02305,7.312,1.062,-26.375,-0.0903,0.0249,0.0469,0.9944
1781857829830,9163,-0.03003,-0.0625,0.96826,0.97074,11.812,-2.25,-26.625,-0.088,0.0233,0.0343,0.9952
1781857829830,9163,-0.02759,-0.06201,0.95825,0.96065,16.625,-3.75,-21.125,-0.0867,0.0229,0.0328,0.9953
1781857829831,9164,-0.02856,-0.06885,0.95801,0.9609,17.438,-3.75,-20.0,-0.0863,0.0228,0.0324,0.9954
1781857829893,9226,-0.05762,-0.12256,0.99902,1.00816,11.75,-3.688,-17.5,-0.0807,0.0217,0.0264,0.996
1781857829893,9226,-0.03906,-0.08423,0.98438,0.98874,11.812,-4.062,-14.938,-0.0792,0.0211,0.0242,0.9962
1781857829894,9227,-0.04028,-0.12646,1.00732,1.01603,13.0,-4.688,-6.188,-0.0736,0.02,0.0209,0.9968
1781857830011,9344,-0.03223,-0.11914,0.98877,0.99644,12.688,-5.5,-8.688,-0.0723,0.0194,0.02,0.9969
1781857830013,9346,-0.03223,-0.11914,0.98877,0.99644,12.688,-5.5,-8.688,-0.0723,0.0194,0.02,0.9969
1781857830013,9346,0.07983,-0.07544,0.94482,0.95119,17.438,-10.125,-16.5,-0.0585,0.0109,0.0087,0.9981
1781857830013,9346,0.07983,-0.07544,0.94482,0.95119,17.438,-10.125,-16.5,-0.0585,0.0109,0.0087,0.9981
1781857830071,9404,0.07812,-0.08081,0.948,0.95464,19.312,-7.812,-15.938,-0.057,0.0101,0.0068,0.9982
1781857830071,9404,0.07397,-0.07886,0.95239,0.95851,19.438,-7.188,-15.938,-0.0565,0.0099,0.0065,0.9982
1781857830071,9404,0.09961,-0.02124,1.10474,1.10942,23.938,2.75,-16.5,-0.0485,0.0087,0.0001,0.9987
1781857830130,9463,0.10278,-0.01807,1.1189,1.12375,25.438,2.5,-17.562,-0.0473,0.0087,-0.0006,0.9987
1781857830130,9463,0.12915,0.00244,1.1416,1.14889,29.562,-0.875,-20.0,-0.0449,0.0086,-0.0031,0.9988
1781857830132,9465,0.19141,0.0105,1.00537,1.02348,40.938,-21.125,-16.625,-0.0292,0.0005,-0.0107,0.9995
1781857830193,9526,0.19141,0.0105,1.00537,1.02348,40.938,-21.125,-16.625,-0.0292,0.0005,-0.0107,0.9995
1781857830193,9526,0.19873,0.00122,0.98511,1.00495,40.875,-19.062,-13.062,-0.0257,-0.0013,-0.0115,0.9995
1781857830193,9526,0.22607,-0.01343,0.99219,1.01771,26.812,-9.25,-2.625,-0.012,-0.0079,-0.0136,0.9997
1781857830253,9586,0.23145,-0.00952,0.99658,1.02315,24.625,-8.312,-1.812,-0.011,-0.0084,-0.0136,0.9997
1781857830253,9586,0.24316,-0.00049,1.00366,1.0327,21.0,-7.0,0.562,-0.0091,-0.0093,-0.0147,0.9997
1781857830254,9587,0.20557,-0.01245,1.0188,1.03941,-0.25,0.0,16.438,-0.0052,-0.0115,-0.0116,0.9998
1781857830310,9643,0.20557,-0.01245,1.0188,1.03941,-0.25,0.0,16.438,-0.0052,-0.0115,-0.0116,0.9998
1781857830310,9643,0.19775,-0.01709,1.02612,1.04514,-3.062,2.688,17.5,-0.0054,-0.0115,-0.0101,0.9998
1781857830311,9644,0.18384,0.01489,1.08984,1.10534,-8.125,-1.5,12.188,-0.0087,-0.0112,-0.0053,0.9998
1781857830374,9707,0.18628,0.02661,1.09253,1.10862,-7.312,-3.5,11.188,-0.009,-0.0114,-0.0048,0.9998
1781857830374,9707,0.18823,0.03467,1.10938,1.12576,-4.125,-7.562,9.0,-0.0094,-0.012,-0.0042,0.9998
1781857830375,9708,0.1687,0.04663,1.11816,1.13178,-3.875,-19.938,11.188,-0.0095,-0.0184,0.0012,0.9997
1781857830431,9764,0.15991,0.04517,1.10913,1.12151,-5.938,-19.75,11.062,-0.0098,-0.0193,0.0016,0.9997
1781857830431,9764,0.15356,0.0481,1.10449,1.11615,-7.625,-19.625,10.438,-0.01,-0.0202,0.0021,0.9996
1781857830434,9767,0.17236,0.07251,1.07202,1.08821,-14.0,-18.938,11.562,-0.0162,-0.0289,0.007,0.9993
1781857830551,9884,0.17334,0.06592,1.07788,1.09372,-12.25,-19.875,12.75,-0.0167,-0.0297,0.0075,0.9993
1781857830551,9884,0.16357,0.06079,1.07373,1.08782,-10.875,-22.875,14.938,-0.0176,-0.0317,0.0095,0.9992
1781857830551,9884,0.08691,0.01147,1.02686,1.03059,-14.25,-23.5,19.938,-0.0212,-0.0407,0.0177,0.9987
1781857830552,9885,0.07104,0.01074,1.00757,1.01013,-15.75,-21.688,18.188,-0.0222,-0.0421,0.0189,0.9986
1781857830675,10008,0.03027,0.01709,0.98975,0.99036,-16.062,-18.688,14.812,-0.0231,-0.0434,0.021,0.9985
1781857830675,10008,0.08643,0.00122,0.96411,0.96798,-15.5,-11.812,15.375,-0.0289,-0.0466,0.027,0.9981
1781857830675,10008,0.11475,0.06567,0.89404,0.90377,-11.0,-11.562,17.062,-0.0347,-0.0545,0.0341,0.9973
1781857830730,10063,0.13379,0.13379,0.86353,0.88401,-4.0,-10.188,17.188,-0.0349,-0.055,0.0348,0.9972
1781857830730,10063,0.15454,0.05591,0.87354,0.88886,3.5,-10.438,16.062,-0.0348,-0.0554,0.0355,0.9971
1781857830732,10065,0.10376,0.01904,0.9458,0.95167,-3.312,12.812,33.688,-0.0363,-0.0553,0.0575,0.996
1781857830792,10125,0.10229,0.01099,0.95288,0.95842,-2.688,14.125,33.875,-0.0365,-0.0547,0.0589,0.996
1781857830792,10125,0.09668,0.00171,0.96899,0.97381,-3.0,14.688,34.188,-0.0368,-0.054,0.0603,0.9959
1781857830792,10125,0.10205,0.01196,0.98511,0.99045,-9.688,16.0,26.0,-0.0419,-0.047,0.0673,0.9957
1781857830850,10183,0.10815,0.01587,0.98438,0.99043,-8.5,15.938,26.062,-0.0423,-0.0463,0.0684,0.9956
1781857830850,10183,0.10791,0.02808,0.98511,0.9914,-7.562,15.875,26.0,-0.0427,-0.0456,0.0695,0.9956
1781857830851,10184,0.08301,0.01196,1.06128,1.06459,-8.562,16.875,31.562,-0.0464,-0.0383,0.0782,0.995
1781857830914,10247,0.0752,0.00537,1.06226,1.06493,-9.625,16.938,32.062,-0.0469,-0.0375,0.0795,0.9949
1781857830970,10303,0.06689,0.00854,1.06226,1.06439,-10.25,16.938,32.562,-0.0474,-0.0368,0.0808,0.9948
1781857831031,10364,0.06274,-0.02148,1.03003,1.03216,-11.0,11.5,31.812,-0.0529,-0.0298,0.0927,0.9937
1781857831031,10364,0.05933,-0.02124,1.01318,1.01514,-10.812,8.625,32.312,-0.0537,-0.0292,0.0947,0.9935
1781857831031,10364,0.05713,-0.02588,1.00391,1.00586,-10.812,7.125,32.688,-0.0541,-0.0288,0.096,0.9934
1781857831093,10426,-0.02637,-0.10229,1.01099,1.01649,-21.0,10.875,36.375,-0.0601,-0.025,0.1082,0.9919
1781857831093,10426,-0.08984,-0.13037,1.05542,1.06723,-22.312,11.188,25.375,-0.0733,-0.017,0.1237,0.9894
1781857831093,10426,-0.0188,-0.11792,0.81641,0.82509,5.375,-8.5,-2.375,-0.0789,-0.0179,0.1289,0.9882
1781857831150,10483,-0.00317,-0.11548,0.80396,0.81221,7.375,-7.625,-1.0,-0.0786,-0.0182,0.1288,0.9883
1781857831150,10483,0.0,-0.11523,0.79053,0.79888,9.75,-6.5,1.188,-0.0781,-0.0184,0.1289,0.9883
1781857831152,10485,0.0,-0.11523,0.79053,0.79888,9.75,-6.5,1.188,-0.0781,-0.0184,0.1289,0.9883
1781857831210,10543,-0.0105,-0.18408,0.89307,0.9119,19.25,11.312,28.562,-0.0715,-0.0159,0.1392,0.9874
1781857831210,10543,-0.0144,-0.19531,0.90503,0.92598,18.375,12.25,29.5,-0.0709,-0.0152,0.1404,0.9873
1781857831213,10546,-0.08789,-0.3313,1.02466,1.08047,0.75,23.75,38.688,-0.0681,-0.0039,0.1548,0.9855
1781857831270,10603,-0.10229,-0.3396,1.02661,1.08615,-2.125,23.188,38.375,-0.0686,-0.0022,0.1572,0.9851
1781857831270,10603,-0.10767,-0.34595,1.02441,1.0866,-2.938,23.25,37.75,-0.0688,-0.0017,0.1579,0.9849
1781857831271,10604,-0.10767,-0.34595,1.02441,1.0866,-2.938,23.25,37.75,-0.0688,-0.0017,0.1579,0.9849
1781857831394,10727,-0.10229,-0.37329,1.08252,1.14963,-3.188,16.0,15.688,-0.0739,0.008,0.1691,0.9827
1781857831394,10727,-0.09692,-0.36841,1.07812,1.14345,-1.25,13.438,12.25,-0.0741,0.0087,0.1696,0.9826
1781857831394,10727,-0.09692,-0.36841,1.07812,1.14345,-1.25,13.438,12.25,-0.0741,0.0087,0.1696,0.9826
1781857831394,10727,-0.04443,-0.27173,1.03442,1.07044,3.312,-8.0,-8.062,-0.0727,0.0082,0.1696,0.9827
1781857831451,10784,-0.03613,-0.25171,1.02881,1.05977,2.438,-7.562,-9.375,-0.0725,0.0077,0.169,0.9828
1781857831451,10784,-0.01514,-0.18921,1.01807,1.03561,-3.938,-5.188,-9.688,-0.073,0.0049,0.1671,0.9831
1781857831453,10786,-0.01514,-0.18921,1.01807,1.03561,-3.938,-5.188,-9.688,-0.073,0.0049,0.1671,0.9831
1781857831512,10845,-0.02856,-0.16016,1.01465,1.02761,-6.438,-10.5,-11.438,-0.0761,-0.0012,0.1663,0.983
1781857831513,10846,-0.03296,-0.15991,1.0083,1.02143,-5.875,-10.5,-11.562,-0.0762,-0.0017,0.1658,0.9831
1781857831513,10846,-0.03296,-0.15991,1.0083,1.02143,-5.875,-10.5,-11.562,-0.0762,-0.0017,0.1658,0.9831
1781857831572,10905,-0.03296,-0.15991,1.0083,1.02143,-5.875,-10.5,-11.562,-0.0762,-0.0017,0.1658,0.9831
1781857831572,10905,-0.04883,-0.18457,1.01538,1.03317,-4.625,-10.188,-12.812,-0.0778,-0.0077,0.1644,0.9832
1781857831578,10911,-0.06421,-0.16577,0.94971,0.9662,-4.812,-11.812,-17.875,-0.0791,-0.0136,0.1597,0.9838
1781857831636,10969,-0.06421,-0.16577,0.94971,0.9662,-4.812,-11.812,-17.875,-0.0791,-0.0136,0.1597,0.9838
1781857831636,10969,-0.06567,-0.16748,0.94702,0.96396,-4.562,-10.0,-17.562,-0.0794,-0.0147,0.1589,0.9839
1781857831636,10969,-0.06982,-0.19458,0.96265,0.98459,-3.688,-5.812,-19.812,-0.0811,-0.0178,0.1517,0.9848
1781857831690,11023,-0.0686,-0.1936,0.95093,0.97286,-2.688,-5.812,-21.0,-0.0812,-0.0183,0.1512,0.9849
1781857831692,11025,-0.06934,-0.19556,0.94385,0.96638,-2.125,-6.438,-22.438,-0.0813,-0.0188,0.1498,0.9851
1781857831692,11025,-0.03638,-0.18213,0.89819,0.91719,0.562,1.812,-22.375,-0.0815,-0.0208,0.1406,0.9864
1781857831751,11084,-0.03638,-0.18213,0.89819,0.91719,0.562,1.812,-22.375,-0.0815,-0.0208,0.1406,0.9864
1781857831751,11084,-0.03735,-0.18701,0.90112,0.92108,0.062,4.812,-21.625,-0.0816,-0.0207,0.14,0.9865
1781857831751,11084,0.00342,-0.19238,1.00854,1.02674,4.25,14.25,-27.312,-0.0816,-0.0163,0.1294,0.988
1781857831873,11206,0.02124,-0.17993,1.02734,1.0432,6.0,12.812,-28.5,-0.0812,-0.0153,0.1271,0.9884
1781857831876,11209,0.02539,-0.17554,1.03809,1.05313,6.688,11.25,-29.375,-0.0809,-0.0149,0.1258,0.9885
1781857831876,11209,0.07373,-0.15845,1.09448,1.10835,8.5,-0.938,-30.375,-0.078,-0.0135,0.1135,0.9903
1781857831876,11209,0.07056,-0.15796,1.09131,1.10494,7.688,-3.688,-30.875,-0.0776,-0.0137,0.1122,0.9905
1781857831934,11267,0.07104,-0.15186,1.07715,1.09012,7.0,-7.0,-31.688,-0.0771,-0.0142,0.1102,0.9907
1781857831934,11267,0.10156,-0.12305,0.99707,1.00975,1.938,-13.312,-28.062,-0.074,-0.0202,0.1008,0.9918
1781857831934,11267,0.09399,-0.16089,0.99316,1.01049,-2.938,-3.5,-16.062,-0.0745,-0.0263,0.0926,0.9924
1781857831995,11328,0.09424,-0.16577,1.00464,1.02258,-2.562,-4.062,-16.625,-0.0747,-0.0266,0.0907,0.9926
1781857832050,11383,0.09326,-0.16284,1.01147,1.02874,-1.875,-4.375,-16.938,-0.0747,-0.0268,0.09,0.9927
1781857832113,11446,0.10425,-0.16431,1.01489,1.03338,0.0,-11.438,-15.438,-0.0744,-0.0303,0.0819,0.9933
1781857832113,11446,0.10229,-0.16748,1.00269,1.02171,0.062,-11.625,-15.625,-0.0743,-0.031,0.0813,0.9934
1781857832113,11446,0.11182,-0.16211,0.99365,1.01298,0.312,-12.0,-15.75,-0.0742,-0.0319,0.0815,0.9933
1781857832170,11503,0.12354,-0.15503,0.95801,0.9783,-4.688,-10.188,-12.75,-0.0746,-0.0377,0.0756,0.9935
1781857832171,11504,0.12842,-0.15381,0.95288,0.97372,-4.5,-9.875,-12.75,-0.0747,-0.0379,0.0753,0.9935
1781857832171,11504,0.14697,-0.11035,1.04663,1.06265,-5.375,-9.938,-6.125,-0.0767,-0.0475,0.0703,0.9934
1781857832232,11565,0.14795,-0.10498,1.05249,1.06801,-5.188,-10.562,-5.75,-0.0769,-0.048,0.0701,0.9933
1781857832232,11565,0.15259,-0.09717,1.05713,1.0725,-5.0,-11.438,-5.062,-0.0771,-0.0488,0.0701,0.9932
1781857832232,11565,0.13525,-0.1001,1.00146,1.0155,-7.938,-18.812,-0.562,-0.0789,-0.056,0.0678,0.9929
1781857832289,11622,0.13037,-0.10303,0.9895,1.00336,-8.188,-19.0,-0.25,-0.0792,-0.0568,0.0678,0.9928
1781857832290,11623,0.12671,-0.1062,0.96362,0.9777,-8.625,-18.125,-0.062,-0.0797,-0.0581,0.0681,0.9927
1781857832291,11624,0.14551,-0.10571,0.92114,0.93854,-6.0,-11.625,1.188,-0.0823,-0.0636,0.0682,0.9921
1781857832355,11688,0.15039,-0.10449,0.92554,0.94348,-4.812,-11.438,1.438,-0.0825,-0.0642,0.0682,0.9921
1781857832355,11688,0.15454,-0.09888,0.93848,0.95624,-3.875,-11.438,2.25,-0.0827,-0.0651,0.0686,0.992
1781857832355,11688,0.15552,-0.09766,0.98608,1.00304,-1.25,-10.312,5.812,-0.0832,-0.0693,0.0697,0.9916
1781857832413,11746,0.15137,-0.09375,0.99438,1.0102,-1.062,-10.125,6.25,-0.0832,-0.0698,0.07,0.9915
1781857832413,11746,0.1499,-0.08447,0.99854,1.01325,-1.312,-10.625,7.062,-0.0833,-0.0706,0.0696,0.9915
1781857832418,11751,0.14624,-0.08765,0.93188,0.94735,2.438,-11.938,10.062,-0.0828,-0.0747,0.0733,0.991
1781857832476,11809,0.14502,-0.09546,0.92163,0.93784,2.812,-11.188,10.688,-0.0827,-0.0753,0.0741,0.9909
1781857832476,11809,0.13867,-0.09937,0.92529,0.94089,2.938,-9.25,11.062,-0.0824,-0.0761,0.0746,0.9908
1781857832476,11809,0.15918,-0.11328,0.95288,0.9727,-3.312,-9.375,8.188,-0.0827,-0.0784,0.075,0.9905
1781857832532,11865,0.16382,-0.10498,0.93604,0.95604,-2.688,-8.938,8.75,-0.0828,-0.0792,0.0758,0.9904
1781857832532,11865,0.16797,-0.10864,0.93384,0.95502,-2.062,-7.562,9.812,-0.083,-0.0795,0.0758,0.9904
1781857832534,11867,0.16846,-0.15479,1.00757,1.03321,-3.375,-2.125,12.812,-0.0841,-0.0802,0.0799,0.9899
1781857832594,11927,0.17212,-0.14746,1.00488,1.03013,-3.188,-3.0,11.938,-0.0844,-0.0803,0.0807,0.9898
1781857832596,11929,0.18066,-0.14209,1.00146,1.0275,-2.375,-4.188,10.875,-0.0846,-0.0807,0.0818,0.9897
1781857832596,11929,0.18652,-0.13721,1.00171,1.02812,-0.875,-9.625,11.688,-0.0851,-0.0828,0.0846,0.9892
1781857832652,11985,0.17969,-0.1438,1.01001,1.0359,-1.875,-10.375,12.312,-0.0852,-0.0836,0.0856,0.989
1781857832657,11990,0.1731,-0.14404,0.99756,1.02266,-2.25,-11.0,12.062,-0.0854,-0.0845,0.0867,0.9888
1781857832658,11991,0.1604,-0.14062,0.97144,0.99458,-3.562,-8.625,12.125,-0.0861,-0.0877,0.0905,0.9882
1781857832771,12104,0.1604,-0.14062,0.97144,0.99458,-3.562,-8.625,12.125,-0.0861,-0.0877,0.0905,0.9882
1781857832771,12104,0.16016,-0.12695,0.9668,0.98816,-3.375,-8.375,11.562,-0.0863,-0.0881,0.091,0.9881
1781857832772,12105,0.16455,-0.10498,0.94385,0.96382,3.625,-7.375,14.75,-0.0858,-0.0912,0.0955,0.9874
1781857832772,12105,0.16455,-0.10498,0.94385,0.96382,3.625,-7.375,14.75,-0.0858,-0.0912,0.0955,0.9874
1781857832830,12163,0.16187,-0.1062,0.94043,0.96015,3.875,-6.625,15.25,-0.0856,-0.0914,0.0961,0.9874
1781857832830,12163,0.13672,-0.14209,0.94092,0.96136,0.312,-8.0,9.375,-0.0855,-0.0928,0.0997,0.9869
1781857832831,12164,0.14111,-0.17358,0.95728,0.98307,3.062,-3.25,6.375,-0.0835,-0.0954,0.1043,0.9863
1781857832897,12230,0.14136,-0.16797,0.95825,0.98308,2.625,-3.125,4.375,-0.0833,-0.0956,0.1048,0.9863
1781857832898,12231,0.146,-0.16284,0.95776,0.98242,2.438,-2.562,2.812,-0.0832,-0.0957,0.1041,0.9863
1781857832898,12231,0.17627,-0.14209,0.98999,1.01555,4.812,0.062,2.188,-0.0821,-0.0958,0.1041,0.9864
1781857832951,12284,0.17944,-0.14795,1.0,1.02669,5.125,0.25,2.875,-0.0819,-0.0958,0.1043,0.9864
1781857832952,12285,0.18091,-0.15308,1.01343,1.04077,5.188,0.312,3.375,-0.0817,-0.0958,0.1044,0.9865
1781857832952,12285,0.15112,-0.19116,1.03027,1.0587,-1.0,-2.062,2.688,-0.0812,-0.0958,0.1061,0.9863
1781857833010,12343,0.14648,-0.19165,1.0188,1.04697,-1.75,-2.0,1.438,-0.0813,-0.096,0.1063,0.9862
1781857833010,12343,0.14868,-0.18945,1.01367,1.04189,-2.312,-1.875,0.375,-0.0814,-0.0961,0.1063,0.9862
1781857833011,12344,0.15698,-0.18555,1.0,1.02911,-2.375,-3.438,-2.125,-0.082,-0.0972,0.1071,0.986
1781857833073,12406,0.15674,-0.18921,1.00195,1.03164,-2.75,-3.625,-2.188,-0.082,-0.0973,0.107,0.986
1781857833131,12464,0.15845,-0.19482,1.00317,1.03413,-3.188,-3.75,-2.25,-0.0822,-0.0975,0.1069,0.986
1781857833131,12464,0.14893,-0.2063,0.9585,0.99169,-6.25,-3.188,-6.5,-0.0844,-0.0993,0.1032,0.986
1781857833131,12464,0.14844,-0.20117,0.95435,0.98655,-6.938,-3.125,-6.938,-0.0847,-0.0995,0.1029,0.986
1781857833132,12465,0.14526,-0.20142,0.95166,0.98353,-7.0,-2.562,-7.312,-0.0849,-0.0996,0.1026,0.986
1781857833190,12523,0.14526,-0.20142,0.95166,0.98353,-7.0,-2.562,-7.312,-0.0849,-0.0996,0.1026,0.986
1781857833250,12583,0.1792,-0.18042,0.95752,0.99071,-5.75,-1.062,-13.125,-0.0873,-0.1009,0.0989,0.986
1781857833251,12584,0.1792,-0.18042,0.95752,0.99071,-5.75,-1.062,-13.125,-0.0873,-0.1009,0.0989,0.986
1781857833251,12584,0.19409,-0.1604,0.95215,0.98488,-6.375,2.625,-15.0,-0.0896,-0.1018,0.093,0.9863
1781857833252,12585,0.19702,-0.16406,0.95532,0.98913,-5.812,2.812,-14.812,-0.0898,-0.1018,0.0923,0.9863
1781857833309,12642,0.19702,-0.16406,0.95532,0.98913,-5.812,2.812,-14.812,-0.0898,-0.1018,0.0923,0.9863
1781857833310,12643,0.20215,-0.14429,0.98486,1.0157,-4.312,0.062,-14.25,-0.0908,-0.1019,0.0867,0.9867
1781857833311,12644,0.20215,-0.14429,0.98486,1.0157,-4.312,0.062,-14.25,-0.0908,-0.1019,0.0867,0.9867
1781857833370,12703,0.22803,-0.11035,1.00269,1.03419,-6.125,5.312,-8.375,-0.0926,-0.1021,0.0797,0.9871
1781857833370,12703,0.23096,-0.11865,1.02539,1.05775,-6.25,5.75,-6.875,-0.0929,-0.1019,0.0792,0.9872
1781857833371,12704,0.22314,-0.14307,1.01953,1.05343,-7.25,-2.688,-5.062,-0.0952,-0.1018,0.0764,0.9872
1781857833430,12763,0.21729,-0.14966,1.00024,1.03446,-7.125,-3.75,-4.938,-0.0955,-0.1022,0.0771,0.9871
1781857833430,12763,0.20874,-0.1604,0.99634,1.03053,-7.375,-3.688,-4.625,-0.0958,-0.1024,0.0769,0.987
1781857833431,12764,0.20874,-0.1604,0.99634,1.03053,-7.375,-3.688,-4.625,-0.0958,-0.1024,0.0769,0.987
1781857833493,12826,0.19385,-0.21436,0.92407,0.96821,-10.688,-2.5,-5.75,-0.1,-0.1046,0.0751,0.9865
1781857833493,12826,0.19751,-0.21484,0.91577,0.96115,-10.312,-2.562,-5.875,-0.1005,-0.1047,0.0748,0.9865
1781857833493,12826,0.19751,-0.21484,0.91577,0.96115,-10.312,-2.562,-5.875,-0.1005,-0.1047,0.0748,0.9865
1781857833550,12883,0.20117,-0.22974,0.91187,0.96164,-4.5,-2.75,-8.812,-0.1033,-0.1062,0.0716,0.9863
1781857833550,12883,0.20703,-0.22583,0.9082,0.95849,-3.938,-3.188,-9.562,-0.1036,-0.1066,0.0712,0.9862
1781857833551,12884,0.20703,-0.22583,0.9082,0.95849,-3.938,-3.188,-9.562,-0.1036,-0.1066,0.0712,0.9862
1781857833617,12950,0.21875,-0.22217,0.90234,0.95469,-5.5,4.125,-7.0,-0.1058,-0.1072,0.0664,0.9863
1781857833619,12952,0.22314,-0.22095,0.90039,0.95358,-4.812,4.562,-6.688,-0.106,-0.1071,0.066,0.9863
1781857833619,12952,0.21387,-0.22632,0.96167,1.01083,-2.812,4.25,-7.188,-0.1071,-0.1055,0.0635,0.9865
1781857833670,13003,0.21997,-0.2229,0.96436,1.01393,-2.938,3.5,-7.625,-0.1074,-0.1053,0.0626,0.9865
1781857833670,13003,0.21655,-0.21729,0.9624,1.01011,-2.875,3.25,-7.875,-0.1074,-0.1052,0.0623,0.9866
1781857833671,13004,0.2168,-0.21094,0.98706,1.03237,-4.125,4.188,-5.188,-0.1082,-0.1044,0.0609,0.9866
1781857833733,13066,0.2168,-0.21094,0.98706,1.03237,-4.125,4.188,-5.188,-0.1082,-0.1044,0.0609,0.9866
1781857833733,13066,0.21826,-0.21094,0.99536,1.04061,-5.0,2.938,-5.562,-0.1086,-0.1042,0.0602,0.9867
1781857833734,13067,0.22461,-0.18311,0.95557,0.99854,-2.562,0.25,-4.312,-0.1098,-0.1045,0.0558,0.9868
1781857833793,13126,0.22803,-0.19214,0.95605,1.00148,-3.062,0.875,-3.375,-0.1099,-0.1046,0.0559,0.9868
1781857833910,13243,0.2229,-0.19556,0.95923,1.00402,-3.562,0.938,-2.75,-0.1101,-0.1045,0.0557,0.9868
1781857834030,13363,0.20654,-0.19507,0.93628,0.97843,-3.312,0.125,-1.625,-0.1116,-0.1044,0.0545,0.9866
1781857834030,13363,0.20654,-0.19507,0.93628,0.97843,-3.312,0.125,-1.625,-0.1116,-0.1044,0.0545,0.9866
1781857834031,13364,0.20532,-0.20679,0.92749,0.97219,-1.875,0.0,-1.375,-0.1118,-0.1045,0.0543,0.9866
1781857834031,13364,0.21362,-0.20264,0.93262,0.97799,-1.062,1.0,-0.812,-0.1121,-0.1045,0.0536,0.9866
1781857834096,13429,0.21118,-0.20142,0.92627,0.97115,-1.25,0.812,-0.75,-0.1121,-0.1045,0.0535,0.9866
1781857834151,13484,0.21411,-0.19019,0.9624,1.00411,3.938,0.125,-2.0,-0.1091,-0.1023,0.0491,0.9874
1781857834151,13484,0.20947,-0.19873,0.95312,0.9959,4.188,-0.062,2.438,-0.1063,-0.1021,0.051,0.9877
1781857834152,13485,0.21338,-0.20117,0.95215,0.99629,4.75,0.0,2.562,-0.106,-0.102,0.0512,0.9877
1781857834153,13486,0.21777,-0.19897,0.94971,0.99446,4.875,-0.312,3.188,-0.1057,-0.1019,0.0508,0.9877
1781857834277,13610,0.21924,-0.21216,0.95288,1.00053,5.562,0.0,6.125,-0.1044,-0.1021,0.0534,0.9877
1781857834277,13610,0.21655,-0.2146,0.94995,0.99767,5.312,0.062,6.812,-0.1043,-0.1021,0.0537,0.9877
1781857834330,13663,0.20264,-0.23755,0.98926,1.03736,0.0,1.812,7.688,-0.1037,-0.1008,0.0578,0.9877
1781857834390,13723,0.19971,-0.23242,0.9834,1.03004,0.312,0.688,7.0,-0.1037,-0.1007,0.0582,0.9877
1781857834390,13723,0.20581,-0.22974,0.98242,1.0297,1.312,-0.125,6.062,-0.1039,-0.1005,0.0572,0.9877
1781857834391,13724,0.21387,-0.21948,0.95703,1.0049,1.75,-0.688,7.438,-0.1031,-0.101,0.0593,0.9876
1781857834449,13782,0.21729,-0.20312,0.98877,1.03254,-2.688,-0.062,7.312,-0.1051,-0.1001,0.0603,0.9875
1781857834450,13783,0.21558,-0.20093,0.99316,1.03596,-2.312,-0.938,7.312,-0.1052,-0.1002,0.0606,0.9874
1781857834450,13783,0.17578,-0.19238,0.94019,0.97563,-1.188,-2.875,15.375,-0.1113,-0.1007,0.0714,0.986
1781857834511,13844,0.17017,-0.20508,0.94531,0.98216,-0.75,-2.688,15.125,-0.1114,-0.1008,0.0723,0.9859
1781857834512,13845,0.16724,-0.2019,0.94458,0.98029,-1.125,-2.5,14.812,-0.1116,-0.1007,0.0723,0.9859
1781857834512,13845,0.16772,-0.19971,0.94482,0.98016,-4.5,-1.812,8.375,-0.1137,-0.1007,0.0753,0.9854
1781857834570,13903,0.16968,-0.18848,0.94116,0.97473,-3.688,-2.0,8.5,-0.1138,-0.1007,0.0756,0.9854
1781857834631,13964,0.17163,-0.1897,0.94116,0.97531,-2.375,-2.125,8.875,-0.114,-0.1008,0.0759,0.9854
1781857834631,13964,0.16162,-0.21265,0.95825,0.99478,0.0,-2.062,7.75,-0.1143,-0.1011,0.0796,0.985
1781857834634,13967,0.16553,-0.21436,0.96216,0.99955,0.0,-2.375,7.125,-0.1143,-0.1011,0.0801,0.9849
1781857834634,13967,0.16284,-0.21899,0.95386,0.99213,-0.562,-2.188,6.688,-0.1144,-0.1013,0.0813,0.9848
1781857834690,14023,0.16406,-0.21362,0.96338,1.00033,-0.75,-2.188,6.562,-0.1151,-0.1014,0.0823,0.9846
1781857834756,14089,0.15967,-0.21167,0.95972,0.99567,-0.375,-2.625,6.125,-0.1151,-0.1015,0.0827,0.9846
1781857834810,14143,0.16211,-0.21338,0.94312,0.98045,-0.188,-2.188,2.5,-0.1151,-0.1025,0.0847,0.9843
1781857834810,14143,0.16504,-0.21484,0.94434,0.98243,-0.375,-1.438,2.938,-0.1151,-0.1026,0.0848,0.9843
1781857834810,14143,0.16772,-0.21143,0.94629,0.98402,-0.438,-0.875,3.438,-0.1151,-0.1026,0.085,0.9843
1781857834811,14144,0.15674,-0.23926,0.94751,0.98974,-0.312,0.312,2.0,-0.1157,-0.1023,0.0867,0.9841
1781857834874,14207,0.16089,-0.23657,0.95068,0.9928,-0.125,0.062,1.438,-0.1157,-0.1022,0.0867,0.9841
1781857834875,14208,0.18237,-0.22607,0.95483,0.99804,0.875,0.0,-2.25,-0.1151,-0.1026,0.0861,0.9841
1781857834875,14208,0.18042,-0.21631,0.96265,1.00301,-2.188,1.125,-3.938,-0.1156,-0.1021,0.0848,0.9843
1781857834932,14265,0.19409,-0.21582,0.9585,1.00148,-1.125,0.938,-4.125,-0.1156,-0.1021,0.0844,0.9843
1781857834932,14265,0.1936,-0.20996,0.95361,0.99546,-0.062,0.25,-3.688,-0.1156,-0.1021,0.0839,0.9844
1781857834932,14265,0.17529,-0.22144,0.95825,0.999,-0.312,0.312,-4.5,-0.1151,-0.1024,0.0839,0.9844
1781857834990,14323,0.17969,-0.22021,0.95996,1.00115,-1.5,0.625,-4.938,-0.1151,-0.1024,0.0838,0.9844
1781857834990,14323,0.18018,-0.21973,0.96509,1.00605,-2.25,0.625,-5.25,-0.1152,-0.1024,0.0835,0.9844
1781857834990,14323,0.19238,-0.21167,0.94067,0.9832,2.0,-0.375,-4.688,-0.1152,-0.1028,0.0833,0.9844
1781857835051,14384,0.19165,-0.21509,0.94019,0.98333,2.5,-0.625,-4.875,-0.1151,-0.1028,0.0831,0.9844
1781857835051,14384,0.18701,-0.21826,0.94385,0.98664,2.688,-0.75,-4.875,-0.1149,-0.1029,0.0829,0.9844
1781857835051,14384,0.19556,-0.20459,0.93848,0.98022,-2.312,3.438,-5.062,-0.1148,-0.1027,0.0807,0.9846
1781857835111,14444,0.20288,-0.20483,0.94092,0.9841,-1.625,3.688,-4.562,-0.1149,-0.1025,0.0805,0.9847
1781857835111,14444,0.19067,-0.22363,0.94629,0.99087,-1.312,3.438,-4.25,-0.1151,-0.1022,0.0795,0.9847
1781857835169,14502,0.19067,-0.22363,0.94629,0.99087,-1.312,3.438,-4.25,-0.1151,-0.1022,0.0795,0.9847
1781857835170,14503,0.16235,-0.26196,0.97754,1.02497,-1.75,8.938,-11.188,-0.1151,-0.1012,0.077,0.9851
1781857835171,14504,0.17554,-0.29541,0.97095,1.02996,-5.125,8.375,-9.625,-0.1153,-0.1009,0.0765,0.9851
1781857835231,14564,0.17554,-0.29541,0.97095,1.02996,-5.125,8.375,-9.625,-0.1153,-0.1009,0.0765,0.9851
1781857835231,14564,0.17896,-0.25073,0.99146,1.03821,-4.188,5.625,-13.188,-0.1185,-0.0977,0.0695,0.9855
1781857835231,14564,0.17896,-0.25073,0.99146,1.03821,-4.188,5.625,-13.188,-0.1185,-0.0977,0.0695,0.9855
1781857835351,14684,0.22656,-0.19263,0.9624,1.0073,4.0,-7.0,-13.375,-0.117,-0.1002,0.0624,0.986
1781857835352,14685,0.22729,-0.19287,0.95508,1.00052,3.75,-6.25,-11.625,-0.1167,-0.1006,0.062,0.986
1781857835409,14742,0.22729,-0.19287,0.95508,1.00052,3.75,-6.25,-11.625,-0.1167,-0.1006,0.062,0.986
1781857835472,14805,0.19238,-0.21802,0.94189,0.98575,-6.5,-0.625,-10.438,-0.1168,-0.1033,0.0611,0.9858
1781857835473,14806,0.21021,-0.21436,0.94653,0.99301,-6.625,-0.188,-10.25,-0.117,-0.1034,0.0607,0.9858
1781857835473,14806,0.20972,-0.23511,0.98804,1.03705,-5.188,-3.688,-11.812,-0.1183,-0.1043,0.0576,0.9857
1781857835473,14806,0.20972,-0.23511,0.98804,1.03705,-5.188,-3.688,-11.812,-0.1183,-0.1043,0.0576,0.9857
1781857835535,14868,0.20166,-0.20923,0.90894,0.95426,-4.188,-3.0,-13.312,-0.1191,-0.1083,0.0504,0.9855
1781857835536,14869,0.27856,-0.13574,0.97021,1.0185,-6.0,4.688,-18.438,-0.1199,-0.1096,0.0424,0.9857
1781857835536,14869,0.27856,-0.13574,0.97021,1.0185,-6.0,4.688,-18.438,-0.1199,-0.1096,0.0424,0.9857
1781857835650,14983,0.22607,-0.20654,0.96582,1.0132,-7.438,0.562,-8.0,-0.123,-0.1101,0.038,0.9854
1781857835650,14983,0.23633,-0.21289,0.95264,1.00434,-6.875,0.625,-7.312,-0.1232,-0.1101,0.0377,0.9854
1781857835651,14984,0.24072,-0.22192,0.93799,0.99349,-6.0,-6.375,-7.375,-0.1248,-0.1118,0.0352,0.9851
1781857835651,14984,0.24072,-0.22192,0.93799,0.99349,-6.0,-6.375,-7.375,-0.1248,-0.1118,0.0352,0.9851
1781857835710,15043,0.23511,-0.20728,0.92236,0.97416,-4.688,-8.312,-7.562,-0.1251,-0.1127,0.0352,0.985
1781857835711,15044,0.19556,-0.31543,1.0022,1.06871,10.375,10.188,-1.312,-0.1197,-0.105,0.0364,0.9865
1781857835711,15044,0.19556,-0.31543,1.0022,1.06871,10.375,10.188,-1.312,-0.1197,-0.105,0.0364,0.9865
1781857835833,15166,0.20605,-0.22144,0.90894,0.95794,10.125,5.062,-2.125,-0.1168,-0.1006,0.0347,0.9873
1781857835833,15166,0.19897,-0.22437,0.90918,0.95736,11.125,4.625,-2.125,-0.1163,-0.1004,0.0346,0.9874
1781857835833,15166,0.23438,-0.16284,0.96558,1.00687,24.188,19.938,3.25,-0.1094,-0.0973,0.0315,0.9886
1781857835842,15175,0.23438,-0.16284,0.96558,1.00687,24.188,19.938,3.25,-0.1094,-0.0973,0.0315,0.9886
1781857835894,15227,0.22583,-0.18652,0.98608,1.02867,13.25,20.562,3.625,-0.1077,-0.0948,0.0317,0.989
1781857835955,15288,0.19995,-0.19189,0.96509,1.00409,6.75,3.5,4.812,-0.104,-0.0929,0.0313,0.9896
1781857835956,15289,0.18872,-0.22217,0.98999,1.03201,-17.125,-0.562,2.438,-0.1078,-0.0903,0.0307,0.9895
1781857836013,15346,0.18433,-0.22192,0.97266,1.01454,-17.312,-2.562,1.875,-0.1085,-0.0904,0.0307,0.9894
1781857836013,15346,0.17847,-0.22388,0.94604,0.98842,-16.625,-4.062,0.625,-0.1097,-0.0906,0.0303,0.9893
1781857836013,15346,0.198,-0.22998,0.9043,0.95386,-0.062,1.688,-2.312,-0.1136,-0.0925,0.031,0.9886
1781857836071,15404,0.21533,-0.17871,1.0105,1.04853,10.688,-5.938,-4.562,-0.1107,-0.0937,0.0314,0.9888
1781857836072,15405,0.21484,-0.18164,1.02002,1.05811,13.375,-5.0,-1.875,-0.1091,-0.0944,0.0324,0.9889
1781857836072,15405,0.17407,-0.20215,1.02515,1.05929,1.625,-3.938,-1.438,-0.106,-0.0962,0.0343,0.989
1781857836131,15464,0.17407,-0.20215,1.02515,1.05929,1.625,-3.938,-1.438,-0.106,-0.0962,0.0343,0.989
1781857836132,15465,0.16919,-0.198,0.99585,1.02934,-2.625,-6.75,-0.688,-0.106,-0.0971,0.0352,0.9889
1781857836132,15465,0.14453,-0.20288,0.92358,0.95659,-1.688,-2.688,-4.938,-0.1065,-0.0995,0.0352,0.9886
1781857836250,15583,0.14966,-0.21851,0.91431,0.95189,-0.688,-2.875,-4.25,-0.1066,-0.0996,0.035,0.9886
1781857836250,15583,0.13525,-0.22461,0.9209,0.9575,-0.625,-2.75,-4.125,-0.1066,-0.0997,0.0347,0.9886
1781857836251,15584,0.16602,-0.17065,0.88232,0.91388,1.5,0.438,-5.375,-0.1064,-0.1005,0.0314,0.9887
1781857836313,15646,0.16577,-0.17261,0.88013,0.91208,1.312,1.312,-4.75,-0.1063,-0.1004,0.0312,0.9887
1781857836313,15646,0.16479,-0.17334,0.87646,0.90851,1.375,2.688,-4.125,-0.1062,-0.1004,0.0317,0.9887
1781857836313,15646,0.16895,-0.16968,0.94702,0.97682,6.25,16.188,-5.0,-0.1044,-0.0861,0.0238,0.9904
1781857836370,15703,0.15967,-0.17407,0.9585,0.98717,7.0,15.125,-5.188,-0.1038,-0.0848,0.0233,0.9906
1781857836370,15703,0.15625,-0.17969,0.96729,0.99616,6.812,14.938,-5.25,-0.1036,-0.0841,0.0222,0.9907
1781857836371,15704,0.15796,-0.17749,0.96436,0.99319,6.75,13.562,-7.812,-0.101,-0.0784,0.0164,0.9916
1781857836434,15767,0.15527,-0.18066,0.96387,0.99287,6.188,13.5,-8.0,-0.1006,-0.0776,0.0158,0.9916
1781857836436,15769,0.1521,-0.18237,0.96265,0.99151,5.562,13.75,-8.312,-0.1002,-0.0768,0.0156,0.9918
1781857836436,15769,0.16772,-0.1709,0.94263,0.97257,7.188,13.875,-8.75,-0.0978,-0.0725,0.0155,0.9923
1781857836490,15823,0.16748,-0.17407,0.95093,0.98113,7.688,13.562,-7.625,-0.0972,-0.0717,0.015,0.9924
1781857836491,15824,0.16382,-0.17969,0.9585,0.98886,8.812,11.5,-7.0,-0.0965,-0.0707,0.0143,0.9926
1781857836491,15824,0.17993,-0.15137,1.00854,1.03559,13.0,9.438,-5.562,-0.092,-0.0673,0.0115,0.9933
1781857836551,15884,0.18262,-0.15845,1.01465,1.04306,13.688,9.0,-5.062,-0.0914,-0.0669,0.0113,0.9934
1781857836551,15884,0.17676,-0.15405,1.02075,1.04733,14.25,8.625,-4.625,-0.0903,-0.0661,0.0098,0.9936
1781857836551,15884,0.14819,-0.10474,1.07959,1.09474,25.562,21.062,-4.688,-0.0834,-0.062,0.0076,0.9945
1781857836611,15944,0.14697,-0.09912,1.08032,1.09477,28.188,26.375,-5.688,-0.0822,-0.0609,0.0074,0.9946
1781857836613,15946,0.13892,-0.11401,1.07666,1.09156,30.062,32.312,-6.312,-0.0809,-0.0596,0.0071,0.9948
1781857836613,15946,0.13892,-0.11401,1.07666,1.09156,30.062,32.312,-6.312,-0.0809,-0.0596,0.0071,0.9948
1781857836670,16003,0.07593,-0.12988,1.04077,1.05159,45.438,75.188,-7.375,-0.0647,-0.0358,0.001,0.9972
1781857836670,16003,0.04297,-0.15259,1.04419,1.05615,41.0,91.312,-6.5,-0.0593,-0.0247,-0.001,0.9979
1781857836670,16003,0.0437,-0.05615,1.05469,1.05708,36.0,43.312,-7.25,-0.0478,-0.003,-0.0087,0.9987
1781857836789,16122,0.06323,-0.04517,1.05786,1.06071,39.25,39.625,-9.312,-0.0461,-0.0013,-0.0092,0.9988
1781857836790,16123,0.07446,-0.03101,1.05981,1.06288,40.875,35.562,-10.562,-0.0443,0.0,-0.0097,0.9989
1781857836791,16124,0.02295,-0.01196,1.02759,1.02791,40.25,3.5,-3.688,-0.0238,0.0089,-0.015,0.9995
1781857836791,16124,-0.01978,-0.04004,1.01855,1.01953,38.625,-3.312,-2.75,-0.0213,0.0087,-0.0151,0.9995
1781857836849,16182,-0.01025,-0.0293,1.00659,1.00707,34.125,-1.75,-2.875,-0.0182,0.0084,-0.0164,0.9996
1781857836910,16243,0.02246,-0.01025,0.98682,0.98713,11.0,-4.75,1.312,-0.0101,0.0081,-0.016,0.9997
1781857836911,16244,-0.0127,-0.00342,0.95264,0.95273,-2.938,2.188,11.75,-0.0091,0.0109,-0.0086,0.9998
1781857836911,16244,-0.01099,-0.00977,0.95801,0.95812,-2.125,0.438,10.812,-0.0092,0.0109,-0.0081,0.9998
1781857836969,16302,0.00879,-0.00903,0.97266,0.97274,-1.562,-1.375,10.25,-0.0093,0.0109,-0.0078,0.9998
1781857836969,16302,0.0459,0.01294,0.93677,0.93798,15.812,-8.625,15.812,-0.007,0.0081,-0.0029,0.9998
1781857836970,16303,0.00293,0.02393,0.99414,0.99443,0.75,10.75,23.875,-0.0012,0.0085,0.0089,0.9998
1781857837030,16363,-0.0061,0.02344,1.00659,1.00688,-0.125,12.125,22.688,-0.0012,0.009,0.0098,0.9998
1781857837030,16363,-0.00635,0.01318,1.0293,1.0294,-5.312,12.875,20.938,-0.0015,0.0101,0.0123,0.9998
1781857837030,16363,-0.00635,0.01318,1.0293,1.0294,-5.312,12.875,20.938,-0.0015,0.0101,0.0123,0.9998
1781857837096,16429,-0.00244,0.04102,1.06616,1.06695,-20.812,15.938,15.125,-0.0069,0.0151,0.0167,0.9996
1781857837096,16429,-0.01147,0.02588,1.06714,1.06751,-19.125,13.75,15.938,-0.0078,0.0157,0.0173,0.9996
1781857837097,16430,-0.01147,0.02588,1.06714,1.06751,-19.125,13.75,15.938,-0.0078,0.0157,0.0173,0.9996
1781857837151,16484,-0.0542,0.01172,1.00488,1.00641,-7.375,3.25,12.938,-0.013,0.0186,0.0252,0.9993
1781857837152,16485,-0.05566,0.00195,0.9873,0.98887,-6.375,4.5,11.812,-0.0132,0.0188,0.0257,0.9993
1781857837152,16485,-0.05566,0.00195,0.9873,0.98887,-6.375,4.5,11.812,-0.0132,0.0188,0.0257,0.9993
1781857837209,16542,-0.02808,0.01636,0.95581,0.95636,19.75,17.875,10.875,-0.0093,0.0261,0.0288,0.9991
1781857837210,16543,-0.02979,0.00488,0.96143,0.9619,20.375,16.75,11.438,-0.0085,0.0268,0.0293,0.9991
1781857837214,16547,-0.02979,0.00488,0.96143,0.9619,20.375,16.75,11.438,-0.0085,0.0268,0.0293,0.9991
1781857837277,16610,-0.05493,0.05518,0.97607,0.97917,21.312,9.75,6.125,0.0,0.0333,0.0322,0.9988
1781857837277,16610,-0.0481,0.04663,0.96753,0.96985,23.0,9.188,6.0,0.001,0.0338,0.0324,0.9988
1781857837330,16663,-0.0481,0.04663,0.96753,0.96985,23.0,9.188,6.0,0.001,0.0338,0.0324,0.9988
1781857837330,16663,-0.08887,0.0564,1.07593,1.08106,20.5,5.938,10.312,0.0111,0.0388,0.0358,0.9985
1781857837330,16663,-0.11719,0.03662,1.0647,1.07175,23.25,-1.188,4.062,0.0125,0.039,0.0362,0.9984
1781857837331,16664,-0.11719,0.03662,1.0647,1.07175,23.25,-1.188,4.062,0.0125,0.039,0.0362,0.9984
1781857837393,16726,-0.09302,0.0542,1.05713,1.0626,-2.875,1.625,14.125,0.0162,0.038,0.0411,0.9982
1781857837393,16726,-0.09448,0.04932,1.05347,1.05884,-4.625,1.938,14.562,0.0161,0.038,0.0417,0.9982
1781857837393,16726,-0.11768,-0.00073,1.01904,1.02582,-16.438,-0.375,10.625,0.0105,0.0386,0.0487,0.9979
1781857837450,16783,-0.12427,-0.01001,1.01123,1.01889,-16.625,-1.438,10.188,0.0098,0.0386,0.0491,0.9979
1781857837450,16783,-0.12402,-0.01343,1.00562,1.01332,-16.438,-1.812,9.438,0.0091,0.0385,0.0496,0.9979
1781857837450,16783,-0.12402,-0.01343,1.00562,1.01332,-16.438,-1.812,9.438,0.0091,0.0385,0.0496,0.9979
1781857837510,16843,-0.06055,-0.01392,0.92627,0.92835,-6.312,-4.0,5.312,0.0034,0.0363,0.0548,0.9978
1781857837510,16843,-0.05933,-0.01343,0.92773,0.92973,-6.125,-3.938,5.562,0.0032,0.0361,0.055,0.9978
1781857837510,16843,-0.05933,-0.01343,0.92773,0.92973,-6.125,-3.938,5.562,0.0032,0.0361,0.055,0.9978
1781857837573,16906,-0.05615,0.03589,0.98438,0.98663,-9.688,2.875,1.375,-0.0007,0.0354,0.057,0.9977
1781857837574,16907,-0.05518,0.03345,0.99341,0.9955,-9.625,3.562,1.688,-0.0011,0.0355,0.057,0.9976
1781857837574,16907,-0.05518,0.03345,0.99341,0.9955,-9.625,3.562,1.688,-0.0011,0.0355,0.057,0.9976
1781857837692,17025,-0.07642,0.04077,1.06445,1.06797,-6.812,-0.625,3.688,-0.0045,0.0366,0.0613,0.9973
1781857837692,17025,-0.07129,0.04614,1.0564,1.0598,-7.312,-2.0,3.438,-0.005,0.0365,0.0615,0.9973
1781857837693,17026,-0.05273,0.04541,1.02881,1.03116,-6.125,-6.625,5.312,-0.0072,0.0347,0.0647,0.9972
1781857837693,17026,-0.05273,0.04541,1.02881,1.03116,-6.125,-6.625,5.312,-0.0072,0.0347,0.0647,0.9972
1781857837751,17084,-0.05151,0.0481,1.01221,1.01466,-5.188,-6.438,6.188,-0.0076,0.0341,0.0656,0.9971
1781857837759,17092,-0.07031,0.00342,0.99731,0.9998,-7.25,-6.062,6.875,-0.0096,0.0312,0.0699,0.997
1781857837759,17092,-0.08862,-0.00342,0.9873,0.99128,-1.312,-6.25,8.062,-0.0125,0.0283,0.0739,0.9967
1781857837810,17143,-0.09668,-0.02319,0.99512,1.00007,-2.125,-5.562,7.812,-0.0126,0.0278,0.0742,0.9967
1781857837810,17143,-0.10132,-0.0293,0.99072,0.99632,-2.75,-5.562,7.125,-0.0128,0.0276,0.0745,0.9967
1781857837810,17143,-0.0957,-0.02246,0.96655,0.97154,-3.25,-3.625,0.312,-0.0142,0.0257,0.0755,0.9966
1781857837873,17206,-0.0957,-0.02246,0.96655,0.97154,-3.25,-3.625,0.312,-0.0142,0.0257,0.0755,0.9966
1781857837873,17206,-0.09546,-0.02295,0.96973,0.97468,-3.125,-3.25,-0.125,-0.0144,0.0255,0.0764,0.9965
1781857837881,17214,-0.10107,-0.02661,0.98193,0.98748,-1.562,1.75,-5.438,-0.0155,0.0251,0.0752,0.9967
1781857837934,17267,-0.10107,-0.02661,0.98193,0.98748,-1.562,1.75,-5.438,-0.0155,0.0251,0.0752,0.9967
1781857837934,17267,-0.09912,-0.02905,0.9939,0.99925,-1.938,3.375,-6.938,-0.0157,0.0253,0.0745,0.9967
1781857837934,17267,-0.09937,-0.00708,1.03589,1.04067,1.812,6.812,-10.438,-0.0158,0.0277,0.0719,0.9968
1781857837990,17323,-0.09497,-0.01099,1.04443,1.0488,1.875,6.312,-11.062,-0.0158,0.028,0.0714,0.9968
1781857837990,17323,-0.08887,-0.00854,1.0459,1.0497,1.5,4.812,-11.562,-0.0156,0.0285,0.0678,0.9971
1781857837990,17323,-0.02417,-0.06421,0.92041,0.92296,7.188,-2.438,-16.688,-0.0141,0.0287,0.0603,0.9976
1781857838049,17382,-0.02417,-0.06421,0.92041,0.92296,7.188,-2.438,-16.688,-0.0141,0.0287,0.0603,0.9976
1781857838049,17382,0.00415,-0.04883,0.89014,0.89148,9.625,-3.25,-17.688,-0.0133,0.0283,0.0593,0.9977
1781857838050,17383,0.04077,-0.01538,0.92725,0.92827,11.812,0.75,-15.562,-0.0094,0.0274,0.0524,0.9981
1781857838110,17443,0.04004,-0.0083,0.94263,0.94351,12.188,0.938,-15.125,-0.0089,0.0274,0.0517,0.9982
1781857838110,17443,0.03735,0.00732,0.96729,0.96803,12.812,0.562,-14.875,-0.0082,0.0274,0.0527,0.9981
1781857838111,17444,0.02197,0.09497,1.07251,1.07693,16.438,3.312,-6.0,-0.002,0.0274,0.0488,0.9984
1781857838169,17502,0.02197,0.09497,1.07251,1.07693,16.438,3.312,-6.0,-0.002,0.0274,0.0488,0.9984
1781857838169,17502,-0.02173,0.10498,1.1731,1.17798,9.75,7.375,-2.0,0.0,0.0284,0.0471,0.9984
1781857838170,17503,-0.08569,0.10449,1.2605,1.26772,-5.0,-1.25,6.625,0.0006,0.0303,0.0464,0.9984
1781857838231,17564,-0.09302,0.09033,1.24683,1.25355,-6.125,-3.062,7.5,0.0004,0.0302,0.0468,0.9984
1781857838231,17564,-0.09766,0.05518,1.18701,1.1923,-9.125,-5.375,8.188,-0.0001,0.0298,0.0467,0.9984
1781857838231,17564,-0.08521,-0.10376,0.87305,0.88331,-16.688,-5.812,2.875,-0.006,0.0267,0.0499,0.9983
1781857838350,17683,-0.07568,-0.11963,0.85645,0.86807,-16.312,-4.812,1.5,-0.0068,0.0265,0.05,0.9983
1781857838350,17683,-0.07397,-0.1333,0.84253,0.85621,-15.5,-4.125,-0.375,-0.0075,0.0263,0.0494,0.9983
1781857838350,17683,0.02368,-0.06519,0.82544,0.82835,7.0,-8.062,-14.688,-0.0102,0.0241,0.0448,0.9985
1781857838352,17685,0.03833,-0.04883,0.83057,0.83288,9.875,-8.812,-14.562,-0.0098,0.0238,0.0442,0.9986
1781857838409,17742,0.04126,-0.03296,0.83789,0.83955,11.938,-8.688,-14.062,-0.0093,0.0233,0.0436,0.9987
1781857838409,17742,-0.02905,0.10767,1.00391,1.01008,15.0,10.938,-2.938,-0.0017,0.0234,0.0386,0.9989
1781857838410,17743,-0.05615,0.12402,1.12109,1.12933,12.188,-3.438,9.562,0.0029,0.0278,0.0373,0.9988
1781857838471,17804,-0.05029,0.09961,1.09863,1.10429,14.438,-5.5,9.625,0.0036,0.0276,0.0377,0.9988
1781857838472,17805,-0.04419,0.05566,1.06177,1.06414,15.875,-9.0,9.0,0.0049,0.027,0.039,0.9988
1781857838472,17805,0.02856,0.03003,0.9187,0.91964,14.062,-3.438,4.5,0.0106,0.0237,0.041,0.9987
1781857838529,17862,0.0354,0.0376,0.92944,0.93088,13.625,-1.688,4.812,0.0112,0.0236,0.0411,0.9987
1781857838529,17862,0.03564,0.04321,0.94629,0.94795,13.0,-0.125,5.625,0.0118,0.0236,0.0414,0.9987
1781857838530,17863,-0.00391,0.06323,1.08325,1.0851,11.188,-4.062,9.875,0.0162,0.0229,0.0448,0.9985
1781857838591,17924,-0.01172,0.06836,1.09058,1.09278,9.562,-4.375,10.125,0.0169,0.0226,0.0454,0.9985
1781857838593,17926,-0.01978,0.07153,1.0874,1.08993,8.5,-4.375,10.375,0.0173,0.0224,0.0458,0.9985
1781857838599,17932,-0.05078,0.05957,1.09009,1.09289,-6.062,0.062,13.938,0.0181,0.0221,0.0509,0.9982
1781857838649,17982,-0.05078,0.05957,1.09009,1.09289,-6.062,0.062,13.938,0.0181,0.0221,0.0509,0.9982
1781857838650,17983,-0.05054,0.06152,1.09644,1.09932,-7.625,-0.875,14.375,0.0178,0.022,0.0515,0.9982
1781857838650,17983,0.02295,0.01147,0.99023,0.99057,6.625,-20.625,29.688,0.0169,0.0151,0.0631,0.9977
1781857838769,18102,0.01294,-0.00513,0.96362,0.96372,6.938,-21.438,28.75,0.0175,0.0137,0.065,0.9976
1781857838769,18102,0.01172,-0.0127,0.94531,0.94547,6.062,-20.688,27.438,0.0178,0.0128,0.0661,0.9975
1781857838770,18103,0.01758,0.06128,1.0127,1.0147,-2.0,-5.25,18.0,0.0186,0.0087,0.0745,0.9969
1781857838771,18104,0.0188,0.06958,1.0271,1.02963,-0.312,-5.438,19.0,0.0186,0.0085,0.0753,0.9968
1781857838829,18162,0.01465,0.06543,1.04272,1.04488,1.438,-6.0,19.938,0.0187,0.0082,0.0761,0.9968
1781857838832,18165,-0.00342,0.06592,1.04761,1.04968,6.75,-20.125,25.75,0.0206,0.0023,0.0847,0.9961
1781857838832,18165,0.02539,0.06445,0.97705,0.9795,-13.812,-0.375,13.062,0.0175,-0.0029,0.0936,0.9954
1781857838889,18222,0.05981,0.04614,1.02271,1.02549,-15.25,1.438,16.062,0.0163,-0.0031,0.0948,0.9952
1781857838890,18223,0.00659,0.06567,0.96045,0.96271,-16.375,3.875,17.812,0.0151,-0.0029,0.096,0.9952
1781857838891,18224,-0.01196,0.02661,0.94409,0.94454,-13.0,-3.125,12.562,0.0109,-0.0036,0.1005,0.9948
1781857838951,18284,-0.01611,0.02222,0.92773,0.92814,-13.188,-2.125,11.562,0.0103,-0.0037,0.101,0.9948
1781857838951,18284,-0.0188,0.02734,0.91602,0.91662,-14.25,0.0,10.062,0.0097,-0.0038,0.1015,0.9947
1781857838952,18285,-0.03857,-0.00781,0.90381,0.90467,-26.188,38.25,4.688,0.0005,0.0023,0.1045,0.9945
1781857839009,18342,-0.04956,-0.00708,0.90942,0.9108,-20.812,43.25,3.688,-0.0018,0.0057,0.1049,0.9944
1781857839009,18342,-0.06128,-0.01855,0.9375,0.93968,-16.125,43.25,3.562,-0.0027,0.0075,0.1051,0.9943
1781857839011,18344,-0.05884,-0.00952,1.04395,1.04565,20.562,0.125,-1.125,-0.0027,0.0178,0.1025,0.9945
1781857839069,18402,-0.06714,-0.00781,1.0271,1.02932,24.75,-5.375,-2.875,-0.0007,0.0178,0.1022,0.9945
1781857839069,18402,-0.06152,0.01196,1.03247,1.03437,24.562,-6.562,-3.625,0.0007,0.0175,0.103,0.9945
1781857839131,18464,-0.01758,0.0415,1.02563,1.02662,-1.688,5.062,-3.312,0.0054,0.0175,0.1021,0.9945
1781857839131,18464,-0.02026,0.0415,1.0293,1.03033,-4.562,6.25,-2.5,0.0053,0.0177,0.1021,0.9945
1781857839131,18464,-0.01758,0.03442,1.03198,1.03271,-6.875,7.0,-2.25,0.005,0.018,0.1019,0.9945
1781857839250,18583,-0.01465,0.04956,1.02197,1.02328,-2.938,-3.188,1.562,0.0015,0.0191,0.1018,0.9945
1781857839250,18583,-0.03882,0.03979,0.99927,1.00081,-0.875,-2.75,1.75,0.0014,0.0189,0.1019,0.9945
1781857839250,18583,-0.03882,0.03979,0.99927,1.00081,-0.875,-2.75,1.75,0.0014,0.0189,0.1019,0.9945
1781857839252,18585,-0.03882,0.03979,0.99927,1.00081,-0.875,-2.75,1.75,0.0014,0.0189,0.1019,0.9945
1781857839309,18642,-0.01392,0.03394,0.9917,0.99238,-3.25,-2.375,1.5,0.001,0.0178,0.1017,0.9946
1781857839369,18702,-0.01782,0.0249,1.00659,1.00706,-8.562,-0.875,5.938,-0.0026,0.0177,0.1063,0.9941
1781857839371,18704,-0.01782,0.0249,1.00659,1.00706,-8.562,-0.875,5.938,-0.0026,0.0177,0.1063,0.9941
1781857839371,18704,-0.02954,-0.01611,0.97363,0.97421,-3.0,3.188,-3.375,-0.005,0.017,0.108,0.9939
1781857839371,18704,-0.02246,-0.01562,0.97729,0.97768,-2.75,2.875,-4.125,-0.0051,0.0171,0.1079,0.9939
1781857839429,18762,-0.02246,-0.01562,0.97729,0.97768,-2.75,2.875,-4.125,-0.0051,0.0171,0.1079,0.9939
1781857839429,18762,-0.08105,-0.04175,0.97876,0.983,2.188,14.875,-14.812,-0.0057,0.0204,0.1021,0.9945
1781857839490,18823,-0.08105,-0.04175,0.97876,0.983,2.188,14.875,-14.812,-0.0057,0.0204,0.1021,0.9945
1781857839555,18888,-0.04932,0.01025,1.05054,1.05174,2.812,-2.25,-11.062,-0.0054,0.0247,0.0935,0.9952
1781857839556,18889,-0.04907,0.01782,1.04663,1.04793,1.875,-3.438,-10.812,-0.0053,0.0246,0.093,0.9952
1781857839556,18889,-0.02539,0.01904,1.01904,1.01954,-3.25,-4.625,-8.125,-0.0053,0.0229,0.0916,0.9954
1781857839556,18889,-0.02539,0.01904,1.01904,1.01954,-3.25,-4.625,-8.125,-0.0053,0.0229,0.0916,0.9954
1781857839614,18947,-0.01831,0.02515,1.00879,1.00927,-3.688,-3.5,-7.562,-0.0055,0.0225,0.0907,0.9955
1781857839619,18952,-0.01953,0.03198,1.01416,1.01485,-5.0,-5.438,-1.312,-0.0075,0.0205,0.0902,0.9956
1781857839620,18953,-0.01953,0.03198,1.01416,1.01485,-5.0,-5.438,-1.312,-0.0075,0.0205,0.0902,0.9956
1781857839672,19005,-0.03247,-0.02466,0.96265,0.96351,-9.75,1.938,-3.062,-0.0117,0.0172,0.0902,0.9956
1781857839672,19005,-0.02466,-0.01978,0.96533,0.96585,-9.438,1.938,-4.438,-0.0121,0.0173,0.09,0.9956
1781857839673,19006,0.02222,0.0127,0.96631,0.96665,0.0,-5.812,-2.312,-0.0139,0.0162,0.0877,0.9959
1781857839733,19066,0.02222,0.0127,0.96631,0.96665,0.0,-5.812,-2.312,-0.0139,0.0162,0.0877,0.9959
1781857839851,19184,0.01221,0.01147,0.96948,0.96963,1.125,-6.312,-0.938,-0.0138,0.0156,0.0872,0.9959
1781857839913,19246,-0.00537,0.02515,1.05176,1.05207,-8.875,5.125,0.688,-0.015,0.0151,0.0881,0.9958
1781857839913,19246,-0.00537,0.02515,1.05176,1.05207,-8.875,5.125,0.688,-0.015,0.0151,0.0881,0.9958
1781857839914,19247,-0.01147,0.02271,1.06836,1.06866,-9.938,5.062,0.875,-0.0156,0.0153,0.089,0.9957
1781857839914,19247,-0.03125,-0.02173,1.02026,1.02097,-7.5,-1.75,5.5,-0.0194,0.0158,0.0886,0.9957
1781857839973,19306,-0.02173,-0.0752,0.93115,0.93444,-4.875,1.0,0.5,-0.0236,0.0148,0.0882,0.9956
1781857839973,19306,-0.00732,-0.0376,1.00488,1.00561,0.812,6.688,-1.75,-0.0247,0.0172,0.0869,0.9957
1781857839973,19306,-0.00732,-0.0376,1.00488,1.00561,0.812,6.688,-1.75,-0.0247,0.0172,0.0869,0.9957
1781857840029,19362,-0.03857,-0.02441,1.06445,1.06543,-5.312,2.25,0.062,-0.0265,0.0198,0.0903,0.9952
1781857840029,19362,-0.04395,-0.03833,1.05957,1.06117,-4.812,1.062,-0.25,-0.0267,0.0199,0.0903,0.9952
1781857840030,19363,-0.02637,-0.04712,0.98071,0.9822,-1.25,-4.625,-0.188,-0.0278,0.0186,0.0894,0.9954
1781857840209,19542,-0.03198,-0.04688,0.97437,0.97602,-2.375,-2.375,-0.562,-0.028,0.0183,0.0892,0.9954
1781857840211,19544,-0.03784,-0.0437,0.97852,0.98022,-3.0,-1.062,-0.875,-0.0281,0.0182,0.0892,0.9954
1781857840211,19544,-0.01831,-0.03833,0.96851,0.96944,-3.312,-0.25,-1.0,-0.0295,0.018,0.0893,0.9953
1781857840211,19544,-0.02026,-0.0376,0.96558,0.96652,-2.812,-0.25,-1.062,-0.0296,0.018,0.0893,0.9953
1781857840278,19611,-0.01611,-0.04028,0.9563,0.95728,-1.688,-0.188,-0.375,-0.0297,0.0179,0.0892,0.9953
1781857840329,19662,-0.00879,-0.06885,0.93848,0.94104,-3.938,3.562,0.625,-0.0303,0.0184,0.0881,0.9954
1781857840329,19662,-0.00879,-0.06885,0.93848,0.94104,-3.938,3.562,0.625,-0.0303,0.0184,0.0881,0.9954
1781857840331,19664,0.0127,-0.17041,1.05005,1.06386,7.5,-11.938,0.375,-0.0573,0.0137,0.087,0.9943
1781857840331,19664,0.03149,-0.16846,1.03027,1.04443,2.375,-14.125,2.375,-0.057,0.0129,0.0872,0.9944
1781857840389,19722,0.02002,-0.11597,0.96436,0.97151,-7.312,0.0,8.938,-0.0586,0.01,0.0896,0.9941
1781857840389,19722,0.02686,-0.12305,0.96191,0.97012,-7.0,0.438,10.312,-0.0589,0.01,0.09,0.994
1781857840391,19724,0.01489,-0.13574,0.84644,0.85738,-3.562,-1.875,11.812,-0.0609,0.0081,0.0953,0.9935
1781857840451,19784,0.01636,-0.12769,0.85156,0.86124,-2.875,-1.312,12.25,-0.061,0.008,0.0958,0.9934
1781857840451,19784,0.01855,-0.09473,0.84668,0.85216,0.0,0.188,13.75,-0.0612,0.0079,0.0977,0.9932
1781857840451,19784,0.03735,-0.04077,1.02344,1.02493,10.312,-34.125,22.688,-0.0506,0.0059,0.1026,0.9933
1781857840574,19907,-0.00928,-0.07349,1.03833,1.04097,4.625,-37.938,22.562,-0.0502,0.0044,0.1036,0.9932
1781857840574,19907,-0.0686,-0.03174,1.03662,1.03937,-4.625,-15.0,27.0,-0.0502,0.0017,0.1077,0.9928
1781857840633,19966,-0.05396,-0.01001,1.10327,1.10464,0.125,1.562,20.625,-0.05,0.0024,0.115,0.992
1781857840633,19966,-0.03491,0.02002,1.00977,1.01057,9.25,-0.812,22.562,-0.0496,0.0025,0.1163,0.9919
1781857840633,19966,-0.04785,-0.00049,1.04883,1.04992,19.062,-6.688,20.938,-0.0485,0.0025,0.1166,0.9919
1781857840634,19967,0.01025,-0.06421,0.96338,0.96557,6.812,-21.062,23.75,-0.0424,-0.0048,0.1224,0.9915
1781857840694,20027,-0.00244,-0.05078,1.01685,1.01812,-4.562,-3.688,11.312,-0.04,-0.0042,0.1338,0.9901
1781857840694,20027,-0.00269,-0.03931,1.02588,1.02664,-2.875,-5.5,9.875,-0.0401,-0.0043,0.1342,0.9901
1781857840694,20027,0.00024,-0.0415,0.94214,0.94305,13.375,-11.375,2.562,-0.0354,-0.0099,0.1374,0.9898
1781857840748,20081,0.00024,-0.0415,0.94214,0.94305,13.375,-11.375,2.562,-0.0354,-0.0099,0.1374,0.9898
1781857840749,20082,0.0,-0.0249,0.93604,0.93637,13.5,-7.125,1.938,-0.0344,-0.0103,0.1376,0.9898
1781857840750,20083,0.08276,0.05786,1.00806,1.0131,11.188,0.0,7.188,-0.0292,-0.0108,0.1369,0.99
1781857840809,20142,0.08447,0.05859,1.02979,1.0349,11.438,0.438,8.812,-0.0286,-0.0108,0.1372,0.99
1781857840815,20148,0.08936,0.05371,1.03955,1.04477,12.062,0.312,10.5,-0.0281,-0.0107,0.1376,0.9899
1781857840815,20148,0.01733,-0.02832,1.05933,1.05985,3.875,-1.25,18.75,-0.0236,-0.0102,0.1441,0.9891
1781857840872,20205,0.01733,-0.02832,1.05933,1.05985,3.875,-1.25,18.75,-0.0236,-0.0102,0.1441,0.9891
1781857840872,20205,0.01025,-0.03223,1.06421,1.06475,1.188,-1.312,19.188,-0.0235,-0.0103,0.1452,0.989
1781857840872,20205,0.01025,-0.03223,1.06421,1.06475,1.188,-1.312,19.188,-0.0235,-0.0103,0.1452,0.989
1781857840935,20268,-0.01587,-0.07886,1.05518,1.05824,2.625,-23.312,5.438,-0.0226,-0.013,0.1516,0.988
1781857840936,20269,-0.01611,-0.07935,1.04468,1.04781,1.375,-22.125,4.75,-0.0224,-0.0139,0.1518,0.988
1781857840936,20269,-0.01611,-0.07935,1.04468,1.04781,1.375,-22.125,4.75,-0.0224,-0.0139,0.1518,0.988
1781857840990,20323,0.00781,-0.05103,0.99707,0.99841,3.125,-7.562,6.0,-0.0211,-0.0177,0.155,0.9874
1781857840990,20323,0.00977,-0.05249,0.98779,0.98923,3.562,-8.688,5.062,-0.0208,-0.0182,0.1553,0.9874
1781857840990,20323,0.04663,-0.0188,0.99048,0.99175,0.0,-10.125,-0.625,-0.0191,-0.0222,0.1571,0.9871
1781857841051,20384,0.04761,-0.01782,0.98096,0.98227,0.0,-10.312,-0.125,-0.0191,-0.0227,0.1571,0.9871
1781857841051,20384,0.04468,-0.02075,0.97144,0.97268,-0.562,-10.062,0.312,-0.019,-0.0231,0.1571,0.987
1781857841056,20389,0.04468,-0.02075,0.97144,0.97268,-0.562,-10.062,0.312,-0.019,-0.0231,0.1571,0.987
1781857841109,20442,0.06372,-0.02466,0.97388,0.97627,-4.625,-11.75,8.938,-0.0192,-0.0275,0.157,0.9869
1781857841109,20442,0.05615,-0.02148,0.96289,0.96477,-4.375,-11.75,9.312,-0.0195,-0.0286,0.1578,0.9868
1781857841110,20443,0.03784,-0.05103,1.01099,1.01298,-5.938,-0.375,-2.0,-0.0208,-0.0296,0.1596,0.9864
1781857841172,20505,0.03613,-0.05518,1.02759,1.0297,-8.562,-2.062,-3.688,-0.0211,-0.0297,0.1594,0.9865
1781857841172,20505,0.03198,-0.05322,1.03906,1.04092,-11.5,-1.438,-4.312,-0.0216,-0.0298,0.1593,0.9865
1781857841174,20507,0.08252,-0.07812,0.99951,1.00595,-14.5,-3.688,-9.5,-0.0284,-0.0313,0.1547,0.9869
1781857841230,20563,0.07886,-0.08667,0.99023,0.99714,-14.688,-4.562,-9.188,-0.029,-0.0316,0.1544,0.987
1781857841231,20564,0.08496,-0.0874,0.99072,0.99819,-15.125,-4.375,-9.062,-0.0296,-0.0319,0.1539,0.987
1781857841231,20564,0.10205,-0.08716,0.99585,1.00485,-14.75,4.25,-8.812,-0.0356,-0.0332,0.1544,0.9867
1781857841290,20623,0.10425,-0.08203,1.00781,1.01651,-15.312,3.625,-9.188,-0.0366,-0.0332,0.1537,0.9868
1781857841291,20624,0.10791,-0.07764,1.00513,1.01388,-14.312,2.75,-10.0,-0.0372,-0.0332,0.1533,0.9868
1781857841291,20624,0.10791,-0.07764,1.00513,1.01388,-14.312,2.75,-10.0,-0.0372,-0.0332,0.1533,0.9868
1781857841350,20683,0.10791,-0.07764,1.00513,1.01388,-14.312,2.75,-10.0,-0.0372,-0.0332,0.1533,0.9868
1781857841350,20683,0.13696,-0.03125,0.97607,0.98613,-0.188,-2.125,-12.438,-0.0402,-0.0347,0.1486,0.9874
1781857841350,20683,0.14136,-0.0105,1.02173,1.03151,-1.562,0.312,0.75,-0.0395,-0.0365,0.1461,0.9877
1781857841409,20742,0.1394,-0.01074,1.02173,1.03125,-1.812,0.938,2.062,-0.0396,-0.0365,0.1462,0.9877
1781857841411,20744,0.14062,-0.01514,1.01929,1.02905,-1.625,1.25,3.375,-0.0396,-0.0365,0.1463,0.9877
1781857841411,20744,0.13159,-0.02515,0.99683,1.00579,0.0,4.562,18.312,-0.04,-0.0353,0.1497,0.9872
1781857841469,20802,0.12061,-0.03833,0.99194,0.99998,0.5,5.125,20.688,-0.04,-0.035,0.1515,0.9869
1781857841472,20805,0.11963,-0.04419,0.99365,1.0018,0.875,5.562,22.125,-0.04,-0.0347,0.1524,0.9868
1781857841472,20805,0.11963,-0.04419,0.99365,1.0018,0.875,5.562,22.125,-0.04,-0.0347,0.1524,0.9868
1781857841531,20864,0.03394,-0.12964,1.0022,1.01112,-4.188,10.062,28.125,-0.0415,-0.0306,0.1638,0.9851
1781857841531,20864,0.02563,-0.1311,1.00854,1.01735,-5.0,10.688,27.938,-0.0419,-0.0301,0.1649,0.9849
1781857841531,20864,-0.00391,-0.11646,1.05542,1.06183,-11.375,10.188,18.375,-0.0466,-0.0254,0.1728,0.9834
1781857841596,20929,-0.00806,-0.11084,1.0603,1.06611,-13.062,10.625,17.5,-0.0476,-0.0248,0.1733,0.9833
1781857841596,20929,-0.01343,-0.10986,1.06519,1.07092,-14.0,11.312,17.125,-0.0483,-0.0244,0.174,0.9832
1781857841597,20930,-0.01001,-0.10571,1.05981,1.06512,3.812,1.625,1.438,-0.0526,-0.0221,0.1766,0.9825
1781857841649,20982,-0.01001,-0.10571,1.05981,1.06512,3.812,1.625,1.438,-0.0526,-0.0221,0.1766,0.9825
1781857841649,20982,0.0332,-0.08569,1.02075,1.02488,2.438,-6.5,-1.062,-0.0523,-0.0223,0.1766,0.9826
1781857841650,20983,0.13013,-0.02686,0.86694,0.87707,13.0,-8.188,7.688,-0.0471,-0.0269,0.1765,0.9827
1781857841709,21042,0.13013,-0.02686,0.86694,0.87707,13.0,-8.188,7.688,-0.0471,-0.0269,0.1765,0.9827
1781857841710,21043,0.13525,-0.0376,0.86548,0.87679,11.812,-6.5,11.062,-0.046,-0.0274,0.1781,0.9824
1781857841710,21043,0.10156,-0.06372,0.91431,0.92213,-3.875,23.562,34.188,-0.0449,-0.0241,0.1881,0.9807
1781857841770,21103,0.10156,-0.06372,0.91431,0.92213,-3.875,23.562,34.188,-0.0449,-0.0241,0.1881,0.9807
1781857841771,21104,0.08154,-0.08032,0.95239,0.95925,-5.125,27.812,36.5,-0.0458,-0.0218,0.1905,0.9803
1781857841771,21104,0.02197,-0.08325,1.12305,1.12634,-7.0,25.875,36.625,-0.0504,-0.0109,0.1993,0.9785
1781857841829,21162,0.02197,-0.08325,1.12305,1.12634,-7.0,25.875,36.625,-0.0504,-0.0109,0.1993,0.9785
1781857841829,21162,0.00562,-0.07202,1.16528,1.16752,-9.688,25.875,37.688,-0.0518,-0.0081,0.2019,0.9779
1781857841830,21163,-0.03467,-0.11182,1.11987,1.12598,-12.875,12.062,33.5,-0.0593,0.0004,0.2144,0.9749
1781857841949,21282,-0.0376,-0.12793,1.09302,1.10112,-11.75,8.0,31.938,-0.0603,0.001,0.216,0.9744
1781857841949,21282,-0.04175,-0.13452,1.06982,1.07906,-10.812,6.0,30.875,-0.0608,0.0012,0.2173,0.9741
1781857841950,21283,-0.05444,-0.12598,0.94165,0.9516,-7.812,10.688,26.188,-0.0652,0.0035,0.2291,0.9711
1781857842011,21344,-0.05444,-0.12598,0.94165,0.9516,-7.812,10.688,26.188,-0.0652,0.0035,0.2291,0.9711
1781857842069,21402,-0.05249,-0.11255,0.95288,0.96094,-8.562,13.938,27.125,-0.0662,0.0045,0.2316,0.9704
1781857842069,21402,-0.12207,-0.12915,1.0459,1.06089,-16.375,21.188,31.812,-0.0728,0.0121,0.2427,0.9672
1781857842070,21403,-0.15381,-0.17871,0.95117,0.97996,-16.375,12.625,26.5,-0.0846,0.0198,0.257,0.9624
1781857842250,21583,-0.15381,-0.17871,0.95117,0.97996,-16.375,12.625,26.5,-0.0846,0.0198,0.257,0.9624
1781857842495,21828,-0.15259,-0.19214,0.94019,0.97167,-16.562,12.562,25.812,-0.0855,0.0203,0.2581,0.962
1781857842549,21882,-0.09229,-0.15601,0.93066,0.94815,3.25,3.812,-5.062,-0.0952,0.0256,0.2637,0.9594
1781857842614,21947,-0.09229,-0.15601,0.93066,0.94815,3.25,3.812,-5.062,-0.0952,0.0256,0.2637,0.9594
1781857842614,21947,-0.08032,-0.14575,0.94922,0.9637,0.5,6.0,-5.312,-0.0953,0.0259,0.2658,0.9589
1781857842614,21947,-0.05493,-0.11108,0.98218,0.98996,0.75,3.25,-3.812,-0.096,0.027,0.2667,0.9585
1781857842615,21948,-0.08032,-0.14111,0.99756,1.01069,1.062,-1.875,9.0,-0.0931,0.0275,0.2744,0.9566
1781857842675,22008,-0.12598,-0.16772,1.00732,1.02893,0.875,-8.938,-4.438,-0.0892,0.0235,0.2852,0.9539
1781857842675,22008,-0.09521,-0.15479,0.93677,0.95423,4.062,-8.938,-10.25,-0.0866,0.018,0.2815,0.9553
1781857842789,22122,-0.05859,-0.11792,0.94165,0.95081,7.75,-4.875,-9.312,-0.0833,0.0149,0.2805,0.956
1781857842789,22122,-0.05078,-0.11523,0.94897,0.95729,7.5,-4.25,-8.5,-0.0829,0.0148,0.2801,0.9562
1781857842789,22122,-0.04614,-0.11646,0.95093,0.95914,7.5,-3.562,-7.875,-0.0825,0.0147,0.2798,0.9563
1781857842796,22129,-0.04761,-0.12769,0.99316,1.00247,6.688,-1.312,-1.75,-0.0792,0.0145,0.2767,0.9575
1781857842849,22182,-0.04883,-0.13159,0.99463,1.00448,6.375,-1.438,-1.688,-0.0791,0.0145,0.2767,0.9575
1781857842909,22242,-0.05493,-0.13062,0.99536,1.0054,6.562,-1.812,-1.5,-0.0788,0.0145,0.2766,0.9575
1781857842910,22243,-0.0249,-0.13257,1.00024,1.0093,8.5,-4.875,-2.188,-0.0683,0.0117,0.2707,0.96
1781857842910,22243,-0.02661,-0.12622,1.00464,1.01289,7.312,-4.25,-1.875,-0.0676,0.0114,0.2705,0.9602
1781857842911,22244,-0.0188,-0.125,1.00879,1.01668,7.125,-4.562,-1.688,-0.0671,0.0112,0.27,0.9603
1781857842973,22306,-0.01758,-0.12109,1.02759,1.03485,5.75,-6.938,1.062,-0.0643,0.0097,0.2698,0.9606
1781857843149,22482,-0.01465,-0.11816,1.0376,1.04441,5.125,-6.938,1.188,-0.064,0.0095,0.2699,0.9606
1781857843149,22482,-0.03516,-0.09326,1.04346,1.04821,7.688,-18.125,1.438,-0.0598,0.0041,0.273,0.96
1781857843150,22483,-0.0354,-0.09692,1.03418,1.03931,7.875,-19.625,0.812,-0.0593,0.0034,0.2731,0.96
1781857843150,22483,-0.03442,-0.10205,1.00952,1.01525,7.688,-21.438,-0.062,-0.0587,0.0026,0.2731,0.9601
1781857843209,22542,-0.03442,-0.10205,1.00952,1.01525,7.688,-21.438,-0.062,-0.0587,0.0026,0.2731,0.9601
1781857843211,22544,0.00439,-0.07446,0.88281,0.88596,12.75,-12.5,-2.125,-0.0518,-0.0042,0.2725,0.9606
1781857843211,22544,0.00269,-0.10059,0.94995,0.95527,4.062,-8.312,3.938,-0.0397,-0.0156,0.2798,0.959
1781857843270,22603,0.00977,-0.09155,0.99243,0.99669,2.0,-3.125,4.312,-0.0393,-0.0161,0.2802,0.9589
1781857843275,22608,0.01636,-0.07886,1.01807,1.02125,0.312,-1.562,4.375,-0.0391,-0.0162,0.2809,0.9587
1781857843275,22608,0.01636,-0.07886,1.01807,1.02125,0.312,-1.562,4.375,-0.0391,-0.0162,0.2809,0.9587
1781857843331,22664,0.03198,-0.04688,1.052,1.05353,2.938,-5.812,4.5,-0.0388,-0.0172,0.2825,0.9582
1781857843331,22664,0.03052,-0.0459,1.04004,1.0415,4.125,-7.312,4.438,-0.0385,-0.0175,0.2827,0.9581
1781857843331,22664,0.01318,-0.06445,0.9375,0.93981,7.062,6.688,6.5,-0.0347,-0.0183,0.285,0.9577
1781857843392,22725,0.01489,-0.05811,0.93164,0.93357,5.75,11.75,8.75,-0.0346,-0.0175,0.2845,0.9578
1781857843392,22725,0.01294,-0.05664,0.93555,0.93735,4.5,14.062,10.062,-0.0345,-0.0169,0.2849,0.9577
1781857843393,22726,0.01294,-0.05664,0.93555,0.93735,4.5,14.062,10.062,-0.0345,-0.0169,0.2849,0.9577
1781857843450,22783,-0.02148,-0.09229,0.98682,0.99136,4.75,-3.312,5.875,-0.0343,-0.0127,0.2886,0.9567
1781857843450,22783,-0.01587,-0.09082,0.99219,0.99646,5.562,-6.062,3.562,-0.0339,-0.0129,0.2889,0.9566
1781857843450,22783,-0.01587,-0.09082,0.99219,0.99646,5.562,-6.062,3.562,-0.0339,-0.0129,0.2889,0.9566
1781857843509,22842,0.05396,0.00391,0.9519,0.95344,9.812,-10.562,-2.125,-0.0321,-0.0186,0.2917,0.9557
1781857843509,22842,0.05811,0.00146,0.96143,0.96318,12.938,-8.312,-1.625,-0.0314,-0.0187,0.2916,0.9557
1781857843510,22843,0.06299,-0.04248,1.01294,1.01578,4.062,-0.75,5.688,-0.0274,-0.0185,0.2932,0.9554
1781857843570,22903,0.06299,-0.04248,1.01294,1.01578,4.062,-0.75,5.688,-0.0274,-0.0185,0.2932,0.9554
1781857843629,22962,0.0603,-0.05322,1.04053,1.04363,2.625,0.438,5.5,-0.0271,-0.0184,0.294,0.9551
1781857843634,22967,0.0603,-0.05322,1.04053,1.04363,2.625,0.438,5.5,-0.0271,-0.0184,0.294,0.9551
1781857843634,22967,0.05151,-0.05103,1.05664,1.05913,-2.375,-2.312,5.875,-0.0285,-0.0186,0.2967,0.9542
1781857843691,23024,0.04688,-0.06055,1.052,1.05478,-2.062,-3.062,5.938,-0.0286,-0.0187,0.2969,0.9542
1781857843691,23024,0.03296,-0.0874,1.01611,1.0204,-2.062,-10.25,-2.75,-0.0289,-0.022,0.2976,0.9539
1781857843692,23025,0.07397,-0.05005,0.98315,0.9872,0.5,-11.625,-6.188,-0.0275,-0.0283,0.2971,0.9539
1781857843752,23085,0.0752,-0.05127,0.98438,0.98857,0.375,-11.188,-6.0,-0.0272,-0.0291,0.2979,0.9537
1781857843752,23085,0.07251,-0.05347,0.98486,0.98898,0.062,-10.5,-6.062,-0.027,-0.0295,0.2976,0.9537
1781857843752,23085,0.07471,-0.04614,0.96948,0.97345,-1.062,0.5,-4.812,-0.0261,-0.0319,0.2957,0.9543
1781857843809,23142,0.07861,-0.03589,0.98486,0.98865,-2.25,3.125,-2.062,-0.0263,-0.0317,0.2952,0.9544
1781857843810,23143,0.07935,-0.03345,0.98706,0.99081,-2.438,3.625,-1.188,-0.0263,-0.0317,0.2952,0.9544
1781857843810,23143,0.04297,-0.07104,1.02026,1.02364,-2.688,-1.625,7.938,-0.0278,-0.0311,0.2971,0.9539
1781857843869,23202,0.03882,-0.08154,1.01367,1.01769,-2.062,-2.562,7.125,-0.0279,-0.0312,0.2973,0.9537
1781857843869,23202,0.03784,-0.09155,1.01245,1.01729,-1.5,-3.438,6.438,-0.028,-0.0314,0.2974,0.9537
1781857843870,23203,0.04126,-0.08105,0.99756,1.0017,-3.562,-1.312,1.125,-0.0282,-0.033,0.2974,0.9537
1781857843934,23267,0.04126,-0.08105,0.99756,1.0017,-3.562,-1.312,1.125,-0.0282,-0.033,0.2974,0.9537
1781857843934,23267,0.04443,-0.08862,1.01099,1.01584,-5.562,0.938,1.562,-0.0287,-0.0332,0.2974,0.9536
1781857843934,23267,0.05762,-0.07373,1.06152,1.06564,-8.875,-7.938,-0.125,-0.0324,-0.0341,0.2967,0.9537
1781857843989,23322,0.05762,-0.07373,1.06152,1.06564,-8.875,-7.938,-0.125,-0.0324,-0.0341,0.2967,0.9537
1781857843990,23323,0.05566,-0.07104,1.04663,1.05052,-6.5,-11.188,-0.625,-0.0327,-0.0352,0.2966,0.9537
1781857843991,23324,0.05566,-0.07104,1.04663,1.05052,-6.5,-11.188,-0.625,-0.0327,-0.0352,0.2966,0.9537
1781857844050,23383,0.06982,-0.08423,0.96899,0.97515,1.5,-15.688,-3.562,-0.0309,-0.0421,0.2968,0.9534
1781857844050,23383,0.07373,-0.08276,0.96802,0.97434,0.25,-11.75,-2.688,-0.0304,-0.0433,0.298,0.953
1781857844051,23384,0.07666,-0.06543,1.01245,1.01746,-5.438,0.0,5.562,-0.0318,-0.0455,0.2999,0.9523
1781857844109,23442,0.07666,-0.06543,1.01245,1.01746,-5.438,0.0,5.562,-0.0318,-0.0455,0.2999,0.9523
1781857844109,23442,0.07544,-0.06934,1.01807,1.02321,-4.5,0.0,6.625,-0.0322,-0.0456,0.2997,0.9523
1781857844110,23443,0.06372,-0.0874,0.99268,0.99855,-0.25,-5.562,5.312,-0.0325,-0.0469,0.3023,0.9514
1781857844169,23502,0.0625,-0.09326,0.98511,0.99148,-0.75,-4.75,5.438,-0.0324,-0.0471,0.3025,0.9513
1781857844170,23503,0.05591,-0.09131,0.97095,0.97683,-1.625,-3.188,5.938,-0.0325,-0.0474,0.3021,0.9514
1781857844170,23503,0.06152,-0.09375,1.01587,1.02204,-4.5,2.562,5.812,-0.0349,-0.047,0.3016,0.9515
1781857844229,23562,0.06152,-0.09375,1.01587,1.02204,-4.5,2.562,5.812,-0.0349,-0.047,0.3016,0.9515
1781857844229,23562,0.06519,-0.09473,1.01562,1.02211,-3.688,1.5,5.188,-0.035,-0.047,0.3018,0.9514
1781857844230,23563,0.04419,-0.09619,0.96899,0.97476,1.938,-7.875,1.875,-0.0348,-0.049,0.302,0.9513
1781857844290,23623,0.0498,-0.0957,0.95947,0.96552,1.188,-5.125,0.75,-0.0343,-0.0498,0.3019,0.9513
1781857844290,23623,0.05273,-0.0957,0.95557,0.96179,0.625,-4.625,0.812,-0.0343,-0.0498,0.3019,0.9513
1781857844293,23626,0.03662,-0.08081,1.00317,1.00709,-5.438,3.875,5.188,-0.0357,-0.0497,0.3033,0.9508
1781857844349,23682,0.03003,-0.09351,1.01367,1.01842,-5.125,3.312,5.312,-0.0359,-0.0496,0.3035,0.9508
1781857844349,23682,0.02051,-0.10596,1.0293,1.03494,-4.438,0.625,4.062,-0.0365,-0.0494,0.303,0.9509
1781857844350,23683,0.00928,-0.10742,0.98364,0.98953,-1.125,-3.938,-3.5,-0.0372,-0.0506,0.3033,0.9507
1781857844409,23742,0.01025,-0.10498,0.97583,0.98151,-0.875,-4.062,-4.062,-0.0371,-0.0507,0.3031,0.9508
1781857844410,23743,0.00879,-0.10693,0.97266,0.97856,-0.688,-4.125,-4.188,-0.0371,-0.0509,0.3029,0.9508
1781857844411,23744,0.00879,-0.10693,0.97266,0.97856,-0.688,-4.125,-4.188,-0.0371,-0.0509,0.3029,0.9508
1781857844469,23802,-0.01147,-0.12109,0.9624,0.97006,-1.312,-0.562,-11.0,-0.0377,-0.052,0.3005,0.9515
1781857844469,23802,-0.00366,-0.12451,0.96387,0.97188,-0.5,-0.125,-13.625,-0.0378,-0.052,0.2988,0.952
1781857844470,23803,0.01733,-0.1084,0.94409,0.95045,3.625,-1.0,-18.75,-0.0372,-0.052,0.2932,0.9538
1781857844530,23863,0.02344,-0.10913,0.94775,0.9543,3.625,-1.5,-19.0,-0.0371,-0.0521,0.2924,0.954
1781857844530,23863,0.02588,-0.10498,0.94312,0.94929,4.188,-1.875,-19.375,-0.0369,-0.0521,0.2916,0.9543
1781857844531,23864,0.05127,-0.09302,0.92944,0.93549,5.688,0.0,-21.25,-0.0346,-0.052,0.2836,0.9568
1781857844589,23922,0.05127,-0.09302,0.92944,0.93549,5.688,0.0,-21.25,-0.0346,-0.052,0.2836,0.9568
1781857844589,23922,0.05884,-0.09326,0.92651,0.93305,6.0,0.438,-21.188,-0.0343,-0.052,0.2828,0.957
1781857844590,23923,0.09448,-0.11206,0.91772,0.92936,8.062,5.0,-20.188,-0.0307,-0.0502,0.2721,0.9603
1781857844650,23983,0.09644,-0.11401,0.91626,0.92835,7.562,6.25,-20.375,-0.0303,-0.0499,0.2713,0.9606
1781857844650,23983,0.09644,-0.104,0.91821,0.9291,7.375,7.812,-20.75,-0.0301,-0.0496,0.2704,0.9609
1781857844652,23985,0.1311,-0.1062,1.01465,1.02858,15.438,7.875,-21.0,-0.0261,-0.0448,0.2607,0.9639
1781857844708,24041,0.13135,-0.10986,1.0249,1.03911,13.5,7.125,-20.875,-0.0255,-0.0444,0.2598,0.9642
1781857844709,24042,0.13452,-0.10278,1.02466,1.03855,11.5,6.188,-20.25,-0.025,-0.044,0.259,0.9644
1781857844710,24043,0.14404,-0.02368,1.10278,1.1124,10.312,11.062,-15.438,-0.0203,-0.0399,0.2499,0.9671
1781857844772,24105,0.14404,-0.02368,1.10278,1.1124,10.312,11.062,-15.438,-0.0203,-0.0399,0.2499,0.9671
1781857844773,24106,0.14185,-0.01855,1.1123,1.12147,8.875,11.562,-13.438,-0.02,-0.0394,0.2493,0.9673
1781857844773,24106,0.13892,-0.00171,1.16431,1.17257,53.312,-15.375,-7.688,-0.0068,-0.0382,0.2449,0.9687
1781857844829,24162,0.17603,-0.03931,1.146,1.1601,47.938,-20.625,-9.25,-0.0045,-0.0385,0.2446,0.9688
1781857844829,24162,0.18872,-0.08862,1.06812,1.08827,41.0,-23.875,-4.0,-0.0006,-0.0397,0.2425,0.9692
1781857844830,24163,0.14209,-0.03931,0.92529,0.93696,39.688,-40.25,-7.312,0.0164,-0.0478,0.2434,0.9685
1781857844949,24282,0.15356,-0.04419,0.91382,0.92768,39.438,-41.188,-8.875,0.0184,-0.0491,0.2431,0.9685
1781857844949,24282,0.15186,-0.04712,0.90283,0.91673,39.25,-41.438,-10.188,0.0205,-0.0505,0.2427,0.9685
1781857844949,24282,0.19678,0.01172,0.89111,0.91266,40.25,-26.188,-14.625,0.0404,-0.0607,0.2398,0.968
1781857844956,24289,0.19678,0.01172,0.89111,0.91266,40.25,-26.188,-14.625,0.0404,-0.0607,0.2398,0.968
1781857845009,24342,0.19727,0.00806,0.91455,0.93562,38.5,-22.188,-13.438,0.0422,-0.0613,0.2393,0.968
1781857845009,24342,0.20239,0.08081,1.09692,1.11836,22.75,-14.938,-26.312,0.0565,-0.0645,0.2347,0.9681
1781857845010,24343,0.26978,0.08447,1.02808,1.06623,24.25,-6.688,-27.812,0.0734,-0.0656,0.2214,0.97
1781857845068,24401,0.26685,0.07666,0.99048,1.02865,21.188,-8.938,-25.625,0.0755,-0.0658,0.2194,0.9703
1781857845069,24402,0.26611,0.07617,0.97266,1.01128,19.0,-11.562,-24.875,0.0769,-0.0662,0.2173,0.9707
1781857845070,24403,0.2793,0.06104,0.83179,0.87955,19.0,-8.875,-21.812,0.0843,-0.0684,0.2097,0.9716
1781857845133,24466,0.28247,0.06201,0.82251,0.87187,18.688,-9.312,-20.062,0.0852,-0.0686,0.2088,0.9717
1781857845133,24466,0.28149,0.06567,0.81396,0.86377,18.0,-9.688,-18.812,0.0861,-0.0689,0.2081,0.9717
1781857845133,24466,0.23877,0.06982,0.89209,0.92613,16.75,15.438,-16.375,0.0938,-0.0658,0.2017,0.9726
1781857845189,24522,0.23877,0.07129,0.91797,0.95119,15.125,16.188,-17.438,0.0943,-0.065,0.2011,0.9727
1781857845189,24522,0.24487,0.08374,0.93335,0.96856,12.25,16.688,-17.938,0.0947,-0.0642,0.2005,0.9729
1781857845190,24523,0.24487,0.08374,0.93335,0.96856,12.25,16.688,-17.938,0.0947,-0.0642,0.2005,0.9729
1781857845259,24592,0.20532,0.11133,1.01001,1.03666,0.562,27.812,-10.75,0.0946,-0.0546,0.1925,0.9751
1781857845260,24593,0.2019,0.10303,1.03223,1.05682,1.125,27.688,-12.062,0.0944,-0.0535,0.1921,0.9752
1781857845260,24593,0.21729,0.10181,1.03345,1.06094,-7.688,-5.5,-31.312,0.0928,-0.0466,0.1837,0.9774
1781857845309,24642,0.21802,0.10474,1.01855,1.04688,-9.0,-8.5,-33.375,0.0925,-0.0469,0.1823,0.9777
1781857845309,24642,0.22021,0.0979,1.00195,1.03053,-9.625,-10.625,-34.875,0.0922,-0.0473,0.1808,0.9779
1781857845310,24643,0.20923,0.05225,0.9895,1.01273,-6.0,-14.562,-52.125,0.0911,-0.0507,0.1665,0.9804
1781857845368,24701,0.21582,0.03516,0.98706,1.01099,-9.188,-20.75,-54.688,0.091,-0.0516,0.1645,0.9807
1781857845369,24702,0.21631,0.03979,0.98291,1.00722,-10.062,-23.125,-55.938,0.0909,-0.052,0.1633,0.9809
1781857845369,24702,0.21631,0.03979,0.98291,1.00722,-10.062,-23.125,-55.938,0.0909,-0.052,0.1633,0.9809
1781857845429,24762,0.3186,0.22607,1.0835,1.15177,-2.438,-69.688,-62.625,0.0927,-0.072,0.1386,0.9833
1781857845429,24762,0.31323,0.25537,1.08423,1.1571,1.0,-73.0,-63.312,0.0934,-0.0749,0.1356,0.9834
1781857845429,24762,0.31323,0.25537,1.08423,1.1571,1.0,-73.0,-63.312,0.0934,-0.0749,0.1356,0.9834
1781857845494,24827,0.31323,0.25537,1.08423,1.1571,1.0,-73.0,-63.312,0.0934,-0.0749,0.1356,0.9834
1781857845495,24828,0.37329,0.33203,1.12915,1.23474,36.625,-56.625,-89.125,0.1153,-0.1026,0.1013,0.9827
1781857845495,24828,0.3811,0.479,1.12378,1.27967,14.625,-36.562,-51.5,0.1322,-0.1166,0.0745,0.9814
1781857845553,24886,0.35229,0.50781,1.12671,1.28509,10.938,-31.312,-49.562,0.134,-0.1177,0.0747,0.981
1781857845555,24888,0.34937,0.52417,1.12793,1.29191,9.0,-29.625,-51.062,0.1348,-0.1187,0.0725,0.981
1781857845555,24888,0.34937,0.52417,1.12793,1.29191,9.0,-29.625,-51.062,0.1348,-0.1187,0.0725,0.981
1781857845611,24944,0.34937,0.52417,1.12793,1.29191,9.0,-29.625,-51.062,0.1348,-0.1187,0.0725,0.981
1781857845611,24944,0.32007,0.36279,1.02271,1.13137,13.812,-51.312,-21.875,0.1433,-0.1375,0.0516,0.9786
1781857845611,24944,0.32007,0.36279,1.02271,1.13137,13.812,-51.312,-21.875,0.1433,-0.1375,0.0516,0.9786
1781857845669,25002,0.19092,0.28223,0.79004,0.86039,-5.75,-18.062,5.875,0.1505,-0.1563,0.0457,0.975
1781857845729,25062,0.19312,0.28174,0.7876,0.85848,-7.25,-14.438,8.562,0.1503,-0.1566,0.0458,0.975
1781857845729,25062,0.12329,0.26538,0.78857,0.84112,-36.688,13.25,26.562,0.1388,-0.1553,0.0533,0.9765
1781857845729,25062,0.12329,0.26538,0.78857,0.84112,-36.688,13.25,26.562,0.1388,-0.1553,0.0533,0.9765
1781857845789,25122,0.13501,0.2561,0.79688,0.84784,-37.312,11.0,24.812,0.1366,-0.1554,0.0515,0.9769
1781857845789,25122,0.17749,0.29028,0.72461,0.80052,-0.188,72.0,60.312,0.122,-0.148,0.0604,0.9795
1781857845793,25126,0.15259,0.22168,0.76855,0.81431,-19.875,80.625,54.188,0.1072,-0.1027,0.0866,0.985
1781857845849,25182,0.17261,0.21118,0.75952,0.80701,-19.875,69.562,45.625,0.1048,-0.0989,0.0857,0.9857
1781857845849,25182,0.18457,0.20117,0.75879,0.80641,-18.312,62.688,42.25,0.1036,-0.0965,0.0877,0.9859
1781857845854,25187,0.17798,0.146,0.81079,0.84284,13.438,34.438,34.625,0.0996,-0.0832,0.0971,0.9866
1781857845908,25241,0.17798,0.146,0.81079,0.84284,13.438,34.438,34.625,0.0996,-0.0832,0.0971,0.9866
1781857845909,25242,0.16089,0.13159,0.82397,0.84979,18.562,34.562,31.938,0.1004,-0.0805,0.0993,0.9866
1781857845909,25242,0.16968,0.20728,0.99341,1.02889,3.625,47.25,35.625,0.1033,-0.0643,0.1115,0.9862
1781857845973,25306,0.16968,0.20728,0.99341,1.02889,3.625,47.25,35.625,0.1033,-0.0643,0.1115,0.9862
1781857845977,25310,0.17749,0.22754,1.0332,1.07275,-1.75,49.688,38.375,0.1024,-0.0609,0.1116,0.9865
1781857845977,25310,0.20728,0.1958,1.12744,1.16294,-8.438,47.0,52.5,0.0951,-0.0429,0.129,0.986
1781857846032,25365,0.20728,0.1958,1.12744,1.16294,-8.438,47.0,52.5,0.0951,-0.0429,0.129,0.986
1781857846033,25366,0.1792,0.1748,1.1167,1.14442,-5.562,39.938,53.062,0.0934,-0.0393,0.1332,0.9858
1781857846033,25366,0.13013,0.08423,1.11548,1.1262,-3.938,13.875,48.25,0.0901,-0.0306,0.1563,0.983
1781857846099,25432,0.12061,0.08105,1.10425,1.11377,-4.438,10.062,45.25,0.0897,-0.0303,0.1583,0.9827
1781857846099,25432,0.12549,0.09131,1.08813,1.09915,-2.938,4.562,40.938,0.0893,-0.0302,0.1618,0.9822
1781857846099,25432,0.15161,0.16821,1.05225,1.07634,1.938,-10.312,33.375,0.0898,-0.0331,0.1791,0.9791
1781857846150,25483,0.15186,0.16821,1.04907,1.07327,1.062,-11.5,34.75,0.0899,-0.0337,0.1805,0.9788
1781857846159,25492,0.14185,0.17017,1.03223,1.05573,0.312,-15.0,37.188,0.09,-0.0351,0.1845,0.978
1781857846159,25492,0.16235,0.16772,1.03491,1.06091,-6.188,-17.625,37.125,0.0902,-0.0428,0.202,0.9742
1781857846209,25542,0.16748,0.15015,1.02759,1.05192,-7.25,-16.75,36.438,0.0899,-0.0438,0.2034,0.9738
1781857846209,25542,0.18237,0.14746,1.02759,1.05401,-10.688,-13.812,37.188,0.0894,-0.0449,0.207,0.9731
1781857846210,25543,0.06274,0.34888,1.16406,1.21684,-31.125,17.75,49.688,0.0818,-0.0469,0.2233,0.97
1781857846269,25602,0.06274,0.34888,1.16406,1.21684,-31.125,17.75,49.688,0.0818,-0.0469,0.2233,0.97
1781857846270,25603,0.05981,0.34058,1.20508,1.25371,-36.688,24.375,53.0,0.08,-0.0465,0.2255,0.9697
1781857846271,25604,0.06543,0.21265,1.28027,1.29946,-45.688,15.125,25.188,0.0548,-0.0358,0.2415,0.9681
1781857846329,25662,0.06543,0.21265,1.28027,1.29946,-45.688,15.125,25.188,0.0548,-0.0358,0.2415,0.9681
1781857846329,25662,0.04688,0.2312,1.198,1.221,-45.438,4.875,19.938,0.0518,-0.036,0.2428,0.9679
1781857846338,25671,-0.02271,0.31421,0.84155,0.89858,-19.438,-19.812,2.0,0.0446,-0.0451,0.2439,0.9676
1781857846389,25722,-0.03027,0.33667,0.84839,0.91325,-22.688,-16.812,4.812,0.044,-0.046,0.244,0.9676
1781857846389,25722,-0.06787,0.37842,0.90527,0.98353,-28.5,-6.062,8.062,0.0422,-0.0471,0.2445,0.9675
1781857846390,25723,-0.18848,0.37793,1.06836,1.1488,-41.0,8.312,-3.0,0.0286,-0.0444,0.2462,0.9677
1781857846453,25786,-0.17822,0.39868,1.06543,1.15146,-40.0,6.438,-6.312,0.027,-0.0444,0.2459,0.9678
1781857846456,25789,-0.15894,0.42578,1.04663,1.14105,-37.562,3.562,-9.5,0.0248,-0.0445,0.2451,0.968
1781857846456,25789,-0.14819,0.35181,0.85522,0.93656,-13.062,-25.0,-14.375,0.0182,-0.0493,0.2413,0.9689
1781857846508,25841,-0.15039,0.32471,0.83032,0.90415,-10.875,-28.562,-15.312,0.0181,-0.0504,0.2405,0.9691
1781857846509,25842,-0.14795,0.30151,0.81055,0.87737,-9.438,-32.812,-16.375,0.0182,-0.0516,0.2399,0.9691
1781857846509,25842,-0.12598,0.24731,0.6731,0.72807,-10.188,-19.125,-28.875,0.0203,-0.0659,0.229,0.9709
1781857846574,25907,-0.12598,0.24731,0.6731,0.72807,-10.188,-19.125,-28.875,0.0203,-0.0659,0.229,0.9709
1781857846574,25907,-0.13525,0.23706,0.68628,0.73856,-12.375,-11.0,-26.0,0.0199,-0.067,0.2262,0.9714
1781857846574,25907,-0.16064,0.12622,0.74146,0.76909,-11.75,18.875,-32.562,0.0154,-0.065,0.2128,0.9747
1781857846629,25962,-0.17456,0.10181,0.76172,0.78807,-10.75,23.062,-35.312,0.0145,-0.0635,0.2106,0.9753
1781857846629,25962,-0.2085,0.07983,0.77637,0.80783,-7.625,29.75,-40.875,0.0133,-0.0612,0.2039,0.9769
1781857846630,25963,-0.32935,0.08252,0.92383,0.98424,-0.625,74.062,-81.5,0.01,-0.0412,0.1795,0.9827
1781857846689,26022,-0.33716,0.10547,0.95947,1.02244,-1.438,80.625,-85.438,0.0095,-0.0377,0.176,0.9835
1781857846689,26022,-0.33154,0.12769,1.00366,1.06469,-2.375,86.562,-88.562,0.009,-0.0339,0.1723,0.9843
1781857846697,26030,-0.33154,0.12769,1.00366,1.06469,-2.375,86.562,-88.562,0.009,-0.0339,0.1723,0.9843
1781857846754,26087,-0.15894,0.13037,1.18213,1.19987,29.125,62.812,-100.312,0.0076,0.0047,0.1233,0.9923
1781857846754,26087,-0.1665,0.09888,1.12695,1.14347,40.062,50.562,-104.312,0.0095,0.0086,0.1168,0.993
1781857846754,26087,-0.19092,-0.02783,0.90503,0.92537,69.375,38.062,-121.5,0.035,0.027,0.066,0.9968
1781857846815,26148,-0.20435,-0.01514,0.92773,0.95009,63.25,42.625,-121.125,0.0375,0.0292,0.0608,0.9969
1781857846815,26148,-0.21753,-0.00806,0.97559,0.99958,56.0,48.0,-120.188,0.0397,0.0316,0.0557,0.9971
1781857846815,26148,-0.29663,0.06934,1.41992,1.45223,-3.5,70.875,-120.688,0.0452,0.0629,0.0069,0.9969
1781857846870,26203,-0.2959,0.06592,1.44653,1.47796,-6.0,69.25,-121.875,0.0446,0.0662,0.0019,0.9967
1781857846870,26203,-0.28516,0.06372,1.47607,1.50472,-7.75,67.062,-123.938,0.0438,0.0693,-0.0031,0.9965
1781857846871,26204,-0.2312,0.0708,1.34619,1.36773,15.438,-2.375,-149.562,0.0393,0.0874,-0.0573,0.9937
1781857846929,26262,-0.22852,0.06616,1.25586,1.27819,22.375,-18.188,-153.438,0.0397,0.0867,-0.0704,0.9929
1781857846929,26262,-0.26367,0.05566,1.16919,1.19984,27.625,-30.562,-157.688,0.0403,0.0851,-0.0806,0.9922
1781857846930,26263,-0.22778,0.07495,0.97632,1.00534,18.938,-51.812,-169.125,0.0417,0.0726,-0.1281,0.9881
1781857846990,26323,-0.22314,0.08545,0.95361,0.98309,18.5,-53.312,-170.25,0.0417,0.0707,-0.1354,0.9873
1781857846990,26323,-0.21094,0.09741,0.9353,0.96373,17.062,-54.062,-171.0,0.0416,0.0686,-0.1428,0.9864
1781857846993,26326,-0.21094,0.09741,0.9353,0.96373,17.062,-54.062,-171.0,0.0416,0.0686,-0.1428,0.9864
1781857847048,26381,-0.21094,0.09741,0.9353,0.96373,17.062,-54.062,-171.0,0.0416,0.0686,-0.1428,0.9864
1781857847049,26382,-0.12915,0.18579,0.87427,0.90307,-6.438,-54.562,-165.125,0.0351,0.0469,-0.2045,0.977
1781857847050,26383,-0.13501,0.29175,0.96875,1.0207,-31.625,-34.812,-140.625,0.0175,0.0302,-0.2671,0.9629
1781857847109,26442,-0.12842,0.28589,0.98901,1.03748,-32.312,-32.875,-137.875,0.0157,0.0292,-0.2728,0.9614
1781857847109,26442,-0.11255,0.28833,1.00513,1.0517,-33.062,-31.25,-134.875,0.0139,0.0284,-0.2783,0.9598
1781857847119,26452,-0.11255,0.28833,1.00513,1.0517,-33.062,-31.25,-134.875,0.0139,0.0284,-0.2783,0.9598
1781857847168,26501,-0.09741,0.21216,0.98389,1.0112,-21.125,-53.312,-110.25,-0.0039,0.0154,-0.3213,0.9467
1781857847168,26501,-0.09082,0.20142,0.96851,0.99339,-19.5,-54.75,-108.312,-0.0055,0.0134,-0.3257,0.9453
1781857847170,26503,-0.09082,0.20142,0.96851,0.99339,-19.5,-54.75,-108.312,-0.0055,0.0134,-0.3257,0.9453
1781857847229,26562,-0.16821,0.08301,0.89941,0.91877,-7.0,-45.688,-78.25,-0.0183,-0.0084,-0.3598,0.9327
1781857847230,26563,-0.16919,0.06201,0.88696,0.90508,-6.0,-43.5,-77.438,-0.0192,-0.01,-0.3629,0.9315
1781857847230,26563,-0.16919,0.06201,0.88696,0.90508,-6.0,-43.5,-77.438,-0.0192,-0.01,-0.3629,0.9315
1781857847299,26632,-0.14795,0.04419,0.93457,0.94724,-15.25,-19.688,-94.688,-0.0296,-0.0211,-0.3941,0.9182
1781857847299,26632,-0.10889,0.07129,0.93335,0.94238,-14.375,-16.375,-95.5,-0.0306,-0.0219,-0.3997,0.9157
1781857847301,26634,-0.0105,0.0105,0.99561,0.99572,-3.562,0.312,-71.188,-0.0345,-0.0239,-0.432,0.9008
1781857847409,26742,-0.0127,-0.02563,1.01685,1.01725,-2.75,1.062,-70.062,-0.0345,-0.0239,-0.4361,0.8988
1781857847473,26806,-0.01221,-0.05884,1.03149,1.03324,-3.5,1.25,-70.062,-0.0346,-0.0239,-0.4388,0.8975
1781857847473,26806,0.01709,-0.06714,0.95801,0.96051,-2.562,11.0,-97.812,-0.0346,-0.0229,-0.4636,0.8849
1781857847474,26807,0.01709,-0.06714,0.95801,0.96051,-2.562,11.0,-97.812,-0.0346,-0.0229,-0.4636,0.8849
1781857847529,26862,0.03809,-0.0498,0.94238,0.94447,-4.125,17.75,-102.062,-0.0341,-0.0221,-0.4694,0.8819
1781857847529,26862,0.24756,0.2251,1.13477,1.18307,2.688,39.25,-96.625,-0.0209,0.0258,-0.5581,0.829
1781857847530,26863,0.24756,0.2251,1.13477,1.18307,2.688,39.25,-96.625,-0.0209,0.0258,-0.5581,0.829
1781857847589,26922,0.24268,0.18164,1.00854,1.05311,-28.188,39.688,-41.25,-0.0132,0.0423,-0.5863,0.8087
1781857847589,26922,0.23169,0.17041,1.01147,1.05157,-32.062,39.688,-37.0,-0.0133,0.0443,-0.5876,0.8077
1781857847708,27041,0.17261,0.07397,0.89404,0.91355,-51.875,26.812,-11.25,-0.0193,0.0661,-0.595,0.8006
1781857847709,27042,0.15503,0.05933,0.86035,0.87622,-52.375,21.062,-10.625,-0.0211,0.0691,-0.5961,0.7994
1781857847709,27042,0.16431,0.04126,0.8313,0.84838,-52.25,16.0,-9.188,-0.0232,0.0718,-0.5964,0.7989
1781857847711,27044,0.15161,0.00195,0.69214,0.70855,-27.0,27.125,13.5,-0.0328,0.0861,-0.5961,0.7974
1781857847777,27110,0.15161,0.00195,0.69214,0.70855,-27.0,27.125,13.5,-0.0328,0.0861,-0.5961,0.7974
1781857847777,27110,0.09717,-0.04004,0.74341,0.7508,-23.875,28.938,10.875,-0.033,0.0885,-0.5957,0.7975
1781857847778,27111,0.16089,-0.00171,1.03784,1.05024,31.562,19.25,4.625,-0.0167,0.0969,-0.5968,0.7962
1781857847835,27168,0.16089,-0.00171,1.03784,1.05024,31.562,19.25,4.625,-0.0167,0.0969,-0.5968,0.7962
1781857847835,27168,0.14478,-0.01855,1.03442,1.04467,31.75,15.25,4.625,-0.0147,0.0963,-0.5954,0.7974
1781857847835,27168,0.07275,-0.09033,0.96777,0.9747,44.25,-6.25,-1.375,-0.0013,0.0866,-0.5917,0.8013
1781857847889,27222,0.07275,-0.09033,0.96777,0.9747,44.25,-6.25,-1.375,-0.0013,0.0866,-0.5917,0.8013
1781857847889,27222,0.0542,-0.12256,0.9707,0.97991,47.875,-11.5,-4.125,0.0014,0.0827,-0.5894,0.8034
1781857847889,27222,-0.04492,-0.15063,1.0249,1.03689,54.5,-17.438,-27.438,0.0128,0.0661,-0.5917,0.8032
1781857848133,27466,-0.05688,-0.14844,1.03638,1.0485,54.0,-17.125,-31.375,0.0141,0.0642,-0.593,0.8024
1781857848136,27469,-0.06787,-0.1438,1.04028,1.05237,54.188,-15.812,-37.812,0.0157,0.0614,-0.5914,0.8037
1781857848137,27470,-0.06787,-0.1438,1.04028,1.05237,54.188,-15.812,-37.812,0.0157,0.0614,-0.5914,0.8037
1781857848137,27470,-0.12671,-0.05298,1.09473,1.10331,57.375,-5.875,-65.188,0.0298,0.0433,-0.6068,0.793
1781857848308,27641,-0.17334,-0.01855,1.12988,1.14325,57.25,2.438,-67.0,0.0333,0.0407,-0.6085,0.7916
1781857848370,27703,-0.07593,0.10425,1.77173,1.77642,17.5,32.5,-58.25,0.0531,0.0413,-0.6285,0.7748
1781857848376,27709,-0.17749,-0.11548,0.75244,0.78167,-37.812,-10.062,17.062,0.0404,-0.0572,-0.6635,0.7448
1781857848376,27709,-0.14087,-0.1123,0.82739,0.84678,-54.0,6.438,5.062,0.0347,-0.0521,-0.6661,0.743
1781857848376,27709,-0.13428,-0.1106,0.83789,0.85576,-55.438,7.438,3.0,0.0339,-0.0512,-0.6662,0.7431
1781857848488,27821,-0.0459,0.07568,0.94946,0.95358,-40.25,5.562,-26.625,0.0229,-0.0366,-0.6775,0.7341
1781857848490,27823,0.17944,0.19458,0.77856,0.82233,22.5,-19.188,-41.75,0.0119,-0.0551,-0.716,0.6957
1781857848490,27823,0.17944,0.19458,0.77856,0.82233,22.5,-19.188,-41.75,0.0119,-0.0551,-0.716,0.6957
1781857848496,27829,0.26245,0.18555,0.93506,0.98876,1.875,15.562,10.062,0.0178,-0.0599,-0.7258,0.6849
1781857848548,27881,0.28027,0.20557,0.94922,1.01085,2.0,14.562,12.562,0.0182,-0.0597,-0.7254,0.6853
1781857848548,27881,0.49951,0.40503,1.39502,1.53611,53.25,-46.875,46.25,0.0191,-0.0676,-0.7219,0.6882
1781857848550,27883,0.31543,0.28955,0.97095,1.06117,184.188,-115.375,23.062,0.0305,-0.1704,-0.7031,0.6895
1781857848669,28002,0.31006,0.26318,0.92627,1.01162,152.438,-88.438,34.438,0.0329,-0.1822,-0.7001,0.6895
1781857848669,28002,0.31445,0.24976,0.88159,0.96874,111.562,-60.625,47.562,0.0357,-0.1909,-0.6932,0.6939
1781857848669,28002,0.34155,0.26465,0.88477,0.98464,-97.75,66.188,102.062,0.0283,-0.1864,-0.6789,0.7095
1781857848735,28068,0.37354,0.26001,0.93677,1.04147,-114.312,78.5,105.625,0.0253,-0.1784,-0.6752,0.7151
1781857848735,28068,0.38452,0.2605,0.95483,1.0618,-118.688,81.688,106.625,0.0242,-0.1755,-0.674,0.717
1781857848736,28069,0.31421,0.35889,1.19604,1.28765,-19.5,43.062,98.062,-0.0112,-0.0701,-0.6555,0.7517
1781857848788,28121,0.32153,0.37695,1.20264,1.3007,-11.062,34.938,98.625,-0.0106,-0.0679,-0.6508,0.7559
1781857848788,28121,0.32544,0.38989,1.19727,1.30053,-7.062,29.062,99.375,-0.0103,-0.0668,-0.6477,0.7588
1781857848789,28122,0.16992,0.35254,1.05664,1.12679,-24.312,31.312,123.938,-0.0103,-0.0585,-0.6236,0.7793
1781857848854,28187,0.15771,0.34595,1.06714,1.13285,-29.375,36.188,126.188,-0.0106,-0.0566,-0.6195,0.7827
1781857848854,28187,0.1521,0.33521,1.08179,1.1427,-34.688,41.188,128.5,-0.0108,-0.0544,-0.6153,0.7862
1781857848854,28187,0.15356,0.31934,1.10449,1.15994,-52.938,31.5,128.0,-0.0192,-0.0238,-0.5856,0.8098
1781857848908,28241,0.15796,0.30859,1.08691,1.14086,-49.75,25.562,125.812,-0.0204,-0.0216,-0.5813,0.813
1781857849028,28361,0.14941,0.29004,1.01245,1.06372,-40.188,11.562,120.188,-0.0234,-0.0172,-0.5776,0.8156
1781857849028,28361,0.12256,0.22095,0.80518,0.84389,-15.938,-7.938,109.812,-0.0312,-0.0123,-0.5552,0.8309
1781857849090,28423,0.12476,0.20728,0.78955,0.82578,-15.5,-8.188,108.688,-0.0319,-0.0122,-0.5513,0.8335
1781857849149,28482,0.12061,0.19531,0.77759,0.81076,-16.062,-8.562,107.938,-0.0327,-0.012,-0.5474,0.836
1781857849149,28482,0.11255,0.15796,0.75732,0.78177,-41.312,0.0,103.938,-0.0444,-0.0059,-0.5174,0.8544
1781857849149,28482,0.1106,0.15698,0.75952,0.78342,-42.938,0.25,103.375,-0.046,-0.0048,-0.5136,0.8566
1781857849150,28483,0.00732,0.11646,0.8623,0.87016,-32.0,-4.312,45.75,-0.0791,0.0177,-0.4716,0.8779
1781857849210,28543,-0.00781,0.10889,0.85864,0.86555,-29.312,-4.625,42.438,-0.0807,0.0186,-0.4691,0.8791
1781857849211,28544,-0.05371,0.09106,0.85693,0.86343,-2.188,8.125,13.938,-0.0852,0.0238,-0.465,0.8807
1781857849214,28547,-0.05371,0.09106,0.85693,0.86343,-2.188,8.125,13.938,-0.0852,0.0238,-0.465,0.8807
1781857849268,28601,-0.05591,0.14185,1.10913,1.11956,26.5,37.062,-2.375,-0.0726,0.0293,-0.4631,0.8827
1781857849269,28602,-0.01636,0.16528,1.20337,1.21478,27.312,40.938,-1.125,-0.0697,0.0307,-0.4634,0.8828
1781857849270,28603,0.0542,0.21338,1.47119,1.48757,65.312,13.062,13.562,-0.0446,0.034,-0.4622,0.8849
1781857849331,28664,0.07397,0.19897,1.43799,1.45357,75.375,-5.062,10.062,-0.0388,0.0311,-0.4615,0.8856
1781857849332,28665,0.10693,0.17969,1.38037,1.39612,83.562,-23.062,8.562,-0.0332,0.0264,-0.4608,0.8864
1781857849332,28665,0.10693,0.17969,1.38037,1.39612,83.562,-23.062,8.562,-0.0332,0.0264,-0.4608,0.8864
1781857849388,28721,0.09497,0.14526,0.99585,1.01086,86.75,-50.188,41.562,-0.0108,-0.0026,-0.4456,0.895
1781857849388,28721,0.073,0.12671,0.94092,0.95221,81.25,-47.25,49.688,-0.0073,-0.0078,-0.4429,0.8964
1781857849389,28722,-0.1145,-0.14185,0.83228,0.85201,16.625,4.5,89.312,0.0058,-0.024,-0.4116,0.9109
1781857849450,28783,-0.12622,-0.16187,0.83691,0.86172,10.0,10.438,88.812,0.0063,-0.0238,-0.4082,0.9125
1781857849454,28787,-0.15405,-0.19141,0.85913,0.89357,1.5,19.0,84.875,0.0067,-0.0228,-0.403,0.9147
1781857849456,28789,-0.05664,-0.14502,0.96802,0.98046,-8.375,27.312,50.062,0.0062,-0.0114,-0.3858,0.9224
1781857849508,28841,-0.05664,-0.14502,0.96802,0.98046,-8.375,27.312,50.062,0.0062,-0.0114,-0.3858,0.9224
1781857849509,28842,-0.03491,-0.10474,0.96582,0.97211,-3.312,23.562,45.438,0.0064,-0.0098,-0.3858,0.9224
1781857849509,28842,-0.03491,-0.10474,0.96582,0.97211,-3.312,23.562,45.438,0.0064,-0.0098,-0.3858,0.9224
1781857849570,28903,0.01367,-0.03516,0.98755,0.98827,17.562,4.0,26.812,0.0139,-0.0079,-0.3752,0.9267
1781857849570,28903,0.01611,-0.03418,0.98462,0.98534,17.188,4.0,26.062,0.0142,-0.008,-0.3747,0.9269
1781857849570,28903,0.04932,0.03418,0.95312,0.95501,-0.125,5.188,21.5,0.0169,-0.0083,-0.3691,0.9291
1781857849629,28962,0.05225,0.03223,0.95825,0.96022,-0.625,6.062,21.938,0.0169,-0.0081,-0.3682,0.9295
1781857849629,28962,0.05884,0.03052,0.96045,0.96273,-1.125,6.312,22.562,0.0169,-0.0079,-0.3673,0.9298
1781857849689,29022,0.05371,0.03296,1.00806,1.01002,-1.625,4.875,23.625,0.017,-0.0056,-0.3624,0.9317
1781857849751,29084,0.05371,0.03296,1.00806,1.01002,-1.625,4.875,23.625,0.017,-0.0056,-0.3624,0.9317
1781857849751,29084,0.05249,0.02661,1.01733,1.01903,-0.875,1.812,22.812,0.0169,-0.0054,-0.3614,0.9321
1781857849752,29085,0.05249,0.02661,1.01733,1.01903,-0.875,1.812,22.812,0.0169,-0.0054,-0.3614,0.9321
1781857849752,29085,0.08618,0.01025,0.92163,0.92571,-5.938,-2.625,22.375,0.0144,-0.0075,-0.3521,0.9357
1781857849809,29142,0.0896,0.00952,0.93164,0.93599,-8.5,-1.688,23.062,0.0138,-0.0075,-0.3507,0.9362
1781857849809,29142,0.10596,-0.01074,1.22021,1.22485,-26.75,-8.125,15.188,0.0079,-0.0066,-0.3449,0.9385
1781857849810,29143,0.20288,0.14185,1.25342,1.27763,-0.625,-13.688,4.25,-0.0099,-0.0131,-0.3427,0.9392
1781857849870,29203,0.20288,0.14185,1.25342,1.27763,-0.625,-13.688,4.25,-0.0099,-0.0131,-0.3427,0.9392
1781857849874,29207,0.21704,0.15308,1.32715,1.35346,4.688,-14.938,10.125,-0.01,-0.0142,-0.3408,0.9398
1781857849874,29207,0.15869,0.09351,1.33228,1.34495,25.125,-35.625,35.812,-0.0065,-0.0285,-0.3261,0.9448
1781857849930,29263,0.15039,0.07861,1.31763,1.32851,23.062,-35.562,36.75,-0.0061,-0.0303,-0.3245,0.9453
1781857849930,29263,0.14771,0.06543,1.29639,1.30641,20.562,-34.938,37.188,-0.0057,-0.032,-0.3207,0.9465
1781857849930,29263,0.17261,0.13306,1.11816,1.13921,-7.938,-4.0,38.125,-0.0054,-0.0407,-0.3029,0.952
1781857849989,29322,0.17114,0.146,1.11597,1.13841,-12.188,-2.875,39.438,-0.0059,-0.0407,-0.3013,0.9525
1781857849989,29322,0.17041,0.15674,1.11353,1.13734,-16.625,-0.812,41.188,-0.0067,-0.0406,-0.2996,0.9531
1781857849989,29322,0.09619,0.27075,1.2561,1.28855,-31.375,10.562,52.438,-0.0194,-0.033,-0.2796,0.9592
1781857850052,29385,0.09619,0.27075,1.2561,1.28855,-31.375,10.562,52.438,-0.0194,-0.033,-0.2796,0.9592
1781857850052,29385,0.11133,0.28809,1.28882,1.32531,-26.438,5.062,52.375,-0.0216,-0.0316,-0.2803,0.959
1781857850052,29385,0.12427,0.21558,0.91675,0.94992,9.688,-51.0,61.25,-0.0288,-0.0403,-0.2581,0.9647
1781857850109,29442,0.12427,0.21558,0.91675,0.94992,9.688,-51.0,61.25,-0.0288,-0.0403,-0.2581,0.9647
1781857850109,29442,0.13623,0.1687,0.78076,0.81031,23.125,-58.125,60.938,-0.0285,-0.0452,-0.2512,0.9664
1781857850168,29501,0.08765,-0.02441,0.41382,0.4237,51.25,-76.812,59.438,-0.0187,-0.0786,-0.2208,0.9719
1781857850230,29563,0.08691,-0.03296,0.40576,0.41627,48.312,-76.562,59.062,-0.0176,-0.0822,-0.2182,0.9722
1781857850230,29563,0.08521,-0.04224,0.39575,0.40702,45.125,-75.812,58.25,-0.0165,-0.0858,-0.2132,0.973
1781857850230,29563,0.08301,0.10449,0.82227,0.83302,-58.188,-12.062,50.938,-0.0224,-0.1037,-0.1867,0.9766
1781857850230,29563,0.09009,0.13135,0.88599,0.90019,-69.625,-4.25,50.562,-0.0254,-0.1033,-0.1848,0.9769
1781857850294,29627,0.10181,0.16406,0.98853,1.00721,-84.875,4.75,51.375,-0.0308,-0.1021,-0.1836,0.9771
1781857850294,29627,0.1543,0.13281,1.13623,1.15433,-75.562,-25.062,52.375,-0.0723,-0.0918,-0.174,0.9777
1781857850294,29627,0.13599,-0.20288,0.35254,0.42888,67.812,-56.438,6.875,-0.0744,-0.124,-0.1585,0.9766
1781857850351,29684,0.13599,-0.20288,0.35254,0.42888,67.812,-56.438,6.875,-0.0744,-0.124,-0.1585,0.9766
1781857850351,29684,0.12646,-0.24341,0.34058,0.4373,65.375,-43.688,-1.562,-0.0695,-0.129,-0.1563,0.9766
1781857850352,29685,0.15552,-0.12964,0.45581,0.49875,20.938,34.312,-39.438,-0.0538,-0.1333,-0.1626,0.9761
1781857850413,29746,0.15552,-0.12964,0.45581,0.49875,20.938,34.312,-39.438,-0.0538,-0.1333,-0.1626,0.9761
1781857850471,29804,0.16138,-0.02661,0.57593,0.5987,13.812,54.188,-45.5,-0.0512,-0.1298,-0.1663,0.976
1781857850471,29804,0.31616,0.48535,1.74951,1.84291,9.75,114.062,-18.875,-0.0364,-0.0906,-0.1925,0.9763
1781857850471,29804,0.28003,0.48364,1.88208,1.9633,14.688,111.062,-4.812,-0.0338,-0.0837,-0.1934,0.9769
1781857850530,29863,0.24243,0.47632,1.99341,2.06381,22.938,94.188,9.25,-0.0305,-0.0753,-0.1983,0.9767
1781857850530,29863,0.23926,0.33154,1.61841,1.66925,46.312,-2.562,46.125,-0.0126,-0.0629,-0.1969,0.9782
1781857850531,29864,-0.03662,-0.1543,0.66064,0.67941,8.438,12.438,108.312,-0.0005,-0.0695,-0.1578,0.9849
1781857850590,29923,-0.07031,-0.20923,0.63696,0.67412,0.812,19.75,107.75,-0.0007,-0.0687,-0.1533,0.9857
1781857850590,29923,-0.09521,-0.28613,0.61768,0.68736,-8.125,26.75,106.062,-0.0012,-0.0675,-0.1488,0.9865
1781857850590,29923,-0.09521,-0.28613,0.61768,0.68736,-8.125,26.75,106.062,-0.0012,-0.0675,-0.1488,0.9865
1781857850656,29989,-0.19507,-0.44922,0.49194,0.69416,-75.25,82.75,33.5,-0.0272,-0.0363,-0.1327,0.99
1781857850656,29989,-0.177,-0.41284,0.51196,0.68108,-72.812,84.625,26.875,-0.03,-0.0322,-0.1317,0.9902
1781857850656,29989,-0.13086,-0.10229,0.93018,0.94489,29.625,71.938,-5.625,-0.0366,0.0064,-0.1488,0.988
1781857850710,30043,-0.1167,-0.08496,1.00171,1.01206,38.438,68.625,-7.188,-0.0346,0.0092,-0.1492,0.988
1781857850710,30043,-0.10352,-0.07251,1.06445,1.07193,47.438,65.875,-7.438,-0.0322,0.0117,-0.1497,0.988
1781857850710,30043,-0.03027,0.08594,1.23975,1.24309,36.875,0.125,-40.5,-0.0056,0.0223,-0.1668,0.9856
1781857850768,30101,0.0,0.08984,1.20142,1.20477,31.375,-4.812,-42.25,-0.0042,0.0219,-0.1686,0.9854
1781857850768,30101,0.02344,0.09082,1.15332,1.15713,26.688,-8.438,-42.312,-0.0031,0.0213,-0.1704,0.9851
1781857850769,30102,0.09302,0.03613,0.84497,0.85084,20.188,-4.625,-26.625,0.0037,0.0153,-0.1854,0.9824
1781857850830,30163,0.09375,0.01978,0.84741,0.85281,20.25,-3.938,-25.812,0.0045,0.015,-0.1865,0.9822
1781857850830,30163,0.09521,0.00806,0.85181,0.85715,20.75,-3.812,-25.25,0.0053,0.0146,-0.1876,0.982
1781857850830,30163,0.11328,0.00415,0.8623,0.86972,25.25,-10.062,-24.062,0.0147,0.0092,-0.1997,0.9796
1781857850888,30221,0.11694,0.01001,0.85132,0.85937,24.625,-8.562,-23.75,0.0156,0.0086,-0.2007,0.9794
1781857850889,30222,0.12451,0.0144,0.84985,0.85905,24.688,-6.562,-23.062,0.0166,0.008,-0.2017,0.9792
1781857850891,30224,0.20142,0.07617,0.94189,0.9662,15.625,12.5,-5.312,0.0254,0.007,-0.2091,0.9774
1781857850950,30283,0.21411,0.08203,0.97217,0.99884,14.188,13.375,-2.938,0.0261,0.0073,-0.2092,0.9774
1781857850950,30283,0.21484,0.08594,0.99731,1.02381,13.25,14.375,-0.688,0.0268,0.0076,-0.2092,0.9774
1781857850950,30283,0.14868,0.18091,1.2251,1.24728,0.375,34.0,28.5,0.0325,0.0138,-0.2093,0.9771
1781857851008,30341,0.14038,0.18823,1.29932,1.32036,-3.625,40.812,33.625,0.0329,0.016,-0.2072,0.9775
1781857851008,30341,0.14307,0.18384,1.35693,1.37678,-6.812,44.812,36.75,0.0331,0.0178,-0.2056,0.9778
1781857851010,30343,0.14307,0.18384,1.35693,1.37678,-6.812,44.812,36.75,0.0331,0.0178,-0.2056,0.9778
1781857851070,30403,0.04712,0.19531,1.63306,1.64537,-28.312,41.625,67.062,0.0298,0.0357,-0.1997,0.9786
1781857851070,30403,0.01196,0.18945,1.604,1.6152,-24.688,33.188,69.75,0.0285,0.039,-0.1937,0.9797
1781857851071,30404,0.03101,0.15869,1.32373,1.33357,6.625,-15.062,65.562,0.0283,0.0419,-0.1757,0.983
1781857851128,30461,0.02979,0.16577,1.27515,1.28622,8.25,-20.125,66.25,0.0286,0.041,-0.173,0.9835
1781857851128,30461,0.02026,0.18018,1.22705,1.24037,9.938,-23.75,67.062,0.0291,0.0397,-0.1702,0.9841
1781857851129,30462,0.02026,0.18018,1.22705,1.24037,9.938,-23.75,67.062,0.0291,0.0397,-0.1702,0.9841
1781857851189,30522,-0.03174,0.22168,1.02905,1.05314,-24.938,5.75,75.75,0.0294,0.0308,-0.147,0.9881
1781857851189,30522,-0.03271,0.22021,1.03613,1.05978,-32.438,13.125,76.625,0.0283,0.0314,-0.1437,0.9886
1781857851190,30523,-0.03271,0.22021,1.03613,1.05978,-32.438,13.125,76.625,0.0283,0.0314,-0.1437,0.9886
1781857851251,30584,-0.02466,0.23877,1.09912,1.12503,-54.438,7.438,69.312,0.0065,0.0448,-0.1202,0.9916
1781857851310,30643,-0.01685,0.23755,1.06274,1.0891,-49.125,0.875,68.312,0.0046,0.0451,-0.1172,0.992
1781857851310,30643,-0.01685,0.23755,1.06274,1.0891,-49.125,0.875,68.312,0.0046,0.0451,-0.1172,0.992
1781857851310,30643,0.01807,0.15454,0.70386,0.72085,-9.688,-34.188,72.5,-0.0045,0.0346,-0.0944,0.9948
1781857851369,30702,0.01807,0.14624,0.68604,0.70168,-10.25,-33.938,72.188,-0.0049,0.0331,-0.0913,0.9952
1781857851369,30702,0.04028,0.1106,0.62939,0.64031,-34.312,-0.5,73.312,-0.0132,0.0247,-0.0665,0.9973
1781857851372,30705,-0.0542,0.05518,0.74268,0.74669,-49.25,19.5,60.312,-0.0351,0.0336,-0.0436,0.9978
1781857851428,30761,-0.06079,0.04956,0.75,0.75409,-48.188,20.688,58.312,-0.037,0.0347,-0.0411,0.9978
1781857851429,30762,-0.06616,0.05249,0.76562,0.77027,-47.0,22.062,56.188,-0.0389,0.0358,-0.0386,0.9978
1781857851429,30762,-0.10352,0.06104,0.89307,0.90112,-38.438,17.938,42.812,-0.0529,0.0454,-0.0293,0.997
1781857851491,30824,-0.11963,0.04663,0.89746,0.9066,-32.375,15.562,38.5,-0.0561,0.0478,-0.0286,0.9968
1781857851491,30824,-0.12158,0.04053,0.89502,0.90415,-29.812,14.375,36.562,-0.0572,0.0485,-0.027,0.9967
1781857851492,30825,-0.12158,0.04053,0.89502,0.90415,-29.812,14.375,36.562,-0.0572,0.0485,-0.027,0.9967
1781857851609,30942,-0.15283,0.00049,0.89819,0.9111,5.062,11.875,8.938,-0.0609,0.0554,-0.0278,0.9961
1781857851610,30943,-0.15186,0.00024,0.90356,0.91624,8.938,12.812,6.312,-0.0604,0.056,-0.0275,0.9961
1781857851610,30943,-0.17358,0.11719,1.07349,1.09373,32.25,35.125,-1.25,-0.0499,0.0635,-0.0337,0.996
1781857851610,30943,-0.17358,0.11719,1.07349,1.09373,32.25,35.125,-1.25,-0.0499,0.0635,-0.0337,0.996
1781857851669,31002,-0.16382,0.14771,1.24023,1.2597,29.188,50.562,2.188,-0.046,0.0684,-0.0378,0.9958
1781857851669,31002,-0.17773,0.21338,1.63916,1.66252,13.5,29.938,28.75,-0.035,0.0886,-0.0402,0.9946
1781857851730,31063,-0.12622,0.0791,1.10571,1.1157,51.062,-65.562,57.5,-0.013,0.0755,-0.0272,0.9966
1781857851733,31066,-0.13257,0.05933,1.02026,1.03055,49.562,-70.5,62.125,-0.0095,0.0711,-0.0253,0.997
1781857851733,31066,-0.14355,0.04761,0.96802,0.97976,47.625,-72.625,65.062,-0.0073,0.0679,-0.0227,0.9973
1781857851734,31067,-0.24146,-0.19604,0.70703,0.77242,5.75,-32.125,72.875,0.0053,0.0452,0.004,0.9988
1781857851849,31182,-0.25146,-0.21509,0.70093,0.77511,-4.062,-20.875,69.062,0.0054,0.0438,0.0051,0.9989
1781857851849,31182,-0.24976,-0.21997,0.70312,0.77791,-11.062,-13.438,66.062,0.005,0.0432,0.0079,0.9989
1781857852030,31363,-0.1626,-0.18433,0.85352,0.8882,-35.25,11.812,29.125,-0.0067,0.0465,0.0202,0.9986
1781857852030,31363,-0.1626,-0.18433,0.85352,0.8882,-35.25,11.812,29.125,-0.0067,0.0465,0.0202,0.9986
1781857852030,31363,-0.1438,-0.15747,0.85327,0.87952,-29.562,8.125,22.312,-0.0086,0.0472,0.0182,0.9986
1781857852030,31363,-0.02026,-0.02539,0.84961,0.85023,16.875,-11.375,5.188,-0.0091,0.0454,0.0155,0.9987
1781857852090,31423,0.05469,0.07715,0.96143,0.96607,9.438,-4.0,9.625,0.001,0.0412,0.0112,0.999
1781857852152,31485,0.04346,0.10376,0.96704,0.97356,7.375,-2.688,11.438,0.0017,0.0409,0.0093,0.999
1781857852209,31542,0.10229,0.12598,0.97119,0.98466,-3.312,-1.0,55.25,0.0068,0.0252,0.0421,0.9987
1781857852209,31542,0.08472,0.20337,1.03369,1.05691,-2.188,9.125,55.75,0.007,0.0255,0.0468,0.9985
1781857852209,31542,0.0874,0.22314,1.06567,1.09229,-1.438,13.312,56.188,0.007,0.026,0.0493,0.9984
1781857852210,31543,0.05078,0.37158,1.36963,1.42005,-0.438,21.0,78.188,0.0084,0.0322,0.0627,0.9974
1781857852268,31601,-0.01929,0.33667,1.27271,1.31662,9.625,20.438,109.188,0.0168,0.0441,0.1025,0.9935
1781857852268,31601,-0.00708,0.33252,1.2251,1.26944,7.75,16.688,107.938,0.0174,0.0448,0.1072,0.993
1781857852269,31602,-0.00708,0.33252,1.2251,1.26944,7.75,16.688,107.938,0.0174,0.0448,0.1072,0.993
1781857852332,31665,0.05225,0.36646,0.90039,0.97351,-9.875,27.375,132.875,0.0212,0.0505,0.1506,0.987
1781857852333,31666,0.03662,0.36987,0.90747,0.98064,-13.75,32.312,138.375,0.0209,0.0516,0.1564,0.986
1781857852333,31666,-0.10449,0.20825,1.12695,1.15079,-36.625,38.375,146.75,0.0103,0.0659,0.2099,0.9754
1781857852458,31791,-0.1145,0.2019,1.11792,1.14176,-38.438,33.812,141.75,0.0075,0.0681,0.2221,0.9725
1781857852458,31791,-0.11182,0.19214,1.11426,1.13622,-38.688,31.812,137.5,0.0054,0.0695,0.2276,0.9711
1781857852458,31791,-0.04907,0.15112,1.09717,1.10861,-30.75,6.188,117.375,-0.0043,0.0733,0.2684,0.9604
1781857852458,31791,-0.04883,0.1416,1.08813,1.0984,-30.438,2.562,115.062,-0.0053,0.073,0.2733,0.9591
1781857852509,31842,-0.05225,0.12891,1.07275,1.08173,-30.125,-0.625,112.375,-0.0061,0.0727,0.278,0.9577
1781857852509,31842,-0.00879,0.10303,0.97437,0.97984,-30.312,-12.312,86.438,-0.0134,0.0655,0.3174,0.9458
1781857852510,31843,-0.00879,0.10303,0.97437,0.97984,-30.312,-12.312,86.438,-0.0134,0.0655,0.3174,0.9458
1781857852568,31901,-0.00879,0.10303,0.97437,0.97984,-30.312,-12.312,86.438,-0.0134,0.0655,0.3174,0.9458
1781857852568,31901,0.00879,0.14771,1.01782,1.02852,-38.188,-22.0,69.938,-0.0257,0.0497,0.3624,0.9302
1781857852570,31903,-0.10059,0.18799,1.02246,1.04445,-32.188,-26.25,69.5,-0.0343,0.0345,0.3935,0.9179
1781857852628,31961,-0.11475,0.17822,1.04175,1.06309,-30.75,-25.188,67.688,-0.0349,0.0332,0.3963,0.9168
1781857852628,31961,-0.14893,0.17725,1.05859,1.08361,-28.0,-24.062,63.438,-0.036,0.0305,0.4019,0.9143
1781857852629,31962,-0.26343,0.25073,1.1333,1.19022,-19.438,0.938,53.375,-0.0411,0.0238,0.4227,0.9049
1781857852688,32021,-0.26611,0.25854,1.15479,1.21293,-16.938,6.312,52.5,-0.0417,0.0239,0.4248,0.9039
1781857852688,32021,-0.2688,0.26514,1.16772,1.22725,-13.5,11.125,51.5,-0.0423,0.0242,0.4268,0.9029
1781857852689,32022,-0.30151,0.33203,1.50293,1.56842,31.188,37.938,59.625,-0.0415,0.0397,0.4456,0.8933
1781857852748,32081,-0.2998,0.33081,1.54834,1.61142,32.438,33.375,60.125,-0.0407,0.0419,0.4478,0.8921
1781857852748,32081,-0.30713,0.33276,1.57666,1.6404,33.5,27.25,60.75,-0.0397,0.0439,0.45,0.8909
1781857852749,32082,-0.21973,0.31982,1.1709,1.23352,46.125,-32.125,76.562,-0.0203,0.0515,0.472,0.8797
1781857852812,32145,-0.21313,0.30078,1.09668,1.15698,45.375,-35.125,81.438,-0.0177,0.0513,0.4749,0.8782
1781857852813,32146,-0.2168,0.2915,1.02588,1.0883,43.5,-36.5,86.688,-0.015,0.051,0.4781,0.8765
1781857852813,32146,-0.396,-0.05884,0.7124,0.81719,-28.438,10.688,144.312,-0.0048,0.0485,0.523,0.8508
1781857852868,32201,-0.42969,-0.10229,0.7229,0.84716,-39.5,14.438,144.375,-0.0063,0.0484,0.5284,0.8475
1781857852869,32202,-0.46069,-0.13965,0.73755,0.88075,-50.25,18.188,141.688,-0.0083,0.048,0.5336,0.8442
1781857852869,32202,-0.43701,-0.12256,0.7832,0.90521,-50.062,54.375,60.812,-0.0408,0.0485,0.5723,0.8174
1781857852929,32262,-0.40894,-0.09814,0.81494,0.91706,-42.25,54.875,55.438,-0.0437,0.0494,0.5744,0.8158
1781857852929,32262,-0.37671,-0.07422,0.83813,0.92189,-34.438,53.75,51.438,-0.0463,0.0506,0.5761,0.8143
1781857852929,32262,-0.24951,-0.02856,0.99512,1.02632,32.875,2.25,36.438,-0.0517,0.0631,0.5925,0.8013
1781857852989,32322,-0.2334,-0.0271,0.98706,1.01464,36.688,-1.875,34.625,-0.0504,0.0641,0.5936,0.8004
1781857852991,32324,-0.22583,-0.02344,0.97705,1.00308,39.5,-5.062,33.312,-0.0489,0.0651,0.5947,0.7997
1781857852993,32326,-0.22583,-0.02344,0.97705,1.00308,39.5,-5.062,33.312,-0.0489,0.0651,0.5947,0.7997
1781857853049,32382,-0.15967,-0.03271,0.89038,0.90518,15.875,-5.812,34.125,-0.035,0.0708,0.6048,0.7923
1781857853050,32383,-0.15723,-0.03833,0.87036,0.88528,8.438,-3.688,35.312,-0.0341,0.0711,0.6065,0.791
1781857853050,32383,-0.15723,-0.03833,0.87036,0.88528,8.438,-3.688,35.312,-0.0341,0.0711,0.6065,0.791
1781857853110,32443,-0.15967,-0.11035,0.84082,0.86293,-24.875,7.5,34.125,-0.0395,0.0693,0.622,0.7788
1781857853110,32443,-0.16211,-0.11475,0.84326,0.86634,-25.938,6.312,32.188,-0.0405,0.0689,0.6232,0.7778
1781857853111,32444,-0.16724,-0.0752,0.85815,0.87753,-19.938,-1.625,16.938,-0.0498,0.062,0.6344,0.7687
1781857853169,32502,-0.16919,-0.07495,0.87012,0.88958,-18.5,-1.812,16.312,-0.0507,0.0612,0.6353,0.768
1781857853172,32505,-0.17188,-0.07056,0.87988,0.89928,-17.938,-1.438,15.562,-0.0512,0.0607,0.6359,0.7675
1781857853172,32505,-0.17188,-0.07056,0.87988,0.89928,-17.938,-1.438,15.562,-0.0512,0.0607,0.6359,0.7675
1781857853232,32565,-0.16504,-0.02637,0.93628,0.95108,-1.5,-11.5,-1.125,-0.054,0.0549,0.6416,0.763
1781857853233,32566,-0.15723,-0.01245,0.94189,0.95501,1.75,-10.125,-2.0,-0.0537,0.0546,0.6415,0.7631
1781857853234,32567,-0.15723,-0.01245,0.94189,0.95501,1.75,-10.125,-2.0,-0.0537,0.0546,0.6415,0.7631
1781857853352,32685,-0.14819,0.1394,1.13916,1.15719,19.062,13.312,13.812,-0.0488,0.0576,0.6439,0.7612
1781857853353,32686,-0.13721,0.14087,1.20776,1.22367,21.562,18.125,18.0,-0.0483,0.0594,0.6447,0.7605
1781857853353,32686,-0.13721,0.14087,1.20776,1.22367,21.562,18.125,18.0,-0.0483,0.0594,0.6447,0.7605
1781857853353,32686,-0.11182,0.18652,1.38306,1.40005,28.0,10.75,45.438,-0.043,0.0732,0.6547,0.7509
1781857853408,32741,-0.12402,0.19141,1.36792,1.3868,28.75,10.0,48.562,-0.0421,0.0744,0.6561,0.7496
1781857853408,32741,-0.15918,0.1355,1.39917,1.4147,14.875,15.0,79.375,-0.036,0.087,0.6746,0.7319
1781857853409,32742,-0.15918,0.1355,1.39917,1.4147,14.875,15.0,79.375,-0.036,0.087,0.6746,0.7319
1781857853530,32863,-0.13281,-0.06689,0.86133,0.87407,-19.5,-30.062,64.688,-0.0288,0.0796,0.7006,0.7084
1781857853530,32863,-0.12817,-0.09863,0.79761,0.81384,-28.5,-21.125,61.125,-0.0284,0.0759,0.705,0.7044
1781857853530,32863,-0.18433,-0.10596,0.98438,1.00707,-72.812,25.562,28.562,-0.0497,0.0607,0.724,0.6852
1781857853531,32864,-0.18262,-0.0813,1.01904,1.03846,-70.938,23.688,19.75,-0.054,0.0584,0.7252,0.6838
1781857853588,32921,-0.17163,-0.06909,1.03418,1.0506,-69.0,21.375,14.562,-0.0567,0.057,0.7258,0.6831
1781857853588,32921,-0.10742,0.07715,1.01831,1.02686,-37.562,-8.312,-11.75,-0.07,0.0453,0.7296,0.6787
1781857853589,32922,-0.10742,0.07715,1.01831,1.02686,-37.562,-8.312,-11.75,-0.07,0.0453,0.7296,0.6787
1781857853652,32985,0.0144,0.1604,0.79443,0.81059,10.188,-45.75,-19.0,-0.0598,0.0275,0.7285,0.6816
1781857853653,32986,0.01831,0.16919,0.77588,0.79432,12.75,-46.875,-18.312,-0.0579,0.0265,0.7281,0.6823
1781857853653,32986,0.06714,0.21777,0.67163,0.70924,21.562,-45.125,-1.562,-0.0387,0.0192,0.7273,0.6848
1781857853711,33044,0.06714,0.21777,0.67163,0.70924,21.562,-45.125,-1.562,-0.0387,0.0192,0.7273,0.6848
1781857853712,33045,0.06348,0.21289,0.65356,0.69029,19.688,-41.25,5.938,-0.0346,0.018,0.7284,0.6838
1781857853712,33045,0.01782,0.18579,0.67651,0.70179,11.75,-1.75,22.812,-0.0228,0.0166,0.7333,0.6791
1781857853769,33102,0.02148,0.19556,0.75342,0.77868,6.875,9.438,26.438,-0.0223,0.0178,0.7351,0.6772
1781857853772,33105,0.02295,0.198,0.77905,0.80415,5.25,12.875,28.25,-0.0224,0.0184,0.7359,0.6763
1781857853774,33107,-0.09619,0.1875,0.97754,1.0,2.062,22.188,42.75,-0.0264,0.0252,0.7463,0.6644
1781857853888,33221,-0.09619,0.1875,0.97754,1.0,2.062,22.188,42.75,-0.0264,0.0252,0.7463,0.6644
1781857853888,33221,-0.13867,0.18799,1.00879,1.03548,0.25,24.062,44.188,-0.0277,0.0269,0.7487,0.6616
1781857853889,33222,-0.28491,0.17969,1.27148,1.31535,-10.188,66.125,49.5,-0.0426,0.0393,0.7607,0.6463
1781857853890,33223,-0.29736,0.16699,1.29395,1.33814,-10.312,67.312,50.375,-0.0449,0.041,0.762,0.6445
1781857853949,33282,-0.30957,0.16919,1.31372,1.36027,-9.875,67.688,50.688,-0.0474,0.0427,0.7635,0.6425
1781857854008,33341,-0.40894,0.07568,1.44019,1.49903,18.938,39.375,37.125,-0.0657,0.0612,0.7759,0.6243
1781857854128,33461,-0.40894,0.07568,1.44019,1.49903,18.938,39.375,37.125,-0.0657,0.0612,0.7759,0.6243
1781857854128,33461,-0.32129,0.05591,1.19727,1.24089,40.25,-34.0,21.875,-0.0543,0.0781,0.7828,0.6148
1781857854128,33461,-0.31104,0.03223,1.10181,1.14532,40.188,-40.562,23.25,-0.0496,0.0789,0.7843,0.6132
1781857854130,33463,-0.39917,-0.10889,0.78833,0.89031,6.812,-27.375,22.812,-0.0319,0.0777,0.7912,0.6056
1781857854188,33521,-0.41846,-0.12793,0.77368,0.88885,-0.688,-21.188,20.062,-0.0308,0.077,0.792,0.6046
1781857854189,33522,-0.36133,-0.09839,0.82397,0.90508,-14.75,1.125,-14.438,-0.0366,0.07,0.7967,0.5989
1781857854189,33522,-0.19775,-0.06641,0.78662,0.81381,-16.75,-11.188,-35.438,-0.0309,0.0581,0.789,0.6106
1781857854248,33581,-0.19775,-0.06641,0.78662,0.81381,-16.75,-11.188,-35.438,-0.0309,0.0581,0.789,0.6106
1781857854248,33581,-0.19849,-0.06641,0.81714,0.84352,-19.25,-7.312,-36.75,-0.0318,0.0562,0.7894,0.6104
1781857854250,33583,-0.28613,-0.09229,1.14453,1.18336,-22.062,-10.875,-64.812,-0.0373,0.0458,0.7824,0.6197
1781857854317,33650,-0.25562,-0.06494,1.19556,1.2243,-11.062,-13.125,-71.688,-0.0375,0.0444,0.7797,0.6232
1781857854320,33653,-0.19556,-0.02271,1.25122,1.26661,10.25,-21.938,-80.688,-0.0368,0.0432,0.7776,0.626
1781857854321,33654,-0.0022,0.07275,1.13208,1.13442,87.125,-81.562,-78.438,-0.0064,0.0452,0.7589,0.6495
1781857854369,33702,0.00415,0.07373,1.10742,1.10988,88.5,-83.125,-74.875,-0.0014,0.0458,0.7566,0.6521
1781857854369,33702,0.0061,0.07861,1.07764,1.08052,86.938,-81.75,-68.5,0.0085,0.0468,0.7522,0.6571
1781857854369,33702,0.07031,0.18408,1.14624,1.16305,45.625,-35.625,-41.25,0.0404,0.0515,0.7388,0.6706
1781857854432,33765,0.07446,0.18018,1.17188,1.18798,37.938,-31.688,-38.125,0.0426,0.0519,0.7375,0.6718
1781857854433,33766,0.08325,0.17993,1.18604,1.20249,30.562,-28.812,-34.562,0.0444,0.0521,0.7363,0.6729
1781857854433,33766,0.15234,0.16528,1.14648,1.16831,-12.688,-18.438,1.0,0.0523,0.0468,0.7324,0.677
1781857854494,33827,0.14453,0.16016,1.11499,1.13567,-14.0,-17.75,4.0,0.0524,0.0458,0.7325,0.677
1781857854550,33883,0.12915,0.14966,1.09473,1.11243,-14.5,-16.75,6.375,0.0526,0.0448,0.7327,0.6769
1781857854550,33883,0.02368,0.21436,1.15796,1.17787,-22.875,19.875,18.938,0.0467,0.0386,0.7384,0.6715
1781857854608,33941,0.02368,0.21436,1.15796,1.17787,-22.875,19.875,18.938,0.0467,0.0386,0.7384,0.6715
1781857854608,33941,0.06519,0.21387,1.24951,1.26936,-23.125,13.875,22.75,0.0432,0.038,0.7416,0.6682
1781857854608,33941,0.05273,0.14404,0.92505,0.93768,-23.062,-28.125,28.125,0.0416,0.0285,0.7493,0.6602
1781857854609,33942,0.0293,0.02539,0.83008,0.83098,-50.375,16.312,24.062,0.0308,0.0108,0.7617,0.6469
1781857854728,34061,0.02954,0.02856,0.84033,0.84134,-50.062,17.688,21.188,0.0289,0.0096,0.7623,0.6462
1781857854728,34061,0.03687,0.03882,0.85767,0.85934,-47.188,18.875,15.688,0.0249,0.0074,0.7646,0.6437
1781857854730,34063,0.07471,0.12573,0.90454,0.91629,-31.688,11.25,7.438,0.0126,0.0007,0.7686,0.6394
1781857854730,34063,0.07324,0.13086,0.91528,0.92749,-29.375,9.375,7.625,0.0115,0.0,0.7689,0.6392
1781857854788,34121,0.073,0.13818,0.91626,0.92949,-26.875,6.875,7.438,0.0105,-0.0006,0.7691,0.6389
1781857854788,34121,0.02002,0.03784,0.91577,0.91677,-23.188,-31.5,-10.5,0.0081,-0.0114,0.7719,0.6354
1781857854789,34122,0.08228,0.15723,0.6355,0.65981,41.875,-77.25,-35.75,0.0327,-0.0291,0.7637,0.6439
1781857854850,34183,0.09375,0.16211,0.6416,0.66837,48.438,-72.812,-30.5,0.0365,-0.0294,0.7628,0.6448
1781857854851,34184,0.12622,0.16797,0.65991,0.69255,51.812,-68.125,-24.938,0.0404,-0.0296,0.762,0.6455
1781857854852,34185,0.08203,0.0332,0.68286,0.68857,18.875,-30.375,10.125,0.067,-0.0326,0.7612,0.644
1781857854910,34243,0.09155,0.05029,0.69287,0.7007,15.375,-23.562,9.438,0.0683,-0.0328,0.7614,0.6436
1781857854910,34243,0.10352,0.07373,0.70312,0.71452,12.562,-17.0,9.125,0.0693,-0.0328,0.7616,0.6433
1781857854913,34246,0.10767,0.11523,0.89331,0.90712,12.312,22.562,20.938,0.0693,-0.0281,0.7683,0.6354
1781857854968,34301,0.10767,0.11523,0.89331,0.90712,12.312,22.562,20.938,0.0693,-0.0281,0.7683,0.6354
1781857855028,34361,0.10083,0.11768,0.91455,0.92759,13.938,26.188,21.0,0.0688,-0.027,0.769,0.6348
1781857855028,34361,0.06006,0.22192,1.21973,1.24121,17.688,49.562,22.938,0.0587,-0.0082,0.7774,0.6261
1781857855035,34368,0.06567,0.19678,1.25146,1.26854,17.75,47.625,26.062,0.0564,-0.0044,0.7789,0.6244
1781857855036,34369,0.03931,0.16284,1.26123,1.27231,17.5,45.125,26.438,0.0542,-0.0007,0.7812,0.6217
1781857855088,34421,0.03931,0.16284,1.26123,1.27231,17.5,45.125,26.438,0.0542,-0.0007,0.7812,0.6217
1781857855149,34482,-0.00586,0.19727,1.3125,1.32725,9.188,52.688,21.625,0.0436,0.0133,0.7891,0.6123
1781857855152,34485,-0.10107,0.16431,1.52319,1.53536,1.688,27.75,24.25,0.0242,0.0306,0.801,0.5972
1781857855152,34485,-0.10132,0.16626,1.48242,1.49515,4.375,15.25,21.688,0.0233,0.0316,0.8018,0.5961
1781857855208,34541,-0.09644,0.16235,1.43555,1.44791,6.188,7.312,20.312,0.0231,0.0321,0.8024,0.5953
1781857855208,34541,-0.13452,0.01855,1.00537,1.0145,-8.125,-26.875,26.688,0.0291,0.0284,0.8094,0.5856
1781857855209,34542,-0.13452,0.01855,1.00537,1.0145,-8.125,-26.875,26.688,0.0291,0.0284,0.8094,0.5856
1781857855268,34601,-0.18701,-0.09131,0.8645,0.8892,-32.938,-13.5,-3.75,0.0288,0.0123,0.8172,0.5753
1781857855268,34601,-0.18481,-0.0813,0.8623,0.88563,-31.312,-13.062,-7.5,0.0283,0.0109,0.8171,0.5756
1781857855272,34605,-0.18481,-0.0813,0.8623,0.88563,-31.312,-13.062,-7.5,0.0283,0.0109,0.8171,0.5756
1781857855330,34663,-0.11548,-0.03369,0.84424,0.85277,-9.188,-23.25,-41.062,0.0293,0.0025,0.8156,0.5776
1781857855330,34663,-0.12109,-0.02612,0.80469,0.81417,-3.812,-25.438,-44.188,0.0303,0.0014,0.814,0.58
1781857855334,34667,-0.12109,-0.02612,0.80469,0.81417,-3.812,-25.438,-44.188,0.0303,0.0014,0.814,0.58
1781857855388,34721,-0.04102,-0.0293,0.68018,0.68204,12.75,-31.312,-55.438,0.0423,-0.002,0.8033,0.5939
1781857855390,34723,-0.04346,-0.02197,0.67529,0.67705,13.75,-30.125,-55.875,0.0437,-0.0022,0.8018,0.5958
1781857855390,34723,-0.04346,-0.02197,0.67529,0.67705,13.75,-30.125,-55.875,0.0437,-0.0022,0.8018,0.5958
1781857855568,34901,0.02246,-0.05713,0.82788,0.83015,20.062,-20.062,-44.938,0.057,0.0002,0.79,0.6102
1781857855687,35020,0.02466,-0.05054,0.83496,0.83685,17.0,-21.188,-43.812,0.0582,0.0003,0.7889,0.6116
1781857855688,35021,-0.00171,-0.10986,0.83667,0.84385,16.938,80.562,15.062,0.0571,0.0082,0.7861,0.6152
1781857855688,35021,-0.02661,-0.13306,0.91309,0.92311,8.75,77.812,9.562,0.0546,0.0106,0.7868,0.6146
1781857855689,35022,-0.02759,-0.1792,0.98462,1.00117,-1.125,72.438,4.5,0.0521,0.0125,0.7871,0.6143
1781857855753,35086,-0.1189,-0.09204,1.18433,1.19383,-20.188,64.75,-44.562,0.0154,0.0295,0.788,0.6146
1781857855928,35261,0.11816,0.28174,1.30176,1.33713,16.25,-8.625,-21.438,-0.0001,0.0474,0.7657,0.6413
1781857856108,35441,0.11816,0.28174,1.30176,1.33713,16.25,-8.625,-21.438,-0.0001,0.0474,0.7657,0.6413
1781857856108,35441,0.1499,0.17969,0.83789,0.86995,-33.438,-46.438,27.75,0.0017,0.0242,0.7789,0.6264
1781857856109,35442,0.13965,0.1748,0.82739,0.85711,-33.438,-45.812,29.875,0.0024,0.0219,0.7797,0.6255
1781857856110,35443,0.07666,-0.0354,0.90918,0.91309,-55.562,-14.062,36.312,0.0021,0.0035,0.7882,0.6153
1781857856228,35561,-0.04614,-0.01294,0.74609,0.74763,-55.25,77.312,50.0,-0.005,0.0012,0.7911,0.6115
1781857856228,35561,0.12524,0.02148,0.73755,0.74842,-40.812,4.375,50.062,-0.0452,-0.0315,0.822,0.5667
1781857856230,35563,0.12524,0.02148,0.73755,0.74842,-40.812,4.375,50.062,-0.0452,-0.0315,0.822,0.5667
1781857856230,35563,-0.07642,0.20874,1.30029,1.31916,36.812,-31.688,85.188,0.0034,0.0194,0.8506,0.5253
1781857856349,35682,0.00024,0.04712,1.11279,1.11379,45.188,-42.0,87.625,0.0132,0.0222,0.8576,0.5134
1781857856349,35682,-0.12866,0.01392,1.11426,1.12175,81.625,-31.0,47.938,0.0272,0.0304,0.8636,0.5023
1781857856349,35682,-0.08521,0.4668,1.58179,1.65143,85.688,46.875,55.688,0.0382,0.0736,0.871,0.484
1781857856351,35684,-0.09058,0.44727,1.56763,1.6327,81.812,49.688,49.438,0.0383,0.0797,0.8723,0.4807
1781857856408,35741,-0.10571,0.3689,1.58105,1.62696,77.875,39.938,52.062,0.0383,0.0875,0.875,0.4744
1781857856409,35742,-0.01733,0.42529,1.11475,1.19324,102.562,46.625,97.75,0.0466,0.1152,0.8864,0.4457
1781857856409,35742,-0.18799,0.24341,0.90503,0.95586,144.312,-74.75,41.562,0.0881,0.1522,0.8881,0.4244
1781857856468,35801,-0.16626,0.28882,0.93481,0.99244,170.25,-61.562,34.188,0.0995,0.1619,0.8867,0.4213
1781857856468,35801,-0.16699,0.28711,0.91504,0.97346,171.125,-44.688,32.25,0.1074,0.1699,0.8847,0.4202
1781857856475,35808,-0.16309,0.33325,0.78149,0.86509,118.875,57.25,40.062,0.1256,0.2165,0.8809,0.4014
1781857856532,35865,-0.15991,0.36426,0.77344,0.86975,115.438,64.188,43.625,0.1256,0.2218,0.8809,0.3986
1781857856532,35865,-0.13599,0.40771,0.77295,0.88441,113.625,69.625,46.25,0.1253,0.227,0.8809,0.3956
1781857856533,35866,-0.06909,0.55469,0.6748,0.87625,79.562,69.125,55.625,0.1174,0.2723,0.8853,0.3577
1781857856587,35920,-0.06909,0.53491,0.66235,0.85418,57.375,62.75,58.875,0.1158,0.2788,0.8862,0.3511
1781857856587,35920,-0.08667,0.51831,0.65747,0.84168,42.188,55.812,64.75,0.1134,0.2838,0.8884,0.3422
1781857856589,35922,-0.02026,0.61182,0.62061,0.87171,78.188,23.25,89.75,0.1131,0.3034,0.895,0.3063
1781857856708,36041,-0.02319,0.64478,0.625,0.89828,84.25,19.312,91.25,0.1146,0.3065,0.8952,0.3022
1781857856708,36041,-0.01514,0.65991,0.61792,0.90418,87.812,16.562,92.562,0.1163,0.3096,0.8953,0.298
1781857856709,36042,0.05322,0.61304,0.55981,0.83189,5.688,-29.5,62.875,0.136,0.3275,0.8978,0.2608
1781857856711,36044,0.07373,0.59912,0.56519,0.82693,-12.5,-28.562,55.75,0.1398,0.3257,0.8989,0.2572
1781857856831,36164,0.10156,0.56909,0.52222,0.77903,-20.625,-25.375,53.812,0.1426,0.3233,0.9005,0.2529
1781857856835,36168,0.12158,0.70605,0.54517,0.90028,-3.312,-15.0,43.438,0.1513,0.3161,0.9063,0.2356
1781857856839,36172,0.08032,0.59692,0.60889,0.85645,2.25,6.312,68.375,0.1619,0.3095,0.9145,0.2036
1781857856839,36172,0.09302,0.58301,0.61353,0.85145,-2.5,6.062,66.062,0.1625,0.3091,0.9151,0.2009
1781857856889,36222,0.11157,0.58032,0.62061,0.85696,-9.125,4.75,63.25,0.1632,0.3084,0.9158,0.1984
1781857857008,36341,0.16919,0.61304,0.64209,0.90373,-84.375,-2.438,35.5,0.1637,0.2912,0.9264,0.1731
1781857857008,36341,0.14648,0.43213,0.57373,0.73305,-150.375,-2.562,3.875,0.1544,0.22,0.9484,0.1677
1781857857009,36342,0.14795,0.40405,0.57202,0.71579,-146.625,0.125,4.938,0.1534,0.2141,0.9498,0.1685
1781857857009,36342,0.15674,0.39966,0.57104,0.71441,-141.75,2.875,5.438,0.1523,0.2082,0.9511,0.1692
1781857857071,36404,0.15674,0.39966,0.57104,0.71441,-141.75,2.875,5.438,0.1523,0.2082,0.9511,0.1692
1781857857071,36404,0.20044,0.36084,0.45972,0.61784,-165.5,45.625,-27.75,0.1301,0.1525,0.9654,0.166
1781857857072,36405,0.20044,0.36084,0.45972,0.61784,-165.5,45.625,-27.75,0.1301,0.1525,0.9654,0.166
1781857857128,36461,-0.01489,0.10352,0.87915,0.88535,100.188,-15.875,17.75,-0.0296,0.0565,0.9929,0.0994
1781857857129,36462,0.02173,0.11035,0.97461,0.98108,81.75,8.125,-2.125,-0.0282,0.0642,0.9925,0.0993
1781857857129,36462,-0.1228,0.1123,1.15894,1.17082,-77.438,80.625,-30.0,-0.0506,0.0634,0.9911,0.1046
1781857857189,36522,-0.13672,0.00928,1.2124,1.22012,-112.812,62.688,-28.188,-0.0599,0.0532,0.9913,0.1031
1781857857190,36523,-0.19995,0.02344,1.2063,1.22298,-120.562,49.5,-25.25,-0.0629,0.0482,0.9913,0.1038
1781857857190,36523,-0.19995,0.02344,1.2063,1.22298,-120.562,49.5,-25.25,-0.0629,0.0482,0.9913,0.1038
1781857857248,36581,-0.14233,-0.02905,1.01172,1.02209,-11.75,-54.25,15.125,-0.0617,0.0184,0.9928,0.1002
1781857857248,36581,-0.12988,-0.0376,0.98145,0.99072,-5.062,-57.25,15.438,-0.0593,0.0178,0.993,0.0996
1781857857252,36585,0.03613,-0.00171,0.78027,0.78111,3.062,-8.312,-7.438,-0.0425,0.0162,0.9935,0.1037
1781857857308,36641,0.02588,-0.00513,0.80664,0.80707,4.75,7.188,-6.188,-0.0425,0.0165,0.9934,0.1047
1781857857308,36641,0.01782,-0.00806,0.81738,0.81762,4.812,12.625,-5.125,-0.0427,0.0166,0.9934,0.1048
1781857857309,36642,0.01782,-0.00806,0.81738,0.81762,4.812,12.625,-5.125,-0.0427,0.0166,0.9934,0.1048
1781857857369,36702,-0.09302,0.02075,0.91382,0.91877,56.062,-103.188,31.438,-0.0274,0.027,0.9945,0.0961
1781857857433,36766,0.00098,0.04688,0.91333,0.91453,76.75,-55.5,33.438,-0.0164,0.0352,0.9945,0.096
1781857857489,36822,0.00098,0.04688,0.91333,0.91453,76.75,-55.5,33.438,-0.0164,0.0352,0.9945,0.096
1781857857489,36822,-0.06616,0.18799,1.18848,1.20507,-33.938,-3.5,-2.562,-0.0133,0.0471,0.9941,0.0961
1781857857489,36822,-0.05176,0.13647,1.15674,1.16591,-26.75,-21.812,6.562,-0.0125,0.0451,0.9942,0.096
1781857857547,36880,-0.05176,0.13647,1.15674,1.16591,-26.75,-21.812,6.562,-0.0125,0.0451,0.9942,0.096
1781857857548,36881,0.10596,-0.02002,0.76709,0.77463,9.438,-66.875,18.75,0.0089,0.0432,0.995,0.0887
1781857857549,36882,0.09741,0.11499,0.92676,0.93893,49.25,-40.75,9.125,0.0163,0.0616,0.996,0.0615
1781857857615,36948,0.10034,0.23511,0.96143,0.99483,4.5,-3.0,-0.5,0.0189,0.0646,0.9956,0.0643
1781857857619,36952,0.09912,0.20874,0.98755,1.01422,-11.188,9.188,-4.188,0.0187,0.0643,0.9956,0.0645
1781857857620,36953,-0.0127,0.03613,0.94653,0.94731,-68.5,87.562,-12.812,-0.0036,0.0467,0.9966,0.0662
1781857857668,37001,-0.0127,0.03613,0.94653,0.94731,-68.5,87.562,-12.812,-0.0036,0.0467,0.9966,0.0662
1781857857668,37001,-0.0498,0.04541,0.93335,0.93578,-55.75,64.5,-11.375,-0.0106,0.0418,0.9971,0.0616
1781857857669,37002,0.00415,-0.03027,0.82153,0.8221,-5.5,17.438,8.0,-0.0209,0.0311,0.9976,0.0571
1781857857731,37064,0.00415,-0.03027,0.82153,0.8221,-5.5,17.438,8.0,-0.0209,0.0311,0.9976,0.0571
1781857857733,37066,-0.07788,0.01025,1.45801,1.46012,24.188,-9.812,15.875,-0.0214,0.0321,0.9977,0.054
1781857857733,37066,-0.00977,0.11841,0.9502,0.95759,24.5,-51.188,12.812,0.0088,0.0508,0.9976,0.0447
1781857857788,37121,-0.00977,0.11841,0.9502,0.95759,24.5,-51.188,12.812,0.0088,0.0508,0.9976,0.0447
1781857857788,37121,-0.00342,0.1189,0.94556,0.95301,21.25,-41.188,9.188,0.0108,0.0516,0.9974,0.0473
1781857857789,37122,0.10107,0.06323,0.90796,0.91575,-14.938,5.562,-3.438,0.0178,0.051,0.9973,0.0488
1781857857848,37181,0.12427,0.05151,0.90771,0.91763,-17.812,8.75,1.625,0.0174,0.0502,0.9973,0.0479
1781857857848,37181,0.0957,-0.00562,0.91284,0.91786,-23.688,15.812,5.812,0.0168,0.0492,0.9974,0.0476
1781857857853,37186,0.00098,0.03613,0.93164,0.93234,-13.75,-16.875,-27.125,0.0132,0.0402,0.9978,0.0491
1781857857912,37245,0.00098,0.03613,0.93164,0.93234,-13.75,-16.875,-27.125,0.0132,0.0402,0.9978,0.0491
1781857857912,37245,-0.01514,0.05347,0.9585,0.96011,-13.312,-19.688,-29.375,0.0139,0.0396,0.9978,0.0504
1781857857912,37245,-0.00342,0.0896,1.3335,1.33651,-90.438,136.938,-49.125,-0.0158,0.0169,0.9975,0.0651
1781857858037,37370,-0.0166,0.09375,1.41577,1.41897,-93.5,132.562,-48.75,-0.0218,0.0133,0.9973,0.067
1781857858037,37370,-0.03516,0.10718,1.4563,1.46066,-94.062,121.688,-44.688,-0.0275,0.0095,0.9975,0.0628
1781857858037,37370,-0.20312,0.01855,1.41162,1.42628,-24.312,-52.938,-9.062,-0.0397,-0.0194,0.9967,0.0661
1781857858038,37371,-0.17993,0.03003,1.36719,1.3793,-15.75,-62.375,-5.5,-0.0372,-0.0203,0.9968,0.0662
1781857858089,37422,-0.14771,0.03833,1.27686,1.28594,-3.625,-73.75,-1.438,-0.0328,-0.0211,0.9968,0.0675
1781857858090,37423,0.02637,-0.05835,0.96118,0.96331,18.562,-125.25,-14.25,0.0095,-0.0155,0.9969,0.0756
1781857858091,37424,0.17041,0.02661,0.80688,0.82511,-38.062,-231.812,-53.625,0.1049,-0.0365,0.9881,0.1056
1781857858150,37483,0.17041,0.02661,0.80688,0.82511,-38.062,-231.812,-53.625,0.1049,-0.0365,0.9881,0.1056
1781857858150,37483,0.25024,-0.00537,0.80225,0.84039,-30.938,-233.938,-55.125,0.1244,-0.0418,0.9844,0.1163
1781857858150,37483,0.31616,-0.02783,0.74487,0.80967,-28.562,-144.625,-19.0,0.1984,-0.061,0.9686,0.1356
1781857858207,37540,0.32251,-0.02979,0.73462,0.80285,-27.938,-129.562,-19.312,0.2038,-0.0628,0.9674,0.1362
1781857858208,37541,0.31641,-0.05737,0.73901,0.80594,-25.375,-99.25,-22.938,0.2126,-0.0666,0.9645,0.1408
1781857858208,37541,0.5105,0.00439,0.73657,0.8962,-9.688,27.375,-7.562,0.2182,-0.0745,0.961,0.1521
1781857858268,37601,0.49707,0.00024,0.73853,0.89022,-2.438,21.188,3.188,0.2167,-0.0745,0.9613,0.1523
1781857858268,37601,0.45312,-0.00464,0.75366,0.8794,0.938,8.375,12.938,0.2159,-0.0736,0.9622,0.1477
1781857858271,37604,0.36768,-0.12476,0.76196,0.85518,-17.438,49.562,20.688,0.2088,-0.075,0.965,0.1387
1781857858328,37661,0.35791,-0.12109,0.75171,0.84133,-20.0,56.375,20.188,0.2064,-0.0756,0.9656,0.1382
1781857858389,37722,0.34766,-0.11475,0.74292,0.82823,-21.75,63.438,19.062,0.2036,-0.0763,0.9662,0.1378
1781857858389,37722,0.32788,-0.12598,0.78369,0.85881,23.438,47.75,-10.875,0.1682,-0.0724,0.9747,0.1274
1781857858389,37722,0.32715,-0.13013,0.78564,0.86093,18.438,30.438,-14.75,0.1669,-0.0713,0.9749,0.1279
1781857858390,37723,0.26562,-0.13257,0.75781,0.81389,7.0,-1.812,-22.25,0.1665,-0.0691,0.9754,0.126
1781857858448,37781,0.2063,-0.08057,0.46313,0.51337,11.562,84.438,-5.0,0.1577,-0.0659,0.9766,0.1296
1781857858448,37781,0.18188,-0.07935,0.41675,0.46158,20.125,98.375,-2.562,0.1538,-0.0646,0.9772,0.1299
1781857858449,37782,0.04224,-0.03247,0.89014,0.89173,23.312,212.5,16.312,0.0831,-0.0354,0.9896,0.1113
1781857858510,37843,0.04224,-0.03247,0.89014,0.89173,23.312,212.5,16.312,0.0831,-0.0354,0.9896,0.1113
1781857858510,37843,0.0271,-0.0271,1.03101,1.03172,12.75,211.062,21.812,0.0741,-0.0338,0.9904,0.1107
1781857858510,37843,-2.32104,0.33154,-0.99609,2.54742,-82.5,172.0,138.688,-0.0015,-0.0407,0.9959,0.0792
1781857858568,37901,-0.98096,0.02539,3.08447,3.2368,210.875,286.812,90.5,-0.019,-0.0272,0.9963,0.0785
1781857858633,37966,-0.49854,-0.54028,2.64453,2.74481,313.438,290.75,88.5,-0.0304,-0.014,0.997,0.0695
1781857858634,37967,0.19775,-0.03076,0.92578,0.94717,8.5,-139.25,-17.938,-0.0125,0.0366,0.9967,0.07
1781857858634,37967,0.12915,0.19092,0.89209,0.92139,-4.188,-125.938,-27.5,-0.007,0.0364,0.9967,0.0713
1781857858634,37967,0.1814,0.1543,1.01514,1.0427,-25.625,-99.0,-31.312,0.0025,0.0342,0.9959,0.0831
1781857858749,38082,-0.01855,-0.00513,1.16431,1.16447,-84.375,-31.625,-6.938,0.016,0.0083,0.9953,0.0939
1781857858810,38143,-0.00146,0.00342,1.15039,1.1504,-79.312,-38.125,-6.938,0.0172,0.0047,0.9953,0.0942
1781857859051,38384,0.02075,0.08936,1.01465,1.01879,15.562,-38.875,5.375,0.037,-0.0096,0.9941,0.1004
1781857859051,38384,0.02783,0.08789,1.0415,1.04558,16.688,-38.375,5.062,0.0386,-0.009,0.9941,0.1001
1781857859051,38384,0.03442,0.08179,1.05762,1.06133,15.375,-38.0,5.375,0.0404,-0.0085,0.994,0.0998
1781857859052,38385,0.09814,0.03857,0.90332,0.90945,-11.688,-38.812,7.125,0.0564,-0.0098,0.9927,0.1051
1781857859108,38441,0.1394,-0.05591,0.88989,0.90248,-16.812,-5.75,-1.938,0.0662,-0.0206,0.9917,0.1071
1781857859169,38502,0.12939,-0.10034,0.89429,0.90915,-11.875,-3.688,-6.0,0.0676,-0.0304,0.991,0.1109
1781857859288,38621,0.21191,-0.02686,0.96899,0.99226,15.75,-8.5,-9.625,0.069,-0.0296,0.9876,0.1374
1781857859288,38621,0.23657,-0.06934,0.92505,0.95733,2.875,-5.25,-9.375,0.0704,-0.0281,0.9871,0.1404
1781857859290,38623,0.24048,-0.07349,0.91333,0.94731,0.688,-5.062,-9.625,0.0706,-0.0281,0.9871,0.1406
1781857859290,38623,0.20923,-0.07471,0.85303,0.88148,-28.812,8.812,-13.5,0.07,-0.0323,0.9863,0.1452
1781857859347,38680,0.20923,-0.07471,0.85303,0.88148,-28.812,8.812,-13.5,0.07,-0.0323,0.9863,0.1452
1781857859348,38681,0.07422,-0.06152,1.06152,1.06589,-38.688,13.625,-21.375,0.058,-0.0493,0.9853,0.1522
1781857859349,38682,0.07422,-0.06152,1.06152,1.06589,-38.688,13.625,-21.375,0.058,-0.0493,0.9853,0.1522
1781857859409,38742,0.16406,-0.02173,1.0105,1.02396,-2.812,10.0,-14.312,0.0546,-0.0409,0.9837,0.1657
1781857859410,38743,0.16455,-0.01758,1.01196,1.0254,-5.5,9.938,-14.5,0.0542,-0.041,0.9836,0.1663
1781857859410,38743,0.16455,-0.01758,1.01196,1.0254,-5.5,9.938,-14.5,0.0542,-0.041,0.9836,0.1663
1781857859468,38801,0.16455,-0.01758,1.01196,1.0254,-5.5,9.938,-14.5,0.0542,-0.041,0.9836,0.1663
1781857859468,38801,0.1123,0.0,1.11475,1.12039,-18.062,12.125,-5.812,0.0477,-0.0472,0.983,0.1701
1781857859468,38801,0.1123,0.0,1.11475,1.12039,-18.062,12.125,-5.812,0.0477,-0.0472,0.983,0.1701
1781857859529,38862,0.10547,-0.07764,1.04785,1.056,0.125,-2.25,8.062,0.0447,-0.0512,0.983,0.1701
1781857859529,38862,0.10327,-0.08862,1.03735,1.04624,0.5,-2.75,8.812,0.0448,-0.0512,0.983,0.1697
1781857859530,38863,0.11646,-0.13794,0.96143,0.97823,0.438,-1.688,5.562,0.0455,-0.0516,0.9828,0.1708
1781857859590,38923,0.12695,-0.14624,0.94946,0.96901,-3.938,-1.562,3.312,0.0455,-0.0521,0.9827,0.1713
1781857859590,38923,0.12378,-0.14868,0.94019,0.95988,-5.438,-1.0,2.188,0.0455,-0.0524,0.9827,0.1712
1781857859590,38923,0.10742,-0.11963,0.9729,0.9861,-5.688,2.25,-3.562,0.0446,-0.0552,0.9824,0.1722
1781857859651,38984,0.10156,-0.11426,0.97925,0.99111,-4.188,2.875,-4.812,0.0444,-0.0556,0.9822,0.1734
1781857859653,38986,0.1084,-0.11108,0.98828,1.00039,-3.562,4.188,-5.438,0.0441,-0.0558,0.9821,0.1738
1781857859653,38986,0.104,-0.06763,1.01611,1.02366,-2.75,0.438,-4.562,0.0427,-0.0572,0.9816,0.1768
1781857859710,39043,0.104,-0.06763,1.01611,1.02366,-2.75,0.438,-4.562,0.0427,-0.0572,0.9816,0.1768
1781857859710,39043,0.10864,-0.06982,1.01929,1.02744,-3.0,-0.625,-4.25,0.0427,-0.0574,0.9814,0.1775
1781857859710,39043,0.11792,-0.07861,0.98315,0.99332,-3.375,-1.25,-4.75,0.0438,-0.0592,0.9811,0.1782
1781857859769,39102,0.11792,-0.07861,0.98315,0.99332,-3.375,-1.25,-4.75,0.0438,-0.0592,0.9811,0.1782
1781857859769,39102,0.12305,-0.07959,0.98877,0.99957,-3.5,-0.188,-4.5,0.0438,-0.0595,0.9811,0.1782
1781857859769,39102,0.10376,-0.09375,1.00879,1.01844,-1.5,0.125,-1.875,0.0437,-0.0607,0.9811,0.178
1781857859829,39162,0.10376,-0.09375,1.00879,1.01844,-1.5,0.125,-1.875,0.0437,-0.0607,0.9811,0.178
1781857859829,39162,0.10254,-0.09985,1.00757,1.01768,-4.438,-1.062,-2.375,0.0437,-0.061,0.981,0.1782
1781857859830,39163,0.10498,-0.10449,0.96362,0.97494,-1.5,1.562,-1.938,0.0436,-0.0626,0.9807,0.1795
1781857859887,39220,0.10107,-0.11719,0.96753,0.97983,-1.125,2.188,-1.75,0.0435,-0.0627,0.9807,0.1796
1781857859888,39221,0.10449,-0.13257,0.97192,0.98647,-1.75,2.0,-2.312,0.0434,-0.0628,0.9807,0.1797
1781857859888,39221,0.10742,-0.16577,0.96436,0.98438,-14.688,2.938,-15.312,0.0426,-0.0665,0.9795,0.1847
1781857859959,39292,0.11108,-0.17017,0.95801,0.97932,-17.375,4.312,-16.812,0.0423,-0.0672,0.9793,0.1854
1781857860010,39343,0.10742,-0.17261,0.94678,0.96836,-20.062,5.438,-19.0,0.0418,-0.0684,0.9791,0.1866
1781857860067,39400,0.08398,-0.14966,0.95117,0.96653,-22.188,15.812,-12.188,0.0273,-0.0939,0.9742,0.2028
1781857860067,39400,0.0957,-0.1167,0.97412,0.98574,-14.375,13.75,-8.312,0.0252,-0.0957,0.9739,0.2034
1781857860068,39401,0.0957,-0.1167,0.97412,0.98574,-14.375,13.75,-8.312,0.0252,-0.0957,0.9739,0.2034
1781857860127,39460,0.0957,-0.1167,0.97412,0.98574,-14.375,13.75,-8.312,0.0252,-0.0957,0.9739,0.2034
1781857860129,39462,0.10522,-0.10938,0.98145,0.99311,-8.438,12.625,-8.125,0.0243,-0.0961,0.9738,0.204
1781857860138,39471,0.11401,-0.21143,0.92334,0.95407,-8.688,10.062,-20.75,0.0189,-0.0935,0.9731,0.2092
1781857860190,39523,0.10645,-0.19751,0.90894,0.93622,-11.0,9.625,-20.688,0.0184,-0.0938,0.9729,0.2101
1781857860190,39523,0.10254,-0.1875,0.89136,0.91662,-9.562,11.938,-20.625,0.0176,-0.0944,0.9721,0.2134
1781857860191,39524,0.08862,-0.18896,0.95068,0.97332,-10.625,4.438,-28.125,0.0146,-0.0954,0.97,0.2228
1781857860248,39581,0.0835,-0.17505,0.95093,0.9705,-11.0,1.875,-28.938,0.0145,-0.0958,0.9697,0.224
1781857860248,39581,0.10156,-0.12158,0.90674,0.92047,-7.25,-4.188,-31.688,0.0148,-0.0965,0.969,0.2265
1781857860249,39582,0.09888,-0.2019,1.00366,1.02853,-11.188,29.0,-24.938,0.0073,-0.0969,0.9664,0.2375
1781857860312,39645,0.06665,-0.18506,1.02222,1.04097,-11.938,23.188,-20.188,0.0062,-0.0971,0.9661,0.2385
1781857860312,39645,0.0127,-0.13892,1.02979,1.03919,-7.0,15.688,-20.75,0.0043,-0.0975,0.9658,0.2398
1781857860367,39700,0.01855,-0.15088,0.99976,1.01125,-11.5,11.438,-30.25,0.0015,-0.0986,0.9631,0.2499
1781857860428,39761,0.01514,-0.1665,0.98169,0.99582,-13.688,16.688,-31.625,0.0008,-0.099,0.9627,0.2513
1781857860428,39761,0.02002,-0.1543,0.98682,0.99901,-15.938,23.562,-30.812,-0.001,-0.0998,0.9617,0.2547
1781857860430,39763,0.05859,-0.07861,1.01099,1.01573,12.188,6.0,-28.125,-0.0051,-0.0961,0.9591,0.2658
1781857860487,39820,0.04199,-0.06519,0.96826,0.97136,10.688,14.812,-14.25,-0.0054,-0.0948,0.9587,0.2675
1781857860547,39880,0.01172,-0.09009,0.98071,0.98491,9.688,33.25,-6.312,-0.0072,-0.0937,0.958,0.2706
1781857860547,39880,-0.14038,-0.24658,0.94629,0.98791,-11.625,124.375,-0.375,-0.0795,-0.0841,0.9562,0.2685
1781857860607,39940,-0.11499,-0.21362,0.97681,1.00648,-13.375,130.875,4.938,-0.0904,-0.0822,0.9552,0.2691
1781857860608,39941,-0.15698,-0.23535,0.98145,1.02141,-14.875,126.125,7.0,-0.0983,-0.0812,0.9555,0.2655
1781857860609,39942,-0.28345,-0.27319,1.02588,1.09882,-17.0,86.125,7.375,-0.1416,-0.078,0.9518,0.2601
1781857860672,40005,-0.28052,-0.29297,1.0647,1.13934,-20.938,71.188,5.938,-0.1448,-0.078,0.9514,0.26
1781857860672,40005,-0.27124,-0.33398,0.88647,0.98537,-8.0,-3.188,-23.938,-0.1506,-0.0856,0.9483,0.2653
1781857860672,40005,-0.24829,-0.31763,0.88208,0.96985,-7.062,2.25,-21.562,-0.1507,-0.0861,0.9481,0.2662
1781857860672,40005,-0.22461,-0.27954,0.8855,0.95535,0.562,13.812,-19.312,-0.1563,-0.0857,0.9432,0.2798
1781857860731,40064,-0.22632,-0.28223,0.89722,0.9674,0.625,12.438,-19.875,-0.1568,-0.0857,0.9429,0.2806
1781857860787,40120,-0.2229,-0.27539,0.91064,0.97714,0.125,11.125,-20.562,-0.1572,-0.0857,0.9426,0.2815
1781857860788,40121,-0.20459,-0.27417,0.94751,1.00737,1.062,22.125,-9.062,-0.1626,-0.0841,0.9384,0.2926
1781857860788,40121,-0.19263,-0.27393,0.95972,1.01646,0.562,15.438,-6.438,-0.1632,-0.0839,0.9382,0.2929
1781857860789,40122,-0.21704,-0.27271,0.948,1.01004,0.438,11.125,-5.438,-0.1636,-0.0838,0.9381,0.2932
1781857860909,40242,-0.23999,-0.30566,0.94971,1.02614,1.25,0.062,-10.062,-0.1647,-0.0816,0.9357,0.3009
1781857860909,40242,-0.24414,-0.30151,0.94824,1.02454,0.0,0.25,-11.562,-0.1647,-0.0817,0.9354,0.3016
1781857860909,40242,-0.22388,-0.31372,0.92871,1.00551,17.125,8.125,-13.25,-0.1658,-0.0785,0.9318,0.3129
1781857860910,40243,-0.22925,-0.33789,0.94458,1.02906,18.5,9.625,-11.812,-0.166,-0.0771,0.9314,0.3142
1781857860969,40302,-0.30078,-0.39673,0.90649,1.03421,21.75,20.125,-15.438,-0.1668,-0.0753,0.9307,0.3164
1781857860969,40302,-0.26001,-0.26685,0.84644,0.92481,7.062,35.312,-46.562,-0.1796,-0.0631,0.9233,0.3331
1781857860969,40302,-0.26001,-0.26685,0.84644,0.92481,7.062,35.312,-46.562,-0.1796,-0.0631,0.9233,0.3331
1781857861091,40424,-0.01587,-0.24146,0.84595,0.87987,-1.688,83.25,48.562,-0.2237,-0.0568,0.9136,0.3345
1781857861092,40425,-0.17603,-0.28125,0.80444,0.87018,10.938,103.5,89.875,-0.2277,-0.0543,0.9138,0.3316
1781857861092,40425,-0.70801,-0.43945,0.91724,1.23924,23.812,139.25,33.625,-0.3048,-0.0252,0.9039,0.2986
1781857861092,40425,-0.74048,-0.39404,0.96924,1.2818,41.562,118.562,25.812,-0.3091,-0.0218,0.9027,0.2981
1781857861147,40480,-0.76245,-0.3894,1.01831,1.33038,51.25,97.938,16.625,-0.3125,-0.0184,0.9016,0.2982
1781857861207,40540,-0.67334,-0.02466,0.84692,1.08225,19.188,33.688,-39.688,-0.32,-0.0069,0.8967,0.3052
1781857861267,40600,-0.89868,-0.42676,0.73999,1.23989,-44.438,338.0,22.688,-0.4153,0.009,0.8611,0.2929
1781857861268,40601,-0.90845,-0.41626,0.70703,1.22411,-63.375,343.688,11.688,-0.4418,0.014,0.8489,0.2893
1781857861269,40602,-0.95679,-0.37329,0.63525,1.20762,-76.438,338.688,-2.438,-0.4685,0.0124,0.8386,0.277
1781857861269,40602,-0.95679,-0.37329,0.63525,1.20762,-76.438,338.688,-2.438,-0.4685,0.0124,0.8386,0.277
1781857861328,40661,-0.95557,-0.23291,0.39893,1.06137,-92.062,350.688,-69.688,-0.5687,0.0009,0.781,0.2576
1781857861447,40780,-1.05103,-0.36426,0.08179,1.11536,-72.375,395.688,-71.438,-0.7134,-0.0244,0.6602,0.2332
1781857861447,40780,-1.05103,-0.36426,0.08179,1.11536,-72.375,395.688,-71.438,-0.7134,-0.0244,0.6602,0.2332
1781857861448,40781,-0.80396,-0.39404,-0.34839,0.96072,16.0,394.438,-140.062,-0.8538,-0.0657,0.4634,0.2275
1781857861449,40782,-0.84741,-0.45508,-0.36377,1.02836,22.438,345.062,-138.75,-0.8601,-0.0668,0.449,0.2321
1781857861509,40842,-0.84741,-0.45508,-0.36377,1.02836,22.438,345.062,-138.75,-0.8601,-0.0668,0.449,0.2321
1781857861509,40842,-0.89648,-0.39697,-0.74634,1.23219,-38.938,47.0,10.0,-0.8923,-0.089,0.3764,0.2324
1781857861509,40842,-0.5647,-0.37598,-0.46704,0.82363,-23.188,-7.625,-22.0,-0.9083,-0.0617,0.3635,0.1971
1781857861568,40901,-0.55664,-0.41089,-0.50586,0.85707,-22.75,-2.0,-21.562,-0.9086,-0.0611,0.3627,0.1973
1781857861568,40901,-0.56006,-0.44116,-0.5564,0.90436,-21.625,-1.25,-19.125,-0.9087,-0.0623,0.3626,0.1968
1781857861569,40902,-0.48804,-0.29688,-0.53223,0.78076,-8.312,33.312,12.125,-0.9127,-0.0567,0.3541,0.1955
1781857861629,40962,-0.3689,-0.28247,-0.65698,0.80467,-14.062,41.5,80.875,-0.9144,-0.0521,0.3518,0.1927
1781857861629,40962,-0.48389,-0.36523,-0.63232,0.876,-21.938,43.75,94.0,-0.9154,-0.0485,0.3508,0.1907
1781857861629,40962,-0.68823,-0.21045,-0.62109,0.95064,0.188,-35.5,29.812,-0.9176,-0.0266,0.3542,0.1776
1781857861690,41023,-0.63574,-0.24683,-0.63452,0.93151,3.75,-32.812,30.438,-0.9169,-0.0239,0.3563,0.1774
1781857861693,41026,-0.62256,-0.25439,-0.5354,0.85962,2.188,-34.25,28.125,-0.9164,-0.0229,0.3579,0.1771
1781857861693,41026,-0.50146,-0.39771,-0.4458,0.77998,1.625,-76.0,27.125,-0.9088,-0.0106,0.3779,0.1756
1781857861810,41143,-0.50146,-0.39771,-0.4458,0.77998,1.625,-76.0,27.125,-0.9088,-0.0106,0.3779,0.1756
1781857861810,41143,-0.52417,-0.37378,-0.49268,0.81068,0.375,-109.75,29.562,-0.9049,-0.0073,0.3872,0.1756
1781857861810,41143,-0.53125,-0.32666,-0.45679,0.77304,-28.938,-316.875,118.188,-0.8713,0.0114,0.4627,0.1625
1781857861810,41143,-0.53906,-0.29761,-0.42139,0.74614,-32.875,-353.062,144.688,-0.8609,0.0248,0.4811,0.1627
1781857861867,41200,-0.55762,-0.27905,-0.38208,0.7313,-37.375,-371.062,163.0,-0.8533,0.0273,0.4957,0.1585
1781857861868,41201,-0.6521,-0.03223,-0.09204,0.65935,-73.062,-630.125,360.125,-0.7387,0.0895,0.6588,0.1099
1781857861868,41201,-0.6521,-0.03223,-0.09204,0.65935,-73.062,-630.125,360.125,-0.7387,0.0895,0.6588,0.1099
1781857861934,41267,-0.94238,0.15771,0.68921,1.17812,69.562,-318.188,418.5,-0.4288,0.2705,0.861,0.0374
1781857861934,41267,-0.77637,0.28442,0.60156,1.02251,20.188,-227.688,357.688,-0.3939,0.2951,0.8696,0.0363
1781857861934,41267,-0.36841,0.67676,0.69409,1.03706,38.0,-102.188,150.0,0.305,-0.3421,-0.8886,0.0075
1781857862049,41382,-0.37183,0.67285,0.6897,1.0328,39.562,-91.0,138.625,0.2993,-0.3455,-0.8892,0.011
1781857862108,41441,-0.39233,0.69312,0.66113,1.0351,37.812,-74.188,132.812,0.2908,-0.351,-0.8898,0.014
1781857862168,41501,-0.39233,0.69312,0.66113,1.0351,37.812,-74.188,132.812,0.2908,-0.351,-0.8898,0.014
1781857862228,41561,-0.28638,0.7146,1.13184,1.36884,-137.25,-143.25,229.938,0.2469,-0.3566,-0.8962,0.0912
1781857862228,41561,-0.22974,0.85327,0.91211,1.26996,-129.188,-202.75,208.188,0.229,-0.3543,-0.9011,0.0984
1781857862287,41620,-0.18286,0.78223,0.51245,0.95285,27.812,-67.875,50.375,0.1506,-0.3597,-0.914,0.111
1781857862408,41741,0.19312,1.15601,0.90942,1.48347,-150.188,-132.688,221.875,0.0875,-0.3419,-0.9214,0.162
1781857862408,41741,0.14624,0.55835,1.26562,1.39102,-241.125,124.25,78.312,0.0103,-0.2303,-0.9425,0.2417
1781857862409,41742,-0.25952,0.44409,0.91699,1.0514,-92.875,-84.25,-7.688,0.0275,-0.1754,-0.9488,0.2609
1781857862415,41748,0.04907,0.19629,0.89624,0.91879,-46.062,-102.312,-27.75,-0.0469,-0.1573,-0.9479,0.2724
1781857862470,41803,0.08936,0.17505,0.90894,0.92994,-49.125,-95.5,-45.438,-0.0511,-0.1565,-0.9486,0.27
1781857862470,41803,0.12134,0.11987,0.86719,0.8838,-58.5,-2.312,-155.812,-0.0656,-0.1442,-0.9579,0.2388
1781857862470,41803,-0.01587,-0.14844,0.90723,0.91943,-123.625,-73.312,90.812,-0.0455,-0.0665,-0.9694,0.2313
1781857862590,41923,0.03418,-0.16675,0.89331,0.90938,-106.688,-121.0,93.688,-0.0567,-0.0586,-0.9678,0.2379
1781857862590,41923,0.08569,-0.10059,0.90918,0.91873,-100.562,-154.125,96.938,-0.0676,-0.054,-0.9662,0.2424
1781857862591,41924,0.32715,-0.18091,1.1084,1.16974,-18.75,-105.875,154.312,-0.1249,-0.0407,-0.9517,0.2771
1781857862647,41980,0.29395,-0.26538,1.10986,1.1784,-10.75,-93.688,142.5,-0.1293,-0.0404,-0.9494,0.2828
1781857862647,41980,0.26514,-0.30542,1.10278,1.17461,-2.312,-79.375,121.5,-0.133,-0.0403,-0.9474,0.2879
1781857862648,41981,0.37256,0.05884,0.93311,1.00645,278.562,145.062,-99.938,-0.1058,-0.0949,-0.9437,0.2983
1781857862649,41982,0.52295,0.31104,1.88257,1.97845,89.25,-82.938,-122.875,-0.0944,-0.1759,-0.9392,0.2791
1781857862709,42042,0.52295,0.31104,1.88257,1.97845,89.25,-82.938,-122.875,-0.0944,-0.1759,-0.9392,0.2791
1781857862832,42165,0.70337,0.27417,1.12305,1.35319,-20.438,-9.125,-113.062,-0.0959,-0.1813,-0.9401,0.2716
1781857862840,42173,0.18799,0.12109,0.91113,0.93817,-29.375,127.625,50.375,-0.0698,-0.155,-0.944,0.2823
1781857863007,42340,0.13184,0.17041,0.95581,0.97979,16.5,110.625,10.375,-0.0604,-0.1511,-0.944,0.2866
1781857863070,42403,-0.05103,0.0,0.84912,0.85065,30.688,90.312,-24.75,-0.0507,-0.1511,-0.9434,0.2905
1781857863070,42403,0.11523,0.2251,0.99243,1.02414,6.062,60.938,-70.438,-0.0164,-0.1536,-0.9451,0.2874
1781857863130,42463,0.19165,0.15479,1.10449,1.13163,-6.938,59.75,-69.312,-0.0136,-0.1527,-0.9461,0.285
1781857863193,42526,-0.11914,-0.04321,0.80566,0.81557,-358.125,131.812,158.625,-0.0153,-0.0123,-0.9018,0.4314
1781857863196,42529,-0.07446,0.05884,0.72656,0.73273,-415.938,147.25,196.75,-0.0183,0.0147,-0.8968,0.4416
1781857863196,42529,0.24219,-0.4519,1.43188,1.52091,-23.688,-135.75,-31.375,-0.1505,0.1476,-0.8214,0.5298
1781857863197,42530,0.41724,-0.51562,1.08472,1.27144,55.562,-11.5,-53.312,-0.1967,0.1098,-0.8143,0.5347
1781857863249,42582,0.40942,-0.47363,1.23706,1.38646,56.688,-22.062,-66.312,-0.1961,0.1054,-0.8166,0.5323
1781857863249,42582,0.63672,-0.50195,1.33423,1.56126,-5.25,-10.5,-19.062,-0.2087,0.0793,-0.8156,0.5336
1781857863249,42582,0.1062,-0.07739,0.85986,0.86985,3.625,61.5,37.938,-0.1987,0.0913,-0.7996,0.5591
1781857863313,42646,0.0686,-0.05103,0.82031,0.82476,9.688,61.812,40.688,-0.1961,0.0928,-0.7992,0.5603
1781857863369,42702,-0.01587,-0.03955,0.76855,0.76974,15.188,64.562,41.438,-0.1933,0.0942,-0.7988,0.5617
1781857863369,42702,-0.01587,-0.03955,0.76855,0.76974,15.188,64.562,41.438,-0.1933,0.0942,-0.7988,0.5617
1781857863369,42702,-0.05981,-0.00391,0.89795,0.89995,33.625,36.438,-25.062,-0.1683,0.0961,-0.7988,0.5693
1781857863611,42944,-0.05029,-0.11694,0.83423,0.84389,23.812,19.125,-29.188,-0.166,0.094,-0.7969,0.5729
1781857863847,43180,0.00659,-0.26074,0.86182,0.90042,-8.812,6.25,-26.625,-0.1598,0.0932,-0.8001,0.5705
1781857863849,43182,-0.00586,-0.29053,0.8667,0.91412,2.312,2.438,-24.375,-0.1595,0.0935,-0.8031,0.5662
1781857863968,43301,-0.01465,-0.30371,0.86768,0.91941,2.25,-0.438,-25.062,-0.1598,0.0928,-0.8016,0.5682
1781857863968,43301,-0.00317,-0.29492,0.85107,0.90073,3.062,-4.375,-26.0,-0.16,0.0924,-0.8026,0.567
1781857863968,43301,0.02002,-0.36694,0.77197,0.85498,38.125,-6.312,-27.5,-0.1627,0.0809,-0.8029,0.5676
1781857863970,43303,0.07666,-0.29297,1.04175,1.08487,87.938,17.312,100.312,-0.0781,0.0199,-0.7773,0.6238
1781857864088,43421,0.00195,-0.13428,0.625,0.63926,-26.75,44.375,74.438,0.0009,0.04,-0.6909,0.7217
1781857864089,43422,0.02905,-0.11401,0.57593,0.58782,-23.812,39.125,64.062,0.0025,0.0471,-0.6843,0.7275
1781857864089,43422,0.06104,-0.13843,1.06201,1.07273,10.688,-1.438,12.812,0.014,0.069,-0.6635,0.7446
1781857864090,43423,0.04321,-0.16943,1.1311,1.14454,4.438,-16.875,9.125,0.0137,0.0682,-0.6621,0.746
1781857864207,43540,0.04858,-0.17749,1.18457,1.19878,-1.438,-25.5,6.438,0.013,0.0674,-0.6618,0.7463
1781857864329,43662,0.03931,-0.15356,1.13403,1.14506,-43.75,-25.562,5.062,-0.0051,0.0646,-0.6589,0.7493
1781857864391,43724,-0.15186,0.04297,1.0127,1.02492,-8.125,-51.125,-10.438,-0.0264,0.0627,-0.6581,0.7497
1781857864447,43780,-0.14429,0.04053,1.00122,1.01238,0.875,-40.812,-17.312,-0.0277,0.0614,-0.6585,0.7494
1781857864509,43842,-0.11206,0.03003,1.01855,1.02514,13.562,-32.062,-24.062,-0.0287,0.0592,-0.6596,0.7485
1781857864509,43842,0.08179,0.03979,1.31396,1.31711,23.688,-105.312,-27.312,-0.0377,0.0337,-0.6629,0.7469
1781857864509,43842,0.16187,-0.08032,1.34082,1.35294,-23.5,-64.812,15.75,-0.0809,-0.01,-0.6575,0.7488
1781857864512,43845,-0.11816,0.18652,0.99927,1.02337,26.875,56.625,-31.75,-0.0677,-0.0145,-0.6475,0.7588
1781857864569,43902,-0.12207,0.03955,0.93164,0.94044,-61.75,-11.188,-67.875,-0.0668,-0.0011,-0.6624,0.746
1781857864569,43902,0.0791,-0.07446,0.71899,0.72715,-37.5,-32.688,-34.75,-0.0905,0.0097,-0.6813,0.7261
1781857864571,43904,0.17383,-0.06177,0.9043,0.92292,-23.062,-156.25,23.875,-0.1199,-0.0088,-0.6765,0.7264
1781857864629,43962,0.17383,-0.06177,0.9043,0.92292,-23.062,-156.25,23.875,-0.1199,-0.0088,-0.6765,0.7264
1781857864635,43968,0.21948,-0.07202,0.90137,0.9305,-24.125,-171.688,37.625,-0.1256,-0.0132,-0.6745,0.7272
1781857864636,43969,0.17725,-0.02808,0.83545,0.85451,-21.75,-17.188,41.188,-0.176,-0.0442,-0.6436,0.7434
1781857864688,44021,0.15576,-0.05127,0.82471,0.84085,-10.938,6.188,30.062,-0.1764,-0.0435,-0.6426,0.7442
1781857864688,44021,0.11157,-0.07666,0.83594,0.84683,2.125,22.938,14.688,-0.1759,-0.0427,-0.6421,0.7448
1781857864688,44021,0.4563,-0.28613,1.15234,1.272,-29.625,-4.75,-43.438,-0.1721,-0.0429,-0.647,0.7413
1781857864749,44082,0.46973,-0.30591,1.1626,1.29068,-40.438,-8.375,-43.812,-0.1735,-0.0424,-0.6484,0.7398
1781857864749,44082,0.4812,-0.30688,1.16943,1.30127,-51.625,-15.875,-43.375,-0.1754,-0.0419,-0.6498,0.7382
1781857864751,44084,0.57959,-0.56641,1.17896,1.43062,-108.688,-36.938,76.75,-0.2168,-0.0354,-0.6453,0.7315
1781857864807,44140,0.50806,-0.73218,1.06128,1.38583,-93.125,-20.875,72.062,-0.2209,-0.0327,-0.6428,0.7326
1781857864807,44140,0.41211,-0.81567,1.02515,1.37335,-69.375,-7.0,62.562,-0.2238,-0.03,-0.6408,0.7337
1781857864808,44141,0.41211,-0.81567,1.02515,1.37335,-69.375,-7.0,62.562,-0.2238,-0.03,-0.6408,0.7337
1781857864868,44201,0.27319,-0.41162,1.32788,1.4168,31.562,9.625,-8.375,-0.2169,-0.0253,-0.6356,0.7403
1781857864871,44204,0.25195,-0.36768,1.38379,1.4538,24.5,1.125,-18.438,-0.2158,-0.026,-0.6361,0.7402
1781857864871,44204,0.41992,-0.28882,0.7251,0.88629,-40.375,-28.5,72.5,-0.234,-0.0376,-0.6289,0.7404
1781857864927,44260,0.32666,-0.30615,0.62671,0.77019,-30.312,-11.375,90.625,-0.2356,-0.0363,-0.626,0.7423
1781857864990,44323,0.24902,-0.31006,0.55957,0.68649,-18.062,9.0,103.0,-0.2364,-0.0346,-0.6229,0.7448
1781857864990,44323,0.24902,-0.31006,0.55957,0.68649,-18.062,9.0,103.0,-0.2364,-0.0346,-0.6229,0.7448
1781857864990,44323,0.03613,-0.26807,0.73682,0.7849,55.875,-16.625,52.812,-0.2156,-0.0285,-0.5966,0.7723
1781857864990,44323,-0.09229,-0.33008,0.82397,0.89241,61.75,-7.0,55.125,-0.2139,-0.0296,-0.5947,0.7743
1781857865047,44380,-0.09229,-0.33008,0.82397,0.89241,61.75,-7.0,55.125,-0.2139,-0.0296,-0.5947,0.7743
1781857865047,44380,0.10376,-0.37036,1.05273,1.1208,5.688,4.625,-21.688,-0.1966,-0.0432,-0.5875,0.7836
1781857865050,44383,0.12939,-0.45532,0.76465,0.8993,-59.812,-2.062,-7.875,-0.2202,-0.0336,-0.5883,0.7772
1781857865171,44504,0.12451,-0.41797,0.74341,0.86189,-55.75,2.688,-6.125,-0.2221,-0.0321,-0.5886,0.7765
1781857865171,44504,0.11646,-0.4353,0.71826,0.84791,-46.375,6.812,2.125,-0.2236,-0.0305,-0.5887,0.7761
1781857865171,44504,0.10864,-0.37695,0.67676,0.78224,-26.938,17.438,23.438,-0.2296,-0.0183,-0.5845,0.7778
1781857865228,44561,0.09326,-0.39795,0.66431,0.77998,-26.562,23.0,27.75,-0.2302,-0.0155,-0.5844,0.7778
1781857865228,44561,0.1001,-0.38672,0.63721,0.75207,-28.938,24.688,26.938,-0.2306,-0.0136,-0.5837,0.7783
1781857865229,44562,0.02271,-0.37744,0.44995,0.58774,-37.062,16.812,49.25,-0.2385,0.0039,-0.5732,0.7838
1781857865229,44562,0.03906,-0.39404,0.5896,0.71023,29.375,32.5,37.625,-0.2289,0.0186,-0.554,0.8001
1781857865288,44621,0.02979,-0.37378,0.58667,0.69626,33.125,31.5,38.438,-0.2261,0.0197,-0.5525,0.8019
1781857865289,44622,0.04272,-0.36401,0.59888,0.70213,37.875,30.375,37.688,-0.2241,0.0203,-0.5515,0.8031
1781857865289,44622,0.04272,-0.36401,0.59888,0.70213,37.875,30.375,37.688,-0.2241,0.0203,-0.5515,0.8031
1781857865408,44741,0.1311,-0.30273,0.72266,0.7944,77.062,8.188,7.812,-0.2007,0.0157,-0.5415,0.8161
1781857865652,44985,0.16089,-0.28809,0.74438,0.81424,79.438,5.188,0.188,-0.1978,0.014,-0.5415,0.8168
1781857865655,44988,0.26709,-0.24463,1.21118,1.26418,64.5,-59.062,-66.438,-0.1796,-0.0139,-0.5469,0.8174
1781857865656,44989,0.44946,-0.2605,1.24805,1.35185,64.75,-101.875,-72.5,-0.179,-0.0249,-0.5473,0.8171
1781857865656,44989,0.51099,-0.29541,1.28882,1.41754,66.625,-126.5,-72.062,-0.1795,-0.0313,-0.5488,0.8157
1781857865711,45044,0.66162,-0.25903,1.01538,1.23929,-14.625,-10.5,45.188,-0.2262,-0.1074,-0.5407,0.8029
1781857865712,45045,0.2395,0.00928,0.85132,0.88442,3.5,18.938,29.0,-0.2288,-0.0936,-0.5268,0.8131
1781857865712,45045,0.21777,-0.13623,0.53979,0.5978,-20.188,0.312,-11.0,-0.2409,-0.0466,-0.5396,0.8052
1781857865767,45100,0.21655,-0.19482,0.70068,0.75882,11.125,-18.938,-19.875,-0.242,-0.049,-0.5413,0.8036
1781857865891,45224,0.23438,-0.23511,0.79541,0.86191,13.062,-17.625,-18.188,-0.2417,-0.0516,-0.5409,0.8038
1781857866367,45700,0.24219,-0.24805,0.87183,0.93822,-11.0,2.938,-3.312,-0.2423,-0.0534,-0.5413,0.8033
1781857866907,46240,0.24219,-0.24805,0.87183,0.93822,-11.0,2.938,-3.312,-0.2423,-0.0534,-0.5413,0.8033
1781857867148,46481,0.24146,-0.20068,0.81958,0.87766,-6.5,0.125,-5.188,-0.2426,-0.0532,-0.5409,0.8034
1781857867148,46481,0.24146,-0.20068,0.81958,0.87766,-6.5,0.125,-5.188,-0.2426,-0.0532,-0.5409,0.8034
1781857867148,46481,0.31592,-0.34277,1.18701,1.27526,32.312,14.312,-28.312,-0.232,-0.0604,-0.5464,0.8023
1781857868887,48220,0.52759,-0.6333,1.2019,1.45739,-15.625,-37.812,13.062,-0.2658,-0.0675,-0.5386,0.7965
1781857868887,48220,0.09473,-0.01904,1.26025,1.26395,-1.75,58.938,-38.375,0.0516,0.1862,-0.553,0.8103
1781857868889,48222,-0.22681,-0.2124,0.70581,0.77118,35.75,50.812,57.875,-0.0592,0.2138,-0.4304,0.8748
1781857869013,48346,-0.04688,-0.10059,1.0105,1.01657,19.375,-75.875,-66.875,-0.0894,0.1509,-0.3709,0.9119
1781857870088,49421,0.02124,-0.09863,1.13232,1.13681,31.5,-64.438,-88.812,-0.0917,0.1361,-0.3811,0.9097
1781857870391,49724,0.06299,-0.0979,1.17432,1.18007,31.5,-59.75,-91.438,-0.092,0.1327,-0.3846,0.9087
1781857870567,49900,-0.04492,-0.21851,0.84814,0.87699,-57.125,-3.5,17.375,-0.0191,0.0508,-0.8021,0.5945
1781857870811,50144,-0.04492,-0.21851,0.84814,0.87699,-57.125,-3.5,17.375,-0.0191,0.0508,-0.8021,0.5945
1781857871407,50740,0.34253,-0.5,0.84253,1.03787,-99.562,32.562,114.75,-0.0342,0.1235,-0.7916,0.5973
1781857871466,50799,-0.0564,-0.29248,0.66748,0.73093,-88.438,39.875,122.5,-0.0354,0.1352,-0.7822,0.607
1781857871769,51102,-0.02686,-0.13672,0.58374,0.60014,-72.625,-100.312,50.562,-0.0313,0.1339,-0.6774,0.7225
1781857872007,51340,0.04346,0.00366,0.87573,0.87682,-46.188,-2.938,-102.688,-0.1519,0.035,-0.7647,0.625
1781857872374,51707,0.14551,-0.3479,1.03027,1.09712,45.188,74.562,-53.875,-0.1047,0.0529,-0.8204,0.5593
1781857872488,51821,0.31616,-0.66748,0.70239,1.01924,22.0,42.25,15.062,-0.2279,0.1293,-0.8364,0.4811
1781857872611,51944,0.12231,0.01245,1.03247,1.03977,27.688,-8.562,88.0,-0.2235,0.0007,-0.7468,0.6262
1781857872787,52120,0.04517,-0.11401,0.70215,0.71278,-51.125,19.875,36.062,-0.2314,0.0313,-0.7227,0.6503
1781857872847,52180,0.27612,-0.39478,1.64868,1.71763,44.938,-21.312,23.562,-0.0874,0.0042,-0.7183,0.6901
1781857872910,52243,0.27344,-0.2395,1.04468,1.10611,91.312,0.438,8.375,-0.0982,-0.0487,-0.614,0.7814
1781857872968,52301,0.38354,-0.02319,0.80371,0.89084,2.375,26.188,163.312,-0.0869,-0.1378,-0.506,0.8469
1781857872969,52302,0.20947,0.3457,1.14868,1.21773,50.625,94.562,90.562,0.0042,-0.0881,-0.4078,0.9086
1781857872969,52302,0.1604,0.11816,0.77002,0.79537,-56.625,-68.562,54.062,0.0126,-0.093,-0.3568,0.9293
1781857872969,52302,0.26807,0.05542,0.97217,1.00997,-23.812,-45.312,-42.5,-0.004,-0.1435,-0.3427,0.9283
1781857873146,52479,0.26587,-0.03271,0.80103,0.84463,7.812,-31.438,8.375,-0.0083,-0.1658,-0.3452,0.9236
1781857873148,52481,0.08154,0.15063,0.93286,0.94846,91.188,6.688,23.312,0.0035,-0.173,-0.3353,0.926
1781857873148,52481,0.22437,0.10254,0.93896,0.97083,48.125,-41.062,-2.812,0.0204,-0.1809,-0.3411,0.9221
1781857873153,52486,0.18604,0.11938,0.97803,1.0027,67.625,-41.438,17.812,0.023,-0.1846,-0.3399,0.9218
1781857873208,52541,0.11841,0.12598,1.09399,1.10757,72.312,-28.75,27.25,0.0252,-0.1868,-0.3383,0.9218
1781857873447,52780,0.20825,0.16528,1.03345,1.0671,-9.125,34.062,34.812,0.0305,-0.187,-0.3248,0.9265
1781857873508,52841,0.20825,0.16528,1.03345,1.0671,-9.125,34.062,34.812,0.0305,-0.187,-0.3248,0.9265
1781857873568,52901,0.65796,0.11035,1.2002,1.37316,60.25,2.375,80.812,0.0255,-0.1742,-0.2484,0.9524
1781857873627,52960,0.69873,0.06958,1.16602,1.36112,57.625,-11.125,91.375,0.0279,-0.1759,-0.2423,0.9536
1781857873748,53081,0.69873,0.06958,1.16602,1.36112,57.625,-11.125,91.375,0.0279,-0.1759,-0.2423,0.9536
1781857874471,53804,0.31665,-0.07593,0.78247,0.84752,96.5,12.938,77.0,0.0353,-0.1768,-0.2035,0.9622
1781857874471,53804,0.12524,0.19629,0.84814,0.87953,30.688,58.938,50.625,0.1159,-0.1157,-0.0581,0.9847
1781857874471,53804,0.0061,0.29175,0.93604,0.98047,113.5,30.5,-19.062,0.1386,-0.0921,-0.0494,0.9847
1781857874527,53860,-0.06323,0.37451,1.00854,1.07769,-21.25,18.75,-0.625,0.1704,-0.0718,-0.0591,0.9809
1781857874887,54220,0.07397,0.5498,1.17529,1.29964,-51.125,41.438,-46.688,0.1542,-0.0582,-0.0707,0.9837
1781857874887,54220,0.33301,0.28979,1.18823,1.26758,82.375,-106.688,57.188,0.118,-0.0478,-0.0744,0.989
1781857874887,54220,0.43823,-0.14038,0.6748,0.81677,56.25,-74.812,153.438,-0.0308,-0.2266,0.213,0.9498
1781857875786,55119,0.30347,-0.0625,0.73315,0.79594,40.688,-58.25,180.375,-0.024,-0.2458,0.2806,0.9274
1781857875786,55119,0.27563,-0.11475,0.64893,0.71431,43.188,-49.312,168.5,-0.0232,-0.2485,0.2947,0.9222
1781857875789,55122,0.27832,-0.01489,0.78882,0.83661,15.562,-14.625,155.938,-0.0251,-0.2487,0.3722,0.8937
1781857875789,55122,0.66895,-0.13721,0.92261,1.14783,-10.625,-15.188,-78.312,0.0803,-0.1764,0.4885,0.8507
1781857875846,55179,0.55884,-0.04346,0.62207,0.83735,-6.188,-15.625,-90.625,0.0844,-0.1801,0.4754,0.8568
1781857875846,55179,0.50317,-0.07349,0.6167,0.79931,-4.812,-17.438,-89.875,0.0853,-0.1806,0.472,0.8585
1781857875847,55180,0.50317,-0.07349,0.6167,0.79931,-4.812,-17.438,-89.875,0.0853,-0.1806,0.472,0.8585
1781857875966,55299,0.26904,-0.12744,0.88965,0.93814,82.688,11.125,-77.188,0.1087,-0.1608,0.853,0.4843
1781857876147,55480,0.26904,-0.12744,0.88965,0.93814,82.688,11.125,-77.188,0.1087,-0.1608,0.853,0.4843
1781857876266,55599,0.35693,-0.03979,0.92114,0.98868,6.062,-19.25,-75.0,0.1452,-0.1325,0.8281,0.5247
1781857876266,55599,0.37085,-0.02515,0.88672,0.96147,4.875,-16.125,-73.25,0.1463,-0.1322,0.8264,0.5272
1781857876267,55600,0.40454,0.08813,0.91089,1.00057,8.188,-14.688,-74.125,0.1475,-0.1317,0.8247,0.5297
1781857876268,55601,0.77026,-0.51001,1.30493,1.59883,-57.062,42.688,-108.25,0.1504,-0.1305,0.8071,0.5556
1781857876329,55662,0.22437,-0.15723,1.24731,1.27705,-129.0,-8.688,194.062,0.073,-0.1839,0.8289,0.523
1781857876329,55662,0.24658,0.08447,0.72778,0.77305,-64.438,-36.0,-24.625,0.1113,-0.1817,0.8051,0.5534
1781857876330,55663,0.30151,-0.24951,0.79321,0.88451,-86.562,-62.25,119.938,0.0919,-0.2326,0.7731,0.5826
1781857876388,55721,0.30151,-0.24951,0.79321,0.88451,-86.562,-62.25,119.938,0.0919,-0.2326,0.7731,0.5826
1781857876390,55723,0.33301,-0.33423,0.82397,0.94949,-108.062,-74.188,159.75,0.0877,-0.2471,0.7784,0.5701
1781857876392,55725,0.26172,-0.3252,0.82861,0.92782,-3.25,-28.562,-2.812,0.0722,-0.2796,0.7861,0.5463
1781857876446,55779,0.26172,-0.3252,0.82861,0.92782,-3.25,-28.562,-2.812,0.0722,-0.2796,0.7861,0.5463
1781857876446,55779,0.16748,-0.26172,0.76318,0.82401,34.812,-46.75,-9.5,0.0764,-0.28,0.7854,0.5465
1781857876447,55780,0.16748,-0.26172,0.76318,0.82401,34.812,-46.75,-9.5,0.0764,-0.28,0.7854,0.5465
1781857876507,55840,0.40381,-0.27783,0.83472,0.96799,3.75,-28.875,-48.562,0.0994,-0.2766,0.7793,0.5532
1781857876507,55840,0.47021,-0.49463,0.75293,1.0162,-0.312,-27.5,-58.312,0.1016,-0.2776,0.777,0.5555
1781857876507,55840,0.71118,-0.06006,0.82739,1.09269,221.25,-49.375,-25.375,0.172,-0.21,0.7814,0.5617
1781857876629,55962,0.68384,-0.01782,0.83447,1.07903,224.5,-66.062,-12.562,0.1796,-0.2039,0.7825,0.5599
1781857876630,55963,0.60181,0.02637,0.89502,1.07885,235.312,-90.562,15.188,0.1954,-0.1931,0.783,0.5579
1781857876631,55964,0.68945,0.13843,1.00513,1.2267,335.812,-115.562,-19.625,0.2849,-0.1318,0.7891,0.5278
1781857876631,55964,0.6897,0.16309,1.01294,1.23625,328.125,-105.625,-25.25,0.2962,-0.1227,0.7889,0.5239
1781857876687,56020,0.66455,0.18164,0.99854,1.21313,316.875,-94.125,-27.562,0.3067,-0.1137,0.7887,0.5203
1781857876687,56020,0.7251,0.31885,0.96606,1.24928,102.375,-15.812,37.938,0.3624,-0.0576,0.7856,0.4979
1781857876687,56020,0.78833,0.1897,0.76709,1.11619,92.625,21.625,4.938,0.3841,-0.0339,0.7957,0.4667
1781857876746,56079,0.69751,0.18237,0.71606,1.01613,90.125,28.188,8.375,0.3854,-0.0287,0.7968,0.4642
1781857876746,56079,0.6189,0.19165,0.66577,0.92899,85.688,28.812,11.062,0.3865,-0.0232,0.7985,0.4606
1781857876747,56080,0.30981,0.28711,0.60083,0.73445,54.062,-28.938,5.188,0.3957,-0.0071,0.8046,0.4425
1781857876812,56145,0.2959,0.30054,0.60352,0.73628,57.312,-28.688,-19.688,0.3977,-0.0054,0.8038,0.442
1781857876813,56146,0.29712,0.30054,0.61792,0.74862,62.438,-25.188,-49.25,0.3997,-0.003,0.8026,0.4425
1781857876813,56146,0.29712,0.30054,0.61792,0.74862,62.438,-25.188,-49.25,0.3997,-0.003,0.8026,0.4425
1781857876867,56200,0.29712,0.30054,0.61792,0.74862,62.438,-25.188,-49.25,0.3997,-0.003,0.8026,0.4425
1781857876867,56200,0.36646,0.33472,0.58496,0.76714,66.625,-55.5,-171.125,0.4199,0.038,0.7731,0.4736
1781857876868,56201,0.44727,0.46606,0.50732,0.82137,73.5,-156.125,-82.0,0.4746,0.0682,0.72,0.5014
1781857876929,56262,0.38965,0.50928,0.52197,0.82683,85.375,-157.375,-92.125,0.484,0.0697,0.712,0.5037
1781857876929,56262,0.44043,0.55103,0.54517,0.89152,89.188,-157.75,-102.688,0.4903,0.0711,0.7063,0.5054
1781857876930,56263,0.44043,0.55103,0.54517,0.89152,89.188,-157.75,-102.688,0.4903,0.0711,0.7063,0.5054
1781857876986,56319,0.83521,0.67944,0.50049,1.18731,86.812,-131.125,-99.375,0.5452,0.0917,0.6535,0.5168
1781857876986,56319,0.8374,0.6853,0.46313,1.17702,85.375,-144.812,-93.125,0.5533,0.0939,0.6449,0.5185
1781857876989,56322,0.8374,0.6853,0.46313,1.17702,85.375,-144.812,-93.125,0.5533,0.0939,0.6449,0.5185
1781857877047,56380,0.8374,0.6853,0.46313,1.17702,85.375,-144.812,-93.125,0.5533,0.0939,0.6449,0.5185
1781857877047,56380,1.00928,0.88232,0.14258,1.34813,96.5,-106.25,-146.062,0.6202,0.1143,0.5707,0.5255
1781857877047,56380,1.00928,0.88232,0.14258,1.34813,96.5,-106.25,-146.062,0.6202,0.1143,0.5707,0.5255
1781857877106,56439,0.5542,0.78442,0.22241,0.98586,-49.688,-62.312,20.0,0.6489,0.1258,0.5134,0.547
1781857877108,56441,0.48999,0.79077,0.21533,0.95487,-54.812,-56.688,49.0,0.6491,0.1221,0.513,0.5479
1781857877108,56441,0.48999,0.79077,0.21533,0.95487,-54.812,-56.688,49.0,0.6491,0.1221,0.513,0.5479
1781857877166,56499,0.4375,0.68359,0.22534,0.84231,-182.875,42.812,203.438,0.6264,0.0579,0.559,0.5399
1781857877167,56500,0.44629,0.7002,0.22632,0.86062,-186.188,37.188,210.375,0.6215,0.0488,0.5653,0.5398
1781857877167,56500,0.45752,0.35376,0.32471,0.66325,-40.688,-89.125,174.375,0.5994,-0.0404,0.6112,0.5151
1781857877227,56560,0.40381,0.24414,0.29346,0.55568,-26.188,-105.75,105.562,0.6028,-0.0519,0.6129,0.5079
1781857877228,56561,0.44922,0.24683,0.24609,0.56858,-22.125,-103.562,69.688,0.6049,-0.0569,0.6119,0.5062
1781857877228,56561,0.44922,0.24683,0.24609,0.56858,-22.125,-103.562,69.688,0.6049,-0.0569,0.6119,0.5062
1781857877286,56619,0.96094,0.68237,0.3335,1.22485,64.062,-98.75,-92.5,0.6364,-0.057,0.5748,0.5109
1781857877286,56619,0.93628,0.65576,0.35278,1.19629,85.438,-98.625,-94.0,0.6408,-0.0546,0.5703,0.5108
1781857877287,56620,0.93628,0.65576,0.35278,1.19629,85.438,-98.625,-94.0,0.6408,-0.0546,0.5703,0.5108
1781857877347,56680,0.80005,0.8811,0.1543,1.2001,95.5,-118.75,-133.688,0.692,-0.0283,0.5089,0.5109
1781857877347,56680,0.82568,0.86963,0.13965,1.20727,105.75,-108.312,-142.375,0.6968,-0.0242,0.5026,0.5108
1781857877347,56680,0.59668,0.90527,0.14038,1.09328,92.375,148.75,-122.438,0.7118,0.0484,0.4807,0.5095
1781857877409,56742,0.59668,0.90527,0.14038,1.09328,92.375,148.75,-122.438,0.7118,0.0484,0.4807,0.5095
1781857877410,56743,0.57007,0.97949,0.14551,1.14261,86.375,154.438,-105.0,0.7097,0.059,0.4821,0.5101
1781857877410,56743,0.30591,0.84106,-0.17432,0.91179,81.375,-160.375,-79.062,0.7246,0.1,0.4529,0.5095
1781857877471,56804,0.31323,0.82373,-0.09668,0.88656,79.062,-117.938,-87.375,0.7304,0.1024,0.4436,0.5089
1781857877472,56805,0.30225,0.86914,-0.10059,0.92568,78.562,-103.625,-91.25,0.732,0.1035,0.4408,0.5088
1781857877472,56805,0.87207,1.05811,-0.1355,1.37784,21.562,23.438,-90.5,0.735,0.1477,0.4183,0.5126
1781857877532,56865,0.87207,1.05811,-0.1355,1.37784,21.562,23.438,-90.5,0.735,0.1477,0.4183,0.5126
1781857877532,56865,0.80835,1.02222,-0.19531,1.31776,21.062,-8.562,-61.25,0.735,0.1538,0.414,0.5142
1781857877532,56865,0.76514,1.26758,-0.16162,1.4894,-29.062,-17.312,-64.625,0.7345,0.163,0.3943,0.5274
1781857877595,56928,0.90405,1.18652,-0.07544,1.4936,19.062,0.875,-90.25,0.7333,0.1693,0.3916,0.5291
1781857877596,56929,0.88184,1.14722,-0.16675,1.45655,19.25,-4.062,-96.812,0.7332,0.1725,0.3893,0.53
1781857877596,56929,0.52246,0.80176,-0.24243,0.9872,-122.688,-26.875,-66.562,0.7218,0.1868,0.3717,0.5528
1781857877651,56984,0.48853,0.84595,-0.22876,1.0033,-164.312,-36.438,-71.0,0.7143,0.1862,0.3701,0.5638
1781857877651,56984,0.47217,0.88965,-0.2439,1.03629,-181.188,-40.312,-77.312,0.7101,0.1848,0.3684,0.5706
1781857877654,56987,0.47217,0.88965,-0.2439,1.03629,-181.188,-40.312,-77.312,0.7101,0.1848,0.3684,0.5706
1781857877706,57039,0.47217,0.88965,-0.2439,1.03629,-181.188,-40.312,-77.312,0.7101,0.1848,0.3684,0.5706
1781857877706,57039,0.50684,0.43384,0.00439,0.66717,-68.125,-5.812,-69.5,0.6571,0.1853,0.3522,0.64
1781857877707,57040,0.23438,0.32861,0.0752,0.41058,36.625,7.75,4.375,0.6543,0.1988,0.3462,0.642
1781857877766,57099,0.14819,0.32056,0.06665,0.35939,29.812,15.5,19.75,0.656,0.1994,0.3471,0.6397
1781857877767,57100,0.15894,0.31616,0.02148,0.35451,32.938,19.562,21.688,0.6567,0.1998,0.348,0.6383
1781857877767,57100,0.15894,0.31616,0.02148,0.35451,32.938,19.562,21.688,0.6567,0.1998,0.348,0.6383
1781857877826,57159,0.15894,0.31616,0.02148,0.35451,32.938,19.562,21.688,0.6567,0.1998,0.348,0.6383
1781857877826,57159,0.02368,0.94336,-0.3186,0.99599,130.188,-29.25,-10.25,0.6837,0.2149,0.3341,0.6119
1781857877827,57160,0.28979,1.13232,-0.22021,1.18938,151.125,6.625,-49.312,0.718,0.241,0.3053,0.577
1781857877948,57281,0.28979,1.13232,-0.22021,1.18938,151.125,6.625,-49.312,0.718,0.241,0.3053,0.577
1781857877948,57281,0.18237,1.10254,-0.23779,1.14254,164.188,34.938,-71.125,0.7241,0.2498,0.2999,0.5684
1781857877948,57281,-0.09399,1.22852,-0.5647,1.35535,140.125,39.562,-88.75,0.7459,0.3094,0.2854,0.5159
1781857877948,57281,-0.1084,1.2229,-0.52734,1.33616,151.25,18.75,-103.875,0.7497,0.3189,0.2774,0.5089
1781857878006,57339,-0.08813,1.20264,-0.49658,1.30411,158.688,13.5,-108.688,0.7515,0.3245,0.2733,0.505
1781857878066,57399,0.04126,0.92944,-0.34937,0.99379,169.688,6.188,-51.688,0.7716,0.3645,0.2331,0.466
1781857878066,57399,-0.11475,1.13428,-0.54517,1.26371,-19.625,80.625,139.375,0.7989,0.3566,0.2522,0.4132
1781857878067,57400,-0.12036,1.14526,-0.55713,1.27926,-35.875,82.438,142.938,0.7996,0.3529,0.2579,0.4116
1781857878126,57459,-0.07983,1.12134,-0.5979,1.27329,-50.938,80.812,151.562,0.7993,0.3488,0.2681,0.4091
1781857878189,57522,0.0459,0.90894,-0.59888,1.08946,-54.875,-5.125,197.062,0.8085,0.2944,0.3177,0.3981
1781857878191,57524,0.12744,1.60229,-0.55371,1.70005,47.75,-98.312,-66.0,0.8198,0.2496,0.3218,0.4021
1781857878191,57524,0.1001,1.83325,-0.41748,1.88285,49.5,-90.188,-135.438,0.8205,0.2529,0.3159,0.4034
1781857878246,57579,0.09082,1.93286,-0.34473,1.96546,34.0,-74.688,-202.188,0.82,0.2587,0.3095,0.4058
1781857878246,57579,0.18433,0.80151,-0.47144,0.94797,-176.938,-56.375,31.688,0.7907,0.2839,0.281,0.4636
1781857878247,57580,0.19287,0.50488,-0.51172,0.74429,15.812,-15.5,-93.938,0.7752,0.2658,0.2767,0.5015
1781857878312,57645,0.18359,0.53662,-0.47412,0.73923,46.5,-16.625,-93.438,0.7752,0.2691,0.2738,0.5014
1781857878313,57646,0.20728,0.59741,-0.39893,0.74767,75.375,-16.375,-89.0,0.7763,0.2735,0.2684,0.5001
1781857878313,57646,0.21265,1.31519,-0.36011,1.38008,33.812,-29.688,28.125,0.7889,0.2824,0.2491,0.4853
1781857878366,57699,0.19067,1.35864,-0.34937,1.41574,20.375,-31.75,31.938,0.7907,0.2802,0.2481,0.4843
1781857878366,57699,0.20605,1.37939,-0.34229,1.43609,7.312,-32.875,31.125,0.7918,0.2781,0.2476,0.4838
1781857878370,57703,0.26685,0.99902,-0.35205,1.09233,-37.5,-10.438,-29.375,0.7888,0.2729,0.2436,0.4936
1781857878427,57760,0.26685,0.99902,-0.35205,1.09233,-37.5,-10.438,-29.375,0.7888,0.2729,0.2436,0.4936
1781857878428,57761,0.26953,0.95752,-0.36816,1.06068,-39.75,-10.0,-29.5,0.7877,0.2733,0.2432,0.4953
1781857878428,57761,0.23999,0.87354,-0.39746,0.98926,64.438,-2.0,-44.5,0.7832,0.2775,0.2362,0.5035
1781857878486,57819,0.20996,0.88135,-0.45166,1.01235,86.438,-1.312,-54.938,0.7844,0.28,0.234,0.5012
1781857878486,57819,0.18823,0.90161,-0.4502,1.02519,97.25,0.562,-62.75,0.7857,0.283,0.2316,0.4986
1781857878493,57826,0.00146,1.03296,-0.42993,1.11886,-39.5,-30.188,-36.438,0.783,0.2965,0.2152,0.5025
1781857878545,57878,-0.01343,1.00977,-0.42017,1.09378,-38.938,-28.125,-32.438,0.7814,0.2968,0.2134,0.5054
1781857878545,57878,-0.00928,0.97534,-0.42163,1.06261,-39.438,-26.188,-29.812,0.7804,0.2969,0.2123,0.5074
1781857878546,57879,-0.06323,0.99268,-0.34521,1.05289,-90.375,-25.562,11.0,0.7658,0.292,0.2105,0.5327
1781857878606,57939,-0.06519,0.97412,-0.34375,1.03505,-95.062,-26.312,15.625,0.764,0.2901,0.2111,0.536
1781857878607,57940,-0.1145,0.97754,-0.32593,1.03678,-98.375,-23.625,21.5,0.7622,0.288,0.2119,0.5393
1781857878607,57940,-0.11328,0.85059,-0.29395,0.90705,-37.562,2.0,30.062,0.7483,0.2704,0.2283,0.5608
1781857878666,57999,-0.08521,0.85205,-0.2583,0.89441,-30.0,6.562,21.5,0.7478,0.2695,0.2294,0.5615
1781857878667,58000,-0.04834,0.85962,-0.24658,0.89559,-25.938,8.875,11.5,0.7471,0.2689,0.2303,0.5622
1781857878668,58001,0.17944,1.05396,-0.15234,1.07992,-15.438,11.938,7.5,0.7415,0.2715,0.2343,0.5668
1781857878726,58059,0.16479,1.073,-0.15991,1.09729,-15.625,10.75,15.5,0.7411,0.2711,0.2352,0.5671
1781857878726,58059,0.13745,1.07446,-0.16309,1.09543,-17.562,10.688,25.812,0.7409,0.2705,0.2363,0.5673
1781857878727,58060,-0.04639,0.86426,-0.29492,0.91437,-9.062,0.438,16.0,0.7396,0.2568,0.252,0.5685
1781857878791,58124,-0.02783,0.83984,-0.28638,0.88776,-7.062,0.75,5.25,0.7395,0.2566,0.2523,0.5686
1781857878791,58124,0.0,0.82959,-0.26855,0.87198,-6.125,1.688,-4.375,0.7393,0.2566,0.2523,0.5688
1781857878791,58124,0.13916,0.91992,-0.21387,0.95465,-1.5,-4.375,14.625,0.7385,0.259,0.2501,0.5698
1781857878847,58180,0.18433,1.00586,-0.15771,1.0347,16.125,5.5,13.562,0.739,0.2586,0.2507,0.5692
1781857878847,58180,0.20117,1.01611,-0.15796,1.04781,21.562,2.5,13.438,0.7393,0.2584,0.2509,0.5687
1781857878848,58181,0.20117,1.01611,-0.15796,1.04781,21.562,2.5,13.438,0.7393,0.2584,0.2509,0.5687
1781857878912,58245,0.09106,1.05591,-0.2959,1.10036,45.5,-51.062,6.688,0.7535,0.2485,0.2427,0.5579
1781857878912,58245,0.2334,0.91797,-0.38403,1.02207,50.5,-61.062,1.438,0.7555,0.2475,0.2405,0.5567
1781857878912,58245,0.2334,0.91797,-0.38403,1.02207,50.5,-61.062,1.438,0.7555,0.2475,0.2405,0.5567
1781857878981,58314,0.05859,1.02686,-0.28687,1.06778,91.5,-8.938,1.188,0.782,0.2391,0.2075,0.5366
1781857878982,58315,0.07446,1.05249,-0.33667,1.10753,98.062,-6.938,-1.25,0.7843,0.2398,0.2063,0.5334
1781857878982,58315,0.04419,1.08252,-0.43359,1.16696,152.438,-20.25,-29.375,0.8117,0.2531,0.1807,0.4941
1781857879030,58363,0.05591,1.0603,-0.43042,1.1457,156.875,-19.812,-26.688,0.8148,0.2548,0.1777,0.4891
1781857879033,58366,0.08081,1.03003,-0.43848,1.12239,161.75,-18.938,-21.062,0.8181,0.2564,0.1749,0.4839
1781857879033,58366,0.08081,1.03003,-0.43848,1.12239,161.75,-18.938,-21.062,0.8181,0.2564,0.1749,0.4839
1781857879087,58420,-0.00024,0.82617,-0.61255,1.02848,171.125,-3.125,13.75,0.858,0.2609,0.1466,0.417
1781857879088,58421,-0.0022,0.82935,-0.6394,1.04721,172.25,-2.25,12.312,0.8613,0.2615,0.1448,0.4107
1781857879088,58421,-0.0022,0.82935,-0.6394,1.04721,172.25,-2.25,12.312,0.8613,0.2615,0.1448,0.4107
1781857879146,58479,-0.0022,0.82935,-0.6394,1.04721,172.25,-2.25,12.312,0.8613,0.2615,0.1448,0.4107
1781857879212,58545,0.01001,0.63599,-0.70166,0.94705,188.25,-7.688,35.562,0.8962,0.2608,0.1187,0.3384
1781857879212,58545,0.01001,0.63599,-0.70166,0.94705,188.25,-7.688,35.562,0.8962,0.2608,0.1187,0.3384
1781857879212,58545,0.04272,0.4939,-0.83838,0.97398,67.25,60.188,95.125,0.924,0.2421,0.1267,0.2669
1781857879213,58546,0.04736,0.49927,-0.85107,0.98785,50.5,60.188,93.438,0.9253,0.2394,0.1296,0.2635
1781857879276,58609,0.04736,0.49927,-0.85107,0.98785,50.5,60.188,93.438,0.9253,0.2394,0.1296,0.2635
1781857879276,58609,0.17114,0.62939,-0.79004,1.02449,-82.75,10.125,59.875,0.9271,0.2116,0.1569,0.266
1781857879277,58610,0.021,0.59473,-0.66113,0.88952,265.312,-109.125,-100.75,0.9414,0.2108,0.138,0.2236
1781857879327,58660,-0.00806,0.47437,-0.65479,0.8086,271.688,-120.125,-125.062,0.9437,0.2153,0.1295,0.2146
1781857879328,58661,-0.01294,0.35449,-0.67407,0.76171,276.188,-131.438,-143.5,0.9456,0.2213,0.1204,0.2053
1781857879328,58661,-0.04199,0.3894,-0.94946,1.02707,39.125,-107.938,-100.688,0.9506,0.2656,0.0357,0.1557
1781857879395,58728,-0.04199,0.3894,-0.94946,1.02707,39.125,-107.938,-100.688,0.9506,0.2656,0.0357,0.1557
1781857879404,58737,-0.02026,0.38257,-0.96118,1.03472,41.0,-90.5,-97.312,0.9504,0.2676,0.0277,0.1553
1781857879408,58741,-0.02026,0.38257,-0.96118,1.03472,41.0,-90.5,-97.312,0.9504,0.2676,0.0277,0.1553
1781857879446,58779,-0.06812,0.24854,-0.94263,0.97722,52.375,-23.688,24.5,0.947,0.2857,-0.007,0.1458
1781857879446,58779,-0.03052,0.3042,-0.91895,0.96847,54.875,-5.812,33.562,0.9478,0.2843,-0.0078,0.1437
1781857879447,58780,-0.18506,0.30029,-1.10571,1.16061,-17.688,-44.688,-15.438,0.9478,0.2851,-0.0224,0.14
1781857879511,58844,-0.18237,0.28833,-1.10278,1.15435,-10.75,-40.75,-8.562,0.9474,0.2857,-0.0248,0.1416
1781857879572,58905,-0.20093,0.27466,-1.09888,1.15037,-4.312,-41.875,-7.938,0.9472,0.2857,-0.0265,0.1423
1781857879572,58905,-0.15674,0.28149,-0.92798,0.98232,74.938,46.125,-7.75,0.9467,0.2868,-0.0302,0.1427
1781857879572,58905,-0.06763,0.41553,-0.83936,0.93902,106.5,49.312,-13.812,0.947,0.2891,-0.0287,0.1363
1781857879572,58905,-0.10376,0.33862,-0.85938,0.92949,128.375,41.75,-18.688,0.9478,0.2903,-0.0285,0.128
1781857879687,59020,-0.22583,0.17627,-1.10059,1.13726,135.062,12.938,-56.812,0.9475,0.3079,-0.0381,0.0766
1781857879688,59021,-0.18945,0.10791,-1.09277,1.11431,122.125,9.312,-46.938,0.9471,0.311,-0.041,0.0658
1781857879689,59022,0.06714,-0.15503,-0.81152,0.82892,10.125,7.688,8.188,0.9464,0.3176,-0.0482,0.0314
1781857879689,59022,0.06714,-0.15503,-0.81152,0.82892,10.125,7.688,8.188,0.9464,0.3176,-0.0482,0.0314
1781857879747,59080,-0.05591,-0.01855,-0.88501,0.88697,-22.75,1.625,7.188,0.9461,0.3183,-0.0475,0.0324
1781857879747,59080,-0.12769,0.02881,-1.0061,1.01458,13.5,19.312,1.562,0.9459,0.3197,-0.0411,0.0328
1781857879748,59081,-0.07202,-0.00952,-0.96387,0.9666,-0.375,-9.312,-7.062,0.9443,0.3249,-0.0411,0.0274
1781857879866,59199,-0.08838,0.00635,-0.96313,0.9672,-3.812,-11.25,-7.438,0.944,0.3258,-0.0417,0.0278
1781857879867,59200,-0.09888,0.0144,-0.96704,0.97219,-5.312,-14.25,-7.438,0.9439,0.3261,-0.0422,0.0282
1781857879868,59201,-0.13696,0.03491,-1.00732,1.01719,-9.125,2.812,2.562,0.9427,0.3286,-0.0455,0.0324
1781857879868,59201,-0.13477,0.03198,-0.99219,1.00181,-10.5,6.688,3.562,0.9427,0.3286,-0.045,0.0329
1781857879934,59267,-0.12695,0.02515,-0.9751,0.98365,-10.688,9.062,4.25,0.9428,0.3284,-0.0445,0.0332
1781857879934,59267,-0.11694,0.00513,-0.9541,0.96126,-0.562,-4.25,-1.688,0.9424,0.3297,-0.0421,0.035
1781857879934,59267,-0.12207,0.04565,-1.04419,1.05229,-3.875,11.438,6.0,0.9417,0.3319,-0.0424,0.0341
1781857879996,59329,-0.12207,0.04565,-1.04419,1.05229,-3.875,11.438,6.0,0.9417,0.3319,-0.0424,0.0341
1781857879997,59330,-0.11768,0.04785,-1.02661,1.03444,-7.688,18.188,6.5,0.9417,0.3319,-0.0405,0.0343
1781857879997,59330,-0.08057,0.03564,-0.95044,0.95451,-2.875,-1.5,0.0,0.942,0.3312,-0.036,0.0361
1781857880049,59382,-0.08057,0.03564,-0.95044,0.95451,-2.875,-1.5,0.0,0.942,0.3312,-0.036,0.0361
1781857880052,59385,-0.09814,0.03857,-0.96387,0.96962,-0.188,-1.375,-1.5,0.942,0.3313,-0.0361,0.0363
1781857880052,59385,-0.09741,0.04126,-1.03638,1.04176,0.438,-6.5,-7.938,0.9413,0.3333,-0.0372,0.0363
1781857880110,59443,-0.09399,0.04395,-1.04712,1.05225,0.0,-6.75,-9.562,0.941,0.3338,-0.0377,0.0363
1781857880110,59443,-0.0896,0.04517,-1.03735,1.04219,-0.625,-5.938,-10.25,0.9405,0.3354,-0.038,0.0366
1781857880110,59443,-0.09229,0.01758,-0.94873,0.95337,-20.062,17.188,-4.188,0.9392,0.3391,-0.0335,0.0393
1781857880167,59500,-0.09229,0.01758,-0.94873,0.95337,-20.062,17.188,-4.188,0.9392,0.3391,-0.0335,0.0393
1781857880168,59501,-0.09375,0.02759,-0.94336,0.94841,-15.25,11.5,-4.0,0.9392,0.3393,-0.0319,0.0404
1781857880168,59501,-0.09375,0.02759,-0.94336,0.94841,-15.25,11.5,-4.0,0.9392,0.3393,-0.0319,0.0404
1781857880226,59559,-0.11401,0.07642,-1.04932,1.05825,-5.938,9.688,-1.5,0.9379,0.3427,-0.0281,0.0429
1781857880227,59560,-0.12402,0.06689,-1.04248,1.05196,-6.125,10.625,1.812,0.9379,0.3428,-0.027,0.0431
1781857880227,59560,-0.08472,0.06616,-0.96143,0.96742,0.625,6.812,5.188,0.9385,0.3412,-0.0251,0.0437
1781857880290,59623,-0.07227,0.06201,-0.9585,0.96321,0.688,9.812,7.188,0.9386,0.341,-0.0247,0.0435
1781857880291,59624,-0.07837,0.05688,-0.9751,0.97989,1.5,12.25,10.938,0.9387,0.3408,-0.024,0.0433
1781857880291,59624,-0.10083,0.05273,-0.99927,1.00573,1.75,4.438,8.812,0.94,0.3378,-0.0217,0.0409
1781857880349,59682,-0.09839,0.06152,-0.9978,1.00453,0.938,4.875,9.562,0.9401,0.3374,-0.0215,0.0408
1781857880350,59683,-0.09058,0.06519,-0.99292,0.99917,-1.312,7.625,11.375,0.9404,0.3366,-0.0209,0.0407
1781857880351,59684,-0.08105,0.04834,-0.98145,0.98597,-4.688,1.5,10.812,0.9421,0.332,-0.0187,0.0414
1781857880414,59747,-0.07959,0.04858,-0.98389,0.9883,-4.875,1.312,10.75,0.9422,0.3316,-0.0186,0.0416
1781857880415,59748,-0.0708,0.05078,-0.98267,0.98652,-3.75,2.312,9.812,0.9423,0.3314,-0.0183,0.0419
1781857880415,59748,-0.0708,0.05078,-0.98267,0.98652,-3.75,2.312,9.812,0.9423,0.3314,-0.0183,0.0419
1781857880482,59815,-0.0332,0.07617,-1.01685,1.02024,0.0,25.188,6.125,0.9433,0.3287,-0.0134,0.0405
1781857880491,59824,-0.0437,0.07983,-1.01416,1.01824,-1.062,32.688,7.625,0.9433,0.3289,-0.0109,0.0398
1781857880491,59824,-0.01758,0.05933,-0.95068,0.9527,0.312,29.25,3.0,0.9441,0.3274,0.0003,0.0361
1781857880548,59881,-0.01221,0.05591,-0.93628,0.93803,1.625,26.812,0.688,0.9441,0.3274,0.002,0.0354
1781857880550,59883,-0.01245,0.05396,-0.92993,0.93158,5.625,23.438,-2.062,0.944,0.3276,0.0039,0.0344
1781857880550,59883,-0.01611,0.04834,-1.01025,1.01154,11.25,17.875,-7.688,0.9434,0.3298,0.0092,0.029
1781857880676,60009,-0.02344,0.04956,-1.021,1.02247,11.125,17.438,-7.5,0.9434,0.3301,0.0097,0.0283
1781857880692,60025,-0.03101,0.04956,-1.02344,1.02511,10.938,16.812,-7.25,0.9432,0.3304,0.0101,0.0276
1781857880692,60025,-0.02344,0.03101,-0.98145,0.98221,2.625,3.0,-4.688,0.9428,0.332,0.0128,0.0238
1781857880693,60026,-0.0249,0.02856,-0.98584,0.98657,2.688,2.125,-4.125,0.9428,0.3322,0.0128,0.0236
1781857880710,60043,-0.01904,0.02612,-0.99365,0.99418,3.125,1.375,-3.625,0.9427,0.3323,0.0128,0.0235
1781857880711,60044,-0.02783,0.03638,-1.04395,1.04495,-3.5,3.625,5.188,0.9426,0.3327,0.013,0.0227
1781857880731,60064,-0.02271,0.03418,-1.03833,1.03914,-5.188,3.312,5.812,0.9426,0.3324,0.0132,0.0228
1781857880744,60077,-0.01685,0.03711,-1.03662,1.03742,-7.25,2.25,6.188,0.9427,0.3322,0.0134,0.023
1781857880745,60078,0.00903,0.0376,-1.02759,1.02832,-14.75,-15.938,5.5,0.944,0.3281,0.013,0.0286
1781857880771,60104,0.00317,0.04834,-1.00317,1.00434,-15.375,-20.438,2.938,0.9441,0.3277,0.0119,0.0303
1781857880772,60105,0.0022,0.05396,-0.98584,0.98732,-14.25,-23.312,2.062,0.9444,0.3267,0.0108,0.0317
1781857880774,60107,-0.00903,0.08862,-0.96387,0.96797,-13.688,-10.125,1.0,0.9446,0.3256,0.0054,0.0381
1781857880841,60174,-0.00806,0.08911,-0.96582,0.96996,-14.562,-6.062,1.188,0.9446,0.3255,0.0053,0.0388
1781857880843,60176,-0.01196,0.08105,-0.97412,0.97756,-15.125,-2.875,1.0,0.9446,0.3254,0.0054,0.0397
1781857880843,60176,-0.01196,0.08105,-0.97412,0.97756,-15.125,-2.875,1.0,0.9446,0.3254,0.0054,0.0397
1781857880894,60227,-0.02026,0.08032,-0.95483,0.95842,-8.25,-12.375,-6.625,0.9441,0.3261,0.0053,0.0457
1781857880894,60227,-0.02539,0.07935,-0.95312,0.95676,-6.625,-13.688,-7.062,0.944,0.3263,0.0048,0.0462
1781857880894,60227,-0.02539,0.07935,-0.95312,0.95676,-6.625,-13.688,-7.062,0.944,0.3263,0.0048,0.0462
1781857880972,60305,-0.02539,0.07935,-0.95312,0.95676,-6.625,-13.688,-7.062,0.944,0.3263,0.0048,0.0462
1781857881029,60362,-0.03955,0.08594,-0.95508,0.95975,7.5,-1.938,-7.625,0.9433,0.3281,-0.0004,0.0479
1781857881039,60372,-0.03809,0.06299,-1.0022,1.0049,-6.375,12.562,-2.188,0.9427,0.3303,0.0018,0.0453
1781857881039,60372,-0.03369,0.06519,-0.94849,0.95132,-6.188,15.0,-3.125,0.9426,0.3306,0.0031,0.0454
1781857881093,60426,-0.02368,0.07153,-0.92139,0.92446,-1.562,14.75,-4.062,0.9425,0.3308,0.0045,0.0454
1781857881109,60442,0.00195,0.10181,-1.0415,1.04647,27.625,30.938,-13.938,0.9419,0.3332,0.0087,0.0385
1781857881110,60443,0.00195,0.10181,-1.0415,1.04647,27.625,30.938,-13.938,0.9419,0.3332,0.0087,0.0385
1781857881129,60462,-0.00293,0.02295,-0.9165,0.9168,18.688,8.438,-12.312,0.9405,0.3383,0.0223,0.0162
1781857881130,60463,-0.00195,0.02148,-0.90747,0.90773,18.438,5.5,-12.625,0.9403,0.3389,0.0222,0.0155
1781857881130,60463,-0.021,0.02588,-1.00732,1.00788,3.625,4.75,-7.75,0.9391,0.3424,0.0214,0.0113
1781857881201,60534,-0.01392,0.01465,-1.00146,1.00167,2.375,8.312,-4.25,0.9392,0.3424,0.0217,0.011
1781857881203,60536,-0.00757,0.01807,-0.9917,0.99189,1.0,12.188,-1.188,0.9391,0.3425,0.0223,0.0107
1781857881203,60536,-0.00757,0.01807,-0.9917,0.99189,1.0,12.188,-1.188,0.9391,0.3425,0.0223,0.0107
1781857881247,60580,0.01733,0.0188,-1.02612,1.02644,-5.125,8.25,-0.375,0.9389,0.3428,0.0256,0.0095
1781857881247,60580,0.0354,0.00293,-0.99902,0.99965,-11.0,9.625,0.5,0.9387,0.3431,0.0266,0.0098
1781857881248,60581,0.0354,0.00293,-0.99902,0.99965,-11.0,9.625,0.5,0.9387,0.3431,0.0266,0.0098
1781857881306,60639,0.0354,0.00293,-0.99902,0.99965,-11.0,9.625,0.5,0.9387,0.3431,0.0266,0.0098
1781857881307,60640,0.03662,0.03564,-0.97925,0.98058,1.312,2.562,1.0,0.9385,0.3433,0.0307,0.0123
1781857881308,60641,0.03662,0.0354,-0.98804,0.98935,4.125,-8.688,-1.875,0.9387,0.3431,0.028,0.0123
1781857881427,60760,0.03223,0.03247,-0.97754,0.97861,4.0,-8.062,-2.438,0.9387,0.3432,0.0274,0.0122
1781857881428,60761,0.03784,0.03149,-0.96729,0.96854,4.125,-6.938,-2.75,0.9386,0.3433,0.0271,0.0122
1781857881429,60762,0.01807,0.02515,-0.99976,1.00024,5.312,-12.812,-3.375,0.9384,0.3443,0.0224,0.0112
1781857881429,60762,0.0083,0.0332,-0.99854,0.99912,4.938,-12.438,-3.125,0.9381,0.3452,0.0216,0.0112
1781857881503,60836,0.00854,0.03687,-0.99609,0.99681,4.75,-12.312,-2.812,0.9381,0.3453,0.0209,0.0112
1781857881509,60842,0.00781,0.01709,-1.00464,1.00481,5.375,-10.5,-3.375,0.9379,0.3459,0.0161,0.0112
1781857881509,60842,0.01733,0.00952,-1.04639,1.04657,-16.438,7.938,-2.438,0.9371,0.3482,0.0175,0.0136
1781857881546,60879,0.01099,0.02002,-1.0105,1.01076,-19.125,9.938,-1.625,0.937,0.3483,0.0187,0.0148
1781857881548,60881,0.0166,0.02368,-0.98901,0.98944,-21.312,8.812,-0.312,0.9369,0.3483,0.0194,0.0155
1781857881548,60881,0.00635,0.04175,-0.98169,0.9826,-1.875,-3.812,-3.938,0.9367,0.3488,0.0222,0.0194
1781857881608,60941,0.00391,0.03662,-1.0166,1.01727,-3.875,-2.375,-2.562,0.9363,0.3495,0.022,0.0197
1781857881678,61011,0.00366,0.0437,-1.02148,1.02243,-5.75,-0.938,-1.688,0.9363,0.3496,0.022,0.0201
1781857881679,61012,-0.20239,0.20776,-0.8833,0.9297,48.688,29.812,16.312,0.9367,0.3485,0.0234,0.0227
1781857881679,61012,0.05054,-0.13672,-0.91602,0.92754,92.562,29.0,25.5,0.9373,0.3471,0.0238,0.0161
1781857881679,61012,0.02368,0.00684,-0.84521,0.84557,49.688,6.125,3.938,0.9375,0.3466,0.0231,0.0119
1781857881735,61068,0.04272,0.03003,-1.05981,1.0611,6.25,3.625,4.625,0.9389,0.3431,0.0233,0.0089
1781857881735,61068,0.05298,0.01025,-1.01123,1.01267,-0.25,5.688,6.25,0.939,0.3427,0.0237,0.0085
1781857881742,61075,0.0791,0.03467,-0.98682,0.99059,-3.562,-4.688,-1.938,0.9394,0.3414,0.0255,0.0103
1781857881792,61125,0.0791,0.03467,-0.98682,0.99059,-3.562,-4.688,-1.938,0.9394,0.3414,0.0255,0.0103
1781857881792,61125,0.07422,0.03784,-1.00781,1.01125,-2.75,-1.438,-3.5,0.9393,0.3417,0.0255,0.0105
1781857881793,61126,0.0061,0.00366,-1.03491,1.03494,-8.688,11.562,-6.062,0.9384,0.3438,0.0286,0.0112
1781857881847,61180,0.01807,0.00391,-1.01294,1.01311,-8.125,11.188,-4.625,0.9383,0.344,0.0292,0.0114
1781857881847,61180,0.02051,0.01685,-0.97534,0.9757,-5.438,9.0,-3.625,0.9383,0.3441,0.0299,0.0116
1781857881849,61182,0.06885,0.03784,-1.02148,1.0245,14.562,-12.125,-5.25,0.9379,0.3454,0.028,0.0108
1781857881907,61240,0.06812,0.03442,-1.02124,1.02409,17.438,-12.062,-6.0,0.9378,0.3457,0.0272,0.0103
1781857881907,61240,0.06812,0.03174,-1.01929,1.02205,20.188,-11.562,-6.438,0.9374,0.3466,0.0261,0.0094
1781857881909,61242,0.0166,-0.00146,-1.0061,1.00624,18.125,-16.188,-3.562,0.9368,0.349,0.0191,0.0032
1781857881967,61300,0.02441,-0.00854,-1.01367,1.014,17.562,-18.0,-3.062,0.9368,0.3491,0.0181,0.0028
1781857882027,61360,0.02271,-0.0083,-1.03149,1.03178,17.312,-19.0,-1.688,0.9371,0.3482,0.0166,0.0022
1781857882028,61361,0.01636,-0.00269,-0.93726,0.9374,20.438,-21.312,-4.25,-0.9368,-0.3494,-0.0064,0.0021
1781857882029,61362,0.01636,-0.00269,-0.93726,0.9374,20.438,-21.312,-4.25,-0.9368,-0.3494,-0.0064,0.0021
1781857882090,61423,0.03174,-0.00439,-0.96631,0.96684,25.562,-21.5,-8.625,-0.9365,-0.3502,-0.0035,0.0037
1781857882090,61423,-0.04614,0.00562,-0.98096,0.98206,10.188,-26.562,-13.688,-0.9346,-0.3553,0.0088,0.0098
1781857882091,61424,-0.09009,-0.06201,-0.92725,0.93367,-60.0,-8.5,-5.875,0.9321,0.361,-0.0134,0.0178
1781857882146,61479,-0.09424,-0.0625,-0.89648,0.90359,-50.25,-3.875,-5.5,0.932,0.3613,-0.0129,0.0199
1781857882147,61480,-0.10181,0.02197,-0.84058,0.847,-27.562,-0.75,-6.875,0.9315,0.3624,-0.0119,0.023
1781857882147,61480,-0.10278,0.03491,-1.07349,1.07896,-16.062,-5.5,3.562,0.9309,0.364,-0.0135,0.0265
1781857882212,61545,-0.11523,0.03687,-1.10498,1.11158,-19.188,-1.375,5.312,0.9309,0.3637,-0.0133,0.0273
1781857882212,61545,-0.12524,0.03687,-1.12549,1.13304,-16.25,2.438,3.0,0.9309,0.3638,-0.0127,0.0288
1781857882217,61550,-0.03149,0.03687,-0.98242,0.98362,-12.875,12.562,6.688,0.931,0.3632,-0.0068,0.0315
1781857882268,61601,-0.0249,0.04224,-0.99878,0.99998,-11.188,11.812,7.062,0.9311,0.363,-0.0061,0.0317
1781857882277,61610,-0.01929,0.04248,-1.01709,1.01816,-9.875,12.625,7.375,0.9312,0.3627,-0.0054,0.0319
1781857882278,61611,-0.00171,0.04272,-0.97437,0.9753,1.0,2.312,4.5,0.9313,0.3625,-0.0003,0.0327
1781857882326,61659,-0.00415,0.04395,-0.97461,0.97561,2.062,-0.625,4.312,0.9313,0.3623,-0.0003,0.0326
1781857882327,61660,-0.00586,0.04028,-0.96753,0.96839,2.188,-3.0,4.375,0.9314,0.3622,-0.0004,0.0325
1781857882327,61660,-0.01294,0.07275,-0.99097,0.99372,-2.062,-4.875,-3.562,0.9316,0.3615,-0.0033,0.033
1781857882388,61721,0.10254,0.05127,-0.95044,0.95733,-3.562,-2.688,-0.938,0.9316,0.3617,-0.0034,0.0332
1781857882388,61721,0.03149,0.05615,-0.95312,0.9553,-10.125,9.438,7.625,0.9318,0.3613,-0.0026,0.0335
1781857882390,61723,-0.08301,0.06348,-0.99878,1.00423,-8.0,-9.125,-6.5,0.9314,0.3619,-0.0017,0.0366
1781857882446,61779,-0.07935,0.06567,-1.01904,1.02424,-7.75,-8.812,-6.438,0.9313,0.3621,-0.0019,0.0371
1781857882446,61779,-0.0752,0.07422,-1.03516,1.04053,-8.125,-8.312,-6.438,0.9312,0.3624,-0.0021,0.0375
1781857882447,61780,-0.0708,0.09155,-0.95044,0.95746,-33.125,-0.438,-10.812,0.9297,0.3649,-0.0003,0.0479
1781857882510,61843,-0.08057,0.09546,-0.94067,0.94893,-31.625,0.562,-11.125,0.9295,0.3654,0.0001,0.0491
1781857882511,61844,-0.08447,0.10278,-0.93042,0.93988,-31.062,5.25,-10.75,0.9292,0.3658,0.0007,0.0504
1781857882512,61845,-0.03418,0.10815,-1.01074,1.01709,-62.562,36.75,-25.188,0.9251,0.3737,0.0194,0.0631
1781857882582,61915,-0.01782,0.11792,-1.02856,1.03546,-61.188,22.438,-25.312,0.9238,0.3757,0.0233,0.0671
1781857882637,61970,0.0,0.11646,-1.06787,1.0742,-56.5,12.375,-24.125,0.9227,0.3777,0.0263,0.0713
1781857882643,61976,0.0105,0.16089,-0.93262,0.94645,-8.375,4.438,-19.375,0.9187,0.3849,0.0305,0.0816
1781857882643,61976,-0.00049,0.14429,-0.92627,0.93744,-6.438,8.312,-19.688,0.9183,0.3857,0.0309,0.0818
1781857882643,61976,-0.00806,0.12256,-0.91553,0.92373,-5.688,10.25,-21.0,0.918,0.3865,0.0313,0.0819
1781857882686,62019,-0.02026,0.1853,-0.98169,0.99923,-0.312,-27.562,-25.188,0.9143,0.3948,0.0277,0.0855
1781857882687,62020,-0.021,0.18286,-0.9856,1.00264,-0.312,-28.438,-24.812,0.9139,0.3956,0.0264,0.0859
1781857882688,62021,-0.09058,0.17261,-1.02759,1.04591,-9.75,-17.375,-3.312,0.9121,0.3991,0.0159,0.0915
1781857882745,62078,-0.09155,0.16064,-1.01636,1.03304,-11.625,-17.938,-3.188,0.912,0.3991,0.0154,0.0922
1781857882746,62079,-0.09155,0.16455,-0.99634,1.01398,-12.312,-19.312,-3.125,0.9119,0.3992,0.0148,0.093
1781857882747,62080,-0.10889,0.13574,-0.94922,0.96504,2.25,-12.938,-10.75,0.9098,0.4026,0.0071,0.0996
1781857882817,62150,-0.12549,0.1543,-0.97534,0.99541,4.875,-11.438,-10.562,0.9096,0.403,0.0065,0.0997
1781857882822,62155,-0.13208,0.16748,-1.00781,1.03014,6.625,-10.438,-10.75,0.9094,0.4036,0.0056,0.0996
1781857882822,62155,-0.13208,0.16748,-1.00781,1.03014,6.625,-10.438,-10.75,0.9094,0.4036,0.0056,0.0996
1781857882866,62199,-0.13525,0.2085,-1.02246,1.05223,-15.062,-40.25,-5.688,0.9078,0.4053,-0.0044,0.1069
1781857882866,62199,-0.12964,0.19653,-1.00684,1.034,-13.25,-40.125,-5.438,0.9076,0.4053,-0.0058,0.1082
1781857882867,62200,-0.11597,0.17261,-0.9541,0.9765,29.062,-32.125,0.062,0.9085,0.4022,-0.0206,0.1107
1781857882930,62263,-0.11523,0.19043,-0.96924,0.99447,30.438,-31.125,-1.375,0.9086,0.402,-0.0224,0.11
1781857882930,62263,-0.11084,0.20117,-0.96777,0.99466,32.062,-29.125,-1.25,0.9087,0.4019,-0.0241,0.1093
1781857882931,62264,-0.11084,0.20117,-0.96777,0.99466,32.062,-29.125,-1.25,0.9087,0.4019,-0.0241,0.1093
1781857882991,62324,-0.12451,0.18286,-0.95239,0.97775,21.188,12.125,6.188,0.9108,0.4,-0.0292,0.0966
1781857882992,62325,-0.11523,0.19824,-0.98682,1.01311,13.438,7.812,5.188,0.911,0.3997,-0.029,0.0954
1781857882992,62325,-0.15186,0.14917,-0.96533,0.98852,2.938,5.188,-1.812,0.9116,0.3995,-0.0286,0.0916
1781857883049,62382,-0.14478,0.14185,-0.94751,0.96895,4.812,5.438,-1.625,0.9116,0.3996,-0.0285,0.0913
1781857883049,62382,-0.13647,0.13306,-0.9397,0.95883,7.812,6.562,-1.375,0.9116,0.3997,-0.0283,0.0909
1781857883050,62383,-0.13647,0.13306,-0.9397,0.95883,7.812,6.562,-1.375,0.9116,0.3997,-0.0283,0.0909
1781857883114,62447,-0.16333,0.1001,-1.0874,1.10415,5.312,11.5,1.312,0.912,0.4003,-0.0266,0.084
1781857883115,62448,-0.16333,0.09326,-1.0647,1.08118,3.875,12.562,0.5,0.9121,0.4003,-0.0262,0.0836
1781857883115,62448,-0.16333,0.09326,-1.0647,1.08118,3.875,12.562,0.5,0.9121,0.4003,-0.0262,0.0836
1781857883177,62510,-0.07837,0.06055,-0.92871,0.93398,8.938,25.312,7.625,0.9134,0.3989,-0.0183,0.0779
1781857883177,62510,-0.08203,0.07153,-0.9375,0.9438,8.5,24.75,7.75,0.9136,0.3986,-0.0175,0.0771
1781857883177,62510,-0.08569,0.14551,-1.06177,1.07511,0.25,-2.5,7.125,0.9146,0.397,-0.0145,0.074
1781857883229,62562,-0.07275,0.14038,-1.01562,1.02786,-1.562,-3.188,5.938,0.9146,0.397,-0.0146,0.0742
1781857883230,62563,-0.06299,0.14087,-0.98804,1.00001,-2.688,-2.375,4.938,0.9147,0.3968,-0.0147,0.0744
1781857883230,62563,-0.06299,0.14087,-0.98804,1.00001,-2.688,-2.375,4.938,0.9147,0.3968,-0.0147,0.0744
1781857883287,62620,-0.09009,0.10498,-0.97388,0.98365,2.0,-2.438,-0.188,0.9148,0.3964,-0.0133,0.0751
1781857883298,62631,-0.09351,0.10474,-0.96924,0.97935,3.125,-4.688,-1.062,0.9148,0.3964,-0.0135,0.0751
1781857883298,62631,-0.09351,0.10474,-0.96924,0.97935,3.125,-4.688,-1.062,0.9148,0.3964,-0.0135,0.0751
1781857883406,62739,-0.09839,0.11035,-1.01099,1.02174,-8.188,4.125,6.625,0.9149,0.3959,-0.0158,0.0762
1781857883407,62740,-0.09717,0.10791,-0.99683,1.00735,-9.375,6.562,6.625,0.9149,0.3957,-0.0153,0.0764
1781857883407,62740,-0.08374,0.10425,-0.95532,0.96464,-2.5,0.125,4.0,0.9154,0.3945,-0.0095,0.0784
1781857883408,62741,-0.08374,0.10425,-0.95532,0.96464,-2.5,0.125,4.0,0.9154,0.3945,-0.0095,0.0784
1781857883467,62800,-0.08154,0.11084,-0.97681,0.98645,-0.625,-2.75,4.188,0.9155,0.3943,-0.0095,0.0784
1781857883467,62800,-0.08594,0.14429,-0.97559,0.98994,-6.5,2.25,6.125,0.9165,0.3915,-0.011,0.0797
1781857883468,62801,-0.08594,0.14429,-0.97559,0.98994,-6.5,2.25,6.125,0.9165,0.3915,-0.011,0.0797
1781857883528,62861,-0.08496,0.12109,-0.94873,0.96019,16.0,3.875,4.312,0.9173,0.3898,-0.0119,0.0789
1781857883529,62862,-0.08936,0.13159,-0.96265,0.9757,19.25,4.188,4.875,0.9174,0.3896,-0.012,0.0781
1781857883529,62862,-0.12378,0.14355,-1.05981,1.07663,2.438,-7.375,1.125,0.9181,0.389,-0.0158,0.0727
1781857883592,62925,-0.11157,0.13647,-1.03149,1.04645,-2.5,-5.375,2.0,0.9182,0.3886,-0.0162,0.073
1781857883594,62927,-0.10889,0.12939,-1.00659,1.0207,-3.688,-4.0,2.125,0.9183,0.3885,-0.0163,0.0733
1781857883594,62927,-0.09375,0.09546,-0.95044,0.95981,2.125,0.25,-0.688,0.9182,0.3885,-0.0162,0.0737
1781857883647,62980,-0.1123,0.10449,-0.97485,0.98685,5.688,-2.438,-2.562,0.9182,0.3886,-0.0164,0.0734
1781857883647,62980,-0.12061,0.10571,-0.99316,1.00603,9.688,-6.75,-4.625,0.9182,0.3888,-0.017,0.0731
1781857883647,62980,-0.1084,0.1123,-0.99976,1.01187,3.688,-1.688,-5.438,0.9177,0.3901,-0.0205,0.0704
1781857883706,63039,-0.1084,0.1123,-0.99976,1.01187,3.688,-1.688,-5.438,0.9177,0.3901,-0.0205,0.0704
1781857883707,63040,-0.09937,0.11182,-0.97632,0.98771,1.5,-2.188,-7.125,0.9176,0.3903,-0.0208,0.0703
1781857883707,63040,-0.10791,0.09204,-0.99341,1.00348,3.625,-6.25,-9.312,0.916,0.3939,-0.023,0.0704
1781857883767,63100,-0.10791,0.09204,-0.99341,1.00348,3.625,-6.25,-9.312,0.916,0.3939,-0.023,0.0704
1781857883767,63100,-0.11182,0.08936,-1.00269,1.01285,5.312,-7.812,-6.875,0.9157,0.3948,-0.0239,0.0703
1781857883827,63160,-0.12598,0.10205,-1.01538,1.02824,8.188,-1.312,3.438,0.9156,0.395,-0.0274,0.0681
1781857883827,63160,-0.12598,0.10205,-1.01538,1.02824,8.188,-1.312,3.438,0.9156,0.395,-0.0274,0.0681
1781857883891,63224,-0.12524,0.09692,-0.99683,1.00933,5.938,-1.625,3.125,0.9157,0.3949,-0.0276,0.0678
1781857883951,63284,-0.12671,0.08569,-0.95117,0.96339,5.688,4.75,5.0,0.9164,0.3934,-0.0278,0.0668
1781857883952,63285,-0.12891,0.08765,-0.95337,0.96603,6.812,5.312,5.625,0.9165,0.3933,-0.0277,0.0665
1781857883952,63285,-0.12329,0.09082,-0.95435,0.96655,6.938,5.125,5.562,0.9166,0.3931,-0.0276,0.0662
1781857884006,63339,-0.11938,0.0918,-1.02417,1.03518,4.688,0.125,2.75,0.9173,0.3919,-0.0281,0.0632
1781857884010,63343,-0.12622,0.08936,-0.96338,0.97571,7.438,0.375,2.125,0.9177,0.3912,-0.0281,0.0612
1781857884066,63399,-0.10229,0.06226,-1.01367,1.02072,6.062,1.688,0.125,0.9176,0.3917,-0.0291,0.06
1781857884066,63399,-0.1145,0.06982,-1.00732,1.01621,4.312,0.812,-0.812,0.9176,0.3917,-0.0291,0.0592
1781857884067,63400,-0.1167,0.07202,-1.00708,1.01637,3.812,0.062,-1.125,0.9176,0.3917,-0.0291,0.0591
1781857884068,63401,-0.10181,0.06152,-0.95483,0.96221,2.438,-3.625,-1.562,0.9171,0.3928,-0.031,0.059
1781857884126,63459,-0.1001,0.06372,-0.95776,0.96509,2.438,-3.062,-0.875,0.9171,0.3928,-0.0311,0.059
1781857884127,63460,-0.10986,0.06104,-0.98926,0.99721,2.312,-0.062,1.812,0.9171,0.3927,-0.0313,0.0588
1781857884127,63460,-0.10986,0.07275,-1.0,1.00864,0.312,-4.875,-3.375,0.9172,0.3925,-0.0319,0.0583
1781857884189,63522,-0.1167,0.06738,-0.98999,0.99912,-0.938,-4.938,-3.25,0.9172,0.3926,-0.0321,0.0584
1781857884203,63536,-0.09766,0.05176,-0.98438,0.99056,-3.438,-4.062,-2.0,0.917,0.393,-0.0323,0.0587
1781857884203,63536,-0.09399,0.0835,-1.02832,1.03598,-5.188,-1.75,3.25,0.9173,0.392,-0.033,0.0592
1781857884257,63590,-0.09473,0.07788,-1.01343,1.02082,-7.25,-0.75,2.812,0.9174,0.392,-0.0329,0.0595
1781857884257,63590,-0.10498,0.07227,-0.9939,1.00203,-9.812,0.938,1.688,0.9174,0.3918,-0.0327,0.06
1781857884257,63590,-0.11987,0.10425,-0.97363,0.98651,-5.312,-8.625,-1.25,0.9168,0.3925,-0.0324,0.0642
1781857884306,63639,-0.11304,0.10352,-0.96826,0.98032,-5.0,-8.25,-1.812,0.9168,0.3926,-0.0327,0.0645
1781857884306,63639,-0.11133,0.10156,-0.97168,0.9833,-5.125,-6.562,-2.125,0.9166,0.3928,-0.0329,0.065
1781857884307,63640,-0.15625,0.09326,-0.91992,0.93775,-0.25,-1.062,-9.625,0.9157,0.3948,-0.0326,0.0666
1781857884379,63712,-0.16357,0.09155,-0.92285,0.9417,0.938,-3.5,-10.438,0.9155,0.3952,-0.0328,0.0666
1781857884379,63712,-0.16309,0.08569,-0.92944,0.94753,2.438,-7.062,-11.438,0.9153,0.3955,-0.0333,0.0667
1781857884379,63712,-0.13403,0.0813,-1.03052,1.04237,3.438,-8.562,-10.0,0.9141,0.3979,-0.0379,0.0664
1781857884431,63764,-0.13574,0.07422,-1.02563,1.03724,2.312,-7.625,-9.688,0.9139,0.3983,-0.0382,0.0664
1781857884431,63764,-0.1377,0.07397,-1.02222,1.0341,0.688,-7.0,-9.125,0.9138,0.3986,-0.0386,0.0665
1781857884432,63765,-0.1582,0.0415,-0.9751,0.98872,4.688,-7.438,-1.25,0.913,0.4001,-0.0409,0.0668
1781857884486,63819,-0.15332,0.06494,-0.99854,1.01232,6.25,-8.688,-0.125,0.913,0.4001,-0.0413,0.0668
1781857884486,63819,-0.14575,0.0874,-1.01172,1.02589,8.25,-10.125,-0.125,0.913,0.4,-0.0418,0.0667
1781857884487,63820,-0.14795,0.07031,-0.97974,0.99334,0.75,5.438,-1.5,0.9123,0.4015,-0.0452,0.0648
1781857884551,63884,-0.15405,0.07593,-0.97754,0.99251,0.562,5.312,-1.562,0.9123,0.4016,-0.0451,0.0647
1781857884551,63884,-0.15259,0.07983,-0.9729,0.98802,1.75,4.875,-2.25,0.9123,0.4016,-0.0449,0.0646
1781857884551,63884,-0.15259,0.07983,-0.9729,0.98802,1.75,4.875,-2.25,0.9123,0.4016,-0.0449,0.0646
1781857884608,63941,-0.15259,0.07983,-0.9729,0.98802,1.75,4.875,-2.25,0.9123,0.4016,-0.0449,0.0646
1781857884608,63941,-0.13452,0.0647,-0.97437,0.98573,7.812,-10.062,-5.188,0.9121,0.4019,-0.0481,0.0628
1781857884620,63953,-0.13696,0.05908,-1.00806,1.01903,11.312,4.875,-3.875,0.9111,0.4045,-0.0503,0.0585
1781857884672,64005,-0.15259,0.05054,-1.00537,1.01814,10.75,0.5,-5.0,0.9111,0.4048,-0.0505,0.0575
1781857884673,64006,-0.1394,0.05591,-0.99194,1.00325,9.188,-2.188,-6.938,0.9111,0.4047,-0.0509,0.057
1781857884673,64006,-0.14038,0.04785,-0.96802,0.97931,13.188,-15.312,-14.438,0.9093,0.4085,-0.0553,0.0545
1781857884726,64059,-0.14429,0.03125,-0.97095,0.98211,14.625,-19.688,-14.938,0.9089,0.4092,-0.0568,0.0541
1781857884740,64073,-0.14624,0.03101,-0.979,0.99035,14.625,-20.688,-15.312,0.9088,0.4095,-0.0574,0.054
1781857884740,64073,-0.19458,0.04761,-1.09863,1.11675,-3.5,-19.062,-11.938,0.9063,0.4134,-0.0672,0.0538
1781857884786,64119,-0.19043,0.04395,-1.08813,1.10555,-6.938,-17.375,-11.562,0.9061,0.4138,-0.0678,0.0543
1781857884787,64120,-0.18872,0.03613,-1.0752,1.09223,-10.812,-15.062,-10.75,0.9058,0.4143,-0.0682,0.0549
1781857884787,64120,-0.21655,0.021,-0.92603,0.95124,-14.938,1.5,-2.625,0.904,0.4176,-0.0656,0.0621
1781857884846,64179,-0.22266,0.02637,-0.92285,0.9497,-13.812,-1.562,-3.0,0.9039,0.4178,-0.0653,0.063
1781857884850,64183,-0.22998,0.03467,-0.92188,0.95076,-12.938,-4.125,-3.375,0.9038,0.4179,-0.0652,0.0635
1781857884852,64185,-0.22803,0.03931,-0.94067,0.96871,-10.625,-2.5,0.375,0.9021,0.4204,-0.067,0.0688
1781857884906,64239,-0.22144,0.04688,-0.94092,0.96776,-11.75,1.0,1.375,0.902,0.4204,-0.0668,0.0692
1781857884906,64239,-0.21851,0.0542,-0.95093,0.97721,-12.812,3.312,2.375,0.9021,0.4204,-0.0665,0.0697
1781857884906,64239,-0.21851,0.0542,-0.95093,0.97721,-12.812,3.312,2.375,0.9021,0.4204,-0.0665,0.0697
1781857884967,64300,-0.21533,0.08667,-0.99121,1.01803,-14.062,3.062,3.062,0.9022,0.4199,-0.0619,0.0747
1781857884968,64301,-0.20386,0.09351,-0.9812,1.00651,-14.625,2.312,2.562,0.9022,0.4198,-0.0615,0.0751
1781857884968,64301,-0.20386,0.09351,-0.9812,1.00651,-14.625,2.312,2.562,0.9022,0.4198,-0.0615,0.0751
1781857885027,64360,-0.15649,0.10669,-0.96631,0.9847,-3.75,5.5,-0.875,0.9016,0.421,-0.057,0.0801
1781857885027,64360,-0.15356,0.10449,-0.96265,0.9804,-1.562,4.312,-2.688,0.9016,0.4211,-0.0568,0.0801
1781857885030,64363,-0.15356,0.10449,-0.96265,0.9804,-1.562,4.312,-2.688,0.9016,0.4211,-0.0568,0.0801
1781857885085,64418,-0.14722,0.10864,-0.9646,0.9818,-2.75,-2.625,-15.125,0.8996,0.4251,-0.0576,0.0808
1781857885086,64419,-0.14966,0.10522,-0.9646,0.9818,-2.375,-1.625,-15.312,0.8993,0.4257,-0.0576,0.0809
1781857885147,64480,-0.18848,0.08521,-0.98047,1.00205,3.562,2.938,-16.625,0.8963,0.4322,-0.056,0.0801
1781857885147,64480,-0.18701,0.07593,-0.98169,1.00222,5.812,1.125,-16.938,0.896,0.4329,-0.0561,0.0798
1781857885148,64481,-0.18579,0.0769,-0.9834,1.00375,6.625,-0.75,-16.938,0.8958,0.4335,-0.0563,0.0795
1781857885210,64543,-0.18579,0.0769,-0.9834,1.00375,6.625,-0.75,-16.938,0.8958,0.4335,-0.0563,0.0795
1781857885210,64543,-0.20435,0.06885,-0.96631,0.99008,-0.625,2.312,-15.125,0.8928,0.4393,-0.0592,0.0789
1781857885211,64544,-0.20435,0.06885,-0.96631,0.99008,-0.625,2.312,-15.125,0.8928,0.4393,-0.0592,0.0789
1781857885271,64604,-0.23657,0.05884,-1.00049,1.02976,-5.625,12.312,0.75,0.8912,0.4432,-0.0545,0.0781
1781857885271,64604,-0.24146,0.06299,-0.99536,1.02616,-6.75,13.75,2.75,0.8913,0.4431,-0.0539,0.0781
1781857885272,64605,-0.24146,0.06299,-0.99536,1.02616,-6.75,13.75,2.75,0.8913,0.4431,-0.0539,0.0781
1781857885330,64663,-0.19482,0.06982,-0.95923,0.9813,-4.5,20.062,13.312,0.8923,0.4422,-0.0458,0.0773
1781857885330,64663,-0.19531,0.08301,-0.97363,0.99649,-4.438,19.188,15.188,0.8927,0.4415,-0.044,0.077
1781857885331,64664,-0.13379,0.09302,-0.97314,0.98669,-8.875,24.375,15.438,0.895,0.4379,-0.0347,0.0759
1781857885394,64727,-0.12891,0.09204,-0.97314,0.98595,-8.062,26.062,15.562,0.8953,0.4375,-0.0322,0.0758
1781857885394,64727,-0.12476,0.09521,-0.96606,0.97873,-7.0,27.375,15.562,0.8956,0.437,-0.031,0.0755
1781857885394,64727,-0.12476,0.09521,-0.96606,0.97873,-7.0,27.375,15.562,0.8956,0.437,-0.031,0.0755
1781857885447,64780,-0.12329,0.1167,-0.99048,1.00492,0.688,27.5,3.375,0.8977,0.434,-0.0195,0.0714
1781857885447,64780,-0.11157,0.10156,-0.99219,1.00359,0.438,27.375,2.0,0.898,0.4338,-0.0173,0.0703
1781857885447,64780,0.06689,0.12695,-1.05786,1.06755,4.0,-12.125,-26.688,0.8972,0.4361,-0.0105,0.0665
1781857885508,64841,0.0896,0.16064,-1.06763,1.08336,4.625,-24.875,-37.25,0.8967,0.4372,-0.0114,0.0667
1781857885508,64841,0.10962,0.17725,-1.10352,1.12302,4.312,-37.688,-48.875,0.8958,0.4389,-0.0128,0.0671
1781857885509,64842,-0.19238,0.1875,-1.11377,1.14571,-65.812,0.125,-72.188,0.8806,0.4655,-0.0257,0.0833
1781857885569,64902,-0.25024,0.15601,-1.02002,1.06179,-70.812,6.938,-57.0,0.879,0.468,-0.0238,0.087
1781857885569,64902,-0.3125,0.19727,-0.95605,1.02499,-69.625,9.188,-49.562,0.8777,0.47,-0.0223,0.0895
1781857885570,64903,-0.28442,0.28174,-0.73145,0.83384,-10.125,-39.562,-61.438,0.8663,0.4869,-0.0281,0.1069
1781857885627,64960,-0.2876,0.28174,-0.76587,0.86524,-7.375,-31.75,-61.25,0.8648,0.4891,-0.0303,0.1085
1781857885628,64961,-0.29224,0.27661,-0.80469,0.89969,-5.188,-23.875,-59.25,0.8628,0.4923,-0.0321,0.1097
1781857885628,64961,-0.28784,0.26392,-0.90747,0.98793,-11.312,-12.312,-58.25,0.8522,0.509,-0.038,0.114
1781857885685,65018,-0.28784,0.26392,-0.90747,0.98793,-11.312,-12.312,-58.25,0.8522,0.509,-0.038,0.114
1781857885687,65020,-0.29053,0.25366,-0.89526,0.97481,-13.062,-13.188,-60.562,0.8494,0.5133,-0.039,0.1155
1781857885687,65020,-0.28589,0.20801,-0.84985,0.92046,-14.375,-25.062,-57.5,0.8349,0.5339,-0.046,0.1246
1781857885746,65079,-0.28076,0.21289,-0.85718,0.92677,-13.688,-25.5,-56.125,0.834,0.5349,-0.0471,0.1256
1781857885746,65079,-0.26953,0.21265,-0.86768,0.93313,-12.812,-25.312,-54.875,0.8327,0.5368,-0.048,0.1266
1781857885747,65080,-0.24585,0.21289,-0.89087,0.94837,-24.125,-18.875,-43.812,0.8209,0.5515,-0.0554,0.1367
1781857885807,65140,-0.24585,0.21289,-0.89087,0.94837,-24.125,-18.875,-43.812,0.8209,0.5515,-0.0554,0.1367
1781857885867,65200,-0.25537,0.1875,-0.85596,0.91271,-30.688,-14.812,-42.125,0.8188,0.5539,-0.0558,0.1393
1781857885867,65200,-0.20068,0.21606,-0.90747,0.95418,-34.812,-7.25,-23.688,0.8098,0.564,-0.0512,0.1525
1781857885867,65200,-0.20068,0.21606,-0.90747,0.95418,-34.812,-7.25,-23.688,0.8098,0.564,-0.0512,0.1525
1781857885927,65260,-0.16968,0.23926,-0.94775,0.9921,-33.5,-10.25,-25.625,0.8069,0.5671,-0.0498,0.1566
1781857885927,65260,-0.17896,0.17871,-0.94043,0.97384,-44.875,-7.0,-34.562,0.7966,0.5779,-0.0463,0.1704
1781857885928,65261,-0.22412,0.12817,-1.01367,1.04604,-38.312,8.062,-11.125,0.7855,0.5898,-0.0355,0.1832
1781857885988,65321,-0.22534,0.12573,-1.00952,1.04198,-37.812,6.0,-8.0,0.785,0.5902,-0.0344,0.1842
1781857885989,65322,-0.22754,0.12964,-0.98877,1.02286,-37.25,3.812,-4.5,0.7842,0.591,-0.0333,0.1853
1781857885989,65322,-0.1748,0.15088,-0.91626,0.94491,-16.562,19.625,12.562,0.7835,0.5905,-0.0223,0.1918
1781857886046,65379,-0.1748,0.15088,-0.91626,0.94491,-16.562,19.625,12.562,0.7835,0.5905,-0.0223,0.1918
1781857886048,65381,-0.18481,0.17847,-0.99854,1.03106,-17.062,18.812,6.625,0.7833,0.5907,-0.0192,0.1919
1781857886106,65439,-0.26099,0.16528,-1.21313,1.25185,-4.812,31.312,12.438,0.7834,0.5925,-0.009,0.1867
1781857886106,65439,-0.26636,0.16382,-1.20605,1.24593,-5.75,28.938,15.562,0.7839,0.5922,-0.0072,0.1857
1781857886107,65440,-0.26782,0.1604,-1.19043,1.23068,-6.438,27.438,17.562,0.7842,0.5919,-0.006,0.1853
1781857886171,65504,-0.21069,0.14893,-1.03882,1.07038,11.812,-2.25,14.5,0.788,0.5881,-0.0002,0.1815
1781857886172,65505,-0.20093,0.14038,-1.05029,1.07851,12.125,-6.5,11.938,0.7884,0.5877,-0.0006,0.1812
1781857886231,65564,-0.19702,0.17163,-0.80835,0.84953,-23.25,17.25,24.5,0.7918,0.5819,0.0001,0.1849
1781857886231,65564,-0.19727,0.17896,-0.77808,0.8224,-20.625,27.375,28.75,0.7926,0.5808,0.0025,0.1851
1781857886231,65564,-0.19946,0.18896,-0.76904,0.81665,-17.562,32.75,31.812,0.7926,0.5808,0.0044,0.1849
1781857886231,65564,-0.26611,0.26538,-0.80493,0.88835,3.062,31.625,35.75,0.7997,0.5728,0.0197,0.1781
1781857886285,65618,-0.26245,0.27222,-0.81714,0.90039,5.688,29.0,36.188,0.8006,0.5718,0.0208,0.1772
1781857886286,65619,-0.25464,0.28223,-0.83301,0.91564,8.625,26.75,36.438,0.8015,0.5707,0.0218,0.1762
1781857886287,65620,-0.13794,0.32617,-1.03149,1.09059,20.688,34.0,45.688,0.8134,0.558,0.0304,0.161
1781857886348,65681,-0.13159,0.3252,-1.03955,1.09715,19.438,32.312,46.062,0.8145,0.5567,0.0314,0.1595
1781857886349,65682,-0.1272,0.33447,-1.03833,1.09826,16.688,28.125,44.312,0.8166,0.5543,0.0334,0.1567
1781857886349,65682,-0.07861,0.32764,-1.02637,1.08026,6.062,-1.5,30.812,0.8234,0.5455,0.0369,0.151
1781857886409,65742,-0.07324,0.32251,-1.01343,1.06603,5.938,-0.75,30.25,0.8242,0.5444,0.0369,0.1508
1781857886412,65745,-0.06616,0.32178,-1.01782,1.06952,5.5,0.0,29.5,0.8249,0.5434,0.037,0.1505
1781857886412,65745,-0.05298,0.33472,-1.11914,1.16932,-2.188,-15.438,12.562,0.83,0.5358,0.0355,0.1499
1781857886465,65798,-0.05688,0.3313,-1.104,1.15404,-6.188,-16.5,11.125,0.8303,0.5353,0.0352,0.1504
1781857886466,65799,-0.0564,0.32837,-1.08276,1.13287,-10.125,-16.562,11.062,0.8305,0.5347,0.0349,0.1511
1781857886466,65799,-0.02979,0.28784,-0.83301,0.88184,-17.062,-7.188,5.062,0.8317,0.5304,0.0364,0.1594
1781857886530,65863,-0.03638,0.2854,-0.83423,0.88245,-15.75,-6.312,4.062,0.8317,0.5302,0.0366,0.1601
1781857886531,65864,-0.03638,0.28418,-0.8291,0.87721,-13.75,-4.125,3.625,0.8317,0.53,0.0369,0.1607
1781857886531,65864,-0.03027,0.29761,-0.87427,0.92403,9.0,-9.188,-12.0,0.8312,0.5303,0.0363,0.162
1781857886593,65926,-0.04443,0.29932,-0.90503,0.95428,10.625,-13.188,-15.25,0.8309,0.5309,0.0352,0.1619
1781857886593,65926,-0.06226,0.30615,-0.92847,0.97962,11.5,-14.875,-17.0,0.8306,0.5314,0.0344,0.1618
1781857886593,65926,-0.10645,0.30054,-0.89868,0.95356,0.062,22.812,-7.625,0.8289,0.5352,0.0334,0.1586
1781857886652,65985,-0.12549,0.29492,-0.91748,0.97185,0.188,21.062,-7.875,0.8287,0.5356,0.0341,0.1582
1781857886652,65985,-0.13623,0.30249,-0.93213,0.98941,1.375,18.188,-8.25,0.8285,0.536,0.0347,0.1577
1781857886652,65985,-0.09375,0.30322,-0.95557,1.0069,5.688,8.25,-8.5,0.8276,0.5385,0.0332,0.1538
1781857886705,66038,-0.08716,0.30957,-0.98389,1.03512,1.5,13.25,-6.625,0.8274,0.539,0.0337,0.1532
1781857886706,66039,-0.08911,0.31421,-0.99756,1.04966,-0.188,15.062,-5.875,0.8272,0.5393,0.0343,0.1529
1781857886706,66039,-0.11499,0.2644,-0.8916,0.93706,-2.375,17.875,-7.562,0.8251,0.5428,0.0397,0.1506
1781857886776,66109,-0.12158,0.26245,-0.90112,0.94641,-0.25,17.812,-7.125,0.8249,0.5432,0.0403,0.1503
1781857886777,66110,-0.12769,0.26001,-0.91284,0.9577,2.25,17.062,-6.062,0.8247,0.5435,0.0408,0.1499
1781857886777,66110,-0.12769,0.26001,-0.91284,0.9577,2.25,17.062,-6.062,0.8247,0.5435,0.0408,0.1499
1781857886830,66163,-0.11279,0.25659,-1.00049,1.03901,2.125,4.875,-14.938,0.823,0.5473,0.0427,0.145
1781857886885,66218,-0.11353,0.25635,-0.99219,1.03104,0.188,4.625,-15.938,0.8225,0.5482,0.0427,0.1449
1781857886953,66286,-0.18921,0.22705,-1.01831,1.06033,3.625,1.312,-13.188,0.8195,0.5529,0.0437,0.1432
1781857886954,66287,-0.19189,0.22217,-1.01538,1.05697,3.375,-1.625,-11.75,0.8193,0.5534,0.0434,0.1431
1781857886954,66287,-0.18555,0.2168,-1.01221,1.05166,2.875,-4.188,-9.812,0.819,0.5537,0.043,0.1431
1781857887006,66339,-0.1709,0.24976,-1.03857,1.08177,3.875,-8.375,3.688,0.8198,0.5529,0.0389,0.143
1781857887007,66340,-0.14136,0.25684,-1.00659,1.04841,2.5,-9.812,13.062,0.8229,0.5479,0.0346,0.1454
1781857887013,66346,-0.14136,0.25684,-1.00659,1.04841,2.5,-9.812,13.062,0.8229,0.5479,0.0346,0.1454
1781857887066,66399,-0.12305,0.24463,-0.94312,0.98206,3.875,-20.938,13.062,0.8259,0.5429,0.0292,0.1481
1781857887066,66399,-0.12305,0.24829,-0.95264,0.99212,3.562,-22.875,12.5,0.8262,0.5424,0.0285,0.1485
1781857887067,66400,-0.11255,0.25708,-0.93774,0.97884,1.938,-13.312,14.938,0.8299,0.5363,0.0211,0.1514
1781857887140,66473,-0.10889,0.25342,-0.94189,0.98145,0.438,-10.438,15.5,0.8306,0.5351,0.0205,0.1517
1781857887140,66473,-0.11084,0.25635,-0.94434,0.98477,0.312,-9.562,15.875,0.831,0.5345,0.0203,0.1519
1781857887140,66473,-0.11084,0.25635,-0.94434,0.98477,0.312,-9.562,15.875,0.831,0.5345,0.0203,0.1519
1781857887190,66523,-0.12939,0.2854,-0.94214,0.99289,0.375,-13.812,14.625,0.8341,0.529,0.0164,0.1544
1781857887190,66523,-0.13135,0.27832,-0.93311,0.98255,0.25,-13.625,14.688,0.8347,0.5281,0.0158,0.1548
1781857887190,66523,-0.11914,0.29004,-0.91528,0.9675,-2.625,-7.125,13.562,0.8372,0.5231,0.0138,0.1579
1781857887246,66579,-0.11499,0.2854,-0.91357,0.964,-2.375,-6.5,12.812,0.8374,0.5228,0.0137,0.1583
1781857887246,66579,-0.11182,0.28418,-0.91138,0.96118,-2.125,-6.0,12.5,0.8375,0.5226,0.0137,0.1584
1781857887247,66580,-0.11182,0.28418,-0.91138,0.96118,-2.125,-6.0,12.5,0.8375,0.5226,0.0137,0.1584
1781857887307,66640,-0.05591,0.28101,-0.84985,0.89685,2.375,-1.688,6.812,0.8397,0.5187,0.014,0.159
1781857887308,66641,-0.04639,0.27881,-0.83813,0.88451,3.625,-0.188,5.812,0.8399,0.5185,0.014,0.1589
1781857887308,66641,-0.04639,0.27881,-0.83813,0.88451,3.625,-0.188,5.812,0.8399,0.5185,0.014,0.1589
1781857887372,66705,-0.11157,0.31812,-0.9939,1.04951,18.438,3.25,-11.562,0.8406,0.5192,0.0126,0.1531
1781857887372,66705,-0.12183,0.32275,-1.02466,1.08117,17.0,4.188,-12.75,0.8403,0.5199,0.0121,0.1521
1781857887373,66706,-0.13818,0.29468,-1.01025,1.06139,-5.562,2.125,-12.812,0.8387,0.5231,0.0109,0.1503
1781857887436,66769,-0.1355,0.28125,-0.9939,1.04177,-7.5,4.125,-12.125,0.8382,0.5238,0.0112,0.1506
1781857887436,66769,-0.13892,0.27686,-0.99268,1.03988,-8.5,5.25,-12.0,0.8378,0.5243,0.0115,0.1508
1781857887437,66770,-0.13892,0.27686,-0.99268,1.03988,-8.5,5.25,-12.0,0.8378,0.5243,0.0115,0.1508
1781857887485,66818,-0.13892,0.27686,-0.99268,1.03988,-8.5,5.25,-12.0,0.8378,0.5243,0.0115,0.1508
1781857887486,66819,-0.17383,0.229,-0.94312,0.98596,-10.875,-4.75,-18.688,0.8339,0.5298,0.0144,0.1535
1781857887486,66819,-0.20386,0.23608,-0.97876,1.02726,-1.938,-0.688,-12.0,0.83,0.5351,0.0119,0.1563
1781857887546,66879,-0.20386,0.23608,-0.97876,1.02726,-1.938,-0.688,-12.0,0.83,0.5351,0.0119,0.1563
1781857887546,66879,-0.22339,0.24121,-0.9834,1.0369,-3.875,0.188,-9.938,0.8297,0.5355,0.0118,0.1565
1781857887547,66880,-0.21973,0.21997,-0.92773,0.97845,-2.938,-3.875,0.375,0.8283,0.5368,0.0121,0.1594
1781857887607,66940,-0.21973,0.21997,-0.92773,0.97845,-2.938,-3.875,0.375,0.8283,0.5368,0.0121,0.1594
1781857887608,66941,-0.2229,0.23926,-0.94336,0.99843,-0.75,-3.812,2.25,0.8283,0.5368,0.0119,0.1597
1781857887610,66943,-0.19507,0.24683,-0.93799,0.98934,-7.25,0.062,9.312,0.8287,0.5355,0.013,0.1614
1781857887666,66999,-0.19507,0.24683,-0.93799,0.98934,-7.25,0.062,9.312,0.8287,0.5355,0.013,0.1614
1781857887667,67000,-0.19019,0.24731,-0.94775,0.99778,-3.5,-5.688,7.625,0.8289,0.535,0.0131,0.1619
1781857887667,67000,-0.18018,0.28223,-0.98877,1.04393,0.812,-13.75,8.812,0.8307,0.5319,0.0073,0.1636
1781857887734,67067,-0.17847,0.28027,-0.97485,1.02992,-2.312,-11.75,9.5,0.8309,0.5314,0.007,0.164
1781857887739,67072,-0.16772,0.28198,-0.94922,1.00432,-6.375,-8.75,10.812,0.831,0.5311,0.0068,0.1646
1781857887739,67072,-0.15259,0.26758,-0.87622,0.92879,2.188,-9.812,7.438,0.8331,0.5267,0.0066,0.1677
1781857887845,67178,-0.14893,0.27197,-0.88135,0.9343,3.75,-10.188,7.0,0.8333,0.5264,0.0062,0.1679
1781857887846,67179,-0.14893,0.27563,-0.88745,0.94113,5.812,-10.438,6.375,0.8336,0.526,0.0056,0.1679
1781857887846,67179,-0.15771,0.27979,-0.94141,0.99469,1.125,-3.5,6.625,0.8351,0.5236,0.0023,0.168
1781857887847,67180,-0.15771,0.27979,-0.94141,0.99469,1.125,-3.5,6.625,0.8351,0.5236,0.0023,0.168
1781857887907,67240,-0.15527,0.2832,-0.93579,0.98996,2.062,-3.375,5.875,0.8355,0.523,0.0021,0.1681
1781857887907,67240,-0.16235,0.29126,-0.97803,1.03331,5.375,-5.562,-0.312,0.8362,0.5221,-0.001,0.1671
1781857887907,67240,-0.15942,0.29077,-0.92188,0.9797,-5.438,0.0,-0.812,0.8363,0.5214,0.0001,0.1688
1781857887972,67305,-0.15649,0.27881,-0.91211,0.96652,-3.312,-0.938,-2.125,0.8362,0.5215,0.0001,0.169
1781857887972,67305,-0.15405,0.27441,-0.91235,0.9651,-2.125,-1.75,-3.0,0.8361,0.5216,0.0001,0.1691
1781857887972,67305,-0.17896,0.27026,-0.94482,0.99888,-2.438,0.562,-5.188,0.835,0.5231,-0.0009,0.1699
1781857888026,67359,-0.18018,0.26611,-0.94507,0.99822,-2.75,0.938,-4.688,0.8348,0.5233,-0.0008,0.17
1781857888027,67360,-0.18994,0.26782,-0.93433,0.99034,-3.312,0.938,-4.75,0.8347,0.5235,-0.0007,0.1702
1781857888027,67360,-0.21216,0.25854,-0.93652,0.99445,6.5,-7.312,-8.312,0.8334,0.5255,-0.0027,0.1704
1781857888085,67418,-0.21729,0.26074,-0.94287,1.0021,5.562,-7.812,-8.562,0.8333,0.5257,-0.0032,0.1704
1781857888086,67419,-0.23022,0.26465,-0.95605,1.01837,3.062,-8.312,-7.75,0.8336,0.5252,-0.004,0.1705
1781857888086,67419,-0.23633,0.26855,-0.92773,0.99432,-1.625,-3.5,-1.5,0.8323,0.5266,-0.0062,0.1723
1781857888149,67482,-0.22803,0.25513,-0.92969,0.99066,-1.375,-3.562,-1.562,0.8322,0.5267,-0.0064,0.1725
1781857888151,67484,-0.22949,0.25537,-0.94727,1.00757,-1.125,-3.938,-1.5,0.8319,0.5272,-0.0064,0.1726
1781857888151,67484,-0.22168,0.26782,-0.97534,1.03545,-4.875,-8.5,1.562,0.8319,0.5266,-0.0082,0.1743
1781857888206,67539,-0.21411,0.26733,-0.96338,1.02245,-5.25,-8.938,1.938,0.8319,0.5265,-0.0084,0.1747
1781857888211,67544,-0.20825,0.26685,-0.96045,1.01835,-5.375,-9.188,2.0,0.8319,0.5264,-0.0086,0.1751
1781857888212,67545,-0.21924,0.27563,-0.92969,0.99416,-4.312,-5.438,1.438,0.8317,0.5253,-0.0102,0.1787
1781857888266,67599,-0.22412,0.27393,-0.93091,0.99592,-4.438,-5.625,1.0,0.8317,0.5253,-0.0103,0.179
1781857888266,67599,-0.22583,0.26611,-0.93042,0.99373,-5.062,-6.812,0.375,0.8314,0.5255,-0.0104,0.1796
1781857888267,67600,-0.21777,0.27148,-0.90088,0.96577,0.0,-5.75,3.062,0.8313,0.5248,-0.0122,0.182
1781857888327,67660,-0.21484,0.27173,-0.90259,0.96678,0.125,-4.75,3.188,0.8314,0.5246,-0.0123,0.1821
1781857888328,67661,-0.21484,0.27368,-0.90308,0.96778,0.5,-3.312,3.188,0.8315,0.5245,-0.0125,0.1821
1781857888329,67662,-0.2439,0.26147,-0.92529,0.99198,2.688,1.125,3.188,0.8326,0.523,-0.0123,0.1815
1781857888387,67720,-0.24023,0.26416,-0.93115,0.99727,2.25,1.0,3.625,0.8327,0.5228,-0.0123,0.1814
1781857888388,67721,-0.23804,0.27515,-0.9314,0.99993,2.062,0.75,4.562,0.8328,0.5227,-0.0123,0.1813
1781857888388,67721,-0.19604,0.29419,-0.90649,0.97299,-1.062,-0.625,3.062,0.8341,0.5206,-0.0117,0.1812
1781857888447,67780,-0.19775,0.28931,-0.90332,0.96891,0.375,-1.25,2.25,0.8342,0.5205,-0.0117,0.1813
1781857888448,67781,-0.19849,0.28394,-0.90967,0.9734,2.5,-2.375,1.062,0.8342,0.5203,-0.0119,0.1812
1781857888448,67781,-0.21924,0.2771,-0.96045,1.02338,2.688,-2.25,0.312,0.8349,0.5195,-0.0142,0.1804
1781857888509,67842,-0.22632,0.27661,-0.9646,1.02868,1.625,-2.188,0.5,0.835,0.5195,-0.0144,0.1804
1781857888512,67845,-0.2229,0.27368,-0.95947,1.02234,0.688,-1.75,0.812,0.835,0.5195,-0.0144,0.1804
1781857888513,67846,-0.21802,0.28003,-0.93188,0.99717,0.812,2.812,1.062,0.8353,0.519,-0.0139,0.1801
1781857888568,67901,-0.21069,0.27368,-0.92773,0.98994,0.625,2.125,0.375,0.8353,0.519,-0.0138,0.1799
1781857888568,67901,-0.21851,0.27197,-0.93945,1.00214,0.688,0.625,-0.438,0.8354,0.519,-0.0138,0.1798
1781857888569,67902,-0.27417,0.24292,-0.92529,0.99516,4.25,5.0,13.375,0.8363,0.5179,-0.0142,0.1788
1781857888625,67958,-0.28638,0.23779,-0.92114,0.99351,5.375,7.688,19.438,0.8367,0.5173,-0.014,0.1785
1781857888626,67959,-0.29907,0.25,-0.90479,0.98518,7.812,9.938,24.562,0.8372,0.5166,-0.0137,0.1781
1781857888626,67959,-0.18799,0.25244,-0.9563,1.00676,-7.625,3.812,17.812,0.8423,0.51,-0.0104,0.1735
1781857888685,68018,-0.18115,0.25,-0.96948,1.01745,-9.625,3.562,15.125,0.8426,0.5094,-0.01,0.1738
1781857888686,68019,-0.17603,0.27344,-0.98389,1.03624,-8.062,3.625,13.688,0.8428,0.5089,-0.0095,0.174
1781857888752,68085,-0.22095,0.27417,-0.95972,1.02227,4.188,1.938,15.5,0.8458,0.505,-0.0084,0.171
1781857888752,68085,-0.21948,0.26953,-0.96411,1.02486,2.562,1.625,16.375,0.8461,0.5045,-0.0083,0.1708
1781857888752,68085,-0.21558,0.26782,-0.96753,1.0268,1.375,1.938,17.312,0.8466,0.5039,-0.0082,0.1707
1781857888752,68085,-0.15552,0.27661,-0.92773,0.98051,1.5,3.0,11.875,0.8497,0.499,-0.0052,0.1692
1781857888806,68139,-0.15918,0.27612,-0.93896,0.99158,0.812,1.688,10.312,0.85,0.4987,-0.0051,0.1691
1781857888806,68139,-0.16553,0.28247,-0.93921,0.99464,1.125,1.062,9.062,0.8502,0.4983,-0.005,0.1691
1781857888808,68141,-0.16553,0.28247,-0.93921,0.99464,1.125,1.062,9.062,0.8502,0.4983,-0.005,0.1691
1781857888866,68199,-0.17358,0.28467,-0.98511,1.04,3.312,-1.938,2.375,0.8514,0.4967,-0.0053,0.1679
1781857888866,68199,-0.17407,0.29272,-0.98413,1.04139,2.062,-1.938,2.188,0.8514,0.4966,-0.0053,0.1679
1781857888866,68199,-0.17407,0.29272,-0.98413,1.04139,2.062,-1.938,2.188,0.8514,0.4966,-0.0053,0.1679
1781857888932,68265,-0.13892,0.29248,-0.92676,0.98169,-10.562,-0.875,-4.188,0.8505,0.4973,-0.0034,0.1705
1781857888932,68265,-0.13989,0.29419,-0.92578,0.98142,-10.562,-1.5,-5.625,0.8504,0.4974,-0.0032,0.1709
1781857888932,68265,-0.13989,0.29419,-0.92578,0.98142,-10.562,-1.5,-5.625,0.8504,0.4974,-0.0032,0.1709
1781857888985,68318,-0.16064,0.27637,-0.89819,0.95338,-3.938,-3.938,-12.75,0.8483,0.4998,-0.0037,0.1743
1781857888986,68319,-0.16138,0.27563,-0.90259,0.95744,-3.312,-3.375,-12.938,0.848,0.5003,-0.0039,0.1745
1781857888992,68325,-0.16138,0.27563,-0.90259,0.95744,-3.312,-3.375,-12.938,0.848,0.5003,-0.0039,0.1745
1781857889046,68379,-0.16138,0.27563,-0.90259,0.95744,-3.312,-3.375,-12.938,0.848,0.5003,-0.0039,0.1745
1781857889046,68379,-0.19263,0.27734,-0.93872,0.99761,-5.25,1.688,-16.375,0.8444,0.5059,-0.0032,0.1753
1781857889047,68380,-0.19263,0.27734,-0.93872,0.99761,-5.25,1.688,-16.375,0.8444,0.5059,-0.0032,0.1753
1781857889106,68439,-0.22583,0.27124,-0.91968,0.98508,-3.688,4.0,-9.312,0.8411,0.511,-0.0053,0.1766
1781857889106,68439,-0.22778,0.26733,-0.9165,0.98149,-5.5,5.062,-8.5,0.8408,0.5114,-0.0051,0.1767
1781857889106,68439,-0.20605,0.2793,-0.9209,0.98413,-9.062,2.75,-7.062,0.8385,0.5142,-0.0021,0.1798
1781857889170,68503,-0.2146,0.27759,-0.91626,0.98114,-10.062,2.625,-7.375,0.8383,0.5144,-0.0019,0.1801
1781857889170,68503,-0.21021,0.2771,-0.91724,0.98097,-11.688,2.562,-7.375,0.838,0.5147,-0.0017,0.1804
1781857889170,68503,-0.22095,0.28198,-0.94385,1.00954,-8.625,0.938,-4.812,0.8355,0.5175,0.0006,0.1842
1781857889226,68559,-0.21826,0.28369,-0.92993,0.99644,-7.312,1.062,-4.25,0.8352,0.5178,0.0009,0.1846
1781857889226,68559,-0.22192,0.28662,-0.92969,0.99786,-7.375,1.438,-3.688,0.835,0.518,0.001,0.1848
1781857889226,68559,-0.22192,0.28662,-0.92969,0.99786,-7.375,1.438,-3.688,0.835,0.518,0.001,0.1848
1781857889288,68621,-0.22192,0.28662,-0.92969,0.99786,-7.375,1.438,-3.688,0.835,0.518,0.001,0.1848
1781857889346,68679,-0.20508,0.30298,-0.93555,1.00454,-23.125,5.438,1.625,0.8338,0.5182,0.0036,0.1896
1781857889346,68679,-0.20508,0.30298,-0.93555,1.00454,-23.125,5.438,1.625,0.8338,0.5182,0.0036,0.1896
1781857889346,68679,-0.19067,0.30054,-0.87524,0.94484,9.562,-0.875,-2.0,0.8331,0.5172,0.0097,0.1951
1781857889352,68685,-0.1897,0.30566,-0.8728,0.94403,12.188,-2.625,-2.438,0.8332,0.5172,0.0093,0.1948
1781857889405,68738,-0.1897,0.30566,-0.8728,0.94403,12.188,-2.625,-2.438,0.8332,0.5172,0.0093,0.1948
1781857889406,68739,-0.19312,0.32471,-0.92871,1.00261,5.312,2.438,3.688,0.8344,0.5166,0.0064,0.1913
1781857889406,68739,-0.19312,0.32471,-0.92871,1.00261,5.312,2.438,3.688,0.8344,0.5166,0.0064,0.1913
1781857889465,68798,-0.15259,0.31445,-0.91895,0.98317,10.562,17.438,-5.875,0.835,0.5174,0.0078,0.1867
1781857889466,68799,-0.13354,0.29321,-0.93604,0.98993,6.062,13.188,-4.75,0.8349,0.5177,0.0081,0.186
1781857889466,68799,-0.16895,0.2981,-0.93799,0.99861,-5.438,6.25,-1.562,0.8341,0.5189,0.011,0.1862
1781857889529,68862,-0.16895,0.30859,-0.94043,1.00408,-4.688,6.438,-1.188,0.8339,0.5191,0.0115,0.1863
1781857889529,68862,-0.16724,0.31006,-0.94287,1.00653,-3.5,5.875,-1.25,0.8339,0.5192,0.0119,0.1863
1781857889529,68862,-0.17139,0.32227,-0.94995,1.01766,0.0,0.25,-5.625,0.8327,0.521,0.0116,0.1862
1781857889585,68918,-0.18506,0.33765,-0.96558,1.03951,-1.188,1.25,-7.312,0.8321,0.522,0.0117,0.1864
1781857889586,68919,-0.18091,0.32178,-0.95508,1.02393,-2.312,1.875,-7.25,0.8319,0.5224,0.0117,0.1864
1781857889586,68919,-0.19019,0.31396,-0.9436,1.01249,-7.25,9.438,-1.188,0.8303,0.5245,0.015,0.1871
1781857889645,68978,-0.20508,0.30518,-0.93408,1.00384,-4.938,6.188,-2.75,0.8304,0.5244,0.0156,0.1872
1781857889710,69043,-0.19897,0.30298,-0.92749,0.9958,-4.438,4.5,-3.438,0.8303,0.5245,0.0158,0.1873
1781857889710,69043,-0.1936,0.30884,-0.93042,0.99927,-6.125,3.312,2.812,0.8301,0.5244,0.0164,0.1884
1781857889711,69044,-0.18726,0.30469,-0.91479,0.98222,-8.375,5.688,4.375,0.8301,0.5242,0.0167,0.1885
1781857889766,69099,-0.18042,0.30884,-0.90332,0.97156,-10.375,8.188,5.938,0.8302,0.5241,0.0173,0.1887
1781857889825,69158,-0.16187,0.31519,-0.89478,0.96237,-2.062,5.5,3.0,0.8314,0.5218,0.0222,0.1891
1781857889826,69159,-0.15991,0.33667,-0.94849,1.01909,-0.875,3.375,1.25,0.8316,0.5219,0.023,0.1882
1781857889826,69159,-0.16284,0.34106,-0.95312,1.02532,-2.062,6.0,2.938,0.8314,0.522,0.0235,0.1881
1781857889892,69225,-0.16577,0.33984,-0.95776,1.0297,-2.75,7.0,3.562,0.8315,0.5219,0.0239,0.188
1781857889947,69280,-0.1355,0.34302,-0.9209,0.99201,1.0,13.188,-0.875,0.8318,0.5214,0.0278,0.1877
1781857889947,69280,-0.1106,0.33398,-0.93286,0.997,0.188,13.75,-1.0,0.8308,0.5244,0.0321,0.1831
1781857889948,69281,-0.10742,0.3418,-0.92456,0.99155,-1.438,19.25,0.25,0.8311,0.5241,0.0333,0.1824
1781857889948,69281,-0.09839,0.34253,-0.91797,0.98472,-2.5,22.562,1.438,0.831,0.5242,0.0341,0.182
1781857890006,69339,-0.06836,0.33789,-0.92944,0.99132,-1.938,50.312,8.312,0.8316,0.5247,0.0493,0.1744
1781857890006,69339,-0.10083,0.29858,-0.95654,1.00712,35.375,-3.5,-5.812,0.8334,0.5296,0.0534,0.1483
1781857890006,69339,-0.10083,0.29858,-0.95654,1.00712,35.375,-3.5,-5.812,0.8334,0.5296,0.0534,0.1483
1781857890070,69403,-0.11304,0.29102,-0.95557,1.00527,29.688,0.312,-5.562,0.8339,0.5296,0.0517,0.1461
1781857890084,69417,-0.11621,0.28271,-0.95068,0.99862,26.0,1.75,-5.375,0.8339,0.5298,0.0511,0.1452
1781857890084,69417,-0.12695,0.27441,-0.94946,0.99644,21.812,2.5,-5.312,0.8339,0.5301,0.0505,0.1443
1781857890125,69458,-0.12695,0.27441,-0.94946,0.99644,21.812,2.5,-5.312,0.8339,0.5301,0.0505,0.1443
1781857890128,69461,-0.13403,0.26978,-0.9436,0.99052,15.062,2.5,-6.0,0.8342,0.53,0.0498,0.1431
1781857890129,69462,-0.09619,0.27563,-0.96997,1.01295,1.938,-2.438,-3.562,0.8327,0.5329,0.0482,0.1416
1781857890185,69518,-0.09644,0.27148,-0.96313,1.0053,3.312,-2.125,-4.062,0.8327,0.533,0.048,0.1416
1781857890186,69519,-0.09473,0.26904,-0.95752,0.9991,3.688,-2.188,-4.5,0.8329,0.5326,0.0478,0.1416
1781857890186,69519,-0.11646,0.26489,-0.95801,1.00075,-0.312,-3.312,-5.375,0.832,0.5343,0.046,0.1414
1781857890248,69581,-0.11963,0.26929,-0.96167,1.0058,-3.438,-3.5,-5.375,0.8317,0.5346,0.0458,0.1416
1781857890251,69584,-0.11523,0.2688,-0.96118,1.00469,-5.438,-3.5,-5.312,0.8316,0.5347,0.0457,0.1419
1781857890253,69586,-0.11572,0.27588,-0.95142,0.99734,-6.312,-3.312,-4.125,0.8306,0.5355,0.046,0.1449
1781857890308,69641,-0.12329,0.27441,-0.94653,0.99319,-5.188,-4.0,-5.125,0.8304,0.5357,0.0459,0.1452
1781857890308,69641,-0.11377,0.27417,-0.94385,0.98942,-4.562,-4.75,-5.938,0.8303,0.5358,0.0458,0.1455
1781857890310,69643,-0.07202,0.28809,-0.94751,0.99295,-0.062,-2.188,-5.75,0.8289,0.5372,0.0438,0.1491
1781857890366,69699,-0.07153,0.28467,-0.948,0.9924,0.125,-0.062,-4.938,0.8287,0.5374,0.0438,0.1491
1781857890367,69700,-0.07178,0.28711,-0.94946,0.99452,-0.312,1.875,-4.188,0.8286,0.5375,0.0438,0.1491
1781857890367,69700,-0.08911,0.27539,-0.95898,1.00171,4.938,-1.562,-2.75,0.8281,0.5383,0.0451,0.1485
1781857890433,69766,-0.0918,0.27954,-0.95947,1.00357,5.875,-3.25,-2.688,0.8281,0.5384,0.0448,0.1484
1781857890433,69766,-0.09497,0.27856,-0.9646,1.0085,6.5,-4.875,-2.375,0.8281,0.5385,0.0445,0.1483
1781857890433,69766,-0.09497,0.27856,-0.9646,1.0085,6.5,-4.875,-2.375,0.8281,0.5385,0.0445,0.1483
1781857890488,69821,-0.08105,0.28662,-0.9541,0.99952,-2.875,6.188,1.938,0.828,0.5389,0.0421,0.1481
1781857890488,69821,-0.08618,0.2832,-0.94873,0.99384,-3.812,7.5,2.5,0.8281,0.5388,0.0424,0.1481
1781857890488,69821,-0.09302,0.27637,-0.93652,0.98087,-8.5,4.688,1.625,0.8273,0.5393,0.0468,0.149
1781857890545,69878,-0.09155,0.28101,-0.94604,0.99113,-7.25,2.812,1.5,0.8273,0.5393,0.0471,0.1492
1781857890546,69879,-0.0896,0.28418,-0.94897,0.99466,-5.062,2.188,1.188,0.8273,0.5392,0.0474,0.1494
1781857890546,69879,-0.10229,0.29004,-0.98218,1.0292,-0.125,3.938,-1.188,0.8272,0.5396,0.0482,0.1486
1781857890605,69938,-0.10156,0.28955,-0.98242,1.02923,-1.0,4.062,-0.938,0.8271,0.5397,0.0484,0.1484
1781857890606,69939,-0.09741,0.28687,-0.97217,1.01828,-1.688,3.875,-0.688,0.8269,0.54,0.0487,0.1484
1781857890613,69946,-0.09619,0.27393,-0.93018,0.97443,1.375,3.938,-0.562,0.8267,0.5402,0.0502,0.148
1781857890669,70002,-0.10034,0.2749,-0.92725,0.97233,2.0,3.438,-0.438,0.8267,0.5403,0.0502,0.1479
1781857890670,70003,-0.09961,0.27808,-0.9209,0.96711,3.125,3.438,0.0,0.8267,0.5403,0.0503,0.1477
1781857890670,70003,-0.10913,0.26318,-0.9751,1.01587,15.688,-12.875,4.312,0.8279,0.5394,0.0474,0.1452
1781857890726,70059,-0.10742,0.27686,-0.9895,1.0331,16.25,-13.938,3.875,0.8281,0.5393,0.0466,0.145
1781857890726,70059,-0.10303,0.28198,-1.00684,1.05064,16.062,-14.625,3.5,0.8283,0.5391,0.0457,0.1447
1781857890726,70059,-0.08374,0.28394,-0.96118,1.00573,-1.938,7.438,5.188,0.8299,0.5372,0.0421,0.1435
1781857890786,70119,-0.07593,0.28247,-0.95972,1.0033,-2.125,8.625,4.5,0.83,0.5371,0.0424,0.1434
1781857890788,70121,-0.07373,0.28418,-0.96289,1.00665,-2.375,9.312,4.25,0.8301,0.537,0.0429,0.1433
1781857890788,70121,-0.08398,0.26123,-0.94727,0.98621,9.062,-6.688,-5.875,0.8308,0.5361,0.0441,0.1423
1781857890846,70179,-0.07837,0.26904,-0.94897,0.98948,12.812,-8.375,-7.562,0.8307,0.5363,0.0435,0.142
1781857890846,70179,-0.07935,0.27002,-0.95312,0.99381,16.5,-10.125,-8.625,0.8306,0.5366,0.0428,0.1417
1781857890847,70180,-0.10522,0.27441,-0.97827,1.02146,4.875,-2.062,-4.875,0.8299,0.539,0.0354,0.1387
1781857890905,70238,-0.1145,0.26929,-0.96851,1.01175,2.875,0.062,-3.375,0.8298,0.5392,0.0352,0.1385
1781857890908,70241,-0.10522,0.24854,-0.97095,1.00776,-0.062,-0.125,-2.812,0.8297,0.5394,0.0351,0.1384
1781857890908,70241,-0.0874,0.26953,-0.96338,1.00418,-3.375,2.125,0.062,0.8294,0.5397,0.0355,0.1391
1781857890965,70298,-0.08301,0.27515,-0.96875,1.01048,-3.5,2.75,0.375,0.8294,0.5397,0.0357,0.1392
1781857890966,70299,-0.08643,0.27612,-0.97217,1.01431,-3.375,2.375,0.188,0.8294,0.5397,0.0359,0.1393
1781857890967,70300,-0.08643,0.27612,-0.97217,1.01431,-3.375,2.375,0.188,0.8294,0.5397,0.0359,0.1393
1781857891086,70419,-0.08643,0.27612,-0.97217,1.01431,-3.375,2.375,0.188,0.8294,0.5397,0.0359,0.1393
1781857891086,70419,-0.08643,0.26172,-0.93188,0.97179,-4.062,3.562,-1.312,0.829,0.5399,0.0372,0.14
1781857891088,70421,-0.09253,0.24292,-0.95068,0.98558,6.375,3.625,-5.312,0.8276,0.5422,0.039,0.1389
1781857891148,70481,-0.09839,0.24341,-0.95898,0.99427,6.875,2.812,-5.375,0.8275,0.5424,0.0389,0.1386
1781857891149,70482,-0.104,0.24561,-0.97461,1.01045,6.688,2.188,-5.25,0.8275,0.5426,0.0388,0.1383
1781857891150,70483,-0.11768,0.25439,-1.00415,1.04254,-2.562,-2.125,0.0,0.8262,0.545,0.0385,0.1363
1781857891217,70550,-0.1123,0.25195,-0.98926,1.027,-3.375,-3.25,0.375,0.8262,0.5449,0.0385,0.1365
1781857891218,70551,-0.11182,0.25073,-0.98486,1.02241,-3.875,-3.812,0.562,0.8262,0.5449,0.0384,0.1367
1781857891218,70551,-0.11182,0.25073,-0.98486,1.02241,-3.875,-3.812,0.562,0.8262,0.5449,0.0384,0.1367
1781857891267,70600,-0.10693,0.25195,-0.948,0.98672,-4.438,1.625,2.625,0.8263,0.5443,0.0388,0.1384
1781857891267,70600,-0.10718,0.24902,-0.95044,0.98835,-4.062,1.375,2.438,0.8264,0.5442,0.039,0.1385
1781857891268,70601,-0.10718,0.24902,-0.95044,0.98835,-4.062,1.375,2.438,0.8264,0.5442,0.039,0.1385
1781857891330,70663,-0.10278,0.25977,-0.93823,0.97894,3.125,-3.312,1.188,0.8269,0.5433,0.0385,0.139
1781857891330,70663,-0.09912,0.25854,-0.93604,0.97613,2.75,-2.688,1.188,0.827,0.5432,0.0383,0.1389
1781857891331,70664,-0.09863,0.26416,-0.9563,0.997,2.938,1.188,-0.062,0.8273,0.543,0.0382,0.1383
1781857891387,70720,-0.10034,0.26221,-0.95654,0.99689,3.5,0.938,-0.5,0.8273,0.543,0.0381,0.1381
1781857891387,70720,-0.09351,0.25513,-0.9519,0.98993,3.5,0.688,-0.625,0.8273,0.543,0.038,0.138
1781857891387,70720,-0.08984,0.26685,-0.9668,1.00696,2.0,1.438,0.062,0.8273,0.5432,0.0372,0.137
1781857891448,70781,-0.09009,0.26318,-0.96997,1.00907,1.062,2.5,0.5,0.8273,0.5432,0.0373,0.137
1781857891448,70781,-0.09009,0.26538,-0.96606,1.00589,0.0,3.0,0.25,0.8274,0.5432,0.0374,0.1369
1781857891508,70841,-0.08667,0.26807,-0.95703,0.99764,-1.875,3.562,0.938,0.8269,0.5439,0.0394,0.1367
1781857891508,70841,-0.08887,0.26465,-0.94971,0.98989,0.0,2.25,-0.75,0.8268,0.544,0.0396,0.1367
1781857891509,70842,-0.08618,0.26099,-0.94507,0.98422,0.438,1.312,-1.5,0.8268,0.544,0.0397,0.1366
1781857891509,70842,-0.10693,0.25732,-0.97192,1.01108,1.438,0.125,-2.125,0.8263,0.5449,0.0396,0.1359
1781857891572,70905,-0.10693,0.25732,-0.97192,1.01108,1.438,0.125,-2.125,0.8263,0.5449,0.0396,0.1359
1781857891583,70916,-0.1084,0.26099,-0.96362,1.00421,-0.625,1.188,-1.312,0.8262,0.5451,0.0395,0.1358
1781857891584,70917,-0.08887,0.2478,-0.93579,0.97212,1.938,3.125,-1.5,0.8262,0.5451,0.0408,0.1354
1781857891627,70960,-0.09155,0.24707,-0.94336,0.97947,2.312,2.188,-1.812,0.8262,0.5452,0.0408,0.1352
1781857891627,70960,-0.0896,0.24951,-0.94971,0.98602,2.875,1.188,-2.25,0.8261,0.5453,0.0408,0.135
1781857891628,70961,-0.09277,0.25781,-0.96387,1.00205,1.875,4.0,-0.938,0.8254,0.5467,0.041,0.1336
1781857891689,71022,-0.09009,0.25806,-0.96558,1.00352,2.0,3.812,-1.312,0.8254,0.5467,0.0411,0.1334
1781857891689,71022,-0.09009,0.25781,-0.9707,1.00839,2.438,3.312,-1.625,0.8254,0.5468,0.0412,0.1333
1781857891689,71022,-0.09131,0.25439,-0.98755,1.02387,0.812,1.0,-1.625,0.8251,0.5476,0.0407,0.1323
1781857891745,71078,-0.09106,0.25513,-0.98975,1.02615,0.125,1.875,-0.938,0.8251,0.5476,0.0408,0.1322
1781857891745,71078,-0.09326,0.2561,-0.97949,1.01671,-1.0,2.438,0.25,0.8251,0.5476,0.0409,0.1322
1781857891746,71079,-0.09839,0.24219,-0.97363,1.00812,6.125,10.312,8.875,0.8257,0.547,0.0427,0.1303
1781857891808,71141,-0.09839,0.24219,-0.97363,1.00812,6.125,10.312,8.875,0.8257,0.547,0.0427,0.1303
1781857891808,71141,-0.10767,0.23633,-0.95972,0.99423,6.688,8.0,7.312,0.8263,0.5462,0.043,0.1294
1781857891810,71143,-0.10278,0.22656,-0.93433,0.96688,9.688,-3.125,3.188,0.827,0.546,0.0413,0.1263
1781857891867,71200,-0.10376,0.22583,-0.92676,0.9595,8.75,-2.938,3.75,0.8272,0.5458,0.041,0.126
1781857891867,71200,-0.10889,0.22363,-0.91943,0.95248,7.812,-2.438,3.75,0.8273,0.5458,0.0407,0.1259
1781857891868,71201,-0.0896,0.23438,-0.94604,0.97875,6.125,1.25,4.75,0.8292,0.5433,0.0393,0.1241
1781857891928,71261,-0.09253,0.23535,-0.94824,0.98138,5.688,1.625,5.375,0.8294,0.5432,0.0392,0.1239
1781857891928,71261,-0.08472,0.23657,-0.94775,0.9805,4.938,1.625,5.688,0.8297,0.5428,0.0391,0.1235
1781857891929,71262,-0.04785,0.25928,-0.98364,1.01836,4.875,1.125,3.25,0.8308,0.5416,0.0386,0.1215
1781857891985,71318,-0.04785,0.25928,-0.98364,1.01836,4.875,1.125,3.25,0.8308,0.5416,0.0386,0.1215
1781857891987,71320,-0.04248,0.2605,-0.99609,1.03047,3.688,1.562,2.5,0.8308,0.5416,0.0386,0.121
1781857891987,71320,-0.05493,0.24365,-0.99194,1.02291,2.0,-2.375,-1.812,0.831,0.5415,0.0385,0.1202
1781857892049,71382,-0.05713,0.24194,-0.99707,1.02759,1.688,-3.375,-1.938,0.831,0.5416,0.0383,0.1202
1781857892055,71388,-0.06738,0.24902,-0.99634,1.02919,1.0,-3.938,-2.812,0.8305,0.5422,0.0381,0.1204
1781857892056,71389,-0.08447,0.22925,-0.96851,0.99885,-4.5,1.0,-2.625,0.83,0.5429,0.0386,0.121
1781857892108,71441,-0.09082,0.22241,-0.96606,0.99549,-4.5,0.438,-3.125,0.8299,0.543,0.0387,0.1212
1781857892108,71441,-0.09619,0.21582,-0.96558,0.99407,-4.25,-0.938,-3.688,0.8297,0.5432,0.0388,0.1214
1781857892108,71441,-0.09741,0.22485,-0.95752,0.98838,-1.75,-3.25,-0.812,0.829,0.544,0.0371,0.1233
1781857892166,71499,-0.09448,0.22656,-0.94629,0.97761,-2.125,-1.375,-0.125,0.829,0.544,0.0371,0.1234
1781857892166,71499,-0.09985,0.21948,-0.92969,0.96045,-3.375,1.0,0.625,0.829,0.544,0.0372,0.1236
1781857892166,71499,-0.10327,0.22314,-0.90015,0.93312,2.438,-2.688,1.562,0.8294,0.5432,0.0382,0.1239
1781857892229,71562,-0.09302,0.22559,-0.89722,0.92981,4.75,-4.875,1.625,0.8295,0.5431,0.0377,0.1239
1781857892229,71562,-0.09204,0.23438,-0.90039,0.93494,7.125,-4.938,1.812,0.8295,0.5431,0.0372,0.1237
1781857892229,71562,-0.06348,0.23364,-0.93994,0.97062,6.5,4.438,-0.438,0.8303,0.5427,0.0347,0.1212
1781857892288,71621,-0.06763,0.23145,-0.94556,0.97582,5.562,5.688,-0.125,0.8303,0.5427,0.0348,0.1209
1781857892288,71621,-0.07275,0.23096,-0.95166,0.98198,4.25,7.25,0.312,0.8305,0.5426,0.035,0.1204
1781857892288,71621,-0.05176,0.2168,-0.97583,1.00096,7.312,2.938,-3.125,0.8302,0.5436,0.0359,0.1171
1781857892346,71679,-0.06006,0.22729,-0.98682,1.01443,6.875,2.25,-2.875,0.8301,0.5438,0.0358,0.1168
1781857892346,71679,-0.06567,0.22705,-0.99438,1.02209,7.625,2.0,-2.688,0.8303,0.5436,0.0357,0.1165
1781857892347,71680,-0.0813,0.21362,-1.03906,1.06391,4.812,9.312,-3.625,0.8294,0.546,0.0349,0.112
1781857892414,71747,-0.08667,0.21924,-1.0415,1.06785,2.75,10.25,-2.375,0.8293,0.5462,0.0352,0.1116
1781857892415,71748,-0.09058,0.21094,-1.02808,1.05339,0.25,10.312,-0.562,0.8292,0.5463,0.0357,0.1113
1781857892421,71754,-0.08643,0.2124,-1.03271,1.05787,5.375,-2.938,-2.5,0.8289,0.5469,0.0364,0.1102
1781857892470,71803,-0.08228,0.2146,-1.02466,1.05012,6.188,-2.938,-1.812,0.8289,0.5471,0.0359,0.1099
1781857892470,71803,-0.06787,0.21143,-1.03784,1.06133,1.5,-1.625,-0.812,0.829,0.5469,0.0355,0.1098
1781857892471,71804,-0.08521,0.2085,-1.00464,1.02958,-9.5,2.75,1.25,0.8291,0.5465,0.0377,0.111
1781857892528,71861,-0.08447,0.20532,-1.00562,1.02983,-8.0,1.312,0.688,0.829,0.5464,0.038,0.1114
1781857892528,71861,-0.08984,0.21021,-1.00464,1.03032,-6.688,0.125,0.75,0.8289,0.5466,0.0383,0.1118
1781857892528,71861,-0.08643,0.22095,-0.94629,0.97558,-6.0,-2.5,1.375,0.829,0.5459,0.0391,0.1141
1781857892585,71918,-0.08203,0.2124,-0.94043,0.9676,-5.625,-2.5,1.25,0.829,0.5458,0.0391,0.1144
1781857892586,71919,-0.08545,0.21021,-0.93408,0.96125,-6.0,-3.062,1.062,0.829,0.5458,0.0391,0.1147
1781857892587,71920,-0.08252,0.21558,-0.8938,0.92312,-5.625,1.5,2.812,0.8288,0.5454,0.0397,0.1173
1781857892653,71986,-0.08521,0.20972,-0.88867,0.91705,-5.688,2.688,2.812,0.8288,0.5454,0.0399,0.1174
1781857892654,71987,-0.08081,0.20044,-0.8877,0.91362,-5.062,3.812,2.75,0.8289,0.5452,0.0402,0.1175
1781857892654,71987,-0.07446,0.21313,-0.96289,0.989,8.062,-0.25,0.25,0.8294,0.5448,0.0406,0.1156
1781857892710,72043,-0.08472,0.21826,-0.97192,0.99973,8.188,-0.875,0.125,0.8295,0.5448,0.0404,0.1153
1781857892767,72100,-0.08398,0.21875,-0.97949,1.00713,8.438,-1.312,-0.375,0.8295,0.5448,0.0401,0.1151
1781857892768,72101,-0.06885,0.23779,-1.03931,1.06838,3.75,-0.312,-1.188,0.8305,0.5439,0.0379,0.1132
1781857892768,72101,-0.0708,0.23999,-1.0354,1.06521,2.125,1.25,-1.625,0.8305,0.544,0.0379,0.1131
1781857892825,72158,-0.09302,0.21606,-1.02954,1.05607,0.25,3.938,-2.812,0.8304,0.544,0.0379,0.113
1781857892825,72158,-0.11157,0.20459,-0.91846,0.94756,-14.0,-11.75,-43.0,0.8236,0.5545,0.0363,0.1128
1781857892827,72160,-0.11157,0.20459,-0.91846,0.94756,-14.0,-11.75,-43.0,0.8236,0.5545,0.0363,0.1128
1781857892888,72221,-0.12305,0.27417,-1.02783,1.07086,-29.562,-37.75,-31.062,0.8118,0.5675,0.0295,0.1333
1781857892889,72222,-0.11401,0.28027,-1.01807,1.06208,-25.625,-36.562,-29.062,0.811,0.5683,0.0287,0.1351
1781857892889,72222,-0.11401,0.28027,-1.01807,1.06208,-25.625,-36.562,-29.062,0.811,0.5683,0.0287,0.1351
1781857892947,72280,-0.11401,0.28027,-1.01807,1.06208,-25.625,-36.562,-29.062,0.811,0.5683,0.0287,0.1351
1781857892953,72286,-0.08862,0.30615,-0.83862,0.89715,7.438,-5.625,3.875,0.8084,0.5703,0.0219,0.143
1781857892954,72287,-0.08862,0.30615,-0.83862,0.89715,7.438,-5.625,3.875,0.8084,0.5703,0.0219,0.143
1781857893009,72342,-0.10278,0.27051,-0.79614,0.8471,-2.375,17.375,25.062,0.8134,0.5642,0.0273,0.1383
1781857893009,72342,-0.09692,0.27563,-0.80054,0.85219,-2.875,18.0,25.688,0.814,0.5634,0.0281,0.138
1781857893010,72343,-0.04907,0.27954,-0.90454,0.94802,15.688,21.812,10.188,0.8189,0.5574,0.0363,0.131
1781857893070,72403,-0.05249,0.28027,-0.9165,0.95984,16.062,22.125,5.0,0.8192,0.5573,0.037,0.1293
1781857893070,72403,-0.05371,0.27783,-0.92627,0.96853,15.938,22.188,2.062,0.8193,0.5574,0.0374,0.1282
1781857893076,72409,-0.05371,0.27783,-0.92627,0.96853,15.938,22.188,2.062,0.8193,0.5574,0.0374,0.1282
1781857893127,72460,-0.1228,0.28442,-1.1189,1.16099,12.312,25.562,-3.0,0.8188,0.5601,0.0432,0.1176
1781857893127,72460,-0.13062,0.28076,-1.1189,1.16096,11.312,21.312,-5.25,0.8186,0.5605,0.0438,0.1163
1781857893127,72460,-0.13062,0.28076,-1.1189,1.16096,11.312,21.312,-5.25,0.8186,0.5605,0.0438,0.1163
1781857893185,72518,-0.09766,0.21094,-0.95044,0.97845,6.562,18.25,-8.125,0.8159,0.5654,0.0475,0.1101
1781857893247,72580,-0.104,0.2063,-0.93262,0.96081,7.438,21.188,-7.062,0.8157,0.5658,0.0479,0.1093
1781857893248,72581,-0.19751,0.22339,-1.03931,1.08124,29.188,0.75,-4.188,0.8152,0.5689,0.048,0.0964
1781857893248,72581,-0.18872,0.21362,-1.01343,1.05275,26.5,-1.375,-4.25,0.8152,0.569,0.0473,0.0956
1781857893248,72581,-0.16821,0.20581,-0.98901,1.02411,22.938,-2.875,-5.438,0.8152,0.5693,0.0466,0.0949
1781857893306,72639,-0.23682,0.20239,-1.06567,1.11027,19.125,-8.812,-3.438,0.8145,0.5712,0.0402,0.0916
1781857893306,72639,-0.25537,0.20117,-1.06445,1.11299,18.562,-9.125,-1.75,0.8143,0.5716,0.0394,0.0913
1781857893306,72639,-0.25537,0.20117,-1.06445,1.11299,18.562,-9.125,-1.75,0.8143,0.5716,0.0394,0.0913
1781857893365,72698,-0.28076,0.20312,-1.10425,1.15735,-0.875,-17.125,6.875,0.8156,0.5703,0.031,0.0915
1781857893366,72699,-0.27612,0.20508,-1.0957,1.14842,-2.25,-18.625,8.0,0.8158,0.5699,0.0303,0.0921
1781857893366,72699,-0.27612,0.20508,-1.0957,1.14842,-2.25,-18.625,8.0,0.8158,0.5699,0.0303,0.0921
1781857893426,72759,-0.22168,0.23779,-1.16235,1.20696,-7.5,-35.812,8.75,0.8176,0.5664,0.022,0.1004
1781857893426,72759,-0.2168,0.23926,-1.16138,1.20542,-10.562,-36.312,13.188,0.8181,0.5653,0.0199,0.1029
1781857893427,72760,-0.17285,0.22705,-1.01367,1.05307,-19.75,-65.562,4.5,0.8201,0.5594,0.0074,0.1195
1781857893488,72821,-0.17285,0.22705,-1.01367,1.05307,-19.75,-65.562,4.5,0.8201,0.5594,0.0074,0.1195
1781857893544,72877,-0.17236,0.23413,-0.98315,1.02524,-23.062,-69.0,2.5,0.82,0.5584,0.0037,0.1243
1781857893545,72878,-0.1543,0.20923,-0.59277,0.64727,-20.375,-53.5,-5.438,0.8192,0.5542,-0.0128,0.146
1781857893546,72879,-0.1355,0.20508,-0.5459,0.59868,-20.938,-54.438,-11.688,0.8182,0.5548,-0.0148,0.1491
1781857893605,72938,-0.12817,0.18945,-0.49683,0.54695,-19.875,-57.812,-17.812,0.8176,0.555,-0.0164,0.1512
1781857893606,72939,-0.00513,0.01172,0.00171,0.0129,-23.75,53.5,-43.625,0.8066,0.5688,-0.0132,0.1596
1781857893607,72940,-0.00513,0.01172,0.00171,0.0129,-23.75,53.5,-43.625,0.8066,0.5688,-0.0132,0.1596
1781857893673,73006,-0.00586,0.01538,-0.00024,0.01646,-22.75,53.375,-43.562,0.7931,0.5891,0.0118,0.1534
1781857893673,73006,-0.00488,0.01294,-0.00537,0.01484,-22.75,53.375,-43.5,0.7916,0.5913,0.0148,0.1526
1781857893673,73006,-0.00513,0.0127,-0.00488,0.01454,-20.938,52.75,-43.438,0.7781,0.6095,0.0366,0.1467
1781857893730,73063,-0.00513,0.0127,-0.00488,0.01454,-20.938,52.75,-43.438,0.7781,0.6095,0.0366,0.1467
1781857893732,73065,-0.00415,0.01294,-0.00635,0.015,-21.125,52.562,-43.562,0.7765,0.6115,0.0386,0.1461
1781857893732,73065,-0.00684,0.0144,-0.01025,0.01896,-18.688,49.812,-43.5,0.7628,0.6284,0.0583,0.1401
1781857893785,73118,-0.00684,0.0144,-0.01025,0.01896,-18.688,49.812,-43.5,0.7628,0.6284,0.0583,0.1401
1781857893791,73124,-0.00464,0.01782,-0.0127,0.02237,-18.188,49.375,-43.562,0.7614,0.63,0.0601,0.1395
1781857893791,73124,-0.00586,0.01636,-0.03003,0.03469,-12.125,45.25,-43.812,0.745,0.6488,0.0797,0.1319
1781857893846,73179,-0.00586,0.01636,-0.03003,0.03469,-12.125,45.25,-43.812,0.745,0.6488,0.0797,0.1319
1781857893846,73179,-0.00879,0.01392,-0.02759,0.03212,-11.0,44.812,-43.812,0.7428,0.6513,0.082,0.1308
1781857893847,73180,-0.00635,0.01172,-0.04004,0.0422,-4.188,41.562,-43.938,0.7283,0.6672,0.0953,0.1228
1781857893906,73239,-0.00171,0.01367,-0.04321,0.04536,-3.5,41.25,-44.0,0.7269,0.6688,0.0964,0.1218
1781857893906,73239,-0.00073,0.0144,-0.0415,0.04394,-2.438,40.938,-44.0,0.7255,0.6703,0.0976,0.1209
1781857893907,73240,-0.00122,0.01978,-0.05786,0.06116,7.188,38.375,-43.562,0.7103,0.6867,0.1074,0.1102
1781857893965,73298,-0.00073,0.02002,-0.05566,0.05916,8.5,37.812,-43.562,0.7089,0.6882,0.1081,0.109
1781857893966,73299,-0.00073,0.01978,-0.06177,0.06486,10.625,38.0,-43.438,0.7061,0.6913,0.1094,0.1065
1781857893966,73299,-0.0061,0.01709,-0.07056,0.07285,20.812,35.875,-43.25,0.6945,0.704,0.1132,0.095
1781857894025,73358,-0.0061,0.01709,-0.07056,0.07285,20.812,35.875,-43.25,0.6945,0.704,0.1132,0.095
1781857894026,73359,-0.00659,0.01611,-0.073,0.07505,23.688,35.188,-43.25,0.6918,0.707,0.1135,0.0919
1781857894026,73359,-0.00317,0.021,-0.09082,0.09327,39.188,29.75,-42.812,0.6786,0.7219,0.1119,0.0748
1781857894085,73418,-0.00366,0.02222,-0.09204,0.09476,40.812,29.0,-42.75,0.6773,0.7234,0.1113,0.0729
1781857894086,73419,-0.00684,0.02417,-0.09326,0.09659,43.25,28.062,-42.75,0.6757,0.7252,0.1104,0.0701
1781857894086,73419,-0.00537,0.01831,-0.11572,0.11729,59.625,20.438,-42.688,0.665,0.7382,0.1004,0.051
1781857894145,73478,-0.00659,0.01733,-0.11597,0.11744,60.188,19.938,-42.5,0.6643,0.7389,0.0996,0.05
1781857894146,73479,-0.00659,0.021,-0.11865,0.12068,63.75,18.375,-42.688,0.6629,0.7409,0.0965,0.0458
1781857894146,73479,-0.00708,0.02612,-0.1272,0.13004,77.188,11.375,-42.688,0.655,0.7507,0.0801,0.0266
1781857894205,73538,-0.00391,0.02539,-0.12891,0.13144,78.625,10.062,-42.438,0.6536,0.7523,0.0778,0.0242
1781857894207,73540,0.00146,0.02246,-0.12695,0.12893,80.0,8.75,-42.625,0.6523,0.7537,0.0755,0.0219
1781857894211,73544,-0.01367,0.02759,-0.15332,0.15638,93.5,-4.5,-43.0,-0.6441,-0.7633,-0.0476,0.0011
1781857894325,73658,-0.01025,0.02563,-0.15601,0.15843,95.562,-7.875,-43.312,-0.6413,-0.766,-0.041,0.0057
1781857894325,73658,-0.01074,0.02563,-0.16235,0.16472,96.875,-10.125,-43.312,-0.6408,-0.7667,-0.0359,0.009
1781857894326,73659,-0.00415,0.02588,-0.18579,0.18763,104.188,-21.688,-44.0,-0.6334,-0.7732,-0.0042,0.0272
1781857894389,73722,-0.00977,0.02441,-0.18286,0.18474,105.438,-23.375,-44.188,-0.631,-0.775,0.0017,0.0303
1781857894391,73724,-0.00293,0.02246,-0.17725,0.17869,106.625,-24.562,-44.312,-0.6297,-0.7758,0.0098,0.0344
1781857894392,73725,0.00049,0.03027,-0.19287,0.19523,105.75,-31.25,-44.5,-0.6178,-0.783,0.0476,0.0521
1781857894392,73725,-0.00854,0.03101,-0.22168,0.224,96.5,-37.125,-45.0,-0.603,-0.7884,0.0969,0.072
1781857894445,73778,-0.00366,0.02881,-0.22266,0.22454,95.25,-37.438,-45.125,-0.601,-0.7893,0.101,0.0734
1781857894445,73778,0.00195,0.02026,-0.21655,0.21751,91.812,-37.875,-45.125,-0.5995,-0.7891,0.1086,0.0764
1781857894446,73779,0.00293,0.03784,-0.24365,0.24659,73.938,-38.875,-45.625,-0.5891,-0.7916,0.1368,0.0855
1781857894505,73838,-0.00073,0.01782,-0.23779,0.23846,67.875,-39.312,-45.688,-0.585,-0.7933,0.1431,0.0869
1781857894506,73839,-0.00024,0.00781,-0.24194,0.24207,62.0,-39.0,-45.688,-0.5834,-0.7933,0.1487,0.0884
1781857894506,73839,-0.00024,0.00781,-0.24194,0.24207,62.0,-39.0,-45.688,-0.5834,-0.7933,0.1487,0.0884
1781857894567,73900,-0.0061,-0.00195,-0.26416,0.26424,25.125,-38.25,-47.062,-0.5698,-0.799,0.169,0.0898
1781857894567,73900,-0.00586,0.00366,-0.27563,0.27572,20.938,-37.5,-46.875,-0.5678,-0.8002,0.1704,0.0894
1781857894568,73901,-5.89453,-4.41699,1.63477,7.54505,-633.25,64.312,122.938,-0.5664,-0.8031,0.1694,0.0728
1781857894626,73959,0.53394,7.99438,-1.76587,8.20448,126.062,-91.75,130.812,-0.58,-0.7985,0.1505,0.0548
1781857894626,73959,7.57593,-6.53027,0.19141,10.00379,-234.312,-16.312,179.188,-0.5825,-0.7957,0.1532,0.063
1781857894685,74018,7.57593,-6.53027,0.19141,10.00379,-234.312,-16.312,179.188,-0.5825,-0.7957,0.1532,0.063
1781857894686,74019,-0.31445,2.04907,2.07715,2.93464,-1948.062,-626.5,-16.875,0.4475,0.6281,0.3563,0.5272
1781857894687,74020,-0.34839,2.03564,2.09937,2.94492,-1948.062,-666.375,0.938,0.4119,0.5801,0.3956,0.5805
1781857894687,74020,-0.61572,2.03687,2.14844,3.02386,-1948.062,-1069.375,13.938,-0.0012,-0.097,0.466,0.8793
1781857894746,74079,-0.6416,2.03174,2.14111,3.02059,-1948.062,-1114.5,12.438,-0.0519,-0.176,0.4564,0.8705
1781857894748,74081,-0.67529,2.02588,2.13623,3.02054,-1948.062,-1159.938,11.188,-0.101,-0.2548,0.4427,0.8536
1781857894749,74082,-0.98267,1.92139,2.06982,2.99024,-1948.062,-1634.375,11.438,-0.5091,-0.8169,0.1005,0.2512
1781857894811,74144,-1.01318,1.90356,2.06714,2.98717,-1948.062,-1683.625,12.625,-0.5202,-0.8381,0.0681,0.1486
1781857894811,74144,-1.04053,1.88501,2.05713,2.97787,-1948.062,-1732.938,14.25,-0.5249,-0.8492,0.036,0.0424
1781857894814,74147,-1.04053,1.88501,2.05713,2.97787,-1948.062,-1732.938,14.25,-0.5249,-0.8492,0.036,0.0424
1781857894866,74199,-1.34253,1.5835,2.0498,2.91746,-1948.062,-2048.0,44.562,0.1308,0.1945,0.2177,0.9473
1781857894866,74199,-1.35107,1.56958,2.04883,2.91319,-1948.062,-2048.0,46.5,0.1013,0.142,0.2203,0.9596
1781857894868,74201,-1.45386,1.12231,1.96753,2.69155,-1602.312,-2048.0,103.312,-0.3469,-0.8416,0.1638,0.3798
1781857894925,74258,-1.45312,1.09985,1.96655,2.68115,-1566.938,-2048.0,106.375,-0.3536,-0.8623,0.152,0.3289
1781857894925,74258,-1.45288,1.05493,1.96191,2.65948,-1495.25,-2048.0,112.688,-0.363,-0.8948,0.1292,0.2247
1781857894926,74259,-1.29541,0.64526,1.99731,2.46652,-744.688,-2048.0,175.938,0.1993,0.7014,0.0556,0.6818
1781857894986,74319,-1.26636,0.6084,1.99902,2.44334,-660.438,-2048.0,183.188,0.1889,0.6323,0.063,0.7485
1781857894987,74320,-1.2334,0.5752,1.99731,2.4169,-575.75,-2048.0,190.0,0.1796,0.5578,0.0678,0.8073
1781857894987,74320,-1.2334,0.5752,1.99731,2.4169,-575.75,-2048.0,190.0,0.1796,0.5578,0.0678,0.8073
1781857895049,74382,-0.75049,0.28784,1.91357,2.07554,300.875,-2048.0,257.25,0.225,-0.2964,0.1331,0.9185
1781857895049,74382,-0.34033,0.11304,1.60376,1.64337,408.0,-2048.0,252.062,0.2474,-0.3787,0.1269,0.8826
1781857895105,74438,-0.34033,0.11304,1.60376,1.64337,408.0,-2048.0,252.062,0.2474,-0.3787,0.1269,0.8826
1781857895106,74439,-0.36475,0.31519,2.10181,2.15638,1226.0,-2048.0,350.688,0.3908,-0.9082,0.1329,0.0673
1781857895106,74439,-7.09839,5.9729,5.5542,10.81258,1811.812,-2048.0,1504.562,-0.3615,0.9121,-0.1604,0.1074
1781857895106,74439,0.12061,1.14795,2.9541,3.1716,1948.062,-2048.0,581.938,0.0914,0.1479,-0.3207,0.931
1781857895228,74561,0.16675,1.1897,2.92212,3.15942,1948.062,-2048.0,577.75,0.1428,0.0326,-0.3157,0.9374
1781857895228,74561,0.18018,1.2373,2.9436,3.19815,1948.062,-2048.0,574.938,0.1919,-0.0827,-0.3058,0.9288
1781857895237,74570,0.18018,1.2373,2.9436,3.19815,1948.062,-2048.0,574.938,0.1919,-0.0827,-0.3058,0.9288
1781857895285,74618,0.21118,1.64819,2.90894,3.35008,1948.062,-1762.938,554.5,0.4371,-0.8588,-0.014,0.2666
1781857895347,74680,0.20532,1.69189,2.90039,3.36406,1948.062,-1695.938,554.062,0.4351,-0.8841,0.031,0.1669
1781857895347,74680,-0.08154,2.07544,2.87061,3.54323,1948.062,-932.25,575.312,-0.0615,0.5073,-0.4849,0.7095
1781857895349,74682,-0.2981,1.64136,2.43457,2.95128,1948.062,-1464.188,709.062,0.5178,-0.3949,-0.4257,0.6281
1781857895349,74682,0.08032,1.39624,2.37207,2.75366,1948.062,-1425.25,692.5,0.5285,-0.4818,-0.4039,0.5703
1781857895465,74798,0.00977,1.61475,2.40723,2.89866,1948.062,-1370.75,693.25,0.5343,-0.5615,-0.3764,0.5072
1781857895465,74798,-0.21411,1.77759,2.49878,3.07401,1948.062,-922.5,683.562,-0.4124,0.9083,0.0058,0.0679
1781857895466,74799,-0.21411,1.77759,2.49878,3.07401,1948.062,-922.5,683.562,-0.4124,0.9083,0.0058,0.0679
1781857895467,74800,-3.36963,4.40234,2.28931,5.998,1948.062,-52.312,686.312,0.3315,0.372,-0.6422,0.5822
1781857895529,74862,-0.80933,5.19067,1.25073,5.40023,1948.062,187.0,459.688,0.3933,0.316,-0.6576,0.5592
1781857895530,74863,-0.7085,1.7666,2.03687,2.78777,1948.062,516.188,411.438,0.8093,-0.2572,-0.5088,0.1405
1781857895530,74863,-1.39136,1.91626,2.52026,3.45827,1948.062,885.562,647.562,-0.635,0.6809,-0.1124,0.3468
1781857895649,74982,-1.39136,1.91626,2.52026,3.45827,1948.062,885.562,647.562,-0.635,0.6809,-0.1124,0.3468
1781857895705,75038,-4.55054,2.6438,2.36841,5.77117,1948.062,821.625,690.062,-0.5184,0.7108,-0.2457,0.4066
1781857895706,75039,-0.53809,1.01782,1.2168,1.67514,1948.062,155.75,628.938,0.1389,0.4114,-0.5613,0.7043
1781857895707,75040,-0.56934,1.0498,1.21606,1.70442,1948.062,206.25,635.062,0.2496,0.3399,-0.5773,0.6989
1781857895765,75098,-0.58618,1.02661,1.20557,1.68847,1948.062,241.125,640.5,0.3221,0.2902,-0.5817,0.688
1781857895766,75099,-0.76221,0.96021,1.17017,1.69477,1948.062,552.375,692.0,0.8305,-0.1723,-0.3837,0.3648
1781857895766,75099,-0.76221,0.96021,1.17017,1.69477,1948.062,552.375,692.0,0.8305,-0.1723,-0.3837,0.3648
1781857895825,75158,-0.62964,0.40039,0.61035,0.964,1320.0,883.312,647.812,0.1044,0.4163,-0.7078,0.5609
1781857895885,75218,-0.63916,0.38623,0.60474,0.96094,1296.0,912.938,654.938,0.2095,0.3823,-0.7086,0.5545
1781857895886,75219,-0.66675,0.25488,0.56055,0.9076,1124.062,1093.438,699.5,0.7758,0.1246,-0.4907,0.3761
1781857895886,75219,-0.66675,0.25488,0.56055,0.9076,1124.062,1093.438,699.5,0.7758,0.1246,-0.4907,0.3761
1781857896006,75339,-0.66748,0.23438,0.55078,0.89656,1093.5,1120.312,706.562,0.8381,0.0809,-0.4246,0.3324
1781857896006,75339,-0.12012,0.08569,-1.02246,1.03305,547.375,1276.0,884.188,0.9623,-0.2097,0.1682,0.0377
1781857896064,75397,-0.50879,0.01465,0.32324,0.60296,538.875,1302.438,884.688,0.92,-0.2681,0.2855,0.0012
1781857896065,75398,-0.38867,-0.16846,0.29248,0.51477,256.312,1374.312,897.062,-0.5129,0.479,-0.7058,0.0949
1781857896065,75398,-0.87671,1.36206,0.0874,1.62218,188.125,1331.062,970.812,-0.4509,0.4971,-0.7344,0.0996
1781857896068,75401,-0.05981,0.073,-0.44312,0.45305,-139.688,130.562,960.75,-0.1416,0.7322,-0.5822,0.3233
1781857896126,75459,-0.42993,0.07446,0.05371,0.43963,3.188,102.25,1207.062,0.3408,0.7246,-0.2843,0.527
1781857896192,75525,0.01025,0.1604,-0.34912,0.38434,46.0,162.062,1240.5,0.419,0.6896,-0.2247,0.546
1781857896192,75525,0.15015,-0.11475,0.54688,0.5786,-109.375,-199.125,1355.562,0.7109,0.3778,0.0843,0.5869
1781857896192,75525,2.92578,-1.10034,1.34741,3.40389,-113.25,-322.625,1254.375,0.7292,0.3285,0.1118,0.5895
1781857896245,75578,-0.49854,0.48877,0.02588,0.69864,-95.562,-251.688,1336.688,0.7449,0.281,0.1362,0.5893
1781857896245,75578,-0.54834,-0.81689,0.08569,0.98759,-0.5,-218.062,1314.438,0.7698,-0.2112,0.3393,0.4973
1781857896246,75579,-0.20361,-0.14771,-0.34937,0.4305,-26.562,-233.938,1306.625,0.7598,-0.2593,0.3586,0.4761
1781857896247,75580,-1.64966,-0.0647,-0.03564,1.65131,117.125,-274.875,1224.125,0.5418,-0.6658,0.4896,0.1523
1781857896500,75833,-0.3208,0.87012,0.56226,1.0845,81.188,-347.562,1125.312,0.5022,-0.7027,0.4938,0.0994
1781857896500,75833,-0.01318,0.29443,0.04443,0.29806,101.438,-339.375,1184.062,0.4592,-0.7386,0.4914,0.0426
1781857896501,75834,-0.57837,1.02612,0.3269,1.22242,0.125,-385.375,1134.625,-0.1287,0.8487,-0.4158,0.3
1781857896501,75834,-0.2627,1.09766,0.01245,1.12872,7.438,-376.938,1135.25,-0.0942,0.8491,-0.3981,0.3337
1781857896546,75879,-0.27271,1.28711,0.29663,1.34871,-6.625,-361.75,1135.0,-0.0219,0.8434,-0.3612,0.3968
1781857896549,75882,-0.33618,-0.53589,0.25098,0.68058,-67.0,-287.375,1171.5,0.5686,0.3787,0.2062,0.7004
1781857896549,75882,-1.86475,0.47998,-0.53882,1.9995,134.688,-254.188,1154.375,-0.5306,0.554,-0.6413,0.0076
1781857896611,75944,-0.17944,0.19385,0.2041,0.33382,30.25,-333.688,1106.375,-0.5009,0.5867,-0.6326,0.0659
1781857896611,75944,-0.19702,0.09351,-0.44189,0.49278,93.938,-278.562,1128.938,-0.4804,0.6077,-0.6234,0.1052
1781857896669,76002,-0.81274,1.07056,0.71118,1.52067,43.188,-342.562,1077.438,-0.2846,0.7079,-0.5012,0.4079
1781857896670,76003,-0.55005,1.10034,0.18823,1.24448,-5.688,-392.438,1058.5,-0.2601,0.7135,-0.4772,0.4418
1781857896791,76124,-0.40063,1.15112,0.0293,1.2192,23.062,-355.375,1068.125,-0.2344,0.7175,-0.4525,0.4745
1781857896791,76124,-0.08325,0.23486,0.09424,0.26641,-84.188,-346.125,1052.375,0.0296,0.6747,-0.1451,0.7229
1781857896791,76124,0.31738,0.70752,0.38135,0.86414,-85.0,-327.062,1060.875,0.0559,0.6624,-0.1098,0.7388
1781857896791,76124,0.90332,1.7832,0.23267,2.01244,-95.375,-310.812,1071.062,0.0827,0.6495,-0.0729,0.7521
1781857896847,76180,0.60107,0.177,0.01074,0.62669,-108.312,-337.188,1121.625,0.3319,0.423,0.3073,0.785
1781857896849,76182,-0.60107,0.11597,-0.09668,0.61975,-97.75,-279.312,1147.688,0.3523,0.3958,0.3427,0.7755
1781857896908,76241,-0.98584,-0.01953,0.05298,0.98746,109.75,-182.375,1131.75,0.538,-0.2542,0.7994,0.0811
1781857896920,76253,-1.24316,-0.13818,-0.13452,1.25803,85.688,-218.875,1121.562,0.529,-0.2895,0.7974,0.0167
1781857896920,76253,-1.10327,0.14819,-0.06689,1.11519,90.0,-230.812,1104.875,-0.5224,0.3113,-0.7932,0.026
1781857896920,76253,-0.86084,0.45947,0.00513,0.9758,-135.438,-533.188,965.75,-0.4306,0.4598,-0.6712,0.3903
1781857897025,76358,-0.43823,1.14038,-1.51611,1.94708,51.125,-358.062,1009.312,-0.4243,0.4718,-0.6447,0.426
1781857897026,76359,-0.90771,0.86694,0.55298,1.37161,180.125,-174.5,1061.688,-0.4028,0.4815,-0.6256,0.4627
1781857897026,76359,0.14209,1.7251,0.18457,1.74075,-30.375,-342.5,996.25,-0.2386,0.5303,-0.2976,0.757
1781857897090,76423,-0.04419,1.03882,0.5293,1.16673,-39.812,-332.812,988.562,-0.2208,0.5293,-0.2612,0.7763
1781857897090,76423,0.18994,1.27051,0.33691,1.32807,-71.625,-350.875,987.062,-0.204,0.5271,-0.2231,0.794
1781857897145,76478,0.7395,0.52026,0.04175,0.90514,-103.75,-322.312,1016.25,-0.0242,0.4587,0.1741,0.8709
1781857897148,76481,0.7395,0.52026,0.04175,0.90514,-103.75,-322.312,1016.25,-0.0242,0.4587,0.1741,0.8709
1781857897153,76486,0.24536,-0.16992,0.12134,0.32218,-12.812,-169.938,1077.75,0.1938,0.2766,0.6177,0.71
1781857897205,76538,0.65552,-0.56909,-0.36475,0.9416,-37.75,-218.688,1074.312,0.2111,0.2598,0.6486,0.6834
1781857897206,76539,-0.48047,-0.53174,-0.05811,0.71901,47.312,-173.062,1087.438,0.3539,0.0606,0.8853,0.2952
1781857897207,76540,-0.66504,-0.88574,-0.31201,1.15072,16.562,-194.0,1091.75,0.3635,0.0419,0.8953,0.2537
1781857897330,76663,-1.02759,0.02856,-0.02856,1.02838,77.875,-233.062,1025.812,-0.4195,0.1063,-0.8884,0.1526
1781857897395,76728,-1.26245,0.00122,-0.16821,1.27361,90.75,-251.875,1014.375,-0.423,0.1196,-0.8768,0.1939
1781857897446,76779,-1.53101,0.68018,-0.54761,1.76252,124.938,-255.688,998.5,-0.4259,0.1308,-0.8638,0.2347
1781857897446,76779,-0.97363,0.99683,0.29956,1.42526,8.5,-328.375,925.625,-0.4141,0.2346,-0.6513,0.5907
1781857897509,76842,-0.70166,0.96289,0.4209,1.26358,22.688,-298.188,924.312,-0.4044,0.2568,-0.5612,0.6747
1781857897512,76845,-0.57739,0.92627,0.36279,1.15021,-0.625,-322.938,915.75,-0.403,0.26,-0.5451,0.6874
1781857897512,76845,-0.20459,0.01562,0.1543,0.25673,-6.938,-135.938,1003.5,-0.0852,0.2564,0.6688,0.6924
1781857897512,76845,0.81543,-1.46826,-0.30444,1.70687,-43.5,-203.875,976.188,-0.0552,0.249,0.7269,0.6375
1781857897565,76898,-0.17603,-0.82788,-0.38354,0.92924,15.375,-168.188,1005.188,0.0944,0.1935,0.9319,0.2915
1781857897565,76898,-0.16797,-0.17041,-0.2439,0.34167,32.688,-148.75,1005.625,0.109,0.1889,0.9426,0.2523
1781857897633,76966,-1.2688,-0.27563,-0.20557,1.31457,70.562,-192.438,957.75,-0.2548,-0.1251,-0.9409,0.1843
1781857897689,77022,-0.90723,0.11694,-0.04785,0.91598,78.0,-208.0,941.5,-0.267,-0.1196,-0.93,0.222
1781857897745,77078,-1.11108,-0.0166,-0.13916,1.11989,77.5,-227.312,934.312,-0.2793,-0.1137,-0.9176,0.2587
1781857897746,77079,-0.34766,0.3877,-0.2207,0.56558,69.375,-249.312,875.0,-0.3745,-0.0612,-0.7312,0.5666
1781857897747,77080,-0.34766,0.3877,-0.2207,0.56558,69.375,-249.312,875.0,-0.3745,-0.0612,-0.7312,0.5666
1781857897748,77081,-1.05835,0.89014,0.4585,1.45694,106.062,-192.75,884.5,-0.3856,-0.049,-0.6797,0.6218
1781857897805,77138,-0.16968,1.10278,0.29468,1.15402,-12.125,-298.812,833.438,-0.4458,0.0071,-0.384,0.8084
1781857897865,77198,0.68115,0.50098,0.88208,1.22189,-59.0,-264.312,813.5,-0.4715,0.0831,0.0487,0.8765
1781857897865,77198,1.00537,0.51514,-0.07739,1.13231,-92.75,-255.5,870.0,-0.4089,0.1614,0.5117,0.7379
1781857897866,77199,0.16968,-0.05518,1.09399,1.10845,-69.688,-192.25,884.75,-0.395,0.1725,0.5596,0.7077
1781857897926,77259,1.08081,-0.17847,-0.16455,1.10774,-152.062,-304.812,868.188,-0.3863,0.1755,0.5908,0.686
1781857897995,77328,0.34448,-0.74121,0.06494,0.81993,-43.875,-153.312,922.25,-0.2808,0.2333,0.8184,0.4434
1781857897996,77329,-0.34814,-0.40234,-0.25049,0.58807,31.062,-151.625,919.5,-0.1051,0.2957,0.9467,0.0708
1781857897996,77329,-0.62549,-0.61646,-0.35205,0.94615,54.5,-163.875,914.25,-0.0874,0.301,0.9488,0.0361
1781857897996,77329,-0.73413,-0.63159,-0.45435,1.06971,76.25,-171.438,909.375,0.0598,-0.3091,-0.9489,0.0156
1781857898046,77379,-1.11304,-0.03271,-0.09033,1.11718,66.0,-213.562,855.812,-0.1184,-0.3359,-0.8679,0.346
1781857898046,77379,-1.57715,0.41479,-0.40332,1.67992,97.688,-236.812,826.875,-0.1365,-0.3386,-0.8526,0.3735
1781857898046,77379,-0.96143,0.69873,0.84888,1.46053,-3.75,-279.188,783.562,-0.3202,-0.3251,-0.6219,0.6361
1781857898105,77438,-0.59082,0.77686,-0.43335,1.06788,-62.875,-362.312,759.062,-0.3421,-0.3234,-0.5966,0.6497
1781857898105,77438,-0.63306,1.08618,-0.45923,1.33845,51.438,-232.688,793.5,-0.3588,-0.3202,-0.5704,0.6656
1781857898105,77438,-0.08691,1.3269,0.37061,1.38043,2.0,-250.938,770.375,-0.4862,-0.268,-0.3131,0.7704
1781857898166,77499,-0.23315,1.08691,0.55908,1.24431,-3.562,-254.125,768.375,-0.4976,-0.2598,-0.2825,0.7777
1781857898167,77500,-0.01807,0.72388,0.31616,0.79012,-61.0,-306.75,752.312,-0.5108,-0.2529,-0.2514,0.7821
1781857898167,77500,0.54077,0.74512,0.67627,1.14235,-57.125,-287.625,758.688,-0.6073,-0.1552,0.0592,0.7767
1781857898227,77560,0.60254,0.78882,0.34863,1.05206,-55.812,-265.062,766.812,-0.6132,-0.1445,0.0909,0.7711
1781857898227,77560,0.68481,0.72461,0.41943,1.08164,-60.938,-284.375,765.375,-0.6181,-0.134,0.1231,0.7646
1781857898228,77561,0.8938,0.18335,0.37671,0.98712,-73.188,-178.25,821.25,-0.639,-0.0021,0.4233,0.642
1781857898346,77679,0.6958,0.10669,-0.271,0.75429,-85.75,-236.188,815.625,-0.6347,0.0241,0.4786,0.606
1781857898346,77679,0.65576,-0.01318,0.9104,1.12206,-74.688,-180.0,814.625,-0.6282,0.049,0.518,0.5783
1781857898406,77739,0.36377,-1.04541,-0.11353,1.1127,-47.0,-139.5,855.438,-0.563,0.1916,0.7133,0.3704
1781857898465,77798,0.04785,-0.6521,-0.58179,0.87521,-56.312,-151.312,867.562,-0.5462,0.2155,0.7388,0.3302
1781857898466,77799,0.49243,-0.62256,-0.65063,1.02635,-53.0,-167.75,857.812,-0.527,0.2388,0.7622,0.29
1781857898466,77799,-0.24976,-0.31665,-0.07715,0.41061,26.5,-91.938,875.062,-0.3929,0.3687,0.8408,0.0485
1781857898467,77800,-1.11182,-0.15991,-0.14282,1.1323,76.438,-157.938,826.5,0.1445,-0.5112,-0.8011,0.2752
1781857898585,77918,-0.91479,-0.0354,-0.09033,0.91993,62.25,-192.938,809.938,0.1098,-0.5244,-0.7852,0.3101
1781857898650,77983,-0.66675,0.27808,-0.0459,0.72387,5.75,-254.375,742.938,-0.1182,-0.5786,-0.6315,0.5022
1781857898651,77984,-0.48218,0.95923,0.25269,1.10293,8.562,-244.625,719.0,-0.3794,-0.5614,-0.3769,0.6313
1781857898651,77984,-0.42725,1.01782,0.29224,1.14189,-1.5,-240.562,717.438,-0.4201,-0.5503,-0.33,0.6415
1781857898706,78039,-0.21118,0.94824,0.31226,1.02042,-5.0,-245.25,715.25,-0.46,-0.5371,-0.2822,0.6481
1781857898706,78039,0.38086,1.11304,0.29028,1.21168,-68.688,-229.562,712.938,-0.611,-0.4558,-0.0739,0.6429
1781857898830,78163,2.60864,-0.12817,-1.11841,2.84118,-111.25,-330.75,691.5,-0.799,-0.0416,0.4711,0.371
1781857898830,78163,0.50293,-0.14697,-0.17554,0.55259,-36.5,-64.688,855.625,-0.7972,-0.0035,0.4965,0.3431
1781857898830,78163,0.83984,-0.34351,-0.17017,0.9232,-64.438,-160.625,783.312,-0.7929,0.0314,0.5204,0.315
1781857898830,78163,0.83984,-0.34351,-0.17017,0.9232,-64.438,-160.625,783.312,-0.7929,0.0314,0.5204,0.315
1781857898885,78218,0.31201,-1.04517,-0.35693,1.14766,-34.312,-153.312,804.0,-0.7167,0.2523,0.6388,0.1199
1781857898886,78219,0.06909,-0.86865,-0.19336,0.89259,-10.812,-124.438,814.5,-0.7039,0.2759,0.6468,0.0986
1781857898886,78219,-1.18188,-0.18311,-0.02881,1.19633,72.312,-165.125,751.438,0.2564,-0.6871,-0.6063,0.3069
1781857898945,78278,-1.25952,-0.16797,0.07837,1.27309,67.75,-191.875,732.188,0.2183,-0.7044,-0.5913,0.3258
1781857898945,78278,-1.23706,0.42871,-0.28857,1.34067,84.812,-199.875,712.375,0.1932,-0.7158,-0.5804,0.3364
1781857898946,78279,-1.23706,0.42871,-0.28857,1.34067,84.812,-199.875,712.375,0.1932,-0.7158,-0.5804,0.3364
1781857899006,78339,-1.07446,0.7373,0.39062,1.3604,40.75,-195.625,690.375,-0.0477,-0.7774,-0.4555,0.4309
1781857899010,78343,-0.97803,0.63159,0.28979,1.19976,10.0,-232.688,678.625,-0.0612,-0.7789,-0.4487,0.4335
1781857899010,78343,-0.97803,0.63159,0.28979,1.19976,10.0,-232.688,678.625,-0.0612,-0.7789,-0.4487,0.4335
1781857899065,78398,-0.29004,1.21582,0.28735,1.28254,5.875,-217.062,663.938,-0.3488,-0.764,-0.27,0.4704
1781857899067,78400,-0.34082,0.92114,0.35669,1.04494,-17.688,-238.0,656.25,-0.373,-0.7583,-0.2536,0.4704
1781857899067,78400,-0.34082,0.92114,0.35669,1.04494,-17.688,-238.0,656.25,-0.373,-0.7583,-0.2536,0.4704
1781857899125,78458,0.28003,1.15674,0.48218,1.28412,-42.25,-257.188,649.312,-0.6136,-0.6532,-0.069,0.4379
1781857899126,78459,0.39136,0.85791,0.02271,0.94323,-54.812,-245.688,652.5,-0.6333,-0.6405,-0.052,0.431
1781857899126,78459,0.39136,0.85791,0.02271,0.94323,-54.812,-245.688,652.5,-0.6333,-0.6405,-0.052,0.431
1781857899185,78518,0.94629,0.65308,0.1748,1.16298,-68.438,-216.375,684.062,-0.8132,-0.4529,0.1245,0.3433
1781857899186,78519,0.85327,0.56104,0.04321,1.02211,-85.5,-232.562,680.688,-0.826,-0.4328,0.1406,0.3322
1781857899186,78519,1.03857,-0.18359,-0.56055,1.19439,-123.125,-250.438,705.5,-0.9174,-0.1746,0.2957,0.2004
1781857899305,78638,1.08154,-0.37207,-0.54712,1.26788,-78.0,-192.188,709.0,-0.9204,-0.15,0.3088,0.1864
1781857899306,78639,0.87939,-0.19263,-0.20605,0.92352,-29.812,-131.062,739.188,-0.9231,-0.1227,0.3197,0.1742
1781857899306,78639,0.87939,-0.19263,-0.20605,0.92352,-29.812,-131.062,739.188,-0.9231,-0.1227,0.3197,0.1742
1781857899306,78639,0.34204,-0.78369,0.17603,0.87301,-29.125,-122.312,755.5,-0.899,0.1554,0.4071,0.0412
1781857899367,78700,0.57935,-0.71387,-0.65747,1.13027,-54.375,-159.0,751.0,-0.8912,0.1829,0.4138,0.0272
1781857899430,78763,-0.21411,-0.3501,-0.15088,0.43724,9.375,-109.75,762.75,0.7732,-0.442,-0.4451,0.0922
1781857899432,78765,-1.03711,-0.17334,-0.18799,1.06817,61.562,-141.625,715.5,0.4783,-0.7449,-0.4097,0.2194
1781857899432,78765,-0.97388,-0.22314,-0.08813,1.00299,52.25,-146.0,708.312,0.4536,-0.7613,-0.4043,0.2256
1781857899432,78765,-1.07104,-0.19507,-0.20483,1.10777,55.062,-171.312,699.5,0.4284,-0.7771,-0.3989,0.2306
1781857899486,78819,-1.68262,-0.09229,0.54248,1.77031,136.875,-57.625,693.75,0.2349,-0.8705,-0.3482,0.2561
1781857899486,78819,-1.47778,0.30396,0.00952,1.50875,8.75,-191.062,652.0,0.1831,-0.8872,-0.3301,0.2648
1781857899486,78819,-1.47778,0.30396,0.00952,1.50875,8.75,-191.062,652.0,0.1831,-0.8872,-0.3301,0.2648
1781857899546,78879,-0.60181,0.78052,0.22583,1.01113,16.812,-211.25,613.75,-0.1342,-0.9263,-0.2304,0.2659
1781857899546,78879,-0.5498,1.01929,0.20044,1.17533,43.25,-179.5,621.875,-0.16,-0.9248,-0.2214,0.2642
1781857899546,78879,-0.14941,1.15918,0.37183,1.22649,1.062,-207.625,605.5,-0.3854,-0.8809,-0.1429,0.2339
1781857899606,78939,-0.07275,0.68701,0.18213,0.71446,-28.812,-224.375,598.438,-0.4331,-0.8638,-0.1247,0.2245
1781857899607,78940,0.13379,1.24487,0.03223,1.25246,-23.812,-196.25,608.188,-0.4564,-0.8543,-0.1169,0.2191
1781857899607,78940,0.6084,1.04468,0.52686,1.31874,-59.0,-175.312,605.0,-0.6617,-0.7307,-0.0455,0.1608
1781857899667,79000,0.6084,1.04468,0.52686,1.31874,-59.0,-175.312,605.0,-0.6617,-0.7307,-0.0455,0.1608
1781857899667,79000,0.61279,0.81201,0.56812,1.16518,-50.812,-219.75,595.062,-0.6903,-0.7067,-0.0333,0.1508
1781857899667,79000,0.75195,0.27563,0.20532,0.82678,-59.625,-158.812,641.812,-0.8602,-0.502,0.051,0.0724
1781857899725,79058,0.75464,0.23926,0.15625,0.80693,-76.75,-197.0,634.75,-0.8797,-0.4674,0.0609,0.0611
1781857899725,79058,0.95679,0.29004,0.22046,1.0238,-68.062,-186.438,641.562,-0.8919,-0.4438,0.0678,0.0531
1781857899726,79059,1.0144,-0.24072,-0.34985,1.09971,-40.312,-132.812,671.25,0.9713,0.1998,-0.1263,0.0211
1781857899906,79239,1.0144,-0.24072,-0.34985,1.09971,-40.312,-132.812,671.25,0.9713,0.1998,-0.1263,0.0211
1781857899973,79306,0.7832,-0.20337,-0.08911,0.81407,-36.438,-123.438,676.125,0.976,0.1717,-0.1303,0.0272
1781857900086,79419,0.29272,-0.68774,0.20703,0.77559,-15.062,-102.625,697.438,0.9732,-0.1309,-0.1645,0.0924
1781857900086,79419,0.65015,-0.79272,-0.54053,1.159,-54.25,-153.875,687.062,0.9678,-0.1597,-0.1674,0.098
1781857900087,79420,0.2146,-0.83936,-0.08936,0.87095,-31.562,-129.125,695.0,0.9548,-0.2182,-0.1701,0.1069
1781857900087,79420,-0.16992,-0.38867,-0.21094,0.47374,0.438,-112.0,696.625,0.8618,-0.4551,-0.176,0.1381
1781857900145,79478,-0.47437,0.09595,-0.07202,0.4893,52.312,-194.75,585.5,0.3693,-0.9122,-0.1366,0.112
1781857900213,79546,-0.70117,0.72656,-0.21899,1.0332,-13.5,-228.125,541.5,0.0642,-0.9904,-0.1061,0.0605
1781857900385,79718,0.12402,1.02173,0.39429,1.10217,-24.688,-183.125,533.5,0.4625,0.8808,0.0722,0.0696
1781857900388,79721,0.21851,0.9314,0.22046,0.98176,-43.75,-187.0,531.062,0.493,0.8634,0.0715,0.0786
1781857900388,79721,0.2915,1.00854,0.19385,1.06757,-51.125,-175.875,531.25,0.5228,0.8447,0.0719,0.0876
1781857900389,79722,0.73389,0.83887,0.10132,1.11918,-30.75,-206.125,530.312,0.6768,0.7198,0.0712,0.1358
1781857900565,79898,0.75024,0.90845,0.0647,1.17997,-34.312,-195.125,537.25,0.6936,0.7026,0.0701,0.1412
1781857900565,79898,0.8103,-0.24585,-0.18286,0.8663,-34.25,-119.438,596.625,0.9522,0.1941,0.0765,0.2224
1781857900566,79899,0.8103,-0.24585,-0.18286,0.8663,-34.25,-119.438,596.625,0.9522,0.1941,0.0765,0.2224
1781857900579,79912,-0.5752,-1.35205,0.05542,1.47036,0.0,-97.875,617.25,0.856,-0.4799,0.1097,0.1575
1781857900627,79960,-0.36646,-0.75415,-0.23047,0.86957,5.875,-106.938,610.625,0.8239,-0.5367,0.1109,0.1436
1781857900685,80018,-0.59937,-0.3208,-0.08276,0.68484,69.75,-130.688,582.562,0.7189,-0.6793,0.113,0.0936
1781857900685,80018,-0.87085,0.43457,-0.01221,0.97333,25.625,-147.5,484.938,-0.2526,0.9578,-0.0873,0.1047
1781857900749,80082,-1.00806,0.54272,-0.07788,1.14752,27.5,-153.125,479.438,-0.2234,0.9639,-0.0826,0.1177
1781857900749,80082,-0.85083,0.45996,0.1936,0.98639,-5.875,-189.5,462.062,-0.1846,0.9704,-0.0765,0.1348
1781857900749,80082,-0.69067,0.88257,0.24268,1.14667,25.812,-140.5,458.625,-0.0291,0.9787,-0.0523,0.1957
1781857900805,80138,-0.63794,0.80249,0.18799,1.04226,6.438,-159.75,450.5,-0.0103,0.9777,-0.0487,0.2033
1781857900805,80138,-0.23828,0.96704,0.31909,1.04583,-1.562,-156.5,436.75,0.1921,0.9406,-0.0047,0.2795
1781857900991,80324,-0.21387,0.95654,0.36475,1.04583,4.562,-148.938,439.125,0.2098,0.9349,-0.0004,0.2858
1781857900991,80324,0.23438,1.0166,0.35815,1.10303,-10.625,-145.562,437.375,0.3953,0.8482,0.052,0.3482
1781857900992,80325,0.17407,0.87891,0.2583,0.93247,-31.312,-154.812,433.188,0.4111,0.8383,0.057,0.3531
1781857900992,80325,0.38281,1.17212,0.26562,1.26133,-29.375,-141.375,435.125,0.4267,0.828,0.0629,0.3579
1781857901045,80378,0.67798,0.82251,0.2146,1.0873,-28.812,-164.875,430.625,0.5687,0.7096,0.1192,0.3981
1781857901045,80378,0.52197,0.64697,0.33032,0.89451,-27.562,-155.5,434.688,0.5822,0.6959,0.1238,0.4014
1781857901105,80438,0.85986,-0.71387,0.93896,1.45967,-55.75,-113.125,481.812,0.871,0.0642,0.3117,0.3739
1781857901105,80438,0.83521,-0.69727,0.2627,1.11927,-59.688,-120.375,496.688,0.8743,0.0205,0.3187,0.3652
1781857901107,80440,0.64819,-0.49878,-0.5127,0.96529,-47.188,-105.062,510.375,0.8756,-0.0011,0.3218,0.36
1781857901107,80440,0.64819,-0.49878,-0.5127,0.96529,-47.188,-105.062,510.375,0.8756,-0.0011,0.3218,0.36
1781857901350,80683,0.64819,-0.49878,-0.5127,0.96529,-47.188,-105.062,510.375,0.8756,-0.0011,0.3218,0.36
1781857901586,80919,0.36646,-0.93945,-0.17236,1.02302,-31.0,-91.75,518.312,0.8627,-0.2027,0.3589,0.2927
1781857901711,81044,-0.07544,-0.95679,-0.29297,1.00348,-22.438,-101.312,511.562,0.7952,-0.43,0.386,0.1831
1781857901890,81223,-0.20312,-0.5918,-0.14526,0.64233,11.938,-60.375,521.688,0.7866,-0.4481,0.3876,0.173
1781857901891,81224,-0.42993,-1.23633,-0.12793,1.31519,-17.125,-99.125,510.438,0.7777,-0.4664,0.3886,0.1619
1781857901891,81224,-0.7019,-0.82471,-0.12549,1.09021,21.688,-86.312,496.5,0.6851,-0.6122,0.3898,0.0606
1781857901891,81224,-1.04443,0.30786,0.65405,1.2702,67.312,-61.312,374.25,-0.2106,0.881,-0.2762,0.3207
1781857902004,81337,0.24365,0.86108,0.37939,0.97199,-32.375,-99.375,301.875,0.3508,0.7056,0.0493,0.6135
1781857902005,81338,0.79175,0.59741,0.26709,1.02718,-32.062,-104.0,321.812,0.5299,0.5032,0.215,0.6476
1781857902005,81338,0.98291,-0.29639,-0.22925,1.05191,-29.75,-46.062,378.625,0.6951,0.0735,0.4623,0.5453
1781857902073,81406,0.85645,-0.46216,-0.06665,0.97546,-46.438,-93.312,365.25,0.7002,0.0256,0.4854,0.5227
1781857902129,81462,0.80469,-0.43604,-0.12939,0.92433,-42.75,-88.625,368.0,0.7009,0.0186,0.4882,0.5194
1781857902132,81465,0.39453,-0.92944,-0.19922,1.02918,-26.812,-72.938,389.438,0.6863,-0.2429,0.5861,0.3552
1781857902133,81466,0.23462,-1.12817,0.03809,1.15294,-15.75,-66.688,391.5,0.6817,-0.2625,0.5924,0.3394
1781857902245,81578,0.06567,-1.02246,0.20361,1.0446,1.0,-49.812,396.875,0.6751,-0.2882,0.5999,0.3181
1781857902251,81584,-0.11157,-0.97949,-0.10522,0.99143,3.125,-57.438,392.938,0.6366,-0.3983,0.624,0.2156
1781857902251,81584,-0.42578,-0.72803,-0.19434,0.86549,12.0,-59.062,376.688,0.5637,-0.5237,0.6345,0.0712
1781857902251,81584,-0.62891,-0.98853,-0.08887,1.17499,14.688,-64.562,375.25,0.5566,-0.5328,0.6345,0.0587
1781857902424,81757,-0.47119,-0.68848,-0.17651,0.85275,18.188,-58.812,373.688,0.5462,-0.546,0.6337,0.0405
1781857902546,81879,-0.73315,-0.60156,0.05933,0.95022,30.0,-63.5,346.562,-0.4843,0.6088,-0.6249,0.063
1781857902546,81879,-0.89258,-0.34766,0.00146,0.95789,20.75,-62.5,313.125,-0.3858,0.6766,-0.5936,0.2019
1781857902546,81879,-0.96118,-0.2334,-0.00806,0.98915,26.438,-59.312,307.188,-0.3697,0.6846,-0.5872,0.2226
1781857902606,81939,-0.91821,-0.23779,-0.0813,0.95198,21.5,-72.0,301.75,-0.3621,0.6882,-0.5837,0.2329
1781857902606,81939,-0.94238,0.40186,0.22168,1.0482,13.0,-62.562,202.188,-0.1386,0.7287,-0.4521,0.4951
1781857902607,81940,-0.896,0.4314,0.18042,1.01067,16.0,-53.188,196.438,-0.1185,0.7272,-0.4369,0.5157
1781857902607,81940,-0.70044,0.68335,0.24731,1.00933,9.75,-48.5,159.062,-0.014,0.7064,-0.3497,0.6151
1781857902784,82117,-0.69824,0.69751,0.27563,1.02471,9.938,-47.875,156.312,-0.0048,0.7034,-0.3415,0.6231
1781857902784,82117,-0.68042,0.71191,0.24609,1.01506,7.688,-49.312,154.062,-0.0004,0.702,-0.3374,0.627
1781857902785,82118,-0.59033,0.76489,0.27612,1.00489,5.688,-47.875,143.188,0.036,0.6884,-0.303,0.6578
1781857902845,82178,-0.58594,0.78613,0.28442,1.02089,9.312,-43.125,143.625,0.0401,0.6867,-0.299,0.6613
1781857902846,82179,-0.5752,0.80591,0.27417,1.02738,6.125,-45.438,141.625,0.0443,0.6849,-0.295,0.6646
1781857902847,82180,-0.46851,0.86426,0.28809,1.02442,1.812,-43.625,129.688,0.0823,0.6665,-0.2556,0.6953
1781857902847,82180,-0.229,0.9353,0.33765,1.02041,0.0,-38.688,111.875,0.1605,0.6171,-0.1668,0.7519
1781857902964,82297,-0.20703,0.9375,0.33765,1.01773,2.125,-37.812,111.5,0.1665,0.6127,-0.1597,0.7557
1781857902965,82298,-0.19727,0.94092,0.32202,1.01387,2.25,-38.0,110.688,0.1711,0.6093,-0.1545,0.7585
1781857902965,82298,-0.1084,0.96362,0.34375,1.02883,-1.062,-37.75,109.625,0.1957,0.5897,-0.1241,0.7734
1781857903027,82360,-0.09839,0.94189,0.33545,1.00467,-0.875,-37.688,108.75,0.1985,0.5874,-0.1206,0.7751
1781857903031,82364,-0.07837,0.94629,0.32397,1.00328,-1.562,-36.438,107.625,0.2026,0.5839,-0.1152,0.7775
1781857903035,82368,0.12451,0.92969,0.33325,0.99543,-3.312,-38.812,110.438,0.2593,0.5289,-0.0374,0.8071
1781857903091,82424,0.1377,0.94971,0.33813,1.01747,-2.688,-38.25,110.0,0.2633,0.5247,-0.0318,0.8088
1781857903092,82425,0.14429,0.93872,0.32007,1.00223,-3.0,-38.625,109.562,0.2658,0.5219,-0.0281,0.8099
1781857903092,82425,0.2356,0.92798,0.33228,1.01344,-5.5,-36.688,106.938,0.2876,0.4964,0.005,0.8189
1781857903145,82478,0.24902,0.92017,0.32544,1.00729,-7.312,-35.75,106.562,0.2899,0.4936,0.0087,0.8198
1781857903207,82540,0.25854,0.91797,0.3186,1.0055,-9.125,-35.875,105.875,0.2921,0.4908,0.0124,0.8206
1781857903446,82779,0.33569,0.89185,0.31934,1.00501,-10.688,-32.188,98.062,0.3103,0.4658,0.0448,0.8273
1781857903455,82788,0.35083,0.875,0.33984,1.0021,-10.625,-31.812,96.75,0.3131,0.4617,0.05,0.8283
1781857903455,82788,0.35474,0.87915,0.34082,1.00742,-10.25,-31.75,95.812,0.3149,0.459,0.0534,0.8289
1781857903455,82788,0.35474,0.87915,0.34082,1.00742,-10.25,-31.75,95.812,0.3149,0.459,0.0534,0.8289
1781857903569,82902,0.43799,0.84082,0.32812,1.00323,-10.875,-27.375,86.25,0.3335,0.4303,0.0892,0.8339
1781857903569,82902,0.50464,0.80688,0.32886,1.00691,-7.438,-29.625,87.5,0.3521,0.3994,0.1253,0.837
1781857903571,82904,0.87744,0.4646,0.20801,1.01441,-17.625,-56.875,166.75,0.4393,0.207,0.3166,0.8146
1781857903571,82904,0.92041,0.40527,0.19629,1.02466,-20.875,-53.188,174.75,0.4474,0.1784,0.3429,0.8063
1781857903686,83019,0.95361,0.37964,0.23828,1.0537,-19.688,-51.875,176.75,0.4489,0.1726,0.3484,0.8044
1781857903686,83019,0.96533,0.28784,0.16772,1.0212,-20.875,-48.688,189.125,0.4584,0.136,0.3809,0.7912
1781857903694,83027,0.96973,0.0791,0.12939,0.98151,-23.188,-50.312,205.5,0.4719,0.0617,0.4469,0.7573
1781857903816,83149,0.96973,0.0791,0.12939,0.98151,-23.188,-50.312,205.5,0.4719,0.0617,0.4469,0.7573
1781857903820,83153,0.9729,0.04956,0.1145,0.98087,-23.312,-55.0,207.75,0.4736,0.0483,0.4585,0.7503
1781857903820,83153,0.69946,-0.28711,0.37769,0.84518,-6.562,-24.625,244.938,0.4796,-0.0999,0.5805,0.6502
1781857903820,83153,0.94312,-0.41162,0.06445,1.03104,-39.812,-75.562,232.875,0.4794,-0.1078,0.5857,0.6444
1781857904112,83445,0.86865,-0.35767,0.06543,0.94168,-22.75,-54.125,240.875,0.4791,-0.1153,0.591,0.6384
1781857904165,83498,0.80322,-0.56372,-0.05225,0.98269,-21.75,-49.938,254.812,0.4706,-0.1889,0.6444,0.5722
1781857904165,83498,0.69067,-0.87964,-0.18091,1.13293,-19.438,-47.375,267.938,0.4505,-0.276,0.7012,0.4784
1781857904165,83498,0.4939,-0.69287,-0.06299,0.85321,-13.0,-40.438,270.5,0.4481,-0.2825,0.7058,0.47
1781857904168,83501,0.52539,-0.7583,-0.11719,0.92994,-23.75,-55.125,266.438,0.4459,-0.2897,0.71,0.4614
1781857904226,83559,0.41528,-0.84326,-0.26904,0.97772,-14.875,-46.75,275.062,0.421,-0.3536,0.7461,0.3753
1781857904345,83678,-0.677,-0.66968,-0.16016,0.96563,23.75,-48.25,217.125,-0.2261,0.5541,-0.7943,0.103
1781857904405,83738,-0.83813,-0.5354,-0.03003,0.995,20.438,-47.062,191.688,-0.1728,0.5708,-0.7745,0.21
1781857904405,83738,-0.83813,-0.5354,-0.03003,0.995,20.438,-47.062,191.688,-0.1728,0.5708,-0.7745,0.21
1781857904405,83738,-0.84497,-0.48828,-0.00732,0.97593,16.938,-40.875,186.938,-0.1656,0.5718,-0.7711,0.2253
1781857904407,83740,-0.87134,-0.33545,0.01782,0.93385,13.938,-36.75,162.812,-0.1328,0.576,-0.7534,0.2875
1781857904464,83797,-0.9292,-0.41162,0.00293,1.01629,12.438,-33.438,160.75,-0.1295,0.5762,-0.7514,0.2939
1781857904527,83860,-1.0542,-0.09058,0.03564,1.05868,12.188,-28.438,87.625,-0.067,0.5731,-0.708,0.4069
1781857904527,83860,-1.01025,-0.06909,0.07983,1.01576,1.062,-3.438,7.812,-0.053,0.5695,-0.6967,0.4326
1781857904527,83860,-1.01025,-0.06909,0.07983,1.01576,1.062,-3.438,7.812,-0.053,0.5695,-0.6967,0.4326
1781857904589,83922,-1.00659,-0.07349,0.08594,1.01292,-0.062,1.25,-2.312,-0.0517,0.5697,-0.6961,0.4334
1781857904589,83922,-1.00586,-0.08398,0.07837,1.0124,-4.75,16.0,-44.438,-0.0522,0.5718,-0.6983,0.4271
1781857904590,83923,-0.97437,-0.22168,0.03125,0.99975,-9.125,24.625,-106.062,-0.067,0.5794,-0.7138,0.3874
1781857904645,83978,-0.97485,-0.21289,0.04785,0.99898,-8.562,27.312,-107.625,-0.0687,0.5798,-0.7153,0.3836
1781857904706,84039,-1.00391,-0.23486,0.02368,1.03129,-9.5,27.75,-109.938,-0.0704,0.5804,-0.7167,0.3797
1781857904706,84039,-0.9436,-0.29443,0.00806,0.98851,-10.625,28.062,-126.062,-0.0875,0.5839,-0.7301,0.3438
1781857904706,84039,-0.95923,-0.32715,-0.0188,1.01366,-9.688,29.062,-127.938,-0.0896,0.5842,-0.7316,0.3391
1781857904707,84040,-0.94531,-0.31201,-0.02271,0.99573,-9.688,28.062,-130.312,-0.0918,0.5846,-0.7333,0.3345
1781857904824,84157,-0.91992,-0.46851,-0.03735,1.03303,-11.938,30.812,-150.875,-0.1162,0.5867,-0.7493,0.2839
1781857904825,84158,-0.87842,-0.44458,-0.04102,0.98537,-11.312,30.688,-152.25,-0.1189,0.5868,-0.7509,0.2783
1781857904825,84158,-0.79443,-0.56079,-0.14404,0.98304,-12.938,35.125,-170.5,-0.15,0.5862,-0.767,0.2129
1781857904888,84221,-0.81006,-0.57324,-0.10986,0.99843,-8.188,30.5,-174.375,-0.1547,0.5856,-0.7691,0.2034
1781857904889,84222,-0.78418,-0.60913,-0.09131,0.99715,-8.25,29.625,-176.688,-0.158,0.5852,-0.7705,0.1969
1781857904945,84278,-0.67554,-0.72046,-0.01318,0.98772,-12.5,32.688,-176.688,-0.1892,0.578,-0.7819,0.1362
1781857904945,84278,-0.51587,-0.85767,-0.10425,1.00627,-11.875,34.688,-200.75,-0.2292,0.5662,-0.79,0.0488
1781857905064,84397,-0.50757,-0.82959,-0.14453,0.98323,-9.812,36.562,-200.062,-0.2327,0.5649,-0.7904,0.0413
1781857905065,84398,-0.48584,-0.84717,-0.18384,0.99375,-10.812,34.062,-201.688,-0.2362,0.5635,-0.7907,0.0337
1781857905066,84399,-0.33813,-0.91064,-0.15552,0.98377,-2.188,32.75,-207.312,0.2702,-0.5457,0.7921,0.0386
1781857905072,84405,-0.05737,-0.91772,-0.18896,0.93873,4.875,33.188,-211.375,0.316,-0.5127,0.786,0.1384
1781857905133,84466,-0.09766,-0.93628,-0.10303,0.94698,4.188,34.688,-210.812,0.3192,-0.5096,0.7853,0.146
1781857905133,84466,-0.05859,-0.97852,-0.15479,0.99241,0.5,30.75,-212.062,0.3226,-0.5067,0.7844,0.1536
1781857905133,84466,-0.05859,-0.97852,-0.15479,0.99241,0.5,30.75,-212.062,0.3226,-0.5067,0.7844,0.1536
1781857905249,84582,-0.05859,-0.97852,-0.15479,0.99241,0.5,30.75,-212.062,0.3226,-0.5067,0.7844,0.1536
1781857905249,84582,0.35181,-0.98682,-0.13818,1.05673,3.188,28.375,-199.0,0.3879,-0.4346,0.752,0.308
1781857905365,84698,0.51782,-0.82593,-0.16382,0.9885,13.75,34.688,-180.562,0.4168,-0.3892,0.7268,0.3824
1781857905365,84698,0.50024,-0.79956,-0.11133,0.9497,13.0,32.875,-179.188,0.4189,-0.3852,0.7247,0.3881
1781857905365,84698,0.5332,-0.8064,-0.12427,0.97469,13.562,32.0,-178.125,0.421,-0.3813,0.7225,0.3937
1781857905366,84699,0.62183,-0.71973,-0.07642,0.95421,16.875,36.625,-165.125,0.4364,-0.3508,0.704,0.4367
1781857905426,84759,0.76562,-0.59302,-0.08594,0.97223,14.688,30.625,-141.938,0.4569,-0.3015,0.6723,0.4981
1781857905426,84759,0.76294,-0.61206,0.03345,0.97868,14.0,29.125,-140.625,0.458,-0.2978,0.6702,0.5021
1781857905427,84760,0.76294,-0.61206,0.03345,0.97868,14.0,29.125,-140.625,0.458,-0.2978,0.6702,0.5021
1781857905609,84942,0.76294,-0.61206,0.03345,0.97868,14.0,29.125,-140.625,0.458,-0.2978,0.6702,0.5021
1781857905610,84943,0.9187,-0.40698,0.03662,1.00548,9.625,21.375,-98.25,0.48,-0.2275,0.6198,0.5774
1781857905670,85003,0.94043,-0.33398,0.03247,0.9985,5.938,14.0,-76.938,0.4857,-0.2047,0.6022,0.5994
1781857905670,85003,0.94702,-0.323,0.01343,1.00068,7.062,15.438,-74.188,0.4861,-0.2029,0.6007,0.6011
1781857905671,85004,0.948,-0.30811,0.00977,0.99686,6.062,14.75,-72.562,0.4866,-0.2011,0.5993,0.6029
1781857905671,85004,0.95215,-0.24951,0.07373,0.98706,2.688,7.0,-31.688,0.4901,-0.19,0.588,0.6145
1781857905798,85131,0.92651,-0.32764,0.10547,0.98838,-2.438,-4.812,64.562,0.4873,-0.2095,0.6004,0.5983
1781857905798,85131,0.91748,-0.33667,0.04736,0.97845,-6.062,-14.812,64.625,0.4866,-0.2127,0.6024,0.5956
1781857905965,85298,0.91699,-0.36597,0.02856,0.98774,-7.188,-16.438,75.438,0.4832,-0.2312,0.6138,0.5797
1781857905965,85298,0.91089,-0.37183,0.01221,0.98393,-8.062,-17.938,76.75,0.4827,-0.2337,0.6152,0.5775
1781857905966,85299,0.92529,-0.38403,-0.00488,1.00183,-8.062,-17.562,79.5,0.482,-0.2376,0.6176,0.5741
1781857906086,85419,0.87866,-0.43994,-0.04248,0.98357,-7.5,-18.0,93.062,0.4758,-0.2633,0.6336,0.5501
1781857906086,85419,0.85205,-0.55127,-0.04736,1.01594,-11.062,-23.875,106.312,0.4648,-0.3003,0.6562,0.5127
1781857906086,85419,0.80688,-0.55933,-0.02832,0.9822,-9.875,-21.938,109.375,0.4627,-0.3066,0.6599,0.5061
1781857906086,85419,0.56641,-0.8606,-0.09961,1.03507,-6.625,-23.188,139.0,0.4128,-0.4188,0.7191,0.3698
1781857906204,85537,0.52173,-0.81006,-0.10205,0.96892,-11.562,-27.312,139.312,0.4077,-0.427,0.7233,0.3579
1781857906204,85537,0.49707,-0.82617,-0.06348,0.96627,-10.25,-24.812,141.0,0.4056,-0.4303,0.7248,0.353
1781857906205,85538,0.28467,-0.93018,-0.14062,0.98287,-7.875,-26.75,149.312,0.3595,-0.494,0.7512,0.2492
1781857906328,85661,0.24976,-0.91724,-0.1521,0.96272,-3.562,-22.062,151.312,0.3556,-0.4984,0.7528,0.241
1781857906328,85661,0.24072,-0.96606,-0.13452,1.00465,-7.75,-26.812,149.812,0.353,-0.5014,0.7539,0.2354
1781857906329,85662,-0.04614,-0.9856,-0.12329,0.99435,-1.0,-21.438,147.0,0.2934,-0.556,0.7689,0.1156
1781857906329,85662,-0.05322,-0.93628,-0.17651,0.95426,-1.688,-20.812,146.0,0.2891,-0.5594,0.7692,0.1074
1781857906506,85839,-0.05298,-0.94751,-0.21802,0.97371,-5.062,-24.625,143.812,0.2848,-0.5627,0.7695,0.0992
1781857906508,85841,-0.20435,-0.94751,-0.16968,0.98403,0.0,-18.688,137.25,0.2601,-0.5794,0.7705,0.0536
1781857906508,85841,-0.32202,-0.95972,-0.17236,1.02687,2.938,-20.312,122.125,-0.2269,0.5975,-0.7689,0.0065
1781857906508,85841,-0.34082,-0.91406,-0.11694,0.98252,4.688,-18.688,120.938,-0.2229,0.5993,-0.7686,0.0136
1781857906564,85897,-0.31812,-0.8894,-0.15015,0.95644,1.125,-18.875,119.562,-0.2191,0.6011,-0.7681,0.0205
1781857906564,85897,-0.44165,-0.88257,-0.13403,0.99597,4.0,-18.812,107.688,-0.1948,0.6112,-0.7644,0.0629
1781857906565,85898,-0.59277,-0.77612,-0.1123,0.98304,2.688,-11.625,71.312,-0.1443,0.6262,-0.7517,0.1473
1781857906691,86024,-0.63184,-0.7666,-0.1355,1.00262,3.25,-10.562,64.5,-0.1393,0.6274,-0.7501,0.1552
1781857906692,86025,-0.64258,-0.76099,-0.13037,1.00449,4.188,-11.438,61.062,-0.1377,0.6277,-0.7496,0.1577
1781857906692,86025,-0.67944,-0.73975,-0.11401,1.01087,1.25,-4.688,32.188,-0.1293,0.6293,-0.7468,0.171
1781857906692,86025,-0.6814,-0.73096,-0.11792,1.00623,1.188,-4.625,27.125,-0.1284,0.6295,-0.7465,0.1723
1781857906805,86138,-0.6814,-0.73535,-0.11523,1.00912,2.125,-4.0,22.0,-0.1277,0.6296,-0.7462,0.1733
1781857906806,86139,-0.67432,-0.74097,-0.11572,1.00853,-1.312,4.75,-24.562,-0.126,0.6309,-0.7454,0.1738
1781857907047,86380,-0.6189,-0.79565,-0.11621,1.01469,-2.25,9.875,-57.938,-0.1354,0.631,-0.7477,0.1555
1781857907047,86380,-0.59106,-0.77368,-0.11865,0.98083,-2.312,10.062,-59.625,-0.1365,0.6309,-0.748,0.1535
1781857907048,86381,-0.5957,-0.79907,-0.10962,1.00269,-2.688,11.0,-60.75,-0.1376,0.6309,-0.7482,0.1514
1781857907048,86381,-0.53711,-0.81274,-0.13477,0.98346,-2.375,12.062,-71.062,-0.1502,0.6296,-0.7512,0.1284
1781857907105,86438,-0.46826,-0.84888,-0.14062,0.97961,-2.375,12.562,-78.125,-0.1674,0.627,-0.7545,0.0971
1781857907105,86438,-0.47192,-0.86768,-0.13574,0.997,-1.938,12.75,-78.625,-0.169,0.6267,-0.7547,0.0944
1781857907106,86439,-0.10034,-0.95166,-0.15454,0.96933,1.0,16.625,-99.812,0.2532,-0.5969,0.759,0.0578
1781857907175,86508,-0.10034,-0.95166,-0.15454,0.96933,1.0,16.625,-99.812,0.2532,-0.5969,0.759,0.0578
1781857907175,86508,-0.0625,-0.96533,-0.18701,0.98526,-0.375,14.938,-99.438,0.2608,-0.593,0.7582,0.0717
1781857907228,86561,-0.0625,-0.96533,-0.18701,0.98526,-0.375,14.938,-99.438,0.2608,-0.593,0.7582,0.0717
1781857907231,86564,0.00317,-0.95239,-0.15234,0.96451,2.125,17.375,-95.875,0.2766,-0.584,0.7564,0.1007
1781857907231,86564,0.02466,-0.97925,-0.15039,0.99104,0.0,13.188,-96.188,0.2784,-0.583,0.7561,0.104
1781857907231,86564,0.07739,-0.96289,-0.12964,0.97466,3.438,15.25,-92.688,0.2932,-0.5736,0.7533,0.1315
1781857907284,86617,0.10254,-0.96289,-0.14697,0.97943,0.375,14.938,-92.312,0.2966,-0.5713,0.7526,0.1378
1781857907284,86617,0.10132,-0.96704,-0.15527,0.98465,-0.188,14.625,-92.5,0.2982,-0.5702,0.7521,0.141
1781857907285,86618,0.10132,-0.96704,-0.15527,0.98465,-0.188,14.625,-92.5,0.2982,-0.5702,0.7521,0.141
1781857907357,86690,0.19556,-0.93896,-0.16113,0.97255,5.375,14.875,-85.75,0.316,-0.5577,0.7473,0.1745
1781857907357,86690,0.20679,-0.97314,-0.13452,1.00393,4.688,14.25,-85.375,0.3175,-0.5564,0.7469,0.1774
1781857907404,86737,0.20679,-0.97314,-0.13452,1.00393,4.688,14.25,-85.375,0.3175,-0.5564,0.7469,0.1774
1781857907464,86797,0.28247,-0.93848,-0.11523,0.98682,2.5,13.0,-74.562,0.3329,-0.5438,0.7419,0.2067
1781857907465,86798,0.29077,-0.91919,-0.13818,0.97394,0.125,11.125,-73.812,0.3342,-0.5429,0.7413,0.2092
1781857907465,86798,0.3501,-0.91284,-0.13745,0.98729,-0.562,10.0,-66.062,0.3455,-0.5332,0.7367,0.231
1781857907537,86870,0.35278,-0.90356,-0.15015,0.98154,0.0,9.625,-64.688,0.3466,-0.5323,0.7362,0.2331
1781857907537,86870,0.3645,-0.90405,-0.17432,0.99023,0.25,9.25,-63.438,0.3477,-0.5314,0.7356,0.2352
1781857907538,86871,0.44336,-0.86426,-0.13574,0.98078,1.875,6.312,-37.188,0.3647,-0.5151,0.7274,0.2687
1781857907645,86978,0.44775,-0.86816,-0.12769,0.98514,1.25,5.688,-35.438,0.3658,-0.5141,0.7268,0.2708
1781857907711,87044,0.44727,-0.86816,-0.12817,0.98498,1.625,5.938,-34.438,0.3663,-0.5136,0.7265,0.2719
1781857907712,87045,0.46851,-0.85986,-0.125,0.98716,1.312,4.625,-25.312,0.3702,-0.5101,0.7241,0.2796
1781857907712,87045,0.4729,-0.85864,-0.12451,0.98813,1.375,4.125,-23.5,0.3709,-0.5095,0.7236,0.281
1781857907712,87045,0.47485,-0.85498,-0.12476,0.98592,0.938,3.938,-22.812,0.3712,-0.5092,0.7234,0.2816
1781857907771,87104,0.47485,-0.85498,-0.12476,0.98592,0.938,3.938,-22.812,0.3712,-0.5092,0.7234,0.2816
1781857907771,87104,0.50049,-0.83862,-0.11914,0.98386,0.062,0.688,-3.25,0.3746,-0.5072,0.7204,0.2883
1781857907771,87104,0.48779,-0.84863,-0.11938,0.98609,-0.75,-1.688,11.312,0.3722,-0.5117,0.7205,0.2833
1781857907885,87218,0.48853,-0.84814,-0.12354,0.98654,-0.625,-1.938,12.062,0.372,-0.512,0.7205,0.2828
1781857907885,87218,0.48486,-0.85107,-0.125,0.98744,-0.75,-2.25,12.5,0.3717,-0.5125,0.7206,0.2822
1781857907949,87282,0.47583,-0.85107,-0.12695,0.98329,-1.0,-2.688,15.438,0.3691,-0.5161,0.7213,0.2772
1781857907952,87285,0.4751,-0.85571,-0.12061,0.98616,-0.938,-2.625,16.125,0.3687,-0.5166,0.7214,0.2765
1781857907953,87286,0.47144,-0.854,-0.12524,0.98349,-0.875,-2.688,16.812,0.3682,-0.5173,0.7216,0.2754
1781857907953,87286,0.45996,-0.86523,-0.12744,0.98815,-1.312,-3.562,21.438,0.3642,-0.5225,0.7227,0.2678
1781857908004,87337,0.43262,-0.87524,-0.13599,0.98575,-1.688,-4.375,27.188,0.3576,-0.5308,0.7246,0.2553
1781857908004,87337,0.43115,-0.8772,-0.13818,0.98715,-1.188,-4.625,27.938,0.3567,-0.5318,0.7248,0.2536
1781857908005,87338,0.41235,-0.89038,-0.13477,0.99044,-1.688,-5.562,34.312,0.3505,-0.5388,0.7266,0.2421
1781857908064,87397,0.4043,-0.88965,-0.12305,0.98492,-1.625,-5.438,35.062,0.3498,-0.5396,0.7268,0.2408
1781857908064,87397,0.40527,-0.89136,-0.13477,0.9884,-2.5,-6.25,35.938,0.3487,-0.5408,0.7271,0.2387
1781857908065,87398,0.37451,-0.89819,-0.14771,0.98429,-1.375,-6.438,40.688,0.3416,-0.5486,0.7288,0.2255
1781857908189,87522,0.36792,-0.90137,-0.13745,0.98322,-1.625,-6.812,41.125,0.3408,-0.5495,0.729,0.224
1781857908189,87522,0.36523,-0.90405,-0.13794,0.98475,-1.625,-6.562,41.938,0.3394,-0.5508,0.7294,0.2216
1781857908189,87522,0.32056,-0.92212,-0.11987,0.98358,-0.188,-6.312,47.688,0.3309,-0.559,0.7315,0.2062
1781857908189,87522,0.3147,-0.92456,-0.13428,0.98584,-1.688,-7.188,47.375,0.3289,-0.5609,0.7319,0.2027
1781857908307,87640,0.30591,-0.92163,-0.13525,0.98045,-2.5,-7.688,47.0,0.328,-0.5619,0.7322,0.2009
1781857908366,87699,0.28638,-0.9292,-0.14478,0.98305,-1.125,-7.188,48.438,0.3184,-0.5706,0.7341,0.184
1781857908366,87699,0.23218,-0.94824,-0.15747,0.98887,-0.938,-8.188,51.188,0.3054,-0.5819,0.7361,0.1613
1781857908367,87700,0.23267,-0.94824,-0.16089,0.98954,-0.562,-8.0,51.688,0.3043,-0.5828,0.7363,0.1593
1781857908367,87700,0.22217,-0.94531,-0.13721,0.98071,-1.062,-7.812,52.625,0.3026,-0.5841,0.7366,0.1564
1781857908487,87820,0.17065,-0.95996,-0.15454,0.98718,-0.875,-8.688,52.312,0.2915,-0.593,0.7377,0.1374
1781857908488,87821,0.10376,-0.96045,-0.14697,0.97715,-1.125,-7.812,51.0,0.2772,-0.603,0.7392,0.1135
1781857908488,87821,0.06641,-0.97876,-0.16309,0.99447,-0.938,-6.812,45.625,0.2644,-0.6118,0.7397,0.0922
1781857908492,87825,0.05762,-0.97339,-0.16162,0.9884,-1.0,-6.75,44.875,0.2633,-0.6124,0.7397,0.0905
1781857908549,87882,0.05908,-0.97339,-0.16357,0.9888,-1.0,-7.312,44.188,0.2622,-0.6132,0.7397,0.0888
1781857908549,87882,0.02905,-0.97095,-0.16016,0.9845,0.375,-6.25,41.062,0.2526,-0.6192,0.7398,0.0731
1781857908549,87882,-0.01294,-0.97681,-0.16675,0.99102,-0.812,-6.0,38.75,0.2398,-0.6267,0.7394,0.0527
1781857908665,87998,-0.02271,-0.97412,-0.16772,0.98872,0.0,-5.688,38.812,0.2383,-0.6276,0.7393,0.0504
1781857908665,87998,-0.01831,-0.97412,-0.16699,0.9885,0.062,-6.062,38.688,0.2374,-0.6281,0.7393,0.0488
1781857908729,88062,-0.0603,-0.97803,-0.16113,0.99304,0.0,-5.188,34.875,0.2294,-0.6325,0.7387,0.0364
1781857908845,88178,-0.06396,-0.9707,-0.15063,0.9844,-0.562,-5.0,33.625,0.228,-0.6332,0.7387,0.0344
1781857908907,88240,-0.06714,-0.97583,-0.15967,0.99108,-1.188,-5.188,33.0,0.2272,-0.6337,0.7385,0.0331
1781857908907,88240,-0.08667,-0.97339,-0.16187,0.99055,0.0,-4.375,28.562,0.2201,-0.6375,0.7378,0.0221
1781857908908,88241,-0.11963,-0.96509,-0.15649,0.98499,0.188,-3.375,23.062,0.2112,-0.6422,0.7366,0.0087
1781857908964,88297,-0.1189,-0.9707,-0.15649,0.9904,-0.25,-3.312,22.375,0.2106,-0.6425,0.7365,0.0078
1781857908965,88298,-0.32495,-0.87402,-0.34326,0.99365,8.375,1.0,10.188,-0.2047,0.6457,-0.7355,0.0005
1781857909031,88364,0.50391,-1.46997,0.54028,1.64519,87.5,72.188,-470.5,0.4186,-0.3176,0.8405,0.1313
1781857909031,88364,0.74023,-1.27051,0.76782,1.65882,108.25,199.875,-401.0,0.4201,-0.2872,0.8436,0.1704
1781857909031,88364,0.89062,-1.20166,0.90747,1.74949,122.5,235.875,-353.125,0.4154,-0.2684,0.8477,0.1911
1781857909032,88365,1.33057,-1.26904,0.95435,2.07163,145.125,-23.438,-307.125,0.411,-0.1928,0.8533,0.2559
1781857909084,88417,1.19922,-1.16846,0.98315,1.94165,130.5,-103.562,-324.75,0.4242,-0.1736,0.8458,0.2727
1781857909084,88417,1.19897,-1.11646,0.86523,1.85274,126.812,-112.875,-327.438,0.4321,-0.1647,0.8408,0.2811
1781857909085,88418,0.99512,-0.51318,0.89331,1.43235,70.0,-100.5,-319.562,0.4951,-0.0751,0.78,0.3749
1781857909145,88478,0.99854,-0.45581,0.96582,1.46207,71.625,-105.375,-309.25,0.5004,-0.068,0.7731,0.3834
1781857909145,88478,1.05737,-0.38916,0.99341,1.50211,77.188,-108.375,-294.625,0.5058,-0.0611,0.7662,0.3912
1781857909145,88478,1.05737,-0.38916,0.99341,1.50211,77.188,-108.375,-294.625,0.5058,-0.0611,0.7662,0.3912
1781857909205,88538,0.75366,-0.20142,0.72925,1.06788,131.875,-81.75,-239.625,0.5536,0.0189,0.7056,0.4417
1781857909205,88538,0.70654,-0.18457,0.70215,1.01306,133.375,-102.438,-236.125,0.5587,0.0265,0.6987,0.4457
1781857909205,88538,0.70654,-0.18457,0.70215,1.01306,133.375,-102.438,-236.125,0.5587,0.0265,0.6987,0.4457
1781857909271,88604,0.64526,0.08813,0.49805,0.81987,129.375,-119.375,-173.0,0.6232,0.0887,0.6149,0.4747
1781857909271,88604,0.61255,0.04541,0.52637,0.80891,126.875,-125.062,-174.812,0.6282,0.0941,0.6077,0.4763
1781857909272,88605,0.50757,0.18335,0.21118,0.57952,126.188,-167.562,-144.25,0.6801,0.139,0.5264,0.4906
1781857909329,88662,0.50708,0.14136,0.20117,0.56354,121.75,-164.812,-130.812,0.6856,0.1421,0.5181,0.4909
1781857909329,88662,0.46777,0.17432,0.22876,0.54912,115.875,-160.75,-120.375,0.6908,0.1448,0.5101,0.4912
1781857909329,88662,0.45435,0.34204,0.11841,0.5809,121.062,-155.0,-60.125,0.742,0.1662,0.4272,0.489
1781857909384,88717,0.47559,0.32129,0.12402,0.58719,117.75,-137.688,-40.938,0.749,0.1671,0.4178,0.486
1781857909447,88780,0.44385,0.2959,0.1582,0.5564,114.125,-126.938,-35.688,0.7534,0.1675,0.4122,0.484
1781857909448,88781,0.33594,0.36816,0.14429,0.51886,91.875,-94.188,-64.625,0.7821,0.1817,0.3671,0.4694
1781857909448,88781,0.32202,0.36841,0.11963,0.50372,93.375,-95.062,-57.688,0.7863,0.184,0.3596,0.4672
1781857909448,88781,0.33008,0.3916,0.09253,0.52045,94.688,-95.125,-51.375,0.7892,0.1853,0.3546,0.4656
1781857909508,88841,0.33008,0.3916,0.09253,0.52045,94.688,-95.125,-51.375,0.7892,0.1853,0.3546,0.4656
1781857909512,88845,0.38159,0.41235,-0.06543,0.56562,65.062,-42.938,-39.0,0.814,0.1935,0.3164,0.4468
1781857909512,88845,0.38159,0.41235,-0.06543,0.56562,65.062,-42.938,-39.0,0.814,0.1935,0.3164,0.4468
1781857909631,88964,0.36108,0.46289,-0.22778,0.62971,24.75,-4.25,-27.562,0.8234,0.2161,0.2979,0.4317
1781857909631,88964,0.36426,0.47656,-0.21729,0.63797,19.5,0.688,-26.938,0.8235,0.2172,0.2973,0.4313
1781857909631,88964,0.28687,0.52588,-0.27368,0.65859,-31.875,57.625,-6.75,0.8167,0.2278,0.3054,0.4332
1781857909631,88964,0.31299,0.51025,-0.31567,0.67674,-35.812,56.188,4.375,0.8153,0.2283,0.3078,0.4337
1781857909686,89019,0.32617,0.49951,-0.35229,0.69283,-38.688,52.375,22.25,0.8135,0.2281,0.3117,0.4345
1781857909686,89019,0.4834,0.44385,-0.17163,0.67833,-39.0,-18.125,55.688,0.8087,0.2053,0.3327,0.4392
1781857909688,89021,0.4834,0.44385,-0.17163,0.67833,-39.0,-18.125,55.688,0.8087,0.2053,0.3327,0.4392
1781857909743,89076,1.49072,1.95117,-1.30298,2.77976,-110.938,-73.938,-105.062,0.7908,0.1905,0.3421,0.4702
1781857909744,89077,0.63525,0.45215,-0.10059,0.7862,-3.812,36.438,-49.188,0.7895,0.1926,0.3409,0.4723
1781857909744,89077,0.63525,0.45215,-0.10059,0.7862,-3.812,36.438,-49.188,0.7895,0.1926,0.3409,0.4723
1781857909806,89139,0.5293,0.40625,-0.11499,0.67706,-80.188,153.125,129.125,0.761,0.1937,0.4035,0.4693
1781857909810,89143,0.6665,0.49585,-0.1416,0.8427,-94.0,92.062,132.0,0.7555,0.1862,0.4177,0.4688
1781857909810,89143,1.1665,0.56958,0.01636,1.29824,-16.375,-56.375,13.75,0.7418,0.1707,0.4235,0.4907
1781857909864,89197,0.91431,0.60645,0.15796,1.10846,-16.0,-74.375,32.5,0.7429,0.168,0.4222,0.4913
1781857909927,89260,0.99927,0.56689,0.24072,1.17382,-35.0,-66.812,62.062,0.7443,0.1621,0.421,0.492
