t_ms_abs,t_ms_rel,ax_g,ay_g,az_g,resultant_g,gx_dps,gy_dps,gz_dps,qx,qy,qz,qw
1781773862963,0,-0.7439,0.31567,0.59644,1.00437,-0.125,-0.188,0.062,0.1777,0.4141,-0.0003,0.8926
1781773862964,1,-0.74072,0.31787,0.59326,1.00084,0.0,-0.25,0.062,0.1777,0.4141,-0.0003,0.8926
1781773862964,1,-0.74463,0.31616,0.59253,1.00276,-0.062,-0.062,0.0,0.1776,0.4141,-0.0003,0.8926
1781773862964,1,-0.74243,0.31714,0.59399,1.0023,0.125,0.0,0.0,0.1776,0.4141,-0.0003,0.8926
1781773862964,1,-0.74268,0.3186,0.59473,1.00338,0.0,0.062,0.062,0.1776,0.4141,-0.0003,0.8926
1781773862965,2,-0.74097,0.31689,0.59277,1.00042,-0.125,0.0,0.0,0.1776,0.4141,-0.0003,0.8926
1781773862965,2,-0.74097,0.31934,0.59399,1.00192,0.0,0.0,-0.062,0.1776,0.4141,-0.0003,0.8926
1781773862965,2,-0.74536,0.31714,0.59277,1.00375,0.0,0.0,0.062,0.1776,0.4141,-0.0003,0.8926
1781773862965,2,-0.74341,0.31787,0.59229,1.00225,0.0,-0.062,0.125,0.1777,0.4142,-0.0003,0.8926
1781773862965,2,-0.74341,0.31787,0.59229,1.00225,0.0,-0.062,0.125,0.1777,0.4142,-0.0003,0.8926
1781773862980,17,-0.74341,0.31738,0.59717,1.00499,0.0,0.0,0.0,0.1776,0.4142,-0.0003,0.8925
1781773862980,17,-0.74365,0.32202,0.5957,1.00577,0.0,-0.062,0.0,0.1777,0.4142,-0.0003,0.8925
1781773862982,19,-0.74243,0.3208,0.59155,1.00202,0.0,0.062,0.062,0.1777,0.4142,-0.0003,0.8925
1781773862997,34,-0.7417,0.31787,0.59302,1.00141,0.062,-0.125,0.0,0.1777,0.4142,-0.0003,0.8925
1781773862997,34,-0.74512,0.32153,0.59082,1.00382,0.0,-0.062,0.062,0.1777,0.4142,-0.0003,0.8925
1781773862997,34,-0.74316,0.32153,0.5979,1.00656,0.0,0.062,-0.062,0.1777,0.4142,-0.0003,0.8925
1781773863065,102,-0.74487,0.32324,0.59033,1.0039,0.0,0.0,-0.062,0.1777,0.4142,-0.0003,0.8925
1781773863066,103,-0.74536,0.31836,0.59741,1.00689,0.0,0.0,0.0,0.1777,0.4143,-0.0003,0.8925
1781773863066,103,-0.74243,0.31787,0.59058,1.00051,0.0,-0.062,-0.125,0.1777,0.4143,-0.0003,0.8925
1781773863066,103,-0.74243,0.31787,0.59058,1.00051,0.0,-0.062,-0.125,0.1777,0.4143,-0.0003,0.8925
1781773863066,103,-0.74072,0.31958,0.59082,0.99994,0.0,0.0,0.125,0.1777,0.4143,-0.0003,0.8925
1781773863067,104,-0.74072,0.31958,0.59082,0.99994,0.0,0.0,0.125,0.1777,0.4143,-0.0003,0.8925
1781773863067,104,-0.74194,0.31934,0.59277,1.00192,0.0,-0.188,0.062,0.1777,0.4143,-0.0003,0.8925
1781773863067,104,-0.74243,0.32056,0.59351,1.0031,0.0,0.0,-0.062,0.1777,0.4143,-0.0003,0.8925
1781773863067,104,-0.74341,0.31885,0.59424,1.00371,-0.062,0.0,0.0,0.1777,0.4143,-0.0003,0.8925
1781773863067,104,-0.74341,0.31885,0.59424,1.00371,-0.062,0.0,0.0,0.1777,0.4143,-0.0003,0.8925
1781773863067,104,-0.73975,0.32031,0.59766,1.0035,0.0,-0.125,0.0,0.1777,0.4143,-0.0003,0.8925
1781773863067,104,-0.74341,0.31934,0.59497,1.0043,0.0,-0.188,0.0,0.1777,0.4143,-0.0002,0.8925
1781773863069,106,-0.74341,0.31885,0.5918,1.00227,0.0,-0.062,0.0,0.1777,0.4143,-0.0002,0.8925
1781773863069,106,-0.74365,0.32031,0.59106,1.00248,0.0,-0.062,0.0,0.1777,0.4143,-0.0003,0.8925
1781773863084,121,-0.74243,0.31885,0.59155,1.0014,0.0,-0.25,0.062,0.1777,0.4143,-0.0002,0.8925
1781773863084,121,-0.74268,0.31836,0.59155,1.00143,0.0,0.0,-0.062,0.1777,0.4143,-0.0002,0.8925
1781773863086,123,-0.74268,0.31836,0.59155,1.00143,0.0,0.0,-0.062,0.1777,0.4143,-0.0002,0.8925
1781773863100,137,-0.74219,0.31641,0.59302,1.00131,0.0,0.0,0.0,0.1777,0.4143,-0.0003,0.8925
1781773863100,137,-0.74634,0.31958,0.59424,1.00612,-0.062,-0.125,-0.062,0.1777,0.4143,-0.0003,0.8925
1781773863100,137,-0.7417,0.32153,0.5918,1.00186,0.0,-0.062,0.0,0.1777,0.4143,-0.0003,0.8925
1781773863115,152,-0.7417,0.32153,0.5918,1.00186,0.0,-0.062,0.0,0.1777,0.4143,-0.0003,0.8925
1781773863115,152,-0.74341,0.31909,0.5957,1.00466,0.0,-0.062,-0.062,0.1777,0.4143,-0.0003,0.8925
1781773863115,152,-0.7439,0.31812,0.59302,1.00312,0.0,-0.062,-0.062,0.1777,0.4143,-0.0003,0.8925
1781773863130,167,-0.74414,0.31958,0.59448,1.00463,-0.062,-0.188,-0.062,0.1777,0.4143,-0.0003,0.8925
1781773863130,167,-0.74414,0.31958,0.59448,1.00463,-0.062,-0.188,-0.062,0.1777,0.4143,-0.0003,0.8925
1781773863131,168,-0.7417,0.32031,0.5918,1.00147,0.0,0.0,0.0,0.1777,0.4143,-0.0003,0.8925
1781773863144,181,-0.7439,0.3186,0.59204,1.0027,-0.062,-0.062,0.0,0.1777,0.4143,-0.0003,0.8925
1781773863144,181,-0.74268,0.32104,0.59766,1.0059,0.0,-0.125,0.062,0.1777,0.4143,-0.0003,0.8925
1781773863146,183,-0.74268,0.32104,0.59766,1.0059,0.0,-0.125,0.062,0.1777,0.4143,-0.0003,0.8925
1781773863170,207,-0.74146,0.31714,0.59302,1.001,0.0,-0.125,0.0,0.1778,0.4143,-0.0003,0.8925
1781773863171,208,-0.74243,0.3208,0.5918,1.00217,0.0,-0.188,0.062,0.1778,0.4143,-0.0003,0.8925
1781773863194,231,-0.74438,0.32324,0.59302,1.00512,0.0,0.062,-0.062,0.1778,0.4143,-0.0002,0.8925
1781773863194,231,-0.74438,0.32324,0.59302,1.00512,0.0,0.062,-0.062,0.1778,0.4143,-0.0002,0.8925
1781773863195,232,-0.74561,0.32129,0.59595,1.00713,0.0,0.062,0.0,0.1778,0.4143,-0.0002,0.8925
1781773863195,232,-0.74609,0.31763,0.59399,1.00517,0.0,0.0,0.0,0.1778,0.4143,-0.0002,0.8925
1781773863203,240,-0.74243,0.31885,0.59131,1.00126,0.0,-0.062,0.0,0.1778,0.4143,-0.0002,0.8925
1781773863203,240,-0.74243,0.31885,0.59131,1.00126,0.0,-0.062,0.0,0.1778,0.4143,-0.0002,0.8925
1781773863203,240,-0.74438,0.31885,0.59448,1.00458,-0.062,-0.062,0.062,0.1778,0.4143,-0.0002,0.8925
1781773863204,241,-0.74438,0.32275,0.59399,1.00554,0.0,0.0,0.125,0.1778,0.4143,-0.0002,0.8925
1781773863204,241,-0.7439,0.32007,0.59448,1.00461,0.0,0.0,0.0,0.1779,0.4143,-0.0002,0.8925
1781773863206,243,-0.7439,0.32007,0.59448,1.00461,0.0,0.0,0.0,0.1779,0.4143,-0.0002,0.8925
1781773863219,256,-0.74219,0.31787,0.59302,1.00178,0.0,-0.125,0.0,0.1778,0.4143,-0.0002,0.8925
1781773863220,257,-0.74512,0.32056,0.5918,1.00408,-0.125,-0.125,0.0,0.1779,0.4144,-0.0002,0.8925
1781773863220,257,-0.74414,0.32007,0.59229,1.00349,-0.062,-0.25,0.0,0.1779,0.4144,-0.0002,0.8925
1781773863235,272,-0.74414,0.32007,0.59229,1.00349,-0.062,-0.25,0.0,0.1779,0.4144,-0.0002,0.8925
1781773863235,272,-0.74438,0.31763,0.59277,1.00318,0.0,-0.312,0.0,0.1778,0.4144,-0.0002,0.8925
1781773863249,286,-0.74146,0.31934,0.59521,1.003,0.062,-0.125,0.062,0.1778,0.4144,-0.0002,0.8925
1781773863250,287,-0.74268,0.31689,0.59253,1.00154,-0.188,0.0,0.062,0.1778,0.4144,-0.0002,0.8924
1781773863251,288,-0.74268,0.31689,0.59253,1.00154,-0.188,0.0,0.062,0.1778,0.4144,-0.0002,0.8924
1781773863265,302,-0.74146,0.31665,0.59375,1.00128,0.0,-0.188,0.0,0.1778,0.4144,-0.0002,0.8925
1781773863265,302,-0.7439,0.31982,0.59229,1.00323,0.0,-0.062,-0.125,0.1778,0.4144,-0.0003,0.8924
1781773863265,302,-0.74438,0.32129,0.59595,1.00622,0.0,-0.188,0.0,0.1779,0.4144,-0.0002,0.8925
1781773863280,317,-0.74268,0.31812,0.59253,1.00193,0.0,-0.125,0.0,0.1778,0.4144,-0.0002,0.8924
1781773863280,317,-0.74146,0.32153,0.59424,1.00312,-0.062,-0.125,0.125,0.1779,0.4144,-0.0002,0.8925
1781773863280,317,-0.74097,0.31909,0.59546,1.00271,0.062,0.0,0.0,0.1779,0.4144,-0.0002,0.8925
1781773863295,332,-0.74268,0.32104,0.59424,1.00387,0.0,-0.062,0.0,0.1779,0.4143,-0.0002,0.8925
1781773863295,332,-0.74219,0.31592,0.59521,1.00246,0.0,-0.125,0.0,0.1779,0.4143,-0.0002,0.8925
1781773863310,347,-0.74097,0.32202,0.59473,1.00321,0.0,-0.188,0.0,0.1779,0.4143,-0.0002,0.8924
1781773863310,347,-0.74438,0.31885,0.59351,1.004,0.062,0.0,0.062,0.1779,0.4144,-0.0002,0.8924
1781773863311,348,-0.7395,0.31812,0.58936,0.9977,0.0,0.125,0.062,0.1779,0.4144,-0.0002,0.8924
1781773863325,362,-0.7395,0.31812,0.58936,0.9977,0.0,0.125,0.062,0.1779,0.4144,-0.0002,0.8924
1781773863326,363,-0.74463,0.32031,0.59473,1.00537,0.0,0.0,-0.062,0.1779,0.4144,-0.0002,0.8924
1781773863326,363,-0.74414,0.32104,0.5918,1.00351,0.0,0.0,0.062,0.1779,0.4144,-0.0002,0.8924
1781773863340,377,-0.74414,0.32104,0.5918,1.00351,0.0,0.0,0.062,0.1779,0.4144,-0.0002,0.8924
1781773863340,377,-0.73975,0.31958,0.59668,1.00269,0.0,0.062,0.0,0.1779,0.4144,-0.0002,0.8924
1781773863341,378,-0.74268,0.3186,0.59302,1.00237,0.0,0.062,0.062,0.1779,0.4144,-0.0002,0.8924
1781773863359,396,-0.74268,0.3186,0.59302,1.00237,0.0,0.062,0.062,0.1779,0.4144,-0.0002,0.8924
1781773863368,405,-0.74487,0.31909,0.59375,1.00459,0.0,0.0,-0.062,0.1779,0.4144,-0.0002,0.8924
1781773863368,405,-0.7439,0.31958,0.59473,1.0046,-0.062,-0.125,-0.125,0.1779,0.4144,-0.0002,0.8924
1781773863370,407,-0.74292,0.32007,0.59131,1.00201,0.0,-0.125,0.0,0.1779,0.4144,-0.0002,0.8924
1781773863370,407,-0.74438,0.32178,0.59399,1.00523,-0.062,-0.062,0.0,0.1779,0.4144,-0.0002,0.8924
1781773863371,408,-0.7439,0.31982,0.59326,1.00381,0.0,-0.062,0.0,0.1779,0.4144,-0.0002,0.8924
1781773863386,423,-0.74438,0.32153,0.5918,1.00385,0.0,-0.25,0.0,0.1779,0.4144,-0.0002,0.8924
1781773863386,423,-0.74512,0.31885,0.59473,1.00527,0.0,-0.312,0.062,0.1779,0.4144,-0.0002,0.8924
1781773863386,423,-0.74512,0.31885,0.59473,1.00527,0.0,-0.312,0.062,0.1779,0.4144,-0.0002,0.8924
1781773863400,437,-0.74536,0.32031,0.59253,1.00462,0.0,-0.25,0.125,0.1779,0.4144,-0.0002,0.8924
1781773863404,441,-0.74341,0.31738,0.59448,1.00339,-0.062,-0.312,0.0,0.1779,0.4144,-0.0002,0.8924
1781773863404,441,-0.74561,0.3186,0.59277,1.0044,0.0,0.0,0.062,0.1779,0.4144,-0.0002,0.8924
1781773863415,452,-0.74243,0.31909,0.59277,1.0022,0.0,-0.062,0.0,0.1779,0.4144,-0.0002,0.8924
1781773863416,453,-0.74243,0.32227,0.59424,1.00408,0.0,-0.188,0.0,0.1779,0.4144,-0.0002,0.8924
1781773863416,453,-0.7439,0.31934,0.59497,1.00466,0.0,-0.188,0.0,0.1779,0.4144,-0.0002,0.8924
1781773863429,466,-0.74561,0.31885,0.59351,1.00491,0.0,-0.188,0.0,0.1779,0.4144,-0.0002,0.8924
1781773863432,469,-0.74316,0.31836,0.59204,1.00208,0.0,-0.125,-0.062,0.1779,0.4144,-0.0002,0.8924
1781773863433,470,-0.74512,0.31909,0.59521,1.00563,-0.062,-0.125,-0.062,0.1779,0.4144,-0.0002,0.8924
1781773863447,484,-0.74146,0.31982,0.59399,1.00243,0.0,0.0,0.0,0.1779,0.4144,-0.0002,0.8924
1781773863447,484,-0.74463,0.31909,0.59302,1.00397,0.0,-0.188,0.0,0.1779,0.4144,-0.0002,0.8924
1781773863447,484,-0.74463,0.31909,0.59302,1.00397,0.0,-0.188,0.0,0.1779,0.4144,-0.0002,0.8924
1781773863462,499,-0.74463,0.31909,0.59302,1.00397,0.0,-0.188,0.0,0.1779,0.4144,-0.0002,0.8924
1781773863462,499,-0.74365,0.32129,0.59155,1.00309,0.0,-0.25,0.062,0.178,0.4144,-0.0002,0.8924
1781773863462,499,-0.74512,0.31836,0.59204,1.00353,0.0,0.0,0.0,0.178,0.4144,-0.0002,0.8923
1781773863479,516,-0.74341,0.31958,0.59253,1.00293,0.0,-0.062,0.0,0.178,0.4144,-0.0002,0.8923
1781773863479,516,-0.74292,0.3186,0.59326,1.0027,0.0,0.0,0.188,0.178,0.4144,-0.0002,0.8923
1781773863479,516,-0.74316,0.31787,0.59351,1.00279,0.0,0.0,-0.062,0.178,0.4144,-0.0002,0.8923
1781773863495,532,-0.74292,0.31909,0.59448,1.00357,0.0,0.0,0.125,0.178,0.4144,-0.0002,0.8923
1781773863495,532,-0.74561,0.32202,0.59155,1.00477,0.0,-0.062,0.0,0.178,0.4144,-0.0002,0.8923
1781773863495,532,-0.7417,0.31641,0.59399,1.00153,0.062,0.0,-0.062,0.178,0.4144,-0.0002,0.8923
1781773863510,547,-0.74561,0.32007,0.59424,1.00573,0.0,-0.062,0.0,0.178,0.4145,-0.0002,0.8923
1781773863510,547,-0.74194,0.32202,0.59302,1.00292,0.0,0.0,0.062,0.178,0.4145,-0.0002,0.8923
1781773863510,547,-0.74194,0.32202,0.59302,1.00292,0.0,0.0,0.062,0.178,0.4145,-0.0002,0.8923
1781773863521,558,-0.74268,0.3208,0.59473,1.00408,0.0,0.0,0.0,0.178,0.4145,-0.0002,0.8923
1781773863521,558,-0.74243,0.32227,0.5918,1.00264,0.0,0.0,0.0,0.1781,0.4145,-0.0002,0.8923
1781773863522,559,-0.74243,0.31812,0.59131,1.00102,-0.062,-0.125,0.0,0.1781,0.4145,-0.0002,0.8923
1781773863535,572,-0.74512,0.32202,0.59741,1.00787,0.0,-0.125,0.0,0.1781,0.4145,-0.0002,0.8923
1781773863535,572,-0.74268,0.32227,0.5896,1.00152,0.0,0.0,0.0,0.1781,0.4145,-0.0002,0.8923
1781773863535,572,-0.74268,0.32227,0.5896,1.00152,0.0,0.0,0.0,0.1781,0.4145,-0.0002,0.8923
1781773863550,587,-0.74487,0.32251,0.59399,1.00582,0.0,-0.188,0.0,0.1781,0.4145,-0.0002,0.8923
1781773863550,587,-0.74292,0.32007,0.59106,1.00186,0.0,-0.125,0.125,0.1781,0.4145,-0.0002,0.8923
1781773863550,587,-0.74536,0.31982,0.59351,1.00504,0.0,-0.188,0.062,0.1781,0.4145,-0.0002,0.8923
1781773863565,602,-0.74536,0.31982,0.59351,1.00504,0.0,-0.188,0.062,0.1781,0.4145,-0.0002,0.8923
1781773863565,602,-0.74146,0.32373,0.59448,1.00398,0.0,-0.125,0.125,0.1781,0.4145,-0.0002,0.8923
1781773863565,602,-0.74561,0.32056,0.59253,1.00488,-0.062,-0.125,0.062,0.1781,0.4145,-0.0002,0.8923
1781773863582,619,-0.74561,0.32056,0.59253,1.00488,-0.062,-0.125,0.062,0.1781,0.4145,-0.0002,0.8923
1781773863583,620,-0.74316,0.3186,0.59277,1.00259,0.0,-0.062,0.0,0.1781,0.4145,-0.0002,0.8923
1781773863583,620,-0.7439,0.31934,0.59375,1.00394,0.0,-0.062,0.0,0.1781,0.4145,-0.0002,0.8923
1781773863599,636,-0.74292,0.31958,0.58984,1.00099,0.0,0.0,0.062,0.1781,0.4145,-0.0001,0.8923
1781773863600,637,-0.7439,0.31714,0.5918,1.00209,0.0,0.0,0.0,0.1781,0.4145,-0.0002,0.8923
1781773863601,638,-0.74438,0.3208,0.59253,1.00405,0.0,-0.125,0.0,0.1781,0.4145,-0.0002,0.8923
1781773863611,648,-0.74463,0.32056,0.59229,1.00401,0.0,-0.188,0.062,0.1781,0.4145,-0.0001,0.8923
1781773863611,648,-0.74438,0.31909,0.59351,1.00408,-0.125,0.062,-0.125,0.1781,0.4145,-0.0001,0.8923
1781773863614,651,-0.74438,0.31909,0.59351,1.00408,-0.125,0.062,-0.125,0.1781,0.4145,-0.0001,0.8923
1781773863626,663,-0.74438,0.32153,0.59204,1.00399,0.0,-0.062,0.125,0.1781,0.4146,-0.0001,0.8923
1781773863627,664,-0.7417,0.32129,0.59302,1.0025,0.0,-0.188,-0.062,0.1781,0.4146,-0.0001,0.8923
1781773863627,664,-0.74316,0.32153,0.59155,1.0028,0.0,-0.062,0.0,0.1781,0.4146,-0.0002,0.8923
1781773863643,680,-0.74316,0.32153,0.59155,1.0028,0.0,-0.062,0.0,0.1781,0.4146,-0.0002,0.8923
1781773863645,682,-0.74365,0.32227,0.59399,1.00484,0.0,0.0,0.125,0.1781,0.4146,-0.0001,0.8923
1781773863645,682,-0.74316,0.32031,0.59131,1.00227,-0.062,-0.188,0.125,0.1781,0.4146,-0.0001,0.8923
1781773863657,694,-0.74438,0.31934,0.59253,1.00358,0.0,-0.125,0.0,0.1781,0.4146,-0.0001,0.8923
1781773863658,695,-0.74438,0.31934,0.59253,1.00358,0.0,-0.125,0.0,0.1781,0.4146,-0.0001,0.8923
1781773863658,695,-0.74194,0.31714,0.5918,1.00064,0.062,-0.062,0.0,0.1781,0.4146,-0.0001,0.8923
1781773863670,707,-0.7395,0.3208,0.5918,1.0,0.0,0.0,0.0,0.1781,0.4146,-0.0001,0.8923
1781773863670,707,-0.74585,0.31982,0.59473,1.00612,0.0,-0.125,0.0,0.1782,0.4146,-0.0001,0.8923
1781773863671,708,-0.74585,0.31982,0.59473,1.00612,0.0,-0.125,0.0,0.1782,0.4146,-0.0001,0.8923
1781773863685,722,-0.74072,0.31836,0.59326,1.00099,0.0,-0.062,0.0,0.1782,0.4146,-0.0001,0.8923
1781773863685,722,-0.74194,0.31909,0.59302,1.00198,0.0,-0.062,0.0,0.1782,0.4146,-0.0001,0.8923
1781773863687,724,-0.74316,0.31836,0.5979,1.00555,-0.062,-0.125,0.0,0.1782,0.4146,-0.0001,0.8923
1781773863700,737,-0.73975,0.31885,0.59326,1.00042,-0.062,-0.062,-0.062,0.1781,0.4146,-0.0001,0.8923
1781773863700,737,-0.74219,0.31714,0.59424,1.00227,-0.062,-0.188,-0.188,0.1781,0.4146,-0.0002,0.8923
1781773863708,745,-0.74243,0.32129,0.59253,1.00276,-0.062,-0.062,0.0,0.1781,0.4145,-0.0001,0.8923
1781773863715,752,-0.74463,0.3186,0.59521,1.00512,0.0,-0.125,0.0,0.1781,0.4145,-0.0001,0.8923
1781773863715,752,-0.7439,0.31885,0.59375,1.00379,0.0,-0.062,0.062,0.1781,0.4145,-0.0001,0.8923
1781773863715,752,-0.74487,0.32227,0.59448,1.00603,-0.125,-0.062,-0.125,0.1781,0.4145,-0.0001,0.8923
1781773863729,766,-0.74292,0.31738,0.59253,1.00187,0.0,0.062,0.0,0.1781,0.4145,-0.0002,0.8923
1781773863730,767,-0.74414,0.31689,0.59668,1.00508,0.0,-0.188,-0.062,0.1781,0.4145,-0.0002,0.8923
1781773863730,767,-0.74561,0.31885,0.58936,1.00246,0.0,-0.062,0.0,0.1781,0.4146,-0.0002,0.8923
1781773863744,781,-0.74561,0.31885,0.58936,1.00246,0.0,-0.062,0.0,0.1781,0.4146,-0.0002,0.8923
1781773863744,781,-0.74121,0.32056,0.5918,1.00119,0.0,-0.125,-0.062,0.1781,0.4146,-0.0002,0.8923
1781773863745,782,-0.74316,0.32007,0.59302,1.0032,0.0,-0.125,0.062,0.1782,0.4146,-0.0002,0.8923
1781773863762,799,-0.74438,0.31836,0.59058,1.00212,-0.188,-0.25,-0.062,0.1782,0.4146,-0.0002,0.8923
1781773863762,799,-0.74316,0.32104,0.59277,1.00337,0.062,0.062,0.125,0.1782,0.4146,-0.0002,0.8923
1781773863762,799,-0.74268,0.31836,0.5918,1.00157,0.0,-0.125,0.062,0.1782,0.4146,-0.0002,0.8923
1781773863776,813,-0.74268,0.32056,0.59375,1.00343,0.0,-0.125,0.062,0.1782,0.4146,-0.0002,0.8923
1781773863780,817,-0.74268,0.32056,0.59375,1.00343,0.0,-0.125,0.062,0.1782,0.4146,-0.0002,0.8923
1781773863780,817,-0.74341,0.3208,0.5918,1.00289,0.0,-0.188,0.0,0.1782,0.4146,-0.0002,0.8923
1781773863795,832,-0.74219,0.32178,0.5957,1.00461,0.0,0.0,0.0,0.1782,0.4146,-0.0002,0.8923
1781773863795,832,-0.74902,0.32104,0.59229,1.00743,0.0,-0.188,0.0,0.1782,0.4146,-0.0002,0.8923
1781773863795,832,-0.74902,0.32104,0.59229,1.00743,0.0,-0.188,0.0,0.1782,0.4146,-0.0002,0.8923
1781773863805,842,-0.74438,0.31836,0.59399,1.00414,-0.188,-0.188,0.125,0.1782,0.4146,-0.0001,0.8923
1781773863805,842,-0.74292,0.32007,0.58936,1.00086,0.0,-0.188,0.0,0.1782,0.4146,-0.0001,0.8923
1781773863805,842,-0.74536,0.32007,0.59521,1.00613,-0.125,0.0,0.0,0.1782,0.4146,-0.0001,0.8923
1781773863827,864,-0.74536,0.32007,0.59521,1.00613,-0.125,0.0,0.0,0.1782,0.4146,-0.0001,0.8923
1781773863828,865,-0.74438,0.31592,0.59229,1.00235,-0.062,-0.062,0.0,0.1782,0.4146,-0.0002,0.8923
1781773863828,865,-0.74438,0.31592,0.59229,1.00235,-0.062,-0.062,0.0,0.1782,0.4146,-0.0002,0.8923
1781773863837,874,-0.74536,0.31909,0.59009,1.00279,0.0,0.0,0.125,0.1782,0.4146,-0.0001,0.8923
1781773863837,874,-0.74536,0.31909,0.59009,1.00279,0.0,0.0,0.125,0.1782,0.4146,-0.0001,0.8923
1781773863837,874,-0.74438,0.31982,0.59351,1.00431,0.0,0.0,-0.062,0.1782,0.4146,-0.0001,0.8923
1781773863849,886,-0.74268,0.31982,0.59204,1.00218,0.0,-0.125,0.125,0.1782,0.4146,-0.0001,0.8923
1781773863860,897,-0.74536,0.31763,0.59131,1.00304,0.0,-0.188,0.0,0.1782,0.4146,-0.0001,0.8923
1781773863860,897,-0.74536,0.31763,0.59131,1.00304,0.0,-0.188,0.0,0.1782,0.4146,-0.0001,0.8923
1781773863869,906,-0.74561,0.32031,0.59082,1.00379,0.0,-0.312,0.062,0.1782,0.4146,-0.0001,0.8923
1781773863869,906,-0.7439,0.3208,0.59204,1.0034,0.0,-0.062,0.062,0.1782,0.4146,-0.0001,0.8923
1781773863869,906,-0.74414,0.31641,0.59131,1.00175,0.0,-0.125,0.0,0.1782,0.4146,-0.0001,0.8923
1781773863879,916,-0.74463,0.31885,0.59082,1.0026,0.0,-0.062,0.062,0.1782,0.4146,-0.0001,0.8922
1781773863880,917,-0.74341,0.32202,0.59448,1.00487,0.0,-0.375,0.0,0.1782,0.4146,-0.0001,0.8922
1781773863880,917,-0.74512,0.32153,0.5918,1.00439,0.0,0.0,0.062,0.1782,0.4146,-0.0001,0.8922
1781773863894,931,-0.74243,0.32056,0.59082,1.00151,0.0,-0.062,0.0,0.1782,0.4146,-0.0001,0.8922
1781773863894,931,-0.73828,0.32227,0.59155,0.99942,0.0,0.0,0.0,0.1783,0.4146,-0.0001,0.8922
1781773863895,932,-0.74219,0.31934,0.59277,1.0021,0.0,-0.062,0.0,0.1783,0.4146,-0.0001,0.8922
1781773863910,947,-0.74097,0.31885,0.59155,1.00032,0.0,-0.062,-0.188,0.1783,0.4146,-0.0001,0.8922
1781773863910,947,-0.74268,0.32178,0.5918,1.00266,0.0,0.0,0.0,0.1783,0.4146,-0.0001,0.8922
1781773863931,968,-0.74561,0.32422,0.59277,1.00619,0.0,0.0,0.125,0.1783,0.4146,-0.0001,0.8922
1781773863931,968,-0.74292,0.31787,0.59253,1.00203,0.0,0.0,0.0,0.1783,0.4146,-0.0001,0.8922
1781773863931,968,-0.7439,0.31836,0.59229,1.00276,0.0,0.0,-0.062,0.1783,0.4146,-0.0001,0.8922
1781773863941,978,-0.74609,0.3208,0.59399,1.00618,0.0,-0.062,-0.125,0.1783,0.4146,-0.0001,0.8922
1781773863941,978,-0.74585,0.31763,0.59131,1.00341,0.0,0.0,0.0,0.1783,0.4146,-0.0001,0.8922
1781773863943,980,-0.74316,0.31982,0.59253,1.00283,0.0,-0.125,0.0,0.1783,0.4146,-0.0001,0.8922
1781773863958,995,-0.74438,0.31787,0.59204,1.00283,0.0,0.0,0.062,0.1783,0.4146,-0.0001,0.8922
1781773863959,996,-0.74561,0.32007,0.59546,1.00645,0.0,-0.125,0.0,0.1783,0.4146,-0.0001,0.8922
1781773863959,996,-0.74438,0.31592,0.59082,1.00149,0.0,0.0,0.062,0.1783,0.4147,-0.0001,0.8922
1781773863987,1024,-0.74658,0.31763,0.59009,1.00323,0.0,-0.188,0.0,0.1783,0.4147,-0.0001,0.8922
1781773863987,1024,-0.74438,0.31738,0.59106,1.0021,0.0,-0.188,0.0,0.1783,0.4147,-0.0001,0.8922
1781773863988,1025,-0.74609,0.31958,0.59082,1.00392,-0.062,-0.125,0.0,0.1783,0.4147,-0.0001,0.8922
1781773863988,1025,-0.74463,0.32202,0.59204,1.00433,0.0,-0.312,0.0,0.1783,0.4147,-0.0002,0.8922
1781773864000,1037,-0.74463,0.32202,0.59204,1.00433,0.0,-0.312,0.0,0.1783,0.4147,-0.0002,0.8922
1781773864000,1037,-0.7417,0.32129,0.58984,1.00063,-0.125,-0.188,0.125,0.1783,0.4147,-0.0001,0.8922
1781773864001,1038,-0.74072,0.323,0.59473,1.00334,-0.25,-0.5,0.0,0.1783,0.4147,-0.0001,0.8922
1781773864015,1052,-0.73486,0.32178,0.59375,0.99805,-0.188,-0.125,0.062,0.1783,0.4146,-0.0001,0.8922
1781773864015,1052,-0.73486,0.32178,0.59375,0.99805,-0.188,-0.125,0.062,0.1783,0.4146,-0.0001,0.8922
1781773864015,1052,-0.74341,0.33008,0.59839,1.00979,-0.312,-2.062,0.0,0.1783,0.4146,-0.0001,0.8922
1781773864029,1066,-0.74976,0.32446,0.58789,1.00649,-0.125,-1.062,0.188,0.1783,0.4145,-0.0001,0.8923
1781773864029,1066,-0.73755,0.31689,0.59668,1.00021,-0.375,0.375,0.0,0.1783,0.4145,-0.0001,0.8923
1781773864030,1067,-0.73633,0.32104,0.60229,1.004,-0.25,-0.25,-0.312,0.1783,0.4145,-0.0001,0.8923
1781773864045,1082,-0.73584,0.32007,0.59961,1.00172,0.188,0.625,0.25,0.1783,0.4145,-0.0001,0.8923
1781773864045,1082,-0.74048,0.32129,0.59521,1.0029,0.125,0.0,-0.125,0.1783,0.4145,-0.0001,0.8923
1781773864045,1082,-0.7439,0.32202,0.5957,1.00595,0.0,0.875,-0.312,0.1783,0.4145,-0.0001,0.8923
1781773864059,1096,-0.7439,0.32202,0.5957,1.00595,0.0,0.875,-0.312,0.1783,0.4145,-0.0001,0.8923
1781773864078,1115,-0.74707,0.32324,0.58936,1.00496,0.25,1.0,0.0,0.1783,0.4146,-0.0001,0.8922
1781773864078,1115,-0.74512,0.32056,0.59155,1.00394,0.125,1.188,0.0,0.1783,0.4146,-0.0001,0.8922
1781773864082,1119,-0.74316,0.31982,0.5918,1.0024,0.25,0.938,-0.062,0.1784,0.4147,-0.0001,0.8922
1781773864134,1171,-0.74316,0.31982,0.5918,1.0024,0.25,0.938,-0.062,0.1784,0.4147,-0.0001,0.8922
1781773864136,1173,-0.74585,0.31641,0.58691,1.00044,0.0,0.188,0.0,0.1783,0.4147,-0.0001,0.8922
1781773864136,1173,-0.74927,0.31689,0.5874,1.00343,0.0,-0.812,-0.062,0.1783,0.4147,-0.0001,0.8922
1781773864195,1232,-0.74927,0.31689,0.5874,1.00343,0.0,-0.812,-0.062,0.1783,0.4147,-0.0001,0.8922
1781773864195,1232,-0.74536,0.31592,0.59082,1.00222,-0.25,-0.25,0.0,0.1783,0.4147,-0.0001,0.8922
1781773864195,1232,-0.74487,0.31738,0.59424,1.00433,0.0,-0.375,0.062,0.1782,0.4146,-0.0002,0.8922
1781773864257,1294,-0.74536,0.31763,0.59399,1.00463,-0.062,-0.312,0.0,0.1782,0.4146,-0.0002,0.8922
1781773864257,1294,-0.74512,0.32251,0.59229,1.00499,0.0,-0.062,0.0,0.1782,0.4146,-0.0002,0.8922
1781773864267,1304,-0.74048,0.32666,0.59302,1.00334,0.0,0.125,-0.062,0.1783,0.4146,-0.0001,0.8922
1781773864314,1351,-0.74243,0.32178,0.59302,1.0032,0.0,0.375,0.0,0.1784,0.4146,-0.0001,0.8922
1781773864319,1356,-0.74536,0.32202,0.59351,1.00574,0.062,0.25,-0.125,0.1784,0.4146,-0.0001,0.8922
1781773864319,1356,-0.74341,0.31934,0.59521,1.00445,0.0,-0.25,0.062,0.1784,0.4146,-0.0001,0.8922
1781773864378,1415,-0.74194,0.32031,0.59058,1.00093,0.0,-0.25,0.0,0.1784,0.4146,-0.0001,0.8922
1781773864378,1415,-0.74658,0.32056,0.59326,1.00603,0.0,-0.438,-0.062,0.1784,0.4146,-0.0001,0.8922
1781773864379,1416,-0.74487,0.31787,0.59131,1.00276,0.0,0.0,0.062,0.1784,0.4147,-0.0001,0.8922
1781773864436,1473,-0.74438,0.32031,0.58911,1.00188,0.0,-0.25,0.0,0.1784,0.4147,-0.0001,0.8922
1781773864436,1473,-0.74365,0.32251,0.59131,1.00333,-0.062,-0.25,0.0,0.1784,0.4146,-0.0001,0.8922
1781773864441,1478,-0.74194,0.32251,0.59448,1.00394,0.0,0.188,-0.062,0.1785,0.4147,-0.0001,0.8922
1781773864495,1532,-0.7439,0.32178,0.5918,1.00357,0.0,0.312,0.0,0.1785,0.4147,-0.0001,0.8922
1781773864495,1532,-0.74316,0.32153,0.59351,1.00395,0.0,0.062,-0.062,0.1785,0.4147,-0.0001,0.8922
1781773864495,1532,-0.74561,0.31787,0.59326,1.00445,-0.062,-0.5,0.125,0.1785,0.4147,-0.0001,0.8922
1781773864555,1592,-0.74658,0.31982,0.59204,1.00508,-0.062,-0.188,-0.062,0.1785,0.4147,-0.0001,0.8922
1781773864555,1592,-0.74561,0.31909,0.59375,1.00513,0.0,-0.375,0.25,0.1785,0.4147,-0.0001,0.8922
1781773864555,1592,-0.74365,0.32178,0.59766,1.00685,0.0,0.0,-0.125,0.1785,0.4147,-0.0001,0.8922
1781773864616,1653,-0.74463,0.32056,0.59253,1.00415,0.062,0.188,0.125,0.1785,0.4147,-0.0001,0.8922
1781773864616,1653,-0.73853,0.32178,0.59253,1.00003,0.062,0.375,0.062,0.1785,0.4147,-0.0001,0.8922
1781773864616,1653,-0.7417,0.32056,0.59326,1.00241,0.0,0.062,-0.062,0.1785,0.4148,-0.0001,0.8921
1781773864676,1713,-0.74219,0.31934,0.5918,1.00152,0.0,0.0,0.0,0.1785,0.4148,-0.0001,0.8921
1781773864676,1713,-0.74316,0.31812,0.58862,0.99998,0.0,0.0,-0.062,0.1786,0.4148,-0.0001,0.8921
1781773864676,1713,-0.74219,0.31958,0.59058,1.00088,0.0,-0.25,0.0,0.1785,0.4148,-0.0001,0.8921
1781773864737,1774,-0.74536,0.32153,0.59033,1.00371,-0.125,-0.312,0.125,0.1786,0.4148,-0.0001,0.8921
1781773864737,1774,-0.74243,0.3186,0.59521,1.00349,-0.062,-0.5,0.125,0.1786,0.4147,-0.0001,0.8921
1781773864738,1775,-0.74341,0.31934,0.59033,1.00156,0.0,0.188,0.0,0.1786,0.4148,-0.0001,0.8921
1781773864797,1834,-0.74146,0.31909,0.59326,1.00177,0.0,0.375,-0.125,0.1786,0.4148,-0.0001,0.8921
1781773864798,1835,-0.74243,0.32202,0.59082,1.00198,0.0,0.188,0.0,0.1786,0.4148,-0.0001,0.8921
1781773864801,1838,-0.74292,0.31787,0.59229,1.00189,-0.062,-0.188,-0.062,0.1787,0.4149,-0.0001,0.892
1781773864854,1891,-0.74438,0.32202,0.59155,1.00386,0.0,-0.312,0.125,0.1787,0.4149,-0.0001,0.892
1781773864855,1892,-0.74536,0.32031,0.5918,1.00418,0.0,-0.125,0.0,0.1787,0.4149,-0.0001,0.892
1781773864855,1892,-0.74438,0.31982,0.59473,1.00504,0.0,-0.188,-0.062,0.1786,0.4148,-0.0001,0.8921
1781773864916,1953,-0.74194,0.32129,0.59082,1.00139,-0.125,-0.062,0.125,0.1786,0.4148,-0.0001,0.8921
1781773864916,1953,-0.74438,0.32202,0.59204,1.00415,-0.125,-0.188,0.0,0.1787,0.4148,-0.0001,0.8921
1781773864917,1954,-0.7439,0.31787,0.59131,1.00203,0.0,0.125,0.0,0.1787,0.4149,-0.0001,0.892
1781773864981,2018,-0.74316,0.32324,0.5896,1.0022,0.062,0.0,-0.125,0.1787,0.4149,-0.0001,0.892
1781773864981,2018,-0.74463,0.31592,0.5918,1.00225,0.0,0.125,0.062,0.1787,0.4149,-0.0001,0.892
1781773864981,2018,-0.74316,0.31909,0.59277,1.00274,0.0,-0.312,0.0,0.1787,0.4149,-0.0001,0.892
1781773865035,2072,-0.74609,0.32031,0.59033,1.00387,0.0,-0.125,0.062,0.1787,0.4149,-0.0001,0.892
1781773865035,2072,-0.74121,0.3186,0.58984,0.99941,-0.062,0.0,0.0,0.1787,0.4149,-0.0001,0.892
1781773865036,2073,-0.74292,0.32178,0.59302,1.00356,-0.312,-0.25,-0.125,0.1787,0.4149,-0.0001,0.892
1781773865097,2134,-0.74365,0.32251,0.5896,1.00233,0.0,0.0,-0.062,0.1787,0.4149,-0.0001,0.892
1781773865160,2197,-0.74316,0.32129,0.59106,1.00244,-0.125,0.125,0.0,0.1787,0.415,-0.0001,0.892
1781773865161,2198,-0.73975,0.31958,0.59106,0.99936,0.0,0.0,0.0,0.1787,0.415,-0.0001,0.892
1781773865162,2199,-0.74316,0.32251,0.59351,1.00427,0.0,0.0,0.0,0.1787,0.415,-0.0001,0.8919
1781773865217,2254,-0.74634,0.32031,0.59326,1.00577,0.0,-0.062,-0.062,0.1787,0.415,-0.0001,0.892
1781773865218,2255,-0.74438,0.32422,0.59106,1.00428,-0.125,-0.062,-0.062,0.1787,0.415,-0.0001,0.892
1781773865218,2255,-0.74536,0.3208,0.59082,1.00377,0.0,-0.125,-0.062,0.1788,0.415,-0.0001,0.8919
1781773865276,2313,-0.74414,0.31812,0.59229,1.00287,0.0,0.062,0.0,0.1787,0.415,-0.0001,0.8919
1781773865276,2313,-0.74536,0.32324,0.58887,1.0034,0.0,0.125,-0.062,0.1788,0.415,-0.0001,0.8919
1781773865276,2313,-0.74561,0.32007,0.58838,1.00228,0.0,-0.25,0.125,0.1788,0.415,-0.0001,0.8919
1781773865343,2380,-0.74561,0.31958,0.59082,1.00356,0.0,-0.25,0.0,0.1788,0.415,-0.0001,0.8919
1781773865344,2381,-0.7439,0.31934,0.59058,1.00207,0.0,-0.25,0.0,0.1788,0.415,-0.0001,0.8919
1781773865345,2382,-0.7439,0.31934,0.59058,1.00207,0.0,-0.25,0.0,0.1788,0.415,-0.0001,0.8919
1781773865394,2431,-0.74292,0.31958,0.59473,1.00387,0.0,0.0,-0.062,0.1788,0.415,-0.0001,0.8919
1781773865395,2432,-0.74487,0.31982,0.59302,1.00439,-0.062,-0.125,0.0,0.1788,0.415,-0.0001,0.8919
1781773865395,2432,-0.74561,0.31958,0.59155,1.00399,-0.062,-0.125,0.0,0.1788,0.415,-0.0001,0.8919
1781773865459,2496,-0.74316,0.31909,0.58813,1.00001,0.0,-0.188,0.0,0.1788,0.415,-0.0001,0.8919
1781773865459,2496,-0.74438,0.32202,0.5896,1.00271,0.0,0.0,0.0,0.1788,0.415,-0.0001,0.8919
1781773865461,2498,-0.74438,0.32007,0.58936,1.00194,0.0,0.125,0.0,0.1788,0.4151,-0.0001,0.8919
1781773865517,2554,-0.74243,0.31812,0.59106,1.00088,-0.062,0.0,0.0,0.1788,0.4151,-0.0001,0.8919
1781773865517,2554,-0.7395,0.32129,0.59424,1.0016,0.0,-0.062,-0.062,0.1788,0.4151,-0.0001,0.8919
1781773865517,2554,-0.74365,0.32153,0.59155,1.00316,-0.062,0.0,0.062,0.1788,0.4151,-0.0001,0.8919
1781773865577,2614,-0.7417,0.31958,0.59082,1.00066,-0.062,-0.062,0.062,0.1788,0.4151,-0.0001,0.8919
1781773865577,2614,-0.74609,0.32104,0.59009,1.00396,0.0,0.062,0.062,0.1788,0.4151,-0.0001,0.8919
1781773865577,2614,-0.74609,0.32104,0.59009,1.00396,0.0,0.062,0.062,0.1788,0.4151,-0.0001,0.8919
1781773865634,2671,-0.74512,0.32007,0.59131,1.00364,-0.062,-0.188,-0.188,0.1788,0.4151,-0.0001,0.8919
1781773865634,2671,-0.74292,0.3186,0.58936,1.00039,0.0,-0.062,0.062,0.1788,0.4151,-0.0001,0.8919
1781773865635,2672,-0.74219,0.32471,0.59302,1.00397,-0.125,0.0,0.062,0.1789,0.4151,-0.0001,0.8919
1781773865697,2734,-0.74609,0.31763,0.59033,1.00301,0.0,-0.188,0.0,0.1789,0.4151,-0.0001,0.8919
1781773865697,2734,-0.74561,0.32104,0.59058,1.00388,0.0,0.062,0.062,0.1789,0.4152,-0.0001,0.8919
1781773865698,2735,-0.74219,0.32178,0.59326,1.00317,0.0,-0.062,0.062,0.1789,0.4152,-0.0001,0.8919
1781773865755,2792,-0.74243,0.32227,0.59106,1.00221,0.0,-0.188,0.062,0.1789,0.4152,-0.0001,0.8919
1781773865756,2793,-0.7439,0.32324,0.59033,1.00317,0.0,0.0,-0.125,0.1789,0.4152,-0.0001,0.8919
1781773865756,2793,-0.74609,0.32178,0.58862,1.00333,0.0,0.0,0.0,0.179,0.4152,-0.0001,0.8919
1781773865818,2855,-0.74707,0.31616,0.58887,1.00242,0.0,-0.062,0.062,0.179,0.4152,-0.0001,0.8919
1781773865819,2856,-0.74414,0.31909,0.59302,1.00361,0.0,-0.062,0.0,0.179,0.4152,-0.0001,0.8919
1781773865819,2856,-0.74219,0.31738,0.59326,1.00177,0.0,0.0,-0.25,0.179,0.4152,-0.0001,0.8918
1781773865874,2911,-0.74292,0.32202,0.58984,1.00177,-0.062,-0.188,0.0,0.179,0.4152,-0.0001,0.8919
1781773865874,2911,-0.74268,0.3208,0.59009,1.00134,0.062,-0.188,0.062,0.179,0.4152,-0.0001,0.8919
1781773865875,2912,-0.74268,0.3208,0.59009,1.00134,0.062,-0.188,0.062,0.179,0.4152,-0.0001,0.8919
1781773865934,2971,-0.74341,0.3208,0.59082,1.00232,0.0,-0.062,0.062,0.179,0.4152,-0.0001,0.8918
1781773865934,2971,-0.74341,0.32153,0.59058,1.00241,0.0,0.0,-0.062,0.179,0.4152,-0.0001,0.8918
1781773865935,2972,-0.74341,0.32153,0.59058,1.00241,0.0,0.0,-0.062,0.179,0.4152,-0.0001,0.8918
1781773865995,3032,-0.74658,0.32129,0.59106,1.00497,-0.062,-0.062,0.0,0.179,0.4152,-0.0001,0.8918
1781773865995,3032,-0.74463,0.32129,0.59131,1.00367,-0.188,0.0,0.0,0.179,0.4152,-0.0001,0.8918
1781773865996,3033,-0.74585,0.32031,0.5896,1.00325,-0.188,0.0,0.062,0.179,0.4153,-0.0001,0.8918
1781773866057,3094,-0.74536,0.3186,0.5918,1.00364,0.0,-0.188,0.0,0.179,0.4153,-0.0001,0.8918
1781773866058,3095,-0.74219,0.32471,0.59033,1.00238,0.0,-0.125,0.0,0.1791,0.4153,-0.0001,0.8918
1781773866059,3096,-0.74585,0.32275,0.59131,1.00504,0.0,-0.062,0.062,0.1791,0.4152,-0.0001,0.8918
1781773866117,3154,-0.7439,0.32031,0.59106,1.00267,0.0,0.0,0.062,0.1791,0.4153,-0.0001,0.8917
1781773866117,3154,-0.74072,0.32056,0.59155,1.00068,0.0,-0.062,0.0,0.1791,0.4153,-0.0001,0.8917
1781773866117,3154,-0.74609,0.32104,0.59155,1.00482,-0.125,0.0,0.0,0.1791,0.4153,-0.0001,0.8917
1781773866176,3213,-0.74365,0.32129,0.59277,1.00381,0.0,0.125,0.0,0.1791,0.4153,-0.0001,0.8917
1781773866176,3213,-0.74146,0.32007,0.59155,1.00107,0.0,0.062,-0.062,0.1791,0.4154,-0.0001,0.8917
1781773866176,3213,-0.74365,0.31958,0.59473,1.00442,-0.125,-0.125,0.0,0.1791,0.4153,-0.0001,0.8917
1781773866238,3275,-0.74243,0.3208,0.59351,1.00318,-0.062,-0.25,0.062,0.1791,0.4152,-0.0001,0.8917
1781773866239,3276,-0.74463,0.323,0.59082,1.00393,0.0,-0.062,0.0,0.1791,0.4152,-0.0001,0.8917
1781773866239,3276,-0.74292,0.32202,0.59155,1.00278,0.0,0.0,0.062,0.1791,0.4152,-0.0001,0.8917
1781773866294,3331,-0.74146,0.3208,0.59155,1.0013,0.0,0.0,-0.062,0.1791,0.4152,-0.0001,0.8917
1781773866295,3332,-0.74292,0.32104,0.59399,1.00391,0.0,-0.062,-0.125,0.1791,0.4152,-0.0001,0.8917
1781773866295,3332,-0.74194,0.31885,0.58691,0.9983,-0.062,-0.125,0.188,0.1791,0.4153,-0.0001,0.8917
1781773866355,3392,-0.74194,0.31885,0.58691,0.9983,-0.062,-0.125,0.188,0.1791,0.4153,-0.0001,0.8917
1781773866355,3392,-0.74365,0.3208,0.59399,1.00437,0.0,-0.125,0.0,0.1791,0.4153,-0.0001,0.8917
1781773866356,3393,-0.74243,0.32031,0.59351,1.00302,-0.125,-0.062,0.0,0.1791,0.4152,-0.0002,0.8917
1781773866414,3451,-0.74146,0.3269,0.5896,1.00212,0.125,-0.062,-0.125,0.1791,0.4152,-0.0002,0.8917
1781773866414,3451,-0.74341,0.32275,0.59058,1.0028,-0.062,-0.188,0.0,0.1792,0.4152,-0.0002,0.8917
1781773866415,3452,-0.74561,0.3208,0.59106,1.00409,0.0,0.0,0.0,0.1792,0.4153,-0.0002,0.8917
1781773866478,3515,-0.74463,0.32446,0.59277,1.00555,0.0,-0.125,0.0,0.1792,0.4153,-0.0002,0.8917
1781773866478,3515,-0.74805,0.32129,0.5896,1.0052,0.0,0.0,0.0,0.1792,0.4153,-0.0002,0.8917
1781773866478,3515,-0.74463,0.31738,0.59229,1.003,0.0,-0.062,0.0,0.1792,0.4153,-0.0002,0.8917
1781773866535,3572,-0.74268,0.31958,0.59229,1.00225,-0.062,-0.125,0.0,0.1792,0.4153,-0.0002,0.8917
1781773866535,3572,-0.74634,0.32202,0.58887,1.00373,-0.062,-0.25,0.062,0.1792,0.4153,-0.0002,0.8917
1781773866535,3572,-0.74463,0.31909,0.59229,1.00354,0.0,0.0,0.062,0.1793,0.4153,-0.0002,0.8917
1781773866595,3632,-0.74585,0.32227,0.5896,1.00388,-0.062,-0.188,0.0,0.1793,0.4153,-0.0002,0.8917
1781773866596,3633,-0.74561,0.32031,0.58936,1.00293,-0.125,-0.062,-0.062,0.1793,0.4153,-0.0002,0.8917
1781773866600,3637,-0.74634,0.32178,0.59155,1.00523,0.0,-0.188,0.188,0.1793,0.4154,-0.0002,0.8917
1781773866654,3691,-0.74316,0.31982,0.59058,1.00168,0.0,-0.125,0.0,0.1793,0.4154,-0.0002,0.8917
1781773866657,3694,-0.74536,0.32129,0.59033,1.00363,0.0,-0.25,0.062,0.1793,0.4154,-0.0002,0.8917
1781773866658,3695,-0.74414,0.32251,0.59204,1.00413,0.0,0.0,0.125,0.1793,0.4153,-0.0002,0.8917
1781773866718,3755,-0.74512,0.32178,0.59277,1.00505,0.0,0.0,0.0,0.1793,0.4153,-0.0002,0.8917
1781773866719,3756,-0.74097,0.3186,0.59155,1.00024,-0.062,0.0,-0.062,0.1793,0.4153,-0.0002,0.8917
1781773866719,3756,-0.74146,0.31934,0.59082,1.0004,0.0,0.0,0.0,0.1793,0.4154,-0.0002,0.8917
1781773866774,3811,-0.74658,0.32153,0.59033,1.00462,0.0,0.0,-0.062,0.1793,0.4154,-0.0002,0.8917
1781773866774,3811,-0.74414,0.3208,0.59204,1.00358,-0.125,0.0,0.0,0.1793,0.4154,-0.0002,0.8917
1781773866776,3813,-0.74292,0.32349,0.59302,1.00411,-0.125,-0.312,0.0,0.1793,0.4153,-0.0002,0.8917
1781773866835,3872,-0.7439,0.32056,0.59326,1.00404,0.0,-0.188,-0.062,0.1793,0.4153,-0.0002,0.8917
1781773866835,3872,-0.74316,0.31836,0.59204,1.00208,0.0,0.0,0.0,0.1793,0.4153,-0.0002,0.8917
1781773866837,3874,-0.74414,0.32031,0.59082,1.0027,0.0,0.125,0.0,0.1793,0.4154,-0.0002,0.8917
1781773866894,3931,-0.74487,0.32104,0.58838,1.00205,0.0,0.0,0.0,0.1793,0.4154,-0.0002,0.8917
1781773866894,3931,-0.74194,0.32007,0.59058,1.00085,0.0,0.0,0.0,0.1793,0.4154,-0.0002,0.8917
1781773866895,3932,-0.74463,0.3208,0.5896,1.0025,0.0,-0.312,0.0,0.1794,0.4154,-0.0002,0.8917
1781773866954,3991,-0.74463,0.32129,0.5918,1.00395,0.0,-0.188,0.062,0.1794,0.4154,-0.0002,0.8917
1781773866955,3992,-0.74438,0.3208,0.59106,1.00318,-0.125,-0.062,0.062,0.1794,0.4154,-0.0002,0.8917
1781773866957,3994,-0.74292,0.32202,0.59375,1.00408,0.0,0.0,0.0,0.1794,0.4153,-0.0002,0.8917
1781773867017,4054,-0.74316,0.32202,0.59058,1.00238,0.0,0.0,0.0,0.1794,0.4154,-0.0002,0.8917
1781773867017,4054,-0.74463,0.32373,0.59131,1.00445,0.0,0.0,0.0,0.1794,0.4154,-0.0002,0.8917
1781773867019,4056,-0.74536,0.31982,0.58789,1.00173,0.0,-0.25,0.062,0.1795,0.4154,-0.0002,0.8917
1781773867075,4112,-0.74585,0.32251,0.58887,1.00353,0.0,-0.125,0.0,0.1795,0.4154,-0.0002,0.8916
1781773867075,4112,-0.7478,0.31641,0.58984,1.00361,-0.062,-0.125,0.0,0.1795,0.4154,-0.0002,0.8916
1781773867075,4112,-0.74121,0.32324,0.59058,1.00133,-0.062,-0.125,0.0,0.1795,0.4154,-0.0002,0.8917
1781773867134,4171,-0.74512,0.32007,0.59253,1.00436,-0.062,-0.25,0.0,0.1795,0.4154,-0.0002,0.8917
1781773867134,4171,-0.74268,0.32178,0.58838,1.00065,-0.062,-0.25,0.062,0.1795,0.4154,-0.0002,0.8917
1781773867135,4172,-0.74316,0.32251,0.58887,1.00153,0.0,0.312,0.0,0.1795,0.4154,-0.0002,0.8916
1781773867196,4233,-0.7439,0.31885,0.59155,1.00249,0.0,0.062,0.0,0.1795,0.4154,-0.0002,0.8916
1781773867196,4233,-0.7439,0.32178,0.58911,1.00199,0.0,0.062,0.0,0.1795,0.4154,-0.0002,0.8916
1781773867201,4238,-0.74634,0.32178,0.58911,1.0038,0.0,-0.312,0.0,0.1795,0.4154,-0.0003,0.8916
1781773867254,4291,-0.74536,0.32056,0.59033,1.0034,-0.188,-0.188,0.0,0.1795,0.4154,-0.0002,0.8916
1781773867255,4292,-0.74561,0.32324,0.5918,1.0053,-0.062,-0.188,-0.062,0.1795,0.4154,-0.0003,0.8916
1781773867255,4292,-0.74707,0.32349,0.59131,1.00618,-0.062,-0.062,0.0,0.1795,0.4154,-0.0002,0.8916
1781773867317,4354,-0.74146,0.31934,0.59155,1.00083,0.0,-0.188,0.0,0.1795,0.4154,-0.0003,0.8917
1781773867318,4355,-0.74536,0.32178,0.59229,1.00494,0.0,0.0,-0.062,0.1795,0.4154,-0.0003,0.8917
1781773867318,4355,-0.74316,0.3208,0.59204,1.00286,0.0,-0.062,0.0,0.1795,0.4154,-0.0003,0.8916
1781773867374,4411,-0.74487,0.31909,0.5896,1.00214,0.0,-0.125,0.062,0.1795,0.4154,-0.0003,0.8916
1781773867374,4411,-0.74463,0.31909,0.59204,1.0034,-0.062,-0.188,0.0,0.1795,0.4154,-0.0003,0.8916
1781773867375,4412,-0.74463,0.31909,0.59204,1.0034,-0.062,-0.188,0.0,0.1795,0.4154,-0.0003,0.8916
1781773867438,4475,-0.74243,0.32349,0.58789,1.00073,0.0,-0.125,-0.125,0.1795,0.4154,-0.0003,0.8916
1781773867438,4475,-0.74268,0.32324,0.5896,1.00184,0.0,-0.188,0.0,0.1795,0.4154,-0.0003,0.8916
1781773867438,4475,-0.74268,0.32324,0.5896,1.00184,0.0,-0.188,0.0,0.1795,0.4154,-0.0003,0.8916
1781773867494,4531,-0.74561,0.32227,0.58838,1.00298,0.0,0.0,-0.062,0.1795,0.4154,-0.0003,0.8916
1781773867494,4531,-0.74194,0.32104,0.59058,1.00116,-0.125,0.0,0.0,0.1795,0.4154,-0.0003,0.8916
1781773867495,4532,-0.74194,0.32104,0.59058,1.00116,-0.125,0.0,0.0,0.1795,0.4154,-0.0003,0.8916
1781773867558,4595,-0.74341,0.32178,0.58887,1.00148,0.0,-0.375,0.0,0.1795,0.4154,-0.0003,0.8916
1781773867558,4595,-0.7417,0.32104,0.59155,1.00156,0.0,-0.312,0.062,0.1795,0.4154,-0.0003,0.8916
1781773867558,4595,-0.7417,0.31738,0.59204,1.00068,0.0,0.188,0.062,0.1795,0.4154,-0.0003,0.8916
1781773867614,4651,-0.74536,0.32178,0.59204,1.0048,0.0,0.0,0.0,0.1795,0.4154,-0.0003,0.8916
1781773867615,4652,-0.74023,0.31909,0.59229,1.00028,0.0,-0.062,0.125,0.1795,0.4154,-0.0003,0.8917
1781773867615,4652,-0.74463,0.32251,0.5896,1.00305,-0.125,-0.062,0.0,0.1795,0.4154,-0.0003,0.8916
1781773867678,4715,-0.74292,0.32104,0.59058,1.00189,0.0,0.0,0.0,0.1795,0.4154,-0.0003,0.8916
1781773867678,4715,-0.7417,0.32178,0.59058,1.00122,0.0,-0.25,0.0,0.1795,0.4154,-0.0003,0.8916
1781773867678,4715,-0.7417,0.32178,0.59058,1.00122,0.0,-0.25,0.0,0.1795,0.4154,-0.0003,0.8916
1781773867734,4771,-0.74463,0.32153,0.5874,1.00145,0.0,-0.25,0.062,0.1795,0.4154,-0.0003,0.8916
1781773867734,4771,-0.74463,0.32275,0.5918,1.00442,0.0,-0.25,-0.125,0.1795,0.4154,-0.0003,0.8916
1781773867735,4772,-0.74365,0.32104,0.59229,1.00344,0.0,0.0,0.0,0.1795,0.4154,-0.0003,0.8916
1781773867796,4833,-0.74438,0.32202,0.59277,1.00458,0.0,-0.188,0.0,0.1796,0.4154,-0.0003,0.8916
1781773867797,4834,-0.74292,0.32227,0.59277,1.00358,-0.188,-0.188,0.0,0.1795,0.4154,-0.0003,0.8916
1781773867797,4834,-0.74341,0.31836,0.5896,1.00082,0.0,-0.062,0.0,0.1796,0.4154,-0.0003,0.8916
1781773867854,4891,-0.74341,0.31836,0.5896,1.00082,0.0,-0.062,0.0,0.1796,0.4154,-0.0003,0.8916
1781773867854,4891,-0.74512,0.32227,0.58789,1.00233,0.0,-0.188,0.0,0.1796,0.4154,-0.0003,0.8916
1781773867855,4892,-0.74268,0.31958,0.59204,1.0021,0.0,-0.25,0.062,0.1796,0.4154,-0.0003,0.8916
1781773867915,4952,-0.74268,0.31958,0.59204,1.0021,0.0,-0.25,0.062,0.1796,0.4154,-0.0003,0.8916
1781773867915,4952,-0.74512,0.32104,0.58984,1.00309,0.0,0.0,0.062,0.1796,0.4154,-0.0003,0.8916
1781773867917,4954,-0.74316,0.32251,0.59082,1.00268,0.0,0.125,-0.125,0.1796,0.4154,-0.0003,0.8915
1781773867974,5011,-0.74243,0.32056,0.58691,0.99921,0.0,0.0,0.125,0.1796,0.4155,-0.0004,0.8915
1781773867974,5011,-0.74487,0.31934,0.59033,1.00265,0.0,0.0,0.0,0.1796,0.4155,-0.0004,0.8915
1781773867975,5012,-0.74585,0.3208,0.59082,1.00413,0.0,-0.062,-0.062,0.1796,0.4155,-0.0004,0.8915
1781773868041,5078,-0.74585,0.3208,0.59082,1.00413,0.0,-0.062,-0.062,0.1796,0.4155,-0.0004,0.8915
1781773868044,5081,-0.74414,0.32202,0.58691,1.00096,-0.062,-0.125,0.0,0.1796,0.4155,-0.0004,0.8915
1781773868044,5081,-0.74365,0.32178,0.58984,1.00224,0.0,0.0,0.0,0.1796,0.4155,-0.0004,0.8915
1781773868094,5131,-0.74512,0.32153,0.58862,1.00253,0.0,-0.062,-0.125,0.1796,0.4155,-0.0004,0.8915
1781773868094,5131,-0.74341,0.32129,0.59302,1.00377,0.0,0.0,0.062,0.1796,0.4155,-0.0004,0.8915
1781773868095,5132,-0.7439,0.32202,0.59033,1.00278,-0.062,0.0,-0.188,0.1796,0.4154,-0.0004,0.8915
1781773868155,5192,-0.74219,0.3208,0.59058,1.00127,0.125,0.0,0.0,0.1796,0.4154,-0.0004,0.8915
1781773868155,5192,-0.74341,0.32227,0.59204,1.00351,-0.125,-0.062,0.0,0.1797,0.4154,-0.0004,0.8915
1781773868156,5193,-0.74512,0.32104,0.59253,1.00467,-0.062,0.0,0.0,0.1797,0.4155,-0.0004,0.8915
1781773868215,5252,-0.74512,0.32104,0.59253,1.00467,-0.062,0.0,0.0,0.1797,0.4155,-0.0004,0.8915
1781773868215,5252,-0.74292,0.32349,0.59277,1.00397,0.062,0.0,0.062,0.1797,0.4154,-0.0004,0.8915
1781773868215,5252,-0.74438,0.32227,0.59009,1.00308,0.0,-0.125,0.0,0.1797,0.4155,-0.0004,0.8915
1781773868277,5314,-0.74438,0.32227,0.59009,1.00308,0.0,-0.125,0.0,0.1797,0.4155,-0.0004,0.8915
1781773868279,5316,-0.74243,0.32178,0.59253,1.00291,0.0,0.0,-0.062,0.1797,0.4155,-0.0004,0.8915
1781773868279,5316,-0.74243,0.32178,0.59253,1.00291,0.0,0.0,-0.062,0.1797,0.4155,-0.0004,0.8915
1781773868336,5373,-0.74243,0.32178,0.59253,1.00291,0.0,0.0,-0.062,0.1797,0.4155,-0.0004,0.8915
1781773868336,5373,-0.74512,0.32422,0.59082,1.00468,-0.062,0.0,-0.062,0.1798,0.4155,-0.0004,0.8915
1781773868336,5373,-0.74365,0.32104,0.58887,1.00143,0.0,-0.188,-0.062,0.1798,0.4155,-0.0004,0.8915
1781773868400,5437,-0.7439,0.323,0.59131,1.00367,-0.125,-0.062,-0.062,0.1798,0.4155,-0.0004,0.8915
1781773868400,5437,-0.74414,0.32104,0.5896,1.00222,-0.188,0.0,0.0,0.1798,0.4155,-0.0004,0.8915
1781773868400,5437,-0.74316,0.32153,0.59058,1.00223,0.0,0.062,0.125,0.1798,0.4155,-0.0004,0.8915
1781773868457,5494,-0.74536,0.32129,0.59155,1.00435,0.0,-0.125,0.0,0.1798,0.4155,-0.0004,0.8915
1781773868458,5495,-0.74585,0.32202,0.59424,1.00653,0.0,0.0,-0.062,0.1798,0.4155,-0.0004,0.8915
1781773868515,5552,-0.74219,0.32324,0.59106,1.00234,-0.062,0.0,-0.062,0.1798,0.4155,-0.0004,0.8915
1781773868515,5552,-0.74292,0.32007,0.59131,1.00201,0.0,0.0,-0.062,0.1798,0.4155,-0.0004,0.8915
1781773868515,5552,-0.7439,0.32495,0.58594,1.00115,0.0,0.0,0.0,0.1798,0.4155,-0.0004,0.8915
1781773868579,5616,-0.74487,0.32251,0.59058,1.00381,0.125,-0.062,0.0,0.1798,0.4155,-0.0004,0.8915
1781773868579,5616,-0.74097,0.32275,0.5874,0.99912,-0.188,-0.062,0.0,0.1798,0.4155,-0.0004,0.8915
1781773868580,5617,-0.74561,0.32568,0.59009,1.00509,0.0,0.062,0.062,0.1798,0.4155,-0.0004,0.8915
1781773868641,5678,-0.74561,0.32568,0.59009,1.00509,0.0,0.062,0.062,0.1798,0.4155,-0.0004,0.8915
1781773868641,5678,-0.74512,0.32324,0.58838,1.00293,0.0,-0.125,0.0,0.1798,0.4155,-0.0004,0.8915
1781773868641,5678,-0.74268,0.32397,0.59326,1.00423,0.0,0.0,0.0,0.1798,0.4155,-0.0004,0.8915
1781773868694,5731,-0.74438,0.323,0.58862,1.00245,0.0,0.062,0.0,0.1798,0.4155,-0.0004,0.8915
1781773868694,5731,-0.74414,0.32153,0.58984,1.00252,-0.062,-0.125,0.062,0.1798,0.4155,-0.0004,0.8915
1781773868695,5732,-0.74438,0.32129,0.58887,1.00205,0.062,-0.125,0.062,0.1798,0.4155,-0.0004,0.8915
1781773868755,5792,-0.74146,0.32349,0.59033,1.00144,0.0,-0.062,0.0,0.1798,0.4155,-0.0004,0.8915
1781773868755,5792,-0.74316,0.32104,0.59155,1.00265,0.0,0.0,0.0,0.1799,0.4155,-0.0004,0.8915
1781773868755,5792,-0.74683,0.32153,0.59277,1.00624,0.0,-0.062,0.0,0.1799,0.4155,-0.0004,0.8915
1781773868814,5851,-0.74268,0.31958,0.5918,1.00196,0.0,-0.062,0.0,0.1799,0.4155,-0.0004,0.8915
1781773868814,5851,-0.74316,0.32178,0.59009,1.00202,-0.062,0.0,0.0,0.1799,0.4155,-0.0004,0.8915
1781773868816,5853,-0.74414,0.32251,0.5896,1.00269,0.0,0.0,0.0,0.1799,0.4155,-0.0004,0.8915
1781773868874,5911,-0.74609,0.32178,0.5896,1.0039,0.0,-0.062,0.0,0.1799,0.4155,-0.0004,0.8915
1781773868874,5911,-0.74365,0.32446,0.59131,1.00396,0.0,-0.062,0.0,0.1799,0.4155,-0.0004,0.8915
1781773868879,5916,-0.74561,0.32178,0.58887,1.00311,-0.125,-0.188,0.0,0.1799,0.4156,-0.0004,0.8914
1781773868936,5973,-0.74561,0.31909,0.59033,1.00311,0.0,-0.188,0.0,0.1799,0.4156,-0.0004,0.8914
1781773868936,5973,-0.7417,0.32104,0.59326,1.00257,-0.062,-0.125,-0.062,0.1799,0.4155,-0.0004,0.8915
1781773868936,5973,-0.74268,0.32129,0.59082,1.00193,0.0,0.062,0.0,0.1799,0.4155,-0.0004,0.8915
1781773868999,6036,-0.7417,0.32129,0.59277,1.00236,0.0,0.0,0.0,0.1799,0.4155,-0.0004,0.8915
1781773868999,6036,-0.74561,0.32007,0.58936,1.00285,0.0,0.0,0.0,0.1799,0.4155,-0.0004,0.8915
1781773868999,6036,-0.74561,0.32007,0.58936,1.00285,0.0,0.0,0.0,0.1799,0.4155,-0.0004,0.8915
1781773869054,6091,-0.74341,0.31958,0.58911,1.00092,0.0,0.0,-0.125,0.1799,0.4155,-0.0004,0.8914
1781773869054,6091,-0.74146,0.32056,0.58667,0.99835,-0.125,-0.312,0.062,0.1799,0.4155,-0.0004,0.8914
1781773869058,6095,-0.74316,0.32227,0.58862,1.00131,-0.062,-0.312,0.0,0.1799,0.4155,-0.0004,0.8915
1781773869120,6157,-0.74561,0.32056,0.59253,1.00488,0.0,-0.062,0.0,0.1799,0.4155,-0.0004,0.8915
1781773869121,6158,-0.74146,0.31909,0.59546,1.00307,-0.062,-0.312,-0.062,0.1799,0.4155,-0.0004,0.8915
1781773869122,6159,-0.74658,0.32495,0.59106,1.00615,0.0,0.0,0.0,0.1799,0.4155,-0.0004,0.8915
1781773869175,6212,-0.74585,0.32153,0.59009,1.00393,0.0,0.125,0.0,0.1799,0.4155,-0.0004,0.8914
1781773869175,6212,-0.74609,0.31885,0.58643,1.00111,0.0,-0.125,-0.062,0.1799,0.4155,-0.0004,0.8914
1781773869175,6212,-0.74536,0.3252,0.59009,1.00475,0.0,-0.188,-0.062,0.1799,0.4155,-0.0004,0.8914
1781773869237,6274,-0.74341,0.32031,0.59546,1.0049,0.0,-0.188,0.0,0.1799,0.4155,-0.0005,0.8914
1781773869238,6275,-0.74414,0.32031,0.58936,1.00184,-0.125,-0.312,0.125,0.1799,0.4155,-0.0005,0.8915
1781773869238,6275,-0.74414,0.32031,0.58936,1.00184,-0.125,-0.312,0.125,0.1799,0.4155,-0.0005,0.8915
1781773869306,6343,-0.74463,0.323,0.59033,1.00364,0.0,0.0,0.0,0.1799,0.4155,-0.0005,0.8915
1781773869306,6343,-0.74438,0.32324,0.58691,1.00153,0.0,-0.188,0.0,0.1799,0.4155,-0.0004,0.8915
1781773869307,6344,-0.74634,0.32031,0.59009,1.0039,-0.125,0.0,0.0,0.1799,0.4155,-0.0005,0.8914
1781773869355,6392,-0.74634,0.31958,0.58887,1.00295,-0.062,-0.188,-0.25,0.1799,0.4155,-0.0005,0.8914
1781773869355,6392,-0.74463,0.32031,0.5896,1.00235,0.0,-0.25,0.0,0.1799,0.4155,-0.0005,0.8914
1781773869357,6394,-0.74341,0.32275,0.59229,1.00381,-0.062,-0.375,-0.062,0.1799,0.4155,-0.0005,0.8915
1781773869415,6452,-0.74194,0.32373,0.58569,0.99916,0.0,0.0,0.0,0.1799,0.4155,-0.0005,0.8915
1781773869415,6452,-0.7439,0.31909,0.59326,1.00357,-0.125,0.0,0.0,0.1799,0.4155,-0.0005,0.8915
1781773869415,6452,-0.7439,0.31909,0.59326,1.00357,-0.125,0.0,0.0,0.1799,0.4155,-0.0005,0.8915
1781773869476,6513,-0.74438,0.32202,0.59399,1.0053,0.0,-0.125,-0.062,0.1799,0.4154,-0.0005,0.8915
1781773869477,6514,-0.74414,0.323,0.58691,1.00127,0.0,0.125,0.0,0.1799,0.4154,-0.0005,0.8915
1781773869477,6514,-0.74414,0.323,0.58691,1.00127,0.0,0.125,0.0,0.1799,0.4154,-0.0005,0.8915
1781773869536,6573,-0.74438,0.32373,0.59131,1.00427,-0.312,-0.938,-0.312,0.1799,0.4155,-0.0006,0.8914
1781773869537,6574,-0.74561,0.32495,0.59033,1.00499,-0.188,-0.188,0.312,0.1799,0.4155,-0.0005,0.8914
1781773869538,6575,-0.74219,0.32153,0.5896,1.00093,0.0,0.062,-0.062,0.1799,0.4154,-0.0005,0.8915
1781773869595,6632,-0.74219,0.32153,0.5896,1.00093,0.0,0.062,-0.062,0.1799,0.4154,-0.0005,0.8915
1781773869595,6632,-0.74365,0.32031,0.59448,1.0045,0.0,-0.062,-0.125,0.1799,0.4154,-0.0006,0.8915
1781773869595,6632,-0.73535,0.31494,0.5686,0.98145,0.312,2.438,0.0,0.18,0.4155,-0.0005,0.8915
1781773869657,6694,-0.71558,0.30664,0.59766,0.98146,0.0,2.688,-0.688,0.18,0.4155,-0.0005,0.8914
1781773869658,6695,-0.73145,0.31958,0.58447,0.98932,0.25,-0.5,-0.25,0.18,0.4155,-0.0006,0.8914
1781773869658,6695,-0.73145,0.31958,0.58447,0.98932,0.25,-0.5,-0.25,0.18,0.4155,-0.0006,0.8914
1781773869714,6751,-0.73071,0.31372,0.59033,0.99038,0.125,-0.062,0.125,0.18,0.4154,-0.0006,0.8915
1781773869715,6752,-0.72656,0.31616,0.58398,0.98432,0.062,0.062,0.188,0.18,0.4154,-0.0006,0.8915
1781773869716,6753,-0.72656,0.31616,0.58398,0.98432,0.062,0.062,0.188,0.18,0.4154,-0.0006,0.8915
1781773869779,6816,-0.75415,0.32446,0.58813,1.00991,-0.188,0.438,0.0,0.18,0.4153,-0.0006,0.8915
1781773869779,6816,-0.74414,0.32251,0.59326,1.00485,0.0,0.625,0.0,0.18,0.4154,-0.0006,0.8915
1781773869782,6819,-0.74414,0.32251,0.59326,1.00485,0.0,0.625,0.0,0.18,0.4154,-0.0006,0.8915
1781773869834,6871,-0.74219,0.31982,0.59229,1.00196,0.0,0.125,0.125,0.18,0.4155,-0.0006,0.8915
1781773869834,6871,-0.74561,0.32373,0.58838,1.00345,0.0,0.0,-0.062,0.18,0.4155,-0.0006,0.8915
1781773869835,6872,-0.74683,0.32007,0.5896,1.0039,-0.125,-0.562,0.062,0.18,0.4154,-0.0006,0.8915
1781773869894,6931,-0.74194,0.3186,0.59473,1.00284,0.0,0.0,0.062,0.18,0.4154,-0.0006,0.8915
1781773869894,6931,-0.74023,0.31934,0.58984,0.99892,-0.062,-0.312,0.0,0.18,0.4154,-0.0006,0.8915
1781773869895,6932,-0.74561,0.32227,0.59033,1.00413,0.0,0.188,0.0,0.18,0.4154,-0.0006,0.8915
1781773869954,6991,-0.74561,0.32227,0.59033,1.00413,0.0,0.188,0.0,0.18,0.4154,-0.0006,0.8915
1781773869954,6991,-0.74561,0.32275,0.58789,1.00285,0.0,0.188,-0.062,0.1801,0.4155,-0.0006,0.8915
1781773869955,6992,-0.74683,0.31934,0.59155,1.00482,-0.125,-0.312,0.062,0.1801,0.4155,-0.0006,0.8915
1781773870016,7053,-0.74683,0.31934,0.59155,1.00482,-0.125,-0.312,0.062,0.1801,0.4155,-0.0006,0.8915
1781773870016,7053,-0.74487,0.31958,0.59033,1.00273,0.0,-0.438,0.062,0.1801,0.4154,-0.0006,0.8915
1781773870016,7053,-0.74365,0.32153,0.59082,1.00273,0.0,-0.125,0.0,0.1801,0.4154,-0.0006,0.8915
1781773870074,7111,-0.74561,0.32104,0.58911,1.00302,0.0,-0.062,-0.062,0.1801,0.4154,-0.0006,0.8915
1781773870074,7111,-0.74634,0.32373,0.58936,1.00457,0.0,-0.062,0.0,0.1801,0.4154,-0.0006,0.8915
1781773870075,7112,-0.7417,0.3252,0.59009,1.00203,-0.062,0.0,0.062,0.1801,0.4155,-0.0006,0.8914
1781773870137,7174,-0.74609,0.32373,0.59033,1.00496,-0.062,-0.062,0.0,0.1801,0.4155,-0.0006,0.8914
1781773870137,7174,-0.74292,0.32178,0.59009,1.00184,0.0,-0.125,0.0,0.1801,0.4155,-0.0006,0.8914
1781773870138,7175,-0.74731,0.32031,0.59302,1.00635,-0.125,-0.125,0.062,0.1801,0.4154,-0.0006,0.8915
1781773870194,7231,-0.74438,0.32104,0.59082,1.00312,0.0,-0.312,-0.062,0.1801,0.4154,-0.0006,0.8915
1781773870194,7231,-0.7417,0.32178,0.59106,1.00151,0.0,-0.125,0.062,0.1801,0.4154,-0.0006,0.8915
1781773870195,7232,-0.74536,0.32422,0.58838,1.00343,0.0,-0.125,0.062,0.1801,0.4155,-0.0006,0.8914
1781773870254,7291,-0.74536,0.32422,0.58838,1.00343,0.0,-0.125,0.062,0.1801,0.4155,-0.0006,0.8914
1781773870254,7291,-0.74292,0.31982,0.58911,1.00063,0.0,-0.062,-0.062,0.1801,0.4155,-0.0006,0.8914
1781773870257,7294,-0.74487,0.32227,0.59058,1.00373,0.0,0.0,0.0,0.1802,0.4155,-0.0006,0.8914
1781773870315,7352,-0.74463,0.32202,0.5874,1.0016,0.0,-0.188,0.0,0.1802,0.4155,-0.0006,0.8914
1781773870315,7352,-0.74585,0.3186,0.59058,1.00328,-0.25,-0.188,0.0,0.1802,0.4155,-0.0006,0.8914
1781773870315,7352,-0.74438,0.32373,0.59253,1.00499,0.0,0.0,-0.062,0.1802,0.4154,-0.0006,0.8915
1781773870375,7412,-0.74414,0.32251,0.58789,1.00169,0.0,0.0,0.0,0.1802,0.4154,-0.0006,0.8915
1781773870375,7412,-0.74683,0.32373,0.59106,1.00594,-0.062,0.0,0.0,0.1802,0.4155,-0.0006,0.8914
1781773870376,7413,-0.52124,0.20068,1.25757,1.37602,4.688,-23.312,5.938,0.1801,0.4132,0.003,0.8925
1781773870441,7478,-0.63354,0.26294,0.72485,0.99796,7.312,-115.812,-10.938,0.1802,0.4095,0.0018,0.8942
1781773870441,7478,-0.87012,0.34888,0.75293,1.20238,43.062,39.938,-11.062,0.1816,0.4087,0.0,0.8943
1781773870441,7478,-0.82202,0.36646,0.40991,0.98896,17.812,9.0,-10.562,0.1925,0.4328,-0.0093,0.8805
1781773870501,7538,-0.79736,0.37305,0.37036,0.95505,10.875,-2.562,-9.812,0.1928,0.4329,-0.01,0.8804
1781773870501,7538,-0.823,0.43237,0.45825,1.03647,6.812,-9.25,-2.812,0.1931,0.4327,-0.0104,0.8804
1781773870501,7538,-0.7561,0.32495,0.52515,0.97625,-8.188,-67.812,7.188,0.1926,0.4219,-0.0121,0.8858
1781773870555,7592,-0.73291,0.33472,0.63452,1.02558,-5.312,-63.875,8.312,0.1925,0.4193,-0.0122,0.887
1781773870555,7592,-0.74121,0.33594,0.64404,1.0378,0.875,-55.25,9.125,0.1926,0.4158,-0.0124,0.8886
1781773870556,7593,-0.65747,0.36304,0.65552,0.99688,12.75,71.062,9.562,0.1971,0.4104,-0.0085,0.8901
1781773870621,7658,-0.85864,0.36743,0.81763,1.24128,7.625,9.125,10.125,0.1975,0.4115,-0.0081,0.8896
1781773870621,7658,-0.88013,0.3855,0.49438,1.08058,6.75,27.312,10.812,0.1981,0.4121,-0.0076,0.8892
1781773870621,7658,-0.85083,0.36743,0.41479,1.01537,-10.938,-13.812,-11.625,0.2011,0.4291,-0.0084,0.8804
1781773870675,7712,-0.89136,0.40527,0.65674,1.17901,-17.812,-39.875,-10.438,0.2002,0.428,-0.0088,0.8811
1781773870676,7713,-0.83252,0.33862,0.47803,1.01797,-24.75,-86.812,-7.812,0.1992,0.4252,-0.0094,0.8827
1781773870676,7713,-0.80054,0.44458,0.71387,1.16108,-16.875,43.688,-27.75,0.1905,0.4196,-0.0141,0.8873
1781773870737,7774,-0.84253,0.40259,0.58203,1.10031,-28.312,-11.375,-32.438,0.189,0.42,-0.0148,0.8874
1781773870738,7775,-0.96875,0.43921,0.61499,1.22866,-34.312,-25.625,-28.875,0.1872,0.4194,-0.0156,0.888
1781773870738,7775,-0.78027,0.34302,0.6958,1.10028,14.625,8.625,-30.375,0.1805,0.4125,-0.02,0.8925
1781773870795,7832,-0.82251,0.35376,0.66821,1.11722,15.75,-9.812,-30.062,0.1806,0.4125,-0.0216,0.8925
1781773870795,7832,-0.85693,0.35522,0.57593,1.09188,17.062,13.812,-22.688,0.1809,0.413,-0.0234,0.8921
1781773870796,7833,-0.85425,0.16895,0.45996,0.98481,-1.0,-8.75,-7.625,0.1804,0.4118,-0.0294,0.8926
1781773870856,7893,-0.68628,0.40869,0.84546,1.1631,1.0,9.875,0.5,0.1806,0.4118,-0.0293,0.8926
1781773870856,7893,-0.69238,0.3374,0.42139,0.87795,-5.5,-24.438,-9.688,0.1802,0.4112,-0.0297,0.8929
1781773870856,7893,-0.73486,0.18091,0.5542,0.93802,-1.875,-3.5,-88.125,0.1721,0.4083,-0.0401,0.8955
1781773870920,7957,-0.65356,0.3501,0.64819,0.98482,1.812,21.312,-94.0,0.1706,0.4094,-0.0436,0.895
1781773870921,7958,-0.46338,0.75757,0.54932,1.04421,4.438,22.688,-60.375,0.1692,0.4111,-0.0478,0.8944
1781773870923,7960,-0.76562,0.24683,0.57764,0.99034,1.625,-5.062,-13.188,0.1692,0.4108,-0.0549,0.8941
1781773870977,8014,-0.75659,0.25635,0.57031,0.98153,-2.5,-21.062,-11.562,0.1689,0.4102,-0.0555,0.8944
1781773870980,8017,-0.75024,0.23584,0.55298,0.96139,-6.938,-24.688,-11.438,0.1684,0.4094,-0.056,0.8948
1781773870985,8022,-0.8208,0.25293,0.65381,1.07942,-8.438,-59.25,11.438,0.1617,0.3927,-0.0584,0.9033
1781773871034,8071,-0.8208,0.25293,0.65381,1.07942,-8.438,-59.25,11.438,0.1617,0.3927,-0.0584,0.9033
1781773871034,8071,-0.83911,0.24902,0.66235,1.09765,-7.062,-59.25,16.625,0.1615,0.3903,-0.0581,0.9044
1781773871035,8072,-0.59961,0.28394,0.91724,1.13202,-6.5,-91.062,60.375,0.1649,0.3538,-0.0416,0.9196
1781773871103,8140,-0.59204,0.26367,0.90649,1.11435,-3.625,-100.312,55.125,0.1654,0.3495,-0.04,0.9212
1781773871103,8140,-0.5896,0.15649,0.82568,1.02658,-0.125,-100.688,50.312,0.1658,0.3452,-0.0388,0.9229
1781773871104,8141,-0.60986,0.32935,0.61475,0.92645,-9.0,-95.75,70.188,0.1782,0.3048,-0.0238,0.9352
1781773871156,8193,0.12573,0.4812,0.37744,0.62436,-19.688,-87.0,65.75,0.1787,0.3001,-0.0214,0.9367
1781773871156,8193,-0.42432,0.2644,0.48511,0.69662,-47.562,-78.25,16.938,0.177,0.2972,-0.0204,0.9379
1781773871156,8193,-0.54419,0.28882,0.56836,0.83821,0.562,8.062,16.438,0.1655,0.2832,-0.0112,0.9445
1781773871215,8252,-0.4563,0.3064,0.5188,0.7558,-9.688,12.938,15.562,0.1655,0.2835,-0.0104,0.9444
1781773871218,8255,-0.49585,0.28271,0.59521,0.82467,-18.0,19.75,10.688,0.1649,0.2842,-0.0096,0.9443
1781773871218,8255,-0.59546,0.26172,0.63721,0.91055,-24.625,8.188,-2.625,0.1508,0.2905,-0.0031,0.9448
1781773871274,8311,-0.46387,0.28418,0.36938,0.65755,-26.188,42.938,-4.5,0.1499,0.2918,-0.0026,0.9445
1781773871274,8311,-0.56055,0.33301,0.59155,0.88036,-36.688,109.312,-11.875,0.1484,0.296,-0.002,0.9435
1781773871275,8312,-0.56055,0.33301,0.59155,0.88036,-36.688,109.312,-11.875,0.1484,0.296,-0.002,0.9435
1781773871335,8372,-0.5603,0.229,0.75659,0.96892,-27.5,-31.0,7.062,0.1318,0.2968,-0.0018,0.9457
1781773871335,8372,-0.54883,0.23169,0.80298,0.99983,-27.875,-30.75,9.75,0.1303,0.2948,-0.0009,0.9465
1781773871335,8372,-0.65601,0.22559,0.76074,1.02954,-23.812,-19.5,-16.25,0.1208,0.2884,-0.0015,0.9498
1781773871394,8431,-0.64844,0.22119,0.75562,1.01998,-27.375,-23.062,-12.625,0.1195,0.2876,-0.0019,0.9501
1781773871394,8431,-0.64258,0.24194,0.80249,1.05614,-32.875,-26.125,-5.75,0.1175,0.2862,-0.002,0.9508
1781773871405,8442,-0.47803,0.21436,0.85938,1.00647,-6.25,-30.188,0.0,0.1101,0.2749,0.001,0.955
1781773871454,8491,-0.51025,0.23413,0.82153,0.99503,-4.5,-21.938,-2.0,0.1096,0.2728,0.0008,0.9557
1781773871455,8492,-0.53467,0.23828,0.81519,1.00358,-6.312,-13.0,-5.562,0.1091,0.2716,0.0004,0.9561
1781773871456,8493,-0.53467,0.23828,0.81519,1.00358,-6.312,-13.0,-5.562,0.1091,0.2716,0.0004,0.9561
1781773871514,8551,-0.5,0.19409,0.88696,1.03652,1.438,-19.875,10.312,0.1078,0.2662,0.0014,0.9577
1781773871514,8551,-0.50122,0.1853,0.89233,1.04011,3.812,-20.375,9.188,0.108,0.2654,0.0017,0.958
1781773871515,8552,-0.60571,0.22974,0.84424,1.06415,-0.125,-40.5,6.438,0.1096,0.2539,0.0014,0.9609
1781773871574,8611,-0.59644,0.23779,0.81567,1.03808,-0.188,-45.188,10.188,0.1098,0.2521,0.0015,0.9613
1781773871574,8611,-0.57715,0.22461,0.80591,1.01638,-0.438,-44.062,13.625,0.1099,0.2503,0.0019,0.9618
1781773871575,8612,-0.57715,0.22461,0.80591,1.01638,-0.438,-44.062,13.625,0.1099,0.2503,0.0019,0.9618
1781773871634,8671,-0.46924,0.22217,0.84692,0.99339,-1.5,-40.875,7.0,0.1122,0.2306,0.0059,0.9664
1781773871634,8671,-0.46704,0.23511,0.84912,0.9972,-1.125,-41.5,6.625,0.1122,0.2288,0.0061,0.9669
1781773871635,8672,-0.46704,0.23511,0.84912,0.9972,-1.125,-41.5,6.625,0.1122,0.2288,0.0061,0.9669
1781773871695,8732,-0.42114,0.24731,0.84521,0.97617,4.25,-47.75,15.938,0.1145,0.2054,0.0075,0.9718
1781773871695,8732,-0.40747,0.23364,0.85229,0.97315,3.438,-45.562,16.688,0.1148,0.2034,0.0079,0.9722
1781773871696,8733,-0.40747,0.23364,0.85229,0.97315,3.438,-45.562,16.688,0.1148,0.2034,0.0079,0.9722
1781773871755,8792,-0.37695,0.25903,0.94043,1.04575,-9.125,-24.25,3.062,0.1145,0.1906,0.0119,0.9748
1781773871756,8793,-0.42603,0.26904,0.92188,1.05059,-7.938,-23.125,5.562,0.1139,0.1885,0.0121,0.9753
1781773871756,8793,-0.32397,0.23242,0.8999,0.98428,-0.875,-27.188,6.062,0.1141,0.1767,0.0158,0.9774
1781773871817,8854,-0.33301,0.22607,0.89087,0.97757,-0.562,-24.188,4.562,0.1141,0.1757,0.0158,0.9775
1781773871817,8854,-0.3396,0.20215,0.87012,0.95567,0.062,-20.25,4.0,0.1141,0.1748,0.0159,0.9777
1781773871818,8855,-0.33643,0.2312,0.73633,0.84191,-13.438,28.375,-6.25,0.1123,0.1749,0.017,0.9779
1781773871878,8915,-0.33887,0.19336,0.79517,0.88572,-17.562,41.625,-7.5,0.1111,0.1773,0.0169,0.9776
1781773871878,8915,-0.34888,0.19409,0.85352,0.94227,-18.688,46.188,-7.75,0.1107,0.1782,0.017,0.9775
1781773871878,8915,-0.34302,0.14941,0.8501,0.92879,8.125,31.438,8.25,0.1086,0.1947,0.017,0.9746
1781773871937,8974,-0.31665,0.15576,0.79736,0.87196,6.125,32.75,6.562,0.1089,0.196,0.0175,0.9743
1781773871937,8974,-0.32129,0.16064,0.74365,0.82586,3.438,34.0,3.188,0.1091,0.1975,0.0177,0.9739
1781773871937,8974,-0.59741,0.22827,0.75732,0.99124,-4.75,67.062,-9.188,0.1033,0.2202,0.0177,0.9697
1781773871994,9031,-0.57715,0.26978,0.62354,0.89145,-3.688,73.562,-2.562,0.1032,0.2233,0.0178,0.969
1781773871994,9031,-0.55078,0.2627,0.79419,1.00155,-7.375,84.875,3.25,0.1029,0.2268,0.0184,0.9682
1781773871996,9033,-0.20312,0.07886,0.63599,0.67228,1.125,-4.0,-47.75,0.0983,0.2495,0.0173,0.9631
1781773872058,9095,-0.20312,0.07886,0.63599,0.67228,1.125,-4.0,-47.75,0.0983,0.2495,0.0173,0.9631
1781773872058,9095,-0.52026,0.16577,0.37866,0.66448,-9.312,67.0,-47.25,0.0973,0.2551,0.0137,0.9618
1781773872058,9095,-0.59863,0.18433,0.6333,0.89073,-32.25,79.688,-38.312,0.0823,0.281,0.0134,0.956
1781773872116,9153,-0.69263,0.19189,0.63159,0.9568,-44.0,98.75,-31.125,0.0792,0.2871,0.0125,0.9544
1781773872116,9153,-0.63818,0.17773,0.6333,0.91648,-55.75,96.25,-24.25,0.0767,0.2912,0.0124,0.9534
1781773872116,9153,-0.66089,0.13257,0.77905,1.03018,-70.938,111.25,-34.438,0.0456,0.3305,0.0125,0.9425
1781773872179,9216,-0.76831,0.14844,0.90283,1.19476,-74.688,112.812,-37.562,0.0385,0.3397,0.0121,0.9396
1781773872180,9217,-0.8147,0.15698,0.91895,1.23808,-74.0,111.188,-37.562,0.0368,0.3419,0.012,0.9388
1781773872180,9217,-0.84888,0.04639,0.83765,1.19348,-47.625,81.25,50.438,0.0162,0.3773,0.0231,0.9255
1781773872234,9271,-0.84888,0.04639,0.83765,1.19348,-47.625,81.25,50.438,0.0162,0.3773,0.0231,0.9255
1781773872234,9271,-0.78149,0.01147,0.91382,1.20247,-39.188,72.188,44.438,0.0136,0.3845,0.0298,0.9224
1781773872235,9272,-0.77417,0.06201,1.03149,1.29119,-4.625,30.688,55.125,0.0092,0.4019,0.0511,0.9141
1781773872299,9336,-0.76929,0.07056,1.02979,1.28734,5.125,27.688,52.938,0.0101,0.4028,0.0532,0.9135
1781773872299,9336,-0.80786,0.08325,1.0083,1.2947,17.688,23.75,49.688,0.0122,0.4042,0.0558,0.9127
1781773872299,9336,-0.79712,0.07812,0.80615,1.13639,48.688,-4.875,47.438,0.0311,0.4095,0.0686,0.9091
1781773872354,9391,-0.83398,0.09375,0.63379,1.05167,44.75,-7.375,45.188,0.0337,0.4094,0.0695,0.9089
1781773872354,9391,-0.82153,0.1106,0.70972,1.09126,29.812,0.312,43.562,0.0379,0.4091,0.0717,0.9088
1781773872355,9392,-0.81592,0.26855,0.86719,1.2206,51.375,-16.375,84.875,0.0601,0.4011,0.0848,0.91
1781773872417,9454,-0.74731,0.22363,0.93604,1.21846,54.312,-8.312,93.125,0.0637,0.4005,0.0875,0.9097
1781773872417,9454,-0.69043,0.10059,1.00195,1.22095,61.375,-2.75,94.312,0.0675,0.4002,0.0901,0.9094
1781773872417,9454,-0.37744,0.05591,0.84302,0.92535,140.938,-32.062,57.312,0.1202,0.3944,0.1007,0.9053
1781773872474,9511,-0.37744,0.05591,0.84302,0.92535,140.938,-32.062,57.312,0.1202,0.3944,0.1007,0.9053
1781773872474,9511,-0.56152,0.17334,0.74683,0.95032,130.312,-37.688,36.562,0.1293,0.3929,0.0996,0.9049
1781773872475,9512,-0.35571,0.29443,0.64771,0.79545,82.938,-152.625,89.188,0.1793,0.354,0.1038,0.9119
1781773872534,9571,-0.25928,0.30469,0.63647,0.75177,88.0,-158.75,77.75,0.1846,0.3475,0.1045,0.9132
1781773872594,9631,-0.16821,0.28613,0.59961,0.68535,91.25,-167.0,56.375,0.1925,0.3375,0.1043,0.9154
1781773872594,9631,-0.39746,0.37061,0.75537,0.93054,117.188,-170.625,-12.812,0.2358,0.2772,0.0805,0.9278
1781773872594,9631,-0.45898,0.42114,0.64575,0.89723,120.438,-157.688,-15.875,0.2409,0.2714,0.0769,0.9285
1781773872657,9694,-0.62231,0.53247,0.41772,0.9194,115.812,-147.938,-14.0,0.2512,0.2609,0.0697,0.9294
1781773872657,9694,-0.33374,0.48828,0.59937,0.84205,59.125,-100.438,-0.562,0.2788,0.2221,0.0507,0.9328
1781773872659,9696,-0.50195,0.59058,0.35962,0.85444,60.125,-9.812,-2.875,0.3055,0.2014,0.0303,0.93
1781773872713,9750,-0.50195,0.59058,0.35962,0.85444,60.125,-9.812,-2.875,0.3055,0.2014,0.0303,0.93
1781773872714,9751,-0.51709,0.5979,0.26343,0.83322,46.5,-1.562,3.062,0.3076,0.2015,0.0298,0.9293
1781773872714,9751,-0.32739,0.55518,0.57593,0.86435,9.688,12.375,-3.25,0.3106,0.2069,0.0344,0.927
1781773872777,9814,-0.32739,0.55518,0.57593,0.86435,9.688,12.375,-3.25,0.3106,0.2069,0.0344,0.927
1781773872777,9814,-0.34253,0.55957,0.55884,0.86183,5.062,14.812,-1.438,0.3109,0.2075,0.0344,0.9268
1781773872777,9814,-0.54565,0.65015,0.72437,1.11586,5.25,2.625,-24.875,0.3082,0.215,0.0294,0.9261
1781773872834,9871,-0.56958,0.64502,0.69043,1.10325,7.875,0.562,-21.812,0.3084,0.2155,0.0285,0.926
1781773872834,9871,-0.55151,0.64038,0.60156,1.03737,10.625,-5.875,-12.5,0.309,0.2158,0.0269,0.9257
1781773872847,9884,-0.36182,0.59814,0.75,1.02527,-1.938,-21.062,-25.25,0.3079,0.2133,0.0217,0.9268
1781773872897,9934,-0.36182,0.59814,0.75,1.02527,-1.938,-21.062,-25.25,0.3079,0.2133,0.0217,0.9268
1781773872897,9934,-0.40259,0.5769,0.75171,1.02954,1.438,-25.688,-28.0,0.3074,0.2122,0.0189,0.9273
1781773872905,9942,-0.42163,0.58447,0.6687,0.98313,7.0,-12.25,3.0,0.3093,0.2054,0.0106,0.9284
1781773872953,9990,-0.41772,0.58081,0.69141,0.99493,6.312,-10.938,4.938,0.3096,0.2049,0.0106,0.9284
1781773872954,9991,-0.41064,0.57764,0.70581,1.00023,6.375,-10.438,5.75,0.3099,0.2044,0.0106,0.9284
1781773872955,9992,-0.41064,0.57764,0.70581,1.00023,6.375,-10.438,5.75,0.3099,0.2044,0.0106,0.9284
1781773873022,10059,-0.4043,0.60376,0.74658,1.04181,-0.938,5.5,12.75,0.3117,0.2024,0.0136,0.9282
1781773873022,10059,-0.3772,0.57764,0.69678,0.98053,0.875,8.438,12.25,0.312,0.2026,0.015,0.928
1781773873022,10059,-0.40308,0.59473,0.74487,1.03489,-8.938,15.938,-4.125,0.3098,0.2075,0.0194,0.9276
1781773873074,10111,-0.41235,0.60352,0.75024,1.04744,-9.312,15.938,-4.375,0.3094,0.2081,0.0195,0.9276
1781773873074,10111,-0.41943,0.60229,0.75928,1.05602,-9.188,15.875,-4.5,0.309,0.2089,0.0196,0.9275
1781773873075,10112,-0.37622,0.57617,0.70776,0.98714,-6.812,4.812,-5.5,0.3056,0.2141,0.0197,0.9274
1781773873134,10171,-0.37183,0.57422,0.72314,0.99545,-7.25,4.438,-6.25,0.3052,0.2143,0.0196,0.9275
1781773873134,10171,-0.36938,0.57202,0.73364,1.00094,-7.375,1.312,-7.312,0.3049,0.2144,0.0194,0.9276
1781773873135,10172,-0.36084,0.56445,0.73779,0.99657,-1.062,-11.938,4.25,0.3031,0.2127,0.0175,0.9286
1781773873193,10230,-0.35791,0.56128,0.73706,0.99317,0.0,-13.0,4.062,0.3032,0.2121,0.0175,0.9287
1781773873194,10231,-0.35791,0.58105,0.72217,0.9936,0.812,-11.875,3.438,0.3033,0.2113,0.0175,0.9289
1781773873195,10232,-0.34912,0.56201,0.71094,0.97117,2.5,-3.062,9.75,0.3048,0.208,0.0183,0.9291
1781773873257,10294,-0.3374,0.56323,0.71875,0.97348,1.625,-1.5,7.25,0.3049,0.2077,0.0186,0.9291
1781773873258,10295,-0.34961,0.57202,0.72974,0.99093,0.562,-1.938,4.5,0.305,0.2076,0.0188,0.9291
1781773873258,10295,-0.38721,0.58081,0.72583,1.00703,-4.25,8.75,-7.562,0.3037,0.2088,0.0178,0.9293
1781773873314,10351,-0.39429,0.57715,0.7207,1.00398,-4.0,9.875,-9.625,0.3034,0.2092,0.0176,0.9293
1781773873315,10352,-0.40771,0.57886,0.71924,1.00926,-4.312,12.312,-11.312,0.3032,0.2098,0.0173,0.9293
1781773873315,10352,-0.40771,0.57886,0.71924,1.00926,-4.312,12.312,-11.312,0.3032,0.2098,0.0173,0.9293
1781773873383,10420,-0.4021,0.56079,0.7417,1.01306,-12.312,8.75,-6.25,0.299,0.2164,0.0164,0.9291
1781773873383,10420,-0.39746,0.56274,0.73926,1.01052,-11.875,7.125,-5.438,0.2984,0.2167,0.0164,0.9292
1781773873383,10420,-0.39746,0.56274,0.73926,1.01052,-11.875,7.125,-5.438,0.2984,0.2167,0.0164,0.9292
1781773873434,10471,-0.42285,0.55713,0.75415,1.02856,-4.25,9.625,-1.625,0.2944,0.2208,0.0171,0.9296
1781773873434,10471,-0.42627,0.56299,0.75049,1.03048,-2.625,9.0,1.5,0.2941,0.2213,0.0173,0.9295
1781773873434,10471,-0.42139,0.56738,0.72095,1.00958,-2.375,14.5,-1.938,0.2939,0.2252,0.0203,0.9285
1781773873498,10535,-0.42383,0.57153,0.72876,1.01851,-0.75,16.562,-2.312,0.2938,0.2265,0.0205,0.9283
1781773873498,10535,-0.4314,0.58032,0.73242,1.02923,-0.188,15.438,-2.25,0.2937,0.2272,0.0206,0.9281
1781773873498,10535,-0.36621,0.5376,0.65649,0.92418,8.125,41.375,-4.062,0.295,0.2363,0.0222,0.9254
1781773873556,10593,-0.35938,0.53345,0.65942,0.92117,7.938,46.312,-5.688,0.2952,0.2382,0.0224,0.9249
1781773873556,10593,-0.36426,0.5293,0.66919,0.92771,7.938,51.938,-7.5,0.2954,0.2402,0.0227,0.9243
1781773873557,10594,-0.5437,0.53784,0.698,1.03542,9.688,118.438,-14.25,0.2963,0.2755,0.026,0.914
1781773873614,10651,-0.54102,0.52319,0.67505,1.011,9.75,127.25,-12.5,0.2963,0.2805,0.0269,0.9124
1781773873614,10651,-0.54346,0.52783,0.66357,1.00712,9.25,136.75,-11.75,0.2964,0.286,0.028,0.9107
1781773873615,10652,-0.54346,0.52783,0.66357,1.00712,9.25,136.75,-11.75,0.2964,0.286,0.028,0.9107
1781773873675,10712,-0.62402,0.58691,0.65332,1.07736,34.25,218.438,3.688,0.2979,0.3577,0.0447,0.8838
1781773873675,10712,-0.5625,0.54614,0.59375,0.98347,39.5,221.812,9.125,0.3,0.3743,0.0498,0.8759
1781773873675,10712,-0.76978,0.59961,0.39062,1.05103,22.938,211.0,-5.75,0.3056,0.4476,0.0695,0.8373
1781773873735,10772,-0.79541,0.59912,0.38403,1.06729,19.188,203.875,-3.5,0.3057,0.4551,0.0717,0.8331
1781773873740,10777,-0.81616,0.60107,0.37427,1.0805,16.438,198.25,-0.312,0.3056,0.4624,0.0739,0.8289
1781773873740,10777,-0.67407,0.55371,0.30054,0.92265,23.438,145.0,9.438,0.3096,0.5256,0.1,0.7859
1781773873794,10831,-0.69971,0.58643,0.29395,0.95911,26.938,135.75,-1.438,0.3103,0.535,0.1027,0.7789
1781773873794,10831,-0.72949,0.59058,0.28467,0.9808,29.188,130.062,-5.188,0.3105,0.5396,0.1036,0.7755
1781773873795,10832,-0.89746,0.65015,0.12451,1.11518,33.062,67.125,5.062,0.3143,0.5667,0.1063,0.7539
1781773873854,10891,-0.85352,0.61694,0.104,1.05827,32.5,65.5,12.938,0.3159,0.57,0.1069,0.7507
1781773873854,10891,-0.83667,0.60352,0.08936,1.03549,32.062,59.938,16.0,0.317,0.572,0.1074,0.7487
1781773873854,10891,-0.69556,0.58105,0.0625,0.90848,21.062,55.75,-2.0,0.3251,0.5875,0.1106,0.7326
1781773873914,10951,-0.69556,0.58105,0.0625,0.90848,21.062,55.75,-2.0,0.3251,0.5875,0.1106,0.7326
1781773873914,10951,-0.71069,0.5874,0.11938,0.92972,21.625,53.25,-7.375,0.3256,0.5912,0.1107,0.7293
1781773873915,10952,-0.87964,0.63818,-0.02905,1.08715,28.562,60.688,-7.375,0.3282,0.611,0.1075,0.7122
1781773873976,11013,-0.85669,0.6438,-0.09888,1.07618,21.688,58.5,2.312,0.3294,0.6159,0.1079,0.7073
1781773873976,11013,-0.85474,0.63794,-0.11426,1.07266,17.562,57.812,6.5,0.3299,0.6177,0.1083,0.7054
1781773873977,11014,-0.76636,0.6062,0.02026,0.97734,-4.188,38.312,12.375,0.3317,0.6292,0.1185,0.6926
1781773874034,11071,-0.77637,0.61108,0.02026,0.98822,-3.562,36.562,11.062,0.3317,0.6301,0.1195,0.6917
1781773874034,11071,-0.78003,0.60864,0.00732,0.98942,-2.5,35.562,10.688,0.3317,0.631,0.1204,0.6907
1781773874035,11072,-0.72607,0.62231,-0.05151,0.95766,-1.938,25.062,15.562,0.3331,0.6386,0.1296,0.6813
1781773874095,11132,-0.70947,0.61182,-0.04639,0.93799,-2.312,24.25,14.562,0.3333,0.639,0.1305,0.6806
1781773874095,11132,-0.69434,0.60645,-0.04175,0.92283,-2.375,21.688,12.562,0.3334,0.6395,0.1312,0.6799
1781773874095,11132,-0.8418,0.61377,-0.03149,1.04227,-5.812,-3.125,-7.062,0.3317,0.6421,0.1331,0.678
1781773874158,11195,-0.8418,0.61377,-0.03149,1.04227,-5.812,-3.125,-7.062,0.3317,0.6421,0.1331,0.678
1781773874158,11195,-0.85522,0.6189,-0.02539,1.05598,-5.125,-7.0,-3.125,0.3313,0.6419,0.1329,0.6784
1781773874158,11195,-0.74805,0.63965,-0.04712,0.98537,-8.75,-47.0,0.25,0.3327,0.6337,0.1325,0.6855
1781773874214,11251,-0.76709,0.63403,-0.02905,0.99562,-12.438,-53.25,0.375,0.3326,0.6298,0.1314,0.6893
1781773874214,11251,-0.77979,0.64087,-0.01978,1.00954,-12.188,-55.0,1.25,0.3325,0.6281,0.1311,0.691
1781773874216,11253,-0.76392,0.62354,0.06348,0.98813,-21.938,-70.562,9.562,0.333,0.6092,0.1285,0.708
1781773874277,11314,-0.76367,0.62915,0.07666,0.99242,-19.688,-70.625,10.25,0.333,0.6068,0.1283,0.71
1781773874279,11316,-0.74829,0.62817,0.09302,0.98142,-16.375,-68.625,10.312,0.3331,0.6044,0.1281,0.712
1781773874281,11318,-0.74609,0.6394,0.11108,0.98885,-23.188,-78.375,13.188,0.3347,0.5772,0.1251,0.7341
1781773874335,11372,-0.74585,0.6416,0.12061,0.99121,-21.812,-77.0,11.438,0.3347,0.5731,0.1248,0.7374
1781773874335,11372,-0.74951,0.66382,0.11255,1.00752,-22.188,-78.562,9.438,0.3347,0.5704,0.1245,0.7395
1781773874336,11373,-0.70874,0.62305,0.13696,0.95355,-30.438,-73.312,0.0,0.3326,0.549,0.1224,0.7568
1781773874393,11430,-0.71362,0.63721,0.14087,0.96702,-32.25,-74.125,-2.375,0.3319,0.5465,0.1221,0.759
1781773874394,11431,-0.71997,0.64722,0.14893,0.9795,-32.938,-75.625,-4.5,0.3312,0.5439,0.1217,0.7612
1781773874395,11432,-0.75977,0.62085,0.19556,1.00047,-57.812,-88.25,-18.312,0.316,0.5153,0.1164,0.7879
1781773874454,11491,-0.74878,0.59351,0.20801,0.97785,-60.812,-82.812,-19.0,0.314,0.5125,0.116,0.7907
1781773874455,11492,-0.77832,0.61938,0.24634,1.02475,-66.0,-89.125,-22.188,0.3106,0.5081,0.1152,0.7949
1781773874455,11492,-0.74951,0.59912,0.37061,1.02862,-73.812,-113.0,-24.0,0.2866,0.4749,0.11,0.8247
1781773874513,11550,-0.75415,0.59937,0.36499,1.03015,-74.25,-112.938,-20.25,0.2841,0.4708,0.1094,0.8279
1781773874515,11552,-0.7312,0.58179,0.40259,1.01745,-73.188,-105.5,-13.0,0.2804,0.4647,0.1088,0.8327
1781773874515,11552,-0.63623,0.50171,0.54761,0.97794,-60.375,-104.5,-1.188,0.2595,0.4218,0.1049,0.8623
1781773874576,11613,-0.63623,0.50171,0.54761,0.97794,-60.375,-104.5,-1.188,0.2595,0.4218,0.1049,0.8623
1781773874576,11613,-0.58984,0.4917,0.61401,0.98321,-54.375,-102.125,-2.938,0.2561,0.4136,0.1045,0.8673
1781773874576,11613,-0.68604,0.53857,0.54199,1.02687,-44.25,-86.938,-11.75,0.2441,0.3825,0.0989,0.8855
1781773874633,11670,-0.69531,0.52148,0.52197,1.01383,-44.625,-82.688,-5.75,0.2412,0.3759,0.098,0.8892
1781773874634,11671,-0.66333,0.51318,0.53369,0.99408,-46.688,-76.188,-0.125,0.239,0.3712,0.0977,0.8918
1781773874634,11671,-0.52026,0.47119,0.59814,0.92221,-52.0,-65.75,-16.25,0.2246,0.345,0.098,0.9059
1781773874698,11735,-0.55737,0.47852,0.6189,0.96056,-55.125,-65.125,-19.562,0.2225,0.3424,0.0974,0.9075
1781773874698,11735,-0.61255,0.49268,0.65332,1.02214,-57.688,-65.562,-20.938,0.2191,0.3386,0.0964,0.9099
1781773874698,11735,-0.52637,0.4314,0.65308,0.94323,-57.438,-54.5,5.125,0.2008,0.3153,0.0963,0.9224
1781773874755,11792,-0.49268,0.42847,0.6958,0.95418,-60.25,-50.312,2.875,0.1976,0.3117,0.0971,0.9242
1781773874755,11792,-0.47681,0.40869,0.72266,0.9574,-59.812,-45.375,-4.312,0.1932,0.3074,0.0979,0.9265
1781773874755,11792,-0.51172,0.39111,0.77783,1.00988,-54.062,-69.875,-0.5,0.175,0.2872,0.0993,0.9363
1781773874821,11858,-0.50879,0.39551,0.77759,1.00992,-53.125,-73.562,-1.5,0.1732,0.2841,0.0994,0.9376
1781773874821,11858,-0.50732,0.40308,0.75537,0.99521,-52.688,-76.562,-2.875,0.1713,0.2808,0.0994,0.939
1781773874821,11858,-0.46362,0.34863,0.83594,1.01749,-43.5,-83.688,1.75,0.1548,0.2466,0.0992,0.9514
1781773874874,11911,-0.45728,0.34814,0.84521,1.0221,-41.562,-80.562,3.562,0.1535,0.2431,0.0993,0.9525
1781773874878,11915,-0.44019,0.35669,0.85205,1.02322,-40.375,-79.562,5.25,0.1522,0.2396,0.0994,0.9536
1781773874879,11916,-0.34424,0.30859,0.88086,0.99481,-36.0,-86.75,5.688,0.1416,0.2027,0.0997,0.9637
1781773874942,11979,-0.34424,0.30859,0.88086,0.99481,-36.0,-86.75,5.688,0.1416,0.2027,0.0997,0.9637
1781773874942,11979,-0.3501,0.31958,0.90186,1.01884,-35.5,-86.5,6.312,0.1406,0.1989,0.0998,0.9646
1781773874942,11979,-0.33105,0.29224,0.8833,0.98753,-30.625,-46.125,22.0,0.1299,0.1668,0.1047,0.9716
1781773874997,12034,-0.33105,0.29224,0.8833,0.98753,-30.625,-46.125,22.0,0.1299,0.1668,0.1047,0.9716
1781773874997,12034,-0.32153,0.29761,0.87573,0.97921,-31.5,-42.5,22.625,0.129,0.1647,0.1057,0.9721
1781773874997,12034,-0.26465,0.25146,0.97974,1.04554,-48.625,-24.062,20.125,0.1118,0.1469,0.1168,0.9758
1781773875057,12094,-0.24854,0.23145,0.99292,1.04939,-47.5,-22.75,18.812,0.1099,0.1455,0.1177,0.976
1781773875057,12094,-0.26367,0.23096,1.0061,1.06541,-46.062,-22.0,16.938,0.1082,0.1443,0.1187,0.9763
1781773875058,12095,-0.21997,0.2229,0.95093,1.00117,-52.562,-17.875,15.625,0.0913,0.1342,0.1278,0.9783
1781773875120,12157,-0.22021,0.20801,0.96973,1.01594,-51.562,-17.375,14.375,0.0893,0.1331,0.1286,0.9785
1781773875120,12157,-0.23193,0.20923,0.96704,1.01624,-50.75,-17.75,13.188,0.0874,0.132,0.1293,0.9788
1781773875120,12157,-0.13232,0.17358,0.94043,0.96543,-30.75,-17.188,18.375,0.0722,0.124,0.1391,0.9797
1781773875175,12212,-0.13452,0.177,0.93311,0.95922,-33.312,-21.125,15.25,0.071,0.1229,0.1399,0.9798
1781773875175,12212,-0.14087,0.18042,0.94604,0.97334,-35.0,-22.375,12.625,0.0698,0.1217,0.1406,0.98
1781773875175,12212,-0.22974,0.12256,1.08081,1.11173,-23.438,-27.312,18.75,0.0581,0.1074,0.1453,0.9817
1781773875234,12271,-0.19995,0.12085,1.07593,1.101,-21.25,-26.125,19.625,0.0574,0.1062,0.1461,0.9818
1781773875234,12271,-0.17871,0.11353,1.07544,1.09608,-19.75,-24.438,19.438,0.0568,0.1049,0.147,0.9818
1781773875235,12272,-0.15723,0.12354,1.03979,1.05885,-15.75,-15.875,7.25,0.0526,0.0955,0.1526,0.9821
1781773875294,12331,-0.15552,0.1145,1.04492,1.06262,-15.0,-16.562,6.5,0.052,0.0946,0.1529,0.9822
1781773875294,12331,-0.17017,0.1228,1.05688,1.07752,-13.438,-14.0,6.812,0.0516,0.0939,0.1532,0.9822
1781773875295,12332,-0.13916,0.10156,1.08545,1.09904,1.312,15.125,6.188,0.0497,0.0921,0.1569,0.9819
1781773875356,12393,-0.16113,0.10864,1.09473,1.11184,3.562,18.5,7.125,0.0498,0.0929,0.1572,0.9818
1781773875357,12394,-0.15576,0.10278,1.09155,1.10739,6.75,24.438,9.75,0.0498,0.0938,0.1577,0.9816
1781773875357,12394,-0.15576,0.10278,1.09155,1.10739,6.75,24.438,9.75,0.0498,0.0938,0.1577,0.9816
1781773875413,12450,-0.22363,0.12036,1.14795,1.17571,32.75,65.5,6.125,0.0557,0.1156,0.1614,0.9784
1781773875413,12450,-0.2356,0.11987,1.12573,1.15635,38.75,67.438,10.375,0.0568,0.1186,0.1618,0.9779
1781773875415,12452,-0.39355,0.16699,1.12622,1.20463,62.688,149.875,28.875,0.0709,0.1679,0.1709,0.9681
1781773875476,12513,-0.36963,0.15527,1.13062,1.19959,70.375,144.062,44.812,0.0749,0.1807,0.1741,0.965
1781773875477,12514,-0.34692,0.14966,1.14307,1.20389,74.062,145.75,47.562,0.0772,0.1871,0.1759,0.9633
1781773875477,12514,-0.42676,0.23193,1.00879,1.11963,117.0,169.562,67.625,0.1019,0.244,0.1911,0.9451
1781773875536,12573,-0.42188,0.28247,0.85547,0.99478,123.125,172.938,73.938,0.1083,0.2555,0.1947,0.9407
1781773875536,12573,-0.42114,0.30615,0.76562,0.92589,122.625,172.438,77.188,0.1127,0.2631,0.1972,0.9375
1781773875536,12573,-0.42114,0.30615,0.76562,0.92589,122.625,172.438,77.188,0.1127,0.2631,0.1972,0.9375
1781773875594,12631,-0.67017,0.37183,0.88916,1.17388,119.812,167.25,89.5,0.1522,0.3469,0.2235,0.8979
1781773875594,12631,-0.62793,0.3645,0.91626,1.16905,125.562,167.125,96.125,0.1567,0.3538,0.2265,0.8937
1781773875596,12633,-0.56079,0.49805,0.59009,0.95433,165.562,169.688,98.812,0.2099,0.4211,0.2501,0.8461
1781773875653,12690,-0.56689,0.50977,0.56274,0.94758,165.75,168.938,101.188,0.2159,0.428,0.2523,0.8404
1781773875654,12691,-0.5498,0.521,0.5376,0.92883,165.625,164.688,103.938,0.2219,0.4348,0.2545,0.8347
1781773875655,12692,-0.5498,0.521,0.5376,0.92883,165.625,164.688,103.938,0.2219,0.4348,0.2545,0.8347
1781773875716,12753,-0.61133,0.70166,0.26587,0.96785,147.688,85.125,84.312,0.2923,0.4971,0.2719,0.7702
1781773875717,12754,-0.61646,0.72314,0.24683,0.98177,146.5,75.75,84.688,0.298,0.5004,0.2725,0.7656
1781773875717,12754,-0.3501,0.77148,0.11621,0.85514,114.812,5.5,68.75,0.3497,0.5139,0.2742,0.7336
1781773875777,12814,-0.34985,0.77515,0.12744,0.85994,114.0,-3.312,57.438,0.3572,0.5144,0.2733,0.7299
1781773875777,12814,-0.37305,0.78613,0.11987,0.87837,114.562,-8.125,49.625,0.362,0.5148,0.2723,0.7277
1781773875777,12814,-0.49902,0.82812,0.0166,0.967,87.312,-38.938,35.25,0.4027,0.5133,0.2578,0.7125
1781773875836,12873,-0.48486,0.83105,0.00732,0.96218,84.75,-38.75,32.875,0.4066,0.5125,0.2562,0.7114
1781773875836,12873,-0.4873,0.84717,0.01196,0.9774,82.188,-37.188,30.188,0.4102,0.5117,0.2547,0.7105
1781773875843,12880,-0.39673,0.84106,-0.02539,0.93028,58.438,-8.75,10.5,0.4379,0.5078,0.2422,0.701
1781773875899,12936,-0.44189,0.84839,-0.04248,0.95752,54.312,-2.062,3.438,0.4407,0.5083,0.2405,0.6994
1781773875899,12936,-0.47461,0.87012,-0.03809,0.99187,51.875,2.5,-0.188,0.4424,0.5089,0.2394,0.6984
1781773875899,12936,-0.47461,0.87012,-0.03809,0.99187,51.875,2.5,-0.188,0.4424,0.5089,0.2394,0.6984
1781773875961,12998,-0.58008,0.88721,-0.07861,1.06292,34.438,12.312,31.438,0.4574,0.5143,0.2329,0.6868
1781773875961,12998,-0.53101,0.87549,-0.08862,1.02777,30.938,13.0,34.312,0.459,0.5144,0.2334,0.6856
1781773875961,12998,-0.54102,0.87598,0.01929,1.02976,6.625,12.75,21.875,0.4669,0.5145,0.2397,0.6779
1781773876017,13054,-0.56714,0.87793,0.03906,1.04591,7.75,13.625,26.0,0.4677,0.5145,0.2409,0.6768
1781773876018,13055,-0.58179,0.90039,0.03638,1.07261,9.375,13.562,29.125,0.4685,0.5145,0.2418,0.6761
1781773876019,13056,-0.47729,0.90845,0.03638,1.02684,15.688,18.438,53.312,0.4803,0.512,0.2556,0.6644
1781773876075,13112,-0.48755,0.91113,0.02734,1.03374,16.5,16.125,53.188,0.4817,0.5116,0.2571,0.6632
1781773876076,13113,-0.48877,0.90796,0.01709,1.0313,17.5,14.062,53.438,0.4832,0.5111,0.2586,0.6619
1781773876076,13113,-0.51172,0.94824,-0.03516,1.07808,13.25,-12.875,80.25,0.4995,0.5011,0.2719,0.652
1781773876138,13175,-0.48877,0.948,-0.03613,1.06719,13.125,-16.562,84.188,0.5018,0.499,0.2736,0.6511
1781773876139,13176,-0.42114,0.94629,-0.03979,1.03654,12.812,-21.875,88.812,0.5055,0.4956,0.2762,0.6498
1781773876139,13176,-0.25439,0.93335,-0.08594,0.97121,9.125,-60.062,91.812,0.5336,0.4644,0.2883,0.645
1781773876196,13233,-0.24365,0.93872,-0.07812,0.97297,10.375,-63.25,90.5,0.5394,0.457,0.29,0.6447
1781773876197,13234,-0.25269,0.95581,-0.0647,0.99076,9.938,-63.625,90.312,0.5408,0.4552,0.2905,0.6447
1781773876197,13234,-0.1228,0.95117,-0.07178,0.96175,8.125,-67.5,91.25,0.5668,0.4202,0.2969,0.6432
1781773876258,13295,-0.11255,0.95312,-0.06445,0.96191,4.5,-66.375,88.25,0.5722,0.4124,0.2985,0.6428
1781773876259,13296,-0.11401,0.96655,-0.05493,0.9748,1.75,-65.625,86.125,0.5746,0.4084,0.2992,0.6428
1781773876259,13296,-0.0752,0.96216,0.02759,0.96549,8.375,-38.875,71.438,0.5933,0.3772,0.3058,0.6418
1781773876314,13351,-0.06201,0.97046,0.02612,0.97279,10.312,-33.125,71.812,0.5952,0.3745,0.3067,0.6412
1781773876316,13353,-0.01636,0.93091,-0.00879,0.93109,11.688,-30.812,71.438,0.598,0.3707,0.3082,0.64
1781773876316,13353,0.19409,0.90747,-0.07788,0.93126,-12.938,-14.188,22.438,0.6095,0.3531,0.3174,0.6347
1781773876376,13413,0.18091,0.91455,-0.06177,0.93432,-15.75,-14.062,12.812,0.6096,0.3521,0.3178,0.635
1781773876376,13413,0.15845,0.92798,-0.05518,0.94302,-19.812,-14.812,1.312,0.6093,0.3508,0.3178,0.6359
1781773876376,13413,0.01343,0.99219,-0.03735,0.99298,-41.75,3.875,-22.5,0.5983,0.3494,0.3182,0.6469
1781773876435,13472,0.01343,0.99219,-0.03735,0.99298,-41.75,3.875,-22.5,0.5983,0.3494,0.3182,0.6469
1781773876435,13472,-0.0144,1.00586,-0.07373,1.00866,-47.062,-0.188,-28.438,0.5958,0.3496,0.3182,0.6491
1781773876441,13478,-0.07983,1.02197,-0.19165,1.04285,-129.188,-26.688,-78.125,0.5684,0.3468,0.3134,0.6768
1781773876494,13531,-0.14136,1.00073,-0.16553,1.02413,-138.875,-30.75,-84.938,0.5637,0.3462,0.3122,0.6816
1781773876494,13531,-0.2439,0.96216,-0.08032,0.99583,-153.875,-34.75,-92.125,0.5532,0.3447,0.3096,0.6921
1781773876494,13531,0.25391,0.8396,0.01733,0.87732,-173.188,13.25,-30.5,0.5018,0.3311,0.3139,0.7347
1781773876553,13590,0.29639,0.77588,0.05322,0.83227,-182.438,20.938,-51.062,0.4953,0.3301,0.3155,0.7388
1781773876553,13590,0.177,0.71436,0.11816,0.74538,-198.562,23.688,-97.5,0.484,0.3298,0.3165,0.746
1781773876554,13591,-0.83008,0.75464,0.50952,1.23212,-202.5,88.0,-60.688,0.3948,0.3457,0.3138,0.7911
1781773876614,13651,-0.81128,0.77344,0.52563,1.23801,-196.0,95.688,-37.312,0.3861,0.3471,0.3168,0.7936
1781773876614,13651,-0.56885,0.75659,0.53687,1.08823,-180.938,113.938,3.625,0.37,0.3497,0.3251,0.7968
1781773876614,13651,-0.12036,0.61353,0.52124,0.814,-173.125,208.875,-72.812,0.2969,0.3746,0.363,0.7996
1781773876675,13712,-0.2522,0.6062,0.46387,0.8039,-170.375,221.5,-100.875,0.2755,0.3864,0.3676,0.7996
1781773876676,13713,-0.34741,0.60449,0.4541,0.83205,-171.188,228.0,-112.125,0.2643,0.3927,0.3693,0.7995
1781773876676,13713,-0.73364,0.5813,0.51733,1.06947,-142.25,164.688,-75.0,0.1629,0.4432,0.3806,0.7949
1781773876734,13771,-0.71167,0.57764,0.48828,1.03854,-141.438,158.562,-71.938,0.1541,0.4469,0.3819,0.794
1781773876734,13771,-0.68384,0.56079,0.47827,1.00542,-143.812,152.125,-69.312,0.1453,0.4503,0.3832,0.793
1781773876735,13772,-0.70312,0.36035,0.67773,1.04094,-116.875,116.375,-124.062,0.0614,0.4754,0.3866,0.7877
1781773876796,13833,-0.75781,0.38208,0.63379,1.05922,-111.312,120.125,-127.0,0.0531,0.4779,0.3849,0.7877
1781773876796,13833,-0.82568,0.38208,0.62915,1.10615,-108.0,127.5,-126.125,0.0446,0.4806,0.3831,0.7874
1781773876796,13833,-0.88306,0.34229,0.54712,1.09375,-66.312,89.312,-55.75,-0.0182,0.5023,0.3728,0.7798
1781773876855,13892,-0.88306,0.34229,0.54712,1.09375,-66.312,89.312,-55.75,-0.0182,0.5023,0.3728,0.7798
1781773876855,13892,-0.87036,0.33984,0.52881,1.07362,-66.75,83.062,-52.375,-0.023,0.504,0.3724,0.7788
1781773876855,13892,-0.8728,0.26245,0.55566,1.06744,-48.125,30.5,-45.062,-0.0727,0.5137,0.3662,0.7723
1781773876920,13957,-0.85938,0.25854,0.51758,1.03598,-44.812,17.875,-41.812,-0.0755,0.5136,0.3657,0.7723
1781773876920,13957,-0.88257,0.20557,0.49683,1.03345,-41.875,40.25,-42.438,-0.0812,0.514,0.3645,0.772
1781773876920,13957,-0.94165,0.23315,0.51758,1.09952,-34.812,21.062,-11.938,-0.1019,0.5165,0.3623,0.769
1781773876974,14011,-0.93823,0.24463,0.51782,1.09921,-33.375,16.688,-6.75,-0.1035,0.5165,0.3626,0.7686
1781773876974,14011,-0.91577,0.24023,0.51001,1.07539,-32.125,17.25,-1.812,-0.1049,0.5165,0.3632,0.7681
1781773876974,14011,-0.83911,0.1543,0.47192,0.975,-47.875,23.375,-6.812,-0.1186,0.5173,0.3692,0.7626
1781773877037,14074,-0.86816,0.14014,0.50635,1.01476,-47.938,26.062,-9.875,-0.1218,0.5173,0.3702,0.7617
1781773877041,14078,-0.87524,0.13257,0.5127,1.02298,-46.0,26.0,-10.75,-0.124,0.5173,0.3707,0.7611
1781773877042,14079,-0.87061,0.18628,0.45972,1.00199,-22.438,53.062,0.562,-0.5328,0.1116,0.8386,0.0079
1781773877095,14132,-0.86768,0.19067,0.45801,0.99949,-21.75,55.062,0.812,-0.5347,0.1109,0.8375,0.0072
1781773877095,14132,-0.87524,0.18213,0.43994,0.99638,-21.625,54.312,-0.375,-0.5368,0.1102,0.8364,0.0064
1781773877095,14132,-0.90308,0.14478,0.4812,1.03347,-18.75,40.875,-10.812,-0.5447,0.138,0.825,0.0573
1781773877154,14191,-0.91748,0.14307,0.48315,1.04675,-13.25,39.25,-11.812,-0.5469,0.1369,0.8238,0.0571
1781773877154,14191,-0.91504,0.146,0.46362,1.03613,-7.312,39.688,-11.5,-0.5463,0.1471,0.8212,0.0736
1781773877156,14193,-0.91504,0.146,0.46362,1.03613,-7.312,39.688,-11.5,-0.5463,0.1471,0.8212,0.0736
1781773877214,14251,-0.93823,0.18311,0.37427,1.02659,4.5,30.125,-10.312,-0.5518,0.1656,0.8106,0.1038
1781773877214,14251,-0.92603,0.18921,0.35718,1.0104,5.688,22.062,-9.938,-0.5531,0.1657,0.8096,0.1043
1781773877214,14251,-0.94604,0.1665,0.36816,1.02872,7.312,-6.562,-3.688,-0.5454,0.1939,0.8016,0.1484
1781773877279,14316,-0.95337,0.17896,0.35327,1.03235,10.188,-5.375,-0.5,-0.5449,0.1944,0.8018,0.1491
1781773877280,14317,-0.95264,0.17896,0.31226,1.01835,11.062,-8.188,3.062,-0.5415,0.2027,0.7998,0.1607
1781773877280,14317,-0.95264,0.17896,0.31226,1.01835,11.062,-8.188,3.062,-0.5415,0.2027,0.7998,0.1607
1781773877333,14370,-0.89795,0.16992,0.34961,0.97847,3.312,6.562,8.375,-0.5348,0.221,0.795,0.1813
1781773877401,14438,-0.89941,0.18384,0.35352,0.98373,3.938,9.125,7.562,-0.535,0.2213,0.7948,0.1811
1781773877401,14438,-0.89868,0.18677,0.31348,0.96994,-3.0,20.125,9.688,-0.531,0.2431,0.7857,0.2033
1781773877401,14438,-0.896,0.18945,0.32227,0.97085,-3.625,19.688,8.875,-0.5316,0.2434,0.7854,0.2027
1781773877454,14491,-0.89429,0.19482,0.32568,0.97148,-3.312,19.562,7.938,-0.5321,0.2437,0.785,0.2022
1781773877454,14491,-0.91772,0.18896,0.30933,0.98672,-1.625,25.938,-4.5,-0.5326,0.2601,0.7742,0.2212
1781773877454,14491,-0.91772,0.18896,0.30933,0.98672,-1.625,25.938,-4.5,-0.5326,0.2601,0.7742,0.2212
1781773877520,14557,-0.97095,0.19531,0.26978,1.02648,6.125,9.938,-4.25,-0.5362,0.2739,0.7618,0.2384
1781773877520,14557,-0.96948,0.19849,0.27539,1.0272,5.625,6.875,-2.438,-0.5364,0.2741,0.7615,0.2385
1781773877520,14557,-0.95386,0.18799,0.24268,1.00204,8.312,-8.688,1.25,-0.5312,0.283,0.7584,0.2498
1781773877573,14610,-0.95337,0.19263,0.24365,1.00269,6.812,-9.812,1.688,-0.5289,0.2866,0.7569,0.2548
1781773877573,14610,-0.94727,0.18823,0.25464,0.99879,4.938,-8.938,2.062,-0.5286,0.2867,0.757,0.255
1781773877575,14612,-0.94727,0.18823,0.25464,0.99879,4.938,-8.938,2.062,-0.5286,0.2867,0.757,0.255
1781773877635,14672,-0.93701,0.20703,0.27124,0.99721,10.188,-8.375,7.375,-0.5191,0.2979,0.7548,0.268
1781773877642,14679,-0.93896,0.20752,0.25415,0.99464,10.25,-8.312,7.562,-0.5186,0.2983,0.755,0.268
1781773877644,14681,-0.93896,0.20752,0.25415,0.99464,10.25,-8.312,7.562,-0.5186,0.2983,0.755,0.268
1781773877693,14730,-0.94653,0.2019,0.26099,1.0024,-0.75,2.812,5.5,-0.5118,0.3075,0.7528,0.2768
1781773877693,14730,-0.94482,0.20776,0.27441,1.00557,-1.812,3.938,5.812,-0.5119,0.3076,0.7528,0.2765
1781773877695,14732,-0.93042,0.20508,0.28076,0.99326,-2.438,9.188,4.062,-0.5113,0.3126,0.7503,0.2785
1781773877754,14791,-0.93042,0.20508,0.28076,0.99326,-2.438,9.188,4.062,-0.5113,0.3126,0.7503,0.2785
1781773877754,14791,-0.93555,0.20728,0.28564,0.9999,-2.188,9.312,3.5,-0.5106,0.3145,0.7492,0.2807
1781773877756,14793,-0.90771,0.21875,0.28101,0.97507,0.0,3.375,6.5,-0.5095,0.3187,0.7479,0.2815
1781773877813,14850,-0.91162,0.22876,0.28784,0.98297,0.312,-0.125,6.812,-0.5085,0.3204,0.7473,0.2829
1781773877813,14850,-0.90771,0.22339,0.28687,0.97782,0.875,0.688,6.625,-0.5084,0.3206,0.7473,0.2827
1781773877815,14852,-0.90771,0.22339,0.28687,0.97782,0.875,0.688,6.625,-0.5084,0.3206,0.7473,0.2827
1781773877877,14914,-0.89014,0.22388,0.29517,0.96415,0.188,-5.062,9.312,-0.505,0.3251,0.7471,0.2844
1781773877877,14914,-0.88843,0.21851,0.29614,0.96164,-0.75,-7.5,6.938,-0.5033,0.3264,0.7473,0.2852
1781773877884,14921,-0.93262,0.21582,0.30176,1.0037,0.125,-5.062,4.938,-0.5007,0.3282,0.7478,0.2865
1781773877933,14970,-0.92065,0.20972,0.30542,0.9924,0.062,-0.625,6.625,-0.5001,0.3289,0.7476,0.2871
1781773877934,14971,-0.91333,0.20532,0.31274,0.98698,-0.312,1.375,6.938,-0.5001,0.3291,0.7477,0.2869
1781773877934,14971,-0.86816,0.23071,0.32422,0.95502,1.312,2.438,2.875,-0.4985,0.3319,0.7476,0.2866
1781773877995,15032,-0.86816,0.23071,0.32422,0.95502,1.312,2.438,2.875,-0.4985,0.3319,0.7476,0.2866
1781773877996,15033,-0.87988,0.23438,0.31543,0.96365,3.312,3.812,0.75,-0.4983,0.3325,0.7473,0.2871
1781773877996,15033,-0.9187,0.22827,0.30371,0.99416,0.812,-9.25,0.125,-0.4965,0.3338,0.7471,0.2894
1781773878053,15090,-0.9187,0.2251,0.32227,0.99927,5.562,-12.25,-0.312,-0.495,0.3339,0.7474,0.2905
1781773878054,15091,-0.92139,0.2251,0.32104,1.00135,6.312,-12.188,-0.375,-0.4948,0.334,0.7476,0.2907
1781773878054,15091,-0.92358,0.25244,0.28638,0.99937,9.25,-12.0,1.562,-0.4906,0.3367,0.7476,0.2946
1781773878117,15154,-0.91992,0.24341,0.26538,0.98789,8.125,-12.312,3.25,-0.4887,0.3378,0.7476,0.2965
1781773878118,15155,-0.9126,0.24512,0.27417,0.98391,6.812,-10.062,3.875,-0.4882,0.338,0.7478,0.2966
1781773878118,15155,-0.90552,0.25464,0.29688,0.98638,5.312,-6.375,2.062,-0.4834,0.341,0.7481,0.3001
1781773878173,15210,-0.90552,0.25464,0.29688,0.98638,5.312,-6.375,2.062,-0.4834,0.341,0.7481,0.3001
1781773878174,15211,-0.91699,0.25098,0.29321,0.99491,3.938,-7.938,1.562,-0.4823,0.342,0.7478,0.3016
1781773878175,15212,-0.91626,0.2561,0.28711,0.99376,2.688,1.25,3.062,-0.4802,0.3446,0.7473,0.3031
1781773878235,15272,-0.91626,0.2561,0.28711,0.99376,2.688,1.25,3.062,-0.4802,0.3446,0.7473,0.3031
1781773878236,15273,-0.90625,0.24854,0.2937,0.98454,0.438,-3.0,2.688,-0.4796,0.3451,0.7472,0.3037
1781773878238,15275,-0.91992,0.24634,0.33984,1.01115,7.438,-8.125,7.062,-0.4758,0.3468,0.7483,0.3052
1781773878293,15330,-0.91016,0.23657,0.32446,0.9948,9.188,-5.875,8.562,-0.4749,0.3471,0.7489,0.3046
1781773878293,15330,-0.91211,0.23438,0.3125,0.99224,9.875,-6.625,8.562,-0.4744,0.3475,0.749,0.3046
1781773878294,15331,-0.8833,0.2439,0.34888,0.98052,10.562,-10.625,7.312,-0.4705,0.3501,0.7506,0.3041
1781773878354,15391,-0.88892,0.24536,0.36304,0.99104,12.0,-9.938,6.875,-0.4699,0.3505,0.7507,0.3043
1781773878354,15391,-0.90405,0.24976,0.38086,1.0123,14.562,-15.438,6.875,-0.4688,0.3509,0.751,0.3045
1781773878354,15391,-0.95532,0.25635,0.38525,1.0615,26.375,-19.625,18.562,-0.459,0.3566,0.7531,0.3076
1781773878413,15450,-0.95508,0.25781,0.36523,1.05453,28.25,-17.75,20.812,-0.4577,0.3577,0.7534,0.3078
1781773878413,15450,-0.9314,0.26782,0.31128,1.0179,30.625,-15.812,23.5,-0.4544,0.3609,0.7535,0.3085
1781773878414,15451,-0.87109,0.30054,0.34253,0.98308,19.188,-25.625,18.25,-0.4429,0.3692,0.7565,0.3082
1781773878476,15513,-0.87378,0.30493,0.34033,0.98605,20.125,-26.5,17.312,-0.4415,0.3698,0.757,0.3084
1781773878476,15513,-0.87354,0.31226,0.34473,0.98965,20.875,-27.312,16.875,-0.4396,0.3709,0.757,0.3095
1781773878477,15514,-0.84229,0.32666,0.36157,0.97308,24.125,-27.062,20.438,-0.4244,0.3775,0.7618,0.3109
1781773878533,15570,-0.84497,0.32764,0.34375,0.96927,25.0,-25.875,20.062,-0.4229,0.3783,0.7622,0.3111
1781773878534,15571,-0.83618,0.33032,0.30737,0.95015,25.0,-22.188,18.562,-0.4205,0.38,0.7623,0.312
1781773878534,15571,-0.82227,0.35547,0.37451,0.97095,10.875,-6.688,8.625,-0.4136,0.3854,0.7635,0.3118
1781773878595,15632,-0.81836,0.35718,0.37598,0.96884,11.625,-11.438,7.875,-0.4129,0.3858,0.7636,0.312
1781773878595,15632,-0.82178,0.35376,0.36035,0.96453,12.625,-9.875,5.688,-0.4112,0.3869,0.7634,0.3131
1781773878595,15632,-0.83179,0.35449,0.35327,0.97074,8.938,-1.312,-3.75,-0.4083,0.3894,0.7631,0.3148
1781773878653,15690,-0.83691,0.35474,0.35059,0.97426,9.0,-1.875,-4.5,-0.4082,0.3896,0.7629,0.3152
1781773878654,15691,-0.84277,0.35352,0.33789,0.97438,8.438,-3.312,-5.188,-0.408,0.3898,0.7627,0.3155
1781773878655,15692,-0.85205,0.35596,0.35522,0.98938,8.188,6.688,-2.375,-0.4097,0.3917,0.7607,0.3157
1781773878715,15752,-0.85425,0.35742,0.33984,0.9864,8.312,5.188,-2.5,-0.4099,0.392,0.7604,0.3159
1781773878716,15753,-0.85693,0.36133,0.34131,0.99065,7.75,5.25,-2.438,-0.4097,0.3928,0.7598,0.3167
1781773878716,15753,-0.86353,0.35986,0.38721,1.01248,6.75,-3.375,2.312,-0.4086,0.3945,0.759,0.3179
1781773878773,15810,-0.85474,0.35278,0.38135,1.00023,7.562,-7.062,2.125,-0.4082,0.3947,0.759,0.3181
1781773878774,15811,-0.85474,0.35376,0.37183,0.99698,8.5,-5.875,2.0,-0.4078,0.395,0.759,0.3182
1781773878774,15811,-0.87598,0.35791,0.34839,1.00837,8.625,-1.75,-2.062,-0.4056,0.3983,0.7573,0.321
1781773878835,15872,-0.87427,0.35498,0.34717,1.00543,8.938,0.5,-1.938,-0.4055,0.3985,0.7572,0.3212
1781773878835,15872,-0.87964,0.36255,0.35889,1.01686,9.562,-1.688,-2.062,-0.4052,0.3991,0.7567,0.3218
1781773878836,15873,-0.8418,0.35498,0.3479,0.97758,8.375,-6.875,-0.438,-0.4028,0.4012,0.7559,0.3244
1781773878893,15930,-0.84424,0.35986,0.35815,0.98515,8.438,-8.188,-1.312,-0.4023,0.4014,0.7558,0.3248
1781773878893,15930,-0.84375,0.35718,0.35596,0.98295,8.5,-8.0,-1.562,-0.4019,0.4016,0.7558,0.3251
1781773878894,15931,-0.86914,0.3728,0.33936,1.00476,9.25,3.25,-3.5,-0.4017,0.4032,0.7545,0.3263
1781773878953,15990,-0.87183,0.37158,0.33496,1.00516,8.812,0.375,-3.25,-0.4017,0.4035,0.7542,0.3265
1781773878953,15990,-0.87305,0.36865,0.32959,1.00337,8.625,0.625,-2.812,-0.4016,0.4038,0.754,0.3268
1781773878954,15991,-0.87305,0.36865,0.32959,1.00337,8.625,0.625,-2.812,-0.4016,0.4038,0.754,0.3268
1781773879013,16050,-0.87305,0.35571,0.37085,1.01305,8.375,-6.312,5.188,-0.3985,0.4059,0.7535,0.3291
1781773879013,16050,-0.86743,0.35938,0.37305,1.01032,9.312,-5.812,5.562,-0.3979,0.4063,0.7535,0.3292
1781773879014,16051,-0.85229,0.36108,0.32471,0.98093,9.062,-6.812,2.0,-0.3925,0.4107,0.7525,0.3327
1781773879076,16113,-0.85229,0.36108,0.32471,0.98093,9.062,-6.812,2.0,-0.3925,0.4107,0.7525,0.3327
1781773879076,16113,-0.85327,0.36597,0.33838,0.98818,8.0,-6.188,1.75,-0.392,0.411,0.7525,0.333
1781773879083,16120,-0.85449,0.37085,0.34668,0.99392,8.0,-9.75,0.625,-0.3865,0.4132,0.7522,0.3372
1781773879133,16170,-0.8479,0.37329,0.35352,0.99159,7.938,-9.0,0.438,-0.3861,0.4133,0.7523,0.3375
1781773879134,16171,-0.84424,0.37646,0.35474,0.9901,8.062,-8.75,0.0,-0.3857,0.4135,0.7523,0.3377
1781773879134,16171,-0.84619,0.38281,0.36523,0.99799,6.75,-9.062,-2.25,-0.3816,0.4152,0.7516,0.3418
1781773879194,16231,-0.85156,0.37256,0.35229,0.99402,7.125,-6.812,-2.562,-0.3813,0.4152,0.7515,0.3421
1781773879195,16232,-0.85303,0.37183,0.35278,0.99517,7.25,-3.875,-2.625,-0.3811,0.4154,0.7514,0.3424
1781773879195,16232,-0.85303,0.37183,0.35278,0.99517,7.25,-3.875,-2.625,-0.3811,0.4154,0.7514,0.3424
1781773879253,16290,-0.83643,0.37842,0.38672,0.99617,3.938,-8.875,3.5,-0.3783,0.4169,0.7509,0.345
1781773879253,16290,-0.83936,0.37769,0.3855,0.99788,5.062,-10.062,3.625,-0.3778,0.4169,0.751,0.3452
1781773879254,16291,-0.87427,0.38843,0.36499,1.02393,5.5,-7.562,0.312,-0.3736,0.4193,0.7501,0.3486
1781773879315,16352,-0.87427,0.39136,0.35596,1.02187,5.562,-8.5,1.938,-0.3731,0.4195,0.7503,0.3489
1781773879315,16352,-0.86914,0.38867,0.34937,1.01416,5.375,-11.25,2.688,-0.3726,0.4196,0.7503,0.3491
1781773879315,16352,-0.86914,0.38867,0.34937,1.01416,5.375,-11.25,2.688,-0.3726,0.4196,0.7503,0.3491
1781773879374,16411,-0.82349,0.38818,0.36426,0.98056,5.375,-19.125,1.375,-0.3684,0.4194,0.7526,0.3488
1781773879374,16411,-0.82788,0.38696,0.36719,0.98486,4.938,-17.625,0.625,-0.3677,0.4193,0.7528,0.3492
1781773879374,16411,-0.82788,0.38696,0.36719,0.98486,4.938,-17.625,0.625,-0.3677,0.4193,0.7528,0.3492
1781773879435,16472,-0.83936,0.3877,0.38892,1.00304,8.125,-17.562,0.125,-0.36,0.4187,0.7543,0.3548
1781773879435,16472,-0.8396,0.39307,0.38062,1.00215,8.5,-17.125,0.562,-0.3593,0.4187,0.7544,0.3552
1781773879436,16473,-0.8396,0.39307,0.38062,1.00215,8.5,-17.125,0.562,-0.3593,0.4187,0.7544,0.3552
1781773879503,16540,-0.82983,0.39209,0.4165,1.00789,6.0,-26.688,-0.312,-0.3507,0.418,0.7561,0.3609
1781773879503,16540,-0.8269,0.39062,0.41821,1.00561,6.875,-29.125,0.0,-0.3497,0.4177,0.7564,0.3615
1781773879504,16541,-0.81738,0.3855,0.44678,1.00813,12.125,-32.375,3.688,-0.3386,0.4159,0.7598,0.3672
1781773879557,16594,-0.81738,0.3855,0.44678,1.00813,12.125,-32.375,3.688,-0.3386,0.4159,0.7598,0.3672
1781773879557,16594,-0.8208,0.39209,0.42651,1.00467,13.875,-34.5,3.812,-0.3349,0.416,0.7604,0.3692
1781773879558,16595,-0.8208,0.39209,0.42651,1.00467,13.875,-34.5,3.812,-0.3349,0.416,0.7604,0.3692
1781773879613,16650,-0.79614,0.40552,0.46851,1.00885,13.938,-51.562,4.75,-0.315,0.4139,0.765,0.3795
1781773879613,16650,-0.78906,0.40503,0.46875,1.00319,14.562,-53.5,4.938,-0.3129,0.4136,0.7655,0.3804
1781773879614,16651,-0.78906,0.40503,0.46875,1.00319,14.562,-53.5,4.938,-0.3129,0.4136,0.7655,0.3804
1781773879674,16711,-0.77637,0.40308,0.48853,1.00193,18.125,-56.375,3.438,-0.2881,0.4103,0.7698,0.3947
1781773879674,16711,-0.78491,0.41211,0.48828,1.0121,18.5,-53.312,4.0,-0.286,0.41,0.7702,0.3958
1781773879674,16711,-0.74512,0.41479,0.50171,0.98943,13.125,-40.75,2.812,-0.2695,0.4086,0.7728,0.4035
1781773879733,16770,-0.74512,0.41479,0.50171,0.98943,13.125,-40.75,2.812,-0.2695,0.4086,0.7728,0.4035
1781773879733,16770,-0.75977,0.4209,0.51831,1.01146,12.062,-37.188,2.812,-0.2667,0.4086,0.7727,0.4056
1781773879734,16771,-0.75977,0.4209,0.51831,1.01146,12.062,-37.188,2.812,-0.2667,0.4086,0.7727,0.4056
1781773879794,16831,-0.72998,0.43506,0.54175,1.00779,8.125,-20.75,6.875,-0.2505,0.4095,0.7731,0.4141
1781773879794,16831,-0.72119,0.43506,0.54858,1.00516,7.75,-22.0,6.812,-0.2495,0.4094,0.7734,0.4143
1781773879795,16832,-0.72119,0.43506,0.54858,1.00516,7.75,-22.0,6.812,-0.2495,0.4094,0.7734,0.4143
1781773879853,16890,-0.72363,0.44019,0.54541,1.00741,4.625,-12.0,4.188,-0.2388,0.4111,0.7734,0.4189
1781773879853,16890,-0.72192,0.43823,0.55615,1.0112,4.25,-14.625,3.688,-0.2382,0.411,0.7736,0.4191
1781773879854,16891,-0.72192,0.43823,0.55615,1.0112,4.25,-14.625,3.688,-0.2382,0.411,0.7736,0.4191
1781773879916,16953,-0.70557,0.44165,0.54565,0.9953,11.125,-29.75,8.812,-0.2272,0.41,0.7755,0.4226
1781773879918,16955,-0.70117,0.44995,0.5625,1.00524,10.188,-32.938,7.938,-0.2245,0.4098,0.7759,0.4233
1781773879918,16955,-0.68018,0.44263,0.60425,1.01177,10.625,-44.5,2.0,-0.2105,0.4071,0.7777,0.43
1781773879973,17010,-0.68018,0.44263,0.60425,1.01177,10.625,-44.5,2.0,-0.2105,0.4071,0.7777,0.43
1781773879974,17011,-0.68799,0.45459,0.6167,1.02971,11.25,-41.688,3.562,-0.2069,0.4064,0.7778,0.4321
1781773879974,17011,-0.64624,0.44019,0.63647,1.00821,13.312,-17.125,2.5,-0.1931,0.4049,0.7793,0.4372
1781773880035,17072,-0.64624,0.44019,0.63647,1.00821,13.312,-17.125,2.5,-0.1931,0.4049,0.7793,0.4372
1781773880035,17072,-0.6709,0.46606,0.61401,1.02193,13.688,-6.75,1.438,-0.1912,0.4058,0.7786,0.4384
1781773880035,17072,-0.5918,0.42163,0.66748,0.98667,8.188,86.75,9.312,-0.197,0.4153,0.7755,0.4325
1781773880098,17135,-0.5918,0.42163,0.66748,0.98667,8.188,86.75,9.312,-0.197,0.4153,0.7755,0.4325
1781773880098,17135,-0.604,0.4165,0.64502,0.97691,9.25,129.375,-1.812,-0.205,0.4215,0.772,0.429
1781773880099,17136,-0.93286,0.54272,0.45557,1.17146,4.75,168.5,17.438,-0.2566,0.4545,0.7522,0.4018
1781773880153,17190,-0.93286,0.54272,0.45557,1.17146,4.75,168.5,17.438,-0.2566,0.4545,0.7522,0.4018
1781773880153,17190,-0.96948,0.52271,0.4873,1.2044,-1.812,166.25,30.0,-0.2664,0.4609,0.7491,0.3938
1781773880155,17192,-0.91284,0.55249,0.26709,1.09994,-16.688,145.0,43.562,-0.309,0.489,0.7368,0.3496
1781773880213,17250,-0.91724,0.57373,0.21802,1.10364,-23.562,135.188,50.688,-0.3179,0.4945,0.7346,0.3382
1781773880213,17250,-0.92554,0.5957,0.22949,1.12434,-27.562,124.0,53.312,-0.3212,0.4962,0.7342,0.3334
1781773880214,17251,-0.87329,0.59888,0.49316,1.16812,-16.5,74.062,63.188,-0.3393,0.5065,0.7355,0.295
1781773880275,17312,-0.87622,0.58862,0.45117,1.14795,-9.75,74.125,61.75,-0.3404,0.5079,0.7355,0.2913
1781773880276,17313,-0.91943,0.59375,0.41064,1.16899,-2.125,78.688,61.125,-0.3428,0.51,0.7355,0.2849
1781773880276,17313,-0.89551,0.63159,0.31689,1.14073,24.5,72.5,79.75,-0.3516,0.5292,0.7309,0.2487
1781773880333,17370,-0.84717,0.6748,0.21265,1.10375,36.438,67.062,84.375,-0.3525,0.5373,0.7287,0.2361
1781773880333,17370,-0.80469,0.67603,0.18262,1.06672,38.812,64.812,85.125,-0.3522,0.5405,0.7277,0.2325
1781773880334,17371,-0.62402,0.72681,0.14648,0.96908,39.812,37.625,50.875,-0.3504,0.5623,0.7205,0.2042
1781773880395,17432,-0.61841,0.73633,0.15649,0.97422,40.375,33.812,45.062,-0.3499,0.5646,0.7194,0.2025
1781773880395,17432,-0.62451,0.73169,0.16504,0.97602,42.438,31.688,36.875,-0.3518,0.5663,0.7186,0.1973
1781773880398,17435,-0.82275,0.79077,-0.00977,1.1412,64.875,22.312,25.062,-0.3566,0.5821,0.7072,0.1831
1781773880453,17490,-0.82349,0.79712,-0.0271,1.14641,64.625,20.625,27.312,-0.3561,0.5847,0.7054,0.1827
1781773880454,17491,-0.81934,0.81055,-0.052,1.15369,61.5,17.75,34.312,-0.3577,0.588,0.7031,0.1782
1781773880454,17491,-0.62158,0.80347,-0.00952,1.01588,68.75,-10.062,51.0,-0.3508,0.6079,0.6931,0.1633
1781773880514,17551,-0.59644,0.80005,-0.01416,0.99801,68.812,-9.0,51.5,-0.3486,0.6107,0.6918,0.163
1781773880514,17551,-0.57593,0.80786,-0.00464,0.99215,69.562,-5.625,51.375,-0.3505,0.6112,0.6915,0.1581
1781773880515,17552,-0.57593,0.80786,-0.00464,0.99215,69.562,-5.625,51.375,-0.3505,0.6112,0.6915,0.1581
1781773880573,17610,-0.58984,0.77319,-0.073,0.97523,74.062,6.75,36.188,-0.3428,0.6345,0.6767,0.1468
1781773880574,17611,-0.61963,0.78369,-0.04492,1.00007,73.875,4.875,36.812,-0.3441,0.6379,0.6738,0.1425
1781773880574,17611,-0.59888,0.79883,-0.09448,1.00285,96.5,-13.375,73.0,-0.3333,0.6638,0.6561,0.1324
1781773880637,17674,-0.59814,0.80664,-0.10156,1.00934,99.938,-16.312,77.0,-0.3286,0.6694,0.6528,0.1319
1781773880645,17682,-0.58643,0.79443,-0.11133,0.99369,103.062,-20.812,80.062,-0.3295,0.6712,0.6514,0.1275
1781773880646,17683,-0.37476,0.74438,-0.17822,0.85224,102.375,-44.438,40.125,-0.3067,0.7011,0.6314,0.1248
1781773880696,17733,-0.39038,0.73438,-0.14014,0.84341,101.062,-43.875,32.125,-0.3038,0.704,0.6291,0.1265
1781773880697,17734,-0.4082,0.75293,-0.09204,0.8614,99.938,-50.0,20.688,-0.3052,0.7058,0.6267,0.1249
1781773880697,17734,-0.65674,0.69922,-0.1792,0.97587,138.938,-64.875,15.875,-0.291,0.7301,0.6,0.1481
1781773880754,17791,-0.62378,0.70532,-0.18652,0.95988,139.562,-68.812,17.562,-0.2878,0.7335,0.5966,0.1516
1781773880754,17791,-0.56714,0.68286,-0.19067,0.90791,141.75,-79.188,18.0,-0.2878,0.7374,0.5913,0.1533
1781773880755,17792,-0.54858,0.6582,-0.32886,0.91778,161.875,-113.375,-36.812,-0.2713,0.759,0.5613,0.187
1781773880813,17850,-0.55786,0.65698,-0.35864,0.93352,163.812,-114.812,-43.375,-0.2686,0.7615,0.5569,0.1936
1781773880813,17850,-0.5835,0.65747,-0.38135,0.95821,164.625,-116.062,-49.125,-0.2661,0.7639,0.5524,0.2004
1781773880814,17851,-0.7439,0.52979,-0.32227,0.96846,178.562,-147.938,-47.688,-0.2556,0.777,0.5092,0.267
1781773880877,17914,-0.74854,0.52222,-0.31226,0.96463,180.625,-139.75,-43.875,-0.2501,0.7796,0.5017,0.2786
1781773880878,17915,-0.74512,0.51392,-0.3103,0.95687,181.0,-138.688,-42.062,-0.2502,0.7804,0.496,0.2863
1781773880878,17915,-0.70117,0.48022,-0.39185,0.93584,170.188,-111.875,-51.562,-0.2304,0.7902,0.4546,0.34
1781773880933,17970,-0.71851,0.45874,-0.40674,0.94453,167.188,-111.438,-53.875,-0.2276,0.7913,0.4492,0.3465
1781773880933,17970,-0.73389,0.44922,-0.44922,0.97066,163.938,-110.375,-56.375,-0.2249,0.7922,0.4437,0.3529
1781773880936,17973,-0.85645,0.42896,-0.46753,1.06587,95.812,-59.375,-59.688,-0.2122,0.7963,0.3994,0.4014
1781773880996,18033,-0.87012,0.43066,-0.40625,1.05243,82.75,-45.375,-55.688,-0.2114,0.7965,0.3923,0.4083
1781773880996,18033,-0.88086,0.42139,-0.36987,1.04417,73.125,-38.312,-50.625,-0.2102,0.7968,0.3856,0.4147
1781773881000,18037,-0.70972,0.39282,-0.45679,0.93095,41.312,42.75,-28.438,-0.2061,0.804,0.3596,0.426
1781773881053,18090,-0.70508,0.38989,-0.46143,0.92847,35.375,50.688,-31.062,-0.2072,0.8052,0.3574,0.4251
1781773881053,18090,-0.70459,0.38623,-0.4624,0.92706,28.562,56.438,-34.875,-0.2087,0.8064,0.3552,0.4239
1781773881054,18091,-1.02124,0.34937,-0.53052,1.20268,-21.625,102.25,-42.062,-0.2239,0.819,0.3323,0.4104
1781773881114,18151,-1.03857,0.33887,-0.53467,1.21628,-27.375,102.938,-32.562,-0.2271,0.8201,0.3316,0.4071
1781773881114,18151,-1.02466,0.34766,-0.52686,1.20348,-33.188,103.375,-22.312,-0.23,0.8212,0.3312,0.4035
1781773881114,18151,-1.02466,0.34766,-0.52686,1.20348,-33.188,103.375,-22.312,-0.23,0.8212,0.3312,0.4035
1781773881173,18210,-0.63477,0.33667,-0.45996,0.85313,-49.5,94.25,8.75,-0.2379,0.8353,0.335,0.3649
1781773881173,18210,-0.63745,0.33936,-0.44849,0.85009,-48.875,91.688,2.938,-0.2398,0.8361,0.3359,0.361
1781773881174,18211,-0.83154,0.36694,-0.52051,1.0474,-26.125,50.312,-8.25,-0.2573,0.842,0.3367,0.3333
1781773881233,18270,-0.82544,0.37354,-0.51294,1.04115,-26.688,43.688,-2.812,-0.2585,0.8422,0.3371,0.3315
1781773881234,18271,-0.8147,0.38086,-0.49829,1.02814,-26.688,36.438,2.188,-0.2593,0.8424,0.3377,0.3298
1781773881235,18272,-0.56665,0.32544,-0.6145,0.897,14.625,-17.188,-4.438,-0.2611,0.8425,0.3411,0.3246
1781773881293,18330,-0.5752,0.33691,-0.64404,0.9269,13.312,-24.438,-8.812,-0.2608,0.8424,0.3407,0.3256
1781773881293,18330,-0.5835,0.35229,-0.65576,0.94583,10.125,-29.125,-13.688,-0.2607,0.842,0.3404,0.3269
1781773881294,18331,-0.93408,0.38232,-0.37451,1.07654,5.812,-64.812,-10.312,-0.2706,0.8283,0.3465,0.3469
1781773881353,18390,-0.91724,0.39575,-0.38428,1.07033,11.938,-63.5,4.625,-0.2689,0.827,0.3471,0.3505
1781773881353,18390,-0.89111,0.40405,-0.40454,1.05877,15.25,-60.375,15.375,-0.2673,0.8265,0.3475,0.3527
1781773881354,18391,-0.89111,0.40405,-0.40454,1.05877,15.25,-60.375,15.375,-0.2673,0.8265,0.3475,0.3527
1781773881413,18450,-0.52295,0.39966,-0.40088,0.77065,9.688,-3.188,11.562,-0.2567,0.8254,0.3534,0.3571
1781773881413,18450,-0.5415,0.40479,-0.39087,0.78093,10.25,1.188,2.875,-0.2564,0.8257,0.3532,0.3571
1781773881414,18451,-0.5415,0.40479,-0.39087,0.78093,10.25,1.188,2.875,-0.2564,0.8257,0.3532,0.3571
1781773881474,18511,-0.8667,0.39038,-0.42505,1.04126,12.812,33.375,22.812,-0.2658,0.8289,0.3463,0.3493
1781773881474,18511,-0.83545,0.38599,-0.41626,1.01007,14.125,35.688,30.375,-0.2651,0.83,0.3458,0.3478
1781773881474,18511,-0.48071,0.35034,-0.52319,0.79218,21.188,30.688,6.562,-0.2572,0.8413,0.3392,0.3328
1781773881533,18570,-0.55078,0.34106,-0.51929,0.83027,18.375,18.562,-9.312,-0.259,0.8424,0.3371,0.3307
1781773881534,18571,-0.57812,0.33911,-0.52563,0.85177,18.625,11.875,-12.188,-0.2593,0.8427,0.3361,0.3306
1781773881534,18571,-0.57812,0.33911,-0.52563,0.85177,18.625,11.875,-12.188,-0.2593,0.8427,0.3361,0.3306
1781773881594,18631,-0.68823,0.35962,-0.4021,0.87446,12.938,-20.375,-3.625,-0.2648,0.8411,0.3327,0.3339
1781773881594,18631,-0.6687,0.35376,-0.4082,0.85961,15.438,-20.875,-2.0,-0.2644,0.841,0.3323,0.3349
1781773881602,18639,-0.73511,0.25171,-0.55615,0.95553,35.688,-7.625,-24.625,-0.2675,0.8402,0.3236,0.3426
1781773881653,18690,-0.74048,0.23853,-0.60767,0.98715,35.062,-11.25,-22.5,-0.27,0.8397,0.3222,0.3434
1781773881653,18690,-0.74805,0.23901,-0.64282,1.01485,31.562,-10.562,-19.5,-0.2702,0.8398,0.32,0.345
1781773881654,18691,-0.74805,0.23901,-0.64282,1.01485,31.562,-10.562,-19.5,-0.2702,0.8398,0.32,0.345
1781773881719,18756,-0.74805,0.23901,-0.64282,1.01485,31.562,-10.562,-19.5,-0.2702,0.8398,0.32,0.345
1781773881719,18756,-0.68823,0.23999,-0.49023,0.8784,13.125,-29.062,6.312,-0.272,0.8361,0.3197,0.3527
1781773881719,18756,-0.7041,0.25854,-0.57764,0.94671,8.062,-10.0,23.375,-0.2662,0.8353,0.3198,0.3589
1781773881773,18810,-0.67407,0.27417,-0.5896,0.93657,3.562,-6.062,25.688,-0.2659,0.8353,0.3206,0.3583
1781773881773,18810,-0.65576,0.28076,-0.5791,0.91881,-0.188,-2.875,25.75,-0.2648,0.8356,0.321,0.3581
1781773881774,18811,-0.71704,0.28467,-0.52124,0.93106,-4.688,-0.688,-4.75,-0.2646,0.8351,0.3257,0.3554
1781773881838,18875,-0.74048,0.27783,-0.53857,0.95685,-4.875,2.312,-4.188,-0.2661,0.8345,0.3262,0.3549
1781773881838,18875,-0.74902,0.26807,-0.55078,0.9676,-4.812,2.875,-3.312,-0.2664,0.8345,0.3263,0.3548
1781773881838,18875,-0.66187,0.30884,-0.52173,0.89758,-17.688,-0.625,-3.438,-0.2702,0.8327,0.3302,0.3525
1781773881893,18930,-0.65356,0.31348,-0.50781,0.88504,-17.875,-1.25,-7.188,-0.2711,0.8322,0.3309,0.3522
1781773881893,18930,-0.64868,0.31592,-0.49609,0.87561,-17.188,-1.875,-11.125,-0.2716,0.8319,0.3314,0.3522
1781773881894,18931,-0.82935,0.32324,-0.47437,1.00862,-2.438,-1.812,-30.0,-0.2841,0.8263,0.3319,0.3551
1781773881955,18992,-0.83423,0.3208,-0.48999,1.01928,-0.688,0.25,-26.625,-0.2858,0.8257,0.3318,0.3552
1781773881956,18993,-0.83911,0.31616,-0.50586,1.02954,0.562,2.438,-23.5,-0.2868,0.8254,0.3314,0.3555
1781773881956,18993,-0.72217,0.32886,-0.49414,0.9348,-0.125,-2.125,-6.75,-0.2896,0.8245,0.3295,0.357
1781773882013,19050,-0.72217,0.32886,-0.49414,0.9348,-0.125,-2.125,-6.75,-0.2896,0.8245,0.3295,0.357
1781773882013,19050,-0.7373,0.33179,-0.47534,0.9379,0.625,-2.875,-11.688,-0.2883,0.8248,0.3284,0.3583
1781773882014,19051,-0.83765,0.30566,-0.49585,1.02027,9.625,-0.188,-6.938,-0.29,0.8244,0.3236,0.3622
1781773882080,19117,-0.83765,0.30566,-0.49585,1.02027,9.625,-0.188,-6.938,-0.29,0.8244,0.3236,0.3622
1781773882080,19117,-0.82422,0.30151,-0.50317,1.01165,11.188,-2.438,-2.938,-0.2918,0.8239,0.3236,0.362
1781773882081,19118,-0.85034,0.2981,-0.49731,1.02921,13.75,-1.562,-6.562,-0.291,0.8248,0.3181,0.3654
1781773882132,19169,-0.85034,0.2981,-0.49731,1.02921,13.75,-1.562,-6.562,-0.291,0.8248,0.3181,0.3654
1781773882134,19171,-0.84497,0.29932,-0.50073,1.02679,14.625,-1.5,-5.688,-0.2916,0.8247,0.3179,0.3655
1781773882134,19171,-0.72461,0.27417,-0.5481,0.94902,16.875,0.0,-4.938,-0.2864,0.8279,0.3107,0.3685
1781773882196,19233,-0.72461,0.27417,-0.5481,0.94902,16.875,0.0,-4.938,-0.2864,0.8279,0.3107,0.3685
1781773882196,19233,-0.76611,0.27686,-0.56421,0.99091,14.875,-0.75,-11.188,-0.2857,0.8284,0.3089,0.3694
1781773882196,19233,-0.85156,0.3042,-0.48193,1.02467,9.75,-12.125,18.25,-0.2831,0.8284,0.3051,0.3746
1781773882253,19290,-0.85156,0.3042,-0.48193,1.02467,9.75,-12.125,18.25,-0.2831,0.8284,0.3051,0.3746
1781773882253,19290,-0.79028,0.30347,-0.48267,0.97448,12.0,-12.188,25.938,-0.2816,0.8286,0.3057,0.3748
1781773882254,19291,-0.67041,0.29639,-0.51245,0.89437,3.75,0.375,-1.625,-0.2731,0.8311,0.3057,0.3753
1781773882313,19350,-0.67041,0.29639,-0.51245,0.89437,3.75,0.375,-1.625,-0.2731,0.8311,0.3057,0.3753
1781773882314,19351,-0.70337,0.29712,-0.49731,0.91122,2.188,1.438,-6.625,-0.2733,0.8311,0.3056,0.3754
1781773882320,19357,-0.82568,0.3103,-0.47437,1.00153,6.0,-2.562,12.75,-0.2731,0.8311,0.3042,0.3766
1781773882373,19410,-0.76904,0.29907,-0.47241,0.95081,6.312,1.875,17.688,-0.2711,0.8319,0.3041,0.3764
1781773882374,19411,-0.74536,0.29346,-0.47217,0.92985,6.188,3.0,17.062,-0.2705,0.8322,0.3041,0.376
1781773882374,19411,-0.68726,0.29688,-0.51758,0.91013,2.75,6.188,-5.25,-0.2676,0.8343,0.3024,0.3749
1781773882434,19471,-0.68726,0.29688,-0.51758,0.91013,2.75,6.188,-5.25,-0.2676,0.8343,0.3024,0.3749
1781773882434,19471,-0.69385,0.29102,-0.5144,0.91144,2.062,6.562,-7.562,-0.2679,0.8344,0.3022,0.3747
1781773882435,19472,-0.83643,0.24805,-0.5564,1.03475,12.25,-10.562,-8.875,-0.2723,0.8327,0.2983,0.3785
1781773882494,19531,-0.84204,0.23633,-0.56543,1.04144,13.312,-8.375,-8.562,-0.2723,0.8326,0.2977,0.3791
1781773882494,19531,-0.84717,0.23511,-0.59131,1.05954,13.75,-6.625,-8.875,-0.2727,0.8324,0.2967,0.38
1781773882494,19531,-0.96289,0.25928,-0.53613,1.13218,-1.938,-11.5,-3.875,-0.2753,0.8304,0.2929,0.3855
1781773882557,19594,-0.93652,0.26147,-0.53076,1.10777,-2.438,-10.25,2.375,-0.2752,0.8301,0.2932,0.3859
1781773882557,19594,-0.87329,0.28125,-0.52026,1.05471,-2.125,-8.062,12.688,-0.2728,0.8305,0.2931,0.3868
1781773882557,19594,-0.70874,0.22949,-0.57324,0.93999,-1.688,14.062,-19.375,-0.27,0.8328,0.2929,0.3841
1781773882618,19655,-0.75732,0.23315,-0.58838,0.98696,-2.875,15.812,-25.5,-0.2711,0.8327,0.2924,0.3839
1781773882623,19660,-0.80835,0.23511,-0.59033,1.0282,-4.312,18.688,-28.875,-0.2724,0.8327,0.2918,0.3835
1781773882623,19660,-0.80835,0.23511,-0.59033,1.0282,-4.312,18.688,-28.875,-0.2724,0.8327,0.2918,0.3835
1781773882674,19711,-0.7666,0.25049,-0.55493,0.97896,-1.812,19.062,27.125,-0.2759,0.8354,0.2922,0.3746
1781773882674,19711,-0.75,0.24463,-0.5542,0.9641,-1.188,19.438,21.562,-0.275,0.8363,0.2924,0.3731
1781773882674,19711,-0.75464,0.25586,-0.54248,0.96397,5.25,8.375,0.938,-0.2763,0.8394,0.2919,0.3655
1781773882739,19776,-0.75513,0.25195,-0.54736,0.96608,7.188,6.312,0.312,-0.2763,0.8395,0.2916,0.3654
1781773882740,19777,-0.75171,0.26245,-0.56299,0.97514,9.0,3.562,-1.0,-0.2752,0.8402,0.2906,0.3656
1781773882740,19777,-0.7771,0.25513,-0.54346,0.982,14.375,-5.938,-3.75,-0.2764,0.8401,0.288,0.3668
1781773882793,19830,-0.77588,0.25342,-0.53833,0.97776,15.062,-5.375,-3.938,-0.2763,0.8401,0.2875,0.3673
1781773882793,19830,-0.77441,0.25537,-0.54443,0.98048,15.438,-5.188,-3.875,-0.2761,0.8402,0.2869,0.3677
1781773882794,19831,-0.71924,0.25342,-0.55078,0.94068,15.688,-5.375,0.0,-0.2738,0.8411,0.2817,0.3714
1781773882860,19897,-0.72339,0.25269,-0.55249,0.94466,15.062,-6.688,-1.0,-0.2734,0.8412,0.2813,0.3718
1781773882860,19897,-0.72852,0.24731,-0.55371,0.94789,13.562,-6.875,-1.875,-0.2736,0.8411,0.2806,0.3725
1781773882861,19898,-0.6897,0.26196,-0.55054,0.92054,12.5,-9.875,15.125,-0.2692,0.8417,0.2787,0.3757
1781773882913,19950,-0.66333,0.25952,-0.55396,0.90234,12.75,-9.938,16.312,-0.2678,0.842,0.2785,0.3761
1781773882914,19951,-0.65259,0.25781,-0.55957,0.89747,12.625,-9.625,16.188,-0.2673,0.8421,0.2785,0.3762
1781773882915,19952,-0.67944,0.23608,-0.60156,0.93769,10.875,-12.312,1.625,-0.2636,0.8422,0.277,0.3796
1781773882973,20010,-0.69141,0.24414,-0.58569,0.93845,8.188,-14.562,0.188,-0.2629,0.842,0.2766,0.3808
1781773882974,20011,-0.70166,0.24927,-0.55127,0.92648,6.312,-17.438,-0.625,-0.2625,0.8416,0.2766,0.382
1781773882974,20011,-0.64648,0.24805,-0.51953,0.86567,12.0,-18.25,-4.0,-0.2593,0.8399,0.2756,0.3886
1781773883033,20070,-0.6394,0.24243,-0.53174,0.86623,12.375,-15.875,-7.188,-0.2591,0.8397,0.2753,0.3894
1781773883033,20070,-0.64453,0.23193,-0.54639,0.87621,12.562,-12.875,-11.062,-0.2591,0.8396,0.2747,0.3901
1781773883034,20071,-0.85669,0.22852,-0.53149,1.03374,-2.438,-2.062,-25.125,-0.2692,0.8355,0.2692,0.3959
1781773883095,20132,-0.85498,0.21924,-0.52368,1.0263,-2.625,-1.188,-21.688,-0.27,0.8352,0.2689,0.3962
1781773883095,20132,-0.8501,0.22339,-0.51562,1.01904,-2.438,-0.375,-18.5,-0.2708,0.8349,0.2686,0.3964
1781773883095,20132,-0.79785,0.20898,-0.57031,1.00275,-2.875,6.312,-15.0,-0.2725,0.8345,0.2652,0.3984
1781773883161,20198,-0.80737,0.2063,-0.56982,1.00951,-4.062,7.938,-16.375,-0.2732,0.8344,0.265,0.3983
1781773883161,20198,-0.81958,0.20508,-0.56763,1.01783,-5.125,8.625,-17.375,-0.274,0.8343,0.2647,0.3981
1781773883161,20198,-0.81958,0.20508,-0.56763,1.01783,-5.125,8.625,-17.375,-0.274,0.8343,0.2647,0.3981
1781773883213,20250,-0.81958,0.21655,-0.49756,0.98294,-6.125,15.938,-0.438,-0.2793,0.8346,0.2645,0.3939
1781773883215,20252,-0.8103,0.21436,-0.5083,0.98026,-4.875,16.375,-0.5,-0.2796,0.8348,0.2645,0.3933
1781773883215,20252,-0.80469,0.20825,-0.50171,0.97088,-8.188,19.75,-5.5,-0.2844,0.8367,0.2639,0.3862
1781773883273,20310,-0.80811,0.2041,-0.49121,0.96746,-7.375,19.5,-6.562,-0.285,0.8368,0.2639,0.3856
1781773883273,20310,-0.81812,0.2019,-0.49146,0.9755,-5.75,19.625,-7.438,-0.2855,0.8369,0.2637,0.3849
1781773883274,20311,-0.80469,0.20605,-0.55371,0.99829,5.5,19.938,-5.5,-0.2916,0.8389,0.2597,0.3787
1781773883333,20370,-0.80054,0.19751,-0.55151,0.99199,5.625,17.625,-4.188,-0.2919,0.8392,0.2591,0.3782
1781773883333,20370,-0.78833,0.19531,-0.5542,0.98323,6.438,14.0,-2.875,-0.2921,0.8395,0.2586,0.3778
1781773883335,20372,-0.83447,0.1792,-0.53833,1.00909,11.625,2.25,-12.375,-0.2918,0.8416,0.2526,0.3775
1781773883393,20430,-0.83447,0.1792,-0.53833,1.00909,11.625,2.25,-12.375,-0.2918,0.8416,0.2526,0.3775
1781773883393,20430,-0.84668,0.18115,-0.54346,1.02227,14.125,-1.75,-7.0,-0.292,0.8416,0.2514,0.3781
1781773883394,20431,-0.84668,0.18115,-0.54346,1.02227,14.125,-1.75,-7.0,-0.292,0.8416,0.2514,0.3781
1781773883454,20491,-0.70239,0.16748,-0.56958,0.91969,12.812,-6.688,9.875,-0.2877,0.8428,0.2487,0.3806
1781773883455,20492,-0.69507,0.16626,-0.56665,0.91206,11.812,-6.812,5.062,-0.2872,0.8428,0.2484,0.3809
1781773883455,20492,-0.69507,0.16626,-0.56665,0.91206,11.812,-6.812,5.062,-0.2872,0.8428,0.2484,0.3809
1781773883513,20550,-0.81982,0.15869,-0.56299,1.0071,17.0,-15.438,11.125,-0.2889,0.8404,0.2452,0.3872
1781773883513,20550,-0.78662,0.15869,-0.5769,0.98832,17.625,-13.75,13.688,-0.288,0.8405,0.2449,0.3878
1781773883514,20551,-0.78662,0.15869,-0.5769,0.98832,17.625,-13.75,13.688,-0.288,0.8405,0.2449,0.3878
1781773883574,20611,-0.78149,0.13428,-0.55029,0.96519,10.438,-3.25,-26.938,-0.2853,0.8408,0.2395,0.3926
1781773883574,20611,-0.8147,0.13159,-0.55591,0.99503,10.688,-1.875,-28.5,-0.2861,0.8405,0.2387,0.3931
1781773883574,20611,-0.82983,0.1228,-0.56738,1.01273,10.188,-4.875,1.812,-0.2888,0.8395,0.2326,0.3968
1781773883633,20670,-0.78687,0.11499,-0.56421,0.97504,11.25,-2.625,2.938,-0.2868,0.8402,0.2313,0.3975
1781773883633,20670,-0.76733,0.11133,-0.5625,0.95792,11.938,-2.938,2.312,-0.2865,0.8403,0.231,0.3978
1781773883634,20671,-0.76733,0.11133,-0.5625,0.95792,11.938,-2.938,2.312,-0.2865,0.8403,0.231,0.3978
1781773883692,20729,-0.89233,0.08008,-0.60205,1.07942,16.812,-2.438,-12.562,-0.2904,0.8392,0.224,0.4011
1781773883694,20731,-0.89966,0.07471,-0.6001,1.08401,17.0,-4.25,-6.75,-0.2904,0.8392,0.2229,0.4017
1781773883695,20732,-0.76025,0.07031,-0.58301,0.96064,19.5,-12.25,16.438,-0.2846,0.84,0.2197,0.4059
1781773883760,20797,-0.74097,0.07251,-0.60645,0.96024,20.75,-13.562,14.125,-0.2828,0.8404,0.2191,0.4068
1781773883760,20797,-0.7356,0.07446,-0.61084,0.95905,21.0,-11.812,12.25,-0.2819,0.8405,0.2187,0.4074
1781773883761,20798,-0.7356,0.07446,-0.61084,0.95905,21.0,-11.812,12.25,-0.2819,0.8405,0.2187,0.4074
1781773883813,20850,-0.78223,0.10034,-0.56714,0.97139,13.0,-8.25,13.5,-0.2758,0.8405,0.2152,0.4133
1781773883813,20850,-0.76636,0.09912,-0.55957,0.95407,13.312,-6.375,14.562,-0.275,0.8407,0.215,0.4136
1781773883814,20851,-0.78003,0.08887,-0.59399,0.98447,8.438,7.312,-3.812,-0.2716,0.8426,0.2112,0.414
1781773883873,20910,-0.80249,0.10498,-0.5957,1.00492,6.875,4.438,-3.5,-0.2716,0.8428,0.2106,0.4139
1781773883873,20910,-0.80884,0.10815,-0.59253,1.00847,5.438,5.875,-1.812,-0.2717,0.8429,0.2102,0.4138
1781773883874,20911,-0.7207,0.11548,-0.56152,0.9209,1.125,11.625,2.625,-0.2702,0.845,0.2091,0.4111
1781773883933,20970,-0.7207,0.11548,-0.56152,0.9209,1.125,11.625,2.625,-0.2702,0.845,0.2091,0.4111
1781773883934,20971,-0.72241,0.12476,-0.5708,0.92912,-0.25,13.438,-2.188,-0.2693,0.8458,0.2082,0.4104
1781773883934,20971,-0.72241,0.12476,-0.5708,0.92912,-0.25,13.438,-2.188,-0.2693,0.8458,0.2082,0.4104
1781773883993,21030,-0.80762,0.12329,-0.58423,1.00438,-0.062,4.75,2.812,-0.2744,0.8472,0.2064,0.4049
1781773883993,21030,-0.78369,0.12671,-0.58154,0.98408,0.0,3.688,6.5,-0.2741,0.8475,0.2066,0.4047
1781773883994,21031,-0.73828,0.12646,-0.55688,0.93337,2.562,-0.938,0.188,-0.2723,0.8481,0.2069,0.4044
1781773884056,21093,-0.73828,0.12646,-0.55688,0.93337,2.562,-0.938,0.188,-0.2723,0.8481,0.2069,0.4044
1781773884056,21093,-0.74951,0.12891,-0.54956,0.9383,3.0,-1.312,-1.75,-0.2722,0.8481,0.2066,0.4046
1781773884057,21094,-0.77319,0.11987,-0.5708,0.96851,8.75,-2.0,-4.75,-0.2717,0.8479,0.2041,0.4066
1781773884113,21150,-0.77319,0.11987,-0.5708,0.96851,8.75,-2.0,-4.75,-0.2717,0.8479,0.2041,0.4066
1781773884113,21150,-0.79297,0.11548,-0.573,0.98512,8.5,-3.062,-6.062,-0.2719,0.8478,0.2033,0.4071
1781773884114,21151,-0.74023,0.11475,-0.56885,0.94059,9.062,-8.062,2.062,-0.2689,0.8475,0.1998,0.4114
1781773884175,21212,-0.72754,0.11523,-0.57007,0.93143,9.25,-8.875,1.062,-0.2686,0.8474,0.1997,0.4118
1781773884176,21213,-0.71265,0.10889,-0.5708,0.91953,9.312,-8.062,-1.562,-0.2675,0.8476,0.1988,0.4125
1781773884176,21213,-0.75928,0.09863,-0.55835,0.94762,5.5,-6.75,-8.312,-0.2668,0.8467,0.1951,0.4166
1781773884232,21269,-0.7771,0.09131,-0.55176,0.95742,6.125,-7.875,-8.5,-0.267,0.8464,0.1947,0.4172
1781773884232,21269,-0.78052,0.07886,-0.56714,0.96803,6.75,-6.75,-8.0,-0.2674,0.8461,0.1943,0.4178
1781773884233,21270,-0.7688,0.08789,-0.56714,0.95939,1.25,-5.938,3.375,-0.2659,0.8453,0.1922,0.4213
1781773884293,21330,-0.7688,0.08789,-0.56714,0.95939,1.25,-5.938,3.375,-0.2659,0.8453,0.1922,0.4213
1781773884293,21330,-0.74243,0.09009,-0.55786,0.93302,0.0,-3.0,3.188,-0.2658,0.8453,0.1923,0.4215
1781773884295,21332,-0.74634,0.08862,-0.54346,0.92748,6.438,20.062,-12.062,-0.2723,0.8458,0.1897,0.4173
1781773884353,21390,-0.74292,0.06982,-0.57129,0.93977,6.688,21.688,-10.438,-0.2722,0.8466,0.1882,0.4166
1781773884353,21390,-0.7334,0.07568,-0.5791,0.93753,6.188,25.375,-11.438,-0.2727,0.8469,0.1874,0.4158
1781773884354,21391,-0.49731,0.07959,-0.13135,0.52049,-45.438,93.312,-55.375,-0.2804,0.85,0.1903,0.403
1781773884421,21458,-0.49731,0.07959,-0.13135,0.52049,-45.438,93.312,-55.375,-0.2804,0.85,0.1903,0.403
1781773884423,21460,0.4939,-0.07178,0.56006,0.75017,-10.75,51.625,102.312,-0.2816,0.8556,0.189,0.3906
1781773884423,21460,0.38232,-0.08521,0.11304,0.40769,-69.25,190.875,-23.625,-0.2689,0.8839,0.1959,0.3284
1781773884473,21510,0.38232,-0.08521,0.11304,0.40769,-69.25,190.875,-23.625,-0.2689,0.8839,0.1959,0.3284
1781773884534,21571,0.51611,0.41797,-0.17676,0.68725,-77.438,184.688,57.812,-0.2697,0.8887,0.197,0.3136
1781773884534,21571,-0.32324,0.19238,-0.07886,0.38434,-107.375,69.25,41.875,-0.2706,0.9017,0.2196,0.2553
1781773884535,21572,-0.2959,0.07349,-0.09985,0.32082,-110.938,66.562,30.0,-0.2713,0.9018,0.2254,0.2491
1781773884593,21630,-0.24585,0.03491,-0.10938,0.27134,-112.25,61.375,8.5,-0.2719,0.9019,0.2324,0.2416
1781773884593,21630,0.13452,-0.146,0.06519,0.20895,-126.312,81.25,-178.5,-0.3146,0.8885,0.255,0.215
1781773884595,21632,0.0769,0.33887,-0.44897,0.56774,-71.188,167.688,-282.125,-0.44,0.8403,0.2531,0.1893
1781773884655,21692,0.17188,0.3269,-0.39062,0.53758,-150.5,189.562,-284.5,-0.4532,0.835,0.252,0.183
1781773884655,21692,0.11694,-0.01318,-0.01782,0.11903,-284.0,182.062,-282.938,-0.4653,0.8297,0.2544,0.1737
1781773884658,21695,-0.67798,-0.67725,-0.27271,0.99634,19.125,-589.0,-838.312,-0.6457,0.6066,0.2605,0.3834
1781773884713,21750,-0.14746,-2.24878,0.91162,2.43101,75.625,-42.25,-676.875,-0.6538,0.5963,0.2536,0.3904
1781773884714,21751,0.25073,-1.76831,0.41357,1.83326,82.312,190.812,-542.562,-0.6689,0.5844,0.2354,0.3941
1781773884715,21752,-0.65039,0.06592,-3.12012,3.18787,-42.125,-13.438,65.312,-0.7327,0.5801,0.1485,0.3229
1781773884776,21813,-1.50586,0.20874,-0.53613,1.61202,-69.25,340.375,152.0,-0.7313,0.5883,0.1428,0.3136
1781773884776,21813,-0.23926,-0.23975,-0.70581,0.78287,-108.375,113.0,142.812,-0.7303,0.5949,0.1407,0.3045
1781773884778,21815,-0.33008,0.00146,-1.12598,1.17336,-308.875,166.75,175.812,-0.7047,0.6665,0.1257,0.2076
1781773884834,21871,-0.38623,0.05615,-1.07202,1.14086,-335.5,167.562,235.938,-0.702,0.6729,0.132,0.1915
1781773884834,21871,-0.40601,0.18018,-1.05029,1.14036,-349.938,198.438,290.312,-0.6979,0.6806,0.1387,0.1738
1781773884835,21872,-0.14844,-0.00073,-0.87573,0.88822,35.938,-14.812,65.75,-0.6499,0.7349,0.1334,0.14
1781773884895,21932,-0.16772,0.01367,-0.96509,0.97965,43.25,21.0,59.688,-0.6478,0.7369,0.1321,0.1403
1781773884895,21932,0.13745,-0.14038,-1.01587,1.03469,53.562,127.75,51.375,-0.644,0.7424,0.1237,0.1364
1781773884899,21936,-0.5293,-0.00781,-1.19482,1.30684,15.125,-151.625,-48.312,-0.6448,0.7355,0.1291,0.1623
1781773884953,21990,-0.5127,-0.00928,-1.21582,1.31953,0.5,-160.938,-37.188,-0.6451,0.7333,0.1331,0.1677
1781773884953,21990,-0.47705,-0.0354,-1.0769,1.17837,-17.75,-147.062,-28.375,-0.6452,0.7294,0.1418,0.1771
1781773884954,21991,-0.46753,-0.01392,-0.96655,1.07378,-10.938,-102.5,-20.25,-0.6527,0.711,0.1645,0.2028
1781773885022,22059,-0.50439,0.02124,-0.97607,1.0989,-16.688,-90.75,-7.938,-0.6525,0.709,0.1691,0.2067
1781773885022,22059,-0.50073,-0.01685,-0.87085,1.00469,-23.625,-77.875,-1.562,-0.6522,0.708,0.1721,0.2086
1781773885022,22059,-0.50073,-0.01685,-0.87085,1.00469,-23.625,-77.875,-1.562,-0.6522,0.708,0.1721,0.2086
1781773885077,22114,-0.44434,0.01978,-0.84131,0.95164,-7.312,39.0,13.375,-0.6468,0.7092,0.1824,0.2125
1781773885077,22114,-0.42603,0.04712,-0.84204,0.94485,-3.188,53.938,22.938,-0.6466,0.7106,0.1809,0.2098
1781773885077,22114,-0.32666,-0.0376,-0.9104,0.96796,25.812,111.75,3.25,-0.6343,0.7371,0.1509,0.1773
1781773885140,22177,-0.38135,-0.02759,-0.93604,1.01111,26.438,107.25,0.062,-0.6348,0.738,0.147,0.1746
1781773885140,22177,-0.36328,-0.03784,-0.97314,1.03943,24.5,94.812,-1.125,-0.6352,0.7389,0.1436,0.1721
1781773885140,22177,-0.3335,0.00684,-0.96777,1.02365,19.062,20.688,-9.375,-0.6411,0.7401,0.1229,0.1608
1781773885196,22233,-0.3064,-0.03296,-0.96411,1.01216,16.438,8.25,-8.062,-0.6413,0.7401,0.1219,0.1609
1781773885196,22233,-0.3103,-0.02271,-0.948,0.99775,14.312,-3.312,-7.75,-0.6414,0.7399,0.1213,0.1613
1781773885199,22236,-0.32886,0.0,-0.92896,0.98545,-7.75,-75.5,-11.438,-0.6441,0.7322,0.1322,0.177
1781773885259,22296,-0.3291,-0.01587,-0.91528,0.97278,-9.125,-79.562,-6.562,-0.6439,0.7314,0.1345,0.1792
1781773885259,22296,-0.34229,-0.01636,-0.90796,0.97047,-10.188,-83.25,-2.562,-0.6436,0.7306,0.137,0.1815
1781773885260,22297,-0.34229,-0.01636,-0.90796,0.97047,-10.188,-83.25,-2.562,-0.6436,0.7306,0.137,0.1815
1781773885312,22349,-0.41797,-0.0127,-0.8894,0.9828,-14.25,-27.688,12.938,-0.6401,0.7253,0.1592,0.1962
1781773885313,22350,-0.41455,0.01709,-0.89233,0.98408,-13.375,-17.375,15.562,-0.6397,0.7255,0.1602,0.1963
1781773885315,22352,-0.38403,0.00024,-0.88452,0.96429,13.5,35.312,0.75,-0.634,0.7331,0.1573,0.1887
1781773885373,22410,-0.37354,-0.0061,-0.88477,0.9604,15.438,32.875,-0.375,-0.6341,0.7335,0.1559,0.1881
1781773885373,22410,-0.35376,-0.00952,-0.86816,0.93752,17.625,32.875,-2.062,-0.6342,0.7338,0.1544,0.1874
1781773885374,22411,-0.38843,-0.03027,-0.94141,1.01884,18.625,35.938,-10.25,-0.6412,0.7332,0.1356,0.1805
1781773885432,22469,-0.38721,-0.03296,-0.9375,1.01485,16.75,32.438,-10.0,-0.6416,0.7333,0.134,0.1799
1781773885434,22471,-0.37622,-0.03491,-0.93652,1.00987,15.625,29.0,-10.625,-0.642,0.7333,0.1326,0.1795
1781773885434,22471,-0.33325,-0.07129,-0.90332,0.96547,1.438,-19.438,-12.938,-0.6478,0.729,0.1274,0.1801
1781773885501,22538,-0.33496,-0.07886,-0.89185,0.95593,-4.25,-23.0,-4.125,-0.6479,0.7286,0.128,0.1807
1781773885501,22538,-0.33984,-0.05908,-0.89014,0.95463,-7.312,-24.125,2.938,-0.6478,0.7285,0.1289,0.1812
1781773885503,22540,-0.33984,-0.05908,-0.89014,0.95463,-7.312,-24.125,2.938,-0.6478,0.7285,0.1289,0.1812
1781773885556,22593,-0.38037,-0.0354,-0.91455,0.99113,-5.812,-44.938,42.875,-0.6387,0.7316,0.1428,0.1899
1781773885556,22593,-0.37744,-0.05884,-0.90747,0.98459,-4.812,-41.375,45.625,-0.6371,0.7325,0.1445,0.1908
1781773885557,22594,-0.37744,-0.05884,-0.90747,0.98459,-4.812,-41.375,45.625,-0.6371,0.7325,0.1445,0.1908
1781773885621,22658,-0.46191,-0.02783,-0.8667,0.9825,18.125,-32.812,28.562,-0.6212,0.7398,0.1578,0.2039
1781773885622,22659,-0.44653,-0.02905,-0.86279,0.97193,19.0,-29.812,23.5,-0.6201,0.7404,0.1583,0.2052
1781773885622,22659,-0.42212,-0.02856,-0.88989,0.98535,-0.375,13.125,-26.312,-0.6202,0.7396,0.1558,0.2092
1781773885673,22710,-0.42212,-0.02856,-0.88989,0.98535,-0.375,13.125,-26.312,-0.6202,0.7396,0.1558,0.2092
1781773885673,22710,-0.40918,-0.0332,-0.88525,0.97581,-4.5,18.75,-30.25,-0.6226,0.7379,0.1551,0.2084
1781773885682,22719,-0.40503,-0.0127,-0.88501,0.97337,-14.062,24.625,-10.0,-0.635,0.7316,0.1494,0.1973
1781773885733,22770,-0.39453,-0.01465,-0.87524,0.96017,-9.312,24.438,1.125,-0.6356,0.7318,0.1488,0.1951
1781773885733,22770,-0.3855,-0.02026,-0.87646,0.95771,-6.812,25.938,5.875,-0.6357,0.7321,0.1483,0.194
1781773885733,22770,-0.35522,-0.03735,-0.90186,0.97001,0.188,23.875,7.75,-0.634,0.7371,0.142,0.1849
1781773885794,22831,-0.35498,-0.03125,-0.90527,0.97289,-1.125,13.125,4.125,-0.6348,0.7369,0.1414,0.1835
1781773885794,22831,-0.35718,-0.0293,-0.9082,0.97635,-0.688,8.438,2.25,-0.6348,0.7371,0.1411,0.1832
1781773885795,22832,-0.35718,-0.0293,-0.9082,0.97635,-0.688,8.438,2.25,-0.6348,0.7371,0.1411,0.1832
1781773885854,22891,-0.38037,-0.02539,-0.91016,0.98677,2.312,-12.812,-2.688,-0.6348,0.7367,0.1411,0.1848
1781773885856,22893,-0.37207,-0.02246,-0.9043,0.97811,2.125,-14.625,-2.75,-0.6348,0.7365,0.1413,0.1853
1781773885856,22893,-0.3772,-0.03125,-0.87354,0.95201,2.125,-17.75,-2.375,-0.6354,0.734,0.1439,0.191
1781773885920,22957,-0.38306,-0.02295,-0.87451,0.955,1.125,-16.188,-0.562,-0.6351,0.734,0.1445,0.1918
1781773885920,22957,-0.38379,-0.02466,-0.87451,0.95534,0.688,-14.5,0.062,-0.635,0.7338,0.1448,0.1923
1781773885921,22958,-0.37305,-0.04126,-0.91406,0.98812,-0.375,-1.0,10.5,-0.633,0.7351,0.1459,0.1936
1781773885975,23012,-0.37305,-0.04126,-0.91406,0.98812,-0.375,-1.0,10.5,-0.633,0.7351,0.1459,0.1936
1781773885977,23014,-0.38989,-0.03687,-0.91846,0.99847,0.0,0.75,13.062,-0.6326,0.7354,0.1461,0.1934
1781773885977,23014,-0.39136,-0.02588,-0.89624,0.9783,6.5,5.188,15.938,-0.6274,0.7404,0.1453,0.1918
1781773886034,23071,-0.39136,-0.02588,-0.89624,0.9783,6.5,5.188,15.938,-0.6274,0.7404,0.1453,0.1918
1781773886034,23071,-0.38989,-0.02271,-0.89551,0.97697,7.0,6.938,11.188,-0.627,0.741,0.1448,0.1914
1781773886040,23077,-0.40186,-0.03394,-0.9126,0.99773,-0.25,5.812,-16.375,-0.6282,0.7406,0.1416,0.1909
1781773886096,23133,-0.39893,-0.03467,-0.91064,0.9948,-1.438,6.125,-18.188,-0.6289,0.7402,0.1412,0.1907
1781773886098,23135,-0.39209,-0.03442,-0.90479,0.98669,-3.188,5.625,-20.125,-0.6296,0.7397,0.1408,0.1906
1781773886098,23135,-0.37012,-0.03394,-0.90698,0.98018,-7.562,-2.25,-8.875,-0.6357,0.735,0.1405,0.189
1781773886159,23196,-0.37012,-0.03394,-0.90698,0.98018,-7.562,-2.25,-8.875,-0.6357,0.735,0.1405,0.189
1781773886159,23196,-0.37427,-0.03076,-0.89673,0.97219,-6.188,-5.438,-2.812,-0.6361,0.7346,0.1409,0.189
1781773886159,23196,-0.39014,-0.02124,-0.89697,0.97838,3.938,-2.125,20.562,-0.6323,0.7371,0.1436,0.1898
1781773886212,23249,-0.39014,-0.02124,-0.89697,0.97838,3.938,-2.125,20.562,-0.6323,0.7371,0.1436,0.1898
1781773886213,23250,-0.38525,-0.02881,-0.89551,0.97529,4.062,-1.062,19.25,-0.6315,0.7378,0.1438,0.1897
1781773886213,23250,-0.38525,-0.02881,-0.89551,0.97529,4.062,-1.062,19.25,-0.6315,0.7378,0.1438,0.1897
1781773886275,23312,-0.39062,-0.03833,-0.90088,0.98267,3.375,-0.062,-0.312,-0.6275,0.7411,0.1431,0.1904
1781773886276,23313,-0.3916,-0.03369,-0.90137,0.98334,2.125,-1.75,-4.562,-0.6286,0.7402,0.1431,0.1905
1781773886276,23313,-0.40063,-0.02808,-0.91528,0.99952,-0.5,3.312,-15.0,-0.6316,0.7377,0.142,0.191
1781773886333,23370,-0.4043,-0.03296,-0.92773,1.01254,-1.062,4.688,-14.938,-0.6323,0.7371,0.1417,0.1909
1781773886333,23370,-0.39355,-0.03882,-0.93164,1.0121,-2.0,4.562,-13.812,-0.6343,0.7356,0.1415,0.1904
1781773886334,23371,-0.39355,-0.03882,-0.93164,1.0121,-2.0,4.562,-13.812,-0.6343,0.7356,0.1415,0.1904
1781773886395,23432,-0.3916,-0.02197,-0.91797,0.99825,-2.0,0.375,-0.312,-0.6361,0.7343,0.1411,0.1896
1781773886397,23434,-0.39258,-0.0249,-0.91455,0.99556,-0.062,-0.938,3.75,-0.636,0.7344,0.1411,0.1896
1781773886397,23434,-0.40454,-0.02539,-0.90771,0.9941,4.875,0.688,15.75,-0.6318,0.7379,0.1414,0.19
1781773886453,23490,-0.39404,-0.02759,-0.90991,0.99195,5.5,0.75,13.875,-0.6308,0.7388,0.1412,0.1899
1781773886453,23490,-0.39111,-0.03247,-0.9165,0.997,5.562,1.125,12.25,-0.6304,0.7392,0.1411,0.1899
1781773886454,23491,-0.39551,-0.02881,-0.9104,0.99302,2.0,-4.188,-4.5,-0.6293,0.7399,0.1405,0.1907
1781773886513,23550,-0.39429,-0.02808,-0.90747,0.98983,1.688,-3.875,-6.188,-0.6295,0.7398,0.1405,0.1909
1781773886518,23555,-0.39526,-0.03027,-0.91089,0.99341,0.625,-3.5,-9.125,-0.6303,0.739,0.1406,0.1912
1781773886518,23555,-0.39307,-0.03345,-0.91064,0.99242,-0.625,-2.625,-10.438,-0.6317,0.7374,0.1401,0.1929
1781773886576,23613,-0.39062,-0.03491,-0.90942,0.99038,0.0,-1.562,-9.25,-0.6322,0.737,0.1401,0.1931
1781773886576,23613,-0.39502,-0.03638,-0.92139,1.00315,0.0,-0.75,-7.438,-0.6331,0.7362,0.14,0.1931
1781773886577,23614,-0.39697,-0.04346,-0.92114,1.00398,0.625,-3.5,4.5,-0.6335,0.7357,0.1401,0.1934
1781773886634,23671,-0.39697,-0.04346,-0.92114,1.00398,0.625,-3.5,4.5,-0.6335,0.7357,0.1401,0.1934
1781773886634,23671,-0.39453,-0.04053,-0.92603,1.00738,0.812,-2.562,6.125,-0.6333,0.7359,0.1402,0.1935
1781773886634,23671,-0.40479,-0.02759,-0.90063,0.9878,1.188,0.688,10.125,-0.6311,0.7378,0.1411,0.1929
1781773886701,23738,-0.40479,-0.02759,-0.90063,0.9878,1.188,0.688,10.125,-0.6311,0.7378,0.1411,0.1929
1781773886701,23738,-0.40649,-0.02783,-0.89868,0.98673,1.625,1.312,9.188,-0.6308,0.7381,0.1411,0.1928
1781773886701,23738,-0.40332,-0.02368,-0.89429,0.98131,2.125,2.75,-6.25,-0.6315,0.7376,0.1405,0.1925
1781773886757,23794,-0.39502,-0.03271,-0.9043,0.98735,1.562,4.188,-8.438,-0.632,0.7374,0.1401,0.1923
1781773886757,23794,-0.39185,-0.03589,-0.91138,0.99269,1.25,4.375,-9.875,-0.6323,0.7372,0.1398,0.1923
1781773886757,23794,-0.39136,-0.03687,-0.91553,0.99635,-0.875,-3.75,-8.25,-0.6367,0.7333,0.1393,0.1929
1781773886812,23849,-0.39355,-0.03931,-0.9209,1.00224,-0.688,-3.625,-6.875,-0.6369,0.733,0.1394,0.1929
1781773886814,23851,-0.39429,-0.04126,-0.92236,1.00395,-0.25,-3.938,-5.375,-0.6371,0.7329,0.1394,0.1931
1781773886814,23851,-0.41553,-0.04272,-0.92065,1.01099,1.375,-5.25,8.188,-0.6343,0.7346,0.1402,0.1952
1781773886875,23912,-0.4104,-0.03882,-0.91187,1.00072,1.25,-4.375,9.688,-0.6334,0.7352,0.1406,0.1954
1781773886876,23913,-0.41064,-0.04102,-0.90698,0.99646,1.375,-4.25,10.125,-0.6329,0.7355,0.1408,0.1956
1781773886876,23913,-0.40991,-0.04053,-0.91504,1.00348,0.312,2.125,3.812,-0.6313,0.737,0.1411,0.1953
1781773886932,23969,-0.40698,-0.04346,-0.91748,1.00464,-0.188,1.5,2.562,-0.6312,0.7371,0.141,0.1952
1781773886932,23969,-0.40771,-0.03369,-0.91479,1.00211,-0.75,1.062,1.125,-0.6312,0.7371,0.141,0.1951
1781773886934,23971,-0.41577,-0.03418,-0.89307,0.9857,-0.688,4.875,-7.375,-0.6339,0.7352,0.1406,0.1938
1781773886994,24031,-0.4209,-0.03125,-0.89526,0.98976,-0.438,4.312,-7.5,-0.6342,0.7351,0.1404,0.1937
1781773886994,24031,-0.42114,-0.03394,-0.90039,0.99459,-0.688,4.0,-7.188,-0.6344,0.7349,0.1403,0.1936
1781773886995,24032,-0.42114,-0.03394,-0.90039,0.99459,-0.688,4.0,-7.188,-0.6344,0.7349,0.1403,0.1936
1781773887055,24092,-0.42114,-0.03394,-0.90039,0.99459,-0.688,4.0,-7.188,-0.6344,0.7349,0.1403,0.1936
1781773887056,24093,-0.40967,-0.04248,-0.90063,0.99034,0.688,2.812,0.0,-0.637,0.7335,0.1386,0.192
1781773887056,24093,-0.39331,-0.05664,-0.92603,1.00768,0.0,-2.625,9.938,-0.6351,0.7353,0.1384,0.1911
1781773887113,24150,-0.38232,-0.06079,-0.93091,1.0082,-0.125,-2.062,10.0,-0.6348,0.7356,0.1386,0.1911
1781773887113,24150,-0.37939,-0.06323,-0.93018,1.00656,-0.562,-1.625,9.375,-0.6345,0.7358,0.1386,0.191
1781773887114,24151,-0.448,0.0083,-0.88574,0.99263,-0.438,-10.562,7.125,-0.6303,0.7385,0.1414,0.1925
1781773887174,24211,-0.44482,0.00537,-0.87769,0.98399,0.812,-7.812,7.125,-0.63,0.7387,0.1416,0.1927
1781773887174,24211,-0.44238,0.00098,-0.87012,0.97612,2.25,-4.688,6.688,-0.6298,0.7388,0.1418,0.1929
1781773887174,24211,-0.41821,-0.02759,-0.91064,1.00247,3.062,10.625,-8.0,-0.6305,0.7391,0.138,0.1919
1781773887233,24270,-0.41895,-0.02637,-0.91113,1.00318,2.438,11.25,-8.125,-0.6308,0.739,0.1375,0.1917
1781773887233,24270,-0.42114,-0.02661,-0.91699,1.00943,1.875,11.75,-7.75,-0.6311,0.739,0.1371,0.1914
1781773887234,24271,-0.3374,-0.10303,-0.91797,0.98342,3.125,14.375,0.75,-0.6327,0.7394,0.1323,0.1876
1781773887294,24331,-0.33203,-0.10962,-0.94263,1.00539,1.562,12.812,1.0,-0.6328,0.7396,0.1316,0.187
1781773887294,24331,-0.33618,-0.10059,-0.95801,1.02025,-0.188,10.062,1.75,-0.6328,0.7398,0.1312,0.1867
1781773887300,24337,-0.33618,-0.10059,-0.95801,1.02025,-0.188,10.062,1.75,-0.6328,0.7398,0.1312,0.1867
1781773887352,24389,-0.40649,-0.0083,-0.93921,1.02344,-1.625,-9.25,19.125,-0.6304,0.7412,0.1353,0.1862
1781773887352,24389,-0.40332,0.0,-0.9187,1.00333,-0.812,-7.125,19.375,-0.6297,0.7416,0.1357,0.1864
1781773887354,24391,-0.38794,-0.01807,-0.98584,1.05958,-6.625,-4.125,-6.5,-0.6276,0.7428,0.1372,0.1876
1781773887418,24455,-0.40112,-0.01489,-0.98047,1.05945,-8.5,-6.312,-7.312,-0.6279,0.7426,0.1375,0.1876
1781773887418,24455,-0.40308,-0.0083,-0.97168,1.052,-10.312,-8.812,-7.625,-0.6282,0.7423,0.138,0.1876
1781773887419,24456,-0.38379,-0.06421,-0.90698,0.98693,-7.688,-1.938,-7.312,-0.6322,0.7384,0.1417,0.1864
1781773887474,24511,-0.38379,-0.06421,-0.90698,0.98693,-7.688,-1.938,-7.312,-0.6322,0.7384,0.1417,0.1864
1781773887474,24511,-0.39062,-0.05908,-0.91968,1.00094,-7.438,-2.375,-5.875,-0.6325,0.7381,0.1419,0.1864
1781773887474,24511,-0.39062,-0.05908,-0.91968,1.00094,-7.438,-2.375,-5.875,-0.6325,0.7381,0.1419,0.1864
1781773887533,24570,-0.45435,0.02588,-0.86938,0.98129,-2.688,11.688,15.375,-0.6329,0.7385,0.1443,0.1818
1781773887535,24572,-0.44043,0.01636,-0.86353,0.9695,-1.125,14.0,15.562,-0.6325,0.739,0.1441,0.1812
1781773887536,24573,-0.44043,0.01636,-0.86353,0.9695,-1.125,14.0,15.562,-0.6325,0.739,0.1441,0.1812
1781773887596,24633,-0.44043,0.01636,-0.86353,0.9695,-1.125,14.0,15.562,-0.6325,0.739,0.1441,0.1812
1781773887596,24633,-0.36377,0.00073,-0.96655,1.03274,-4.938,9.0,-4.062,-0.6319,0.7421,0.1392,0.1743
1781773887596,24633,-0.36377,0.00073,-0.96655,1.03274,-4.938,9.0,-4.062,-0.6319,0.7421,0.1392,0.1743
1781773887653,24690,-0.37378,-0.0127,-0.94043,1.01207,-4.5,-18.812,-3.062,-0.6358,0.7371,0.1455,0.1763
1781773887653,24690,-0.37573,-0.01147,-0.95117,1.02276,-5.062,-17.875,-2.062,-0.6358,0.7368,0.1461,0.1767
1781773887654,24691,-0.39624,-0.0105,-0.93579,1.01628,-10.875,-19.0,3.188,-0.6356,0.7348,0.153,0.1798
1781773887716,24753,-0.39624,-0.0105,-0.93579,1.01628,-10.875,-19.0,3.188,-0.6356,0.7348,0.153,0.1798
1781773887717,24754,-0.41309,-0.00317,-0.92871,1.01644,-10.875,-15.688,3.938,-0.6357,0.7344,0.1543,0.18
1781773887717,24754,-0.47339,0.04419,-0.89771,1.01584,-7.812,12.688,12.0,-0.6331,0.7362,0.1594,0.1774
1781773887776,24813,-0.4707,0.04175,-0.89868,1.01535,-7.688,19.25,11.812,-0.6332,0.7365,0.1593,0.1761
1781773887777,24814,-0.46387,0.04053,-0.8999,1.01323,-7.938,22.312,11.188,-0.6331,0.7369,0.1591,0.1751
1781773887777,24814,-0.42114,0.02368,-0.92261,1.01446,-5.625,17.812,6.562,-0.6334,0.7392,0.156,0.1668
1781773887832,24869,-0.42114,0.02368,-0.92261,1.01446,-5.625,17.812,6.562,-0.6334,0.7392,0.156,0.1668
1781773887832,24869,-0.42212,0.02344,-0.93408,1.0253,-5.438,20.375,5.938,-0.6336,0.7396,0.1553,0.165
1781773887833,24870,-0.4187,0.01611,-0.93677,1.02621,-11.188,-4.125,7.688,-0.6323,0.7412,0.1573,0.1605
1781773887899,24936,-0.4187,0.01611,-0.93677,1.02621,-11.188,-4.125,7.688,-0.6323,0.7412,0.1573,0.1605
1781773887899,24936,-0.40674,0.02051,-0.93311,1.01811,-12.812,-9.062,8.062,-0.6322,0.7412,0.1586,0.1601
1781773887900,24937,-0.45801,0.05542,-0.91626,1.02585,-12.375,0.0,-5.0,-0.629,0.7437,0.1616,0.1578
1781773887952,24989,-0.40918,0.03564,-0.92627,1.01325,-12.125,1.75,1.312,-0.6276,0.7449,0.1619,0.1575
1781773887953,24990,-0.41113,0.06616,-0.92676,1.01602,-8.688,9.812,-0.938,-0.6277,0.7448,0.1621,0.157
1781773887954,24991,-0.36938,0.09595,-0.84082,0.92338,58.875,-136.25,10.75,-0.6179,0.7517,0.1587,0.1667
1781773888016,25053,-0.35303,0.12744,-0.81812,0.9001,73.438,-115.438,-14.375,-0.6173,0.7506,0.1598,0.1724
1781773888016,25053,-0.37695,0.09888,-0.80176,0.89145,89.312,-64.25,-14.5,-0.6166,0.7502,0.159,0.1773
1781773888017,25054,-0.37695,0.09888,-0.80176,0.89145,89.312,-64.25,-14.5,-0.6166,0.7502,0.159,0.1773
1781773888072,25109,-0.4375,0.00781,-0.83813,0.94548,169.375,-48.562,58.938,-0.5959,0.7627,0.126,0.2169
1781773888072,25109,-0.40527,-0.06885,-0.79712,0.89688,177.625,-55.062,51.188,-0.5917,0.7639,0.1188,0.2279
1781773888075,25112,-0.46484,-0.25464,-0.8877,1.03389,201.375,-99.438,43.062,-0.5604,0.7695,0.0772,0.2957
1781773888138,25175,-0.46484,-0.25464,-0.8877,1.03389,201.375,-99.438,43.062,-0.5604,0.7695,0.0772,0.2957
1781773888138,25175,-0.51294,-0.27588,-0.83398,1.01722,199.25,-102.625,42.875,-0.5533,0.7691,0.0705,0.3117
1781773888139,25176,-0.68042,-0.23657,-0.92407,1.17169,177.125,-8.562,15.062,-0.5101,0.7772,0.0278,0.367
1781773888195,25232,-0.68042,-0.23657,-0.92407,1.17169,177.125,-8.562,15.062,-0.5101,0.7772,0.0278,0.367
1781773888196,25233,-0.50366,-0.46948,-0.83765,1.08432,172.188,-36.062,8.0,-0.5021,0.7782,0.0169,0.3765
1781773888196,25233,-0.26929,-0.67017,-0.66797,0.98378,302.188,34.875,-52.688,-0.4751,0.774,-0.0771,0.411
1781773888256,25293,-0.36597,-0.68091,-0.52197,0.93275,305.625,82.438,-50.5,-0.4712,0.7731,-0.0896,0.4147
1781773888256,25293,-0.37256,-0.62866,-0.6626,0.98643,306.5,105.625,-63.312,-0.4661,0.7714,-0.1088,0.4191
1781773888256,25293,-0.56006,-0.67432,-0.50708,1.01267,240.812,220.938,5.75,-0.4052,0.7792,-0.2177,0.4254
1781773888314,25351,-0.56006,-0.67432,-0.50708,1.01267,240.812,220.938,5.75,-0.4052,0.7792,-0.2177,0.4254
1781773888316,25353,-0.49121,-0.71948,-0.56885,1.04045,212.25,218.625,-9.5,-0.3919,0.7832,-0.2411,0.4178
1781773888316,25353,-0.49121,-0.71948,-0.56885,1.04045,212.25,218.625,-9.5,-0.3919,0.7832,-0.2411,0.4178
1781773888375,25412,-0.2439,-1.79663,-0.65576,1.92805,182.75,224.0,68.375,-0.3236,0.7962,-0.3386,0.3828
1781773888375,25412,-0.42993,-2.97583,-0.9126,3.14217,204.375,223.188,-4.125,-0.3069,0.7987,-0.359,0.3725
1781773888376,25413,-0.54224,-0.5061,-1.02344,1.26396,80.188,-5.062,-50.812,-0.2781,0.784,-0.4168,0.3661
1781773888434,25471,-0.54224,-0.5061,-1.02344,1.26396,80.188,-5.062,-50.812,-0.2781,0.784,-0.4168,0.3661
1781773888434,25471,-0.55713,-0.4021,-1.03979,1.24629,59.25,69.188,68.5,-0.267,0.7862,-0.4237,0.3616
1781773888434,25471,-0.00684,-0.95972,-0.27881,0.99942,-6.688,-0.188,8.625,-0.2475,0.7994,-0.4267,0.3424
1781773888495,25532,-0.00684,-0.95972,-0.27881,0.99942,-6.688,-0.188,8.625,-0.2475,0.7994,-0.4267,0.3424
1781773888496,25533,-0.14771,-0.95312,-0.2002,0.98506,4.75,37.938,-29.688,-0.2435,0.8013,-0.4304,0.3364
1781773888496,25533,-0.11353,-1.07324,-0.29395,1.11854,56.875,-61.438,-34.125,-0.244,0.7888,-0.4468,0.3438
1781773888556,25593,-0.15308,-1.00439,-0.271,1.05151,61.438,-82.875,-31.062,-0.2434,0.7858,-0.4509,0.3458
1781773888557,25594,-0.13989,-0.97998,-0.32007,1.04037,61.125,-97.625,-27.75,-0.2452,0.783,-0.4525,0.349
1781773888557,25594,-0.36548,-1.03662,-0.48291,1.20057,19.875,-91.875,-38.188,-0.2619,0.7622,-0.4636,0.3677
1781773888613,25650,-0.41504,-1.04175,-0.50317,1.2291,14.562,-83.562,-39.375,-0.2646,0.7601,-0.4638,0.3699
1781773888614,25651,-0.51074,-1.00024,-0.52222,1.23857,2.375,-80.5,-41.188,-0.267,0.7576,-0.465,0.3718
1781773888614,25651,-0.51074,-1.00024,-0.52222,1.23857,2.375,-80.5,-41.188,-0.267,0.7576,-0.465,0.3718
1781773888675,25712,-0.44141,-0.87329,-0.44727,1.07588,-27.312,8.438,-35.188,-0.2842,0.7533,-0.4594,0.3748
1781773888675,25712,-0.42529,-0.82446,-0.36719,0.99772,-37.188,23.75,-31.312,-0.2847,0.7552,-0.4595,0.3704
1781773888734,25771,-0.16895,-0.84082,-0.22388,0.88636,-27.688,63.0,-43.75,-0.2894,0.7644,-0.4619,0.344
1781773888734,25771,-0.15723,-0.86816,-0.2251,0.91055,-25.75,63.25,-42.0,-0.2899,0.7652,-0.4625,0.3408
1781773888734,25771,-0.12598,-0.91602,-0.24292,0.95602,-24.0,65.438,-43.0,-0.2905,0.7671,-0.464,0.334
1781773888793,25830,-0.09326,-0.99878,-0.35889,1.06539,-33.0,17.375,-51.312,-0.3011,0.7711,-0.4666,0.3111
1781773888797,25834,-0.10498,-0.96387,-0.37012,1.03781,-37.438,12.375,-58.25,-0.3032,0.7712,-0.4664,0.309
1781773888797,25834,-0.35181,-0.61011,-0.5354,0.88468,-120.875,-68.562,-37.5,-0.3434,0.7723,-0.4383,0.3052
1781773888857,25894,-0.35181,-0.61011,-0.5354,0.88468,-120.875,-68.562,-37.5,-0.3434,0.7723,-0.4383,0.3052
1781773888857,25894,-0.37256,-0.6582,-0.45337,0.8818,-132.312,-72.625,-28.375,-0.3494,0.7739,-0.4309,0.3051
1781773888857,25894,-0.25928,-0.77197,-0.17529,0.833,-59.312,-41.375,-5.188,-0.387,0.781,-0.3813,0.3077
1781773888915,25952,-0.2312,-0.66553,-0.21216,0.73579,-51.562,-41.5,-3.062,-0.3884,0.7813,-0.3789,0.3082
1781773888915,25952,-0.19629,-0.58179,-0.25146,0.66351,-47.062,-38.375,-3.438,-0.3898,0.7814,-0.3766,0.3087
1781773888915,25952,-0.15967,-0.53906,-0.24829,0.6146,-24.812,16.812,-24.438,-0.4086,0.7799,-0.3638,0.3037
1781773888980,26017,-0.16089,-0.57715,-0.23779,0.64462,-16.562,22.375,-21.875,-0.4096,0.78,-0.3639,0.3017
1781773888980,26017,-0.16382,-0.60425,-0.22583,0.66555,-10.25,26.5,-18.188,-0.41,0.7802,-0.3643,0.3004
1781773888981,26018,-0.19775,-0.7124,-0.33325,0.81098,48.375,39.25,7.5,-0.4141,0.774,-0.3737,0.2992
1781773889034,26071,-0.20972,-0.71143,-0.3623,0.82545,50.5,36.188,13.0,-0.4118,0.7738,-0.3769,0.299
1781773889034,26071,-0.21387,-0.7002,-0.38208,0.82583,52.375,36.5,17.125,-0.4099,0.7737,-0.3791,0.299
1781773889035,26072,-0.30688,-0.8374,-0.3811,0.96988,33.812,39.75,48.5,-0.3991,0.771,-0.3915,0.3044
1781773889099,26136,-0.29834,-0.8645,-0.35913,0.98252,36.812,31.062,58.125,-0.3962,0.7718,-0.3925,0.3049
1781773889099,26136,-0.27783,-0.88135,-0.35791,0.99099,40.0,23.438,66.5,-0.3931,0.7725,-0.3934,0.3059
1781773889099,26136,-0.18359,-0.82275,-0.354,0.9143,56.5,20.562,74.625,-0.3725,0.7725,-0.3994,0.3235
1781773889154,26191,-0.17163,-0.80981,-0.35669,0.90138,58.0,23.062,72.75,-0.3671,0.7731,-0.4013,0.3257
1781773889155,26192,-0.17188,-0.80737,-0.354,0.89817,59.75,26.438,71.562,-0.3635,0.7736,-0.4027,0.327
1781773889155,26192,-0.19458,-0.90576,-0.29346,0.97179,66.062,33.188,108.125,-0.3374,0.773,-0.4094,0.3475
1781773889218,26255,-0.17676,-0.91138,-0.31128,0.97916,69.25,31.688,110.125,-0.3322,0.7738,-0.4106,0.3493
1781773889218,26255,-0.16406,-0.89893,-0.32227,0.96894,70.812,31.438,108.75,-0.327,0.7745,-0.4118,0.3512
1781773889219,26256,-0.16626,-0.95483,-0.39087,1.04505,71.938,55.938,114.562,-0.2881,0.7772,-0.4194,0.3698
1781773889273,26310,-0.16919,-0.94189,-0.40332,1.03849,70.188,59.375,114.188,-0.2821,0.7782,-0.4207,0.3707
1781773889273,26310,-0.16382,-0.92285,-0.40796,1.02221,64.688,60.375,113.062,-0.2763,0.7794,-0.4219,0.3715
1781773889273,26310,-0.15137,-0.93066,-0.38135,1.01709,47.625,20.062,40.438,-0.2445,0.783,-0.4219,0.3858
1781773889333,26370,-0.16675,-0.86084,-0.40674,0.96658,49.125,10.312,26.812,-0.2425,0.7827,-0.4232,0.3863
1781773889333,26370,-0.17041,-0.80151,-0.42285,0.9221,48.25,-1.062,15.75,-0.2411,0.782,-0.4246,0.387
1781773889334,26371,-0.15283,-0.71484,-0.37183,0.82013,23.375,-31.938,-22.188,-0.2545,0.7665,-0.4323,0.4006
1781773889397,26434,-0.14087,-0.72778,-0.34985,0.8197,20.125,-31.062,-19.5,-0.2554,0.7653,-0.4331,0.4015
1781773889397,26434,-0.13574,-0.74585,-0.32275,0.82395,16.625,-31.812,-16.75,-0.2563,0.7643,-0.4336,0.4023
1781773889398,26435,-0.04321,-0.86328,-0.22485,0.89313,12.562,-32.188,-68.188,-0.2745,0.7514,-0.4369,0.4109
1781773889457,26494,-0.07373,-0.87476,-0.21167,0.90302,13.5,-13.688,-91.75,-0.2789,0.749,-0.4395,0.4096
1781773889457,26494,-0.10864,-0.89258,-0.17188,0.91545,14.438,-5.562,-102.938,-0.282,0.7473,-0.4417,0.4081
1781773889458,26495,-0.28931,-0.91235,-0.32837,1.01189,18.312,0.375,-73.688,-0.3143,0.7255,-0.4608,0.4028
1781773889513,26550,-0.30347,-0.91577,-0.34644,1.02506,13.312,-1.375,-69.938,-0.3163,0.7243,-0.4624,0.4016
1781773889513,26550,-0.31323,-0.91577,-0.34863,1.02874,8.562,-2.25,-65.312,-0.3182,0.7232,-0.4638,0.4005
1781773889514,26551,-0.31323,-0.91577,-0.34863,1.02874,8.562,-2.25,-65.312,-0.3182,0.7232,-0.4638,0.4005
1781773889572,26609,-0.27759,-0.98828,-0.24683,1.05578,-19.625,10.562,-58.0,-0.3385,0.7177,-0.4699,0.3864
1781773889572,26609,-0.26709,-0.98145,-0.23267,1.04341,-17.625,9.0,-58.438,-0.3403,0.7174,-0.4704,0.3847
1781773889573,26610,-0.26709,-0.98145,-0.23267,1.04341,-17.625,9.0,-58.438,-0.3403,0.7174,-0.4704,0.3847
1781773889632,26669,-0.16748,-0.89575,-0.16406,0.92593,-11.75,-8.375,-25.688,-0.3567,0.7131,-0.4751,0.3718
1781773889634,26671,-0.15283,-0.8877,-0.15845,0.91459,-10.0,-13.938,-20.25,-0.3577,0.7127,-0.475,0.3716
1781773889635,26672,-0.13501,-0.84424,-0.18237,0.8742,3.5,-27.938,-18.688,-0.3658,0.708,-0.4736,0.3746
1781773889697,26734,-0.16333,-0.85425,-0.16992,0.88617,3.625,-28.0,-21.0,-0.3679,0.7064,-0.4735,0.3757
1781773889699,26736,-0.17529,-0.86621,-0.15039,0.89647,4.0,-30.312,-21.375,-0.369,0.7055,-0.4735,0.3762
1781773889699,26736,-0.17529,-0.86621,-0.15039,0.89647,4.0,-30.312,-21.375,-0.369,0.7055,-0.4735,0.3762
1781773889753,26790,-0.30127,-0.9126,-0.22534,0.98711,25.0,-14.312,16.0,-0.3723,0.6975,-0.4735,0.3878
1781773889755,26792,-0.3125,-0.89526,-0.23438,0.97677,26.0,-10.25,18.062,-0.3715,0.6972,-0.4737,0.389
1781773889760,26797,-0.3125,-0.89526,-0.23438,0.97677,26.0,-10.25,18.062,-0.3715,0.6972,-0.4737,0.389
1781773889814,26851,-0.2229,-0.97583,-0.16992,1.01528,29.5,16.312,35.625,-0.3565,0.6964,-0.4769,0.4003
1781773889814,26851,-0.20386,-0.98511,-0.15625,1.01804,31.25,16.812,36.375,-0.3536,0.6966,-0.4777,0.4014
1781773889814,26851,-0.20386,-0.98511,-0.15625,1.01804,31.25,16.812,36.375,-0.3536,0.6966,-0.4777,0.4014
1781773889874,26911,-0.146,-0.92822,-0.1748,0.95576,39.188,14.5,19.5,-0.3379,0.6937,-0.4855,0.4105
1781773889874,26911,-0.14209,-0.948,-0.17285,0.97405,37.188,11.625,20.812,-0.3364,0.6935,-0.4865,0.4111
1781773889874,26911,-0.16284,-0.98438,-0.19482,1.0166,17.0,7.188,27.375,-0.325,0.6912,-0.4907,0.4189
1781773889935,26972,-0.1792,-0.99927,-0.18921,1.03269,11.938,8.375,26.562,-0.3243,0.691,-0.4902,0.4204
1781773889935,26972,-0.18628,-1.01025,-0.18213,1.0433,8.625,8.312,26.25,-0.3232,0.6914,-0.4901,0.4208
1781773889935,26972,-0.25513,-1.01416,-0.20312,1.0653,-5.125,10.25,9.062,-0.318,0.6944,-0.4869,0.4233
1781773889995,27032,-0.26733,-1.01465,-0.20044,1.06825,-7.938,12.5,6.812,-0.3176,0.6951,-0.4866,0.423
1781773889997,27034,-0.27246,-1.00903,-0.20044,1.06422,-9.0,12.25,5.75,-0.3173,0.6956,-0.4865,0.4226
1781773889997,27034,-0.23389,-0.98926,-0.15356,1.02806,-14.5,15.688,-8.5,-0.3206,0.6985,-0.4831,0.419
1781773890053,27090,-0.23389,-0.98926,-0.15356,1.02806,-14.5,15.688,-8.5,-0.3206,0.6985,-0.4831,0.419
1781773890053,27090,-0.21924,-0.96875,-0.14624,1.00396,-13.875,15.562,-8.062,-0.3204,0.6997,-0.4834,0.4169
1781773890053,27090,-0.1521,-0.91992,-0.12427,0.94066,-5.438,8.25,-26.5,-0.3255,0.7014,-0.4848,0.4084
1781773890120,27157,-0.15747,-0.92139,-0.12939,0.94366,-4.875,6.375,-29.625,-0.3272,0.7009,-0.4853,0.4074
1781773890120,27157,-0.16113,-0.92798,-0.12402,0.94999,-4.062,4.938,-30.688,-0.328,0.7006,-0.4858,0.4065
1781773890120,27157,-0.23438,-0.97949,-0.15039,1.01831,1.0,-10.5,-32.938,-0.3385,0.6954,-0.491,0.4004
1781773890173,27210,-0.23975,-0.97021,-0.16284,1.01258,1.875,-11.812,-30.875,-0.341,0.694,-0.4912,0.4006
1781773890173,27210,-0.2478,-0.95923,-0.17798,1.00658,2.188,-11.0,-29.25,-0.3426,0.693,-0.4918,0.4002
1781773890173,27210,-0.27686,-0.95166,-0.18848,1.00888,2.438,-7.938,-17.188,-0.3497,0.6881,-0.4941,0.3996
1781773890239,27276,-0.27466,-0.9519,-0.18628,1.0081,2.25,-7.188,-15.625,-0.3504,0.6878,-0.4943,0.3995
1781773890240,27277,-0.27466,-0.94995,-0.17847,1.00484,1.875,-7.5,-13.312,-0.3512,0.6871,-0.4943,0.3998
1781773890240,27277,-0.19751,-0.89258,-0.15625,0.92743,10.75,-2.438,3.812,-0.3517,0.6847,-0.496,0.4014
1781773890294,27331,-0.18799,-0.88403,-0.15454,0.91692,11.25,-2.5,3.875,-0.3515,0.6845,-0.4963,0.4017
1781773890294,27331,-0.17505,-0.88477,-0.15137,0.91453,12.062,-1.875,3.875,-0.3511,0.6841,-0.4967,0.4022
1781773890296,27333,-0.17358,-0.89575,-0.14502,0.92387,21.188,-0.5,9.312,-0.3495,0.6801,-0.4994,0.4069
1781773890354,27391,-0.17944,-0.89209,-0.15063,0.92234,21.375,0.812,11.562,-0.3488,0.6798,-0.4998,0.4075
1781773890354,27391,-0.18408,-0.91333,-0.14966,0.94364,20.625,1.875,16.312,-0.3483,0.6788,-0.4999,0.4095
1781773890355,27392,-0.22485,-0.93994,-0.17969,0.98302,17.0,10.125,21.75,-0.3378,0.6787,-0.5029,0.4147
1781773890413,27450,-0.23096,-0.94043,-0.18213,0.98535,16.062,10.188,23.375,-0.3367,0.6789,-0.5031,0.4151
1781773890413,27450,-0.23486,-0.92871,-0.19531,0.97766,15.562,10.125,25.562,-0.3349,0.6792,-0.5032,0.4159
1781773890414,27451,-0.21533,-0.94092,-0.17578,0.98112,8.5,16.625,33.062,-0.3223,0.6833,-0.502,0.4206
1781773890475,27512,-0.20776,-0.93506,-0.16992,0.97282,7.625,17.688,32.562,-0.3209,0.6839,-0.5018,0.4209
1781773890475,27512,-0.20044,-0.93994,-0.15967,0.97425,6.0,18.562,31.938,-0.3192,0.6846,-0.5014,0.4216
1781773890475,27512,-0.15161,-1.03076,-0.07666,1.04467,-1.062,16.938,29.125,-0.3101,0.69,-0.4968,0.425
1781773890532,27569,-0.15576,-1.00342,-0.07983,1.01857,0.0,16.312,25.0,-0.3084,0.6909,-0.4965,0.4251
1781773890532,27569,-0.15308,-0.95654,-0.09106,0.97298,1.188,13.5,18.0,-0.3074,0.6915,-0.4959,0.4256
1781773890533,27570,-0.19922,-0.89429,-0.12549,0.92476,8.188,10.688,-6.25,-0.3027,0.6933,-0.4986,0.4229
1781773890592,27629,-0.20264,-0.88672,-0.1272,0.91843,8.438,9.938,-8.062,-0.3026,0.6932,-0.4991,0.4225
1781773890592,27629,-0.20996,-0.88379,-0.13159,0.91787,7.375,9.938,-9.625,-0.3029,0.6928,-0.4996,0.4222
1781773890596,27633,-0.1936,-0.69922,-0.14551,0.73997,15.438,13.875,-20.062,-0.303,0.6912,-0.5045,0.4191
1781773890652,27689,-0.19092,-0.6543,-0.14209,0.69624,18.125,14.562,-21.125,-0.303,0.6908,-0.5055,0.4185
1781773890652,27689,-0.1814,-0.57837,-0.13477,0.62095,27.062,11.312,-20.312,-0.3027,0.6898,-0.508,0.4173
1781773890653,27690,-0.1814,-0.57837,-0.13477,0.62095,27.062,11.312,-20.312,-0.3027,0.6898,-0.508,0.4173
1781773890712,27749,-0.1814,-0.57837,-0.13477,0.62095,27.062,11.312,-20.312,-0.3027,0.6898,-0.508,0.4173
1781773890712,27749,0.28833,0.37598,-0.10181,0.48462,-46.0,-40.062,154.938,-0.2869,0.677,-0.5143,0.4412
1781773890713,27750,0.11719,-0.31982,-0.03467,0.34238,-136.5,-125.062,143.5,-0.2767,0.6999,-0.4387,0.4907
1781773890832,27869,0.1792,-0.3479,0.02905,0.39242,-142.938,-154.0,119.75,-0.2788,0.7008,-0.4302,0.4957
1781773890836,27873,0.18042,-0.25562,-0.0083,0.31298,-150.312,-160.438,96.375,-0.2816,0.7022,-0.4187,0.502
1781773890836,27873,0.38257,0.04272,0.11108,0.40065,-233.312,-232.688,61.312,-0.3259,0.7012,-0.3352,0.538
1781773890842,27879,0.34814,0.11499,0.06958,0.37319,-246.0,-227.0,70.062,-0.3362,0.6997,-0.3171,0.5446
1781773890897,27934,0.24097,0.21094,0.05151,0.32437,-265.875,-243.375,101.438,-0.3444,0.7004,-0.2946,0.5512
1781773890897,27934,0.15649,-0.04126,-0.01001,0.16215,-313.438,-311.0,146.438,-0.368,0.6992,-0.1584,0.5919
1781773890897,27934,0.25391,-0.57007,-0.00903,0.62412,-368.5,-210.688,19.375,-0.4133,0.6734,0.0067,0.6126
1781773890953,27990,-2.69385,-0.38501,-8.0,8.45015,-338.312,1102.688,67.312,-0.4235,0.6916,0.0095,0.5848
1781773890953,27990,-7.98853,-0.31836,7.95435,11.27783,-653.375,1125.938,179.875,-0.4243,0.7269,0.0037,0.5397
1781773890953,27990,-7.98853,-0.31836,7.95435,11.27783,-653.375,1125.938,179.875,-0.4243,0.7269,0.0037,0.5397
1781773891017,28054,5.94385,7.78467,-4.29907,10.69637,297.312,-765.312,532.125,-0.0856,0.7259,0.551,0.4023
1781773891018,28055,-0.19775,2.30371,1.5647,2.79186,182.875,-550.625,-653.812,-0.0787,0.7138,0.5358,0.4437
1781773891018,28055,-0.3269,-0.43896,-0.03809,0.54864,231.875,852.25,-238.062,-0.2427,0.8519,0.3125,0.3427
1781773891073,28110,-0.23145,-0.20996,-0.50562,0.59439,248.938,772.25,-228.875,-0.2579,0.8639,0.2915,0.3192
1781773891073,28110,-0.24927,-0.13574,-0.5752,0.64141,233.062,772.188,-207.125,-0.272,0.8746,0.2709,0.2955
1781773891075,28112,0.0708,0.23047,-0.92944,0.9602,-129.812,498.625,-146.812,-0.2769,0.9454,0.1512,0.0799
1781773891132,28169,0.07593,0.1355,-0.71021,0.72699,-145.125,463.625,-121.375,-0.2855,0.9444,0.1508,0.0598
1781773891133,28170,0.14746,0.10376,-0.70972,0.73226,-156.625,411.688,-98.125,-0.2927,0.9431,0.1514,0.0413
1781773891133,28170,0.6228,0.15088,-1.64111,1.76179,127.938,-165.5,168.0,0.3229,-0.9315,-0.1446,0.0827
1781773891193,28230,0.63232,0.2998,-1.69507,1.83384,93.938,-47.0,127.25,0.3172,-0.9343,-0.1409,0.0791
1781773891193,28230,0.44043,0.26025,-1.02344,1.14417,44.375,-1.812,95.562,0.3133,-0.936,-0.1384,0.0789
1781773891193,28230,0.44043,0.26025,-1.02344,1.14417,44.375,-1.812,95.562,0.3133,-0.936,-0.1384,0.0789
1781773891252,28289,0.26636,0.30298,-0.73999,0.84281,40.188,7.375,-23.312,0.3796,-0.9136,-0.124,0.0753
1781773891252,28289,0.18359,0.34082,-0.71631,0.81423,67.25,-8.562,-30.5,0.3813,-0.9134,-0.1207,0.0739
1781773891253,28290,0.18359,0.34082,-0.71631,0.81423,67.25,-8.562,-30.5,0.3813,-0.9134,-0.1207,0.0739
1781773891313,28350,0.26343,-0.33691,-0.6272,0.75913,210.875,-34.0,-80.75,0.4694,-0.88,-0.065,0.0305
1781773891313,28350,0.21924,-0.19873,-0.66431,0.72723,214.688,22.438,-101.812,0.4733,-0.8785,-0.0568,0.0264
1781773891314,28351,-0.07153,-0.37793,-1.15063,1.21322,269.812,18.125,-48.688,-0.5697,0.8208,-0.0369,0.0109
1781773891373,28410,-0.16211,0.11743,-1.24707,1.26303,253.562,45.25,-48.25,-0.5718,0.8184,-0.0518,0.0182
1781773891373,28410,-0.24268,0.05176,-1.31763,1.34079,261.375,51.5,-48.25,-0.5731,0.8167,-0.0619,0.0227
1781773891373,28410,-0.24268,0.05176,-1.31763,1.34079,261.375,51.5,-48.25,-0.5731,0.8167,-0.0619,0.0227
1781773891434,28471,-0.24268,0.05176,-1.31763,1.34079,261.375,51.5,-48.25,-0.5731,0.8167,-0.0619,0.0227
1781773891435,28472,0.13306,0.01758,-0.72998,0.74222,0.188,-35.5,52.188,-0.5907,0.8032,-0.0744,0.016
1781773891435,28472,0.13306,0.01758,-0.72998,0.74222,0.188,-35.5,52.188,-0.5907,0.8032,-0.0744,0.016
1781773891493,28530,0.14819,-0.09131,-0.92432,0.94056,-3.438,-14.562,6.75,-0.598,0.7968,-0.0852,0.0115
1781773891493,28530,0.14062,-0.09253,-0.91577,0.93111,-1.625,-14.625,6.125,-0.5978,0.7969,-0.0847,0.012
1781773891494,28531,0.16992,-0.13696,-1.01318,1.03642,5.25,-1.312,-1.5,-0.6031,0.7923,-0.09,0.0125
1781773891553,28590,0.16089,-0.1228,-1.00708,1.02722,4.375,-2.438,-2.625,-0.6032,0.7922,-0.0901,0.0126
1781773891553,28590,0.11816,-0.10864,-1.01367,1.0263,1.25,-2.875,-3.062,-0.6047,0.791,-0.09,0.0131
1781773891554,28591,0.11816,-0.10864,-1.01367,1.0263,1.25,-2.875,-3.062,-0.6047,0.791,-0.09,0.0131
1781773891612,28649,0.13428,-0.09204,-0.96631,0.97993,-2.562,-9.562,0.312,-0.6061,0.7902,-0.0883,0.014
1781773891616,28653,0.13794,-0.09448,-0.95728,0.97177,-1.625,-6.688,-0.125,-0.6061,0.7902,-0.088,0.0142
1781773891674,28711,0.13794,-0.09448,-0.95728,0.97177,-1.625,-6.688,-0.125,-0.6061,0.7902,-0.088,0.0142
1781773891674,28711,0.12964,-0.11035,-0.98218,0.99682,-0.812,0.0,1.688,-0.6055,0.7908,-0.0872,0.0142
1781773891674,28711,0.1355,-0.11328,-0.98682,1.0025,-0.75,-0.688,1.562,-0.6054,0.7908,-0.0872,0.0142
1781773891735,28772,0.1355,-0.11328,-0.98682,1.0025,-0.75,-0.688,1.562,-0.6054,0.7908,-0.0872,0.0142
1781773891735,28772,0.12476,-0.11011,-0.97119,0.98534,-0.625,-2.0,0.0,-0.6054,0.791,-0.086,0.0144
1781773891735,28772,0.12476,-0.11011,-0.97119,0.98534,-0.625,-2.0,0.0,-0.6054,0.791,-0.086,0.0144
1781773891793,28830,0.11987,-0.10083,-0.96924,0.98181,-0.062,-0.062,1.188,-0.6054,0.791,-0.0863,0.0142
1781773891793,28830,0.12305,-0.10596,-0.96582,0.97938,0.0,-1.312,1.188,-0.6054,0.791,-0.0863,0.0142
1781773891794,28831,0.1272,-0.10449,-0.97632,0.9901,2.562,1.875,-0.188,-0.6052,0.791,-0.0869,0.0142
1781773891852,28889,0.12012,-0.10303,-0.9751,0.98786,2.812,0.0,-0.062,-0.6052,0.791,-0.087,0.0142
1781773891852,28889,0.11743,-0.10181,-0.97681,0.98909,3.438,-0.812,0.312,-0.6052,0.791,-0.0871,0.0143
1781773891853,28890,0.13184,-0.11938,-0.99316,1.00896,2.625,1.438,1.438,-0.6078,0.7889,-0.0884,0.015
1781773891914,28951,0.13062,-0.11572,-0.99414,1.00934,2.375,1.25,1.188,-0.6077,0.7889,-0.0885,0.015
1781773891915,28952,0.12964,-0.11572,-0.99292,1.00801,1.938,1.25,1.0,-0.6077,0.7889,-0.0886,0.015
1781773891915,28952,0.10864,-0.10693,-0.98657,0.99828,2.375,0.062,0.438,-0.6077,0.7888,-0.0887,0.0154
1781773891972,29009,0.1084,-0.1084,-0.99194,1.00372,2.812,0.562,0.438,-0.6077,0.7888,-0.0888,0.0154
1781773891972,29009,0.10205,-0.10522,-0.99219,1.00296,2.75,0.875,0.438,-0.6077,0.7888,-0.0889,0.0155
1781773891981,29018,0.1228,-0.11523,-0.99658,1.01071,-1.062,-1.812,0.625,-0.6083,0.7883,-0.0897,0.0153
1781773892033,29070,0.1228,-0.11523,-0.99658,1.01071,-1.062,-1.812,0.625,-0.6083,0.7883,-0.0897,0.0153
1781773892033,29070,0.12231,-0.11011,-0.98486,0.99852,-1.25,-1.938,0.25,-0.6083,0.7883,-0.0895,0.0153
1781773892036,29073,0.11206,-0.10547,-0.98096,0.99295,0.312,1.375,1.125,-0.6083,0.7883,-0.0891,0.0147
1781773892097,29134,0.11206,-0.10547,-0.98096,0.99295,0.312,1.375,1.125,-0.6083,0.7883,-0.0891,0.0147
1781773892097,29134,0.10889,-0.10205,-0.98218,0.99345,1.062,1.0,1.688,-0.6082,0.7885,-0.0892,0.0145
1781773892097,29134,0.13916,-0.12964,-0.97559,0.99395,0.875,0.5,1.938,-0.6076,0.7888,-0.0898,0.0143
1781773892153,29190,0.1394,-0.12793,-0.97388,0.99209,1.0,-0.25,1.5,-0.6076,0.7889,-0.0899,0.0143
1781773892153,29190,0.13989,-0.12817,-0.97046,0.98883,0.938,0.0,1.0,-0.6075,0.7889,-0.0899,0.0143
1781773892157,29194,0.11694,-0.1145,-0.98706,1.00054,1.438,-0.062,0.312,-0.6075,0.7889,-0.0903,0.0144
1781773892212,29249,0.11694,-0.1145,-0.98706,1.00054,1.438,-0.062,0.312,-0.6075,0.7889,-0.0903,0.0144
1781773892213,29250,0.11914,-0.12012,-0.98755,1.00194,0.875,0.312,0.875,-0.6074,0.7889,-0.0904,0.0144
1781773892213,29250,0.1228,-0.11523,-0.98145,0.99579,2.312,2.438,0.875,-0.6071,0.7891,-0.0912,0.0141
1781773892274,29311,0.1228,-0.11523,-0.98145,0.99579,2.312,2.438,0.875,-0.6071,0.7891,-0.0912,0.0141
1781773892275,29312,0.1333,-0.12109,-0.97803,0.99447,2.062,0.75,1.25,-0.607,0.7891,-0.0914,0.0141
1781773892275,29312,0.12476,-0.12354,-0.98486,1.00039,0.812,-1.438,0.438,-0.6068,0.7893,-0.0921,0.014
1781773892332,29369,0.12549,-0.12793,-0.98779,1.00392,1.062,-0.5,0.375,-0.6068,0.7893,-0.0921,0.0141
1781773892332,29369,0.12207,-0.13257,-0.99268,1.0089,0.375,1.062,0.062,-0.6068,0.7893,-0.0921,0.014
1781773892333,29370,0.1333,-0.1228,-0.9729,0.98964,-0.562,0.5,-0.125,-0.6068,0.7893,-0.0922,0.0133
1781773892394,29431,0.12671,-0.11963,-0.97705,0.99247,-0.062,0.75,-0.375,-0.6068,0.7892,-0.0922,0.0133
1781773892394,29431,0.12646,-0.11304,-0.97583,0.99046,0.125,0.75,-0.125,-0.6068,0.7892,-0.0923,0.0132
1781773892394,29431,0.12573,-0.12183,-0.98462,1.00006,0.312,0.625,0.688,-0.6067,0.7893,-0.0925,0.0127
1781773892459,29496,0.13013,-0.12671,-0.98608,1.00267,0.312,0.812,0.875,-0.6066,0.7893,-0.0926,0.0126
1781773892459,29496,0.13306,-0.13257,-0.98584,1.00357,0.25,1.312,0.375,-0.6066,0.7893,-0.0927,0.0125
1781773892459,29496,0.1311,-0.12646,-0.97632,0.99317,-1.25,-0.125,-0.062,-0.6068,0.7893,-0.0928,0.0118
1781773892513,29550,0.12891,-0.12061,-0.97095,0.98686,-1.312,-0.75,0.125,-0.6068,0.7893,-0.0927,0.0117
1781773892514,29551,0.12817,-0.12305,-0.9668,0.98299,0.0,-0.375,0.062,-0.6068,0.7893,-0.0926,0.0117
1781773892514,29551,0.13428,-0.1123,-0.97729,0.99285,0.625,-1.0,-0.125,-0.6068,0.7891,-0.093,0.0113
1781773892577,29614,0.13428,-0.1123,-0.97729,0.99285,0.625,-1.0,-0.125,-0.6068,0.7891,-0.093,0.0113
1781773892581,29618,0.13062,-0.12061,-0.98022,0.99622,0.562,-0.312,0.188,-0.6068,0.7891,-0.093,0.0114
1781773892581,29618,0.12256,-0.12915,-0.99194,1.0078,0.875,0.0,-0.125,-0.6069,0.7891,-0.0932,0.0108
1781773892636,29673,0.11987,-0.12476,-0.9939,1.00884,0.5,-0.375,0.0,-0.6069,0.7891,-0.0932,0.0107
1781773892637,29674,0.13013,-0.1272,-0.99805,1.0145,0.062,1.875,0.062,-0.6069,0.7891,-0.0932,0.0105
1781773892637,29674,0.1416,-0.11523,-0.97681,0.99372,-1.812,0.0,0.0,-0.6069,0.7891,-0.093,0.0098
1781773892697,29734,0.13794,-0.11621,-0.97559,0.99212,-1.625,-0.438,0.0,-0.6069,0.7891,-0.0929,0.0097
1781773892697,29734,0.13721,-0.11646,-0.97217,0.98869,-0.5,-0.312,-0.312,-0.6069,0.7891,-0.0928,0.0096
1781773892697,29734,0.125,-0.12695,-0.99561,1.01142,-1.562,0.0,-0.5,-0.6071,0.7889,-0.0927,0.0089
1781773892756,29793,0.12451,-0.12622,-0.99219,1.0079,-2.312,-0.688,0.25,-0.6071,0.789,-0.0925,0.0088
1781773892756,29793,0.12988,-0.1228,-0.98364,0.99975,-2.125,-0.438,0.375,-0.6071,0.789,-0.0924,0.0086
1781773892756,29793,0.12598,-0.10889,-0.97632,0.99042,-1.75,-0.812,-0.125,-0.6072,0.7889,-0.0919,0.0077
1781773892816,29853,0.12598,-0.10889,-0.97632,0.99042,-1.75,-0.812,-0.125,-0.6072,0.7889,-0.0919,0.0077
1781773892816,29853,0.12622,-0.1062,-0.97412,0.98799,-1.562,-0.625,0.125,-0.6072,0.789,-0.0917,0.0076
1781773892816,29853,0.12622,-0.1062,-0.97412,0.98799,-1.562,-0.625,0.125,-0.6072,0.789,-0.0917,0.0076
1781773892873,29910,0.13159,-0.12427,-0.97876,0.99535,0.812,1.688,-0.125,-0.6071,0.7891,-0.0917,0.007
1781773892873,29910,0.12842,-0.12109,-0.98511,1.0008,0.562,1.562,-0.062,-0.6071,0.7891,-0.0919,0.0069
1781773892873,29910,0.13354,-0.12134,-0.97729,0.99381,-2.438,-0.062,0.562,-0.6071,0.7891,-0.0917,0.0061
1781773892937,29974,0.14111,-0.11646,-0.97168,0.98875,-1.688,0.125,0.438,-0.6071,0.7892,-0.0916,0.0059
1781773892938,29975,0.14307,-0.12134,-0.97021,0.98818,-0.75,0.188,0.0,-0.6071,0.7892,-0.0916,0.0058
1781773892938,29975,0.12427,-0.10547,-0.98364,0.99706,-1.0,0.125,-0.25,-0.6072,0.7891,-0.0914,0.0053
1781773892993,30030,0.12646,-0.11304,-0.97681,0.99142,-1.25,0.0,0.625,-0.6072,0.7891,-0.0913,0.0052
1781773892995,30032,0.13647,-0.11621,-0.97314,0.98952,-0.875,0.812,0.812,-0.6071,0.7892,-0.0912,0.0051
1781773892995,30032,0.13843,-0.1189,-0.9707,0.98771,-0.562,0.188,-0.062,-0.6071,0.7893,-0.0911,0.0045
1781773893054,30091,0.12793,-0.1167,-0.97729,0.99252,-0.25,1.5,0.0,-0.6071,0.7893,-0.0911,0.0044
1781773893054,30091,0.12891,-0.11401,-0.98413,0.99906,-0.312,1.188,0.0,-0.6071,0.7893,-0.0911,0.0043
1781773893055,30092,0.13916,-0.12183,-0.99609,1.01312,0.375,1.75,-0.188,-0.607,0.7893,-0.0915,0.0036
1781773893112,30149,0.13477,-0.12183,-0.99634,1.01276,0.0,1.312,-0.25,-0.607,0.7893,-0.0915,0.0036
1781773893112,30149,0.13135,-0.12061,-0.99585,1.01169,-0.438,1.125,-0.125,-0.607,0.7893,-0.0916,0.0035
1781773893113,30150,0.13379,-0.11255,-0.97925,0.99473,-0.25,1.938,-0.5,-0.6069,0.7893,-0.0914,0.0025
1781773893173,30210,0.13818,-0.11377,-0.9812,0.99739,0.0,1.688,-0.438,-0.6069,0.7893,-0.0915,0.0025
1781773893174,30211,0.13257,-0.11255,-0.9812,0.99649,0.0,1.188,-0.562,-0.607,0.7893,-0.0916,0.0024
1781773893232,30269,0.14673,-0.11597,-0.9834,1.00102,-0.875,3.312,-0.125,-0.6069,0.7893,-0.0919,0.0014
1781773893232,30269,0.14722,-0.12012,-0.98145,0.99967,-0.875,2.625,-0.688,-0.6069,0.7893,-0.0919,0.0011
1781773893233,30270,0.14795,-0.11987,-0.98535,1.00358,-0.875,1.812,-1.0,-0.6069,0.7893,-0.092,0.001
1781773893295,30332,0.13892,-0.1189,-0.99048,1.00721,-0.25,2.688,0.062,-0.6071,0.7891,-0.0924,0.0001
1781773893296,30333,0.13916,-0.12207,-0.98975,1.00691,-0.562,2.25,0.062,-0.6071,0.7891,-0.0924,0.0
1781773893296,30333,0.15918,-0.11401,-0.95972,0.97949,-1.25,1.875,-2.0,0.6074,-0.7888,0.0928,0.0016
1781773893353,30390,0.15796,-0.11377,-0.9624,0.98189,-0.438,2.688,-2.25,0.6075,-0.7887,0.0929,0.0017
1781773893353,30390,0.15918,-0.11719,-0.96118,0.9813,0.125,2.812,-2.438,0.6076,-0.7886,0.093,0.0018
1781773893353,30390,0.15918,-0.11719,-0.96118,0.9813,0.125,2.812,-2.438,0.6076,-0.7886,0.093,0.0018
1781773893416,30453,0.1355,-0.10156,-0.97681,0.99138,-0.812,0.062,-2.5,0.608,-0.7882,0.0935,0.0028
1781773893416,30453,0.13013,-0.10229,-0.97144,0.98544,-0.312,0.062,-2.438,0.6082,-0.7882,0.0934,0.0028
1781773893416,30453,0.13013,-0.10229,-0.97144,0.98544,-0.312,0.062,-2.438,0.6082,-0.7882,0.0934,0.0028
1781773893472,30509,0.13672,-0.09399,-0.97852,0.99248,-0.625,4.188,-2.75,0.6097,-0.7869,0.0941,0.0042
1781773893472,30509,0.1394,-0.08813,-0.97192,0.98582,-0.562,1.375,-2.562,0.6098,-0.7868,0.0941,0.0043
1781773893473,30510,0.2019,-0.17798,-0.96484,1.00168,3.875,3.5,1.562,0.6119,-0.7849,0.0963,0.0053
1781773893536,30573,0.21997,-0.18921,-0.96216,1.00496,4.0,3.688,-0.125,0.6118,-0.7849,0.0966,0.0053
1781773893536,30573,0.21533,-0.19043,-0.97095,1.01261,3.688,3.25,-1.938,0.6119,-0.7848,0.0968,0.0053
1781773893536,30573,0.11548,-0.06763,-0.9729,0.98206,-2.438,-0.312,-3.188,0.6127,-0.7842,0.0968,0.0068
1781773893592,30629,0.11719,-0.0752,-0.96118,0.97121,-1.375,0.5,-1.062,0.6127,-0.7842,0.0967,0.0069
1781773893592,30629,0.12891,-0.08789,-0.9585,0.97111,0.062,1.0,0.375,0.6127,-0.7842,0.0967,0.007
1781773893593,30630,0.22827,-0.17114,-1.01685,1.05611,-1.438,0.0,-3.562,0.614,-0.783,0.0982,0.0075
1781773893662,30699,0.22046,-0.16235,-1.01831,1.05447,-3.5,-1.812,-5.875,0.6138,-0.7832,0.0981,0.0076
1781773893663,30700,0.21509,-0.15137,-1.01855,1.05196,-4.188,-2.75,-7.188,0.614,-0.783,0.0979,0.0077
1781773893665,30702,0.14038,-0.12622,-0.96973,0.98793,-0.5,-0.812,-7.125,0.6164,-0.7814,0.096,0.0076
1781773893712,30749,0.13159,-0.13062,-0.95801,0.97578,0.0,1.062,-6.812,0.6155,-0.7821,0.096,0.0078
1781773893713,30750,0.14526,-0.12573,-0.95581,0.97493,0.062,5.688,-6.375,0.6158,-0.7818,0.0961,0.0081
1781773893713,30750,0.14526,-0.12573,-0.95581,0.97493,0.062,5.688,-6.375,0.6158,-0.7818,0.0961,0.0081
1781773893779,30816,0.14526,-0.12573,-0.95581,0.97493,0.062,5.688,-6.375,0.6158,-0.7818,0.0961,0.0081
1781773893780,30817,0.12305,-0.04199,-0.96289,0.97163,-4.812,2.625,-4.688,0.6132,-0.7838,0.0963,0.013
1781773893780,30817,0.19702,-0.1228,-0.96777,0.99523,-1.0,3.938,1.5,0.6132,-0.7838,0.0962,0.0143
1781773893832,30869,0.18359,-0.12012,-0.98926,1.01329,-1.812,5.25,0.062,0.613,-0.7839,0.0963,0.0146
1781773893832,30869,0.18164,-0.11206,-0.99243,1.01512,-2.375,5.688,-1.188,0.613,-0.7838,0.0964,0.0149
1781773893833,30870,0.18164,-0.11206,-0.99243,1.01512,-2.375,5.688,-1.188,0.613,-0.7838,0.0964,0.0149
1781773893899,30936,0.12061,-0.08545,-0.97583,0.98696,-8.5,3.688,1.0,0.6127,-0.7842,0.0951,0.0175
1781773893899,30936,0.13086,-0.08936,-0.96997,0.98283,-9.5,4.125,2.75,0.6108,-0.7857,0.0947,0.0184
1781773893900,30937,0.26807,-0.11621,-1.00391,1.04556,-7.812,1.938,3.188,0.6091,-0.7872,0.0929,0.0218
1781773893952,30989,0.26489,-0.10986,-1.00317,1.04336,-8.312,-0.125,0.625,0.6089,-0.7874,0.0925,0.0222
1781773893952,30989,0.25244,-0.10693,-0.99878,1.03572,-7.938,-0.938,-0.75,0.6089,-0.7874,0.0923,0.0224
1781773893953,30990,0.16406,-0.09106,-1.04541,1.06212,-5.75,-0.062,-1.5,0.6108,-0.7862,0.0899,0.023
1781773894012,31049,0.16406,-0.09106,-1.04541,1.06212,-5.75,-0.062,-1.5,0.6108,-0.7862,0.0899,0.023
1781773894012,31049,0.16431,-0.09595,-1.05884,1.0758,-9.0,-2.25,0.0,0.6095,-0.7872,0.0892,0.0234
1781773894016,31053,0.16357,-0.07178,-1.00757,1.02328,-26.562,-2.438,2.938,0.6078,-0.7892,0.0819,0.0278
1781773894073,31110,0.17603,-0.05688,-0.99414,1.01121,-26.188,-1.25,2.438,0.6075,-0.7896,0.08,0.0291
1781773894073,31110,0.177,-0.05322,-0.98804,1.00518,-25.875,-1.875,1.938,0.6074,-0.7897,0.0791,0.0297
1781773894073,31110,0.15942,-0.03931,-0.99829,1.0117,-19.062,-0.5,1.688,0.6069,-0.7907,0.0714,0.035
1781773894137,31174,0.15942,-0.03931,-0.99829,1.0117,-19.062,-0.5,1.688,0.6069,-0.7907,0.0714,0.035
1781773894192,31229,0.16797,-0.04565,-1.00562,1.02057,-18.5,0.062,2.188,0.6066,-0.7908,0.0704,0.0357
1781773894192,31229,0.17896,-0.04175,-1.0293,1.04557,-31.938,-40.0,4.562,0.6057,-0.7924,0.0604,0.0385
1781773894193,31230,0.17529,-0.05933,-1.07544,1.09125,-28.312,-48.062,4.688,0.6055,-0.7926,0.0582,0.0377
1781773894255,31292,0.17383,-0.04785,-1.05054,1.0659,-27.062,-44.562,3.75,0.6054,-0.793,0.0562,0.0368
1781773894257,31294,0.15161,-0.04834,-1.02441,1.0367,-18.75,17.312,-7.938,0.6074,-0.7923,0.0426,0.0357
1781773894257,31294,0.13013,0.03418,-1.00342,1.0124,-20.562,-9.25,-3.5,0.6071,-0.7926,0.0342,0.0427
1781773894312,31349,0.13403,0.04077,-1.00366,1.01339,-19.062,-10.625,-2.625,0.6072,-0.7926,0.0332,0.0429
1781773894312,31349,0.13232,0.052,-1.01318,1.02311,-13.5,-10.188,-1.5,0.6063,-0.7933,0.0319,0.0431
1781773894313,31350,0.36035,0.32544,-0.96655,1.08166,-1.0,-45.188,18.812,0.6113,-0.7888,0.0429,0.0455
1781773894378,31415,0.14233,0.18286,-1.01978,1.04577,16.125,-62.75,14.0,0.6108,-0.7893,0.0417,0.043
1781773894379,31416,-0.08081,0.01465,-1.07593,1.07906,23.188,-53.938,-21.812,0.6092,-0.7909,0.0402,0.0389
1781773894379,31416,0.09741,-0.00952,-0.97021,0.97514,64.312,-103.25,26.188,0.614,-0.7877,0.0448,0.0153
1781773894432,31469,0.07812,-0.02808,-0.93237,0.93606,67.75,-105.312,31.25,0.6132,-0.7885,0.0443,0.01
1781773894432,31469,0.03271,-0.03613,-0.89771,0.89903,72.438,-107.562,37.312,0.6135,-0.7883,0.0438,0.0015
1781773894433,31470,-0.04053,-0.0625,-0.85596,0.85919,99.0,-140.812,85.438,-0.5946,0.8002,-0.0359,0.0669
1781773894493,31530,-0.00366,-0.05957,-0.9812,0.98301,103.75,-108.812,94.75,-0.5914,0.8021,-0.036,0.0737
1781773894495,31532,0.09814,-0.0144,-1.34766,1.3513,110.875,-78.5,100.438,-0.5901,0.8024,-0.037,0.0795
1781773894495,31532,-0.14819,-0.47461,-1.08813,1.19635,158.188,-53.875,54.938,-0.5595,0.8137,-0.0631,0.1435
1781773894552,31589,-0.17285,-0.48706,-1.10059,1.21589,160.5,-43.5,50.625,-0.5568,0.8142,-0.0674,0.1491
1781773894552,31589,-0.19238,-0.52881,-1.13281,1.26488,160.25,-52.062,44.688,-0.5515,0.8149,-0.0759,0.1603
1781773894553,31590,-0.29565,-0.42456,-1.11426,1.22851,130.188,-44.188,61.375,-0.5266,0.8162,-0.1001,0.2151
1781773894616,31653,-0.28784,-0.44751,-1.13599,1.25443,119.438,-19.812,72.875,-0.5214,0.8174,-0.1047,0.2211
1781773894616,31653,-0.2605,-0.52856,-1.16699,1.30733,106.375,-2.875,76.938,-0.5133,0.8206,-0.1099,0.2254
1781773894616,31653,-0.03442,-0.60889,-1.1521,1.30356,40.875,73.25,79.125,-0.4685,0.8422,-0.1367,0.2288
1781773894672,31709,-0.03931,-0.68335,-1.13013,1.32125,38.25,87.812,85.625,-0.4646,0.8444,-0.1391,0.2269
1781773894672,31709,-0.0249,-0.66211,-1.16895,1.34367,36.75,87.5,99.312,-0.4603,0.8469,-0.1414,0.2249
1781773894673,31710,-0.04272,-0.58179,-1.18018,1.31648,-67.25,49.5,-32.312,-0.4249,0.8704,-0.1557,0.1933
1781773894734,31771,-0.06201,-0.57422,-1.15723,1.29335,-74.938,60.25,-39.812,-0.4266,0.8707,-0.1543,0.1895
1781773894734,31771,-0.11597,-0.53247,-1.08569,1.21479,-92.812,43.75,-45.938,-0.4185,0.8768,-0.1532,0.1796
1781773894741,31778,-0.28906,-0.55029,-0.9502,1.13545,-117.0,-9.312,-38.625,-0.4195,0.886,-0.1227,0.1538
1781773894792,31829,-0.29858,-0.52808,-0.94189,1.12035,-115.188,-16.812,-35.375,-0.4217,0.8859,-0.1183,0.1522
1781773894793,31830,-0.31934,-0.4895,-0.93628,1.10372,-113.938,-27.938,-30.688,-0.4143,0.8906,-0.1133,0.1489
1781773894793,31830,-0.31934,-0.4895,-0.93628,1.10372,-113.938,-27.938,-30.688,-0.4143,0.8906,-0.1133,0.1489
1781773894853,31890,-0.23315,-0.27612,-0.99292,1.05664,-128.0,15.375,26.438,-0.4023,0.9031,-0.0645,0.1342
1781773894854,31891,-0.19897,-0.25903,-0.98926,1.04179,-135.812,22.875,24.875,-0.3934,0.9086,-0.0559,0.1277
1781773894854,31891,-0.13818,-0.27563,-1.00122,1.04762,-159.0,51.688,-7.812,-0.382,0.9194,-0.015,0.0913
1781773894911,31948,-0.14526,-0.23169,-0.99341,1.03036,-162.812,44.5,-6.062,-0.3829,0.9196,-0.0094,0.0868
1781773894912,31949,-0.13208,-0.18555,-0.98315,1.00919,-169.312,30.625,-1.688,-0.3836,0.9197,-0.0034,0.0827
1781773894913,31950,-0.03198,-0.03125,-0.78394,0.78521,-221.938,3.875,-16.562,-0.3735,0.9233,0.0715,0.051
1781773894973,32010,-0.05469,-0.01733,-0.7583,0.76047,-223.062,0.312,-24.812,-0.3749,0.9222,0.0802,0.0475
1781773894973,32010,-0.07959,-0.0061,-0.72241,0.72681,-222.375,-3.062,-30.25,-0.3765,0.921,0.089,0.0441
1781773894973,32010,-0.25342,0.22144,-0.59644,0.68483,-177.062,-10.125,-3.125,-0.3866,0.906,0.1711,0.018
1781773895032,32069,-0.24976,0.25464,-0.59155,0.69076,-169.688,-9.25,0.562,-0.3867,0.9046,0.1779,0.0156
1781773895032,32069,-0.25,0.30493,-0.58667,0.70687,-163.375,-11.938,2.938,-0.3866,0.9033,0.1846,0.0133
1781773895033,32070,-0.12061,0.40063,-0.57544,0.71147,-110.938,35.812,13.125,0.3901,-0.8894,-0.237,0.0205
1781773895093,32130,-0.11035,0.42188,-0.59546,0.73806,-105.25,22.188,11.375,0.3898,-0.8884,-0.2407,0.0233
1781773895093,32130,-0.0979,0.47021,-0.60815,0.77494,-99.875,13.312,11.438,0.3894,-0.8876,-0.2443,0.0258
1781773895093,32130,-0.05493,0.50171,-0.7627,0.91457,-80.562,-4.125,-7.375,0.4045,-0.8707,-0.273,0.0587
1781773895162,32199,-0.04443,0.54272,-0.77539,0.9475,-83.375,-11.312,-9.5,0.4045,-0.8696,-0.2763,0.0597
1781773895162,32199,-0.04321,0.56299,-0.7876,0.96909,-87.125,-8.5,-12.562,0.4046,-0.8684,-0.2797,0.0607
1781773895162,32199,-0.14844,0.62036,-0.74854,0.98346,-110.562,-12.875,-1.312,0.4252,-0.8452,-0.3121,0.0844
1781773895213,32250,-0.14355,0.64941,-0.72632,0.98483,-113.125,-4.938,-0.062,0.4248,-0.8436,-0.3164,0.0863
1781773895213,32250,-0.14258,0.66602,-0.69287,0.97158,-114.875,4.438,3.375,0.4243,-0.8421,-0.3206,0.0885
1781773895214,32251,-0.06201,0.65869,-0.52368,0.84378,-86.5,13.938,18.375,0.4324,-0.8202,-0.354,0.1216
1781773895272,32309,-0.04663,0.63818,-0.53784,0.8359,-78.562,18.375,17.875,0.4315,-0.8192,-0.3565,0.124
1781773895272,32309,-0.03076,0.62305,-0.5498,0.83152,-70.812,23.938,15.0,0.4309,-0.8182,-0.3585,0.1264
1781773895273,32310,0.00781,0.7124,-0.62744,0.94935,-69.438,52.938,-26.625,0.45,-0.7966,-0.3731,0.1531
1781773895333,32370,-0.00903,0.698,-0.62134,0.93453,-70.188,51.375,-31.75,0.4514,-0.7946,-0.3746,0.1557
1781773895333,32370,-0.0249,0.68604,-0.61377,0.92086,-70.375,45.875,-35.75,0.4529,-0.7924,-0.3764,0.1582
1781773895334,32371,-0.177,0.76685,-0.59839,0.98866,-79.375,41.0,-55.438,0.4857,-0.7582,-0.3939,0.1839
1781773895392,32429,-0.18286,0.78955,-0.58862,1.00165,-82.5,34.125,-52.812,0.4874,-0.7554,-0.3963,0.1859
1781773895393,32430,-0.18311,0.81519,-0.56738,1.00994,-87.812,27.062,-48.0,0.4895,-0.7512,-0.4002,0.1887
1781773895393,32430,-0.14893,0.82251,-0.41431,0.93293,-92.062,14.438,-20.188,0.505,-0.7203,-0.4227,0.2171
1781773895452,32489,-0.14282,0.82617,-0.39819,0.92818,-90.25,16.5,-19.562,0.5051,-0.718,-0.4254,0.2192
1781773895453,32490,-0.14307,0.83228,-0.38257,0.9271,-87.25,19.938,-17.812,0.5051,-0.7158,-0.4279,0.2214
1781773895453,32490,-0.14307,0.83228,-0.38257,0.9271,-87.25,19.938,-17.812,0.5051,-0.7158,-0.4279,0.2214
1781773895512,32549,-0.1106,0.90649,-0.30371,0.96239,-71.375,13.0,-8.062,0.5119,-0.6911,-0.4465,0.2464
1781773895512,32549,-0.10693,0.90503,-0.28662,0.95533,-71.125,12.312,-8.062,0.5115,-0.6893,-0.4484,0.2482
1781773895513,32550,-0.10693,0.90503,-0.28662,0.95533,-71.125,12.312,-8.062,0.5115,-0.6893,-0.4484,0.2482
1781773895574,32611,-0.12012,0.94556,-0.25439,0.98652,-49.25,5.938,-10.75,0.5159,-0.6668,-0.4655,0.2689
1781773895574,32611,-0.12402,0.95776,-0.2561,0.99914,-47.25,7.0,-11.875,0.5158,-0.6655,-0.4669,0.2699
1781773895575,32612,-0.12402,0.95776,-0.2561,0.99914,-47.25,7.0,-11.875,0.5158,-0.6655,-0.4669,0.2699
1781773895635,32672,-0.15063,0.96899,-0.26416,1.01559,-32.438,3.25,-2.75,0.5206,-0.6475,-0.4775,0.2854
1781773895635,32672,-0.15039,0.97876,-0.26245,1.02444,-30.375,5.25,-2.188,0.5204,-0.6467,-0.4783,0.2862
1781773895635,32672,-0.15039,0.97876,-0.26245,1.02444,-30.375,5.25,-2.188,0.5204,-0.6467,-0.4783,0.2862
1781773895694,32731,-0.09961,1.00171,-0.21802,1.02999,-22.25,6.75,14.75,0.5226,-0.6362,-0.4804,0.3019
1781773895694,32731,-0.10059,1.00415,-0.21387,1.03159,-22.5,5.625,15.438,0.522,-0.6359,-0.4807,0.3029
1781773895695,32732,-0.10059,1.00415,-0.21387,1.03159,-22.5,5.625,15.438,0.522,-0.6359,-0.4807,0.3029
1781773895752,32789,-0.05957,0.95752,-0.22266,0.98487,1.438,-20.438,36.0,0.5147,-0.637,-0.4802,0.3136
1781773895752,32789,-0.05029,0.95703,-0.22778,0.98505,3.312,-22.062,38.188,0.5133,-0.6382,-0.4801,0.3138
1781773895753,32790,0.02148,0.95386,-0.31812,1.00573,3.062,-27.688,43.0,0.5021,-0.6484,-0.4757,0.3176
1781773895818,32855,0.02881,0.95093,-0.31201,1.00122,0.0,-23.688,40.562,0.5013,-0.6489,-0.4747,0.3191
1781773895818,32855,0.03467,0.9502,-0.30518,0.9986,-1.062,-21.125,37.062,0.4998,-0.6501,-0.4747,0.3193
1781773895820,32857,0.05444,0.96826,-0.24292,0.99975,11.188,-19.938,31.188,0.4914,-0.6563,-0.4723,0.3231
1781773895872,32909,0.05444,0.96826,-0.24292,0.99975,11.188,-19.938,31.188,0.4914,-0.6563,-0.4723,0.3231
1781773895872,32909,0.05835,0.95068,-0.24438,0.98332,17.312,-20.312,30.562,0.4915,-0.6571,-0.4703,0.3242
1781773895873,32910,0.11401,0.90479,-0.35278,0.9778,42.438,-26.625,16.75,0.4863,-0.6712,-0.4601,0.3178
1781773895932,32969,0.11401,0.90625,-0.36108,0.98218,43.625,-25.875,12.938,0.4873,-0.6718,-0.4586,0.3173
1781773895932,32969,0.11084,0.91357,-0.37378,0.99328,43.688,-28.0,8.75,0.487,-0.6732,-0.4577,0.3158
1781773895934,32971,0.11084,0.91357,-0.37378,0.99328,43.688,-28.0,8.75,0.487,-0.6732,-0.4577,0.3158
1781773895992,33029,0.11084,0.91357,-0.37378,0.99328,43.688,-28.0,8.75,0.487,-0.6732,-0.4577,0.3158
1781773895992,33029,0.03711,0.90576,-0.46313,1.01798,31.875,-24.938,-25.75,0.4934,-0.6796,-0.4516,0.3008
1781773895992,33029,-0.09863,0.78296,-0.51953,0.94481,33.75,-4.625,-57.812,0.5134,-0.6763,-0.447,0.2808
1781773896054,33091,-0.10449,0.83398,-0.5061,0.98112,30.75,-44.312,-57.938,0.5162,-0.6755,-0.4476,0.2769
1781773896054,33091,-0.10327,0.86694,-0.55225,1.03307,29.125,-52.188,-57.188,0.5172,-0.6754,-0.4485,0.2736
1781773896060,33097,-0.19458,0.7793,-0.51758,0.95554,7.438,-19.812,-38.875,0.5347,-0.6668,-0.4483,0.2611
1781773896112,33149,-0.19189,0.82495,-0.50366,0.98542,7.438,-16.188,-32.312,0.5376,-0.6647,-0.4484,0.2602
1781773896112,33149,-0.1853,0.88159,-0.50708,1.03377,6.875,-12.875,-28.312,0.5383,-0.6643,-0.4489,0.259
1781773896113,33150,-0.21313,0.85132,-0.42993,0.97725,-5.0,3.625,-12.875,0.5417,-0.66,-0.4531,0.2556
1781773896174,33211,-0.21313,0.85132,-0.42993,0.97725,-5.0,3.625,-12.875,0.5417,-0.66,-0.4531,0.2556
1781773896174,33211,-0.21387,0.86792,-0.42871,0.99137,-0.062,-24.25,-6.188,0.5418,-0.6597,-0.454,0.2547
1781773896174,33211,-0.23169,0.87939,-0.47827,1.0275,7.062,-29.0,18.75,0.5377,-0.6635,-0.4569,0.2481
1781773896231,33268,-0.23169,0.87939,-0.47827,1.0275,7.062,-29.0,18.75,0.5377,-0.6635,-0.4569,0.2481
1781773896232,33269,-0.20923,0.87891,-0.47461,1.02054,6.938,-34.875,27.625,0.5351,-0.6657,-0.4574,0.2468
1781773896233,33270,-0.11743,0.88745,-0.45532,1.00433,-1.625,-24.688,23.875,0.5228,-0.6748,-0.4597,0.2443
1781773896295,33332,-0.11743,0.88745,-0.45532,1.00433,-1.625,-24.688,23.875,0.5228,-0.6748,-0.4597,0.2443
1781773896295,33332,-0.11035,0.88672,-0.44824,0.99968,-2.0,-26.938,21.125,0.521,-0.6758,-0.4603,0.2442
1781773896295,33332,-0.13232,0.90186,-0.36792,0.98296,-10.125,-8.688,2.25,0.5151,-0.6771,-0.4651,0.2442
1781773896363,33400,-0.13232,0.90186,-0.36792,0.98296,-10.125,-8.688,2.25,0.5151,-0.6771,-0.4651,0.2442
1781773896364,33401,-0.14526,0.90503,-0.36108,0.98517,-7.625,-5.25,0.062,0.5145,-0.6768,-0.4661,0.2443
1781773896364,33401,-0.15234,0.90771,-0.3894,0.9994,0.625,0.25,7.688,0.5138,-0.6765,-0.4667,0.2456
1781773896414,33451,-0.15308,0.90723,-0.39966,1.0031,2.25,0.938,8.438,0.5136,-0.6766,-0.4666,0.2458
1781773896416,33453,-0.14819,0.90356,-0.40479,1.00112,4.562,-0.375,11.938,0.5131,-0.6772,-0.4661,0.2461
1781773896416,33453,-0.09448,0.89893,-0.43262,1.00207,6.125,-14.625,20.062,0.5085,-0.682,-0.4641,0.2463
1781773896472,33509,-0.0957,0.89941,-0.42822,1.00074,6.375,-13.75,19.5,0.5077,-0.6826,-0.464,0.2462
1781773896472,33509,-0.09204,0.89868,-0.42139,0.99683,7.062,-16.0,19.062,0.5065,-0.6838,-0.4637,0.2461
1781773896473,33510,-0.08228,0.85571,-0.47632,0.9828,18.438,-38.812,18.25,0.4995,-0.6914,-0.4629,0.2405
1781773896534,33571,-0.08691,0.87061,-0.48926,1.00244,18.188,-35.25,15.25,0.4985,-0.6925,-0.4629,0.2394
1781773896535,33572,-0.09619,0.87329,-0.48315,1.00266,17.125,-33.438,14.312,0.4983,-0.693,-0.4627,0.2388
1781773896536,33573,-0.1416,0.87598,-0.51978,1.02837,-0.125,-17.938,15.812,0.4913,-0.6994,-0.4638,0.2327
1781773896592,33629,-0.1394,0.87231,-0.51831,1.02421,-1.75,-17.625,17.188,0.4904,-0.6999,-0.4639,0.2325
1781773896593,33630,-0.13916,0.87744,-0.51099,1.02488,-3.188,-17.562,19.938,0.4901,-0.7,-0.4639,0.233
1781773896593,33630,-0.03369,0.88135,-0.44531,0.98803,-8.562,-32.562,33.5,0.4775,-0.706,-0.4677,0.2333
1781773896653,33690,-0.01929,0.87524,-0.44312,0.98121,-8.25,-33.875,31.938,0.4758,-0.7069,-0.4683,0.2332
1781773896653,33690,-0.00513,0.88135,-0.43213,0.9816,-7.938,-35.188,27.5,0.4736,-0.7078,-0.4691,0.233
1781773896653,33690,-0.04663,0.88794,-0.36279,0.96033,7.812,-39.438,2.5,0.4641,-0.7125,-0.4747,0.2265
1781773896712,33749,-0.05835,0.81934,-0.37158,0.90155,8.5,-38.312,0.875,0.4633,-0.7131,-0.4752,0.2252
1781773896712,33749,-0.07349,0.84009,-0.38525,0.92713,13.0,-33.438,-2.5,0.4628,-0.7136,-0.4755,0.2239
1781773896713,33750,-0.15527,0.9585,-0.38672,1.04517,42.438,-47.688,9.125,0.4584,-0.7205,-0.4769,0.2072
1781773896778,33815,-0.15405,0.96069,-0.39771,1.05111,48.25,-65.688,15.375,0.4572,-0.7222,-0.4766,0.2047
1781773896835,33872,-0.14648,0.96802,-0.43042,1.06948,53.75,-84.875,21.062,0.4553,-0.7244,-0.4764,0.2017
1781773896836,33873,-0.08154,1.06128,-0.61597,1.22979,50.25,-67.125,-0.562,0.4417,-0.7452,-0.4694,0.1702
1781773896836,33873,-0.08496,1.06689,-0.60547,1.22966,48.312,-63.188,-5.375,0.4408,-0.7466,-0.4691,0.1672
1781773896894,33931,-0.09155,1.0686,-0.59082,1.22449,47.5,-57.562,-9.625,0.4402,-0.7478,-0.4687,0.1643
1781773896894,33931,-0.2417,1.05005,-0.44702,1.16655,71.875,-5.562,-60.812,0.452,-0.7521,-0.4589,0.1383
1781773896896,33933,-0.25732,0.8562,-0.49902,1.02388,154.938,30.0,-46.25,0.4805,-0.7658,-0.4143,0.1037
1781773896955,33992,-0.26465,0.85303,-0.51001,1.0285,160.375,25.375,-45.125,0.4831,-0.7675,-0.4088,0.1005
1781773896956,33993,-0.26343,0.82666,-0.52905,1.0162,165.625,21.75,-43.938,0.4851,-0.7697,-0.4032,0.0968
1781773896956,33993,-0.28442,0.93018,-0.63843,1.16349,167.5,35.562,19.125,0.501,-0.7904,-0.3452,0.0697
1781773897014,34051,-0.25171,0.75635,-0.6145,1.00649,161.688,50.0,39.125,0.5009,-0.7963,-0.3322,0.0666
1781773897014,34051,-0.23438,0.57153,-0.60547,0.86497,171.625,62.625,51.438,0.501,-0.8022,-0.3178,0.0651
1781773897014,34051,-0.15747,0.37573,-0.77856,0.87871,246.688,-4.875,53.75,0.4916,-0.833,-0.2507,0.0356
1781773897072,34109,-0.15674,0.35547,-0.78809,0.87864,252.125,-4.688,57.0,0.4899,-0.8369,-0.2417,0.0308
1781773897072,34109,-0.15015,0.33081,-0.80225,0.88067,256.875,-10.688,62.375,0.4879,-0.8408,-0.2326,0.0257
1781773897078,34115,-0.06323,0.10986,-1.00049,1.00849,271.812,-77.25,56.812,-0.4608,0.8741,0.1475,0.0398
1781773897132,34169,-0.06323,0.10986,-1.00049,1.00849,271.812,-77.25,56.812,-0.4608,0.8741,0.1475,0.0398
1781773897132,34169,-0.05981,0.06104,-0.99976,1.0034,266.812,-74.938,48.625,-0.458,0.8766,0.1389,0.0476
1781773897133,34170,-0.05981,0.06104,-0.99976,1.0034,266.812,-74.938,48.625,-0.458,0.8766,0.1389,0.0476
1781773897194,34231,-0.05981,0.06104,-0.99976,1.0034,266.812,-74.938,48.625,-0.458,0.8766,0.1389,0.0476
1781773897194,34231,-0.26245,-0.38062,-1.23535,1.31903,264.375,-31.75,-53.688,-0.4487,0.8845,0.0241,0.1243
1781773897194,34231,-0.25,-0.09692,-1.24585,1.27438,114.25,29.562,-30.312,-0.4393,0.8795,-0.0666,0.1693
1781773897259,34296,-0.20532,-0.2041,-1.18677,1.22157,84.625,55.188,-25.562,-0.4398,0.8787,-0.0759,0.1691
1781773897259,34296,-0.17798,-0.302,-1.11816,1.17182,61.25,70.75,-28.625,-0.4349,0.8807,-0.0851,0.166
1781773897259,34296,-0.12524,-0.57568,-0.88428,1.06256,54.5,25.875,-64.625,-0.4307,0.8822,-0.1147,0.1511
1781773897312,34349,-0.12427,-0.53345,-0.8479,1.00943,59.312,7.5,-66.0,-0.4327,0.8807,-0.1176,0.1514
1781773897312,34349,-0.13501,-0.41113,-0.88696,0.98689,61.625,-14.5,-63.125,-0.4348,0.8792,-0.1201,0.1526
1781773897313,34350,-0.2002,-0.15796,-0.79126,0.83134,37.938,-19.688,-44.188,-0.4392,0.8721,-0.143,0.1609
1781773897372,34409,-0.2041,-0.15234,-0.75708,0.79877,36.188,-17.0,-36.875,-0.4405,0.871,-0.1442,0.1621
1781773897372,34409,-0.20923,-0.15576,-0.75269,0.7966,35.312,-12.938,-28.75,-0.4415,0.8701,-0.1453,0.163
1781773897373,34410,-0.15503,-0.57129,-0.76147,0.96449,104.188,-0.062,-48.375,-0.434,0.8674,-0.1706,0.1724
1781773897431,34468,-0.17871,-0.52612,-0.76025,0.94166,111.625,-9.938,-57.5,-0.4359,0.8646,-0.1772,0.1753
1781773897432,34469,-0.17725,-0.52466,-0.77588,0.95324,113.375,-12.562,-58.125,-0.4367,0.8636,-0.1794,0.1763
1781773897433,34470,-0.17725,-0.52466,-0.77588,0.95324,113.375,-12.562,-58.125,-0.4367,0.8636,-0.1794,0.1763
1781773897492,34529,-0.1731,-0.54858,-0.89746,1.06599,74.625,6.0,-2.562,-0.4388,0.8483,-0.2291,0.1869
1781773897492,34529,-0.16235,-0.53174,-0.87866,1.03978,69.375,8.938,0.125,-0.4382,0.8477,-0.2318,0.1879
1781773897495,34532,-0.11865,-0.45996,-0.80225,0.93233,47.625,2.25,-42.812,-0.4337,0.8424,-0.2551,0.192
1781773897551,34588,-0.13696,-0.41284,-0.78955,0.90144,44.75,0.938,-47.188,-0.435,0.8411,-0.2571,0.1923
1781773897552,34589,-0.14136,-0.39624,-0.78394,0.88969,42.0,1.812,-48.625,-0.4364,0.8397,-0.259,0.1925
1781773897553,34590,-0.14136,-0.39624,-0.78394,0.88969,42.0,1.812,-48.625,-0.4364,0.8397,-0.259,0.1925
1781773897613,34650,-0.14136,-0.39624,-0.78394,0.88969,42.0,1.812,-48.625,-0.4364,0.8397,-0.259,0.1925
1781773897613,34650,-0.16968,-0.53442,-0.66943,0.87324,25.438,5.062,-24.188,-0.4404,0.8333,-0.2759,0.1879
1781773897613,34650,-0.12622,-0.50757,-0.64355,0.82929,60.062,-5.5,19.75,-0.4332,0.8282,-0.2942,0.1989
1781773897674,34711,-0.11938,-0.51514,-0.65894,0.84488,60.25,-1.438,20.938,-0.432,0.8278,-0.2961,0.2004
1781773897677,34714,-0.12036,-0.52148,-0.65308,0.84436,60.188,2.75,22.25,-0.4306,0.8275,-0.298,0.2017
1781773897677,34714,-0.10498,-0.66211,-0.60718,0.90447,51.875,0.562,63.125,-0.4134,0.8278,-0.3121,0.2147
1781773897734,34771,-0.09082,-0.68848,-0.59351,0.91351,52.125,-6.625,69.375,-0.4091,0.8285,-0.314,0.2177
1781773897735,34772,-0.08276,-0.71558,-0.59302,0.93304,53.375,-12.5,70.812,-0.4063,0.8289,-0.3151,0.2199
1781773897735,34772,-0.05688,-0.65039,-0.66357,0.9309,65.562,-23.312,28.812,-0.3886,0.826,-0.3294,0.2405
1781773897795,34832,-0.05688,-0.65039,-0.66357,0.9309,65.562,-23.312,28.812,-0.3886,0.826,-0.3294,0.2405
1781773897795,34832,-0.05078,-0.67651,-0.68359,0.96309,61.688,-8.062,24.688,-0.3865,0.8245,-0.3327,0.2446
1781773897795,34832,-0.05542,-0.77686,-0.65674,1.01876,22.875,-2.625,45.438,-0.3706,0.8233,-0.3451,0.2559
1781773897858,34895,-0.05005,-0.77808,-0.65112,1.01581,17.75,3.5,48.188,-0.3688,0.8235,-0.3452,0.2576
1781773897859,34896,-0.04834,-0.78784,-0.64209,1.0175,12.938,3.312,49.25,-0.3659,0.8244,-0.3453,0.2588
1781773897859,34896,0.01782,-0.7168,-0.60742,0.93972,3.312,-18.562,23.625,-0.3549,0.8277,-0.3406,0.2697
1781773897912,34949,0.01782,-0.7168,-0.60742,0.93972,3.312,-18.562,23.625,-0.3549,0.8277,-0.3406,0.2697
1781773897912,34949,0.01392,-0.73267,-0.6062,0.95104,3.25,-1.312,6.5,-0.3533,0.8281,-0.3406,0.2703
1781773897913,34950,-0.01685,-0.79443,-0.55835,0.97117,-8.125,23.062,-5.25,-0.354,0.8286,-0.3449,0.2624
1781773897973,35010,-0.01685,-0.79443,-0.55835,0.97117,-8.125,23.062,-5.25,-0.354,0.8286,-0.3449,0.2624
1781773897973,35010,-0.01416,-0.82812,-0.55908,0.99928,-8.938,21.312,-3.5,-0.3525,0.8297,-0.3457,0.2597
1781773897973,35010,-0.01416,-0.82812,-0.55908,0.99928,-8.938,21.312,-3.5,-0.3525,0.8297,-0.3457,0.2597
1781773898031,35068,-0.00635,-0.78296,-0.54443,0.95366,0.938,2.938,-34.812,-0.3597,0.8275,-0.3457,0.2572
1781773898032,35069,-0.02808,-0.77588,-0.55396,0.95375,4.625,1.125,-43.75,-0.3629,0.8259,-0.3474,0.2554
1781773898032,35069,-0.052,-0.72925,-0.56738,0.92544,4.688,-16.0,-36.562,-0.3779,0.8176,-0.3525,0.2533
1781773898092,35129,-0.052,-0.72925,-0.56738,0.92544,4.688,-16.0,-36.562,-0.3779,0.8176,-0.3525,0.2533
1781773898092,35129,-0.04419,-0.75928,-0.55688,0.94264,4.25,-23.25,-33.0,-0.3811,0.8157,-0.353,0.2539
1781773898093,35130,-0.08569,-0.80347,-0.65747,1.04171,17.75,-23.812,-83.0,-0.4028,0.8014,-0.3602,0.256
1781773898153,35190,-0.10791,-0.77905,-0.65723,1.02495,16.75,-16.5,-86.062,-0.4063,0.799,-0.3623,0.2549
1781773898153,35190,-0.13232,-0.75269,-0.6731,1.01838,14.5,-13.625,-85.312,-0.4108,0.7962,-0.364,0.254
1781773898153,35190,-0.13477,-0.76416,-0.62109,0.99391,-6.188,-22.312,-29.562,-0.4279,0.7864,-0.367,0.2518
1781773898218,35255,-0.13062,-0.7937,-0.60815,1.0084,-6.188,-18.688,-27.75,-0.4283,0.7863,-0.3671,0.2516
1781773898218,35255,-0.12524,-0.82178,-0.60425,1.02768,-5.5,-15.062,-26.5,-0.4295,0.7857,-0.3669,0.2516
1781773898220,35257,-0.17261,-0.81567,-0.61938,1.03863,-0.5,-6.188,-31.812,-0.4401,0.78,-0.3681,0.2495
1781773898278,35315,-0.18408,-0.7959,-0.60913,1.01901,-1.188,-9.75,-25.125,-0.4398,0.7801,-0.3688,0.2484
1781773898278,35315,-0.17822,-0.80298,-0.61426,1.02657,-3.062,-17.125,-15.375,-0.4411,0.7794,-0.3685,0.2487
1781773898278,35315,-0.12256,-0.7771,-0.60181,0.99049,-9.0,-17.0,25.25,-0.4393,0.7813,-0.3641,0.2525
1781773898335,35372,-0.11401,-0.78979,-0.59888,0.99771,-8.438,-15.5,25.25,-0.4388,0.7817,-0.3632,0.2532
1781773898336,35373,-0.1106,-0.81641,-0.60229,1.02054,-6.375,-9.75,20.812,-0.438,0.7824,-0.3618,0.2546
1781773898336,35373,-0.125,-0.75659,-0.64355,1.00111,1.062,-1.0,15.188,-0.4323,0.7857,-0.3589,0.2582
1781773898396,35433,-0.125,-0.75659,-0.64355,1.00111,1.062,-1.0,15.188,-0.4323,0.7857,-0.3589,0.2582
1781773898397,35434,-0.12451,-0.77197,-0.64868,1.01599,-1.188,0.688,18.5,-0.4311,0.7864,-0.3583,0.2589
1781773898397,35434,-0.07007,-0.70776,-0.62329,0.94569,-7.5,-2.875,18.125,-0.4254,0.7907,-0.3538,0.2615
1781773898453,35490,-0.07007,-0.70776,-0.62329,0.94569,-7.5,-2.875,18.125,-0.4254,0.7907,-0.3538,0.2615
1781773898453,35490,-0.0481,-0.72998,-0.61841,0.95792,-4.875,0.438,8.375,-0.4241,0.7917,-0.353,0.2616
1781773898454,35491,-0.10449,-0.74854,-0.60913,0.9707,3.5,4.75,0.312,-0.4232,0.7921,-0.3563,0.2576
1781773898518,35555,-0.09668,-0.75781,-0.6084,0.97661,2.875,6.0,5.25,-0.4229,0.7921,-0.3565,0.2575
1781773898519,35556,-0.09473,-0.75903,-0.60547,0.97555,3.0,4.188,11.438,-0.4223,0.7924,-0.3566,0.2576
1781773898519,35556,-0.05103,-0.72852,-0.6145,0.95444,10.875,0.5,2.938,-0.4183,0.7935,-0.3564,0.2609
1781773898576,35613,-0.0542,-0.71704,-0.61841,0.94843,12.375,2.562,-0.625,-0.4182,0.7933,-0.3568,0.261
1781773898577,35614,-0.06787,-0.72412,-0.61646,0.9534,13.062,5.0,-4.125,-0.4179,0.793,-0.358,0.261
1781773898577,35614,-0.09229,-0.82227,-0.65479,1.05517,8.688,1.5,0.375,-0.4176,0.7908,-0.364,0.26
1781773898637,35674,-0.09229,-0.82227,-0.65479,1.05517,8.688,1.5,0.375,-0.4176,0.7908,-0.364,0.26
1781773898637,35674,-0.09229,-0.78882,-0.64233,1.02144,5.938,-2.688,2.812,-0.417,0.7908,-0.3645,0.2601
1781773898638,35675,-0.08691,-0.68286,-0.62402,0.92912,-1.125,11.0,-8.938,-0.417,0.7908,-0.3645,0.2601
1781773898694,35731,-0.08691,-0.68286,-0.62402,0.92912,-1.125,11.0,-8.938,-0.417,0.7908,-0.3645,0.2601
1781773898694,35731,-0.09814,-0.66357,-0.61621,0.91087,0.25,11.812,-10.062,-0.4173,0.7907,-0.3651,0.2589
1781773898694,35731,-0.09814,-0.66357,-0.61621,0.91087,0.25,11.812,-10.062,-0.4173,0.7907,-0.3651,0.2589
1781773898756,35793,-0.0918,-0.82153,-0.54248,0.98875,0.75,1.125,18.062,-0.4127,0.7935,-0.3668,0.2552
1781773898757,35794,-0.09912,-0.79663,-0.5542,0.97549,5.375,9.375,12.625,-0.4131,0.7932,-0.3665,0.2559
1781773898757,35794,-0.09912,-0.79663,-0.5542,0.97549,5.375,9.375,12.625,-0.4131,0.7932,-0.3665,0.2559
1781773898813,35850,-0.13013,-0.71338,-0.55762,0.91476,22.0,24.938,28.0,-0.4044,0.7947,-0.3726,0.2565
1781773898813,35850,-0.13037,-0.72388,-0.54785,0.91713,23.062,29.062,29.875,-0.4027,0.7952,-0.3735,0.2564
1781773898814,35851,-0.09619,-0.32056,-0.42529,0.54119,45.062,27.125,24.938,-0.3878,0.7968,-0.3841,0.2586
1781773898872,35909,-0.125,-0.02319,-0.38257,0.40314,56.312,17.5,25.438,-0.3862,0.7966,-0.3857,0.2591
1781773898872,35909,-0.06592,0.11157,-0.37988,0.40138,60.0,-18.625,43.188,-0.3843,0.7964,-0.3869,0.2609
1781773898873,35910,-0.00513,0.01538,-0.05542,0.05774,-288.5,-39.312,322.75,-0.3596,0.8268,-0.3303,0.2788
1781773898934,35971,-0.01733,-0.1272,0.15552,0.20166,-301.688,-87.125,341.812,-0.3521,0.8351,-0.3147,0.2815
1781773898934,35971,-0.03345,-0.18408,0.198,0.27241,-306.562,-197.0,351.812,-0.3455,0.8422,-0.2971,0.2877
1781773898934,35971,0.1875,-0.27588,-0.09937,0.34805,-202.625,-225.812,247.75,-0.2781,0.8709,-0.1127,0.3889
1781773898992,36029,0.21387,-0.31982,-0.05933,0.38929,-198.625,-200.938,223.375,-0.2739,0.871,-0.0991,0.3953
1781773898993,36030,0.26978,-0.36475,0.01733,0.454,-195.125,-132.75,172.125,-0.2681,0.8712,-0.0744,0.4041
1781773898993,36030,0.42334,-0.10864,0.22705,0.49252,-231.5,114.25,-32.312,-0.2758,0.8826,-0.0081,0.3803
1781773899053,36090,0.41675,-0.06372,0.20996,0.47098,-240.25,122.812,-53.062,-0.2814,0.884,-0.0013,0.3728
1781773899053,36090,0.4104,-0.02197,0.20703,0.46019,-249.75,126.812,-70.938,-0.2879,0.8853,0.0053,0.3649
1781773899053,36090,0.29639,-0.22559,0.09302,0.38391,-282.562,76.938,-283.125,-0.3728,0.8776,0.0731,0.2919
1781773899112,36149,0.26123,-0.27051,0.19287,0.42263,-278.562,94.562,-309.438,-0.3879,0.8729,0.0781,0.2849
1781773899112,36149,0.24121,-0.27148,0.10083,0.3769,-277.25,98.75,-335.188,-0.4039,0.8676,0.0827,0.2777
1781773899112,36149,-0.13062,-0.57202,0.08057,0.59225,-250.25,261.125,-549.0,-0.5561,0.8067,0.0718,0.186
1781773899171,36208,0.17432,0.00024,0.07715,0.19063,-60.625,137.625,-544.312,-0.5863,0.7885,0.0661,0.1729
1781773899172,36209,-1.15942,0.77295,1.34644,1.93768,-143.562,-62.75,-640.562,-0.6072,0.7724,0.0619,0.175
1781773899172,36209,-0.33765,0.62305,-2.69946,2.79093,1012.938,-595.688,415.0,-0.6419,0.6259,-0.2173,0.3858
1781773899231,36268,-0.85962,-1.28003,-3.65479,3.96672,354.5,-1286.375,286.688,-0.6315,0.6135,-0.1967,0.4311
1781773899231,36268,-0.54614,-1.21118,0.75244,1.52689,-46.812,-256.562,288.0,-0.6276,0.6095,-0.1789,0.4498
1781773899240,36277,0.45923,-0.40259,0.03027,0.61146,-192.625,-171.188,598.312,-0.5009,0.7286,-0.0368,0.4653
1781773899293,36330,0.63867,-0.62549,-0.97314,1.32142,-177.5,162.625,525.188,-0.4873,0.7421,-0.0216,0.4594
1781773899294,36331,0.16968,-0.29248,0.07056,0.34542,-229.438,106.812,447.625,-0.476,0.755,-0.009,0.4507
1781773899294,36331,0.16968,-0.29248,0.07056,0.34542,-229.438,106.812,447.625,-0.476,0.755,-0.009,0.4507
1781773899351,36388,-0.01514,-0.20459,-0.24268,0.31777,74.125,-520.5,337.312,-0.3516,0.7573,0.138,0.5325
1781773899351,36388,0.01465,-0.23145,-0.50317,0.55404,63.562,-541.125,307.875,-0.3366,0.7499,0.151,0.5488
1781773899352,36389,0.01465,-0.23145,-0.50317,0.55404,63.562,-541.125,307.875,-0.3366,0.7499,0.151,0.5488
1781773899413,36450,-0.15063,-0.57861,-0.35107,0.69335,37.25,-215.625,19.812,-0.2549,0.7257,0.1827,0.6122
1781773899413,36450,-0.21118,-0.61865,-0.23853,0.69586,43.75,-291.562,18.875,-0.2512,0.719,0.1846,0.6209
1781773899413,36450,-0.45068,-0.04785,-0.47559,0.65695,-64.5,-149.562,562.688,-0.1527,0.6462,0.2848,0.6911
1781773899471,36508,-0.33911,0.29517,-0.08154,0.45691,-54.688,205.312,435.0,-0.1426,0.6519,0.2996,0.6816
1781773899472,36509,-0.42334,0.55615,-0.08032,0.70354,-45.75,326.438,364.875,-0.137,0.6625,0.3103,0.6676
1781773899472,36509,-1.14771,-0.01318,0.51685,1.25878,35.688,92.625,120.375,-0.1215,0.7181,0.3377,0.5961
1781773899533,36570,-1.13013,0.104,0.61328,1.29001,64.562,-115.375,110.312,-0.111,0.7186,0.3349,0.599
1781773899533,36570,-0.71313,-0.16528,0.46729,0.86847,118.562,-123.125,49.0,-0.1013,0.7158,0.3338,0.6047
1781773899533,36570,-0.71313,-0.16528,0.46729,0.86847,118.562,-123.125,49.0,-0.1013,0.7158,0.3338,0.6047
1781773899592,36629,-0.85303,-0.23535,-0.1394,0.89581,-19.25,-86.875,-44.438,-0.0628,0.7136,0.3109,0.6245
1781773899593,36630,-0.85449,-0.01953,-0.29224,0.90329,-15.688,-46.062,-50.625,-0.064,0.7117,0.3101,0.6268
1781773899593,36630,-0.85449,-0.01953,-0.29224,0.90329,-15.688,-46.062,-50.625,-0.064,0.7117,0.3101,0.6268
1781773899654,36691,-0.95166,0.01978,-0.20288,0.97325,-10.625,-14.438,-28.0,-0.0817,0.7015,0.2985,0.6417
1781773899654,36691,-0.8811,0.01294,-0.27295,0.9225,-4.875,-8.5,-30.5,-0.0827,0.7011,0.2978,0.6423
1781773899654,36691,-0.8606,-0.03345,-0.25244,0.89748,15.875,28.125,38.938,-0.0763,0.7064,0.29,0.6409
1781773899711,36748,-0.86353,-0.01758,-0.24487,0.89775,16.562,29.188,38.0,-0.0758,0.707,0.2902,0.6403
1781773899712,36749,-0.87158,-0.00366,-0.23779,0.90345,18.062,34.188,37.5,-0.0746,0.7083,0.2905,0.6389
1781773899712,36749,-0.87158,-0.00366,-0.23779,0.90345,18.062,34.188,37.5,-0.0746,0.7083,0.2905,0.6389
1781773899771,36808,-0.9209,0.07202,-0.28003,0.96522,9.25,-9.75,32.062,-0.0578,0.7191,0.2899,0.6287
1781773899774,36811,-0.87817,0.04956,-0.26831,0.91958,11.375,-9.062,28.5,-0.0565,0.7191,0.2903,0.6287
1781773899779,36816,-0.87817,0.04956,-0.26831,0.91958,11.375,-9.062,28.5,-0.0565,0.7191,0.2903,0.6287
1781773899834,36871,-0.9231,-0.01172,-0.30908,0.97354,2.375,-1.688,-4.062,-0.0509,0.7212,0.2845,0.6293
1781773899834,36871,-0.9231,0.00244,-0.30176,0.97117,1.375,-1.625,-4.062,-0.051,0.7213,0.2843,0.6293
1781773899834,36871,-0.93945,0.01147,-0.31006,0.98936,1.562,-9.062,-2.938,-0.0529,0.7213,0.2803,0.6309
1781773899896,36933,-0.91724,0.00659,-0.3208,0.97174,1.938,-7.25,-1.312,-0.0515,0.7212,0.2787,0.6319
1781773899898,36935,-0.91895,0.01245,-0.32031,0.97325,1.625,-7.438,-1.438,-0.0515,0.7211,0.2785,0.6321
1781773899898,36935,-0.91895,0.01245,-0.32031,0.97325,1.625,-7.438,-1.438,-0.0515,0.7211,0.2785,0.6321
1781773899952,36989,-0.91895,0.01245,-0.32031,0.97325,1.625,-7.438,-1.438,-0.0515,0.7211,0.2785,0.6321
1781773899952,36989,-0.96606,0.02173,-0.29468,1.01024,0.938,-7.438,3.188,-0.0512,0.7197,0.277,0.6343
1781773899952,36989,-1.0105,0.06128,-0.29126,1.05342,-3.812,3.125,-0.438,-0.0506,0.7199,0.2748,0.6351
1781773900016,37053,-0.99878,0.04712,-0.28906,1.04083,-1.0,5.562,6.438,-0.0502,0.7203,0.2742,0.6349
1781773900016,37053,-0.96973,0.04419,-0.33423,1.02666,-0.375,1.188,10.25,-0.0501,0.7205,0.2744,0.6347
1781773900016,37053,-0.98706,0.0625,-0.3147,1.0379,0.812,-1.062,5.938,-0.0487,0.7213,0.2748,0.6337
1781773900071,37108,-0.98706,0.0625,-0.3147,1.0379,0.812,-1.062,5.938,-0.0487,0.7213,0.2748,0.6337
1781773900072,37109,-0.95532,0.05371,-0.3064,1.00469,1.125,-0.25,5.812,-0.0481,0.7215,0.2746,0.6336
1781773900073,37110,-0.95142,0.03223,-0.29956,0.99798,1.625,-2.625,-3.125,-0.0491,0.7226,0.2729,0.633
1781773900132,37169,-0.95044,0.02563,-0.29736,0.9962,1.812,-1.688,-2.688,-0.0494,0.7227,0.2725,0.6331
1781773900132,37169,-0.94727,0.02246,-0.30103,0.9942,1.625,-1.188,-2.625,-0.0494,0.7227,0.2724,0.6331
1781773900132,37169,-0.92969,0.0271,-0.29932,0.97706,0.625,2.188,1.812,-0.0505,0.7235,0.2711,0.6326
1781773900191,37228,-0.9314,0.03418,-0.31177,0.98279,1.188,4.688,0.688,-0.0502,0.7239,0.2705,0.6324
1781773900192,37229,-0.92944,0.03125,-0.3147,0.98177,1.0,3.125,0.375,-0.0504,0.7241,0.2703,0.6322
1781773900196,37233,-0.94214,0.02734,-0.31323,0.99322,0.0,-1.938,-0.75,-0.0522,0.7255,0.268,0.6315
1781773900258,37295,-0.94629,0.0271,-0.3103,0.99624,-0.125,-2.875,-1.062,-0.0524,0.7255,0.2677,0.6316
1781773900258,37295,-0.95093,0.02832,-0.30908,1.0003,0.438,-1.812,-1.0,-0.0525,0.7255,0.2675,0.6317
1781773900259,37296,-0.95654,0.02588,-0.31079,1.0061,0.25,-2.625,-0.812,-0.0532,0.726,0.2661,0.6317
1781773900311,37348,-0.95654,0.02588,-0.31079,1.0061,0.25,-2.625,-0.812,-0.0532,0.726,0.2661,0.6317
1781773900312,37349,-0.95508,0.02759,-0.30249,1.00222,1.375,-1.312,0.062,-0.0534,0.7261,0.2658,0.6317
1781773900312,37349,-0.9707,0.02466,-0.30835,1.0188,0.0,-0.812,1.188,-0.0537,0.7264,0.2642,0.6319
1781773900372,37409,-0.94824,0.02588,-0.30542,0.99655,-0.375,0.0,1.5,-0.0538,0.7266,0.2641,0.6318
1781773900374,37411,-0.94092,0.0249,-0.30566,0.98963,-0.5,-0.25,1.375,-0.0538,0.7266,0.264,0.6317
1781773900374,37411,-0.92969,0.03198,-0.30591,0.97925,-0.438,1.75,2.125,-0.0545,0.7277,0.2632,0.6309
1781773900434,37471,-0.92285,0.03125,-0.30493,0.97243,-0.562,1.438,1.812,-0.0546,0.7277,0.2632,0.6307
1781773900434,37471,-0.92651,0.01758,-0.3103,0.97725,-0.562,1.625,0.062,-0.0548,0.728,0.2629,0.6305
1781773900435,37472,-0.94019,0.03735,-0.30371,0.98873,-0.75,0.688,0.562,-0.0557,0.7288,0.2624,0.6297
1781773900494,37531,-0.94019,0.03735,-0.30371,0.98873,-0.75,0.688,0.562,-0.0557,0.7288,0.2624,0.6297
1781773900494,37531,-0.94434,0.03101,-0.30811,0.99381,0.5,2.188,-0.125,-0.056,0.7291,0.2621,0.6295
1781773900495,37532,-0.95508,0.0188,-0.29956,1.00113,1.438,-0.812,-1.375,-0.0571,0.73,0.2604,0.6291
1781773900554,37591,-0.95874,0.01733,-0.30103,1.00504,1.625,-1.25,-0.812,-0.0571,0.73,0.2603,0.6291
1781773900555,37592,-0.9541,0.01099,-0.30029,1.0003,1.875,-1.062,-0.562,-0.0573,0.7301,0.2599,0.6292
1781773900555,37592,-0.95215,0.04199,-0.30664,1.00119,-2.875,1.188,2.5,-0.0586,0.7311,0.2585,0.6284
1781773900613,37650,-0.94385,0.04541,-0.30713,0.9936,-3.188,1.25,2.562,-0.0587,0.7312,0.2586,0.6283
1781773900613,37650,-0.94141,0.05029,-0.31055,0.99258,-3.312,1.375,3.188,-0.0583,0.7314,0.2582,0.6283
1781773900613,37650,-0.91968,0.04517,-0.3103,0.97167,0.75,0.062,2.188,-0.0587,0.7324,0.2581,0.6271
1781773900672,37709,-0.91699,0.03882,-0.30859,0.9683,0.812,-0.125,1.688,-0.0587,0.7324,0.2581,0.6271
1781773900672,37709,-0.91772,0.03687,-0.31396,0.97064,1.062,-0.875,0.812,-0.0587,0.7326,0.2578,0.627
1781773900678,37715,-0.98584,0.03833,-0.29663,1.03021,2.125,-1.812,0.375,-0.0587,0.7326,0.2564,0.6276
1781773900738,37775,-0.97388,0.03516,-0.28784,1.01613,3.375,-1.062,0.5,-0.0586,0.7326,0.2561,0.6277
1781773900738,37775,-0.96191,0.01318,-0.29004,1.00478,3.938,0.75,-0.312,-0.0586,0.7328,0.2556,0.6276
1781773900740,37777,-0.93164,0.01807,-0.31567,0.98383,-5.0,1.562,0.562,-0.0604,0.7338,0.255,0.6265
1781773900793,37830,-0.93579,0.02832,-0.31616,0.98816,-5.25,1.75,0.625,-0.0607,0.7339,0.2551,0.6264
1781773900793,37830,-0.93823,0.04346,-0.30273,0.98682,-4.25,0.75,1.625,-0.0604,0.734,0.2546,0.6264
1781773900793,37830,-0.9436,0.03784,-0.31421,0.99526,-1.562,1.562,0.188,-0.0607,0.7349,0.2542,0.6256
1781773900856,37893,-0.93726,0.04492,-0.31348,0.98931,-2.562,1.5,-0.125,-0.0608,0.735,0.2542,0.6255
1781773900856,37893,-0.93018,0.05347,-0.31934,0.98492,-3.812,1.25,-0.562,-0.0612,0.7351,0.2542,0.6253
1781773900858,37895,-0.93018,0.05347,-0.31934,0.98492,-3.812,1.25,-0.562,-0.0612,0.7351,0.2542,0.6253
1781773900916,37953,-0.95386,0.04126,-0.29028,0.9979,4.188,-2.062,-2.062,-0.0623,0.7354,0.2529,0.6254
1781773900916,37953,-0.9502,0.03369,-0.28369,0.99221,3.688,-2.688,-1.938,-0.0623,0.7354,0.2527,0.6254
1781773900916,37953,-0.96411,0.02612,-0.31055,1.01323,-1.75,0.688,-4.188,-0.065,0.7356,0.2515,0.6254
1781773900972,38009,-0.96411,0.02612,-0.31055,1.01323,-1.75,0.688,-4.188,-0.065,0.7356,0.2515,0.6254
1781773900972,38009,-0.95898,0.02124,-0.31738,1.01036,-0.562,1.312,-3.688,-0.0654,0.7357,0.2512,0.6254
1781773900975,38012,-0.96582,0.03955,-0.28613,1.00809,-1.062,0.25,-4.062,-0.0678,0.7362,0.2493,0.6254
1781773901031,38068,-0.96924,0.03955,-0.29248,1.01318,-2.188,0.25,-3.938,-0.068,0.7362,0.2491,0.6254
1781773901031,38068,-0.96558,0.04102,-0.30322,1.0129,-3.438,0.625,-3.688,-0.0683,0.7362,0.249,0.6254
1781773901034,38071,-0.97729,0.03418,-0.30811,1.02528,1.312,1.375,3.875,-0.0712,0.7372,0.2495,0.6237
1781773901093,38130,-0.96899,0.03271,-0.3042,1.01615,3.188,1.562,4.188,-0.0711,0.7373,0.2494,0.6235
1781773901093,38130,-0.95874,0.02588,-0.30811,1.00736,4.188,2.188,3.562,-0.0709,0.7375,0.2492,0.6234
1781773901093,38130,-0.98218,0.00366,-0.30908,1.02967,-3.938,4.875,-4.688,-0.074,0.7387,0.2483,0.6221
1781773901152,38189,-0.95923,0.00195,-0.29712,1.00419,-3.438,5.188,-3.812,-0.0744,0.7388,0.2482,0.622
1781773901152,38189,-0.94604,0.00195,-0.28882,0.98915,-2.625,5.25,-3.188,-0.0747,0.7389,0.2481,0.6218
1781773901153,38190,-0.94604,0.00195,-0.28882,0.98915,-2.625,5.25,-3.188,-0.0747,0.7389,0.2481,0.6218
1781773901215,38252,-0.9541,0.06592,-0.33667,1.0139,-9.938,12.688,1.438,-0.0785,0.7407,0.2492,0.6188
1781773901215,38252,-0.94556,0.07251,-0.35083,1.01115,-11.938,12.75,2.438,-0.0789,0.7409,0.2495,0.6183
1781773901215,38252,-0.94556,0.07251,-0.35083,1.01115,-11.938,12.75,2.438,-0.0789,0.7409,0.2495,0.6183
1781773901276,38313,-0.84595,-0.0188,-0.31299,0.90219,6.062,1.062,7.5,-0.0787,0.7446,0.2506,0.6134
1781773901277,38314,-0.85815,-0.04248,-0.323,0.91791,6.125,1.25,5.125,-0.0785,0.7448,0.2504,0.6132
1781773901277,38314,-0.85815,-0.04248,-0.323,0.91791,6.125,1.25,5.125,-0.0785,0.7448,0.2504,0.6132
1781773901332,38369,-0.97021,-0.00439,-0.37769,1.04114,-11.625,4.812,4.5,-0.0803,0.7463,0.2494,0.6116
1781773901333,38370,-0.96191,0.00195,-0.36499,1.02883,-10.938,2.188,6.25,-0.0806,0.7463,0.2498,0.6114
1781773901333,38370,-0.96191,0.00195,-0.36499,1.02883,-10.938,2.188,6.25,-0.0806,0.7463,0.2498,0.6114
1781773901392,38429,-0.93457,-0.00293,-0.29272,0.97935,-2.625,3.188,4.25,-0.0796,0.7482,0.2512,0.6087
1781773901392,38429,-0.93213,0.00293,-0.29761,0.97849,-3.875,3.938,3.25,-0.0797,0.7483,0.2513,0.6085
1781773901392,38429,-1.01904,0.12354,-0.50146,1.14244,-115.5,-4.625,275.688,-0.0619,0.7535,0.3007,0.5811
1781773901454,38491,-0.81836,0.19971,-0.37524,0.92217,-110.938,-4.562,242.125,-0.0565,0.7526,0.3106,0.5777
1781773901454,38491,-0.77686,0.35986,-0.36646,0.93129,-107.25,-46.812,210.0,-0.0516,0.7508,0.3196,0.5756
1781773901454,38491,-0.77686,0.35986,-0.36646,0.93129,-107.25,-46.812,210.0,-0.0516,0.7508,0.3196,0.5756
1781773901511,38548,-0.74536,0.13354,-0.33838,0.8294,-52.438,84.25,139.562,-0.0067,0.736,0.3857,0.556
1781773901512,38549,-0.81177,0.39111,-0.34277,0.96407,-46.25,95.625,123.312,-0.0053,0.7376,0.3902,0.5508
1781773901512,38549,-0.81177,0.39111,-0.34277,0.96407,-46.25,95.625,123.312,-0.0053,0.7376,0.3902,0.5508
1781773901573,38610,-0.71606,0.51685,-0.35815,0.95297,86.25,58.562,-22.125,0.0117,0.7499,0.397,0.5289
1781773901573,38610,-0.76782,0.46265,-0.29565,0.94393,87.062,41.312,-23.062,0.012,0.7525,0.3936,0.5277
1781773901573,38610,-0.76782,0.46265,-0.29565,0.94393,87.062,41.312,-23.062,0.012,0.7525,0.3936,0.5277
1781773901635,38672,-0.88989,0.3269,-0.45312,1.05076,-6.312,-34.438,-62.812,-0.001,0.7669,0.3565,0.5334
1781773901638,38675,-0.89819,0.3103,-0.45459,1.05342,-12.125,-47.188,-58.562,-0.0026,0.7658,0.3554,0.5358
1781773901638,38675,-0.72119,0.17065,-0.13208,0.75278,-91.5,-72.25,-176.25,-0.0313,0.7432,0.3496,0.5694
1781773901695,38732,-0.68018,0.4209,-0.13843,0.81176,-78.375,-15.75,-215.125,-0.0452,0.739,0.3483,0.5747
1781773901695,38732,-1.05664,0.56567,0.4104,1.26685,16.875,37.25,-241.625,-0.0534,0.7387,0.343,0.5776
1781773901695,38732,-1.09033,-0.19043,-0.97974,1.47816,83.562,147.75,-121.938,-0.1113,0.7911,0.2639,0.5402
1781773901751,38788,-0.93091,-0.17554,-0.84253,1.26778,52.562,60.125,-101.688,-0.1183,0.7976,0.2495,0.536
1781773901752,38789,-0.88037,-0.15918,-0.74585,1.16477,48.0,14.688,-103.5,-0.1211,0.7983,0.2452,0.5363
1781773901753,38790,-0.88037,-0.15918,-0.74585,1.16477,48.0,14.688,-103.5,-0.1211,0.7983,0.2452,0.5363
1781773901814,38851,-0.72339,-0.18262,-0.34277,0.82106,116.562,165.375,-210.812,-0.1623,0.806,0.1832,0.5387
1781773901815,38852,-0.76392,-0.33911,-0.26123,0.87567,123.875,175.688,-222.25,-0.1686,0.8094,0.1724,0.5352
1781773901815,38852,-1.10571,-0.34766,-0.62256,1.31569,115.438,30.188,-230.125,-0.221,0.8289,0.0666,0.5093
1781773901871,38908,-1.10571,-0.34766,-0.62256,1.31569,115.438,30.188,-230.125,-0.221,0.8289,0.0666,0.5093
1781773901872,38909,-0.76685,-0.29346,-1.06274,1.34298,121.75,160.0,-208.0,-0.2325,0.8264,0.0484,0.5103
1781773901873,38910,-0.23779,-0.87939,-0.71411,1.15751,210.0,283.75,-280.0,-0.2915,0.8487,-0.0894,0.4318
1781773901932,38969,-0.11572,-1.17651,-1.25806,1.72635,192.562,187.25,-261.188,-0.303,0.8477,-0.1269,0.4161
1781773901932,38969,-0.28296,-1.04126,-0.57056,1.22058,186.188,199.688,-257.188,-0.3079,0.8468,-0.1413,0.4098
1781773901934,38971,-0.29932,-1.15381,-0.96436,1.53325,188.188,253.938,-181.562,-0.3252,0.8406,-0.2359,0.3629
1781773901994,39031,-0.29932,-1.15381,-0.96436,1.53325,188.188,253.938,-181.562,-0.3252,0.8406,-0.2359,0.3629
1781773901995,39032,-0.01929,-1.16333,-0.97168,1.51587,165.562,228.438,-188.438,-0.3284,0.839,-0.2611,0.346
1781773901996,39033,-0.1438,-0.85571,-0.72144,1.12845,-16.812,-79.875,-132.875,-0.3745,0.8124,-0.3107,0.321
1781773902054,39091,-0.1438,-0.85571,-0.72144,1.12845,-16.812,-79.875,-132.875,-0.3745,0.8124,-0.3107,0.321
1781773902055,39092,-0.19312,-0.79102,-0.63989,1.0356,-26.562,-103.75,-120.875,-0.3834,0.8077,-0.3096,0.323
1781773902055,39092,-0.53394,-0.72656,-0.41406,0.99218,-10.875,-135.062,-8.062,-0.4194,0.7849,-0.2895,0.3521
1781773902111,39148,-0.5498,-0.73242,-0.42114,1.00801,-5.875,-132.75,7.062,-0.421,0.783,-0.2868,0.3566
1781773902112,39149,-0.54712,-0.73511,-0.45923,1.02499,-0.812,-131.062,21.375,-0.4161,0.7844,-0.2868,0.3591
1781773902112,39149,-0.40552,-0.89331,-0.61792,1.15943,35.188,60.625,93.5,-0.3848,0.7914,-0.2785,0.3843
1781773902176,39213,-0.40552,-0.89331,-0.61792,1.15943,35.188,60.625,93.5,-0.3848,0.7914,-0.2785,0.3843
1781773902176,39213,-0.37354,-0.8877,-0.61108,1.14059,42.188,86.562,104.812,-0.3727,0.7973,-0.2823,0.3814
1781773902184,39221,0.00439,-0.56445,-0.32104,0.64938,90.5,171.5,143.0,-0.2906,0.8332,-0.307,0.3561
1781773902235,39272,0.00439,-0.56445,-0.32104,0.64938,90.5,171.5,143.0,-0.2906,0.8332,-0.307,0.3561
1781773902235,39272,0.04907,-0.45312,-0.24268,0.51635,103.688,171.0,145.25,-0.2707,0.8399,-0.3151,0.3489
1781773902236,39273,0.15503,-1.06641,-0.1416,1.08688,163.125,105.5,132.75,-0.182,0.8525,-0.3557,0.3368
1781773902295,39332,0.13892,-1.27539,-0.22412,1.30236,167.562,98.25,120.25,-0.1737,0.8522,-0.3611,0.3361
1781773902295,39332,0.11255,-1.41333,-0.35815,1.46234,174.375,86.562,90.438,-0.1635,0.8508,-0.3695,0.3355
1781773902295,39332,0.06616,-0.9231,-0.92285,1.30696,31.812,-91.5,6.0,-0.1427,0.8242,-0.3992,0.375
1781773902357,39394,0.06616,-0.9231,-0.92285,1.30696,31.812,-91.5,6.0,-0.1427,0.8242,-0.3992,0.375
1781773902357,39394,0.10767,-0.86377,-0.89136,1.24588,-11.75,-103.875,-22.062,-0.145,0.8214,-0.3996,0.38
1781773902357,39394,-0.12329,-0.71973,-0.27563,0.7805,-126.938,-127.375,-151.625,-0.2029,0.8127,-0.3837,0.3884
1781773902411,39448,-0.1853,-0.70557,-0.21875,0.76159,-128.562,-135.188,-160.875,-0.2127,0.8111,-0.3808,0.3894
1781773902411,39448,-0.27734,-0.67993,-0.12891,0.74555,-123.188,-124.5,-172.562,-0.2212,0.8102,-0.38,0.3872
1781773902413,39450,-0.67114,-0.83252,-0.13745,1.07815,-19.75,-15.938,-52.125,-0.2692,0.8033,-0.3786,0.3723
1781773902472,39509,-0.67114,-0.83252,-0.13745,1.07815,-19.75,-15.938,-52.125,-0.2692,0.8033,-0.3786,0.3723
1781773902472,39509,-0.69409,-0.7876,-0.20825,1.07025,-14.25,-13.312,-41.0,-0.2711,0.8029,-0.3786,0.372
1781773902472,39509,-0.30933,-0.62427,-0.2688,0.74676,-8.75,78.438,43.688,-0.2539,0.8132,-0.3825,0.3572
1781773902534,39571,-0.26636,-0.64722,-0.26221,0.74739,-9.0,84.688,47.438,-0.2511,0.8151,-0.3824,0.3549
1781773902534,39571,-0.23438,-0.66064,-0.2793,0.75458,-9.062,92.25,49.75,-0.2481,0.8171,-0.3823,0.3525
1781773902534,39571,-0.18408,-0.64185,-0.3833,0.76992,-34.062,72.438,39.25,-0.2164,0.8392,-0.3816,0.321
1781773902591,39628,-0.19312,-0.68726,-0.38721,0.81212,-37.875,66.188,48.938,-0.2142,0.8411,-0.3803,0.3189
1781773902591,39628,-0.21411,-0.78345,-0.41504,0.91208,-46.875,40.25,70.312,-0.2077,0.8454,-0.3772,0.3156
1781773902592,39629,-0.15015,-0.79297,-0.43384,0.91627,-60.375,4.438,74.562,-0.1878,0.8601,-0.3498,0.3198
1781773902651,39688,-0.15186,-0.78174,-0.44287,0.91121,-61.0,0.188,74.562,-0.1859,0.8616,-0.3466,0.3203
1781773902652,39689,-0.17163,-0.6709,-0.47705,0.84092,-60.25,-10.0,73.688,-0.1823,0.8644,-0.3401,0.3218
1781773902652,39689,-0.177,-0.63672,-0.35889,0.75202,-54.25,1.25,88.688,-0.1652,0.875,-0.3104,0.3323
1781773902711,39748,-0.16968,-0.67627,-0.35815,0.78384,-47.75,8.312,88.188,-0.1625,0.8764,-0.3075,0.3328
1781773902772,39809,-0.16602,-0.67554,-0.35205,0.77965,-41.375,10.812,88.938,-0.1597,0.8776,-0.3048,0.3332
1781773902772,39809,-0.13696,-0.36865,-0.47925,0.61995,-7.938,-7.312,97.5,-0.1249,0.8856,-0.2819,0.347
1781773902772,39809,-0.13696,-0.36865,-0.47925,0.61995,-7.938,-7.312,97.5,-0.1249,0.8856,-0.2819,0.347
1781773902831,39868,-0.11621,-0.48901,-0.45166,0.67575,-4.375,11.062,84.312,-0.115,0.8873,-0.2772,0.3497
1781773902831,39868,-0.24121,-0.71875,-0.56934,0.94812,1.312,18.375,29.438,-0.0977,0.8913,-0.2723,0.3488
1781773902832,39869,-0.43433,-0.63501,-0.59668,0.9736,-24.875,-27.5,-13.438,-0.0985,0.8942,-0.2693,0.3435
1781773902892,39929,-0.28052,-0.96436,-0.73389,1.24389,-27.812,-16.375,-17.5,-0.1,0.894,-0.2686,0.344
1781773902892,39929,-0.28125,-1.02295,-0.64258,1.24034,-16.75,27.938,-40.438,-0.1015,0.8943,-0.2687,0.3427
1781773902893,39930,-0.49585,-0.91357,-0.78857,1.30474,-6.625,54.438,-107.688,-0.134,0.8945,-0.2767,0.324
1781773902951,39988,-0.49561,-0.78955,-0.74829,1.19539,-4.0,76.625,-106.438,-0.1373,0.895,-0.2785,0.3199
1781773902952,39989,-0.54468,-0.67334,-0.76001,1.15225,-11.0,64.938,-98.0,-0.1405,0.8955,-0.2798,0.316
1781773902952,39989,-0.5498,-1.05859,-0.62939,1.34872,0.0,49.562,0.875,-0.1517,0.8998,-0.278,0.2997
1781773903012,40049,-0.60229,-1.09497,-0.63159,1.40022,0.938,29.938,10.875,-0.151,0.9002,-0.2783,0.2985
1781773903012,40049,-0.61401,-1.12354,-0.6272,1.42574,1.688,12.625,18.438,-0.1501,0.9004,-0.2784,0.2982
1781773903023,40060,-0.52026,-0.99854,-0.99243,1.50089,-26.062,-4.938,86.938,-0.1406,0.903,-0.2687,0.3038
1781773903071,40108,-0.47559,-0.92188,-0.94385,1.40246,-35.562,11.75,86.125,-0.1376,0.9041,-0.2664,0.3041
1781773903071,40108,-0.45654,-0.87817,-0.86499,1.31447,-47.688,4.875,80.25,-0.135,0.9052,-0.2637,0.3045
1781773903073,40110,-0.2688,-0.81787,-0.65576,1.08222,-91.938,-29.25,79.25,-0.126,0.9163,-0.2177,0.3114
1781773903131,40168,-0.30249,-0.69238,-0.4895,0.90028,-83.125,-9.375,77.062,-0.1243,0.9172,-0.2133,0.3121
1781773903132,40169,-0.34448,-0.47437,-0.66919,0.88967,-80.5,-26.062,76.688,-0.1226,0.9182,-0.2088,0.3133
1781773903191,40228,-0.38672,-0.63184,-0.58521,0.94405,-19.062,-60.125,56.312,-0.1179,0.9176,-0.177,0.3356
1781773903191,40228,-0.42285,-0.67139,-0.63965,1.01917,-9.938,-52.625,52.25,-0.1158,0.9169,-0.1748,0.3394
1781773903195,40232,-0.42725,-0.69067,-0.68042,1.0595,-4.75,-40.188,49.75,-0.1143,0.9165,-0.1738,0.3414
1781773903255,40292,-0.479,-0.66602,-0.74658,1.10924,-1.625,-5.062,28.188,-0.1123,0.9124,-0.1672,0.3558
1781773903258,40295,-0.37817,-0.62305,-1.06128,1.28745,-3.75,16.312,28.25,-0.1113,0.9128,-0.1667,0.3556
1781773903258,40295,-0.37817,-0.62305,-1.06128,1.28745,-3.75,16.312,28.25,-0.1113,0.9128,-0.1667,0.3556
1781773903312,40349,-0.30396,-0.52148,-0.69556,0.92094,-59.438,37.375,0.25,-0.1135,0.9212,-0.147,0.3416
1781773903312,40349,-0.3186,-0.51685,-0.69482,0.92272,-60.438,32.562,-2.875,-0.1143,0.9221,-0.145,0.3399
1781773903312,40349,-0.3186,-0.51685,-0.69482,0.92272,-60.438,32.562,-2.875,-0.1143,0.9221,-0.145,0.3399
1781773903375,40412,-0.3186,-0.51685,-0.69482,0.92272,-60.438,32.562,-2.875,-0.1143,0.9221,-0.145,0.3399
1781773903375,40412,-0.39038,-0.36743,-0.5874,0.79526,-47.5,-28.688,-15.438,-0.1264,0.925,-0.1234,0.3361
1781773903375,40412,-0.39038,-0.36743,-0.5874,0.79526,-47.5,-28.688,-15.438,-0.1264,0.925,-0.1234,0.3361
1781773903433,40470,0.44971,-0.42017,-1.91699,2.01336,-33.562,-168.688,-129.562,-0.1721,0.9128,-0.1244,0.3485
1781773903433,40470,-0.13257,-0.75293,-0.59863,0.971,-40.312,-70.062,-88.25,-0.1766,0.9109,-0.125,0.3509
1781773903434,40471,-0.61768,-0.24048,-0.5769,0.87873,-55.562,-56.312,175.125,-0.1622,0.9058,-0.0768,0.3835
1781773903491,40528,-0.41162,-0.35156,-0.71167,0.89415,-51.312,-51.5,204.375,-0.1495,0.9068,-0.0657,0.3883
1781773903492,40529,-0.5249,-0.2063,-0.70264,0.90099,-50.562,-54.75,215.312,-0.1409,0.9074,-0.056,0.3918
1781773903492,40529,-0.69897,-0.23242,-0.78125,1.07375,-56.938,-70.25,203.438,-0.0915,0.9067,-0.0114,0.4113
1781773903554,40591,-0.73877,-0.43384,-1.53809,1.7606,-142.812,-285.562,158.375,-0.0827,0.9033,0.0035,0.4207
1781773903554,40591,-0.62085,-0.15405,-0.44263,0.77789,-69.188,-223.875,207.25,-0.0769,0.899,0.0111,0.4307
1781773903554,40591,-0.66235,-0.26074,-0.82251,1.08776,-90.5,41.0,204.375,-0.0238,0.885,0.0762,0.4585
1781773903611,40648,-0.96851,0.08105,-0.39087,1.04755,-56.438,9.562,187.938,-0.0167,0.885,0.0822,0.4578
1781773903611,40648,-0.87915,0.08447,-0.57959,1.05639,-75.125,-52.062,181.812,-0.011,0.8841,0.0885,0.4584
1781773903612,40649,-0.87915,0.08447,-0.57959,1.05639,-75.125,-52.062,181.812,-0.011,0.8841,0.0885,0.4584
1781773903671,40708,-0.79028,0.14868,-0.78662,1.12491,-71.062,81.938,90.938,0.0349,0.8892,0.1414,0.4335
1781773903671,40708,-0.77856,0.13623,-0.4939,0.93202,-89.125,88.062,82.75,0.0359,0.8902,0.1463,0.4297
1781773903675,40712,-0.77856,0.13623,-0.4939,0.93202,-89.125,88.062,82.75,0.0359,0.8902,0.1463,0.4297
1781773903731,40768,-0.37939,0.32764,-1.40771,1.4943,35.062,130.062,105.312,0.0587,0.9011,0.1867,0.3866
1781773903731,40768,-0.83765,0.10645,-0.34253,0.91121,20.25,109.062,113.938,0.0621,0.9031,0.1881,0.3807
1781773903732,40769,-0.83765,0.10645,-0.34253,0.91121,20.25,109.062,113.938,0.0621,0.9031,0.1881,0.3807
1781773903791,40828,-0.71606,0.35645,-0.69507,1.05968,-110.312,-29.688,179.75,0.1389,0.8859,0.2361,0.374
1781773903791,40828,-0.65771,0.47778,-0.68628,1.06388,-113.0,-18.562,175.0,0.1439,0.8834,0.2431,0.3737
1781773903795,40832,-0.58032,0.49146,-0.73267,1.05598,-122.0,52.625,71.188,0.164,0.8682,0.2954,0.363
1781773903850,40887,-0.58032,0.49146,-0.73267,1.05598,-122.0,52.625,71.188,0.164,0.8682,0.2954,0.363
1781773903851,40888,-0.64966,0.47876,-0.48389,0.94096,-139.0,61.625,56.5,0.164,0.8656,0.3075,0.3592
1781773903852,40889,-0.39819,0.76343,-0.65186,1.07995,-156.25,-15.375,62.0,0.1582,0.845,0.3638,0.358
1781773903912,40949,-0.52783,0.58325,-0.62793,1.00652,-153.188,-59.375,73.188,0.1589,0.8384,0.377,0.3598
1781773903912,40949,-0.57983,0.58691,-0.4187,0.9252,-145.75,-66.562,80.875,0.1603,0.8345,0.3831,0.3618
1781773903912,40949,-0.57983,0.58691,-0.4187,0.9252,-145.75,-66.562,80.875,0.1603,0.8345,0.3831,0.3618
1781773903971,41008,-0.62305,0.76416,-0.52881,1.11882,-54.25,19.688,56.125,0.1763,0.8081,0.4262,0.366
1781773903972,41009,-0.57983,0.75586,-0.62646,1.14017,-36.812,17.875,47.812,0.1784,0.8066,0.429,0.3651
1781773903972,41009,-0.35303,0.72632,-0.61548,1.01537,46.125,57.438,27.625,0.1901,0.8089,0.4312,0.3511
1781773904034,41071,-0.35303,0.72632,-0.61548,1.01537,46.125,57.438,27.625,0.1901,0.8089,0.4312,0.3511
1781773904034,41071,-0.28809,0.75146,-0.3999,0.89867,46.312,78.25,67.188,0.1973,0.811,0.4284,0.3458
1781773904034,41071,-0.35449,0.67578,-0.43384,0.87782,45.688,-1.812,95.25,0.2423,0.8146,0.4197,0.3181
1781773904091,41128,-0.35449,0.67578,-0.43384,0.87782,45.688,-1.812,95.25,0.2423,0.8146,0.4197,0.3181
1781773904091,41128,-0.28638,0.76587,-0.6311,1.03289,66.312,28.125,92.312,0.2517,0.8141,0.4171,0.3158
1781773904092,41129,-0.25684,0.66846,-0.64648,0.96475,19.75,55.625,82.562,0.2879,0.8132,0.4194,0.2823
1781773904151,41188,-0.25684,0.66846,-0.64648,0.96475,19.75,55.625,82.562,0.2879,0.8132,0.4194,0.2823
1781773904151,41188,-0.28979,0.63428,-0.59741,0.91825,14.312,50.5,77.125,0.2971,0.8113,0.4194,0.2779
1781773904152,41189,-0.13379,0.70264,-0.58032,0.92107,-16.188,58.0,39.938,0.3159,0.807,0.4277,0.2567
1781773904211,41248,-0.1438,0.72266,-0.57056,0.9319,-16.0,38.062,41.5,0.3163,0.8066,0.4292,0.2546
1781773904211,41248,-0.13281,0.76001,-0.58179,0.9663,-16.938,18.875,44.188,0.3218,0.8041,0.43,0.2545
1781773904212,41249,-0.15649,0.70483,-0.62378,0.95414,-10.75,-12.0,40.375,0.3395,0.7928,0.4383,0.2527
1781773904277,41314,-0.16431,0.71729,-0.58936,0.94278,-3.125,-14.625,38.188,0.3441,0.7905,0.4385,0.2531
1781773904277,41314,-0.17407,0.72217,-0.59326,0.95068,-3.0,-17.938,36.75,0.3457,0.7898,0.4387,0.2531
1781773904279,41316,-0.25342,0.65674,-0.62207,0.93941,19.688,-18.062,32.375,0.3608,0.7841,0.4351,0.2554
1781773904331,41368,-0.2666,0.66919,-0.62573,0.95417,22.688,-15.312,31.75,0.3624,0.7839,0.4344,0.2551
1781773904331,41368,-0.28247,0.69653,-0.59546,0.95892,30.688,-17.0,25.438,0.367,0.7832,0.432,0.2551
1781773904332,41369,-0.16821,0.7251,-0.69043,1.01526,55.125,-7.312,-3.125,0.3846,0.7845,0.4133,0.2561
1781773904397,41434,-0.16821,0.7251,-0.69043,1.01526,55.125,-7.312,-3.125,0.3846,0.7845,0.4133,0.2561
1781773904400,41437,-0.17358,0.71802,-0.66602,0.99461,59.75,-8.562,-0.812,0.388,0.7849,0.4092,0.2563
1781773904400,41437,-0.17358,0.71802,-0.66602,0.99461,59.75,-8.562,-0.812,0.388,0.7849,0.4092,0.2563
1781773904451,41488,-0.1731,0.7002,-0.6416,0.96534,32.5,-7.25,-1.0,0.402,0.7915,0.3867,0.2495
1781773904451,41488,-0.13599,0.71021,-0.65601,0.97633,27.062,-12.688,-5.25,0.4049,0.7909,0.384,0.2505
1781773904452,41489,0.05859,0.76147,-0.62964,0.98981,-63.812,6.375,-1.062,0.4026,0.7894,0.3845,0.2583
1781773904515,41552,0.06079,0.67822,-0.62939,0.92726,-67.875,62.125,19.312,0.4018,0.7885,0.3876,0.2577
1781773904516,41553,-0.07178,0.66064,-0.46899,0.81336,-35.312,14.438,30.062,0.4001,0.7879,0.391,0.2568
1781773904516,41553,-0.18188,0.6875,-0.47485,0.85512,-100.75,-31.0,34.438,0.4,0.7687,0.4218,0.2662
1781773904571,41608,-0.13062,0.75342,-0.77612,1.08953,-99.562,-34.125,33.188,0.4004,0.7675,0.4231,0.2672
1781773904571,41608,-0.1687,0.81396,-0.70361,1.08907,-83.625,-37.0,21.062,0.3999,0.7645,0.4273,0.2697
1781773904572,41609,-0.25488,0.79346,-0.65015,1.05699,18.625,-22.625,-82.5,0.3842,0.7687,0.4259,0.2825
1781773904632,41669,0.12207,0.80981,-0.4458,0.93244,6.375,5.938,-46.25,0.3825,0.7698,0.4252,0.283
1781773904632,41669,0.00659,0.79834,-0.52271,0.95426,-6.375,9.312,-27.438,0.384,0.7689,0.4237,0.2854
1781773904632,41669,-0.18677,0.79297,-0.56372,0.99069,-11.312,-5.0,-40.562,0.3815,0.7661,0.423,0.2973
1781773904691,41728,-0.20703,0.78467,-0.55615,0.9838,-13.375,-26.5,-49.25,0.3801,0.7664,0.4224,0.2991
1781773904691,41728,-0.21289,0.7605,-0.64917,1.0223,-15.0,-33.375,-56.875,0.3787,0.7666,0.4216,0.3013
1781773904692,41729,-0.26636,0.69189,-0.56543,0.9324,27.688,-16.812,-56.562,0.3639,0.7745,0.405,0.3215
1781773904752,41789,-0.29517,0.7002,-0.58862,0.96118,27.938,-14.312,-49.375,0.3629,0.7756,0.4031,0.3225
1781773904752,41789,-0.27271,0.69702,-0.55688,0.93291,28.688,-15.375,-42.188,0.3621,0.7766,0.4013,0.3233
1781773904757,41794,-0.47534,0.6748,-0.57935,1.00844,32.125,-2.688,-15.312,0.3652,0.7797,0.3857,0.331
1781773904811,41848,-0.43945,0.68848,-0.53394,0.97581,39.688,-8.875,-20.75,0.3654,0.7808,0.383,0.3314
1781773904811,41848,-0.42114,0.71118,-0.56104,0.99895,34.0,-20.312,-28.938,0.368,0.7807,0.3789,0.3335
1781773904812,41849,-0.56201,0.82715,-0.6189,1.17604,68.25,-63.625,-49.938,0.3682,0.7868,0.3553,0.3446
1781773904872,41909,-0.38184,0.87671,-0.56519,1.11079,75.688,-61.875,-44.562,0.3688,0.7877,0.3511,0.3463
1781773904872,41909,-0.26782,0.90332,-0.74707,1.20243,77.5,-58.688,-32.875,0.3698,0.7885,0.3469,0.3477
1781773904878,41915,-0.44165,0.70801,-0.67163,1.07118,65.5,-62.75,-47.438,0.3792,0.7934,0.3082,0.3627
1781773904931,41968,-0.4248,0.69873,-0.67407,1.05974,64.438,-58.062,-52.188,0.3792,0.7942,0.3041,0.3643
1781773904932,41969,-0.36938,0.73877,-0.66553,1.06073,62.375,-46.688,-52.562,0.379,0.7951,0.3004,0.3656
1781773904932,41969,-0.44604,0.65137,-0.61621,1.00147,26.688,-48.0,-16.312,0.3843,0.7969,0.2718,0.3781
1781773904992,42029,-0.44702,0.6394,-0.55322,0.95641,25.5,-38.562,-16.5,0.3846,0.7969,0.27,0.3793
1781773904999,42036,-0.40894,0.6416,-0.59619,0.9666,25.625,-29.188,-11.062,0.3862,0.7965,0.2662,0.3812
1781773905000,42037,-1.40405,0.37207,-0.74976,1.63461,13.875,11.938,-18.625,0.3937,0.7951,0.2606,0.3804
1781773905051,42088,-0.50171,0.48877,-0.46753,0.84213,10.5,14.688,-3.312,0.3935,0.7955,0.2606,0.3795
1781773905051,42088,-0.34619,0.76343,-0.6062,1.03448,-1.0,-8.938,4.062,0.3937,0.7954,0.2606,0.3796
1781773905052,42089,-0.51855,0.64624,-0.67944,1.07153,16.812,-36.75,21.75,0.4075,0.7858,0.264,0.3828
1781773905116,42153,-0.50952,0.63574,-0.70752,1.07906,23.625,-37.562,15.125,0.4088,0.7852,0.2628,0.3835
1781773905116,42153,-0.50391,0.6311,-0.73462,1.09173,30.5,-33.938,10.875,0.4101,0.7847,0.2612,0.384
1781773905116,42153,-0.54053,0.68921,-0.64307,1.08661,23.75,-31.5,2.938,0.4219,0.782,0.2441,0.388
1781773905171,42208,-0.5,0.69995,-0.65552,1.0815,18.188,-36.625,7.938,0.4228,0.7815,0.2429,0.3888
1781773905171,42208,-0.53784,0.65845,-0.68335,1.09078,12.312,-36.188,11.125,0.4238,0.7809,0.2418,0.3897
1781773905172,42209,-0.53784,0.65845,-0.68335,1.09078,12.312,-36.188,11.125,0.4238,0.7809,0.2418,0.3897
1781773905235,42272,-0.50806,0.73413,-0.71533,1.14401,25.062,7.562,-11.188,0.4365,0.7762,0.2278,0.3934
1781773905236,42273,-0.50049,0.72974,-0.71191,1.1357,18.375,18.688,-13.5,0.4363,0.7769,0.2272,0.3926
1781773905236,42273,-0.50049,0.72974,-0.71191,1.1357,18.375,18.688,-13.5,0.4363,0.7769,0.2272,0.3926
1781773905291,42328,-0.77856,0.4353,-0.41968,0.98579,-47.438,64.0,-4.25,0.4338,0.7816,0.2358,0.3809
1781773905291,42328,-0.43188,0.63037,-0.59863,0.9707,-46.5,33.938,-17.188,0.4321,0.7819,0.2379,0.3807
1781773905292,42329,-0.44482,0.6687,-0.53125,0.96294,-109.688,5.5,56.812,0.4391,0.762,0.2716,0.3905
1781773905357,42394,-0.42944,0.67065,-0.59131,0.99189,-105.0,-0.938,61.25,0.4393,0.7597,0.276,0.3917
1781773905357,42394,-0.53052,0.68066,-0.32788,0.92318,-105.125,6.562,57.188,0.4392,0.7573,0.2805,0.3931
1781773905357,42394,-0.53052,0.68066,-0.32788,0.92318,-105.125,6.562,57.188,0.4392,0.7573,0.2805,0.3931
1781773905410,42447,-0.30884,0.73315,-0.50903,0.94446,24.562,10.75,-34.125,0.4333,0.7394,0.3141,0.4083
1781773905411,42448,-0.25732,0.79468,-0.49756,0.97226,17.812,14.875,-18.688,0.4327,0.7403,0.3134,0.4077
1781773905412,42449,-0.31714,0.70703,-0.56592,0.95955,2.625,13.875,-35.812,0.4401,0.7383,0.3017,0.4122
1781773905473,42510,-0.31738,0.70264,-0.58911,0.9703,-0.188,13.188,-33.375,0.4389,0.7392,0.3013,0.4121
1781773905473,42510,-0.31934,0.68018,-0.61426,0.97053,0.562,15.0,-31.312,0.4378,0.7401,0.3009,0.412
1781773905473,42510,-0.31934,0.68018,-0.61426,0.97053,0.562,15.0,-31.312,0.4378,0.7401,0.3009,0.412
1781773905531,42568,-0.40601,0.66577,-0.62158,0.99722,44.312,19.562,-40.75,0.4458,0.7437,0.281,0.4109
1781773905531,42568,-0.39014,0.66357,-0.62817,0.99355,47.25,20.812,-44.312,0.445,0.7456,0.2791,0.4098
1781773905532,42569,-0.39014,0.66357,-0.62817,0.99355,47.25,20.812,-44.312,0.445,0.7456,0.2791,0.4098
1781773905593,42630,-0.39014,0.66357,-0.62817,0.99355,47.25,20.812,-44.312,0.445,0.7456,0.2791,0.4098
1781773905593,42630,-0.34521,0.61987,-0.73242,1.01973,38.5,0.625,-58.938,0.4499,0.757,0.2457,0.405
1781773905593,42630,-0.34521,0.61987,-0.73242,1.01973,38.5,0.625,-58.938,0.4499,0.757,0.2457,0.405
1781773905653,42690,-0.66016,0.58179,-0.50098,1.01255,-113.938,38.5,-69.062,0.4407,0.7635,0.2208,0.4169
1781773905653,42690,-0.51709,0.62793,-0.45215,0.93065,-136.5,18.375,-101.688,0.435,0.7644,0.2239,0.4195
1781773905653,42690,-0.27173,0.40967,-0.74243,0.89043,-36.188,17.625,-105.812,0.387,0.7727,0.2366,0.4437
1781773905715,42752,-0.22998,0.45996,-0.60547,0.79438,-12.938,16.75,-72.938,0.3824,0.7749,0.2353,0.4447
1781773905715,42752,-0.27026,0.46338,-0.5918,0.79874,-12.688,19.938,-65.75,0.3811,0.7755,0.235,0.4448
1781773905716,42753,-0.38159,0.39282,-0.62988,0.83467,22.125,25.438,-115.188,0.3488,0.7954,0.2162,0.4457
1781773905771,42808,-0.27344,0.42432,-0.66846,0.83764,24.062,20.25,-111.625,0.3455,0.7981,0.2111,0.4458
1781773905771,42808,-0.26709,0.43066,-0.66382,0.83514,29.75,13.125,-115.688,0.3421,0.8004,0.2082,0.4458
1781773905773,42810,-0.26709,0.43066,-0.66382,0.83514,29.75,13.125,-115.688,0.3421,0.8004,0.2082,0.4458
1781773905831,42868,-0.37451,0.28394,-0.65063,0.80262,62.0,-31.75,-169.812,0.3015,0.8218,0.1553,0.4574
1781773905831,42868,-0.38428,0.29272,-0.66309,0.82039,67.375,-33.375,-176.438,0.2968,0.824,0.1491,0.4588
1781773905834,42871,-0.38428,0.29272,-0.66309,0.82039,67.375,-33.375,-176.438,0.2968,0.824,0.1491,0.4588
1781773905891,42928,-0.73169,-0.16235,-0.69824,1.02434,125.188,201.562,-323.0,0.2175,0.8675,0.0507,0.4442
1781773905891,42928,-0.57153,-1.04517,-1.2998,1.7631,169.625,246.625,-304.75,0.2029,0.8793,0.0354,0.4291
1781773905892,42929,-0.2168,-0.3147,-0.66235,0.76469,304.812,193.5,-354.062,0.1593,0.9284,-0.1,0.32
1781773905957,42994,-0.2168,-0.3147,-0.66235,0.76469,304.812,193.5,-354.062,0.1593,0.9284,-0.1,0.32
1781773905957,42994,-0.22363,-0.89893,-0.74194,1.18683,317.625,1.188,-355.5,0.1528,0.9299,-0.1386,0.3042
1781773905957,42994,-0.4978,-1.67261,-0.88745,1.9578,413.688,123.0,-390.375,0.0524,0.9118,-0.3358,0.23
1781773906011,43048,-0.4978,-1.67261,-0.88745,1.9578,413.688,123.0,-390.375,0.0524,0.9118,-0.3358,0.23
1781773906011,43048,-0.46216,-1.68579,-0.9729,2.0005,406.938,52.688,-378.0,0.0334,0.902,-0.3753,0.2105
1781773906012,43049,-0.33862,-1.93335,-1.07471,2.23774,308.812,125.375,-300.062,-0.0526,0.8386,-0.5278,0.1228
1781773906074,43111,-0.26294,-1.85059,-1.12769,2.183,280.0,103.0,-269.0,-0.0687,0.8246,-0.5512,0.106
1781773906074,43111,-0.22949,-1.7644,-1.13794,2.11204,260.188,90.438,-256.625,-0.0745,0.818,-0.5618,0.0973
1781773906075,43112,0.00586,-1.14111,-0.89087,1.4477,32.438,14.125,-192.75,-0.1401,0.7755,-0.614,0.0408
1781773906132,43169,0.00586,-1.14111,-0.89087,1.4477,32.438,14.125,-192.75,-0.1401,0.7755,-0.614,0.0408
1781773906132,43169,0.0144,-1.12378,-0.77002,1.36236,-12.062,6.5,-181.312,-0.1581,0.772,-0.6144,0.0354
1781773906136,43173,-0.18628,-0.94336,-0.39941,1.04123,-154.438,-93.188,-39.188,-0.2149,0.786,-0.5791,0.0202
1781773906195,43232,-0.18628,-0.94336,-0.39941,1.04123,-154.438,-93.188,-39.188,-0.2149,0.786,-0.5791,0.0202
1781773906196,43233,-0.24072,-0.83887,-0.32739,0.93211,-171.625,-120.812,-0.312,-0.2275,0.7919,-0.5656,0.0286
1781773906196,43233,-0.28638,-0.76392,-0.07617,0.81938,-151.5,-121.5,179.062,-0.2422,0.8324,-0.4897,0.0916
1781773906251,43288,-0.27026,-0.8208,-0.08594,0.86841,-140.875,-97.938,191.375,-0.2382,0.8368,-0.4829,0.0979
1781773906251,43288,-0.2312,-0.80688,-0.12451,0.84854,-118.0,-56.375,201.875,-0.2382,0.841,-0.4728,0.1107
1781773906253,43290,-0.04565,-0.99292,-0.58228,1.15196,-35.812,150.75,245.062,-0.1638,0.8729,-0.4392,0.1344
1781773906311,43348,-0.04565,-0.99292,-0.58228,1.15196,-35.812,150.75,245.062,-0.1638,0.8729,-0.4392,0.1344
1781773906311,43348,-0.01318,-1.01392,-0.59302,1.17468,-35.188,153.75,243.938,-0.1642,0.8738,-0.4357,0.1391
1781773906312,43349,0.20532,-0.95239,-0.11548,0.98109,16.625,-18.062,144.0,-0.0953,0.89,-0.4168,0.1578
1781773906371,43408,0.20532,-0.95239,-0.11548,0.98109,16.625,-18.062,144.0,-0.0953,0.89,-0.4168,0.1578
1781773906371,43408,0.19556,-0.93384,-0.04126,0.95499,44.75,-45.188,119.312,-0.0992,0.8877,-0.4155,0.1711
1781773906373,43410,-0.01929,-1.04492,-0.23682,1.07159,150.812,-178.938,33.812,-0.1069,0.8588,-0.4393,0.2401
1781773906430,43467,-0.04419,-1.00854,-0.28442,1.04881,154.938,-184.062,24.625,-0.1078,0.8541,-0.444,0.2479
1781773906431,43468,-0.0708,-0.97803,-0.33203,1.03528,155.688,-185.875,15.062,-0.1196,0.8477,-0.4456,0.2612
1781773906432,43469,-0.2876,-0.80688,-0.6958,1.10359,100.125,-16.688,-56.625,-0.1524,0.8027,-0.4854,0.3107
1781773906491,43528,-0.2876,-0.80688,-0.6958,1.10359,100.125,-16.688,-56.625,-0.1524,0.8027,-0.4854,0.3107
1781773906491,43528,-0.302,-0.82275,-0.70068,1.12209,76.625,37.25,-61.75,-0.1611,0.7966,-0.4919,0.3119
1781773906493,43530,-0.1499,-0.67603,-0.44238,0.8217,10.875,165.312,-4.438,-0.1616,0.7976,-0.5097,0.2786
1781773906558,43595,-0.10376,-0.64526,-0.41138,0.77224,7.25,170.0,4.438,-0.1577,0.7995,-0.511,0.2729
1781773906558,43595,-0.02686,-0.55322,-0.34985,0.65511,0.688,178.75,15.75,-0.1574,0.802,-0.5106,0.2665
1781773906558,43595,0.12476,-1.07275,-0.15601,1.09119,-32.812,133.75,-43.438,-0.1417,0.8199,-0.5099,0.2178
1781773906611,43648,0.11499,-1.07007,-0.14355,1.08576,-32.188,107.812,-55.5,-0.1415,0.8212,-0.5101,0.2124
1781773906611,43648,0.09863,-1.03491,-0.12842,1.0475,-31.812,50.562,-75.5,-0.1517,0.8215,-0.5082,0.2086
1781773906613,43650,-0.05835,-0.71753,-0.22583,0.75449,-27.312,-69.375,-85.125,-0.1945,0.8165,-0.5039,0.2033
1781773906671,43708,-0.05835,-0.71753,-0.22583,0.75449,-27.312,-69.375,-85.125,-0.1945,0.8165,-0.5039,0.2033
1781773906671,43708,-0.0752,-0.71216,-0.25269,0.75939,-31.938,-75.125,-81.562,-0.1992,0.8158,-0.5029,0.2038
1781773906675,43712,-0.2832,-1.19312,-0.43774,1.30206,-6.438,-78.812,-57.188,-0.2584,0.8044,-0.4854,0.2241
1781773906733,43770,-0.2832,-1.19312,-0.43774,1.30206,-6.438,-78.812,-57.188,-0.2584,0.8044,-0.4854,0.2241
1781773906734,43771,-0.29175,-1.15356,-0.47168,1.27996,-1.5,-68.688,-52.938,-0.2617,0.8032,-0.4851,0.2255
1781773906734,43771,-0.18628,-0.8208,-0.28784,0.88953,13.688,55.375,-12.375,-0.2857,0.7939,-0.4843,0.2309
1781773906791,43828,-0.17065,-0.83423,-0.26733,0.89248,20.625,63.125,-10.062,-0.2846,0.7939,-0.4858,0.2289
1781773906791,43828,-0.14893,-0.83887,-0.25098,0.88818,29.75,66.25,-6.75,-0.2855,0.7927,-0.4878,0.2277
1781773906792,43829,-0.04956,-0.87769,-0.31274,0.93306,58.25,55.312,3.812,-0.2785,0.786,-0.5061,0.2199
1781773906852,43889,-0.04858,-0.8584,-0.3291,0.92061,58.625,44.375,5.188,-0.2767,0.7852,-0.5085,0.2191
1781773906852,43889,-0.04834,-0.83569,-0.34424,0.90511,57.625,30.875,6.625,-0.2753,0.7843,-0.5108,0.2188
1781773906852,43889,-0.05566,-0.87891,-0.4624,0.99468,13.938,-7.688,19.5,-0.2769,0.775,-0.518,0.2326
1781773906914,43951,-0.06689,-0.88159,-0.47363,1.003,6.188,-14.938,21.562,-0.2764,0.775,-0.5178,0.2335
1781773906914,43951,-0.07251,-0.8877,-0.48608,1.01466,-1.312,-21.625,24.438,-0.276,0.7752,-0.5173,0.2348
1781773906971,44008,-0.10913,-0.80835,-0.56885,0.99445,-63.625,-5.062,35.75,-0.2794,0.7828,-0.4977,0.2471
1781773906975,44012,-0.10889,-0.78149,-0.55127,0.96254,-69.25,-3.75,36.812,-0.279,0.7847,-0.4949,0.2472
1781773906975,44012,-0.10229,-0.75903,-0.53638,0.93504,-75.312,-1.75,37.625,-0.2786,0.7868,-0.492,0.2472
1781773907032,44069,-0.06592,-0.8894,-0.20166,0.91436,-67.938,34.5,22.062,-0.2755,0.8092,-0.4597,0.2403
1781773907032,44069,-0.06592,-0.90283,-0.18848,0.92465,-62.188,39.25,19.438,-0.2747,0.811,-0.4578,0.2387
1781773907033,44070,-0.02393,-0.75342,-0.17676,0.77424,-11.062,8.375,40.938,-0.2708,0.8201,-0.445,0.2362
1781773907094,44131,-0.01172,-0.74683,-0.18506,0.7695,-5.688,10.688,42.188,-0.2692,0.8208,-0.4445,0.2365
1781773907095,44132,0.00073,-0.74316,-0.19458,0.76822,-1.375,11.125,41.938,-0.2675,0.8214,-0.4442,0.2369
1781773907096,44133,0.04321,-0.84448,-0.33618,0.90996,38.188,-14.062,13.438,-0.2615,0.8184,-0.4465,0.2493
1781773907153,44190,0.04126,-0.86694,-0.34912,0.93551,41.438,-13.188,7.688,-0.2611,0.8175,-0.4478,0.2504
1781773907153,44190,0.03418,-0.89014,-0.35669,0.95955,45.062,-12.688,2.375,-0.2608,0.8165,-0.4492,0.2514
1781773907153,44190,-0.02246,-0.92944,-0.41553,1.01835,65.438,-53.562,-12.5,-0.2683,0.7987,-0.4661,0.2694
1781773907212,44249,-0.02759,-0.90015,-0.41284,0.99069,65.125,-54.25,-15.188,-0.2692,0.7965,-0.468,0.2717
1781773907212,44249,-0.03491,-0.896,-0.40308,0.98311,63.812,-53.25,-16.75,-0.2702,0.7944,-0.4697,0.2739
1781773907212,44249,-0.06226,-0.95728,-0.39819,1.03866,60.25,-39.438,-25.125,-0.2805,0.7714,-0.4897,0.2935
1781773907274,44311,-0.0564,-0.91602,-0.41431,1.00693,55.125,-32.688,-29.188,-0.282,0.7684,-0.4924,0.2954
1781773907275,44312,-0.06445,-0.87427,-0.42822,0.97564,43.312,-19.938,-36.188,-0.2844,0.7648,-0.4957,0.2968
1781773907275,44312,-0.06885,-0.90088,-0.39526,0.98618,-4.938,-6.938,-32.5,-0.2969,0.7568,-0.5006,0.2972
1781773907332,44369,-0.06226,-0.89502,-0.38965,0.97814,-8.375,-2.625,-32.938,-0.2982,0.7565,-0.5007,0.2965
1781773907332,44369,-0.06396,-0.88037,-0.38354,0.96242,-12.562,1.312,-33.438,-0.2994,0.7563,-0.5007,0.2955
1781773907332,44369,-0.06396,-0.88037,-0.38354,0.96242,-12.562,1.312,-33.438,-0.2994,0.7563,-0.5007,0.2955
1781773907391,44428,-0.06348,-0.96533,-0.34717,1.02782,-41.375,4.938,-35.875,-0.315,0.7582,-0.4954,0.283
1781773907391,44428,-0.06372,-0.94531,-0.35645,1.01229,-41.938,6.062,-36.375,-0.3166,0.7587,-0.4946,0.2814
1781773907392,44429,-0.08301,-0.89453,-0.29907,0.94685,-59.438,18.688,-13.0,-0.3303,0.7682,-0.4816,0.2619
1781773907456,44493,-0.08008,-0.89941,-0.27612,0.94425,-56.938,17.562,-9.75,-0.3309,0.7694,-0.4801,0.2603
1781773907457,44494,-0.0791,-0.89429,-0.25806,0.93413,-53.5,17.125,-6.75,-0.3314,0.7706,-0.4786,0.2589
1781773907458,44495,-0.0791,-0.89429,-0.25806,0.93413,-53.5,17.125,-6.75,-0.3314,0.7706,-0.4786,0.2589
1781773907511,44548,-0.02197,-0.78101,-0.15698,0.79693,-7.625,-6.062,28.312,-0.3283,0.779,-0.4696,0.2541
1781773907511,44548,-0.00708,-0.76953,-0.16309,0.78665,-1.625,-7.188,28.125,-0.3275,0.7793,-0.4692,0.2548
1781773907512,44549,-0.00708,-0.76953,-0.16309,0.78665,-1.625,-7.188,28.125,-0.3275,0.7793,-0.4692,0.2548
1781773907574,44611,-0.03516,-0.85962,-0.19922,0.8831,41.312,-19.562,39.188,-0.3163,0.7768,-0.4735,0.2683
1781773907574,44611,-0.03491,-0.88477,-0.20728,0.90939,45.062,-19.0,41.75,-0.3148,0.7762,-0.4743,0.2704
1781773907575,44612,-0.00903,-0.9624,-0.38281,1.03578,64.188,-23.5,45.188,-0.2987,0.7644,-0.4848,0.3022
1781773907631,44668,-0.00806,-0.96802,-0.39893,1.04703,62.125,-19.188,41.812,-0.2969,0.7633,-0.486,0.3045
1781773907631,44668,-0.01221,-0.97485,-0.40967,1.0575,60.375,-15.938,38.75,-0.2952,0.7623,-0.4873,0.3065
1781773907632,44669,-0.01221,-0.97485,-0.40967,1.0575,60.375,-15.938,38.75,-0.2952,0.7623,-0.4873,0.3065
1781773907694,44731,-0.00317,-1.02246,-0.39136,1.0948,33.062,0.062,4.375,-0.2853,0.7537,-0.4978,0.3201
1781773907694,44731,-0.00903,-1.02588,-0.38428,1.09553,30.438,2.875,1.062,-0.2848,0.7531,-0.4988,0.3204
1781773907694,44731,-0.01855,-1.05786,-0.29712,1.09895,10.75,10.75,-21.688,-0.2847,0.7485,-0.5067,0.3187
1781773907750,44787,-0.03613,-1.07593,-0.28394,1.11335,8.438,11.438,-24.438,-0.2863,0.7476,-0.5076,0.3181
1781773907751,44788,-0.03345,-1.07275,-0.28784,1.1112,7.938,9.938,-24.812,-0.2868,0.7473,-0.5084,0.3173
1781773907752,44789,-0.08008,-0.99829,-0.30664,1.04739,-10.25,11.0,-27.0,-0.2938,0.7451,-0.5129,0.3085
1781773907816,44853,-0.08008,-0.99829,-0.30664,1.04739,-10.25,11.0,-27.0,-0.2938,0.7451,-0.5129,0.3085
1781773907816,44853,-0.08325,-0.97412,-0.31763,1.02797,-15.5,10.25,-25.0,-0.2958,0.7451,-0.5129,0.3067
1781773907817,44854,-0.07349,-0.9978,-0.30298,1.04537,-39.875,24.75,-22.5,-0.3038,0.7509,-0.5086,0.2914
1781773907871,44908,-0.07422,-0.99902,-0.29102,1.04319,-40.562,22.875,-19.875,-0.305,0.7521,-0.5075,0.2889
1781773907872,44909,-0.07227,-0.99927,-0.28491,1.0416,-40.625,21.625,-17.938,-0.3056,0.753,-0.5067,0.2872
1781773907873,44910,-0.07227,-0.99927,-0.28491,1.0416,-40.625,21.625,-17.938,-0.3056,0.753,-0.5067,0.2872
1781773907933,44970,-0.03882,-0.92749,-0.21582,0.95306,-22.875,7.25,-11.375,-0.3102,0.7612,-0.5,0.2722
1781773907933,44970,-0.03564,-0.91455,-0.21362,0.93984,-21.188,1.625,-11.562,-0.3107,0.7615,-0.4995,0.2716
1781773907934,44971,-0.04443,-0.87207,-0.20728,0.89747,3.5,-18.75,-6.188,-0.316,0.7607,-0.4972,0.2721
1781773907991,45028,-0.052,-0.87793,-0.21387,0.9051,7.75,-18.562,-4.812,-0.3167,0.76,-0.4973,0.273
1781773907992,45029,-0.0564,-0.8689,-0.22266,0.89874,10.125,-18.25,-4.125,-0.3171,0.7595,-0.4974,0.2736
1781773907994,45031,-0.09644,-0.89233,-0.27124,0.93762,19.438,-8.062,16.188,-0.3157,0.7556,-0.5005,0.2804
1781773908051,45088,-0.09326,-0.89453,-0.28101,0.94226,19.938,-7.188,19.562,-0.3154,0.7551,-0.5007,0.2816
1781773908051,45088,-0.09204,-0.89819,-0.28418,0.94656,20.0,-7.062,21.938,-0.3146,0.7549,-0.501,0.2825
1781773908052,45089,-0.04663,-0.92944,-0.3252,0.98579,22.5,9.062,18.25,-0.306,0.7532,-0.505,0.2895
1781773908111,45148,-0.052,-0.93237,-0.32764,0.98963,22.125,9.625,17.75,-0.305,0.7531,-0.5056,0.2899
1781773908111,45148,-0.04639,-0.93237,-0.3335,0.99131,20.938,8.625,16.875,-0.3046,0.7524,-0.5061,0.2911
1781773908113,45150,-0.01562,-0.93579,-0.2688,0.97376,7.188,11.062,7.188,-0.298,0.7517,-0.5098,0.2932
1781773908174,45211,-0.01611,-0.95996,-0.25415,0.99317,7.938,9.375,5.938,-0.2982,0.7514,-0.5099,0.2937
1781773908174,45211,-0.01855,-0.96558,-0.24829,0.99716,9.0,6.875,5.125,-0.2977,0.7513,-0.5103,0.2936
1781773908174,45211,-0.01855,-0.96558,-0.24829,0.99716,9.0,6.875,5.125,-0.2977,0.7513,-0.5103,0.2936
1781773908231,45268,-0.01855,-0.96558,-0.24829,0.99716,9.0,6.875,5.125,-0.2977,0.7513,-0.5103,0.2936
1781773908231,45268,-0.0354,-0.9248,-0.24585,0.95758,16.438,-7.812,0.812,-0.297,0.7472,-0.5144,0.2977
1781773908232,45269,-0.07886,-0.89355,-0.25952,0.93381,13.188,6.812,-9.75,-0.2977,0.742,-0.5204,0.2998
1781773908291,45328,-0.08252,-0.88721,-0.25269,0.92617,12.188,8.438,-10.562,-0.2977,0.7416,-0.5211,0.2994
1781773908291,45328,-0.08691,-0.89038,-0.24634,0.92791,11.75,10.75,-10.438,-0.2976,0.7413,-0.5217,0.299
1781773908292,45329,-0.08154,-0.9187,-0.19897,0.94353,15.75,20.125,3.125,-0.2929,0.7406,-0.5283,0.294
1781773908355,45392,-0.07446,-0.92139,-0.19458,0.94465,17.0,21.312,3.75,-0.2921,0.7405,-0.5291,0.2935
1781773908357,45394,-0.05518,-0.87793,-0.19702,0.90146,21.75,27.312,-2.938,-0.2899,0.7404,-0.5312,0.2921
1781773908357,45394,-0.10278,-0.87988,-0.23804,0.91729,33.375,22.562,-9.5,-0.2842,0.736,-0.5459,0.2815
1781773908412,45449,-0.10278,-0.87988,-0.23804,0.91729,33.375,22.562,-9.5,-0.2842,0.736,-0.5459,0.2815
1781773908413,45450,-0.10498,-0.8811,-0.27612,0.92931,34.375,22.562,-6.562,-0.2831,0.7346,-0.5487,0.2808
1781773908413,45450,-0.11304,1.53003,-0.61377,1.65242,-195.438,-83.688,131.0,-0.2791,0.7337,-0.5504,0.2839
1781773908472,45509,-0.11304,1.53003,-0.61377,1.65242,-195.438,-83.688,131.0,-0.2791,0.7337,-0.5504,0.2839
1781773908533,45570,0.11011,0.33081,0.10522,0.36419,-399.938,-176.938,350.125,-0.2797,0.7557,-0.5086,0.303
1781773908533,45570,0.20312,-0.50684,-0.04834,0.54816,-428.312,-455.25,466.125,-0.2397,0.8302,-0.2937,0.4083
1781773908534,45571,0.18066,-0.52808,0.00903,0.5582,-409.938,-458.562,470.188,-0.236,0.8317,-0.2661,0.426
1781773908592,45629,0.18555,-0.50049,-0.03735,0.53508,-379.5,-511.125,474.688,-0.225,0.8309,-0.212,0.4624
1781773908599,45636,0.4585,-0.27026,0.2771,0.60004,-227.375,-198.0,389.312,-0.1577,0.7827,0.0039,0.6019
1781773908599,45636,0.25562,-0.18555,-0.05811,0.32116,-433.375,137.562,-155.938,-0.2067,0.8082,0.1666,0.5254
1781773908652,45689,0.25562,-0.18555,-0.05811,0.32116,-433.375,137.562,-155.938,-0.2067,0.8082,0.1666,0.5254
1781773908653,45690,0.22632,-0.27173,-0.01587,0.35399,-448.875,118.438,-199.625,-0.223,0.8075,0.1752,0.5169
1781773908654,45691,0.13184,-0.68823,0.04224,0.70202,-430.812,145.375,-407.438,-0.3992,0.7633,0.2236,0.4558
1781773908711,45748,0.26489,-0.85059,-0.09644,0.89608,-439.875,119.688,-467.812,-0.4237,0.7535,0.2265,0.4484
1781773908711,45748,-0.04224,-0.82544,0.10107,0.83268,-406.312,170.75,-620.812,-0.4688,0.7349,0.2196,0.4377
1781773908714,45751,-5.51978,-1.60742,1.96606,6.07595,62.125,-2048.0,265.438,-0.5883,0.5176,0.3405,0.5192
1781773908771,45808,-3.19214,-0.41528,-1.95972,3.76865,137.875,-2048.0,515.062,-0.5436,0.4832,0.3991,0.5581
1781773908771,45808,-3.04346,0.33301,0.1936,3.06774,-329.312,-884.188,732.938,-0.4667,0.4581,0.4837,0.5814
1781773908772,45809,-7.9895,6.20044,7.56445,12.62927,1411.0,303.438,1646.75,-0.3639,0.5195,0.6114,0.4728
1781773908832,45869,4.98389,-3.06323,-4.38867,7.3132,-424.125,-2048.0,491.062,-0.2907,0.5078,0.6539,0.4793
1781773908832,45869,-1.07446,7.39429,2.3457,7.83149,-669.75,-1204.5,-1708.25,-0.2963,0.4288,0.6567,0.5447
1781773908832,45869,-1.67944,0.46411,1.21753,2.12563,328.75,281.5,-358.25,-0.2323,0.4229,0.5972,0.6406
1781773908893,45930,-0.53613,-0.10083,0.13721,0.56252,374.625,412.5,-348.312,-0.2384,0.4416,0.5687,0.6514
1781773908955,45992,-0.6626,-0.45557,0.03101,0.8047,456.875,832.938,-280.5,-0.2501,0.4696,0.5438,0.6488
1781773908955,45992,-0.3457,0.11499,-0.67773,0.76945,128.688,-552.562,341.562,-0.177,0.6354,0.4379,0.6105
1781773908955,45992,0.31567,-0.07153,-0.86182,0.92059,73.938,-525.625,179.688,-0.1574,0.6249,0.4453,0.6214
1781773909011,46048,0.37646,0.3125,-0.38037,0.61973,1.688,-211.312,-51.625,-0.1511,0.6172,0.4471,0.6293
1781773909012,46049,-1.14478,0.07056,0.56323,1.27778,86.125,235.562,-263.312,-0.3498,0.7467,0.2708,0.4964
1781773909012,46049,-1.09668,0.13916,-0.50415,1.21501,-2.875,20.562,-49.438,-0.3581,0.7078,0.2641,0.5483
1781773909070,46107,-1.30005,0.16797,-0.60425,1.44342,-11.25,-31.812,-32.375,-0.3592,0.7068,0.2639,0.549
1781773909071,46108,-1.57178,0.19556,-0.60425,1.69524,-23.062,-148.875,7.562,-0.3582,0.7018,0.2676,0.5543
1781773909074,46111,-1.20972,0.14673,0.00024,1.21858,53.0,-77.25,16.875,-0.3351,0.6769,0.2839,0.5905
1781773909134,46171,-1.19214,0.12891,-0.01636,1.1992,49.938,-105.438,29.625,-0.3303,0.6747,0.2847,0.5952
1781773909134,46171,-1.14575,0.11816,-0.00073,1.15183,48.125,-129.062,41.188,-0.3264,0.6727,0.2861,0.599
1781773909134,46171,-0.86035,0.00903,0.05615,0.86223,80.625,-46.0,145.688,-0.2705,0.6598,0.3112,0.6279
1781773909192,46229,-0.84375,0.03638,0.05884,0.84658,81.875,-35.688,152.375,-0.2669,0.6608,0.3123,0.6279
1781773909198,46235,-0.85107,0.0542,0.00659,0.85282,80.438,-26.062,172.562,-0.2596,0.663,0.3149,0.6274
1781773909198,46235,-1.00049,0.30566,0.19458,1.06408,2.438,54.25,-16.812,-0.2175,0.654,0.3448,0.637
1781773909252,46289,-1.09033,0.17896,0.12793,1.1123,3.062,67.188,-30.562,-0.2192,0.6555,0.3433,0.6357
1781773909252,46289,-1.1123,0.21924,0.14331,1.14273,3.5,66.062,-38.812,-0.2211,0.6571,0.3416,0.6344
1781773909252,46289,-1.1123,0.21924,0.14331,1.14273,3.5,66.062,-38.812,-0.2211,0.6571,0.3416,0.6344
1781773909311,46348,-0.88965,0.19946,0.10962,0.9183,-7.438,-2.688,-8.188,-0.2221,0.6475,0.3452,0.6419
1781773909311,46348,-0.90015,0.17676,0.11035,0.92395,-4.562,4.75,-10.625,-0.2226,0.6473,0.345,0.6419
1781773909312,46349,-0.96436,0.25146,0.22266,1.02117,-0.438,-32.688,21.312,-0.2139,0.6375,0.3548,0.6494
1781773909373,46410,-0.96436,0.25146,0.22266,1.02117,-0.438,-32.688,21.312,-0.2139,0.6375,0.3548,0.6494
1781773909373,46410,-0.97144,0.25757,0.21973,1.02874,3.0,-7.062,12.25,-0.2133,0.6372,0.3553,0.6495
1781773909374,46411,-0.97144,0.25757,0.21973,1.02874,3.0,-7.062,12.25,-0.2133,0.6372,0.3553,0.6495
1781773909431,46468,-0.92114,0.2395,0.13013,0.96062,-1.438,-24.25,7.375,-0.2161,0.6441,0.3504,0.6445
1781773909431,46468,-0.89868,0.23804,0.13037,0.93877,-1.75,-25.25,6.875,-0.2156,0.6434,0.3509,0.6451
1781773909432,46469,-0.95068,0.22827,0.13818,0.98742,-1.625,1.438,-3.5,-0.2171,0.6437,0.3499,0.6448
1781773909491,46528,-0.94995,0.23486,0.14087,0.98864,-2.125,-1.688,-1.625,-0.2171,0.6436,0.3499,0.6449
1781773909492,46529,-0.948,0.23657,0.14526,0.98781,-2.062,-3.625,-0.312,-0.2171,0.6434,0.35,0.645
1781773909492,46529,-1.00586,0.23462,0.16138,1.04539,0.0,-4.312,4.875,-0.2172,0.6434,0.3505,0.6447
1781773909550,46587,-1.00098,0.23389,0.16479,1.04106,-0.625,-11.688,6.938,-0.2165,0.643,0.3511,0.645
1781773909551,46588,-0.99146,0.23608,0.16284,1.0321,-0.75,-13.125,7.062,-0.2161,0.6427,0.3515,0.6453
1781773909557,46594,-0.99146,0.23608,0.16284,1.0321,-0.75,-13.125,7.062,-0.2161,0.6427,0.3515,0.6453
1781773909615,46652,-0.95166,0.2439,0.15625,0.99476,-2.375,-18.75,5.188,-0.213,0.6394,0.3545,0.648
1781773909615,46652,-0.94873,0.23999,0.15771,0.99124,-2.938,-21.5,5.562,-0.2125,0.6388,0.3549,0.6484
1781773909615,46652,-0.94873,0.23999,0.15771,0.99124,-2.938,-21.5,5.562,-0.2125,0.6388,0.3549,0.6484
1781773909672,46709,-0.94873,0.23999,0.15771,0.99124,-2.938,-21.5,5.562,-0.2125,0.6388,0.3549,0.6484
1781773909672,46709,-0.94458,0.24878,0.17627,0.99257,-2.562,-6.875,2.062,-0.2091,0.6328,0.3594,0.653
1781773909672,46709,-0.96753,0.24072,0.19141,1.01523,1.938,9.312,-0.938,-0.2086,0.6325,0.36,0.653
1781773909738,46775,-0.97437,0.24561,0.18652,1.02201,2.562,11.438,-1.188,-0.2088,0.633,0.3598,0.6527
1781773909739,46776,-0.98242,0.24805,0.19165,1.03122,2.562,11.75,-1.562,-0.2089,0.6333,0.3596,0.6524
1781773909739,46776,-0.93848,0.24463,0.16846,0.98436,1.125,3.188,-1.812,-0.2095,0.6353,0.3582,0.6511
1781773909791,46828,-0.93677,0.24561,0.16064,0.98166,0.688,0.75,-0.938,-0.2095,0.6354,0.3581,0.651
1781773909791,46828,-0.93457,0.24023,0.15967,0.97807,0.0,-1.625,-0.562,-0.2095,0.6353,0.3581,0.6511
1781773909792,46829,-0.94019,0.24756,0.17554,0.98795,-2.688,-12.188,3.25,-0.2077,0.6324,0.3604,0.6533
1781773909851,46888,-0.93945,0.24512,0.17651,0.98682,-2.938,-10.875,2.875,-0.2075,0.632,0.3607,0.6535
1781773909851,46888,-0.9375,0.24634,0.17432,0.98487,-2.688,-10.0,2.625,-0.2073,0.6317,0.361,0.6538
1781773909855,46892,-0.9646,0.25049,0.19604,1.01569,-1.312,-11.438,5.375,-0.2048,0.6285,0.364,0.656
1781773909911,46948,-0.96167,0.25513,0.19922,1.01469,-1.062,-10.688,4.562,-0.2044,0.628,0.3644,0.6563
1781773909911,46948,-0.96167,0.25195,0.20435,1.01491,-0.438,-8.875,4.0,-0.2041,0.6278,0.3646,0.6565
1781773909912,46949,-0.94116,0.25024,0.19165,0.99254,0.312,0.312,-0.875,-0.2032,0.6271,0.3653,0.657
1781773909972,47009,-0.94141,0.24854,0.18921,0.99187,0.062,-0.125,-0.625,-0.2031,0.6271,0.3654,0.6571
1781773909972,47009,-0.93604,0.25195,0.18774,0.98737,0.062,-0.438,-0.562,-0.2031,0.627,0.3654,0.6571
1781773909975,47012,-0.93701,0.25024,0.18994,0.98828,-0.938,-3.188,0.938,-0.2025,0.6262,0.3661,0.6577
1781773910031,47068,-0.93701,0.25024,0.18994,0.98828,-0.938,-3.188,0.938,-0.2025,0.6262,0.3661,0.6577
1781773910031,47068,-0.9397,0.24927,0.19604,0.99177,-1.062,-2.625,0.75,-0.2024,0.626,0.3662,0.6578
1781773910031,47068,-0.95386,0.25024,0.1958,1.00539,0.0,-1.062,0.875,-0.2017,0.6254,0.3671,0.6581
1781773910092,47129,-0.95386,0.25024,0.1958,1.00539,0.0,-1.062,0.875,-0.2017,0.6254,0.3671,0.6581
1781773910092,47129,-0.95264,0.25195,0.20117,1.00572,0.0,-1.562,0.688,-0.2016,0.6254,0.3672,0.6582
1781773910100,47137,-0.93872,0.25342,0.19775,0.99223,-0.5,-5.25,1.438,-0.2006,0.6243,0.3681,0.6589
1781773910152,47189,-0.93872,0.25342,0.19775,0.99223,-0.5,-5.25,1.438,-0.2006,0.6243,0.3681,0.6589
1781773910152,47189,-0.93774,0.25415,0.19482,0.99092,-0.625,-5.188,1.312,-0.2003,0.6241,0.3684,0.6591
1781773910152,47189,-0.94116,0.25415,0.20239,0.99566,-1.062,-5.188,2.0,-0.199,0.6223,0.3699,0.6603
1781773910212,47249,-0.94116,0.25415,0.20239,0.99566,-1.062,-5.188,2.0,-0.199,0.6223,0.3699,0.6603
1781773910212,47249,-0.94336,0.2583,0.20923,1.00021,-1.0,-4.75,1.75,-0.1988,0.622,0.3701,0.6605
1781773910212,47249,-0.94922,0.25391,0.2124,1.00529,0.188,0.438,0.125,-0.1978,0.6212,0.3711,0.661
1781773910276,47313,-0.94897,0.25586,0.20825,1.00468,0.0,0.188,0.0,-0.1977,0.6211,0.3712,0.6611
1781773910276,47313,-0.94775,0.25439,0.21094,1.00372,0.25,0.5,-0.062,-0.1976,0.621,0.3713,0.6611
1781773910276,47313,-0.93579,0.25366,0.20288,0.99056,-0.125,-1.812,0.5,-0.1966,0.6206,0.3721,0.6614
1781773910332,47369,-0.93799,0.25171,0.20386,0.99234,-0.438,-1.938,0.312,-0.1965,0.6205,0.3722,0.6614
1781773910332,47369,-0.94067,0.25439,0.20435,0.99566,-0.25,-2.312,0.812,-0.1964,0.6204,0.3723,0.6615
1781773910333,47370,-0.94116,0.25781,0.20874,0.99791,-0.688,-4.062,1.188,-0.1955,0.6193,0.3734,0.6622
1781773910394,47431,-0.94116,0.25781,0.20874,0.99791,-0.688,-4.062,1.188,-0.1955,0.6193,0.3734,0.6622
1781773910394,47431,-0.94214,0.25659,0.21045,0.99888,-0.812,-3.688,1.312,-0.1954,0.6191,0.3735,0.6624
1781773910394,47431,-0.94775,0.25537,0.2168,1.00521,-0.188,-2.062,0.688,-0.1945,0.6181,0.3745,0.663
1781773910450,47487,-0.94775,0.25537,0.2168,1.00521,-0.188,-2.062,0.688,-0.1945,0.6181,0.3745,0.663
1781773910450,47487,-0.9353,0.25171,0.21704,0.9926,-0.188,-2.188,0.5,-0.1943,0.6179,0.3746,0.6632
1781773910452,47489,-0.9353,0.25171,0.21704,0.9926,-0.188,-2.188,0.5,-0.1943,0.6179,0.3746,0.6632
1781773910510,47547,-0.93628,0.25684,0.2168,0.99478,-0.562,-2.125,0.938,-0.1935,0.6171,0.3754,0.6637
1781773910510,47547,-0.93481,0.25854,0.21338,0.9931,-0.688,-3.312,1.438,-0.1934,0.617,0.3756,0.6638
1781773910512,47549,-0.9436,0.25562,0.21753,1.00152,-0.25,-2.0,0.688,-0.1928,0.6163,0.3762,0.6643
1781773910572,47609,-0.93921,0.25659,0.21436,0.99695,-0.188,-2.25,0.5,-0.1927,0.6162,0.3762,0.6643
1781773910573,47610,-0.93481,0.26489,0.21777,0.99573,-0.188,-1.562,0.125,-0.1926,0.6162,0.3763,0.6644
1781773910573,47610,-0.93872,0.25757,0.22266,0.99856,-0.375,-3.938,1.25,-0.1919,0.6154,0.377,0.6649
1781773910630,47667,-0.93677,0.2583,0.22485,0.9974,-0.625,-3.938,1.188,-0.1918,0.6153,0.3771,0.665
1781773910630,47667,-0.93774,0.25684,0.2251,0.998,-0.375,-4.0,1.188,-0.1917,0.6151,0.3771,0.665
1781773910631,47668,-0.94067,0.25806,0.22168,1.0003,-0.812,-5.5,1.812,-0.1904,0.6138,0.3784,0.666
1781773910691,47728,-0.93774,0.26099,0.2251,0.99907,-0.75,-5.625,1.875,-0.1903,0.6136,0.3786,0.6661
1781773910692,47729,-0.94141,0.26001,0.22534,1.00231,-0.5,-6.062,1.812,-0.1901,0.6134,0.3787,0.6663
1781773910692,47729,-0.93774,0.26782,0.22803,1.00154,-0.625,-4.125,1.312,-0.1889,0.612,0.3798,0.6672
1781773910750,47787,-0.9353,0.26685,0.23242,1.00001,-0.562,-4.875,1.312,-0.1888,0.6119,0.38,0.6673
1781773910751,47788,-0.93457,0.26367,0.23096,0.99814,-0.375,-5.0,1.75,-0.1885,0.6116,0.3801,0.6675
1781773910751,47788,-0.93506,0.26318,0.23218,0.99875,-0.438,-4.375,1.438,-0.1875,0.6104,0.3812,0.6683
1781773910810,47847,-0.93726,0.25806,0.23486,1.0001,-0.5,-4.812,1.562,-0.1874,0.6102,0.3814,0.6684
1781773910810,47847,-0.93677,0.26489,0.23389,1.0012,-0.562,-5.125,1.688,-0.1872,0.6101,0.3815,0.6685
1781773910814,47851,-0.93335,0.27051,0.23535,0.99985,-0.625,-4.25,1.562,-0.1859,0.6085,0.3828,0.6696
1781773910874,47911,-0.9353,0.2688,0.23779,1.00179,-0.5,-4.25,1.438,-0.1857,0.6084,0.3829,0.6696
1781773910874,47911,-0.93555,0.27368,0.23853,1.00352,-0.812,-4.75,1.438,-0.1856,0.6083,0.383,0.6697
1781773910875,47912,-0.93457,0.26416,0.24023,1.00046,-0.562,-5.125,1.625,-0.1842,0.6065,0.3844,0.6709
1781773910932,47969,-0.93359,0.26367,0.24463,1.00048,-0.688,-5.438,1.625,-0.184,0.6063,0.3846,0.6711
1781773910933,47970,-0.93115,0.26196,0.24243,0.99722,-0.562,-5.812,1.812,-0.1838,0.6061,0.3848,0.6712
1781773910935,47972,-0.92847,0.27344,0.25122,0.99997,-0.938,-5.438,1.875,-0.1825,0.6045,0.3861,0.6723
1781773910992,48029,-0.92969,0.27344,0.24658,0.99994,-0.75,-5.25,1.812,-0.1823,0.6044,0.3862,0.6724
1781773910992,48029,-0.92944,0.27124,0.24829,0.99954,-0.938,-5.125,2.0,-0.1822,0.6042,0.3863,0.6724
1781773910992,48029,-0.92871,0.27271,0.25098,0.99993,-0.438,-6.0,1.75,-0.1807,0.6024,0.3878,0.6736
1781773911050,48087,-0.92969,0.26587,0.25562,1.00017,-0.812,-6.438,1.938,-0.1806,0.6022,0.3879,0.6738
1781773911051,48088,-0.92725,0.26782,0.25049,0.99713,-0.812,-6.562,2.0,-0.1804,0.6021,0.388,0.6739
1781773911053,48090,-0.9209,0.27319,0.26099,0.99539,-0.5,-6.812,2.312,-0.1786,0.5999,0.3897,0.6753
1781773911110,48147,-0.92676,0.27515,0.26074,1.00129,-0.938,-6.938,2.375,-0.1784,0.5997,0.3898,0.6755
1781773911111,48148,-0.92285,0.2749,0.26392,0.99844,-0.938,-6.875,2.375,-0.1782,0.5995,0.39,0.6756
1781773911171,48208,-0.92603,0.27515,0.26685,1.00222,-0.812,-6.25,2.188,-0.1766,0.5975,0.3916,0.6769
1781773911171,48208,-0.92212,0.27759,0.26685,0.99928,-0.875,-6.625,2.062,-0.1764,0.5973,0.3917,0.677
1781773911172,48209,-0.92456,0.27588,0.26831,1.00145,-0.625,-6.75,1.938,-0.1763,0.5971,0.3919,0.6771
1781773911231,48268,-0.91943,0.27661,0.27271,0.99812,-0.812,-6.875,2.375,-0.1746,0.595,0.3934,0.6785
1781773911231,48268,-0.9209,0.27466,0.27417,0.99933,-0.5,-6.562,2.25,-0.1744,0.5949,0.3936,0.6786
1781773911232,48269,-0.91455,0.27612,0.27783,0.99491,-1.062,-8.125,2.625,-0.1724,0.5927,0.3952,0.6801
1781773911291,48328,-0.91748,0.27808,0.28125,0.9991,-0.5,-7.188,2.375,-0.1723,0.5925,0.3953,0.6802
1781773911292,48329,-0.91699,0.27759,0.2793,0.99797,-0.375,-6.812,2.312,-0.1721,0.5923,0.3955,0.6804
1781773911292,48329,-0.91406,0.28198,0.28271,0.99747,1.875,-9.25,2.0,-0.1697,0.5902,0.3967,0.6821
1781773911351,48388,-0.91235,0.28027,0.2854,0.99619,2.0,-9.938,2.312,-0.1694,0.5899,0.3969,0.6823
1781773911351,48388,-0.91455,0.28174,0.28833,0.99946,2.375,-9.375,2.25,-0.1691,0.5897,0.3969,0.6825
1781773911352,48389,-0.91528,0.28711,0.29785,1.00444,2.375,-8.812,2.625,-0.1659,0.5874,0.398,0.6847
1781773911411,48448,-0.9165,0.28369,0.29517,1.00378,1.062,-10.625,3.062,-0.1656,0.5871,0.3981,0.6849
1781773911412,48449,-0.91016,0.2832,0.302,0.9999,0.125,-11.312,3.312,-0.1653,0.5868,0.3983,0.6851
1781773911421,48458,-0.90723,0.28882,0.30078,0.99847,-1.5,-8.0,2.5,-0.1632,0.5841,0.4004,0.6867
1781773911471,48508,-0.91016,0.28735,0.3064,1.00241,-1.188,-8.062,2.625,-0.163,0.5838,0.4006,0.6869
1781773911472,48509,-0.91113,0.28784,0.30762,1.00381,-1.438,-8.062,2.875,-0.1628,0.5836,0.4008,0.687
1781773911472,48509,-0.91113,0.28784,0.30762,1.00381,-1.438,-8.062,2.875,-0.1628,0.5836,0.4008,0.687
1781773911531,48568,-0.9104,0.29272,0.30835,1.00479,0.625,-9.25,2.688,-0.1605,0.581,0.4026,0.6887
1781773911532,48569,-0.90259,0.29126,0.30884,0.99744,1.0,-10.125,2.75,-0.1602,0.5808,0.4027,0.6889
1781773911533,48570,-0.90063,0.29272,0.31299,0.99739,5.938,-9.375,2.062,-0.1562,0.5782,0.4037,0.6914
1781773911591,48628,-0.89917,0.29492,0.32178,0.99951,6.062,-10.562,2.125,-0.1558,0.578,0.4037,0.6917
1781773911591,48628,-0.89893,0.29468,0.31519,0.99712,6.375,-10.5,2.375,-0.1553,0.5778,0.4037,0.692
1781773911592,48629,-0.89062,0.2959,0.32568,0.9934,9.375,-14.562,3.562,-0.1495,0.5755,0.4035,0.6953
1781773911651,48688,-0.90234,0.30225,0.3313,1.00764,9.188,-15.188,4.188,-0.1488,0.5753,0.4035,0.6956
1781773911651,48688,-0.89648,0.29614,0.32812,0.99953,8.75,-16.188,4.562,-0.1481,0.5749,0.4035,0.696
1781773911652,48689,-0.89648,0.29614,0.32812,0.99953,8.75,-16.188,4.562,-0.1481,0.5749,0.4035,0.696
1781773911710,48747,-0.88721,0.2998,0.34302,0.99734,4.688,-20.438,6.562,-0.1414,0.5709,0.4048,0.6999
1781773911711,48748,-0.89062,0.3042,0.34399,1.00204,5.812,-18.438,6.562,-0.1408,0.5705,0.405,0.7003
1781773911712,48749,-0.8772,0.30835,0.36279,0.99808,2.188,-27.188,9.625,-0.1336,0.565,0.4077,0.7046
1781773911772,48809,-0.8772,0.30835,0.36279,0.99808,2.188,-27.188,9.625,-0.1336,0.565,0.4077,0.7046
1781773911772,48809,-0.87671,0.31226,0.35596,0.99641,2.375,-26.688,9.75,-0.1328,0.5642,0.4082,0.7051
1781773911773,48810,-0.88501,0.31885,0.37061,1.01107,-0.625,-0.125,-0.5,-0.1278,0.5584,0.4112,0.7089
1781773911830,48867,-0.88501,0.31885,0.37061,1.01107,-0.625,-0.125,-0.5,-0.1278,0.5584,0.4112,0.7089
1781773911830,48867,-0.88477,0.31152,0.37769,1.01119,-0.938,-3.5,-0.625,-0.1278,0.5583,0.4112,0.7089
1781773911833,48870,-0.88477,0.31152,0.37769,1.01119,-0.938,-3.5,-0.625,-0.1278,0.5583,0.4112,0.7089
1781773911892,48929,-0.8728,0.31763,0.3833,1.00478,2.125,9.562,-0.688,-0.127,0.5569,0.4119,0.7098
1781773911892,48929,-0.88672,0.31909,0.3772,1.01507,1.938,6.812,-0.25,-0.1271,0.5573,0.4118,0.7095
1781773911892,48929,-0.86938,0.31665,0.37842,0.99965,0.812,4.125,-0.562,-0.127,0.5579,0.4118,0.7091
1781773911950,48987,-0.87183,0.31909,0.37744,1.00218,0.688,4.625,-0.688,-0.127,0.5582,0.4116,0.7089
1781773911950,48987,-0.87939,0.31958,0.37524,1.0081,0.188,3.625,-0.625,-0.1271,0.5583,0.4116,0.7089
1781773911952,48989,-0.87939,0.31958,0.37524,1.0081,0.188,3.625,-0.625,-0.1271,0.5583,0.4116,0.7089
1781773912011,49048,-0.87671,0.32104,0.37402,1.00577,-0.75,-2.875,0.0,-0.1267,0.5574,0.4121,0.7094
1781773912011,49048,-0.87256,0.31958,0.37891,1.00352,-1.25,-4.25,0.188,-0.1266,0.5571,0.4121,0.7095
1781773912011,49048,-0.86719,0.31934,0.37891,0.99878,-0.375,-1.938,0.188,-0.1259,0.5556,0.4129,0.7104
1781773912074,49111,-0.86572,0.31763,0.38159,0.99799,-0.25,-0.562,0.0,-0.1258,0.5556,0.4129,0.7105
1781773912074,49111,-0.86963,0.31714,0.37915,1.00029,-0.062,0.0,-0.188,-0.1257,0.5556,0.413,0.7105
1781773912074,49111,-0.86694,0.31812,0.38184,0.99929,0.5,3.438,-0.375,-0.1254,0.5558,0.4132,0.7102
1781773912131,49168,-0.86694,0.31812,0.38184,0.99929,0.5,3.438,-0.375,-0.1254,0.5558,0.4132,0.7102
1781773912131,49168,-0.86914,0.31885,0.37915,1.00041,0.75,3.688,-0.5,-0.1254,0.5559,0.4132,0.7101
1781773912134,49171,-0.87061,0.31836,0.37573,1.00024,-0.312,-0.875,0.0,-0.1253,0.5563,0.4132,0.7098
1781773912195,49232,-0.87134,0.31812,0.37646,1.00108,-0.625,-1.688,-0.062,-0.1253,0.5562,0.4132,0.7098
1781773912195,49232,-0.86938,0.32056,0.37622,1.00006,-0.5,-2.188,0.125,-0.1252,0.5561,0.4133,0.7099
1781773912195,49232,-0.86792,0.3208,0.38208,1.00109,-0.812,-2.875,0.125,-0.1247,0.5549,0.4138,0.7106
1781773912254,49291,-0.86914,0.31738,0.3811,1.00069,-0.688,-2.75,0.062,-0.1246,0.5549,0.4139,0.7106
1781773912254,49291,-0.87061,0.3208,0.38013,1.00268,-0.562,-2.625,0.062,-0.1246,0.5548,0.4139,0.7107
1781773912255,49292,-0.8667,0.31836,0.38062,0.99869,0.312,1.375,-0.062,-0.1242,0.5544,0.4143,0.7109
1781773912310,49347,-0.8667,0.31836,0.38062,0.99869,0.312,1.375,-0.062,-0.1242,0.5544,0.4143,0.7109
1781773912310,49347,-0.87036,0.31909,0.38281,1.00294,0.438,1.812,0.0,-0.1242,0.5545,0.4143,0.7108
1781773912311,49348,-0.86743,0.31714,0.37744,0.99774,0.312,1.688,-0.312,-0.1243,0.555,0.4141,0.7105
1781773912373,49410,-0.87085,0.31982,0.37817,1.00184,0.062,1.312,-0.188,-0.1243,0.5551,0.4141,0.7104
1781773912373,49410,-0.8689,0.31958,0.37817,1.00006,0.0,0.812,-0.188,-0.1243,0.5551,0.4141,0.7104
1781773912373,49410,-0.87109,0.31763,0.37793,1.00126,-0.25,-2.25,0.062,-0.1239,0.5546,0.4145,0.7106
1781773912430,49467,-0.87402,0.31714,0.38037,1.00458,-0.688,-2.5,0.125,-0.1238,0.5544,0.4146,0.7107
1781773912430,49467,-0.86694,0.31836,0.38232,0.99956,-0.688,-2.688,0.125,-0.1238,0.5543,0.4146,0.7108
1781773912431,49468,-0.86816,0.32104,0.38184,1.00129,-0.312,-1.438,0.125,-0.1234,0.5536,0.415,0.7112
1781773912492,49529,-0.87012,0.32007,0.37842,1.00137,-0.25,-0.938,0.0,-0.1233,0.5535,0.415,0.7113
1781773912492,49529,-0.86841,0.31885,0.38428,1.00173,0.0,-0.5,0.188,-0.1232,0.5535,0.415,0.7113
1781773912493,49530,-0.86963,0.31885,0.38281,1.00223,0.312,1.688,-0.125,-0.123,0.5537,0.4152,0.7111
1781773912550,49587,-0.87109,0.31885,0.38208,1.00322,0.062,1.812,-0.438,-0.123,0.5537,0.4152,0.7111
1781773912550,49587,-0.87085,0.31592,0.3811,1.00171,0.188,1.938,-0.375,-0.1231,0.5537,0.4152,0.711
1781773912552,49589,-0.87061,0.31836,0.37964,1.00171,-0.312,-0.188,-0.125,-0.1229,0.5539,0.4153,0.7109
1781773912610,49647,-0.86987,0.31909,0.38086,1.00177,-0.25,-0.688,-0.062,-0.1229,0.5538,0.4154,0.7109
1781773912610,49647,-0.87451,0.31885,0.38354,1.00675,-0.625,-1.312,0.0,-0.1228,0.5538,0.4154,0.7109
1781773912612,49649,-0.87012,0.31763,0.37891,1.00078,-0.375,-2.188,0.375,-0.1224,0.5531,0.4157,0.7113
1781773912670,49707,-0.87158,0.31592,0.38379,1.00337,-0.312,-2.062,0.188,-0.1224,0.553,0.4158,0.7114
1781773912670,49707,-0.86719,0.31348,0.38574,0.99954,-0.375,-1.938,0.062,-0.1223,0.5529,0.4158,0.7114
1781773912671,49708,-0.8689,0.32251,0.3811,1.00211,-0.062,0.438,-0.188,-0.1218,0.5525,0.4162,0.7116
1781773912730,49767,-0.8667,0.31641,0.37964,0.9977,0.062,0.562,0.0,-0.1217,0.5525,0.4163,0.7116
1781773912732,49769,-0.86963,0.31836,0.38037,1.00114,0.062,1.062,-0.25,-0.1217,0.5525,0.4163,0.7116
1781773912732,49769,-0.87061,0.3147,0.37964,1.00056,0.0,1.125,-0.375,-0.1219,0.5529,0.4162,0.7113
1781773912790,49827,-0.87109,0.31641,0.38257,1.00263,0.0,1.0,-0.375,-0.1219,0.5529,0.4162,0.7113
1781773912790,49827,-0.87231,0.31592,0.38184,1.00326,0.0,0.688,-0.312,-0.1219,0.5529,0.4162,0.7113
1781773912792,49829,-0.87207,0.31689,0.38208,1.00345,-0.25,-1.562,0.125,-0.1214,0.5526,0.4166,0.7114
1781773912855,49892,-0.86768,0.31836,0.38062,0.99954,-0.375,-1.688,0.062,-0.1214,0.5525,0.4166,0.7114
1781773912856,49893,-0.86743,0.3186,0.38135,0.99969,-0.438,-1.75,0.188,-0.1213,0.5524,0.4166,0.7115
1781773912856,49893,-0.86694,0.31958,0.3833,1.00032,-0.25,-1.0,0.0,-0.1209,0.5518,0.4169,0.7119
1781773912916,49953,-0.87207,0.31494,0.38403,1.00358,-0.188,-0.875,0.062,-0.1209,0.5518,0.4169,0.7119
1781773912916,49953,-0.86987,0.31763,0.37988,1.00094,-0.188,-0.562,0.0,-0.1209,0.5518,0.417,0.7119
1781773912916,49953,-0.87012,0.31763,0.38135,1.00171,0.0,1.312,-0.375,-0.1206,0.5518,0.4172,0.7118
1781773912971,50008,-0.87012,0.31714,0.38159,1.00165,-0.062,1.25,-0.312,-0.1206,0.5518,0.4172,0.7117
1781773912971,50008,-0.86914,0.31616,0.37964,0.99974,0.062,1.438,-0.25,-0.1206,0.5518,0.4172,0.7117
1781773912971,50008,-0.87207,0.31689,0.37842,1.00206,-0.062,0.0,0.0,-0.1204,0.552,0.4174,0.7116
1781773913034,50071,-0.87085,0.31592,0.38062,1.00152,0.0,-0.5,-0.125,-0.1204,0.5519,0.4174,0.7116
1781773913035,50072,-0.87061,0.31836,0.38159,1.00246,-0.062,-0.562,0.062,-0.1203,0.5518,0.4174,0.7116
1781773913035,50072,-0.86597,0.31665,0.37988,0.99723,-0.375,-1.75,0.125,-0.1199,0.5513,0.4177,0.7119
1781773913090,50127,-0.86987,0.31958,0.38354,1.00295,-0.25,-1.5,0.125,-0.1199,0.5512,0.4178,0.712
1781773913091,50128,-0.86865,0.31689,0.38306,1.00086,-0.188,-1.5,0.062,-0.1199,0.5512,0.4178,0.712
1781773913091,50128,-0.86572,0.31665,0.38306,0.99824,0.0,0.438,-0.125,-0.1194,0.5508,0.4182,0.7122
1781773913152,50189,-0.86792,0.31787,0.38232,1.00025,0.0,0.625,-0.188,-0.1194,0.5508,0.4182,0.7122
1781773913155,50192,-0.86743,0.31494,0.38062,0.99825,-0.062,0.875,-0.25,-0.1194,0.5509,0.4182,0.7122
1781773913155,50192,-0.87231,0.31689,0.38257,1.00385,0.0,0.75,-0.062,-0.1195,0.5511,0.4182,0.7119
1781773913212,50249,-0.86938,0.31665,0.3811,1.00067,0.0,0.625,-0.188,-0.1194,0.5511,0.4182,0.7119
1781773913272,50309,-0.86914,0.31763,0.37964,1.00021,0.0,0.562,-0.188,-0.1194,0.5511,0.4182,0.7119
1781773913276,50313,-0.86963,0.31689,0.38013,1.00059,-0.375,-1.312,0.062,-0.119,0.5508,0.4185,0.712
1781773913276,50313,-0.86914,0.31567,0.38208,1.00052,-0.312,-1.5,0.0,-0.1189,0.5507,0.4185,0.7121
1781773913333,50370,-0.86865,0.31738,0.38135,1.00036,-0.312,-1.438,0.0,-0.1188,0.5507,0.4186,0.7121
1781773913333,50370,-0.87061,0.31738,0.38208,1.00233,-0.188,-0.562,0.0,-0.1185,0.5502,0.4188,0.7124
1781773913334,50371,-0.87012,0.31616,0.3811,1.00115,0.062,1.0,-0.188,-0.1182,0.5502,0.4191,0.7124
1781773913391,50428,-0.86768,0.31274,0.38477,0.99936,0.062,0.938,-0.125,-0.1182,0.5502,0.4191,0.7123
1781773913391,50428,-0.86987,0.31616,0.38403,1.00206,0.062,0.875,-0.125,-0.1182,0.5502,0.4191,0.7123
1781773913392,50429,-0.87354,0.31885,0.38135,1.00506,0.0,-0.375,0.0,-0.1179,0.5502,0.4193,0.7122
1781773913451,50488,-0.87012,0.3186,0.38184,1.0022,0.0,-0.438,0.0,-0.1179,0.5502,0.4193,0.7122
1781773913451,50488,-0.86938,0.31616,0.38208,1.00089,0.0,-0.625,0.0,-0.1178,0.5501,0.4194,0.7123
1781773913451,50488,-0.86938,0.31616,0.38208,1.00089,0.0,-0.625,0.0,-0.1178,0.5501,0.4194,0.7123
1781773913510,50547,-0.86938,0.31616,0.38208,1.00089,0.0,-0.625,0.0,-0.1178,0.5501,0.4194,0.7123
1781773913511,50548,-0.86938,0.3147,0.38428,1.00127,-0.25,-1.062,0.0,-0.1176,0.5497,0.4196,0.7125
1781773913511,50548,-0.86938,0.3147,0.38428,1.00127,-0.25,-1.062,0.0,-0.1176,0.5497,0.4196,0.7125
1781773913570,50607,-0.87256,0.31836,0.38208,1.00434,0.0,0.438,-0.125,-0.1171,0.5493,0.42,0.7126
1781773913570,50607,-0.86768,0.31885,0.38306,1.00063,0.0,0.625,-0.312,-0.117,0.5493,0.4201,0.7126
1781773913572,50609,-0.86768,0.31885,0.38306,1.00063,0.0,0.625,-0.312,-0.117,0.5493,0.4201,0.7126
1781773913636,50673,-0.87207,0.31714,0.38184,1.00344,0.0,0.312,-0.188,-0.117,0.5495,0.4201,0.7125
1781773913637,50674,-0.87231,0.31665,0.38257,1.00377,0.0,0.312,-0.062,-0.117,0.5495,0.4201,0.7125
1781773913637,50674,-0.86768,0.31665,0.37988,0.99872,-0.188,-0.938,0.0,-0.1165,0.5492,0.4204,0.7125
1781773913690,50727,-0.86768,0.31665,0.37988,0.99872,-0.188,-0.938,0.0,-0.1165,0.5492,0.4204,0.7125
1781773913690,50727,-0.86914,0.31689,0.38403,1.00165,-0.375,-0.688,0.0,-0.1165,0.5492,0.4204,0.7126
1781773913692,50729,-0.86914,0.31689,0.38403,1.00165,-0.375,-0.688,0.0,-0.1165,0.5492,0.4204,0.7126
1781773913757,50794,-0.86621,0.32104,0.38403,1.00044,-0.125,-0.5,0.0,-0.1162,0.5488,0.4207,0.7128
1781773913757,50794,-1.21265,0.11035,0.29639,1.25321,-1.688,-5.188,1.312,-0.1165,0.5487,0.4206,0.7128
1781773913757,50794,-0.84521,0.34863,0.4624,1.02457,21.5,30.625,-4.688,-0.1153,0.5477,0.4223,0.7128
1781773913811,50848,-0.77905,0.42822,0.35107,0.9558,13.688,28.312,-11.5,-0.1154,0.5494,0.4212,0.7122
1781773913811,50848,-0.97192,0.29199,0.4668,1.11705,10.688,10.188,-2.688,-0.1156,0.5501,0.4205,0.712
1781773913811,50848,-0.96143,0.24536,0.40454,1.07154,0.812,21.312,-6.562,-0.1147,0.5469,0.421,0.7142
1781773913874,50911,-0.88379,0.30005,0.36768,1.00314,2.75,17.625,-6.25,-0.1151,0.5475,0.4207,0.7139
1781773913875,50912,-0.8916,0.35132,0.40894,1.04192,0.562,15.938,-6.938,-0.1154,0.548,0.4204,0.7136
1781773913875,50912,-0.76147,0.24194,0.37598,0.88303,8.188,20.438,-3.688,-0.1149,0.5465,0.4207,0.7148
1781773913935,50972,-0.76147,0.24194,0.37598,0.88303,8.188,20.438,-3.688,-0.1149,0.5465,0.4207,0.7148
1781773913938,50975,-0.76147,0.28394,0.42749,0.91827,24.188,113.0,-16.562,-0.117,0.5516,0.4184,0.7118
1781773913938,50975,-0.92456,0.17212,0.26953,0.97831,24.125,56.25,-4.0,-0.1096,0.5513,0.4173,0.7139
1781773913992,51029,-1.10718,0.39355,0.47339,1.26682,11.875,-4.875,-8.062,-0.1098,0.5535,0.4158,0.7131
1781773913992,51029,-1.14038,0.2146,0.41406,1.23206,-7.25,-37.875,8.75,-0.1095,0.5524,0.4161,0.7137
1781773913992,51029,-0.88428,0.38062,0.2373,0.99153,80.312,52.125,-14.312,-0.0938,0.5564,0.4146,0.7138
1781773914055,51092,-0.88428,0.38062,0.2373,0.99153,80.312,52.125,-14.312,-0.0938,0.5564,0.4146,0.7138
1781773914055,51092,-0.74658,0.53394,0.38623,0.99581,70.062,106.688,-39.562,-0.0939,0.5623,0.4097,0.7119
1781773914055,51092,-0.88135,0.26831,0.31982,0.97522,85.875,35.188,29.938,-0.0831,0.6017,0.3806,0.6971
1781773914116,51153,-0.83154,0.31738,0.22559,0.9182,72.375,22.812,20.688,-0.0806,0.6038,0.3792,0.6963
1781773914116,51153,-0.84644,0.34937,0.25659,0.95097,70.938,37.688,15.375,-0.0786,0.6061,0.3778,0.6954
1781773914116,51153,-0.91382,0.39282,0.15869,1.00725,42.5,-66.062,70.438,-0.0497,0.6157,0.376,0.6904
1781773914171,51208,-0.91382,0.39282,0.15869,1.00725,42.5,-66.062,70.438,-0.0497,0.6157,0.376,0.6904
1781773914172,51209,-0.84253,0.3938,0.18896,0.94902,37.625,-57.0,57.312,-0.0421,0.6137,0.3779,0.6918
1781773914172,51209,-0.84253,0.3938,0.18896,0.94902,37.625,-57.0,57.312,-0.0421,0.6137,0.3779,0.6918
1781773914232,51269,-0.84253,0.3938,0.18896,0.94902,37.625,-57.0,57.312,-0.0421,0.6137,0.3779,0.6918
1781773914232,51269,-0.78711,0.53027,0.20923,0.97186,41.625,-25.688,24.312,-0.0161,0.614,0.3774,0.6929
1781773914232,51269,-0.76001,0.625,0.22925,1.01034,30.5,53.688,21.688,0.0016,0.6286,0.3756,0.6808
1781773914291,51328,-0.62598,0.53052,0.00171,0.82055,42.688,103.375,12.438,0.0018,0.6318,0.375,0.6781
1781773914291,51328,-0.77588,0.59033,0.24487,1.00521,55.938,144.0,-0.688,0.0013,0.6365,0.3737,0.6744
1781773914292,51329,-1.10278,0.57202,0.01953,1.24247,57.062,140.0,34.375,-0.0059,0.6927,0.3568,0.6265
1781773914350,51387,-1.1106,0.55688,0.06592,1.24414,57.812,136.188,41.25,-0.0053,0.6972,0.3562,0.6219
1781773914351,51388,-1.09082,0.52417,0.02124,1.21041,56.25,127.5,48.438,-0.0045,0.7015,0.3556,0.6173
1781773914352,51389,-0.99609,0.44141,-0.14575,1.09922,42.75,182.688,31.25,0.0006,0.74,0.3528,0.5724
1781773914418,51455,-1.03442,0.43896,-0.21606,1.14429,41.188,192.625,22.875,-0.0003,0.7453,0.352,0.5659
1781773914418,51455,-0.9707,0.5144,-0.21509,1.11944,41.5,210.875,5.438,-0.0029,0.7537,0.3504,0.5558
1781773914418,51455,-0.88623,0.59204,-0.36768,1.12743,-6.312,215.625,20.5,-0.0369,0.8139,0.3429,0.4673
1781773914471,51508,-0.88013,0.58936,-0.28979,1.09816,-7.625,201.5,20.062,-0.0393,0.8178,0.3433,0.4599
1781773914471,51508,-0.81226,0.51709,-0.31909,1.01438,-3.75,189.188,15.062,-0.0429,0.8234,0.3435,0.4494
1781773914471,51508,-0.70923,0.68872,-0.32617,1.04102,5.562,44.938,-42.875,-0.0633,0.8352,0.3405,0.4268
1781773914532,51569,-0.70923,0.68872,-0.32617,1.04102,5.562,44.938,-42.875,-0.0633,0.8352,0.3405,0.4268
1781773914532,51569,-0.72559,0.65747,-0.31201,1.02766,-3.75,64.0,-12.438,-0.081,0.8358,0.3468,0.4176
1781773914532,51569,-0.90625,0.73633,-0.66162,1.34209,-37.188,93.312,53.312,-0.1066,0.8478,0.3667,0.3676
1781773914591,51628,-0.91138,0.72705,-0.66235,1.34087,-39.75,77.312,47.75,-0.1068,0.8487,0.3685,0.3637
1781773914592,51629,-0.85156,0.67896,-0.61597,1.25122,-37.75,58.812,29.5,-0.1135,0.8488,0.3735,0.3563
1781773914592,51629,-0.83154,0.81152,-0.55835,1.2891,-56.312,28.375,48.5,-0.1203,0.8451,0.3959,0.3381
1781773914655,51692,-0.80737,0.84985,-0.56885,1.30295,-55.688,29.812,53.0,-0.1197,0.8449,0.3985,0.3358
1781773914656,51693,-0.70923,0.81567,-0.48535,1.18486,-70.375,42.375,60.125,-0.1199,0.8443,0.4047,0.3296
1781773914656,51693,-0.64966,0.83521,-0.50903,1.1742,-27.562,50.25,53.188,-0.1,0.8503,0.4201,0.3004
1781773914713,51750,-0.64966,0.83521,-0.50903,1.1742,-27.562,50.25,53.188,-0.1,0.8503,0.4201,0.3004
1781773914713,51750,-0.66919,0.80615,-0.50293,1.16217,-16.562,29.875,16.25,-0.0917,0.8518,0.4198,0.2993
1781773914715,51752,-0.69409,0.76416,-0.50928,1.15112,32.438,58.312,1.125,-0.1012,0.857,0.4152,0.2874
1781773914771,51808,-0.6958,0.75244,-0.53174,1.15458,36.438,55.0,3.938,-0.1016,0.8583,0.4137,0.2855
1781773914771,51808,-0.65991,0.7373,-0.53906,1.12681,43.625,55.688,7.438,-0.1021,0.8612,0.4103,0.2816
1781773914771,51808,-0.60181,0.73975,-0.55151,1.10162,46.062,88.812,-17.625,-0.1072,0.8754,0.3914,0.2619
1781773914833,51870,-0.60083,0.73438,-0.57104,1.10743,42.188,95.125,-21.438,-0.1091,0.8771,0.3892,0.2589
1781773914833,51870,-0.59082,0.70264,-0.58911,1.09079,36.562,98.312,-21.438,-0.1121,0.8795,0.3859,0.2542
1781773914833,51870,-0.58179,0.59546,-0.62183,1.03909,-12.125,112.312,12.625,-0.1249,0.8909,0.3772,0.2192
1781773914891,51928,-0.59302,0.58887,-0.61108,1.03531,-24.938,107.25,12.5,-0.1264,0.8917,0.3776,0.2148
1781773914891,51928,-0.60742,0.60864,-0.57422,1.03399,-20.062,107.75,20.625,-0.1276,0.8924,0.378,0.2103
1781773914891,51928,-0.37695,0.60059,-0.51001,0.87345,-53.188,62.875,10.25,-0.1369,0.8933,0.3894,0.1773
1781773914953,51990,-0.38257,0.57837,-0.53296,0.87459,-48.625,56.625,16.438,-0.1386,0.8926,0.3927,0.1718
1781773914957,51994,-0.39014,0.60376,-0.50439,0.87815,-51.312,52.062,18.688,-0.1392,0.8923,0.3945,0.1691
1781773914957,51994,-0.34058,0.625,-0.57397,0.91437,-47.688,66.188,8.688,-0.1454,0.8895,0.4081,0.1444
1781773915014,52051,-0.26367,0.6084,-0.54517,0.85842,-51.375,74.188,9.438,-0.1472,0.8889,0.4103,0.1395
1781773915014,52051,-0.30566,0.65747,-0.53418,0.90058,-51.188,73.688,0.0,-0.1488,0.8884,0.4119,0.1364
1781773915014,52051,-0.3291,0.64551,-0.50269,0.88186,-52.625,60.562,35.625,-0.1564,0.8843,0.4277,0.1021
1781773915075,52112,-0.34863,0.66724,-0.53149,0.92154,-54.812,62.625,38.812,-0.1564,0.8838,0.4295,0.0987
1781773915075,52112,-0.33789,0.70044,-0.54785,0.95128,-52.5,67.688,42.875,-0.1562,0.8833,0.4313,0.095
1781773915075,52112,-0.27124,0.65356,-0.47266,0.85095,-65.562,65.5,-14.688,-0.1633,0.8764,0.4481,0.0651
1781773915130,52167,-0.28125,0.68115,-0.46265,0.87012,-67.125,59.625,-15.312,-0.1653,0.8751,0.4501,0.0627
1781773915136,52173,-0.27344,0.72241,-0.44824,0.89307,-68.688,50.75,-12.625,-0.1669,0.8738,0.4523,0.0605
1781773915136,52173,-0.10327,0.62183,-0.48608,0.796,-36.5,25.188,-0.312,-0.1757,0.864,0.4691,0.047
1781773915196,52233,-0.09131,0.61938,-0.52393,0.81638,-33.812,25.938,1.75,-0.1763,0.8635,0.4702,0.0457
1781773915196,52233,-0.09814,0.62817,-0.5127,0.81676,-30.312,31.125,5.5,-0.1768,0.8629,0.4711,0.0443
1781773915196,52233,-0.06348,0.73291,-0.49097,0.88444,-26.625,91.438,-32.188,-0.1895,0.8585,0.4758,0.0214
1781773915250,52287,-0.04321,0.71362,-0.46973,0.85543,-26.875,98.688,-39.188,-0.1945,0.8573,0.4761,0.0168
1781773915251,52288,-0.03394,0.69458,-0.48389,0.8472,-27.312,97.812,-38.812,-0.1979,0.8565,0.4762,0.0137
1781773915251,52288,-0.12842,0.75977,-0.55786,0.95129,-25.188,44.375,47.562,0.2081,-0.8521,-0.4797,0.0176
1781773915313,52350,-0.12378,0.76465,-0.56616,0.95945,-24.312,43.375,49.062,0.2072,-0.8519,-0.4802,0.0205
1781773915313,52350,-0.12842,0.76318,-0.56714,0.95947,-23.188,43.688,50.062,0.2062,-0.8519,-0.4806,0.0233
1781773915315,52352,-0.04443,0.84009,-0.54785,1.00392,-78.5,33.25,18.875,0.2036,-0.8455,-0.4914,0.0433
1781773915370,52407,-0.05908,0.84131,-0.52002,0.99081,-82.25,27.938,19.75,0.2033,-0.8439,-0.4941,0.0455
1781773915370,52407,-0.06836,0.83228,-0.52222,0.98492,-84.438,18.812,19.062,0.203,-0.8423,-0.4968,0.0474
1781773915371,52408,-0.06274,0.83276,-0.45361,0.95037,-88.25,18.062,48.0,0.1842,-0.8237,-0.5313,0.0722
1781773915432,52469,-0.03003,0.92871,-0.44312,1.02944,-82.875,19.188,25.75,0.1832,-0.8219,-0.534,0.0742
1781773915433,52470,-0.01221,0.89673,-0.43433,0.99645,-74.812,26.375,23.688,0.1826,-0.8203,-0.5364,0.0762
1781773915433,52470,-0.01221,0.89673,-0.43433,0.99645,-74.812,26.375,23.688,0.1826,-0.8203,-0.5364,0.0762
1781773915492,52529,0.02515,0.80786,-0.39355,0.89898,-60.75,26.438,-11.0,0.1857,-0.8055,-0.5551,0.0914
1781773915492,52529,0.01807,0.79492,-0.3894,0.88536,-61.938,21.5,-11.812,0.1864,-0.8038,-0.557,0.0924
1781773915492,52529,0.01807,0.79492,-0.3894,0.88536,-61.938,21.5,-11.812,0.1864,-0.8038,-0.557,0.0924
1781773915553,52590,-0.03467,0.87939,-0.32861,0.93943,-53.25,36.188,-1.25,0.1937,-0.7853,-0.5774,0.1104
1781773915553,52590,-0.02686,0.87671,-0.31714,0.93269,-52.625,31.688,-0.688,0.1943,-0.7838,-0.5789,0.1119
1781773915553,52590,-0.02686,0.87671,-0.31714,0.93269,-52.625,31.688,-0.688,0.1943,-0.7838,-0.5789,0.1119
1781773915610,52647,0.01538,0.86621,-0.2627,0.9053,-42.312,1.938,5.188,0.1917,-0.7709,-0.5949,0.1214
1781773915610,52647,0.03784,0.84448,-0.26074,0.88463,-40.312,4.812,1.938,0.1915,-0.7699,-0.5962,0.122
1781773915612,52649,0.03784,0.84448,-0.26074,0.88463,-40.312,4.812,1.938,0.1915,-0.7699,-0.5962,0.122
1781773915677,52714,-0.01758,1.04248,-0.10669,1.04807,-28.312,8.875,9.375,0.1937,-0.759,-0.6074,0.131
1781773915677,52714,-0.00317,1.01245,-0.11377,1.01883,-23.75,-3.188,15.5,0.1926,-0.7579,-0.6089,0.1322
1781773915677,52714,-0.0271,0.92578,-0.18286,0.94406,-10.312,3.875,13.375,0.1859,-0.7559,-0.6123,0.137
1781773915732,52769,-0.0293,0.92676,-0.18628,0.94575,-9.25,5.125,13.062,0.1856,-0.7557,-0.6125,0.1376
1781773915732,52769,-0.02783,0.93188,-0.18701,0.95087,-7.0,8.625,12.5,0.1854,-0.7556,-0.6126,0.1382
1781773915732,52769,-0.01636,0.92773,-0.14697,0.93945,2.312,-6.625,14.75,0.1861,-0.7561,-0.6107,0.1431
1781773915793,52830,-0.02441,0.92041,-0.15308,0.93337,0.438,-8.688,17.562,0.1853,-0.7563,-0.6106,0.1433
1781773915794,52831,-0.03979,0.92163,-0.16992,0.93801,-3.625,-13.125,20.312,0.1839,-0.7565,-0.6107,0.1434
1781773915794,52831,-0.03979,0.92163,-0.16992,0.93801,-3.625,-13.125,20.312,0.1839,-0.7565,-0.6107,0.1434
1781773915850,52887,-0.09717,0.95508,-0.16162,0.97352,-6.0,1.5,1.562,0.1789,-0.7556,-0.6129,0.1453
1781773915850,52887,-0.10986,0.94043,-0.15552,0.95951,-5.125,-1.688,5.812,0.1787,-0.7554,-0.6132,0.1455
1781773915851,52888,-0.10986,0.94043,-0.15552,0.95951,-5.125,-1.688,5.812,0.1787,-0.7554,-0.6132,0.1455
1781773915912,52949,-0.04297,0.74292,-0.24121,0.78228,-21.875,-19.812,17.688,0.1761,-0.7564,-0.6137,0.1417
1781773915912,52949,-0.01611,0.80249,-0.19727,0.82654,-29.312,-21.875,14.5,0.1748,-0.7559,-0.6146,0.1416
1781773915915,52952,-0.01611,0.80249,-0.19727,0.82654,-29.312,-21.875,14.5,0.1748,-0.7559,-0.6146,0.1416
1781773915970,53007,-0.09546,0.86597,-0.25977,0.90911,3.312,-1.625,-13.625,0.1709,-0.7549,-0.6187,0.1339
1781773915970,53007,-0.05322,0.85791,-0.25146,0.89559,-0.5,1.812,-13.188,0.1713,-0.7548,-0.6187,0.1336
1781773915971,53008,-0.05322,0.85791,-0.25146,0.89559,-0.5,1.812,-13.188,0.1713,-0.7548,-0.6187,0.1336
1781773916032,53069,-0.04297,1.0498,-0.14795,1.06105,-23.375,-23.125,-0.625,0.1718,-0.7499,-0.6251,0.1304
1781773916032,53069,-0.04395,1.07007,-0.14062,1.08016,-23.938,-27.25,-0.688,0.171,-0.7494,-0.6261,0.1297
1781773916032,53069,-0.04395,1.07007,-0.14062,1.08016,-23.938,-27.25,-0.688,0.171,-0.7494,-0.6261,0.1297
1781773916090,53127,0.0542,1.04663,-0.11963,1.05484,2.875,-32.5,-16.375,0.1617,-0.7474,-0.6333,0.1181
1781773916090,53127,0.05615,1.05493,-0.12646,1.06397,3.0,-32.125,-16.5,0.1615,-0.7474,-0.6334,0.1173
1781773916091,53128,-0.02417,1.18896,-0.10083,1.19348,-0.062,-43.188,-2.625,0.1547,-0.7479,-0.637,0.1032
1781773916152,53189,-0.03296,1.18726,-0.09961,1.19188,2.625,-42.188,-1.75,0.1536,-0.7482,-0.6372,0.1018
1781773916152,53189,-0.0376,1.19897,-0.10815,1.20443,6.125,-42.375,-2.188,0.1519,-0.7486,-0.6375,0.0996
1781773916152,53189,-0.02271,1.07202,-0.19092,1.08913,12.938,-59.688,-4.25,0.1409,-0.7538,-0.6364,0.0816
1781773916210,53247,-0.02271,1.07202,-0.19092,1.08913,12.938,-59.688,-4.25,0.1409,-0.7538,-0.6364,0.0816
1781773916210,53247,-0.02832,1.03662,-0.18433,1.05326,7.75,-65.438,0.125,0.1375,-0.7548,-0.6365,0.0773
1781773916211,53248,-0.18579,1.05615,-0.2085,1.09245,1.312,-69.188,13.375,0.1143,-0.7573,-0.6402,0.0577
1781773916272,53309,-0.21191,1.06323,-0.21924,1.10609,3.562,-65.875,11.688,0.1122,-0.7576,-0.6404,0.0558
1781773916272,53309,-0.22485,1.07129,-0.22046,1.11661,4.125,-63.0,10.562,0.1091,-0.7581,-0.6406,0.053
1781773916272,53309,-0.22485,1.07129,-0.22046,1.11661,4.125,-63.0,10.562,0.1091,-0.7581,-0.6406,0.053
1781773916330,53367,-0.22217,0.98657,-0.26392,1.04515,0.375,-38.75,21.312,0.0892,-0.7609,-0.6412,0.0394
1781773916330,53367,-0.20776,0.9624,-0.24805,1.01534,0.125,-34.938,23.75,0.0875,-0.7611,-0.6413,0.0388
1781773916331,53368,-0.13843,0.96582,-0.21509,0.99912,1.938,-8.438,31.0,0.0746,-0.7628,-0.641,0.0394
1781773916391,53428,-0.12866,0.9856,-0.19727,1.01334,2.938,-7.062,30.438,0.0734,-0.7629,-0.6409,0.04
1781773916391,53428,-0.11011,0.99316,-0.19629,1.01835,2.375,-6.75,31.625,0.0717,-0.7632,-0.6407,0.0409
1781773916391,53428,-0.06104,0.93262,-0.18188,0.95215,3.188,-5.688,36.562,0.0606,-0.765,-0.6394,0.0465
1781773916450,53487,-0.05713,0.93262,-0.18408,0.95233,5.125,-5.062,36.5,0.0593,-0.7652,-0.6391,0.0473
1781773916450,53487,-0.0293,0.92749,-0.17749,0.94477,5.312,-5.5,36.812,0.0573,-0.7656,-0.6388,0.0485
1781773916451,53488,0.03638,0.94043,-0.17236,0.95679,9.188,-0.5,21.625,0.049,-0.7687,-0.6352,0.0552
1781773916518,53555,0.02832,0.95435,-0.16333,0.96864,8.25,-1.25,23.312,0.0483,-0.7689,-0.6349,0.0557
1781773916518,53555,0.03662,0.98291,-0.14111,0.99366,6.75,-4.0,25.312,0.0469,-0.7693,-0.6345,0.0566
1781773916518,53555,0.06714,0.95825,-0.13281,0.96974,3.062,-7.625,29.125,0.0366,-0.7716,-0.6318,0.0625
1781773916570,53607,0.06616,0.95557,-0.1355,0.96739,2.75,-7.5,28.188,0.0355,-0.7717,-0.6317,0.0631
1781773916570,53607,0.06885,0.95874,-0.13281,0.97034,2.562,-6.688,27.625,0.0344,-0.7718,-0.6316,0.0636
1781773916571,53608,0.09595,0.90698,-0.13062,0.92135,9.375,-4.625,16.5,0.0266,-0.7739,-0.6289,0.0685
1781773916632,53669,0.10571,0.896,-0.11914,0.91004,7.938,-7.938,17.375,0.0259,-0.7741,-0.6286,0.0687
1781773916632,53669,0.09692,0.89062,-0.12036,0.90393,6.812,-12.312,19.438,0.0241,-0.7746,-0.6281,0.069
1781773916639,53676,0.08813,0.85425,-0.11914,0.86701,1.938,-7.562,16.875,0.0146,-0.7756,-0.6269,0.0708
1781773916690,53727,0.10645,0.86401,-0.12158,0.879,1.125,-7.5,14.688,0.0139,-0.7756,-0.6268,0.0709
1781773916691,53728,0.12695,0.85669,-0.11499,0.87365,0.875,-3.688,12.188,0.0126,-0.7757,-0.6268,0.0714
1781773916691,53728,0.13989,0.89478,-0.07593,0.90882,0.375,-7.812,10.938,0.0086,-0.7761,-0.6262,0.0728
1781773916756,53793,0.13354,0.9104,-0.073,0.92303,0.812,-9.062,9.875,0.0077,-0.7761,-0.6261,0.0728
1781773916756,53793,0.14868,0.90356,-0.08301,0.91947,-0.5,-10.25,10.562,0.0067,-0.7761,-0.6262,0.0728
1781773916756,53793,0.13794,0.88232,-0.12964,0.9024,1.125,-4.188,0.688,0.003,-0.7763,-0.626,0.072
1781773916811,53848,0.13916,0.875,-0.12622,0.89494,1.062,-3.0,0.438,0.0029,-0.7763,-0.626,0.072
1781773916811,53848,0.14209,0.87817,-0.13354,0.89956,0.312,-1.562,-0.438,0.0028,-0.7764,-0.626,0.0719
1781773916812,53849,0.13257,0.93262,-0.13599,0.95176,-9.688,-6.375,3.25,0.0014,-0.775,-0.6277,0.071
1781773916871,53908,0.12378,0.94092,-0.13892,0.95914,-10.688,-7.0,3.75,0.0011,-0.7748,-0.6281,0.0709
1781773916871,53908,0.12329,0.9502,-0.13525,0.96766,-10.875,-7.188,3.75,0.0007,-0.7745,-0.6284,0.0707
1781773916871,53908,0.14648,0.9082,-0.16699,0.93497,-7.25,-3.875,-4.5,-0.0004,-0.7726,-0.6309,0.0695
1781773916930,53967,0.14331,0.90869,-0.1709,0.93566,-8.625,-5.0,-4.5,-0.0004,-0.7724,-0.6312,0.0692
1781773916930,53967,0.14429,0.91992,-0.16699,0.94602,-9.5,-5.625,-3.938,-0.0005,-0.7722,-0.6315,0.069
1781773916931,53968,0.10962,0.97681,-0.15723,0.99543,-7.5,-10.188,-0.438,-0.0026,-0.7697,-0.6348,0.0658
1781773916991,54028,0.08789,0.97852,-0.16992,0.99704,-5.875,-10.562,-1.5,-0.0031,-0.7694,-0.6352,0.065
1781773916991,54028,0.07446,0.96973,-0.17603,0.98838,-5.5,-8.5,-3.0,-0.0034,-0.7692,-0.6356,0.0642
1781773916991,54028,0.01855,0.95947,-0.1853,0.97738,-11.25,0.188,-2.25,-0.003,-0.768,-0.6373,0.062
1781773917050,54087,0.03076,0.96704,-0.19482,0.98695,-15.438,-0.75,-2.188,-0.003,-0.7674,-0.6379,0.0619
1781773917050,54087,0.0459,0.96265,-0.19409,0.98309,-15.75,-0.062,-3.188,-0.0029,-0.767,-0.6384,0.0618
1781773917051,54088,0.09546,0.99854,-0.1377,1.01249,-7.125,2.312,-5.25,-0.0004,-0.7639,-0.6422,0.0612
1781773917112,54149,0.104,1.00244,-0.13574,1.01692,-7.125,1.5,-4.5,-0.0002,-0.7637,-0.6425,0.0611
1781773917112,54149,0.10522,1.00171,-0.13184,1.01581,-7.25,0.938,-4.0,-0.0001,-0.7635,-0.6428,0.061
1781773917112,54149,0.11353,1.01733,-0.12476,1.03122,-5.625,-4.188,-3.312,0.0006,-0.7618,-0.6449,0.0598
1781773917170,54207,0.11694,1.01587,-0.12256,1.0299,-5.5,-5.438,-2.812,0.0005,-0.7616,-0.6451,0.0595
1781773917170,54207,0.10669,1.01782,-0.12598,1.03112,-5.0,-5.562,-2.125,0.0004,-0.7615,-0.6453,0.0593
1781773917171,54208,0.06543,1.04541,-0.13477,1.05609,0.812,-3.938,-3.188,-0.0003,-0.7607,-0.6465,0.0566
1781773917231,54268,0.06396,1.0354,-0.13696,1.04638,1.375,-3.125,-3.75,-0.0003,-0.7607,-0.6464,0.0563
1781773917231,54268,0.05664,1.03442,-0.14136,1.04557,1.75,-2.438,-4.0,-0.0001,-0.7608,-0.6464,0.0562
1781773917232,54269,0.04956,0.99023,-0.17383,1.0066,6.25,3.438,-4.938,0.0017,-0.7618,-0.6452,0.0552
1781773917291,54328,0.05103,0.97876,-0.17505,0.9956,6.438,3.875,-3.812,0.0019,-0.762,-0.645,0.0552
1781773917298,54335,0.04248,0.97729,-0.17773,0.99423,5.875,4.062,-2.5,0.0021,-0.7622,-0.6448,0.0553
1781773917299,54336,0.04248,0.97729,-0.17773,0.99423,5.875,4.062,-2.5,0.0021,-0.7622,-0.6448,0.0553
1781773917351,54388,0.01392,0.98462,-0.19727,1.00428,-1.0,6.75,1.125,0.0039,-0.7626,-0.6441,0.0565
1781773917351,54388,0.0144,0.98828,-0.19067,1.00661,-0.875,7.0,1.125,0.0041,-0.7626,-0.6441,0.0567
1781773917351,54388,0.0144,0.98828,-0.19067,1.00661,-0.875,7.0,1.125,0.0041,-0.7626,-0.6441,0.0567
1781773917412,54449,0.0144,0.98828,-0.19067,1.00661,-0.875,7.0,1.125,0.0041,-0.7626,-0.6441,0.0567
1781773917412,54449,0.04297,0.97949,-0.19214,0.99908,-0.562,11.25,-4.5,0.0083,-0.7628,-0.6437,0.0598
1781773917413,54450,0.05396,0.93896,-0.18506,0.95855,-3.062,22.875,-2.562,0.014,-0.7614,-0.6445,0.0659
1781773917474,54511,0.06934,0.948,-0.17847,0.96714,-2.375,23.875,-3.375,0.0155,-0.7612,-0.6447,0.0672
1781773917474,54511,0.07812,0.94702,-0.16626,0.96467,-1.688,23.25,-2.438,0.017,-0.7609,-0.6448,0.0686
1781773917474,54511,0.04663,0.97583,-0.14624,0.98783,-6.188,20.75,3.562,0.0214,-0.7597,-0.6456,0.0741
1781773917530,54567,0.04248,0.97656,-0.14307,0.9879,-6.75,21.188,3.5,0.0219,-0.7594,-0.6458,0.0749
1781773917531,54568,0.03711,0.98291,-0.13696,0.9931,-7.188,22.125,3.25,0.0224,-0.7591,-0.6459,0.0757
1781773917531,54568,0.03711,0.98291,-0.13696,0.9931,-7.188,22.125,3.25,0.0224,-0.7591,-0.6459,0.0757
1781773917592,54629,0.03711,0.98291,-0.13696,0.9931,-7.188,22.125,3.25,0.0224,-0.7591,-0.6459,0.0757
1781773917592,54629,0.05518,1.01904,-0.10132,1.02555,-8.812,23.688,8.625,0.0272,-0.7558,-0.6486,0.0845
1781773917592,54629,0.09497,0.97729,-0.12964,0.99042,-2.0,33.125,1.812,0.0338,-0.7532,-0.6495,0.0966
1781773917653,54690,0.07983,0.98462,-0.12964,0.99632,-2.0,34.812,1.375,0.0352,-0.7529,-0.6495,0.0983
1781773917654,54691,0.07227,0.98901,-0.13452,1.00073,-1.625,36.0,1.5,0.0361,-0.7528,-0.6495,0.0994
1781773917654,54691,0.04639,0.97925,-0.14673,0.99127,0.688,42.0,0.812,0.0454,-0.751,-0.6492,0.1107
1781773917713,54750,0.04907,0.97266,-0.16235,0.98733,1.562,41.688,0.25,0.0471,-0.7508,-0.6489,0.1127
1781773917713,54750,0.05273,0.9563,-0.17188,0.97305,2.0,42.188,-0.062,0.0483,-0.7506,-0.6488,0.114
1781773917713,54750,0.14575,0.8584,-0.14282,0.88232,-13.0,36.438,-9.75,0.0593,-0.7476,-0.6492,0.1257
1781773917773,54810,0.14673,0.8645,-0.13794,0.88765,-15.438,34.375,-12.625,0.0606,-0.747,-0.6496,0.1266
1781773917773,54810,0.14307,0.87256,-0.13062,0.8938,-17.875,33.125,-15.25,0.0619,-0.7463,-0.6502,0.1273
1781773917773,54810,0.13916,0.94141,-0.0647,0.95383,-43.562,19.5,-27.812,0.0742,-0.7351,-0.6612,0.1296
1781773917830,54867,0.12256,0.93457,-0.06519,0.94482,-44.688,19.312,-28.375,0.0753,-0.7336,-0.6627,0.1295
1781773917830,54867,0.11304,0.93604,-0.06226,0.94489,-46.688,16.812,-28.125,0.0765,-0.7321,-0.6643,0.1295
1781773917831,54868,0.02319,1.05225,0.02856,1.05289,-52.062,16.812,-16.375,0.0842,-0.7152,-0.6815,0.1293
1781773917890,54927,0.01562,1.05029,0.03882,1.05113,-50.188,18.062,-15.875,0.085,-0.7135,-0.6831,0.1296
1781773917890,54927,0.00269,1.04883,0.0376,1.04951,-47.812,19.5,-14.625,0.0862,-0.7111,-0.6854,0.1301
1781773917891,54928,0.00269,1.04883,0.0376,1.04951,-47.812,19.5,-14.625,0.0862,-0.7111,-0.6854,0.1301
1781773917950,54987,0.05688,0.97925,0.05493,0.98244,-38.875,21.75,-10.062,0.0928,-0.6957,-0.6991,0.1354
1781773917954,54991,0.05249,0.98096,0.0603,0.98421,-37.75,21.625,-12.062,0.094,-0.6937,-0.7008,0.1361
1781773917955,54992,0.05811,1.01245,0.10571,1.01961,-32.562,20.062,1.875,0.1,-0.6814,-0.7111,0.1409
1781773918011,55048,0.05811,1.01245,0.10571,1.01961,-32.562,20.062,1.875,0.1,-0.6814,-0.7111,0.1409
1781773918011,55048,0.04102,1.00488,0.11694,1.0125,-33.875,21.812,0.0,0.1007,-0.6796,-0.7125,0.142
1781773918013,55050,0.05786,0.98999,0.10449,0.99717,-32.188,20.125,-2.125,0.1052,-0.6675,-0.7217,0.1493
1781773918074,55111,0.06494,0.97827,0.10205,0.98572,-31.125,22.0,-0.625,0.1062,-0.6652,-0.7233,0.1507
1781773918074,55111,0.06396,0.96875,0.10596,0.97662,-29.625,22.688,0.0,0.1066,-0.6641,-0.7241,0.1515
1781773918074,55111,0.02246,0.98901,0.09106,0.99345,-17.688,33.625,-0.25,0.112,-0.6564,-0.7288,0.1588
1781773918132,55169,0.02246,0.98901,0.09106,0.99345,-17.688,33.625,-0.25,0.112,-0.6564,-0.7288,0.1588
1781773918133,55170,0.01978,0.96606,0.08179,0.96972,-16.812,37.375,-2.188,0.1141,-0.6549,-0.7294,0.1609
1781773918133,55170,0.07031,1.03638,0.18091,1.05439,-23.125,38.188,1.062,0.1264,-0.6453,-0.7329,0.1738
1781773918190,55227,0.07031,1.03638,0.18091,1.05439,-23.125,38.188,1.062,0.1264,-0.6453,-0.7329,0.1738
1781773918190,55227,0.06567,1.03491,0.18896,1.05407,-22.438,39.188,2.438,0.1279,-0.6437,-0.7335,0.1757
1781773918191,55228,0.10181,1.01904,0.24512,1.05304,-11.188,36.25,-4.0,0.1387,-0.6348,-0.7364,0.1879
1781773918251,55288,0.09521,1.04395,0.25488,1.07882,-8.625,35.812,-4.125,0.1404,-0.6338,-0.7365,0.1893
1781773918251,55288,0.09473,1.05908,0.26538,1.09593,-7.375,33.812,-3.562,0.1415,-0.6332,-0.7366,0.1901
1781773918251,55288,0.09985,1.0874,0.29004,1.12984,5.625,23.562,1.5,0.1492,-0.6309,-0.7352,0.1974
1781773918314,55351,0.09985,1.0874,0.29004,1.12984,5.625,23.562,1.5,0.1492,-0.6309,-0.7352,0.1974
1781773918314,55351,0.09448,1.10596,0.28418,1.14579,7.562,22.625,2.25,0.1506,-0.6309,-0.7346,0.1987
1781773918314,55351,0.05566,1.04761,0.21118,1.07013,17.875,11.062,3.625,0.1558,-0.6336,-0.7296,0.2042
1781773918371,55408,0.05566,1.04761,0.21118,1.07013,17.875,11.062,3.625,0.1558,-0.6336,-0.7296,0.2042
1781773918371,55408,0.05371,1.03149,0.19019,1.05026,17.5,7.875,1.375,0.1565,-0.6345,-0.7285,0.2046
1781773918374,55411,0.01318,0.94922,0.10596,0.95521,7.25,-0.875,-2.688,0.1586,-0.6379,-0.7252,0.2039
1781773918430,55467,0.00146,0.94507,0.09204,0.94954,5.062,-2.25,-1.938,0.1587,-0.6381,-0.7251,0.2037
1781773918430,55467,-0.01099,0.9353,0.08398,0.93913,1.875,-3.875,-0.562,0.1586,-0.6384,-0.725,0.2034
1781773918431,55468,0.00537,0.96875,0.08594,0.97257,-5.938,3.938,1.812,0.1583,-0.6376,-0.7257,0.2037
1781773918493,55530,0.00537,0.96875,0.08594,0.97257,-5.938,3.938,1.812,0.1583,-0.6376,-0.7257,0.2037
1781773918493,55530,0.04004,0.95728,0.09863,0.96318,-5.938,4.938,1.312,0.1583,-0.6372,-0.726,0.2042
1781773918493,55530,0.09619,0.96558,0.14868,0.98168,-9.562,-4.562,0.875,0.158,-0.6351,-0.7277,0.2048
1781773918550,55587,0.08984,0.97729,0.14819,0.99254,-9.812,-5.125,1.375,0.1577,-0.6348,-0.7279,0.2048
1781773918550,55587,0.08887,0.99292,0.15161,1.00835,-10.875,-6.812,1.875,0.1572,-0.6344,-0.7284,0.2048
1781773918551,55588,0.09351,1.01953,0.16284,1.03668,1.75,4.75,-1.438,0.1566,-0.6331,-0.7294,0.2056
1781773918613,55650,0.09351,1.01953,0.16284,1.03668,1.75,4.75,-1.438,0.1566,-0.6331,-0.7294,0.2056
1781773918613,55650,0.08569,1.01929,0.16113,1.0355,2.375,5.875,-2.125,0.1568,-0.6332,-0.7293,0.2057
1781773918613,55650,0.04272,0.92017,0.09424,0.92597,6.75,6.625,-8.812,0.1611,-0.6344,-0.7274,0.2056
1781773918670,55707,0.03857,0.90918,0.09033,0.91447,6.375,7.0,-10.438,0.1616,-0.6345,-0.7272,0.2054
1781773918671,55708,0.02563,0.90039,0.08594,0.90485,4.812,7.125,-12.25,0.1625,-0.6346,-0.727,0.2051
1781773918671,55708,0.01855,0.98608,0.15796,0.99883,-13.312,2.125,-5.375,0.1663,-0.6317,-0.729,0.2037
1781773918734,55771,0.02295,0.98755,0.16431,1.00139,-13.688,1.125,-4.062,0.1663,-0.6312,-0.7294,0.2037
1781773918735,55772,0.02588,0.99023,0.17139,1.00529,-13.25,2.312,-2.062,0.1663,-0.6306,-0.73,0.2039
1781773918735,55772,0.052,1.02148,0.22632,1.04755,-11.25,1.688,-2.188,0.1662,-0.6266,-0.733,0.2052
1781773918790,55827,0.07007,1.03223,0.23755,1.06152,-10.875,0.5,-2.062,0.1661,-0.626,-0.7335,0.2053
1781773918794,55831,0.06738,1.03198,0.2522,1.06449,-9.75,0.562,-1.812,0.1661,-0.6256,-0.7338,0.2053
1781773918794,55831,0.01929,1.05591,0.20703,1.07619,1.25,-3.312,0.375,0.1649,-0.6243,-0.7354,0.2046
1781773918851,55888,0.01367,1.05542,0.19873,1.07405,2.375,-2.375,0.0,0.1649,-0.6244,-0.7354,0.2045
1781773918851,55888,0.00317,1.0542,0.19751,1.07255,3.312,-2.312,-0.688,0.1649,-0.6245,-0.7354,0.2044
1781773918851,55888,-0.01904,1.00903,0.14697,1.01986,8.312,4.562,-2.125,0.1668,-0.6264,-0.7335,0.2039
1781773918910,55947,-0.00928,1.0,0.14307,1.01022,7.375,4.25,-2.062,0.1671,-0.6266,-0.7332,0.2038
1781773918910,55947,-0.00537,0.99316,0.14819,1.00417,7.312,4.625,-2.188,0.1674,-0.6268,-0.733,0.2038
1781773918911,55948,-0.01099,0.97485,0.15308,0.98686,-2.625,-0.688,0.062,0.1687,-0.6273,-0.7323,0.2035
1781773918970,56007,-0.01587,0.98901,0.15283,1.00088,-4.25,-2.0,0.875,0.1685,-0.6272,-0.7325,0.2035
1781773918971,56008,-0.01221,0.99756,0.15479,1.00957,-5.5,-1.938,1.688,0.1683,-0.6269,-0.7328,0.2035
1781773918971,56008,-0.00977,0.99854,0.19995,1.0184,-4.812,3.312,5.0,0.1666,-0.6256,-0.7339,0.2049
1781773919030,56067,-0.01807,1.01489,0.16724,1.02874,-3.812,1.25,4.438,0.1666,-0.6255,-0.734,0.2051
1781773919030,56067,-0.0105,1.02393,0.17456,1.03875,-4.875,0.312,4.75,0.1665,-0.6254,-0.734,0.2053
1781773919031,56068,0.05713,0.99658,0.20361,1.01877,3.375,1.5,-1.125,0.1665,-0.6251,-0.7338,0.2069
1781773919091,56128,0.05737,1.00049,0.20508,1.0229,3.812,1.688,-0.625,0.1666,-0.6253,-0.7337,0.2069
1781773919091,56128,0.05664,0.99536,0.19678,1.01621,3.688,1.375,-0.188,0.1666,-0.6253,-0.7335,0.2069
1781773919091,56128,0.01294,1.00781,0.15503,1.01975,3.875,3.438,-0.812,0.1677,-0.6262,-0.7324,0.2072
1781773919153,56190,0.02197,0.99316,0.15112,1.00484,3.562,4.125,-0.125,0.1679,-0.6263,-0.7323,0.2073
1781773919154,56191,0.01221,0.98022,0.14771,0.99137,3.812,4.75,0.062,0.168,-0.6264,-0.7322,0.2074
1781773919154,56191,-0.00757,0.99023,0.12744,0.99843,-5.812,1.125,3.312,0.1682,-0.626,-0.7322,0.2082
1781773919211,56248,-0.01196,0.9939,0.13013,1.00245,-5.562,2.25,3.875,0.1682,-0.6259,-0.7324,0.2084
1781773919211,56248,-0.00806,0.99463,0.13477,1.00375,-5.312,3.062,3.438,0.1681,-0.6257,-0.7324,0.2086
1781773919212,56249,0.00415,0.97412,0.14624,0.98505,-3.875,8.562,0.562,0.1696,-0.6243,-0.7327,0.2108
1781773919272,56309,-0.00269,0.99194,0.1582,1.00448,-3.812,10.062,1.438,0.1701,-0.6238,-0.7327,0.2115
1781773919272,56309,-0.00854,1.00146,0.16406,1.01485,-2.562,10.75,2.688,0.1706,-0.6235,-0.7327,0.2122
1781773919272,56309,0.00635,0.96558,0.17651,0.9816,1.625,8.375,-0.875,0.1733,-0.6228,-0.7319,0.2146
1781773919331,56368,0.00342,0.96948,0.17773,0.98565,1.25,8.125,-0.625,0.1736,-0.6228,-0.7318,0.2148
1781773919331,56368,-0.00366,0.97192,0.17432,0.98744,0.625,7.938,-0.312,0.1739,-0.6228,-0.7318,0.215
1781773919339,56376,-0.00366,0.97192,0.17432,0.98744,0.625,7.938,-0.312,0.1739,-0.6228,-0.7318,0.215
1781773919390,56427,-0.00366,0.97192,0.17432,0.98744,0.625,7.938,-0.312,0.1739,-0.6228,-0.7318,0.215
1781773919390,56427,-0.00146,0.99097,0.19019,1.00905,-4.375,9.312,1.75,0.1759,-0.621,-0.7319,0.2178
1781773919391,56428,-0.00317,1.00073,0.18237,1.01722,-5.875,3.25,3.438,0.177,-0.6187,-0.7327,0.2209
1781773919454,56491,0.00024,1.00464,0.18213,1.02101,-6.062,3.375,3.688,0.1769,-0.6185,-0.7328,0.2211
1781773919454,56491,-0.00146,1.01123,0.18677,1.02833,-6.438,3.812,4.0,0.1768,-0.6182,-0.7329,0.2214
1781773919457,56494,0.0,1.03979,0.18701,1.05648,-2.438,5.625,4.0,0.1771,-0.6167,-0.7333,0.2243
1781773919510,56547,0.0105,1.03735,0.18652,1.05404,-2.0,6.25,5.0,0.1771,-0.6166,-0.7332,0.2246
1781773919511,56548,0.01782,1.02661,0.18262,1.04288,-1.125,6.5,4.938,0.1772,-0.6166,-0.7332,0.2249
1781773919511,56548,0.01782,1.02661,0.18262,1.04288,-1.125,6.5,4.938,0.1772,-0.6166,-0.7332,0.2249
1781773919573,56610,0.01562,0.98926,0.16406,1.00289,-4.562,2.75,3.25,0.1775,-0.6159,-0.7329,0.2274
1781773919575,56612,0.01929,0.98584,0.16577,0.99987,-5.0,3.125,2.688,0.1775,-0.6156,-0.733,0.2278
1781773919575,56612,0.02051,0.96362,0.15234,0.97581,-6.0,2.0,2.188,0.1779,-0.614,-0.7337,0.2297
1781773919630,56667,0.03882,0.97339,0.15137,0.98585,-7.5,0.312,2.188,0.1777,-0.6138,-0.7338,0.2299
1781773919630,56667,0.03149,0.96655,0.16333,0.98076,-8.812,1.062,2.438,0.1776,-0.6135,-0.734,0.2301
1781773919631,56668,0.03149,0.96655,0.16333,0.98076,-8.812,1.062,2.438,0.1776,-0.6135,-0.734,0.2301
1781773919692,56729,0.03149,0.96655,0.16333,0.98076,-8.812,1.062,2.438,0.1776,-0.6135,-0.734,0.2301
1781773919692,56729,0.00635,0.99316,0.1604,1.00605,-9.562,4.0,4.438,0.1759,-0.6106,-0.7362,0.2322
1781773919693,56730,0.00269,1.01807,0.19946,1.03743,-10.0,3.938,5.0,0.1762,-0.607,-0.738,0.2359
1781773919752,56789,0.00439,1.01733,0.20581,1.03795,-10.125,3.812,5.0,0.1761,-0.6067,-0.7382,0.2362
1781773919752,56789,0.00415,1.02075,0.2041,1.04097,-9.812,4.562,4.812,0.176,-0.6063,-0.7384,0.2365
1781773919752,56789,0.00415,1.02075,0.2041,1.04097,-9.812,4.562,4.812,0.176,-0.6063,-0.7384,0.2365
1781773919814,56851,0.01685,1.00562,0.21973,1.02948,-8.688,6.562,5.812,0.1752,-0.6032,-0.74,0.2401
1781773919816,56853,0.02441,1.00684,0.22339,1.03161,-8.375,7.625,5.688,0.1752,-0.6029,-0.7401,0.2405
1781773919816,56853,0.02686,0.97583,0.2373,1.00463,-7.0,7.562,5.688,0.1761,-0.6003,-0.7407,0.2444
1781773919930,56967,0.02734,0.98145,0.23608,1.00981,-8.0,6.625,6.0,0.176,-0.6,-0.7408,0.2448
1781773919930,56967,0.03882,0.98438,0.23608,1.01303,-8.125,6.125,5.562,0.176,-0.5997,-0.7409,0.2452
1781773919931,56968,0.03882,0.98438,0.23608,1.01303,-8.125,6.125,5.562,0.176,-0.5997,-0.7409,0.2452
1781773919994,57031,0.03931,0.96948,0.24878,1.00166,-4.688,7.875,4.062,0.1759,-0.5968,-0.7418,0.2498
1781773919994,57031,0.04614,0.96582,0.2522,0.99927,-4.25,7.688,3.5,0.176,-0.5966,-0.7418,0.2501
1781773919995,57032,0.04614,0.96582,0.2522,0.99927,-4.25,7.688,3.5,0.176,-0.5966,-0.7418,0.2501
1781773920050,57087,0.04395,0.95435,0.2439,0.986,-0.062,8.938,5.188,0.1772,-0.5935,-0.7412,0.2583
1781773920051,57088,0.04175,0.96753,0.25977,1.00266,4.062,10.875,7.562,0.1776,-0.5935,-0.7407,0.2593
1781773920051,57088,0.06323,0.92725,0.24048,0.96001,6.5,11.312,2.25,0.1799,-0.5941,-0.7385,0.2626
1781773920110,57147,0.06543,0.91479,0.24438,0.94913,7.0,12.062,1.75,0.1806,-0.5942,-0.7382,0.2631
1781773920110,57147,0.0686,0.91211,0.24243,0.94627,7.312,11.875,1.438,0.181,-0.5943,-0.7379,0.2634
1781773920111,57148,0.05054,0.91284,0.23218,0.94326,3.562,8.188,1.5,0.1843,-0.5952,-0.7354,0.2658
1781773920174,57211,0.05054,0.91284,0.23218,0.94326,3.562,8.188,1.5,0.1843,-0.5952,-0.7354,0.2658
1781773920174,57211,0.04956,0.91406,0.22803,0.94338,2.375,8.062,1.938,0.1848,-0.5952,-0.7351,0.2662
1781773920174,57211,0.02319,0.90332,0.18066,0.9215,8.062,11.25,0.375,0.1884,-0.5957,-0.7331,0.2683
1781773920231,57268,0.02319,0.90332,0.18066,0.9215,8.062,11.25,0.375,0.1884,-0.5957,-0.7331,0.2683
1781773920231,57268,0.02002,0.91528,0.16748,0.9307,8.062,11.875,2.625,0.1893,-0.596,-0.7324,0.2689
1781773920231,57268,0.02002,0.90649,0.11255,0.91367,1.75,18.5,5.812,0.1929,-0.5968,-0.729,0.2738
1781773920295,57332,0.02148,0.89111,0.10229,0.89722,0.25,19.688,5.812,0.1934,-0.5966,-0.7287,0.2745
1781773920296,57333,0.03125,0.86865,0.08496,0.87336,0.0,22.938,5.25,0.1942,-0.5963,-0.7283,0.2756
1781773920296,57333,0.01978,0.73706,-0.01025,0.7374,-2.938,35.938,1.125,0.2025,-0.5927,-0.726,0.2835
1781773920350,57387,-0.12622,0.58813,-0.09131,0.60842,44.875,62.812,-7.0,0.206,-0.5925,-0.7244,0.2854
1781773920350,57387,-0.07373,0.79199,-0.12646,0.80541,47.125,43.188,-1.875,0.2082,-0.5936,-0.7227,0.286
1781773920350,57387,0.0332,0.51733,-0.31543,0.60682,95.188,165.0,10.75,0.239,-0.6038,-0.6974,0.3026
1781773920411,57448,-0.26172,0.4502,-0.06689,0.52502,109.5,212.0,11.188,0.2463,-0.6044,-0.6926,0.3068
1781773920411,57448,0.00854,0.55859,-0.11792,0.57097,98.438,207.688,5.125,0.2534,-0.6048,-0.6875,0.3115
1781773920411,57448,0.2522,-0.65552,0.00854,0.70241,143.875,259.625,-152.688,0.3642,-0.5961,-0.6335,0.3322
1781773920469,57506,0.20239,-0.65137,0.15479,0.69943,152.375,284.125,-159.375,0.3712,-0.5948,-0.6306,0.3325
1781773920470,57507,0.15649,-0.50806,0.22681,0.57797,155.0,278.75,-186.75,0.3925,-0.5906,-0.6215,0.3325
1781773920471,57508,0.0437,-0.16919,0.33984,0.38214,102.312,77.625,-257.312,0.5029,-0.5568,-0.5921,0.2933
1781773920536,57573,0.07324,-0.177,0.28198,0.34089,90.125,19.938,-259.75,0.5111,-0.5531,-0.5925,0.2856
1781773920536,57573,0.12109,-0.19775,0.17383,0.2898,84.062,-0.125,-259.25,0.5183,-0.5496,-0.5935,0.2772
1781773920536,57573,0.06641,-0.10107,-0.08594,0.14836,5.562,-30.0,-239.688,0.5725,-0.5039,-0.6155,0.198
1781773920590,57627,0.02832,-0.0874,-0.07812,0.1206,-1.625,-38.438,-237.938,0.5767,-0.4983,-0.6184,0.1909
1781773920590,57627,0.02393,-0.09131,-0.09546,0.13425,-7.188,-47.375,-235.375,0.5805,-0.4927,-0.6215,0.1838
1781773920591,57628,0.00659,-0.12036,-0.00806,0.12081,-15.75,-62.875,-215.188,0.6119,-0.4381,-0.6468,0.1223
1781773920651,57688,-0.03516,-0.09277,0.00928,0.09964,-10.875,-45.25,-225.5,0.6146,-0.4321,-0.6495,0.1155
1781773920652,57689,-0.12939,-0.00684,0.0188,0.13093,4.625,-24.438,-233.5,0.6213,-0.42,-0.6534,0.1014
1781773920652,57689,0.10767,0.23755,-0.05322,0.26618,48.062,-247.812,-121.375,0.6207,-0.3762,-0.6872,0.0257
1781773920710,57747,0.15869,0.62793,-0.8064,1.03429,130.438,-222.812,-138.375,0.6167,-0.3778,-0.6903,0.0148
1781773920710,57747,0.3479,-0.07104,-1.10449,1.16017,-337.125,10.812,-255.688,0.6178,-0.3618,-0.6979,0.0097
1781773920710,57747,1.69458,4.39014,2.32642,5.24949,1948.062,-2048.0,1605.562,-0.5878,0.3678,0.719,0.0446
1781773920774,57811,-7.99268,6.42065,1.20215,10.32244,-871.062,-1054.438,-2048.0,-0.557,0.3269,0.7572,0.0966
1781773920775,57812,-0.13721,-1.22729,3.05078,3.29125,-69.5,432.688,-661.312,-0.5803,0.309,0.745,0.1114
1781773920775,57812,-1.16577,-0.75269,1.25391,1.87025,149.438,230.0,169.75,-0.7898,0.2563,0.5394,0.1387
1781773920829,57866,-0.9082,-1.00732,1.47314,2.00242,236.812,41.75,277.125,-0.7874,0.2699,0.536,0.1398
1781773920830,57867,-0.67212,-0.7959,0.6377,1.22141,288.812,3.5,338.75,-0.7821,0.2872,0.5343,0.142
1781773920830,57867,0.49048,0.00757,-0.83984,0.97261,190.25,-585.625,35.75,-0.5822,0.4172,0.6802,0.155
1781773920891,57928,0.68042,-0.43823,-0.70605,1.07403,194.312,-454.25,-44.188,-0.567,0.4186,0.6887,0.1694
1781773920892,57929,0.08252,-0.32373,0.51416,0.61317,200.0,-292.25,-77.812,-0.5569,0.4198,0.6928,0.1826
1781773920892,57929,-0.06689,0.13135,-0.48218,0.5042,102.312,-19.938,-244.062,-0.5708,0.4041,0.6522,0.2918
1781773920950,57987,-0.72925,0.20898,0.49219,0.90428,114.0,228.312,-257.125,-0.5784,0.403,0.643,0.2988
1781773920950,57987,-1.55469,-1.14062,0.8291,2.09893,229.25,159.5,-167.5,-0.5877,0.4042,0.6285,0.3096
1781773920951,57988,-0.99902,-0.55127,0.02344,1.14127,62.812,-19.062,22.5,-0.626,0.4365,0.57,0.3038
1781773921010,58047,-1.06226,-0.55444,-0.27393,1.22916,48.875,-8.938,15.0,-0.6248,0.4379,0.5695,0.3054
1781773921010,58047,-1.27466,-0.47534,-0.36743,1.40915,31.5,10.75,38.25,-0.6241,0.4396,0.5689,0.3056
1781773921011,58048,-1.2478,0.19775,0.20117,1.27929,32.312,89.0,-61.75,-0.627,0.4384,0.5634,0.3114
1781773921070,58107,-1.28394,0.02368,0.48779,1.37368,37.0,0.062,-41.312,-0.6278,0.438,0.5618,0.3133
1781773921070,58107,-1.23218,-0.09961,0.62622,1.38576,65.0,-100.312,-22.25,-0.6255,0.4373,0.5626,0.3172
1781773921071,58108,-0.94336,-0.27319,-0.4231,1.06938,69.312,-24.25,8.062,-0.5994,0.4525,0.562,0.3461
1781773921131,58168,-0.98584,-0.104,-0.38379,1.06301,51.812,56.125,9.625,-0.5994,0.456,0.5586,0.3471
1781773921131,58168,-0.86353,0.03101,-0.42236,0.96178,43.688,110.625,-3.688,-0.601,0.4586,0.5552,0.3463
1781773921133,58170,-1.0249,-0.00684,0.09229,1.02907,42.5,-140.688,64.875,-0.5986,0.4614,0.5552,0.3466
1781773921189,58226,-0.93506,-0.01587,-0.04419,0.93624,48.375,-105.0,68.188,-0.5939,0.4625,0.5582,0.3485
1781773921190,58227,-0.7561,0.16089,0.15356,0.78814,44.312,-66.125,61.375,-0.59,0.4641,0.5603,0.3496
1781773921191,58228,-1.00366,-0.03882,0.04028,1.00522,-1.562,58.312,-80.312,-0.5924,0.4612,0.5549,0.3578
1781773921251,58288,-0.96362,-0.02124,-0.0105,0.96391,-10.375,70.812,-82.875,-0.5986,0.4583,0.5499,0.3592
1781773921251,58288,-0.98853,-0.05884,0.0415,0.99114,-7.812,107.125,-80.5,-0.6066,0.4566,0.5427,0.3588
1781773921251,58288,-1.04883,-0.07837,0.03564,1.05236,-11.688,-1.0,4.125,-0.6187,0.4479,0.5347,0.361
1781773921310,58347,-1.04663,-0.08398,0.10669,1.0554,-5.812,5.438,10.688,-0.6187,0.4479,0.535,0.3605
1781773921310,58347,-1.03125,-0.08301,0.08862,1.03837,4.812,10.188,13.875,-0.6186,0.4484,0.535,0.3602
1781773921311,58348,-0.95776,-0.0835,0.0061,0.96142,2.938,4.812,-13.688,-0.6151,0.4506,0.536,0.3619
1781773921376,58413,-0.95703,-0.08179,0.00708,0.96055,2.938,9.75,-15.438,-0.6154,0.4504,0.5358,0.362
1781773921376,58413,-0.96558,-0.08643,0.02002,0.96964,2.875,17.75,-18.812,-0.616,0.4503,0.535,0.3623
1781773921376,58413,-1.00854,-0.08691,0.02051,1.01249,1.188,4.375,7.125,-0.6167,0.4472,0.5343,0.366
1781773921430,58467,-1.00122,-0.08643,0.0166,1.00508,1.188,5.562,9.062,-0.6166,0.4475,0.5343,0.3658
1781773921492,58529,-0.99561,-0.08057,0.01514,0.99897,0.75,5.875,9.75,-0.6165,0.4478,0.5343,0.3655
1781773921492,58529,-0.99561,-0.08057,0.01514,0.99897,0.75,5.875,9.75,-0.6165,0.4478,0.5343,0.3655
1781773921492,58529,-0.98584,-0.07935,0.01294,0.98911,-3.875,-1.812,-2.688,-0.6165,0.4483,0.535,0.3637
1781773921549,58586,-0.98511,-0.07983,0.02148,0.98857,-4.062,-2.25,-3.625,-0.6166,0.4481,0.5352,0.3638
1781773921550,58587,-0.99438,-0.08032,0.02173,0.99786,7.062,0.812,1.75,-0.6162,0.447,0.5352,0.3655
1781773921551,58588,-0.99829,-0.08472,0.02148,1.00211,-2.0,-3.625,-5.375,-0.6155,0.4456,0.535,0.3687
1781773921614,58651,-1.00146,-0.08423,0.01465,1.00511,-1.25,-3.188,-4.938,-0.6155,0.445,0.5352,0.3692
1781773921617,58654,-1.01221,-0.08228,0.00513,1.01556,-3.438,-1.938,-3.125,-0.6156,0.4447,0.5353,0.3693
1781773921617,58654,-1.01221,-0.08228,0.00513,1.01556,-3.438,-1.938,-3.125,-0.6156,0.4447,0.5353,0.3693
1781773921669,58706,-0.99658,-0.08691,0.03223,1.00088,-2.312,0.062,0.375,-0.616,0.4435,0.5362,0.3689
1781773921670,58707,-0.99707,-0.08667,0.02832,1.00123,-1.188,0.0,-0.062,-0.616,0.4434,0.5363,0.369
1781773921671,58708,-0.99634,-0.08569,0.02539,1.00034,4.125,-0.188,-0.25,-0.6152,0.4424,0.5366,0.371
1781773921736,58773,-0.99585,-0.08691,0.02271,0.99989,4.562,0.062,0.312,-0.615,0.4425,0.5364,0.3713
1781773921739,58776,-0.99731,-0.08667,0.02295,1.00134,3.938,0.188,0.312,-0.6148,0.4426,0.5364,0.3717
1781773921739,58776,-0.99487,-0.08643,0.01807,0.99878,-1.5,-1.625,-2.062,-0.6145,0.442,0.5364,0.3727
1781773921789,58826,-0.99365,-0.08618,0.01904,0.99756,-2.062,-1.625,-2.375,-0.6145,0.4418,0.5365,0.3728
1781773921790,58827,-0.99658,-0.08569,0.01831,1.00043,-2.562,-1.562,-2.25,-0.6145,0.4417,0.5366,0.3729
1781773921791,58828,-0.99683,-0.08496,0.02783,1.00083,-3.125,-0.312,-1.0,-0.6149,0.4399,0.5375,0.3731
1781773921850,58887,-0.99902,-0.08911,0.03125,1.00348,-2.312,-0.438,-0.812,-0.6149,0.4396,0.5376,0.3731
1781773921909,58946,-0.9978,-0.08838,0.03174,1.00221,-1.688,-0.438,-0.625,-0.6149,0.4396,0.5377,0.3732
1781773921910,58947,-0.9978,-0.08838,0.03174,1.00221,-1.688,-0.438,-0.625,-0.6149,0.4396,0.5377,0.3732
1781773921911,58948,-0.99902,-0.09131,0.02539,1.00351,2.938,-0.938,-1.062,-0.6143,0.4388,0.5378,0.3749
1781773921970,59007,-0.99683,-0.0896,0.02393,1.00113,3.25,-1.062,-1.125,-0.6142,0.4388,0.5378,0.3751
1781773921970,59007,-0.9939,-0.09155,0.0249,0.99841,0.0,-1.438,-1.938,-0.6137,0.4382,0.5377,0.3765
1781773921972,59009,-0.99121,-0.0896,0.02808,0.99565,-2.125,3.312,-1.438,-0.6141,0.4367,0.5384,0.3768
1781773922030,59067,-0.99097,-0.08984,0.03296,0.99558,-1.375,3.938,-1.625,-0.6143,0.4366,0.5383,0.3768
1781773922030,59067,-0.99292,-0.08984,0.02954,0.99741,-1.0,3.062,-2.125,-0.6143,0.4365,0.5383,0.3768
1781773922031,59068,-0.99292,-0.08984,0.02954,0.99741,-1.0,3.062,-2.125,-0.6143,0.4365,0.5383,0.3768
1781773922091,59128,-0.99658,-0.09229,0.02539,1.00117,2.938,-4.625,0.312,-0.6138,0.4356,0.5383,0.3786
1781773922091,59128,-0.99683,-0.09253,0.02295,1.00137,3.0,-4.688,0.438,-0.6137,0.4356,0.5384,0.3787
1781773922091,59128,-0.99414,-0.09326,0.0249,0.99882,-1.5,0.0,-1.438,-0.6131,0.435,0.5387,0.3799
1781773922151,59188,-0.99097,-0.09033,0.02246,0.99533,-1.312,2.812,-2.5,-0.6132,0.4348,0.5387,0.38
1781773922151,59188,-0.98926,-0.09155,0.02734,0.99386,-1.125,5.188,-3.125,-0.6134,0.4348,0.5386,0.38
1781773922151,59188,-0.99878,-0.10278,0.03296,1.00459,-2.25,4.688,-2.562,-0.6154,0.4337,0.5375,0.3795
1781773922210,59247,-0.99878,-0.10278,0.03296,1.00459,-2.25,4.688,-2.562,-0.6154,0.4337,0.5375,0.3795
1781773922211,59248,-0.99683,-0.09424,0.03125,1.00176,-1.0,1.312,-2.562,-0.6155,0.4335,0.5374,0.3796
1781773922211,59248,-0.99731,-0.09985,0.02173,1.00254,1.875,-1.812,-2.5,-0.6154,0.4325,0.5374,0.3809
1781773922271,59308,-0.99243,-0.09888,0.01978,0.99754,2.062,-1.438,-2.375,-0.6154,0.4324,0.5374,0.3811
1781773922271,59308,-0.99512,-0.09839,0.01953,1.00016,2.062,-1.25,-2.562,-0.6154,0.4323,0.5373,0.3814
1781773922271,59308,-0.98804,-0.09937,0.02954,0.99346,0.0,3.25,-2.938,-0.6154,0.4314,0.5368,0.3829
1781773922330,59367,-0.99951,-0.09985,0.00171,1.00449,-1.625,3.938,-2.688,-0.6156,0.4313,0.5366,0.383
1781773922330,59367,-1.00195,-0.10132,0.00952,1.00711,-2.812,4.375,-2.375,-0.6157,0.4312,0.5366,0.383
1781773922332,59369,-0.99268,-0.10181,0.01636,0.99802,-1.438,2.188,-1.938,-0.617,0.4303,0.5361,0.3827
1781773922389,59426,-0.99316,-0.10034,0.02075,0.99844,-1.25,2.375,-2.188,-0.6171,0.4302,0.536,0.3827
1781773922391,59428,-0.98999,-0.10205,0.02271,0.9955,-0.812,1.562,-2.25,-0.6172,0.4301,0.536,0.3828
1781773922391,59428,-0.99634,-0.104,0.01587,1.00188,1.812,-1.5,-0.562,-0.6172,0.4293,0.5358,0.3839
1781773922451,59488,-0.99438,-0.10645,0.01709,1.00021,1.5,-2.562,-0.562,-0.6171,0.4292,0.5358,0.3841
1781773922451,59488,-0.99463,-0.10474,0.01978,1.00032,1.75,-3.562,-0.5,-0.617,0.4291,0.536,0.3843
1781773922451,59488,-0.9895,-0.1062,0.01831,0.99535,0.812,1.25,-1.188,-0.6163,0.4283,0.5363,0.3859
1781773922512,59549,-0.99341,-0.10522,0.00293,0.99897,0.312,2.188,-1.812,-0.6163,0.4282,0.5362,0.3859
1781773922512,59549,-0.99829,-0.10742,0.01245,1.00413,-2.5,4.938,-1.188,-0.6166,0.4281,0.536,0.3859
1781773922512,59549,-0.99683,-0.10229,0.01489,1.00217,-0.25,1.062,-0.125,-0.6173,0.4276,0.5358,0.3857
1781773922569,59606,-0.99146,-0.10645,0.01758,0.99731,-0.188,1.0,0.0,-0.6173,0.4276,0.5358,0.3857
1781773922570,59607,-0.99048,-0.10547,0.02295,0.99634,0.0,-0.25,-0.312,-0.6171,0.4272,0.536,0.3861
1781773922570,59607,-0.99878,-0.10742,0.01782,1.0047,1.75,-1.688,-0.812,-0.6168,0.4265,0.536,0.3873
1781773922629,59666,-0.99561,-0.10986,0.0166,1.00179,1.625,-1.938,-0.875,-0.6168,0.4265,0.5361,0.3873
1781773922629,59666,-0.9939,-0.10693,0.01587,0.99976,1.25,-1.812,-0.312,-0.6166,0.4264,0.5361,0.3876
1781773922632,59669,-0.99683,-0.10913,0.02515,1.0031,-0.188,-0.438,0.562,-0.6161,0.4264,0.5364,0.3881
1781773922691,59728,-0.99463,-0.11108,0.01245,1.00089,-0.75,-2.125,0.25,-0.616,0.4263,0.5365,0.3881
1781773922694,59731,-0.98804,-0.10693,0.01562,0.99393,-1.5,3.125,-0.312,-0.6161,0.4262,0.5365,0.3881
1781773922694,59731,-0.99683,-0.10669,0.01758,1.00267,-0.5,3.562,-2.688,-0.6172,0.4252,0.536,0.3881
1781773922750,59787,-0.99756,-0.10913,0.01514,1.00362,-0.375,1.375,-2.562,-0.6173,0.4252,0.5359,0.3883
1781773922750,59787,-0.99463,-0.1062,0.01172,1.00035,-0.25,-0.688,-2.125,-0.6173,0.425,0.5359,0.3884
1781773922751,59788,-1.00586,-0.10864,0.02295,1.01197,2.062,7.938,-0.938,-0.6174,0.4244,0.5355,0.3893
1781773922817,59854,-0.99609,-0.10889,0.01807,1.00219,1.438,-0.312,0.438,-0.6174,0.4244,0.5355,0.3894
1781773922817,59854,-0.99878,-0.10547,0.00537,1.00435,0.062,-13.938,2.375,-0.6169,0.4242,0.536,0.3897
1781773922818,59855,-0.98633,-0.10767,0.01807,0.99235,-1.0,-0.625,1.625,-0.616,0.4244,0.5366,0.39
1781773922871,59908,-0.9895,-0.1084,0.01074,0.99548,-0.75,0.25,0.938,-0.616,0.4243,0.5367,0.39
1781773922871,59908,-0.98657,-0.11035,0.00952,0.99277,-1.0,2.25,-0.25,-0.616,0.4243,0.5367,0.39
1781773922871,59908,-0.99414,-0.11035,0.01929,1.00043,-1.812,2.562,-4.062,-0.6174,0.423,0.5359,0.3903
1781773922933,59970,-0.99585,-0.11011,0.01709,1.00206,-1.25,2.562,-4.0,-0.6176,0.4229,0.5358,0.3903
1781773922933,59970,-0.99561,-0.11133,0.021,1.00203,-0.438,2.688,-4.0,-0.6177,0.4228,0.5357,0.3904
1781773922933,59970,-0.99023,-0.11279,0.0022,0.99664,0.5,-8.938,0.688,-0.6177,0.422,0.5355,0.3914
1781773922990,60027,-0.99365,-0.11475,0.00513,1.00027,0.812,-1.25,0.562,-0.6176,0.4219,0.5357,0.3914
1781773922991,60028,-0.98462,-0.11328,0.01294,0.9912,1.375,4.562,0.562,-0.6176,0.422,0.5356,0.3915
1781773922991,60028,-0.98901,-0.11182,0.00879,0.99535,-1.0,2.625,-0.625,-0.6172,0.4212,0.536,0.3925
1781773923050,60087,-0.9917,-0.11401,0.01001,0.99828,-1.25,2.125,-0.812,-0.6173,0.4212,0.5359,0.3925
1781773923050,60087,-0.98999,-0.11133,0.01465,0.99634,-1.25,1.438,-1.438,-0.6173,0.4211,0.5359,0.3925
1781773923051,60088,-0.99243,-0.11694,0.01245,0.99938,-0.5,1.75,-1.375,-0.6181,0.4203,0.5355,0.3928
1781773923110,60147,-0.99683,-0.11255,0.01099,1.00322,-0.625,2.438,-1.375,-0.6181,0.4202,0.5354,0.3929
1781773923112,60149,-0.99243,-0.1123,0.01147,0.99883,-0.375,1.875,-1.375,-0.6182,0.4202,0.5353,0.3929
1781773923112,60149,-1.00415,-0.10156,-0.06958,1.01167,-0.125,4.25,0.125,-0.6182,0.4198,0.5353,0.3934
1781773923170,60207,-1.08691,-0.08447,-0.06592,1.09218,-21.875,32.812,15.188,-0.6191,0.4202,0.535,0.392
1781773923170,60207,-1.01392,-0.11963,0.11255,1.02713,-22.75,24.125,24.562,-0.6196,0.4207,0.5351,0.3905
1781773923172,60209,-1.01392,-0.11963,0.11255,1.02713,-22.75,24.125,24.562,-0.6196,0.4207,0.5351,0.3905
1781773923234,60271,-0.97021,-0.16724,-0.08276,0.988,1.062,26.438,-5.938,-0.6152,0.4243,0.5391,0.3881
1781773923235,60272,-0.9751,-0.18481,-0.11768,0.99941,-3.625,23.375,-8.5,-0.616,0.4244,0.5383,0.3878
1781773923235,60272,-0.9751,-0.18481,-0.11768,0.99941,-3.625,23.375,-8.5,-0.616,0.4244,0.5383,0.3878
1781773923289,60326,-1.03857,-0.11548,-0.01416,1.04507,19.812,-12.875,-9.0,-0.6211,0.4213,0.534,0.3889
1781773923290,60327,-1.03638,-0.11499,0.00391,1.04274,24.625,-12.0,-4.625,-0.6206,0.4215,0.5338,0.3899
1781773923290,60327,-0.94897,-0.09888,-0.07544,0.95709,-1.688,-3.625,-5.812,-0.6148,0.421,0.5355,0.397
1781773923351,60388,-0.99609,-0.1311,0.05054,1.00595,-6.312,34.75,-9.625,-0.6166,0.4212,0.5339,0.3963
1781773923352,60389,-1.02222,-0.12695,0.06494,1.03212,-0.938,0.875,-11.562,-0.6173,0.4209,0.5333,0.3963
1781773923352,60389,-1.02222,-0.12695,0.06494,1.03212,-0.938,0.875,-11.562,-0.6173,0.4209,0.5333,0.3963
1781773923409,60446,-1.0271,-0.12061,0.03418,1.03472,-1.312,3.125,-6.312,-0.6198,0.4183,0.5319,0.397
1781773923410,60447,-1.01221,-0.1145,-0.01123,1.01872,2.875,5.438,-0.875,-0.62,0.4183,0.5316,0.3971
1781773923410,60447,-1.01221,-0.1145,-0.01123,1.01872,2.875,5.438,-0.875,-0.62,0.4183,0.5316,0.3971
1781773923471,60508,-1.01221,-0.1145,-0.01123,1.01872,2.875,5.438,-0.875,-0.62,0.4183,0.5316,0.3971
1781773923471,60508,-0.98511,-0.11035,-0.0105,0.99132,4.25,5.5,2.438,-0.6189,0.4186,0.5321,0.3978
1781773923471,60508,-0.98511,-0.11035,-0.0105,0.99132,4.25,5.5,2.438,-0.6189,0.4186,0.5321,0.3978
1781773923533,60570,-0.9917,-0.11841,0.00073,0.99874,-2.562,3.125,-0.062,-0.6179,0.4179,0.533,0.3989
1781773923533,60570,-0.97949,-0.12476,0.00928,0.98745,-3.188,2.438,-0.5,-0.6181,0.4178,0.533,0.3988
1781773923533,60570,-1.05005,0.11182,0.37915,1.12199,-18.625,217.75,-13.812,-0.6231,0.4193,0.5283,0.3958
1781773923592,60629,-0.89648,-0.09497,0.72949,1.15968,-5.5,115.938,-19.188,-0.6269,0.4209,0.5241,0.3934
1781773923593,60630,-0.93018,-0.06763,0.15283,0.94507,16.0,-61.375,-28.875,-0.6268,0.4201,0.524,0.3946
1781773923593,60630,-1.01855,-0.09912,0.1499,1.03429,6.625,6.875,-11.375,-0.6332,0.4207,0.5126,0.3986
1781773923649,60686,-1.07251,-0.08862,0.04224,1.07699,13.688,-11.562,-13.188,-0.633,0.4203,0.5123,0.3998
1781773923649,60686,-0.97437,-0.15137,-0.10571,0.9917,17.812,8.188,-8.812,-0.633,0.4204,0.5117,0.4005
1781773923651,60688,-0.97437,-0.15137,-0.10571,0.9917,17.812,8.188,-8.812,-0.633,0.4204,0.5117,0.4005
1781773923714,60751,-1.02881,-0.14526,-0.00879,1.03905,16.625,-11.5,17.688,-0.6251,0.4241,0.5133,0.4069
1781773923714,60751,-0.96338,-0.18823,-0.02783,0.98199,15.438,-29.812,19.875,-0.6239,0.4244,0.514,0.4074
1781773923715,60752,-0.96338,-0.18823,-0.02783,0.98199,15.438,-29.812,19.875,-0.6239,0.4244,0.514,0.4074
1781773923771,60808,-0.98608,-0.11768,0.00464,0.99309,3.062,3.0,4.625,-0.6157,0.4265,0.5194,0.4111
1781773923771,60808,-0.95947,-0.13745,-0.01953,0.96946,1.75,-5.938,3.375,-0.6154,0.4265,0.5195,0.4111
1781773923771,60808,-0.99268,-0.12891,-0.00342,1.00102,-1.812,-4.25,-1.375,-0.6148,0.426,0.5204,0.4116
1781773923832,60869,-0.97632,-0.12915,-0.01465,0.98493,-1.875,1.312,-2.75,-0.6148,0.4255,0.5206,0.4118
1781773923832,60869,-0.97632,-0.12695,-0.01074,0.9846,-1.938,4.625,-4.375,-0.615,0.4254,0.5205,0.4118
1781773923833,60870,-0.99341,-0.12964,-0.00342,1.00184,-1.188,8.312,-7.625,-0.6171,0.4241,0.5186,0.4123
1781773923890,60927,-0.9978,-0.13477,-0.00244,1.00687,-1.0,5.5,-6.625,-0.6174,0.424,0.5183,0.4124
1781773923890,60927,-1.00049,-0.13013,-0.00439,1.00892,-0.438,3.375,-5.688,-0.6176,0.4239,0.5181,0.4125
1781773923891,60928,-0.98682,-0.13525,-0.00781,0.99607,0.812,-0.562,3.375,-0.6167,0.4235,0.5189,0.4132
1781773923952,60989,-0.98682,-0.13525,-0.00781,0.99607,0.812,-0.562,3.375,-0.6167,0.4235,0.5189,0.4132
1781773923952,60989,-0.98413,-0.13599,-0.01245,0.99356,0.25,0.438,1.75,-0.6166,0.4236,0.519,0.4132
1781773923952,60989,-0.99194,-0.13232,-0.00684,1.00075,0.438,0.5,1.312,-0.6161,0.4229,0.5195,0.414
1781773924010,61047,-0.99365,-0.13257,-0.01099,1.00252,0.312,0.125,1.438,-0.616,0.423,0.5195,0.414
1781773924011,61048,-0.98926,-0.13086,-0.00903,0.99792,0.188,-0.312,1.438,-0.616,0.423,0.5195,0.414
1781773924011,61048,-0.92773,-0.18115,-0.08301,0.94889,13.75,61.062,-11.625,-0.6221,0.4298,0.51,0.4097
1781773924073,61110,-0.97021,-0.16162,-0.08008,0.98684,9.125,68.812,-16.75,-0.6244,0.4312,0.5067,0.4089
1781773924073,61110,-0.96606,-0.1394,-0.06177,0.97802,7.0,70.812,-19.375,-0.6261,0.432,0.5043,0.4082
1781773924073,61110,-1.03223,-0.16675,-0.0647,1.04761,15.062,68.75,-16.688,-0.6418,0.4401,0.4827,0.4013
1781773924129,61166,-1.12598,-0.18677,-0.07983,1.14415,12.938,43.375,-12.75,-0.6429,0.4409,0.4808,0.401
1781773924130,61167,-1.15039,-0.198,-0.198,1.18398,11.75,64.125,-7.812,-0.6446,0.4423,0.4778,0.4003
1781773924130,61167,-0.96338,-0.09888,-0.12207,0.9761,17.5,27.0,0.25,-0.6473,0.4484,0.47,0.3982
1781773924190,61227,-0.88013,-0.19873,-0.14624,0.91406,13.312,27.875,-3.188,-0.6481,0.4498,0.4677,0.3981
1781773924190,61227,-0.84399,-0.20874,-0.14014,0.88065,12.625,24.125,-6.562,-0.6486,0.4503,0.4667,0.3981
1781773924191,61228,-0.95093,-0.18481,-0.14697,0.97981,8.812,22.438,7.188,-0.6519,0.4539,0.4591,0.3974
1781773924250,61287,-1.02759,-0.25366,-0.19238,1.07578,10.875,22.25,9.875,-0.652,0.4547,0.4584,0.3972
1781773924250,61287,-1.1311,-0.34106,-0.20386,1.19887,12.438,28.875,11.0,-0.6522,0.4556,0.4575,0.3969
1781773924250,61287,-0.80981,-0.07495,-0.18555,0.83417,19.125,-5.125,9.188,-0.6478,0.4633,0.457,0.3956
1781773924310,61347,-0.75952,-0.04858,-0.20459,0.78809,16.062,8.75,2.625,-0.6476,0.4639,0.4566,0.3959
1781773924310,61347,-0.73291,-0.03027,-0.21558,0.76456,12.875,20.438,-4.0,-0.6477,0.4644,0.4558,0.3959
1781773924313,61350,-1.15649,-0.27441,-0.28394,1.22205,-3.312,29.438,-32.375,-0.6696,0.4692,0.4265,0.3864
1781773924374,61411,-1.1665,-0.27295,-0.27271,1.22866,1.188,0.438,-17.562,-0.6701,0.4686,0.426,0.3868
1781773924374,61411,-1.12695,-0.2334,-0.25684,1.17918,4.25,16.125,-1.375,-0.6703,0.4686,0.4256,0.3869
1781773924374,61411,-0.91919,-0.22778,-0.28906,0.99013,-8.438,78.438,-58.375,-0.692,0.4802,0.3941,0.3674
1781773924430,61467,-0.91919,-0.22778,-0.28906,0.99013,-8.438,78.438,-58.375,-0.692,0.4802,0.3941,0.3674
1781773924431,61468,-0.94897,-0.23877,-0.24536,1.00884,-6.875,72.438,-70.375,-0.6947,0.4791,0.3911,0.367
1781773924431,61468,-0.90576,-0.25195,-0.41968,1.02957,-2.312,24.562,-65.312,-0.717,0.4562,0.369,0.3758
1781773924489,61526,-0.9231,-0.23804,-0.40479,1.03567,-3.25,26.438,-56.812,-0.7186,0.4548,0.3673,0.3762
1781773924489,61526,-0.92871,-0.24268,-0.43262,1.05288,-5.188,23.312,-47.938,-0.72,0.4536,0.3659,0.3764
1781773924490,61527,-0.93115,-0.28271,-0.33521,1.02924,-11.875,-41.75,5.625,-0.7228,0.4454,0.3685,0.378
1781773924553,61590,-0.93115,-0.28271,-0.33521,1.02924,-11.875,-41.75,5.625,-0.7228,0.4454,0.3685,0.378
1781773924553,61590,-0.94458,-0.28687,-0.30615,1.03356,-10.562,-50.188,8.625,-0.7214,0.444,0.3722,0.379
1781773924553,61590,-0.98413,-0.26245,-0.30737,1.06389,-6.5,-57.875,40.875,-0.7108,0.4406,0.392,0.3829
1781773924609,61646,-0.97412,-0.39624,-0.35474,1.10985,-5.625,-23.812,50.812,-0.7095,0.4413,0.3939,0.3827
1781773924610,61647,-1.01782,-0.24292,-0.18213,1.06214,-3.25,-22.062,56.688,-0.7078,0.4437,0.3956,0.3812
1781773924610,61647,-0.96753,-0.40649,-0.18848,1.06624,-23.562,24.062,89.75,-0.6876,0.4572,0.4204,0.3757
1781773924673,61710,-0.94873,-0.29834,-0.00757,0.99456,-13.312,53.188,89.562,-0.6869,0.4603,0.4207,0.3727
1781773924673,61710,-0.9314,-0.16821,-0.27979,0.98695,-9.688,8.5,82.0,-0.6851,0.4641,0.4224,0.3695
1781773924673,61710,-1.0105,-0.13354,-0.22021,1.0428,-23.875,-19.188,65.312,-0.671,0.4801,0.4386,0.3558
1781773924729,61766,-0.95459,-0.14819,-0.19214,0.98495,-23.438,-21.125,60.25,-0.6697,0.481,0.4407,0.3545
1781773924730,61767,-0.9082,-0.11816,-0.229,0.94405,-9.688,-26.75,38.438,-0.6672,0.4822,0.4442,0.353
1781773924730,61767,-0.88647,-0.08569,-0.30518,0.94144,3.438,1.438,2.562,-0.6631,0.4848,0.4476,0.3529
1781773924789,61826,-0.9165,-0.08667,-0.32983,0.9779,0.75,-2.688,-2.188,-0.6631,0.4848,0.4476,0.3531
1781773924791,61828,-0.93799,-0.08936,-0.30957,0.99179,-2.875,-6.938,-3.5,-0.663,0.4845,0.4478,0.3532
1781773924791,61828,-0.979,-0.16187,-0.23804,1.02045,-5.875,-15.312,-15.062,-0.661,0.4781,0.4539,0.358
1781773924849,61886,-0.95093,-0.16333,-0.22974,0.99183,-4.312,-3.062,-17.938,-0.6613,0.4774,0.4539,0.3583
1781773924849,61886,-0.9502,-0.14331,-0.2251,0.98695,-4.0,6.75,-23.312,-0.6619,0.4767,0.4535,0.3587
1781773924850,61887,-0.94897,-0.11157,-0.24243,0.98579,-9.0,2.312,-11.062,-0.6696,0.4683,0.4494,0.3606
1781773924914,61951,-0.95288,-0.1123,-0.23145,0.987,-9.188,2.25,-3.5,-0.6699,0.468,0.4494,0.3604
1781773924914,61951,-0.94263,-0.10889,-0.22607,0.97545,-9.375,0.938,4.75,-0.67,0.4679,0.4496,0.3601
1781773924969,62006,-0.89331,-0.10742,-0.26392,0.93765,6.062,23.688,35.625,-0.6671,0.4765,0.4519,0.3513
1781773924970,62007,-0.88867,-0.09253,-0.27588,0.9351,8.5,25.938,33.75,-0.6668,0.478,0.4515,0.3504
1781773924970,62007,-0.90234,-0.06567,-0.29834,0.95265,10.625,28.062,32.688,-0.6665,0.4795,0.4511,0.3494
1781773925033,62070,-0.9209,-0.0791,-0.29077,0.96895,-9.812,-15.875,9.5,-0.6599,0.492,0.4526,0.3427
1781773925038,62075,-0.9209,-0.06445,-0.26489,0.9604,-10.375,-10.375,-0.188,-0.6597,0.4916,0.4531,0.3427
1781773925038,62075,-1.03589,-0.12769,-0.39038,1.11435,-25.688,40.625,-39.062,-0.6682,0.4811,0.4522,0.3426
1781773925094,62131,-0.97168,-0.11572,-0.35474,1.04086,-30.25,58.062,-41.5,-0.6705,0.4801,0.4506,0.3414
1781773925094,62131,-0.90918,-0.11182,-0.30859,0.96661,-32.375,66.062,-48.062,-0.6732,0.4791,0.4487,0.3402
1781773925094,62131,-0.97778,-0.14404,-0.2478,1.01893,-35.188,87.312,-100.375,-0.7111,0.4595,0.4188,0.3276
1781773925155,62192,-0.97632,-0.13965,-0.25903,1.0197,-33.25,79.812,-99.812,-0.7131,0.4583,0.4173,0.3272
1781773925155,62192,-0.97119,-0.13672,-0.27808,1.01943,-30.438,66.875,-97.062,-0.7166,0.4557,0.4144,0.3267
1781773925155,62192,-0.81128,-0.07227,-0.28638,0.86337,-19.0,-23.25,-30.062,-0.7351,0.429,0.4085,0.3292
1781773925213,62250,-0.82788,-0.15234,-0.36377,0.91702,-13.625,-3.062,-25.375,-0.7359,0.4271,0.4088,0.3295
1781773925213,62250,-0.85425,-0.1687,-0.42651,0.96959,-10.0,14.188,-24.0,-0.7367,0.4263,0.4083,0.3295
1781773925213,62250,-0.93945,-0.23364,-0.28125,1.0081,0.625,-12.062,16.125,-0.7398,0.424,0.4074,0.3267
1781773925269,62306,-0.94678,-0.20142,-0.33765,1.02516,2.062,-8.0,25.75,-0.7385,0.4252,0.4086,0.3265
1781773925270,62307,-0.93066,-0.20215,-0.33569,1.0098,2.375,-3.812,29.0,-0.7378,0.426,0.4091,0.3262
1781773925270,62307,-0.92041,-0.1814,-0.41333,1.02513,-11.25,-15.688,48.562,-0.7293,0.4359,0.4187,0.3201
1781773925333,62370,-0.8916,-0.18604,-0.41235,0.9998,-14.375,-13.875,49.688,-0.7283,0.437,0.4201,0.3191
1781773925333,62370,-0.89331,-0.16968,-0.33667,0.96961,-5.375,-14.5,49.125,-0.7272,0.4382,0.4213,0.3183
1781773925333,62370,-0.88306,-0.14526,-0.39062,0.97646,-6.0,8.938,19.25,-0.7199,0.4476,0.428,0.3126
1781773925393,62430,-0.9187,-0.09448,-0.39233,1.00343,-3.812,10.0,10.625,-0.7199,0.4487,0.428,0.3113
1781773925393,62430,-0.94849,-0.08154,-0.32495,1.00592,-5.5,-1.438,12.25,-0.7197,0.4494,0.4282,0.3104
1781773925393,62430,-0.97168,-0.08594,-0.32739,1.02895,-12.5,-4.25,19.188,-0.7149,0.4494,0.4381,0.3077
1781773925452,62489,-0.98242,-0.08252,-0.32544,1.03821,-12.562,-5.25,18.562,-0.7146,0.4497,0.4387,0.3071
1781773925453,62490,-0.98486,-0.09351,-0.34473,1.04763,-13.188,-9.625,18.875,-0.7142,0.4498,0.4395,0.3066
1781773925453,62490,-1.00586,-0.10791,-0.29199,1.05293,-10.188,-17.0,26.125,-0.71,0.4504,0.4495,0.301
1781773925509,62546,-1.02197,-0.09277,-0.28198,1.06421,-8.438,-17.75,29.5,-0.7092,0.4509,0.4506,0.3005
1781773925510,62547,-1.03198,-0.08447,-0.26562,1.06896,-7.062,-19.312,33.312,-0.7083,0.4514,0.4518,0.3001
1781773925512,62549,-1.03198,-0.08447,-0.26562,1.06896,-7.062,-19.312,33.312,-0.7083,0.4514,0.4518,0.3001
1781773925570,62607,-0.98389,-0.01807,-0.4248,1.07183,2.75,-33.688,72.125,-0.6883,0.4636,0.4707,0.299
1781773925570,62607,-0.9729,-0.021,-0.42236,1.06083,-0.875,-29.188,71.25,-0.6863,0.4653,0.4725,0.2981
1781773925571,62608,-0.9729,-0.021,-0.42236,1.06083,-0.875,-29.188,71.25,-0.6863,0.4653,0.4725,0.2981
1781773925630,62667,-0.98877,-0.00684,-0.27563,1.02649,-12.25,11.312,47.688,-0.673,0.4797,0.4862,0.2833
1781773925639,62676,-0.98901,0.02222,-0.30054,1.03391,-10.75,14.125,49.312,-0.6722,0.4816,0.4868,0.2809
1781773925640,62677,-0.92334,0.04712,-0.34766,0.98775,-18.438,3.375,57.188,-0.6646,0.4942,0.4927,0.2664
1781773925690,62727,-0.94189,0.05322,-0.3335,1.00061,-18.5,3.438,54.625,-0.6633,0.496,0.4941,0.2638
1781773925690,62727,-0.93237,0.05396,-0.34082,0.99418,-18.375,3.812,52.938,-0.6625,0.4971,0.4949,0.2621
1781773925690,62727,-0.93237,0.05396,-0.34082,0.99418,-18.375,3.812,52.938,-0.6625,0.4971,0.4949,0.2621
1781773925753,62790,-0.90625,0.11011,-0.35474,0.97941,-13.938,-4.312,33.812,-0.6545,0.5059,0.504,0.2477
1781773925753,62790,-0.89258,0.10718,-0.36548,0.97044,-13.688,-2.938,32.125,-0.6539,0.5064,0.5048,0.2467
1781773925754,62791,-0.89258,0.10718,-0.36548,0.97044,-13.688,-2.938,32.125,-0.6539,0.5064,0.5048,0.2467
1781773925811,62848,-0.9541,0.12354,-0.27832,1.00152,-13.188,27.812,20.688,-0.653,0.5105,0.5077,0.2343
1781773925812,62849,-0.97046,0.13452,-0.27808,1.01844,-13.062,28.938,22.812,-0.6532,0.5111,0.5075,0.2329
1781773925812,62849,-0.90063,0.16797,-0.33936,0.97699,-13.125,12.5,37.25,-0.6509,0.5192,0.5082,0.2192
1781773925873,62910,-0.88916,0.17041,-0.32935,0.96339,-13.5,11.188,36.0,-0.6503,0.5205,0.5087,0.2171
1781773925873,62910,-0.88501,0.16846,-0.32764,0.95863,-13.25,9.688,35.562,-0.6499,0.5212,0.5091,0.2158
1781773925873,62910,-0.88501,0.16846,-0.32764,0.95863,-13.25,9.688,35.562,-0.6499,0.5212,0.5091,0.2158
1781773925933,62970,-0.9165,0.25757,-0.34521,1.01267,5.125,4.188,59.125,-0.6415,0.5344,0.5122,0.2009
1781773925933,62970,-0.8999,0.24731,-0.35596,0.99885,6.438,3.0,61.0,-0.6401,0.5361,0.5125,0.1997
1781773925933,62970,-0.82935,0.21924,-0.35034,0.92662,-5.688,19.438,34.438,-0.6307,0.5506,0.5131,0.1885
1781773925990,63027,-0.8313,0.22168,-0.33765,0.92423,-7.75,21.062,29.812,-0.6305,0.5515,0.5129,0.1871
1781773925990,63027,-0.8335,0.2251,-0.34546,0.92991,-9.5,22.938,25.938,-0.6304,0.5521,0.5127,0.1858
1781773925991,63028,-0.82007,0.33569,-0.41309,0.97767,-12.375,7.312,25.312,-0.6303,0.5567,0.5125,0.1733
1781773926049,63086,-0.79443,0.33228,-0.42578,0.96064,-13.375,6.562,24.938,-0.6299,0.5571,0.5127,0.1722
1781773926050,63087,-0.7832,0.33032,-0.43286,0.95388,-14.812,7.625,23.5,-0.6296,0.5575,0.513,0.1711
1781773926050,63087,-0.82178,0.30981,-0.3479,0.94464,-17.312,7.188,8.0,-0.6285,0.5577,0.517,0.162
1781773926114,63151,-0.82178,0.30981,-0.3479,0.94464,-17.312,7.188,8.0,-0.6285,0.5577,0.517,0.162
1781773926114,63151,-0.83472,0.30542,-0.33838,0.95107,-15.875,9.688,6.188,-0.6288,0.5575,0.5173,0.1608
1781773926114,63151,-0.823,0.34766,-0.36621,0.96556,-14.5,0.75,3.875,-0.6297,0.5559,0.5198,0.1548
1781773926169,63206,-0.823,0.34766,-0.36621,0.96556,-14.5,0.75,3.875,-0.6297,0.5559,0.5198,0.1548
1781773926169,63206,-0.8064,0.34009,-0.37427,0.95185,-15.938,2.375,2.125,-0.6299,0.5553,0.5205,0.1538
1781773926170,63207,-0.8855,0.35645,-0.3208,1.00701,-16.25,14.062,7.812,-0.6327,0.5529,0.5219,0.1461
1781773926235,63272,-0.89014,0.36597,-0.32422,1.01558,-15.5,10.0,9.062,-0.633,0.5527,0.5222,0.1444
1781773926236,63273,-0.89038,0.3728,-0.33765,1.02263,-15.188,8.25,8.75,-0.6331,0.5527,0.5223,0.1436
1781773926236,63273,-0.8877,0.36987,-0.33862,1.01955,-15.688,8.0,-4.812,-0.635,0.5507,0.5238,0.1379
1781773926291,63328,-0.89893,0.37695,-0.31812,1.02536,-15.5,5.438,-7.5,-0.6355,0.5499,0.5241,0.1373
1781773926292,63329,-0.91772,0.38135,-0.33374,1.04834,-15.562,2.562,-7.438,-0.6358,0.5493,0.5243,0.137
1781773926294,63331,-0.87891,0.40112,-0.35791,1.03028,-8.625,-5.312,16.812,-0.6351,0.5477,0.5277,0.1337
1781773926353,63390,-0.87891,0.40112,-0.35791,1.03028,-8.625,-5.312,16.812,-0.6351,0.5477,0.5277,0.1337
1781773926353,63390,-0.85449,0.38501,-0.31104,0.98749,-10.062,-9.188,16.938,-0.634,0.5481,0.5288,0.1328
1781773926353,63390,-0.85449,0.38501,-0.31104,0.98749,-10.062,-9.188,16.938,-0.634,0.5481,0.5288,0.1328
1781773926416,63453,-0.84375,0.40649,-0.35742,1.00245,-7.25,-15.062,14.125,-0.626,0.5487,0.5374,0.1339
1781773926416,63453,-0.84473,0.40942,-0.34717,1.00086,-9.812,-11.688,14.438,-0.6249,0.5488,0.5388,0.1333
1781773926416,63453,-0.80981,0.43652,-0.37939,0.99513,-14.75,-16.812,14.812,-0.6184,0.5498,0.546,0.1301
1781773926471,63508,-0.80981,0.43652,-0.37939,0.99513,-14.75,-16.812,14.812,-0.6184,0.5498,0.546,0.1301
1781773926471,63508,-0.79321,0.44189,-0.38135,0.98483,-14.25,-18.625,9.375,-0.6171,0.5496,0.5477,0.1296
1781773926471,63508,-0.90576,0.46973,-0.36938,1.08512,-20.938,-68.562,-8.188,-0.6094,0.5426,0.5619,0.135
1781773926533,63570,-0.91089,0.48315,-0.35547,1.09065,-23.0,-69.062,-5.438,-0.608,0.5415,0.5642,0.1362
1781773926533,63570,-0.8833,0.49756,-0.39307,1.08733,-23.188,-70.562,-1.625,-0.6049,0.5394,0.5689,0.1383
1781773926534,63571,-0.88232,0.42725,-0.28687,1.02143,-51.0,-68.062,-7.25,-0.5907,0.5253,0.5947,0.1456
1781773926589,63626,-0.8772,0.41382,-0.24023,0.99922,-53.062,-65.188,-7.75,-0.5895,0.5233,0.5975,0.146
1781773926590,63627,-0.87622,0.4043,-0.18848,0.98323,-54.25,-68.5,-8.75,-0.5883,0.5212,0.6004,0.1464
1781773926590,63627,-0.92505,0.39233,-0.00415,1.00482,-42.312,-104.062,6.625,-0.5664,0.4998,0.6359,0.1573
1781773926652,63689,-0.90747,0.38354,0.04346,0.98615,-41.688,-117.875,7.625,-0.5633,0.4981,0.6397,0.1586
1781773926652,63689,-0.93213,0.37769,-0.01489,1.00585,-38.25,-120.938,8.188,-0.5584,0.4954,0.6455,0.1608
1781773926652,63689,-0.93018,0.40649,0.0542,1.01656,-32.5,-168.0,18.688,-0.5199,0.4806,0.6834,0.177
1781773926709,63746,-0.9436,0.41992,0.07373,1.03545,-33.625,-157.562,18.312,-0.5151,0.4788,0.6878,0.179
1781773926709,63746,-0.93433,0.41528,0.12793,1.03043,-33.062,-144.312,19.438,-0.5059,0.4752,0.6961,0.1826
1781773926714,63751,-0.83545,0.39331,0.29053,0.96803,-20.812,-197.5,17.625,-0.4594,0.4583,0.7331,0.2028
1781773926769,63806,-0.83643,0.39429,0.28784,0.96846,-19.625,-196.812,17.875,-0.4562,0.4573,0.7354,0.2042
1781773926769,63806,-0.84473,0.40137,0.29224,0.97983,-17.688,-191.25,18.812,-0.4499,0.4553,0.7396,0.2071
1781773926770,63807,-0.77808,0.4353,0.54614,1.04554,-15.562,-227.062,15.438,-0.381,0.4324,0.782,0.2367
1781773926837,63874,-0.77295,0.41919,0.54175,1.03279,-11.625,-230.625,15.375,-0.3731,0.4298,0.7862,0.2403
1781773926838,63875,-0.74707,0.4292,0.55859,1.02682,-2.188,-229.25,16.812,-0.3571,0.425,0.794,0.2474
1781773926838,63875,-0.63965,0.42578,0.63257,0.99528,12.375,-249.5,4.25,-0.2811,0.4047,0.8229,0.2824
1781773926889,63926,-0.63745,0.44165,0.67432,1.02767,15.812,-258.75,3.188,-0.2717,0.4021,0.8258,0.2868
1781773926891,63928,-0.6167,0.41187,0.69556,1.01673,33.875,-278.312,4.188,-0.2514,0.3969,0.8312,0.2966
1781773926891,63928,-0.52808,0.43652,0.77954,1.03783,-11.562,-557.562,-3.312,-0.1175,0.3592,0.8529,0.3598
1781773926956,63993,-0.55054,0.4165,0.99268,1.20912,-1.562,-621.625,-5.062,-0.0957,0.3494,0.8557,0.3692
1781773926956,63993,-0.44751,0.4707,0.61938,0.89748,1.875,-695.25,-7.438,-0.0457,0.3275,0.8594,0.3895
1781773926956,63993,0.08862,0.46191,0.6709,0.81934,-21.125,-324.688,-6.625,0.1197,0.2422,0.8528,0.4466
1781773927015,64052,0.14502,0.47266,0.73242,0.88367,-21.188,-280.25,-9.5,0.1299,0.2359,0.8513,0.45
1781773927015,64052,0.16919,0.43677,0.68872,0.8329,-19.5,-223.812,-12.5,0.1426,0.2276,0.8492,0.4544
1781773927015,64052,0.052,0.47998,0.82178,0.9531,-31.25,-38.688,-18.25,0.165,0.2067,0.8425,0.4691
1781773927072,64109,0.04199,0.46582,0.875,0.99216,-35.188,-47.188,-17.0,0.1657,0.2047,0.8421,0.4703
1781773927072,64109,0.08789,0.45581,0.86523,0.9819,-39.375,-63.25,-16.0,0.1669,0.2022,0.8417,0.4718
1781773927072,64109,0.16309,0.40356,0.89917,0.99898,-65.812,-62.188,-13.688,0.1763,0.1701,0.8383,0.4868
1781773927131,64168,0.15918,0.41235,0.89575,0.99887,-61.812,-58.438,-13.562,0.1771,0.1666,0.8381,0.4881
1781773927131,64168,0.14502,0.40601,0.85229,0.95513,-60.75,-53.0,-13.125,0.1776,0.1634,0.8378,0.4895
1781773927131,64168,0.16333,0.36133,0.89722,0.98093,-30.625,13.75,-14.312,0.1717,0.1438,0.8378,0.4976
1781773927190,64227,0.14722,0.36157,0.88013,0.96282,-26.562,18.688,-13.75,0.1704,0.1433,0.8378,0.4982
1781773927190,64227,0.14453,0.36743,0.8606,0.94685,-24.562,25.625,-12.25,0.169,0.143,0.8378,0.4987
1781773927191,64228,0.13501,0.34399,0.96118,1.02977,-40.5,-7.312,-8.312,0.156,0.1321,0.8386,0.5048
1781773927250,64287,0.14185,0.34521,0.95459,1.02496,-36.375,-9.125,-4.312,0.1549,0.129,0.8386,0.5058
1781773927255,64292,0.15381,0.3335,0.95898,1.0269,-35.375,-11.375,-3.125,0.1542,0.1267,0.8387,0.5064
1781773927256,64293,0.13257,0.31909,0.93652,0.99823,-19.0,-4.938,-8.812,0.1511,0.1179,0.8384,0.5098
1781773927309,64346,0.13208,0.31982,0.92236,0.98513,-17.812,-6.0,-8.5,0.1509,0.1171,0.8383,0.5103
1781773927309,64346,0.13306,0.31763,0.9126,0.97541,-17.75,-6.688,-7.688,0.1507,0.1164,0.8382,0.5108
1781773927311,64348,0.18506,0.29346,0.94312,1.0049,-32.875,-25.312,2.0,0.1513,0.1023,0.8381,0.5137
1781773927371,64408,0.20654,0.27759,0.92749,0.98993,-36.312,-23.0,2.188,0.1515,0.0986,0.8382,0.5142
1781773927372,64409,0.20117,0.2832,0.91797,0.9815,-37.625,-16.938,2.938,0.1514,0.0968,0.8383,0.5145
1781773927372,64409,0.20117,0.2832,0.91797,0.9815,-37.625,-16.938,2.938,0.1514,0.0968,0.8383,0.5145
1781773927435,64472,0.17163,0.25659,0.90259,0.95392,-33.688,13.25,9.438,0.1437,0.0836,0.8411,0.5144
1781773927436,64473,0.15796,0.25781,0.89648,0.9461,-35.5,17.938,10.812,0.1423,0.0826,0.8416,0.5142
1781773927436,64473,0.20459,0.14355,0.86011,0.89568,-80.25,12.875,-4.5,0.1221,0.064,0.8463,0.5143
1781773927492,64529,0.20337,0.13599,0.85742,0.89164,-83.125,15.625,-5.75,0.1198,0.0613,0.8465,0.5149
1781773927492,64529,0.17944,0.14111,0.87524,0.90452,-86.5,18.375,-6.75,0.1172,0.0585,0.8466,0.5155
1781773927492,64529,0.12671,0.10889,1.02783,1.04132,-74.812,10.062,12.25,0.0927,0.0321,0.8495,0.5181
1781773927553,64590,0.12451,0.10425,1.00903,1.02202,-72.438,4.25,13.312,0.0908,0.0294,0.8499,0.518
1781773927553,64590,0.12842,0.08667,0.95898,0.97142,-69.875,2.188,14.875,0.0892,0.0268,0.8504,0.5176
1781773927554,64591,0.12842,0.08667,0.95898,0.97142,-69.875,2.188,14.875,0.0892,0.0268,0.8504,0.5176
1781773927609,64646,0.13086,0.01807,0.93848,0.94773,-94.438,50.875,15.0,0.0626,0.0005,0.8555,0.5137
1781773927609,64646,0.1189,0.02734,1.0022,1.0096,-94.25,61.375,15.5,0.0584,-0.0015,0.8561,0.5133
1781773927616,64653,0.1189,0.02734,1.0022,1.0096,-94.25,61.375,15.5,0.0584,-0.0015,0.8561,0.5133
1781773927672,64709,0.1189,0.02734,1.0022,1.0096,-94.25,61.375,15.5,0.0584,-0.0015,0.8561,0.5133
1781773927672,64709,0.11548,-0.08057,1.07422,1.08341,-62.188,4.875,24.062,0.025,-0.0228,0.8608,0.5075
1781773927673,64710,0.11548,-0.08057,1.07422,1.08341,-62.188,4.875,24.062,0.025,-0.0228,0.8608,0.5075
1781773927735,64772,0.01416,-0.09692,1.05176,1.05631,-25.5,11.438,29.625,0.008,-0.0411,0.8676,0.4954
1781773927735,64772,0.0083,-0.08472,1.05273,1.05617,-22.312,-1.438,30.75,0.0074,-0.0419,0.8682,0.4942
1781773927736,64773,0.10474,-0.14258,0.99463,1.01024,-27.938,-31.438,32.188,0.0089,-0.0526,0.874,0.4829
1781773927791,64828,0.10815,-0.14648,0.99829,1.01476,-30.562,-28.625,30.625,0.0095,-0.0552,0.8748,0.481
1781773927791,64828,0.11011,-0.15088,0.99854,1.01585,-32.125,-26.312,29.562,0.0098,-0.057,0.8753,0.4799
1781773927791,64828,0.11011,-0.15088,0.99854,1.01585,-32.125,-26.312,29.562,0.0098,-0.057,0.8753,0.4799
1781773927851,64888,0.10889,-0.18433,0.98145,1.00452,-38.938,-15.438,27.312,0.0069,-0.0766,0.88,0.4685
1781773927852,64889,0.09937,-0.19678,0.9873,1.01162,-36.812,-20.688,27.938,0.0067,-0.0794,0.8806,0.4669
1781773927852,64889,0.09595,-0.2041,0.96362,0.98966,-15.375,-15.25,23.938,0.0077,-0.0919,0.8843,0.4575
1781773927913,64950,0.09595,-0.2041,0.96362,0.98966,-15.375,-15.25,23.938,0.0077,-0.0919,0.8843,0.4575
1781773927914,64951,0.09741,-0.20532,0.96582,0.9922,-14.562,-16.0,24.312,0.008,-0.0933,0.8849,0.4561
1781773927914,64951,0.1416,-0.21753,0.98975,1.02321,-23.688,-11.812,20.812,0.0109,-0.1046,0.8886,0.4463
1781773927970,65007,0.1416,-0.21753,0.98975,1.02321,-23.688,-11.812,20.812,0.0109,-0.1046,0.8886,0.4463
1781773927971,65008,0.14746,-0.22778,0.95996,0.99757,-25.5,-4.812,19.625,0.0104,-0.1069,0.8891,0.4447
1781773927971,65008,0.14746,-0.22778,0.95996,0.99757,-25.5,-4.812,19.625,0.0104,-0.1069,0.8891,0.4447
1781773928034,65071,0.13208,-0.27002,0.97827,1.02341,-28.312,15.375,19.0,0.0025,-0.1188,0.9047,0.4089
1781773928034,65071,0.14111,-0.2749,0.98706,1.0343,-26.75,15.375,18.938,0.0014,-0.1197,0.9049,0.4083
1781773928034,65071,0.14648,-0.30493,1.05566,1.10854,3.062,9.625,10.688,-0.0034,-0.1217,0.9138,0.3873
1781773928092,65129,0.14648,-0.30493,1.05566,1.10854,3.062,9.625,10.688,-0.0034,-0.1217,0.9138,0.3873
1781773928092,65129,0.14233,-0.29736,1.04663,1.09732,6.438,-5.188,9.438,-0.0025,-0.1215,0.9168,0.3803
1781773928092,65129,0.15356,-0.27832,0.99121,1.04093,19.312,-2.875,5.625,0.0053,-0.1175,0.9233,0.3653
1781773928155,65192,0.15234,-0.27881,1.00415,1.05321,22.438,4.812,3.938,0.0065,-0.1158,0.926,0.359
1781773928155,65192,0.15332,-0.27734,1.00513,1.0539,23.938,7.562,3.25,0.0066,-0.1148,0.9262,0.3589
1781773928155,65192,0.12744,-0.24463,0.99561,1.03311,35.125,13.562,-0.062,0.0076,-0.102,0.9315,0.3489
1781773928210,65247,0.12891,-0.24487,0.99243,1.03029,35.438,14.625,-0.062,0.0076,-0.1004,0.9316,0.3489
1781773928210,65247,0.12354,-0.23364,0.98022,1.01523,35.0,16.062,-0.312,0.008,-0.0979,0.9335,0.3444
1781773928210,65247,0.11377,-0.22876,0.93335,0.96769,33.438,6.375,0.875,0.0086,-0.0831,0.9379,0.3364
1781773928277,65314,0.11377,-0.22876,0.93335,0.96769,33.438,6.375,0.875,0.0086,-0.0831,0.9379,0.3364
1781773928330,65367,0.11353,-0.2207,0.93335,0.96578,30.5,6.812,-1.812,0.0094,-0.0797,0.9394,0.3329
1781773928330,65367,0.10693,-0.17236,1.00488,1.02515,30.062,4.812,-11.375,0.0113,-0.0671,0.9417,0.3291
1781773928330,65367,0.10767,-0.16064,1.01294,1.03123,30.125,7.188,-11.375,0.0115,-0.0659,0.9417,0.3295
1781773928392,65429,0.09644,-0.15625,1.02588,1.04218,29.75,8.625,-11.375,0.0119,-0.0645,0.9429,0.3263
1781773928392,65429,0.0769,-0.12744,0.97363,0.98494,21.875,10.688,-4.75,0.0134,-0.0526,0.9442,0.3247
1781773928394,65431,0.08228,-0.11279,1.03125,1.04066,45.062,18.938,-11.562,0.0096,-0.0343,0.9467,0.3198
1781773928450,65487,0.08228,-0.11279,1.03125,1.04066,45.062,18.938,-11.562,0.0096,-0.0343,0.9467,0.3198
1781773928450,65487,0.06274,-0.09351,1.01367,1.01991,47.312,18.375,-9.938,0.0095,-0.0289,0.9472,0.3189
1781773928457,65494,0.02783,-0.06909,0.94556,0.94849,38.125,14.5,-7.125,0.0084,-0.0107,0.9483,0.3167
1781773928510,65547,0.03149,-0.07495,0.94385,0.94734,36.938,10.875,-7.75,0.0084,-0.009,0.9483,0.317
1781773928511,65548,0.03394,-0.07666,0.94092,0.94465,34.312,2.938,-8.5,0.0089,-0.0061,0.949,0.3148
1781773928511,65548,0.02808,-0.04565,0.97339,0.97486,28.625,-22.875,-3.75,0.0159,0.005,0.9493,0.3135
1781773928571,65608,0.03589,-0.0332,0.9812,0.98242,28.562,-26.375,-3.188,0.0173,0.0058,0.9493,0.3136
1781773928571,65608,0.0437,-0.02734,0.96899,0.97036,28.125,-29.062,-1.75,0.0197,0.007,0.9496,0.3125
1781773928571,65608,0.08203,-0.01953,0.95068,0.95442,15.25,1.812,-3.75,0.0277,0.013,0.9498,0.3111
1781773928629,65666,0.07739,-0.01587,0.96802,0.97124,14.562,6.312,-4.812,0.0277,0.0137,0.9497,0.3113
1781773928630,65667,0.07104,-0.00073,0.99658,0.99911,15.75,13.312,-6.562,0.0272,0.0153,0.9504,0.3092
1781773928630,65667,0.05151,0.03394,1.06592,1.0677,23.5,23.75,-7.062,0.0219,0.0251,0.9508,0.3077
1781773928690,65727,0.04297,0.02905,1.06006,1.06133,24.312,23.75,-7.438,0.0212,0.0264,0.9507,0.308
1781773928691,65728,0.0354,0.03589,1.04395,1.04516,25.5,22.5,-7.188,0.0199,0.0291,0.951,0.3068
1781773928691,65728,0.02588,0.04956,1.03442,1.03593,35.125,26.625,-3.438,0.0137,0.0435,0.9512,0.3047
1781773928752,65789,0.02588,0.04956,1.03442,1.03593,35.125,26.625,-3.438,0.0137,0.0435,0.9512,0.3047
1781773928752,65789,0.03613,0.03979,1.03296,1.03436,37.312,27.312,-3.5,0.0131,0.0454,0.9511,0.3048
1781773928752,65789,0.02539,0.07129,1.01733,1.02014,37.188,6.438,-5.312,0.0087,0.0641,0.9509,0.3021
1781773928812,65849,0.02124,0.08032,1.01685,1.02023,35.5,5.938,-5.812,0.0089,0.0656,0.9508,0.3024
1781773928813,65850,0.02466,0.08105,1.01587,1.0194,34.25,6.188,-6.125,0.0091,0.0671,0.9506,0.3026
1781773928817,65854,-0.00317,0.12354,1.03516,1.04251,37.312,20.188,-10.812,0.0084,0.0826,0.9492,0.3034
1781773928872,65909,-0.0022,0.12427,1.04053,1.04792,38.062,21.312,-10.688,0.008,0.0844,0.9489,0.3037
1781773928872,65909,-0.00415,0.13574,1.03882,1.04766,38.5,20.5,-11.312,0.0076,0.0862,0.9486,0.3041
1781773928873,65910,-0.02661,0.17529,1.01929,1.03459,39.875,23.375,-9.812,0.0037,0.1052,0.9464,0.3051
1781773928930,65967,-0.02661,0.17529,1.01929,1.03459,39.875,23.375,-9.812,0.0037,0.1052,0.9464,0.3051
1781773928931,65968,-0.03491,0.18359,1.00854,1.02571,42.062,25.875,-10.312,0.0029,0.1082,0.9459,0.3055
1781773928935,65972,-0.07983,0.22119,0.97461,1.00258,48.375,56.625,-13.062,-0.0092,0.1334,0.9431,0.3041
1781773928989,66026,-0.08081,0.2229,0.96387,0.9926,47.562,57.375,-13.438,-0.0109,0.1361,0.9426,0.3043
1781773928989,66026,-0.08667,0.22974,0.96216,0.99299,45.938,57.562,-14.062,-0.0127,0.1387,0.9421,0.3046
1781773928991,66028,-0.15039,0.25708,0.9353,0.98158,45.188,115.938,-13.0,-0.044,0.169,0.9383,0.2982
1781773929052,66089,-0.17261,0.27124,0.94043,0.99387,44.625,125.5,-13.938,-0.0484,0.1723,0.9375,0.2979
1781773929052,66089,-0.21191,0.29907,0.93628,1.00547,43.812,149.562,-12.562,-0.0592,0.1793,0.9367,0.2945
1781773929053,66090,-0.31494,0.29004,0.88892,0.98665,54.688,277.125,-3.625,-0.1231,0.2141,0.9285,0.2768
1781773929109,66146,-0.34619,0.29883,0.89673,1.00661,57.5,297.5,-2.875,-0.134,0.2197,0.9263,0.2745
1781773929109,66146,-0.4082,0.3042,0.89014,1.02543,63.125,318.5,-2.0,-0.1516,0.2288,0.9226,0.2708
1781773929112,66149,-0.4082,0.3042,0.89014,1.02543,63.125,318.5,-2.0,-0.1516,0.2288,0.9226,0.2708
1781773929171,66208,-0.68921,0.38208,0.75293,1.08991,85.25,355.5,33.188,-0.2936,0.2985,0.8824,0.214
1781773929176,66213,-0.70215,0.35522,0.75171,1.08824,85.188,346.625,32.062,-0.3055,0.3052,0.8771,0.2094
1781773929176,66213,-0.85645,0.47461,0.40625,1.06009,113.438,309.0,71.375,-0.4324,0.3746,0.8076,0.1426
1781773929237,66274,-0.85352,0.48804,0.35767,1.04623,112.062,293.312,75.75,-0.4407,0.3816,0.8006,0.1374
1781773929237,66274,-0.86865,0.50342,0.3335,1.05793,110.75,286.375,80.125,-0.4486,0.3886,0.7937,0.132
1781773929237,66274,-0.86865,0.50342,0.3335,1.05793,110.75,286.375,80.125,-0.4486,0.3886,0.7937,0.132
1781773929290,66327,-0.78906,0.4917,0.0979,0.93486,121.938,324.812,100.375,-0.5275,0.4556,0.7142,0.0615
1781773929290,66327,-0.73999,0.4563,0.05786,0.87129,124.375,332.625,94.75,-0.5353,0.4624,0.7045,0.0549
1781773929291,66328,-0.76416,0.56079,-0.1582,0.96097,233.812,351.312,99.812,0.629,-0.5265,-0.5715,0.0159
1781773929352,66389,-0.76758,0.59009,-0.24097,0.99772,240.938,340.062,103.062,0.6351,-0.5348,-0.5567,0.0197
1781773929352,66389,-0.75269,0.62427,-0.32178,1.02946,243.062,332.125,108.312,0.6408,-0.5432,-0.5419,0.0233
1781773929352,66389,-0.75269,0.62427,-0.32178,1.02946,243.062,332.125,108.312,0.6408,-0.5432,-0.5419,0.0233
1781773929418,66455,-0.25537,0.28955,-1.22803,1.28729,250.5,213.188,102.562,0.6802,-0.6162,-0.3939,0.0474
1781773929418,66455,-0.44165,0.52783,-0.33569,0.76574,211.0,261.625,92.75,0.6822,-0.6217,-0.3813,0.0496
1781773929418,66455,-0.44165,0.52783,-0.33569,0.76574,211.0,261.625,92.75,0.6822,-0.6217,-0.3813,0.0496
1781773929470,66507,-0.17603,0.37476,-0.86963,0.96316,198.812,198.562,134.688,0.7047,-0.6603,-0.2493,0.0714
1781773929470,66507,-0.15088,0.34058,-0.87769,0.95346,191.938,186.75,117.562,0.7037,-0.6654,-0.2377,0.0722
1781773929470,66507,-0.15088,0.34058,-0.87769,0.95346,191.938,186.75,117.562,0.7037,-0.6654,-0.2377,0.0722
1781773929532,66569,-0.15088,0.34058,-0.87769,0.95346,191.938,186.75,117.562,0.7037,-0.6654,-0.2377,0.0722
1781773929532,66569,-0.04468,0.25952,-0.92505,0.9618,176.0,138.875,65.562,0.7112,-0.6882,-0.1217,0.0748
1781773929532,66569,-0.04468,0.25952,-0.92505,0.9618,176.0,138.875,65.562,0.7112,-0.6882,-0.1217,0.0748
1781773929589,66626,-0.01562,0.08984,-0.94727,0.95164,148.125,77.312,86.5,0.7044,-0.7062,-0.0272,0.0645
1781773929591,66628,-0.01538,0.10889,-0.94897,0.95532,149.438,70.438,92.125,0.7022,-0.7089,-0.0203,0.0623
1781773929591,66628,-0.01538,0.10889,-0.94897,0.95532,149.438,70.438,92.125,0.7022,-0.7089,-0.0203,0.0623
1781773929652,66689,0.06592,-0.03296,-0.93213,0.93504,67.062,76.312,61.062,0.6868,-0.7244,0.0326,0.0473
1781773929652,66689,0.04907,-0.01782,-0.97339,0.97479,65.812,83.375,60.438,0.684,-0.7266,0.0395,0.048
1781773929653,66690,0.04907,-0.01782,-0.97339,0.97479,65.812,83.375,60.438,0.684,-0.7266,0.0395,0.048
1781773929713,66750,0.21704,-0.0896,-0.93896,0.96788,0.125,33.312,38.875,0.6633,-0.743,0.0679,0.0561
1781773929713,66750,0.19214,-0.07617,-0.93774,0.96025,-1.438,29.0,32.75,0.6621,-0.7439,0.0689,0.057
1781773929713,66750,0.17578,-0.03931,-1.00732,1.0233,-21.562,-6.5,16.75,0.6511,-0.753,0.0688,0.0628
1781773929770,66807,0.17847,-0.03955,-1.00391,1.02041,-26.062,-16.375,16.375,0.6491,-0.755,0.0671,0.0632
1781773929770,66807,0.17383,-0.03442,-1.00171,1.01726,-28.75,-21.25,16.188,0.6485,-0.7556,0.0656,0.0633
1781773929770,66807,0.18115,-0.03589,-0.9165,0.93492,-4.75,4.688,24.875,0.6369,-0.7659,0.0571,0.0658
1781773929829,66866,0.18115,-0.03589,-0.9165,0.93492,-4.75,4.688,24.875,0.6369,-0.7659,0.0571,0.0658
1781773929829,66866,0.18018,-0.02563,-0.95483,0.97202,-1.25,0.0,23.812,0.6334,-0.7687,0.057,0.0661
1781773929830,66867,0.14111,0.00439,-1.021,1.03071,-18.688,-47.5,20.875,0.6249,-0.7769,0.0482,0.0585
1781773929891,66928,0.14355,-0.0022,-0.99756,1.00784,-19.438,-47.625,19.875,0.623,-0.7786,0.0463,0.0574
1781773929891,66928,0.14185,-0.00513,-0.97583,0.9861,-20.25,-46.75,18.688,0.6224,-0.7792,0.0444,0.0563
1781773929891,66928,0.05444,0.05322,-1.05542,1.05816,-47.375,-156.625,-13.812,0.6188,-0.7846,0.0115,0.0352
1781773929953,66990,0.02271,0.05908,-1.06226,1.06414,-55.5,-169.375,-18.188,0.6184,-0.7852,0.0021,0.0289
1781773929953,66990,0.01392,0.05957,-1.05591,1.05768,-59.25,-172.188,-21.188,0.619,-0.7848,-0.0043,0.0247
1781773929953,66990,-0.13208,0.04321,-0.92407,0.93446,-97.875,-323.438,-42.125,-0.6245,0.7753,0.088,0.0302
1781773930009,67046,-0.13208,0.04321,-0.92407,0.93446,-97.875,-323.438,-42.125,-0.6245,0.7753,0.088,0.0302
1781773930009,67046,-0.16675,0.10913,-0.96533,0.98569,-110.75,-306.438,-39.062,-0.6232,0.7725,0.1116,0.0458
1781773930010,67047,-0.16675,0.10913,-0.96533,0.98569,-110.75,-306.438,-39.062,-0.6232,0.7725,0.1116,0.0458
1781773930070,67107,-0.65234,0.27124,-0.84106,1.09841,-171.938,-376.625,-13.688,-0.6049,0.7349,0.2737,0.137
1781773930070,67107,-0.60718,0.22168,-0.86108,1.0767,-178.562,-407.5,-11.438,-0.5998,0.7276,0.2972,0.1491
1781773930070,67107,-0.60718,0.22168,-0.86108,1.0767,-178.562,-407.5,-11.438,-0.5998,0.7276,0.2972,0.1491
1781773930132,67169,-0.85034,0.29321,-0.36255,0.96979,-227.0,-582.375,27.375,-0.5389,0.6584,0.4661,0.2419
1781773930132,67169,-0.93921,0.36475,-0.21655,1.03056,-204.312,-565.688,50.375,-0.5166,0.6393,0.5049,0.2629
1781773930132,67169,-0.948,0.4519,-0.0105,1.05025,-168.312,-600.625,93.125,-0.382,0.5397,0.6619,0.3527
1781773930191,67228,-0.90576,0.43726,-0.00562,1.0058,-171.312,-586.938,95.875,-0.3655,0.5274,0.6766,0.3607
1781773930192,67229,-0.83545,0.41748,-0.00537,0.93397,-175.188,-550.312,97.875,-0.3417,0.5087,0.6976,0.371
1781773930192,67229,-0.51294,0.3855,0.54199,0.83992,-147.0,-252.938,72.625,-0.2246,0.3996,0.7927,0.4015
1781773930249,67286,-0.51294,0.3855,0.54199,0.83992,-147.0,-252.938,72.625,-0.2246,0.3996,0.7927,0.4015
1781773930249,67286,-0.5437,0.40771,0.66357,0.94983,-138.188,-193.75,66.438,-0.2131,0.3833,0.8046,0.3999
1781773930257,67294,-0.60986,0.38208,0.67896,0.98939,-168.688,-159.562,77.125,-0.1795,0.3168,0.8476,0.3858
1781773930311,67348,-0.60986,0.38208,0.67896,0.98939,-168.688,-159.562,77.125,-0.1795,0.3168,0.8476,0.3858
1781773930312,67349,-0.51953,0.32349,0.68042,0.91517,-192.875,-192.562,86.062,-0.1676,0.3001,0.8546,0.3889
1781773930314,67351,-0.2019,0.18555,0.89111,0.93235,-179.25,-226.938,77.25,-0.1033,0.2009,0.8945,0.3855
1781773930372,67409,-0.20093,0.19189,0.94263,0.98272,-174.375,-216.062,74.438,-0.0971,0.1907,0.8981,0.3837
1781773930372,67409,-0.2312,0.20044,1.01904,1.06399,-167.312,-210.688,70.938,-0.0897,0.1818,0.8985,0.3891
1781773930372,67409,-0.03223,0.10254,1.10522,1.11044,-92.438,-147.625,49.188,-0.0326,0.107,0.916,0.3849
1781773930429,67466,-0.03711,0.09937,1.05737,1.06268,-82.438,-145.75,48.375,-0.028,0.1013,0.9174,0.3836
1781773930429,67466,-0.05103,0.11353,1.06006,1.06734,-69.0,-134.312,48.438,-0.0186,0.0911,0.9181,0.385
1781773930430,67467,-0.05103,0.11353,1.06006,1.06734,-69.0,-134.312,48.438,-0.0186,0.0911,0.9181,0.385
1781773930489,67526,0.03613,0.09375,1.06812,1.07283,-10.938,-33.812,41.812,0.0097,0.0632,0.9215,0.3829
1781773930492,67529,0.03662,0.09302,1.04956,1.05431,-11.0,-29.5,41.0,0.0113,0.0621,0.9192,0.3884
1781773930492,67529,0.03052,0.09082,1.00488,1.00944,-18.812,17.938,18.188,0.0131,0.0568,0.9202,0.3869
1781773930549,67586,0.03271,0.07983,1.00244,1.00615,-18.938,21.875,15.438,0.012,0.0563,0.9205,0.3862
1781773930549,67586,0.02368,0.05933,0.9939,0.99595,-17.938,27.25,12.062,0.0109,0.056,0.9193,0.3891
1781773930550,67587,0.01318,0.06689,1.05615,1.05835,-4.25,-2.25,-2.375,0.0063,0.0521,0.917,0.3952
1781773930613,67650,0.01367,0.06396,1.04858,1.05062,-1.188,-3.312,-2.5,0.0064,0.052,0.9169,0.3953
1781773930614,67651,0.02319,0.06226,1.02856,1.03071,3.812,-2.688,-3.125,0.0069,0.052,0.9154,0.3989
1781773930614,67651,-0.00073,0.07739,1.02441,1.02733,6.812,8.312,-8.375,0.0071,0.0539,0.9113,0.4078
1781773930669,67706,-0.00879,0.07983,1.01831,1.02147,6.75,8.062,-8.688,0.0068,0.0543,0.9111,0.4082
1781773930669,67706,-0.01978,0.0769,0.99048,0.99366,5.312,2.562,-9.5,0.0069,0.0546,0.9099,0.411
1781773930670,67707,-0.01318,0.08154,0.99976,1.00316,-8.812,-19.5,-0.5,0.0095,0.0524,0.9075,0.4163
1781773930732,67769,-0.00562,0.06934,0.98828,0.99073,-8.625,-20.25,-0.312,0.0101,0.0516,0.9075,0.4164
1781773930732,67769,-0.01611,0.08252,0.97461,0.97823,-8.188,-17.875,0.375,0.0107,0.051,0.9075,0.4165
1781773930732,67769,0.00293,0.07837,1.00244,1.0055,1.875,-9.688,1.438,0.0146,0.0466,0.9048,0.4228
1781773930789,67826,-0.00854,0.0896,0.99292,0.99699,2.25,-5.688,1.188,0.0151,0.0466,0.9048,0.4227
1781773930789,67826,-0.01758,0.09229,0.99512,0.99954,2.375,-1.812,1.0,0.0155,0.0466,0.9031,0.4262
1781773930790,67827,-0.01685,0.09448,0.97925,0.98394,0.312,-4.75,0.938,0.0159,0.0482,0.9016,0.4294
1781773930849,67886,-0.01294,0.08765,0.98901,0.99297,-0.812,-5.688,1.375,0.0161,0.048,0.9016,0.4293
1781773930849,67886,-0.00317,0.07983,0.97241,0.97569,-3.812,-7.812,1.875,0.0167,0.0475,0.9008,0.4312
1781773930850,67887,0.01025,0.06738,0.98535,0.98771,-12.25,1.812,1.125,0.0168,0.0427,0.8999,0.4335
1781773930909,67946,0.01587,0.06006,0.99219,0.99413,-11.75,4.188,0.0,0.0164,0.0422,0.8999,0.4335
1781773930909,67946,0.00464,0.0686,1.00391,1.00626,-11.062,5.438,-1.0,0.0161,0.0419,0.8997,0.434
1781773930914,67951,0.01685,0.05273,1.03638,1.03785,-2.0,8.062,-0.75,0.0132,0.041,0.8988,0.4359
1781773930969,68006,0.00928,0.05591,1.04272,1.04426,-1.125,5.125,-0.875,0.013,0.041,0.8988,0.4359
1781773930969,68006,0.01587,0.05225,1.03125,1.03269,0.0,2.0,-0.75,0.0128,0.041,0.8988,0.436
1781773930971,68008,0.02441,0.06006,0.99341,0.99552,1.125,-1.812,-0.562,0.0151,0.0411,0.8978,0.4379
1781773931029,68066,0.02539,0.06836,0.99634,0.999,0.875,-0.312,-1.625,0.0152,0.0411,0.8978,0.4379
1781773931029,68066,0.01465,0.06982,1.00537,1.0079,0.938,0.812,-1.938,0.0152,0.0412,0.8978,0.438
1781773931029,68066,0.0061,0.07349,1.0271,1.02974,-6.438,7.25,-5.625,0.0133,0.0409,0.8959,0.4419
1781773931089,68126,0.00635,0.07349,1.02051,1.02317,-6.0,4.375,-5.438,0.013,0.0408,0.8958,0.4421
1781773931092,68129,0.01245,0.06812,1.02124,1.02359,-5.188,2.5,-5.0,0.0128,0.0406,0.8957,0.4423
1781773931092,68129,0.00708,0.07349,1.02783,1.03048,-0.75,-9.125,0.562,0.0138,0.0384,0.8937,0.4464
1781773931149,68186,0.00806,0.06885,1.01953,1.02188,0.188,-9.062,0.312,0.0142,0.0382,0.8937,0.4464
1781773931149,68186,0.00757,0.07178,1.02148,1.02403,2.75,-6.25,-0.625,0.015,0.038,0.8934,0.4472
1781773931150,68187,-0.02588,0.08032,0.98999,0.99358,1.812,2.25,-4.0,0.0147,0.0397,0.8919,0.45
1781773931214,68251,-0.02856,0.07837,0.98755,0.99107,0.625,-0.875,-3.312,0.0147,0.0397,0.8919,0.4501
1781773931214,68251,-0.02075,0.0813,0.98413,0.9877,-0.875,-4.625,-2.0,0.0148,0.0396,0.8918,0.4501
1781773931269,68306,0.02148,0.04858,0.99829,0.9997,-7.875,-13.75,3.75,0.0184,0.0347,0.8918,0.4504
1781773931270,68307,0.02246,0.04297,0.98926,0.99045,-6.438,-10.75,3.562,0.0189,0.0339,0.8919,0.4503
1781773931270,68307,0.01782,0.04663,0.98169,0.98296,-6.125,-6.75,2.75,0.0192,0.0333,0.892,0.4502
1781773931332,68369,0.00952,0.05273,0.97705,0.97852,0.0,12.25,-1.312,0.0178,0.033,0.8911,0.452
1781773931332,68369,-0.0022,0.05322,0.97632,0.97777,0.0,13.812,-1.562,0.0173,0.0333,0.8911,0.452
1781773931333,68370,0.00928,0.04346,0.99097,0.99196,-9.938,1.562,-2.5,0.0124,0.0334,0.892,0.4503
1781773931389,68426,0.01709,0.03271,0.96875,0.96945,-10.438,2.812,-3.125,0.0122,0.033,0.892,0.4504
1781773931389,68426,0.00537,0.03687,0.95874,0.95946,-10.875,6.375,-3.812,0.0117,0.0327,0.892,0.4505
1781773931391,68428,0.00537,0.03687,0.95874,0.95946,-10.875,6.375,-3.812,0.0117,0.0327,0.892,0.4505
1781773931454,68491,-0.01343,0.03857,0.99194,0.99278,-8.438,22.0,-1.938,0.0015,0.0314,0.8912,0.4522
1781773931454,68491,-0.01904,0.03491,0.99561,0.9964,-7.688,23.0,-1.688,0.0005,0.0316,0.8912,0.4523
1781773931454,68491,-0.01904,0.03491,0.99561,0.9964,-7.688,23.0,-1.688,0.0005,0.0316,0.8912,0.4523
1781773931512,68549,-0.02002,0.021,0.96582,0.96626,-10.438,11.0,-0.188,-0.0059,0.031,0.8905,0.4537
1781773931513,68550,-0.02271,0.02808,0.97046,0.97113,-11.062,11.938,-0.938,-0.0065,0.0308,0.8905,0.4537
1781773931513,68550,-0.01221,0.01123,1.01953,1.01967,-9.938,1.312,-2.562,-0.0111,0.027,0.8898,0.4551
1781773931570,68607,-0.02368,0.01489,1.0127,1.01308,-9.875,1.688,-2.625,-0.0113,0.0267,0.8898,0.4552
1781773931570,68607,-0.02759,0.01025,1.01807,1.01849,-9.938,1.812,-2.188,-0.0115,0.0263,0.8897,0.4553
1781773931570,68607,-0.02759,0.01025,1.01807,1.01849,-9.938,1.812,-2.188,-0.0115,0.0263,0.8897,0.4553
1781773931629,68666,-0.02002,0.0083,1.05005,1.05027,-5.938,-4.562,0.312,-0.0117,0.0225,0.889,0.457
1781773931629,68666,-0.01733,0.00659,1.04004,1.0402,-5.0,-4.875,0.0,-0.0116,0.0222,0.889,0.457
1781773931630,68667,-0.01733,0.00659,1.04004,1.0402,-5.0,-4.875,0.0,-0.0116,0.0222,0.889,0.457
1781773931693,68730,-0.03101,0.01392,1.03809,1.03864,3.875,-0.938,-7.188,-0.0112,0.0228,0.8866,0.4616
1781773931693,68730,-0.02686,0.01831,1.02271,1.02322,3.938,-4.188,-7.312,-0.011,0.0229,0.8864,0.4619
1781773931693,68730,-0.02686,0.01831,1.02271,1.02322,3.938,-4.188,-7.312,-0.011,0.0229,0.8864,0.4619
1781773931749,68786,-0.03784,0.02417,1.01587,1.01686,-0.75,2.5,-7.312,-0.0092,0.023,0.8832,0.4681
1781773931755,68792,-0.03296,0.02417,1.01855,1.01937,-1.125,3.438,-6.812,-0.0093,0.023,0.883,0.4684
1781773931755,68792,-0.02075,0.00464,1.02515,1.02537,-0.875,-3.062,-2.125,-0.0095,0.0222,0.8821,0.4703
1781773931809,68846,-0.02075,0.00464,1.02515,1.02537,-0.875,-3.062,-2.125,-0.0095,0.0222,0.8821,0.4703
1781773931809,68846,-0.01807,0.01123,1.02173,1.02195,-0.125,-2.75,-2.5,-0.0093,0.0222,0.882,0.4703
1781773931810,68847,-0.04004,0.00781,1.00122,1.00205,3.875,0.438,-5.938,-0.0092,0.0231,0.8804,0.4734
1781773931870,68907,-0.04004,0.00781,1.00122,1.00205,3.875,0.438,-5.938,-0.0092,0.0231,0.8804,0.4734
1781773931870,68907,-0.03442,0.00952,0.99414,0.99478,3.5,0.062,-5.125,-0.0091,0.0234,0.8801,0.4738
1781773931871,68908,-0.01587,-0.00049,0.98804,0.98816,-3.812,-7.938,-0.688,-0.0073,0.0222,0.879,0.476
1781773931931,68968,-0.0083,-0.00586,0.98584,0.98589,-4.625,-5.5,-0.688,-0.007,0.0217,0.8787,0.4766
1781773931931,68968,-0.01074,-0.00366,0.98364,0.98371,-4.75,-4.188,-0.938,-0.007,0.0216,0.8787,0.4766
1781773931932,68969,-0.01074,-0.00366,0.98364,0.98371,-4.75,-4.188,-0.938,-0.007,0.0216,0.8787,0.4766
1781773931989,69026,-0.04858,0.00806,0.99683,0.99804,-6.938,14.875,-1.625,-0.0117,0.0211,0.8786,0.4767
1781773931989,69026,-0.03418,0.0022,0.98511,0.9857,-6.75,10.062,0.312,-0.0128,0.0211,0.8788,0.4764
1781773931996,69033,-0.03247,-0.00342,0.99414,0.99468,-7.812,-0.438,0.875,-0.0163,0.0194,0.879,0.4758
1781773932057,69094,-0.04321,-0.00562,1.0144,1.01534,-7.562,-0.062,1.5,-0.0166,0.019,0.8785,0.4768
1781773932112,69149,-0.04614,-0.00122,1.01318,1.01423,-6.875,-5.438,2.062,-0.0166,0.0184,0.8786,0.4766
1781773932112,69149,-0.02979,-0.02173,0.98291,0.9836,-8.688,-2.375,5.188,-0.016,0.015,0.8792,0.4758
1781773932113,69150,-0.04639,-0.00757,0.98584,0.98696,-9.375,-2.188,5.812,-0.0161,0.0147,0.8793,0.4756
1781773932171,69208,-0.04199,-0.0144,0.98242,0.98342,-9.5,-1.75,7.375,-0.0162,0.0141,0.8791,0.4759
1781773932171,69208,-0.03394,-0.03271,1.00146,1.00257,-8.188,-3.375,14.75,-0.0189,0.0109,0.8815,0.4715
1781773932172,69209,-0.01587,-0.05054,1.00024,1.00165,-4.812,-10.625,8.562,-0.0163,0.0053,0.8829,0.4689
1781773932231,69268,-0.02344,-0.03906,1.00952,1.01055,-4.125,-8.125,8.0,-0.0158,0.0046,0.8823,0.4702
1781773932231,69268,-0.0249,-0.03662,1.01685,1.01781,-3.625,-7.062,8.438,-0.0156,0.0043,0.8825,0.4699
1781773932232,69269,-0.0293,-0.03735,1.01025,1.01137,-5.812,-3.812,12.312,-0.0145,0.002,0.8825,0.4698
1781773932291,69328,-0.0293,-0.03735,1.01025,1.01137,-5.812,-3.812,12.312,-0.0145,0.002,0.8825,0.4698
1781773932292,69329,-0.02197,-0.03906,1.00586,1.00686,-5.875,-3.062,12.688,-0.0145,0.0017,0.8828,0.4693
1781773932292,69329,-0.02246,-0.04541,1.00513,1.0064,-6.812,-7.938,7.062,-0.0148,-0.0016,0.8848,0.4655
1781773932349,69386,-0.02661,-0.04517,0.99805,0.99942,-6.25,-7.375,7.438,-0.0145,-0.0024,0.8848,0.4656
1781773932349,69386,-0.02563,-0.04297,1.00122,1.00247,-6.125,-7.688,7.438,-0.0144,-0.0028,0.8849,0.4653
1781773932350,69387,-0.01343,-0.04956,1.00562,1.00693,-5.188,-6.312,8.062,-0.0126,-0.006,0.8856,0.464
1781773932411,69448,-0.01343,-0.04956,1.00562,1.00693,-5.188,-6.312,8.062,-0.0126,-0.006,0.8856,0.464
1781773932411,69448,-0.01221,-0.05322,1.00293,1.00442,-5.25,-6.188,7.812,-0.0123,-0.0068,0.8858,0.4637
1781773932411,69448,-0.01709,-0.05103,1.01514,1.01656,-4.875,-1.938,11.625,-0.0115,-0.01,0.8875,0.4603
1781773932469,69506,-0.0127,-0.04517,1.0105,1.01159,-4.25,-1.562,12.062,-0.0115,-0.0102,0.8877,0.4598
1781773932469,69506,-0.00977,-0.05469,1.0144,1.01592,-4.812,-2.125,12.875,-0.0116,-0.0105,0.8881,0.4591
1781773932529,69566,0.00757,-0.05078,1.03027,1.03155,-4.438,-10.875,11.75,-0.0098,-0.0138,0.8902,0.455
1781773932529,69566,0.01733,-0.05737,1.01855,1.02032,-3.75,-10.562,11.375,-0.0095,-0.0142,0.8905,0.4545
1781773932530,69567,0.01709,-0.06372,1.02295,1.02507,-3.5,-8.562,10.625,-0.0092,-0.0145,0.8905,0.4544
1781773932594,69631,-0.00439,-0.04956,1.00537,1.0066,-1.562,-1.5,7.562,-0.0083,-0.0157,0.8918,0.4519
1781773932594,69631,-0.00146,-0.05103,1.02026,1.02154,-1.625,-1.0,8.188,-0.0083,-0.0158,0.8919,0.4515
1781773932599,69636,0.00732,-0.06079,1.01245,1.0143,-1.375,-6.375,9.0,-0.0076,-0.0168,0.8934,0.4485
1781773932649,69686,0.0105,-0.05688,1.00342,1.00508,-1.75,-5.0,8.812,-0.0075,-0.0169,0.8936,0.4482
1781773932651,69688,-0.00024,-0.05762,1.01099,1.01263,-1.25,-3.438,9.125,-0.0073,-0.0172,0.8931,0.4492
1781773932651,69688,-0.00391,-0.05566,1.00806,1.0096,0.312,0.75,9.438,-0.0078,-0.0168,0.8934,0.4487
1781773932717,69754,0.01001,-0.06299,1.01294,1.01495,0.625,1.125,9.812,-0.0078,-0.0168,0.8936,0.4483
1781773932717,69754,0.00439,-0.06421,1.00562,1.00767,1.125,-1.938,8.938,-0.0077,-0.0167,0.8942,0.447
1781773932717,69754,0.00635,-0.05566,0.98877,0.99036,0.0,-0.625,8.875,-0.0072,-0.0167,0.8948,0.4459
1781773932770,69807,0.00122,-0.06226,0.98853,0.99048,0.0,0.438,9.125,-0.0072,-0.0167,0.895,0.4456
1781773932770,69807,-0.00415,-0.05981,0.99756,0.99936,0.0,-0.188,8.938,-0.0073,-0.0167,0.8951,0.4452
1781773932773,69810,-0.00098,-0.06152,1.00732,1.0092,0.0,6.938,9.375,-0.0083,-0.0165,0.8962,0.443
1781773932829,69866,-0.00513,-0.0564,1.00586,1.00745,0.188,8.062,9.5,-0.0086,-0.0164,0.8964,0.4426
1781773932829,69866,-0.01392,-0.05127,1.00488,1.00629,0.125,8.5,9.875,-0.009,-0.0162,0.8966,0.4423
1781773932830,69867,-0.06836,-0.02808,1.02417,1.02683,-2.625,5.312,27.25,-0.0122,-0.015,0.8984,0.4385
1781773932893,69930,-0.07153,-0.02295,1.02905,1.03179,-1.938,5.688,28.688,-0.0125,-0.015,0.8989,0.4374
1781773932893,69930,-0.07275,-0.02905,1.03027,1.03325,-1.125,7.688,30.688,-0.0129,-0.0148,0.8994,0.4363
1781773932893,69930,-0.09009,-0.02466,0.99927,1.00362,10.688,5.125,61.0,-0.0158,-0.0093,0.9076,0.4192
1781773932952,69989,-0.09595,-0.01904,0.99243,0.99724,9.438,6.062,64.25,-0.0159,-0.0087,0.9087,0.4168
1781773932952,69989,-0.09912,-0.01343,1.0061,1.01106,8.312,6.375,67.875,-0.0161,-0.0083,0.9099,0.4141
1781773932952,69989,-0.09619,-0.02881,1.03491,1.03977,9.188,0.25,78.312,-0.0164,-0.0031,0.9221,0.3864
1781773933009,70046,-0.12671,-0.00586,1.04468,1.05235,10.562,-0.938,75.875,-0.0163,-0.0026,0.9233,0.3834
1781773933010,70047,-0.14819,0.00562,1.04272,1.05322,11.875,-1.875,75.5,-0.0161,-0.002,0.9246,0.3804
1781773933011,70048,-0.07642,-0.05029,0.97876,0.98303,16.375,-18.188,87.312,-0.0064,0.0018,0.9347,0.3551
1781773933069,70106,-0.06665,-0.05493,0.97192,0.97575,16.625,-17.188,88.312,-0.0055,0.0023,0.936,0.3515
1781773933069,70106,-0.07056,-0.05029,0.979,0.98283,17.125,-15.875,89.875,-0.0046,0.0027,0.9374,0.3479
1781773933070,70107,-0.06055,-0.03857,0.95972,0.9624,28.875,8.625,92.938,0.0004,0.0114,0.9489,0.315
1781773933133,70170,-0.05151,-0.0354,0.95801,0.96004,27.562,10.875,93.188,0.0004,0.0126,0.9501,0.3112
1781773933133,70170,-0.05249,-0.03149,0.95093,0.9529,25.125,10.938,93.25,0.0004,0.0138,0.9514,0.3074
1781773933133,70170,-0.04932,-0.02661,0.97168,0.97329,7.25,2.688,81.875,0.0021,0.0204,0.9613,0.2746
1781773933192,70229,-0.05591,-0.01587,0.97363,0.97537,5.688,2.188,81.812,0.0021,0.0206,0.9622,0.2712
1781773933192,70229,-0.0354,-0.02881,0.99146,0.99251,4.75,4.5,81.625,0.0021,0.0211,0.9634,0.2669
1781773933192,70229,-0.00635,-0.03833,1.01196,1.01271,7.25,7.875,72.812,0.0019,0.0233,0.9691,0.245
1781773933252,70289,-0.03027,-0.02417,1.01416,1.0149,9.688,7.688,71.438,0.0016,0.0239,0.9702,0.2405
1781773933253,70290,-0.03223,-0.02271,1.01123,1.012,10.875,8.062,71.5,0.0015,0.0241,0.9706,0.2391
1781773933253,70290,-0.03223,-0.02271,1.01123,1.012,10.875,8.062,71.5,0.0015,0.0241,0.9706,0.2391
1781773933310,70347,0.07056,-0.05688,0.99683,1.00094,14.875,-3.0,68.438,0.0037,0.0305,0.9757,0.2166
1781773933311,70348,0.06885,-0.05737,0.9834,0.98747,14.188,-1.688,65.75,0.004,0.031,0.9763,0.2138
1781773933311,70348,0.0061,0.01074,1.02148,1.02156,-3.688,2.938,57.938,0.0054,0.0319,0.9802,0.195
1781773933372,70409,0.01367,0.00708,1.01807,1.01818,-2.562,2.188,58.188,0.0053,0.0317,0.9807,0.1926
1781773933372,70409,0.02783,-0.00659,1.01294,1.01334,-1.375,2.875,57.812,0.0053,0.0316,0.9811,0.1902
1781773933373,70410,0.07397,-0.01685,1.00903,1.01188,-0.25,0.688,48.938,0.0065,0.0306,0.984,0.1752
1781773933428,70465,0.06982,-0.01099,1.0083,1.01078,-0.75,2.25,48.062,0.0065,0.0305,0.9843,0.1732
1781773933429,70466,0.06812,-0.01782,1.01074,1.01319,-0.812,3.188,47.438,0.0065,0.0305,0.9846,0.1712
1781773933430,70467,0.06812,-0.01782,1.01074,1.01319,-0.812,3.188,47.438,0.0065,0.0305,0.9846,0.1712
1781773933494,70531,0.06152,-0.01172,1.03149,1.03339,2.062,0.5,43.875,0.0065,0.0303,0.9868,0.1585
1781773933494,70531,0.0769,-0.01196,1.02881,1.03175,1.938,0.625,42.5,0.0066,0.0304,0.9872,0.1557
1781773933494,70531,0.05615,-0.00415,0.9751,0.97672,2.812,-3.875,30.688,0.009,0.0312,0.9881,0.1499
1781773933550,70587,0.05566,-0.00293,0.9812,0.98278,1.875,-2.5,30.125,0.0093,0.0312,0.9884,0.1479
1781773933551,70588,0.05688,0.00537,0.9917,0.99334,1.375,-3.25,29.5,0.0095,0.0313,0.9885,0.1467
1781773933551,70588,0.05688,0.00537,0.9917,0.99334,1.375,-3.25,29.5,0.0095,0.0313,0.9885,0.1467
1781773933611,70648,0.04663,0.0144,1.00586,1.00704,1.25,-3.5,30.125,0.0115,0.0307,0.9891,0.1424
1781773933611,70648,0.04248,0.01196,1.00049,1.00146,2.438,-2.0,29.688,0.0117,0.0308,0.9893,0.1411
1781773933611,70648,0.04248,0.01196,1.00049,1.00146,2.438,-2.0,29.688,0.0117,0.0308,0.9893,0.1411
1781773933671,70708,0.02515,0.03198,1.02759,1.02839,3.188,-6.438,27.125,0.0145,0.0316,0.9901,0.1356
1781773933671,70708,0.03613,0.03149,1.03418,1.03529,3.625,-6.062,27.438,0.0148,0.0316,0.9902,0.1345
1781773933671,70708,0.08643,0.07275,1.08813,1.09398,26.312,-0.062,10.688,0.0166,0.0371,0.9906,0.1298
1781773933729,70766,0.10938,0.06519,1.05786,1.0655,26.75,-5.375,7.688,0.0173,0.0387,0.9902,0.1319
1781773933730,70767,0.13599,0.05176,1.05176,1.06177,27.75,-6.0,5.562,0.0178,0.0398,0.9902,0.1317
1781773933730,70767,0.13599,0.05176,1.05176,1.06177,27.75,-6.0,5.562,0.0178,0.0398,0.9902,0.1317
1781773933792,70829,0.35254,-0.06445,1.0708,1.12918,-0.562,-19.125,-76.625,0.026,0.0445,0.9873,0.1495
1781773933792,70829,0.31323,-0.03906,1.11572,1.15952,3.562,-19.25,-83.062,0.0267,0.0445,0.9868,0.1529
1781773933800,70837,0.31323,-0.03906,1.11572,1.15952,3.562,-19.25,-83.062,0.0267,0.0445,0.9868,0.1529
1781773933849,70886,0.14771,0.11963,1.04639,1.06351,32.25,-25.625,-100.375,0.0402,0.0574,0.9775,0.1984
1781773933849,70886,0.1958,0.09497,1.04834,1.07069,32.062,-29.688,-100.688,0.0416,0.0586,0.9765,0.2026
1781773933850,70887,0.1958,0.09497,1.04834,1.07069,32.062,-29.688,-100.688,0.0416,0.0586,0.9765,0.2026
1781773933910,70947,0.30469,0.07153,1.06982,1.11466,41.062,-32.812,-131.125,0.0604,0.0737,0.9627,0.253
1781773933910,70947,0.28809,0.08276,1.09424,1.13455,44.688,-32.562,-135.562,0.0619,0.0755,0.9609,0.2585
1781773933910,70947,0.15601,0.14331,0.98267,1.00524,101.625,-56.812,-180.25,0.0842,0.1035,0.9393,0.3155
1781773933969,71006,0.15601,0.14331,0.98267,1.00524,101.625,-56.812,-180.25,0.0842,0.1035,0.9393,0.3155
1781773933969,71006,0.19971,0.14648,0.92163,0.95433,93.875,-53.562,-186.312,0.0895,0.1115,0.934,0.3272
1781773933969,71006,0.19971,0.14648,0.92163,0.95433,93.875,-53.562,-186.312,0.0895,0.1115,0.934,0.3272
1781773934030,71067,0.1106,0.23657,0.9585,0.99343,48.812,-47.5,-205.938,0.1082,0.1425,0.8975,0.4029
1781773934030,71067,0.07959,0.24121,0.9624,0.99536,50.812,-47.312,-206.688,0.1095,0.1446,0.8933,0.4109
1781773934031,71068,0.06348,0.25537,0.78638,0.82924,60.125,-46.562,-234.562,0.1201,0.1663,0.8565,0.4735
1781773934093,71130,0.06348,0.25537,0.78638,0.82924,60.125,-46.562,-234.562,0.1201,0.1663,0.8565,0.4735
1781773934093,71130,0.07031,0.23291,0.78613,0.82292,47.75,-39.0,-231.688,0.1207,0.1716,0.8486,0.4853
1781773934093,71130,0.0,0.25,0.89893,0.93304,5.188,-41.188,-200.688,0.1192,0.1817,0.8099,0.5446
1781773934150,71187,0.0,0.25,0.89893,0.93304,5.188,-41.188,-200.688,0.1192,0.1817,0.8099,0.5446
1781773934150,71187,-0.03564,0.24365,0.927,0.95915,8.812,-43.188,-199.688,0.1173,0.1834,0.8029,0.5546
1781773934150,71187,0.03198,0.17529,0.91626,0.93343,7.312,-83.5,-225.625,0.1222,0.1807,0.7587,0.6136
1781773934213,71250,0.03198,0.17529,0.91626,0.93343,7.312,-83.5,-225.625,0.1222,0.1807,0.7587,0.6136
1781773934213,71250,0.01172,0.17749,0.88867,0.9063,3.688,-82.125,-228.75,0.1232,0.1795,0.7475,0.6273
1781773934213,71250,-0.12549,0.19556,0.95068,0.97867,-18.938,-80.312,-189.938,0.1242,0.1688,0.6978,0.6848
1781773934269,71306,-0.12549,0.19556,0.95068,0.97867,-18.938,-80.312,-189.938,0.1242,0.1688,0.6978,0.6848
1781773934269,71306,-0.13721,0.18823,0.97388,1.00135,-20.188,-82.438,-182.125,0.1235,0.1657,0.6922,0.6912
1781773934270,71307,-0.11523,0.18164,0.97534,0.99878,-13.0,-86.062,-169.875,0.128,0.1462,0.6499,0.7346
1781773934329,71366,-0.12329,0.18506,0.97729,1.00227,-12.812,-84.688,-167.938,0.1288,0.1441,0.6442,0.7399
1781773934329,71366,-0.12402,0.18481,0.95703,0.98257,-12.375,-82.125,-164.438,0.1291,0.1417,0.6403,0.7436
1781773934329,71366,-0.16553,0.20264,0.95044,0.9858,-18.938,-69.562,-143.0,0.1329,0.1242,0.5922,0.7848
1781773934389,71426,-0.18652,0.21509,0.948,0.98983,-19.688,-67.062,-138.5,0.1331,0.1222,0.5872,0.7888
1781773934389,71426,-0.15747,0.20288,0.96484,0.99844,-22.188,-66.0,-134.5,0.134,0.1195,0.5781,0.7958
1781773934389,71426,-0.08765,0.177,0.97827,0.99801,-19.0,-51.25,-108.75,0.1356,0.0991,0.5192,0.8378
1781773934448,71485,-0.07959,0.17944,0.9646,0.98437,-20.688,-49.938,-107.562,0.1355,0.0975,0.5151,0.8405
1781773934448,71485,-0.07397,0.17041,0.97437,0.99192,-22.938,-47.938,-105.625,0.1372,0.0932,0.4945,0.853
1781773934450,71487,-0.10645,0.15381,0.87524,0.89501,-18.438,-28.062,-103.5,0.1367,0.0719,0.4033,0.9018
1781773934509,71546,-0.10645,0.15381,0.87524,0.89501,-18.438,-28.062,-103.5,0.1367,0.0719,0.4033,0.9018
1781773934509,71546,-0.10425,0.14307,0.85278,0.87096,-20.25,-26.625,-101.5,0.1375,0.0663,0.368,0.9171
1781773934513,71550,-0.03027,0.15527,0.89819,0.91202,-28.938,-43.812,-90.875,0.1333,0.0469,0.278,0.95
1781773934570,71607,-0.02441,0.1626,0.89722,0.91216,-30.5,-45.188,-90.125,0.1324,0.0452,0.2741,0.9514
1781773934570,71607,-0.02124,0.17139,0.90332,0.91968,-32.375,-42.188,-89.125,0.1322,0.0387,0.2391,0.9611
1781773934570,71607,-0.05566,0.21094,0.99731,1.0209,-45.25,-28.312,-77.188,0.1207,0.0205,0.1503,0.9809
1781773934629,71666,-0.04077,0.20215,1.02686,1.04736,-46.062,-30.062,-75.688,0.1188,0.0193,0.147,0.9817
1781773934629,71666,-0.01025,0.20801,1.06567,1.08583,-47.312,-35.438,-72.562,0.1156,0.013,0.1104,0.9869
1781773934629,71666,0.02295,0.22021,1.1604,1.18133,-28.562,-34.812,-65.5,0.1016,-0.005,0.0243,0.9944
1781773934689,71726,0.04272,0.21362,1.07251,1.09441,-29.0,-34.812,-63.062,0.1004,-0.0063,0.0215,0.9946
1781773934689,71726,0.04468,0.20068,1.09619,1.11531,-31.688,-28.562,-61.812,0.0991,-0.0073,0.0187,0.9948
1781773934689,71726,-0.03979,0.23145,1.13208,1.15618,-22.562,-4.938,-38.875,0.0878,-0.0177,-0.0844,0.9923
1781773934749,71786,-0.04248,0.2207,1.15137,1.1731,-22.25,-8.438,-35.625,0.0868,-0.0178,-0.0861,0.9923
1781773934750,71787,0.0271,0.21509,1.17529,1.19512,-21.5,-15.75,-31.75,0.0845,-0.0206,-0.1141,0.9896
1781773934750,71787,0.0271,0.21509,1.17529,1.19512,-21.5,-15.75,-31.75,0.0845,-0.0206,-0.1141,0.9896
1781773934810,71847,0.00708,0.21582,1.03125,1.05362,-16.125,-24.812,-32.062,0.0754,-0.0317,-0.1761,0.9808
1781773934815,71852,0.02954,0.1709,1.01074,1.02551,-11.188,-17.438,-32.25,0.0747,-0.0323,-0.1775,0.9807
1781773934815,71852,0.02954,0.1709,1.01074,1.02551,-11.188,-17.438,-32.25,0.0747,-0.0323,-0.1775,0.9807
1781773934869,71906,0.02954,0.1709,1.01074,1.02551,-11.188,-17.438,-32.25,0.0747,-0.0323,-0.1775,0.9807
1781773934869,71906,-0.01245,0.1521,0.94678,0.959,2.5,-9.938,-37.438,0.0708,-0.0404,-0.2553,0.9633
1781773934870,71907,-0.03027,0.15918,1.00928,1.0222,-7.062,-7.688,-31.125,0.0687,-0.0471,-0.3245,0.9421
1781773934930,71967,-0.0271,0.16309,1.01392,1.02731,-8.5,-6.188,-29.688,0.0684,-0.0471,-0.3258,0.9417
1781773934930,71967,-0.02954,0.15796,1.02222,1.03477,-9.25,-1.75,-28.875,0.0671,-0.0481,-0.3427,0.9357
1781773934934,71971,-0.05005,0.14087,1.07666,1.08699,-8.375,2.438,-23.812,0.0629,-0.0473,-0.3786,0.9221
1781773934989,72026,-0.04907,0.15405,1.05664,1.06894,-7.438,-5.625,-21.25,0.0626,-0.0473,-0.3795,0.9218
1781773934989,72026,-0.01343,0.13599,1.08472,1.09329,-5.375,-7.938,-20.562,0.0623,-0.0474,-0.3803,0.9214
1781773934989,72026,0.0,0.12598,0.94653,0.95488,2.75,-7.812,-25.25,0.0606,-0.0534,-0.4244,0.9017
1781773935049,72086,0.00879,0.12158,0.95166,0.95944,2.062,-7.5,-24.875,0.0606,-0.0537,-0.4254,0.9013
1781773935049,72086,-0.00488,0.13013,0.96509,0.97383,2.125,-7.188,-25.438,0.0606,-0.0539,-0.4264,0.9008
1781773935049,72086,-0.00488,0.14136,1.00342,1.01334,-13.062,0.125,-16.438,0.0567,-0.056,-0.4645,0.8818
1781773935109,72146,0.00146,0.13647,1.01196,1.02113,-12.875,-0.375,-15.25,0.0562,-0.0557,-0.4651,0.8816
1781773935110,72147,0.00439,0.14087,1.01367,1.02342,-13.062,-1.812,-14.375,0.0557,-0.0554,-0.4656,0.8813
1781773935111,72148,0.04736,0.12354,1.05371,1.06198,-7.25,-0.75,-6.688,0.0498,-0.0545,-0.4952,0.8655
1781773935169,72206,0.06372,0.12012,1.06494,1.07359,-4.438,-2.062,-6.75,0.0495,-0.0545,-0.4954,0.8654
1781773935169,72206,0.05981,0.12109,1.03271,1.04151,-1.875,-2.938,-8.125,0.0494,-0.0545,-0.4957,0.8652
1781773935169,72206,0.03271,0.13647,1.03833,1.04777,5.625,4.062,-13.875,0.0501,-0.055,-0.5169,0.8527
1781773935229,72266,0.03735,0.13354,1.01782,1.02723,5.312,1.062,-12.5,0.0504,-0.055,-0.5173,0.8524
1781773935230,72267,0.03491,0.13159,1.01611,1.02519,4.562,1.25,-12.125,0.0506,-0.0551,-0.5177,0.8521
1781773935230,72267,0.03491,0.13159,1.01611,1.02519,4.562,1.25,-12.125,0.0506,-0.0551,-0.5177,0.8521
1781773935290,72327,0.03955,0.12183,0.97046,0.97888,-4.688,5.5,-6.938,0.0501,-0.0547,-0.5337,0.8423
1781773935290,72327,0.03809,0.12256,0.96411,0.97262,-4.875,3.938,-6.562,0.0501,-0.0544,-0.5339,0.8421
1781773935291,72328,0.03687,0.11792,0.97241,0.98023,-1.438,2.375,-5.312,0.048,-0.0526,-0.5479,0.8334
1781773935351,72388,0.02808,0.12476,0.98145,0.98974,-0.75,1.125,-5.125,0.048,-0.0524,-0.5482,0.8332
1781773935351,72388,0.02979,0.12598,0.98389,0.99237,-0.062,0.375,-4.562,0.0479,-0.0526,-0.5511,0.8312
1781773935351,72388,0.03882,0.1333,1.02222,1.0316,0.0,1.438,-6.625,0.0477,-0.0529,-0.5567,0.8275
1781773935408,72445,0.03516,0.13892,1.021,1.031,-0.5,0.125,-6.5,0.0478,-0.0528,-0.5571,0.8272
1781773935410,72447,0.03101,0.13647,1.02295,1.03248,-1.188,-0.438,-6.062,0.0477,-0.0527,-0.5573,0.8271
1781773935410,72447,0.03101,0.13647,1.02295,1.03248,-1.188,-0.438,-6.062,0.0477,-0.0527,-0.5573,0.8271
1781773935470,72507,0.04468,0.12842,1.02124,1.03025,-0.625,-2.188,-1.062,0.0464,-0.0535,-0.5618,0.824
1781773935470,72507,0.03979,0.13159,1.01758,1.02682,0.0,-1.75,-0.938,0.0463,-0.0536,-0.5618,0.824
1781773935470,72507,0.052,0.12305,0.96802,0.97719,2.875,-2.375,2.438,0.0462,-0.0553,-0.5639,0.8226
1781773935528,72565,0.05396,0.12573,0.96729,0.97691,3.188,-1.875,1.688,0.0462,-0.0555,-0.5638,0.8226
1781773935528,72565,0.05347,0.12329,0.96826,0.97754,3.188,-1.375,0.812,0.0463,-0.0557,-0.5637,0.8226
1781773935530,72567,0.05347,0.12329,0.96826,0.97754,3.188,-1.375,0.812,0.0463,-0.0557,-0.5637,0.8226
1781773935593,72630,0.06714,0.12988,0.98804,0.9988,-1.25,0.312,-5.5,0.046,-0.0568,-0.5675,0.82
1781773935593,72630,0.06396,0.1311,0.99536,1.00599,-2.375,1.688,-5.75,0.046,-0.0567,-0.5678,0.8198
1781773935593,72630,0.0437,0.13428,1.00342,1.01331,-4.688,1.688,-0.812,0.0449,-0.0549,-0.5722,0.8169
1781773935649,72686,0.03638,0.13721,1.00879,1.01873,-4.5,2.438,-0.562,0.0447,-0.0546,-0.5723,0.8169
1781773935649,72686,0.03784,0.13208,1.00391,1.01326,-3.875,2.312,-0.062,0.0446,-0.0544,-0.5723,0.8169
1781773935649,72686,0.03784,0.13208,1.00391,1.01326,-3.875,2.312,-0.062,0.0446,-0.0544,-0.5723,0.8169
1781773935709,72746,0.04126,0.12329,1.00684,1.0152,-0.438,-0.625,-5.188,0.0439,-0.0536,-0.5737,0.8159
1781773935710,72747,0.04565,0.125,1.00269,1.01148,0.5,-0.75,-6.062,0.0439,-0.0536,-0.574,0.8157
1781773935710,72747,0.04565,0.125,1.00269,1.01148,0.5,-0.75,-6.062,0.0439,-0.0536,-0.574,0.8157
1781773935768,72805,0.04956,0.125,0.9834,0.99255,-2.375,5.625,-12.875,0.0442,-0.0534,-0.5819,0.8102
1781773935768,72805,0.04028,0.13306,0.98755,0.99729,-1.938,6.875,-12.375,0.0443,-0.0531,-0.5823,0.8099
1781773935769,72806,0.03662,0.11255,0.98193,0.98904,-8.062,17.562,-19.375,0.0462,-0.0469,-0.5881,0.8059
1781773935834,72871,0.02905,0.11401,0.98462,0.99162,-9.562,15.625,-20.562,0.0463,-0.0462,-0.5894,0.8051
1781773935835,72872,0.03491,0.11401,0.98022,0.98745,-10.812,15.875,-21.562,0.0464,-0.0454,-0.59,0.8046
1781773935835,72872,0.02637,0.10596,0.98755,0.99357,-13.375,11.812,-28.125,0.0462,-0.0374,-0.5999,0.7977
1781773935888,72925,0.02637,0.10596,0.98755,0.99357,-13.375,11.812,-28.125,0.0462,-0.0374,-0.5999,0.7977
1781773935889,72926,0.0127,0.10547,0.99658,1.00223,-15.5,9.938,-30.0,0.0458,-0.0358,-0.6024,0.796
1781773935889,72926,0.0127,0.10547,0.99658,1.00223,-15.5,9.938,-30.0,0.0458,-0.0358,-0.6024,0.796
1781773935949,72986,0.02173,0.09277,1.00049,1.00502,-17.75,-5.125,-25.938,0.0406,-0.0286,-0.6162,0.7859
1781773935950,72987,0.05786,0.0686,0.98535,0.98943,-20.312,-6.812,-27.312,0.0393,-0.0281,-0.6176,0.7849
1781773935950,72987,0.07886,0.03491,0.99902,1.00274,-23.562,7.75,-45.062,0.0317,-0.0211,-0.6279,0.7772
1781773936008,73045,0.07886,0.03491,0.99902,1.00274,-23.562,7.75,-45.062,0.0317,-0.0211,-0.6279,0.7772
1781773936009,73046,0.08008,0.03589,0.97778,0.98171,-21.188,9.938,-47.375,0.0311,-0.0198,-0.6311,0.7747
1781773936010,73047,0.08008,0.03589,0.97778,0.98171,-21.188,9.938,-47.375,0.0311,-0.0198,-0.6311,0.7747
1781773936070,73107,0.08008,0.03589,0.97778,0.98171,-21.188,9.938,-47.375,0.0311,-0.0198,-0.6311,0.7747
1781773936070,73107,0.03979,0.03394,1.00879,1.01014,-9.812,4.75,-66.125,0.0285,-0.01,-0.6519,0.7575
1781773936070,73107,-0.08838,0.05078,0.99268,0.9979,-10.562,10.125,-50.875,0.0277,-0.0039,-0.6721,0.7398
1781773936129,73166,-0.08667,0.04688,1.00049,1.00533,-9.75,10.812,-46.75,0.0277,-0.0028,-0.6726,0.7393
1781773936129,73166,-0.08545,0.0459,0.99683,1.00153,-9.062,9.75,-43.812,0.0277,-0.0021,-0.674,0.738
1781773936130,73167,-0.05396,0.02686,1.01514,1.01692,-2.938,5.188,-30.312,0.0279,0.002,-0.6788,0.7337
1781773936191,73228,-0.05981,0.03101,1.01904,1.02127,-2.188,4.688,-29.688,0.028,0.0022,-0.6797,0.7328
1781773936191,73228,-0.07031,0.03125,1.02637,1.02925,-1.125,3.688,-28.688,0.0281,0.0026,-0.6786,0.7338
1781773936191,73228,-0.07031,0.03125,1.02637,1.02925,-1.125,3.688,-28.688,0.0281,0.0026,-0.6786,0.7338
1781773936248,73285,-0.10107,0.04468,1.01172,1.01774,-0.312,-7.375,-21.125,0.0272,0.0021,-0.6827,0.7301
1781773936249,73286,-0.0835,0.03735,0.99463,0.99883,-1.125,-8.312,-19.5,0.0267,0.0017,-0.6837,0.7291
1781773936249,73286,-0.03687,0.02344,1.01147,1.01242,-1.75,-0.5,-15.875,0.0248,0.001,-0.6866,0.7264
1781773936317,73354,-0.04248,0.02734,1.00903,1.0103,-1.438,0.875,-15.312,0.0247,0.001,-0.6871,0.726
1781773936319,73356,-0.05713,0.03223,1.01611,1.01823,-1.375,3.062,-14.188,0.0249,0.0013,-0.6859,0.7271
1781773936319,73356,-0.06006,0.02051,1.01562,1.01761,-1.0,-2.938,-8.75,0.0236,0.0012,-0.6866,0.7265
1781773936369,73406,-0.06177,0.01807,1.01123,1.01328,-2.125,-2.562,-9.25,0.0234,0.0012,-0.6884,0.7249
1781773936369,73406,-0.06909,0.01978,1.01343,1.01597,-2.875,-3.312,-9.438,0.0232,0.0012,-0.6887,0.7246
1781773936369,73406,-0.05298,0.01904,1.02612,1.02767,-5.0,-6.688,-14.688,0.0195,0.0004,-0.6901,0.7233
1781773936429,73466,-0.06079,0.0249,1.02588,1.02798,-4.188,-6.0,-14.188,0.0191,0.0004,-0.6908,0.7226
1781773936430,73467,-0.06665,0.02661,1.0271,1.0296,-3.938,-7.5,-12.688,0.0186,0.0003,-0.689,0.7244
1781773936430,73467,-0.05396,0.01465,1.03271,1.03423,-1.125,0.0,-0.562,0.0171,0.0001,-0.6901,0.7233
1781773936493,73530,-0.06665,0.03564,1.00513,1.00796,1.125,-0.188,-0.125,0.0172,0.0,-0.6901,0.7233
1781773936493,73530,-0.0708,0.03076,1.00024,1.00322,0.0,0.5,3.188,0.0172,0.0,-0.6894,0.724
1781773936494,73531,-0.01294,0.01392,0.99756,0.99774,-1.125,-0.375,2.438,0.0169,-0.0001,-0.6869,0.7264
1781773936549,73586,-0.02783,0.01782,0.99438,0.99493,-1.188,-0.625,1.562,0.0169,-0.0001,-0.6869,0.7264
1781773936550,73587,-0.02515,0.02393,1.00342,1.00402,-2.062,-0.25,0.625,0.0167,0.0,-0.6863,0.7269
1781773936550,73587,0.00122,0.02197,1.0144,1.01464,1.062,-2.875,-0.5,0.0161,-0.0003,-0.6842,0.729
1781773936610,73647,0.00317,0.02271,1.00659,1.00685,1.562,-1.938,-0.75,0.0161,-0.0004,-0.6842,0.729
1781773936610,73647,-0.00098,0.02002,1.01294,1.01314,2.188,-0.812,-1.25,0.0161,-0.0007,-0.6841,0.7291
1781773936611,73648,-0.00537,0.02197,1.00708,1.00733,1.625,-0.25,3.312,0.0165,-0.0015,-0.6834,0.7297
1781773936673,73710,-0.00903,0.0293,1.01123,1.0117,1.625,-0.625,3.438,0.0166,-0.0015,-0.6833,0.7298
1781773936673,73710,-0.00244,0.02319,1.00659,1.00686,1.375,-1.188,3.5,0.0166,-0.0018,-0.6822,0.7308
1781773936673,73710,-0.01416,0.02563,1.00439,1.00482,-0.25,-1.5,0.438,0.0162,-0.0026,-0.6802,0.7326
1781773936729,73766,-0.01392,0.02832,1.00513,1.00562,-0.5,-2.0,0.312,0.0161,-0.0026,-0.6802,0.7326
1781773936729,73766,-0.01147,0.02979,1.00659,1.0071,-0.75,-2.75,0.25,0.016,-0.0027,-0.6802,0.7327
1781773936734,73771,-0.02344,0.03369,1.00342,1.00426,2.0,-2.312,-0.625,0.0155,-0.0036,-0.6782,0.7345
1781773936791,73828,-0.0188,0.03345,1.00122,1.00196,2.438,-1.938,0.5,0.0155,-0.0038,-0.6782,0.7345
1781773936791,73828,-0.01929,0.03271,0.99731,0.99804,2.312,-1.438,1.125,0.0156,-0.004,-0.6787,0.7341
1781773936791,73828,-0.02173,0.02979,1.01343,1.0141,2.188,0.938,7.938,0.0169,-0.0042,-0.6772,0.7355
1781773936855,73892,-0.02295,0.03052,1.01343,1.01415,2.062,0.938,8.0,0.017,-0.0042,-0.677,0.7357
1781773936855,73892,-0.00806,0.02222,1.01489,1.01517,2.812,0.25,7.812,0.0172,-0.0043,-0.6754,0.7371
1781773936855,73892,-0.01074,0.02319,1.02319,1.02351,4.125,0.938,1.062,0.0183,-0.005,-0.6723,0.7399
1781773936908,73945,-0.01221,0.02393,1.01318,1.01354,3.875,1.5,0.188,0.0185,-0.0051,-0.6723,0.7399
1781773936909,73946,-0.02124,0.02637,1.0166,1.01717,3.75,1.188,-0.438,0.0186,-0.0051,-0.6723,0.7399
1781773936910,73947,-0.03516,0.03101,1.01147,1.01256,4.625,-0.875,4.812,0.0198,-0.0067,-0.6712,0.7409
1781773936971,74008,-0.03516,0.03101,1.01147,1.01256,4.625,-0.875,4.812,0.0198,-0.0067,-0.6712,0.7409
1781773936971,74008,-0.04053,0.02979,1.01196,1.01321,4.875,-1.438,5.625,0.0199,-0.0068,-0.671,0.741
1781773936971,74008,-0.01929,0.0249,0.98364,0.98415,3.312,0.188,9.812,0.0213,-0.0084,-0.6663,0.7452
1781773937033,74070,-0.02368,0.02856,0.98999,0.99069,1.812,-0.312,10.625,0.0214,-0.0086,-0.6656,0.7458
1781773937034,74071,-0.02075,0.03076,1.00146,1.00215,1.312,1.125,11.562,0.0216,-0.0087,-0.665,0.7463
1781773937034,74071,-0.04761,0.04053,0.98999,0.99196,2.125,5.5,12.312,0.0229,-0.0081,-0.66,0.7507
1781773937089,74126,-0.05493,0.04126,0.9856,0.98799,1.75,5.625,13.562,0.0231,-0.0079,-0.6596,0.7511
1781773937089,74126,-0.06006,0.04004,0.99683,0.99944,1.25,5.5,15.625,0.0233,-0.0078,-0.6591,0.7515
1781773937090,74127,-0.15381,0.07104,1.02148,1.03544,2.938,10.188,42.25,0.0266,-0.0061,-0.6516,0.7579
1781773937149,74186,-0.15894,0.07983,1.02295,1.0383,3.375,11.875,46.562,0.027,-0.0058,-0.65,0.7592
1781773937149,74186,-0.17041,0.07812,1.021,1.03806,3.125,14.25,50.688,0.0276,-0.0055,-0.6484,0.7606
1781773937151,74188,-0.39478,0.12671,1.06323,1.14121,13.0,45.812,134.188,0.038,0.0018,-0.6211,0.7827
1781773937216,74253,-0.38623,0.11304,1.05811,1.13205,16.938,49.0,144.562,0.0399,0.0029,-0.6162,0.7864
1781773937218,74255,-0.37256,0.09839,1.05493,1.1231,21.125,55.438,159.25,0.0432,0.0045,-0.6083,0.7924
1781773937219,74256,-0.27759,-0.021,1.13989,1.17339,13.438,53.875,200.562,0.0632,0.015,-0.5498,0.8327
1781773937271,74308,-0.25854,-0.02441,1.13672,1.16601,15.75,45.5,198.938,0.065,0.0159,-0.5426,0.8372
1781773937271,74308,-0.22217,-0.02881,1.10938,1.13177,17.312,38.125,199.25,0.0675,0.0167,-0.5316,0.8439
1781773937271,74308,-0.21167,-0.00537,0.96094,0.98399,17.062,28.938,188.688,0.0818,0.0184,-0.4694,0.8789
1781773937328,74365,-0.26099,0.03467,0.99561,1.02983,15.875,36.75,187.0,0.0839,0.019,-0.4586,0.8843
1781773937328,74365,-0.29541,0.04932,1.0022,1.04599,15.625,40.0,186.312,0.0855,0.0196,-0.4514,0.8879
1781773937329,74366,-0.29541,0.04932,1.0022,1.04599,15.625,40.0,186.312,0.0855,0.0196,-0.4514,0.8879
1781773937392,74429,-0.13281,-0.0752,0.99951,1.0111,4.25,-2.875,178.062,0.0952,0.022,-0.3971,0.9124
1781773937392,74429,-0.04688,-0.07178,0.97778,0.98153,4.0,-11.75,169.0,0.0952,0.0202,-0.387,0.9168
1781773937393,74430,-0.2019,0.02759,0.94629,0.96798,6.875,1.312,154.688,0.098,0.0114,-0.3082,0.9461
1781773937451,74488,-0.15674,0.00586,0.9209,0.93416,8.5,5.062,154.375,0.0986,0.0105,-0.2988,0.949
1781773937452,74489,-0.12744,-0.00806,0.91431,0.92318,8.312,8.562,152.375,0.0991,0.0101,-0.2926,0.9509
1781773937453,74490,-0.12744,-0.00806,0.91431,0.92318,8.312,8.562,152.375,0.0991,0.0101,-0.2926,0.9509
1781773937511,74548,0.03979,-0.02515,0.93652,0.93771,-9.125,-1.0,139.0,0.0988,0.0087,-0.2165,0.9711
1781773937511,74548,0.04907,-0.02539,0.9375,0.93913,-11.188,-2.5,135.875,0.0983,0.0081,-0.2108,0.9724
1781773937513,74550,0.04907,-0.02539,0.9375,0.93913,-11.188,-2.5,135.875,0.0983,0.0081,-0.2108,0.9724
1781773937572,74609,0.04907,-0.02539,0.9375,0.93913,-11.188,-2.5,135.875,0.0983,0.0081,-0.2108,0.9724
1781773937573,74610,0.23047,-0.0166,1.03906,1.06444,-14.562,11.375,109.5,0.0892,0.0072,-0.1111,0.9897
1781773937573,74610,0.23047,-0.0166,1.03906,1.06444,-14.562,11.375,109.5,0.0892,0.0072,-0.1111,0.9897
1781773937631,74668,0.18726,0.06592,1.03369,1.05258,-0.438,1.875,80.062,0.0868,0.013,-0.0058,0.996
1781773937631,74668,0.1897,0.06006,1.03076,1.04979,-0.562,1.875,77.688,0.0867,0.0127,-0.0025,0.996
1781773937631,74668,0.1897,0.06006,1.03076,1.04979,-0.562,1.875,77.688,0.0867,0.0127,-0.0025,0.996
1781773937692,74729,0.2002,0.11255,1.00269,1.02865,3.438,0.562,43.375,0.0874,0.0147,0.0828,0.9925
1781773937693,74730,0.15845,0.13159,0.99976,1.02075,2.938,-0.312,40.125,0.0876,0.0144,0.0855,0.9923
1781773937693,74730,0.09326,0.16772,0.9458,0.96507,1.625,1.062,39.0,0.0877,0.0175,0.1551,0.9837
1781773937749,74786,0.07935,0.16284,0.94604,0.96323,1.812,-0.812,39.688,0.0878,0.0172,0.1576,0.9833
1781773937752,74789,0.08447,0.1626,0.92725,0.94518,2.062,-2.062,39.875,0.088,0.0169,0.1593,0.983
1781773937753,74790,0.05249,0.16919,0.9751,0.99106,0.0,-3.625,37.375,0.0881,0.017,0.203,0.9749
1781773937809,74846,0.05249,0.16919,0.9751,0.99106,0.0,-3.625,37.375,0.0881,0.017,0.203,0.9749
1781773937809,74846,0.03809,0.18188,0.99976,1.01688,-0.188,-3.375,36.688,0.088,0.0179,0.2196,0.9713
1781773937810,74847,0.03809,0.18188,0.99976,1.01688,-0.188,-3.375,36.688,0.088,0.0179,0.2196,0.9713
1781773937868,74905,0.05688,0.1748,1.04297,1.05905,-1.188,-5.0,30.562,0.0877,0.0168,0.2716,0.9581
1781773937870,74907,0.06128,0.16602,1.03174,1.0468,-0.75,-4.812,29.938,0.0877,0.0164,0.2728,0.9578
1781773937870,74907,0.05762,0.1626,0.98706,1.00202,2.562,3.312,15.812,0.088,0.0172,0.303,0.9486
1781773937931,74968,0.0459,0.15991,0.98779,1.00171,3.125,4.25,13.75,0.088,0.0182,0.3122,0.9456
1781773937931,74968,0.03076,0.17529,0.98828,1.00418,3.562,2.75,11.875,0.0881,0.0183,0.3127,0.9454
1781773937931,74968,0.01294,0.1958,1.00659,1.02554,2.5,4.188,-3.812,0.0885,0.0213,0.3303,0.9393
1781773937990,75027,0.00195,0.20386,0.99902,1.01961,1.25,2.562,-5.5,0.0885,0.0222,0.3359,0.9373
1781773937990,75027,-0.0083,0.20605,0.9873,1.00861,-0.312,1.062,-6.0,0.0885,0.0223,0.3357,0.9374
1781773937990,75027,-0.00806,0.20459,0.99146,1.01238,-1.938,2.25,-4.062,0.0872,0.024,0.343,0.9349
1781773938051,75088,-0.00415,0.20117,0.97925,0.99971,-2.0,2.625,-3.375,0.087,0.0244,0.3453,0.934
1781773938052,75089,0.0,0.20288,0.9856,1.00626,-2.062,2.625,-2.75,0.0869,0.0245,0.3452,0.934
1781773938052,75089,-0.00977,0.19824,0.98022,1.00012,4.188,8.062,-3.125,0.0864,0.0275,0.351,0.9318
1781773938108,75145,-0.00977,0.19824,0.98022,1.00012,4.188,8.062,-3.125,0.0864,0.0275,0.351,0.9318
1781773938109,75146,-0.01001,0.19995,0.97827,0.99855,5.125,8.312,-3.312,0.0864,0.0281,0.3525,0.9312
1781773938113,75150,0.03833,0.17236,0.96631,0.98231,2.0,0.938,-2.188,0.0876,0.0313,0.3544,0.9303
1781773938170,75207,0.04102,0.16919,0.97046,0.98595,0.625,0.938,-2.25,0.0877,0.0313,0.3543,0.9304
1781773938171,75208,0.05249,0.16431,0.97437,0.98951,-0.562,0.938,-2.312,0.0876,0.0314,0.3541,0.9304
1781773938171,75208,-0.00488,0.18555,0.97192,0.98949,-2.5,2.688,0.0,0.0867,0.0323,0.3566,0.9295
1781773938232,75269,-0.01367,0.18286,0.97705,0.99411,-3.062,3.125,0.75,0.0865,0.0324,0.3566,0.9295
1781773938232,75269,-0.01538,0.18799,0.98462,1.00252,-2.75,2.125,2.188,0.0863,0.0325,0.3569,0.9295
1781773938233,75270,0.0083,0.17261,1.00513,1.01987,-1.875,3.438,-0.25,0.085,0.0336,0.3625,0.9274
1781773938293,75330,0.00879,0.16895,1.01221,1.02625,-1.688,2.812,-1.0,0.0849,0.0337,0.3625,0.9274
1781773938294,75331,0.00635,0.17236,1.00928,1.02391,-1.438,2.188,-2.312,0.0847,0.0338,0.3624,0.9274
1781773938294,75331,-0.00513,0.16919,0.98242,0.9969,-0.312,-1.312,-6.25,0.0842,0.0338,0.3618,0.9277
1781773938351,75388,-0.01465,0.16943,0.99341,1.00786,-0.75,-0.938,-6.75,0.0841,0.0341,0.3648,0.9265
1781773938351,75388,-0.00781,0.17798,0.98828,1.00421,-1.188,-1.438,-6.938,0.0841,0.0341,0.3646,0.9266
1781773938351,75388,-0.03491,0.1731,0.98682,1.00249,-2.438,2.562,-5.688,0.083,0.0346,0.3627,0.9274
1781773938414,75451,-0.03491,0.1731,0.98682,1.00249,-2.438,2.562,-5.688,0.083,0.0346,0.3627,0.9274
1781773938414,75451,-0.03711,0.17114,0.98145,0.99695,-3.125,-0.25,-4.125,0.0827,0.0349,0.3648,0.9266
1781773938416,75453,-0.03296,0.16797,0.99219,1.00684,-1.562,1.25,-3.625,0.0816,0.035,0.3629,0.9275
1781773938472,75509,-0.03296,0.16797,0.99219,1.00684,-1.562,1.25,-3.625,0.0816,0.035,0.3629,0.9275
1781773938472,75509,-0.01831,0.16089,0.98315,0.9964,-1.688,0.125,-3.312,0.0814,0.035,0.3625,0.9276
1781773938473,75510,-0.01587,0.15625,0.9834,0.99586,-3.938,0.125,-0.5,0.0804,0.035,0.3614,0.9282
1781773938530,75567,-0.02808,0.15869,0.9895,1.00254,-4.188,-1.375,0.0,0.0802,0.0349,0.3614,0.9282
1781773938530,75567,-0.01343,0.14941,0.97095,0.98247,-4.625,-1.875,1.625,0.08,0.035,0.3644,0.927
1781773938530,75567,-0.02368,0.15259,0.99316,1.0051,-5.125,3.125,4.25,0.0775,0.0347,0.3661,0.9266
1781773938590,75627,-0.01562,0.15112,0.99658,1.0081,-5.125,3.188,4.125,0.0773,0.0347,0.3663,0.9265
1781773938597,75634,-0.01953,0.15234,1.0,1.01173,-4.75,2.938,3.688,0.077,0.0349,0.367,0.9263
1781773938597,75634,-0.00562,0.14404,1.0061,1.01638,-3.5,-0.75,1.5,0.0757,0.0338,0.3678,0.9261
1781773938648,75685,-0.00562,0.14404,1.0061,1.01638,-3.5,-0.75,1.5,0.0757,0.0338,0.3678,0.9261
1781773938650,75687,-0.01807,0.1499,1.0,1.01133,-3.062,-0.438,0.812,0.0753,0.0336,0.3679,0.9261
1781773938650,75687,-0.03052,0.15894,0.9873,1.00048,-1.562,-1.812,2.438,0.0746,0.0335,0.3682,0.926
1781773938709,75746,-0.02344,0.15186,0.98853,1.0004,-1.125,-1.688,3.562,0.0746,0.0334,0.3684,0.926
1781773938709,75746,-0.01611,0.14941,0.98779,0.99916,-0.812,-1.812,3.938,0.0747,0.033,0.367,0.9265
1781773938709,75746,-0.01196,0.15015,0.99536,1.00669,-1.812,1.0,4.375,0.0744,0.0324,0.3659,0.927
1781773938768,75805,-0.01416,0.15479,0.99829,1.01032,-1.812,0.688,4.125,0.0742,0.0324,0.3662,0.9269
1781773938769,75806,-0.01855,0.1582,0.99658,1.00923,-1.75,0.938,3.875,0.0741,0.0324,0.3666,0.9267
1781773938770,75807,-0.02197,0.15454,0.99951,1.01163,-0.812,1.438,1.375,0.0733,0.0325,0.3662,0.9269
1781773938832,75869,-0.01782,0.15894,1.00269,1.01536,-0.625,1.0,1.5,0.0733,0.0325,0.3663,0.9269
1781773938832,75869,-0.0166,0.15601,1.00244,1.01464,0.062,0.125,1.562,0.0732,0.0326,0.3664,0.9269
1781773938832,75869,-0.02344,0.1665,1.00464,1.01861,0.0,1.25,2.25,0.0731,0.0327,0.3672,0.9266
1781773938888,75925,-0.02979,0.16602,1.00659,1.02062,0.0,0.812,2.688,0.0731,0.0327,0.3673,0.9265
1781773938888,75925,-0.03223,0.1687,0.99341,1.00815,0.0,-2.188,4.375,0.0732,0.0326,0.3676,0.9264
1781773938889,75926,-0.01562,0.15771,1.01831,1.03057,-1.188,0.125,3.625,0.0729,0.0319,0.3696,0.9257
1781773938952,75989,-0.02173,0.16382,1.02417,1.03742,-0.5,0.0,3.5,0.0729,0.0319,0.3698,0.9256
1781773938952,75989,-0.02197,0.16187,1.01001,1.02313,-0.312,-0.562,3.438,0.0728,0.0319,0.3699,0.9255
1781773938952,75989,-0.00806,0.14673,0.99609,1.00687,2.062,-1.375,3.375,0.0734,0.0312,0.3707,0.9252
1781773939013,76050,-0.00757,0.14551,0.99756,1.00814,2.188,-1.25,3.188,0.0735,0.0312,0.3707,0.9252
1781773939019,76056,-0.01587,0.14624,1.00464,1.01535,2.562,-1.75,3.5,0.0738,0.0309,0.3675,0.9265
1781773939019,76056,-0.00488,0.14697,0.9834,0.99433,2.812,-0.375,2.562,0.075,0.0306,0.3674,0.9264
1781773939070,76107,-0.00488,0.14697,0.9834,0.99433,2.812,-0.375,2.562,0.075,0.0306,0.3674,0.9264
1781773939070,76107,-0.01147,0.15283,0.98096,0.99286,2.125,0.312,2.312,0.0751,0.0307,0.3676,0.9263
1781773939070,76107,0.0022,0.14429,0.98926,0.99973,-2.188,1.125,2.438,0.0747,0.0307,0.3688,0.9259
1781773939133,76170,-0.00366,0.15039,0.99463,1.00594,-2.375,0.625,2.125,0.0746,0.0307,0.3689,0.9259
1781773939134,76171,-0.00659,0.14697,0.99512,1.00593,-2.438,-1.312,2.438,0.0745,0.0307,0.369,0.9258
1781773939134,76171,-0.00586,0.15308,1.00195,1.0136,-0.25,-0.5,-0.062,0.0742,0.0296,0.369,0.9259
1781773939188,76225,-0.00439,0.15356,1.00391,1.01559,0.625,0.312,-0.188,0.0742,0.0296,0.3689,0.9259
1781773939188,76225,-0.00391,0.1521,0.99292,1.00451,0.875,0.5,-0.188,0.0742,0.0296,0.3689,0.9259
1781773939191,76228,-0.01318,0.15894,0.98486,0.99769,-0.688,0.562,0.0,0.0744,0.03,0.3688,0.9259
1781773939251,76288,-0.01172,0.15479,0.98169,0.99389,-1.125,0.25,0.25,0.0744,0.03,0.3688,0.9259
1781773939252,76289,-0.00659,0.14917,0.98218,0.99346,-1.25,0.438,0.0,0.0743,0.03,0.3689,0.9259
1781773939252,76289,-0.00659,0.14917,0.98218,0.99346,-1.25,0.438,0.0,0.0743,0.03,0.3689,0.9259
1781773939308,76345,-0.00928,0.15845,1.00757,1.01999,-3.125,-0.25,0.812,0.0734,0.0297,0.369,0.9259
1781773939308,76345,-0.00488,0.15576,1.00854,1.02051,-3.062,-0.5,1.0,0.0733,0.0296,0.3691,0.9259
1781773939313,76350,-0.00488,0.15576,1.00854,1.02051,-3.062,-0.5,1.0,0.0733,0.0296,0.3691,0.9259
1781773939372,76409,0.00366,0.15088,1.01758,1.02871,1.0,-0.438,2.0,0.0729,0.0288,0.3698,0.9257
1781773939372,76409,0.00244,0.16089,1.01392,1.0266,1.562,-1.188,1.625,0.0731,0.0288,0.3698,0.9257
1781773939372,76409,0.00244,0.16089,1.01392,1.0266,1.562,-1.188,1.625,0.0731,0.0288,0.3698,0.9257
1781773939433,76470,-0.00854,0.15747,0.99487,1.00729,1.75,-0.75,1.375,0.0743,0.0289,0.3702,0.9254
1781773939433,76470,-0.01147,0.15674,0.99609,1.00842,1.75,-0.812,1.25,0.0744,0.0289,0.3702,0.9254
1781773939433,76470,0.00659,0.15112,1.00562,1.01693,1.375,-0.562,1.688,0.075,0.0286,0.3709,0.9251
1781773939488,76525,0.00049,0.15552,1.00952,1.02143,1.938,-0.625,1.625,0.0751,0.0286,0.371,0.9251
1781773939488,76525,-0.0022,0.14868,0.99902,1.01003,2.25,-1.188,1.562,0.0752,0.0286,0.371,0.925
1781773939499,76536,-0.0022,0.14868,0.99902,1.01003,2.25,-1.188,1.562,0.0752,0.0286,0.371,0.925
1781773939552,76589,-0.0022,0.14868,0.99902,1.01003,2.25,-1.188,1.562,0.0752,0.0286,0.371,0.925
1781773939552,76589,-0.02124,0.15308,0.99341,1.00536,3.25,-2.375,2.812,0.0766,0.0285,0.3701,0.9253
1781773939552,76589,-0.02124,0.15308,0.99341,1.00536,3.25,-2.375,2.812,0.0766,0.0285,0.3701,0.9253
1781773939612,76649,-0.00879,0.14966,0.99292,1.00417,1.375,-0.625,0.938,0.0783,0.0283,0.369,0.9255
1781773939618,76655,-0.00415,0.14746,0.98901,0.99995,1.0,-1.0,1.188,0.0783,0.0283,0.3691,0.9255
1781773939618,76655,-0.00757,0.14624,0.98193,0.99279,0.0,-0.188,1.062,0.0784,0.0282,0.3695,0.9254
1781773939669,76706,-0.00513,0.15063,0.9812,0.99271,-0.5,-0.188,0.938,0.0784,0.0281,0.3695,0.9254
1781773939669,76706,-0.00684,0.14746,0.98218,0.99321,-0.688,0.0,0.938,0.0784,0.0281,0.3695,0.9254
1781773939669,76706,-0.00293,0.15479,0.98901,1.00106,-0.312,0.812,-1.125,0.078,0.0283,0.3695,0.9254
1781773939728,76765,-0.00586,0.15601,0.99219,1.00439,-0.438,0.75,-1.062,0.078,0.0283,0.3695,0.9254
1781773939728,76765,-0.00122,0.15283,1.00098,1.01258,-0.438,0.562,-1.125,0.078,0.0283,0.3695,0.9254
1781773939729,76766,-0.00122,0.15283,1.00098,1.01258,-0.438,0.562,-1.125,0.078,0.0283,0.3695,0.9254
1781773939788,76825,-0.01001,0.16626,0.99487,1.00872,-2.188,0.062,-1.75,0.0772,0.0282,0.3689,0.9257
1781773939789,76826,-0.01367,0.1709,0.99585,1.0105,-2.062,0.125,-1.688,0.077,0.0282,0.3688,0.9257
1781773939791,76828,-0.00537,0.16504,1.00171,1.01523,-1.0,0.75,0.875,0.0761,0.0282,0.3687,0.9259
1781773939848,76885,-0.00244,0.16357,1.00684,1.02004,-0.625,1.125,1.438,0.0761,0.0283,0.3688,0.9259
1781773939848,76885,-0.00391,0.15918,1.00244,1.01501,-0.625,0.938,1.438,0.076,0.0283,0.3688,0.9258
1781773939849,76886,-0.00903,0.16284,1.01001,1.02309,1.625,0.0,1.938,0.0762,0.0284,0.3695,0.9255
1781773939908,76945,-0.00903,0.16284,1.01001,1.02309,1.625,0.0,1.938,0.0762,0.0284,0.3695,0.9255
1781773939908,76945,-0.01392,0.16113,0.99927,1.01227,1.625,-1.562,2.625,0.0763,0.0283,0.3697,0.9255
1781773939911,76948,-0.01392,0.16113,0.99927,1.01227,1.625,-1.562,2.625,0.0763,0.0283,0.3697,0.9255
1781773939973,77010,-0.00903,0.15039,0.98511,0.99656,1.125,1.25,2.312,0.0771,0.0283,0.3708,0.9249
1781773939974,77011,-0.00903,0.14941,0.9856,0.9969,0.625,1.562,2.188,0.0771,0.0284,0.3709,0.9249
1781773939974,77011,-0.0127,0.146,0.98486,0.99571,0.625,1.0,2.75,0.0772,0.0288,0.3718,0.9245
1781773940031,77068,-0.0127,0.146,0.98486,0.99571,0.625,1.0,2.75,0.0772,0.0288,0.3718,0.9245
1781773940031,77068,-0.01294,0.15723,0.9834,0.99597,0.688,0.688,2.562,0.0772,0.0289,0.3721,0.9244
1781773940031,77068,-0.01294,0.15723,0.9834,0.99597,0.688,0.688,2.562,0.0772,0.0289,0.3721,0.9244
1781773940090,77127,-0.0061,0.15869,0.98267,0.99542,-0.312,2.188,0.75,0.0772,0.0287,0.3732,0.924
1781773940093,77130,-0.00293,0.1582,0.97217,0.98496,-0.625,1.125,0.812,0.0772,0.0288,0.3732,0.924
1781773940093,77130,0.00317,0.15918,0.99194,1.00464,-2.438,1.25,1.688,0.0763,0.0289,0.3736,0.9238
1781773940151,77188,0.00317,0.15918,0.99194,1.00464,-2.438,1.25,1.688,0.0763,0.0289,0.3736,0.9238
1781773940151,77188,0.01221,0.14795,0.99414,1.00516,-2.438,0.75,1.875,0.0761,0.0289,0.3738,0.9238
1781773940151,77188,0.01221,0.14795,0.99414,1.00516,-2.438,0.75,1.875,0.0761,0.0289,0.3738,0.9238
1781773940209,77246,0.01001,0.15723,1.00732,1.01957,-1.938,1.25,0.375,0.075,0.0284,0.3743,0.9237
1781773940209,77246,0.01001,0.15869,1.00513,1.01763,-1.75,1.5,0.0,0.0749,0.0285,0.3744,0.9237
1781773940209,77246,-0.0127,0.16455,1.01514,1.02847,-1.188,1.25,0.625,0.0742,0.0291,0.3743,0.9237
1781773940267,77304,-0.0083,0.17285,1.01294,1.02762,-1.188,-0.312,1.0,0.0742,0.0291,0.3744,0.9237
1781773940269,77306,-0.00317,0.16675,1.01392,1.02754,-1.062,-1.062,1.875,0.0742,0.029,0.3745,0.9237
1781773940269,77306,-0.00244,0.15405,1.01123,1.0229,3.938,0.875,3.0,0.0748,0.0287,0.3755,0.9232
1781773940335,77372,-0.00244,0.15405,1.01123,1.0229,3.938,0.875,3.0,0.0748,0.0287,0.3755,0.9232
1781773940335,77372,-0.00854,0.16016,1.01001,1.02266,4.438,2.438,2.812,0.0751,0.0291,0.3765,0.9228
1781773940335,77372,-0.01953,0.14404,0.98779,0.99843,2.938,-1.375,6.5,0.0769,0.0303,0.379,0.9216
1781773940389,77426,-0.01953,0.14404,0.98779,0.99843,2.938,-1.375,6.5,0.0769,0.0303,0.379,0.9216
1781773940389,77426,-0.02661,0.14746,0.99951,1.01068,2.875,-1.875,6.438,0.0773,0.0303,0.3797,0.9213
1781773940391,77428,-0.00806,0.13647,0.96265,0.97231,1.625,1.562,4.562,0.0785,0.0299,0.3785,0.9216
1781773940448,77485,-0.00806,0.13647,0.96265,0.97231,1.625,1.562,4.562,0.0785,0.0299,0.3785,0.9216
1781773940448,77485,-0.0166,0.14185,0.95508,0.9657,0.875,0.25,4.812,0.0786,0.0299,0.3779,0.9219
1781773940449,77486,-0.01392,0.15869,0.95581,0.96899,-0.75,4.5,4.312,0.0783,0.0308,0.3783,0.9217
1781773940508,77545,-0.02026,0.15527,0.96729,0.97988,-1.812,4.062,4.75,0.0781,0.031,0.3786,0.9216
1781773940509,77546,-0.00293,0.15137,0.97632,0.98799,-2.375,3.312,4.875,0.078,0.0311,0.3778,0.9219
1781773940509,77546,0.00684,0.16528,1.00098,1.01455,-2.438,2.25,3.5,0.0767,0.0314,0.3796,0.9213
1781773940569,77606,0.00732,0.16016,0.98828,1.0012,-2.0,1.062,3.312,0.0765,0.0314,0.3798,0.9212
1781773940570,77607,0.00854,0.15747,0.98364,0.9962,-2.188,1.812,2.938,0.0765,0.0314,0.3809,0.9208
1781773940570,77607,0.00195,0.1665,1.01001,1.02364,-2.5,3.0,2.812,0.0753,0.0318,0.382,0.9204
1781773940631,77668,0.00513,0.17285,1.0127,1.02735,-2.0,1.688,3.062,0.0752,0.0318,0.3822,0.9204
1781773940632,77669,0.00854,0.16724,1.00391,1.01778,-1.562,1.75,3.188,0.0751,0.0319,0.3825,0.9202
1781773940632,77669,0.00684,0.16553,1.00488,1.01845,-1.812,-1.188,5.312,0.0746,0.032,0.3838,0.9197
1781773940693,77730,0.01562,0.15942,1.01465,1.02722,-1.688,-0.438,5.25,0.0745,0.0319,0.384,0.9196
1781773940693,77730,0.02051,0.16504,1.0188,1.03228,-1.062,-0.312,4.25,0.0745,0.0319,0.3856,0.919
1781773940693,77730,0.01465,0.15308,0.9978,1.00958,1.562,3.312,0.938,0.0745,0.0322,0.3864,0.9186
1781773940748,77785,0.00928,0.15894,1.00513,1.01766,1.188,3.938,0.375,0.0745,0.0324,0.3864,0.9186
1781773940749,77786,0.00537,0.16064,1.00635,1.0191,1.625,2.625,0.125,0.0745,0.0327,0.3865,0.9186
1781773940749,77786,-0.01782,0.15942,0.98828,1.00122,1.0,-0.375,-0.125,0.0748,0.0336,0.3864,0.9186
1781773940808,77845,-0.01782,0.15942,0.98828,1.00122,1.0,-0.375,-0.125,0.0748,0.0336,0.3864,0.9186
1781773940812,77849,-0.01416,0.1582,0.99219,1.00482,1.125,-0.625,0.438,0.0749,0.0335,0.3864,0.9186
1781773940812,77849,-0.00488,0.15186,0.9939,1.00544,0.562,1.25,0.562,0.0753,0.0336,0.3867,0.9183
1781773940868,77905,-0.00635,0.15601,0.99731,1.00946,0.25,1.625,0.5,0.0753,0.0336,0.3868,0.9183
1781773940871,77908,-0.00586,0.14795,0.99487,1.00583,0.875,2.812,0.062,0.0752,0.0339,0.3868,0.9183
1781773940872,77909,-0.00586,0.14795,0.99487,1.00583,0.875,2.812,0.062,0.0752,0.0339,0.3868,0.9183
1781773940931,77968,-0.02197,0.15723,0.98779,1.00047,0.0,0.875,-1.188,0.0747,0.0353,0.3865,0.9185
1781773940932,77969,-0.03564,0.17944,0.99292,1.00963,1.312,-0.062,2.812,0.0748,0.0354,0.3865,0.9185
1781773940933,77970,-0.01074,0.15234,1.00073,1.01232,-0.188,2.0,-1.062,0.0747,0.0354,0.3863,0.9185
1781773940988,78025,-0.00732,0.15527,0.99438,1.00646,0.312,2.438,-1.5,0.0747,0.0355,0.3863,0.9185
1781773940991,78028,-0.01392,0.15356,0.99219,1.0041,0.0,4.125,-2.25,0.0745,0.0358,0.3861,0.9186
1781773940991,78028,-0.01929,0.15796,1.00122,1.01379,-1.188,1.125,-0.312,0.0738,0.0366,0.3858,0.9188
1781773941050,78087,-0.00879,0.15625,0.99268,1.00494,-1.25,1.188,-0.875,0.0737,0.0366,0.3858,0.9188
1781773941050,78087,-0.02222,0.16162,0.99512,1.0084,-1.562,0.875,-1.125,0.0737,0.0366,0.3857,0.9188
1781773941051,78088,-0.01636,0.15625,0.99854,1.01082,-1.688,-0.5,-1.062,0.073,0.0362,0.3854,0.919
1781773941110,78147,-0.01465,0.15723,0.99902,1.01143,-1.25,0.0,-1.125,0.0729,0.0362,0.3853,0.919
1781773941110,78147,-0.01636,0.15918,0.99707,1.00983,-1.0,0.25,-1.25,0.0729,0.0362,0.3853,0.9191
1781773941112,78149,-0.021,0.15601,0.99512,1.00749,0.0,0.938,-0.312,0.0728,0.0367,0.3849,0.9193
1781773941168,78205,-0.02856,0.16479,1.00049,1.01437,-0.5,0.375,-0.625,0.0727,0.0368,0.3848,0.9193
1781773941169,78206,-0.02905,0.16113,1.00098,1.01428,-0.75,-0.188,0.0,0.0726,0.0368,0.3848,0.9193
1781773941169,78206,-0.03076,0.15698,0.99658,1.00934,-0.688,-1.812,2.125,0.0724,0.0363,0.3852,0.9191
1781773941228,78265,-0.02344,0.15063,0.99976,1.01131,-0.5,-1.812,2.062,0.0724,0.0361,0.3853,0.9191
1781773941232,78269,-0.01685,0.14868,1.00146,1.01258,0.0,-1.25,1.875,0.0724,0.0361,0.3854,0.9191
1781773941232,78269,-0.01855,0.1499,0.98706,0.99855,0.562,0.125,1.75,0.0726,0.0366,0.3859,0.9188
1781773941288,78325,-0.02222,0.14746,0.98828,0.99947,0.312,0.25,1.5,0.0726,0.0366,0.3859,0.9188
1781773941288,78325,-0.03027,0.15527,0.98462,0.99725,0.188,-0.438,1.25,0.0726,0.0366,0.386,0.9188
1781773941289,78326,-0.0249,0.14771,0.99536,1.00657,-1.375,-1.312,2.938,0.0725,0.0354,0.3851,0.9192
1781773941349,78386,-0.0166,0.14478,0.97754,0.98834,-1.625,-0.812,2.688,0.0725,0.0352,0.3853,0.9191
1781773941349,78386,-0.02197,0.14722,0.98584,0.99701,-1.5,1.375,2.188,0.0723,0.0352,0.3856,0.9191
1781773941350,78387,-0.021,0.10303,0.97363,0.97929,0.125,2.562,6.312,0.0712,0.0358,0.3864,0.9188
1781773941410,78447,-0.00098,0.15356,0.99463,1.00641,-4.062,-0.188,3.0,0.0711,0.0358,0.3865,0.9187
1781773941410,78447,-0.01953,0.14648,0.99707,1.00796,-3.062,0.0,3.188,0.071,0.0358,0.3867,0.9186
1781773941410,78447,-0.01953,0.14648,0.99707,1.00796,-3.062,0.0,3.188,0.071,0.0358,0.3867,0.9186
1781773941469,78506,-0.01538,0.15771,1.01587,1.02815,-1.0,-1.75,3.25,0.0702,0.0348,0.3906,0.9171
1781773941471,78508,-0.01733,0.15771,1.0105,1.02288,-0.75,-1.875,3.312,0.0702,0.0347,0.3908,0.917
1781773941471,78508,-0.02319,0.15503,0.98584,0.99822,0.75,2.25,2.062,0.0701,0.0348,0.3917,0.9166
1781773941528,78565,-0.02686,0.16089,0.9834,0.99683,0.312,1.5,2.375,0.0701,0.0349,0.3919,0.9166
1781773941528,78565,-0.0293,0.15503,0.98315,0.99573,0.188,0.625,3.0,0.0701,0.035,0.392,0.9165
1781773941530,78567,-0.00659,0.14819,1.00659,1.01746,-1.375,-2.438,5.25,0.07,0.0343,0.3944,0.9155
1781773941589,78626,-0.00073,0.14258,1.01074,1.02075,-1.375,-2.0,4.875,0.07,0.0341,0.3948,0.9154
1781773941592,78629,-0.01099,0.15259,1.01147,1.02298,-1.562,-1.062,4.125,0.07,0.0337,0.3924,0.9164
1781773941593,78630,-0.01099,0.15259,1.01147,1.02298,-1.562,-1.062,4.125,0.07,0.0337,0.3924,0.9164
1781773941650,78687,-0.00708,0.146,0.99194,1.00265,0.438,0.062,3.0,0.07,0.0334,0.3934,0.916
1781773941650,78687,-0.01123,0.14868,0.99536,1.00647,0.375,0.0,2.75,0.0701,0.0334,0.3935,0.9159
1781773941650,78687,-0.0022,0.14624,0.99194,1.00267,0.188,-0.312,2.062,0.0703,0.033,0.3964,0.9146
1781773941710,78747,-0.00537,0.14941,0.99023,1.00146,0.0,-0.625,1.812,0.0703,0.033,0.3965,0.9146
1781773941711,78748,-0.00562,0.14404,0.98218,0.9927,-0.375,-0.625,1.625,0.0703,0.033,0.3966,0.9146
1781773941711,78748,-0.00562,0.14404,0.98218,0.9927,-0.375,-0.625,1.625,0.0703,0.033,0.3966,0.9146
1781773941768,78805,-0.01025,0.15039,0.99658,1.00792,-1.375,-0.062,2.0,0.07,0.0325,0.3973,0.9143
1781773941768,78805,-0.01074,0.15283,0.99365,1.00539,-1.312,-0.812,2.0,0.07,0.0325,0.3973,0.9143
1781773941772,78809,-0.01074,0.15283,0.99365,1.00539,-1.312,-0.812,2.0,0.07,0.0325,0.3973,0.9143
1781773941828,78865,-0.01562,0.15625,0.99536,1.00767,-1.312,-1.25,1.438,0.0695,0.0318,0.3983,0.9139
1781773941829,78866,-0.01562,0.15942,0.99805,1.01082,-1.312,-1.938,1.75,0.0695,0.0317,0.3983,0.9139
1781773941829,78866,-0.00293,0.14966,1.00391,1.015,-0.375,0.812,0.562,0.0691,0.0315,0.3988,0.9138
1781773941889,78926,-0.00195,0.15088,1.00317,1.01446,-0.5,0.562,0.5,0.069,0.0315,0.3988,0.9138
1781773941889,78926,-0.0061,0.15503,1.00659,1.01848,-0.312,1.0,0.312,0.069,0.0316,0.3988,0.9138
1781773941890,78927,-0.0061,0.15503,1.00659,1.01848,-0.312,1.0,0.312,0.069,0.0316,0.3988,0.9138
1781773941950,78987,-0.02051,0.15381,1.00464,1.01655,-0.625,-1.562,1.625,0.0689,0.0314,0.3993,0.9135
1781773941950,78987,-0.01978,0.15601,1.00391,1.01615,-0.188,-1.5,2.062,0.0689,0.0314,0.3994,0.9135
1781773941950,78987,-0.01587,0.14502,1.00537,1.0159,0.125,-1.0,2.188,0.069,0.031,0.4002,0.9132
1781773942008,79045,-0.01587,0.14502,1.00537,1.0159,0.125,-1.0,2.188,0.069,0.031,0.4002,0.9132
1781773942008,79045,-0.0188,0.14575,1.00391,1.01461,1.0,-0.438,2.188,0.069,0.031,0.4003,0.9131
1781773942013,79050,-0.0188,0.14575,1.00391,1.01461,1.0,-0.438,2.188,0.069,0.031,0.4003,0.9131
1781773942068,79105,-0.03394,0.14819,0.98462,0.99629,0.312,-1.75,4.062,0.0697,0.0313,0.4014,0.9126
1781773942069,79106,-0.02734,0.13989,0.98486,0.99512,-0.188,-2.188,5.0,0.0698,0.0311,0.4017,0.9124
1781773942069,79106,-0.02734,0.13989,0.98486,0.99512,-0.188,-2.188,5.0,0.0698,0.0311,0.4017,0.9124
1781773942129,79166,-0.02148,0.13892,0.97876,0.9888,0.062,0.5,4.75,0.0698,0.0305,0.4053,0.9108
1781773942130,79167,-0.02222,0.13965,0.98193,0.99206,0.0,0.625,4.875,0.0698,0.0305,0.4054,0.9108
1781773942134,79171,-0.01514,0.14087,0.98511,0.99524,-1.812,0.938,5.375,0.0693,0.0307,0.4071,0.9101
1781773942189,79226,-0.02515,0.14331,0.98218,0.9929,-1.625,1.875,5.438,0.0692,0.0308,0.409,0.9092
1781773942189,79226,-0.02563,0.14307,0.9917,1.00229,-1.438,2.25,5.625,0.069,0.0309,0.4093,0.9092
1781773942189,79226,-0.02246,0.14795,1.00073,1.01186,-3.188,0.125,7.875,0.0682,0.0308,0.4131,0.9075
1781773942249,79286,-0.02246,0.14795,1.00073,1.01186,-3.188,0.125,7.875,0.0682,0.0308,0.4131,0.9075
1781773942249,79286,-0.02344,0.15405,1.0083,1.02027,-3.625,0.25,8.438,0.0679,0.0308,0.4166,0.9059
1781773942249,79286,-0.0293,0.14478,1.00537,1.01616,-3.0,2.312,11.0,0.0665,0.0308,0.4218,0.9036
1781773942309,79346,-0.03052,0.14478,1.00684,1.01765,-2.562,2.625,10.875,0.0664,0.0308,0.4223,0.9034
1781773942309,79346,-0.04126,0.14722,1.00146,1.01307,-2.312,2.562,11.25,0.0662,0.031,0.4249,0.9022
1781773942309,79346,-0.08643,0.15601,0.98633,1.00232,-2.562,-0.688,18.438,0.0656,0.0304,0.4316,0.8991
1781773942373,79410,-0.0918,0.15454,0.99731,1.01338,-2.875,-1.438,19.875,0.0654,0.0304,0.4354,0.8972
1781773942375,79412,-0.08838,0.15503,0.99854,1.01436,-3.0,-1.812,20.875,0.0653,0.0303,0.4362,0.8969
1781773942375,79412,-0.07935,0.14551,1.01758,1.03099,-4.688,-0.5,28.812,0.0642,0.0288,0.4479,0.8912
1781773942428,79465,-0.07935,0.14551,1.01758,1.03099,-4.688,-0.5,28.812,0.0642,0.0288,0.4479,0.8912
1781773942429,79466,-0.09326,0.15332,1.00928,1.02511,-3.625,-0.062,30.688,0.0639,0.0288,0.4534,0.8884
1781773942429,79466,-0.12427,0.16528,0.99829,1.01948,-2.938,-1.938,46.312,0.0631,0.028,0.4699,0.8799
1781773942491,79528,-0.12427,0.16528,0.99829,1.01948,-2.938,-1.938,46.312,0.0631,0.028,0.4699,0.8799
1781773942491,79528,-0.10913,0.15088,0.99146,1.00879,-2.312,-1.438,48.625,0.0631,0.0277,0.4749,0.8772
1781773942491,79528,-0.10718,0.14551,1.02222,1.03807,2.25,1.062,57.875,0.0635,0.0264,0.4961,0.8654
1781773942548,79585,-0.11304,0.14771,1.02173,1.03852,3.0,0.938,60.062,0.0637,0.0264,0.4994,0.8635
1781773942548,79585,-0.10889,0.14429,1.01831,1.03423,3.125,1.062,62.062,0.0639,0.0266,0.5056,0.8599
1781773942550,79587,-0.0542,0.08374,0.9856,0.99063,5.438,6.438,71.5,0.0646,0.0278,0.5306,0.8446
1781773942614,79651,-0.03345,0.07666,0.98315,0.98671,5.5,7.75,72.188,0.0647,0.028,0.5333,0.8428
1781773942615,79652,-0.05664,0.08374,0.97949,0.9847,4.25,6.812,71.625,0.0647,0.0287,0.5416,0.8375
1781773942615,79652,-0.13452,0.18237,1.06567,1.0895,9.562,15.812,86.688,0.0645,0.0316,0.57,0.8183
1781773942669,79706,-0.04297,0.04175,1.0144,1.01617,13.5,12.5,88.0,0.0646,0.032,0.5732,0.8161
1781773942669,79706,-0.05981,0.12134,0.98755,0.99677,9.188,11.625,86.812,0.0649,0.0324,0.5762,0.8139
1781773942669,79706,-0.00098,0.04321,1.03394,1.03484,27.0,28.125,98.188,0.0664,0.0419,0.6148,0.7846
1781773942733,79770,-0.03735,0.09131,0.98047,0.98542,31.875,25.312,95.125,0.067,0.0434,0.618,0.782
1781773942733,79770,-0.06738,0.16235,0.95508,0.97112,28.625,29.75,101.938,0.0674,0.0449,0.6213,0.7792
1781773942733,79770,-0.02075,0.08569,0.96729,0.9713,18.375,30.188,119.875,0.0689,0.0582,0.6647,0.7415
1781773942790,79827,-0.01196,0.08838,0.97656,0.98063,17.0,27.938,120.125,0.0689,0.0593,0.6686,0.7379
1781773942790,79827,0.00024,0.09399,0.97046,0.975,15.75,26.062,119.438,0.0689,0.0602,0.6724,0.7343
1781773942790,79827,0.00024,0.09399,0.97046,0.975,15.75,26.062,119.438,0.0689,0.0602,0.6724,0.7343
1781773942850,79887,0.01245,0.13257,0.99487,1.00374,8.062,12.75,137.938,0.0664,0.0687,0.7189,0.6883
1781773942850,79887,-0.05811,0.1333,1.00537,1.01583,6.5,-2.125,138.438,0.067,0.0687,0.725,0.6819
1781773942910,79947,0.11133,0.07397,1.00659,1.01543,13.688,-2.438,129.812,0.0764,0.064,0.7731,0.6262
1781773942910,79947,0.104,0.07861,1.00928,1.01766,14.0,-0.375,125.625,0.0771,0.064,0.7764,0.622
1781773942910,79947,0.08252,0.08447,1.01099,1.01786,14.812,1.0,122.562,0.0778,0.064,0.7797,0.6178
1781773942968,80005,0.04785,0.14453,0.97632,0.98812,7.0,5.062,128.125,0.0816,0.0653,0.8145,0.5704
1781773942969,80006,0.06348,0.1377,0.97314,0.98489,3.812,8.438,128.062,0.0818,0.0652,0.8177,0.5659
1781773942969,80006,0.08276,0.11353,0.9812,0.99121,-18.938,26.688,138.0,0.0762,0.0623,0.8586,0.5028
1781773943029,80066,0.08276,0.11353,0.9812,0.99121,-18.938,26.688,138.0,0.0762,0.0623,0.8586,0.5028
1781773943030,80067,0.08838,0.0896,0.9751,0.98319,-19.5,29.25,137.375,0.0751,0.0617,0.8617,0.4978
1781773943031,80068,0.1394,0.06885,1.0249,1.03663,-25.562,19.5,101.188,0.062,0.0545,0.8914,0.4454
1781773943093,80130,0.13599,0.06201,1.0249,1.03574,-25.875,18.062,98.5,0.061,0.0535,0.8934,0.4417
1781773943093,80130,0.16919,0.04907,1.05029,1.06496,-25.875,15.938,94.688,0.0601,0.0524,0.8953,0.4381
1781773943093,80130,0.11426,0.07495,1.02222,1.03131,-1.5,8.0,43.25,0.0549,0.0479,0.9107,0.4062
1781773943150,80187,0.10718,0.06958,1.01929,1.02727,-0.375,6.5,42.312,0.0548,0.0479,0.9115,0.4046
1781773943150,80187,0.11572,0.05737,1.0,1.00831,0.0,4.188,40.875,0.0546,0.0478,0.9122,0.4029
1781773943150,80187,0.12866,0.06885,0.99316,1.00383,-0.125,3.438,33.938,0.0542,0.0479,0.921,0.3824
1781773943208,80245,0.12598,0.0708,0.98657,0.9971,-1.062,4.062,33.312,0.0541,0.0479,0.9216,0.3811
1781773943208,80245,0.12573,0.07495,0.98657,0.99737,-2.0,4.688,32.562,0.054,0.0477,0.9221,0.3798
1781773943209,80246,0.10547,0.08203,1.04932,1.05779,-7.5,4.75,33.25,0.0509,0.0463,0.9304,0.3598
1781773943274,80311,0.09351,0.09717,0.98999,0.99913,-3.188,2.688,31.688,0.0508,0.0461,0.9309,0.3585
1781773943274,80311,0.08057,0.104,0.97437,0.98321,-4.5,3.438,32.25,0.0507,0.046,0.9314,0.3572
1781773943274,80311,0.13623,0.06982,1.02637,1.03772,-3.625,3.812,19.938,0.0487,0.0426,0.937,0.3431
1781773943335,80372,0.1311,0.07568,1.01978,1.03095,-2.188,5.125,19.312,0.0485,0.0425,0.9373,0.3423
1781773943335,80372,0.10132,0.09375,1.03345,1.04263,-1.25,4.562,18.438,0.0484,0.0424,0.9376,0.3416
1781773943335,80372,0.09277,0.09985,1.02271,1.03175,2.438,-0.25,21.062,0.0485,0.0434,0.9418,0.3293
1781773943388,80425,0.09912,0.10254,1.00024,1.01036,2.812,-1.812,21.5,0.0487,0.0434,0.9423,0.328
1781773943389,80426,0.08838,0.10278,0.99805,1.00721,2.438,-1.188,21.875,0.0488,0.0435,0.9426,0.3272
1781773943389,80426,0.08838,0.10278,0.99805,1.00721,2.438,-1.188,21.875,0.0488,0.0435,0.9426,0.3272
1781773943448,80485,0.11475,0.0791,1.03174,1.04111,-3.938,-0.688,18.625,0.0486,0.0426,0.9461,0.3171
1781773943450,80487,0.10303,0.09473,1.00513,1.01482,-2.062,-2.062,16.875,0.0487,0.0424,0.9463,0.3164
1781773943450,80487,0.10303,0.09473,1.00513,1.01482,-2.062,-2.062,16.875,0.0487,0.0424,0.9463,0.3164
1781773943512,80549,0.0979,0.08789,1.00244,1.01104,1.125,1.25,13.25,0.0483,0.0411,0.9503,0.3043
1781773943512,80549,0.0896,0.09766,0.99707,1.00584,0.812,0.188,12.75,0.0483,0.0411,0.9505,0.3038
1781773943512,80549,0.0896,0.09766,0.99707,1.00584,0.812,0.188,12.75,0.0483,0.0411,0.9505,0.3038
1781773943568,80605,0.07422,0.1123,1.00366,1.01265,3.062,-2.375,14.062,0.0496,0.0413,0.953,0.2955
1781773943568,80605,0.07349,0.10938,0.99878,1.00743,3.75,-2.312,14.438,0.0498,0.0414,0.9532,0.295
1781773943570,80607,0.07349,0.10938,0.99878,1.00743,3.75,-2.312,14.438,0.0498,0.0414,0.9532,0.295
1781773943628,80665,0.07007,0.09619,0.99683,1.0039,1.812,1.5,12.375,0.0501,0.0429,0.9551,0.2884
1781773943629,80666,0.07056,0.09546,0.99072,0.99781,1.125,1.75,12.0,0.05,0.0429,0.9553,0.2879
1781773943629,80666,0.05029,0.09277,0.98999,0.9956,-6.062,-4.938,12.125,0.0504,0.0409,0.9573,0.2811
1781773943692,80729,0.03296,0.12036,0.99512,1.00291,-6.25,-3.375,12.438,0.0505,0.0405,0.9576,0.2804
1781773943694,80731,0.03369,0.11279,1.0083,1.01515,-6.0,-2.25,13.0,0.0505,0.0402,0.9577,0.2799
1781773943696,80733,0.03369,0.11279,1.0083,1.01515,-6.0,-2.25,13.0,0.0505,0.0402,0.9577,0.2799
1781773943748,80785,0.06763,0.0979,0.9917,0.99881,-3.438,-1.75,10.562,0.0513,0.0386,0.9595,0.2736
1781773943748,80785,0.05347,0.10596,0.9895,0.99659,-3.688,-0.75,10.688,0.0513,0.0385,0.9597,0.2732
1781773943750,80787,0.0813,0.11572,0.96924,0.9795,-5.0,1.812,10.312,0.0509,0.0371,0.9614,0.2676
1781773943814,80851,0.0542,0.09912,0.9812,0.98768,-7.875,-0.562,9.812,0.0508,0.0366,0.9614,0.2675
1781773943814,80851,0.06421,0.09424,0.99243,0.99896,-7.5,0.812,10.0,0.0507,0.0364,0.9615,0.2672
1781773943814,80851,0.06421,0.09424,0.99243,0.99896,-7.5,0.812,10.0,0.0507,0.0364,0.9615,0.2672
1781773943869,80906,0.06421,0.09424,0.99243,0.99896,-7.5,0.812,10.0,0.0507,0.0364,0.9615,0.2672
1781773943869,80906,0.0625,0.0813,1.00415,1.00937,-3.125,2.375,5.875,0.0499,0.0338,0.9625,0.264
1781773943869,80906,0.08618,0.07227,0.99219,0.99854,4.188,0.312,5.062,0.0493,0.0357,0.9639,0.259
1781773943930,80967,0.07617,0.08105,0.9873,0.99355,3.25,0.125,4.0,0.0493,0.036,0.9641,0.2583
1781773943932,80969,0.07397,0.08472,0.98535,0.99175,2.375,0.25,3.438,0.0494,0.036,0.9641,0.2581
1781773943932,80969,0.04297,0.11499,0.96924,0.97698,-6.188,4.938,1.938,0.048,0.0355,0.9643,0.2576
1781773943992,81029,0.03223,0.13013,0.97168,0.98088,-6.875,4.812,3.312,0.0476,0.0352,0.9644,0.2575
1781773943992,81029,0.03223,0.12305,0.98706,0.99522,-6.25,5.625,4.938,0.0473,0.035,0.9644,0.2573
1781773943995,81032,0.09351,0.08716,1.00391,1.01201,-6.312,-0.75,8.188,0.0465,0.0332,0.9657,0.2528
1781773944049,81086,0.09692,0.08228,1.01538,1.02331,-6.125,0.0,7.688,0.0464,0.0328,0.9658,0.2523
1781773944049,81086,0.10181,0.08618,1.01929,1.02798,-5.625,0.625,7.0,0.0464,0.0325,0.966,0.2521
1781773944049,81086,0.04028,0.10693,1.00928,1.01573,-3.5,2.125,4.25,0.0453,0.0312,0.9668,0.2492
1781773944109,81146,0.04028,0.10693,1.00928,1.01573,-3.5,2.125,4.25,0.0453,0.0312,0.9668,0.2492
1781773944109,81146,0.0647,0.09619,1.00391,1.01058,-2.188,2.375,5.438,0.0451,0.0311,0.967,0.2482
1781773944109,81146,0.07739,0.07446,1.01514,1.0208,-4.188,-0.625,4.062,0.0448,0.0299,0.9677,0.2459
1781773944169,81206,0.06616,0.07593,1.02271,1.02765,-4.312,-1.438,4.125,0.0447,0.0297,0.9677,0.2457
1781773944169,81206,0.0769,0.0647,1.01343,1.0184,-4.188,-1.812,3.938,0.0449,0.0294,0.9678,0.2453
1781773944169,81206,0.06421,0.06763,1.0144,1.01868,-0.875,4.75,0.188,0.0438,0.0284,0.968,0.245
1781773944229,81266,0.06421,0.06763,1.0144,1.01868,-0.875,4.75,0.188,0.0438,0.0284,0.968,0.245
1781773944229,81266,0.06323,0.0686,1.00562,1.00993,0.312,3.938,0.625,0.0434,0.0285,0.9681,0.2447
1781773944230,81267,0.052,0.06445,0.98193,0.98542,-4.625,1.0,-1.125,0.0424,0.028,0.9681,0.2448
1781773944293,81330,0.04419,0.07349,0.9873,0.99102,-5.625,-0.125,-0.75,0.0424,0.0278,0.9681,0.2448
1781773944293,81330,0.07031,0.0542,0.9873,0.99129,-6.062,-1.375,-0.375,0.0424,0.0274,0.9679,0.2457
1781773944293,81330,0.06201,0.05151,0.99219,0.99546,-6.812,-0.875,-4.375,0.0418,0.0246,0.9681,0.2455
1781773944348,81385,0.0459,0.06128,0.99585,0.99879,-7.375,-0.75,-4.125,0.0418,0.0243,0.968,0.2457
1781773944349,81386,0.05957,0.04639,0.99878,1.00163,-7.312,-0.25,-3.0,0.0417,0.0239,0.9681,0.2456
1781773944349,81386,0.0542,0.07666,0.9978,1.00221,-4.875,2.5,-4.812,0.0397,0.0219,0.9676,0.2481
1781773944409,81446,0.05005,0.07202,1.00928,1.01308,-5.0,3.25,-4.375,0.0395,0.0217,0.9674,0.2489
1781773944409,81446,0.0603,0.07104,1.00171,1.00603,-4.875,3.438,-4.312,0.0393,0.0215,0.9674,0.2491
1781773944409,81446,0.0603,0.07104,1.00171,1.00603,-4.875,3.438,-4.312,0.0393,0.0215,0.9674,0.2491
1781773944468,81505,0.06665,0.04834,0.99609,0.99949,-4.562,3.5,-4.875,0.0374,0.0204,0.967,0.2507
1781773944468,81505,0.06982,0.04785,0.99561,0.9992,-4.812,3.562,-5.688,0.037,0.0202,0.9669,0.2514
1781773944469,81506,0.07251,0.04468,1.02661,1.03014,-6.062,1.875,-8.188,0.0359,0.0185,0.9664,0.2536
1781773944529,81566,0.0769,0.04492,1.02588,1.02974,-4.938,1.75,-8.625,0.0358,0.0183,0.9663,0.254
1781773944529,81566,0.07715,0.04297,1.03027,1.03405,-3.625,3.062,-10.188,0.0355,0.018,0.9661,0.2548
1781773944529,81566,0.09229,0.02881,1.02783,1.03237,1.562,2.75,-17.562,0.0346,0.0183,0.9647,0.2601
1781773944587,81624,0.09229,0.02881,1.02783,1.03237,1.562,2.75,-17.562,0.0346,0.0183,0.9647,0.2601
1781773944588,81625,0.06714,0.03662,1.03174,1.03457,3.562,3.438,-18.438,0.0343,0.0187,0.9643,0.2615
1781773944589,81626,0.08643,0.01929,1.0437,1.04745,5.375,0.312,-22.75,0.034,0.0209,0.9622,0.2689
1781773944652,81689,0.104,0.00879,1.03735,1.04259,7.312,0.0,-23.5,0.0341,0.0213,0.9619,0.2699
1781773944653,81690,0.09448,0.01587,1.03369,1.03812,10.062,-1.625,-25.812,0.0343,0.022,0.9615,0.2713
1781773944653,81690,0.08228,0.03076,1.00537,1.0092,8.312,-4.125,-31.312,0.0364,0.0261,0.9583,0.2818
1781773944708,81745,0.07764,0.0293,1.00439,1.00782,7.125,-3.688,-32.188,0.0366,0.0264,0.9579,0.2831
1781773944708,81745,0.07861,0.03174,1.01465,1.01818,7.125,-3.5,-33.438,0.0371,0.0269,0.9569,0.2864
1781773944709,81746,0.1167,0.05615,1.0874,1.09509,4.25,1.125,-39.125,0.0376,0.0289,0.9531,0.2987
1781773944768,81805,0.12476,0.04956,1.1062,1.11432,8.312,0.375,-43.688,0.0377,0.0295,0.952,0.3021
1781773944768,81805,0.14673,0.04761,1.10132,1.11207,11.25,0.688,-47.562,0.0379,0.0303,0.9514,0.3037
1781773944769,81806,0.11401,0.07422,1.07764,1.08619,30.688,1.938,-69.625,0.039,0.0391,0.9451,0.3217
1781773944830,81867,0.09741,0.08203,1.06421,1.0718,31.875,-0.25,-69.875,0.0393,0.0405,0.9441,0.3245
1781773944831,81868,0.08472,0.08789,1.03809,1.04524,31.688,-2.75,-69.188,0.0397,0.0419,0.9431,0.3273
1781773944831,81868,0.12524,0.13599,1.13721,1.15214,35.125,-0.5,-71.312,0.044,0.0547,0.9324,0.3543
1781773944889,81926,0.12939,0.14722,1.14673,1.16336,38.438,-0.188,-73.75,0.0445,0.0563,0.9312,0.3571
1781773944948,81985,0.12598,0.15381,1.15771,1.17466,41.375,-0.438,-75.75,0.045,0.0581,0.9299,0.3601
1781773944948,81985,0.05933,0.21362,1.04419,1.06747,42.812,-7.5,-81.0,0.0519,0.0765,0.9155,0.3913
1781773944949,81986,0.04297,0.2168,1.03638,1.05968,41.125,-7.812,-80.75,0.0526,0.0783,0.9139,0.3944
1781773944950,81987,0.04272,0.21826,1.02319,1.04709,39.562,-7.875,-79.938,0.0533,0.0799,0.9125,0.3975
1781773945009,82046,0.03394,0.23999,1.0686,1.09575,47.062,-17.625,-71.562,0.063,0.0959,0.8963,0.4281
1781773945009,82046,0.03662,0.24219,1.06543,1.09322,50.75,-20.812,-68.625,0.0651,0.0985,0.894,0.432
1781773945009,82046,0.06323,0.28711,1.11279,1.15097,70.75,-18.5,-66.062,0.0823,0.1197,0.8757,0.4602
1781773945069,82106,0.04224,0.28369,1.09717,1.13404,76.125,-18.25,-67.062,0.0859,0.125,0.8721,0.4649
1781773945069,82106,0.02808,0.3042,1.07959,1.12198,79.125,-17.188,-66.188,0.0889,0.1292,0.8687,0.4696
1781773945069,82106,-0.052,0.43066,0.99146,1.0822,79.812,-17.062,-58.312,0.1066,0.1552,0.8513,0.4895
1781773945128,82165,-0.05908,0.43872,0.98682,1.08156,80.312,-16.188,-57.875,0.1076,0.1566,0.8504,0.4905
1781773945135,82172,-0.073,0.44727,0.99341,1.0919,81.438,-14.188,-56.312,0.1094,0.1596,0.8485,0.4923
1781773945135,82172,0.00439,0.45142,1.06592,1.15757,105.75,-0.625,-49.25,0.1276,0.1895,0.829,0.5101
1781773945188,82225,0.00708,0.45093,1.06738,1.15875,110.688,2.375,-50.25,0.1295,0.1936,0.8271,0.5113
1781773945188,82225,0.00903,0.44678,1.03809,1.13018,114.938,6.0,-51.125,0.1314,0.198,0.825,0.5124
1781773945188,82225,-0.07764,0.50269,0.86743,1.00556,127.875,17.375,-44.562,0.1517,0.2509,0.7975,0.527
1781773945250,82287,-0.08911,0.51245,0.84985,0.99639,126.75,17.812,-43.312,0.1535,0.2559,0.7952,0.5275
1781773945250,82287,-0.09326,0.50977,0.84741,0.99331,125.5,18.562,-42.0,0.1552,0.2608,0.793,0.528
1781773945250,82287,-0.09326,0.50977,0.84741,0.99331,125.5,18.562,-42.0,0.1552,0.2608,0.793,0.528
1781773945307,82344,-0.11694,0.57983,0.81274,1.0052,139.375,63.188,-47.312,0.1672,0.3153,0.7693,0.5296
1781773945308,82345,-0.1145,0.57764,0.81226,1.00326,143.375,72.5,-48.562,0.1674,0.3219,0.7668,0.5292
1781773945309,82346,-0.29028,0.64868,0.55469,0.90152,161.938,214.5,-43.875,0.1359,0.4251,0.7389,0.5046
1781773945369,82406,-0.28149,0.63354,0.56519,0.89446,161.0,221.312,-38.438,0.1317,0.4351,0.7363,0.5009
1781773945369,82406,-0.28711,0.63208,0.59302,0.91303,165.5,224.312,-37.688,0.1273,0.4452,0.7337,0.497
1781773945370,82407,-0.28711,0.63208,0.59302,0.91303,165.5,224.312,-37.688,0.1273,0.4452,0.7337,0.497
1781773945429,82466,-0.40015,0.65698,0.39624,0.8653,185.312,379.188,4.188,0.0694,0.5561,0.7062,0.4323
1781773945429,82466,-0.4314,0.66187,0.37769,0.87568,188.062,402.0,8.812,0.061,0.569,0.703,0.422
1781773945429,82466,-0.4314,0.66187,0.37769,0.87568,188.062,402.0,8.812,0.061,0.569,0.703,0.422
1781773945491,82528,-0.48779,0.70898,0.11206,0.86785,169.938,361.438,32.25,-0.031,0.6989,0.6509,0.2945
1781773945491,82528,-0.48438,0.71851,0.09546,0.87177,166.438,335.0,36.188,-0.0374,0.7078,0.6458,0.2835
1781773945494,82531,-0.38892,0.63403,-0.04395,0.74511,157.688,153.125,67.75,-0.0592,0.7802,0.59,0.1984
1781773945549,82586,-0.38501,0.62817,-0.07178,0.74026,160.0,153.0,67.688,-0.0595,0.7857,0.5849,0.192
1781773945549,82586,-0.37549,0.63208,-0.09766,0.74166,162.688,160.375,67.688,-0.0598,0.7911,0.5795,0.1854
1781773945553,82590,-0.26685,0.63965,-0.35474,0.77859,170.375,115.938,61.312,-0.0642,0.8394,0.5242,0.1271
1781773945608,82645,-0.15649,0.59131,-0.35132,0.70538,172.188,123.625,59.875,-0.0634,0.8487,0.5117,0.1164
1781773945609,82646,-0.15918,0.59253,-0.35156,0.70712,174.125,117.875,54.938,-0.0655,0.8575,0.4992,0.1046
1781773945609,82646,-0.15918,0.59253,-0.35156,0.70712,174.125,117.875,54.938,-0.0655,0.8575,0.4992,0.1046
1781773945671,82708,-0.15918,0.59253,-0.35156,0.70712,174.125,117.875,54.938,-0.0655,0.8575,0.4992,0.1046
1781773945671,82708,-0.18188,0.56714,-0.4585,0.75163,219.5,104.75,61.25,-0.0648,0.8926,0.4407,0.0668
1781773945674,82711,-0.01953,0.54077,-0.78418,0.95276,172.812,59.125,55.812,-0.0598,0.9326,0.3549,0.0236
1781773945727,82764,0.00342,0.5083,-0.74976,0.90582,167.938,50.562,56.0,-0.0599,0.9365,0.3446,0.0188
1781773945728,82765,0.04224,0.47192,-0.7168,0.85924,166.125,48.125,55.625,-0.0582,0.9392,0.3377,0.0164
1781773945729,82766,0.04834,0.35254,-0.71484,0.79851,147.188,16.0,46.125,-0.0448,0.96,0.276,0.0064
1781773945788,82825,-0.00024,0.35669,-0.7478,0.82851,143.312,29.0,48.062,-0.0463,0.9625,0.2669,0.0034
1781773945788,82825,-0.01123,0.34741,-0.76758,0.84261,141.438,34.875,49.188,-0.0447,0.9642,0.2609,0.0017
1781773945789,82826,0.02734,0.33911,-1.05444,1.10797,90.062,34.812,53.312,0.0322,-0.9766,-0.2116,0.0154
1781773945848,82885,0.07104,0.30762,-1.01465,1.06263,78.562,28.812,53.812,0.03,-0.9778,-0.2061,0.0181
1781773945848,82885,0.09595,0.29248,-0.98755,1.03441,72.938,23.062,53.062,0.028,-0.9785,-0.2028,0.0195
1781773945848,82885,0.07837,0.23022,-0.92627,0.95766,79.875,68.188,59.0,0.01,-0.9839,-0.1739,0.0375
1781773945910,82947,0.10425,0.22632,-0.96704,0.99863,80.688,66.312,61.062,0.0062,-0.9847,-0.1685,0.0422
1781773945912,82949,0.11841,0.22998,-1.00146,1.03433,79.375,62.375,60.938,0.0043,-0.9852,-0.165,0.0454
1781773945912,82949,0.20386,0.18774,-1.03467,1.07114,54.875,18.375,49.438,-0.0194,-0.9881,-0.1375,0.064
1781773945968,83005,0.20386,0.18774,-1.03467,1.07114,54.875,18.375,49.438,-0.0194,-0.9881,-0.1375,0.064
1781773945968,83005,0.19775,0.18408,-1.01416,1.04953,53.938,20.812,48.0,-0.0235,-0.9884,-0.1339,0.0656
1781773945969,83006,0.20996,0.1272,-1.02954,1.0584,56.688,9.875,41.125,-0.0413,-0.9901,-0.109,0.0764
1781773946029,83066,0.20996,0.1272,-1.02954,1.0584,56.688,9.875,41.125,-0.0413,-0.9901,-0.109,0.0764
1781773946029,83066,0.19189,0.12866,-1.05249,1.07755,58.062,6.625,39.625,-0.0488,-0.9902,-0.104,0.0772
1781773946030,83067,0.23438,0.08179,-0.99341,1.02395,47.75,-11.438,24.688,-0.0663,-0.9916,-0.0791,0.0759
1781773946096,83133,0.21631,0.07788,-0.98828,1.01467,48.5,-9.375,23.938,-0.0693,-0.9918,-0.0758,0.0755
1781773946097,83134,0.21533,0.0686,-0.9834,1.00903,49.0,-7.562,22.75,-0.0701,-0.9918,-0.0736,0.0754
1781773946097,83134,0.20093,0.05444,-1.10742,1.12682,40.375,-0.062,23.062,-0.0844,-0.9918,-0.0546,0.077
1781773946149,83186,0.20093,0.05444,-1.10742,1.12682,40.375,-0.062,23.062,-0.0844,-0.9918,-0.0546,0.077
1781773946149,83186,0.2085,0.052,-1.11108,1.13167,34.0,-10.75,21.875,-0.0914,-0.9914,-0.0516,0.0765
1781773946149,83186,0.2085,0.052,-1.11108,1.13167,34.0,-10.75,21.875,-0.0914,-0.9914,-0.0516,0.0765
1781773946214,83251,0.13086,0.03589,-1.03589,1.04474,13.688,-28.625,9.438,-0.1035,-0.992,-0.0407,0.0589
1781773946214,83251,0.12671,0.02905,-1.03345,1.04159,14.438,-20.375,10.438,-0.1041,-0.992,-0.0396,0.0576
1781773946216,83253,0.14404,0.02539,-1.07007,1.08002,14.688,1.562,10.188,-0.1114,-0.9915,-0.0333,0.0565
1781773946269,83306,0.14917,0.02441,-1.07349,1.08408,12.188,0.5,9.938,-0.1173,-0.9909,-0.0327,0.0565
1781773946269,83306,0.146,0.02148,-1.0564,1.06665,10.625,-0.125,9.75,-0.1177,-0.9908,-0.0322,0.0567
1781773946274,83311,0.09912,0.01099,-0.99805,1.00302,14.25,0.5,7.75,-0.1291,-0.9896,-0.0283,0.0559
1781773946334,83371,0.09717,0.01709,-0.99927,1.00413,15.625,1.688,8.188,-0.1294,-0.9895,-0.0277,0.056
1781773946334,83371,0.08496,0.02295,-1.01489,1.0187,15.125,0.625,9.875,-0.1342,-0.9889,-0.0268,0.056
1781773946334,83371,0.10596,-0.00098,-1.00171,1.0073,12.875,4.625,8.25,-0.1452,-0.9873,-0.0212,0.0589
1781773946392,83429,0.11157,0.00122,-1.01733,1.02343,12.125,2.75,7.875,-0.1455,-0.9873,-0.0206,0.0591
1781773946392,83429,0.11279,0.00391,-1.02124,1.02746,9.938,-0.688,6.188,-0.1481,-0.9869,-0.0197,0.0593
1781773946392,83429,0.11694,-0.02515,-0.97632,0.98362,3.25,-9.25,2.5,-0.1567,-0.9858,-0.0174,0.0558
1781773946448,83485,0.10742,-0.02075,-0.96875,0.97491,4.5,-5.75,2.0,-0.1568,-0.9858,-0.0172,0.0556
1781773946448,83485,0.10254,-0.01514,-0.98267,0.98812,6.5,-2.688,3.688,-0.1576,-0.9857,-0.0166,0.0553
1781773946450,83487,0.11279,-0.00244,-1.03247,1.03862,5.5,4.375,7.625,-0.165,-0.9844,-0.0136,0.0577
1781773946508,83545,0.11279,-0.00244,-1.03247,1.03862,5.5,4.375,7.625,-0.165,-0.9844,-0.0136,0.0577
1781773946508,83545,0.12061,-0.00391,-1.02759,1.03465,4.125,1.688,8.188,-0.1653,-0.9844,-0.0134,0.0578
1781773946508,83545,0.11987,-0.02222,-0.98291,0.99044,3.438,-4.875,0.0,-0.1744,-0.9829,-0.0119,0.0554
1781773946567,83604,0.11499,-0.01172,-0.98535,0.99211,5.875,2.188,-0.5,-0.176,-0.9827,-0.0115,0.0554
1781773946568,83605,0.11279,-0.01636,-0.99194,0.99847,5.812,2.312,-0.625,-0.176,-0.9827,-0.0113,0.0556
1781773946568,83605,0.10229,-0.00952,-1.01001,1.01522,-1.0,-4.938,-1.75,-0.1785,-0.9822,-0.0102,0.0558
1781773946628,83665,0.10229,-0.00952,-1.01001,1.01522,-1.0,-4.938,-1.75,-0.1785,-0.9822,-0.0102,0.0558
1781773946628,83665,0.10474,-0.01123,-1.00244,1.00796,-1.625,-2.75,-2.938,-0.1805,-0.9819,-0.0104,0.0552
1781773946630,83667,0.11108,-0.00635,-1.00488,1.01102,-3.25,-2.25,-5.062,-0.1812,-0.9818,-0.0112,0.0539
1781773946695,83732,0.11426,-0.01074,-0.99512,1.00171,-3.438,-1.938,-4.938,-0.181,-0.9818,-0.0113,0.0538
1781773946695,83732,0.09473,-0.00708,-0.98657,0.99113,-2.0,0.0,-4.938,-0.1822,-0.9816,-0.0115,0.0536
1781773946695,83732,0.11499,-0.00659,-1.01733,1.02383,1.0,1.5,0.438,-0.1868,-0.9807,-0.0115,0.0554
1781773946748,83785,0.11792,-0.00342,-1.02197,1.02876,0.0,0.438,-0.062,-0.1867,-0.9807,-0.0114,0.0554
1781773946748,83785,0.12329,-0.0105,-1.01196,1.0195,-1.438,-0.312,-0.938,-0.1867,-0.9807,-0.0115,0.0554
1781773946748,83785,0.11108,-0.00659,-0.98926,0.9955,-2.625,2.875,-4.188,-0.1875,-0.9805,-0.0125,0.0551
1781773946807,83844,0.11011,-0.01123,-0.97827,0.98451,-1.875,5.562,-3.562,-0.1873,-0.9805,-0.0126,0.0553
1781773946808,83845,0.11157,-0.0127,-0.97534,0.98178,-1.312,5.938,-3.5,-0.1872,-0.9805,-0.0126,0.0556
1781773946808,83845,0.09937,-0.00513,-0.99243,0.99741,-0.312,6.625,-4.125,-0.1868,-0.9805,-0.0134,0.0578
1781773946870,83907,0.09839,-0.00269,-0.99902,1.00386,-0.125,5.312,-3.5,-0.1866,-0.9805,-0.0135,0.0581
1781773946871,83908,0.10303,0.00098,-1.00073,1.00602,-0.375,4.875,-2.688,-0.1865,-0.9805,-0.0136,0.0582
1781773946871,83908,0.12085,-0.00928,-0.97925,0.98672,-1.0,2.375,-2.562,-0.1864,-0.9805,-0.0142,0.0587
1781773946928,83965,0.11768,-0.00708,-0.98022,0.98729,-0.562,2.438,-3.0,-0.1862,-0.9805,-0.0142,0.0588
1781773946928,83965,0.11597,-0.00879,-0.98315,0.99001,-0.312,3.0,-2.938,-0.1861,-0.9805,-0.0142,0.0589
1781773946929,83966,0.13232,-0.00464,-1.01538,1.02398,0.25,6.25,-1.688,-0.1853,-0.9805,-0.0142,0.0628
1781773946990,84027,0.13184,-0.00781,-1.01465,1.02321,-0.25,5.625,-1.75,-0.1853,-0.9805,-0.0143,0.0629
1781773946990,84027,0.12866,-0.0022,-1.01074,1.0189,-1.062,4.062,-2.125,-0.1851,-0.9805,-0.0144,0.0631
1781773946990,84027,0.13672,-0.00488,-1.00098,1.01028,-3.438,-1.188,-2.562,-0.1871,-0.9802,-0.0158,0.0621
1781773947049,84086,0.1311,-0.00293,-1.00977,1.01825,-3.312,-0.5,-2.188,-0.187,-0.9802,-0.0159,0.0621
1781773947049,84086,0.12891,-0.00293,-1.00928,1.01748,-3.375,-0.062,-2.0,-0.1869,-0.9802,-0.0161,0.0621
1781773947049,84086,0.12891,-0.00293,-1.00928,1.01748,-3.375,-0.062,-2.0,-0.1869,-0.9802,-0.0161,0.0621
1781773947108,84145,0.14038,0.00415,-1.0271,1.03666,-7.25,-7.312,-4.688,-0.1876,-0.9801,-0.0181,0.0607
1781773947108,84145,0.14331,0.00073,-1.021,1.03101,-8.062,-8.375,-4.562,-0.1874,-0.9802,-0.0183,0.0604
1781773947118,84155,0.146,0.01099,-1.03638,1.04667,-12.688,-18.5,-4.938,-0.1843,-0.981,-0.0216,0.0544
1781773947180,84217,0.14062,0.01416,-1.04517,1.05468,-12.438,-16.312,-5.062,-0.184,-0.9811,-0.0221,0.0532
1781773947180,84217,0.13965,0.0144,-1.04175,1.05117,-12.438,-15.062,-5.188,-0.1838,-0.9812,-0.0225,0.0524
1781773947180,84217,0.13965,0.0144,-1.04175,1.05117,-12.438,-15.062,-5.188,-0.1838,-0.9812,-0.0225,0.0524
1781773947232,84269,0.11255,0.04761,-1.0542,1.06126,-19.5,-26.125,-7.562,-0.1787,-0.9824,-0.0271,0.0436
1781773947232,84269,0.10205,0.04224,-1.05981,1.06555,-21.188,-30.688,-7.0,-0.1784,-0.9826,-0.0281,0.0415
1781773947233,84270,0.07764,0.08398,-1.11646,1.1223,-37.188,-50.812,-7.688,-0.1665,-0.9851,-0.0371,0.0206
1781773947288,84325,0.06543,0.09058,-1.11914,1.1247,-38.312,-53.188,-6.688,-0.1663,-0.9851,-0.0384,0.018
1781773947288,84325,0.06152,0.09058,-1.11377,1.11914,-40.125,-54.875,-5.5,-0.1661,-0.9851,-0.0397,0.0155
1781773947288,84325,0.06152,0.09058,-1.11377,1.11914,-40.125,-54.875,-5.5,-0.1661,-0.9851,-0.0397,0.0155
1781773947347,84384,0.0,0.11255,-1.03857,1.04465,-51.0,-58.875,-8.438,0.155,0.9862,0.0558,0.0131
1781773947348,84385,-0.00293,0.12891,-1.02881,1.03686,-52.812,-63.438,-8.688,0.1547,0.986,0.0576,0.0161
1781773947348,84385,-0.0979,0.16821,-0.99756,1.01637,-76.375,-100.938,-6.062,0.1366,0.9851,0.082,0.0628
1781773947408,84445,-0.09131,0.18726,-0.96704,0.98923,-79.562,-117.812,-5.75,0.1365,0.9846,0.0847,0.0679
1781773947408,84445,-0.09521,0.20532,-0.96729,0.99341,-84.812,-147.688,-5.562,0.1365,0.9838,0.0874,0.0744
1781773947409,84446,-0.09521,0.20532,-0.96729,0.99341,-84.812,-147.688,-5.562,0.1365,0.9838,0.0874,0.0744
1781773947467,84504,-0.25415,0.22192,-0.91675,0.97687,-98.75,-228.938,-1.875,0.1124,0.9749,0.1187,0.1508
1781773947468,84505,-0.27148,0.20288,-0.92188,0.9822,-99.0,-233.438,1.25,0.113,0.9728,0.1217,0.161
1781773947468,84505,-0.27148,0.20288,-0.92188,0.9822,-99.0,-233.438,1.25,0.113,0.9728,0.1217,0.161
1781773947533,84570,-0.46069,0.31104,-0.78833,0.9646,-96.562,-168.875,2.438,0.0853,0.9504,0.1636,0.2496
1781773947533,84570,-0.4895,0.31787,-0.76465,0.96195,-97.75,-168.438,4.25,0.0856,0.9479,0.167,0.2568
1781773947533,84570,-0.4895,0.31787,-0.76465,0.96195,-97.75,-168.438,4.25,0.0856,0.9479,0.167,0.2568
1781773947589,84626,-0.57495,0.37866,-0.59155,0.90768,-89.625,-186.062,10.438,0.0653,0.9157,0.2129,0.3342
1781773947589,84626,-0.59131,0.3772,-0.57617,0.90769,-86.938,-193.312,11.875,0.0662,0.9121,0.216,0.3419
1781773947589,84626,-0.70874,0.45947,-0.44385,0.95416,-77.25,-219.25,21.688,0.0641,0.865,0.2556,0.4268
1781773947651,84688,-0.72778,0.46704,-0.42017,0.96142,-77.938,-231.312,20.688,0.0659,0.8598,0.2583,0.4352
1781773947652,84689,-0.74463,0.47754,-0.40356,0.97231,-78.0,-246.75,20.188,0.0679,0.8543,0.2608,0.4442
1781773947652,84689,-0.74609,0.48364,-0.27148,0.92966,-80.375,-326.812,29.188,0.0737,0.7942,0.2916,0.5278
1781773947710,84747,-0.7478,0.4895,-0.2168,0.91969,-82.5,-341.562,27.875,0.07,0.7817,0.3009,0.5415
1781773947711,84748,-0.76392,0.48779,-0.20068,0.92832,-85.688,-358.375,27.625,0.0735,0.7722,0.3033,0.5532
1781773947711,84748,-0.76392,0.48779,-0.20068,0.92832,-85.688,-358.375,27.625,0.0735,0.7722,0.3033,0.5532
1781773947769,84806,-0.76392,0.48779,-0.20068,0.92832,-85.688,-358.375,27.625,0.0735,0.7722,0.3033,0.5532
1781773947773,84810,-0.7959,0.53906,0.0752,0.96421,-87.625,-365.812,35.125,0.0929,0.6525,0.3486,0.6662
1781773947773,84810,-0.62134,0.50562,0.3728,0.88357,-102.438,-359.5,30.125,0.1194,0.499,0.3919,0.7636
1781773947832,84869,-0.58301,0.50708,0.40332,0.87161,-101.75,-371.938,31.625,0.1246,0.4779,0.3937,0.7752
1781773947833,84870,-0.56348,0.5022,0.41284,0.86032,-100.562,-371.375,32.062,0.1264,0.4708,0.3942,0.7789
1781773947833,84870,-0.38623,0.4729,0.51367,0.79791,-83.0,-276.875,32.812,0.1444,0.3659,0.4164,0.8195
1781773947887,84924,-0.34326,0.45752,0.53271,0.78163,-80.062,-247.125,31.875,0.1455,0.3508,0.4229,0.8226
1781773947887,84924,-0.33057,0.44849,0.56323,0.79224,-79.5,-231.75,30.062,0.1475,0.3408,0.4237,0.826
1781773947888,84925,-0.33057,0.44849,0.56323,0.79224,-79.5,-231.75,30.062,0.1475,0.3408,0.4237,0.826
1781773947948,84985,-0.33057,0.44849,0.56323,0.79224,-79.5,-231.75,30.062,0.1475,0.3408,0.4237,0.826
1781773947948,84985,-0.26953,0.42969,0.65674,0.82981,-81.812,-179.438,33.688,0.1561,0.2538,0.438,0.848
1781773947952,84989,-0.26953,0.42969,0.65674,0.82981,-81.812,-179.438,33.688,0.1561,0.2538,0.438,0.848
1781773948008,85045,-0.08472,0.3457,0.78809,0.86474,-83.5,-120.375,29.062,0.1535,0.1629,0.4539,0.8624
1781773948008,85045,-0.06079,0.33594,0.76587,0.83851,-79.688,-109.75,26.5,0.1528,0.1569,0.4547,0.8632
1781773948009,85046,-0.08057,0.29565,0.83838,0.89263,-75.562,-64.625,9.688,0.1425,0.1174,0.4512,0.8729
1781773948068,85105,-0.08057,0.29565,0.83838,0.89263,-75.562,-64.625,9.688,0.1425,0.1174,0.4512,0.8729
1781773948068,85105,-0.09985,0.31445,0.91992,0.9773,-77.438,-72.188,12.562,0.1401,0.1086,0.4479,0.8762
1781773948068,85105,-0.09985,0.31445,0.91992,0.9773,-77.438,-72.188,12.562,0.1401,0.1086,0.4479,0.8762
1781773948127,85164,0.05005,0.24097,0.98853,1.0187,-76.812,-74.0,22.188,0.1275,0.0549,0.444,0.885
1781773948129,85166,0.08643,0.21313,0.99634,1.02254,-73.375,-60.188,20.812,0.1247,0.0462,0.4406,0.8876
1781773948129,85166,0.07422,0.20288,1.02515,1.04766,-64.062,-32.312,15.562,0.1094,0.0183,0.4317,0.895
1781773948188,85225,0.08691,0.18872,1.04077,1.06131,-62.312,-29.625,15.688,0.1076,0.0158,0.4322,0.895
1781773948188,85225,0.11719,0.1687,1.04028,1.06037,-59.938,-27.75,14.938,0.105,0.0115,0.4262,0.8983
1781773948188,85225,0.10376,0.15503,1.03931,1.05592,-49.938,-32.0,16.625,0.0905,-0.0095,0.4109,0.907
1781773948247,85284,0.1189,0.14429,1.04175,1.05839,-49.438,-31.188,15.938,0.0891,-0.0117,0.4114,0.9069
1781773948247,85284,0.11792,0.13818,1.03979,1.05554,-47.625,-28.688,14.438,0.0869,-0.0157,0.4028,0.9109
1781773948248,85285,0.15747,0.09229,1.08301,1.09828,-40.312,-9.5,13.062,0.0731,-0.0326,0.387,0.9185
1781773948309,85346,0.15283,0.09668,1.10938,1.12402,-37.312,-8.188,12.625,0.0717,-0.0336,0.3874,0.9184
1781773948309,85346,0.16699,0.09326,1.11719,1.13344,-32.125,-11.5,12.375,0.0697,-0.0358,0.3796,0.9217
1781773948309,85346,0.11792,0.09399,1.02002,1.03111,-29.0,-7.188,12.312,0.0613,-0.0451,0.3659,0.9274
1781773948369,85406,0.11377,0.08667,1.04126,1.05104,-30.062,-6.812,12.625,0.0602,-0.0459,0.3663,0.9273
1781773948369,85406,0.11572,0.09229,1.05444,1.06478,-29.25,-11.875,13.25,0.0583,-0.0477,0.3599,0.9298
1781773948369,85406,0.14648,0.04907,1.04224,1.05362,-27.062,-17.938,16.0,0.0494,-0.0603,0.348,0.9342
1781773948429,85466,0.15405,0.04248,1.05518,1.06721,-27.125,-17.812,15.5,0.0486,-0.0615,0.3485,0.9339
1781773948432,85469,0.16479,0.04663,1.06445,1.07814,-27.438,-18.5,13.938,0.0468,-0.0636,0.3416,0.9364
1781773948432,85469,0.16016,0.03516,1.08252,1.09487,-16.375,-4.25,10.312,0.0391,-0.0721,0.3325,0.9394
1781773948488,85525,0.16016,0.03516,1.08252,1.09487,-16.375,-4.25,10.312,0.0391,-0.0721,0.3325,0.9394
1781773948488,85525,0.16772,0.02539,1.08228,1.09549,-13.812,3.375,8.562,0.0366,-0.0731,0.3256,0.9418
1781773948489,85526,0.14185,0.03442,1.07227,1.08215,-7.375,-11.25,6.125,0.0313,-0.0748,0.3151,0.9455
1781773948549,85586,0.15527,0.03101,1.05933,1.07109,-8.375,-13.625,6.188,0.0304,-0.0757,0.3057,0.9485
1781773948549,85586,0.1604,0.02808,1.06323,1.07563,-7.875,-12.562,5.75,0.0302,-0.0764,0.3059,0.9484
1781773948549,85586,0.16138,0.02783,1.02979,1.04272,-1.188,-2.375,0.062,0.0288,-0.0805,0.2942,0.9518
1781773948607,85644,0.15527,0.02539,1.02075,1.03281,-0.938,-0.812,-0.188,0.0287,-0.0806,0.2942,0.9518
1781773948607,85644,0.15967,0.021,1.01099,1.02373,-0.75,3.562,-0.688,0.0286,-0.0804,0.2942,0.9518
1781773948608,85645,0.13086,0.02051,1.02173,1.03028,0.312,1.438,1.5,0.0275,-0.078,0.286,0.9545
1781773948672,85709,0.146,0.0144,0.99854,1.00925,-0.312,-4.875,3.438,0.0272,-0.0786,0.281,0.956
1781773948672,85709,0.1394,0.01636,1.00513,1.01488,-0.688,-5.062,3.062,0.0272,-0.0788,0.2811,0.9559
1781773948672,85709,0.15088,0.01489,0.99414,1.00564,-1.625,-11.438,3.812,0.027,-0.0816,0.2753,0.9574
1781773948728,85765,0.16821,0.00415,1.00537,1.01935,-1.375,-9.625,3.312,0.0271,-0.0825,0.2756,0.9572
1781773948728,85765,0.17163,-0.00146,1.00366,1.01823,-0.625,-8.062,2.75,0.0271,-0.0831,0.2738,0.9577
1781773948729,85766,0.14526,0.0105,0.99658,1.00717,2.5,3.812,0.0,0.0277,-0.0831,0.2739,0.9577
1781773948789,85826,0.15405,0.00684,0.98901,1.00096,2.375,3.0,0.688,0.0277,-0.0829,0.274,0.9577
1781773948789,85826,0.15283,0.00708,1.00317,1.01477,2.125,3.5,0.688,0.0274,-0.0827,0.2694,0.9589
1781773948790,85827,0.15039,0.00854,0.98682,0.99825,2.562,14.188,1.0,0.027,-0.0793,0.2638,0.9608
1781773948851,85888,0.15454,0.01392,0.9834,0.99556,2.812,16.125,0.812,0.027,-0.0786,0.2639,0.9608
1781773948851,85888,0.15796,0.00757,0.98413,0.99676,2.625,18.125,-0.062,0.0267,-0.0775,0.262,0.9614
1781773948851,85888,0.14282,0.01587,1.0083,1.01849,3.562,11.938,-1.062,0.0255,-0.0711,0.2562,0.9636
1781773948909,85946,0.13745,0.01831,1.01367,1.02311,3.938,9.312,-1.188,0.0256,-0.0706,0.2562,0.9636
1781773948911,85948,0.14233,0.01685,1.00122,1.01143,3.812,5.438,-0.75,0.0257,-0.0703,0.2562,0.9636
1781773948911,85948,0.12549,0.02393,0.97974,0.98803,1.375,-2.562,0.562,0.0266,-0.0705,0.2491,0.9655
1781773948971,86008,0.12769,0.02075,0.98486,0.99332,1.312,-0.875,0.875,0.0266,-0.0705,0.2492,0.9654
1781773948973,86010,0.13306,0.021,0.98779,0.99694,1.188,0.562,1.0,0.0267,-0.0705,0.2492,0.9654
1781773948973,86010,0.13306,0.021,0.98779,0.99694,1.188,0.562,1.0,0.0267,-0.0705,0.2492,0.9654
1781773949028,86065,0.13843,0.01416,0.99023,0.99996,1.188,5.562,1.625,0.0266,-0.0688,0.2465,0.9663
1781773949028,86065,0.13159,0.02197,1.00049,1.00934,1.312,7.438,0.812,0.0266,-0.0684,0.2465,0.9663
1781773949028,86065,0.1228,0.02368,1.0127,1.02039,2.375,2.25,0.125,0.0264,-0.0664,0.242,0.9675
1781773949087,86124,0.11865,0.0249,1.00806,1.01532,2.562,-0.75,0.625,0.0265,-0.0663,0.242,0.9675
1781773949088,86125,0.13135,0.02271,0.99976,1.0086,3.0,-2.125,1.188,0.0266,-0.0664,0.242,0.9675
1781773949088,86125,0.12793,0.01807,0.99463,1.00299,3.062,4.75,-0.25,0.0278,-0.0654,0.2404,0.968
1781773949148,86185,0.12134,0.02588,0.99292,1.00064,3.125,5.062,-0.312,0.028,-0.0651,0.2404,0.968
1781773949148,86185,0.12305,0.02295,0.99243,1.00029,3.0,4.375,0.0,0.028,-0.0649,0.2404,0.968
1781773949150,86187,0.11768,0.02539,1.01025,1.0174,2.312,9.438,-0.438,0.0283,-0.062,0.2418,0.9678
1781773949207,86244,0.11597,0.02197,1.00781,1.0147,2.812,9.625,-0.188,0.0283,-0.0615,0.2418,0.9678
1781773949208,86245,0.12134,0.02124,1.00537,1.01289,2.75,8.438,-0.188,0.0283,-0.0608,0.2403,0.9683
1781773949208,86245,0.10156,0.03027,1.00854,1.0141,4.938,9.062,-3.188,0.0286,-0.0562,0.2377,0.9692
1781773949271,86308,0.10132,0.02905,1.01221,1.01768,4.625,6.812,-2.5,0.0288,-0.0558,0.2376,0.9692
1781773949271,86308,0.10547,0.02832,1.01904,1.02488,4.875,6.875,-2.125,0.0289,-0.0554,0.2375,0.9692
1781773949273,86310,0.10229,0.03955,1.06445,1.07009,15.438,19.438,-2.75,0.0316,-0.0489,0.2344,0.9703
1781773949328,86365,0.10498,0.03564,1.06299,1.06875,17.0,19.938,-2.75,0.0321,-0.0479,0.2344,0.9703
1781773949328,86365,0.10718,0.04175,1.0625,1.06871,18.25,20.688,-2.75,0.0327,-0.0468,0.2343,0.9703
1781773949328,86365,0.09326,0.05103,1.02075,1.02627,23.875,18.688,-5.188,0.0399,-0.0358,0.2285,0.972
1781773949389,86426,0.09473,0.05054,1.01562,1.02128,24.438,19.438,-5.812,0.0408,-0.0348,0.2283,0.972
1781773949390,86427,0.0918,0.05493,1.01709,1.0227,25.375,21.188,-7.0,0.0421,-0.0332,0.228,0.9721
1781773949390,86427,0.05566,0.09277,1.01367,1.01943,30.938,26.188,-10.188,0.0513,-0.0197,0.2224,0.9733
1781773949448,86485,0.05615,0.08789,1.0166,1.02194,30.875,25.312,-10.312,0.0524,-0.0183,0.2221,0.9733
1781773949448,86485,0.05103,0.09644,1.02539,1.03118,31.0,23.562,-10.188,0.0535,-0.017,0.2217,0.9734
1781773949448,86485,0.02124,0.14014,1.02295,1.03272,28.562,21.062,-8.375,0.0646,-0.0036,0.2227,0.9726
1781773949508,86545,0.02368,0.14038,1.03125,1.04103,28.812,19.938,-7.312,0.0656,-0.0024,0.2225,0.9726
1781773949508,86545,0.02441,0.12915,1.03369,1.04201,28.75,17.688,-7.438,0.0666,-0.0013,0.2222,0.9726
1781773949509,86546,0.01318,0.15088,1.04858,1.05947,32.688,31.812,-14.25,0.077,0.0111,0.2194,0.9724
1781773949569,86606,-0.00439,0.15674,1.05127,1.0629,33.688,33.125,-14.625,0.0781,0.0129,0.2189,0.9724
1781773949569,86606,-0.0188,0.16431,1.05298,1.06589,34.312,33.375,-14.812,0.0792,0.0147,0.2184,0.9724
1781773949569,86606,-0.0166,0.19116,1.05322,1.07056,36.562,23.438,-12.438,0.0916,0.0297,0.217,0.9713
1781773949630,86667,-0.01929,0.19751,1.04541,1.06408,37.688,21.875,-12.688,0.0936,0.0316,0.2163,0.9712
1781773949630,86667,-0.00806,0.19214,1.03491,1.05263,38.188,21.375,-12.625,0.0949,0.0329,0.2158,0.9711
1781773949630,86667,-0.00806,0.19214,1.03491,1.05263,38.188,21.375,-12.625,0.0949,0.0329,0.2158,0.9711
1781773949698,86735,-0.03687,0.22241,1.01001,1.03487,43.0,29.938,-13.5,0.1082,0.0479,0.215,0.9693
1781773949698,86735,-0.04761,0.22925,1.00952,1.03632,43.188,30.062,-14.312,0.1097,0.0496,0.2145,0.9692
1781773949699,86736,-0.04761,0.22925,1.00952,1.03632,43.188,30.062,-14.312,0.1097,0.0496,0.2145,0.9692
1781773949752,86789,-0.1106,0.27979,0.96631,1.01206,44.188,29.938,-16.062,0.1265,0.0703,0.2123,0.9663
1781773949755,86792,-0.11426,0.27979,0.96094,1.00734,43.062,28.375,-15.812,0.128,0.072,0.2117,0.9661
1781773949756,86793,-0.11426,0.27979,0.96094,1.00734,43.062,28.375,-15.812,0.128,0.072,0.2117,0.9661
1781773949807,86844,-0.12036,0.31104,0.92773,0.98586,35.0,20.625,-14.312,0.1427,0.0858,0.2092,0.9634
1781773949808,86845,-0.13232,0.31641,0.93921,0.99987,35.0,23.562,-14.375,0.1439,0.0872,0.2086,0.9633
1781773949808,86845,-0.17188,0.3396,0.9209,0.99646,33.188,29.812,-12.5,0.1541,0.1044,0.2101,0.9597
1781773949872,86909,-0.17334,0.3479,0.92334,1.00182,31.938,27.125,-11.5,0.1549,0.1065,0.2123,0.9588
1781773949876,86913,-0.1731,0.35156,0.92627,1.00575,30.938,24.188,-10.688,0.1559,0.1079,0.2119,0.9586
1781773949876,86913,-0.16626,0.36548,0.90698,0.99188,25.438,6.938,-6.0,0.1652,0.116,0.2118,0.9561
1781773949927,86964,-0.16626,0.36548,0.90698,0.99188,25.438,6.938,-6.0,0.1652,0.116,0.2118,0.9561
1781773949928,86965,-0.16455,0.36743,0.91675,1.00125,25.625,6.125,-6.125,0.1661,0.1175,0.2153,0.955
1781773949929,86966,-0.20654,0.40088,0.90332,1.00963,21.125,9.125,-6.75,0.1747,0.1249,0.2195,0.9515
1781773949990,87027,-0.20215,0.40112,0.89453,1.00097,20.125,7.875,-4.938,0.1754,0.1264,0.2221,0.9506
1781773949991,87028,-0.20264,0.40039,0.89551,1.00165,19.188,6.938,-3.875,0.1762,0.127,0.2218,0.9504
1781773949993,87030,-0.18066,0.39966,0.8833,0.9862,6.375,-14.062,4.875,0.1804,0.1276,0.2268,0.9484
1781773950047,87084,-0.18066,0.39966,0.8833,0.9862,6.375,-14.062,4.875,0.1804,0.1276,0.2268,0.9484
1781773950048,87085,-0.14624,0.38403,0.875,0.96669,4.688,-14.625,4.75,0.1802,0.1278,0.2341,0.9467
1781773950049,87086,-0.15039,0.39673,0.87988,0.97683,-3.312,0.188,-7.562,0.1802,0.1259,0.2379,0.9459
1781773950111,87148,-0.17041,0.40869,0.90015,1.00316,-3.188,-0.25,-7.938,0.1795,0.1268,0.2415,0.9451
1781773950118,87155,-0.17212,0.40576,0.90234,1.00424,-3.5,-2.688,-7.5,0.1793,0.1268,0.2412,0.9452
1781773950118,87155,-0.09155,0.34888,0.8606,0.93312,-27.938,-14.125,-25.625,0.1732,0.1236,0.2439,0.9461
1781773950167,87204,-0.0979,0.34058,0.85889,0.92912,-31.438,-10.625,-29.812,0.1708,0.1234,0.2462,0.9459
1781773950167,87204,-0.12109,0.33496,0.83472,0.90753,-34.062,-6.688,-32.875,0.1693,0.123,0.245,0.9465
1781773950168,87205,-0.25757,0.38501,1.02344,1.12339,-57.25,27.062,-17.625,0.148,0.1268,0.2455,0.9495
1781773950230,87267,-0.22656,0.37695,1.02905,1.1191,-54.562,25.125,-14.5,0.1453,0.1274,0.2453,0.9498
1781773950230,87267,-0.18042,0.32788,1.02197,1.08834,-49.062,18.062,-13.438,0.1411,0.1287,0.25,0.9491
1781773950237,87274,-0.25122,0.30762,0.9856,1.06261,-31.5,-6.188,-12.062,0.1221,0.1273,0.2552,0.9505
1781773950287,87324,-0.24219,0.28735,0.86987,0.94758,-23.562,-15.562,-7.188,0.1198,0.1264,0.2581,0.9501
1781773950288,87325,-0.22217,0.2876,0.87891,0.95108,-27.0,-18.312,-5.688,0.1189,0.1254,0.2579,0.9504
1781773950288,87325,-0.13696,0.23853,0.9021,0.9431,-23.312,-13.875,-2.062,0.1096,0.1188,0.2623,0.9512
1781773950349,87386,-0.13574,0.24048,0.90869,0.94972,-24.375,-13.312,-4.625,0.1088,0.118,0.2622,0.9514
1781773950350,87387,-0.14233,0.24707,0.92065,0.9638,-25.312,-9.875,-6.312,0.1075,0.1176,0.2653,0.9508
1781773950350,87387,-0.24658,0.25635,1.03345,1.09295,-38.062,22.562,-8.562,0.0908,0.1204,0.2706,0.9507
1781773950408,87445,-0.22998,0.25366,1.01367,1.06994,-36.875,12.75,-4.938,0.0882,0.1207,0.2707,0.9509
1781773950408,87445,-0.20581,0.23877,0.97339,1.02316,-36.625,6.0,-2.188,0.0858,0.1207,0.2713,0.9509
1781773950409,87446,-0.17163,0.19702,0.96704,1.00172,-21.562,10.875,-1.812,0.0729,0.1195,0.277,0.9505
1781773950468,87505,-0.17163,0.19702,0.96704,1.00172,-21.562,10.875,-1.812,0.0729,0.1195,0.277,0.9505
1781773950468,87505,-0.17041,0.19482,0.95728,0.99165,-12.562,34.625,-0.875,0.07,0.1217,0.2775,0.9503
1781773950468,87505,-0.22461,0.20044,0.95605,1.00233,-9.0,4.625,-1.375,0.0645,0.1307,0.2758,0.95
1781773950531,87568,-0.2312,0.19946,0.97632,1.02296,-11.312,-8.0,-1.25,0.064,0.1303,0.2758,0.9501
1781773950531,87568,-0.25098,0.19751,0.98999,1.04023,-11.312,-15.812,-1.438,0.0639,0.1295,0.2742,0.9506
1781773950537,87574,-0.25098,0.19751,0.98999,1.04023,-11.312,-15.812,-1.438,0.0639,0.1295,0.2742,0.9506
1781773950589,87626,-0.18945,0.17432,0.9917,1.02457,-5.188,-23.812,0.625,0.0631,0.1161,0.2802,0.9507
1781773950590,87627,-0.18896,0.17285,0.98633,1.01903,-3.25,-21.125,0.562,0.0629,0.1153,0.2822,0.9502
1781773950590,87627,-0.18066,0.18213,0.99561,1.02812,3.5,-12.875,2.125,0.065,0.1105,0.2832,0.9503
1781773950649,87686,-0.18945,0.18262,0.9834,1.018,4.062,-15.312,2.25,0.0654,0.11,0.2832,0.9504
1781773950649,87686,-0.21313,0.19165,0.98511,1.02596,2.562,-21.562,2.562,0.066,0.1087,0.2846,0.9501
1781773950655,87692,-0.11499,0.16528,0.96899,0.98969,5.375,-32.438,4.125,0.0707,0.0971,0.29,0.9493
1781773950708,87745,-0.11816,0.17139,0.96802,0.99015,5.438,-28.438,1.938,0.0716,0.0954,0.2899,0.9495
1781773950708,87745,-0.13647,0.19019,0.98218,1.00969,5.375,-23.438,0.25,0.0723,0.0941,0.2916,0.949
1781773950709,87746,-0.13647,0.19019,0.98218,1.00969,5.375,-23.438,0.25,0.0723,0.0941,0.2916,0.949
1781773950772,87809,-0.1272,0.20288,0.98071,1.00952,10.5,-8.375,-1.125,0.0777,0.0904,0.2925,0.9487
1781773950772,87809,-0.14209,0.20679,0.97314,1.00497,10.875,-8.5,-1.625,0.0784,0.0903,0.294,0.9482
1781773950772,87809,-0.125,0.20557,0.99878,1.02735,19.25,-11.625,1.438,0.0849,0.0885,0.2918,0.9484
1781773950827,87864,-0.12134,0.21167,0.97021,1.00042,19.312,-13.688,0.812,0.0859,0.0882,0.2918,0.9484
1781773950827,87864,-0.13574,0.21509,0.98096,1.01339,20.438,-12.0,0.5,0.0872,0.0879,0.2925,0.9481
1781773950829,87866,-0.11182,0.23242,0.92163,0.95704,18.188,-9.0,-2.25,0.0969,0.0856,0.2885,0.9486
1781773950893,87930,-0.11035,0.23584,0.94482,0.98005,17.812,-7.375,-2.25,0.0977,0.0855,0.2883,0.9486
1781773950893,87930,-0.1189,0.23853,0.96045,0.99674,18.188,-5.5,-2.125,0.0985,0.0855,0.2881,0.9486
1781773950894,87931,-0.09253,0.23608,0.95703,0.99005,22.125,-8.375,0.688,0.1083,0.0859,0.2886,0.9473
1781773950949,87986,-0.13232,0.26855,0.9834,1.02796,22.375,-7.562,0.625,0.1093,0.0859,0.2885,0.9472
1781773950949,87986,-0.13916,0.26465,0.9873,1.03159,24.125,-7.625,3.188,0.1104,0.0859,0.2885,0.9471
1781773950949,87986,-0.1416,0.28442,0.97437,1.02486,14.375,23.438,-3.125,0.1171,0.0923,0.2907,0.945
1781773951012,88049,-0.1416,0.28442,0.97437,1.02486,14.375,23.438,-3.125,0.1171,0.0923,0.2907,0.945
1781773951012,88049,-0.14282,0.28369,0.9856,1.03551,15.688,22.688,-2.312,0.1174,0.0935,0.2906,0.9449
1781773951012,88049,-0.14673,0.2915,0.96704,1.02062,15.75,11.812,-3.625,0.1223,0.1025,0.2888,0.9439
1781773951067,88104,-0.14819,0.28931,0.96411,1.01743,16.312,11.062,-3.375,0.1228,0.1032,0.2887,0.9437
1781773951067,88104,-0.15674,0.29419,0.96265,1.01873,16.812,10.062,-3.188,0.1234,0.1038,0.2885,0.9437
1781773951069,88106,-0.15234,0.30396,0.9834,1.04051,20.125,31.625,2.25,0.127,0.1129,0.2928,0.9409
1781773951128,88165,-0.16138,0.30469,0.98047,1.03932,22.438,34.25,2.75,0.1274,0.1146,0.293,0.9405
1781773951128,88165,-0.15088,0.29663,0.97412,1.0294,23.375,36.0,2.312,0.1279,0.1163,0.2932,0.9402
1781773951128,88165,-0.15576,0.32007,0.86426,0.93469,32.75,21.188,4.812,0.1357,0.1336,0.2981,0.9352
1781773951188,88225,-0.15308,0.32397,0.84326,0.91623,28.25,21.062,2.875,0.1372,0.1354,0.2982,0.9347
1781773951188,88225,-0.17163,0.34058,0.8457,0.92772,24.875,20.812,1.438,0.138,0.1366,0.2983,0.9344
1781773951189,88226,-0.19775,0.36523,0.93457,1.0227,19.438,10.75,3.938,0.1436,0.1459,0.2994,0.9318
1781773951251,88288,-0.20288,0.3584,0.92114,1.00902,17.438,9.312,3.25,0.1446,0.1467,0.2995,0.9315
1781773951251,88288,-0.20557,0.36279,0.93384,1.02271,17.25,6.75,3.25,0.1455,0.1476,0.2999,0.931
1781773951252,88289,-0.17188,0.35596,0.83569,0.92446,12.188,1.938,4.062,0.1506,0.1504,0.3031,0.9288
1781773951309,88346,-0.20093,0.375,0.86182,0.96111,8.5,1.812,3.625,0.1514,0.1508,0.3032,0.9285
1781773951309,88346,-0.20166,0.36938,0.87036,0.96677,7.438,2.812,4.25,0.1516,0.151,0.3034,0.9284
1781773951310,88347,-0.19556,0.37207,0.90479,0.99765,5.375,-9.25,2.562,0.1542,0.1508,0.3101,0.9258
1781773951372,88409,-0.19556,0.37207,0.90479,0.99765,5.375,-9.25,2.562,0.1542,0.1508,0.3101,0.9258
1781773951372,88409,-0.19385,0.36987,0.91162,1.00271,5.5,-8.438,2.062,0.1547,0.1503,0.3101,0.9258
1781773951373,88410,-0.19385,0.36987,0.91162,1.00271,5.5,-8.438,2.062,0.1547,0.1503,0.3101,0.9258
1781773951429,88466,-0.19629,0.38062,0.90356,0.99991,-1.375,-15.375,-0.312,0.1572,0.1458,0.312,0.9254
1781773951493,88530,-0.19946,0.38525,0.9126,1.01047,-1.812,-15.312,0.25,0.1574,0.1452,0.3118,0.9255
1781773951493,88530,-0.17822,0.38086,0.90698,0.99972,-6.375,-27.375,6.75,0.1583,0.1362,0.317,0.925
1781773951493,88530,-0.17212,0.38428,0.89282,0.98713,-6.125,-26.688,6.875,0.1584,0.135,0.3171,0.9251
1781773951548,88585,-0.1665,0.37988,0.90308,0.99377,-6.0,-25.312,7.188,0.1586,0.1339,0.3173,0.9252
1781773951548,88585,-0.12598,0.36694,0.90698,0.98648,-3.375,-17.0,2.562,0.1595,0.125,0.3213,0.9249
1781773951548,88585,-0.11914,0.36816,0.91992,0.998,-2.0,-12.875,3.438,0.161,0.1177,0.3198,0.9262
1781773951608,88645,-0.10815,0.36255,0.9165,0.99152,-2.75,-13.0,3.375,0.1611,0.1171,0.3198,0.9262
1781773951609,88646,-0.10864,0.36597,0.91821,0.99441,-3.25,-11.562,3.0,0.1611,0.1165,0.3199,0.9262
1781773951612,88649,-0.10864,0.36597,0.91821,0.99441,-3.25,-11.562,3.0,0.1611,0.1165,0.3199,0.9262
1781773951673,88710,-0.10864,0.36597,0.91821,0.99441,-3.25,-11.562,3.0,0.1611,0.1165,0.3199,0.9262
1781773951673,88710,-0.12817,0.37622,0.94019,1.02074,-1.5,-6.625,2.25,0.1611,0.1139,0.324,0.9251
1781773951674,88711,-0.09717,0.3667,0.92749,1.00207,1.188,-2.562,-1.062,0.1622,0.1109,0.3257,0.9247
1781773951728,88765,-0.09717,0.3667,0.92749,1.00207,1.188,-2.562,-1.062,0.1622,0.1109,0.3257,0.9247
1781773951728,88765,-0.10059,0.36719,0.91772,0.99356,1.562,-2.875,-1.25,0.1623,0.1108,0.3256,0.9248
1781773951728,88765,-0.10059,0.36719,0.91772,0.99356,1.562,-2.875,-1.25,0.1623,0.1108,0.3256,0.9248
1781773951787,88824,-0.10327,0.36865,0.91479,0.99167,0.062,-2.438,0.25,0.1627,0.1101,0.329,0.9235
1781773951788,88825,-0.09668,0.36694,0.93237,1.00663,-0.125,-2.625,0.812,0.1627,0.1099,0.329,0.9235
1781773951788,88825,-0.09668,0.36694,0.93237,1.00663,-0.125,-2.625,0.812,0.1627,0.1099,0.329,0.9235
1781773951849,88886,-0.09668,0.37061,0.93091,1.00662,2.75,-6.062,1.188,0.1641,0.1076,0.3268,0.9244
1781773951850,88887,-0.09497,0.3689,0.91675,0.99274,2.625,-5.75,0.688,0.1643,0.1074,0.3267,0.9244
1781773951851,88888,-0.11475,0.3833,0.93481,1.01684,-0.188,-1.438,-2.125,0.1646,0.1072,0.3276,0.924
1781773951908,88945,-0.10669,0.37646,0.93115,1.01003,0.062,-2.125,-1.312,0.1646,0.1071,0.3275,0.9241
1781773951908,88945,-0.10474,0.37231,0.94092,1.01731,0.25,-3.375,-1.188,0.1646,0.1069,0.3274,0.9241
1781773951909,88946,-0.10474,0.37231,0.94092,1.01731,0.25,-3.375,-1.188,0.1646,0.1069,0.3274,0.9241
1781773951970,89007,-0.10522,0.36816,0.93945,1.01449,1.5,-2.312,2.625,0.1654,0.1056,0.3284,0.9238
1781773951971,89008,-0.10205,0.36938,0.92725,1.00332,1.188,-2.062,2.688,0.1655,0.1055,0.3285,0.9238
1781773951971,89008,-0.10327,0.38062,0.92261,1.00336,0.5,0.688,1.688,0.1658,0.1056,0.3291,0.9235
1781773952027,89064,-0.10327,0.38062,0.92261,1.00336,0.5,0.688,1.688,0.1658,0.1056,0.3291,0.9235
1781773952027,89064,-0.09497,0.37476,0.92334,1.00101,0.5,0.875,1.625,0.1659,0.1057,0.3292,0.9234
1781773952028,89065,-0.07959,0.36865,0.92773,1.00146,0.438,-7.812,-1.375,0.1666,0.1036,0.3305,0.923
1781773952093,89130,-0.08618,0.37427,0.93262,1.0086,-0.062,-6.188,-1.938,0.167,0.1029,0.3283,0.9238
1781773952094,89131,-0.09253,0.38208,0.93335,1.01276,0.0,-5.25,-1.625,0.1671,0.1027,0.3282,0.9239
1781773952095,89132,-0.09058,0.37524,0.91138,0.98976,1.75,-0.812,1.25,0.1677,0.1024,0.3281,0.9238
1781773952147,89184,-0.09058,0.37524,0.91138,0.98976,1.75,-0.812,1.25,0.1677,0.1024,0.3281,0.9238
1781773952147,89184,-0.09595,0.37988,0.91504,0.9954,0.625,-2.0,1.438,0.1679,0.1024,0.3282,0.9238
1781773952148,89185,-0.08496,0.37915,0.93018,1.00807,-0.312,-2.688,0.875,0.1682,0.1011,0.3286,0.9237
1781773952210,89247,-0.08203,0.37402,0.92236,0.99869,-0.312,-2.562,0.562,0.1682,0.101,0.3286,0.9237
1781773952210,89247,-0.0769,0.37158,0.91724,0.99263,-0.688,-1.75,0.062,0.1682,0.1009,0.3286,0.9238
1781773952211,89248,-0.08691,0.38013,0.93213,1.0104,0.875,0.688,-1.875,0.1682,0.1007,0.3281,0.924
1781773952267,89304,-0.09009,0.3772,0.92847,1.0062,0.75,1.0,-1.5,0.1682,0.1008,0.328,0.924
1781773952268,89305,-0.0813,0.37183,0.92456,0.99984,0.062,0.0,-1.0,0.1682,0.1008,0.328,0.924
1781773952268,89305,-0.08252,0.37476,0.9397,1.01503,0.0,-1.812,0.938,0.1683,0.1004,0.3279,0.924
1781773952330,89367,-0.08008,0.37329,0.92944,1.0048,0.0,-2.5,0.5,0.1683,0.1002,0.3279,0.924
1781773952330,89367,-0.0835,0.37891,0.92871,1.0065,0.0,-1.875,0.062,0.1683,0.1002,0.3278,0.9241
1781773952333,89370,-0.08447,0.37622,0.91895,0.99656,0.875,0.0,-0.875,0.1687,0.1,0.3277,0.9241
1781773952387,89424,-0.08447,0.37622,0.91895,0.99656,0.875,0.0,-0.875,0.1687,0.1,0.3277,0.9241
1781773952387,89424,-0.06445,0.37842,0.93213,1.00808,-0.25,0.688,-5.188,0.1687,0.1002,0.3275,0.9241
1781773952388,89425,-0.08838,0.3772,0.9314,1.00876,0.188,-3.188,-0.625,0.169,0.0999,0.3265,0.9244
1781773952447,89484,-0.08594,0.38159,0.9502,1.02755,0.0,-1.562,-0.375,0.169,0.0998,0.3265,0.9244
1781773952447,89484,-0.08643,0.38013,0.94458,1.02186,0.75,-1.938,-0.125,0.169,0.0997,0.3265,0.9244
1781773952451,89488,-0.09375,0.37939,0.93481,1.01322,1.75,1.875,-0.75,0.1695,0.0998,0.3262,0.9244
1781773952508,89545,-0.08765,0.37646,0.93164,1.00864,1.688,1.938,-0.562,0.1695,0.0999,0.3262,0.9244
1781773952509,89546,-0.08789,0.37744,0.93359,1.01083,1.5,1.0,-0.688,0.1696,0.1,0.3261,0.9244
1781773952509,89546,-0.08496,0.3728,0.91772,0.99419,1.5,-0.75,-2.0,0.1702,0.1005,0.3255,0.9245
1781773952573,89610,-0.08032,0.37915,0.9248,1.00273,1.438,-0.688,-2.0,0.1702,0.1005,0.3254,0.9246
1781773952573,89610,-0.073,0.36743,0.93018,1.00278,0.312,-3.938,-2.438,0.1703,0.1004,0.3253,0.9246
1781773952573,89610,-0.08643,0.37793,0.92017,0.9985,0.875,1.875,-1.312,0.1707,0.1004,0.3243,0.9249
1781773952627,89664,-0.09521,0.38184,0.92456,1.00483,0.625,2.875,-1.0,0.1707,0.1005,0.3242,0.9249
1781773952628,89665,-0.09644,0.38159,0.9231,1.0035,0.75,2.625,-0.812,0.1707,0.1007,0.3242,0.9249
1781773952628,89665,-0.08716,0.37598,0.93384,1.01045,-2.062,2.625,0.438,0.1702,0.1014,0.3245,0.9248
1781773952689,89726,-0.08765,0.38501,0.93188,1.01209,-2.438,1.25,0.25,0.1701,0.1014,0.3245,0.9248
1781773952690,89727,-0.07715,0.375,0.92432,1.00047,-2.875,0.75,0.062,0.17,0.1014,0.3245,0.9248
1781773952691,89728,-0.10132,0.38281,0.9292,1.01006,-3.625,0.062,-0.562,0.1686,0.1015,0.3242,0.9252
1781773952749,89786,-0.09595,0.37695,0.93188,1.00981,-3.375,0.0,0.188,0.1684,0.1015,0.3242,0.9252
1781773952749,89786,-0.09253,0.37598,0.9353,1.01228,-2.688,-0.125,0.125,0.1682,0.1014,0.3242,0.9252
1781773952749,89786,-0.09424,0.38159,0.91895,0.99948,-1.0,-0.5,2.25,0.1678,0.1011,0.3244,0.9253
1781773952809,89846,-0.09595,0.38037,0.92676,1.00636,-1.5,-1.188,2.125,0.1678,0.101,0.3245,0.9252
1781773952809,89846,-0.09692,0.38184,0.9353,1.01488,-1.375,-1.312,2.75,0.1677,0.101,0.3245,0.9252
1781773952810,89847,-0.07373,0.36646,0.93945,1.01109,-0.562,-1.5,1.562,0.1676,0.0999,0.3257,0.925
1781773952869,89906,-0.07422,0.36646,0.93604,1.00795,-0.375,-0.688,1.062,0.1676,0.0999,0.3258,0.925
1781773952869,89906,-0.0835,0.37085,0.93799,1.01209,-0.5,-0.688,0.625,0.1676,0.0998,0.3258,0.925
1781773952870,89907,-0.07812,0.37451,0.92114,0.99743,0.0,-1.688,-0.312,0.1676,0.0994,0.3258,0.925
1781773952927,89964,-0.07593,0.37451,0.92407,0.99997,0.0,-1.438,-0.562,0.1677,0.0994,0.3258,0.925
1781773952927,89964,-0.09351,0.38428,0.92676,1.00762,0.0,-1.688,-1.0,0.1677,0.0993,0.3256,0.9251
1781773952929,89966,-0.08862,0.37671,0.92407,1.00183,-1.688,-5.125,-0.125,0.1679,0.0977,0.3257,0.9252
1781773952994,90031,-0.08643,0.3728,0.93628,1.01147,-1.875,-4.75,0.0,0.1679,0.0975,0.3257,0.9252
1781773952996,90033,-0.08887,0.37598,0.93164,1.00857,-2.062,-4.75,0.312,0.1679,0.0973,0.3256,0.9252
1781773952996,90033,-0.09009,0.37524,0.93359,1.01021,0.0,1.688,0.938,0.1676,0.0966,0.325,0.9256
1781773953049,90086,-0.09326,0.37207,0.93579,1.01135,-0.125,1.688,1.312,0.1676,0.0966,0.325,0.9256
1781773953049,90086,-0.09937,0.38379,0.93115,1.01203,-0.5,-0.5,1.375,0.1676,0.0966,0.3251,0.9255
1781773953053,90090,-0.07935,0.37231,0.93164,1.00641,0.0,0.0,1.188,0.1676,0.096,0.3257,0.9254
1781773953110,90147,-0.07959,0.36963,0.9353,1.00884,0.125,0.125,1.125,0.1676,0.096,0.3257,0.9254
1781773953110,90147,-0.07959,0.3728,0.92627,1.00164,0.688,0.5,1.125,0.1676,0.096,0.3258,0.9254
1781773953110,90147,-0.07593,0.37085,0.89868,0.97515,-1.125,1.375,1.062,0.1676,0.0963,0.3262,0.9252
1781773953167,90204,-0.07764,0.37134,0.90747,0.98358,-1.5,1.25,1.375,0.1675,0.0964,0.3262,0.9252
1781773953173,90210,-0.07275,0.3667,0.91528,0.98869,-1.812,1.438,1.438,0.1674,0.0964,0.3264,0.9252
1781773953173,90210,-0.05981,0.36157,0.95947,1.02708,-3.875,-3.562,0.5,0.1661,0.0953,0.326,0.9256
1781773953228,90265,-0.05981,0.36157,0.95947,1.02708,-3.875,-3.562,0.5,0.1661,0.0953,0.326,0.9256
1781773953228,90265,-0.06079,0.36548,0.95679,1.02602,-3.188,-3.438,-0.562,0.166,0.095,0.3259,0.9257
1781773953228,90265,-0.08887,0.37622,0.94092,1.01723,0.0,-0.688,-1.438,0.1657,0.0949,0.3254,0.926
1781773953287,90324,-0.08105,0.37036,0.93726,1.01103,0.125,-0.562,-1.125,0.1657,0.0949,0.3253,0.926
1781773953288,90325,-0.08154,0.37158,0.92822,1.00315,0.188,-0.938,-1.062,0.1657,0.0949,0.3253,0.926
1781773953288,90325,-0.07495,0.36792,0.92407,0.99744,-0.875,-0.75,0.5,0.166,0.0941,0.3251,0.9261
1781773953348,90385,-0.07959,0.36963,0.94238,1.0154,-1.188,-0.188,0.062,0.1659,0.0941,0.3251,0.9261
1781773953351,90388,-0.08643,0.37329,0.94019,1.01527,-0.875,-0.312,0.188,0.1659,0.0941,0.3251,0.9261
1781773953351,90388,-0.07935,0.37158,0.92407,0.99914,-2.188,-1.0,0.438,0.1654,0.0937,0.3254,0.9262
1781773953407,90444,-0.0791,0.36914,0.93091,1.00455,-2.188,-0.688,0.75,0.1654,0.0936,0.3254,0.9262
1781773953407,90444,-0.08521,0.37134,0.93237,1.00721,-2.062,-0.875,1.0,0.1653,0.0936,0.3254,0.9262
1781773953408,90445,-0.05835,0.35913,0.94409,1.01178,-0.312,-2.0,1.938,0.1651,0.0927,0.3261,0.926
1781773953476,90513,-0.06055,0.3689,0.95044,1.02132,-0.25,-3.0,1.625,0.1651,0.0925,0.3262,0.926
1781773953476,90513,-0.05518,0.36133,0.94727,1.01534,0.062,-2.688,1.562,0.1652,0.0924,0.3262,0.926
1781773953476,90513,-0.05518,0.36133,0.94727,1.01534,0.062,-2.688,1.562,0.1652,0.0924,0.3262,0.926
1781773953527,90564,-0.05908,0.36987,0.92944,1.00208,-0.562,-0.688,-0.688,0.1655,0.0913,0.3262,0.9261
1781773953527,90564,-0.06421,0.37061,0.93359,1.00651,-0.938,-0.25,-1.188,0.1654,0.0913,0.3262,0.9261
1781773953528,90565,-0.06421,0.37061,0.93359,1.00651,-0.938,-0.25,-1.188,0.1654,0.0913,0.3262,0.9261
1781773953591,90628,-0.0791,0.37085,0.92212,0.99704,-0.875,-2.438,-0.062,0.1653,0.0906,0.3258,0.9263
1781773953592,90629,-0.07593,0.36865,0.92578,0.99937,-1.062,-2.062,0.188,0.1652,0.0905,0.3258,0.9263
1781773953592,90629,-0.06104,0.36157,0.94116,1.01007,1.25,0.375,-0.438,0.1654,0.09,0.3258,0.9263
1781773953647,90684,-0.06372,0.36572,0.94019,1.01082,1.75,0.75,-0.938,0.1654,0.0901,0.3258,0.9263
1781773953647,90684,-0.06763,0.36377,0.94141,1.01151,1.562,1.562,-1.062,0.1654,0.0902,0.3258,0.9263
1781773953648,90685,-0.06763,0.36377,0.94141,1.01151,1.562,1.562,-1.062,0.1654,0.0902,0.3258,0.9263
1781773953707,90744,-0.07202,0.37061,0.95435,1.02631,1.625,-2.312,-0.562,0.1657,0.0911,0.3254,0.9263
1781773953709,90746,-0.07153,0.37378,0.94824,1.02176,1.688,-2.688,-0.562,0.1658,0.091,0.3253,0.9263
1781773953709,90746,-0.07397,0.36279,0.92993,1.00093,5.375,-0.188,3.375,0.1671,0.091,0.325,0.9263
1781773953770,90807,-0.07251,0.3728,0.93262,1.00698,4.688,1.125,1.75,0.1674,0.0911,0.3251,0.9262
1781773953770,90807,-0.0752,0.37378,0.93457,1.00935,4.812,0.375,1.75,0.1675,0.0911,0.3251,0.9261
1781773953771,90808,-0.0752,0.37378,0.93457,1.00935,4.812,0.375,1.75,0.1675,0.0911,0.3251,0.9261
1781773953828,90865,-0.05713,0.3833,1.00684,1.07884,18.5,-32.75,4.625,0.1717,0.0897,0.3284,0.9243
1781773953828,90865,-0.0437,0.35718,1.01489,1.0768,24.438,-45.062,2.0,0.1732,0.0883,0.3281,0.9243
1781773953832,90869,-0.01416,0.39697,1.02832,1.10237,37.562,-62.062,2.75,0.1931,0.0689,0.3231,0.9238
1781773953887,90924,-0.00659,0.40234,1.07129,1.14437,41.312,-60.688,2.5,0.1966,0.0666,0.3244,0.9227
1781773953888,90925,0.01538,0.39697,1.08008,1.15082,45.5,-63.062,2.938,0.1992,0.0646,0.3239,0.9225
1781773953888,90925,0.01538,0.39697,1.08008,1.15082,45.5,-63.062,2.938,0.1992,0.0646,0.3239,0.9225
1781773953951,90988,0.04565,0.4585,0.90063,1.01166,63.812,-57.812,1.25,0.2344,0.0451,0.3167,0.9179
1781773953952,90989,0.05029,0.46094,0.8877,1.0015,65.625,-55.438,2.375,0.2378,0.0437,0.3161,0.9173
1781773953954,90991,0.09814,0.52271,1.03638,1.16487,75.438,-54.125,-0.875,0.2694,0.0322,0.3104,0.9109
1781773954014,91051,0.12061,0.53345,1.03003,1.16622,78.562,-61.188,0.125,0.277,0.0298,0.3091,0.9092
1781773954014,91051,0.14868,0.52075,0.98267,1.12202,79.312,-65.188,-1.0,0.2809,0.0283,0.3082,0.9083
1781773954015,91052,0.15649,0.58032,0.73364,0.94842,61.188,-38.812,-11.562,0.3135,0.0187,0.2976,0.9014
1781773954071,91108,0.15674,0.58374,0.72974,0.94754,60.188,-35.125,-12.312,0.3164,0.0183,0.2966,0.9008
1781773954071,91108,0.14722,0.57495,0.70264,0.91975,58.812,-30.688,-12.75,0.3192,0.018,0.2956,0.9001
1781773954072,91109,0.12036,0.64014,0.80762,1.03755,46.375,-11.0,-10.0,0.3383,0.0211,0.291,0.8945
1781773954128,91165,0.12036,0.64014,0.80762,1.03755,46.375,-11.0,-10.0,0.3383,0.0211,0.291,0.8945
1781773954128,91165,0.12085,0.6394,0.79834,1.02995,45.625,-14.875,-8.125,0.3422,0.0218,0.2905,0.8932
1781773954128,91165,0.17407,0.64624,0.698,0.96702,38.875,3.25,-13.0,0.3598,0.0244,0.2866,0.8874
1781773954188,91225,0.17407,0.64624,0.698,0.96702,38.875,3.25,-13.0,0.3598,0.0244,0.2866,0.8874
1781773954188,91225,0.18018,0.64771,0.69604,0.96771,37.625,12.75,-15.188,0.3626,0.0267,0.2861,0.8864
1781773954188,91225,0.18018,0.64771,0.69604,0.96771,37.625,12.75,-15.188,0.3626,0.0267,0.2861,0.8864
1781773954249,91286,0.12671,0.66211,0.65088,0.93706,27.812,25.938,-17.875,0.3729,0.0449,0.2855,0.8815
1781773954249,91286,0.13232,0.67163,0.66138,0.95185,24.312,33.0,-19.75,0.3741,0.0484,0.2849,0.8811
1781773954254,91291,0.11304,0.67798,0.66162,0.95403,24.375,70.125,-36.25,0.3765,0.073,0.2833,0.8789
1781773954308,91345,0.10474,0.68042,0.67627,0.96503,24.125,74.5,-37.438,0.3764,0.0767,0.283,0.8787
1781773954308,91345,0.0979,0.69067,0.73315,1.01199,24.5,82.062,-38.75,0.3762,0.0822,0.2819,0.8786
1781773954308,91345,-0.04272,0.74219,0.71948,1.03456,32.625,72.0,-37.25,0.3763,0.1231,0.2816,0.8739
1781773954369,91406,-0.03516,0.73267,0.70703,1.01879,31.875,70.25,-34.812,0.3765,0.1267,0.2812,0.8734
1781773954369,91406,-0.03589,0.72437,0.70093,1.00861,31.812,68.875,-33.5,0.3768,0.1319,0.2803,0.8728
1781773954374,91411,-0.104,0.74609,0.68359,1.01724,32.438,52.0,-25.375,0.3793,0.1612,0.2798,0.867
1781773954428,91465,-0.11035,0.74683,0.69409,1.02552,33.812,49.688,-24.812,0.3798,0.1639,0.2794,0.8663
1781773954428,91465,-0.12207,0.75171,0.68188,1.02222,36.125,41.438,-22.812,0.3804,0.1701,0.2814,0.8642
1781773954428,91465,-0.13794,0.76025,0.59399,0.9746,28.5,30.062,-20.125,0.3855,0.1907,0.2835,0.8569
1781773954490,91527,-0.13989,0.75757,0.60034,0.97667,28.062,30.812,-20.0,0.386,0.1925,0.283,0.8565
1781773954490,91527,-0.15405,0.76831,0.59985,0.98684,28.375,29.062,-19.5,0.3865,0.1972,0.2844,0.8547
1781773954491,91528,-0.16455,0.77417,0.58008,0.98128,23.75,27.062,-16.125,0.3889,0.2159,0.2877,0.848
1781773954547,91584,-0.16846,0.77686,0.58447,0.98666,23.375,24.938,-15.438,0.3893,0.2174,0.2874,0.8475
1781773954547,91584,-0.17822,0.77979,0.5708,0.98267,22.25,20.0,-13.875,0.3895,0.2204,0.2888,0.8462
1781773954548,91585,-0.17456,0.77832,0.54321,0.96506,15.25,13.0,-6.375,0.3914,0.231,0.2915,0.8416
1781773954607,91644,-0.1709,0.77856,0.54297,0.96446,14.75,14.125,-6.375,0.3917,0.2318,0.2913,0.8413
1781773954607,91644,-0.16675,0.78345,0.54541,0.96905,13.125,14.75,-6.875,0.3911,0.2353,0.2948,0.8393
1781773954609,91646,-0.18433,0.79858,0.58984,1.00977,11.25,8.625,-4.812,0.392,0.2432,0.2979,0.8355
1781773954668,91705,-0.19653,0.80469,0.57178,1.00652,11.125,6.562,-4.125,0.3922,0.2437,0.2977,0.8353
1781773954673,91710,-0.19849,0.79883,0.552,0.99107,10.0,4.875,-2.25,0.3921,0.2457,0.2999,0.8341
1781773954673,91710,-0.1333,0.77075,0.53516,0.94774,8.5,24.0,-8.625,0.3918,0.253,0.3054,0.83
1781773954729,91766,-0.13647,0.77246,0.55103,0.95862,8.688,26.5,-10.5,0.3917,0.2542,0.3054,0.8297
1781773954729,91766,-0.1499,0.78491,0.56689,0.97976,9.062,27.688,-13.25,0.3908,0.2572,0.3075,0.8284
1781773954729,91766,-0.21411,0.80688,0.56714,1.00923,7.25,8.375,-4.0,0.3891,0.2684,0.3109,0.8244
1781773954793,91830,-0.21411,0.80688,0.56714,1.00923,7.25,8.375,-4.0,0.3891,0.2684,0.3109,0.8244
1781773954793,91830,-0.2041,0.80493,0.54712,0.99444,8.75,8.062,-4.188,0.3887,0.2703,0.3127,0.8233
1781773954794,91831,-0.24194,0.82129,0.55396,1.01976,13.688,16.938,-11.438,0.3885,0.2803,0.3146,0.8193
1781773954847,91884,-0.23022,0.82251,0.53125,1.00586,14.25,16.562,-10.438,0.3887,0.2812,0.3143,0.819
1781773954847,91884,-0.2478,0.81592,0.53955,1.00908,12.812,17.25,-10.125,0.3887,0.2834,0.3142,0.8182
1781773954853,91890,-0.27808,0.82153,0.51245,1.0074,9.562,6.938,-0.875,0.388,0.2919,0.3187,0.8139
1781773954912,91949,-0.27515,0.82153,0.49072,0.99571,9.188,4.812,0.875,0.3883,0.2923,0.3186,0.8136
1781773954913,91950,-0.25757,0.81104,0.48145,0.97771,8.062,4.75,2.062,0.3886,0.2926,0.3187,0.8134
1781773954913,91950,-0.25415,0.82837,0.5481,1.02528,13.938,17.5,-2.562,0.3865,0.3032,0.3284,0.8066
1781773954969,92006,-0.24756,0.8291,0.54321,1.02165,13.75,15.688,-1.938,0.3867,0.304,0.3284,0.8062
1781773954969,92006,-0.25488,0.83691,0.55273,1.03485,13.062,14.125,-1.938,0.387,0.3046,0.3284,0.8058
1781773954969,92006,-0.23218,0.83691,0.52271,1.01368,16.0,7.25,-0.625,0.3887,0.3122,0.3322,0.8005
1781773955029,92066,-0.23291,0.83423,0.53223,1.01659,16.062,7.312,-1.25,0.3891,0.3127,0.332,0.8002
1781773955029,92066,-0.2356,0.84082,0.52734,1.02009,16.688,7.438,-1.625,0.3895,0.3132,0.3319,0.7998
1781773955029,92066,-0.2583,0.83716,0.49756,1.00753,23.312,18.25,-7.812,0.3929,0.3244,0.3327,0.7933
1781773955094,92131,-0.28052,0.84961,0.48413,1.0173,24.25,17.125,-7.562,0.3934,0.3255,0.3324,0.7928
1781773955094,92131,-0.29199,0.84839,0.47095,1.01332,24.125,16.125,-6.312,0.3939,0.3265,0.3321,0.7922
1781773955094,92131,-0.26709,0.83398,0.43896,0.97957,16.625,5.875,-2.312,0.3992,0.3326,0.3294,0.7882
1781773955151,92188,-0.26855,0.83032,0.43506,0.97511,16.562,6.188,-2.5,0.3997,0.3331,0.3292,0.7878
1781773955151,92188,-0.2644,0.83105,0.427,0.97103,16.438,6.062,-2.75,0.4001,0.3336,0.329,0.7875
1781773955152,92189,-0.29272,0.84619,0.44678,1.00067,13.312,4.5,-0.875,0.4033,0.3387,0.3275,0.7843
1781773955208,92245,-0.28833,0.84619,0.44019,0.99646,12.812,3.562,-0.125,0.4037,0.339,0.3273,0.784
1781773955211,92248,-0.29688,0.85913,0.45703,1.01741,12.5,3.062,-0.062,0.404,0.3393,0.3272,0.7838
1781773955211,92248,-0.28027,0.86401,0.44214,1.01023,6.688,-3.25,4.625,0.4052,0.3424,0.3316,0.7799
1781773955271,92308,-0.28027,0.86108,0.43945,1.00655,6.875,-3.625,4.812,0.4055,0.3424,0.3316,0.7798
1781773955271,92308,-0.28247,0.86035,0.43286,1.00367,7.875,-3.812,5.062,0.4059,0.3422,0.3316,0.7797
1781773955271,92308,-0.27344,0.85889,0.4314,0.99928,8.625,0.0,2.5,0.4069,0.3458,0.3371,0.7752
1781773955327,92364,-0.2793,0.86035,0.43262,1.00268,8.438,0.438,2.25,0.4072,0.3459,0.337,0.775
1781773955327,92364,-0.28271,0.87012,0.42554,1.00902,7.875,-0.625,2.375,0.4075,0.346,0.337,0.7749
1781773955329,92366,-0.2583,0.85547,0.40259,0.98011,3.562,0.75,0.438,0.4071,0.3501,0.342,0.771
1781773955386,92423,-0.24805,0.84888,0.38281,0.96367,2.625,-1.0,1.062,0.4074,0.3501,0.3419,0.7709
1781773955387,92424,-0.24292,0.84326,0.37695,0.95509,1.312,-0.125,-0.125,0.4075,0.3501,0.3419,0.7708
1781773955388,92425,-0.2749,0.85938,0.42603,0.99779,-2.688,2.5,-2.062,0.4071,0.3507,0.3417,0.7709
1781773955449,92486,-0.2749,0.85938,0.42603,0.99779,-2.688,2.5,-2.062,0.4071,0.3507,0.3417,0.7709
1781773955449,92486,-0.27856,0.86719,0.43628,1.00993,-2.25,3.188,-1.625,0.4069,0.3508,0.3418,0.7709
1781773955449,92486,-0.25879,0.87402,0.44702,1.01524,1.5,0.125,0.938,0.4064,0.3511,0.3419,0.7709
1781773955509,92546,-0.25146,0.86426,0.43994,1.00186,1.875,0.688,0.562,0.4064,0.3511,0.3419,0.7709
1781773955509,92546,-0.2522,0.86865,0.44116,1.00637,2.375,1.0,-0.188,0.4065,0.3512,0.3419,0.7709
1781773955509,92546,-0.2522,0.86865,0.44116,1.00637,2.375,1.0,-0.188,0.4065,0.3512,0.3419,0.7709
1781773955568,92605,-0.26025,0.86035,0.41699,0.99087,2.625,7.5,-2.5,0.4054,0.3546,0.3448,0.7686
1781773955568,92605,-0.27295,0.86792,0.44043,1.01082,2.938,7.25,-3.75,0.4053,0.3551,0.3448,0.7684
1781773955570,92607,-0.27295,0.86792,0.44043,1.01082,2.938,7.25,-3.75,0.4053,0.3551,0.3448,0.7684
1781773955627,92664,-0.29761,0.87524,0.4082,1.01057,3.438,0.5,0.438,0.405,0.3582,0.3447,0.7672
1781773955628,92665,-0.28809,0.87256,0.41382,1.00777,3.312,0.5,1.375,0.4052,0.3583,0.3447,0.767
1781773955628,92665,-0.28809,0.87256,0.41382,1.00777,3.312,0.5,1.375,0.4052,0.3583,0.3447,0.767
1781773955686,92723,-0.28809,0.87256,0.41382,1.00777,3.312,0.5,1.375,0.4052,0.3583,0.3447,0.767
1781773955687,92724,-0.1626,0.84741,0.44556,0.97112,15.938,33.188,-17.812,0.4042,0.3646,0.3464,0.7637
1781773955688,92725,-0.1626,0.84741,0.44556,0.97112,15.938,33.188,-17.812,0.4042,0.3646,0.3464,0.7637
1781773955748,92785,-0.32544,0.8728,0.34839,0.99452,8.5,1.312,-4.438,0.402,0.3812,0.3425,0.7585
1781773955749,92786,-0.31934,0.86401,0.34766,0.98456,7.25,0.875,-4.25,0.4022,0.3815,0.3423,0.7584
1781773955749,92786,-0.32764,0.86304,0.35571,0.9893,3.875,-3.062,0.5,0.4021,0.3838,0.3437,0.7567
1781773955808,92845,-0.29785,0.85498,0.35107,0.97106,3.688,-1.312,0.5,0.4024,0.3837,0.3435,0.7567
1781773955809,92846,-0.27222,0.85156,0.36035,0.96391,4.062,2.5,-0.312,0.4025,0.3838,0.3435,0.7565
1781773955810,92847,-0.35303,0.8916,0.38257,1.03244,5.25,10.188,-3.062,0.4006,0.3905,0.3451,0.7534
1781773955870,92907,-0.34473,0.88818,0.37012,1.0221,3.875,7.188,-0.812,0.3997,0.392,0.3469,0.7522
1781773955870,92907,-0.34082,0.88281,0.36938,1.01586,3.062,5.75,0.0,0.3997,0.3923,0.347,0.7521
1781773955870,92907,-0.29639,0.85938,0.37207,0.98225,0.188,-3.0,2.188,0.4007,0.3918,0.3468,0.7519
1781773955927,92964,-0.29639,0.85938,0.37207,0.98225,0.188,-3.0,2.188,0.4007,0.3918,0.3468,0.7519
1781773955933,92970,-0.28784,0.85693,0.36523,0.97498,2.0,-1.312,0.062,0.4009,0.3917,0.3467,0.7519
1781773955934,92971,-0.33667,0.88062,0.37427,1.01435,0.0,-3.75,1.0,0.4014,0.3918,0.3457,0.7521
1781773955986,93023,-0.33667,0.88062,0.37427,1.01435,0.0,-3.75,1.0,0.4014,0.3918,0.3457,0.7521
1781773955988,93025,-0.32397,0.87158,0.36914,1.00044,-0.25,-3.5,1.875,0.4016,0.3916,0.3457,0.7521
1781773955988,93025,-0.31543,0.86401,0.354,0.98556,-2.75,-4.188,3.312,0.4025,0.3893,0.346,0.7526
1781773956048,93085,-0.31543,0.86401,0.354,0.98556,-2.75,-4.188,3.312,0.4025,0.3893,0.346,0.7526
1781773956048,93085,-0.31714,0.86304,0.33667,0.97916,-3.375,-5.312,4.0,0.4016,0.3898,0.348,0.7519
1781773956048,93085,-0.31738,0.87817,0.40381,1.01734,-4.5,-2.0,3.062,0.401,0.3869,0.3497,0.7529
1781773956109,93146,-0.30737,0.87769,0.39771,1.01142,-3.625,-3.5,3.75,0.4008,0.3867,0.3501,0.7529
1781773956109,93146,-0.28564,0.87329,0.38184,0.995,-3.25,-2.625,3.562,0.4008,0.3865,0.3502,0.7529
1781773956109,93146,-0.29932,0.88623,0.38354,1.01099,-0.062,-5.5,0.75,0.401,0.3854,0.3503,0.7534
1781773956167,93204,-0.29932,0.88623,0.38354,1.01099,-0.062,-5.5,0.75,0.401,0.3854,0.3503,0.7534
1781773956168,93205,-0.30029,0.88037,0.38647,1.00727,-0.75,-3.75,0.625,0.4014,0.3849,0.3496,0.7538
1781773956168,93205,-0.30322,0.85254,0.34058,0.96683,-3.375,-1.812,1.25,0.4011,0.384,0.3504,0.754
1781773956235,93272,-0.30322,0.85254,0.34058,0.96683,-3.375,-1.812,1.25,0.4011,0.384,0.3504,0.754
1781773956235,93272,-0.28223,0.83936,0.32935,0.9448,-4.0,-0.5,0.875,0.4009,0.3839,0.3508,0.754
1781773956235,93272,-0.2561,0.79492,0.28931,0.88385,-12.5,-3.375,-3.312,0.3983,0.3832,0.3515,0.7554
1781773956286,93323,-0.2561,0.79492,0.28931,0.88385,-12.5,-3.375,-3.312,0.3983,0.3832,0.3515,0.7554
1781773956287,93324,-0.24072,0.78369,0.28052,0.86649,-15.625,-4.812,-3.812,0.3969,0.3832,0.3525,0.7557
1781773956288,93325,-0.21899,0.73242,0.27002,0.81075,-33.125,-13.0,-9.438,0.3909,0.3778,0.3513,0.762
1781773956347,93384,-0.24243,0.74146,0.27588,0.82743,-35.875,-16.25,-9.0,0.3898,0.377,0.3513,0.763
1781773956348,93385,-0.25024,0.73779,0.28027,0.82796,-40.438,-21.875,-7.25,0.3881,0.3755,0.3516,0.7645
1781773956348,93385,-0.16064,0.67383,0.32861,0.76671,-63.438,-36.125,-5.0,0.375,0.3558,0.3529,0.7797
1781773956407,93444,-0.13257,0.65869,0.34229,0.75406,-63.438,-31.625,-7.188,0.3726,0.3546,0.3546,0.7806
1781773956408,93445,-0.11816,0.65259,0.35791,0.75361,-62.875,-27.812,-10.75,0.3708,0.3527,0.3548,0.7822
1781773956409,93446,-0.29004,0.73706,0.48584,0.9292,-89.5,-44.062,-17.562,0.3466,0.3353,0.3552,0.8006
1781773956469,93506,-0.29004,0.73706,0.48584,0.9292,-89.5,-44.062,-17.562,0.3466,0.3353,0.3552,0.8006
1781773956469,93506,-0.2478,0.71436,0.54443,0.93173,-94.812,-48.5,-15.75,0.3411,0.3297,0.3554,0.8052
1781773956470,93507,-0.26025,0.68188,0.66821,0.98955,-71.875,-41.375,-18.25,0.3142,0.3064,0.3563,0.8247
1781773956527,93564,-0.26025,0.68188,0.66821,0.98955,-71.875,-41.375,-18.25,0.3142,0.3064,0.3563,0.8247
1781773956528,93565,-0.24194,0.66992,0.61963,0.94407,-69.875,-44.062,-19.75,0.3121,0.3041,0.3559,0.8265
1781773956528,93565,-0.34717,0.66357,0.79004,1.08859,-99.812,-26.062,-12.75,0.2833,0.2702,0.3501,0.8508
1781773956587,93624,-0.34717,0.66357,0.79004,1.08859,-99.812,-26.062,-12.75,0.2833,0.2702,0.3501,0.8508
1781773956587,93624,-0.32617,0.66895,0.85083,1.13039,-87.562,-10.812,-12.562,0.2759,0.2644,0.3478,0.856
1781773956588,93625,-0.37549,0.58154,0.55151,0.88507,-89.375,-34.812,-1.938,0.2533,0.2476,0.3413,0.8705
1781773956647,93684,-0.39575,0.56616,0.75293,1.02179,-102.5,-48.562,5.188,0.2484,0.2402,0.3377,0.8754
1781773956647,93684,-0.42358,0.58765,0.69116,1.00123,-85.562,-58.875,9.688,0.2459,0.2368,0.3383,0.8768
1781773956652,93689,-0.24854,0.55835,0.98022,1.15515,-89.438,-22.875,30.5,0.2229,0.2091,0.3431,0.888
1781773956707,93744,-0.21387,0.54053,0.98242,1.14152,-87.562,-19.875,29.688,0.2201,0.2067,0.3449,0.8886
1781773956708,93745,-0.21313,0.53003,0.98584,1.1394,-80.688,-22.062,27.375,0.216,0.2008,0.343,0.8917
1781773956708,93745,-0.15552,0.38403,0.6333,0.75679,-90.125,-35.688,29.125,0.1977,0.1726,0.3449,0.9011
1781773956768,93805,-0.15552,0.38403,0.6333,0.75679,-90.125,-35.688,29.125,0.1977,0.1726,0.3449,0.9011
1781773956768,93805,-0.20972,0.38477,0.71265,0.83659,-97.062,-29.562,27.312,0.1932,0.1683,0.3471,0.902
1781773956768,93805,-0.04883,0.38159,1.16357,1.22552,-87.875,-29.0,31.25,0.1614,0.1336,0.3479,0.9137
1781773956828,93865,-0.04883,0.38159,1.16357,1.22552,-87.875,-29.0,31.25,0.1614,0.1336,0.3479,0.9137
1781773956828,93865,-0.05542,0.37695,1.15771,1.2188,-81.562,-29.938,25.5,0.1557,0.1256,0.3432,0.9176
1781773956829,93866,-0.09448,0.27856,0.92676,0.97232,-77.438,-27.438,27.5,0.1365,0.0989,0.3372,0.9261
1781773956890,93927,-0.09204,0.2832,0.9502,0.99576,-75.938,-29.188,28.75,0.1352,0.0977,0.3378,0.9262
1781773956890,93927,-0.03857,0.27295,0.90259,0.94374,-73.312,-31.0,29.0,0.1329,0.0952,0.3391,0.9263
1781773956890,93927,-0.05957,0.26196,1.08081,1.1137,-68.562,-64.688,45.0,0.1138,0.0642,0.3277,0.9356
1781773956946,93983,0.00391,0.2229,1.06543,1.0885,-67.312,-66.375,45.812,0.1121,0.0603,0.3294,0.9354
1781773956947,93984,0.02319,0.22656,1.05957,1.08377,-66.0,-65.75,43.062,0.1105,0.0564,0.331,0.9353
1781773956948,93985,0.01343,0.2063,1.09521,1.11456,-52.188,-9.125,21.562,0.0927,0.0332,0.3121,0.9448
1781773957007,94044,0.00781,0.20215,1.09546,1.11398,-50.938,-10.0,21.062,0.0908,0.032,0.3129,0.9448
1781773957007,94044,-0.00146,0.2019,1.07886,1.09759,-49.938,-12.562,21.125,0.0889,0.0308,0.3139,0.9447
1781773957009,94046,0.07007,0.13843,1.15186,1.16226,-33.5,3.5,17.75,0.0739,0.0174,0.2889,0.9542
1781773957073,94110,-0.00464,0.18262,1.19409,1.20798,-30.562,4.188,16.25,0.0725,0.0172,0.2896,0.9541
1781773957073,94110,0.02515,0.16724,1.22266,1.2343,-26.188,5.188,15.688,0.0714,0.017,0.2902,0.954
1781773957073,94110,0.05518,0.16064,1.11328,1.12616,-10.75,2.75,7.375,0.0644,0.0131,0.2618,0.9628
1781773957127,94164,0.0542,0.14893,1.08154,1.09309,-10.688,4.938,5.812,0.0639,0.0131,0.2621,0.9627
1781773957128,94165,0.03809,0.15405,1.06201,1.0738,-11.562,5.25,4.75,0.0634,0.0132,0.2623,0.9627
1781773957129,94166,-0.02075,0.15063,1.08325,1.09387,-14.875,1.062,9.438,0.0578,0.0122,0.2384,0.9692
1781773957187,94224,-0.0127,0.14917,1.09595,1.10613,-14.062,2.562,9.688,0.0571,0.0122,0.2388,0.9692
1781773957187,94224,-0.00342,0.14722,1.10791,1.11765,-13.5,0.188,9.688,0.0566,0.012,0.2392,0.9691
1781773957187,94224,-0.00269,0.14502,1.10815,1.11761,6.0,9.75,6.375,0.056,0.0126,0.2238,0.9728
1781773957247,94284,-0.01904,0.14404,1.12695,1.13628,6.875,12.688,5.688,0.0562,0.0132,0.2241,0.9727
1781773957247,94284,-0.03174,0.14771,1.12476,1.13486,7.938,13.625,5.312,0.0564,0.0139,0.2243,0.9727
1781773957249,94286,-0.07642,0.17261,1.24487,1.2591,11.25,28.0,5.812,0.059,0.0222,0.2078,0.976
1781773957308,94345,-0.07471,0.17163,1.26245,1.27625,13.875,29.625,5.688,0.0593,0.0235,0.2081,0.9759
1781773957308,94345,-0.06006,0.17603,1.27466,1.28816,16.125,31.625,5.688,0.0597,0.025,0.2084,0.9758
1781773957308,94345,-0.12354,0.21411,1.24048,1.26487,50.938,63.0,-3.688,0.0707,0.0466,0.1937,0.9773
1781773957371,94408,-0.10938,0.20752,1.23315,1.25527,52.312,64.312,-4.688,0.0715,0.0482,0.1936,0.9772
1781773957371,94408,-0.17334,0.21777,1.2417,1.27251,53.125,64.625,-7.562,0.0732,0.0515,0.1934,0.9769
1781773957371,94408,-0.2937,0.28931,1.15527,1.22663,80.812,87.062,0.062,0.0983,0.0878,0.1805,0.9746
1781773957431,94468,-0.33618,0.30054,1.11743,1.20499,85.938,86.125,3.0,0.104,0.0965,0.1807,0.9732
1781773957432,94469,-0.35669,0.31738,1.06836,1.17019,86.875,86.312,8.5,0.1101,0.105,0.1801,0.9717
1781773957432,94469,-0.35669,0.31738,1.06836,1.17019,86.875,86.312,8.5,0.1101,0.105,0.1801,0.9717
1781773957490,94527,-0.40674,0.35522,1.11841,1.24196,81.0,103.562,27.0,0.1326,0.1418,0.1822,0.9638
1781773957490,94527,-0.40918,0.37061,1.13721,1.26413,84.0,104.25,32.188,0.1368,0.149,0.1842,0.9617
1781773957490,94527,-0.40918,0.37061,1.13721,1.26413,84.0,104.25,32.188,0.1368,0.149,0.1842,0.9617
1781773957547,94584,-0.45947,0.41528,0.99438,1.17148,111.312,154.812,41.062,0.1712,0.2126,0.1988,0.9411
1781773957547,94584,-0.45801,0.41797,0.97339,1.1541,112.062,156.812,42.375,0.1747,0.2196,0.2006,0.9385
1781773957609,94646,-0.45801,0.41797,0.97339,1.1541,112.062,156.812,42.375,0.1747,0.2196,0.2006,0.9385
1781773957610,94647,-0.52905,0.48315,0.80273,1.07597,127.25,184.562,52.188,0.2125,0.3057,0.2293,0.8992
1781773957610,94647,-0.52319,0.4917,0.78247,1.06196,126.75,186.812,53.625,0.2162,0.3137,0.2313,0.895
1781773957667,94704,-0.52319,0.4917,0.78247,1.06196,126.75,186.812,53.625,0.2162,0.3137,0.2313,0.895
1781773957668,94705,-0.55518,0.53027,0.58252,0.96371,99.75,174.25,72.75,0.2482,0.3991,0.2677,0.841
1781773957668,94705,-0.57544,0.61743,0.47974,0.97082,86.5,187.188,73.0,0.2636,0.4858,0.3212,0.7688
1781773957731,94768,-0.57544,0.61743,0.47974,0.97082,86.5,187.188,73.0,0.2636,0.4858,0.3212,0.7688
1781773957732,94769,-0.57397,0.6189,0.44897,0.95606,86.0,180.062,74.375,0.2662,0.4952,0.3253,0.7601
1781773957732,94769,-0.57397,0.6189,0.44897,0.95606,86.0,180.062,74.375,0.2662,0.4952,0.3253,0.7601
1781773957787,94824,-0.57397,0.6189,0.44897,0.95606,86.0,180.062,74.375,0.2662,0.4952,0.3253,0.7601
1781773957787,94824,-0.41821,0.64136,0.35205,0.84272,81.938,129.0,62.188,0.2715,0.5557,0.3684,0.6939
1781773957788,94825,-0.4458,0.71265,0.25171,0.87747,67.75,86.062,37.0,0.2758,0.6016,0.3904,0.6398
1781773957848,94885,-0.44971,0.7251,0.24194,0.88687,62.812,75.938,36.0,0.2709,0.6088,0.398,0.6303
1781773957848,94885,-0.45801,0.72607,0.23853,0.89098,59.688,68.062,35.375,0.2723,0.6113,0.3982,0.6271
1781773957849,94886,-0.45801,0.72607,0.23853,0.89098,59.688,68.062,35.375,0.2723,0.6113,0.3982,0.6271
1781773957906,94943,-0.45801,0.72607,0.23853,0.89098,59.688,68.062,35.375,0.2723,0.6113,0.3982,0.6271
1781773957906,94943,-0.35596,0.70068,0.07397,0.78939,60.812,7.0,35.875,0.2686,0.6365,0.419,0.589
1781773957908,94945,-0.2981,0.71655,-0.00781,0.77612,46.188,20.688,19.188,0.2713,0.6567,0.4282,0.5581
1781773957969,95006,-0.29175,0.71558,-0.00781,0.7728,45.75,19.438,18.062,0.2725,0.6578,0.4276,0.5567
1781773957972,95009,-0.28687,0.71948,-0.01611,0.77473,44.812,19.125,16.438,0.2738,0.6588,0.427,0.5552
1781773957974,95011,-0.39038,0.78418,-0.04712,0.87724,23.812,26.438,4.375,0.2673,0.6722,0.4327,0.5377
1781773958029,95066,-0.39038,0.78418,-0.04712,0.87724,23.812,26.438,4.375,0.2673,0.6722,0.4327,0.5377
1781773958030,95067,-0.43701,0.80884,-0.03394,0.91997,18.5,25.812,3.438,0.2628,0.676,0.4359,0.5326
1781773958030,95067,-0.46069,0.84644,-0.01978,0.96389,5.375,-8.188,10.75,0.2527,0.6844,0.4452,0.5189
1781773958088,95125,-0.46069,0.84644,-0.01978,0.96389,5.375,-8.188,10.75,0.2527,0.6844,0.4452,0.5189
1781773958088,95125,-0.44336,0.84741,-0.06665,0.95871,6.812,-12.812,13.062,0.2494,0.6856,0.4489,0.5156
1781773958088,95125,-0.45044,0.89551,-0.09033,1.00647,8.0,-37.062,23.625,0.2506,0.6841,0.4569,0.51
1781773958149,95186,-0.46851,0.85767,-0.09644,0.98203,7.312,-45.5,25.688,0.2488,0.6842,0.4599,0.5082
1781773958150,95187,-0.43237,0.87378,-0.10547,0.98059,7.625,-44.938,27.125,0.2507,0.683,0.4598,0.5089
1781773958150,95187,-0.37036,0.87158,-0.08252,0.9506,0.812,-30.188,19.375,0.2564,0.6766,0.4667,0.5084
1781773958208,95245,-0.38696,0.87622,-0.07983,0.96118,-0.5,-23.5,15.812,0.2544,0.6766,0.4698,0.5064
1781773958209,95246,-0.38452,0.87646,-0.08325,0.96072,-1.188,-20.938,14.5,0.2553,0.676,0.4699,0.5067
1781773958209,95246,-0.46899,0.93115,0.02905,1.043,-7.438,-23.812,12.75,0.2503,0.6751,0.4786,0.5021
1781773958267,95304,-0.46094,0.92603,0.01758,1.03455,-7.25,-31.188,13.875,0.2512,0.6742,0.4789,0.5028
1781773958267,95304,-0.44019,0.93042,0.01904,1.02947,-6.312,-29.562,14.75,0.2499,0.6737,0.4811,0.5018
1781773958269,95306,-0.40649,0.91626,-0.01318,1.00247,7.062,-14.625,22.188,0.254,0.6693,0.4864,0.5006
1781773958327,95364,-0.40649,0.91626,-0.01318,1.00247,7.062,-14.625,22.188,0.254,0.6693,0.4864,0.5006
1781773958327,95364,-0.38232,0.9021,-0.0354,0.98041,11.062,-6.062,19.188,0.2547,0.6694,0.4879,0.4986
1781773958330,95367,-0.42578,0.9248,-0.00464,1.01812,13.75,12.375,9.562,0.2568,0.6739,0.4893,0.4901
1781773958386,95423,-0.42578,0.9248,-0.00464,1.01812,13.75,12.375,9.562,0.2568,0.6739,0.4893,0.4901
1781773958387,95424,-0.42261,0.92017,0.00024,1.01257,12.562,8.625,8.438,0.2557,0.6753,0.4904,0.4876
1781773958388,95425,-0.41943,0.9082,-0.04053,1.0012,6.688,6.062,5.125,0.2579,0.6764,0.4909,0.4844
1781773958447,95484,-0.41943,0.9082,-0.04053,1.0012,6.688,6.062,5.125,0.2579,0.6764,0.4909,0.4844
1781773958447,95484,-0.4165,0.91211,-0.05371,1.00414,6.812,6.312,5.688,0.2581,0.6766,0.4909,0.4841
1781773958447,95484,-0.39575,0.89697,-0.05664,0.98203,5.75,9.062,14.375,0.2549,0.682,0.496,0.4728
1781773958507,95544,-0.39575,0.89697,-0.05664,0.98203,5.75,9.062,14.375,0.2549,0.682,0.496,0.4728
1781773958507,95544,-0.39429,0.89136,-0.0625,0.97667,7.25,1.938,15.438,0.2546,0.6827,0.4974,0.4705
1781773958569,95606,-0.35547,0.89404,-0.06494,0.96431,3.688,-11.188,13.375,0.2582,0.6826,0.4999,0.4661
1781773958569,95606,-0.35547,0.89404,-0.06494,0.96431,3.688,-11.188,13.375,0.2582,0.6826,0.4999,0.4661
1781773958570,95607,-0.33984,0.89502,-0.06494,0.95957,1.625,-16.562,12.125,0.257,0.6828,0.5017,0.4644
1781773958626,95663,-0.35596,0.92285,-0.03882,0.98988,-0.75,2.312,0.625,0.2578,0.6813,0.5042,0.4636
1781773958627,95664,-0.36816,0.92871,-0.03735,0.99972,-0.625,1.125,1.125,0.2578,0.6813,0.5043,0.4634
1781773958628,95665,-0.36914,0.92456,-0.04736,0.99665,3.125,-4.938,8.312,0.2575,0.6816,0.5058,0.4614
1781773958687,95724,-0.36011,0.91675,-0.05103,0.98626,3.375,-5.625,8.562,0.2579,0.6815,0.5059,0.4614
1781773958691,95728,-0.34888,0.9126,-0.05835,0.97875,4.188,-3.625,8.75,0.2584,0.6814,0.5061,0.4609
1781773958691,95728,-0.33472,0.90332,-0.05127,0.9647,4.75,-4.125,6.812,0.2591,0.682,0.5078,0.4578
1781773958757,95794,-0.32715,0.89893,-0.05029,0.95793,4.188,-4.688,6.688,0.2595,0.682,0.5077,0.4578
1781773958758,95795,-0.30737,0.89062,-0.06445,0.94438,3.062,-4.5,5.812,0.2604,0.6817,0.5075,0.4578
1781773958758,95795,-0.31274,0.88281,-0.07642,0.93968,-4.438,2.875,0.938,0.2614,0.6809,0.508,0.4578
1781773958812,95849,-0.30933,0.86646,-0.06494,0.9223,-6.062,2.688,-0.062,0.2612,0.6809,0.5082,0.4578
1781773958812,95849,-0.3042,0.88135,-0.06763,0.93482,-7.125,0.25,-2.125,0.261,0.6807,0.5084,0.4579
1781773958813,95850,-0.28662,0.87622,-0.08447,0.92577,-11.062,-1.438,2.375,0.2576,0.6791,0.513,0.457
1781773958866,95903,-0.29932,0.88647,-0.0769,0.9388,-11.062,-1.188,1.5,0.2575,0.6787,0.5136,0.4572
1781773958867,95904,-0.30298,0.89062,-0.06934,0.9433,-11.5,-3.062,1.938,0.2584,0.6779,0.5133,0.4583
1781773958867,95904,-0.32397,0.91138,-0.0481,0.96844,-10.125,-10.25,-3.625,0.2566,0.6754,0.5155,0.4604
1781773958930,95967,-0.32642,0.9104,-0.04736,0.96831,-10.125,-10.562,-4.25,0.2565,0.675,0.5156,0.4609
1781773958930,95967,-0.31445,0.90894,-0.06738,0.96415,-10.812,-11.812,-5.062,0.2549,0.675,0.5167,0.4606
1781773958930,95967,-0.30811,0.90454,-0.03882,0.95636,-18.812,-15.312,-9.375,0.2518,0.6707,0.5188,0.4661
1781773958986,96023,-0.30713,0.90283,-0.03711,0.95436,-19.625,-18.062,-8.938,0.2516,0.67,0.519,0.4671
1781773958987,96024,-0.30347,0.89844,-0.03809,0.94907,-20.125,-17.625,-8.938,0.2514,0.6693,0.5192,0.468
1781773958988,96025,-0.23926,0.86108,-0.00952,0.89376,-31.625,-29.062,2.875,0.2507,0.6589,0.5233,0.4783
1781773959053,96090,-0.21143,0.85645,-0.00342,0.88216,-33.812,-36.938,4.688,0.2511,0.6567,0.5242,0.4802
1781773959056,96093,-0.17773,0.83423,0.00146,0.85295,-35.062,-39.312,5.5,0.2514,0.655,0.525,0.4814
1781773959056,96093,-0.2854,0.85791,0.05103,0.90558,-29.938,-30.25,-20.75,0.25,0.643,0.5285,0.4944
1781773959106,96143,-0.2854,0.85791,0.05103,0.90558,-29.938,-30.25,-20.75,0.25,0.643,0.5285,0.4944
1781773959107,96144,-0.3042,0.86133,0.0459,0.91462,-30.5,-33.0,-21.0,0.2495,0.6419,0.5285,0.4961
1781773959107,96144,-0.11475,0.78174,0.06274,0.7926,-52.625,-48.562,-24.25,0.2543,0.6224,0.5249,0.5216
1781773959171,96208,-0.14478,0.86548,0.11719,0.88529,-55.5,-48.5,-31.25,0.2534,0.6203,0.5253,0.5242
1781773959179,96216,-0.20264,0.85498,0.09277,0.88355,-58.25,-48.625,-27.125,0.2525,0.6182,0.5256,0.5267
1781773959179,96216,-0.26001,0.83276,0.07764,0.87586,-59.438,-55.188,-19.375,0.2457,0.5989,0.5275,0.5499
1781773959227,96264,-0.2334,0.82202,0.12744,0.86396,-65.312,-55.125,-17.188,0.2449,0.5963,0.5281,0.5524
1781773959227,96264,-0.22119,0.82129,0.19116,0.87177,-68.5,-59.5,-15.812,0.2443,0.5935,0.5289,0.5549
1781773959227,96264,-0.23462,0.80981,0.31714,0.90079,-48.0,-71.938,-37.938,0.2402,0.5651,0.5326,0.5821
1781773959287,96324,-0.28418,0.81543,0.26855,0.90433,-46.688,-64.812,-43.188,0.2393,0.5617,0.5317,0.5867
1781773959287,96324,-0.30176,0.81616,0.26733,0.9103,-48.75,-59.062,-45.812,0.2384,0.5595,0.5311,0.5897
1781773959288,96325,-0.31396,0.81274,0.46851,0.98925,-60.438,-87.938,-45.875,0.2247,0.5332,0.5268,0.6224
1781773959346,96383,-0.28955,0.80151,0.45728,0.96714,-60.312,-94.625,-43.562,0.2243,0.5297,0.5261,0.6261
1781773959347,96384,-0.25317,0.78442,0.48389,0.95581,-60.188,-97.312,-43.062,0.223,0.5245,0.5258,0.6311
1781773959347,96384,-0.29785,0.72412,0.45361,0.90489,-42.5,-54.938,-65.625,0.2152,0.499,0.5187,0.6597
1781773959406,96443,-0.29785,0.72412,0.45361,0.90489,-42.5,-54.938,-65.625,0.2152,0.499,0.5187,0.6597
1781773959407,96444,-0.33447,0.72461,0.42944,0.90628,-39.5,-47.062,-69.125,0.2136,0.4974,0.5172,0.6627
1781773959408,96445,-0.44019,0.69312,0.57153,1.00041,-51.5,-57.375,-76.0,0.1936,0.4822,0.4964,0.6952
1781773959467,96504,-0.4624,0.7041,0.58179,1.02374,-55.625,-66.25,-75.875,0.1917,0.4797,0.4948,0.6986
1781773959468,96505,-0.44922,0.68433,0.57397,0.99977,-56.875,-75.188,-76.5,0.19,0.4769,0.4931,0.7022
1781773959468,96505,-0.4624,0.50659,0.33765,0.7645,-47.375,-30.75,-123.812,0.1691,0.4516,0.4689,0.7398
1781773959531,96568,-0.48975,0.49561,0.32227,0.76768,-46.188,-19.812,-128.625,0.1656,0.451,0.4655,0.7431
1781773959531,96568,-0.50562,0.47437,0.32983,0.76776,-45.125,-10.0,-132.0,0.1618,0.4506,0.4621,0.7462
1781773959531,96568,-0.50562,0.47437,0.32983,0.76776,-45.125,-10.0,-132.0,0.1618,0.4506,0.4621,0.7462
1781773959587,96624,-0.77515,0.61792,0.91699,1.35039,-40.562,-23.625,-111.625,0.1245,0.4479,0.4229,0.7777
1781773959587,96624,-0.78149,0.62451,0.93384,1.3685,-39.75,-31.938,-106.188,0.1217,0.4466,0.4199,0.7805
1781773959588,96625,-0.78149,0.62451,0.93384,1.3685,-39.75,-31.938,-106.188,0.1217,0.4466,0.4199,0.7805
1781773959649,96686,-0.45483,0.34619,0.65674,0.87065,-30.125,-11.0,-107.938,0.1011,0.4237,0.3808,0.8155
1781773959653,96690,-0.60425,0.38062,0.79712,1.07023,-29.25,-4.75,-115.938,0.0979,0.4234,0.3773,0.8176
1781773959656,96693,-0.60425,0.38062,0.79712,1.07023,-29.25,-4.75,-115.938,0.0979,0.4234,0.3773,0.8176
1781773959707,96744,-1.08643,0.50049,1.04834,1.59054,12.938,-15.938,-115.5,0.0792,0.4248,0.3155,0.8447
1781773959708,96745,-1.13794,0.51953,1.0498,1.63307,15.5,-28.062,-109.812,0.078,0.4244,0.311,0.8466
1781773959708,96745,-1.13794,0.51953,1.0498,1.63307,15.5,-28.062,-109.812,0.078,0.4244,0.311,0.8466
1781773959769,96806,-0.85962,0.3252,0.59448,1.09458,14.562,-29.188,-77.188,0.0819,0.4121,0.254,0.871
1781773959826,96863,-0.86084,0.32422,0.60889,1.10313,11.688,-24.75,-76.5,0.0812,0.4116,0.2509,0.8723
1781773959827,96864,-0.86084,0.32422,0.60889,1.10313,11.688,-24.75,-76.5,0.0812,0.4116,0.2509,0.8723
1781773959827,96864,-0.86084,0.32422,0.60889,1.10313,11.688,-24.75,-76.5,0.0812,0.4116,0.2509,0.8723
1781773959890,96927,-0.88135,0.32495,0.70654,1.1754,27.688,-18.5,-46.312,0.0858,0.4085,0.2013,0.886
1781773959890,96927,-0.7627,0.23804,0.6582,1.03518,16.0,-4.25,-57.812,0.0983,0.4025,0.147,0.898
1781773959890,96927,-0.91162,0.26392,0.60596,1.12601,23.062,0.562,-34.938,0.1152,0.4026,0.0775,0.9046
1781773959947,96984,-0.9082,0.26636,0.6106,1.12632,22.062,1.125,-30.625,0.1156,0.403,0.0759,0.9046
1781773959947,96984,-0.89624,0.25952,0.6062,1.11269,21.25,-0.125,-26.875,0.1159,0.4032,0.0744,0.9045
1781773959947,96984,-0.81372,0.23682,0.59521,1.03562,15.75,-0.312,-13.938,0.1269,0.4019,0.0493,0.9054
1781773960010,97047,-0.81836,0.24536,0.58838,1.03735,14.062,-1.25,-14.75,0.1313,0.4008,0.0391,0.9057
1781773960014,97051,-0.83008,0.24976,0.58716,1.04698,13.25,0.75,-15.25,0.1316,0.4009,0.0382,0.9056
1781773960014,97051,-0.83008,0.24976,0.58716,1.04698,13.25,0.75,-15.25,0.1316,0.4009,0.0382,0.9056
1781773960069,97106,-0.83667,0.27319,0.63647,1.08616,4.312,-3.438,-10.5,0.1427,0.3994,0.007,0.9055
1781773960069,97106,-0.82397,0.27368,0.64282,1.0803,4.438,-2.875,-9.5,0.1427,0.3993,0.0065,0.9055
1781773960069,97106,-0.82104,0.28516,0.61353,1.06388,1.688,-8.312,9.312,0.1483,0.396,-0.0043,0.9061
1781773960129,97166,-0.82568,0.28857,0.61865,1.07134,4.062,-5.812,14.188,0.151,0.3947,-0.0086,0.9061
1781773960189,97226,-0.80786,0.28223,0.59473,1.04211,3.562,-3.875,16.062,0.1514,0.3945,-0.0081,0.9061
1781773960247,97284,-0.81152,0.29736,0.65527,1.08461,0.0,-0.438,25.75,0.1608,0.3914,-0.0129,0.9058
1781773960247,97284,-0.81152,0.29736,0.65527,1.08461,0.0,-0.438,25.75,0.1608,0.3914,-0.0129,0.9058
1781773960248,97285,-0.82324,0.30688,0.65869,1.09808,-0.688,-2.562,26.812,0.1629,0.3905,-0.0147,0.9058
1781773960307,97344,-0.84717,0.3103,0.64722,1.11035,-2.188,-9.688,38.625,0.1694,0.3853,-0.0076,0.9069
1781773960307,97344,-0.83154,0.3252,0.64111,1.0992,-3.0,-19.188,77.125,0.182,0.3739,0.0157,0.9092
1781773960308,97345,-0.76758,0.34863,0.61377,1.0428,-14.25,-14.0,89.125,0.1934,0.3593,0.0565,0.9111
1781773960374,97411,-0.76514,0.35693,0.63062,1.05381,-16.0,-14.312,90.938,0.1937,0.3579,0.0641,0.9111
1781773960374,97411,-0.75952,0.35938,0.63306,1.05204,-17.125,-15.188,92.062,0.1945,0.3565,0.0678,0.9111
1781773960374,97411,-0.71143,0.3811,0.66406,1.04515,-24.75,-25.875,109.688,0.1992,0.3416,0.1087,0.9119
1781773960427,97464,-0.72388,0.38672,0.68213,1.06717,-25.312,-28.875,112.312,0.2,0.3395,0.1131,0.912
1781773960427,97464,-0.70874,0.38501,0.67407,1.05115,-26.5,-35.875,117.0,0.1995,0.3369,0.1244,0.9116
1781773960429,97466,-0.58789,0.39526,0.698,0.99451,-22.375,-56.312,137.062,0.2066,0.3104,0.1756,0.911
1781773960492,97529,-0.55444,0.39136,0.67725,0.95877,-22.25,-60.562,140.062,0.208,0.3067,0.1807,0.9109
1781773960492,97529,-0.51489,0.38257,0.66797,0.9261,-21.812,-56.125,140.312,0.2086,0.301,0.198,0.9091
1781773960492,97529,-0.40112,0.39502,0.67944,0.88237,-34.812,-52.75,141.188,0.2166,0.2694,0.2553,0.9028
1781773960550,97587,-0.40112,0.39502,0.67944,0.88237,-34.812,-52.75,141.188,0.2166,0.2694,0.2553,0.9028
1781773960550,97587,-0.35718,0.38818,0.66895,0.85191,-36.875,-51.625,138.562,0.2171,0.2612,0.2731,0.8999
1781773960551,97588,-0.29468,0.40186,0.69019,0.85128,-43.812,-25.375,137.812,0.2169,0.2322,0.3361,0.8865
1781773960611,97648,-0.29468,0.40186,0.69019,0.85128,-43.812,-25.375,137.812,0.2169,0.2322,0.3361,0.8865
1781773960611,97648,-0.2583,0.38403,0.65723,0.80383,-45.5,-26.25,140.5,0.2158,0.2275,0.3517,0.8819
1781773960611,97648,-0.16333,0.37354,0.72754,0.83398,-51.562,-26.312,145.188,0.2135,0.1987,0.4103,0.8639
1781773960668,97705,-0.15137,0.36865,0.71436,0.818,-53.188,-23.812,145.375,0.2132,0.1956,0.4159,0.862
1781773960668,97705,-0.14746,0.36548,0.70728,0.80967,-55.875,-20.125,145.5,0.2121,0.1931,0.4241,0.8588
1781773960668,97705,0.0647,0.2959,0.73633,0.79619,-67.812,41.562,132.625,0.1972,0.1744,0.4826,0.8352
1781773960726,97763,0.06787,0.29956,0.76025,0.81996,-69.625,44.312,128.812,0.1948,0.1734,0.4881,0.8328
1781773960726,97763,0.06812,0.30908,0.81372,0.87311,-74.312,42.125,120.562,0.1893,0.1715,0.5,0.8273
1781773960727,97764,0.12207,0.32227,0.95752,1.01764,-69.5,-6.375,106.188,0.1691,0.1508,0.5437,0.8079
1781773960792,97829,0.12207,0.32227,0.95752,1.01764,-69.5,-6.375,106.188,0.1691,0.1508,0.5437,0.8079
1781773960792,97829,0.13135,0.323,0.95898,1.02041,-67.438,-5.875,103.625,0.1676,0.1481,0.5477,0.806
1781773960793,97830,0.12549,0.3186,0.97046,1.0291,-55.688,-13.75,83.688,0.1535,0.1228,0.5846,0.787
1781773960851,97888,0.13672,0.31201,0.99023,1.04719,-53.812,-15.938,81.562,0.1519,0.119,0.5891,0.7845
1781773960851,97888,0.14624,0.29492,0.98413,1.03773,-52.625,-19.0,80.0,0.1513,0.1161,0.5899,0.7845
1781773960851,97888,0.22144,0.2915,1.02393,1.0874,-37.75,-7.812,62.812,0.145,0.0938,0.6076,0.7751
1781773960912,97949,0.23047,0.2915,1.03564,1.1003,-38.375,-10.438,58.188,0.1439,0.0911,0.6107,0.7731
1781773960912,97949,0.22192,0.27075,1.03857,1.09599,-37.062,-6.938,54.938,0.1423,0.0877,0.6143,0.7709
1781773960912,97949,0.20996,0.2605,1.02026,1.07372,-30.312,-11.125,39.438,0.1358,0.0736,0.6254,0.7647
1781773960970,98007,0.22046,0.25928,1.02368,1.07877,-28.188,-9.0,36.75,0.1352,0.0722,0.6267,0.7639
1781773960972,98009,0.22266,0.23657,0.99487,1.04657,-24.188,-3.438,31.375,0.1344,0.0693,0.6259,0.7649
1781773960972,98009,0.17041,0.25317,1.00049,1.046,-10.688,-3.812,7.188,0.1306,0.0634,0.6273,0.765
1781773961036,98073,0.16577,0.2605,0.99683,1.04355,-10.875,-5.312,5.875,0.1304,0.0629,0.6275,0.7649
1781773961037,98074,0.16113,0.26733,1.00806,1.05528,-9.688,-2.125,4.25,0.1301,0.0617,0.6259,0.7664
1781773961037,98074,0.10522,0.27832,0.95728,1.00245,-6.375,18.438,-1.188,0.1264,0.062,0.6243,0.7683
1781773961089,98126,0.10278,0.26978,0.9541,0.99682,-6.812,21.062,-0.875,0.1257,0.0625,0.6244,0.7683
1781773961089,98126,0.09814,0.27637,0.95337,0.99746,-7.312,22.938,-1.188,0.1248,0.0631,0.6245,0.7683
1781773961090,98127,0.06616,0.23975,0.96094,0.9926,-9.812,29.25,-0.188,0.1152,0.0696,0.6228,0.7706
1781773961150,98187,0.06494,0.24292,0.96216,0.99447,-10.375,27.812,-0.812,0.1141,0.0703,0.6229,0.7706
1781773961151,98188,0.052,0.24683,0.97852,1.0105,-10.25,28.0,-1.25,0.113,0.0709,0.6231,0.7706
1781773961151,98188,0.04175,0.24658,0.99341,1.0244,-2.375,22.438,-3.688,0.106,0.0753,0.6185,0.7748
1781773961206,98243,0.03735,0.24683,0.99658,1.02737,-1.562,26.0,-4.0,0.1053,0.0761,0.6185,0.7748
1781773961207,98244,0.03149,0.2478,0.9978,1.0286,-0.938,29.812,-4.188,0.1044,0.077,0.6185,0.7749
1781773961208,98245,0.01782,0.27881,1.09766,1.13265,4.5,68.5,-3.25,0.0933,0.0919,0.6136,0.7785
1781773961269,98306,0.01099,0.23633,1.10278,1.12788,7.312,79.125,-2.062,0.0915,0.0945,0.6138,0.7783
1781773961269,98306,0.03833,0.229,1.13965,1.16306,10.938,88.062,-6.875,0.0895,0.0976,0.6139,0.778
1781773961272,98309,-0.20752,0.35767,1.11816,1.19217,60.938,151.625,-29.812,0.0723,0.1444,0.6038,0.7805
1781773961329,98366,-0.20923,0.35327,1.11377,1.18704,67.812,153.562,-26.312,0.0703,0.1513,0.6029,0.78
1781773961329,98366,-0.18091,0.3396,1.06934,1.13646,73.938,155.562,-26.188,0.0686,0.1584,0.602,0.7794
1781773961330,98367,-0.42188,0.48413,1.06421,1.24294,94.625,159.938,-24.125,0.0536,0.2397,0.5844,0.7733
1781773961388,98425,-0.46851,0.49805,1.08765,1.28473,93.938,160.938,-24.25,0.0524,0.2475,0.5829,0.772
1781773961388,98425,-0.49585,0.51709,1.08911,1.30362,94.062,157.625,-25.0,0.0513,0.2552,0.5814,0.7706
1781773961388,98425,-0.66528,0.62524,1.03027,1.37659,102.688,166.062,-20.375,0.0426,0.33,0.5611,0.7577
1781773961452,98489,-0.67798,0.65527,1.02002,1.38906,103.812,159.125,-18.625,0.0419,0.3378,0.5593,0.7557
1781773961453,98490,-0.7124,0.69214,0.98071,1.39584,100.875,149.75,-16.75,0.0413,0.3453,0.5575,0.7537
1781773961453,98490,-0.78174,0.76587,1.02563,1.49987,159.25,109.938,8.25,0.0504,0.4143,0.537,0.7329
1781773961509,98546,-0.79517,0.76758,1.00537,1.49407,169.625,112.875,10.625,0.0532,0.4216,0.5346,0.7304
1781773961510,98547,-0.78247,0.76245,0.94287,1.44312,186.562,123.75,8.562,0.0579,0.4334,0.5305,0.7261
1781773961510,98547,-0.78247,0.76245,0.94287,1.44312,186.562,123.75,8.562,0.0579,0.4334,0.5305,0.7261
1781773961568,98605,-0.7561,0.75513,0.44092,1.15599,189.375,121.812,6.188,0.0907,0.5112,0.4983,0.6942
1781773961569,98606,-0.75122,0.74756,0.40381,1.13412,190.125,122.938,6.938,0.0939,0.5189,0.4948,0.6906
1781773961569,98606,-0.75122,0.74756,0.40381,1.13412,190.125,122.938,6.938,0.0939,0.5189,0.4948,0.6906
1781773961633,98670,-0.73633,0.74243,0.30273,1.08859,202.688,114.75,35.75,0.1312,0.6005,0.4561,0.6433
1781773961633,98670,-0.72485,0.73291,0.26514,1.06436,203.188,108.812,35.875,0.1356,0.6073,0.4525,0.6386
1781773961634,98671,-0.72485,0.73291,0.26514,1.06436,203.188,108.812,35.875,0.1356,0.6073,0.4525,0.6386
1781773961686,98723,-0.60693,0.76538,0.03125,0.97732,154.875,132.75,26.5,0.1667,0.679,0.4215,0.5773
1781773961687,98724,-0.59912,0.78223,0.0647,0.98743,147.875,131.438,28.125,0.1699,0.6876,0.4174,0.5692
1781773961688,98725,-0.59912,0.78223,0.0647,0.98743,147.875,131.438,28.125,0.1699,0.6876,0.4174,0.5692
1781773961749,98786,-0.34961,0.65918,-0.18872,0.76965,131.688,103.375,12.938,0.1809,0.742,0.3964,0.5092
1781773961750,98787,-0.35303,0.65771,-0.19507,0.77154,129.25,102.5,10.438,0.1817,0.7442,0.3948,0.5069
1781773961750,98787,-0.35303,0.65771,-0.19507,0.77154,129.25,102.5,10.438,0.1817,0.7442,0.3948,0.5069
1781773961809,98846,-0.3374,0.63208,-0.18335,0.73958,19.875,11.875,-28.312,0.1647,0.7778,0.3783,0.4738
1781773961810,98847,-0.36597,0.61646,-0.40015,0.82102,-5.125,4.5,-26.25,0.1635,0.7785,0.3772,0.4741
1781773961810,98847,-0.36597,0.61646,-0.40015,0.82102,-5.125,4.5,-26.25,0.1635,0.7785,0.3772,0.4741
1781773961873,98910,-0.48584,0.646,-0.2605,0.84924,-54.5,62.625,-38.938,0.1119,0.7944,0.3956,0.4468
1781773961873,98910,-0.53076,0.65088,-0.25293,0.87711,-54.625,74.938,-36.375,0.1066,0.7954,0.3978,0.4445
1781773961874,98911,-0.71094,0.76489,0.08984,1.04812,-40.438,62.75,22.562,0.0603,0.7968,0.4302,0.4195
1781773961927,98964,-0.75684,0.79541,0.07153,1.10027,-31.875,66.25,32.875,0.0595,0.7972,0.4322,0.4169
1781773961927,98964,-0.79297,0.83716,0.07397,1.15547,-22.75,68.25,41.5,0.059,0.7977,0.434,0.4141
1781773961927,98964,-0.84204,0.95435,-0.17798,1.2851,7.688,75.625,74.062,0.0532,0.8072,0.4494,0.3787
1781773961991,99028,-0.7002,0.87061,-0.229,1.14047,8.75,71.5,75.5,0.0505,0.8098,0.454,0.3677
1781773961991,99028,-0.65503,0.84644,-0.23755,1.09633,9.25,70.0,75.125,0.052,0.8109,0.455,0.3638
1781773961993,99030,-0.42017,0.76562,-0.31543,0.92856,16.75,102.062,66.875,0.0538,0.8227,0.4655,0.3214
1781773962046,99083,-0.43384,0.7688,-0.32275,0.93991,16.812,108.562,60.062,0.049,0.8264,0.4685,0.3083
1781773962046,99083,-0.44409,0.77002,-0.35181,0.95599,15.0,112.438,56.688,0.0491,0.828,0.4689,0.3032
1781773962047,99084,-0.2937,0.73511,-0.40869,0.89088,-16.062,113.812,16.688,0.029,0.8427,0.4767,0.2479
1781773962107,99144,-0.2937,0.73511,-0.40869,0.89088,-16.062,113.812,16.688,0.029,0.8427,0.4767,0.2479
1781773962108,99145,-0.2666,0.71411,-0.38599,0.85441,-17.5,100.875,11.688,0.0236,0.8439,0.4788,0.2403
1781773962116,99153,-0.38818,0.81299,-0.41431,0.99161,-34.062,37.5,-28.312,-0.0071,0.8452,0.4895,0.2139
1781773962166,99203,-0.38818,0.81299,-0.41431,0.99161,-34.062,37.5,-28.312,-0.0071,0.8452,0.4895,0.2139
1781773962167,99204,-0.35669,0.77124,-0.44141,0.95754,-45.5,15.0,-33.812,-0.0181,0.8435,0.4938,0.21
1781773962167,99204,-0.43066,0.8562,-0.43115,1.05093,-17.75,50.875,-15.875,-0.048,0.8373,0.5064,0.2
1781773962229,99266,-0.43066,0.8562,-0.43115,1.05093,-17.75,50.875,-15.875,-0.048,0.8373,0.5064,0.2
1781773962229,99266,-0.41357,0.83618,-0.42993,1.02717,-9.688,65.438,-8.625,-0.0557,0.8375,0.5076,0.1937
1781773962229,99266,-0.40259,0.85571,-0.39111,1.02337,-4.875,78.375,13.5,-0.077,0.8422,0.5087,0.1603
1781773962286,99323,-0.40259,0.85571,-0.39111,1.02337,-4.875,78.375,13.5,-0.077,0.8422,0.5087,0.1603
1781773962287,99324,-0.36182,0.85034,-0.40552,1.00918,-6.062,84.438,12.625,-0.0837,0.843,0.5093,0.1502
1781773962287,99324,-0.20435,0.81372,-0.3252,0.89981,-3.25,89.438,3.5,-0.1049,0.8457,0.5107,0.1133
1781773962348,99385,-0.20435,0.81372,-0.3252,0.89981,-3.25,89.438,3.5,-0.1049,0.8457,0.5107,0.1133
1781773962356,99393,-0.21533,0.82251,-0.32812,0.91135,1.125,90.5,2.312,-0.1085,0.8458,0.5106,0.1089
1781773962356,99393,-0.21533,0.82251,-0.32812,0.91135,1.125,90.5,2.312,-0.1085,0.8458,0.5106,0.1089
1781773962406,99443,-0.18262,0.82593,-0.47925,0.97221,19.188,79.938,-2.312,-0.1324,0.853,0.4994,0.0719
1781773962407,99444,-0.16406,0.81396,-0.47681,0.9575,19.188,75.938,-3.625,-0.1386,0.8538,0.4973,0.065
1781773962407,99444,-0.17261,0.78906,-0.48755,0.94346,30.375,80.562,-6.125,-0.162,0.8606,0.4814,0.0338
1781773962468,99505,-0.18652,0.79053,-0.47974,0.94333,29.562,76.375,-6.125,-0.1658,0.8608,0.4799,0.0302
1781773962468,99505,-0.19385,0.78735,-0.47412,0.9393,29.562,72.0,-5.062,-0.1676,0.8615,0.4782,0.0278
1781773962468,99505,-0.14307,0.7771,-0.54785,0.96151,12.0,36.75,-11.125,-0.182,0.8651,0.4671,0.0108
1781773962529,99566,-0.14307,0.7771,-0.54785,0.96151,12.0,36.75,-11.125,-0.182,0.8651,0.4671,0.0108
1781773962530,99567,-0.14331,0.76978,-0.55249,0.9583,7.812,39.188,-10.625,-0.1875,0.8646,0.4658,0.0069
1781773962530,99567,-0.14331,0.73633,-0.43652,0.86791,26.0,76.375,-10.625,0.2057,-0.8649,-0.4575,0.0107
1781773962586,99623,-0.16138,0.74146,-0.44043,0.87737,30.5,83.5,-9.688,0.2077,-0.8653,-0.4557,0.0133
1781773962587,99624,-0.17554,0.74487,-0.4397,0.8826,34.375,86.312,-8.438,0.2113,-0.8654,-0.4537,0.0167
1781773962587,99624,-0.22729,0.76611,-0.55103,0.97068,38.75,56.875,2.938,0.2327,-0.8706,-0.4313,0.0409
1781773962647,99684,-0.21802,0.75732,-0.55566,0.96428,37.75,52.625,4.625,0.2337,-0.8712,-0.4294,0.0426
1781773962647,99684,-0.18726,0.74219,-0.55835,0.94745,36.688,48.125,6.438,0.2369,-0.8716,-0.4265,0.0459
1781773962647,99684,-0.13647,0.69385,-0.52344,0.87979,31.875,31.5,-1.125,0.2453,-0.8756,-0.4122,0.0558
1781773962711,99748,-0.13208,0.68677,-0.5188,0.87077,33.375,33.062,0.125,0.2459,-0.876,-0.4106,0.0567
1781773962711,99748,-0.09668,0.66772,-0.50903,0.84517,38.25,40.938,3.0,0.2485,-0.8768,-0.407,0.0594
1781773962712,99749,-0.07422,0.71826,-0.7063,1.01008,23.938,43.625,2.562,0.2623,-0.8799,-0.3889,0.0744
1781773962767,99804,-0.05225,0.70068,-0.69092,0.98542,18.0,34.875,2.438,0.2628,-0.8801,-0.3877,0.0757
1781773962767,99804,-0.01685,0.65308,-0.64087,0.91515,8.625,23.688,0.0,0.2634,-0.8804,-0.3862,0.0774
1781773962767,99804,-0.0835,0.64209,-0.55273,0.85133,40.062,36.188,-4.562,0.2734,-0.881,-0.3762,0.0852
1781773962832,99869,-0.06836,0.64795,-0.59253,0.88068,41.875,35.75,-3.75,0.2743,-0.8815,-0.3743,0.086
1781773962835,99872,-0.04468,0.65454,-0.65308,0.9257,43.188,33.312,-3.25,0.2771,-0.8818,-0.371,0.0878
1781773962835,99872,-0.04834,0.65894,-0.76587,1.01148,32.0,46.875,-7.5,0.2901,-0.8834,-0.3544,0.0981
1781773962886,99923,-0.03931,0.65796,-0.77026,1.01379,28.875,43.375,-5.688,0.2928,-0.8839,-0.3501,0.1011
1781773962886,99923,-0.03271,0.66211,-0.76025,1.00868,26.062,37.0,-6.312,0.2941,-0.8841,-0.3478,0.1027
1781773962888,99925,-0.06592,0.63184,-0.7229,0.96237,23.125,32.812,-7.5,0.3007,-0.8847,-0.3392,0.1078
1781773962956,99993,-0.08643,0.64209,-0.72974,0.97584,25.875,34.188,-4.25,0.3028,-0.885,-0.3358,0.1099
1781773962956,99993,-0.08252,0.65015,-0.74219,0.99012,26.0,33.812,-1.812,0.3041,-0.885,-0.3343,0.111
1781773962956,99993,0.02588,0.60815,-0.81299,1.01561,15.562,9.938,-3.562,0.3103,-0.8858,-0.324,0.1181
1781773963009,100046,0.02832,0.61694,-0.8728,1.06921,16.938,24.938,-2.938,0.3107,-0.8859,-0.323,0.1186
1781773963011,100048,0.0144,0.62378,-0.83569,1.04292,14.625,30.875,-4.375,0.3114,-0.8859,-0.3221,0.1195
1781773963011,100048,-0.01709,0.59033,-0.74731,0.9525,2.125,7.5,3.25,0.3154,-0.8857,-0.3164,0.1254
1781773963071,100108,-0.01709,0.59033,-0.74731,0.9525,2.125,7.5,3.25,0.3154,-0.8857,-0.3164,0.1254
1781773963071,100108,0.0354,0.63452,-0.94775,1.1411,4.5,10.312,4.625,0.3154,-0.8858,-0.3161,0.1256
1781773963071,100108,0.15063,0.59009,-0.83057,1.02992,-5.438,7.562,-2.188,0.3165,-0.8856,-0.3129,0.1318
1781773963126,100163,0.13672,0.6001,-0.81592,1.02202,-6.75,10.812,-3.562,0.3168,-0.8853,-0.3131,0.1325
1781773963126,100163,0.13232,0.59253,-0.79712,1.002,-8.125,8.438,-3.938,0.317,-0.8851,-0.3132,0.1329
1781773963128,100165,0.09619,0.60229,-0.71313,0.93839,-7.312,16.438,-15.188,0.3256,-0.881,-0.3129,0.1401
1781773963186,100223,0.05786,0.60352,-0.69995,0.92602,-8.625,12.188,-15.062,0.327,-0.8802,-0.3134,0.1409
1781773963186,100223,0.03125,0.59692,-0.68604,0.90991,-8.5,11.688,-13.812,0.3281,-0.8795,-0.3139,0.1416
1781773963187,100224,0.02197,0.64746,-0.74731,0.98902,-2.5,9.5,-11.938,0.3347,-0.8765,-0.3131,0.1464
1781773963247,100284,0.02515,0.64697,-0.73608,0.98032,-4.625,8.625,-11.688,0.3352,-0.8762,-0.3132,0.1467
1781773963247,100284,0.03906,0.63965,-0.72949,0.971,-6.188,6.25,-12.125,0.3364,-0.8756,-0.3134,0.1471
1781773963248,100285,-0.05762,0.67676,-0.73877,1.00354,1.812,13.312,-3.438,0.3394,-0.874,-0.3144,0.1476
1781773963306,100343,-0.05444,0.67993,-0.74854,1.01271,1.938,15.625,0.062,0.3397,-0.8739,-0.3141,0.1481
1781773963306,100343,-0.02832,0.69092,-0.76733,1.03294,1.0,15.688,2.938,0.3399,-0.8738,-0.3139,0.1486
1781773963307,100344,0.05493,0.63672,-0.72632,0.96745,-12.812,6.062,7.188,0.3399,-0.8723,-0.3154,0.1546
1781773963367,100404,0.07373,0.62476,-0.72754,0.96181,-11.438,8.125,5.75,0.3397,-0.8721,-0.3157,0.1551
1781773963367,100404,0.0874,0.6189,-0.73999,0.96864,-9.875,10.938,3.875,0.3395,-0.872,-0.3159,0.1557
1781773963367,100404,0.11377,0.64233,-0.77026,1.00938,-15.75,9.688,-0.938,0.3413,-0.8695,-0.3175,0.1629
1781773963426,100463,0.09448,0.63721,-0.71484,0.96227,-15.812,11.125,-2.75,0.3414,-0.8691,-0.3179,0.1635
1781773963426,100463,0.08667,0.63574,-0.70044,0.94989,-14.438,4.312,-3.562,0.3416,-0.8687,-0.3186,0.1643
1781773963427,100464,0.08032,0.67261,-0.81372,1.05877,-15.625,-11.0,-2.438,0.3405,-0.8673,-0.3252,0.1608
1781773963486,100523,0.07642,0.67969,-0.8103,1.06038,-16.375,-9.75,-3.125,0.3403,-0.8671,-0.3259,0.1607
1781773963486,100523,0.06616,0.68994,-0.82739,1.07934,-17.625,-7.125,-3.438,0.3402,-0.8669,-0.3267,0.1606
1781773963491,100528,0.01978,0.64893,-0.6521,0.92018,-19.875,14.312,0.688,0.3431,-0.8619,-0.3331,0.1676
1781773963546,100583,0.02124,0.65356,-0.66187,0.93041,-18.625,17.438,0.75,0.3431,-0.8616,-0.3336,0.1684
1781773963546,100583,0.02686,0.66406,-0.68799,0.95657,-17.875,19.125,0.438,0.3433,-0.861,-0.3342,0.1699
1781773963547,100584,0.0498,0.73535,-0.76904,1.0652,-41.875,5.5,2.562,0.3465,-0.8549,-0.3406,0.1809
1781773963607,100644,0.0564,0.71704,-0.7002,1.00379,-44.812,3.188,2.562,0.3458,-0.8536,-0.3437,0.1826
1781773963607,100644,0.06006,0.69434,-0.63159,0.94054,-44.625,2.312,0.938,0.3453,-0.8521,-0.3469,0.1843
1781773963609,100646,0.07251,0.67798,-0.53711,0.86799,-24.312,22.188,-0.25,0.3441,-0.8472,-0.3568,0.1903
1781773963666,100703,0.07324,0.68726,-0.55762,0.88804,-20.625,27.125,-1.0,0.3444,-0.8464,-0.3575,0.1921
1781773963667,100704,0.06885,0.6936,-0.56128,0.89491,-19.5,29.062,-1.188,0.3446,-0.8461,-0.3577,0.1928
1781773963727,100764,0.03027,0.75146,-0.57178,0.94475,-17.688,22.562,5.938,0.3466,-0.8421,-0.3587,0.2044
1781773963733,100770,0.04565,0.73755,-0.53247,0.91082,-16.25,19.75,6.062,0.3463,-0.8416,-0.3592,0.2059
1781773963734,100771,0.04761,0.73364,-0.52441,0.90305,-14.812,16.375,4.5,0.3462,-0.8413,-0.3595,0.2069
1781773963786,100823,0.04761,0.73364,-0.52441,0.90305,-14.812,16.375,4.5,0.3462,-0.8413,-0.3595,0.2069
1781773963786,100823,0.09253,0.72632,-0.48535,0.87845,6.75,15.562,11.438,0.3461,-0.84,-0.3583,0.2144
1781773963787,100824,0.15576,0.70483,-0.54492,0.90443,20.688,2.375,10.25,0.3447,-0.8428,-0.351,0.2176
1781773963850,100887,0.17676,0.70215,-0.55884,0.91463,20.938,-0.312,9.938,0.3456,-0.8431,-0.3494,0.2179
1781773963854,100891,0.18628,0.70166,-0.56055,0.91719,20.812,-2.0,9.688,0.3455,-0.8433,-0.3489,0.2178
1781773963854,100891,0.16943,0.70483,-0.61841,0.95285,33.625,2.438,0.125,0.3477,-0.8471,-0.3397,0.2142
1781773963906,100943,0.16943,0.70483,-0.61841,0.95285,33.625,2.438,0.125,0.3477,-0.8471,-0.3397,0.2142
1781773963906,100943,0.12207,0.73193,-0.67383,1.00233,34.0,2.312,1.938,0.3484,-0.8483,-0.3366,0.2132
1781773963907,100944,0.13306,0.74365,-0.72046,1.04393,14.625,-14.312,3.75,0.3496,-0.8522,-0.3289,0.2075
1781773963969,101006,0.13232,0.74414,-0.74023,1.05792,14.062,-11.375,1.688,0.3497,-0.8528,-0.3281,0.2062
1781773963970,101007,0.13623,0.75049,-0.74585,1.06681,13.188,-8.812,0.75,0.3497,-0.853,-0.3278,0.2057
1781773963970,101007,0.13574,0.67651,-0.62012,0.92771,5.812,-14.25,-0.438,0.3493,-0.8546,-0.3272,0.2008
1781773964026,101063,0.11963,0.66919,-0.60083,0.90726,8.312,-11.75,-0.188,0.3496,-0.8547,-0.327,0.2001
1781773964026,101063,0.10352,0.6709,-0.61328,0.91484,11.062,-8.688,0.062,0.3496,-0.8549,-0.3268,0.1996
1781773964028,101065,0.06885,0.70972,-0.66943,0.97805,19.75,-2.125,1.75,0.3508,-0.8572,-0.321,0.197
1781773964091,101128,0.06299,0.7085,-0.66357,0.97276,20.188,-3.375,2.0,0.3505,-0.8579,-0.3201,0.1962
1781773964091,101128,0.06787,0.70435,-0.65381,0.96342,20.938,-5.0,3.125,0.3505,-0.8584,-0.319,0.1956
1781773964091,101128,0.04932,0.67432,-0.6394,0.93058,30.438,-4.625,7.062,0.3503,-0.8625,-0.3109,0.1911
1781773964146,101183,0.05859,0.67236,-0.64795,0.9356,30.812,-6.312,7.062,0.3508,-0.863,-0.3091,0.1904
1781773964146,101183,0.04785,0.66895,-0.64697,0.93185,30.625,-8.125,7.875,0.3507,-0.8637,-0.3081,0.1897
1781773964148,101185,0.11621,0.57471,-0.53467,0.79351,48.0,9.812,11.5,0.3494,-0.8698,-0.2946,0.1854
1781773964212,101249,0.11621,0.57471,-0.53467,0.79351,48.0,9.812,11.5,0.3494,-0.8698,-0.2946,0.1854
1781773964212,101249,0.05688,0.61255,-0.49683,0.79075,47.375,-2.75,17.188,0.3488,-0.8711,-0.2919,0.1845
1781773964213,101250,0.21045,-0.98901,-0.06079,1.01298,-202.375,-540.0,58.625,0.2988,-0.8887,-0.3304,0.1068
1781773964266,101303,0.21045,-0.98901,-0.06079,1.01298,-202.375,-540.0,58.625,0.2988,-0.8887,-0.3304,0.1068
1781773964266,101303,0.3811,-0.63965,-0.28174,0.79609,-239.812,-369.938,65.25,0.2839,-0.8859,-0.3568,0.0828
1781773964267,101304,0.3811,-0.63965,-0.28174,0.79609,-239.812,-369.938,65.25,0.2839,-0.8859,-0.3568,0.0828
1781773964332,101369,0.14624,-0.14941,-1.3252,1.34159,-124.375,243.312,-168.312,0.2527,-0.8747,-0.4097,0.0538
1781773964334,101371,0.12451,-0.89038,-0.63428,1.10027,-139.562,245.875,-232.312,0.2719,-0.8661,-0.4143,0.064
1781773964335,101372,-0.1311,-0.60229,0.71362,0.94298,-23.062,277.812,-330.562,0.429,-0.8006,-0.3992,0.1242
1781773964388,101425,-0.1311,-0.60229,0.71362,0.94298,-23.062,277.812,-330.562,0.429,-0.8006,-0.3992,0.1242
1781773964388,101425,-0.14697,-0.01733,0.59717,0.61523,-6.688,201.375,-343.438,0.453,-0.7887,-0.3958,0.1255
1781773964388,101425,0.36865,0.15405,-0.32983,0.5181,-29.125,119.812,-376.125,0.5617,-0.719,-0.3983,0.093
1781773964449,101486,0.3584,0.00659,-0.31494,0.47716,-46.188,134.938,-387.562,0.5755,-0.7085,-0.3977,0.0916
1781773964449,101486,0.27881,-0.2749,-0.16235,0.42387,-54.438,143.25,-403.25,0.5939,-0.6939,-0.3972,0.088
1781773964449,101486,0.27881,-0.2749,-0.16235,0.42387,-54.438,143.25,-403.25,0.5939,-0.6939,-0.3972,0.088
1781773964508,101545,-0.30933,-0.2312,-0.19336,0.43188,-121.938,297.188,-429.375,0.7327,-0.5576,-0.3783,0.0941
1781773964508,101545,-0.56958,0.1189,0.28442,0.64765,-67.062,281.75,-345.812,0.759,-0.5286,-0.3661,0.1013
1781773964508,101545,-3.3064,-1.29834,-6.65991,7.548,1948.062,1055.375,-1804.312,-0.8923,0.331,0.2117,0.2218
1781773964569,101606,-3.75049,-0.64429,-4.17285,5.64747,1946.562,1485.25,-1318.125,-0.9002,0.3049,0.1165,0.2877
1781773964569,101606,-5.04907,-3.36011,-3.05786,6.7922,1435.688,5.75,-772.5,-0.8896,0.2537,0.0262,0.3787
1781773964570,101607,1.76318,0.06055,2.90015,3.3946,799.625,-965.125,762.625,-0.6469,0.2318,-0.0785,0.7221
1781773964626,101663,1.72339,-1.42041,3.89844,4.49282,819.25,-1100.938,800.75,-0.614,0.2172,-0.0322,0.7579
1781773964627,101664,1.67505,-1.99219,2.78589,3.81258,770.5,-790.0,396.938,-0.5493,0.1824,0.0325,0.8147
1781773964630,101667,-1.17334,-1.99902,4.48828,5.05148,726.25,-79.5,538.938,-0.3189,0.03,0.2429,0.9155
1781773964686,101723,-0.11768,-0.25537,0.67651,0.73262,738.438,-368.75,456.375,-0.2869,0.028,0.2655,0.9199
1781773964686,101723,3.26929,0.1792,-3.69922,4.9401,758.312,-379.188,137.375,-0.2028,-0.0266,0.2905,0.9346
1781773964687,101724,0.2168,-0.57544,1.42432,1.55139,3.375,-296.125,104.625,-0.0763,-0.189,0.3827,0.9009
1781773964749,101786,-0.00977,-0.03125,1.13208,1.13255,-117.0,-455.0,139.812,-0.0736,-0.2175,0.3924,0.8905
1781773964750,101787,1.41528,0.67676,2.05396,2.58452,-84.062,-551.688,173.0,-0.0687,-0.2402,0.3992,0.882
1781773964757,101794,-0.68164,0.57007,-1.76978,1.98033,-552.375,-271.0,197.938,-0.1439,-0.3405,0.4219,0.8276
1781773964806,101843,0.06592,0.16504,-0.75488,0.77552,-645.25,-385.938,171.812,-0.1625,-0.363,0.4211,0.815
1781773964806,101843,0.36475,-0.53125,-1.2417,1.39896,-649.062,-248.688,167.812,-0.1829,-0.3845,0.4187,0.8019
1781773964807,101844,-0.02271,-0.4126,2.4519,2.48648,-237.562,762.625,-162.188,-0.3555,-0.4035,0.2424,0.8073
1781773964867,101904,0.96875,-0.70459,0.42603,1.27139,-268.188,-68.562,-205.062,-0.3624,-0.4067,0.2281,0.8068
1781773964867,101904,1.54102,0.13647,-0.82104,1.75142,-188.312,344.375,-164.375,-0.3682,-0.4071,0.2144,0.8077
1781773964868,101905,0.42432,0.73535,1.53125,1.75086,-109.312,398.375,-177.312,-0.4072,-0.3096,0.047,0.8578
1781773964927,101964,0.72998,-0.40552,0.05151,0.83664,-97.938,224.062,-213.625,-0.4102,-0.3034,0.0334,0.8592
1781773964986,102023,-1.52295,-1.1814,-0.13354,1.93207,-28.875,596.938,-62.188,-0.4118,-0.2876,0.0216,0.8643
1781773964986,102023,0.34204,-0.31738,0.63647,0.78919,-59.25,520.688,-90.0,-0.4066,-0.143,-0.0777,0.8988
1781773964987,102024,-0.20483,-0.47998,1.42236,1.51508,-58.375,440.375,-46.875,-0.4062,-0.1151,-0.0944,0.9014
1781773965048,102085,-0.06177,-0.46606,1.11523,1.21028,-46.562,360.188,-57.0,-0.4063,-0.1013,-0.1031,0.9021
1781773965048,102085,0.0437,-0.47778,0.98706,1.09749,-37.125,-21.5,55.562,-0.4153,-0.0693,-0.1138,0.8997
1781773965050,102087,-0.10205,-0.23999,1.23193,1.25923,3.688,-126.188,115.312,-0.4285,-0.0584,-0.0576,0.8997
1781773965106,102143,0.24268,-0.51245,0.59033,0.81853,2.812,-137.312,115.75,-0.4295,-0.062,-0.0507,0.8994
1781773965106,102143,0.45361,-1.45752,0.91333,1.77885,-7.062,-58.562,89.188,-0.4304,-0.0639,-0.0425,0.8992
1781773965108,102145,0.15356,-0.48853,0.71094,0.87617,3.562,-6.625,-2.25,-0.4303,-0.0648,-0.0393,0.8994
1781773965166,102203,0.08618,-0.48071,0.82153,0.95573,12.188,16.062,-0.25,-0.4296,-0.0643,-0.0395,0.8997
1781773965166,102203,0.06665,-0.45532,0.92041,1.02904,18.75,13.062,-1.688,-0.4287,-0.0637,-0.0398,0.9002
1781773965167,102204,0.04028,-0.41382,0.96802,1.05353,22.812,-8.875,3.438,-0.4171,-0.0615,-0.0397,0.9058
1781773965227,102264,0.08325,-0.42871,0.88232,0.98449,22.0,-14.0,5.5,-0.4162,-0.062,-0.0392,0.9062
1781773965227,102264,0.10303,-0.43945,0.83545,0.94958,19.938,1.062,2.562,-0.4148,-0.0622,-0.0388,0.9068
1781773965228,102265,0.06641,-0.41602,0.91211,1.0047,3.5,1.438,0.188,-0.4091,-0.0608,-0.0388,0.9096
1781773965286,102323,0.06567,-0.41162,0.91357,1.00417,2.188,1.062,0.312,-0.4088,-0.0607,-0.0388,0.9097
1781773965286,102323,0.07153,-0.41455,0.90894,1.00157,1.125,1.312,0.438,-0.4086,-0.0606,-0.0388,0.9097
1781773965287,102324,0.05566,-0.42163,0.92773,1.02057,-3.625,-1.375,-0.438,-0.4082,-0.0605,-0.0388,0.9099
1781773965349,102386,0.07861,-0.41211,0.90308,0.99577,-4.875,-2.938,-0.875,-0.4082,-0.0606,-0.0388,0.9099
1781773965349,102386,0.06592,-0.42456,0.90063,0.99787,-5.25,-1.75,-0.062,-0.4083,-0.0606,-0.0388,0.9099
1781773965349,102386,0.0708,-0.42944,0.90259,1.00205,0.75,0.188,0.062,-0.4069,-0.0607,-0.0388,0.9105
1781773965408,102445,0.0686,-0.42554,0.90137,0.99913,1.438,0.438,0.062,-0.4067,-0.0606,-0.0388,0.9106
1781773965408,102445,0.06958,-0.4248,0.9043,1.00153,2.062,0.688,0.062,-0.4064,-0.0606,-0.0388,0.9107
1781773965408,102445,0.06616,-0.41992,0.90796,1.00255,4.0,1.5,0.25,-0.4034,-0.0598,-0.0388,0.9121
1781773965467,102504,0.06616,-0.41919,0.90356,0.99826,4.0,1.438,0.312,-0.4031,-0.0597,-0.0388,0.9122
1781773965467,102504,0.06519,-0.42065,0.90967,1.00434,3.75,1.438,0.25,-0.4028,-0.0596,-0.0388,0.9124
1781773965467,102504,0.06543,-0.4187,0.91357,1.00708,0.25,0.062,0.0,-0.3997,-0.059,-0.0388,0.9138
1781773965526,102563,0.06689,-0.41943,0.91187,1.00593,0.0,-0.062,0.062,-0.3989,-0.0588,-0.0388,0.9141
1781773965526,102563,0.0647,-0.4165,0.90991,1.0028,-0.375,-0.312,-0.062,-0.3981,-0.0587,-0.0388,0.9145
1781773965529,102566,0.06738,-0.41846,0.90381,0.99826,-0.812,-0.25,0.062,-0.3967,-0.0585,-0.0388,0.9151
1781773965587,102624,0.06323,-0.41846,0.91064,1.00418,-0.688,-0.125,0.0,-0.3963,-0.0584,-0.0388,0.9154
1781773965588,102625,0.06958,-0.42114,0.89697,0.99336,0.438,0.0,0.0,-0.3955,-0.0582,-0.0388,0.9157
1781773965588,102625,0.06958,-0.42114,0.89697,0.99336,0.438,0.0,0.0,-0.3955,-0.0582,-0.0388,0.9157
1781773965647,102684,0.06494,-0.4187,0.90723,1.00129,2.188,0.562,0.0,-0.3917,-0.0575,-0.0389,0.9173
1781773965654,102691,0.07031,-0.4187,0.90527,0.99989,2.125,0.938,0.062,-0.3914,-0.0574,-0.0389,0.9175
1781773965654,102691,0.07031,-0.4187,0.90527,0.99989,2.125,0.938,0.062,-0.3914,-0.0574,-0.0389,0.9175
1781773965710,102747,0.06274,-0.41333,0.91113,1.00247,1.125,0.25,0.062,-0.389,-0.0569,-0.0389,0.9185
1781773965711,102748,0.06494,-0.41504,0.9082,1.00065,0.938,0.188,0.0,-0.3888,-0.0568,-0.0389,0.9186
1781773965711,102748,0.06494,-0.41504,0.9082,1.00065,0.938,0.188,0.0,-0.3888,-0.0568,-0.0389,0.9186
1781773965766,102803,0.06445,-0.4165,0.9104,1.00322,0.0,0.25,0.0,-0.3819,-0.0556,-0.039,0.9216
1781773965767,102804,0.06494,-0.41919,0.90649,1.00083,0.25,0.25,0.0,-0.3812,-0.0554,-0.039,0.9219
1781773965767,102804,0.06177,-0.41553,0.9082,1.00066,0.875,0.0,-0.062,-0.3781,-0.0548,-0.039,0.9232
1781773965826,102863,0.06494,-0.41504,0.90649,0.9991,1.125,0.312,-0.125,-0.3779,-0.0548,-0.039,0.9233
1781773965826,102863,0.06445,-0.41333,0.91113,1.00258,0.875,0.188,-0.25,-0.3778,-0.0548,-0.039,0.9233
1781773965827,102864,0.06421,-0.41553,0.91162,1.00391,0.5,0.188,0.0,-0.3751,-0.0542,-0.039,0.9244
1781773965890,102927,0.0647,-0.41553,0.91113,1.0035,0.625,0.312,0.0,-0.3746,-0.0541,-0.039,0.9246
1781773965890,102927,0.06323,-0.41187,0.90942,1.00034,0.5,0.188,0.0,-0.3739,-0.054,-0.039,0.9249
1781773965891,102928,0.06421,-0.41431,0.9126,1.00429,0.25,0.062,0.0,-0.3668,-0.0526,-0.039,0.9279
1781773965946,102983,0.06445,-0.41724,0.90991,1.00309,0.25,0.062,-0.062,-0.3661,-0.0525,-0.039,0.9282
1781773965947,102984,0.06567,-0.41626,0.91187,1.00453,0.625,0.062,0.0,-0.3654,-0.0524,-0.039,0.9284
1781773965947,102984,0.06348,-0.41235,0.91211,1.003,0.5,0.25,0.0,-0.3597,-0.0513,-0.039,0.9307
1781773966012,103049,0.06274,-0.41064,0.90991,1.00025,0.625,0.188,0.0,-0.359,-0.0512,-0.039,0.931
1781773966019,103056,0.06177,-0.41455,0.90894,1.00092,0.562,0.125,0.062,-0.3583,-0.051,-0.039,0.9313
1781773966019,103056,0.06177,-0.41455,0.90894,1.00092,0.562,0.125,0.062,-0.3583,-0.051,-0.039,0.9313
1781773966067,103104,0.06177,-0.41455,0.90894,1.00092,0.562,0.125,0.062,-0.3583,-0.051,-0.039,0.9313
1781773966067,103104,0.06006,-0.41211,0.91016,1.00091,0.5,0.25,-0.062,-0.3544,-0.0503,-0.0391,0.9328
1781773966067,103104,0.05933,-0.41553,0.9126,1.0045,2.25,0.688,0.25,-0.3519,-0.0493,-0.0394,0.9338
1781773966127,103164,0.05737,-0.4104,0.91479,1.00428,2.375,0.75,0.0,-0.3516,-0.0492,-0.0394,0.9339
1781773966127,103164,0.06274,-0.40771,0.91138,1.00039,2.25,0.312,0.0,-0.3514,-0.0492,-0.0394,0.934
1781773966127,103164,0.05957,-0.40552,0.91626,1.00376,3.625,1.0,0.062,-0.3488,-0.0486,-0.0394,0.935
1781773966187,103224,0.06396,-0.40454,0.91479,1.00229,3.375,1.0,0.188,-0.3485,-0.0485,-0.0394,0.9351
1781773966187,103224,0.06079,-0.40967,0.9165,1.00573,3.125,0.875,0.125,-0.3483,-0.0485,-0.0394,0.9352
1781773966187,103224,0.06616,-0.41162,0.89795,0.99001,1.75,0.5,0.0,-0.3457,-0.0479,-0.0394,0.9362
1781773966247,103284,0.06616,-0.41162,0.89795,0.99001,1.75,0.5,0.0,-0.3457,-0.0479,-0.0394,0.9362
1781773966247,103284,0.06836,-0.39331,0.92139,1.00415,0.562,-0.188,-0.312,-0.3453,-0.0479,-0.0394,0.9363
1781773966248,103285,0.06006,-0.40625,0.91211,1.00029,1.0,0.188,0.062,-0.3424,-0.0473,-0.0394,0.9374
1781773966308,103345,0.06006,-0.40625,0.91211,1.00029,1.0,0.188,0.062,-0.3424,-0.0473,-0.0394,0.9374
1781773966308,103345,0.05957,-0.40356,0.91602,1.00274,1.438,0.375,0.0,-0.3421,-0.0472,-0.0394,0.9375
1781773966308,103345,0.05957,-0.40161,0.91699,1.00285,0.812,0.125,0.062,-0.3401,-0.0468,-0.0394,0.9382
1781773966367,103404,0.0603,-0.40649,0.91504,1.00308,0.312,0.188,0.0,-0.3392,-0.0467,-0.0394,0.9386
1781773966369,103406,0.05981,-0.40576,0.91406,1.00186,0.375,0.188,0.0,-0.3386,-0.0466,-0.0394,0.9388
1781773966369,103406,0.05908,-0.40332,0.91626,1.00284,0.188,0.125,0.0,-0.3336,-0.0456,-0.0394,0.9407
1781773966431,103468,0.05737,-0.40063,0.91187,0.99765,0.25,0.062,0.0,-0.3328,-0.0454,-0.0394,0.941
1781773966431,103468,0.05859,-0.40381,0.91235,0.99944,0.125,0.0,0.062,-0.332,-0.0453,-0.0394,0.9412
1781773966436,103473,0.05493,-0.40625,0.91528,1.0029,0.312,0.062,0.0,-0.3276,-0.0444,-0.0394,0.9428
1781773966489,103526,0.05811,-0.39917,0.91431,0.99933,0.625,0.188,0.0,-0.3274,-0.0444,-0.0394,0.9429
1781773966490,103527,0.06177,-0.40356,0.91284,0.99998,0.75,0.062,0.0,-0.3272,-0.0444,-0.0394,0.9429
1781773966490,103527,0.05591,-0.40137,0.91553,1.00121,0.562,0.188,0.125,-0.3246,-0.0439,-0.0394,0.9439
1781773966547,103584,0.05884,-0.40356,0.91138,0.99847,0.438,0.125,0.062,-0.3238,-0.0437,-0.0394,0.9442
1781773966551,103588,0.06226,-0.40356,0.91382,1.0009,0.5,0.188,0.0,-0.3233,-0.0436,-0.0394,0.9443
1781773966551,103588,0.05762,-0.40381,0.91455,1.00139,0.25,0.188,0.0,-0.3184,-0.0427,-0.0394,0.9461
1781773966606,103643,0.05933,-0.39771,0.91064,0.99547,0.312,0.188,0.062,-0.3179,-0.0426,-0.0394,0.9462
1781773966606,103643,0.05786,-0.40063,0.91602,1.00147,0.125,0.0,0.0,-0.3174,-0.0425,-0.0394,0.9464
1781773966611,103648,0.05835,-0.39868,0.91699,1.00161,0.375,0.125,0.125,-0.3125,-0.0416,-0.0394,0.9481
1781773966667,103704,0.05737,-0.40234,0.91602,1.00213,0.438,0.062,0.0,-0.312,-0.0415,-0.0394,0.9483
1781773966667,103704,0.05933,-0.40283,0.9126,0.99931,0.062,0.0,0.0,-0.3113,-0.0414,-0.0394,0.9485
1781773966668,103705,0.05933,-0.39917,0.91187,0.99717,0.938,0.312,-0.125,-0.3077,-0.0407,-0.0394,0.9497
1781773966726,103763,0.05615,-0.40063,0.91357,0.99914,1.125,0.312,0.0,-0.3073,-0.0406,-0.0394,0.9498
1781773966726,103763,0.05664,-0.40039,0.91235,0.99795,1.125,0.25,0.0,-0.3071,-0.0406,-0.0394,0.9498
1781773966732,103769,0.05786,-0.39648,0.9165,1.00026,1.812,0.5,0.062,-0.3057,-0.0402,-0.0394,0.9504
1781773966787,103824,0.05786,-0.39648,0.9165,1.00026,1.812,0.5,0.062,-0.3057,-0.0402,-0.0394,0.9504
1781773966787,103824,0.05469,-0.40015,0.91772,1.00266,1.688,0.375,-0.062,-0.3055,-0.0402,-0.0394,0.9504
1781773966789,103826,0.03638,-0.40796,0.93433,1.02016,3.688,0.938,-0.375,-0.3036,-0.0398,-0.0394,0.951
1781773966846,103883,0.07373,-0.38281,0.91406,0.99373,2.562,0.5,-0.062,-0.3034,-0.0399,-0.0395,0.9511
1781773966846,103883,0.05542,-0.39771,0.91528,0.99949,1.25,0.938,0.562,-0.3032,-0.0397,-0.0394,0.9511
1781773966847,103884,0.0564,-0.39355,0.91602,0.99857,1.812,0.812,0.312,-0.3015,-0.0393,-0.0394,0.9517
1781773966907,103944,0.0542,-0.39722,0.9187,1.00236,2.375,0.625,0.125,-0.3013,-0.0392,-0.0394,0.9518
1781773966907,103944,0.05688,-0.39185,0.92188,1.00331,2.25,0.562,0.188,-0.3009,-0.0391,-0.0394,0.9519
1781773966907,103944,0.05591,-0.39453,0.91846,1.00117,0.0,-0.125,-0.125,-0.2984,-0.0386,-0.0394,0.9527
1781773966966,104003,0.04932,-0.39722,0.91797,1.00144,-0.375,-0.125,-0.062,-0.2978,-0.0385,-0.0394,0.9529
1781773966966,104003,0.05615,-0.39429,0.91992,1.00243,-0.312,-0.125,0.0,-0.297,-0.0384,-0.0394,0.9532
1781773966967,104004,0.05664,-0.39648,0.91626,0.99997,0.0,0.0,0.0,-0.2935,-0.0377,-0.0394,0.9543
1781773967034,104071,0.0498,-0.39722,0.91919,1.00258,0.125,0.125,0.0,-0.2929,-0.0376,-0.0394,0.9545
1781773967035,104072,0.05225,-0.39307,0.91797,0.99995,0.25,0.188,0.0,-0.2922,-0.0375,-0.0394,0.9547
1781773967035,104072,0.05859,-0.39404,0.91431,0.99733,0.25,0.25,0.0,-0.2886,-0.0368,-0.0394,0.9558
1781773967086,104123,0.05518,-0.39795,0.91821,1.00226,0.25,0.0,-0.062,-0.2879,-0.0366,-0.0394,0.9561
1781773967086,104123,0.05688,-0.3938,0.91675,0.99937,0.312,0.125,-0.188,-0.2875,-0.0366,-0.0394,0.9562
1781773967087,104124,0.05493,-0.39429,0.91919,1.00169,0.25,0.125,0.062,-0.2841,-0.0359,-0.0394,0.9572
1781773967151,104188,0.05566,-0.39258,0.91748,0.99949,0.312,0.125,0.0,-0.2838,-0.0358,-0.0394,0.9573
1781773967151,104188,0.0564,-0.39478,0.91431,0.99749,0.312,0.125,-0.125,-0.2835,-0.0358,-0.0394,0.9574
1781773967151,104188,0.05249,-0.39355,0.91528,0.99769,0.312,0.125,-0.062,-0.2797,-0.035,-0.0394,0.9585
1781773967206,104243,0.05786,-0.39233,0.91895,1.00087,0.312,0.125,0.0,-0.2793,-0.0349,-0.0394,0.9586
1781773967206,104243,0.0542,-0.3916,0.91675,0.99836,0.125,0.188,0.0,-0.2789,-0.0349,-0.0394,0.9587
1781773967207,104244,0.05371,-0.39429,0.9209,1.0032,0.375,0.188,0.0,-0.2756,-0.0342,-0.0394,0.9597
1781773967267,104304,0.05322,-0.39087,0.91577,0.99712,0.125,0.438,0.0,-0.2753,-0.0341,-0.0394,0.9598
1781773967267,104304,0.0542,-0.39282,0.91699,0.99906,0.375,0.125,0.0,-0.275,-0.034,-0.0394,0.9599
1781773967271,104308,0.05347,-0.39014,0.91943,1.00021,0.5,0.188,0.062,-0.2717,-0.0333,-0.0394,0.9609
1781773967326,104363,0.05298,-0.39575,0.91772,1.00082,0.25,0.0,0.0,-0.2713,-0.0333,-0.0394,0.961
1781773967326,104363,0.0542,-0.39282,0.91724,0.99928,0.0,0.125,-0.188,-0.271,-0.0332,-0.0394,0.9611
1781773967327,104364,0.09546,-0.41016,0.82129,0.92296,-0.5,6.812,-1.875,-0.2683,-0.0325,-0.0396,0.9619
1781773967387,104424,0.09741,-0.39941,0.85645,0.95001,-1.938,22.562,-5.625,-0.2682,-0.0318,-0.04,0.9619
1781773967387,104424,-0.00708,-0.39526,1.01489,1.08917,-1.938,29.062,-5.812,-0.2681,-0.0305,-0.0405,0.9619
1781773967387,104424,0.05029,-0.39453,0.91333,0.99617,0.188,5.312,-1.25,-0.2672,-0.0288,-0.0415,0.9622
1781773967450,104487,0.0459,-0.39233,0.91626,0.99778,0.062,5.188,-0.938,-0.2671,-0.0285,-0.0416,0.9622
1781773967506,104543,0.04541,-0.39355,0.9248,1.00609,0.312,4.875,-0.938,-0.267,-0.0281,-0.0418,0.9623
1781773967506,104543,0.05029,-0.38623,0.91357,0.99314,1.312,0.0,0.0,-0.2659,-0.0266,-0.0425,0.9626
1781773967507,104544,0.03735,-0.39917,0.91699,1.0008,1.438,0.688,0.188,-0.2658,-0.0265,-0.0425,0.9626
1781773967568,104605,0.04712,-0.39087,0.91943,1.00018,2.75,0.75,0.188,-0.2656,-0.0264,-0.0425,0.9627
1781773967568,104605,0.53296,-0.47437,0.25,0.75602,24.438,-30.0,11.75,-0.2623,-0.0211,-0.0459,0.9636
1781773967570,104607,0.00757,-0.34033,0.97729,1.03489,16.125,3.062,1.438,-0.2455,-0.0177,-0.0439,0.9681
1781773967626,104663,0.02295,-0.34399,0.9541,1.01448,10.312,0.188,0.438,-0.2449,-0.0177,-0.0438,0.9683
1781773967626,104663,0.02173,-0.34448,0.94312,1.00429,7.25,1.0,0.312,-0.2446,-0.0177,-0.0438,0.9684
1781773967627,104664,0.02441,-0.34497,0.95142,1.01232,-10.938,-4.25,-1.25,-0.2446,-0.0184,-0.0437,0.9683
1781773967690,104727,0.02368,-0.35156,0.94238,1.0061,-14.125,-5.312,-1.375,-0.2454,-0.0186,-0.0438,0.9681
1781773967690,104727,0.0249,-0.35938,0.93872,1.00547,-15.375,-4.875,-1.375,-0.2463,-0.0189,-0.0438,0.9679
1781773967691,104728,0.03345,-0.38062,0.91406,0.99071,-8.812,-1.062,0.0,-0.2521,-0.0197,-0.0438,0.9664
1781773967747,104784,0.02881,-0.37891,0.91382,0.98968,-5.938,-0.5,0.0,-0.2524,-0.0197,-0.0438,0.9663
1781773967747,104784,0.03027,-0.38159,0.91479,0.99165,-3.0,-0.125,0.188,-0.2525,-0.0197,-0.0438,0.9663
1781773967747,104784,0.03027,-0.38159,0.91479,0.99165,-3.0,-0.125,0.188,-0.2525,-0.0197,-0.0438,0.9663
1781773967806,104843,0.03149,-0.36816,0.92285,0.99408,14.438,1.375,0.25,-0.2488,-0.0193,-0.0438,0.9672
1781773967807,104844,0.02563,-0.3645,0.93237,1.00142,15.0,2.125,0.375,-0.2481,-0.0192,-0.0438,0.9674
1781773967807,104844,0.02563,-0.3645,0.93237,1.00142,15.0,2.125,0.375,-0.2481,-0.0192,-0.0438,0.9674
1781773967866,104903,0.02563,-0.3645,0.93237,1.00142,15.0,2.125,0.375,-0.2481,-0.0192,-0.0438,0.9674
1781773967866,104903,0.02441,-0.35229,0.9458,1.00958,1.0,0.25,0.25,-0.2435,-0.0187,-0.0437,0.9686
1781773967870,104907,0.02832,-0.36548,0.93481,1.00412,-16.375,-2.375,-0.812,-0.2469,-0.019,-0.0437,0.9678
1781773967930,104967,0.02783,-0.37036,0.9292,1.00068,-16.562,-2.062,-1.125,-0.2476,-0.0191,-0.0437,0.9676
1781773967930,104967,0.02417,-0.36255,0.93652,1.00454,-16.812,-2.25,-1.0,-0.2482,-0.0191,-0.0437,0.9674
1781773967931,104968,-0.0188,-0.34961,1.03076,1.0886,-15.938,4.125,-4.938,-0.2555,-0.0194,-0.0451,0.9655
1781773967986,105023,0.02954,-0.39844,0.89771,0.9826,-13.688,0.75,-2.688,-0.2565,-0.0194,-0.0452,0.9652
1781773967986,105023,0.03076,-0.39014,0.91943,0.99926,-8.625,-1.25,-2.062,-0.2568,-0.0194,-0.0454,0.9651
1781773967991,105028,0.03296,-0.39355,0.91089,0.99282,6.875,1.625,0.375,-0.2564,-0.0192,-0.0455,0.9652
1781773968046,105083,0.03052,-0.38452,0.91528,0.99324,10.562,2.562,0.688,-0.2553,-0.0191,-0.0455,0.9655
1781773968046,105083,0.03052,-0.38623,0.91797,0.99638,12.25,2.938,0.938,-0.2547,-0.0189,-0.0455,0.9656
1781773968050,105087,-0.00171,-0.35742,0.99805,1.06012,15.688,-0.062,2.125,-0.2485,-0.0186,-0.0448,0.9673
1781773968106,105143,0.06177,-0.37451,0.88062,0.95894,16.188,-6.312,4.375,-0.2479,-0.0189,-0.0446,0.9675
1781773968107,105144,0.0105,-0.37915,0.9397,1.01336,15.312,6.875,3.0,-0.2471,-0.0187,-0.0444,0.9677
1781773968107,105144,0.24219,-0.22192,0.94873,1.00399,12.125,-6.625,-2.125,-0.2413,-0.0184,-0.044,0.9692
1781773968167,105204,0.10913,-0.33276,0.88574,0.95246,7.188,1.0,-0.125,-0.2405,-0.0179,-0.0438,0.9694
1781773968167,105204,-0.00562,-0.33667,0.9668,1.02376,8.188,2.938,1.312,-0.2401,-0.0177,-0.0437,0.9695
1781773968169,105206,-0.22192,-0.39136,0.79004,0.90916,7.188,4.812,5.812,-0.2386,-0.0177,-0.0435,0.9699
1781773968231,105268,-0.22192,-0.39136,0.79004,0.90916,7.188,4.812,5.812,-0.2386,-0.0177,-0.0435,0.9699
1781773968231,105268,-0.05688,-0.27295,0.75464,0.8045,6.812,1.062,8.625,-0.2377,-0.0179,-0.0435,0.9701
1781773968231,105268,0.0105,-0.36304,0.96045,1.02682,-4.25,-41.0,8.688,-0.2378,-0.0214,-0.0412,0.9701
1781773968287,105324,0.0105,-0.36304,0.96045,1.02682,-4.25,-41.0,8.688,-0.2378,-0.0214,-0.0412,0.9701
1781773968287,105324,0.04883,-0.36523,0.93164,1.00187,-0.688,-47.375,11.812,-0.238,-0.0241,-0.0399,0.97
1781773968288,105325,0.00024,-0.37134,0.94189,1.01245,25.688,57.188,18.0,-0.2305,-0.0174,-0.0218,0.9725
1781773968346,105383,0.02344,-0.34033,1.01685,1.07254,22.188,57.75,4.25,-0.2289,-0.0137,-0.022,0.973
1781773968346,105383,0.0061,-0.32495,1.03027,1.08032,18.188,58.812,-1.812,-0.2279,-0.0113,-0.0227,0.9732
1781773968346,105383,0.00098,-0.25244,0.98047,1.01245,17.562,42.938,27.062,-0.2218,0.0065,-0.0239,0.9747
1781773968410,105447,0.00049,-0.25757,0.98413,1.01728,17.562,39.75,29.0,-0.221,0.0084,-0.0231,0.9749
1781773968411,105448,-0.01318,-0.29541,0.97192,1.01591,17.25,35.688,28.562,-0.2202,0.0102,-0.0223,0.975
1781773968411,105448,0.10645,-0.38696,1.04004,1.11479,0.812,-12.062,3.812,-0.2161,0.0132,-0.0187,0.976
1781773968465,105502,0.13452,-0.36011,1.04028,1.10904,2.25,-10.188,5.5,-0.216,0.0126,-0.0184,0.976
1781773968466,105503,0.09692,-0.2793,1.0293,1.07091,7.625,0.0,11.188,-0.2154,0.0125,-0.0178,0.9762
1781773968467,105504,-0.07324,-0.26416,1.03369,1.06942,9.938,38.188,5.5,-0.2109,0.024,-0.0162,0.977
1781773968527,105564,-0.05566,-0.27344,1.02466,1.06198,10.812,39.5,5.125,-0.2103,0.0256,-0.0164,0.9771
1781773968527,105564,-0.04761,-0.27637,1.01636,1.05434,13.625,39.062,5.688,-0.2097,0.0274,-0.0165,0.9771
1781773968529,105566,0.01465,-0.20532,0.99854,1.01953,73.938,2.0,55.062,-0.1921,0.0334,-0.0075,0.9807
1781773968586,105623,0.03735,-0.20239,1.02051,1.04105,84.312,9.562,56.062,-0.1884,0.0341,-0.0053,0.9814
1781773968586,105623,-0.00244,-0.21704,1.00977,1.03283,102.062,18.375,51.688,-0.1801,0.0361,-0.0014,0.9829
1781773968587,105624,-0.07275,-0.09229,0.93921,0.94653,137.5,58.312,26.875,-0.1315,0.0552,0.0079,0.9896
1781773968650,105687,-0.0769,-0.08496,0.93457,0.94157,141.188,56.562,26.25,-0.1254,0.0579,0.0084,0.9903
1781773968650,105687,-0.08057,-0.06714,0.93359,0.93947,140.125,49.375,26.25,-0.1193,0.0603,0.0089,0.9909
1781773968651,105688,0.01636,0.00977,1.0105,1.01068,148.125,8.625,56.5,-0.0578,0.0711,0.018,0.9956
1781773968706,105743,-0.03296,0.0249,0.94141,0.94231,144.875,4.688,69.25,-0.0513,0.0716,0.0204,0.9958
1781773968706,105743,-0.14648,0.15381,0.8772,0.90255,139.062,19.062,72.0,-0.0384,0.0734,0.0258,0.9962
1781773968706,105743,-0.06836,0.12598,0.97681,0.98727,136.062,20.438,28.5,0.0173,0.0847,0.0385,0.9954
1781773968766,105803,-0.04224,0.13843,0.97827,0.98892,134.688,22.188,35.5,0.0232,0.0857,0.0394,0.9952
1781773968766,105803,-0.04199,0.14771,0.94653,0.95891,129.625,20.688,41.5,0.029,0.0867,0.0407,0.9949
1781773968769,105806,-0.04199,0.14771,0.94653,0.95891,129.625,20.688,41.5,0.029,0.0867,0.0407,0.9949
1781773968825,105862,-0.0354,0.24121,0.87012,0.90363,70.0,24.125,10.375,0.0783,0.0935,0.0466,0.9913
1781773968826,105863,-0.02539,0.23877,0.86523,0.89793,51.062,28.0,9.375,0.0833,0.0958,0.0473,0.9907
1781773968827,105864,-0.25244,0.27905,0.87012,0.948,-1.688,8.938,13.438,0.0906,0.1049,0.0514,0.9889
1781773968888,105925,-0.26123,0.2561,0.86865,0.94254,-1.25,0.688,13.312,0.0906,0.105,0.052,0.9888
1781773968888,105925,-0.24561,0.25684,0.87964,0.94871,1.062,-9.938,8.625,0.0909,0.1044,0.0528,0.9888
1781773968889,105926,-0.22241,0.32031,0.87524,0.95819,10.188,-46.562,-44.438,0.0936,0.0944,0.0479,0.9899
1781773968946,105983,-0.1084,0.30981,0.90039,0.95835,16.75,-48.812,-64.688,0.0942,0.0924,0.045,0.9901
1781773968946,105983,-0.18945,0.15479,0.90894,0.94128,16.625,-42.875,-67.375,0.0946,0.091,0.0419,0.9904
1781773968947,105984,-0.17358,0.21924,0.91406,0.95588,-24.875,-42.375,-39.375,0.09,0.0791,0.0195,0.9925
1781773969006,106043,-0.17432,0.20117,0.91235,0.95039,-24.062,-45.562,-37.188,0.0889,0.0773,0.0178,0.9928
1781773969006,106043,-0.16406,0.20264,0.92407,0.96015,-21.188,-51.625,-35.0,0.0869,0.0733,0.0146,0.9933
1781773969006,106043,-0.09692,0.19214,0.90112,0.92646,1.625,-53.375,-89.688,0.0829,0.0526,-0.0084,0.9951
1781773969066,106103,-0.09717,0.1853,0.89502,0.91915,0.875,-51.312,-93.125,0.0827,0.0498,-0.0146,0.9951
1781773969066,106103,-0.09448,0.16602,0.89355,0.91374,-0.812,-48.75,-92.062,0.0823,0.0471,-0.0208,0.9952
1781773969067,106104,-0.25342,0.1189,0.96606,1.0058,-11.562,-0.125,-31.875,0.0783,0.0383,-0.0473,0.995
1781773969127,106164,-0.25342,0.1189,0.96606,1.0058,-11.562,-0.125,-31.875,0.0783,0.0383,-0.0473,0.995
1781773969127,106164,-0.26196,0.1228,0.94678,0.99,-9.812,4.312,-20.875,0.0778,0.0386,-0.0483,0.9949
1781773969129,106166,-0.27686,0.19165,0.979,1.03529,31.625,25.688,56.062,0.0848,0.0432,-0.0364,0.9947
1781773969186,106223,-0.27246,0.16577,0.9668,1.01804,29.938,33.0,58.25,0.0863,0.0444,-0.0338,0.9946
1781773969186,106223,-0.2356,0.18555,0.98242,1.02717,29.188,35.75,59.188,0.0877,0.0457,-0.0313,0.9945
1781773969187,106224,-0.23755,0.18042,0.9812,1.02554,54.562,37.688,81.125,0.1055,0.0574,-0.0022,0.9927
1781773969247,106284,-0.22266,0.22241,0.98242,1.0316,61.875,41.188,88.188,0.1083,0.0588,0.0014,0.9923
1781773969247,106284,-0.21118,0.2356,0.97021,1.0205,68.625,48.438,93.375,0.1115,0.0604,0.0053,0.9918
1781773969248,106285,-0.41016,0.46606,0.86182,1.06215,78.25,69.812,88.5,0.1413,0.0836,0.0492,0.9851
1781773969307,106344,-0.26367,0.46851,0.90894,1.05602,77.125,58.312,72.938,0.1448,0.0857,0.0524,0.9843
1781773969308,106345,-0.2959,0.2832,0.91846,1.00565,72.812,67.0,80.312,0.1479,0.0882,0.0559,0.9833
1781773969308,106345,-0.25342,0.38892,0.83008,0.95106,-8.375,142.75,100.125,0.1666,0.1251,0.0997,0.9728
1781773969367,106404,-0.24414,0.47534,0.80688,0.96779,-15.875,150.125,102.0,0.1661,0.1306,0.1051,0.9716
1781773969367,106404,-0.24561,0.3606,0.81836,0.9274,-36.812,159.5,106.812,0.1646,0.1362,0.1108,0.9705
1781773969371,106408,-0.35059,0.38354,0.91821,1.05505,-71.5,102.75,98.375,0.1436,0.1848,0.1698,0.9572
1781773969428,106465,-0.31616,0.42041,0.91626,1.05652,-69.938,89.5,98.312,0.1409,0.1875,0.1749,0.9561
1781773969487,106524,-0.31494,0.44556,0.87231,1.0289,-71.125,72.75,100.188,0.1383,0.1895,0.1801,0.9551
1781773969487,106524,-0.26831,0.50024,0.83789,1.01207,-30.5,82.5,101.25,0.1174,0.2162,0.2319,0.941
1781773969487,106524,-0.33008,0.46875,0.84644,1.02232,-26.875,85.125,102.625,0.1165,0.2189,0.2367,0.9393
1781773969545,106582,-0.3916,0.46289,0.85693,1.04974,-17.688,80.25,102.938,0.1159,0.2215,0.2415,0.9375
1781773969546,106583,-0.41235,0.36328,0.86572,1.02542,-72.375,121.5,76.312,0.1036,0.2442,0.2841,0.9212
1781773969546,106583,-0.34473,0.38867,0.89966,1.03889,-67.812,9.312,57.812,0.0747,0.2562,0.3261,0.9067
1781773969606,106643,-0.27563,0.39233,0.87354,0.99648,-63.5,10.562,69.562,0.0729,0.2554,0.3294,0.9059
1781773969606,106643,-0.28296,0.38306,0.89282,1.01189,-63.5,15.938,78.625,0.0711,0.2548,0.3331,0.9049
1781773969607,106644,-0.28296,0.38306,0.89282,1.01189,-63.5,15.938,78.625,0.0711,0.2548,0.3331,0.9049
1781773969665,106702,-0.27808,0.39624,0.84766,0.97614,-7.938,43.938,59.875,0.0505,0.2562,0.3681,0.8923
1781773969666,106703,-0.26221,0.46045,0.84497,0.99737,8.438,44.812,74.75,0.0509,0.2578,0.3708,0.8906
1781773969666,106703,-0.26221,0.46045,0.84497,0.99737,8.438,44.812,74.75,0.0509,0.2578,0.3708,0.8906
1781773969730,106767,-0.26221,0.46045,0.84497,0.99737,8.438,44.812,74.75,0.0509,0.2578,0.3708,0.8906
1781773969731,106768,-0.4126,0.56665,0.93433,1.16803,-36.312,85.938,74.938,0.0372,0.2778,0.4078,0.8688
1781773969731,106768,-0.29077,0.28516,0.68433,0.79634,-47.688,67.312,8.938,0.0205,0.2866,0.4344,0.8535
1781773969785,106822,-0.3103,0.40308,0.88672,1.02227,-48.688,41.312,12.875,0.0183,0.2874,0.4355,0.8527
1781773969786,106823,-0.3291,0.45557,0.76929,0.95271,-9.625,42.688,4.062,0.017,0.2887,0.4361,0.852
1781773969787,106824,-0.49268,0.41333,0.89502,1.1021,-40.625,47.438,5.125,-0.0054,0.2949,0.4402,0.8479
1781773969848,106885,-0.48267,0.40112,0.86133,1.06572,-38.375,48.0,0.188,-0.0077,0.296,0.4407,0.8472
1781773969848,106885,-0.45337,0.32788,0.86011,1.02608,-36.688,49.062,-3.562,-0.01,0.297,0.4411,0.8467
1781773969848,106885,-0.43237,0.24561,0.86255,0.99562,-24.875,19.562,-22.438,-0.0264,0.3025,0.4393,0.8453
1781773969906,106943,-0.40796,0.26733,0.854,0.98347,-24.188,11.062,-23.938,-0.0286,0.3024,0.4385,0.8457
1781773969907,106944,-0.41089,0.25684,0.84521,0.97426,-24.062,10.062,-25.562,-0.0292,0.3024,0.4382,0.8458
1781773969907,106944,-0.48022,0.28198,0.84985,1.01606,-15.875,17.75,-9.0,-0.0404,0.2999,0.4322,0.8493
1781773969966,107003,-0.44531,0.28149,0.86572,1.01342,-16.0,21.375,-5.938,-0.0414,0.3002,0.4321,0.8492
1781773969966,107003,-0.45776,0.27148,0.86597,1.01644,-13.875,21.75,-2.188,-0.0423,0.3008,0.4323,0.8489
1781773969967,107004,-0.47681,0.24707,0.94531,1.0872,46.812,120.375,-68.375,-0.0535,0.3246,0.4149,0.8482
1781773970025,107062,-0.47681,0.24707,0.94531,1.0872,46.812,120.375,-68.375,-0.0535,0.3246,0.4149,0.8482
1781773970026,107063,-0.54541,0.20264,0.85596,1.03499,49.75,118.188,-65.312,-0.0554,0.3322,0.4099,0.8475
1781773970027,107064,-0.54541,0.20264,0.85596,1.03499,49.75,118.188,-65.312,-0.0554,0.3322,0.4099,0.8475
1781773970092,107129,-0.51953,0.36841,0.59106,0.8689,50.625,124.312,21.0,-0.0604,0.3688,0.3901,0.8413
1781773970092,107129,-0.46362,0.28296,0.72974,0.90969,44.062,83.188,12.25,-0.0601,0.373,0.3898,0.8397
1781773970093,107130,-1.07031,0.04712,1.41479,1.77466,83.562,-225.938,-70.188,-0.0506,0.3867,0.3737,0.8414
1781773970145,107182,-1.07031,0.04712,1.41479,1.77466,83.562,-225.938,-70.188,-0.0506,0.3867,0.3737,0.8414
1781773970146,107183,-0.07178,0.51758,-0.01636,0.52279,141.438,-31.375,-18.688,-0.0352,0.3733,0.3695,0.8501
1781773970147,107184,-0.28198,-0.50146,0.63354,0.85578,-75.062,-287.875,-131.062,-0.0251,0.3338,0.3325,0.8815
1781773970208,107245,-1.92114,0.29736,2.14478,2.8947,-67.062,55.438,-196.5,-0.0321,0.3314,0.3237,0.8855
1781773970208,107245,0.63208,0.40381,2.35474,2.47131,220.562,220.812,-79.062,-0.0297,0.3375,0.316,0.8861
1781773970208,107245,-0.0293,0.43823,0.16943,0.47076,58.438,276.75,-130.938,-0.024,0.3839,0.2793,0.8796
1781773970266,107303,-0.60205,0.39575,0.72095,1.01924,40.688,70.125,-110.312,-0.0307,0.4025,0.2648,0.8756
1781773970266,107303,-0.62646,0.30908,0.59961,0.92061,30.25,-34.25,-93.938,-0.0309,0.4025,0.2606,0.8768
1781773970267,107304,-0.78564,-0.29492,0.71875,1.10491,22.938,12.938,-87.75,-0.0403,0.4077,0.2299,0.8826
1781773970327,107364,-0.45068,-0.45288,0.7627,0.99495,124.5,146.625,13.375,-0.0377,0.4149,0.2254,0.8805
1781773970327,107364,-0.24243,-0.39331,0.58228,0.74331,69.812,74.0,-34.125,-0.0355,0.4189,0.2232,0.8793
1781773970329,107366,-0.62964,-0.05273,0.41821,0.75771,-5.188,-70.625,34.438,-0.0381,0.4368,0.2089,0.874
1781773970386,107423,-0.62964,-0.05273,0.41821,0.75771,-5.188,-70.625,34.438,-0.0381,0.4368,0.2089,0.874
1781773970386,107423,-0.4187,-0.02734,0.28198,0.50554,-5.375,27.812,-1.125,-0.0383,0.4361,0.2096,0.8742
1781773970387,107424,-0.74585,0.20581,0.63696,1.00218,1.625,6.062,-0.938,-0.0385,0.4368,0.2101,0.8737
1781773970448,107485,-0.75903,0.19409,0.63208,1.00664,0.0,8.125,-2.312,-0.0386,0.4373,0.21,0.8735
1781773970448,107485,-0.75977,0.20068,0.63013,1.00726,1.25,8.812,-1.938,-0.0386,0.4378,0.2098,0.8733
1781773970449,107486,-0.76611,0.20142,0.62891,1.01145,1.25,5.0,-1.062,-0.0383,0.4389,0.2097,0.8728
1781773970505,107542,-0.76709,0.19751,0.62549,1.00929,0.875,3.188,-0.25,-0.0383,0.439,0.2097,0.8727
1781773970506,107543,-0.76416,0.20264,0.62598,1.00839,0.0,-0.25,0.438,-0.0381,0.439,0.2097,0.8727
1781773970507,107544,-0.76343,0.19702,0.62695,1.00733,-0.062,0.812,-0.188,-0.0375,0.4394,0.2099,0.8724
1781773970565,107602,-0.76245,0.1958,0.62622,1.00589,0.062,0.5,0.0,-0.0374,0.4394,0.21,0.8724
1781773970566,107603,-0.75732,0.19556,0.62817,1.00319,-0.062,0.875,-0.125,-0.0373,0.4394,0.21,0.8724
1781773970568,107605,-0.76294,0.19849,0.61914,1.0024,0.0,1.75,0.0,-0.0371,0.4402,0.2102,0.872
1781773970625,107662,-0.76758,0.19751,0.61646,1.00409,0.062,3.375,0.438,-0.0371,0.4403,0.2102,0.872
1781773970626,107663,-0.76294,0.19702,0.63989,1.01506,-0.125,1.188,0.625,-0.0371,0.4404,0.2102,0.8719
1781773970629,107666,-0.76611,0.19604,0.62915,1.01054,0.188,1.062,-0.188,-0.0363,0.4406,0.2105,0.8717
1781773970687,107724,-0.76514,0.19849,0.62256,1.00619,0.312,1.312,-0.062,-0.0363,0.4407,0.2105,0.8717
1781773970696,107733,-0.76489,0.19604,0.62329,1.00598,0.0,0.312,0.062,-0.0361,0.4407,0.2106,0.8717
1781773970697,107734,-0.75562,0.19653,0.62427,0.99964,0.062,1.062,-0.125,-0.0352,0.4409,0.2111,0.8715
1781773970747,107784,-0.75952,0.19556,0.62109,1.00044,0.125,1.625,-0.188,-0.0352,0.4409,0.2111,0.8715
1781773970747,107784,-0.76953,0.19482,0.62549,1.01063,0.188,0.938,0.0,-0.0351,0.441,0.2111,0.8715
1781773970747,107784,-0.76367,0.19653,0.62183,1.00423,0.188,0.062,0.125,-0.034,0.441,0.2116,0.8714
1781773970807,107844,-0.76367,0.19653,0.62183,1.00423,0.188,0.062,0.125,-0.034,0.441,0.2116,0.8714
1781773970807,107844,-0.76318,0.19727,0.62671,1.00704,0.125,0.812,-0.125,-0.034,0.441,0.2116,0.8714
1781773970807,107844,-0.76611,0.19824,0.62427,1.00794,0.125,0.25,0.0,-0.033,0.4411,0.212,0.8713
1781773970866,107903,-0.76685,0.19897,0.62305,1.00788,0.0,0.0,0.188,-0.0329,0.4411,0.2121,0.8712
1781773970866,107903,-0.76147,0.19653,0.62476,1.00438,0.062,0.0,0.0,-0.0327,0.4411,0.2122,0.8712
1781773970867,107904,-0.76343,0.19556,0.62158,1.00371,0.062,0.438,-0.062,-0.0316,0.4411,0.2127,0.8712
1781773970926,107963,-0.76196,0.19482,0.61938,1.00109,0.188,0.812,0.0,-0.0315,0.4412,0.2127,0.8712
1781773970926,107963,-0.76758,0.19922,0.62207,1.00789,0.062,0.562,0.0,-0.0314,0.4412,0.2128,0.8711
1781773970933,107970,-0.76343,0.19775,0.62207,1.00444,0.0,0.562,0.0,-0.0303,0.4411,0.2133,0.871
1781773970986,108023,-0.76392,0.19507,0.62012,1.00308,0.0,0.688,0.125,-0.0302,0.4412,0.2133,0.871
1781773970986,108023,-0.76807,0.19556,0.62646,1.01026,0.0,0.5,0.062,-0.0301,0.4412,0.2134,0.871
1781773970987,108024,-0.76318,0.19604,0.61865,1.00181,0.0,0.625,0.0,-0.0288,0.4411,0.2141,0.8709
1781773971046,108083,-0.76538,0.19849,0.62183,1.00592,0.188,0.75,0.0,-0.0287,0.4411,0.2141,0.8709
1781773971047,108084,-0.7666,0.19922,0.62134,1.00669,0.0,0.5,0.0,-0.0286,0.4412,0.2141,0.8709
1781773971047,108084,-0.76807,0.19824,0.62402,1.00927,0.0,0.0,0.375,-0.0277,0.4411,0.2145,0.8709
1781773971106,108143,-0.76318,0.1958,0.62036,1.00281,0.0,0.875,0.062,-0.0276,0.4412,0.2146,0.8708
1781773971106,108143,-0.76978,0.19629,0.61816,1.00658,0.0,0.688,0.062,-0.0275,0.4412,0.2147,0.8708
1781773971107,108144,-0.76489,0.19971,0.62085,1.00519,0.0,-0.062,0.188,-0.0268,0.4413,0.215,0.8706
1781773971166,108203,-0.76587,0.19287,0.62207,1.00535,0.0,0.688,-0.125,-0.0267,0.4414,0.2151,0.8706
1781773971166,108203,-0.76782,0.19531,0.62036,1.00625,0.188,1.062,-0.188,-0.0267,0.4414,0.2151,0.8706
1781773971166,108203,-0.77466,0.19946,0.61206,1.00722,-0.312,5.125,0.75,-0.0263,0.4417,0.2153,0.8704
1781773971226,108263,-0.77295,0.19287,0.57251,0.98103,-0.812,2.75,0.562,-0.0263,0.4418,0.2154,0.8703
1781773971229,108266,-0.76196,0.19263,0.68823,1.04468,-0.938,1.688,0.812,-0.0264,0.442,0.2155,0.8702
1781773971235,108272,-0.76318,0.19531,0.62085,1.00302,0.125,1.812,-0.5,-0.026,0.442,0.2156,0.8702
1781773971294,108331,-0.77271,0.20239,0.61792,1.00988,0.312,2.562,-0.625,-0.026,0.4421,0.2156,0.8702
1781773971295,108332,-0.77734,0.19409,0.61572,1.01047,0.0,1.375,-0.312,-0.026,0.4421,0.2155,0.8701
1781773971295,108332,-0.76343,0.20044,0.6189,1.00301,0.0,1.25,0.0,-0.0252,0.442,0.2159,0.8701
1781773971347,108384,-0.76831,0.19604,0.6106,1.00078,0.0,2.375,0.188,-0.0252,0.4421,0.216,0.8701
1781773971349,108386,-0.7771,0.1958,0.6272,1.01764,-0.312,2.812,0.125,-0.0252,0.4422,0.216,0.87
1781773971358,108395,-0.7771,0.1958,0.6272,1.01764,-0.312,2.812,0.125,-0.0252,0.4422,0.216,0.87
1781773971405,108442,-0.76709,0.2002,0.61865,1.0056,0.0,-1.188,0.375,-0.0249,0.4423,0.2161,0.8699
1781773971406,108443,-0.76709,0.2002,0.62085,1.00696,0.0,0.0,-0.062,-0.0249,0.4423,0.2162,0.8699
1781773971407,108444,-0.76904,0.19385,0.62061,1.00705,0.0,0.438,-0.188,-0.0241,0.4424,0.2165,0.8698
1781773971466,108503,-0.76831,0.20044,0.61841,1.00643,0.125,0.625,-0.125,-0.024,0.4424,0.2165,0.8698
1781773971466,108503,-0.76807,0.19824,0.62012,1.00686,0.0,0.625,-0.125,-0.0239,0.4425,0.2166,0.8698
1781773971468,108505,-0.75903,0.19629,0.61792,0.99824,0.0,5.25,-0.812,-0.0235,0.4427,0.2169,0.8696
1781773971528,108565,-0.77905,0.19873,0.61255,1.01076,0.5,3.062,-0.625,-0.0235,0.443,0.2169,0.8695
1781773971528,108565,-0.7793,0.19629,0.61035,1.00914,0.0,0.062,0.062,-0.0235,0.4431,0.2169,0.8694
1781773971528,108565,-0.7793,0.19629,0.61035,1.00914,0.0,0.062,0.062,-0.0235,0.4431,0.2169,0.8694
1781773971588,108625,-0.76782,0.19873,0.61401,1.00302,0.0,0.875,0.0,-0.023,0.443,0.2172,0.8694
1781773971588,108625,-0.77271,0.19409,0.59619,0.99508,0.0,2.562,0.062,-0.023,0.4431,0.2172,0.8693
1781773971589,108626,-0.77271,0.19409,0.59619,0.99508,0.0,2.562,0.062,-0.023,0.4431,0.2172,0.8693
1781773971653,108690,-0.76538,0.19995,0.61719,1.00335,0.0,0.75,-0.312,-0.0225,0.443,0.2174,0.8693
1781773971653,108690,-0.77026,0.19971,0.61621,1.00643,0.0,0.938,-0.188,-0.0225,0.443,0.2174,0.8693
1781773971705,108742,-0.771,0.19849,0.61206,1.00422,0.0,0.0,0.0,-0.0216,0.4429,0.2178,0.8693
1781773971706,108743,-0.76685,0.19702,0.61401,1.00194,0.0,0.0,-0.125,-0.0215,0.4429,0.2178,0.8693
1781773971706,108743,-0.76855,0.19873,0.61157,1.00209,0.0,0.062,0.0,-0.0214,0.4429,0.2179,0.8693
1781773971769,108806,-0.76929,0.1958,0.61548,1.00447,0.0,0.062,-0.125,-0.0205,0.4428,0.2183,0.8693
1781773971769,108806,-0.76685,0.20044,0.61572,1.00366,0.0,0.0,0.188,-0.0204,0.4428,0.2183,0.8693
1781773971770,108807,-0.76611,0.19727,0.61401,1.00143,0.0,-0.125,-0.062,-0.0196,0.4427,0.2187,0.8692
1781773971831,108868,-0.76685,0.20117,0.61328,1.00232,0.0,0.062,-0.125,-0.0195,0.4427,0.2188,0.8692
1781773971831,108868,-0.77222,0.19922,0.61255,1.0056,0.0,-0.062,0.0,-0.0194,0.4427,0.2188,0.8692
1781773971832,108869,-0.77222,0.19922,0.61255,1.0056,0.0,-0.062,0.0,-0.0194,0.4427,0.2188,0.8692
1781773971888,108925,-0.77197,0.19897,0.6123,1.00521,0.0,0.0,0.0,-0.0186,0.4426,0.2192,0.8691
1781773971888,108925,-0.76733,0.20142,0.6123,1.00214,0.0,0.0,0.0,-0.0185,0.4426,0.2192,0.8691
1781773971888,108925,-0.76733,0.20142,0.6123,1.00214,0.0,0.0,0.0,-0.0185,0.4426,0.2192,0.8691
1781773971953,108990,-0.76733,0.20142,0.6123,1.00214,0.0,0.0,0.0,-0.0185,0.4426,0.2192,0.8691
1781773971953,108990,-0.76758,0.19604,0.61182,1.00096,0.062,0.125,-0.062,-0.0177,0.4425,0.2196,0.8691
1781773971953,108990,-0.76758,0.19604,0.61182,1.00096,0.062,0.125,-0.062,-0.0177,0.4425,0.2196,0.8691
1781773972005,109042,-0.76855,0.19995,0.61279,1.00308,0.062,0.25,-0.062,-0.0168,0.4424,0.22,0.8691
1781773972006,109043,-0.771,0.19873,0.61426,1.00561,0.0,0.062,0.0,-0.0167,0.4424,0.22,0.8691
1781773972008,109045,-0.7666,0.19702,0.61475,1.0022,-0.062,-0.438,0.0,-0.0161,0.4423,0.2203,0.8691
1781773972066,109103,-0.76929,0.2002,0.6145,1.00474,0.0,0.375,0.0,-0.0159,0.4423,0.2204,0.8691
1781773972066,109103,-0.76489,0.19629,0.61279,0.99955,0.0,0.375,-0.312,-0.0159,0.4423,0.2205,0.8691
1781773972067,109104,-0.77271,0.19995,0.61328,1.00656,0.0,-0.312,0.0,-0.0153,0.4422,0.2207,0.869
1781773972131,109168,-0.76758,0.19653,0.61353,1.00211,0.0,0.0,-0.062,-0.0152,0.4422,0.2208,0.869
1781773972131,109168,-0.77075,0.19971,0.61255,1.00457,0.0,0.375,-0.125,-0.0151,0.4422,0.2208,0.869
1781773972131,109168,-0.7666,0.19995,0.61401,1.00233,0.0,0.0,0.0,-0.0147,0.4421,0.221,0.869
1781773972189,109226,-0.7666,0.19995,0.61401,1.00233,0.0,0.0,0.0,-0.0147,0.4421,0.221,0.869
1781773972190,109227,-0.76685,0.19653,0.61597,1.00304,0.125,-0.25,0.062,-0.0145,0.4421,0.2211,0.869
1781773972190,109227,-0.76904,0.19727,0.61377,1.00352,0.0,0.125,0.0,-0.0139,0.4421,0.2214,0.869
1781773972246,109283,-0.76904,0.19727,0.61377,1.00352,0.0,0.125,0.0,-0.0139,0.4421,0.2214,0.869
1781773972246,109283,-0.7688,0.19727,0.61572,1.00453,0.0,-0.062,-0.125,-0.0138,0.4421,0.2214,0.869
1781773972246,109283,-0.76904,0.19995,0.61133,1.00256,0.0,0.125,0.0,-0.0133,0.442,0.2217,0.8689
1781773972305,109342,-0.76904,0.19995,0.61133,1.00256,0.0,0.125,0.0,-0.0133,0.442,0.2217,0.8689
1781773972305,109342,-0.76709,0.19751,0.61499,1.00282,0.0,0.0,-0.062,-0.0131,0.442,0.2218,0.8689
1781773972310,109347,-0.76611,0.19946,0.61475,1.00231,0.0,0.0,0.0,-0.0126,0.442,0.222,0.8689
1781773972366,109403,-0.76929,0.20117,0.61279,1.00389,0.0,0.188,0.062,-0.0125,0.442,0.222,0.8689
1781773972366,109403,-0.76733,0.19702,0.61401,1.00231,0.0,0.0,-0.188,-0.0125,0.442,0.2221,0.8689
1781773972367,109404,-0.76807,0.19702,0.61523,1.00362,0.0,-0.062,-0.062,-0.012,0.442,0.2222,0.8688
1781773972428,109465,-0.7688,0.19629,0.61108,1.0015,-0.125,0.125,-0.125,-0.0119,0.442,0.2223,0.8688
1781773972431,109468,-0.76953,0.19824,0.61279,1.00349,0.125,0.062,0.0,-0.0119,0.442,0.2223,0.8688
1781773972437,109474,-0.76782,0.19653,0.61621,1.00394,0.0,-0.062,0.0,-0.0114,0.4419,0.2225,0.8688
1781773972486,109523,-0.77026,0.19702,0.61401,1.00456,0.0,0.0,0.0,-0.0113,0.4418,0.2225,0.8688
1781773972546,109583,-0.76929,0.19775,0.61572,1.005,0.125,0.062,0.125,-0.0112,0.4418,0.2226,0.8688
1781773972547,109584,-0.76929,0.19775,0.61572,1.005,0.125,0.062,0.125,-0.0112,0.4418,0.2226,0.8688
1781773972547,109584,-0.76929,0.19775,0.61572,1.005,0.125,0.062,0.125,-0.0112,0.4418,0.2226,0.8688
1781773972608,109645,-0.76807,0.19946,0.61157,1.00186,0.0,0.0,0.0,-0.0108,0.4418,0.2228,0.8688
1781773972608,109645,-0.77026,0.19751,0.61255,1.00376,0.125,-0.062,-0.125,-0.0103,0.4418,0.223,0.8687
1781773972608,109645,-0.77075,0.20068,0.61304,1.00506,0.188,-0.125,0.0,-0.0098,0.4418,0.2232,0.8687
1781773972675,109712,-0.76855,0.19873,0.61133,1.00194,0.0,0.0,0.0,-0.0097,0.4418,0.2232,0.8687
1781773972679,109716,-0.76758,0.19727,0.61475,1.003,0.0,0.125,0.0,-0.0097,0.4418,0.2233,0.8687
1781773972679,109716,-0.77197,0.20215,0.61035,1.00466,0.25,2.125,-0.375,-0.0095,0.4421,0.2233,0.8685
1781773972726,109763,-0.76929,0.19971,0.6106,1.00225,0.062,1.938,-0.125,-0.0095,0.4422,0.2233,0.8685
1781773972732,109769,-0.76587,0.19507,0.61426,1.00096,0.125,2.188,-0.188,-0.0095,0.4423,0.2233,0.8685
1781773972734,109771,-0.76831,0.19849,0.61353,1.00305,-0.25,-1.75,0.812,-0.0094,0.4427,0.2233,0.8682
1781773972786,109823,-0.76489,0.19849,0.6145,1.00103,0.0,-0.812,0.375,-0.0094,0.4426,0.2233,0.8682
1781773972786,109823,-0.76147,0.19873,0.6145,0.99847,0.0,1.188,-0.062,-0.0094,0.4426,0.2233,0.8682
1781773972786,109823,-0.77539,0.19873,0.60791,1.00513,0.0,0.312,0.062,-0.0093,0.4429,0.2233,0.8681
1781773972846,109883,-0.77222,0.19897,0.60596,1.00155,0.188,-0.5,0.188,-0.0092,0.4429,0.2233,0.8681
1781773972846,109883,-0.76538,0.19824,0.61157,0.99956,0.0,-0.188,0.0,-0.0092,0.4428,0.2234,0.8681
1781773972846,109883,-0.77051,0.198,0.61084,1.003,0.0,0.062,-0.062,-0.0089,0.4429,0.2235,0.8681
1781773972909,109946,-0.77246,0.19775,0.60767,1.00253,0.062,0.312,0.0,-0.0088,0.4429,0.2235,0.8681
1781773972967,110004,-0.77246,0.20312,0.61084,1.00553,0.0,0.312,-0.062,-0.0087,0.4429,0.2236,0.8681
1781773972967,110004,-0.77197,0.19995,0.61206,1.00526,0.062,0.062,-0.062,-0.0084,0.4429,0.2237,0.8681
1781773972967,110004,-0.77319,0.20117,0.60889,1.00451,0.0,0.0,0.0,-0.0084,0.4429,0.2238,0.868
1781773973026,110063,-0.76709,0.19873,0.6106,1.00037,0.0,0.062,0.0,-0.0083,0.4429,0.2238,0.868
1781773973032,110069,-0.77173,0.19678,0.61084,1.0037,0.0,0.062,-0.125,-0.008,0.4429,0.2239,0.868
1781773973032,110069,-0.7749,0.20215,0.60962,1.00647,0.062,0.125,0.125,-0.0076,0.4429,0.2241,0.8679
1781773973086,110123,-0.771,0.19922,0.61133,1.00391,0.0,0.062,-0.062,-0.0076,0.4429,0.2241,0.8679
1781773973086,110123,-0.77051,0.19849,0.60742,1.00102,0.0,0.062,-0.062,-0.0075,0.4429,0.2241,0.8679
1781773973086,110123,-0.77197,0.19824,0.61035,1.00388,0.125,0.0,-0.125,-0.0073,0.443,0.2242,0.8679
1781773973146,110183,-0.76929,0.19824,0.61011,1.00167,0.0,0.0,-0.062,-0.0072,0.443,0.2243,0.8679
1781773973146,110183,-0.77393,0.19946,0.61157,1.00636,0.0,0.062,0.062,-0.0072,0.443,0.2243,0.8679
1781773973150,110187,-0.77393,0.19946,0.61157,1.00636,0.0,0.062,0.062,-0.0072,0.443,0.2243,0.8679
1781773973205,110242,-0.77271,0.19751,0.61353,1.00623,0.062,0.0,0.0,-0.0069,0.443,0.2244,0.8678
1781773973206,110243,-0.77393,0.19824,0.60986,1.00508,0.0,0.188,0.125,-0.0068,0.443,0.2244,0.8678
1781773973206,110243,-0.77246,0.19995,0.60742,1.00281,0.0,0.0,0.0,-0.0066,0.443,0.2245,0.8677
1781773973266,110303,-0.77246,0.19653,0.61182,1.00481,0.0,0.0,0.0,-0.0065,0.443,0.2246,0.8677
1781773973266,110303,-0.77222,0.19897,0.60742,1.00243,0.0,0.125,0.0,-0.0065,0.443,0.2246,0.8677
1781773973267,110304,-0.77002,0.19751,0.61279,1.00372,0.0,0.0,0.188,-0.0063,0.4431,0.2247,0.8677
1781773973327,110364,-0.76929,0.19873,0.60889,1.00102,0.0,0.062,0.0,-0.0062,0.4431,0.2247,0.8677
1781773973327,110364,-0.77295,0.19775,0.60986,1.00424,-0.062,0.188,-0.062,-0.0062,0.4431,0.2247,0.8677
1781773973328,110365,-0.77173,0.198,0.60718,1.00171,0.0,-0.125,0.062,-0.006,0.4431,0.2248,0.8677
1781773973387,110424,-0.77026,0.20068,0.60718,1.00112,0.062,0.0,0.0,-0.006,0.4431,0.2248,0.8677
1781773973387,110424,-0.77173,0.19751,0.61011,1.0034,0.125,0.062,0.125,-0.0059,0.4431,0.2248,0.8677
1781773973387,110424,-0.77222,0.19922,0.61084,1.00456,0.0,0.0,0.125,-0.0057,0.4431,0.2249,0.8676
1781773973445,110482,-0.77197,0.19849,0.61133,1.00452,0.0,0.0,0.062,-0.0057,0.4431,0.2249,0.8676
1781773973446,110483,-0.77271,0.19995,0.60815,1.00345,0.0,0.062,0.0,-0.0057,0.4431,0.2249,0.8676
1781773973448,110485,-0.77271,0.19727,0.60791,1.00277,-0.062,0.0,0.0,-0.0054,0.4431,0.225,0.8676
1781773973506,110543,-0.77197,0.19946,0.60791,1.00264,0.0,-0.125,0.0,-0.0054,0.4431,0.225,0.8676
1781773973507,110544,-0.77246,0.19897,0.61157,1.00514,0.0,0.0,0.0,-0.0054,0.4431,0.225,0.8676
1781773973507,110544,-0.77271,0.19775,0.60889,1.00346,0.0,0.0,-0.125,-0.0052,0.4431,0.2252,0.8676
1781773973567,110604,-0.771,0.2002,0.60791,1.00203,0.0,0.0,0.062,-0.0051,0.4431,0.2252,0.8676
1781773973567,110604,-0.77026,0.19946,0.60962,1.00236,0.0,0.0,0.0,-0.0051,0.4431,0.2252,0.8676
1781773973567,110604,-0.77026,0.19946,0.60962,1.00236,0.0,0.0,0.0,-0.0051,0.4431,0.2252,0.8676
1781773973626,110663,-0.77368,0.19946,0.60962,1.00499,0.0,0.0,-0.062,-0.005,0.4431,0.2252,0.8675
1781773973626,110663,-0.77197,0.19873,0.60938,1.00338,-0.062,0.0,-0.062,-0.005,0.4431,0.2252,0.8675
1781773973626,110663,-0.77197,0.19873,0.60938,1.00338,-0.062,0.0,-0.062,-0.005,0.4431,0.2252,0.8675
1781773973686,110723,-0.77246,0.2019,0.60938,1.00439,0.0,0.0,-0.125,-0.0047,0.4431,0.2254,0.8675
1781773973686,110723,-0.77002,0.19824,0.60962,1.00193,0.0,0.062,-0.062,-0.0047,0.4431,0.2254,0.8675
1781773973687,110724,-0.77246,0.19775,0.60913,1.00342,0.0,0.0,0.0,-0.0045,0.4431,0.2254,0.8675
1781773973748,110785,-0.77441,0.19775,0.61157,1.0064,0.0,0.062,0.062,-0.0045,0.4431,0.2254,0.8675
1781773973749,110786,-0.77368,0.20142,0.6084,1.00464,0.0,-0.062,-0.125,-0.0045,0.4431,0.2254,0.8675
1781773973749,110786,-0.77368,0.20142,0.6084,1.00464,0.0,-0.062,-0.125,-0.0045,0.4431,0.2254,0.8675
1781773973805,110842,-0.77441,0.19971,0.60938,1.00545,0.0,-0.125,-0.062,-0.0043,0.4431,0.2255,0.8675
1781773973805,110842,-0.77246,0.20142,0.60815,1.00355,-0.062,0.062,-0.125,-0.0043,0.4431,0.2255,0.8675
1781773973806,110843,-0.77295,0.20068,0.6084,1.00393,0.0,0.0,-0.062,-0.0042,0.4431,0.2255,0.8674
1781773973868,110905,-0.77197,0.20117,0.61011,1.00431,-0.062,0.062,0.0,-0.0042,0.4431,0.2255,0.8674
1781773973869,110906,-0.77393,0.19995,0.61011,1.00557,0.0,-0.125,0.062,-0.0042,0.4431,0.2255,0.8674
1781773973869,110906,-0.77393,0.19995,0.61011,1.00557,0.0,-0.125,0.062,-0.0042,0.4431,0.2255,0.8674
1781773973925,110962,-0.77417,0.19946,0.60767,1.00418,0.0,0.125,0.0,-0.004,0.4431,0.2256,0.8674
1781773973925,110962,-0.77344,0.19678,0.6084,1.00353,0.0,-0.188,-0.062,-0.004,0.4431,0.2256,0.8674
1781773973927,110964,-0.76978,0.19897,0.60693,1.00026,0.0,0.125,0.0,-0.0039,0.4431,0.2257,0.8674
1781773973991,111028,-0.77344,0.19946,0.60962,1.0048,-0.062,-0.188,-0.188,-0.0039,0.4431,0.2257,0.8674
1781773973991,111028,-0.77173,0.19849,0.6084,1.00255,0.0,-0.062,0.0,-0.0039,0.4431,0.2257,0.8674
1781773973991,111028,-0.77295,0.19971,0.6062,1.0024,0.0,0.0,-0.188,-0.0037,0.4431,0.2257,0.8674
1781773974055,111092,-0.77295,0.19922,0.60693,1.00275,0.0,0.125,0.0,-0.0037,0.4431,0.2257,0.8674
1781773974056,111093,-0.77173,0.19946,0.60889,1.00304,0.0,-0.125,0.0,-0.0037,0.4431,0.2257,0.8674
1781773974056,111093,-0.77173,0.19946,0.60889,1.00304,0.0,-0.125,0.0,-0.0037,0.4431,0.2257,0.8674
1781773974109,111146,-0.77026,0.20093,0.60693,1.00102,-0.125,0.062,-0.125,-0.0036,0.4431,0.2258,0.8674
1781773974110,111147,-0.7749,0.20239,0.61011,1.00681,0.0,0.0,0.0,-0.0036,0.4431,0.2258,0.8674
1781773974110,111147,-0.77197,0.19604,0.60693,1.00137,0.0,0.0,0.0,-0.0035,0.4431,0.2258,0.8674
1781773974165,111202,-0.77173,0.2002,0.6062,1.00156,0.0,0.125,-0.062,-0.0035,0.4431,0.2258,0.8674
1781773974166,111203,-0.77222,0.19873,0.60864,1.00312,0.0,-0.125,0.0,-0.0035,0.4431,0.2258,0.8674
1781773974227,111264,-0.771,0.198,0.61182,1.00397,0.0,-0.125,0.0,-0.0034,0.4431,0.2258,0.8674
1781773974229,111266,-0.771,0.198,0.61182,1.00397,0.0,-0.125,0.0,-0.0034,0.4431,0.2258,0.8674
1781773974229,111266,-0.771,0.19727,0.60669,1.00071,-0.062,0.062,-0.125,-0.0034,0.4431,0.2258,0.8674
1781773974286,111323,-0.77271,0.19653,0.60889,1.00322,0.0,0.062,0.0,-0.0032,0.4431,0.2259,0.8674
1781773974286,111323,-0.77344,0.20093,0.60791,1.00406,0.0,0.188,-0.062,-0.0032,0.4432,0.2259,0.8674
1781773974286,111323,-0.771,0.19897,0.60645,1.0009,-0.125,0.062,-0.062,-0.0031,0.4431,0.226,0.8674
1781773974349,111386,-0.77148,0.19922,0.60669,1.00147,0.0,0.125,-0.062,-0.0031,0.4432,0.226,0.8674
1781773974349,111386,-0.77124,0.20215,0.60815,1.00276,-0.125,0.0,-0.188,-0.0031,0.4432,0.226,0.8674
1781773974349,111386,-0.77368,0.19946,0.60718,1.00351,0.0,0.062,0.0,-0.003,0.4432,0.226,0.8673
1781773974406,111443,-0.77368,0.19946,0.60718,1.00351,0.0,0.062,0.0,-0.003,0.4432,0.226,0.8673
1781773974406,111443,-0.77246,0.19922,0.60669,1.00223,-0.062,0.0,0.125,-0.003,0.4432,0.226,0.8673
1781773974406,111443,-0.7688,0.19922,0.60522,0.99852,0.0,0.0,0.0,-0.0029,0.4432,0.226,0.8673
1781773974467,111504,-0.77197,0.19971,0.60791,1.00269,0.0,0.188,0.0,-0.0029,0.4432,0.226,0.8673
1781773974471,111508,-0.77173,0.19751,0.60596,1.00088,-0.188,0.062,0.0,-0.0029,0.4432,0.226,0.8673
1781773974476,111513,-0.77246,0.19897,0.60938,1.00381,0.0,0.062,0.0,-0.0028,0.4432,0.2261,0.8673
1781773974526,111563,-0.77319,0.19922,0.60962,1.00457,0.0,0.125,0.125,-0.0028,0.4432,0.2261,0.8673
1781773974527,111564,-0.76904,0.198,0.61011,1.00143,0.0,-0.125,-0.062,-0.0028,0.4432,0.2261,0.8673
1781773974527,111564,-0.77197,0.2002,0.60791,1.00278,0.0,0.0,-0.062,-0.0026,0.4432,0.2261,0.8673
1781773974590,111627,-0.77417,0.20264,0.60889,1.00556,-0.062,0.0,0.0,-0.0026,0.4432,0.2261,0.8673
1781773974594,111631,-0.771,0.19995,0.60742,1.00169,0.0,-0.062,0.0,-0.0026,0.4432,0.2261,0.8673
1781773974594,111631,-0.77271,0.19678,0.6062,1.00164,0.188,-0.188,0.0,-0.0025,0.4433,0.2261,0.8673
1781773974645,111682,-0.77271,0.19678,0.6062,1.00164,0.188,-0.188,0.0,-0.0025,0.4433,0.2261,0.8673
1781773974645,111682,-0.77271,0.19873,0.60864,1.0035,0.0,0.0,0.0,-0.0025,0.4433,0.2261,0.8673
1781773974646,111683,-0.77271,0.20215,0.60571,1.00241,0.0,0.062,0.0,-0.0025,0.4433,0.2262,0.8672
1781773974707,111744,-0.77222,0.19653,0.61084,1.00403,0.0,0.0,0.0,-0.0025,0.4433,0.2262,0.8672
1781773974707,111744,-0.77319,0.20142,0.60815,1.00412,0.0,0.125,-0.062,-0.0024,0.4433,0.2262,0.8672
1781773974710,111747,-0.77393,0.19775,0.60791,1.0038,0.0,-0.125,0.0,-0.0023,0.4434,0.2262,0.8672
1781773974769,111806,-0.77319,0.20117,0.60767,1.00377,-0.125,0.0,0.0,-0.0023,0.4434,0.2262,0.8672
1781773974769,111806,-0.771,0.19995,0.60669,1.00124,0.0,0.0,0.0,-0.0023,0.4434,0.2262,0.8672
1781773974769,111806,-0.77271,0.19946,0.6106,1.00483,0.0,-0.25,0.188,-0.0022,0.4434,0.2263,0.8672
1781773974829,111866,-0.771,0.19922,0.60718,1.00139,0.0,0.188,0.062,-0.0022,0.4434,0.2263,0.8672
1781773974829,111866,-0.77417,0.19897,0.60767,1.00409,0.0,0.312,-0.062,-0.0022,0.4434,0.2263,0.8671
1781773974837,111874,-0.77515,0.20093,0.6084,1.00567,-0.062,-0.125,0.0,-0.0021,0.4434,0.2263,0.8671
1781773974885,111922,-0.77515,0.20093,0.6084,1.00567,-0.062,-0.125,0.0,-0.0021,0.4434,0.2263,0.8671
1781773974886,111923,-0.77222,0.20117,0.60767,1.00302,-0.062,0.062,0.0,-0.0021,0.4434,0.2263,0.8671
1781773974886,111923,-0.77051,0.20166,0.6084,1.00225,0.0,0.0,0.0,-0.002,0.4434,0.2263,0.8671
1781773974949,111986,-0.77368,0.19653,0.61157,1.0056,0.0,-0.25,-0.062,-0.002,0.4434,0.2263,0.8671
1781773974949,111986,-0.77075,0.20044,0.60718,1.00145,-0.25,-0.125,-0.062,-0.002,0.4434,0.2263,0.8671
1781773974949,111986,-0.77222,0.19995,0.60815,1.00307,0.0,-0.062,0.0,-0.002,0.4434,0.2263,0.8671
1781773975005,112042,-0.77124,0.2019,0.6084,1.00286,0.0,0.125,0.0,-0.002,0.4435,0.2263,0.8671
1781773975066,112103,-0.76978,0.2002,0.60718,1.00065,0.0,0.188,0.0,-0.002,0.4435,0.2263,0.8671
1781773975066,112103,-0.77417,0.19946,0.60962,1.00537,0.0,-0.188,0.0,-0.0019,0.4435,0.2263,0.8671
1781773975066,112103,-0.77197,0.19995,0.60547,1.00126,-0.062,0.0,0.062,-0.0019,0.4435,0.2264,0.8671
1781773975125,112162,-0.77051,0.19751,0.60669,1.00038,0.0,0.188,0.125,-0.0019,0.4435,0.2264,0.8671
1781773975125,112162,-0.76978,0.20093,0.60913,1.00198,0.0,-0.125,0.062,-0.0018,0.4436,0.2264,0.867
1781773975128,112165,-0.77441,0.20068,0.60864,1.0052,0.0,-0.125,0.062,-0.0018,0.4437,0.2264,0.867
1781773975185,112222,-0.77124,0.19702,0.60669,1.00085,-0.125,0.0,0.0,-0.0018,0.4437,0.2264,0.867
1781773975185,112222,-0.77197,0.19873,0.60913,1.00323,-0.188,0.25,-0.125,-0.0018,0.4437,0.2264,0.867
1781773975187,112224,-0.77271,0.198,0.60718,1.00247,0.0,-0.188,-0.062,-0.0018,0.4437,0.2264,0.867
1781773975249,112286,-0.77075,0.19849,0.60791,1.0015,0.125,0.062,0.0,-0.0018,0.4437,0.2264,0.867
1781773975249,112286,-0.77295,0.19971,0.60645,1.00255,-0.062,0.125,-0.062,-0.0018,0.4437,0.2264,0.867
1781773975249,112286,-0.77344,0.19897,0.60791,1.00367,-0.188,-0.375,0.0,-0.0018,0.4437,0.2264,0.867
1781773975307,112344,-0.77002,0.19678,0.60767,1.00045,0.0,0.0,0.062,-0.0018,0.4437,0.2264,0.867
1781773975307,112344,-0.771,0.19678,0.60596,1.00017,-0.188,0.125,0.0,-0.0018,0.4437,0.2264,0.867
1781773975311,112348,-0.77197,0.19824,0.60767,1.00225,0.0,-0.312,0.0,-0.0018,0.4437,0.2264,0.867
1781773975365,112402,-0.77148,0.20239,0.60889,1.00344,0.0,0.0,0.0,-0.0018,0.4437,0.2264,0.867
1781773975368,112405,-0.77246,0.19751,0.60596,1.00144,0.0,0.375,-0.062,-0.0018,0.4437,0.2264,0.867
1781773975368,112405,-0.77832,0.19946,0.6084,1.00783,0.0,-0.188,0.0,-0.0017,0.4438,0.2263,0.867
1781773975428,112465,-0.77295,0.19946,0.60693,1.0028,0.0,0.062,0.0,-0.0017,0.4438,0.2263,0.867
1781773975428,112465,-0.77515,0.19995,0.60352,1.00253,0.0,0.062,-0.062,-0.0017,0.4438,0.2263,0.867
1781773975428,112465,-0.77246,0.20117,0.60986,1.00454,0.0,-0.375,0.0,-0.0017,0.4438,0.2263,0.867
1781773975486,112523,-0.77222,0.19751,0.60815,1.00259,0.0,-0.062,0.0,-0.0017,0.4437,0.2263,0.867
1781773975487,112524,-0.77393,0.19971,0.60889,1.00478,-0.062,0.125,-0.125,-0.0017,0.4437,0.2263,0.867
1781773975490,112527,-0.77393,0.19971,0.60889,1.00478,-0.062,0.125,-0.125,-0.0017,0.4437,0.2263,0.867
1781773975545,112582,-0.77393,0.19971,0.6062,1.00316,0.0,-0.5,0.0,-0.0017,0.4437,0.2263,0.867
1781773975546,112583,-0.771,0.19873,0.60596,1.00056,-0.125,-0.188,-0.062,-0.0017,0.4437,0.2263,0.867
1781773975546,112583,-0.77344,0.19727,0.60742,1.00304,-0.062,-0.375,0.0,-0.0017,0.4438,0.2263,0.867
1781773975609,112646,-0.77173,0.20337,0.60474,1.00131,0.0,-0.25,0.0,-0.0017,0.4438,0.2263,0.867
1781773975617,112654,-0.77393,0.20386,0.60571,1.0037,0.0,0.0,0.0,-0.0017,0.4438,0.2263,0.867
1781773975617,112654,-0.7749,0.19727,0.60913,1.0052,0.0,-0.188,-0.125,-0.0016,0.4438,0.2263,0.867
1781773975665,112702,-0.77173,0.2002,0.60645,1.00171,0.0,-0.062,0.062,-0.0016,0.4438,0.2263,0.867
1781773975666,112703,-0.77075,0.19897,0.6062,1.00056,0.0,0.188,0.0,-0.0016,0.4438,0.2263,0.867
1781773975666,112703,-0.77588,0.19946,0.60693,1.00506,0.0,-0.062,0.062,-0.0016,0.4438,0.2263,0.867
1781773975731,112768,-0.77124,0.20044,0.60645,1.00138,-0.062,0.0,0.0,-0.0016,0.4438,0.2263,0.867
1781773975731,112768,-0.77515,0.19678,0.60864,1.005,0.0,0.062,-0.062,-0.0017,0.4438,0.2263,0.867
1781773975731,112768,-0.77173,0.20142,0.60693,1.00225,0.062,-0.188,0.062,-0.0016,0.4438,0.2263,0.867
1781773975785,112822,-0.77539,0.20093,0.60376,1.00306,0.0,-0.188,-0.062,-0.0016,0.4439,0.2263,0.867
1781773975785,112822,-0.77319,0.19897,0.60645,1.00259,0.0,-0.062,0.0,-0.0016,0.4439,0.2263,0.867
1781773975786,112823,-0.77319,0.19897,0.60645,1.00259,0.0,-0.062,0.0,-0.0016,0.4439,0.2263,0.867
1781773975855,112892,-0.77319,0.19897,0.60645,1.00259,0.0,-0.062,0.0,-0.0016,0.4439,0.2263,0.867
1781773975856,112893,-0.77539,0.19995,0.60962,1.0064,0.0,-0.125,0.0,-0.0016,0.4439,0.2263,0.8669
1781773975856,112893,-0.77539,0.19995,0.60962,1.0064,0.0,-0.125,0.0,-0.0016,0.4439,0.2263,0.8669
1781773975905,112942,-0.7688,0.18799,0.63379,1.01394,-2.312,-5.25,0.0,-0.0018,0.4445,0.2264,0.8666
1781773975905,112942,-0.75488,0.198,0.59302,0.98016,0.0,-1.562,2.312,-0.0018,0.4443,0.2265,0.8666
1781773975906,112943,-0.77905,0.20044,0.59961,1.00331,0.0,-1.562,0.312,-0.002,0.445,0.2265,0.8663
1781773975967,113004,-0.76929,0.20361,0.60571,1.00007,-0.25,-2.562,0.5,-0.002,0.4449,0.2265,0.8663
1781773975968,113005,-0.76611,0.19775,0.60889,0.99839,0.0,-0.938,0.312,-0.0019,0.4448,0.2265,0.8663
1781773975968,113005,-0.77856,0.198,0.60303,1.00449,0.0,-0.625,0.0,-0.002,0.445,0.2264,0.8663
1781773976025,113062,-0.77539,0.198,0.60498,1.00321,0.0,-1.25,0.312,-0.002,0.445,0.2265,0.8663
1781773976025,113062,-0.77271,0.20142,0.60498,1.00182,0.0,-0.5,0.062,-0.002,0.4449,0.2265,0.8663
1781773976026,113063,-0.7771,0.20068,0.6001,1.00214,0.0,0.188,0.0,-0.002,0.445,0.2264,0.8663
1781773976087,113124,-0.7771,0.20068,0.6001,1.00214,0.0,0.188,0.0,-0.002,0.445,0.2264,0.8663
1781773976087,113124,-0.77588,0.19946,0.60474,1.00373,-0.062,-0.625,0.0,-0.0019,0.445,0.2264,0.8663
1781773976087,113124,-0.77393,0.19702,0.60205,1.00012,0.0,0.0,0.0,-0.002,0.445,0.2264,0.8663
1781773976145,113182,-0.77393,0.19702,0.60205,1.00012,0.0,0.0,0.0,-0.002,0.445,0.2264,0.8663
1781773976145,113182,-0.7749,0.19922,0.60254,1.00161,0.0,-0.188,0.062,-0.0019,0.445,0.2264,0.8663
1781773976147,113184,-0.77393,0.20044,0.60522,1.00271,0.0,0.0,-0.062,-0.0019,0.445,0.2264,0.8663
1781773976209,113246,-0.77539,0.1958,0.60278,1.00146,0.0,0.062,0.0,-0.0019,0.445,0.2264,0.8663
1781773976209,113246,-0.77539,0.19922,0.60645,1.00434,0.0,-0.062,0.0,-0.0019,0.445,0.2264,0.8663
1781773976209,113246,-0.77466,0.20166,0.6062,1.00411,0.0,0.0,-0.062,-0.0019,0.445,0.2264,0.8663
1781773976266,113303,-0.77612,0.20093,0.60645,1.00524,0.062,0.0,-0.125,-0.0019,0.445,0.2264,0.8663
1781773976266,113303,-0.77563,0.20044,0.60278,1.00256,0.0,0.125,0.0,-0.0019,0.4451,0.2264,0.8663
1781773976266,113303,-0.77637,0.198,0.60327,1.00294,0.0,-0.188,0.062,-0.0018,0.4451,0.2264,0.8663
1781773976328,113365,-0.77466,0.19922,0.60498,1.00289,0.0,-0.062,0.0,-0.0018,0.4451,0.2264,0.8663
1781773976330,113367,-0.77563,0.19849,0.604,1.00291,0.0,0.062,0.0,-0.0018,0.4451,0.2264,0.8663
1781773976330,113367,-0.77515,0.19897,0.60107,1.00087,0.0,0.0,0.062,-0.0018,0.4451,0.2263,0.8662
1781773976389,113426,-0.77686,0.20068,0.60474,1.00473,0.0,-0.188,-0.062,-0.0018,0.4451,0.2263,0.8662
1781773976389,113426,-0.77734,0.19995,0.60645,1.00599,0.0,-0.188,0.0,-0.0018,0.4451,0.2263,0.8662
1781773976389,113426,-0.77637,0.19971,0.60498,1.00431,0.0,0.125,0.0,-0.0018,0.4452,0.2263,0.8662
1781773976449,113486,-0.77563,0.19946,0.60693,1.00487,-0.062,0.125,0.0,-0.0018,0.4452,0.2263,0.8662
1781773976449,113486,-0.77686,0.2002,0.60156,1.00273,0.0,-0.062,0.0,-0.0018,0.4452,0.2263,0.8662
1781773976449,113486,-0.77441,0.20215,0.60522,1.00343,-0.062,0.062,0.0,-0.0018,0.4452,0.2263,0.8662
1781773976506,113543,-0.77441,0.20215,0.60522,1.00343,-0.062,0.062,0.0,-0.0018,0.4452,0.2263,0.8662
1781773976506,113543,-0.77686,0.20044,0.60645,1.00571,0.0,-0.062,0.0,-0.0018,0.4452,0.2263,0.8662
1781773976506,113543,-0.7771,0.20166,0.60474,1.00512,0.0,0.0,0.0,-0.0018,0.4452,0.2263,0.8662
1781773976566,113603,-0.7771,0.20166,0.60474,1.00512,0.0,0.0,0.0,-0.0018,0.4452,0.2263,0.8662
1781773976566,113603,-0.77686,0.20142,0.60498,1.00502,0.0,-0.188,-0.062,-0.0018,0.4452,0.2263,0.8662
1781773976567,113604,-0.77588,0.19897,0.60254,1.00231,0.0,0.0,0.0,-0.0018,0.4453,0.2263,0.8662
1781773976627,113664,-0.7771,0.20312,0.60522,1.0057,-0.062,-0.188,-0.062,-0.0018,0.4453,0.2263,0.8662
1781773976627,113664,-0.7749,0.19946,0.60181,1.00121,0.0,-0.25,0.0,-0.0018,0.4453,0.2263,0.8662
1781773976627,113664,-0.77417,0.19824,0.60254,1.00085,0.0,0.0,-0.188,-0.0017,0.4453,0.2263,0.8662
1781773976691,113728,-0.77734,0.20215,0.604,1.00496,0.0,0.0,0.062,-0.0017,0.4453,0.2263,0.8662
1781773976694,113731,-0.77466,0.20215,0.60645,1.00436,0.0,-0.125,-0.188,-0.0017,0.4453,0.2263,0.8662
1781773976694,113731,-0.77222,0.19971,0.60522,1.00125,0.0,0.062,0.0,-0.0017,0.4453,0.2263,0.8662
1781773976749,113786,-0.77393,0.19995,0.60327,1.00144,0.0,0.062,-0.125,-0.0017,0.4453,0.2263,0.8662
1781773976749,113786,-0.77563,0.20044,0.60352,1.003,0.0,-0.062,0.0,-0.0017,0.4453,0.2263,0.8662
1781773976750,113787,-0.77539,0.19775,0.60596,1.00375,0.0,-0.125,0.0,-0.0017,0.4453,0.2263,0.8662
1781773976805,113842,-0.77661,0.19897,0.6062,1.00509,0.0,0.0,0.0,-0.0017,0.4453,0.2263,0.8662
1781773976806,113843,-0.77637,0.20264,0.60425,1.00445,-0.062,-0.25,0.0,-0.0017,0.4453,0.2263,0.8662
1781773976806,113843,-0.7749,0.19922,0.60767,1.0047,0.0,-0.188,0.0,-0.0017,0.4453,0.2263,0.8662
1781773976871,113908,-0.77563,0.20068,0.60425,1.00349,0.0,-0.125,-0.062,-0.0017,0.4453,0.2263,0.8662
1781773976871,113908,-0.77539,0.19995,0.60303,1.00242,0.0,0.062,-0.188,-0.0017,0.4453,0.2263,0.8662
1781773976873,113910,-0.77515,0.2002,0.60376,1.00272,0.0,-0.125,0.062,-0.0017,0.4453,0.2263,0.8662
1781773976929,113966,-0.77368,0.2002,0.60522,1.00248,0.0,0.0,0.0,-0.0017,0.4453,0.2263,0.8662
1781773976929,113966,-0.77295,0.19702,0.60376,1.0004,0.062,0.0,-0.062,-0.0017,0.4453,0.2263,0.8662
1781773976929,113966,-0.85718,0.37842,0.80444,1.23494,-27.25,-50.062,8.062,-0.006,0.4451,0.2284,0.8657
1781773976990,114027,-0.62183,0.15698,0.29297,0.70508,-10.0,39.688,9.25,-0.0067,0.4459,0.2296,0.865
1781773976990,114027,-0.58472,0.03467,0.28662,0.65211,-18.812,94.812,-3.812,-0.0084,0.4491,0.2298,0.8632
1781773976991,114028,-0.72412,0.22314,0.91016,1.18428,-23.188,-38.312,2.875,-0.0117,0.4489,0.2352,0.8619
1781773977046,114083,-0.88867,0.44116,0.58936,1.15399,0.0,48.25,13.375,-0.0115,0.4495,0.2356,0.8614
1781773977048,114085,-0.79883,0.4082,0.9541,1.30961,-11.375,-4.5,6.562,-0.0117,0.4497,0.2363,0.8612
1781773977049,114086,-0.74438,0.18188,0.60864,0.97859,-1.562,-6.5,1.0,-0.014,0.4508,0.2376,0.8602
1781773977105,114142,-0.79053,0.18359,0.58862,1.00256,1.375,4.25,-0.188,-0.014,0.4509,0.2375,0.8601
1781773977105,114142,-0.81836,0.18066,0.53857,0.9962,-0.438,6.438,-0.625,-0.014,0.4512,0.2374,0.8599
1781773977113,114150,-0.85156,0.21313,0.45581,0.98911,-4.75,-1.875,0.125,-0.015,0.4514,0.239,0.8594
1781773977169,114206,-0.83521,0.19141,0.78882,1.16466,-8.812,2.375,6.062,-0.0153,0.4512,0.2396,0.8594
1781773977169,114206,-0.6875,0.17578,0.57739,0.91484,-8.562,-25.562,6.625,-0.0152,0.4502,0.2399,0.8598
1781773977176,114213,-0.82349,0.35352,0.78735,1.19291,-5.25,-13.188,4.25,-0.0172,0.4522,0.2407,0.8585
1781773977227,114264,-0.74536,0.21411,0.53882,0.94432,-0.5,-18.312,6.312,-0.0169,0.4513,0.2413,0.8588
1781773977227,114264,-0.83423,0.17285,0.41675,0.94842,-1.125,30.562,2.688,-0.0172,0.4521,0.2415,0.8583
1781773977227,114264,-0.85254,0.16357,0.56714,1.03693,2.438,18.188,-3.812,-0.0194,0.4547,0.2439,0.8563
1781773977292,114329,-0.88306,0.19995,0.54663,1.05763,4.062,-1.875,2.938,-0.0192,0.4549,0.2438,0.8561
1781773977294,114331,-0.83643,0.198,0.56934,1.031,-1.812,-24.5,5.938,-0.0189,0.4542,0.2441,0.8565
1781773977294,114331,-0.74414,0.18433,0.6062,0.97734,-1.188,-12.25,3.062,-0.0182,0.452,0.2448,0.8574
1781773977345,114382,-0.75,0.19067,0.60693,0.98348,0.125,-0.5,0.5,-0.0181,0.4519,0.2449,0.8575
1781773977345,114382,-0.7832,0.19629,0.58862,0.99921,1.0,6.188,-1.625,-0.0182,0.4521,0.2448,0.8574
1781773977346,114383,-0.93237,0.13599,0.83911,1.26171,17.562,80.562,34.25,-0.0219,0.4843,0.2443,0.8396
1781773977412,114449,-0.90601,0.30103,0.79053,1.23951,17.625,69.312,17.5,-0.0208,0.4899,0.2451,0.8362
1781773977413,114450,-0.80859,0.19531,0.71851,1.09919,19.375,74.125,11.688,-0.0207,0.4926,0.2451,0.8346
1781773977413,114450,-1.03125,0.23853,0.34863,1.11441,-22.25,192.438,29.125,-0.033,0.547,0.248,0.7987
1781773977466,114503,-0.98535,0.19458,0.32324,1.05511,-18.562,198.812,25.125,-0.0351,0.5536,0.249,0.7937
1781773977466,114503,-1.0647,0.22583,0.39404,1.15752,-12.125,199.75,19.125,-0.0372,0.5603,0.2498,0.7887
1781773977466,114503,-1.04736,0.22607,0.31982,1.1182,-8.625,133.125,25.062,-0.0456,0.6159,0.2561,0.7435
1781773977526,114563,-1.06519,0.30469,0.42407,1.18629,-4.875,113.375,10.062,-0.0467,0.6195,0.2565,0.7402
1781773977526,114563,-0.94019,0.35791,0.33154,1.05923,-0.188,99.562,0.438,-0.0477,0.6227,0.2565,0.7375
1781773977533,114570,-0.94019,0.35791,0.33154,1.05923,-0.188,99.562,0.438,-0.0477,0.6227,0.2565,0.7375
1781773977586,114623,-1.23877,0.1521,0.22827,1.26878,38.0,83.562,19.125,-0.0359,0.6557,0.26,0.7078
1781773977586,114623,-1.06689,0.37231,0.13232,1.13771,33.688,112.875,36.375,-0.035,0.6594,0.2598,0.7045
1781773977586,114623,-1.16846,0.3313,-0.08203,1.21728,43.875,94.188,83.688,-0.0331,0.7048,0.2626,0.658
1781773977645,114682,-1.22363,0.51245,0.27441,1.35469,56.688,62.0,96.562,-0.0295,0.7073,0.2637,0.6549
1781773977645,114682,-1.04712,0.36108,-0.28638,1.14405,58.75,54.625,106.938,-0.0253,0.7099,0.2647,0.652
1781773977646,114683,-0.79785,0.48218,-0.02637,0.93261,26.75,105.062,12.625,0.0062,0.7337,0.2696,0.6235
1781773977705,114742,-0.78662,0.43335,-0.03638,0.89883,22.125,98.688,-2.375,0.0057,0.7366,0.2689,0.6203
1781773977705,114742,-0.79614,0.49585,-0.05029,0.93928,11.875,109.125,-21.25,0.0037,0.7412,0.2677,0.6154
1781773977708,114745,-0.83765,0.34106,-0.34229,0.96702,-16.562,57.0,-4.438,-0.0083,0.7634,0.2666,0.5881
1781773977766,114803,-0.82373,0.51196,-0.27905,1.00921,-29.5,91.688,-24.0,-0.0124,0.7672,0.2673,0.5827
1781773977767,114804,-0.95532,0.41138,-0.35034,1.09755,-45.688,115.125,-31.188,-0.0187,0.7716,0.2684,0.5761
1781773977767,114804,-0.87817,0.50098,-0.24512,1.04031,-27.25,39.812,1.688,-0.0347,0.7821,0.2725,0.5592
1781773977825,114862,-0.91504,0.47217,-0.46924,1.13156,-19.25,34.125,-1.875,-0.0361,0.783,0.2736,0.5572
1781773977825,114862,-0.85742,0.5083,-0.42212,1.08246,-17.5,42.312,2.312,-0.0364,0.7834,0.274,0.5565
1781773977826,114863,-0.8689,0.62964,-0.23413,1.09829,-37.125,27.125,38.188,-0.0383,0.7916,0.2849,0.539
1781773977885,114922,-0.8252,0.49194,-0.2439,0.99118,-31.688,3.812,37.0,-0.038,0.7915,0.2868,0.5382
1781773977889,114926,-0.77856,0.50391,-0.27417,0.96708,-28.688,-13.688,46.0,-0.0371,0.791,0.2888,0.5379
1781773977892,114929,-0.90894,0.50342,-0.34814,1.09581,-20.438,-32.188,61.188,-0.0138,0.782,0.3104,0.5402
1781773977945,114982,-0.91553,0.52319,-0.33472,1.10633,-24.5,-25.25,51.875,-0.0122,0.7811,0.3124,0.5403
1781773977945,114982,-0.92651,0.50732,-0.2998,1.09804,-25.375,-16.0,45.188,-0.0109,0.7803,0.3143,0.5402
1781773977946,114983,-0.92651,0.50732,-0.2998,1.09804,-25.375,-16.0,45.188,-0.0109,0.7803,0.3143,0.5402
1781773978007,115044,-0.92651,0.50732,-0.2998,1.09804,-25.375,-16.0,45.188,-0.0109,0.7803,0.3143,0.5402
1781773978007,115044,-1.01489,0.43652,0.37183,1.16568,-23.875,-106.188,20.875,-0.0061,0.7734,0.3311,0.5402
1781773978009,115046,-0.80371,0.57104,-0.20117,1.00624,-48.062,21.25,-2.125,-0.0257,0.7719,0.3468,0.532
1781773978065,115102,-0.80664,0.53857,-0.22461,0.99558,-35.25,3.812,-2.938,-0.028,0.7712,0.3493,0.5313
1781773978066,115103,-0.80127,0.53979,-0.22339,0.99162,-30.625,2.938,-2.125,-0.0288,0.7708,0.3502,0.5311
1781773978066,115103,-0.87256,0.61816,-0.22046,1.09183,-28.375,21.688,4.312,-0.0344,0.7706,0.3581,0.5258
1781773978125,115162,-0.87256,0.61816,-0.22046,1.09183,-28.375,21.688,4.312,-0.0344,0.7706,0.3581,0.5258
1781773978126,115163,-0.84546,0.60156,-0.24219,1.06552,-30.938,33.375,5.25,-0.0358,0.7709,0.3597,0.5241
1781773978126,115163,-0.84546,0.60156,-0.24219,1.06552,-30.938,33.375,5.25,-0.0358,0.7709,0.3597,0.5241
1781773978188,115225,-0.70923,0.55737,-0.14282,0.91327,-2.25,24.125,6.75,-0.0463,0.7768,0.3706,0.5067
1781773978189,115226,-0.72241,0.55811,-0.14771,0.92476,9.312,0.312,6.812,-0.0459,0.7772,0.3706,0.5062
1781773978189,115226,-0.77539,0.50659,-0.22314,0.95271,60.75,0.0,1.75,-0.0342,0.7822,0.3582,0.5083
1781773978245,115282,-0.77637,0.50317,-0.23022,0.95338,60.938,8.562,-1.5,-0.0317,0.7843,0.3541,0.5082
1781773978245,115282,-0.79272,0.50781,-0.2229,0.96746,60.0,11.562,-3.0,-0.0307,0.7855,0.3519,0.5079
1781773978248,115285,-0.76001,0.46631,-0.29224,0.93833,21.938,16.625,-22.312,-0.0279,0.7939,0.3364,0.5056
1781773978305,115342,-0.76001,0.46631,-0.29224,0.93833,21.938,16.625,-22.312,-0.0279,0.7939,0.3364,0.5056
1781773978305,115342,-0.71851,0.43384,-0.27344,0.88274,17.938,12.875,-22.75,-0.0291,0.795,0.3341,0.5052
1781773978306,115343,-0.73975,0.43726,-0.33203,0.92123,8.0,13.375,7.688,-0.0299,0.7988,0.3275,0.5034
1781773978367,115404,-0.73462,0.44507,-0.33154,0.92069,6.812,13.938,9.062,-0.0297,0.7993,0.3274,0.5028
1781773978367,115404,-0.73975,0.44385,-0.33716,0.92623,5.688,13.0,10.438,-0.0294,0.7997,0.3274,0.5021
1781773978368,115405,-0.82935,0.43677,-0.26196,0.97324,7.438,-5.062,21.375,-0.0244,0.8012,0.3289,0.4991
1781773978425,115462,-0.83838,0.40063,-0.2749,0.969,7.312,0.188,23.438,-0.0225,0.8013,0.3294,0.4987
1781773978425,115462,-0.8335,0.4248,-0.29028,0.97951,6.812,5.125,22.188,-0.0216,0.8015,0.3295,0.4982
1781773978426,115463,-0.81445,0.46997,-0.30688,0.98913,-6.688,2.625,13.062,-0.0171,0.8034,0.333,0.4931
1781773978485,115522,-0.81445,0.46997,-0.30688,0.98913,-6.688,2.625,13.062,-0.0171,0.8034,0.333,0.4931
1781773978485,115522,-0.81934,0.48511,-0.31958,1.00438,-5.375,-0.25,13.875,-0.0162,0.8031,0.3342,0.4927
1781773978487,115524,-0.84302,0.56079,-0.31152,1.05935,14.75,6.375,21.688,-0.0109,0.805,0.3369,0.4879
1781773978545,115582,-0.82178,0.57812,-0.33252,1.05836,15.75,2.625,20.438,-0.0093,0.8055,0.3367,0.4873
1781773978546,115583,-0.81689,0.57129,-0.33765,1.05247,15.0,1.875,18.562,-0.0084,0.8058,0.3366,0.4869
1781773978546,115583,-0.79077,0.55518,-0.29736,1.01092,0.125,-45.312,-78.125,-0.0219,0.7991,0.3216,0.5073
1781773978605,115642,-0.79077,0.55518,-0.29736,1.01092,0.125,-45.312,-78.125,-0.0219,0.7991,0.3216,0.5073
1781773978606,115643,-0.90552,0.50977,-0.52295,1.16331,36.875,-48.938,-97.188,-0.025,0.7979,0.318,0.5113
1781773978606,115643,-0.84814,0.50488,-0.39429,1.06288,71.125,-3.625,-62.312,-0.0212,0.8027,0.2723,0.5298
1781773978665,115702,-0.87451,0.51636,-0.38501,1.08611,66.125,21.75,-57.125,-0.0219,0.8038,0.2686,0.53
1781773978665,115702,-0.86353,0.50635,-0.33716,1.05629,56.0,55.062,-52.062,-0.0233,0.8063,0.2637,0.5287
1781773978666,115703,-1.02637,0.2915,-0.0354,1.06755,49.688,88.75,-87.375,-0.0478,0.8263,0.2421,0.506
1781773978730,115767,-1.02637,0.2915,-0.0354,1.06755,49.688,88.75,-87.375,-0.0478,0.8263,0.2421,0.506
1781773978730,115767,-1.00049,0.25391,0.28955,1.07205,67.062,50.0,-90.062,-0.0502,0.8278,0.2379,0.5053
1781773978730,115767,0.20654,-0.3999,-0.08276,0.45764,130.188,123.438,-323.75,-0.0659,0.8306,0.1572,0.5299
1781773978785,115822,-0.14893,0.55298,0.29224,0.64294,160.188,-176.5,-243.0,-0.0779,0.8278,0.135,0.5387
1781773978785,115822,-0.03149,0.03125,-0.62646,0.62803,161.812,-320.188,-215.062,-0.0803,0.8215,0.1248,0.5502
1781773978786,115823,-0.85034,-0.07153,-0.39087,0.9386,-10.875,-256.938,-249.312,-0.1497,0.7732,0.0448,0.6144
1781773978847,115884,-1.1123,0.09961,-0.13257,1.1246,-43.812,-332.312,-269.25,-0.1584,0.7631,0.0413,0.6249
1781773978847,115884,-2.68286,1.18945,-0.26709,2.94684,-11.25,-226.625,-201.875,-0.1701,0.7476,0.038,0.6407
1781773978847,115884,0.25952,-0.77319,0.36572,0.89383,177.125,618.938,-536.688,-0.2427,0.7783,-0.0844,0.5726
1781773978908,115945,0.2439,-0.6123,0.24854,0.70439,211.438,536.438,-524.25,-0.2534,0.7852,-0.1101,0.554
1781773978908,115945,0.11353,-0.47632,0.34448,0.59869,232.125,413.312,-486.688,-0.2625,0.7889,-0.1345,0.5389
1781773978908,115945,0.01685,-1.1438,-0.20288,1.16177,229.312,-24.875,-389.312,-0.3349,0.744,-0.3286,0.4755
1781773978966,116003,-0.05151,-1.23486,-0.12671,1.24242,225.062,-93.75,-368.438,-0.3433,0.7336,-0.3424,0.4759
1781773978967,116004,-0.14258,-1.3252,-0.09058,1.33592,216.0,-159.688,-348.75,-0.3521,0.7219,-0.3546,0.4783
1781773978967,116004,-0.677,-1.5835,-0.01392,1.7222,198.5,-182.688,-320.188,-0.4416,0.5828,-0.442,0.5192
1781773979030,116067,-0.66846,-1.54761,-0.04175,1.68632,201.188,-149.812,-313.812,-0.4478,0.5695,-0.4509,0.521
1781773979031,116068,-0.62866,-1.53564,-0.09814,1.66224,201.25,-116.438,-309.0,-0.4532,0.5569,-0.4602,0.5219
1781773979031,116068,-0.12744,-1.36865,-0.17188,1.38528,169.5,32.062,-266.125,-0.4749,0.4595,-0.5686,0.4896
1781773979085,116122,-0.10522,-1.35083,-0.21216,1.37143,162.562,17.938,-248.938,-0.4759,0.4509,-0.5774,0.4863
1781773979087,116124,-0.0979,-1.33618,-0.23242,1.35977,152.188,0.0,-229.75,-0.4771,0.4425,-0.5852,0.4835
1781773979087,116124,-0.15234,-1.0249,-0.26709,1.07003,-27.125,-171.25,-35.688,-0.5115,0.3847,-0.6016,0.4776
1781773979147,116184,-0.16553,-1.00781,-0.23291,1.04754,-44.812,-181.688,-12.562,-0.5172,0.3818,-0.5972,0.4793
1781773979147,116184,-0.17749,-1.0083,-0.18823,1.04096,-60.438,-188.312,9.25,-0.523,0.3798,-0.5919,0.4811
1781773979148,116185,-0.28418,-0.98218,0.11401,1.0288,-136.062,-91.875,134.188,-0.5711,0.3933,-0.5167,0.5019
1781773979206,116243,-0.30762,-0.98779,0.09888,1.0393,-138.688,-68.375,140.688,-0.5732,0.3983,-0.5094,0.5029
1781773979206,116243,-0.32812,-0.9939,0.08521,1.05012,-141.438,-43.625,147.062,-0.5747,0.404,-0.5025,0.5036
1781773979206,116243,-0.23926,-1.19556,-0.0603,1.22075,-149.688,148.562,171.375,-0.5591,0.4911,-0.4561,0.4878
1781773979265,116302,-0.18311,-1.23535,-0.04272,1.24958,-149.688,151.812,171.312,-0.5538,0.5063,-0.4513,0.4827
1781773979266,116303,-0.13989,-1.25928,-0.02734,1.26732,-147.812,149.312,171.5,-0.5501,0.5163,-0.4481,0.4793
1781773979266,116303,0.00146,-0.92334,0.01709,0.9235,-98.625,32.625,157.0,-0.518,0.5938,-0.408,0.4607
1781773979326,116363,-0.0083,-0.88525,0.04614,0.88649,-93.562,18.875,156.0,-0.5141,0.6021,-0.4006,0.4608
1781773979330,116367,-0.01636,-0.88062,0.0979,0.88619,-85.875,5.812,155.188,-0.5103,0.6096,-0.3931,0.4616
1781773979330,116367,-0.12183,-0.93433,0.10889,0.94851,1.188,-9.812,118.562,-0.487,0.6386,-0.3576,0.4764
1781773979385,116422,-0.14844,-0.91211,0.06299,0.92625,10.875,-4.188,111.125,-0.4838,0.6406,-0.3554,0.4785
1781773979386,116423,-0.17261,-0.88159,0.02026,0.89856,19.062,2.438,103.875,-0.4805,0.6425,-0.3538,0.4805
1781773979386,116423,-0.10962,-0.86914,-0.0459,0.87723,59.438,49.312,30.625,-0.448,0.6558,-0.3594,0.4896
1781773979445,116482,-0.08765,-0.88745,-0.02588,0.89214,64.062,49.0,23.0,-0.4453,0.6562,-0.3618,0.4898
1781773979447,116484,-0.06567,-0.90454,-0.00195,0.90692,70.125,47.312,14.875,-0.4426,0.6564,-0.3644,0.4901
1781773979447,116484,-0.04907,-0.8877,-0.08789,0.89338,124.0,1.125,-40.812,-0.4232,0.6414,-0.4006,0.4986
1781773979506,116543,-0.07642,-0.89038,-0.12109,0.90182,125.5,-4.812,-47.812,-0.4212,0.6369,-0.4072,0.5009
1781773979506,116543,-0.09326,-0.89551,-0.13892,0.911,125.312,-9.688,-52.125,-0.4201,0.6335,-0.4116,0.5025
1781773979506,116543,-0.18994,-1.07739,-0.13208,1.10195,97.438,-38.188,-68.25,-0.4183,0.5964,-0.4474,0.5184
1781773979565,116602,-0.19531,-1.10742,-0.10645,1.12954,94.625,-37.125,-70.562,-0.4189,0.5906,-0.4524,0.5204
1781773979565,116602,-0.19385,-1.12671,-0.09912,1.14755,92.812,-35.562,-72.062,-0.4194,0.5867,-0.4557,0.5216
1781773979566,116603,-0.22217,-1.01978,-0.15332,1.0549,57.312,7.438,-77.812,-0.4237,0.5538,-0.4899,0.5228
1781773979629,116666,-0.21362,-1.00317,-0.15942,1.03798,51.562,9.938,-75.938,-0.4242,0.5516,-0.493,0.5219
1781773979630,116667,-0.20459,-0.99463,-0.16406,1.02862,45.125,12.312,-74.0,-0.4247,0.5496,-0.4959,0.5209
1781773979630,116667,-0.20459,-0.99463,-0.16406,1.02862,45.125,12.312,-74.0,-0.4247,0.5496,-0.4959,0.5209
1781773979693,116730,-0.11157,-1.09668,-0.08276,1.10544,-14.938,12.062,-47.25,-0.4332,0.5394,-0.5153,0.5054
1781773979693,116730,-0.10986,-1.10645,-0.06982,1.11408,-18.562,8.062,-42.562,-0.4345,0.5393,-0.516,0.5039
1781773979694,116731,-0.10986,-1.10645,-0.06982,1.11408,-18.562,8.062,-42.562,-0.4345,0.5393,-0.516,0.5039
1781773979745,116782,-0.21729,-1.02344,-0.13867,1.0554,-70.188,-26.938,18.0,-0.4512,0.5449,-0.5042,0.4949
1781773979745,116782,-0.20654,-1.02637,-0.13501,1.05561,-74.5,-28.375,23.0,-0.4528,0.5464,-0.5015,0.4946
1781773979747,116784,-0.20654,-1.02637,-0.13501,1.05561,-74.5,-28.375,23.0,-0.4528,0.5464,-0.5015,0.4946
1781773979805,116842,-0.15649,-0.96436,-0.03589,0.97763,-77.875,2.312,32.188,-0.4666,0.5699,-0.4701,0.486
1781773979806,116843,-0.15503,-0.93726,-0.05493,0.95158,-77.562,8.75,31.312,-0.4674,0.5722,-0.4677,0.4849
1781773979806,116843,-0.10254,-1.02026,-0.00415,1.02541,-66.688,49.75,34.312,-0.468,0.5995,-0.4512,0.4666
1781773979866,116903,-0.0918,-1.02051,-0.02246,1.02487,-60.75,44.562,36.75,-0.4671,0.6037,-0.4491,0.464
1781773979866,116903,-0.08472,-1.01147,-0.04761,1.01613,-57.062,43.188,36.812,-0.4665,0.6064,-0.4478,0.4624
1781773979866,116903,-0.08472,-1.01147,-0.04761,1.01613,-57.062,43.188,36.812,-0.4665,0.6064,-0.4478,0.4624
1781773979925,116962,-0.08472,-1.01147,-0.04761,1.01613,-57.062,43.188,36.812,-0.4665,0.6064,-0.4478,0.4624
1781773979927,116964,-0.12744,-0.82983,-0.14941,0.85275,-44.5,2.188,29.125,-0.4621,0.6287,-0.4323,0.4515
1781773979927,116964,-0.09229,-0.84692,-0.09399,0.85711,-2.188,-4.312,3.375,-0.4627,0.6361,-0.4195,0.4526
1781773979985,117022,-0.1145,-0.82886,-0.1228,0.84569,3.625,-2.562,-2.688,-0.4628,0.6359,-0.4196,0.4529
1781773979985,117022,-0.12427,-0.82373,-0.13647,0.84416,6.25,-3.062,-4.688,-0.4629,0.6356,-0.4197,0.453
1781773979989,117026,-0.12427,-0.82373,-0.13647,0.84416,6.25,-3.062,-4.688,-0.4629,0.6356,-0.4197,0.453
1781773980046,117083,-0.17529,-0.80469,-0.2876,0.87233,14.688,-8.562,-19.625,-0.465,0.6294,-0.4238,0.4558
1781773980046,117083,-0.16675,-0.81299,-0.27515,0.87433,13.375,-9.75,-20.562,-0.4656,0.6281,-0.4246,0.4561
1781773980046,117083,-0.12744,-0.82666,-0.22778,0.86689,14.5,-15.875,-27.375,-0.4711,0.6195,-0.4286,0.4586
1781773980105,117142,-0.1438,-0.78467,-0.23853,0.83263,15.812,-15.25,-28.438,-0.4722,0.6178,-0.4295,0.4588
1781773980105,117142,-0.15405,-0.74829,-0.25269,0.80469,16.688,-15.062,-27.375,-0.4728,0.6167,-0.4301,0.4591
1781773980114,117151,-0.11816,-0.65698,-0.22998,0.70603,-11.125,14.188,-7.625,-0.4769,0.6116,-0.4331,0.4588
1781773980165,117202,-0.11816,-0.65698,-0.22998,0.70603,-11.125,14.188,-7.625,-0.4769,0.6116,-0.4331,0.4588
1781773980165,117202,-0.06958,-0.76099,-0.11353,0.77255,-10.5,16.0,-4.562,-0.4771,0.6124,-0.4335,0.4573
1781773980166,117203,-0.19531,-0.81934,-0.22705,0.87236,-1.062,16.062,-14.625,-0.477,0.613,-0.439,0.4512
1781773980228,117265,-0.21655,-0.81396,-0.24707,0.87777,-3.812,14.938,-12.812,-0.4771,0.6131,-0.4395,0.4506
1781773980229,117266,-0.23218,-0.82568,-0.25122,0.89374,-7.75,15.062,-11.0,-0.4772,0.6134,-0.4398,0.4498
1781773980233,117270,-0.14453,-1.10767,-0.00195,1.11706,18.312,21.625,-12.938,-0.4771,0.6168,-0.4436,0.4415
1781773980284,117321,-0.14771,-1.00317,-0.06445,1.01604,31.938,21.062,-14.0,-0.4759,0.6159,-0.4465,0.441
1781773980284,117321,-0.1521,-0.95166,-0.10181,0.9691,34.5,24.25,-14.562,-0.4752,0.6154,-0.4481,0.4409
1781773980289,117326,-0.10034,-0.70972,-0.03467,0.71761,43.875,19.625,-20.0,-0.4669,0.6113,-0.4661,0.4367
1781773980345,117382,-0.0896,-0.65698,-0.05469,0.66532,48.875,15.562,-27.0,-0.466,0.6096,-0.4692,0.4367
1781773980345,117382,-0.09106,-0.60571,-0.06982,0.61649,51.562,16.188,-33.875,-0.4656,0.6083,-0.4714,0.4367
1781773980346,117383,-0.14624,-0.12085,-0.09277,0.21118,39.188,-4.688,-3.938,-0.4628,0.5954,-0.492,0.4346
1781773980408,117445,-0.14624,-0.12085,-0.09277,0.21118,39.188,-4.688,-3.938,-0.4628,0.5954,-0.492,0.4346
1781773980411,117448,-0.10132,-0.198,-0.00513,0.22247,39.312,-10.562,17.0,-0.462,0.5946,-0.4926,0.4359
1781773980411,117448,0.50757,0.17285,0.14111,0.55445,-211.812,-273.125,350.5,-0.4688,0.5864,-0.4188,0.5105
1781773980467,117504,0.61475,-0.04688,0.18042,0.64239,-217.375,-355.125,358.188,-0.4716,0.5913,-0.3889,0.5257
1781773980469,117506,0.51123,-0.20483,0.22803,0.59608,-211.562,-395.438,364.188,-0.4735,0.5931,-0.3677,0.5371
1781773980477,117514,0.4021,0.39917,0.37744,0.6808,-168.812,-559.688,354.188,-0.4864,0.5698,-0.1491,0.6451
1781773980525,117562,0.4021,0.39917,0.37744,0.6808,-168.812,-559.688,354.188,-0.4864,0.5698,-0.1491,0.6451
1781773980525,117562,0.18335,0.42065,0.30566,0.55136,-147.875,-584.938,387.062,-0.484,0.5586,-0.1096,0.6644
1781773980526,117563,-0.25317,-0.04614,-0.02173,0.25826,-51.062,-403.625,489.625,-0.3903,0.4953,0.1699,0.7571
1781773980586,117623,-0.15723,-0.12793,-0.16138,0.25909,-47.375,-341.812,480.625,-0.379,0.4912,0.1924,0.7601
1781773980586,117623,-0.1665,-0.17236,-0.03589,0.24232,-44.688,-245.688,453.875,-0.363,0.4884,0.2229,0.7614
1781773980586,117623,-0.01831,-0.17261,0.18335,0.25248,-118.75,-21.875,280.5,-0.3118,0.4979,0.3552,0.7269
1781773980653,117690,0.12622,-0.09912,-0.14575,0.2168,-163.812,-31.438,253.75,-0.3105,0.4981,0.367,0.7215
1781773980653,117690,0.15723,-0.24097,-0.32739,0.43586,-209.688,64.688,208.0,-0.3128,0.499,0.3773,0.7145
1781773980653,117690,-0.88599,5.55273,0.60791,5.65574,-458.938,908.062,1837.5,-0.3161,0.6625,0.5955,0.326
1781773980707,117744,1.84424,2.03198,0.38379,2.77082,-729.875,460.938,1361.625,-0.2859,0.6887,0.6311,0.213
1781773980707,117744,3.44824,1.26172,-2.62451,4.51335,-712.688,-1022.688,801.5,-0.2302,0.6685,0.6835,0.1807
1781773980707,117744,-0.63379,0.03442,0.32031,0.71097,-73.688,162.812,-235.938,-0.1697,0.6508,0.7127,0.1986
1781773980765,117802,-0.04688,0.3877,0.08325,0.39929,-110.938,162.25,-199.438,-0.1806,0.6479,0.7126,0.1988
1781773980765,117802,-0.22485,1.33862,-0.21777,1.37473,-193.312,2.875,-195.188,-0.1943,0.6394,0.7155,0.203
1781773980766,117803,-0.5188,0.72339,0.15918,0.90431,53.25,140.812,-174.812,-0.2533,0.6066,0.7171,0.231
1781773980825,117862,-0.81567,0.51416,0.10254,0.96964,63.375,102.688,-112.438,-0.2635,0.6088,0.7107,0.2337
1781773980827,117864,-0.31543,0.79297,-0.20239,0.87707,78.125,80.188,-112.25,-0.2697,0.6119,0.7047,0.2364
1781773980835,117872,-2.14478,1.22998,-0.26855,2.48697,206.062,438.125,-309.438,-0.3922,0.6362,0.6182,0.2429
1781773980885,117922,-1.03711,1.04224,-0.62036,1.59584,25.562,-108.312,-4.0,-0.3975,0.6376,0.6113,0.2478
1781773980885,117922,-0.72705,0.96191,-0.14136,1.21403,57.562,-79.875,8.75,-0.3921,0.6381,0.6123,0.2528
1781773980886,117923,-0.72705,0.96191,-0.14136,1.21403,57.562,-79.875,8.75,-0.3921,0.6381,0.6123,0.2528
1781773980945,117982,-0.68115,0.90967,-0.31445,1.17913,84.0,22.5,-42.812,-0.3944,0.6585,0.5808,0.2705
1781773980946,117983,-0.75122,0.85059,-0.30762,1.17578,76.25,17.5,-43.875,-0.3956,0.6607,0.5762,0.2732
1781773980946,117983,-0.78174,0.7478,-0.21338,1.10266,72.688,7.25,13.125,-0.3925,0.6724,0.5583,0.2861
1781773981005,118042,-0.44067,0.6001,-0.66479,0.99813,76.25,-64.188,13.875,-0.3861,0.6759,0.5559,0.2911
1781773981005,118042,-0.58496,0.80664,-0.56763,1.14676,42.312,52.312,-14.125,-0.3861,0.6773,0.5541,0.2913
1781773981006,118043,-0.69971,0.69678,-0.26245,1.02175,81.688,31.0,-20.875,-0.4047,0.6783,0.5389,0.2922
1781773981068,118105,-0.73218,0.66431,-0.31665,1.0381,122.188,53.688,-27.5,-0.4052,0.6811,0.5345,0.2933
1781773981068,118105,-0.8064,0.5481,-0.24585,1.00555,163.375,74.75,-34.812,-0.4058,0.6848,0.5283,0.2947
1781773981068,118105,-0.66016,0.65649,-0.75049,1.19584,116.062,51.312,-2.688,-0.3977,0.7435,0.4414,0.3063
1781773981125,118162,-0.52051,0.49365,-0.82153,1.09066,82.625,44.875,-5.875,-0.3975,0.7459,0.4374,0.3064
1781773981125,118162,-0.59326,0.5625,-0.65942,1.05034,56.0,49.125,-19.562,-0.3981,0.7474,0.4345,0.3061
1781773981126,118163,-0.66309,0.50854,-0.59058,1.02327,-89.0,-28.125,26.875,-0.41,0.7418,0.4393,0.2973
1781773981185,118222,-0.66455,0.51392,-0.5791,1.02034,-83.938,-43.812,41.5,-0.4091,0.7404,0.4432,0.2962
1781773981185,118222,-0.64771,0.51416,-0.60449,1.02435,-86.375,-50.438,48.312,-0.4077,0.739,0.4474,0.2952
1781773981186,118223,-0.64453,0.53687,-0.52539,0.98979,-44.0,-37.0,57.312,-0.3924,0.7291,0.4834,0.2836
1781773981245,118282,-0.63135,0.54785,-0.50977,0.97908,-37.688,-34.188,55.375,-0.3904,0.7288,0.4859,0.2828
1781773981245,118282,-0.61157,0.56372,-0.49243,0.96659,-31.188,-33.812,52.125,-0.3884,0.7287,0.4881,0.2821
1781773981246,118283,-0.6145,0.59399,-0.5354,1.00851,15.938,19.062,-1.062,-0.3809,0.7331,0.4907,0.2763
1781773981305,118342,-0.62085,0.58521,-0.56616,1.02394,18.188,19.938,-3.625,-0.3813,0.734,0.4893,0.2758
1781773981305,118342,-0.62573,0.57837,-0.57129,1.02588,18.688,23.438,-5.625,-0.3817,0.7347,0.4882,0.2754
1781773981306,118343,-0.61841,0.59961,-0.59448,1.0466,39.438,32.062,-17.438,-0.39,0.7425,0.4713,0.2724
1781773981367,118404,-0.61841,0.59961,-0.59448,1.0466,39.438,32.062,-17.438,-0.39,0.7425,0.4713,0.2724
1781773981367,118404,-0.61865,0.59009,-0.59106,1.03937,40.25,29.25,-16.562,-0.3907,0.7434,0.4692,0.2724
1781773981367,118404,-0.61011,0.55347,-0.65063,1.04971,27.312,17.688,-17.0,-0.3958,0.7516,0.4509,0.2736
1781773981426,118463,-0.62451,0.56689,-0.65259,1.06642,24.25,14.625,-16.125,-0.3963,0.7521,0.4496,0.2737
1781773981426,118463,-0.6333,0.57056,-0.6543,1.07457,20.625,11.188,-14.562,-0.3967,0.7525,0.4485,0.2739
1781773981426,118463,-0.61035,0.52954,-0.63208,1.0259,-9.0,-5.875,1.75,-0.3978,0.7529,0.4464,0.2744
1781773981489,118526,-0.61548,0.54272,-0.62573,1.03194,-10.75,-7.25,2.5,-0.3977,0.7528,0.4469,0.2742
1781773981495,118532,-0.62012,0.5542,-0.61694,1.03552,-12.375,-9.062,4.0,-0.3975,0.7525,0.4475,0.2742
1781773981495,118532,-0.65039,0.52563,-0.66187,1.06647,-15.75,-10.5,17.188,-0.3933,0.7511,0.4548,0.272
1781773981545,118582,-0.66895,0.56006,-0.64575,1.08543,-18.125,-10.562,18.438,-0.3919,0.7509,0.457,0.271
1781773981545,118582,-0.64233,0.56934,-0.62842,1.06379,-17.938,-8.75,18.188,-0.3913,0.7507,0.458,0.2706
1781773981545,118582,-0.58032,0.52759,-0.55566,0.96119,3.625,5.875,7.188,-0.3885,0.7518,0.4608,0.2667
1781773981605,118642,-0.57544,0.52563,-0.55493,0.95675,5.5,6.812,6.5,-0.3884,0.7522,0.4606,0.2664
1781773981606,118643,-0.57544,0.52393,-0.57324,0.96656,7.25,7.625,5.875,-0.3882,0.7526,0.4603,0.266
1781773981606,118643,-0.58716,0.53516,-0.58984,0.98948,12.562,10.125,6.312,-0.387,0.7568,0.4559,0.2632
1781773981664,118701,-0.60742,0.53613,-0.60693,1.01231,12.0,11.25,4.812,-0.3868,0.7578,0.4548,0.2625
1781773981665,118702,-0.60938,0.54492,-0.61304,1.02181,11.125,11.812,4.5,-0.3867,0.7583,0.4542,0.2622
1781773981665,118702,-0.62109,0.56616,-0.63403,1.05276,5.25,6.75,2.0,-0.3867,0.7614,0.4508,0.2594
1781773981728,118765,-0.6416,0.57227,-0.62964,1.06564,3.688,4.25,3.062,-0.3866,0.7617,0.4504,0.2591
1781773981728,118765,-0.63892,0.56616,-0.62378,1.05729,2.875,3.438,4.5,-0.3865,0.7619,0.4503,0.2589
1781773981728,118765,-0.63892,0.56616,-0.62378,1.05729,2.875,3.438,4.5,-0.3865,0.7619,0.4503,0.2589
1781773981784,118821,-0.60474,0.58765,-0.63477,1.05544,-8.125,3.25,4.438,-0.3856,0.7634,0.4505,0.2555
1781773981785,118822,-0.61426,0.58765,-0.63843,1.06312,-8.438,2.312,5.25,-0.3855,0.7634,0.4508,0.2551
1781773981785,118822,-0.62769,0.52246,-0.65503,1.04691,-8.062,4.875,5.062,-0.3844,0.7637,0.4533,0.2515
1781773981845,118882,-0.62769,0.52246,-0.65503,1.04691,-8.062,4.875,5.062,-0.3844,0.7637,0.4533,0.2515
1781773981846,118883,-0.60229,0.54102,-0.64331,1.03407,-9.5,6.312,3.875,-0.3845,0.7637,0.4537,0.2504
1781773981846,118883,-0.60229,0.54102,-0.64331,1.03407,-9.5,6.312,3.875,-0.3845,0.7637,0.4537,0.2504
1781773981905,118942,-0.61035,0.51343,-0.61426,1.0067,-1.125,13.312,0.188,-0.3875,0.7642,0.4537,0.2442
1781773981905,118942,-0.60498,0.5083,-0.6106,0.9986,-0.688,14.5,0.75,-0.3878,0.7644,0.4535,0.2436
1781773981905,118942,-0.63574,0.55542,-0.66284,1.07332,-11.062,16.5,7.562,-0.3909,0.7662,0.4517,0.236
1781773981968,119005,-0.62939,0.55957,-0.71289,1.10339,-14.688,8.312,11.25,-0.3909,0.7663,0.452,0.2352
1781773981968,119005,-0.64819,0.58838,-0.64917,1.08985,-17.0,2.875,13.938,-0.3908,0.7662,0.4527,0.2344
1781773981969,119006,-0.53931,0.4585,-0.57349,0.91102,0.125,-5.812,5.375,-0.3859,0.7668,0.4573,0.2316
1781773982025,119062,-0.53491,0.45605,-0.57397,0.9075,4.875,2.438,3.625,-0.3856,0.767,0.4572,0.2315
1781773982025,119062,-0.52832,0.45337,-0.57837,0.90508,5.688,4.438,0.125,-0.3856,0.7673,0.4569,0.2314
1781773982026,119063,-0.56616,0.54907,-0.56055,0.96759,21.25,-24.75,3.188,-0.3809,0.7694,0.4549,0.2362
1781773982084,119121,-0.56616,0.54907,-0.56055,0.96759,21.25,-24.75,3.188,-0.3809,0.7694,0.4549,0.2362
1781773982085,119122,-0.53833,0.56567,-0.62646,1.00112,21.938,-27.062,3.438,-0.3801,0.7697,0.4545,0.2372
1781773982089,119126,-0.55688,0.52905,-0.58618,0.96624,8.312,11.5,7.75,-0.3724,0.7756,0.4505,0.2374
1781773982146,119183,-0.55688,0.52905,-0.58618,0.96624,8.312,11.5,7.75,-0.3724,0.7756,0.4505,0.2374
1781773982146,119183,-0.53906,0.53906,-0.59058,0.96434,4.0,7.812,6.438,-0.3723,0.7764,0.4499,0.2365
1781773982146,119183,-0.5686,0.37134,-0.4873,0.83586,2.438,-8.375,16.188,-0.3689,0.7788,0.4504,0.2327
1781773982208,119245,-0.54761,0.46094,-0.62109,0.94768,3.938,2.375,18.0,-0.3682,0.7792,0.4504,0.2324
1781773982208,119245,-0.56934,0.48291,-0.61377,0.96647,1.0,6.562,19.5,-0.3677,0.7797,0.4504,0.2318
1781773982208,119245,-0.41235,0.71997,-0.65356,1.05619,6.375,-59.375,75.75,-0.3475,0.7852,0.4584,0.2286
1781773982266,119303,-0.45874,0.69727,-0.43018,0.93897,11.0,-32.188,79.625,-0.3439,0.7861,0.4596,0.2285
1781773982266,119303,-0.33105,0.87891,-0.75732,1.20649,18.062,-20.125,79.812,-0.3404,0.7875,0.4602,0.2278
1781773982267,119304,-0.48096,0.66089,-0.63062,1.03236,22.312,-49.0,48.062,-0.314,0.7969,0.4623,0.2288
1781773982325,119362,-0.56958,0.61792,-0.83276,1.18311,35.75,-102.688,47.125,-0.3074,0.7979,0.4631,0.2324
1781773982325,119362,-0.44263,0.73877,-0.82739,1.19427,34.062,-7.25,61.062,-0.3044,0.7993,0.4628,0.2326
1781773982326,119363,-0.46069,0.57617,-0.53198,0.90952,27.875,-77.188,67.125,-0.2731,0.8072,0.4658,0.2378
1781773982385,119422,-0.47656,0.79858,-0.65503,1.1375,30.312,2.938,73.25,-0.2678,0.8092,0.4656,0.2374
1781773982387,119424,-0.47925,0.71265,-0.50293,0.99523,22.562,-45.5,64.5,-0.2647,0.8101,0.4659,0.2374
1781773982389,119426,-0.51196,0.69678,-0.6499,1.08166,4.312,-12.875,39.375,-0.2421,0.8176,0.4664,0.2346
1781773982451,119488,-0.51196,0.69678,-0.6499,1.08166,4.312,-12.875,39.375,-0.2421,0.8176,0.4664,0.2346
1781773982451,119488,-0.49756,0.6543,-0.66943,1.0601,2.688,8.0,34.0,-0.2402,0.8184,0.4666,0.2335
1781773982452,119489,-0.34766,0.66797,-0.62085,0.97596,-55.438,1.938,32.812,-0.2375,0.8171,0.4787,0.2155
1781773982505,119542,-0.36377,0.77319,-0.63965,1.06738,-53.0,25.0,30.562,-0.2372,0.8166,0.4807,0.2135
1781773982505,119542,-0.41772,0.77148,-0.57007,1.04626,-55.188,3.375,27.25,-0.2369,0.8156,0.4837,0.2109
1781773982507,119544,-0.37671,0.77637,-0.49097,0.99283,-18.75,23.562,32.5,-0.2362,0.8122,0.4952,0.1978
1781773982568,119605,-0.32227,0.7334,-0.51782,0.95387,-20.312,2.562,33.438,-0.2348,0.8123,0.4965,0.1959
1781773982568,119605,-0.3103,0.74121,-0.49951,0.94615,-18.438,13.75,30.312,-0.234,0.8123,0.4973,0.1945
1781773982568,119605,-0.35034,0.55615,-0.47705,0.81217,13.375,34.688,-34.312,-0.2487,0.8139,0.4917,0.1833
1781773982625,119662,-0.30933,0.57788,-0.46094,0.80131,19.5,46.438,-41.812,-0.2509,0.8143,0.4903,0.1827
1781773982629,119666,-0.29907,0.58911,-0.44604,0.79715,22.562,54.0,-49.938,-0.2534,0.8146,0.4886,0.1821
1781773982629,119666,-0.31665,0.55298,-0.50195,0.81118,180.812,-67.75,-79.188,-0.2669,0.8333,0.4376,0.2065
1781773982685,119722,-0.39551,0.46191,-0.41724,0.73748,191.25,-50.5,-83.5,-0.2672,0.8353,0.4308,0.2122
1781773982685,119722,-0.39453,0.33594,-0.39331,0.65054,209.875,-46.438,-86.25,-0.2675,0.8376,0.4232,0.2178
1781773982686,119723,-0.39771,0.34155,-1.26538,1.36968,86.25,-92.0,-189.688,-0.2939,0.8502,0.3427,0.2703
1781773982745,119782,-0.80908,0.44604,-0.95459,1.32846,59.875,-100.875,-166.375,-0.2981,0.8477,0.3396,0.2772
1781773982745,119782,-0.92773,0.51099,-0.83716,1.35005,49.625,-116.625,-99.625,-0.3024,0.8427,0.3359,0.2919
1781773982746,119783,-0.28491,0.25391,-0.55273,0.67168,86.312,-36.562,-9.812,-0.2885,0.841,0.3148,0.3319
1781773982804,119841,-0.44336,-0.00098,-0.46875,0.64521,102.562,-66.875,-33.688,-0.287,0.8412,0.3098,0.3373
1781773982805,119842,-0.69727,0.07983,-0.63062,0.94352,105.875,-116.688,-36.25,-0.2855,0.8406,0.3065,0.3428
1781773982806,119843,-0.44849,0.13013,-0.95996,1.06752,89.125,-94.125,-133.5,-0.2872,0.8346,0.2766,0.3797
1781773982867,119904,-0.32812,0.12695,-0.80371,0.87735,85.688,-33.75,-176.562,-0.2911,0.8328,0.2713,0.3843
1781773982867,119904,-0.21924,-0.07422,-0.42358,0.4827,99.125,5.625,-252.812,-0.3041,0.8292,0.257,0.3918
1781773982867,119904,-0.77539,-0.15234,-0.89697,1.19541,78.0,9.062,-232.125,-0.3546,0.8104,0.1967,0.4226
1781773982925,119962,-0.83398,-0.03857,-1.09155,1.37423,55.688,11.125,-217.0,-0.3646,0.8063,0.1871,0.4262
1781773982925,119962,-0.78735,-0.05127,-1.08179,1.33896,33.0,57.438,-203.375,-0.3748,0.8031,0.1782,0.4272
1781773982927,119964,-0.66675,-0.09399,-0.64648,0.93345,-66.688,51.5,-120.625,-0.4315,0.7853,0.1542,0.4158
1781773982987,120024,-0.57886,-0.09912,-0.66235,0.88522,-70.125,38.875,-113.312,-0.4423,0.7816,0.1531,0.4119
1781773982987,120024,-0.52393,-0.10376,-0.65991,0.84897,-70.25,53.188,-112.062,-0.4503,0.7791,0.1523,0.4085
1781773982987,120024,-0.74609,-0.08716,-0.64966,0.99313,-71.75,16.375,-83.625,-0.4951,0.7625,0.149,0.3887
1781773983044,120081,-0.78198,-0.07837,-0.646,1.01732,-71.75,2.562,-73.188,-0.4988,0.7605,0.15,0.3874
1781773983044,120081,-0.80688,-0.08081,-0.66406,1.04813,-69.938,-5.625,-52.0,-0.5049,0.7568,0.153,0.3855
1781773983045,120082,-0.58936,-0.05005,-0.5835,0.83085,-10.75,-14.5,-29.25,-0.5189,0.7468,0.1622,0.3826
1781773983106,120143,-0.55249,-0.05249,-0.56616,0.79281,-5.375,-17.25,-31.438,-0.5199,0.7458,0.1622,0.3832
1781773983109,120146,-0.52515,-0.06519,-0.5354,0.75278,1.625,-21.812,-35.5,-0.5214,0.7441,0.1621,0.3845
1781773983109,120146,-0.58081,-0.14844,-0.66309,0.8939,46.5,-59.75,-61.562,-0.5283,0.7307,0.1563,0.4028
1781773983165,120202,-0.58081,-0.14844,-0.66309,0.8939,46.5,-59.75,-61.562,-0.5283,0.7307,0.1563,0.4028
1781773983165,120202,-0.60669,-0.14404,-0.7168,0.95006,47.688,-63.812,-64.0,-0.529,0.7285,0.1551,0.4062
1781773983165,120202,-0.71436,-0.17041,-0.69897,1.01386,0.375,-66.188,-43.688,-0.5385,0.7019,0.1529,0.44
1781773983228,120265,-0.68335,-0.18335,-0.6687,0.97352,-4.125,-58.938,-43.188,-0.5404,0.6976,0.1543,0.444
1781773983231,120268,-0.67163,-0.18457,-0.6604,0.95983,-5.188,-53.312,-45.688,-0.5415,0.6955,0.1549,0.4458
1781773983235,120272,-0.82617,-0.21436,-0.78271,1.15808,-13.875,5.0,-75.0,-0.5601,0.6772,0.1492,0.4529
1781773983284,120321,-0.84937,-0.22314,-0.78687,1.17914,-19.062,8.25,-72.438,-0.5626,0.6755,0.1482,0.4526
1781773983285,120322,-0.86133,-0.21582,-0.77637,1.1795,-24.312,10.25,-68.25,-0.5651,0.674,0.1473,0.4522
1781773983286,120323,-0.66016,-0.26099,-0.58862,0.92217,-19.312,20.438,-55.312,-0.5852,0.6631,0.1419,0.4443
1781773983344,120381,-0.64282,-0.25928,-0.61523,0.9268,-10.562,12.125,-60.312,-0.5903,0.66,0.139,0.443
1781773983345,120382,-0.65381,-0.25586,-0.63989,0.94994,-7.625,2.562,-62.5,-0.5942,0.6571,0.1369,0.4429
1781773983346,120383,-0.80688,-0.29736,-0.66895,1.08948,5.438,-33.188,-56.125,-0.6077,0.6417,0.1311,0.4489
1781773983406,120443,-0.81689,-0.29761,-0.66357,1.09372,6.438,-35.188,-51.5,-0.6088,0.6397,0.1309,0.4502
1781773983406,120443,-0.81689,-0.29688,-0.66211,1.09263,8.188,-36.938,-46.625,-0.6098,0.6378,0.1307,0.4517
1781773983412,120449,-0.68188,-0.32739,-0.65015,0.99742,21.25,-24.938,-25.125,-0.6127,0.6256,0.1292,0.465
1781773983468,120505,-0.69873,-0.32397,-0.68457,1.03045,21.312,-23.125,-28.938,-0.613,0.6235,0.1282,0.4675
1781773983468,120505,-0.7146,-0.32227,-0.69678,1.04881,20.188,-22.062,-30.062,-0.6134,0.6224,0.1276,0.4688
1781773983469,120506,-0.72607,-0.32983,-0.6189,1.00946,7.0,-9.812,-0.688,-0.6156,0.6156,0.1251,0.4755
1781773983526,120563,-0.69531,-0.33691,-0.62451,0.99347,7.938,-7.938,2.75,-0.6154,0.6155,0.1252,0.4758
1781773983526,120563,-0.66455,-0.34009,-0.62524,0.97376,8.5,-6.938,5.188,-0.6151,0.6156,0.1253,0.4761
1781773983526,120563,-0.65576,-0.34302,-0.66113,0.99236,-0.312,-15.062,-26.875,-0.616,0.6121,0.1243,0.4798
1781773983592,120629,-0.68066,-0.33301,-0.64648,0.99606,-0.438,-18.562,-26.875,-0.6166,0.611,0.1242,0.4803
1781773983592,120629,-0.70264,-0.3291,-0.64111,1.0065,0.188,-21.375,-26.375,-0.6172,0.6099,0.1243,0.481
1781773983593,120630,-0.55493,-0.37549,-0.6062,0.90356,10.938,-5.75,-19.25,-0.6199,0.6026,0.1226,0.487
1781773983645,120682,-0.53442,-0.3811,-0.59595,0.88657,11.562,-5.438,-22.5,-0.6203,0.602,0.122,0.4875
1781773983645,120682,-0.52051,-0.40259,-0.60156,0.89156,12.875,-6.812,-27.938,-0.6207,0.6013,0.1212,0.488
1781773983647,120684,-0.52051,-0.40259,-0.60156,0.89156,12.875,-6.812,-27.938,-0.6207,0.6013,0.1212,0.488
1781773983713,120750,-0.52051,-0.40259,-0.60156,0.89156,12.875,-6.812,-27.938,-0.6207,0.6013,0.1212,0.488
1781773983713,120750,-0.83765,-0.39038,-0.73047,1.17798,-1.625,-11.938,-48.75,-0.6307,0.5866,0.1111,0.4955
1781773983714,120751,-0.83765,-0.39038,-0.73047,1.17798,-1.625,-11.938,-48.75,-0.6307,0.5866,0.1111,0.4955
1781773983766,120803,-0.67017,-0.4668,-0.69165,1.07023,0.188,18.062,-46.625,-0.6431,0.5751,0.1008,0.4952
1781773983767,120804,-0.69263,-0.4668,-0.70068,1.09022,-0.188,17.375,-48.0,-0.6444,0.5742,0.0994,0.4949
1781773983768,120805,-0.76855,-0.44897,-0.66187,1.1092,-5.625,5.75,-6.062,-0.653,0.5684,0.0908,0.492
1781773983824,120861,-0.71069,-0.44556,-0.62939,1.04869,-4.562,4.438,-0.188,-0.6533,0.5684,0.0908,0.4915
1781773983824,120861,-0.66504,-0.4436,-0.60962,1.00533,-3.5,4.062,2.125,-0.6533,0.5686,0.0908,0.4912
1781773983826,120863,-0.66504,-0.4436,-0.60962,1.00533,-3.5,4.062,2.125,-0.6533,0.5686,0.0908,0.4912
1781773983886,120923,-0.61743,-0.50024,-0.66211,1.03434,16.812,-14.062,-8.312,-0.6534,0.5681,0.0875,0.4923
1781773983887,120924,-0.64795,-0.47803,-0.60986,1.01009,21.688,-7.5,-8.312,-0.6531,0.5678,0.0871,0.4931
1781773983887,120924,-0.64795,-0.47803,-0.60986,1.01009,21.688,-7.5,-8.312,-0.6531,0.5678,0.0871,0.4931
1781773983944,120981,-0.55347,-0.46997,-0.53345,0.90098,8.875,-39.625,29.125,-0.6457,0.5668,0.0971,0.5021
1781773983945,120982,-0.53369,-0.46924,-0.53662,0.89049,10.375,-40.438,28.0,-0.6452,0.5668,0.0978,0.5026
1781773983947,120984,-0.71606,-0.48169,-0.6687,1.09176,-3.938,-38.438,-15.812,-0.6416,0.5596,0.106,0.5135
1781773984008,121045,-0.78955,-0.48047,-0.63477,1.12124,-8.062,-43.438,-12.312,-0.6422,0.557,0.1081,0.5151
1781773984008,121045,-0.79834,-0.47095,-0.6272,1.11916,-8.5,-42.125,-8.562,-0.6425,0.5557,0.1093,0.5159
1781773984010,121047,-0.57837,-0.45654,-0.5271,0.90597,-16.938,-6.688,-13.688,-0.6453,0.5494,0.1173,0.5173
1781773984064,121101,-0.57837,-0.45654,-0.5271,0.90597,-16.938,-6.688,-13.688,-0.6453,0.5494,0.1173,0.5173
1781773984065,121102,-0.5835,-0.45532,-0.53052,0.91062,-17.625,-7.0,-17.938,-0.6461,0.5488,0.1174,0.5171
1781773984066,121103,-0.77051,-0.44604,-0.54858,1.04575,-20.938,-15.688,-4.125,-0.6556,0.5399,0.1195,0.5139
1781773984125,121162,-0.77051,-0.44604,-0.54858,1.04575,-20.938,-15.688,-4.125,-0.6556,0.5399,0.1195,0.5139
1781773984125,121162,-0.7251,-0.44043,-0.51538,0.99265,-20.0,-22.625,7.125,-0.6561,0.539,0.1218,0.5136
1781773984126,121163,-0.60205,-0.48657,-0.55908,0.95488,10.375,-64.688,3.312,-0.652,0.533,0.1384,0.5208
1781773984184,121221,-0.66553,-0.47339,-0.61035,1.01958,9.562,-67.75,-0.875,-0.6512,0.531,0.1409,0.5234
1781773984185,121222,-0.7251,-0.45752,-0.61792,1.05684,6.812,-68.125,-2.062,-0.6506,0.5294,0.1426,0.525
1781773984185,121222,-0.68994,-0.42773,-0.40405,0.90677,13.0,-58.188,20.562,-0.6435,0.5194,0.1607,0.5386
1781773984244,121281,-0.64014,-0.44531,-0.40552,0.87893,16.438,-52.812,16.062,-0.6419,0.5184,0.163,0.5408
1781773984245,121282,-0.62671,-0.44727,-0.41699,0.87561,17.312,-52.938,14.188,-0.6414,0.518,0.1636,0.5415
1781773984245,121282,-0.46191,-0.59106,-0.23999,0.7876,-33.125,-91.562,6.062,-0.6311,0.5079,0.1905,0.5543
1781773984305,121342,-0.46191,-0.59106,-0.23999,0.7876,-33.125,-91.562,6.062,-0.6311,0.5079,0.1905,0.5543
1781773984305,121342,-0.70923,-0.45776,-0.77905,1.14868,-38.062,-73.562,-8.75,-0.6315,0.5037,0.1956,0.5559
1781773984305,121342,-1.00415,-0.41187,-0.1748,1.09932,-22.125,-107.438,39.812,-0.6307,0.4849,0.2282,0.561
1781773984365,121402,-0.67065,-0.49805,-0.35938,0.90938,-24.75,-92.5,29.438,-0.6281,0.4811,0.2376,0.5632
1781773984365,121402,-0.65796,-0.45508,-0.60718,1.00433,-26.562,-76.5,18.562,-0.6276,0.4795,0.2407,0.5639
1781773984366,121403,-0.91333,-0.43359,-0.49243,1.12457,-50.875,-81.438,1.188,-0.631,0.4637,0.263,0.5634
1781773984424,121461,-1.04492,-0.32935,-0.28394,1.13179,-53.25,-47.688,7.938,-0.6314,0.462,0.2658,0.5629
1781773984424,121461,-0.95361,-0.41211,-0.42603,1.12281,-52.375,-62.5,12.125,-0.6318,0.4603,0.2687,0.5625
1781773984425,121462,-0.83521,-0.37939,-0.3252,0.97327,-56.0,-53.125,14.562,-0.6351,0.4462,0.2957,0.5567
1781773984485,121522,-0.77661,-0.40771,-0.36768,0.95107,-56.438,-51.438,12.375,-0.6356,0.4446,0.2985,0.5559
1781773984485,121522,-0.79761,-0.34961,-0.2771,0.91389,-56.125,-26.375,6.312,-0.6367,0.4428,0.3017,0.5543
1781773984485,121522,-1.05444,-0.2915,-0.40503,1.16657,-40.188,-131.375,55.25,-0.6342,0.424,0.334,0.5534
1781773984544,121581,-1.02173,-0.33789,-0.38184,1.14188,-40.688,-110.938,64.0,-0.6323,0.4224,0.3393,0.5534
1781773984544,121581,-0.95581,-0.34888,-0.38843,1.08911,-44.0,-103.875,69.188,-0.6307,0.4212,0.3445,0.553
1781773984546,121583,-0.99146,-0.25,-0.12671,1.03031,-38.875,-93.625,24.062,-0.6189,0.3991,0.3933,0.5502
1781773984609,121646,-0.99146,-0.25,-0.12671,1.03031,-38.875,-93.625,24.062,-0.6189,0.3991,0.3933,0.5502
1781773984609,121646,-0.97949,-0.24976,-0.12329,1.01832,-35.0,-74.625,26.312,-0.6179,0.3973,0.3966,0.5501
1781773984609,121646,-1.0127,-0.11279,-0.04956,1.02016,-28.688,54.125,-79.375,-0.6322,0.3898,0.3859,0.547
1781773984665,121702,-1.0127,-0.11279,-0.04956,1.02016,-28.688,54.125,-79.375,-0.6322,0.3898,0.3859,0.547
1781773984665,121702,-0.99805,-0.08105,-0.30249,1.04602,-37.0,34.125,-83.312,-0.6361,0.3854,0.3836,0.5471
1781773984665,121702,-1.10425,-0.20874,0.06909,1.12593,-93.625,-73.312,30.0,-0.6422,0.3659,0.4144,0.5307
1781773984730,121767,-0.9729,-0.15039,-0.02368,0.98474,-80.312,-109.625,37.312,-0.6417,0.363,0.4195,0.5293
1781773984730,121767,-1.07642,-0.18457,0.20166,1.11059,-59.75,-22.125,42.0,-0.6415,0.3613,0.4245,0.5266
1781773984731,121768,-0.99951,-0.22314,-0.27393,1.06012,-12.938,-108.5,63.0,-0.6267,0.3502,0.4573,0.5245
1781773984784,121821,-0.84985,-0.22803,-0.40527,0.96876,-18.625,-106.688,61.938,-0.6242,0.3491,0.4619,0.5243
1781773984784,121821,-0.75146,0.30249,-0.30396,0.86521,-33.312,-75.188,48.688,-0.6222,0.3485,0.466,0.5234
1781773984785,121822,-0.75146,0.30249,-0.30396,0.86521,-33.312,-75.188,48.688,-0.6222,0.3485,0.466,0.5234
1781773984847,121884,-1.05981,-0.24438,0.08374,1.09085,-28.188,-101.5,32.188,-0.6094,0.3305,0.4999,0.5187
1781773984847,121884,-1.1189,-0.28052,0.00293,1.15353,-23.0,-104.688,24.625,-0.6074,0.3284,0.5036,0.519
1781773984847,121884,-0.85864,-0.05518,0.12573,0.86955,5.125,-53.0,69.688,-0.5867,0.3315,0.5344,0.5097
1781773984904,121941,-0.85718,-0.09448,0.05981,0.86444,7.625,-84.875,71.125,-0.5838,0.3318,0.5379,0.5093
1781773984905,121942,-0.87524,-0.14771,-0.0249,0.88797,15.812,-82.688,70.688,-0.5806,0.332,0.5413,0.5092
1781773984905,121942,-1.13647,-0.03857,0.15039,1.14703,9.688,16.938,32.562,-0.5613,0.3298,0.5678,0.5033
1781773984967,122004,-0.90186,-0.03149,0.07642,0.90563,9.812,23.5,31.188,-0.5613,0.3314,0.5679,0.5023
1781773984967,122004,-1.00098,-0.02637,0.00854,1.00136,1.812,20.062,25.688,-0.5613,0.3327,0.5678,0.5014
1781773984967,122004,-0.97925,-0.01953,0.07739,0.9825,-1.688,-54.375,30.312,-0.5473,0.3458,0.5685,0.5073
1781773985024,122061,-1.01392,-0.05737,0.0896,1.01948,-1.125,-50.125,30.312,-0.5457,0.3454,0.5704,0.5073
1781773985025,122062,-1.01514,-0.04004,0.13159,1.02441,-3.688,-41.125,25.188,-0.5442,0.345,0.572,0.5072
1781773985026,122063,-0.91064,0.13818,0.0791,0.92446,-4.312,-35.688,43.375,-0.5348,0.3598,0.5675,0.512
1781773985085,122122,-1.01953,-0.07104,0.0415,1.02285,-4.688,-59.062,60.188,-0.5328,0.3597,0.57,0.5114
1781773985085,122122,-0.95532,0.08618,0.06494,0.9614,-1.562,-77.438,96.625,-0.5247,0.364,0.5734,0.5129
1781773985085,122122,-0.86938,-0.06152,0.07593,0.87486,15.875,39.625,6.062,-0.5225,0.3958,0.5628,0.5032
1781773985147,122184,-0.96704,-0.03247,0.06836,0.97,10.5,15.688,-10.25,-0.5229,0.3964,0.562,0.5032
1781773985147,122184,-0.97388,0.00757,0.00317,0.97391,2.375,12.312,-12.812,-0.5233,0.3966,0.5613,0.5034
1781773985147,122184,-1.02051,0.02026,0.09692,1.0253,-8.062,-13.812,-15.188,-0.5225,0.3955,0.5535,0.5136
1781773985206,122243,-1.12329,0.04614,0.0498,1.12534,-6.125,-14.25,-8.438,-0.5225,0.3948,0.5537,0.5139
1781773985214,122251,-0.96143,-0.01489,0.11255,0.96811,-4.5,-15.125,-2.625,-0.5223,0.3943,0.5541,0.5142
1781773985215,122252,-0.97827,0.01611,0.05493,0.97995,6.0,11.0,7.438,-0.5176,0.4038,0.5488,0.5172
1781773985265,122302,-0.98682,0.021,0.0459,0.98811,4.375,10.25,5.125,-0.5176,0.4042,0.5487,0.517
1781773985265,122302,-0.98877,0.02026,0.04712,0.9901,2.188,6.062,3.25,-0.5177,0.4046,0.5485,0.5167
1781773985265,122302,-0.99683,0.01855,0.06494,0.99911,-1.312,-3.188,-3.938,-0.5161,0.4064,0.5453,0.5204
1781773985325,122362,-0.99976,0.02197,0.06396,1.00204,-0.812,-1.75,-3.0,-0.5161,0.4063,0.5453,0.5205
1781773985325,122362,-1.00781,0.01904,0.0625,1.00993,0.0,-0.562,-2.0,-0.5161,0.4063,0.5453,0.5205
1781773985326,122363,-0.99048,0.02051,0.0542,0.99217,1.688,3.312,4.438,-0.5134,0.4114,0.5424,0.5221
1781773985385,122422,-0.98828,0.02124,0.05762,0.99019,1.562,3.625,3.062,-0.5134,0.4118,0.5424,0.5219
1781773985386,122423,-0.98999,0.02271,0.0542,0.99173,1.062,2.938,1.688,-0.5126,0.413,0.5413,0.5227
1781773985387,122424,-0.99902,0.02417,0.05859,1.00103,-1.5,-1.938,-3.188,-0.5122,0.4139,0.5402,0.5237
1781773985452,122489,-0.99829,0.01685,0.0603,1.00025,-1.125,-1.562,-2.75,-0.5122,0.4138,0.5402,0.5238
1781773985452,122489,-0.99976,0.01953,0.05811,1.00163,-0.938,-1.562,-2.25,-0.5123,0.4137,0.5402,0.5238
1781773985453,122490,-0.99292,0.01758,0.05835,0.99479,1.125,1.562,2.188,-0.512,0.4148,0.5403,0.523
1781773985505,122542,-0.99316,0.02197,0.05859,0.99513,1.0,1.375,1.75,-0.512,0.415,0.5404,0.5228
1781773985505,122542,-0.99268,0.01904,0.05591,0.99443,0.812,1.25,1.25,-0.512,0.4151,0.5403,0.5228
1781773985507,122544,-0.99268,0.01904,0.05591,0.99443,0.812,1.25,1.25,-0.512,0.4151,0.5403,0.5228
1781773985572,122609,-1.00195,0.01758,0.06152,1.00399,-0.625,-0.562,-0.812,-0.5122,0.4155,0.5403,0.5222
1781773985572,122609,-1.00122,0.01685,0.05933,1.00312,-0.375,0.0,-0.375,-0.5122,0.4157,0.5404,0.5222
1781773985574,122611,-1.00122,0.01685,0.05933,1.00312,-0.375,0.0,-0.375,-0.5122,0.4157,0.5404,0.5222
1781773985625,122662,-0.99292,0.01782,0.05737,0.99474,0.438,1.188,0.938,-0.512,0.417,0.5405,0.5211
1781773985625,122662,-0.99316,0.02124,0.05884,0.99513,0.312,1.188,0.688,-0.512,0.4171,0.5405,0.5211
1781773985626,122663,-0.9873,0.02271,0.052,0.98893,-0.688,0.375,-0.062,-0.512,0.4178,0.5405,0.5203
1781773985691,122728,-0.99072,0.01758,0.06299,0.99288,-0.25,1.062,-0.625,-0.512,0.4179,0.5405,0.5203
1781773985691,122728,-1.00342,0.02222,0.05884,1.00539,0.188,0.625,-0.875,-0.5121,0.4179,0.5405,0.5203
1781773985691,122728,-1.00342,0.02222,0.05884,1.00539,0.188,0.625,-0.875,-0.5121,0.4179,0.5405,0.5203
1781773985745,122782,-0.99243,0.0188,0.05298,0.99402,-0.062,-1.5,0.938,-0.512,0.4187,0.5406,0.5197
1781773985746,122783,-0.98462,0.0188,0.05713,0.98645,-0.25,-0.5,0.625,-0.5119,0.4187,0.5407,0.5197
1781773985746,122783,-0.98462,0.0188,0.05713,0.98645,-0.25,-0.5,0.625,-0.5119,0.4187,0.5407,0.5197
1781773985809,122846,-0.99561,0.02197,0.05444,0.99734,-0.125,-1.312,0.438,-0.512,0.4195,0.5407,0.5189
1781773985809,122846,-0.99585,0.02124,0.0542,0.99755,-0.25,-0.625,0.438,-0.5119,0.4195,0.5407,0.5189
1781773985809,122846,-0.99585,0.02124,0.0542,0.99755,-0.25,-0.625,0.438,-0.5119,0.4195,0.5407,0.5189
1781773985867,122904,-0.9978,0.02197,0.05542,0.99958,0.312,0.875,-0.062,-0.5119,0.4204,0.5407,0.5182
1781773985867,122904,-0.94629,0.08618,0.08496,0.954,-0.062,-1.25,-0.312,-0.5119,0.4207,0.5408,0.5179
1781773985867,122904,-0.94629,0.08618,0.08496,0.954,-0.062,-1.25,-0.312,-0.5119,0.4207,0.5408,0.5179
1781773985925,122962,-0.76587,0.36768,0.26318,0.88939,24.375,-31.875,-26.375,-0.4973,0.4339,0.538,0.5241
1781773985925,122962,-1.03735,0.16089,0.09961,1.05447,25.938,-36.875,-60.25,-0.4967,0.4326,0.5373,0.5264
1781773985925,122962,-1.03735,0.16089,0.09961,1.05447,25.938,-36.875,-60.25,-0.4967,0.4326,0.5373,0.5264
1781773985985,123022,0.20776,0.15063,0.51807,0.57814,-96.312,20.5,-54.5,-0.4823,0.4139,0.5476,0.5439
1781773985985,123022,-0.1416,0.21069,0.823,0.86126,-89.625,0.875,-96.5,-0.486,0.4098,0.5473,0.5441
1781773985985,123022,-0.52051,-0.27246,0.4397,0.73382,63.812,45.875,14.062,-0.4801,0.3916,0.5469,0.5628
1781773986044,123081,-1.30347,0.13745,-0.18628,1.32386,50.438,-46.438,-65.938,-0.4774,0.3935,0.5429,0.5676
1781773986045,123082,-1.54712,0.08325,-0.12231,1.55418,74.812,26.188,-10.062,-0.4763,0.3953,0.5408,0.5693
1781773986045,123082,-1.1333,-0.08813,0.2168,1.15721,-10.812,-26.625,-4.438,-0.468,0.4024,0.5358,0.5758
1781773986105,123142,-1.03198,-0.02832,0.22681,1.05699,0.75,-10.375,9.688,-0.466,0.4027,0.5355,0.5776
1781773986105,123142,-0.90991,-0.03149,0.13965,0.9211,4.625,4.812,9.688,-0.4658,0.403,0.5357,0.5774
1781773986110,123147,-0.99243,-0.01782,0.17505,1.00791,5.625,8.75,1.562,-0.4652,0.4078,0.5312,0.5786
1781773986175,123212,-0.99243,-0.01782,0.17505,1.00791,5.625,8.75,1.562,-0.4652,0.4078,0.5312,0.5786
1781773986175,123212,-0.95679,-0.00684,0.1582,0.9698,6.375,-5.562,1.562,-0.464,0.4095,0.5298,0.5797
1781773986175,123212,-0.97559,-0.01416,0.17334,0.99097,-1.125,-4.562,0.0,-0.4605,0.41,0.5297,0.5822
1781773986224,123261,-0.99243,-0.01172,0.17065,1.00707,-1.375,-2.312,-0.875,-0.4594,0.4108,0.5286,0.5835
1781773986226,123263,-1.00879,-0.01562,0.20337,1.0292,0.0,-0.562,0.562,-0.4594,0.4108,0.5286,0.5835
1781773986226,123263,-0.98267,-0.01221,0.17676,0.99851,0.0,-2.0,0.5,-0.458,0.4123,0.5275,0.5845
1781773986286,123323,-0.97632,-0.00854,0.18042,0.99289,0.375,-3.125,0.562,-0.4578,0.4123,0.5277,0.5845
1781773986287,123324,-0.97998,-0.01245,0.17114,0.99489,0.125,-3.0,0.062,-0.4578,0.4122,0.5277,0.5845
1781773986287,123324,-0.98242,-0.01392,0.17871,0.99864,0.0,0.75,-0.188,-0.4576,0.4131,0.5279,0.5839
1781773986346,123383,-0.98242,-0.01392,0.17871,0.99864,0.0,0.75,-0.188,-0.4576,0.4131,0.5279,0.5839
1781773986346,123383,-0.98193,-0.01318,0.1748,0.99746,-0.062,1.062,-0.062,-0.4577,0.4132,0.5279,0.5838
1781773986346,123383,-0.98438,-0.01318,0.17969,1.00073,0.0,-0.5,0.0,-0.4577,0.4145,0.528,0.5828
1781773986404,123441,-0.98438,-0.01318,0.17969,1.00073,0.0,-0.5,0.0,-0.4577,0.4145,0.528,0.5828
1781773986405,123442,-0.97949,-0.00952,0.17627,0.99527,0.188,-0.188,0.0,-0.4576,0.4148,0.5281,0.5826
1781773986406,123443,-0.98511,-0.01245,0.17798,1.00113,0.0,-1.562,0.0,-0.4573,0.4155,0.5284,0.582
1781773986465,123502,-0.98511,-0.01245,0.17798,1.00113,0.0,-1.562,0.0,-0.4573,0.4155,0.5284,0.582
1781773986465,123502,-0.9834,-0.01074,0.17798,0.99943,0.0,-0.812,0.0,-0.4572,0.4156,0.5285,0.5819
1781773986465,123502,-0.9834,-0.01074,0.17798,0.99943,0.0,-0.812,0.0,-0.4572,0.4156,0.5285,0.5819
1781773986524,123561,-0.98022,-0.01245,0.17651,0.99607,0.125,-0.688,0.062,-0.4569,0.4157,0.5288,0.5819
1781773986529,123566,-0.98364,-0.01147,0.17969,0.99999,0.0,-1.688,0.0,-0.4569,0.4157,0.5288,0.5819
1781773986529,123566,-0.98584,-0.01196,0.18066,1.00233,0.0,0.0,-0.188,-0.4566,0.4165,0.5291,0.5812
1781773986584,123621,-0.98389,-0.01123,0.17969,1.00022,0.125,-0.312,0.375,-0.4566,0.4167,0.5291,0.5811
1781773986585,123622,-0.97607,-0.01025,0.17822,0.99226,0.0,-0.312,0.125,-0.4566,0.4169,0.5292,0.5809
1781773986585,123622,-0.98071,-0.01416,0.17993,0.99718,0.0,-0.5,0.188,-0.4564,0.4181,0.5294,0.58
1781773986644,123681,-0.98096,-0.01147,0.17627,0.99673,-0.062,0.312,-0.062,-0.4564,0.4183,0.5294,0.5798
1781773986644,123681,-0.98413,-0.0144,0.18066,1.00068,-0.062,-0.062,0.0,-0.4564,0.4185,0.5294,0.5797
1781773986646,123683,-0.98633,-0.00635,0.1853,1.0036,0.062,0.0,0.0,-0.4562,0.4196,0.5296,0.5787
1781773986704,123741,-0.97729,-0.00952,0.18359,0.99444,-0.062,-1.0,0.5,-0.4562,0.4197,0.5297,0.5787
1781773986709,123746,-0.97461,-0.00757,0.18335,0.99173,0.062,-0.375,0.312,-0.4561,0.4198,0.5297,0.5786
1781773986709,123746,-0.98242,-0.01343,0.17188,0.99743,0.25,-0.438,-0.062,-0.4559,0.4207,0.53,0.5779
1781773986765,123802,-0.9812,-0.01318,0.17285,0.9964,0.0,-0.312,0.062,-0.4559,0.4208,0.53,0.5778
1781773986765,123802,-0.98218,-0.01514,0.16895,0.99672,0.25,-0.688,0.062,-0.4558,0.421,0.5301,0.5776
1781773986765,123802,-0.98315,-0.01392,0.17578,0.99884,0.0,-0.688,0.0,-0.4557,0.4216,0.5302,0.5772
1781773986831,123868,-0.98047,-0.01758,0.18213,0.9974,0.0,-0.75,0.188,-0.4556,0.4216,0.5303,0.5771
1781773986831,123868,-0.97632,-0.01172,0.18579,0.99391,0.0,-0.312,0.0,-0.4556,0.4218,0.5303,0.577
1781773986832,123869,-0.9834,-0.0083,0.18799,1.00124,0.062,0.438,0.0,-0.4554,0.423,0.5306,0.5761
1781773986884,123921,-0.98608,-0.00879,0.18506,1.00334,0.0,0.25,-0.062,-0.4553,0.4231,0.5306,0.5759
1781773986885,123922,-0.98438,-0.00928,0.18311,1.0013,0.125,-0.062,0.188,-0.4553,0.4234,0.5307,0.5758
1781773986885,123922,-0.98486,-0.01318,0.16748,0.99909,0.0,-0.25,-0.312,-0.4553,0.4248,0.5308,0.5747
1781773986945,123982,-0.98486,-0.01514,0.17285,1.00003,-0.125,-0.562,-0.25,-0.4553,0.4249,0.5308,0.5746
1781773986945,123982,-0.98706,-0.01318,0.17676,1.00285,-0.062,-0.938,0.0,-0.4552,0.4249,0.5308,0.5745
1781773986945,123982,-0.99072,-0.01978,0.18872,1.00873,0.0,-0.562,-0.375,-0.4551,0.4254,0.531,0.5742
1781773987004,124041,-0.98999,-0.0144,0.19214,1.00857,0.062,-1.062,0.688,-0.455,0.4254,0.531,0.5741
1781773987004,124041,-0.97339,-0.01709,0.18628,0.9912,0.312,-2.0,1.188,-0.455,0.4254,0.5311,0.5741
1781773987005,124042,-0.99683,-0.0061,0.1897,1.01473,-0.188,-0.812,-0.188,-0.455,0.4259,0.5312,0.5737
1781773987067,124104,-0.98999,-0.00708,0.18018,1.00628,0.25,-2.062,0.5,-0.4549,0.4259,0.5312,0.5737
1781773987067,124104,-0.97998,-0.00903,0.17017,0.99469,0.562,-0.812,0.812,-0.4548,0.4259,0.5313,0.5737
1781773987067,124104,-0.98657,-0.01685,0.177,1.00247,-0.312,0.0,-0.688,-0.4548,0.4265,0.5313,0.5733
1781773987126,124163,-0.99097,-0.01953,0.18018,1.0074,-0.062,-0.688,-0.188,-0.4548,0.4264,0.5313,0.5733
1781773987126,124163,-0.97241,-0.01831,0.17578,0.98834,0.062,-1.188,0.562,-0.4548,0.4265,0.5314,0.5733
1781773987126,124163,-0.98047,-0.01514,0.18091,0.99713,0.0,-0.438,0.438,-0.4547,0.4271,0.5315,0.5728
1781773987184,124221,-0.97192,-0.0144,0.17651,0.98793,0.0,0.25,0.5,-0.4547,0.4272,0.5316,0.5727
1781773987184,124221,-0.97583,-0.00464,0.18384,0.99301,-0.125,1.062,-0.062,-0.4547,0.4272,0.5316,0.5726
1781773987192,124229,-0.97998,-0.00562,0.17773,0.99598,-0.375,-0.312,-0.062,-0.4545,0.428,0.5317,0.572
1781773987244,124281,-0.98364,-0.0022,0.18384,1.00068,0.0,-0.062,-0.125,-0.4544,0.4281,0.5318,0.5719
1781773987244,124281,-0.98242,-0.00977,0.17456,0.99786,0.188,0.062,-0.125,-0.4544,0.4282,0.5318,0.5718
1781773987245,124282,-0.99365,-0.01904,0.18774,1.01141,-0.062,-0.625,-0.25,-0.4543,0.429,0.5319,0.5712
1781773987306,124343,-0.98291,-0.021,0.18359,1.00013,0.0,-1.75,0.938,-0.4542,0.429,0.532,0.5712
1781773987306,124343,-0.96973,-0.01929,0.17969,0.98642,0.188,-0.812,0.625,-0.4542,0.429,0.5321,0.5712
1781773987307,124344,-0.99072,-0.00366,0.18018,1.00698,-0.188,-0.312,-0.188,-0.4542,0.4296,0.5321,0.5707
1781773987374,124411,-0.99048,-0.00854,0.18433,1.00752,0.0,-0.875,0.188,-0.4542,0.4296,0.5321,0.5707
1781773987375,124412,-0.98169,-0.00806,0.17578,0.99734,0.0,0.0,0.0,-0.4541,0.4298,0.5321,0.5706
1781773987375,124412,-0.98413,-0.01123,0.18311,1.00108,-0.312,-0.188,-0.312,-0.454,0.4307,0.5323,0.5699
1781773987426,124463,-0.9873,-0.01562,0.18481,1.00458,0.188,-0.375,-0.062,-0.454,0.4307,0.5323,0.5698
1781773987426,124463,-0.97754,-0.01611,0.17944,0.994,0.0,-0.688,0.625,-0.4539,0.4308,0.5323,0.5698
1781773987437,124474,-0.98755,-0.01514,0.18213,1.00432,-0.188,0.188,-0.5,-0.4539,0.4311,0.5324,0.5695
1781773987485,124522,-0.98755,-0.01514,0.18213,1.00432,-0.188,0.188,-0.5,-0.4539,0.4311,0.5324,0.5695
1781773987485,124522,-0.98608,-0.0127,0.18164,1.00275,0.0,-0.625,0.125,-0.4539,0.4312,0.5324,0.5695
1781773987486,124523,-0.98608,-0.0127,0.18164,1.00275,0.0,-0.625,0.125,-0.4539,0.4312,0.5324,0.5695
1781773987545,124582,-0.99536,-0.00903,0.1875,1.01291,0.0,0.312,-1.0,-0.4538,0.4315,0.5325,0.5692
1781773987545,124582,-0.99121,-0.0144,0.18213,1.00791,0.0,-1.438,0.375,-0.4538,0.4315,0.5325,0.5692
1781773987545,124582,-0.99121,-0.0144,0.18213,1.00791,0.0,-1.438,0.375,-0.4538,0.4315,0.5325,0.5692
1781773987606,124643,-0.98242,-0.01416,0.18091,0.99904,-0.312,0.938,-0.875,-0.4537,0.4318,0.5326,0.569
1781773987607,124644,-0.99023,-0.01343,0.18628,1.00769,-0.312,-0.062,-0.812,-0.4537,0.4318,0.5326,0.569
1781773987607,124644,-0.99023,-0.01343,0.18628,1.00769,-0.312,-0.062,-0.812,-0.4537,0.4318,0.5326,0.569
1781773987665,124702,-0.97705,-0.00659,0.17261,0.9922,0.062,0.625,0.0,-0.4536,0.4322,0.5327,0.5686
1781773987673,124710,-0.97681,-0.0083,0.17798,0.99292,-0.062,0.562,-0.562,-0.4536,0.4322,0.5327,0.5686
1781773987674,124711,-0.97681,-0.0083,0.17798,0.99292,-0.062,0.562,-0.562,-0.4536,0.4322,0.5327,0.5686
1781773987724,124761,-0.97778,-0.01245,0.18213,0.99468,0.0,-0.25,0.062,-0.4535,0.4328,0.5328,0.5681
1781773987725,124762,-0.97729,-0.01196,0.18262,0.99428,0.0,0.312,-0.438,-0.4535,0.4329,0.5328,0.5681
1781773987725,124762,-0.97729,-0.01196,0.18262,0.99428,0.0,0.312,-0.438,-0.4535,0.4329,0.5328,0.5681
1781773987788,124825,-0.97974,-0.01855,0.17773,0.9959,-0.188,-0.438,0.0,-0.4533,0.4337,0.533,0.5674
1781773987788,124825,-0.97974,-0.01367,0.18066,0.99635,0.0,0.25,-0.25,-0.4534,0.4338,0.533,0.5673
1781773987788,124825,-0.98218,-0.01074,0.18091,0.99876,0.062,0.25,-0.312,-0.4533,0.4346,0.5332,0.5667
1781773987844,124881,-0.9834,-0.00952,0.18091,0.99995,-0.125,-0.188,0.125,-0.4533,0.4347,0.5332,0.5666
1781773987844,124881,-0.97754,-0.00952,0.1814,0.99427,0.0,-0.812,0.375,-0.4533,0.4347,0.5332,0.5665
1781773987845,124882,-0.97754,-0.00952,0.1814,0.99427,0.0,-0.812,0.375,-0.4533,0.4347,0.5332,0.5665
1781773987907,124944,-0.97656,-0.00854,0.18237,0.99348,0.375,1.5,-0.312,-0.4531,0.435,0.5333,0.5663
1781773987907,124944,-0.98584,-0.00952,0.17554,1.00139,0.25,1.062,-0.438,-0.4532,0.4351,0.5332,0.5663
1781773987907,124944,-0.98657,-0.01025,0.17627,1.00225,0.062,0.25,0.062,-0.4531,0.4354,0.5333,0.566
1781773987965,125002,-0.97974,-0.01343,0.18188,0.99657,-0.062,-0.938,0.062,-0.4531,0.4355,0.5334,0.5659
1781773987965,125002,-0.98462,-0.01294,0.18433,1.00181,0.0,0.688,-0.375,-0.4531,0.4356,0.5333,0.5659
1781773987973,125010,-0.97876,-0.00635,0.17627,0.99453,0.062,1.125,-0.5,-0.453,0.4359,0.5335,0.5656
1781773988025,125062,-0.9873,-0.00854,0.18164,1.00391,-0.312,0.5,-0.375,-0.453,0.4359,0.5334,0.5656
1781773988025,125062,-0.98706,-0.01196,0.18896,1.00506,-0.375,-1.438,-0.062,-0.453,0.4359,0.5335,0.5656
1781773988026,125063,-0.97778,-0.01929,0.1875,0.99579,0.0,-2.688,1.375,-0.453,0.4361,0.5336,0.5654
1781773988084,125121,-0.97778,-0.01929,0.1875,0.99579,0.0,-2.688,1.375,-0.453,0.4361,0.5336,0.5654
1781773988084,125121,-0.96509,-0.0105,0.17554,0.98098,0.312,2.125,-0.438,-0.4528,0.4362,0.5336,0.5653
1781773988085,125122,-0.9707,-0.01587,0.16821,0.9853,0.438,-1.875,1.688,-0.4528,0.4364,0.5336,0.5652
1781773988145,125182,-0.96997,-0.00879,0.1748,0.98564,-0.188,1.062,-0.688,-0.4528,0.4364,0.5336,0.5651
1781773988146,125183,-0.9873,-0.00513,0.18384,1.00429,-0.188,2.562,-1.375,-0.4529,0.4365,0.5336,0.5651
1781773988146,125183,-0.9873,-0.00513,0.18384,1.00429,-0.188,2.562,-1.375,-0.4529,0.4365,0.5336,0.5651
1781773988209,125246,-0.979,-0.01196,0.1731,0.99426,0.25,-0.562,1.25,-0.4528,0.4366,0.5337,0.565
1781773988209,125246,-0.97363,-0.00854,0.18945,0.99193,-0.062,0.312,-0.625,-0.4528,0.4367,0.5337,0.565
1781773988210,125247,-0.97168,-0.0188,0.17944,0.98829,0.0,-1.625,0.625,-0.4527,0.4369,0.5338,0.5648
1781773988266,125303,-0.97168,-0.0188,0.17944,0.98829,0.0,-1.625,0.625,-0.4527,0.4369,0.5338,0.5648
1781773988266,125303,-0.99268,-0.00513,0.18359,1.00952,0.125,1.875,-0.625,-0.4528,0.437,0.5337,0.5646
1781773988266,125303,-0.99072,-0.01221,0.17651,1.0064,-0.312,0.0,0.0,-0.4528,0.4373,0.5337,0.5645
1781773988324,125361,-0.99072,-0.01221,0.17651,1.0064,-0.312,0.0,0.0,-0.4528,0.4373,0.5337,0.5645
1781773988325,125362,-0.97925,-0.01416,0.19385,0.99835,0.0,-1.875,0.125,-0.4526,0.4371,0.5338,0.5645
1781773988325,125362,-0.99048,-0.0127,0.18408,1.00752,0.0,1.125,-0.625,-0.4527,0.4375,0.5338,0.5643
1781773988386,125423,-0.99048,-0.0127,0.18408,1.00752,0.0,1.125,-0.625,-0.4527,0.4375,0.5338,0.5643
1781773988389,125426,-0.97559,-0.01025,0.18213,0.99249,0.125,-1.688,1.062,-0.4526,0.4375,0.5339,0.5643
1781773988392,125429,-0.98462,-0.0127,0.1853,1.00198,0.0,-1.375,0.0,-0.4526,0.4378,0.5339,0.5641
1781773988445,125482,-0.98511,-0.00757,0.18604,1.00255,0.0,1.062,-0.438,-0.4526,0.4378,0.5339,0.564
1781773988445,125482,-0.98999,-0.00635,0.18042,1.00632,0.0,0.0,0.375,-0.4526,0.4378,0.5339,0.564
1781773988445,125482,-0.98047,-0.01831,0.17432,0.99601,-0.312,-0.312,-0.25,-0.4525,0.4381,0.5339,0.5638
1781773988505,125542,-0.98047,-0.01831,0.17432,0.99601,-0.312,-0.312,-0.25,-0.4525,0.4381,0.5339,0.5638
1781773988505,125542,-0.9917,-0.01514,0.19214,1.01025,0.0,0.125,-0.25,-0.4525,0.4381,0.534,0.5638
1781773988505,125542,-0.98242,-0.01245,0.17676,0.99827,0.0,0.438,0.5,-0.4525,0.4384,0.5341,0.5635
1781773988572,125609,-0.97729,-0.01318,0.18115,0.99403,-0.25,-0.312,0.188,-0.4525,0.4385,0.5341,0.5634
1781773988572,125609,-0.98755,-0.0061,0.18994,1.00567,0.125,0.25,-0.75,-0.4525,0.4385,0.5341,0.5634
1781773988572,125609,-0.98096,-0.01611,0.18457,0.9983,0.438,-1.375,0.875,-0.4524,0.4387,0.5341,0.5632
1781773988624,125661,-0.96924,-0.01318,0.17896,0.98571,0.5,-0.125,0.75,-0.4523,0.4387,0.5342,0.5632
1781773988625,125662,-0.97974,-0.01221,0.18164,0.99651,-0.375,0.938,-0.938,-0.4524,0.4388,0.5341,0.5632
1781773988625,125662,-0.98022,-0.0188,0.1792,0.99665,0.25,-1.25,0.375,-0.4523,0.439,0.5342,0.563
1781773988686,125723,-0.97559,-0.01709,0.17578,0.99144,0.0,-0.125,0.0,-0.4523,0.439,0.5343,0.5629
1781773988687,125724,-0.98193,-0.01416,0.18433,0.99918,0.0,1.062,-0.5,-0.4523,0.4391,0.5342,0.5629
1781773988687,125724,-0.99634,-0.0083,0.19019,1.01436,-0.25,-1.188,0.0,-0.4523,0.4396,0.5343,0.5625
1781773988747,125784,-0.97705,-0.00781,0.17676,0.99294,0.312,-1.062,0.938,-0.4522,0.4396,0.5343,0.5625
1781773988747,125784,-0.97241,-0.00464,0.17358,0.98779,0.0,0.938,-0.875,-0.4522,0.4397,0.5343,0.5624
1781773988747,125784,-0.99072,-0.01685,0.19312,1.00951,-0.188,-1.688,-0.125,-0.4523,0.4398,0.5343,0.5624
1781773988805,125842,-0.99072,-0.01685,0.19312,1.00951,-0.188,-1.688,-0.125,-0.4523,0.4398,0.5343,0.5624
1781773988805,125842,-0.97607,-0.0127,0.17993,0.9926,0.438,-1.562,0.938,-0.4522,0.4397,0.5344,0.5624
1781773988805,125842,-0.98779,-0.01392,0.18506,1.00507,-0.062,0.625,-0.438,-0.4522,0.4401,0.5344,0.5621
1781773988866,125903,-0.98486,-0.01465,0.18555,1.0023,0.0,-0.938,0.188,-0.4522,0.4401,0.5344,0.5621
1781773988872,125909,-0.97827,-0.0144,0.17773,0.99439,0.312,0.0,0.0,-0.4521,0.4401,0.5344,0.562
1781773988872,125909,-0.98462,-0.00781,0.18213,1.00135,0.0,0.125,-0.375,-0.4521,0.4406,0.5345,0.5617
1781773988925,125962,-0.98511,-0.01196,0.18481,1.00237,0.0,-0.375,0.188,-0.4521,0.4407,0.5345,0.5616
1781773988925,125962,-0.97949,-0.00952,0.18213,0.99633,0.0,-0.625,0.0,-0.452,0.4407,0.5346,0.5615
1781773988925,125962,-0.98511,-0.01636,0.18799,1.00302,0.0,0.188,-0.5,-0.4494,0.4439,0.531,0.5645
1781773988985,126022,-0.98608,-0.0127,0.18066,1.00258,0.0,-0.438,0.062,-0.4493,0.444,0.5311,0.5645
1781773988985,126022,-0.97876,-0.0105,0.18237,0.99566,-0.062,-0.375,-0.062,-0.4481,0.4453,0.5296,0.5658
1781773988988,126025,-0.98267,-0.01416,0.18115,0.99932,0.125,0.188,-0.062,-0.4459,0.4479,0.5266,0.5682
1781773989047,126084,-0.98486,-0.00952,0.18066,1.00134,0.0,0.062,-0.062,-0.4459,0.448,0.5266,0.5682
1781773989047,126084,-0.98535,-0.01196,0.18433,1.00252,0.0,-0.125,0.0,-0.4459,0.4481,0.5266,0.5681
1781773989049,126086,-0.979,-0.01074,0.18213,0.99586,0.0,0.0,-0.125,-0.4434,0.4509,0.5235,0.5706
1781773989104,126141,-0.98315,-0.01318,0.1814,0.99984,-0.125,-0.125,0.0,-0.4434,0.451,0.5235,0.5706
1781773989107,126144,-0.98169,-0.01123,0.18384,0.99882,-0.062,0.0,0.0,-0.4434,0.4511,0.5235,0.5706
1781773989107,126144,-0.98071,-0.01074,0.18164,0.99745,0.0,-0.25,0.188,-0.4412,0.4537,0.5206,0.5729
1781773989165,126202,-0.98047,-0.00879,0.17969,0.99684,0.0,0.0,0.0,-0.4412,0.4538,0.5206,0.5728
1781773989166,126203,-0.9834,-0.01074,0.18188,1.00013,0.0,-0.312,-0.125,-0.4404,0.4546,0.5197,0.5736
1781773989166,126203,-0.98267,-0.01343,0.18237,0.99954,0.0,-0.375,0.0,-0.4391,0.4562,0.518,0.5748
1781773989225,126262,-0.98267,-0.01343,0.18384,0.9998,0.0,-0.312,0.062,-0.4391,0.4562,0.518,0.5748
1781773989225,126262,-0.98096,-0.0127,0.18042,0.99749,0.0,-0.062,0.0,-0.4391,0.4562,0.518,0.5748
1781773989225,126262,-0.9834,-0.01538,0.18237,1.00028,0.0,0.0,0.0,-0.4369,0.4588,0.5152,0.577
1781773989292,126329,-0.98145,-0.00977,0.18408,0.99861,0.0,-0.062,0.0,-0.4368,0.4588,0.5152,0.5769
1781773989293,126330,-0.98438,-0.01758,0.18457,1.00168,0.0,-0.125,0.0,-0.4368,0.4588,0.5153,0.5769
1781773989293,126330,-0.98145,-0.00903,0.18237,0.99829,0.0,-0.5,0.062,-0.4357,0.4603,0.5138,0.578
1781773989344,126381,-0.98047,-0.01099,0.18115,0.99712,-0.125,-0.188,0.062,-0.4357,0.4603,0.5138,0.5779
1781773989344,126381,-0.98193,-0.01294,0.18262,0.99885,0.0,0.0,0.0,-0.4357,0.4603,0.5138,0.5779
1781773989346,126383,-0.98169,-0.01416,0.18359,0.99881,0.0,-0.312,0.062,-0.4344,0.4619,0.5122,0.5791
1781773989411,126448,-0.98267,-0.01318,0.18457,0.99994,0.0,-0.188,0.062,-0.4344,0.4619,0.5122,0.5791
1781773989412,126449,-0.98364,-0.01147,0.18091,1.00021,0.0,0.062,0.0,-0.4344,0.462,0.5122,0.579
1781773989412,126449,-0.9812,-0.01465,0.18042,0.99776,0.0,0.0,-0.188,-0.4329,0.4638,0.5102,0.5804
1781773989464,126501,-0.98486,-0.01367,0.18188,1.00161,0.0,-0.25,0.125,-0.4329,0.4638,0.5103,0.5804
1781773989464,126501,-0.98413,-0.01562,0.18091,1.00074,0.062,-0.25,0.062,-0.4329,0.4638,0.5103,0.5803
1781773989466,126503,-0.98413,-0.01562,0.18091,1.00074,0.062,-0.25,0.062,-0.4329,0.4638,0.5103,0.5803
1781773989526,126563,-0.9812,-0.00806,0.18188,0.99795,0.0,0.25,-0.062,-0.4325,0.4645,0.5098,0.5805
1781773989531,126568,-0.97998,-0.00708,0.18408,0.99714,-0.062,0.0,-0.125,-0.4325,0.4646,0.5098,0.5805
1781773989531,126568,-0.97949,-0.01709,0.18457,0.99688,0.0,0.062,0.0,-0.4326,0.4647,0.51,0.5801
1781773989586,126623,-0.98169,-0.0127,0.18408,0.99888,0.0,0.188,-0.125,-0.4326,0.4647,0.51,0.58
1781773989587,126624,-0.98511,-0.01343,0.1792,1.00136,0.0,-0.125,-0.125,-0.4326,0.4648,0.5099,0.5801
1781773989587,126624,-0.98242,-0.01172,0.18066,0.99896,0.0,0.062,-0.125,-0.4324,0.4652,0.5096,0.5801
1781773989649,126686,-0.98511,-0.00952,0.18091,1.00163,0.062,-0.062,-0.188,-0.4324,0.4653,0.5096,0.5801
1781773989650,126687,-0.9856,-0.01367,0.17993,1.00198,0.0,-0.062,-0.062,-0.4324,0.4653,0.5096,0.5801
1781773989650,126687,-0.98145,-0.00952,0.18701,0.99915,-0.062,-0.25,0.0,-0.4321,0.4658,0.5093,0.5802
1781773989705,126742,-0.979,-0.01025,0.18384,0.99617,0.062,-0.375,0.125,-0.4321,0.4658,0.5093,0.5802
1781773989706,126743,-0.97852,-0.00781,0.18433,0.99576,0.0,-0.125,0.0,-0.4321,0.4658,0.5093,0.5801
1781773989706,126743,-0.97852,-0.00781,0.18433,0.99576,0.0,-0.125,0.0,-0.4321,0.4658,0.5093,0.5801
1781773989766,126803,-0.97852,-0.00781,0.18433,0.99576,0.0,-0.125,0.0,-0.4321,0.4658,0.5093,0.5801
1781773989766,126803,-0.98535,-0.01318,0.18359,1.0024,0.188,-0.562,0.312,-0.4318,0.4663,0.509,0.5803
1781773989766,126803,-0.98535,-0.01318,0.18359,1.0024,0.188,-0.562,0.312,-0.4318,0.4663,0.509,0.5803
1781773989825,126862,-0.96338,-0.00928,0.17358,0.97894,0.0,0.0,0.312,-0.4312,0.467,0.5083,0.5808
1781773989825,126862,-0.97437,-0.00537,0.18018,0.9909,-0.125,1.812,-0.688,-0.4312,0.467,0.5083,0.5808
1781773989829,126866,-0.97437,-0.00537,0.18018,0.9909,-0.125,1.812,-0.688,-0.4312,0.467,0.5083,0.5808
1781773989884,126921,-0.99048,-0.01465,0.1897,1.00859,-0.125,-2.0,0.312,-0.431,0.4672,0.5079,0.5811
1781773989885,126922,-0.96851,-0.00879,0.17847,0.98485,0.438,0.25,0.625,-0.4307,0.4675,0.5076,0.5814
1781773989885,126922,-0.96851,-0.00879,0.17847,0.98485,0.438,0.25,0.625,-0.4307,0.4675,0.5076,0.5814
1781773989946,126983,-0.98364,-0.01392,0.18188,1.00041,0.188,-2.188,0.75,-0.4304,0.4679,0.507,0.5817
1781773989949,126986,-0.9751,-0.01489,0.17603,0.99097,0.188,-2.188,0.625,-0.4304,0.4679,0.5071,0.5817
1781773989949,126986,-0.9751,-0.01489,0.17603,0.99097,0.188,-2.188,0.625,-0.4304,0.4679,0.5071,0.5817
1781773990005,127042,-0.98438,-0.01367,0.18359,1.00144,0.0,-0.375,0.188,-0.4302,0.4683,0.5067,0.5819
1781773990005,127042,-0.9856,-0.01465,0.18652,1.0032,0.0,-0.312,0.125,-0.4302,0.4683,0.5067,0.5819
1781773990005,127042,-0.98584,-0.00928,0.18481,1.00306,0.0,-0.125,-0.062,-0.43,0.4686,0.5065,0.5819
1781773990064,127101,-0.98267,-0.00806,0.18408,0.99979,0.0,0.0,0.0,-0.4298,0.4688,0.5063,0.5821
1781773990064,127101,-0.98047,-0.00854,0.18311,0.99746,0.0,-0.188,0.188,-0.4298,0.4688,0.5063,0.582
1781773990066,127103,-0.98535,-0.01318,0.18066,1.00186,-0.062,0.312,-0.375,-0.4299,0.4689,0.5065,0.5818
1781773990124,127161,-0.98535,-0.01318,0.18066,1.00186,-0.062,0.312,-0.375,-0.4299,0.4689,0.5065,0.5818
1781773990125,127162,-0.98535,-0.01392,0.18286,1.00227,0.0,-0.562,0.0,-0.4298,0.4691,0.5064,0.5819
1781773990125,127162,-0.98535,-0.01392,0.18286,1.00227,0.0,-0.562,0.0,-0.4298,0.4691,0.5064,0.5819
1781773990186,127223,-0.98535,-0.01392,0.18286,1.00227,0.0,-0.562,0.0,-0.4298,0.4691,0.5064,0.5819
1781773990187,127224,-0.98438,-0.01392,0.18726,1.00212,-0.062,-0.125,-0.062,-0.4302,0.4689,0.5068,0.5813
1781773990187,127224,-0.98438,-0.01392,0.18726,1.00212,-0.062,-0.125,-0.062,-0.4302,0.4689,0.5068,0.5813
1781773990243,127280,-0.98438,-0.01392,0.18726,1.00212,-0.062,-0.125,-0.062,-0.4302,0.4689,0.5068,0.5813
1781773990244,127281,-0.98511,-0.00952,0.18481,1.00234,0.0,-0.125,-0.125,-0.4302,0.4691,0.5068,0.5811
1781773990245,127282,-0.98389,-0.01538,0.18018,1.00037,-0.125,-0.75,0.062,-0.4299,0.4696,0.5065,0.5813
1781773990306,127343,-0.98389,-0.01538,0.18018,1.00037,-0.125,-0.75,0.062,-0.4299,0.4696,0.5065,0.5813
1781773990306,127343,-0.97778,-0.01245,0.18091,0.99446,0.062,0.125,-0.188,-0.4299,0.4696,0.5065,0.5812
1781773990307,127344,-0.97974,-0.01465,0.18579,0.9973,0.062,-0.5,0.188,-0.4301,0.4695,0.5068,0.5809
1781773990364,127401,-0.9812,-0.0083,0.18262,0.99809,0.0,0.312,-0.062,-0.4301,0.4695,0.5068,0.5809
1781773990364,127401,-0.98291,-0.00977,0.18579,1.00036,0.0,0.062,-0.312,-0.4301,0.4696,0.5068,0.5808
1781773990365,127402,-0.98657,-0.01025,0.18677,1.00415,0.062,0.0,0.0,-0.4301,0.4697,0.5068,0.5807
1781773990425,127462,-0.98657,-0.01025,0.18677,1.00415,0.062,0.0,0.0,-0.4301,0.4697,0.5068,0.5807
1781773990426,127463,-0.98169,-0.00977,0.1814,0.99836,-0.062,-0.5,0.062,-0.4301,0.4697,0.5068,0.5807
1781773990426,127463,-0.9856,-0.01685,0.18335,1.00265,0.0,0.188,-0.375,-0.4301,0.4699,0.5068,0.5806
1781773990484,127521,-0.98047,-0.01538,0.17725,0.99648,0.0,-0.312,0.25,-0.4302,0.4698,0.5068,0.5805
1781773990485,127522,-0.97656,-0.01367,0.18164,0.99341,0.0,0.375,-0.188,-0.4302,0.4699,0.5068,0.5805
1781773990485,127522,-0.98535,-0.00903,0.1875,1.00307,-0.062,0.188,-0.188,-0.4302,0.47,0.5069,0.5804
1781773990551,127588,-0.98438,-0.01196,0.18457,1.0016,0.0,-0.125,0.0,-0.4301,0.47,0.5069,0.5804
1781773990551,127588,-0.98364,-0.00903,0.18604,1.00112,0.062,-0.375,0.0,-0.4302,0.47,0.5069,0.5803
1781773990551,127588,-0.98267,-0.01367,0.18115,0.99932,0.062,0.188,-0.062,-0.4302,0.4701,0.507,0.5801
1781773990605,127642,-0.98267,-0.01367,0.18115,0.99932,0.062,0.188,-0.062,-0.4302,0.4701,0.507,0.5801
1781773990605,127642,-0.98633,-0.0166,0.18213,1.00314,0.0,-0.562,0.0,-0.4301,0.4702,0.507,0.5802
1781773990605,127642,-0.98291,-0.01343,0.18213,0.99973,0.0,0.0,-0.062,-0.4299,0.4705,0.5067,0.5803
1781773990665,127702,-0.98413,-0.01196,0.18433,1.00132,0.0,0.0,0.0,-0.4299,0.4705,0.5067,0.5803
1781773990665,127702,-0.98413,-0.0127,0.18311,1.0011,0.0,0.0,0.062,-0.43,0.4704,0.5067,0.5803
1781773990665,127702,-0.98047,-0.01147,0.18384,0.99762,0.0,-0.188,0.0,-0.4297,0.4708,0.5065,0.5803
1781773990724,127761,-0.9834,-0.00854,0.18408,1.00052,0.0,0.0,-0.062,-0.4297,0.4708,0.5065,0.5803
1781773990724,127761,-0.98022,-0.01025,0.18286,0.99719,0.0,-0.125,0.25,-0.4297,0.4708,0.5065,0.5803
1781773990726,127763,-0.98071,-0.00977,0.18433,0.99793,0.0,-0.062,0.0,-0.4296,0.4711,0.5064,0.5804
1781773990784,127821,-0.98145,-0.01318,0.1792,0.99776,-0.062,0.0,0.0,-0.4296,0.4711,0.5064,0.5804
1781773990785,127822,-0.98071,-0.01587,0.18262,0.9977,0.062,-0.25,0.0,-0.4295,0.4712,0.5062,0.5805
1781773990786,127823,-0.98071,-0.01123,0.18481,0.99804,0.0,-0.062,0.0,-0.4293,0.4714,0.5061,0.5805
1781773990845,127882,-0.98071,-0.01123,0.18481,0.99804,0.0,-0.062,0.0,-0.4293,0.4714,0.5061,0.5805
1781773990845,127882,-0.98145,-0.01147,0.17993,0.99787,0.0,-0.125,-0.062,-0.4295,0.4713,0.5062,0.5804
1781773990845,127882,-0.98242,-0.00928,0.17944,0.99872,-0.125,-0.125,0.125,-0.4292,0.4716,0.5061,0.5805
1781773990904,127941,-0.98193,-0.01099,0.18213,0.99874,0.0,-0.125,0.125,-0.4292,0.4716,0.5061,0.5805
1781773990904,127941,-0.98438,-0.01221,0.18384,1.00147,0.0,0.0,-0.188,-0.4292,0.4716,0.5061,0.5805
1781773990905,127942,-0.97852,-0.01636,0.18188,0.99541,0.0,-0.062,0.062,-0.429,0.472,0.5057,0.5806
1781773990964,128001,-0.97949,-0.01709,0.18188,0.99638,0.0,0.25,-0.188,-0.429,0.472,0.5057,0.5806
1781773990965,128002,-0.98145,-0.01196,0.18408,0.99863,0.0,-0.375,0.062,-0.4293,0.4716,0.5062,0.5802
1781773991024,128061,-0.97729,-0.01343,0.18066,0.99394,0.0,0.062,0.0,-0.4294,0.4717,0.5062,0.5801
1781773991024,128061,-0.98413,-0.01025,0.18286,1.00103,-0.062,-0.062,-0.188,-0.4294,0.4718,0.5063,0.5801
1781773991030,128067,-0.98828,-0.01074,0.18311,1.00516,-0.188,0.188,-0.25,-0.4294,0.4718,0.5062,0.58
1781773991085,128122,-0.97778,-0.01099,0.18433,0.99507,0.125,-0.062,0.0,-0.4291,0.4721,0.506,0.5803
1781773991085,128122,-0.97998,-0.01221,0.18042,0.99653,-0.062,0.0,-0.188,-0.4291,0.4721,0.506,0.5802
1781773991085,128122,-0.97656,-0.0127,0.18042,0.99317,0.062,-0.188,0.062,-0.429,0.4722,0.5061,0.5801
1781773991144,128181,-0.98047,-0.0127,0.18188,0.99728,0.062,0.125,-0.062,-0.429,0.4722,0.5061,0.5801
1781773991144,128181,-0.98438,-0.00977,0.1853,1.00171,0.0,0.188,-0.125,-0.429,0.4722,0.5061,0.5801
1781773991145,128182,-0.98364,-0.0105,0.18262,1.00051,0.0,-0.25,0.062,-0.4289,0.4724,0.5062,0.58
1781773991207,128244,-0.98096,-0.00952,0.18628,0.99853,0.0,-0.25,0.0,-0.4288,0.4724,0.5062,0.58
1781773991207,128244,-0.97998,-0.01245,0.18262,0.99693,0.0,0.062,-0.125,-0.4288,0.4724,0.5062,0.58
1781773991208,128245,-0.98413,-0.01343,0.18262,1.00102,0.0,-0.062,0.0,-0.4288,0.4725,0.5063,0.5799
1781773991265,128302,-0.97949,-0.0127,0.18115,0.99618,0.0,-0.188,-0.125,-0.4288,0.4725,0.5063,0.5799
1781773991266,128303,-0.98169,-0.01514,0.18335,0.99878,0.0,-0.25,0.062,-0.4287,0.4725,0.5063,0.5799
1781773991267,128304,-0.98364,-0.01001,0.18579,1.00109,0.0,-0.062,0.0,-0.4287,0.4725,0.5064,0.5798
1781773991324,128361,-0.98071,-0.01245,0.18286,0.99769,0.062,-0.125,0.0,-0.4287,0.4726,0.5064,0.5798
1781773991324,128361,-0.9812,-0.0127,0.18384,0.99836,0.0,-0.125,0.062,-0.4287,0.4726,0.5064,0.5798
1781773991329,128366,-0.98193,-0.01221,0.18359,0.99902,0.0,0.125,-0.062,-0.4285,0.4727,0.5064,0.5797
1781773991384,128421,-0.98657,-0.01245,0.18359,1.00359,0.0,0.0,0.062,-0.4285,0.4727,0.5065,0.5797
1781773991384,128421,-0.9812,-0.01196,0.18213,0.99803,0.0,-0.125,0.0,-0.4285,0.4727,0.5065,0.5797
1781773991385,128422,-0.98413,-0.01294,0.17896,1.00035,0.0,0.0,-0.438,-0.4285,0.4728,0.5065,0.5796
1781773991445,128482,-0.9856,-0.01611,0.18115,1.00223,0.0,-0.25,-0.125,-0.4285,0.4728,0.5065,0.5796
1781773991445,128482,-0.98706,-0.01221,0.18262,1.00389,-0.062,0.0,0.0,-0.4285,0.4728,0.5065,0.5796
1781773991446,128483,-0.97583,-0.00903,0.18188,0.99268,-0.062,0.0,-0.188,-0.4284,0.4729,0.5065,0.5795
1781773991504,128541,-0.98633,-0.00977,0.18481,1.00354,0.0,0.0,-0.062,-0.4284,0.473,0.5066,0.5795
1781773991504,128541,-0.98242,-0.01318,0.18506,0.99979,-0.062,-0.562,0.125,-0.4284,0.473,0.5066,0.5795
1781773991505,128542,-0.98242,-0.01318,0.18506,0.99979,-0.062,-0.562,0.125,-0.4284,0.473,0.5066,0.5795
1781773991566,128603,-0.98242,-0.01318,0.18506,0.99979,-0.062,-0.562,0.125,-0.4284,0.473,0.5066,0.5795
1781773991566,128603,-0.98145,-0.01221,0.18018,0.99792,0.062,-0.188,0.0,-0.4284,0.473,0.5067,0.5795
1781773991567,128604,-0.98145,-0.01221,0.18018,0.99792,0.062,-0.188,0.0,-0.4284,0.473,0.5067,0.5795
1781773991627,128664,-0.98218,-0.01514,0.18359,0.9993,0.0,-0.312,0.0,-0.4283,0.4731,0.5067,0.5794
1781773991628,128665,-0.98047,-0.0144,0.18262,0.99743,0.062,0.125,0.0,-0.4283,0.4732,0.5067,0.5794
1781773991628,128665,-0.98047,-0.0144,0.18262,0.99743,0.062,0.125,0.0,-0.4283,0.4732,0.5067,0.5794
1781773991686,128723,-0.98169,-0.01172,0.18091,0.99829,0.0,-0.062,-0.125,-0.4282,0.4732,0.5067,0.5793
1781773991686,128723,-0.98291,-0.01099,0.18262,0.99979,0.0,-0.25,0.062,-0.4282,0.4732,0.5067,0.5793
1781773991692,128729,-0.98389,-0.01416,0.18286,1.00084,0.0,-0.188,0.0,-0.4282,0.4733,0.5068,0.5792
1781773991744,128781,-0.98315,-0.01465,0.17944,0.9995,0.0,0.062,-0.062,-0.4282,0.4733,0.5068,0.5792
1781773991744,128781,-0.98315,-0.01099,0.18433,1.00034,0.0,-0.062,-0.125,-0.4282,0.4733,0.5068,0.5792
1781773991745,128782,-0.98315,-0.01099,0.18433,1.00034,0.0,-0.062,-0.125,-0.4282,0.4733,0.5068,0.5792
1781773991806,128843,-0.97998,-0.01221,0.18237,0.99688,0.0,0.0,-0.062,-0.4281,0.4733,0.5068,0.5792
1781773991807,128844,-0.97998,-0.00977,0.1853,0.99739,-0.188,0.0,0.0,-0.4281,0.4733,0.5068,0.5792
1781773991808,128845,-0.97998,-0.00977,0.1853,0.99739,-0.188,0.0,0.0,-0.4281,0.4733,0.5068,0.5792
1781773991865,128902,-0.97998,-0.00977,0.1853,0.99739,-0.188,0.0,0.0,-0.4281,0.4733,0.5068,0.5792
1781773991865,128902,-0.98413,-0.01416,0.18384,1.00125,0.062,0.0,0.0,-0.428,0.4735,0.5069,0.5791
1781773991865,128902,-0.98413,-0.01416,0.18384,1.00125,0.062,0.0,0.0,-0.428,0.4735,0.5069,0.5791
1781773991925,128962,-0.98218,-0.01221,0.18433,0.9994,0.0,-0.25,-0.188,-0.428,0.4735,0.507,0.579
1781773991925,128962,-0.98315,-0.01147,0.18262,1.00004,-0.062,-0.062,-0.125,-0.428,0.4735,0.507,0.579
1781773991926,128963,-0.98315,-0.01147,0.18262,1.00004,-0.062,-0.062,-0.125,-0.428,0.4735,0.507,0.579
1781773991983,129020,-0.98315,-0.01147,0.18262,1.00004,-0.062,-0.062,-0.125,-0.428,0.4735,0.507,0.579
1781773991988,129025,-0.98389,-0.0105,0.18408,1.00101,0.0,-0.062,-0.188,-0.4279,0.4736,0.507,0.579
1781773991989,129026,-0.98389,-0.0105,0.18408,1.00101,0.0,-0.062,-0.188,-0.4279,0.4736,0.507,0.579
1781773992043,129080,-0.97876,-0.01416,0.18384,0.99598,-0.125,0.062,-0.125,-0.4279,0.4736,0.5071,0.5789
1781773992051,129088,-0.98169,-0.01294,0.18506,0.99906,-0.062,-0.062,-0.125,-0.4279,0.4736,0.5071,0.5789
1781773992057,129094,-0.98389,-0.01465,0.18286,1.00084,0.0,-0.125,0.0,-0.4279,0.4736,0.5071,0.5789
1781773992103,129140,-0.98267,-0.00977,0.18262,0.99954,0.0,-0.25,-0.062,-0.4278,0.4737,0.5071,0.5789
1781773992104,129141,-0.98145,-0.01025,0.18091,0.99803,0.062,0.0,-0.062,-0.4278,0.4737,0.5071,0.5789
1781773992106,129143,-0.98145,-0.01025,0.18091,0.99803,0.062,0.0,-0.062,-0.4278,0.4737,0.5071,0.5789
1781773992163,129200,-0.98145,-0.01025,0.18091,0.99803,0.062,0.0,-0.062,-0.4278,0.4737,0.5071,0.5789
1781773992164,129201,-0.9834,-0.01172,0.1853,1.00077,0.0,-0.125,0.0,-0.4278,0.4738,0.5072,0.5788
1781773992165,129202,-0.9834,-0.01172,0.1853,1.00077,0.0,-0.125,0.0,-0.4278,0.4738,0.5072,0.5788
1781773992225,129262,-0.97876,-0.01294,0.1814,0.99551,0.0,-0.062,-0.125,-0.4278,0.4738,0.5072,0.5788
1781773992225,129262,-0.97974,-0.01221,0.18359,0.99686,0.0,-0.188,0.0,-0.4278,0.4738,0.5072,0.5787
1781773992226,129263,-0.98242,-0.01099,0.18604,0.99994,0.0,-0.062,0.0,-0.4277,0.4738,0.5072,0.5787
1781773992285,129322,-0.98242,-0.01099,0.18604,0.99994,0.0,-0.062,0.0,-0.4277,0.4738,0.5072,0.5787
1781773992285,129322,-0.98291,-0.0061,0.1814,0.99953,0.0,-0.062,0.0,-0.4277,0.4738,0.5072,0.5787
1781773992285,129322,-0.98315,-0.01196,0.18091,0.99973,0.062,0.0,-0.062,-0.4277,0.4739,0.5072,0.5787
1781773992346,129383,-0.98315,-0.01196,0.18091,0.99973,0.062,0.0,-0.062,-0.4277,0.4739,0.5072,0.5787
1781773992346,129383,-0.9812,-0.01343,0.18213,0.99805,0.0,-0.125,0.0,-0.4277,0.4739,0.5072,0.5787
1781773992346,129383,-0.98267,-0.01221,0.18579,1.00015,0.0,-0.062,0.0,-0.4277,0.4739,0.5072,0.5787
1781773992427,129464,-0.98267,-0.01221,0.18579,1.00015,0.0,-0.062,0.0,-0.4277,0.4739,0.5072,0.5787
1781773992431,129468,-0.98315,-0.01025,0.18359,1.0002,0.0,-0.062,0.0,-0.4277,0.4739,0.5072,0.5787
1781773992432,129469,-0.98169,-0.01318,0.18237,0.99857,0.0,0.0,0.0,-0.4276,0.474,0.5073,0.5786
1781773992473,129510,-0.98267,-0.01221,0.18335,0.9997,0.0,-0.188,-0.062,-0.4276,0.474,0.5073,0.5786
1781773992480,129517,-0.98242,-0.01196,0.18457,0.99968,0.062,0.0,-0.125,-0.4276,0.474,0.5073,0.5786
1781773992481,129518,-0.98193,-0.01245,0.18018,0.9984,-0.188,-0.125,0.125,-0.4276,0.474,0.5073,0.5786
1781773992526,129563,-0.98193,-0.01245,0.18018,0.9984,-0.188,-0.125,0.125,-0.4276,0.474,0.5073,0.5786
1781773992526,129563,-0.98193,-0.0127,0.18359,0.99903,0.062,-0.062,-0.125,-0.4276,0.474,0.5073,0.5786
1781773992526,129563,-0.9834,-0.01221,0.18408,1.00055,0.0,0.0,0.0,-0.4276,0.4741,0.5073,0.5786
1781773992586,129623,-0.9812,-0.01025,0.18286,0.99815,0.0,0.0,0.062,-0.4276,0.4741,0.5073,0.5786
1781773992587,129624,-0.98242,-0.01196,0.18091,0.99901,0.0,-0.125,-0.062,-0.4276,0.4741,0.5073,0.5786
1781773992587,129624,-0.98242,-0.01367,0.18237,0.9993,-0.125,-0.062,0.0,-0.4275,0.4741,0.5073,0.5786
1781773992644,129681,-0.98511,-0.01147,0.18188,1.00182,0.0,-0.188,0.0,-0.4275,0.4741,0.5073,0.5786
1781773992645,129682,-0.98145,-0.01245,0.18359,0.99855,0.0,-0.188,0.062,-0.4275,0.4741,0.5073,0.5786
1781773992645,129682,-0.98169,-0.01074,0.18457,0.99895,0.0,0.0,-0.188,-0.4275,0.4741,0.5074,0.5786
1781773992704,129741,-0.98169,-0.01074,0.18457,0.99895,0.0,0.0,-0.188,-0.4275,0.4741,0.5074,0.5786
1781773992704,129741,-0.98047,-0.01245,0.18384,0.99763,0.0,0.0,0.062,-0.4275,0.4741,0.5074,0.5786
1781773992705,129742,-0.98193,-0.01123,0.18213,0.99874,-0.062,-0.062,-0.125,-0.4275,0.4741,0.5074,0.5785
1781773992766,129803,-0.98267,-0.01367,0.18579,1.00017,0.0,0.0,-0.125,-0.4275,0.4741,0.5074,0.5785
1781773992766,129803,-0.98096,-0.01392,0.18262,0.99791,0.0,-0.25,0.0,-0.4275,0.4741,0.5074,0.5786
1781773992766,129803,-0.98096,-0.01172,0.18066,0.99752,0.0,0.0,0.0,-0.4275,0.4741,0.5074,0.5785
1781773992824,129861,-0.98511,-0.01099,0.18286,1.002,0.0,0.062,-0.062,-0.4275,0.4741,0.5074,0.5785
1781773992824,129861,-0.9834,-0.01318,0.18408,1.00057,0.0,0.0,0.062,-0.4275,0.4741,0.5074,0.5785
1781773992825,129862,-0.97876,-0.0144,0.18018,0.99531,0.0,-0.25,-0.125,-0.4275,0.4742,0.5074,0.5784
1781773992885,129922,-0.98193,-0.0127,0.1814,0.99863,0.0,0.0,-0.062,-0.4275,0.4742,0.5074,0.5784
1781773992886,129923,-0.98486,-0.01245,0.1814,1.00151,0.0,-0.062,0.0,-0.4275,0.4742,0.5074,0.5784
1781773992886,129923,-0.97998,-0.01025,0.18188,0.99677,0.188,-0.188,0.062,-0.4275,0.4742,0.5074,0.5784
1781773992944,129981,-0.98389,-0.01099,0.18384,1.00097,0.0,0.0,-0.062,-0.4275,0.4742,0.5074,0.5784
1781773992944,129981,-0.98193,-0.01514,0.18286,0.99893,0.0,-0.062,-0.125,-0.4275,0.4742,0.5074,0.5784
1781773992945,129982,-0.9856,-0.01318,0.18433,1.00277,-0.062,0.0,-0.125,-0.4275,0.4742,0.5074,0.5784
1781773993005,130042,-0.98486,-0.01367,0.18506,1.00219,0.062,0.062,0.062,-0.4275,0.4742,0.5074,0.5784
1781773993005,130042,-0.98218,-0.01001,0.18091,0.99875,0.0,-0.188,-0.062,-0.4275,0.4743,0.5074,0.5784
1781773993005,130042,-0.98218,-0.01416,0.18433,0.99942,0.0,-0.188,0.0,-0.4275,0.4743,0.5074,0.5784
1781773993064,130101,-0.98364,-0.01318,0.18262,1.00054,0.0,0.0,0.0,-0.4275,0.4743,0.5074,0.5784
1781773993064,130101,-0.98486,-0.0127,0.18481,1.00213,0.0,-0.125,0.0,-0.4275,0.4743,0.5074,0.5784
1781773993065,130102,-0.9812,-0.01172,0.18579,0.9987,0.0,0.0,-0.062,-0.4275,0.4743,0.5074,0.5784
1781773993124,130161,-0.98022,-0.01172,0.18311,0.99725,0.0,-0.125,0.0,-0.4275,0.4743,0.5074,0.5784
1781773993125,130162,-0.98022,-0.01367,0.18433,0.9975,0.0,-0.125,0.0,-0.4275,0.4743,0.5074,0.5784
1781773993125,130162,-0.97925,-0.01147,0.18628,0.99687,-0.125,0.125,-0.125,-0.4275,0.4743,0.5074,0.5784
1781773993183,130220,-0.9834,-0.01099,0.18433,1.00058,0.0,0.0,0.0,-0.4275,0.4743,0.5074,0.5784
1781773993184,130221,-0.9812,-0.01172,0.18018,0.99768,0.0,-0.188,0.062,-0.4275,0.4743,0.5074,0.5784
1781773993190,130227,-0.98462,-0.01392,0.18042,1.00111,0.0,-0.125,0.0,-0.4274,0.4743,0.5075,0.5783
1781773993245,130282,-0.98242,-0.0105,0.18384,0.99953,-0.062,0.0,0.0,-0.4275,0.4743,0.5075,0.5783
1781773993247,130284,-0.9812,-0.00952,0.18188,0.99796,0.0,-0.062,0.0,-0.4274,0.4743,0.5075,0.5783
1781773993247,130284,-0.98169,-0.01343,0.18164,0.99844,0.188,-0.125,0.0,-0.4274,0.4744,0.5075,0.5783
1781773993304,130341,-0.98193,-0.01392,0.18262,0.99887,0.0,0.0,0.0,-0.4274,0.4744,0.5075,0.5783
1781773993304,130341,-0.98071,-0.01392,0.18262,0.99767,0.062,-0.25,0.0,-0.4274,0.4744,0.5075,0.5783
1781773993305,130342,-0.98291,-0.01221,0.18384,1.00003,0.0,0.0,-0.062,-0.4274,0.4744,0.5075,0.5783
1781773993363,130400,-0.98267,-0.01221,0.18384,0.99979,0.0,0.0,-0.062,-0.4274,0.4744,0.5075,0.5783
1781773993364,130401,-0.98291,-0.01196,0.18408,1.00007,0.062,0.0,-0.062,-0.4274,0.4744,0.5075,0.5783
1781773993365,130402,-0.98291,-0.01294,0.17871,0.99911,0.0,0.0,0.062,-0.4274,0.4744,0.5075,0.5783
1781773993425,130462,-0.98218,-0.0083,0.18286,0.99909,0.0,0.0,0.0,-0.4274,0.4744,0.5075,0.5783
1781773993429,130466,-0.98389,-0.01196,0.18213,1.00067,0.0,-0.062,-0.125,-0.4274,0.4744,0.5075,0.5783
1781773993429,130466,-0.98413,-0.01294,0.18579,1.0016,0.0,-0.25,0.062,-0.4274,0.4744,0.5075,0.5783
1781773993485,130522,-0.97803,-0.01196,0.18237,0.99496,0.0,-0.25,0.062,-0.4274,0.4744,0.5075,0.5783
1781773993485,130522,-0.97803,-0.0105,0.1853,0.99548,0.0,-0.062,0.062,-0.4274,0.4744,0.5075,0.5783
1781773993486,130523,-0.98315,-0.01099,0.18628,1.00071,0.0,-0.25,0.0,-0.4274,0.4744,0.5075,0.5783
1781773993546,130583,-0.98511,-0.01221,0.17944,1.00139,0.0,-0.062,0.0,-0.4274,0.4744,0.5075,0.5783
1781773993546,130583,-0.98364,-0.01001,0.18066,1.00015,0.125,-0.062,0.0,-0.4274,0.4744,0.5075,0.5783
1781773993552,130589,-0.98242,-0.01147,0.18359,0.9995,0.0,-0.062,0.0,-0.4274,0.4744,0.5075,0.5783
1781773993603,130640,-0.9834,-0.01074,0.18506,1.00072,0.0,-0.125,0.0,-0.4274,0.4744,0.5075,0.5783
1781773993604,130641,-0.9812,-0.01392,0.18457,0.99851,0.062,-0.188,0.0,-0.4274,0.4744,0.5075,0.5783
1781773993605,130642,-0.9812,-0.01392,0.18457,0.99851,0.062,-0.188,0.0,-0.4274,0.4744,0.5075,0.5783
1781773993665,130702,-0.98169,-0.01221,0.18262,0.99861,0.0,0.0,-0.062,-0.4274,0.4744,0.5075,0.5783
1781773993665,130702,-0.98242,-0.01221,0.18213,0.99924,0.0,-0.25,0.0,-0.4274,0.4744,0.5075,0.5783
1781773993665,130702,-0.98242,-0.01221,0.18213,0.99924,0.0,-0.25,0.0,-0.4274,0.4744,0.5075,0.5783
1781773993723,130760,-0.98071,-0.01099,0.18311,0.99772,0.0,0.062,0.0,-0.4274,0.4744,0.5075,0.5782
1781773993724,130761,-0.98096,-0.01099,0.18335,0.99801,0.0,-0.062,0.0,-0.4274,0.4744,0.5075,0.5782
1781773993724,130761,-0.98096,-0.01099,0.18335,0.99801,0.0,-0.062,0.0,-0.4274,0.4744,0.5075,0.5782
1781773993786,130823,-0.98169,-0.01465,0.18408,0.99891,-0.062,-0.062,-0.062,-0.4274,0.4744,0.5076,0.5783
1781773993786,130823,-0.98242,-0.01294,0.18335,0.99947,0.0,0.0,-0.062,-0.4274,0.4744,0.5076,0.5783
1781773993786,130823,-0.98242,-0.01294,0.18335,0.99947,0.0,0.0,-0.062,-0.4274,0.4744,0.5076,0.5783
1781773993844,130881,-0.98096,-0.01196,0.18213,0.99779,0.0,-0.125,0.0,-0.4274,0.4744,0.5076,0.5782
1781773993844,130881,-0.97925,-0.01489,0.1814,0.99602,-0.062,0.0,0.0,-0.4274,0.4744,0.5075,0.5782
1781773993845,130882,-0.97925,-0.01489,0.1814,0.99602,-0.062,0.0,0.0,-0.4274,0.4744,0.5075,0.5782
1781773993904,130941,-0.98389,-0.0105,0.18262,1.00075,0.0,-0.062,0.0,-0.4274,0.4744,0.5075,0.5782
1781773993906,130943,-0.97949,-0.01392,0.1814,0.99624,0.0,0.0,0.0,-0.4274,0.4744,0.5075,0.5782
1781773993906,130943,-0.97949,-0.01392,0.1814,0.99624,0.0,0.0,0.0,-0.4274,0.4744,0.5075,0.5782
1781773993976,131013,-0.98218,-0.01514,0.17993,0.99864,0.0,-0.312,-0.125,-0.4274,0.4744,0.5075,0.5782
1781773993976,131013,-0.98096,-0.0083,0.18457,0.9982,0.0,0.0,-0.062,-0.4274,0.4744,0.5075,0.5782
1781773993976,131013,-0.98096,-0.0083,0.18457,0.9982,0.0,0.0,-0.062,-0.4274,0.4744,0.5075,0.5782
1781773994026,131063,-0.98047,-0.01025,0.18408,0.99765,0.0,0.125,-0.062,-0.4274,0.4744,0.5075,0.5782
1781773994084,131121,-0.98315,-0.01367,0.18188,0.99993,0.0,0.0,0.0,-0.4274,0.4744,0.5075,0.5782
1781773994085,131122,-0.98315,-0.01367,0.18188,0.99993,0.0,0.0,0.0,-0.4274,0.4744,0.5075,0.5782
1781773994085,131122,-0.98169,-0.01196,0.17944,0.99803,0.0,-0.125,0.0,-0.4275,0.4744,0.5075,0.5782
1781773994145,131182,-0.97925,-0.01587,0.17847,0.9955,0.0,0.0,0.062,-0.4275,0.4744,0.5075,0.5782
1781773994145,131182,-0.98633,-0.0127,0.18481,1.00357,0.0,-1.0,0.188,-0.4275,0.4744,0.5075,0.5782
1781773994145,131182,-0.98535,-0.01123,0.18896,1.00337,-0.188,0.062,-0.188,-0.4275,0.4744,0.5075,0.5782
1781773994205,131242,-0.98218,-0.01074,0.18384,0.99929,0.125,-0.438,0.188,-0.4274,0.4744,0.5075,0.5782
1781773994205,131242,-0.97852,-0.00879,0.1792,0.99483,0.0,-0.312,0.062,-0.4274,0.4744,0.5075,0.5782
1781773994205,131242,-0.98242,-0.01099,0.18188,0.99918,0.0,0.188,-0.25,-0.4275,0.4744,0.5075,0.5782
1781773994268,131305,-0.98096,-0.01587,0.18457,0.9983,0.0,-0.375,0.062,-0.4275,0.4744,0.5075,0.5782
1781773994269,131306,-0.98291,-0.01245,0.18555,1.00035,0.0,-0.312,0.062,-0.4275,0.4744,0.5075,0.5782
1781773994269,131306,-0.98071,-0.01392,0.18359,0.99785,-0.062,-0.125,0.062,-0.4275,0.4744,0.5075,0.5782
1781773994326,131363,-0.98315,-0.01318,0.18066,0.9997,0.125,-0.125,-0.062,-0.4275,0.4744,0.5075,0.5782
1781773994328,131365,-0.98486,-0.01343,0.18579,1.00232,0.125,-0.125,0.0,-0.4275,0.4744,0.5075,0.5782
1781773994328,131365,-0.98169,-0.01196,0.18311,0.99869,0.0,-0.062,0.0,-0.4274,0.4744,0.5075,0.5782
1781773994384,131421,-0.98169,-0.01196,0.18311,0.99869,0.0,-0.062,0.0,-0.4274,0.4744,0.5075,0.5782
1781773994384,131421,-0.98193,-0.01221,0.18359,0.99902,0.0,-0.062,0.125,-0.4274,0.4744,0.5075,0.5782
1781773994385,131422,-0.98193,-0.01221,0.18359,0.99902,0.0,-0.062,0.125,-0.4274,0.4744,0.5075,0.5782
1781773994444,131481,-0.98193,-0.01221,0.18359,0.99902,0.0,-0.062,0.125,-0.4274,0.4744,0.5075,0.5782
1781773994445,131482,-0.9834,-0.01343,0.18286,1.00035,0.0,-0.188,0.0,-0.4275,0.4744,0.5075,0.5781
1781773994446,131483,-0.98389,-0.01172,0.18018,1.00032,0.0,-0.062,0.0,-0.4275,0.4745,0.5075,0.5781
1781773994504,131541,-0.98364,-0.01099,0.18237,1.00047,0.0,0.0,-0.125,-0.4275,0.4745,0.5075,0.5781
1781773994504,131541,-0.9834,-0.0127,0.18506,1.00074,0.0,-0.062,0.0,-0.4275,0.4745,0.5075,0.5781
1781773994506,131543,-0.98364,-0.01318,0.18018,1.00009,0.0,-0.25,0.0,-0.4275,0.4745,0.5075,0.5781
1781773994564,131601,-0.98267,-0.01172,0.18066,0.9992,0.0,-0.125,0.0,-0.4275,0.4745,0.5075,0.5781
1781773994564,131601,-0.98389,-0.01465,0.18433,1.00111,0.0,-0.062,0.0,-0.4275,0.4745,0.5075,0.5781
1781773994565,131602,-0.98389,-0.01465,0.18433,1.00111,0.0,-0.062,0.0,-0.4275,0.4745,0.5075,0.5781
1781773994627,131664,-0.98389,-0.01465,0.18433,1.00111,0.0,-0.062,0.0,-0.4275,0.4745,0.5075,0.5781
1781773994627,131664,-0.98218,-0.01489,0.18481,0.99953,0.0,0.0,-0.188,-0.4275,0.4745,0.5075,0.5781
1781773994627,131664,-0.98169,-0.01294,0.18286,0.99866,0.062,0.0,0.0,-0.4275,0.4745,0.5075,0.5781
1781773994689,131726,-0.98364,-0.01685,0.18042,1.00019,0.0,0.0,-0.125,-0.4275,0.4745,0.5075,0.5781
1781773994689,131726,-0.9812,-0.01245,0.18555,0.99867,0.0,0.0,-0.125,-0.4275,0.4745,0.5075,0.5781
1781773994689,131726,-0.98242,-0.0144,0.18335,0.99949,0.0,-0.062,-0.062,-0.4275,0.4745,0.5075,0.5781
1781773994747,131784,-0.98267,-0.01245,0.18237,0.99952,-0.062,0.062,-0.25,-0.4275,0.4745,0.5075,0.5781
1781773994748,131785,-0.98022,-0.01172,0.1814,0.99694,0.0,-0.125,0.062,-0.4275,0.4745,0.5075,0.5781
1781773994748,131785,-0.98291,-0.01099,0.18433,1.0001,-0.062,-0.062,0.0,-0.4275,0.4745,0.5075,0.5781
1781773994807,131844,-0.98291,-0.01099,0.18433,1.0001,-0.062,-0.062,0.0,-0.4275,0.4745,0.5075,0.5781
1781773994807,131844,-0.98022,-0.01465,0.18066,0.99684,0.062,-0.062,0.0,-0.4275,0.4745,0.5075,0.5781
1781773994808,131845,-0.9895,-0.01465,0.18604,1.00694,0.0,0.0,-0.062,-0.4275,0.4745,0.5075,0.5781
1781773994866,131903,-0.9895,-0.01465,0.18604,1.00694,0.0,0.0,-0.062,-0.4275,0.4745,0.5075,0.5781
1781773994866,131903,-0.97461,-0.01025,0.18164,0.99144,0.0,0.375,0.0,-0.4275,0.4745,0.5075,0.5781
1781773994867,131904,-0.99048,-0.01587,0.18115,1.00703,-0.062,-0.5,-0.375,-0.4275,0.4745,0.5075,0.5781
1781773994925,131962,-0.98169,-0.0166,0.18555,0.99921,0.062,-0.062,0.25,-0.4275,0.4744,0.5075,0.5782
1781773994928,131965,-0.97388,-0.00928,0.17993,0.9904,0.188,-0.312,-0.062,-0.4274,0.4744,0.5075,0.5782
1781773994929,131966,-0.98242,-0.0083,0.18579,0.99987,0.0,0.5,-0.375,-0.4275,0.4744,0.5075,0.5782
1781773994983,132020,-0.98633,-0.01123,0.18481,1.00356,0.0,-0.375,0.062,-0.4275,0.4744,0.5075,0.5782
1781773994984,132021,-0.98145,-0.00928,0.18042,0.99793,0.0,-0.875,0.312,-0.4275,0.4744,0.5075,0.5782
1781773994985,132022,-0.98413,-0.01367,0.18604,1.00165,0.0,0.25,-0.125,-0.4275,0.4745,0.5075,0.5782
1781773995049,132086,-0.98657,-0.01221,0.18262,1.00341,0.0,-0.438,0.0,-0.4275,0.4745,0.5075,0.5782
1781773995049,132086,-0.98096,-0.01172,0.18164,0.9977,0.0,-0.188,0.062,-0.4275,0.4744,0.5075,0.5782
1781773995049,132086,-0.98315,-0.01147,0.18311,1.00013,0.0,0.0,-0.125,-0.4275,0.4744,0.5075,0.5782
1781773995104,132141,-0.98486,-0.01343,0.18433,1.00205,0.0,-0.125,-0.062,-0.4275,0.4744,0.5075,0.5782
1781773995104,132141,-0.9834,-0.0144,0.18506,1.00076,0.0,-0.062,0.0,-0.4275,0.4744,0.5075,0.5782
1781773995104,132141,-0.98193,-0.00806,0.18262,0.9988,0.062,-0.062,0.062,-0.4275,0.4745,0.5075,0.5782
1781773995165,132202,-0.98193,-0.01099,0.18359,0.99901,0.0,0.0,-0.062,-0.4275,0.4745,0.5075,0.5781
1781773995166,132203,-0.98486,-0.01123,0.18213,1.00163,0.062,-0.375,0.0,-0.4275,0.4745,0.5075,0.5781
1781773995166,132203,-0.98389,-0.01343,0.1853,1.00127,0.0,-0.062,0.0,-0.4275,0.4745,0.5075,0.5782
1781773995223,132260,-0.9834,-0.01562,0.18237,1.00029,0.0,0.0,0.0,-0.4275,0.4745,0.5075,0.5782
1781773995224,132261,-0.98071,-0.01294,0.18188,0.99752,0.0,-0.25,-0.062,-0.4275,0.4745,0.5075,0.5782
1781773995224,132261,-0.98511,-0.01123,0.18604,1.00258,0.0,0.062,-0.062,-0.4275,0.4744,0.5075,0.5782
1781773995283,132320,-0.98242,-0.01123,0.18091,0.999,0.0,0.0,0.188,-0.4275,0.4745,0.5075,0.5782
1781773995289,132326,-0.98193,-0.01318,0.18237,0.99881,0.062,-0.125,0.0,-0.4275,0.4745,0.5075,0.5782
1781773995290,132327,-0.98413,-0.01074,0.18359,1.00117,0.0,-0.125,-0.125,-0.4275,0.4745,0.5075,0.5781
1781773995344,132381,-0.98633,-0.01196,0.18384,1.00339,0.0,-0.188,0.0,-0.4275,0.4745,0.5075,0.5781
1781773995344,132381,-0.98169,-0.01562,0.18408,0.99892,0.0,-0.188,0.0,-0.4275,0.4745,0.5075,0.5781
1781773995344,132381,-0.98096,-0.01514,0.18237,0.99788,0.0,-0.062,0.062,-0.4275,0.4744,0.5075,0.5782
1781773995407,132444,-0.97778,-0.01392,0.18286,0.99483,0.0,0.062,-0.062,-0.4275,0.4744,0.5075,0.5782
1781773995410,132447,-0.98486,-0.01123,0.18262,1.00171,0.0,0.25,-0.188,-0.4275,0.4744,0.5075,0.5782
1781773995410,132447,-0.98486,-0.01123,0.18262,1.00171,0.0,0.25,-0.188,-0.4275,0.4744,0.5075,0.5782
1781773995466,132503,-0.98291,-0.01294,0.18433,1.00013,0.0,0.0,0.0,-0.4275,0.4745,0.5075,0.5782
1781773995467,132504,-0.98145,-0.01367,0.18286,0.99843,0.0,-0.312,-0.188,-0.4275,0.4744,0.5075,0.5782
1781773995467,132504,-0.98145,-0.01367,0.18286,0.99843,0.0,-0.312,-0.188,-0.4275,0.4744,0.5075,0.5782
1781773995523,132560,-0.98438,-0.01807,0.18018,1.00089,0.0,-0.25,0.0,-0.4275,0.4745,0.5075,0.5782
1781773995523,132560,-0.98193,-0.00952,0.18359,0.99899,0.0,-0.312,0.062,-0.4275,0.4745,0.5075,0.5782
1781773995525,132562,-0.98047,-0.0127,0.17969,0.99688,0.0,0.0,0.0,-0.4275,0.4745,0.5075,0.5781
1781773995585,132622,-0.98682,-0.01538,0.18262,1.00369,0.0,0.0,-0.062,-0.4275,0.4745,0.5075,0.5781
1781773995586,132623,-0.98218,-0.0105,0.18115,0.9988,0.0,0.062,0.0,-0.4275,0.4745,0.5075,0.5781
1781773995586,132623,-0.98145,-0.0166,0.18286,0.99847,0.0,-0.125,-0.125,-0.4276,0.4745,0.5075,0.5781
1781773995643,132680,-0.98267,-0.00854,0.18188,0.99939,0.0,-0.062,0.125,-0.4276,0.4745,0.5075,0.5781
1781773995643,132680,-0.98169,-0.0144,0.18262,0.99863,-0.062,-0.25,0.125,-0.4276,0.4745,0.5075,0.5781
1781773995644,132681,-0.98169,-0.0144,0.18262,0.99863,-0.062,-0.25,0.125,-0.4276,0.4745,0.5075,0.5781
1781773995707,132744,-0.98169,-0.0144,0.18262,0.99863,-0.062,-0.25,0.125,-0.4276,0.4745,0.5075,0.5781
1781773995707,132744,-0.98462,-0.01147,0.18018,1.00103,-0.062,-0.125,0.0,-0.4276,0.4745,0.5075,0.5781
1781773995707,132744,-0.98462,-0.01147,0.18018,1.00103,-0.062,-0.125,0.0,-0.4276,0.4745,0.5075,0.5781
1781773995763,132800,-0.98218,-0.01147,0.18213,0.99899,0.0,-0.125,-0.062,-0.4276,0.4745,0.5075,0.5781
1781773995764,132801,-0.98267,-0.01196,0.18262,0.99956,0.0,-0.188,0.0,-0.4276,0.4745,0.5075,0.5781
1781773995764,132801,-0.97925,-0.0127,0.18408,0.99648,0.0,0.125,-0.062,-0.4276,0.4745,0.5075,0.5781
1781773995826,132863,-0.98389,-0.01245,0.18286,1.00081,0.0,-0.125,0.0,-0.4276,0.4745,0.5075,0.5781
1781773995826,132863,-0.98438,-0.0105,0.18408,1.00149,-0.125,-0.062,0.062,-0.4276,0.4745,0.5075,0.5781
1781773995826,132863,-0.98438,-0.0105,0.18408,1.00149,-0.125,-0.062,0.062,-0.4276,0.4745,0.5075,0.5781
1781773995883,132920,-0.98047,-0.01318,0.18213,0.99733,-0.062,-0.062,0.0,-0.4275,0.4745,0.5075,0.5781
1781773995884,132921,-0.97778,-0.01123,0.18359,0.99493,-0.062,0.0,0.0,-0.4275,0.4745,0.5075,0.5781
1781773995884,132921,-0.97778,-0.01123,0.18359,0.99493,-0.062,0.0,0.0,-0.4275,0.4745,0.5075,0.5781
1781773995952,132989,-0.98169,-0.01367,0.18311,0.99871,0.0,-0.5,0.312,-0.4275,0.4745,0.5075,0.5781
1781773995953,132990,-0.97754,-0.01196,0.18359,0.9947,0.0,-0.438,0.25,-0.4275,0.4745,0.5075,0.5781
1781773995954,132991,-0.98657,-0.01392,0.18652,1.00415,0.0,-0.438,-0.125,-0.4275,0.4745,0.5075,0.5781
1781773996004,133041,-0.98267,-0.01636,0.18579,1.00021,0.0,0.0,0.0,-0.4275,0.4745,0.5075,0.5781
1781773996004,133041,-0.97949,-0.01196,0.18237,0.9964,0.25,0.062,0.0,-0.4275,0.4745,0.5075,0.5781
1781773996005,133042,-0.98315,-0.01123,0.18335,1.00017,0.062,0.0,0.0,-0.4275,0.4745,0.5075,0.5781
1781773996063,133100,-0.98511,-0.01294,0.18188,1.00184,0.062,0.0,0.062,-0.4275,0.4745,0.5075,0.5781
1781773996063,133100,-0.98193,-0.01245,0.1792,0.99823,0.0,-0.312,0.0,-0.4275,0.4745,0.5075,0.5781
1781773996064,133101,-0.98193,-0.01245,0.1792,0.99823,0.0,-0.312,0.0,-0.4275,0.4745,0.5075,0.5781
1781773996126,133163,-0.98193,-0.01245,0.1792,0.99823,0.0,-0.312,0.0,-0.4275,0.4745,0.5075,0.5781
1781773996126,133163,-0.98315,-0.01245,0.17993,0.99956,0.0,-0.438,0.0,-0.4276,0.4745,0.5075,0.5781
1781773996126,133163,-0.98315,-0.01245,0.17993,0.99956,0.0,-0.438,0.0,-0.4276,0.4745,0.5075,0.5781
1781773996184,133221,-0.98315,-0.01147,0.18335,1.00017,0.0,-0.25,-0.125,-0.4276,0.4745,0.5075,0.5781
1781773996184,133221,-0.98364,-0.01367,0.18481,1.00095,0.0,0.0,0.0,-0.4276,0.4745,0.5075,0.5781
1781773996185,133222,-0.98511,-0.00952,0.18115,1.00167,0.0,-0.062,-0.125,-0.4276,0.4745,0.5075,0.5781
1781773996247,133284,-0.98584,-0.01294,0.18115,1.00243,0.0,-0.188,-0.062,-0.4276,0.4745,0.5075,0.5781
1781773996247,133284,-0.9812,-0.01147,0.18433,0.99843,0.0,-0.062,0.0,-0.4276,0.4745,0.5075,0.5781
1781773996247,133284,-0.98218,-0.01196,0.18213,0.99899,0.0,-0.062,-0.062,-0.4276,0.4745,0.5075,0.5781
1781773996307,133344,-0.98218,-0.01196,0.18213,0.99899,0.0,-0.062,-0.062,-0.4276,0.4745,0.5075,0.5781
1781773996307,133344,-0.98096,-0.01636,0.18286,0.99799,0.0,-0.062,0.0,-0.4276,0.4745,0.5075,0.5781
1781773996307,133344,-0.98071,-0.01196,0.18164,0.99746,0.062,0.062,-0.125,-0.4276,0.4745,0.5075,0.5781
1781773996363,133400,-0.98071,-0.01196,0.18164,0.99746,0.062,0.062,-0.125,-0.4276,0.4745,0.5075,0.5781
1781773996363,133400,-0.98486,-0.00879,0.17993,1.0012,0.0,-0.062,0.0,-0.4276,0.4745,0.5075,0.5781
1781773996365,133402,-0.98242,-0.01294,0.18091,0.99902,-0.125,-0.062,0.0,-0.4276,0.4746,0.5075,0.5781
1781773996425,133462,-0.98242,-0.01294,0.18091,0.99902,-0.125,-0.062,0.0,-0.4276,0.4746,0.5075,0.5781
1781773996425,133462,-0.98242,-0.01099,0.18262,0.99931,0.0,-0.125,0.0,-0.4276,0.4746,0.5075,0.5781
1781773996425,133462,-0.9834,-0.01367,0.18433,1.00062,0.0,-0.188,0.0,-0.4276,0.4745,0.5075,0.5781
1781773996483,133520,-0.9834,-0.01367,0.18433,1.00062,0.0,-0.188,0.0,-0.4276,0.4745,0.5075,0.5781
1781773996484,133521,-0.98389,-0.01514,0.18311,1.00089,0.0,0.0,-0.062,-0.4276,0.4745,0.5075,0.5781
1781773996489,133526,-0.97974,-0.00854,0.18262,0.99665,0.0,0.0,-0.062,-0.4276,0.4745,0.5075,0.5781
1781773996543,133580,-0.97974,-0.00854,0.18262,0.99665,0.0,0.0,-0.062,-0.4276,0.4745,0.5075,0.5781
1781773996543,133580,-0.98315,-0.00977,0.18311,1.00011,-0.062,-0.188,-0.125,-0.4276,0.4745,0.5075,0.5781
1781773996544,133581,-0.98315,-0.00977,0.18262,1.00002,-0.062,-0.125,0.0,-0.4276,0.4745,0.5075,0.5781
1781773996609,133646,-0.98315,-0.00977,0.18262,1.00002,-0.062,-0.125,0.0,-0.4276,0.4745,0.5075,0.5781
1781773996609,133646,-0.98242,-0.00928,0.18188,0.99916,0.0,-0.062,0.0,-0.4276,0.4745,0.5075,0.5781
1781773996609,133646,-0.9812,-0.01196,0.18311,0.99821,-0.125,-0.062,0.062,-0.4276,0.4745,0.5075,0.578
1781773996666,133703,-0.9812,-0.01196,0.18311,0.99821,-0.125,-0.062,0.062,-0.4276,0.4745,0.5075,0.578
1781773996667,133704,-0.98291,-0.01514,0.18335,0.99998,0.0,0.062,0.0,-0.4276,0.4745,0.5075,0.578
1781773996667,133704,-0.98438,-0.01025,0.18481,1.00163,0.0,0.062,-0.25,-0.4276,0.4745,0.5075,0.5781
1781773996724,133761,-0.98706,-0.01147,0.18311,1.00397,0.0,0.0,-0.125,-0.4276,0.4745,0.5075,0.5781
1781773996724,133761,-0.98364,-0.01099,0.18384,1.00073,0.0,-0.375,0.062,-0.4276,0.4745,0.5075,0.5781
1781773996726,133763,-0.98169,-0.01343,0.18237,0.99858,0.062,-0.25,-0.062,-0.4276,0.4745,0.5075,0.5781
1781773996784,133821,-0.98364,-0.01343,0.18066,1.00019,0.0,0.0,-0.125,-0.4276,0.4745,0.5075,0.5781
1781773996784,133821,-0.98486,-0.01367,0.18506,1.00219,0.0,-0.125,0.0,-0.4276,0.4745,0.5075,0.5781
1781773996784,133821,-0.9812,-0.01172,0.18213,0.99803,0.0,0.188,-0.062,-0.4276,0.4745,0.5075,0.5781
1781773996850,133887,-0.98438,-0.01196,0.1814,1.00102,0.0,-0.188,0.0,-0.4276,0.4745,0.5075,0.5781
1781773996850,133887,-0.98218,-0.0105,0.18164,0.99889,0.0,-0.062,-0.125,-0.4276,0.4745,0.5075,0.5781
1781773996851,133888,-0.98242,-0.00903,0.18604,0.99992,0.0,-0.312,0.125,-0.4276,0.4745,0.5075,0.5781
1781773996905,133942,-0.97974,-0.01392,0.18115,0.99644,0.0,-0.312,-0.125,-0.4276,0.4745,0.5075,0.5781
1781773996905,133942,-0.97852,-0.01123,0.1792,0.99485,0.0,0.062,-0.125,-0.4276,0.4745,0.5075,0.5781
1781773996905,133942,-0.98291,-0.01294,0.18115,0.99955,-0.062,-0.125,0.0,-0.4276,0.4745,0.5075,0.5781
1781773996963,134000,-0.98218,-0.01221,0.18115,0.99882,0.062,-0.125,0.125,-0.4276,0.4745,0.5075,0.5781
1781773996964,134001,-0.98193,-0.01343,0.18262,0.99886,0.0,0.0,-0.125,-0.4276,0.4746,0.5075,0.578
1781773996964,134001,-0.9856,-0.01172,0.17993,1.00195,-0.062,0.0,0.0,-0.4277,0.4746,0.5075,0.578
1781773997026,134063,-0.98584,-0.01221,0.18237,1.00264,0.0,-0.062,-0.062,-0.4277,0.4746,0.5074,0.578
1781773997026,134063,-0.98413,-0.01099,0.18213,1.0009,0.25,-0.312,0.062,-0.4277,0.4746,0.5075,0.578
1781773997026,134063,-0.98389,-0.01587,0.1814,1.00059,0.0,0.062,-0.25,-0.4277,0.4746,0.5074,0.578
1781773997088,134125,-0.9856,-0.01001,0.18408,1.00269,0.0,0.0,-0.125,-0.4277,0.4746,0.5074,0.578
1781773997088,134125,-0.98413,-0.01172,0.18457,1.00136,0.0,-0.25,0.062,-0.4277,0.4746,0.5074,0.578
1781773997089,134126,-0.9834,-0.01099,0.18262,1.00027,0.0,0.0,-0.125,-0.4277,0.4746,0.5074,0.578
1781773997144,134181,-0.98218,-0.01343,0.18335,0.99923,0.0,0.062,0.0,-0.4277,0.4746,0.5074,0.578
1781773997144,134181,-0.98315,-0.01221,0.18164,0.99987,0.0,-0.188,-0.188,-0.4277,0.4745,0.5074,0.578
1781773997145,134182,-0.98145,-0.01074,0.18335,0.99848,0.0,-0.062,-0.125,-0.4277,0.4746,0.5074,0.578
1781773997204,134241,-0.98291,-0.01099,0.18237,0.99975,0.0,0.0,0.062,-0.4277,0.4746,0.5074,0.578
1781773997204,134241,-0.98193,-0.01392,0.18286,0.99891,0.0,0.125,0.0,-0.4277,0.4746,0.5074,0.578
1781773997204,134241,-0.98096,-0.0144,0.17969,0.99738,0.0,-0.125,-0.125,-0.4277,0.4745,0.5074,0.578
1781773997264,134301,-0.98145,-0.01489,0.18408,0.99867,0.0,0.0,-0.062,-0.4277,0.4746,0.5074,0.578
1781773997264,134301,-0.98364,-0.01367,0.18042,1.00015,0.0,-0.062,-0.062,-0.4277,0.4746,0.5074,0.578
1781773997264,134301,-0.98242,-0.01465,0.18433,0.99967,0.0,-0.25,0.125,-0.4277,0.4745,0.5075,0.578
1781773997327,134364,-0.97852,-0.0127,0.18091,0.99518,0.0,-0.25,0.0,-0.4277,0.4745,0.5075,0.578
1781773997327,134364,-0.97998,-0.01172,0.18286,0.99696,0.0,0.125,-0.062,-0.4277,0.4745,0.5075,0.578
1781773997327,134364,-0.98267,-0.01099,0.18091,0.99924,0.0,-0.062,-0.062,-0.4277,0.4746,0.5075,0.578
1781773997384,134421,-0.98022,-0.01196,0.18042,0.99676,0.062,0.0,-0.125,-0.4277,0.4746,0.5075,0.578
1781773997388,134425,-0.98389,-0.01001,0.18262,1.00074,0.0,0.25,-0.25,-0.4277,0.4746,0.5075,0.578
1781773997388,134425,-0.98364,-0.00952,0.18018,1.00005,0.0,-0.188,-0.375,-0.4277,0.4746,0.5074,0.578
1781773997444,134481,-0.98413,-0.01367,0.18164,1.00085,-0.188,-0.438,-0.062,-0.4277,0.4746,0.5074,0.578
1781773997444,134481,-0.98438,-0.01538,0.18311,1.00138,-0.125,-0.125,-0.062,-0.4277,0.4746,0.5074,0.578
1781773997444,134481,-0.98145,-0.01392,0.17896,0.99772,0.062,0.0,0.0,-0.4277,0.4746,0.5075,0.578
1781773997504,134541,-0.98145,-0.01392,0.17896,0.99772,0.062,0.0,0.0,-0.4277,0.4746,0.5075,0.578
1781773997504,134541,-0.98364,-0.01123,0.18188,1.00038,-0.125,0.188,-0.062,-0.4277,0.4746,0.5075,0.578
1781773997505,134542,-0.98364,-0.01123,0.18188,1.00038,-0.125,0.188,-0.062,-0.4277,0.4746,0.5075,0.578
1781773997565,134602,-0.98193,-0.01123,0.17993,0.99835,0.0,-0.188,0.0,-0.4277,0.4746,0.5074,0.578
1781773997565,134602,-0.98413,-0.0105,0.18262,1.00099,0.0,0.0,-0.062,-0.4277,0.4746,0.5075,0.578
1781773997567,134604,-0.98413,-0.0105,0.18262,1.00099,0.0,0.0,-0.062,-0.4277,0.4746,0.5075,0.578
1781773997629,134666,-0.98267,-0.01245,0.18579,1.00015,0.0,-0.062,-0.125,-0.4277,0.4746,0.5075,0.578
1781773997630,134667,-0.98291,-0.01367,0.18213,0.99974,0.0,0.0,0.0,-0.4277,0.4746,0.5075,0.578
1781773997630,134667,-0.98267,-0.0127,0.17871,0.99886,-0.062,0.0,-0.125,-0.4277,0.4746,0.5075,0.578
1781773997683,134720,-0.98267,-0.0127,0.17871,0.99886,-0.062,0.0,-0.125,-0.4277,0.4746,0.5075,0.578
1781773997683,134720,-0.98413,-0.0105,0.18433,1.0013,0.0,-0.062,0.0,-0.4277,0.4746,0.5075,0.578
1781773997685,134722,-0.98413,-0.0105,0.18433,1.0013,0.0,-0.062,0.0,-0.4277,0.4746,0.5075,0.578
1781773997743,134780,-0.98071,-0.01221,0.18311,0.99773,0.0,-0.062,0.0,-0.4277,0.4746,0.5075,0.578
1781773997744,134781,-0.98218,-0.01733,0.18335,0.9993,-0.062,-0.062,-0.062,-0.4277,0.4746,0.5075,0.578
1781773997744,134781,-0.98218,-0.01733,0.18335,0.9993,-0.062,-0.062,-0.062,-0.4277,0.4746,0.5075,0.578
1781773997804,134841,-0.98096,-0.0105,0.18335,0.998,0.0,0.0,0.0,-0.4277,0.4746,0.5075,0.578
