t_ms_abs,t_ms_rel,ax_g,ay_g,az_g,resultant_g,gx_dps,gy_dps,gz_dps,qx,qy,qz,qw
1782303258296,0,0.9834,0.03638,-0.18188,1.00074,0.0,1.188,-0.125,-0.3864,-0.6645,-0.3424,0.5399
1782303258307,11,0.98682,0.04028,-0.18286,1.00442,-0.312,1.375,-0.312,-0.3864,-0.6645,-0.3425,0.54
1782303258308,12,0.98535,0.03662,-0.17603,1.00162,0.0,1.312,-0.438,-0.3863,-0.6644,-0.3425,0.54
1782303258328,32,0.98413,0.03882,-0.18164,1.00151,0.0,1.312,-0.25,-0.3863,-0.6644,-0.3426,0.5401
1782303258329,33,0.98511,0.03906,-0.18115,1.00239,0.0,1.375,-0.375,-0.3862,-0.6644,-0.3426,0.5401
1782303258329,33,0.98657,0.03662,-0.17603,1.00282,0.0,1.125,-0.375,-0.3862,-0.6643,-0.3427,0.5401
1782303258336,40,0.98535,0.04004,-0.17871,1.00223,0.0,0.688,-0.188,-0.3862,-0.6643,-0.3427,0.5402
1782303258337,41,0.98657,0.04272,-0.18018,1.0038,0.062,0.0,0.0,-0.3862,-0.6643,-0.3427,0.5402
1782303258339,43,0.98315,0.03687,-0.17993,1.00016,-0.062,-0.812,0.188,-0.3862,-0.6643,-0.3427,0.5402
1782303258482,186,0.98706,0.04053,-0.18384,1.00485,0.0,-1.375,0.438,-0.3862,-0.6644,-0.3427,0.5401
1782303258482,186,0.98706,0.04053,-0.18384,1.00485,0.0,-1.375,0.438,-0.3862,-0.6644,-0.3427,0.5401
1782303258482,186,0.98755,0.03662,-0.18408,1.00523,0.0,-1.375,0.375,-0.3863,-0.6644,-0.3426,0.54
1782303258482,186,0.9834,0.03564,-0.18701,1.00166,0.062,-1.688,0.438,-0.3864,-0.6644,-0.3425,0.54
1782303258482,186,0.98438,0.03662,-0.18799,1.00283,0.0,-1.438,0.25,-0.3864,-0.6645,-0.3425,0.54
1782303258483,187,0.98438,0.03662,-0.18799,1.00283,0.0,-1.438,0.25,-0.3864,-0.6645,-0.3425,0.54
1782303258484,188,0.9812,0.0376,-0.18823,0.9998,0.125,-1.062,0.188,-0.3864,-0.6646,-0.3424,0.5399
1782303258485,189,0.98218,0.03833,-0.18701,1.00056,0.062,-0.312,0.312,-0.3865,-0.6646,-0.3424,0.5399
1782303258485,189,0.98291,0.03784,-0.18701,1.00126,0.0,0.188,-0.125,-0.3865,-0.6646,-0.3424,0.5399
1782303258485,189,0.98291,0.03784,-0.18701,1.00126,0.0,0.188,-0.125,-0.3865,-0.6646,-0.3424,0.5399
1782303258486,190,0.98242,0.03784,-0.18481,1.00037,0.0,0.812,-0.312,-0.3864,-0.6646,-0.3424,0.5399
1782303258486,190,0.98145,0.03784,-0.18555,0.99955,0.188,1.625,-0.375,-0.3864,-0.6645,-0.3425,0.5399
1782303258486,190,0.98877,0.03857,-0.18188,1.0061,-0.062,1.812,-0.438,-0.3864,-0.6645,-0.3425,0.54
1782303258486,190,0.98877,0.03857,-0.18188,1.0061,-0.062,1.812,-0.438,-0.3864,-0.6645,-0.3425,0.54
1782303258487,191,0.98486,0.03857,-0.17651,1.0013,0.0,1.812,-0.562,-0.3863,-0.6644,-0.3426,0.54
1782303258487,191,0.98682,0.04639,-0.1748,1.00325,0.0,1.688,-0.312,-0.3862,-0.6644,-0.3427,0.5401
1782303258487,191,0.98877,0.04028,-0.17236,1.00449,-0.062,1.438,-0.25,-0.3862,-0.6643,-0.3427,0.5402
1782303258487,191,0.98877,0.04028,-0.17236,1.00449,-0.062,1.438,-0.25,-0.3862,-0.6643,-0.3427,0.5402
1782303258487,191,0.98706,0.03906,-0.17017,1.00238,-0.188,0.5,0.0,-0.3862,-0.6643,-0.3427,0.5402
1782303258487,191,0.98779,0.03882,-0.17285,1.00355,0.062,-0.375,0.25,-0.3862,-0.6643,-0.3427,0.5402
1782303258487,191,0.98779,0.03882,-0.17285,1.00355,0.062,-0.375,0.25,-0.3862,-0.6643,-0.3427,0.5402
1782303258488,192,0.98682,0.03564,-0.1709,1.00214,0.25,-1.062,0.312,-0.3862,-0.6643,-0.3427,0.5402
1782303258488,192,0.98608,0.03735,-0.1748,1.00215,0.062,-1.812,0.312,-0.3862,-0.6643,-0.3427,0.5402
1782303258488,192,0.98267,0.03345,-0.17969,0.99952,0.0,-1.938,0.5,-0.3863,-0.6644,-0.3426,0.5401
1782303258488,192,0.98511,0.03564,-0.18726,1.00338,0.062,-2.062,0.562,-0.3864,-0.6644,-0.3425,0.54
1782303258488,192,0.98413,0.0354,-0.1875,1.00246,0.188,-1.688,0.438,-0.3864,-0.6645,-0.3425,0.5399
1782303258494,198,0.98413,0.0354,-0.1875,1.00246,0.188,-1.688,0.438,-0.3864,-0.6645,-0.3425,0.5399
1782303258494,198,0.98291,0.03467,-0.1853,1.00083,0.0,-1.25,0.188,-0.3864,-0.6646,-0.3424,0.5399
1782303258499,203,0.98267,0.03613,-0.18799,1.00114,0.0,-0.438,0.0,-0.3865,-0.6646,-0.3424,0.5399
1782303258502,206,0.98218,0.03735,-0.18774,1.00066,0.125,0.25,-0.188,-0.3865,-0.6646,-0.3424,0.5399
1782303258502,206,0.98218,0.03735,-0.18774,1.00066,0.125,0.25,-0.188,-0.3865,-0.6646,-0.3424,0.5399
1782303258503,207,0.98438,0.03589,-0.18872,1.00294,0.0,0.938,-0.375,-0.3864,-0.6646,-0.3424,0.5399
1782303258549,253,0.98462,0.0376,-0.18384,1.00234,0.0,1.125,-0.312,-0.3864,-0.6646,-0.3424,0.5399
1782303258549,253,0.98633,0.03467,-0.18652,1.00441,0.0,1.188,-0.125,-0.3864,-0.6645,-0.3425,0.5399
1782303258550,254,0.98584,0.03979,-0.18311,1.00349,0.0,0.938,-0.312,-0.3863,-0.6645,-0.3425,0.54
1782303258550,254,0.98779,0.03198,-0.18237,1.005,-0.188,0.812,-0.25,-0.3863,-0.6644,-0.3425,0.54
1782303258550,254,0.98779,0.03198,-0.18237,1.005,-0.188,0.812,-0.25,-0.3863,-0.6644,-0.3425,0.54
1782303258550,254,0.97583,0.05176,-0.19873,0.9972,3.312,2.062,-2.5,-0.3862,-0.6645,-0.3426,0.54
1782303258551,255,0.98682,0.06714,-0.16553,1.00285,-1.875,2.875,3.688,-0.3862,-0.6644,-0.3426,0.5401
1782303258551,255,1.01025,0.03125,-0.13013,1.01908,3.562,-1.938,4.125,-0.3863,-0.6643,-0.3425,0.5403
1782303258551,255,1.00903,0.01514,-0.14209,1.0191,1.188,-10.625,3.062,-0.3864,-0.6644,-0.3422,0.5401
1782303258561,265,0.98169,0.03809,-0.18091,0.99895,-0.062,-15.5,1.25,-0.3867,-0.6648,-0.3419,0.5397
1782303258562,266,0.96948,0.0437,-0.21558,0.99412,0.312,-13.5,2.562,-0.387,-0.6651,-0.3416,0.5393
1782303258563,267,0.97363,0.04639,-0.20093,0.99523,-2.688,-8.75,4.938,-0.3873,-0.6652,-0.3414,0.5391
1782303258577,281,0.9895,0.03442,-0.17578,1.00558,-1.875,-7.375,5.562,-0.3876,-0.6653,-0.3412,0.5389
1782303258578,282,0.98877,0.02759,-0.17529,1.00457,-1.062,-9.375,4.0,-0.3879,-0.6654,-0.341,0.5387
1782303258578,282,0.98096,0.01074,-0.19629,1.00046,-0.562,-10.5,4.75,-0.3884,-0.6656,-0.3406,0.5383
1782303258594,298,0.97632,0.00952,-0.20093,0.99683,0.5,-9.125,6.75,-0.3887,-0.6657,-0.3403,0.5382
1782303258594,298,0.97632,0.00952,-0.20093,0.99683,0.5,-9.125,6.75,-0.3887,-0.6657,-0.3403,0.5382
1782303258594,298,0.97412,-0.02686,-0.18652,0.99218,4.125,-5.0,9.562,-0.3892,-0.6658,-0.3397,0.5382
1782303258606,310,0.96436,0.02417,-0.21362,0.98803,2.938,-2.938,5.812,-0.3894,-0.6658,-0.3391,0.5382
1782303258607,311,0.96118,0.03394,-0.23901,0.99103,2.125,3.188,2.688,-0.3895,-0.6658,-0.339,0.5383
1782303258608,312,0.96118,0.03394,-0.23901,0.99103,2.125,3.188,2.688,-0.3895,-0.6658,-0.339,0.5383
1782303258622,326,1.00806,-0.03149,-0.17725,1.02401,2.125,15.75,-6.25,-0.3889,-0.6653,-0.3394,0.5391
1782303258622,326,0.96216,0.01074,-0.19678,0.98213,2.938,13.375,-10.5,-0.3883,-0.6652,-0.3397,0.5394
1782303258623,327,0.96216,0.01074,-0.19678,0.98213,2.938,13.375,-10.5,-0.3883,-0.6652,-0.3397,0.5394
1782303258637,341,0.94287,0.021,-0.24561,0.97456,3.688,20.938,-9.312,-0.3877,-0.665,-0.3402,0.5398
1782303258637,341,0.96362,0.0498,-0.20776,0.98702,2.188,34.0,-6.25,-0.3866,-0.6643,-0.3411,0.541
1782303258638,342,0.98145,0.06274,-0.15894,0.99621,2.125,34.25,-6.5,-0.3854,-0.6632,-0.3421,0.5425
1782303258652,356,0.99536,0.07983,-0.15527,1.01056,1.562,31.812,-5.125,-0.3848,-0.6625,-0.3427,0.5433
1782303258652,356,0.99536,0.07983,-0.15527,1.01056,1.562,31.812,-5.125,-0.3848,-0.6625,-0.3427,0.5433
1782303258653,357,1.00781,0.07812,-0.11987,1.01792,2.375,20.625,-5.688,-0.3836,-0.6616,-0.3438,0.5447
1782303258667,371,1.0,0.10352,-0.12842,1.01351,1.0,13.5,-5.875,-0.3831,-0.6613,-0.3441,0.5451
1782303258668,372,0.99805,0.03784,-0.14868,1.00977,1.25,8.625,-4.125,-0.3828,-0.6612,-0.3444,0.5453
1782303258668,372,0.99805,0.03784,-0.14868,1.00977,1.25,8.625,-4.125,-0.3828,-0.6612,-0.3444,0.5453
1782303258683,387,0.99292,0.03906,-0.15479,1.00567,0.75,3.5,-0.875,-0.3826,-0.6611,-0.3445,0.5455
1782303258683,387,0.99268,0.03516,-0.15625,1.00551,0.875,-0.062,-0.125,-0.3825,-0.6611,-0.3445,0.5455
1782303258684,388,0.98975,0.03442,-0.16577,1.00412,0.688,-1.5,-0.625,-0.3825,-0.6611,-0.3445,0.5455
1782303258698,402,0.98975,0.03442,-0.16577,1.00412,0.688,-1.5,-0.625,-0.3825,-0.6611,-0.3445,0.5455
1782303258698,402,0.97876,0.03979,-0.17725,0.99548,-0.062,-0.25,-0.812,-0.3825,-0.6612,-0.3445,0.5455
1782303258699,403,0.98511,0.03906,-0.17773,1.00177,-0.25,3.125,-0.75,-0.3825,-0.6611,-0.3446,0.5455
1782303258712,416,0.98535,0.03564,-0.17212,1.00091,-0.188,5.0,-1.188,-0.3823,-0.6611,-0.3447,0.5456
1782303258712,416,0.98535,0.03564,-0.17212,1.00091,-0.188,5.0,-1.188,-0.3823,-0.6611,-0.3447,0.5456
1782303258714,418,0.98584,0.0354,-0.17236,1.00142,0.0,6.625,-2.312,-0.3822,-0.6609,-0.3449,0.5458
1782303258729,433,0.98413,0.03638,-0.17432,1.00011,0.0,8.062,-2.812,-0.382,-0.6608,-0.345,0.546
1782303258731,435,0.98413,0.03345,-0.17383,0.99992,0.188,10.0,-3.688,-0.3817,-0.6606,-0.3453,0.5462
1782303258731,435,0.98706,0.021,-0.17627,1.0029,-1.438,11.688,-4.75,-0.3815,-0.6604,-0.3456,0.5465
1782303258742,446,0.97827,0.07861,-0.16748,0.99561,0.25,13.812,-4.562,-0.3811,-0.6602,-0.346,0.5467
1782303258744,448,1.00244,0.0127,-0.14136,1.01244,2.25,11.875,-3.188,-0.3806,-0.6598,-0.3463,0.5473
1782303258744,448,0.99438,0.04053,-0.15259,1.00684,0.75,8.25,-5.438,-0.3803,-0.6597,-0.3465,0.5475
1782303258756,460,0.99438,0.04053,-0.15259,1.00684,0.75,8.25,-5.438,-0.3803,-0.6597,-0.3465,0.5475
1782303258757,461,0.97461,0.05518,-0.21973,1.00059,1.688,-5.938,-7.938,-0.38,-0.6599,-0.3467,0.5474
1782303258758,462,1.00562,0.0542,-0.06885,1.00943,-0.125,-0.812,-2.062,-0.3797,-0.6599,-0.3469,0.5475
1782303258771,475,0.9729,0.06177,-0.20972,0.99716,0.25,1.438,1.25,-0.3798,-0.66,-0.3468,0.5473
1782303258772,476,0.9751,0.04517,-0.20605,0.99765,-0.562,-2.562,3.812,-0.38,-0.6599,-0.3467,0.5474
1782303258773,477,0.9751,0.04517,-0.20605,0.99765,-0.562,-2.562,3.812,-0.38,-0.6599,-0.3467,0.5474
1782303258786,490,1.00073,0.03052,-0.13623,1.01042,-0.562,-0.188,3.438,-0.3801,-0.6597,-0.3466,0.5475
1782303258787,491,0.99634,0.0332,-0.14697,1.00767,-0.625,-3.5,2.312,-0.3803,-0.6597,-0.3466,0.5474
1782303258788,492,0.98682,0.04053,-0.16626,1.00154,0.438,-5.5,1.062,-0.3804,-0.6599,-0.3464,0.5473
1782303258802,506,0.98682,0.04053,-0.16626,1.00154,0.438,-5.5,1.062,-0.3804,-0.6599,-0.3464,0.5473
1782303258802,506,0.98535,0.04565,-0.1709,1.0011,0.0,-3.938,1.688,-0.3806,-0.66,-0.3462,0.5471
1782303258817,521,0.98999,0.04321,-0.15723,1.00333,0.0,-3.438,2.812,-0.3807,-0.6601,-0.3461,0.547
1782303258817,521,0.99438,0.03931,-0.14868,1.00621,0.0,-4.75,3.125,-0.3809,-0.6602,-0.346,0.5469
1782303258818,522,0.99316,0.03809,-0.14893,1.00499,0.0,-7.0,2.875,-0.3811,-0.6602,-0.3458,0.5468
1782303259771,1475,0.98877,0.04077,-0.15894,1.00229,0.188,-8.375,2.438,-0.3812,-0.6604,-0.3456,0.5466
1782303259771,1475,0.98486,0.04126,-0.16479,0.99941,0.0,-8.125,2.812,-0.3814,-0.6605,-0.3454,0.5465
1782303259771,1475,0.9895,0.04077,-0.15991,1.00317,-0.812,-7.312,3.625,-0.3817,-0.6607,-0.3451,0.5462
1782303259771,1475,0.9895,0.04077,-0.15991,1.00317,-0.812,-7.312,3.625,-0.3817,-0.6607,-0.3451,0.5462
1782303259771,1475,0.99463,0.04297,-0.14355,1.00585,-0.875,-10.188,4.812,-0.3822,-0.6609,-0.3448,0.5459
1782303259771,1475,0.99609,0.04028,-0.14746,1.00776,-0.562,-13.5,5.25,-0.3825,-0.6611,-0.3445,0.5456
1782303259771,1475,0.99463,0.04053,-0.15356,1.00723,-0.188,-16.5,6.062,-0.3829,-0.6613,-0.3441,0.5452
1782303259771,1475,0.98877,0.04053,-0.16138,1.00267,0.062,-18.5,6.875,-0.3833,-0.6616,-0.3436,0.5448
1782303259771,1475,0.98364,0.02954,-0.17798,1.00005,0.5,-19.562,7.125,-0.3843,-0.6624,-0.3427,0.544
1782303259771,1475,0.97925,0.02441,-0.18994,0.9978,0.688,-17.625,6.5,-0.385,-0.6629,-0.3419,0.5433
1782303259771,1475,0.97925,0.02441,-0.18994,0.9978,0.688,-17.625,6.5,-0.385,-0.6629,-0.3419,0.5433
1782303259771,1475,0.97534,0.02759,-0.20288,0.9966,0.438,-12.812,4.688,-0.3855,-0.6633,-0.3413,0.5428
1782303259771,1475,0.97217,0.03467,-0.20996,0.99519,0.062,-8.188,3.312,-0.3858,-0.6635,-0.3411,0.5426
1782303259771,1475,0.9751,0.0271,-0.20264,0.9963,-0.312,-0.938,1.25,-0.3859,-0.6635,-0.3409,0.5425
1782303259771,1475,0.9751,0.0271,-0.20264,0.9963,-0.312,-0.938,1.25,-0.3859,-0.6635,-0.3409,0.5425
1782303259771,1475,0.98096,0.0188,-0.19897,1.00111,-0.25,4.562,0.0,-0.3859,-0.6634,-0.341,0.5426
1782303259771,1475,0.97559,0.01416,-0.19287,0.99457,0.125,7.25,-0.75,-0.3858,-0.6633,-0.3411,0.5428
1782303259771,1475,0.98755,0.02661,-0.18188,1.00451,0.438,10.062,-0.5,-0.3856,-0.663,-0.3413,0.5432
1782303259771,1475,0.98755,0.02661,-0.18188,1.00451,0.438,10.062,-0.5,-0.3856,-0.663,-0.3413,0.5432
1782303259771,1475,0.98828,0.04956,-0.17603,1.00506,0.0,10.812,-2.25,-0.3853,-0.6627,-0.3416,0.5435
1782303259771,1475,0.98438,0.03564,-0.16772,0.9992,0.0,10.688,-2.688,-0.385,-0.6624,-0.3419,0.5438
1782303259771,1475,0.98975,0.03516,-0.16724,1.00439,0.25,9.625,-2.25,-0.3847,-0.6621,-0.3422,0.5442
1782303259771,1475,0.98926,0.03931,-0.16284,1.00334,0.25,9.125,-1.75,-0.3846,-0.6621,-0.3423,0.5443
1782303259771,1475,0.99146,0.03857,-0.15991,1.00501,0.0,7.438,-1.75,-0.3844,-0.6619,-0.3425,0.5446
1782303259771,1475,0.98975,0.04419,-0.16138,1.00379,0.062,5.812,-1.5,-0.3843,-0.6618,-0.3427,0.5447
1782303259771,1475,0.98804,0.03369,-0.16455,1.00221,0.062,3.0,-1.438,-0.3841,-0.6617,-0.3428,0.5448
1782303259771,1475,0.98804,0.03369,-0.16455,1.00221,0.062,3.0,-1.438,-0.3841,-0.6617,-0.3428,0.5448
1782303259771,1475,0.98779,0.03296,-0.17188,1.00318,0.5,1.5,-1.062,-0.384,-0.6616,-0.3428,0.5449
1782303259771,1475,0.98779,0.03638,-0.17163,1.00325,0.5,1.438,-0.812,-0.3839,-0.6616,-0.3429,0.5449
1782303259771,1475,0.98511,0.03345,-0.17383,1.00089,0.125,1.75,-0.812,-0.3839,-0.6616,-0.343,0.545
1782303259771,1475,0.98511,0.03345,-0.17383,1.00089,0.125,1.75,-0.812,-0.3839,-0.6616,-0.343,0.545
1782303259771,1475,0.98291,0.0354,-0.17749,0.99943,0.25,2.562,-1.0,-0.3837,-0.6616,-0.343,0.5451
1782303259771,1475,0.98413,0.03662,-0.17798,1.00077,0.438,3.375,-1.562,-0.3837,-0.6615,-0.3431,0.5451
1782303259771,1475,0.9834,0.03516,-0.17749,0.99991,0.0,5.0,-1.812,-0.3835,-0.6614,-0.3432,0.5452
1782303259771,1475,0.9834,0.03516,-0.17749,0.99991,0.0,5.0,-1.812,-0.3835,-0.6614,-0.3432,0.5452
1782303259771,1475,0.98462,0.03491,-0.17041,0.99987,-0.062,5.812,-2.188,-0.3833,-0.6613,-0.3435,0.5455
1782303259771,1475,0.98828,0.04028,-0.17285,1.00409,-0.062,6.0,-2.25,-0.3831,-0.6612,-0.3436,0.5456
1782303259771,1475,0.98706,0.04028,-0.16406,1.00141,-0.062,5.938,-1.938,-0.383,-0.6611,-0.3438,0.5457
1782303259771,1475,0.99023,0.04395,-0.16211,1.00438,-0.062,5.375,-1.375,-0.3829,-0.661,-0.3439,0.5458
1782303259771,1475,0.98901,0.03809,-0.15454,1.00174,-0.125,2.625,-0.375,-0.3827,-0.6608,-0.3441,0.546
1782303259771,1475,0.98901,0.03809,-0.15454,1.00174,-0.125,2.625,-0.375,-0.3827,-0.6608,-0.3441,0.546
1782303259771,1475,0.98975,0.04443,-0.16138,1.0038,-0.25,0.5,-0.625,-0.3826,-0.6608,-0.3441,0.5461
1782303259771,1475,0.98877,0.03979,-0.1604,1.00249,-0.125,0.125,0.5,-0.3826,-0.6608,-0.3442,0.5461
1782303259771,1475,0.99316,0.03809,-0.15991,1.00668,-0.25,-0.688,0.812,-0.3826,-0.6608,-0.3441,0.5461
1782303259771,1475,0.99683,0.0376,-0.14722,1.00834,0.0,-4.625,2.75,-0.3829,-0.6608,-0.344,0.546
1782303259771,1475,0.99683,0.0376,-0.14722,1.00834,0.0,-4.625,2.75,-0.3829,-0.6608,-0.344,0.546
1782303259771,1475,0.99072,0.03564,-0.15625,1.0036,-0.188,-8.938,2.5,-0.3831,-0.661,-0.3437,0.5457
1782303259771,1475,0.9873,0.03979,-0.16284,1.00143,0.0,-10.0,3.312,-0.3834,-0.6612,-0.3435,0.5455
1782303259771,1475,1.0061,0.04297,-0.1748,1.02208,0.0,-11.062,5.188,-0.3838,-0.6614,-0.3431,0.5451
1782303259771,1475,1.0061,0.04297,-0.1748,1.02208,0.0,-11.062,5.188,-0.3838,-0.6614,-0.3431,0.5451
1782303259771,1475,0.99121,0.04272,-0.15308,1.00387,-0.062,-12.438,4.375,-0.3842,-0.6618,-0.3427,0.5447
1782303259771,1475,0.98022,0.03882,-0.1499,0.99238,0.562,-16.312,6.125,-0.3846,-0.662,-0.3422,0.5444
1782303259771,1475,1.00464,0.0271,-0.18921,1.02266,0.438,-17.812,5.938,-0.3853,-0.6625,-0.3416,0.5438
1782303259771,1475,0.97925,0.03809,-0.16919,0.99449,0.5,-18.0,7.188,-0.3859,-0.6629,-0.3409,0.5432
1782303259771,1475,0.99536,0.0293,-0.17896,1.01174,0.75,-19.25,8.438,-0.3864,-0.6632,-0.3404,0.5429
1782303259771,1475,0.99536,0.0293,-0.17896,1.01174,0.75,-19.25,8.438,-0.3864,-0.6632,-0.3404,0.5429
1782303259771,1475,0.97925,0.02832,-0.18066,0.99618,0.0,-19.5,6.062,-0.3871,-0.6638,-0.3397,0.5422
1782303259771,1475,0.97485,0.0271,-0.19556,0.99464,0.688,-19.0,7.125,-0.3878,-0.6643,-0.3389,0.5415
1782303259771,1475,0.98804,0.01416,-0.2146,1.01117,0.688,-15.438,6.562,-0.3882,-0.6646,-0.3385,0.5411
1782303259771,1475,0.98804,0.01416,-0.2146,1.01117,0.688,-15.438,6.562,-0.3882,-0.6646,-0.3385,0.5411
1782303259771,1475,0.96704,0.02466,-0.19946,0.98771,0.312,-10.188,5.438,-0.3887,-0.6649,-0.3379,0.5407
1782303259771,1475,0.96704,0.02466,-0.19946,0.98771,0.312,-10.188,5.438,-0.3887,-0.6649,-0.3379,0.5407
1782303259771,1475,0.98535,0.00879,-0.21851,1.00933,1.0,-4.812,4.688,-0.3892,-0.665,-0.3374,0.5405
1782303259771,1475,0.98535,0.00879,-0.21851,1.00933,1.0,-4.812,4.688,-0.3892,-0.665,-0.3374,0.5405
1782303259771,1475,0.97217,0.02637,-0.20142,0.99316,0.875,0.375,3.125,-0.3893,-0.665,-0.3372,0.5405
1782303259771,1475,1.00244,-0.00293,-0.18921,1.02015,1.25,1.062,-0.375,-0.3893,-0.6649,-0.3371,0.5407
1782303259771,1475,0.96875,0.02319,-0.18823,0.98714,1.812,-0.625,-1.312,-0.3892,-0.665,-0.3371,0.5407
1782303259771,1475,0.97583,0.02808,-0.21265,0.99913,2.375,0.062,-0.188,-0.3891,-0.665,-0.337,0.5407
1782303259771,1475,0.9729,0.03516,-0.18799,0.99152,1.25,6.375,-0.312,-0.3889,-0.665,-0.337,0.541
1782303259771,1475,0.98364,0.04077,-0.1958,1.00377,1.5,6.312,0.0,-0.3888,-0.6649,-0.3371,0.5411
1782303259771,1475,0.98364,0.04077,-0.1958,1.00377,1.5,6.312,0.0,-0.3888,-0.6649,-0.3371,0.5411
1782303259771,1475,0.99927,0.0332,-0.1958,1.01881,1.062,8.125,-0.25,-0.3886,-0.6646,-0.3372,0.5415
1782303259771,1475,0.98682,0.04712,-0.17041,1.00253,0.438,7.0,-0.312,-0.3884,-0.6644,-0.3375,0.5418
1782303259771,1475,0.98486,0.0459,-0.16431,0.99953,0.312,5.938,-0.625,-0.3883,-0.6643,-0.3375,0.5419
1782303259771,1475,0.99634,0.03882,-0.17822,1.0129,0.125,3.938,-0.875,-0.3883,-0.6642,-0.3376,0.542
1782303259771,1475,0.99219,0.03711,-0.17651,1.00845,0.0,3.188,-0.312,-0.3881,-0.6641,-0.3377,0.5421
1782303259771,1475,0.98291,0.04395,-0.16772,0.99809,0.312,1.438,0.0,-0.3881,-0.6641,-0.3378,0.5422
1782303259771,1475,0.99609,0.03198,-0.17017,1.01103,0.0,-0.75,1.438,-0.3881,-0.6641,-0.3377,0.5422
1782303259771,1475,0.99365,0.02759,-0.17139,1.0087,0.0,-4.062,1.562,-0.3883,-0.6641,-0.3376,0.5421
1782303259771,1475,0.98926,0.02197,-0.17236,1.0044,0.0,-5.188,1.812,-0.3883,-0.6641,-0.3375,0.5421
1782303259771,1475,0.98413,0.02271,-0.18457,1.00155,0.5,-6.125,0.875,-0.3884,-0.6643,-0.3374,0.5419
1782303259771,1475,0.97534,0.02173,-0.20703,0.99731,0.5,-4.438,0.0,-0.3885,-0.6644,-0.3373,0.5418
1782303259771,1475,0.96973,0.01953,-0.21387,0.99322,0.75,-0.312,-0.938,-0.3885,-0.6645,-0.3372,0.5417
1782303259771,1475,0.96875,0.02588,-0.21411,0.99247,0.062,4.375,-1.375,-0.3884,-0.6645,-0.3373,0.5418
1782303259771,1475,0.98022,0.02051,-0.20044,1.00072,0.0,8.812,-1.375,-0.3883,-0.6643,-0.3375,0.542
1782303259771,1475,0.98584,0.02197,-0.18213,1.00276,-0.5,10.312,-1.938,-0.3881,-0.6641,-0.3377,0.5422
1782303259771,1475,0.9873,0.02734,-0.16895,1.00203,-0.188,8.562,-2.25,-0.3878,-0.6638,-0.338,0.5426
1782303259771,1475,0.99194,0.03003,-0.16577,1.00615,-0.375,6.062,-1.688,-0.3876,-0.6636,-0.3382,0.5428
1782303259771,1475,0.99536,0.03442,-0.16553,1.00962,-0.312,3.0,-0.062,-0.3875,-0.6636,-0.3383,0.5429
1782303259771,1475,0.99609,0.03174,-0.15625,1.00877,-0.375,-0.562,1.0,-0.3875,-0.6635,-0.3383,0.5429
1782303259771,1475,0.99487,0.03711,-0.15747,1.00794,0.0,-5.25,1.812,-0.3876,-0.6636,-0.3382,0.5428
1782303259771,1475,0.98853,0.0293,-0.17163,1.00374,0.375,-10.75,2.75,-0.3879,-0.6639,-0.3379,0.5425
1782303259771,1475,0.98389,0.02979,-0.18652,1.00185,0.625,-11.438,3.188,-0.3882,-0.6641,-0.3376,0.5422
1782303259771,1475,0.97998,0.02563,-0.20142,1.00079,0.0,-6.5,2.438,-0.3889,-0.6646,-0.3369,0.5415
1782303259771,1475,0.97998,0.02612,-0.19751,1.00003,0.0,-4.438,1.938,-0.389,-0.6647,-0.3367,0.5414
1782303259771,1475,0.98022,0.02563,-0.19507,0.99977,-0.188,-2.125,1.312,-0.3891,-0.6648,-0.3367,0.5413
1782303259771,1475,0.98022,0.02563,-0.19507,0.99977,-0.188,-2.125,1.312,-0.3891,-0.6648,-0.3367,0.5413
1782303259771,1475,0.98364,0.01318,-0.18726,1.00139,0.125,-0.438,1.188,-0.3892,-0.6647,-0.3366,0.5413
1782303259771,1475,0.98364,0.01318,-0.18726,1.00139,0.125,-0.438,1.188,-0.3892,-0.6647,-0.3366,0.5413
1782303259771,1475,0.98047,0.01074,-0.19116,0.99899,0.75,0.125,1.375,-0.3893,-0.6647,-0.3364,0.5413
1782303259771,1475,0.97729,0.01367,-0.19092,0.99586,1.062,1.75,1.625,-0.3893,-0.6647,-0.3364,0.5414
1782303259771,1475,0.98413,0.04224,-0.2019,1.00552,0.0,3.75,-0.062,-0.3892,-0.6646,-0.3365,0.5416
1782303259771,1475,0.97876,0.02246,-0.19312,0.99788,-0.188,6.5,-1.438,-0.3891,-0.6645,-0.3366,0.5418
1782303259771,1475,0.97876,0.02246,-0.19312,0.99788,-0.188,6.5,-1.438,-0.3891,-0.6645,-0.3366,0.5418
1782303259771,1475,0.97754,0.0271,-0.18701,0.99564,0.0,7.062,-2.062,-0.3889,-0.6643,-0.3369,0.542
1782303259772,1476,0.98462,0.01562,-0.19556,1.00397,0.0,8.938,-3.25,-0.3887,-0.6641,-0.337,0.5422
1782303259772,1476,0.97778,0.03857,-0.16992,0.99319,-1.062,11.375,-1.938,-0.3883,-0.6638,-0.3375,0.5426
1782303259773,1477,0.97778,0.03857,-0.16992,0.99319,-1.062,11.375,-1.938,-0.3883,-0.6638,-0.3375,0.5426
1782303259773,1477,1.00244,0.00415,-0.17285,1.01724,-0.625,7.562,-2.812,-0.3881,-0.6635,-0.3378,0.5429
1782303259773,1477,0.97974,0.01099,-0.19141,0.99832,-0.688,6.938,-6.312,-0.3878,-0.6635,-0.338,0.543
1782303259773,1477,0.97119,0.02368,-0.21094,0.99412,-0.125,13.75,-7.062,-0.3873,-0.6633,-0.3386,0.5433
1782303259773,1477,0.97119,0.02368,-0.21094,0.99412,-0.125,13.75,-7.062,-0.3873,-0.6633,-0.3386,0.5433
1782303259773,1477,0.97974,0.02734,-0.20093,1.0005,-0.75,21.625,-8.312,-0.3865,-0.6628,-0.3393,0.5439
1782303259773,1477,0.97412,0.04492,-0.18408,0.99238,-0.938,25.188,-7.375,-0.386,-0.6624,-0.34,0.5444
1782303259773,1477,0.97412,0.04492,-0.18408,0.99238,-0.938,25.188,-7.375,-0.386,-0.6624,-0.34,0.5444
1782303259774,1478,0.99658,0.04419,-0.14844,1.00854,0.0,18.188,-6.938,-0.3845,-0.661,-0.3416,0.5461
1782303259774,1478,0.99072,0.05591,-0.14136,1.00232,0.125,14.312,-4.938,-0.3841,-0.6608,-0.342,0.5465
1782303259776,1480,0.99072,0.05591,-0.14136,1.00232,0.125,14.312,-4.938,-0.3841,-0.6608,-0.342,0.5465
1782303259776,1480,1.00366,0.04565,-0.14014,1.01443,0.312,7.125,-1.875,-0.3837,-0.6605,-0.3424,0.5468
1782303259776,1480,0.99609,0.03979,-0.13501,1.00599,0.5,-1.062,-0.062,-0.3836,-0.6604,-0.3424,0.5469
1782303259776,1480,0.98413,0.03345,-0.16162,0.99787,-1.5,21.625,-6.438,-0.382,-0.6594,-0.3441,0.5482
1782303259777,1481,1.06519,0.00415,0.15039,1.07576,-1.625,12.125,-7.125,-0.3812,-0.6587,-0.3449,0.5491
1782303259777,1481,0.93335,0.0791,-0.30347,0.98463,1.625,-8.312,-6.375,-0.3812,-0.6593,-0.3448,0.5484
1782303259778,1482,0.97876,0.03564,-0.20825,1.0013,0.0,-1.5,-0.812,-0.381,-0.6593,-0.345,0.5485
1782303259778,1482,0.98633,0.04541,-0.17554,1.00286,0.188,-1.375,-1.875,-0.3809,-0.6593,-0.345,0.5485
1782303259778,1482,0.99097,0.04443,-0.16528,1.00564,0.312,-0.375,-0.812,-0.3808,-0.6593,-0.3451,0.5485
1782303259778,1482,0.98657,0.04224,-0.15625,0.99976,-0.188,0.0,-2.562,-0.3805,-0.6595,-0.3453,0.5483
1782303259779,1483,0.98535,0.04663,-0.1582,0.99906,0.188,0.062,-0.375,-0.3804,-0.6596,-0.3454,0.5483
1782303259779,1483,1.00146,0.02832,-0.16284,1.01501,0.25,0.062,-0.625,-0.3804,-0.6596,-0.3454,0.5483
1782303259779,1483,0.99365,0.03833,-0.16016,1.00721,-0.062,0.0,-0.75,-0.3804,-0.6596,-0.3454,0.5483
1782303259796,1500,0.98755,0.03979,-0.16016,1.00124,0.062,0.0,-0.562,-0.3803,-0.6596,-0.3454,0.5483
1782303259796,1500,0.98389,0.03564,-0.15991,0.99743,0.0,-0.125,-0.688,-0.3803,-0.6596,-0.3454,0.5483
1782303259796,1500,0.98779,0.04175,-0.15967,1.00148,-0.125,-0.062,0.125,-0.3802,-0.6596,-0.3455,0.5483
1782303259851,1555,0.98877,0.04199,-0.16089,1.00265,-0.062,0.0,0.625,-0.3803,-0.6596,-0.3455,0.5483
1782303259852,1556,0.98853,0.04028,-0.1626,1.00262,0.0,-0.25,0.625,-0.3803,-0.6596,-0.3455,0.5483
1782303259854,1558,0.98853,0.0376,-0.16187,1.0024,0.062,-0.312,0.312,-0.3803,-0.6597,-0.3454,0.5482
1782303259912,1616,0.98779,0.03369,-0.16064,1.00134,0.0,0.0,0.188,-0.3803,-0.6597,-0.3454,0.5482
1782303259913,1617,0.98706,0.03174,-0.15601,0.99982,-0.125,0.0,0.0,-0.3803,-0.6596,-0.3454,0.5483
1782303259913,1617,0.98706,0.03174,-0.15601,0.99982,-0.125,0.0,0.0,-0.3803,-0.6596,-0.3454,0.5483
1782303259971,1675,0.98853,0.04126,-0.16187,1.00254,0.0,0.0,-0.25,-0.3803,-0.6596,-0.3454,0.5483
1782303259972,1676,0.9873,0.04614,-0.16162,1.00151,-0.125,-0.125,-0.188,-0.3803,-0.6596,-0.3454,0.5483
1782303259974,1678,0.98755,0.03516,-0.15796,1.00072,0.0,0.062,0.25,-0.3802,-0.6597,-0.3455,0.5482
1782303260032,1736,0.98755,0.03516,-0.15796,1.00072,0.0,0.062,0.25,-0.3802,-0.6597,-0.3455,0.5482
1782303260033,1737,0.99072,0.03516,-0.15552,1.00347,0.062,-0.125,0.062,-0.3802,-0.6597,-0.3455,0.5482
1782303260033,1737,0.99023,0.04175,-0.16187,1.00424,-0.062,-0.125,0.0,-0.3803,-0.6596,-0.3455,0.5483
1782303260111,1815,0.99023,0.04175,-0.16187,1.00424,-0.062,-0.125,0.0,-0.3803,-0.6596,-0.3455,0.5483
1782303260111,1815,0.98877,0.0415,-0.16504,1.00331,0.0,-0.125,0.0,-0.3803,-0.6596,-0.3455,0.5483
1782303260120,1824,0.98999,0.03589,-0.15894,1.00331,0.0,0.0,0.062,-0.3803,-0.6596,-0.3454,0.5483
1782303260155,1859,0.99048,0.03687,-0.15845,1.00375,0.0,0.0,-0.062,-0.3804,-0.6596,-0.3454,0.5483
1782303260156,1860,0.98779,0.03394,-0.16089,1.00138,0.0,0.0,-0.062,-0.3804,-0.6596,-0.3453,0.5483
1782303260183,1887,0.99023,0.04004,-0.15698,1.0034,0.125,0.0,0.0,-0.3803,-0.6596,-0.3454,0.5483
1782303260212,1916,0.98853,0.04077,-0.15625,1.00163,-0.125,0.0,-0.188,-0.3803,-0.6596,-0.3454,0.5483
1782303260212,1916,0.99121,0.04053,-0.15479,1.00404,0.0,0.0,-0.25,-0.3803,-0.6596,-0.3454,0.5483
1782303260213,1917,0.98779,0.03979,-0.15918,1.00133,0.0,0.0,-0.375,-0.3803,-0.6596,-0.3455,0.5483
1782303260271,1975,0.98828,0.03857,-0.15894,1.00172,0.0,0.0,-0.25,-0.3803,-0.6596,-0.3455,0.5483
1782303260272,1976,0.98633,0.03882,-0.15918,0.99984,0.062,0.0,-0.188,-0.3803,-0.6596,-0.3455,0.5483
1782303260273,1977,0.99048,0.04028,-0.15576,1.00346,0.0,0.125,-0.188,-0.3801,-0.6597,-0.3456,0.5482
1782303260332,2036,0.98657,0.03687,-0.16235,1.00052,0.0,0.0,-0.062,-0.3801,-0.6597,-0.3456,0.5482
1782303260332,2036,0.99316,0.03955,-0.15698,1.00627,0.0,-0.125,0.0,-0.3801,-0.6597,-0.3456,0.5482
1782303260333,2037,0.9917,0.03833,-0.16211,1.00559,0.062,0.0,-0.312,-0.3801,-0.6597,-0.3457,0.5483
1782303260394,2098,0.98926,0.04517,-0.16113,1.00331,-0.062,0.0,-0.188,-0.3801,-0.6597,-0.3457,0.5482
1782303260394,2098,0.98657,0.03809,-0.16357,1.00077,0.0,0.0,0.062,-0.3801,-0.6597,-0.3457,0.5482
1782303260394,2098,0.98511,0.0376,-0.1626,0.99914,0.0,0.0,0.312,-0.3801,-0.6597,-0.3455,0.5482
1782303260457,2161,0.98755,0.0376,-0.1582,1.00085,0.0,0.0,0.0,-0.3801,-0.6597,-0.3455,0.5482
1782303260459,2163,0.98804,0.03833,-0.16187,1.00194,0.0,0.125,-0.125,-0.3801,-0.6597,-0.3455,0.5482
1782303260460,2164,0.98975,0.03345,-0.15771,1.00279,0.062,0.0,1.25,-0.3801,-0.6597,-0.3456,0.5482
1782303260517,2221,0.99219,0.03101,-0.15845,1.00524,-0.125,-0.062,0.062,-0.3801,-0.6597,-0.3456,0.5482
1782303260526,2230,0.98828,0.03442,-0.16284,1.0022,-0.062,0.062,-1.0,-0.3801,-0.6597,-0.3456,0.5482
1782303260527,2231,0.98877,0.04419,-0.16187,1.0029,0.0,0.188,-1.75,-0.3799,-0.6598,-0.3458,0.5481
1782303260572,2276,0.98853,0.04614,-0.16113,1.00263,0.0,0.062,-1.562,-0.3798,-0.6599,-0.3459,0.5481
1782303260572,2276,0.98877,0.04321,-0.16113,1.00274,0.125,0.188,-1.062,-0.3798,-0.6599,-0.3459,0.548
1782303260575,2279,0.99194,0.03027,-0.15747,1.00482,0.688,-0.562,-3.125,-0.3793,-0.6601,-0.3462,0.5479
1782303260636,2340,0.98413,0.05225,-0.16333,0.99896,0.0,0.0,-3.312,-0.3793,-0.6602,-0.3463,0.5478
1782303260636,2340,0.9856,0.05542,-0.15601,0.9994,0.0,0.0,-0.188,-0.3792,-0.6602,-0.3463,0.5478
1782303260636,2340,0.9856,0.05542,-0.15601,0.9994,0.0,0.0,-0.188,-0.3792,-0.6602,-0.3463,0.5478
1782303260694,2398,0.9873,0.04443,-0.1604,1.00124,0.0,-0.062,0.875,-0.3793,-0.6602,-0.3463,0.5478
1782303260694,2398,0.9895,0.03979,-0.16406,1.0038,0.0,-0.125,0.5,-0.3793,-0.6602,-0.3462,0.5478
1782303260695,2399,0.99072,0.03345,-0.16333,1.00465,0.062,-0.188,1.75,-0.3796,-0.66,-0.346,0.5479
1782303260753,2457,0.98096,0.03711,-0.1543,0.99371,0.125,0.0,1.375,-0.3796,-0.66,-0.3459,0.5479
1782303260753,2457,0.98779,0.03076,-0.15894,1.00097,-0.062,0.062,0.812,-0.3797,-0.66,-0.3459,0.548
1782303260753,2457,0.98438,0.05249,-0.15894,0.9985,0.0,-0.062,2.0,-0.38,-0.6598,-0.3456,0.5482
1782303260812,2516,0.98926,0.03052,-0.15723,1.00214,0.062,0.0,2.812,-0.3802,-0.6597,-0.3455,0.5482
1782303260812,2516,0.99194,0.02026,-0.16138,1.00519,-0.25,0.0,0.0,-0.3802,-0.6597,-0.3454,0.5482
1782303260812,2516,0.99194,0.02026,-0.16138,1.00519,-0.25,0.0,0.0,-0.3802,-0.6597,-0.3454,0.5482
1782303260872,2576,0.99072,0.03589,-0.15747,1.0038,0.5,-2.0,2.312,-0.3808,-0.6595,-0.3449,0.5484
1782303260872,2576,0.99463,0.03589,-0.14893,1.00636,0.375,-2.812,2.25,-0.3809,-0.6596,-0.3448,0.5484
1782303260872,2576,0.98608,0.03418,-0.18433,1.00375,0.562,-10.438,4.312,-0.3837,-0.6618,-0.3416,0.5458
1782303260935,2639,0.9856,0.03467,-0.17358,1.00137,0.438,-9.438,4.312,-0.3839,-0.6619,-0.3413,0.5456
1782303260935,2639,0.98828,0.03613,-0.16333,1.00234,0.688,-9.812,4.625,-0.3842,-0.6621,-0.341,0.5454
1782303260947,2651,0.98828,0.02856,-0.17383,1.00386,0.25,-12.938,5.562,-0.387,-0.6642,-0.3377,0.5429
1782303260998,2702,0.9873,0.02563,-0.17847,1.00363,1.375,-14.625,5.25,-0.3875,-0.6646,-0.3372,0.5424
1782303260998,2702,0.99023,0.02148,-0.1814,1.00694,0.875,-15.438,5.5,-0.3878,-0.6649,-0.3367,0.5421
1782303260998,2702,0.97021,0.0293,-0.23462,0.99861,0.062,-0.812,-0.25,-0.3909,-0.6675,-0.3332,0.5388
1782303261066,2770,0.97754,0.01807,-0.20117,0.99819,-0.125,2.875,0.312,-0.3908,-0.6674,-0.3333,0.5389
1782303261066,2770,0.98511,0.02515,-0.19019,1.00361,0.0,2.688,0.0,-0.3908,-0.6673,-0.3333,0.539
1782303261066,2770,0.97485,0.02271,-0.19556,0.99453,0.062,-0.938,0.188,-0.3908,-0.6676,-0.3332,0.5388
1782303261114,2818,0.97314,0.021,-0.19678,0.99306,0.0,2.125,0.125,-0.3908,-0.6675,-0.3332,0.5388
1782303261114,2818,0.99048,0.02148,-0.1936,1.00945,0.188,0.438,0.0,-0.3908,-0.6674,-0.3333,0.539
1782303261114,2818,0.98218,0.0249,-0.19824,1.00229,0.125,2.0,0.0,-0.3907,-0.6674,-0.3333,0.5391
1782303261175,2879,0.97852,0.02417,-0.1936,0.99778,0.0,2.062,0.0,-0.3907,-0.6673,-0.3333,0.5391
1782303261175,2879,0.98877,0.02393,-0.19312,1.00774,0.062,1.5,0.062,-0.3906,-0.6673,-0.3333,0.5392
1782303261175,2879,0.97607,0.02344,-0.20215,0.99706,0.438,1.938,-0.25,-0.3905,-0.6672,-0.3334,0.5393
1782303261232,2936,0.98267,0.02075,-0.18799,1.0007,-0.438,2.938,0.0,-0.3904,-0.6671,-0.3335,0.5395
1782303261232,2936,0.9834,0.02515,-0.18555,1.00107,0.0,1.688,-0.188,-0.3903,-0.667,-0.3336,0.5396
1782303261233,2937,0.98462,0.0249,-0.19946,1.00493,-0.062,1.25,-0.062,-0.3905,-0.6671,-0.3336,0.5394
1782303261293,2997,0.98682,0.02881,-0.19141,1.00562,-0.062,0.438,0.188,-0.3905,-0.667,-0.3336,0.5395
1782303261293,2997,0.98682,0.02368,-0.18896,1.00502,-0.062,-1.312,0.125,-0.3905,-0.667,-0.3336,0.5395
1782303261294,2998,0.9834,0.02051,-0.19385,1.00253,-0.125,2.0,0.062,-0.3906,-0.667,-0.3336,0.5394
1782303261353,3057,0.98193,0.02466,-0.19116,1.00067,-0.25,1.75,0.0,-0.3905,-0.667,-0.3336,0.5394
1782303261354,3058,0.98584,0.02026,-0.19312,1.00478,-0.188,1.812,0.062,-0.3905,-0.6669,-0.3336,0.5395
1782303261354,3058,0.97998,0.02295,-0.19043,0.99857,-0.5,9.125,-3.062,-0.3894,-0.666,-0.335,0.5405
1782303261412,3116,0.98926,0.02881,-0.18091,1.00608,-0.312,7.562,-2.312,-0.3889,-0.6657,-0.3356,0.541
1782303261412,3116,0.98535,0.02808,-0.17944,1.00195,-0.5,6.312,-2.062,-0.3888,-0.6655,-0.3357,0.5412
1782303261413,3117,0.9834,0.02881,-0.19043,1.00208,0.0,2.688,-1.0,-0.3883,-0.6652,-0.3363,0.5416
1782303261479,3183,0.98364,0.02734,-0.18774,1.00177,0.0,3.438,-1.062,-0.3882,-0.6651,-0.3364,0.5418
1782303261480,3184,0.9834,0.02686,-0.18823,1.00161,0.062,4.312,-1.562,-0.3881,-0.665,-0.3365,0.5419
1782303261480,3184,0.98901,0.02563,-0.18262,1.00606,0.0,0.125,0.0,-0.3876,-0.6646,-0.3371,0.5424
1782303261533,3237,0.9856,0.02856,-0.18188,1.00264,0.0,0.188,0.062,-0.3875,-0.6646,-0.3371,0.5424
1782303261536,3240,0.98877,0.02612,-0.17896,1.00517,0.0,-0.375,0.562,-0.3876,-0.6645,-0.3371,0.5424
1782303261537,3241,0.98755,0.02783,-0.18115,1.00441,0.438,-6.875,2.375,-0.3884,-0.6651,-0.3362,0.5418
1782303261595,3299,0.98267,0.02686,-0.18384,1.00008,0.312,-7.625,2.375,-0.3886,-0.6652,-0.336,0.5416
1782303261595,3299,0.98779,0.02051,-0.18945,1.00601,0.312,-7.625,2.375,-0.3888,-0.6655,-0.3357,0.5413
1782303261595,3299,0.98779,0.02051,-0.18945,1.00601,0.312,-7.625,2.375,-0.3888,-0.6655,-0.3357,0.5413
1782303261652,3356,0.98584,0.0271,-0.20508,1.00731,0.0,-2.188,0.438,-0.3898,-0.6663,-0.3345,0.5403
1782303261653,3357,0.97803,0.0293,-0.19604,0.99791,0.0,-0.25,0.625,-0.3898,-0.6663,-0.3345,0.5402
1782303261653,3357,0.97998,0.02466,-0.19385,0.99927,0.188,-2.062,1.0,-0.3903,-0.6665,-0.3341,0.54
1782303261712,3416,0.98535,0.02344,-0.19702,1.00513,0.062,-1.938,0.625,-0.3904,-0.6665,-0.334,0.5399
1782303261713,3417,0.98291,0.02588,-0.19434,1.00227,0.062,-1.688,0.125,-0.3904,-0.6666,-0.3339,0.5399
1782303261713,3417,0.98438,0.02368,-0.1958,1.00394,-0.125,2.625,-0.625,-0.39,-0.6663,-0.3344,0.5402
1782303261771,3475,0.98438,0.02368,-0.1958,1.00394,-0.125,2.625,-0.625,-0.39,-0.6663,-0.3344,0.5402
1782303261772,3476,0.98242,0.02075,-0.19312,1.00144,0.0,3.125,-0.938,-0.3899,-0.6663,-0.3345,0.5403
1782303261775,3479,0.96875,0.03467,-0.18164,0.98624,0.0,0.938,-0.812,-0.3892,-0.6657,-0.3353,0.541
1782303261838,3542,0.98901,0.01953,-0.1936,1.00797,0.625,0.562,0.188,-0.3892,-0.6657,-0.3352,0.541
1782303261838,3542,0.979,0.02954,-0.18677,0.9971,-0.25,1.625,-1.25,-0.3891,-0.6657,-0.3353,0.541
1782303261844,3548,0.979,0.02954,-0.18677,0.9971,-0.25,1.625,-1.25,-0.3891,-0.6657,-0.3353,0.541
1782303261899,3603,0.98853,0.0249,-0.18164,1.00538,-0.375,1.625,-0.188,-0.3886,-0.6653,-0.3359,0.5415
1782303261899,3603,0.98413,0.02905,-0.17407,0.99983,0.0,1.0,-0.125,-0.3886,-0.6652,-0.3359,0.5416
1782303261899,3603,0.98315,0.02832,-0.19092,1.00192,0.0,-2.062,0.5,-0.389,-0.6656,-0.3354,0.5411
1782303261976,3680,0.98389,0.02466,-0.19312,1.00296,0.25,-1.938,0.812,-0.389,-0.6657,-0.3353,0.5411
1782303261976,3680,0.98413,0.02417,-0.19287,1.00314,0.0,-1.875,0.625,-0.3891,-0.6657,-0.3353,0.541
1782303261977,3681,0.98535,0.02271,-0.19775,1.00526,0.0,-0.062,0.188,-0.3896,-0.6661,-0.3347,0.5405
1782303262024,3728,0.97412,0.02783,-0.18872,0.99262,-0.312,-0.188,0.312,-0.3896,-0.6661,-0.3348,0.5405
1782303262025,3729,0.98999,0.02148,-0.19897,1.01002,0.062,-0.062,0.188,-0.3897,-0.6661,-0.3347,0.5405
1782303262026,3730,0.98608,0.02368,-0.18115,1.00287,0.25,-0.438,0.438,-0.3895,-0.6659,-0.3349,0.5407
1782303262081,3785,0.98926,0.02368,-0.18335,1.00638,0.125,-0.875,0.25,-0.3895,-0.6659,-0.3349,0.5407
1782303262081,3785,0.98389,0.02515,-0.18628,1.00168,0.0,-0.875,0.125,-0.3895,-0.6659,-0.3349,0.5407
1782303262082,3786,0.98267,0.02319,-0.19604,1.0023,-0.375,6.062,-1.812,-0.3891,-0.6657,-0.3353,0.541
1782303262162,3866,0.98438,0.02246,-0.19653,1.00405,-0.5,6.375,-2.562,-0.389,-0.6657,-0.3355,0.5411
1782303262162,3866,0.98486,0.02881,-0.1936,1.00413,-0.188,7.312,-2.125,-0.3887,-0.6655,-0.3357,0.5413
1782303262163,3867,0.98608,0.02979,-0.17578,1.00207,0.0,-2.0,0.5,-0.3879,-0.6647,-0.3366,0.5422
1782303262212,3916,0.98877,0.03003,-0.17871,1.00524,0.375,-2.75,0.812,-0.3879,-0.6648,-0.3366,0.5421
1782303262212,3916,0.98511,0.03027,-0.18018,1.00191,0.062,-2.938,0.812,-0.388,-0.6649,-0.3365,0.5421
1782303262213,3917,0.9834,0.0249,-0.18945,1.00179,0.062,-1.688,1.0,-0.3887,-0.6654,-0.3357,0.5414
1782303262257,3961,0.9873,0.0249,-0.19019,1.00576,0.125,-1.562,0.625,-0.3887,-0.6654,-0.3356,0.5414
1782303262262,3966,0.98438,0.02661,-0.19092,1.00307,0.0,-1.812,0.75,-0.3888,-0.6655,-0.3356,0.5413
1782303262262,3966,0.98193,0.02319,-0.18555,0.99958,0.0,-3.188,1.0,-0.3893,-0.6658,-0.3351,0.5409
1782303262323,4027,0.98486,0.02515,-0.18872,1.0031,0.125,-3.062,1.188,-0.3894,-0.6658,-0.335,0.5408
1782303262324,4028,0.98315,0.02197,-0.18994,1.00158,0.25,-3.062,1.0,-0.3895,-0.6659,-0.3349,0.5408
1782303262324,4028,0.98389,0.02515,-0.19727,1.00378,0.0,2.188,-0.5,-0.3895,-0.666,-0.3348,0.5407
1782303262372,4076,0.98535,0.02734,-0.19336,1.00452,0.0,2.562,-0.75,-0.3895,-0.666,-0.3349,0.5407
1782303262373,4077,0.98364,0.02612,-0.18994,1.00215,-0.375,2.312,-0.625,-0.3894,-0.6659,-0.335,0.5408
1782303262378,4082,0.98584,0.02344,-0.19067,1.00438,-0.062,1.375,-0.75,-0.389,-0.6656,-0.3354,0.5411
1782303262441,4145,0.98608,0.02734,-0.18823,1.00426,0.0,1.25,-0.562,-0.3889,-0.6655,-0.3355,0.5412
1782303262442,4146,0.98438,0.02832,-0.18677,1.00234,0.0,1.312,-0.438,-0.3889,-0.6655,-0.3355,0.5413
1782303262442,4146,0.98657,0.02954,-0.19043,1.00522,0.0,-1.0,0.375,-0.3889,-0.6655,-0.3356,0.5413
1782303262494,4198,0.98218,0.02295,-0.19092,1.00082,0.0,-1.312,0.562,-0.3889,-0.6655,-0.3355,0.5413
1782303262494,4198,0.98315,0.02881,-0.1897,1.0017,-0.062,-1.5,0.312,-0.3889,-0.6655,-0.3355,0.5413
1782303262494,4198,0.98486,0.02832,-0.18945,1.00332,0.0,-0.812,0.312,-0.3892,-0.6657,-0.3352,0.541
1782303262604,4308,0.98389,0.02441,-0.18799,1.00198,0.0,-0.438,0.375,-0.3892,-0.6657,-0.3352,0.541
1782303262604,4308,0.98779,0.0249,-0.18872,1.00597,0.0,-0.625,0.312,-0.3893,-0.6657,-0.3352,0.541
1782303262605,4309,0.979,0.02612,-0.19312,0.99821,0.125,-0.5,0.0,-0.3895,-0.6659,-0.3349,0.5407
1782303262640,4344,0.98389,0.02344,-0.19434,1.00317,0.0,-0.375,0.0,-0.3895,-0.6659,-0.3348,0.5407
1782303262643,4347,0.98462,0.02368,-0.19653,1.00432,0.0,0.062,0.0,-0.3895,-0.6659,-0.3348,0.5407
1782303262644,4348,0.98438,0.02588,-0.18774,1.00245,0.0,2.0,-0.625,-0.3891,-0.6656,-0.3353,0.5411
1782303262684,4388,0.9834,0.02881,-0.18359,1.0008,0.188,1.688,-0.438,-0.389,-0.6656,-0.3354,0.5411
1782303262686,4390,0.98926,0.02271,-0.1897,1.00754,0.0,1.625,-0.312,-0.389,-0.6655,-0.3354,0.5412
1782303262686,4390,0.98633,0.02148,-0.19043,1.00477,0.0,-0.875,0.25,-0.389,-0.6655,-0.3354,0.5412
1782303262737,4441,0.98389,0.02417,-0.19043,1.00244,0.0,-0.438,0.312,-0.389,-0.6655,-0.3354,0.5412
1782303262737,4441,0.98364,0.02417,-0.19434,1.00295,0.0,-0.438,0.062,-0.389,-0.6655,-0.3353,0.5412
1782303262737,4441,0.98584,0.02441,-0.18701,1.00372,0.125,-0.75,0.312,-0.3891,-0.6656,-0.3353,0.5411
1782303262796,4500,0.98413,0.0271,-0.19019,1.00271,0.0,-1.0,0.312,-0.3891,-0.6656,-0.3353,0.5411
1782303262813,4517,0.98462,0.0293,-0.18457,1.0022,0.062,-0.812,0.5,-0.3891,-0.6656,-0.3353,0.5411
1782303262813,4517,0.98438,0.02808,-0.19019,1.00297,-0.125,0.438,-0.375,-0.3893,-0.6657,-0.3352,0.541
1782303262856,4560,0.98291,0.02368,-0.19092,1.00156,0.0,0.688,-0.188,-0.3893,-0.6657,-0.3352,0.541
1782303262857,4561,0.98218,0.02344,-0.1814,0.99906,0.0,0.375,-0.25,-0.3892,-0.6657,-0.3352,0.541
1782303262857,4561,0.97974,0.02881,-0.19141,0.99867,-0.188,1.125,-0.5,-0.3892,-0.6657,-0.3352,0.541
1782303262911,4615,0.99219,0.02368,-0.19531,1.01151,0.0,1.188,-0.188,-0.3892,-0.6657,-0.3352,0.5411
1782303262912,4616,0.97974,0.03052,-0.18628,0.99775,-0.312,1.25,-0.375,-0.3891,-0.6656,-0.3353,0.5411
1782303262912,4616,0.9856,0.02466,-0.19434,1.00487,0.0,-1.125,0.188,-0.3892,-0.6657,-0.3352,0.541
1782303262983,4687,0.9856,0.02466,-0.19434,1.00487,0.0,-1.125,0.188,-0.3892,-0.6657,-0.3352,0.541
1782303262983,4687,0.98291,0.02417,-0.19287,1.00195,-0.062,-0.188,0.0,-0.3892,-0.6657,-0.3352,0.541
1782303262983,4687,0.9873,0.0271,-0.18604,1.00504,0.0,0.375,0.0,-0.389,-0.6655,-0.3355,0.5413
1782303263033,4737,0.9873,0.0271,-0.18604,1.00504,0.0,0.375,0.0,-0.389,-0.6655,-0.3355,0.5413
1782303263034,4738,0.98633,0.02686,-0.18799,1.00444,-0.062,-0.875,0.188,-0.389,-0.6655,-0.3355,0.5413
1782303263034,4738,0.98413,0.0271,-0.18945,1.00257,0.0,0.75,-0.312,-0.389,-0.6655,-0.3355,0.5412
1782303263104,4808,0.98779,0.02368,-0.18579,1.00539,0.062,0.5,-0.125,-0.389,-0.6655,-0.3355,0.5412
1782303263105,4809,0.98413,0.02759,-0.18701,1.00212,0.0,0.0,0.25,-0.389,-0.6655,-0.3355,0.5413
1782303263105,4809,0.98486,0.02441,-0.19312,1.00391,0.0,0.0,0.188,-0.3892,-0.6656,-0.3353,0.5411
1782303263160,4864,0.98438,0.02515,-0.18677,1.00225,0.0,0.188,-0.062,-0.3892,-0.6656,-0.3353,0.5411
1782303263163,4867,0.98511,0.02441,-0.18848,1.00327,-0.062,0.375,-0.125,-0.3892,-0.6655,-0.3353,0.5411
1782303263163,4867,0.98291,0.02148,-0.19385,1.00207,0.0,0.688,-0.188,-0.3892,-0.6655,-0.3353,0.5411
1782303263216,4920,0.98657,0.02417,-0.19067,1.00512,-0.125,1.062,-0.25,-0.3892,-0.6655,-0.3353,0.5411
1782303263221,4925,0.98511,0.02441,-0.19214,1.00397,0.0,1.0,-0.125,-0.3892,-0.6655,-0.3353,0.5412
1782303263221,4925,0.98511,0.02393,-0.19141,1.00382,0.0,-0.625,0.312,-0.3892,-0.6655,-0.3353,0.5411
1782303263272,4976,0.98218,0.02881,-0.19092,1.00098,0.0,-0.25,0.125,-0.3892,-0.6656,-0.3353,0.5411
1782303263272,4976,0.98608,0.02539,-0.18945,1.00444,0.0,-0.375,0.312,-0.3892,-0.6655,-0.3353,0.5411
1782303263273,4977,0.98389,0.02319,-0.18677,1.00173,-0.125,2.125,-0.688,-0.3892,-0.6655,-0.3354,0.5412
1782303263337,5041,0.98413,0.02466,-0.18872,1.00237,-0.062,2.188,-0.688,-0.3891,-0.6654,-0.3354,0.5413
1782303263338,5042,0.98608,0.02686,-0.18848,1.00429,0.0,2.25,-0.75,-0.389,-0.6654,-0.3355,0.5413
1782303263338,5042,0.98413,0.02686,-0.18921,1.00251,0.25,-2.25,0.688,-0.3892,-0.6655,-0.3353,0.5411
1782303263393,5097,0.9856,0.02612,-0.19482,1.00501,0.0,-1.812,0.562,-0.3892,-0.6656,-0.3353,0.5411
1782303263393,5097,0.9812,0.02368,-0.19312,1.0003,0.0,-1.062,0.312,-0.3893,-0.6656,-0.3352,0.541
1782303263394,5098,0.98218,0.02661,-0.18604,1.0,0.0,-0.625,0.125,-0.3893,-0.6656,-0.3352,0.541
1782303263466,5170,0.98535,0.02441,-0.18945,1.0037,0.062,-0.875,0.312,-0.3894,-0.6657,-0.3352,0.541
1782303263466,5170,0.98364,0.02637,-0.18726,1.00165,0.0,-0.875,0.375,-0.3894,-0.6657,-0.3351,0.541
1782303263467,5171,0.98413,0.02222,-0.19238,1.003,0.0,-0.188,-0.062,-0.3896,-0.6658,-0.3349,0.5408
1782303263518,5222,0.98438,0.02881,-0.19141,1.00323,0.0,0.0,0.0,-0.3896,-0.6658,-0.3349,0.5408
1782303263518,5222,0.98486,0.02368,-0.19434,1.00413,0.0,-0.125,0.125,-0.3896,-0.6658,-0.3349,0.5408
1782303263518,5222,0.98633,0.02515,-0.19019,1.00481,0.0,0.5,-0.25,-0.3896,-0.6658,-0.3349,0.5408
1782303263571,5275,0.98315,0.02393,-0.19263,1.00213,0.0,0.5,-0.25,-0.3896,-0.6658,-0.3349,0.5408
1782303263572,5276,0.98438,0.02295,-0.19067,1.00293,0.188,0.688,-0.125,-0.3895,-0.6658,-0.335,0.5408
1782303263576,5280,0.98511,0.02612,-0.18677,1.003,0.0,0.688,-0.062,-0.3893,-0.6656,-0.3352,0.5411
1782303263631,5335,0.98657,0.0249,-0.18774,1.00459,0.0,0.125,0.188,-0.3892,-0.6656,-0.3353,0.5411
1782303263631,5335,0.98755,0.02759,-0.18677,1.00543,0.0,-0.438,0.25,-0.3892,-0.6655,-0.3353,0.5411
1782303263632,5336,0.98291,0.0249,-0.19336,1.00206,0.0,-0.5,0.25,-0.3897,-0.6659,-0.3348,0.5407
1782303263707,5411,0.98486,0.02319,-0.19214,1.0037,0.0,-0.25,0.125,-0.3897,-0.6659,-0.3348,0.5407
1782303263707,5411,0.9856,0.02417,-0.19336,1.00467,-0.125,0.0,0.062,-0.3897,-0.6659,-0.3348,0.5407
1782303263707,5411,0.9856,0.02417,-0.19336,1.00467,-0.125,0.0,0.062,-0.3897,-0.6659,-0.3348,0.5407
1782303263755,5459,0.98584,0.0271,-0.18872,1.00411,0.0,0.0,0.25,-0.3896,-0.6658,-0.3348,0.5407
1782303263755,5459,0.98657,0.02441,-0.18701,1.00444,0.0,-0.312,0.25,-0.3897,-0.6658,-0.3348,0.5407
1782303263756,5460,0.9834,0.02222,-0.19727,1.00323,0.0,0.25,-0.188,-0.3898,-0.666,-0.3346,0.5405
1782303263815,5519,0.98486,0.02368,-0.19702,1.00466,-0.062,1.875,-0.562,-0.3897,-0.666,-0.3347,0.5406
1782303263816,5520,0.98413,0.02515,-0.19458,1.0035,0.0,2.125,-0.5,-0.3897,-0.6659,-0.3348,0.5407
1782303263816,5520,0.98511,0.02368,-0.19434,1.00437,0.0,1.188,-0.25,-0.3896,-0.6658,-0.3349,0.5408
1782303263874,5578,0.98511,0.02368,-0.19434,1.00437,0.0,1.188,-0.25,-0.3896,-0.6658,-0.3349,0.5408
1782303263874,5578,0.98315,0.02368,-0.19238,1.00208,-0.25,1.812,-0.75,-0.3895,-0.6657,-0.335,0.5408
1782303263875,5579,0.98389,0.0249,-0.18994,1.00236,0.0,0.562,-0.25,-0.3892,-0.6655,-0.3353,0.5412
1782303263932,5636,0.98462,0.02686,-0.1897,1.00309,-0.125,0.625,-0.062,-0.3891,-0.6655,-0.3354,0.5412
1782303263932,5636,0.9834,0.02368,-0.18872,1.00162,0.0,0.125,0.25,-0.3891,-0.6655,-0.3354,0.5412
1782303263934,5638,0.98486,0.02734,-0.18799,1.00302,0.0,-0.812,0.375,-0.3893,-0.6656,-0.3352,0.5411
1782303263992,5696,0.9834,0.02026,-0.19336,1.00243,0.0,-0.75,0.125,-0.3894,-0.6656,-0.3352,0.5411
1782303263993,5697,0.98315,0.02393,-0.19092,1.00181,0.0,-0.438,0.25,-0.3894,-0.6656,-0.3352,0.541
1782303263993,5697,0.98413,0.02466,-0.19604,1.00377,0.0,1.0,-0.062,-0.3894,-0.6657,-0.3351,0.5409
1782303264054,5758,0.98413,0.02466,-0.19604,1.00377,0.0,1.0,-0.062,-0.3894,-0.6657,-0.3351,0.5409
1782303264054,5758,0.98242,0.02466,-0.19019,1.00097,0.0,1.375,-0.25,-0.3894,-0.6657,-0.3351,0.5409
1782303264055,5759,0.98511,0.02026,-0.18628,1.00277,0.125,-0.938,0.125,-0.3892,-0.6655,-0.3353,0.5412
1782303264115,5819,0.98657,0.02466,-0.18726,1.00449,0.125,-1.25,0.125,-0.3892,-0.6655,-0.3353,0.5411
1782303264116,5820,0.98584,0.02197,-0.19019,1.00426,0.062,-1.062,0.125,-0.3893,-0.6655,-0.3353,0.5411
1782303264116,5820,0.98682,0.02368,-0.19238,1.00567,0.062,1.688,-0.438,-0.3893,-0.6656,-0.3352,0.541
1782303264183,5887,0.98267,0.02588,-0.18726,1.00068,0.0,2.0,-0.562,-0.3892,-0.6655,-0.3353,0.5411
1782303264183,5887,0.98682,0.02319,-0.18896,1.00501,0.25,1.688,-0.375,-0.3892,-0.6655,-0.3353,0.5411
1782303264184,5888,0.98291,0.02295,-0.19263,1.00187,0.0,-1.25,0.375,-0.3893,-0.6655,-0.3353,0.5411
1782303264231,5935,0.98364,0.02222,-0.19238,1.00253,0.125,-0.875,0.062,-0.3893,-0.6655,-0.3352,0.5411
1782303264232,5936,0.98486,0.02002,-0.19385,1.00396,0.0,-0.188,-0.125,-0.3893,-0.6655,-0.3352,0.5411
1782303264232,5936,0.98486,0.02002,-0.19385,1.00396,0.0,-0.188,-0.125,-0.3893,-0.6655,-0.3352,0.5411
1782303264292,5996,0.98364,0.02661,-0.19067,1.00231,0.0,-0.688,0.25,-0.3892,-0.6655,-0.3353,0.5412
1782303264292,5996,0.98486,0.02417,-0.18921,1.00316,0.062,-1.375,0.312,-0.3892,-0.6655,-0.3353,0.5411
1782303264292,5996,0.98315,0.02441,-0.18774,1.00122,0.0,1.812,-0.25,-0.3892,-0.6655,-0.3353,0.5411
1782303264351,6055,0.9856,0.02563,-0.18848,1.00378,0.0,1.438,-0.438,-0.3892,-0.6655,-0.3353,0.5412
1782303264351,6055,0.98706,0.02515,-0.1853,1.00462,0.0,1.062,-0.25,-0.3892,-0.6654,-0.3354,0.5413
1782303264355,6059,0.97925,0.02148,-0.19385,0.99848,-0.062,-0.938,0.062,-0.3894,-0.6656,-0.3352,0.5411
1782303264415,6119,0.97925,0.02148,-0.19385,0.99848,-0.062,-0.938,0.062,-0.3894,-0.6656,-0.3352,0.5411
1782303264419,6123,0.98267,0.02441,-0.19653,1.00242,0.0,-0.25,0.125,-0.3894,-0.6656,-0.3352,0.541
1782303264419,6123,0.98267,0.02441,-0.19653,1.00242,0.0,-0.25,0.125,-0.3894,-0.6656,-0.3352,0.541
1782303264475,6179,0.9856,0.02612,-0.18823,1.00375,0.125,-0.062,0.0,-0.3892,-0.6655,-0.3353,0.5412
1782303264475,6179,0.98706,0.02661,-0.18677,1.00493,0.062,-0.438,0.25,-0.3892,-0.6655,-0.3353,0.5412
1782303264478,6182,0.98389,0.02319,-0.19116,1.00255,-0.25,1.0,-0.375,-0.3893,-0.6655,-0.3353,0.5411
1782303264532,6236,0.98438,0.02661,-0.1875,1.00243,0.0,0.75,-0.312,-0.3892,-0.6655,-0.3353,0.5412
1782303264533,6237,0.9834,0.02856,-0.18726,1.00148,-0.125,0.562,-0.188,-0.3892,-0.6655,-0.3353,0.5412
1782303264533,6237,0.9812,0.02466,-0.19385,1.00047,0.0,-0.25,0.062,-0.3892,-0.6655,-0.3353,0.5411
1782303264591,6295,0.98267,0.02295,-0.19263,1.00163,-0.062,0.5,-0.062,-0.3892,-0.6655,-0.3353,0.5411
1782303264594,6298,0.98779,0.02393,-0.19019,1.00622,0.188,0.688,0.0,-0.3892,-0.6655,-0.3353,0.5411
1782303264595,6299,0.9873,0.02515,-0.18774,1.00531,0.0,0.188,0.0,-0.389,-0.6654,-0.3355,0.5413
1782303264651,6355,0.98584,0.02856,-0.18457,1.00338,0.0,-0.25,0.0,-0.389,-0.6654,-0.3355,0.5413
1782303264652,6356,0.98511,0.02979,-0.18848,1.00342,0.0,-0.438,0.125,-0.389,-0.6654,-0.3355,0.5413
1782303264654,6358,0.98486,0.02393,-0.19629,1.00452,0.0,-1.188,0.312,-0.3894,-0.6657,-0.3352,0.541
1782303264711,6415,0.98218,0.02173,-0.19312,1.00122,0.125,-0.875,0.375,-0.3894,-0.6657,-0.3352,0.541
1782303264712,6416,0.98193,0.02173,-0.19458,1.00126,0.0,-0.375,0.312,-0.3894,-0.6657,-0.3351,0.541
1782303264716,6420,0.98901,0.02368,-0.18604,1.00664,0.0,-0.312,0.125,-0.3895,-0.6656,-0.3351,0.541
1782303264775,6479,0.98901,0.02368,-0.18604,1.00664,0.0,-0.312,0.125,-0.3895,-0.6656,-0.3351,0.541
1782303264776,6480,0.98828,0.02954,-0.18457,1.0058,0.0,-0.625,0.188,-0.3895,-0.6656,-0.3351,0.541
1782303264776,6480,0.98584,0.02002,-0.19458,1.00506,0.0,0.0,-0.25,-0.3895,-0.6657,-0.3351,0.541
1782303264831,6535,0.9812,0.02148,-0.19727,1.00106,0.0,0.188,-0.062,-0.3895,-0.6657,-0.3351,0.541
1782303264833,6537,0.98535,0.02173,-0.19775,1.00523,0.0,0.625,0.125,-0.3895,-0.6657,-0.3351,0.541
1782303264836,6540,0.98267,0.02588,-0.18872,1.00096,0.0,1.375,-0.5,-0.3893,-0.6655,-0.3353,0.5411
1782303264898,6602,0.98486,0.02832,-0.18994,1.00341,0.0,1.688,-0.5,-0.3892,-0.6655,-0.3353,0.5412
1782303264899,6603,0.9856,0.02881,-0.18701,1.00359,-0.188,1.688,-0.312,-0.3892,-0.6654,-0.3354,0.5412
1782303264899,6603,0.98389,0.02539,-0.19019,1.00242,0.0,-0.688,0.25,-0.3892,-0.6654,-0.3354,0.5412
1782303264952,6656,0.98315,0.02344,-0.19092,1.00179,0.188,-0.438,0.062,-0.3892,-0.6654,-0.3353,0.5412
1782303264953,6657,0.98364,0.02515,-0.19336,1.00278,0.0,-0.125,0.0,-0.3892,-0.6654,-0.3353,0.5412
1782303264953,6657,0.98364,0.02319,-0.19214,1.0025,-0.125,0.438,0.0,-0.3893,-0.6654,-0.3353,0.5412
1782303265016,6720,0.98535,0.02393,-0.18921,1.00364,0.0,0.188,0.0,-0.3893,-0.6654,-0.3353,0.5412
1782303265016,6720,0.98438,0.02222,-0.1897,1.00273,0.0,0.188,0.0,-0.3893,-0.6654,-0.3353,0.5412
1782303265016,6720,0.98608,0.02808,-0.18896,1.00442,0.0,-1.188,0.312,-0.3894,-0.6655,-0.3352,0.5411
1782303265088,6792,0.98584,0.02515,-0.18872,1.00406,0.125,-1.312,0.625,-0.3894,-0.6655,-0.3352,0.5411
1782303265089,6793,0.98413,0.02808,-0.18994,1.00269,0.125,-1.312,0.5,-0.3895,-0.6655,-0.3351,0.541
1782303265089,6793,0.9834,0.02148,-0.19214,1.00222,0.062,-1.812,0.625,-0.39,-0.6658,-0.3346,0.5407
1782303265131,6835,0.98364,0.02222,-0.19409,1.00285,-0.062,-1.75,0.562,-0.39,-0.6659,-0.3345,0.5406
1782303265132,6836,0.98413,0.02124,-0.19409,1.00331,0.0,-1.375,0.438,-0.39,-0.6659,-0.3345,0.5405
1782303265132,6836,0.98438,0.02661,-0.1936,1.00359,-0.062,1.062,-0.062,-0.3901,-0.666,-0.3345,0.5405
1782303265191,6895,0.98315,0.02686,-0.19067,1.00183,0.0,1.188,-0.25,-0.39,-0.666,-0.3345,0.5405
1782303265191,6895,0.98608,0.02466,-0.19141,1.00479,-0.062,1.188,-0.25,-0.39,-0.666,-0.3345,0.5405
1782303265192,6896,0.98315,0.02368,-0.18823,1.00129,-0.062,0.812,-0.438,-0.3898,-0.6658,-0.3348,0.5408
1782303265251,6955,0.98682,0.02441,-0.19019,1.00527,0.0,0.75,-0.438,-0.3897,-0.6658,-0.3348,0.5408
1782303265252,6956,0.98535,0.02539,-0.18896,1.00363,0.062,0.688,-0.375,-0.3897,-0.6657,-0.3348,0.5408
1782303265252,6956,0.98364,0.02246,-0.18799,1.0017,0.0,0.688,0.0,-0.3895,-0.6657,-0.335,0.541
1782303265311,7015,0.98828,0.0271,-0.18726,1.00623,-0.062,0.625,-0.125,-0.3895,-0.6656,-0.335,0.541
1782303265313,7017,0.9856,0.02295,-0.18823,1.00367,0.0,0.75,0.0,-0.3895,-0.6656,-0.335,0.541
1782303265313,7017,0.98511,0.02344,-0.18579,1.00275,0.0,0.062,0.0,-0.3894,-0.6655,-0.3352,0.5411
1782303265373,7077,0.98364,0.0271,-0.18921,1.00204,0.0,-0.75,0.438,-0.3894,-0.6655,-0.3352,0.5411
1782303265374,7078,0.98608,0.02612,-0.19019,1.0046,-0.062,-1.375,0.438,-0.3895,-0.6655,-0.3352,0.5411
1782303265374,7078,0.98267,0.02466,-0.19434,1.002,0.0,0.0,0.188,-0.3899,-0.6658,-0.3347,0.5407
1782303265432,7136,0.98511,0.02637,-0.19556,1.00468,0.062,0.0,0.375,-0.3899,-0.6658,-0.3347,0.5407
1782303265433,7137,0.9856,0.02588,-0.18945,1.00397,0.0,0.25,0.125,-0.3899,-0.6658,-0.3347,0.5407
1782303265433,7137,0.9856,0.02588,-0.18945,1.00397,0.0,0.25,0.125,-0.3899,-0.6658,-0.3347,0.5407
1782303265495,7199,0.98535,0.02417,-0.18823,1.00346,0.0,0.875,-0.25,-0.3898,-0.6657,-0.3347,0.5408
1782303265495,7199,0.98193,0.02148,-0.1897,1.00032,-0.062,0.938,-0.5,-0.3898,-0.6657,-0.3348,0.5408
1782303265496,7200,0.98511,0.0271,-0.19922,1.00541,0.062,-0.812,0.25,-0.3897,-0.6657,-0.3348,0.5408
1782303265553,7257,0.9812,0.02783,-0.19653,1.00108,0.0,-0.375,0.062,-0.3898,-0.6658,-0.3348,0.5408
1782303265553,7257,0.98193,0.02563,-0.19922,1.00227,0.0,-0.125,0.0,-0.3898,-0.6658,-0.3348,0.5407
1782303265553,7257,0.98267,0.02271,-0.18213,0.99966,0.0,0.188,0.0,-0.3895,-0.6655,-0.3352,0.5411
1782303265622,7326,0.98828,0.02002,-0.1814,1.00499,0.125,-0.438,0.312,-0.3895,-0.6655,-0.3352,0.5411
1782303265629,7333,0.98682,0.02222,-0.1853,1.00431,-0.125,-0.938,0.188,-0.3895,-0.6655,-0.3351,0.5411
1782303265629,7333,0.96387,0.00366,-0.2832,1.00462,1.562,5.0,-0.25,-0.3912,-0.667,-0.3349,0.5382
1782303265677,7381,0.97095,0.0813,-0.24902,1.00566,0.5,21.625,1.0,-0.3909,-0.6666,-0.3352,0.5386
1782303265678,7382,0.99463,0.01953,-0.19971,1.01467,-0.688,21.125,3.062,-0.3907,-0.666,-0.3355,0.5393
1782303265678,7382,1.00391,-0.01953,-0.26733,1.03907,14.625,9.5,-1.5,-0.3914,-0.6664,-0.3345,0.5391
1782303265735,7439,0.95923,-0.03613,-0.34009,1.01837,5.5,-21.688,-1.75,-0.3912,-0.6677,-0.3333,0.5383
1782303265735,7439,0.95435,0.0166,-0.27417,0.99309,2.188,-4.75,1.125,-0.3914,-0.6682,-0.3329,0.5379
1782303265736,7440,0.96436,-0.00073,-0.37622,1.03514,28.438,-40.438,31.0,-0.3908,-0.6683,-0.3281,0.5411
1782303265791,7495,0.89185,0.00806,-0.51807,1.03143,10.5,-64.312,25.812,-0.3926,-0.6703,-0.3247,0.5392
1782303265792,7496,0.8855,-0.01294,-0.54175,1.03815,-1.5,-43.312,27.125,-0.3942,-0.6711,-0.3232,0.5381
1782303265792,7496,0.99609,-0.01562,-0.19043,1.01425,-8.75,3.812,24.0,-0.4047,-0.6655,-0.3212,0.5384
1782303265851,7555,0.97583,-0.04688,-0.16455,0.99072,-4.312,16.188,26.688,-0.4061,-0.6638,-0.3207,0.5396
1782303265852,7556,1.07324,-0.03442,-0.22192,1.09649,-1.75,25.75,26.812,-0.407,-0.6624,-0.3204,0.5409
1782303265852,7556,1.18408,-0.07104,-0.34448,1.23522,-1.0,88.125,-32.312,-0.4011,-0.6507,-0.3278,0.5549
1782303265911,7615,1.15015,-0.05127,-0.34546,1.202,-6.312,98.312,-40.938,-0.3988,-0.6491,-0.3304,0.557
1782303265913,7617,1.10791,-0.0354,-0.33643,1.1584,-14.062,105.938,-47.0,-0.3964,-0.6472,-0.3336,0.5589
1782303265914,7618,0.91846,0.14038,0.20728,0.95196,-9.875,189.5,-31.25,-0.3707,-0.617,-0.3776,0.5823
1782303265971,7675,0.91504,0.05298,0.40723,1.00296,17.25,215.625,-20.938,-0.3663,-0.612,-0.3814,0.5878
1782303265972,7676,0.96997,-0.05688,0.46118,1.07553,67.438,193.625,-10.75,-0.3562,-0.6032,-0.3859,0.6001
1782303265975,7679,0.97217,-0.03857,0.23511,1.00094,-13.125,44.438,-7.125,-0.3255,-0.5852,-0.3907,0.6314
1782303266031,7735,1.02393,0.25586,0.01489,1.05551,-22.75,-111.0,-8.438,-0.327,-0.587,-0.3903,0.6291
1782303266032,7736,1.17017,0.0166,-0.11182,1.17561,-16.625,147.375,-18.562,-0.3268,-0.5857,-0.3924,0.6292
1782303266034,7738,0.8772,-0.02637,0.13672,0.88818,31.938,148.562,-24.312,-0.2964,-0.5606,-0.4105,0.655
1782303266091,7795,0.87354,0.0249,0.12915,0.88338,20.938,132.625,-18.5,-0.291,-0.5559,-0.413,0.6599
1782303266091,7795,0.89795,0.04614,0.17505,0.91602,11.5,120.125,-15.688,-0.288,-0.5529,-0.4147,0.6627
1782303266092,7796,0.94849,0.10132,0.23804,0.98313,26.062,90.125,-23.562,-0.2584,-0.5241,-0.4319,0.6868
1782303266151,7855,0.96338,0.13794,0.15869,0.98606,23.125,87.688,-22.625,-0.2556,-0.5223,-0.433,0.6885
1782303266152,7856,1.02515,0.13672,0.10034,1.03908,17.0,103.188,-23.625,-0.2514,-0.5192,-0.4349,0.6913
1782303266152,7856,0.96997,0.1311,0.53613,1.11601,7.062,168.062,-66.438,-0.2195,-0.4851,-0.4578,0.7117
1782303266215,7919,0.86499,0.12598,0.51392,1.014,22.25,173.062,-70.812,-0.2062,-0.4744,-0.4662,0.7175
1782303266215,7919,0.82788,0.12891,0.4873,0.96926,25.875,166.562,-69.188,-0.2007,-0.4703,-0.4693,0.7197
1782303266215,7919,0.76953,0.17041,0.61426,0.99927,-10.562,141.938,-56.875,-0.1579,-0.4312,-0.4979,0.7355
1782303266271,7975,0.78662,0.15869,0.57202,0.98548,-7.25,142.062,-58.812,-0.1542,-0.427,-0.5007,0.7368
1782303266281,7985,0.78149,0.15723,0.57397,0.98229,-2.125,157.688,-61.25,-0.1499,-0.4226,-0.5037,0.7382
1782303266281,7985,0.57373,0.23633,0.73315,0.96049,-16.0,138.812,-41.562,-0.1123,-0.3791,-0.5317,0.7488
1782303266331,8035,0.55493,0.20386,0.7644,0.96634,-11.312,137.812,-37.375,-0.109,-0.3745,-0.5338,0.7501
1782303266331,8035,0.56665,0.20898,0.7251,0.94368,0.188,138.812,-32.312,-0.1036,-0.368,-0.5364,0.7522
1782303266332,8036,0.52319,0.26855,0.70801,0.9204,-7.125,108.062,-28.75,-0.0718,-0.3303,-0.5499,0.7636
1782303266393,8097,0.52051,0.26953,0.70605,0.91765,-6.125,112.375,-27.812,-0.0703,-0.3284,-0.5506,0.764
1782303266393,8097,0.52637,0.26294,0.72021,0.93,-3.938,121.938,-25.938,-0.0673,-0.3245,-0.5519,0.765
1782303266393,8097,0.36328,0.26099,0.89014,0.99621,10.75,126.688,-30.375,-0.0282,-0.2774,-0.5656,0.7759
1782303266470,8174,0.34814,0.26807,0.81787,0.92843,14.625,117.438,-26.688,-0.0245,-0.2739,-0.5664,0.7767
1782303266470,8174,0.34326,0.26172,0.78467,0.89556,16.812,109.875,-20.75,-0.0192,-0.2689,-0.5675,0.7778
1782303266470,8174,0.46313,0.30347,0.88184,1.04126,-2.562,48.062,-16.438,-0.002,-0.249,-0.5711,0.782
1782303266520,8224,0.41919,0.30444,0.92017,1.05599,-2.625,48.312,-20.312,0.0,-0.2465,-0.5721,0.7821
1782303266521,8225,0.39575,0.30005,0.95508,1.07649,-0.25,53.375,-21.375,0.0013,-0.2448,-0.5728,0.7821
1782303266521,8225,0.34937,0.29321,0.88867,0.99888,-1.438,70.812,-15.375,0.02,-0.2245,-0.577,0.7849
1782303266577,8281,0.34399,0.29541,0.89673,1.00485,-3.5,66.375,-15.562,0.0217,-0.2222,-0.5775,0.7852
1782303266588,8292,0.33618,0.29346,0.90186,1.00622,-5.0,63.625,-14.812,0.024,-0.2188,-0.5782,0.7855
1782303266589,8293,0.27954,0.31885,0.97388,1.06219,-12.125,61.75,-19.25,0.0347,-0.1986,-0.5835,0.7865
1782303266631,8335,0.24805,0.30957,0.97583,1.05338,-11.062,58.125,-17.438,0.036,-0.1963,-0.5841,0.7866
1782303266631,8335,0.23877,0.31616,0.95898,1.0376,-11.0,53.375,-15.0,0.0371,-0.1942,-0.5846,0.7867
1782303266632,8336,0.19653,0.26489,0.94043,0.99659,-13.5,73.062,-15.375,0.0494,-0.1713,-0.5889,0.7882
1782303266692,8396,0.18799,0.26294,0.95312,1.00644,-14.312,74.625,-15.375,0.0509,-0.1684,-0.5893,0.7883
1782303266692,8396,0.17139,0.28174,0.96069,1.01572,-15.75,72.188,-14.812,0.0531,-0.1641,-0.59,0.7886
1782303266695,8399,0.15991,0.26758,0.94141,0.99167,-16.75,59.75,-14.812,0.0642,-0.1387,-0.5938,0.7899
1782303266756,8460,0.15088,0.2561,0.95215,0.99747,-18.375,55.438,-14.25,0.066,-0.1339,-0.5946,0.7899
1782303266756,8460,0.13452,0.25732,0.97534,1.01765,-19.0,52.562,-13.188,0.0672,-0.1304,-0.5952,0.7899
1782303266757,8461,0.09985,0.23364,0.96655,0.99939,-17.062,51.875,-7.75,0.0719,-0.1127,-0.5978,0.7902
1782303266814,8518,0.0979,0.23047,0.96533,0.99728,-16.812,49.875,-6.938,0.0726,-0.1105,-0.598,0.7904
1782303266872,8576,0.08887,0.24097,0.96338,0.99703,-17.188,36.938,-5.125,0.0737,-0.1068,-0.5983,0.7905
1782303266874,8578,0.10938,0.22266,0.97705,1.00805,-8.5,2.75,1.688,0.0729,-0.0996,-0.5982,0.7916
1782303266874,8578,0.11353,0.20874,0.95557,0.98467,-6.938,-2.938,-0.188,0.0724,-0.0992,-0.5982,0.7917
1782303266931,8635,0.11792,0.2207,0.91431,0.94793,-7.062,-7.562,-0.875,0.072,-0.0993,-0.5983,0.7917
1782303266931,8635,0.03027,0.2124,1.02832,1.05046,-20.438,-18.312,-5.375,0.0658,-0.0969,-0.6008,0.7906
1782303266932,8636,0.13599,0.2251,0.99854,1.03259,-12.25,-53.875,0.312,0.0477,-0.1108,-0.6026,0.7887
1782303266997,8701,0.14453,0.21631,1.00366,1.03683,-8.75,-48.688,2.0,0.0452,-0.1129,-0.6028,0.7884
1782303266997,8701,0.15479,0.21265,0.98779,1.02221,-6.688,-47.938,3.125,0.0438,-0.1144,-0.6028,0.7883
1782303266997,8701,0.12891,0.18604,0.99805,1.02339,-5.562,-31.25,-1.375,0.0335,-0.1249,-0.6038,0.7864
1782303267055,8759,0.11792,0.18921,1.05029,1.07369,-3.875,-36.188,3.062,0.0316,-0.1267,-0.6038,0.7862
1782303267061,8765,0.13574,0.19556,1.0481,1.07479,-1.812,-44.688,6.875,0.0297,-0.1287,-0.6036,0.7861
1782303267062,8766,0.13574,0.19556,1.0481,1.07479,-1.812,-44.688,6.875,0.0297,-0.1287,-0.6036,0.7861
1782303267113,8817,0.24609,0.18896,0.96777,1.01629,-0.062,-41.25,-0.875,0.0181,-0.1444,-0.6021,0.7849
1782303267116,8820,0.22583,0.18408,0.98145,1.02378,0.0,-43.562,-2.625,0.017,-0.1458,-0.6022,0.7846
1782303267117,8821,0.28516,0.2085,0.92822,0.99317,1.188,-54.938,3.75,0.0045,-0.165,-0.6021,0.781
1782303267171,8875,0.30933,0.21265,0.91724,0.99107,0.812,-54.875,3.0,0.0024,-0.1679,-0.6019,0.7805
1782303267174,8878,0.32373,0.20898,0.91943,0.99691,1.0,-52.938,1.062,0.0003,-0.1706,-0.6018,0.78
1782303267174,8878,0.32373,0.20898,0.91943,0.99691,1.0,-52.938,1.062,0.0003,-0.1706,-0.6018,0.78
1782303267231,8935,0.32373,0.20898,0.91943,0.99691,1.0,-52.938,1.062,0.0003,-0.1706,-0.6018,0.78
1782303267296,9000,0.29395,0.20288,0.90942,0.97704,-4.562,-90.875,0.438,-0.0164,-0.1915,-0.6029,0.7742
1782303267296,9000,0.37134,0.18262,0.90479,0.99493,-8.125,-94.188,8.5,-0.0457,-0.2238,-0.6,0.7665
1782303267296,9000,0.38135,0.18018,0.91724,1.00956,-6.5,-94.938,11.25,-0.0512,-0.2294,-0.5991,0.7651
1782303267352,9056,0.39771,0.19263,0.89185,0.99532,-5.875,-100.5,13.75,-0.0555,-0.234,-0.5983,0.7642
1782303267353,9057,0.50806,0.16895,0.82349,0.98224,-2.125,-110.688,7.938,-0.0782,-0.2597,-0.5923,0.7586
1782303267353,9057,0.59985,0.1853,0.79077,1.00969,-2.625,-138.375,19.188,-0.1226,-0.3113,-0.5802,0.7424
1782303267425,9129,0.61694,0.18652,0.78735,1.01751,-1.438,-141.0,19.688,-0.1264,-0.3156,-0.5789,0.741
1782303267425,9129,0.64453,0.18408,0.7627,1.01539,0.0,-145.312,20.438,-0.1321,-0.3222,-0.5767,0.7388
1782303267425,9129,0.69775,0.16602,0.70093,1.00286,2.0,-151.438,16.75,-0.1611,-0.357,-0.5648,0.7262
1782303267476,9180,0.70557,0.15918,0.69116,1.00043,1.812,-160.0,18.062,-0.1671,-0.3641,-0.5622,0.7233
1782303267478,9182,0.70264,0.15918,0.69287,0.99955,1.625,-166.25,18.5,-0.1712,-0.3691,-0.5604,0.7211
1782303267478,9182,0.79907,0.14185,0.50391,0.95528,10.688,-173.438,29.125,-0.2167,-0.4244,-0.5361,0.6965
1782303267531,9235,0.84424,0.14917,0.47534,0.98028,10.375,-168.125,23.875,-0.2228,-0.432,-0.5324,0.6928
1782303267532,9236,0.87109,0.13818,0.45898,0.99427,9.25,-161.438,21.938,-0.2286,-0.4393,-0.5287,0.6892
1782303267532,9236,0.90894,0.13403,0.41357,1.00756,3.062,-174.0,8.125,-0.26,-0.4789,-0.5098,0.6655
1782303267591,9295,0.90894,0.13403,0.41357,1.00756,3.062,-174.0,8.125,-0.26,-0.4789,-0.5098,0.6655
1782303267591,9295,0.89746,0.14209,0.37378,0.98252,2.0,-186.938,6.625,-0.268,-0.4891,-0.5053,0.6583
1782303267592,9296,0.9729,0.14185,0.19312,1.00197,11.25,-218.875,13.0,-0.3143,-0.5472,-0.4747,0.6133
1782303267651,9355,0.98999,0.1438,0.16113,1.01327,12.625,-212.812,12.125,-0.3186,-0.5529,-0.4712,0.6087
1782303267652,9356,1.0083,0.13013,0.12842,1.02474,13.938,-207.125,10.438,-0.3226,-0.5584,-0.4677,0.6041
1782303267656,9360,0.97632,0.13892,-0.01196,0.98622,1.812,-164.688,1.438,-0.3588,-0.6077,-0.4365,0.5577
1782303267712,9416,0.97241,0.14673,-0.02539,0.98375,2.438,-162.375,1.312,-0.3618,-0.6116,-0.434,0.5535
1782303267713,9417,0.96631,0.14087,-0.04907,0.97775,3.375,-157.188,1.375,-0.3647,-0.6154,-0.4313,0.5494
1782303267713,9417,0.97583,0.12891,-0.12988,0.99284,8.625,-130.5,-1.562,-0.3883,-0.6475,-0.4077,0.5133
1782303267780,9484,0.97583,0.12891,-0.12988,0.99284,8.625,-130.5,-1.562,-0.3883,-0.6475,-0.4077,0.5133
1782303267780,9484,0.97534,0.14209,-0.18481,1.00281,7.938,-131.312,-2.688,-0.3923,-0.6537,-0.4028,0.5061
1782303267780,9484,0.95654,0.13721,-0.28906,1.00864,7.062,-99.375,-4.562,-0.4086,-0.6804,-0.3816,0.4734
1782303267831,9535,0.95801,0.13525,-0.28857,1.00963,6.188,-94.0,-3.938,-0.4105,-0.6836,-0.379,0.4693
1782303267831,9535,0.96021,0.13574,-0.29956,1.01497,5.312,-91.688,-3.938,-0.4124,-0.6866,-0.3764,0.4653
1782303267832,9536,0.94702,0.1311,-0.32104,1.00852,2.625,-97.438,-4.312,-0.4233,-0.7031,-0.3622,0.4415
1782303267892,9596,0.94775,0.12793,-0.3291,1.01139,3.625,-98.062,-4.5,-0.4247,-0.705,-0.3604,0.4385
1782303267892,9596,0.95459,0.13574,-0.34668,1.02462,4.688,-98.812,-4.688,-0.426,-0.707,-0.3586,0.4356
1782303267893,9597,0.88232,0.14966,-0.43579,0.99539,4.0,-98.75,-5.938,-0.4372,-0.7261,-0.3407,0.4066
1782303267956,9660,0.88184,0.15137,-0.43652,0.99554,3.75,-101.312,-5.188,-0.4384,-0.7279,-0.3388,0.4035
1782303267956,9660,0.87964,0.14795,-0.44385,0.99632,3.625,-105.0,-4.625,-0.4396,-0.7299,-0.3369,0.4003
1782303267957,9661,0.86279,0.146,-0.51318,1.01444,-2.125,-90.375,-2.188,-0.4518,-0.7457,-0.3195,0.3706
1782303268015,9719,0.85938,0.14233,-0.5083,1.00854,1.125,-78.062,-3.562,-0.4538,-0.7484,-0.3165,0.3653
1782303268018,9722,0.84595,0.1377,-0.51099,0.99784,2.062,-76.312,-4.25,-0.4551,-0.7503,-0.3143,0.3616
1782303268018,9722,0.78564,0.15625,-0.60889,1.00618,-0.938,-82.062,-8.0,-0.4625,-0.7631,-0.2999,0.3368
1782303268071,9775,0.78296,0.15991,-0.59766,0.99789,-2.188,-84.25,-7.688,-0.4633,-0.7645,-0.2985,0.3339
1782303268073,9777,0.77979,0.15479,-0.59961,0.99577,-4.062,-95.688,-6.188,-0.4648,-0.7665,-0.2961,0.3293
1782303268073,9777,0.76196,0.1626,-0.6416,1.0093,-0.562,-60.0,-6.062,-0.4718,-0.7763,-0.2846,0.3059
1782303268136,9840,0.75146,0.15674,-0.66235,1.01389,2.438,-48.562,-5.438,-0.4726,-0.7779,-0.2825,0.3024
1782303268137,9841,0.74219,0.15112,-0.66504,1.00795,3.625,-41.75,-5.5,-0.473,-0.7789,-0.2811,0.3002
1782303268137,9841,0.73413,0.146,-0.66113,0.99868,-2.938,-69.688,-3.062,-0.4776,-0.7854,-0.272,0.284
1782303268192,9896,0.73413,0.15527,-0.68433,1.01556,-1.75,-70.562,-4.0,-0.4783,-0.7863,-0.2708,0.2816
1782303268193,9897,0.71851,0.15698,-0.70728,1.02036,-0.75,-64.312,-4.562,-0.4793,-0.7877,-0.2688,0.2781
1782303268193,9897,0.69604,0.1604,-0.71338,1.00951,-0.625,-30.375,-1.125,-0.4833,-0.7929,-0.2608,0.2635
1782303268251,9955,0.69214,0.14941,-0.70898,1.00202,0.312,-29.688,-2.188,-0.4835,-0.7933,-0.2601,0.2625
1782303268253,9957,0.68066,0.15527,-0.71313,0.99799,1.312,-31.25,-4.0,-0.4838,-0.794,-0.2592,0.2609
1782303268253,9957,0.64844,0.16284,-0.73926,0.99674,-1.562,-44.25,-4.062,-0.4866,-0.7993,-0.2515,0.2466
1782303268311,10015,0.6543,0.16357,-0.74292,1.00339,-1.812,-41.125,-3.812,-0.4873,-0.8003,-0.2499,0.2435
1782303268311,10015,0.65576,0.16479,-0.74414,1.00545,-0.938,-37.812,-3.625,-0.4876,-0.8007,-0.2492,0.2422
1782303268312,10016,0.60767,0.14136,-0.80347,1.01725,1.875,-34.875,-3.562,-0.4892,-0.8047,-0.2431,0.2319
1782303268373,10077,0.59961,0.16602,-0.82617,1.03424,-1.062,-36.938,-2.062,-0.4895,-0.8051,-0.2423,0.2306
1782303268374,10078,0.59717,0.18481,-0.79785,1.01357,-6.375,-42.062,1.688,-0.4902,-0.8057,-0.2413,0.2283
1782303268374,10078,0.60913,0.17871,-0.81348,1.03185,1.562,-32.188,-6.0,-0.4941,-0.8093,-0.234,0.2144
1782303268436,10140,0.60034,0.17651,-0.82764,1.03757,1.812,-28.438,-6.0,-0.4942,-0.8096,-0.2333,0.2133
1782303268441,10145,0.58936,0.17847,-0.83301,1.0359,1.438,-22.625,-4.688,-0.4943,-0.8102,-0.2326,0.212
1782303268442,10146,0.57764,0.1604,-0.79272,0.99388,-1.562,-18.5,2.562,-0.4956,-0.8115,-0.2296,0.2069
1782303268497,10201,0.58374,0.16162,-0.78931,0.99493,-2.25,-24.375,2.688,-0.4962,-0.8118,-0.2288,0.2053
1782303268498,10202,0.58618,0.1626,-0.79028,0.99729,-2.188,-26.938,2.562,-0.4966,-0.8119,-0.2283,0.2045
1782303268498,10202,0.56445,0.15967,-0.82031,1.00847,-0.75,-16.312,-0.625,-0.4994,-0.8135,-0.2235,0.1962
1782303268551,10255,0.56445,0.15967,-0.82031,1.00847,-0.75,-16.312,-0.625,-0.4994,-0.8135,-0.2235,0.1962
1782303268552,10256,0.55273,0.16211,-0.80884,0.99298,-2.0,-16.25,-1.375,-0.4998,-0.814,-0.2227,0.1944
1782303268553,10257,0.54565,0.15674,-0.81763,0.9954,0.438,-15.438,-0.125,-0.5007,-0.8153,-0.2199,0.1894
1782303268611,10315,0.55078,0.16162,-0.8186,0.9998,0.625,-15.812,-0.312,-0.5009,-0.8154,-0.2196,0.1889
1782303268611,10315,0.55835,0.16504,-0.82642,1.01092,0.188,-15.688,-1.188,-0.501,-0.8157,-0.2191,0.1881
1782303268612,10316,0.53125,0.16284,-0.81519,0.98655,0.688,-5.688,-2.125,-0.5004,-0.8172,-0.2174,0.1852
1782303268682,10386,0.53345,0.16382,-0.82275,0.99415,1.562,-7.188,-2.125,-0.5003,-0.8174,-0.2171,0.1849
1782303268682,10386,0.53638,0.16553,-0.83228,1.00388,2.312,-7.25,-2.5,-0.5003,-0.8175,-0.2169,0.1846
1782303268682,10386,0.53638,0.16406,-0.83228,1.00364,0.625,-4.875,2.0,-0.5005,-0.8182,-0.2153,0.1829
1782303268732,10436,0.53955,0.16016,-0.82837,1.00148,1.625,-3.0,1.125,-0.5006,-0.8182,-0.2151,0.1829
1782303268736,10440,0.54053,0.15894,-0.8335,1.00605,1.312,-3.0,0.438,-0.5007,-0.8182,-0.2149,0.1827
1782303268739,10443,0.52466,0.17236,-0.84863,1.0125,4.312,7.688,-1.0,-0.4999,-0.8186,-0.2144,0.1837
1782303268796,10500,0.521,0.17603,-0.85889,1.01986,4.188,8.562,-0.188,-0.4998,-0.8186,-0.2145,0.1841
1782303268796,10500,0.52344,0.16895,-0.85229,1.01436,3.062,8.438,1.688,-0.4996,-0.8184,-0.2145,0.1849
1782303268798,10502,0.51831,0.16406,-0.8186,0.98269,0.875,12.938,1.5,-0.4993,-0.8175,-0.2158,0.1884
1782303268852,10556,0.52051,0.16699,-0.81177,0.97866,0.5,12.688,2.188,-0.4992,-0.8174,-0.2161,0.1889
1782303268853,10557,0.52954,0.16357,-0.80347,0.97608,1.062,13.812,2.875,-0.4992,-0.8171,-0.2164,0.1897
1782303268853,10557,0.5625,0.15771,-0.82153,1.00807,1.062,12.25,1.812,-0.4984,-0.8158,-0.2182,0.1954
1782303268911,10615,0.57153,0.15649,-0.81079,1.00425,0.75,12.125,1.5,-0.4983,-0.8156,-0.2185,0.1962
1782303268911,10615,0.5813,0.15381,-0.81689,1.01434,1.0,11.312,0.688,-0.4982,-0.8155,-0.2187,0.1966
1782303268912,10616,0.59229,0.1543,-0.82275,1.02544,5.625,14.062,-0.562,-0.4964,-0.8147,-0.2208,0.202
1782303268972,10676,0.58252,0.16089,-0.83398,1.02992,6.062,17.875,-1.438,-0.4958,-0.8146,-0.2211,0.2037
1782303268972,10676,0.57886,0.16431,-0.84131,1.03435,5.812,19.188,-1.438,-0.4955,-0.8145,-0.2213,0.2045
1782303268973,10677,0.57056,0.1665,-0.82739,1.01874,4.125,27.125,-0.875,-0.4925,-0.8132,-0.2248,0.213
1782303269034,10738,0.56665,0.16748,-0.81885,1.00978,3.5,30.188,0.5,-0.492,-0.8128,-0.2255,0.2146
1782303269035,10739,0.57397,0.16504,-0.80566,1.00289,2.812,30.125,1.812,-0.4918,-0.8126,-0.2261,0.2157
1782303269035,10739,0.62085,0.16675,-0.7937,1.02138,6.562,39.062,1.375,-0.4893,-0.8095,-0.2312,0.2273
1782303269092,10796,0.62036,0.15747,-0.79346,1.01942,6.312,47.0,0.812,-0.4886,-0.8088,-0.2322,0.2298
1782303269092,10796,0.62158,0.16089,-0.78394,1.01331,6.062,51.438,0.688,-0.488,-0.8084,-0.233,0.2316
1782303269093,10797,0.65649,0.15552,-0.73975,1.0012,14.312,113.0,-3.25,-0.478,-0.801,-0.247,0.2622
1782303269151,10855,0.66577,0.15112,-0.73755,1.00502,13.938,116.5,-2.5,-0.4757,-0.7993,-0.2498,0.2684
1782303269151,10855,0.67603,0.14844,-0.72534,1.00258,13.688,119.75,-2.125,-0.4743,-0.7981,-0.2518,0.2728
1782303269152,10856,0.72778,0.1377,-0.69604,1.01642,7.5,134.562,-3.875,-0.4598,-0.7867,-0.2699,0.3106
1782303269212,10916,0.76489,0.13696,-0.63916,1.00615,5.438,138.875,-2.25,-0.4555,-0.7824,-0.2761,0.3222
1782303269212,10916,0.78149,0.1311,-0.61426,1.00261,5.438,139.062,-2.875,-0.4537,-0.7806,-0.2787,0.3269
1782303269212,10916,0.81763,0.14478,-0.58179,1.01388,4.188,136.75,-3.688,-0.4354,-0.7636,-0.3008,0.3697
1782303269274,10978,0.84253,0.14014,-0.54272,1.01195,2.25,146.188,-3.5,-0.4323,-0.7603,-0.3047,0.3767
1782303269274,10978,0.8418,0.12695,-0.49512,0.98482,1.812,145.438,-3.75,-0.4303,-0.758,-0.3074,0.3815
1782303269275,10979,0.89966,0.14941,-0.43823,1.01181,1.438,150.312,-8.562,-0.4073,-0.734,-0.3341,0.4284
1782303269333,11037,0.90259,0.13452,-0.40869,0.99989,0.25,148.812,-8.188,-0.4049,-0.7314,-0.3367,0.4329
1782303269333,11037,0.90723,0.146,-0.38745,0.99724,-0.5,143.938,-8.062,-0.4025,-0.7288,-0.3394,0.4373
1782303269333,11037,0.95703,0.11792,-0.30737,1.01207,-5.938,128.062,-4.375,-0.3808,-0.7027,-0.3642,0.4778
1782303269391,11095,0.96313,0.1438,-0.28735,1.01532,-8.688,125.75,-4.562,-0.3789,-0.7001,-0.3666,0.4813
1782303269391,11095,0.96997,0.15186,-0.27222,1.01883,-11.875,119.438,-5.375,-0.377,-0.6975,-0.369,0.4847
1782303269392,11096,0.98242,0.15552,-0.16504,1.00825,-11.25,190.125,-18.875,-0.3535,-0.6677,-0.3961,0.5217
1782303269452,11156,0.97314,0.15259,-0.11328,0.99153,-9.438,197.375,-21.5,-0.3479,-0.6613,-0.4016,0.5292
1782303269452,11156,0.96753,0.15039,-0.09741,0.98398,-7.938,195.812,-23.312,-0.3441,-0.657,-0.4052,0.5342
1782303269452,11156,0.95239,0.17993,0.05151,0.97061,-3.125,156.5,-17.125,-0.3099,-0.6195,-0.435,0.575
1782303269513,11217,0.96021,0.18896,0.05908,0.9804,-3.625,149.625,-15.188,-0.3052,-0.6141,-0.4387,0.5805
1782303269513,11217,0.97095,0.18628,0.06299,0.99066,-4.062,146.25,-13.812,-0.3022,-0.6106,-0.4411,0.5839
1782303269513,11217,0.97925,0.20044,0.16504,1.01308,-6.125,153.562,-18.625,-0.2729,-0.5758,-0.4634,0.6157
1782303269574,11278,0.95825,0.19092,0.21851,1.00122,-7.0,150.562,-19.188,-0.2662,-0.5678,-0.4683,0.6222
1782303269574,11278,0.94604,0.18823,0.22974,0.99157,-8.062,145.938,-19.375,-0.263,-0.564,-0.4706,0.6253
1782303269574,11278,0.92334,0.21021,0.31665,0.9985,-2.0,131.938,-16.375,-0.2351,-0.5314,-0.489,0.6503
1782303269631,11335,0.92676,0.22168,0.31641,1.00406,-1.562,136.25,-15.938,-0.2305,-0.526,-0.4917,0.6543
1782303269632,11336,0.92725,0.21802,0.33081,1.00834,-1.0,141.875,-16.375,-0.2272,-0.5222,-0.4935,0.6571
1782303269632,11336,0.86914,0.23267,0.43994,1.00154,-1.188,118.688,-21.625,-0.1961,-0.4868,-0.5109,0.6806
1782303269697,11401,0.86353,0.25269,0.43652,1.00004,-0.125,120.062,-21.0,-0.1916,-0.4819,-0.5133,0.6835
1782303269700,11404,0.86084,0.25488,0.4126,0.98805,0.812,125.688,-20.625,-0.1884,-0.4785,-0.5149,0.6856
1782303269700,11404,0.81055,0.24316,0.53247,0.99982,1.438,172.125,-25.938,-0.1511,-0.4365,-0.5317,0.7096
1782303269751,11455,0.78662,0.24341,0.58618,1.01076,2.75,186.062,-28.812,-0.144,-0.4285,-0.5347,0.7138
1782303269751,11455,0.7644,0.24585,0.61133,1.0092,2.438,180.438,-29.5,-0.1392,-0.4232,-0.5366,0.7164
1782303269752,11456,0.61865,0.2915,0.69995,0.97859,2.562,128.562,-23.25,-0.0985,-0.3785,-0.5528,0.7357
1782303269810,11514,0.62085,0.28125,0.69287,0.97192,4.625,128.375,-18.688,-0.0933,-0.3728,-0.5544,0.738
1782303269811,11515,0.6228,0.27832,0.71436,0.98775,5.5,126.75,-17.062,-0.0898,-0.3689,-0.5554,0.7396
1782303269812,11516,0.61328,0.27954,0.75513,1.01216,11.25,151.0,-24.562,-0.054,-0.3304,-0.5635,0.755
1782303269886,11590,0.58789,0.27515,0.76636,1.0043,11.0,152.312,-27.0,-0.0496,-0.3258,-0.5646,0.7565
1782303269887,11591,0.56763,0.27075,0.76489,0.99024,10.875,151.625,-28.812,-0.0452,-0.3212,-0.5656,0.758
1782303269887,11591,0.4043,0.30762,0.90723,1.03978,8.312,109.25,-22.688,-0.0037,-0.277,-0.575,0.7696
1782303269934,11638,0.3938,0.31274,0.9104,1.04006,8.438,95.312,-20.812,-0.0007,-0.2739,-0.5757,0.7703
1782303269934,11638,0.38818,0.31958,0.9043,1.03468,8.625,81.062,-19.0,0.0017,-0.2714,-0.5762,0.7708
1782303269938,11642,0.37036,0.31982,0.88354,1.01,0.0,-25.0,-1.188,0.0095,-0.2653,-0.5785,0.7711
1782303269991,11695,0.36768,0.323,0.90601,1.02974,-1.188,-40.0,1.25,0.0082,-0.2669,-0.5786,0.7705
1782303269992,11696,0.37207,0.32422,0.89355,1.02078,-1.062,-49.5,3.25,0.007,-0.2684,-0.5785,0.7701
1782303269993,11697,0.46924,0.31445,0.81348,0.99036,-6.188,-79.312,8.062,-0.0108,-0.2896,-0.576,0.7642
1782303270051,11755,0.4729,0.32275,0.83325,1.011,-6.812,-84.125,9.0,-0.0143,-0.2933,-0.5756,0.7629
1782303270052,11756,0.47827,0.33667,0.84033,1.02384,-7.812,-91.562,10.062,-0.0169,-0.2961,-0.5754,0.7621
1782303270052,11756,0.53296,0.3269,0.75,0.97643,-7.25,-152.125,18.312,-0.0517,-0.3334,-0.5708,0.7484
1782303270111,11815,0.56177,0.3147,0.73022,0.97357,-4.438,-140.25,20.562,-0.0556,-0.3378,-0.5699,0.7468
1782303270112,11816,0.5835,0.29004,0.72388,0.97395,-4.062,-136.25,21.0,-0.0594,-0.3421,-0.569,0.7453
1782303270112,11816,0.64038,0.26392,0.75073,1.02144,-10.562,-176.25,24.562,-0.1015,-0.3849,-0.5588,0.7273
1782303270173,11877,0.64746,0.2688,0.74854,1.02556,-10.438,-192.562,25.562,-0.1066,-0.3903,-0.5574,0.7248
1782303270231,11935,0.65356,0.27783,0.73218,1.02001,-10.688,-209.938,27.0,-0.1123,-0.3963,-0.5558,0.7219
1782303270234,11938,0.85791,0.25879,0.43652,0.99676,-4.312,-262.562,36.875,-0.1772,-0.4663,-0.5316,0.6843
1782303270235,11939,0.88184,0.23901,0.42334,1.00697,-7.188,-258.688,32.562,-0.1939,-0.484,-0.5242,0.6731
1782303270290,11994,0.88452,0.23315,0.39307,0.99561,-10.312,-261.312,31.125,-0.204,-0.4944,-0.5198,0.6658
1782303270291,11995,0.95801,0.22021,0.25391,1.01525,-6.75,-238.938,29.188,-0.2574,-0.5483,-0.4935,0.6238
1782303270292,11996,0.95801,0.22021,0.25391,1.01525,-6.75,-238.938,29.188,-0.2574,-0.5483,-0.4935,0.6238
1782303270351,12055,1.05737,0.12476,-0.10547,1.06992,-42.875,-299.625,39.062,-0.3489,-0.6286,-0.441,0.5369
1782303270351,12055,1.052,0.14795,-0.10938,1.06797,-46.062,-295.0,39.562,-0.3604,-0.6365,-0.4347,0.525
1782303270352,12056,1.02319,0.18042,-0.28149,1.07644,-22.875,-196.75,30.188,-0.4142,-0.6712,-0.4016,0.4652
1782303270412,12116,0.98706,0.17822,-0.3501,1.06237,-20.438,-177.25,24.688,-0.4228,-0.6768,-0.3952,0.4547
1782303270413,12117,0.95483,0.18188,-0.39941,1.05087,-20.75,-156.312,24.688,-0.4286,-0.6804,-0.3908,0.4476
1782303270420,12124,0.95483,0.18188,-0.39941,1.05087,-20.75,-156.312,24.688,-0.4286,-0.6804,-0.3908,0.4476
1782303270474,12178,0.97534,0.19189,-0.32642,1.04626,-60.625,-19.75,57.375,-0.461,-0.68,-0.3813,0.4235
1782303270477,12181,0.96558,0.17114,-0.19678,1.00017,-55.375,-13.188,58.625,-0.4639,-0.6781,-0.3817,0.4229
1782303270477,12181,1.05371,0.09937,-0.53271,1.18489,7.75,-31.188,81.75,-0.4855,-0.6685,-0.3662,0.4277
1782303270531,12235,1.11621,0.10059,-0.50562,1.22951,-2.312,-38.188,79.438,-0.4912,-0.6665,-0.3617,0.4284
1782303270531,12235,1.14429,0.07617,-0.51978,1.25911,-5.812,-42.438,75.812,-0.4941,-0.6655,-0.3596,0.4282
1782303270532,12236,1.20239,-0.03003,-0.52905,1.31398,-1.25,-33.5,27.312,-0.5153,-0.6596,-0.343,0.4259
1782303270592,12296,1.22192,-0.0249,-0.5564,1.34287,-2.625,-28.938,17.5,-0.5164,-0.6596,-0.3421,0.4253
1782303270593,12297,1.27539,-0.07495,-0.54395,1.38857,-6.438,-22.875,0.75,-0.5174,-0.6599,-0.3413,0.4243
1782303270593,12297,1.14087,-0.07227,-0.4751,1.23795,-11.438,3.062,-80.438,-0.5089,-0.668,-0.3493,0.4154
1782303270652,12356,1.09839,-0.0647,-0.5083,1.21203,-10.188,5.375,-92.062,-0.5042,-0.6714,-0.353,0.4125
1782303270653,12357,1.0769,-0.04565,-0.51196,1.19328,-9.938,11.0,-98.938,-0.5001,-0.674,-0.3562,0.4105
1782303270653,12357,0.95947,0.00464,-0.44434,1.05738,-25.938,24.125,-114.062,-0.4736,-0.6882,-0.3802,0.3965
1782303270712,12416,0.93848,0.03076,-0.41187,1.02534,-26.438,25.875,-113.75,-0.4671,-0.691,-0.3865,0.3933
1782303270712,12416,0.92847,0.05005,-0.38574,1.00665,-25.812,20.938,-111.062,-0.4622,-0.6931,-0.3911,0.3908
1782303270712,12416,0.73071,0.21729,-0.31104,0.82335,-3.188,30.062,-86.625,-0.4334,-0.705,-0.4149,0.3777
1782303270775,12479,0.71826,0.22852,-0.302,0.81199,1.438,33.75,-81.5,-0.4303,-0.706,-0.4169,0.3772
1782303270775,12479,0.74097,0.25049,-0.38062,0.86985,9.688,24.562,-67.688,-0.4247,-0.7081,-0.4198,0.3764
1782303270775,12479,0.83398,0.29321,-0.50562,1.01841,-1.188,26.5,-30.25,-0.4068,-0.7127,-0.428,0.3782
1782303270841,12545,0.80347,0.29761,-0.45532,0.97028,-4.188,27.5,-26.438,-0.4055,-0.7127,-0.429,0.3784
1782303270841,12545,0.82886,0.31616,-0.43604,0.98848,-8.188,21.0,-19.5,-0.4041,-0.7125,-0.4304,0.3787
1782303270842,12546,0.90137,0.2356,-0.34473,0.99338,-18.312,35.438,-38.5,-0.3966,-0.7096,-0.4408,0.3802
1782303270891,12595,0.87476,0.26758,-0.2688,0.95344,-15.375,47.375,-48.0,-0.3937,-0.7091,-0.4439,0.3805
1782303270891,12595,0.85229,0.26514,-0.2937,0.93966,-11.5,48.562,-53.5,-0.3914,-0.709,-0.4459,0.3807
1782303270893,12597,0.90356,0.35596,-0.36621,1.0379,-40.938,18.062,-69.625,-0.3676,-0.7109,-0.4666,0.3761
1782303270955,12659,0.90454,0.34619,-0.37109,1.03719,-43.75,18.5,-68.812,-0.3659,-0.7109,-0.4692,0.3746
1782303270957,12661,0.88062,0.35718,-0.28101,0.99097,-43.375,16.438,-66.688,-0.3633,-0.7106,-0.4733,0.3724
1782303270957,12661,0.88184,0.39429,-0.25293,0.99853,-17.062,10.812,-62.375,-0.348,-0.712,-0.4921,0.3599
1782303271011,12715,0.88501,0.3999,-0.27319,1.00886,-14.375,14.625,-62.75,-0.3461,-0.7124,-0.4937,0.3588
1782303271011,12715,0.85742,0.42847,-0.24756,0.98997,-12.25,16.375,-64.0,-0.344,-0.7128,-0.4953,0.3577
1782303271078,12782,0.80371,0.46143,-0.3064,0.97609,-13.625,18.688,-62.375,-0.3225,-0.7174,-0.51,0.3478
1782303271078,12782,0.80029,0.44971,-0.29517,0.96428,-14.562,15.375,-60.938,-0.3205,-0.7177,-0.5115,0.3468
1782303271081,12785,0.80737,0.47583,-0.29175,0.98152,-15.25,17.5,-59.375,-0.3176,-0.7181,-0.5138,0.3453
1782303271137,12841,0.83325,0.51562,-0.26172,1.01424,-21.938,21.5,-52.0,-0.3007,-0.7188,-0.5281,0.337
1782303271137,12841,0.7981,0.52759,-0.22681,0.98323,-22.5,19.25,-53.688,-0.2989,-0.7187,-0.5299,0.3362
1782303271138,12842,0.7041,0.55103,-0.22705,0.92246,-27.688,32.188,-77.812,-0.2731,-0.7169,-0.5513,0.3273
1782303271191,12895,0.66748,0.5813,-0.18066,0.90337,-29.875,31.688,-77.562,-0.269,-0.7166,-0.5549,0.3254
1782303271192,12896,0.68701,0.58887,-0.16064,0.919,-30.875,27.375,-77.312,-0.2651,-0.7162,-0.5584,0.3235
1782303271192,12896,0.63452,0.63574,-0.11157,0.90512,-19.938,32.438,-57.0,-0.2423,-0.7136,-0.5766,0.3151
1782303271250,12954,0.63135,0.62183,-0.12036,0.89429,-19.375,31.312,-54.188,-0.2401,-0.7133,-0.5783,0.3145
1782303271251,12955,0.61304,0.62671,-0.10107,0.88249,-19.875,30.375,-49.938,-0.2369,-0.7127,-0.5807,0.3137
1782303271252,12956,0.62256,0.65869,-0.08984,0.91078,-13.375,17.062,-27.562,-0.224,-0.7094,-0.5922,0.309
1782303271311,13015,0.60645,0.63599,-0.07935,0.88235,-13.438,14.312,-25.312,-0.223,-0.7091,-0.5931,0.3087
1782303271311,13015,0.61694,0.65039,-0.10596,0.90269,-13.875,6.188,-20.438,-0.2219,-0.7088,-0.5942,0.3081
1782303271311,13015,0.61694,0.65039,-0.10596,0.90269,-13.875,6.188,-20.438,-0.2219,-0.7088,-0.5942,0.3081
1782303271373,13077,0.66284,0.64893,-0.07495,0.93064,-21.0,-2.062,-27.188,-0.2182,-0.7066,-0.6022,0.3005
1782303271374,13078,0.65332,0.64722,-0.06592,0.92199,-21.0,-0.125,-28.938,-0.2177,-0.7062,-0.6032,0.2996
1782303271374,13078,0.57812,0.68921,-0.13379,0.90947,-20.25,-0.625,-31.25,-0.2097,-0.7044,-0.6127,0.2899
1782303271430,13134,0.5686,0.72095,-0.13428,0.92796,-23.438,-5.25,-29.625,-0.2092,-0.7042,-0.6137,0.2888
1782303271431,13135,0.57227,0.71753,-0.10864,0.9242,-27.375,-9.25,-26.0,-0.2088,-0.7037,-0.6153,0.287
1782303271432,13136,0.55957,0.72241,-0.0603,0.91577,-25.625,-13.062,-7.062,-0.2104,-0.699,-0.6244,0.2775
1782303271492,13196,0.55981,0.75781,-0.07324,0.94501,-25.312,-14.188,-2.0,-0.2114,-0.6981,-0.6258,0.276
1782303271494,13198,0.57373,0.75,-0.08179,0.94782,-25.438,-12.875,0.312,-0.212,-0.6975,-0.6264,0.2753
1782303271495,13199,0.62964,0.76587,-0.16553,1.00519,-23.438,-6.5,2.5,-0.2176,-0.6928,-0.6312,0.2719
1782303271553,13257,0.63208,0.77759,-0.17358,1.01701,-25.062,-7.188,2.5,-0.2182,-0.6922,-0.6318,0.2716
1782303271554,13258,0.6333,0.77759,-0.17383,1.01781,-27.938,-7.5,2.438,-0.2191,-0.6913,-0.6328,0.2709
1782303271554,13258,0.82642,0.67139,-0.03052,1.0652,21.25,31.812,-47.812,-0.2249,-0.6889,-0.6357,0.2654
1782303271610,13314,0.50342,0.82544,-0.37671,1.03764,-5.062,7.188,-51.75,-0.2204,-0.6909,-0.6365,0.2618
1782303271611,13315,0.34863,0.84326,-0.16528,0.92734,-31.438,-29.438,-35.062,-0.2191,-0.6909,-0.6381,0.2592
1782303271613,13317,0.53784,0.79883,-0.15845,0.97596,3.875,43.938,-55.312,-0.2096,-0.6942,-0.6424,0.2474
1782303271672,13376,0.48804,0.78931,-0.1731,0.94401,-3.062,35.75,-52.375,-0.2069,-0.6943,-0.6433,0.2471
1782303271672,13376,0.43799,0.79883,-0.26367,0.94841,-24.5,3.812,-42.25,-0.2045,-0.6941,-0.6448,0.2454
1782303271672,13376,0.54443,0.77393,0.23364,0.97466,-25.5,15.438,-26.562,-0.2084,-0.6805,-0.6629,0.2321
1782303271737,13441,0.44019,0.80859,0.16797,0.93584,-11.0,29.875,-24.375,-0.207,-0.6801,-0.6638,0.2319
1782303271738,13442,0.38428,0.84985,0.0542,0.93427,-1.188,35.188,-15.438,-0.2047,-0.6797,-0.6647,0.2324
1782303271738,13442,0.40845,0.83032,0.08984,0.9297,-48.938,-12.688,33.688,-0.2058,-0.6704,-0.6716,0.2383
1782303271792,13496,0.39941,0.81885,0.10059,0.9166,-47.0,-14.938,38.5,-0.2077,-0.6689,-0.6726,0.2385
1782303271793,13497,0.40137,0.82349,0.10767,0.9224,-43.75,-12.812,43.938,-0.2097,-0.6674,-0.6733,0.2389
1782303271793,13497,0.72192,0.68457,0.125,1.00271,-29.25,-74.5,87.75,-0.2437,-0.6543,-0.6725,0.2448
1782303271851,13555,0.69873,0.67651,0.16162,0.98591,-22.125,-73.688,74.312,-0.2504,-0.6531,-0.6712,0.2448
1782303271911,13615,0.69873,0.62671,0.13696,0.94855,-18.5,-79.438,65.438,-0.2548,-0.6525,-0.6702,0.2444
1782303271911,13615,0.31421,0.67334,0.05518,0.74509,25.5,-72.438,108.562,-0.2932,-0.6525,-0.6531,0.2479
1782303271911,13615,0.27344,0.77783,-0.03467,0.82522,16.312,-94.75,121.562,-0.2986,-0.6527,-0.6502,0.2487
1782303271975,13679,0.20874,0.93677,-0.00757,0.95977,-1.875,-113.5,139.688,-0.3051,-0.6522,-0.6473,0.2492
1782303271976,13680,0.2583,0.21338,-0.18945,0.38489,-168.312,-207.812,383.062,-0.4577,-0.5937,-0.6171,0.2387
1782303271976,13680,0.15405,-0.68237,0.4021,0.80688,-15.438,-153.938,466.688,-0.6126,-0.4625,-0.5648,0.3023
1782303272034,13738,0.21362,-0.77319,0.40405,0.89818,14.0,-166.812,490.25,-0.6259,-0.4519,-0.554,0.3112
1782303272035,13739,0.2688,-0.82983,0.39331,0.95685,44.312,-181.875,506.125,-0.6391,-0.4413,-0.5418,0.3209
1782303272035,13739,0.14917,-1.11719,-0.02246,1.12733,173.0,-148.688,556.562,-0.7348,-0.3425,-0.392,0.4346
1782303272090,13794,-0.11865,-1.20068,-0.06665,1.20837,181.438,-138.25,577.625,-0.7454,-0.3235,-0.3648,0.4542
1782303272091,13795,-0.38501,-1.24341,-0.12134,1.30729,181.625,-128.938,599.188,-0.752,-0.3096,-0.3461,0.4675
1782303272091,13795,-0.1853,-2.49634,-0.82837,2.63671,209.75,192.438,448.5,-0.7872,-0.1465,-0.1553,0.5783
1782303272151,13855,0.08301,-2.69385,-0.75879,2.7999,195.188,247.375,415.5,-0.7832,-0.1276,-0.1513,0.5892
1782303272151,13855,0.39624,-2.94067,-0.62183,3.03171,181.75,253.438,378.875,-0.7788,-0.1093,-0.1489,0.5993
1782303272151,13855,1.38574,-2.06836,0.0603,2.49039,237.625,-106.25,403.125,-0.7151,0.0178,-0.1004,0.6914
1782303272215,13919,1.42163,-1.86035,-0.01685,2.34142,242.625,-110.688,392.875,-0.708,0.0252,-0.0859,0.7003
1782303272215,13919,1.38843,-1.6543,-0.09326,2.16174,239.375,-101.062,364.0,-0.7008,0.0321,-0.0723,0.7087
1782303272215,13919,0.08325,-1.15771,0.42944,1.2376,76.188,100.0,213.812,-0.6494,0.0895,-0.018,0.7548
1782303272272,13976,0.08325,-1.15771,0.42944,1.2376,76.188,100.0,213.812,-0.6494,0.0895,-0.018,0.7548
1782303272331,14035,-0.01587,-0.58325,0.91431,1.08462,74.312,46.625,139.5,-0.6425,0.1007,-0.0151,0.7593
1782303272331,14035,-0.53613,-1.22998,-0.43652,1.41097,213.688,154.75,122.812,-0.5612,0.1895,0.0053,0.8056
1782303272332,14036,-0.43579,-1.31592,-0.53369,1.48539,173.938,144.062,120.5,-0.5506,0.2015,0.0039,0.8099
1782303272392,14096,-0.29639,-1.47412,-0.59497,1.61706,134.875,123.812,106.312,-0.5422,0.2121,0.0029,0.8128
1782303272393,14097,-0.13452,-1.21924,-0.22144,1.24646,-74.0,101.375,87.625,-0.5273,0.2683,0.0115,0.806
1782303272393,14097,-0.04443,-1.11987,0.41309,1.19446,-122.625,203.5,-90.75,-0.5801,0.3253,-0.0082,0.7465
1782303272451,14155,-0.07446,-1.04785,0.41333,1.12888,-113.0,199.688,-112.25,-0.5877,0.3307,-0.0184,0.738
1782303272451,14155,-0.0874,-1.02173,0.43774,1.11498,-102.0,178.25,-115.188,-0.5947,0.335,-0.0288,0.7301
1782303272452,14156,-0.48267,-0.72729,0.42139,0.96927,-84.812,71.125,-96.375,-0.6312,0.3383,-0.0649,0.6947
1782303272515,14219,-0.48267,-0.72729,0.42139,0.96927,-84.812,71.125,-96.375,-0.6312,0.3383,-0.0649,0.6947
1782303272515,14219,-0.46216,-0.74048,0.44751,0.9809,-60.25,80.438,-107.938,-0.6375,0.3377,-0.073,0.6885
1782303272516,14220,-0.07739,-0.83032,0.21338,0.86079,15.0,40.688,-140.75,-0.6531,0.3258,-0.1434,0.6682
1782303272571,14275,0.0459,-0.9187,0.13013,0.92901,16.688,25.188,-151.188,-0.6553,0.3204,-0.1514,0.6668
1782303272572,14276,0.23438,-1.03638,0.07129,1.06494,35.562,32.125,-159.688,-0.6571,0.3146,-0.1602,0.6658
1782303272572,14276,0.65796,-1.34302,0.01245,1.49558,64.562,-87.312,-192.188,-0.6654,0.2531,-0.2228,0.6658
1782303272633,14337,0.64014,-1.2915,-0.02344,1.44163,57.188,-101.312,-205.875,-0.6689,0.2301,-0.2319,0.6676
1782303272634,14338,0.60742,-1.26929,-0.01685,1.40724,54.188,-96.625,-215.188,-0.6704,0.2205,-0.2359,0.6679
1782303272634,14338,0.30005,-1.03687,0.03418,1.07995,26.688,-51.0,-245.188,-0.6814,0.1502,-0.2748,0.6613
1782303272690,14394,0.24561,-0.98779,0.04004,1.01866,13.438,-51.188,-242.125,-0.6844,0.1328,-0.2858,0.6573
1782303272693,14397,0.19702,-0.97437,0.03418,0.99467,1.688,-47.938,-235.938,-0.687,0.1202,-0.2936,0.6535
1782303272693,14397,-0.19287,-1.08008,0.18359,1.11242,11.25,-1.0,-172.375,-0.6989,0.0584,-0.3391,0.6268
1782303272751,14455,-0.21094,-1.06445,0.18091,1.10013,20.625,8.688,-162.875,-0.6987,0.0536,-0.3435,0.625
1782303272752,14456,-0.24194,-0.99219,0.20361,1.04136,36.938,16.25,-147.688,-0.6975,0.047,-0.3502,0.6232
1782303272752,14456,-0.00659,-0.55371,0.05811,0.55679,67.438,-1.562,-54.0,-0.6813,0.0156,-0.3769,0.6271
1782303272810,14514,0.00488,-0.53809,0.05078,0.5405,59.438,-8.75,-42.812,-0.6798,0.0131,-0.3779,0.6282
1782303272811,14515,0.01978,-0.53003,0.05518,0.53326,50.688,-13.75,-31.188,-0.6785,0.0111,-0.3784,0.6293
1782303272812,14516,-0.06763,-0.73804,0.23315,0.77694,23.188,-71.812,86.938,-0.6794,0.0058,-0.3557,0.6416
1782303272872,14576,-0.06763,-0.73804,0.23315,0.77694,23.188,-71.812,86.938,-0.6794,0.0058,-0.3557,0.6416
1782303272872,14576,-0.05688,-0.7561,0.24609,0.79718,31.125,-79.312,99.875,-0.6798,0.0064,-0.3483,0.6452
1782303272872,14576,0.24414,-1.01367,0.16602,1.05579,67.938,-56.688,129.312,-0.6716,0.0163,-0.2886,0.6819
1782303272931,14635,0.26733,-1.03516,0.1355,1.07767,70.375,-49.875,126.688,-0.6702,0.0177,-0.2835,0.6855
1782303272939,14643,0.29004,-1.05957,0.08911,1.10216,73.875,-37.625,120.062,-0.6676,0.0198,-0.2764,0.6908
1782303272939,14643,0.35205,-1.07495,-0.06885,1.13323,59.812,-13.438,107.562,-0.6473,0.0375,-0.2429,0.7213
1782303272990,14694,0.35693,-1.06274,-0.08325,1.12417,53.812,-11.812,105.688,-0.6456,0.0395,-0.2393,0.7239
1782303272991,14695,0.36182,-1.0376,-0.09351,1.10284,44.375,-6.875,101.625,-0.6434,0.0426,-0.2343,0.7273
1782303272992,14696,0.06348,-0.96387,0.06177,0.96793,-22.562,12.312,82.75,-0.6394,0.069,-0.2084,0.7367
1782303273051,14755,0.02856,-0.97021,0.09985,0.97576,-22.375,12.375,84.875,-0.6397,0.072,-0.2059,0.7368
1782303273051,14755,0.00342,-0.96924,0.13232,0.97824,-22.062,11.625,86.125,-0.64,0.075,-0.2034,0.7369
1782303273051,14755,0.00342,-0.96924,0.13232,0.97824,-22.062,11.625,86.125,-0.64,0.075,-0.2034,0.7369
1782303273111,14815,-0.16553,-1.12207,0.35327,1.18796,2.375,32.0,89.625,-0.6383,0.1084,-0.1827,0.7397
1782303273171,14875,-0.15356,-1.09399,0.32666,1.152,10.5,24.438,94.938,-0.6369,0.1134,-0.1793,0.741
1782303273171,14875,-0.04004,-1.04932,0.19263,1.0676,8.812,19.625,95.625,-0.6255,0.1426,-0.1574,0.7506
1782303273172,14876,-0.0542,-1.08667,0.19775,1.10585,3.562,18.688,95.625,-0.6242,0.1473,-0.1536,0.7515
1782303273231,14935,-0.07568,-1.13428,0.19897,1.15408,-0.438,16.375,95.188,-0.6231,0.1519,-0.1497,0.7523
1782303273232,14936,-0.02856,-1.21729,0.11426,1.22297,-5.312,15.062,72.875,-0.6182,0.1782,-0.1249,0.7551
1782303273232,14936,0.15771,-1.08789,0.08447,1.1025,-27.25,36.812,-26.625,-0.6225,0.1981,-0.1248,0.7466
1782303273293,14997,0.17065,-1.05273,0.09644,1.07083,-30.625,36.625,-40.312,-0.6246,0.1987,-0.1287,0.744
1782303273296,15000,0.17749,-1.04321,0.10205,1.06311,-32.875,38.188,-48.125,-0.6259,0.1987,-0.131,0.7425
1782303273296,15000,0.17749,-1.04321,0.10205,1.06311,-32.875,38.188,-48.125,-0.6259,0.1987,-0.131,0.7425
1782303273352,15056,0.07568,-1.01416,0.18848,1.0343,-43.938,45.25,-94.625,-0.6398,0.1938,-0.16,0.7261
1782303273353,15057,0.03247,-1.05103,0.20898,1.07209,-44.5,48.688,-99.25,-0.6425,0.1924,-0.166,0.7228
1782303273354,15058,-0.08984,-1.06274,0.21118,1.08724,-3.375,25.062,-75.875,-0.6525,0.1828,-0.1998,0.7075
1782303273410,15114,-0.0752,-1.02954,0.19214,1.05001,3.562,23.75,-70.25,-0.6529,0.1809,-0.2041,0.7064
1782303273411,15115,-0.05908,-0.98267,0.18213,1.00115,8.0,20.312,-64.375,-0.653,0.179,-0.208,0.7056
1782303273411,15115,0.05029,-0.82666,0.1167,0.83637,6.0,-37.938,-9.625,-0.6539,0.1669,-0.2182,0.7047
1782303273480,15184,0.07446,-0.81299,0.10522,0.82314,4.812,-47.75,-4.75,-0.6542,0.1653,-0.2172,0.7051
1782303273483,15187,0.1145,-0.81836,0.08838,0.83104,3.938,-53.188,-2.062,-0.6548,0.1627,-0.2152,0.7058
1782303273483,15187,0.1272,-1.03638,0.10059,1.04899,22.0,-53.188,-17.0,-0.6563,0.1445,-0.2073,0.7108
1782303273531,15235,0.12915,-1.00562,0.06616,1.01603,29.812,-50.0,-22.875,-0.656,0.1409,-0.2064,0.712
1782303273531,15235,0.13354,-0.94995,0.06348,0.96139,37.875,-48.125,-26.812,-0.6552,0.1372,-0.2058,0.7136
1782303273532,15236,0.25098,-0.729,0.04248,0.77217,41.0,-63.75,-63.688,-0.6504,0.1053,-0.2026,0.7243
1782303273592,15296,0.25098,-0.729,0.04248,0.77217,41.0,-63.75,-63.688,-0.6504,0.1053,-0.2026,0.7243
1782303273592,15296,0.21265,-0.73193,0.04004,0.76325,43.125,-53.438,-83.125,-0.6495,0.0968,-0.2045,0.7257
1782303273592,15296,0.07104,-0.39722,-0.04297,0.4058,115.125,-80.5,-151.0,-0.639,0.0449,-0.2228,0.7347
1782303273650,15354,0.12476,-0.28223,-0.11157,0.32812,151.375,-56.875,-199.625,-0.6307,0.0241,-0.2327,0.7398
1782303273651,15355,0.12769,-0.26587,-0.12695,0.3211,162.062,-40.625,-223.312,-0.6264,0.0153,-0.2385,0.7418
1782303273651,15355,-0.43628,-0.73682,0.0813,0.86014,189.875,137.188,-359.0,-0.5692,-0.0498,-0.3397,0.747
1782303273712,15416,-0.45312,-0.88477,0.08252,0.99747,191.875,64.938,-297.438,-0.5491,-0.0676,-0.3686,0.7468
1782303273712,15416,-0.43457,-0.87988,0.03198,0.98187,200.25,50.812,-277.938,-0.5413,-0.0753,-0.378,0.7471
1782303273774,15478,0.02563,0.09033,-0.16748,0.19201,125.312,-102.25,-127.0,-0.4697,-0.1562,-0.4353,0.7518
1782303273775,15479,0.11011,0.05273,0.07715,0.14442,102.438,-100.062,-101.625,-0.4656,-0.1669,-0.4367,0.7512
1782303273775,15479,0.11011,0.05273,0.07715,0.14442,102.438,-100.062,-101.625,-0.4656,-0.1669,-0.4367,0.7512
1782303273833,15537,-0.72705,-0.39648,0.70581,1.0881,-174.25,251.438,-53.625,-0.4577,-0.1663,-0.4745,0.7331
1782303273833,15537,-0.771,-0.53564,0.58569,1.10652,-215.875,186.062,13.125,-0.4601,-0.1555,-0.4797,0.7305
1782303273890,15594,1.35815,-0.37817,1.31567,1.92837,62.438,229.75,-148.062,-0.4355,-0.1923,-0.5292,0.7021
1782303273890,15594,-0.04272,-0.79053,2.18311,2.32222,73.438,27.188,-51.75,-0.4295,-0.1909,-0.5324,0.7037
1782303273891,15595,0.64941,-0.18848,0.33984,0.75681,1.438,-100.938,-23.75,-0.4393,-0.2384,-0.5203,0.6922
1782303273952,15656,0.64941,-0.18848,0.33984,0.75681,1.438,-100.938,-23.75,-0.4393,-0.2384,-0.5203,0.6922
1782303273960,15664,0.85596,-0.33936,0.14038,0.93141,-10.625,-33.188,-14.375,-0.4419,-0.2417,-0.5192,0.6902
1782303273960,15664,1.05176,-0.25635,0.40747,1.15669,1.375,49.25,-14.5,-0.4463,-0.2504,-0.5159,0.6868
1782303274021,15725,0.87549,-0.24023,0.65942,1.12207,21.188,83.062,-32.5,-0.4426,-0.2489,-0.519,0.6874
1782303274021,15725,0.65552,-0.34082,0.99146,1.23646,19.625,84.375,-23.438,-0.4395,-0.2468,-0.5213,0.6884
1782303274021,15725,0.67236,-0.15405,0.51001,0.85785,20.438,-40.25,-0.562,-0.4356,-0.2625,-0.5191,0.6867
1782303274070,15774,0.71606,-0.23828,0.47803,0.89333,11.062,-55.75,6.75,-0.4368,-0.2651,-0.5172,0.6864
1782303274140,15844,0.83911,-0.25513,0.39795,0.9631,5.438,-65.688,7.75,-0.4381,-0.2671,-0.5157,0.6859
1782303274141,15845,-0.02124,-0.29346,0.67554,0.73683,-74.375,37.75,-126.0,-0.4475,-0.274,-0.5137,0.6786
1782303274141,15845,0.80737,-0.60498,0.59155,1.16952,-41.375,-36.062,-116.875,-0.4475,-0.2756,-0.5199,0.6732
1782303274192,15896,1.33862,-0.39746,0.26685,1.42165,-27.625,-63.25,-73.5,-0.449,-0.2789,-0.5214,0.6696
1782303274192,15896,0.66748,-0.11841,0.4895,0.83616,-21.375,40.312,-39.75,-0.4417,-0.2794,-0.5487,0.6522
1782303274192,15896,0.84717,-0.24487,0.46362,0.99629,-8.875,-56.188,-14.5,-0.4529,-0.2892,-0.551,0.6383
1782303274251,15955,0.68652,-0.29443,-0.104,0.7542,-14.625,2.0,-9.062,-0.4545,-0.2904,-0.5507,0.6368
1782303274254,15958,0.79346,-0.37915,0.7019,1.12517,-4.25,45.625,-11.75,-0.4531,-0.2888,-0.5521,0.6373
1782303274254,15958,0.87036,-0.13281,0.71924,1.13687,-20.438,-18.938,9.812,-0.4573,-0.2863,-0.554,0.6338
1782303274322,16026,1.14868,-0.02905,0.75537,1.3751,-14.562,-96.188,-2.062,-0.4603,-0.2892,-0.5521,0.6319
1782303274325,16029,1.05347,-0.26416,0.37744,1.1498,-17.125,-50.562,0.875,-0.4638,-0.2913,-0.5502,0.6301
1782303274326,16030,0.86304,-0.25293,0.40112,0.98474,2.625,-10.688,-12.438,-0.4674,-0.2966,-0.5495,0.6256
1782303274374,16078,0.87476,-0.24707,0.40918,0.99683,2.375,-11.125,-11.375,-0.4674,-0.2971,-0.5496,0.6252
1782303274375,16079,0.8645,-0.24634,0.40308,0.98515,1.438,-12.25,-10.688,-0.4675,-0.2977,-0.5496,0.6248
1782303274375,16079,0.8418,-0.23193,0.39111,0.95676,-3.375,-3.188,-7.688,-0.4685,-0.3012,-0.5507,0.6215
1782303274433,16137,0.84985,-0.22803,0.39697,0.96532,-2.875,-3.125,-6.625,-0.4686,-0.3013,-0.5509,0.6212
1782303274433,16137,0.86353,-0.22559,0.39941,0.9778,-2.75,-3.375,-5.312,-0.4686,-0.3014,-0.551,0.621
1782303274434,16138,0.90771,-0.22607,0.39844,1.01676,-1.0,5.0,-3.188,-0.4683,-0.3015,-0.552,0.6202
1782303274490,16194,0.91943,-0.23145,0.40015,1.0291,-0.625,5.812,-3.938,-0.4681,-0.3015,-0.5523,0.6202
1782303274490,16194,0.9209,-0.23096,0.40137,1.03077,-0.75,7.562,-4.375,-0.4679,-0.3013,-0.5526,0.6202
1782303274491,16195,0.89331,-0.2251,0.44604,1.02354,1.125,5.312,-4.312,-0.4651,-0.3,-0.5556,0.6202
1782303274550,16254,0.89648,-0.21704,0.45166,1.02703,1.312,3.875,-4.688,-0.4647,-0.3,-0.556,0.6202
1782303274551,16255,0.89087,-0.21289,0.44946,1.02029,1.812,2.875,-5.188,-0.4645,-0.3001,-0.5562,0.6201
1782303274552,16256,0.88062,-0.21582,0.44165,1.00852,4.188,3.125,-7.312,-0.4627,-0.3016,-0.5577,0.6195
1782303274613,16317,0.87207,-0.21069,0.43799,0.99836,5.062,0.0,-6.812,-0.4622,-0.3019,-0.5579,0.6194
1782303274617,16321,0.8728,-0.20679,0.43408,0.99648,5.188,-2.562,-6.125,-0.4619,-0.3023,-0.5581,0.6193
1782303274617,16321,0.87036,-0.19727,0.41162,0.98279,3.062,-16.0,-2.375,-0.4621,-0.3065,-0.5569,0.6181
1782303274677,16381,0.89282,-0.20679,0.40576,1.00226,3.188,-18.562,-2.438,-0.4625,-0.3074,-0.5564,0.6177
1782303274677,16381,0.90503,-0.2063,0.39258,1.00785,2.75,-17.812,-3.125,-0.4629,-0.3081,-0.5561,0.6175
1782303274677,16381,0.88892,-0.20142,0.37256,0.98465,3.938,-17.438,-4.688,-0.4647,-0.3135,-0.5541,0.6151
1782303274730,16434,0.89331,-0.19727,0.37476,0.98861,3.75,-15.688,-4.688,-0.465,-0.3145,-0.5537,0.6148
1782303274731,16435,0.8894,-0.19116,0.37329,0.98333,3.25,-15.125,-4.25,-0.4652,-0.3151,-0.5535,0.6145
1782303274731,16435,0.85815,-0.177,0.36133,0.9478,1.125,-7.625,-8.438,-0.4675,-0.3201,-0.5514,0.612
1782303274790,16494,0.90503,-0.19995,0.41846,1.01694,-0.875,-12.75,-5.5,-0.4677,-0.3205,-0.5513,0.6118
1782303274790,16494,0.90405,-0.19849,0.38745,1.00341,-1.5,-18.312,-4.5,-0.4681,-0.321,-0.5512,0.6113
1782303274791,16495,0.90918,-0.18823,0.36646,0.99816,-0.188,-7.625,-5.0,-0.47,-0.3254,-0.5497,0.6088
1782303274850,16554,0.90674,-0.19531,0.36108,0.99534,-0.938,-8.375,-5.125,-0.4702,-0.3258,-0.5497,0.6085
1782303274851,16555,0.91357,-0.19897,0.35449,0.99994,-0.125,-6.938,-5.312,-0.4703,-0.3261,-0.5497,0.6082
1782303274853,16557,0.8894,-0.19141,0.36987,0.98208,1.312,-4.438,-3.875,-0.4703,-0.3282,-0.5502,0.6067
1782303274914,16618,0.91406,-0.19531,0.36963,1.00513,1.5,-4.0,-4.875,-0.4703,-0.3288,-0.5502,0.6063
1782303274914,16618,0.91895,-0.20508,0.3623,1.00885,1.625,-3.5,-5.562,-0.4703,-0.3292,-0.5502,0.6061
1782303274914,16618,0.91895,-0.20508,0.3623,1.00885,1.625,-3.5,-5.562,-0.4703,-0.3292,-0.5502,0.6061
1782303274970,16674,0.8894,-0.18384,0.34814,0.97265,1.625,3.125,-5.688,-0.4686,-0.3307,-0.5519,0.6051
1782303274971,16675,0.89453,-0.17847,0.36206,0.98139,1.5,3.0,-5.5,-0.4684,-0.3308,-0.5521,0.6051
1782303274971,16675,0.89404,-0.17969,0.37329,0.98537,1.625,0.125,-4.562,-0.467,-0.3316,-0.5535,0.6044
1782303275033,16737,0.89844,-0.18359,0.3645,0.98679,1.938,-1.25,-3.938,-0.4669,-0.3317,-0.5535,0.6043
1782303275034,16738,0.89941,-0.18213,0.35962,0.98562,1.75,-1.688,-4.0,-0.4669,-0.3319,-0.5536,0.6043
1782303275034,16738,0.91968,-0.19214,0.3833,1.01471,1.188,0.312,-4.375,-0.4661,-0.3327,-0.5545,0.6035
1782303275095,16799,0.91333,-0.19604,0.38525,1.01046,1.875,0.0,-4.375,-0.466,-0.3329,-0.5546,0.6035
1782303275096,16800,0.90723,-0.18555,0.38745,1.0038,2.062,-1.812,-4.438,-0.4658,-0.3331,-0.5546,0.6034
1782303275096,16800,0.90723,-0.18555,0.38745,1.0038,2.062,-1.812,-4.438,-0.4658,-0.3331,-0.5546,0.6034
1782303275150,16854,0.9353,-0.17358,0.37012,1.02074,1.875,-15.188,-1.812,-0.4661,-0.3364,-0.5537,0.6022
1782303275150,16854,0.9397,-0.18555,0.32568,1.0117,3.5,-14.312,-0.875,-0.4664,-0.3369,-0.5534,0.6021
1782303275153,16857,0.91943,-0.16602,0.33862,0.99377,4.25,-10.25,-3.562,-0.4673,-0.3414,-0.5515,0.6005
1782303275210,16914,0.91333,-0.16748,0.3374,0.98796,3.875,-9.875,-3.812,-0.4674,-0.3418,-0.5513,0.6004
1782303275210,16914,0.91504,-0.16626,0.33789,0.9895,3.875,-9.438,-4.438,-0.4674,-0.3422,-0.5512,0.6002
1782303275212,16916,0.92505,-0.15454,0.34961,1.00091,1.75,-6.375,-3.938,-0.4678,-0.3463,-0.5502,0.5984
1782303275270,16974,0.92554,-0.16187,0.33862,0.99874,3.438,-7.125,-4.0,-0.4679,-0.3468,-0.5501,0.5982
1782303275271,16975,0.93555,-0.16919,0.33105,1.00671,4.0,-6.375,-4.188,-0.4679,-0.3471,-0.5501,0.5981
1782303275272,16976,0.93555,-0.16919,0.33105,1.00671,4.0,-6.375,-4.188,-0.4679,-0.3471,-0.5501,0.5981
1782303275334,17038,0.90503,-0.14526,0.32227,0.97161,-2.062,4.0,-8.062,-0.4664,-0.3486,-0.5516,0.5969
1782303275335,17039,0.89453,-0.15503,0.33057,0.96618,-3.375,3.875,-9.812,-0.4663,-0.3486,-0.552,0.5968
1782303275335,17039,0.94604,-0.12451,0.34814,1.01573,1.5,13.875,-9.875,-0.4631,-0.3494,-0.5577,0.5933
1782303275390,17094,0.91968,-0.12573,0.3562,0.99423,-0.688,11.25,-7.125,-0.4624,-0.3492,-0.5585,0.5933
1782303275390,17094,0.91357,-0.14453,0.3313,0.98248,-1.375,9.938,-5.188,-0.4621,-0.349,-0.5588,0.5933
1782303275391,17095,0.91333,-0.12183,0.34082,0.98243,-5.5,15.875,1.438,-0.4619,-0.3436,-0.5607,0.5949
1782303275460,17164,0.9043,-0.12305,0.34546,0.97583,-5.688,17.625,5.438,-0.4617,-0.343,-0.561,0.5951
1782303275460,17164,0.90112,-0.13892,0.3855,0.98991,-9.062,17.312,9.0,-0.4614,-0.3417,-0.5615,0.5955
1782303275461,17165,0.91211,-0.10181,0.3418,0.97935,-57.812,-2.188,-24.938,-0.4621,-0.3253,-0.5728,0.5935
1782303275513,17217,0.98926,-0.15942,0.28467,1.04167,-52.25,13.438,-25.875,-0.463,-0.3243,-0.5744,0.5919
1782303275513,17217,1.0105,-0.18311,0.3064,1.07169,-49.438,23.188,-23.5,-0.4634,-0.3231,-0.5761,0.5905
1782303275514,17218,0.95825,-0.19482,0.30933,1.02561,-1.562,15.875,-35.938,-0.4645,-0.3179,-0.5861,0.5824
1782303275570,17274,0.94849,-0.18433,0.32837,1.0205,7.562,26.375,-46.0,-0.4633,-0.3183,-0.5877,0.5817
1782303275570,17274,0.93823,-0.18335,0.36865,1.0246,19.0,26.125,-63.062,-0.4605,-0.3196,-0.5902,0.5806
1782303275571,17275,1.10962,-0.10913,1.01489,1.5077,82.812,131.125,-37.75,-0.4226,-0.3308,-0.6051,0.5878
1782303275630,17334,1.0813,-0.0376,1.30518,1.69532,-17.062,24.625,-43.75,-0.4201,-0.3301,-0.6073,0.5877
1782303275631,17335,0.91479,-0.14404,0.93481,1.31586,-25.75,-46.625,-36.125,-0.4212,-0.3308,-0.608,0.5858
1782303275631,17335,0.521,-0.03784,0.51929,0.73657,-51.75,-200.25,-134.938,-0.4519,-0.3659,-0.5996,0.5496
1782303275693,17397,1.04785,-0.1228,0.427,1.13816,-43.938,-237.438,-138.25,-0.4592,-0.376,-0.5988,0.5375
1782303275694,17398,1.21899,0.00415,0.36792,1.27331,-42.688,-220.312,-120.938,-0.4638,-0.3826,-0.5979,0.5298
1782303275701,17405,0.94434,-0.05493,0.11255,0.9526,-36.125,-126.125,-49.875,-0.5016,-0.419,-0.5816,0.484
1782303275751,17455,1.03833,-0.0144,0.20508,1.05849,-33.312,-121.75,-53.188,-0.5057,-0.4231,-0.5803,0.4777
1782303275752,17456,1.10571,0.0,0.18652,1.12133,-32.125,-119.5,-55.375,-0.5084,-0.4259,-0.5794,0.4735
1782303275757,17461,1.00098,0.09155,-0.01489,1.00527,-37.0,-121.812,-78.25,-0.5291,-0.4578,-0.5756,0.4228
1782303275810,17514,0.92456,0.09131,0.04199,0.93001,-35.562,-111.812,-72.875,-0.5311,-0.4606,-0.5751,0.418
1782303275810,17514,0.85693,0.08765,0.0415,0.8624,-39.562,-121.875,-70.938,-0.5343,-0.4647,-0.5742,0.4106
1782303275811,17515,1.02271,0.18188,-0.18384,1.0549,-31.875,-86.125,-36.5,-0.5581,-0.4912,-0.5623,0.3618
1782303275870,17574,1.02295,0.15356,-0.16333,1.04723,-33.875,-81.938,-34.312,-0.5598,-0.4924,-0.5615,0.3585
1782303275873,17577,0.98853,0.14868,-0.19458,1.01841,-33.312,-78.75,-38.125,-0.5615,-0.4937,-0.5609,0.3551
1782303275873,17577,0.83594,0.22021,-0.22192,0.89249,-19.25,-57.312,-47.5,-0.5701,-0.5071,-0.5582,0.3255
1782303275931,17635,0.84424,0.18066,-0.24414,0.89721,-17.938,-50.062,-50.25,-0.5706,-0.5086,-0.5581,0.3228
1782303275931,17635,0.76953,0.28955,-0.24829,0.85888,-12.875,-30.5,-57.5,-0.5703,-0.5109,-0.5583,0.3189
1782303275931,17635,0.75,0.11816,-0.06274,0.76184,-16.125,37.75,-8.75,-0.5791,-0.5079,-0.5587,0.307
1782303275990,17694,0.84595,0.25659,-0.08765,0.88834,-11.25,36.688,-20.188,-0.5779,-0.5077,-0.5601,0.307
1782303275990,17694,0.93066,0.24634,-0.06177,0.96469,-11.438,24.938,-16.875,-0.5762,-0.5073,-0.5621,0.307
1782303275992,17696,0.81519,0.18213,-0.2124,0.86187,43.562,68.875,-80.188,-0.5601,-0.5119,-0.5736,0.308
1782303276051,17755,0.93726,0.3269,-0.23975,1.02117,67.312,70.188,-79.625,-0.5559,-0.5145,-0.5752,0.3086
1782303276056,17760,0.97681,0.70361,-0.09326,1.20744,35.562,60.25,-123.5,-0.5487,-0.5191,-0.5786,0.3073
1782303276056,17760,0.97412,0.26758,-0.21655,1.03315,28.438,55.688,2.812,-0.5404,-0.5212,-0.5776,0.3198
1782303276111,17815,0.98901,0.26245,-0.16309,1.03616,27.625,56.062,3.688,-0.5387,-0.5211,-0.5783,0.3218
1782303276111,17815,0.96021,0.28101,-0.04272,1.00139,24.438,48.75,3.75,-0.5363,-0.5208,-0.5792,0.3247
1782303276111,17815,1.00464,0.26294,-0.06494,1.04051,-10.75,-28.938,6.375,-0.5382,-0.522,-0.5762,0.3249
1782303276174,17878,0.99341,0.25293,-0.05444,1.02655,-10.25,-26.75,6.938,-0.5391,-0.522,-0.5757,0.3242
1782303276174,17878,0.99438,0.23706,-0.07397,1.02492,-7.75,-21.062,9.688,-0.5404,-0.5219,-0.575,0.3235
1782303276175,17879,1.04492,0.22412,-0.08228,1.07185,11.875,-44.188,-12.375,-0.5466,-0.524,-0.569,0.3202
1782303276231,17935,1.04126,0.20898,-0.15332,1.07303,15.0,-42.812,-16.0,-0.5473,-0.5253,-0.5678,0.3192
1782303276231,17935,1.04834,0.21826,-0.12915,1.07858,18.938,-22.312,-19.5,-0.5473,-0.5271,-0.5667,0.3182
1782303276231,17935,1.05225,0.2168,-0.21387,1.09543,21.562,-31.625,1.875,-0.547,-0.5374,-0.5593,0.3143
1782303276298,18002,1.03516,0.24976,-0.18188,1.08028,22.5,-17.562,4.25,-0.5473,-0.5381,-0.5584,0.3145
1782303276299,18003,1.12964,0.26782,-0.14453,1.16992,12.062,-49.938,-0.375,-0.5481,-0.5393,-0.5566,0.3141
1782303276299,18003,0.89258,0.28491,-0.18652,0.95533,-8.25,-45.938,14.0,-0.5602,-0.5487,-0.5431,0.2998
1782303276350,18054,0.89062,0.27417,-0.18579,0.95021,-13.812,-49.312,15.312,-0.5618,-0.5487,-0.5421,0.2987
1782303276353,18057,0.88892,0.27295,-0.19824,0.95077,-20.062,-44.312,20.688,-0.5644,-0.5482,-0.5407,0.2971
1782303276353,18057,0.87231,0.30127,-0.27417,0.96274,-48.875,-53.938,27.75,-0.5859,-0.541,-0.534,0.2803
1782303276410,18114,0.85254,0.29321,-0.30835,0.95283,-51.938,-57.938,33.062,-0.5886,-0.5397,-0.5334,0.2785
1782303276410,18114,0.87183,0.2771,-0.33154,0.97303,-52.25,-54.562,41.312,-0.5914,-0.5382,-0.5327,0.2767
1782303276411,18115,0.48413,0.37183,-0.11694,0.62154,-44.062,-23.938,-48.5,-0.6066,-0.5451,-0.5263,0.2399
1782303276472,18176,0.5791,0.31201,-0.17798,0.68146,-40.875,-54.938,-26.812,-0.6074,-0.5454,-0.5264,0.237
1782303276472,18176,0.73071,0.23779,-0.32495,0.83431,-32.938,-53.625,-5.125,-0.6096,-0.5455,-0.5254,0.2333
1782303276472,18176,0.76636,0.37964,-0.39087,0.94032,-44.562,-49.938,-84.938,-0.6088,-0.5564,-0.5272,0.2039
1782303276531,18235,0.81763,0.37134,-0.3689,0.97082,-45.688,-51.438,-76.188,-0.6085,-0.5578,-0.5276,0.1997
1782303276534,18238,0.94385,0.38135,-0.30054,1.06141,-44.562,-49.0,-70.125,-0.6082,-0.5596,-0.5283,0.1938
1782303276534,18238,1.39038,0.20483,-0.74365,1.59001,-60.938,-62.812,-41.75,-0.6195,-0.5645,-0.5173,0.1723
1782303276592,18296,0.94043,0.31445,-0.40625,1.0716,-70.312,-33.438,-71.438,-0.6192,-0.5652,-0.519,0.1658
1782303276592,18296,0.7041,0.37231,-0.22095,0.82656,-62.938,-32.688,-68.125,-0.6186,-0.5658,-0.5203,0.1617
1782303276594,18298,0.68188,0.48975,-0.38965,0.92555,-15.75,-61.75,-96.188,-0.6079,-0.5863,-0.5191,0.1304
1782303276650,18354,0.69336,0.45703,-0.34839,0.90056,-15.188,-70.438,-85.25,-0.6069,-0.5898,-0.5178,0.1244
1782303276651,18355,0.677,0.46069,-0.33276,0.88391,-12.312,-67.0,-79.75,-0.6064,-0.5919,-0.5168,0.1205
1782303276652,18356,0.62158,0.54663,-0.50269,0.96843,-9.062,-49.5,-14.875,-0.605,-0.6075,-0.5056,0.0953
1782303276712,18416,0.60815,0.5354,-0.47095,0.93717,-9.875,-42.812,-4.812,-0.6061,-0.6078,-0.5042,0.0928
1782303276713,18417,0.62891,0.52539,-0.42456,0.92294,-6.875,-39.125,4.125,-0.6075,-0.6077,-0.5031,0.091
1782303276713,18417,0.70288,0.46533,-0.51562,0.98815,-5.875,-24.5,14.188,-0.6165,-0.6058,-0.4951,0.087
1782303276774,18478,0.71606,0.4707,-0.47705,0.98076,-10.188,-15.938,9.25,-0.6176,-0.6051,-0.4946,0.0861
1782303276774,18478,0.70947,0.47559,-0.50464,0.99207,-4.812,-8.688,2.125,-0.6185,-0.6046,-0.4944,0.0855
1782303276774,18478,0.78857,0.51562,-0.49243,1.06311,-6.75,14.75,-23.562,-0.6158,-0.6055,-0.4969,0.0827
1782303276834,18538,0.78857,0.51562,-0.49243,1.06311,-6.75,14.75,-23.562,-0.6158,-0.6055,-0.4969,0.0827
1782303276835,18539,0.75464,0.51587,-0.48779,1.03612,-7.188,9.5,-27.5,-0.6145,-0.6063,-0.4978,0.082
1782303276835,18539,0.68066,0.54761,-0.48193,0.99772,-6.875,7.375,-4.75,-0.6079,-0.6099,-0.5021,0.0783
1782303276890,18594,0.70508,0.53247,-0.49438,1.01246,-7.375,3.125,-3.0,-0.6077,-0.6098,-0.5024,0.0781
1782303276890,18594,0.71655,0.50391,-0.49927,1.00828,-8.375,4.312,-2.875,-0.6076,-0.6098,-0.5027,0.078
1782303276891,18595,0.7146,0.54102,-0.46875,1.01147,-14.25,10.75,-11.875,-0.6028,-0.6094,-0.509,0.0766
1782303276953,18657,0.72681,0.54517,-0.45703,1.01702,-15.375,11.25,-10.938,-0.6023,-0.6093,-0.5098,0.0762
1782303276957,18661,0.73706,0.54175,-0.41968,1.00642,-16.062,12.0,-10.562,-0.6018,-0.6092,-0.5106,0.0759
1782303276963,18667,0.71655,0.552,-0.34961,0.96973,-4.25,-29.062,-5.375,-0.6011,-0.6096,-0.5119,0.0692
1782303277012,18716,0.70923,0.54248,-0.35352,0.96035,-3.125,-35.688,-3.812,-0.6018,-0.6097,-0.5111,0.0681
1782303277012,18716,0.70215,0.53003,-0.36255,0.95152,-1.688,-40.438,-1.875,-0.6025,-0.6098,-0.5102,0.067
1782303277012,18716,0.74854,0.55371,-0.49219,1.05316,4.562,-83.812,27.188,-0.6224,-0.6075,-0.4905,0.0523
1782303277072,18776,0.77808,0.54883,-0.55371,1.10146,4.75,-83.875,32.125,-0.6262,-0.6067,-0.4868,0.0501
1782303277072,18776,0.80176,0.52515,-0.52979,1.09511,0.0,-80.938,28.188,-0.6299,-0.6058,-0.4834,0.048
1782303277073,18777,0.79199,0.51025,-0.64038,1.13917,7.25,-88.25,-4.5,-0.6449,-0.6066,-0.4631,0.0368
1782303277130,18834,0.79199,0.51025,-0.64038,1.13917,7.25,-88.25,-4.5,-0.6449,-0.6066,-0.4631,0.0368
1782303277130,18834,0.69922,0.52319,-0.58179,1.04934,-2.75,-90.688,-10.062,-0.6472,-0.6072,-0.4594,0.033
1782303277131,18835,0.53979,0.52441,-0.59033,0.95649,-2.688,-100.625,1.125,-0.6642,-0.6096,-0.4323,0.0065
1782303277197,18901,0.54199,0.53149,-0.55322,0.93931,0.312,-91.5,7.125,-0.6679,-0.6093,-0.4271,0.0017
1782303277198,18902,0.54468,0.52686,-0.55444,0.93897,3.0,-88.812,9.0,0.6706,0.609,0.4232,0.0014
1782303277198,18902,0.54492,0.51904,-0.68042,1.01455,18.188,-62.25,20.125,0.6855,0.6073,0.401,0.012
1782303277253,18957,0.54834,0.50122,-0.65967,0.99351,18.312,-57.312,22.5,0.6879,0.6068,0.3978,0.013
1782303277253,18957,0.55957,0.48633,-0.67114,1.00003,18.875,-56.0,23.375,0.6902,0.6061,0.3946,0.0137
1782303277253,18957,0.51392,0.52173,-0.65137,0.9801,21.688,-18.312,17.5,0.7006,0.6037,0.3796,0.0145
1782303277310,19014,0.49585,0.46094,-0.66479,0.94883,21.75,-32.25,12.875,0.7023,0.6036,0.3768,0.0142
1782303277310,19014,0.55762,0.4729,-0.62085,0.95918,28.062,-11.688,12.438,0.7032,0.6036,0.3751,0.0135
1782303277311,19015,0.43896,0.45288,-0.75415,0.98312,7.0,-43.938,-28.812,0.7013,0.6113,0.3659,0.0179
1782303277374,19078,0.43335,0.4519,-0.71997,0.95413,13.562,-33.375,-25.312,0.7011,0.6132,0.3632,0.0199
1782303277374,19078,0.44092,0.48413,-0.78271,1.02051,13.75,-43.25,-21.188,0.7012,0.6145,0.3607,0.0214
1782303277374,19078,0.49194,0.49072,-0.80103,1.0604,13.438,13.75,-35.25,0.6975,0.6219,0.3549,0.0231
1782303277431,19135,0.50879,0.48511,-0.86792,1.11691,11.75,28.688,-31.0,0.6963,0.6231,0.3552,0.0227
1782303277432,19136,0.50928,0.50098,-0.729,1.02068,13.25,41.625,-30.562,0.694,0.6248,0.3567,0.0211
1782303277433,19137,0.64771,0.45874,-0.69727,1.05648,25.562,70.5,-39.375,0.6819,0.6357,0.3612,0.0139
1782303277491,19195,0.56714,0.51294,-0.52881,0.92973,40.938,45.562,-56.0,0.6782,0.6389,0.3627,0.0107
1782303277491,19195,0.5415,0.42871,-0.62939,0.93443,50.25,50.062,-64.375,0.6749,0.6425,0.3625,0.0084
1782303277491,19195,0.32031,0.5957,-1.00366,1.21029,-10.938,-64.0,-56.5,-0.6497,-0.6685,-0.3615,0.0067
1782303277550,19254,0.34351,0.48633,-1.14526,1.29079,-27.812,-66.25,-41.0,-0.6497,-0.6694,-0.3599,0.0032
1782303277551,19255,0.42627,0.45557,-0.73145,0.96138,-32.0,-5.938,-23.688,-0.6488,-0.6699,-0.3607,0.0005
1782303277552,19256,0.40259,0.48901,-0.79565,1.01699,-14.312,-34.25,-12.0,0.6472,0.6713,0.3606,0.0144
1782303277613,19317,0.43628,0.49414,-0.81006,1.04437,-15.812,-36.938,-10.062,0.6476,0.6713,0.3597,0.0169
1782303277615,19319,0.46729,0.50439,-0.80615,1.05955,-19.5,-37.5,-11.812,0.6479,0.6713,0.3589,0.0194
1782303277617,19321,0.46948,0.55591,-0.61084,0.95004,-62.062,10.438,-15.875,0.6434,0.6685,0.371,0.0355
1782303277671,19375,0.57495,0.15771,-1.03442,1.19393,-74.688,75.688,1.562,0.6426,0.6676,0.3739,0.0357
1782303277671,19375,0.42847,0.79346,-0.1582,0.91553,-67.875,79.875,-25.375,0.6382,0.6666,0.3832,0.0338
1782303277673,19377,0.4231,0.6062,-0.65991,0.99095,-36.375,23.625,56.25,0.6414,0.6569,0.3937,0.0418
1782303277730,19434,0.47314,0.65454,-0.67554,1.05292,-40.125,9.0,62.0,0.6435,0.6535,0.3961,0.0413
1782303277730,19434,0.54712,0.64136,-0.73047,1.11547,-39.375,16.812,63.312,0.6457,0.6499,0.3984,0.0408
1782303277731,19435,0.82861,0.6958,-0.45557,1.174,-72.688,108.938,74.938,0.6528,0.62,0.4341,0.0266
1782303277792,19496,0.80396,0.72974,-0.40576,1.1591,-68.5,107.25,69.0,0.6525,0.6168,0.4392,0.0243
1782303277792,19496,0.76587,0.75366,-0.49463,1.18289,-66.75,86.438,70.688,0.6525,0.6121,0.4459,0.0216
1782303277793,19497,1.0791,0.58813,-0.59351,1.36478,-94.438,46.375,85.625,0.6668,0.5707,0.4788,0.0123
1782303277851,19555,1.01514,0.5481,-0.56494,1.28455,-96.0,30.875,59.688,0.6681,0.5648,0.4839,0.013
1782303277855,19559,0.90088,0.52271,-0.55737,1.1813,-90.938,38.0,38.812,0.6686,0.56,0.4887,0.0142
1782303277855,19559,0.52026,0.43188,-0.53247,0.86065,-79.5,-51.75,3.062,0.6707,0.5411,0.5059,0.0314
1782303277913,19617,0.51953,0.45654,-0.47241,0.83757,-72.688,-13.625,1.312,0.6715,0.5386,0.5073,0.0355
1782303277913,19617,0.47778,0.54346,-0.41748,0.83541,-64.0,-12.5,-7.062,0.6715,0.5367,0.5092,0.039
1782303277914,19618,0.56201,0.54858,-0.39575,0.87944,-13.375,-22.188,-15.25,0.673,0.5304,0.5125,0.0532
1782303277970,19674,0.53687,0.57202,-0.37207,0.86826,-9.5,-12.812,-20.688,0.6727,0.5309,0.5122,0.0548
1782303277970,19674,0.52124,0.5542,-0.35425,0.83924,-11.625,-28.688,-21.688,0.6727,0.5314,0.5115,0.0568
1782303277971,19675,0.49219,0.57812,-0.03198,0.75993,78.688,-14.5,-38.812,0.6714,0.5428,0.5006,0.0617
1782303278035,19739,0.39014,0.58423,-0.00708,0.70255,91.062,-40.812,-35.125,0.6713,0.5456,0.4976,0.0609
1782303278035,19739,0.31079,0.58423,-0.18286,0.68655,104.062,-83.188,-28.812,0.6729,0.5499,0.4909,0.0603
1782303278035,19739,0.11328,0.60864,-1.48438,1.60831,28.188,-23.688,20.188,0.6863,0.5766,0.4402,0.0499
1782303278090,19794,0.11328,0.60864,-1.48438,1.60831,28.188,-23.688,20.188,0.6863,0.5766,0.4402,0.0499
1782303278090,19794,0.21606,0.59863,-1.37012,1.51072,-21.438,-13.062,49.5,0.6884,0.5747,0.4393,0.0499
1782303278091,19795,1.01953,0.61743,-0.97852,1.54213,-52.438,34.312,40.125,0.6939,0.5471,0.4663,0.0388
1782303278152,19856,1.03491,0.59375,-0.97314,1.53967,-58.25,40.375,34.0,0.6939,0.5461,0.4675,0.0388
1782303278153,19857,1.03589,0.56372,-0.83228,1.44344,-75.125,56.812,13.812,0.6929,0.5431,0.4724,0.0392
1782303278153,19857,1.09326,0.66895,-0.23657,1.30333,-82.688,149.5,-23.562,0.6654,0.5327,0.521,0.0419
1782303278215,19919,1.10449,0.69043,-0.14282,1.31034,-79.562,161.625,-28.75,0.661,0.5318,0.5275,0.0411
1782303278215,19919,1.06226,0.66748,-0.05542,1.25578,-72.938,154.875,-38.188,0.6542,0.531,0.5369,0.04
1782303278215,19919,1.21338,0.60474,-0.43994,1.42532,-78.625,91.375,5.875,0.6262,0.522,0.5777,0.0362
1782303278272,19976,1.17944,0.60083,-0.37231,1.37503,-85.438,90.812,6.25,0.6227,0.5189,0.5844,0.036
1782303278272,19976,1.17017,0.59814,-0.36938,1.3651,-90.062,92.625,3.75,0.6204,0.5166,0.5888,0.0361
1782303278272,19976,1.35645,0.46875,-0.13745,1.44172,-51.625,68.625,-37.75,0.5953,0.5001,0.628,0.0283
1782303278330,20034,1.26245,0.448,-0.11133,1.3442,-56.875,35.688,-66.188,0.5916,0.4999,0.6315,0.0308
1782303278330,20034,1.14331,0.42944,-0.06909,1.22326,-60.562,22.312,-85.0,0.5892,0.5003,0.6334,0.0339
1782303278331,20035,-0.09302,0.34375,0.26831,0.44588,-56.688,46.562,-286.562,0.538,0.5311,0.6473,0.0955
1782303278391,20095,-0.39209,0.44043,0.43335,0.73178,-57.438,44.062,-298.25,0.5209,0.5418,0.6497,0.1127
1782303278394,20098,-0.6084,0.53711,0.55396,0.9826,-51.125,43.562,-296.125,0.5122,0.5471,0.6506,0.1215
1782303278398,20102,-1.03491,0.43237,-0.13599,1.12981,202.25,52.188,-103.312,0.4568,0.61,0.6275,0.1588
1782303278450,20154,-1.03174,0.46094,-0.43115,1.20948,204.688,38.125,-59.75,0.4551,0.6174,0.6221,0.156
1782303278458,20162,-0.82056,0.58984,-0.80396,1.29135,176.688,42.0,28.875,0.4551,0.6289,0.6127,0.1472
1782303278459,20163,1.01685,1.07837,-0.65527,1.62057,64.0,3.062,129.188,0.4882,0.6282,0.6,0.0817
1782303278510,20214,0.94946,1.1167,-0.68066,1.61611,65.5,2.438,126.0,0.4918,0.6274,0.5986,0.077
1782303278510,20214,1.0415,1.05396,-0.61182,1.60308,70.562,36.0,134.375,0.4949,0.6264,0.5978,0.0713
1782303278511,20215,1.0415,1.05396,-0.61182,1.60308,70.562,36.0,134.375,0.4949,0.6264,0.5978,0.0713
1782303278570,20274,0.62964,0.83008,-0.70581,1.25843,46.25,-32.812,17.562,0.5196,0.6307,0.5744,0.0443
1782303278570,20274,0.60229,0.82251,-0.77856,1.28275,36.0,-10.5,-4.312,0.5206,0.6322,0.5719,0.0436
1782303278571,20275,0.10229,0.76416,-0.44629,0.89083,-82.625,204.562,-96.688,0.4859,0.6419,0.5908,0.0504
1782303278632,20336,-0.05249,0.8855,-0.41187,0.97801,-94.0,17.75,-55.938,0.4785,0.6415,0.5971,0.0518
1782303278634,20338,0.25537,0.79688,-0.53784,0.99474,-106.312,36.25,-22.875,0.4769,0.6397,0.6002,0.054
1782303278634,20338,0.29346,0.66309,-0.0647,0.728,-60.25,38.875,90.188,0.4727,0.613,0.6311,0.0465
1782303278691,20395,0.39746,0.69312,-0.13867,0.81093,-60.5,41.875,91.875,0.4739,0.6096,0.6336,0.0442
1782303278691,20395,0.53247,0.66333,-0.13452,0.86118,-57.312,52.562,86.438,0.4748,0.6063,0.6363,0.0416
1782303278691,20395,0.54004,0.81201,0.17822,0.99135,-143.75,111.312,7.188,0.4473,0.5742,0.6851,0.0239
1782303278751,20455,1.03564,0.57593,0.27734,1.21703,-123.875,171.062,10.5,0.4428,0.5676,0.6936,0.0227
1782303278752,20456,0.573,0.74731,0.57397,1.10284,-100.188,108.75,1.375,0.438,0.5646,0.699,0.0215
1782303278752,20456,0.40454,0.78857,0.0918,0.89103,-28.0,33.562,61.875,0.4409,0.5473,0.7108,0.0244
1782303278810,20514,0.40112,0.78882,0.02271,0.88524,-34.625,9.812,78.062,0.4421,0.545,0.7119,0.0224
1782303278810,20514,1.36475,0.88281,0.12329,1.63006,-42.0,2.562,88.438,0.4444,0.5418,0.713,0.02
1782303278811,20515,0.36426,0.80347,0.27686,0.9246,-61.062,68.312,65.312,0.4377,0.5159,0.7362,0.0064
1782303278871,20575,0.36426,0.80347,0.27686,0.9246,-61.062,68.312,65.312,0.4377,0.5159,0.7362,0.0064
1782303278871,20575,0.34253,0.69507,0.3374,0.84515,-53.125,49.688,101.688,0.4374,0.5108,0.7399,0.0017
1782303278872,20576,0.51001,0.62109,0.05347,0.80544,-96.562,88.0,-8.375,-0.4424,-0.476,-0.7598,0.0157
1782303278937,20641,0.51001,0.62109,0.05347,0.80544,-96.562,88.0,-8.375,-0.4424,-0.476,-0.7598,0.0157
1782303278937,20641,0.31079,0.63354,0.00781,0.70571,-106.125,102.5,-0.188,-0.4375,-0.4711,-0.7656,0.0154
1782303278937,20641,0.53589,0.50952,0.75415,1.05619,-121.812,169.25,80.062,-0.4064,-0.4088,-0.816,0.041
1782303278990,20694,0.53589,0.50952,0.75415,1.05619,-121.812,169.25,80.062,-0.4064,-0.4088,-0.816,0.041
1782303278990,20694,0.56421,0.52661,0.45923,0.89808,-109.062,112.188,84.375,-0.4028,-0.4005,-0.8216,0.0454
1782303278991,20695,0.41797,0.54956,0.34473,0.77172,-114.438,185.062,69.438,-0.3698,-0.343,-0.8595,0.081
1782303279054,20758,0.41797,0.54956,0.34473,0.77172,-114.438,185.062,69.438,-0.3698,-0.343,-0.8595,0.081
1782303279054,20758,0.45532,0.53149,0.39893,0.80557,-117.5,194.375,86.25,-0.3613,-0.3338,-0.8662,0.0869
1782303279054,20758,1.03687,0.47095,0.88159,1.44017,-93.312,43.5,101.125,-0.3254,-0.2578,-0.8997,0.1343
1782303279111,20815,1.03687,0.47095,0.88159,1.44017,-93.312,43.5,101.125,-0.3254,-0.2578,-0.8997,0.1343
1782303279111,20815,0.97998,0.47534,1.06567,1.5238,-94.125,65.562,90.0,-0.3245,-0.2525,-0.9011,0.1372
1782303279111,20815,0.90137,0.34961,0.8186,1.26681,15.375,100.688,-38.375,-0.3021,-0.2319,-0.9127,0.1472
1782303279170,20874,0.82007,0.37256,0.77368,1.18739,36.312,112.938,-57.0,-0.2948,-0.2335,-0.9148,0.1464
1782303279170,20874,0.74048,0.35303,0.83838,1.17295,41.312,113.938,-59.625,-0.2894,-0.2351,-0.9162,0.1457
1782303279171,20875,0.85229,0.91455,1.63721,2.05992,65.938,-74.688,-25.312,-0.2329,-0.2551,-0.9279,0.1394
1782303279230,20934,0.61377,0.70044,1.02002,1.38122,99.0,-51.25,8.375,-0.2362,-0.2606,-0.9255,0.1391
1782303279231,20935,0.63062,0.56152,0.89551,1.23082,104.25,-84.062,30.375,-0.2389,-0.2648,-0.9235,0.1403
1782303279231,20935,0.5332,0.53906,0.94141,1.20878,124.812,34.312,-104.75,-0.2025,-0.316,-0.9168,0.1358
1782303279290,20994,0.66309,0.39819,0.86743,1.16219,142.625,104.312,-93.938,-0.1975,-0.3215,-0.9161,0.1343
1782303279290,20994,0.52417,1.12476,0.5354,1.35147,77.938,52.625,-127.188,-0.1914,-0.3267,-0.916,0.1318
1782303279291,20995,0.69214,0.91724,0.87158,1.44223,40.125,111.438,-56.812,-0.1451,-0.3568,-0.9155,0.1152
1782303279351,21055,0.65283,0.90576,1.02319,1.51444,10.75,119.0,-26.812,-0.1373,-0.3574,-0.9163,0.116
1782303279352,21056,0.61865,0.90894,1.05469,1.52357,-1.812,124.0,-17.562,-0.1322,-0.3569,-0.9171,0.1171
1782303279352,21056,0.52954,0.78174,0.99414,1.37107,62.812,92.812,-39.875,-0.0822,-0.3631,-0.9199,0.1222
1782303279410,21114,0.53564,0.7937,0.96143,1.35691,63.438,91.375,-45.188,-0.0754,-0.3663,-0.9192,0.1221
1782303279410,21114,0.54834,0.79102,0.97998,1.37359,61.625,81.062,-45.562,-0.0712,-0.3684,-0.9188,0.122
1782303279411,21115,0.23315,0.51807,0.8103,0.98962,59.188,126.562,-59.25,-0.0281,-0.3876,-0.9142,0.114
1782303279471,21175,0.06055,0.51025,0.80444,0.95454,56.438,130.562,-43.062,-0.0186,-0.39,-0.9133,0.1145
1782303279472,21176,0.22461,0.51831,0.74829,0.93757,56.375,136.938,-39.062,-0.0128,-0.3915,-0.9127,0.1152
1782303279472,21176,0.22461,0.51831,0.74829,0.93757,56.375,136.938,-39.062,-0.0128,-0.3915,-0.9127,0.1152
1782303279531,21235,0.22461,0.51831,0.74829,0.93757,56.375,136.938,-39.062,-0.0128,-0.3915,-0.9127,0.1152
1782303279531,21235,-0.08765,0.38037,0.51636,0.64729,21.875,156.938,-51.5,0.0611,-0.4035,-0.9048,0.1209
1782303279531,21235,-0.21558,0.20923,0.41113,0.5092,-57.5,155.812,1.5,0.1419,-0.3826,-0.9009,0.1471
1782303279594,21298,-0.24536,0.19214,0.38208,0.49306,-61.188,153.0,4.5,0.1474,-0.3793,-0.9009,0.15
1782303279595,21299,-0.21533,0.20801,0.37158,0.47719,-65.375,155.562,6.75,0.1555,-0.3741,-0.9009,0.1547
1782303279595,21299,-0.30688,0.09521,0.052,0.3255,-103.812,135.812,-3.125,0.1933,-0.3412,-0.9025,0.1773
1782303279652,21356,-0.32764,0.06128,0.03418,0.33507,-115.625,129.0,-7.688,0.2,-0.3331,-0.9033,0.181
1782303279656,21360,-0.36646,0.01538,0.02222,0.36745,-119.25,121.688,-7.812,0.2041,-0.3275,-0.904,0.1834
1782303279659,21363,-0.32568,-0.16431,-0.34375,0.50123,-154.688,85.125,47.625,0.2255,-0.2705,-0.9112,0.2131
1782303279719,21423,-0.29102,-0.18604,-0.42261,0.5458,-161.188,89.812,54.125,0.227,-0.264,-0.9117,0.2176
1782303279719,21423,-0.24146,-0.18457,-0.50098,0.58596,-167.5,95.312,59.625,0.2286,-0.2573,-0.912,0.2225
1782303279719,21423,-0.09106,-0.42603,-1.02393,1.11275,-229.75,-23.812,53.375,0.2262,-0.1791,-0.9185,0.2698
1782303279770,21474,-0.07959,-0.45679,-1.00732,1.10891,-233.438,-63.438,59.688,0.2188,-0.1671,-0.9208,0.2758
1782303279770,21474,-0.05615,-0.46924,-0.9895,1.09656,-234.188,-86.5,66.875,0.2126,-0.1594,-0.9224,0.2799
1782303279771,21475,0.76855,-0.45215,-0.4812,1.01325,-241.875,-279.25,213.625,0.1017,-0.0965,-0.9255,0.3513
1782303279831,21535,1.03418,-0.43994,-0.37354,1.18432,-245.688,-309.375,211.5,0.0847,-0.0924,-0.9246,0.3595
1782303279831,21535,1.17871,-0.46216,-0.11157,1.27098,-253.938,-349.188,197.875,0.057,-0.0863,-0.9228,0.3707
1782303279831,21535,2.16504,-0.54761,3.56958,4.2106,-278.312,-858.375,129.875,-0.1861,-0.0836,-0.8914,0.4044
1782303279890,21594,4.21118,-1.26807,3.13159,5.39897,-249.938,-754.438,119.5,-0.2263,-0.087,-0.8818,0.4042
1782303279890,21594,2.60059,-0.84131,7.05933,7.57,-264.5,-537.438,95.438,-0.2503,-0.0866,-0.8757,0.4035
1782303279892,21596,-0.56567,0.70728,-0.88794,1.26833,33.125,-105.5,-80.125,-0.1568,-0.0652,-0.8878,0.4274
1782303279952,21656,-0.19946,0.45386,-0.78174,0.92568,32.312,-94.25,-132.188,-0.1597,-0.069,-0.8892,0.4227
1782303279952,21656,0.30029,0.26074,-0.6499,0.76193,41.25,-80.125,-163.688,-0.163,-0.0756,-0.8925,0.4134
1782303279952,21656,0.15625,-0.10498,0.36646,0.41198,-156.938,41.062,-14.062,-0.1796,-0.08,-0.9011,0.3861
1782303280010,21714,0.29834,-0.10425,0.31616,0.44703,-159.438,-61.375,-15.062,-0.1837,-0.0745,-0.9016,0.3842
1782303280010,21714,0.18433,-0.0979,0.44922,0.49534,-133.562,-105.688,-14.188,-0.1903,-0.0709,-0.9014,0.382
1782303280011,21715,0.45679,-0.45654,1.89307,2.0002,-14.312,199.5,80.562,-0.2003,-0.0561,-0.8995,0.3838
1782303280070,21774,0.44189,-0.42993,1.96338,2.0579,20.062,215.25,85.875,-0.1869,-0.0497,-0.9002,0.3898
1782303280070,21774,0.48438,-0.32642,1.76367,1.85788,29.5,129.0,81.562,-0.1807,-0.0475,-0.9,0.3935
1782303280071,21775,0.02466,-0.11743,0.73438,0.74411,28.5,-47.188,-12.188,-0.1913,-0.0697,-0.8947,0.3972
1782303280132,21836,0.18481,-0.11914,0.76099,0.79212,15.562,-43.375,-2.125,-0.1934,-0.0718,-0.8942,0.397
1782303280133,21837,0.28076,-0.09619,0.76025,0.81613,9.375,-33.062,0.625,-0.1947,-0.0729,-0.8939,0.3969
1782303280133,21837,0.41382,-0.0647,0.91772,1.00879,18.5,1.875,-14.625,-0.1965,-0.0786,-0.8941,0.3943
1782303280190,21894,0.47388,-0.08789,0.97852,1.09077,25.062,6.75,-16.688,-0.1956,-0.0799,-0.8945,0.3937
1782303280190,21894,0.45117,-0.07373,0.93726,1.0428,27.062,4.0,-18.938,-0.195,-0.081,-0.8947,0.3933
1782303280191,21895,0.44043,-0.03442,0.91919,1.01984,-3.125,-21.812,-10.438,-0.1936,-0.0864,-0.8947,0.3928
1782303280254,21958,0.44043,-0.03442,0.91919,1.01984,-3.125,-21.812,-10.438,-0.1936,-0.0864,-0.8947,0.3928
1782303280260,21964,0.32983,-0.04468,0.95996,1.01603,3.688,-9.438,-12.062,-0.195,-0.0872,-0.895,0.3912
1782303280263,21967,0.36475,0.03027,0.90283,0.9742,11.75,-13.812,8.062,-0.1975,-0.0933,-0.8937,0.3914
1782303280313,22017,0.35083,0.03784,0.9043,0.9707,10.875,-16.625,9.188,-0.1979,-0.0939,-0.8934,0.3918
1782303280313,22017,0.35034,0.04004,0.91626,0.98177,9.75,-20.5,9.438,-0.1987,-0.0949,-0.8929,0.3923
1782303280370,22074,0.41919,0.00269,0.92896,1.01916,-0.25,-10.25,-8.5,-0.2041,-0.0991,-0.8909,0.393
1782303280370,22074,0.40234,-0.00317,0.92822,1.01168,0.75,-9.188,-9.812,-0.2044,-0.0993,-0.8911,0.3926
1782303280371,22075,0.37354,-0.0144,0.92847,1.00089,2.75,-5.312,-9.438,-0.2046,-0.0996,-0.8912,0.392
1782303280435,22139,0.38501,-0.04004,0.90479,0.98411,14.125,-5.812,-5.688,-0.205,-0.1035,-0.8915,0.39
1782303280437,22141,0.38843,-0.03027,0.9021,0.98264,14.562,-6.562,-5.75,-0.205,-0.1045,-0.8915,0.3899
1782303280437,22141,0.41968,0.05078,0.8938,0.98873,4.875,-4.812,-4.5,-0.2052,-0.1108,-0.8914,0.3884
1782303280491,22195,0.41577,0.04639,0.89282,0.98598,4.125,-4.812,-3.562,-0.2053,-0.111,-0.8914,0.3883
1782303280492,22196,0.41089,0.04126,0.9104,0.99968,3.562,-5.688,-2.875,-0.2054,-0.1113,-0.8914,0.3881
1782303280492,22196,0.41089,0.04126,0.9104,0.99968,3.562,-5.688,-2.875,-0.2054,-0.1113,-0.8914,0.3881
1782303280612,22316,0.41479,0.03638,0.90747,0.99844,0.0,-6.812,-2.938,-0.2062,-0.1129,-0.8914,0.3872
1782303280613,22317,0.41406,0.03809,0.9043,0.99531,0.0,-7.125,-3.25,-0.2063,-0.1129,-0.8914,0.3871
1782303280613,22317,0.42065,0.00806,0.90747,1.00026,1.938,-3.875,-11.25,-0.2081,-0.1141,-0.8924,0.3834
1782303280613,22317,0.41382,0.01099,0.89746,0.98833,2.75,-2.938,-12.125,-0.2081,-0.1144,-0.8926,0.3829
1782303280671,22375,0.35034,-0.01147,0.86499,0.93332,1.188,3.312,-15.688,-0.2078,-0.1146,-0.893,0.3822
1782303280671,22375,0.41284,0.0293,0.86621,0.96001,5.125,-23.25,-13.938,-0.2136,-0.1202,-0.8934,0.376
1782303280671,22375,0.45166,0.0415,0.90088,1.00861,-5.0,-5.188,-3.0,-0.2179,-0.1205,-0.893,0.3746
1782303280730,22434,0.45166,0.03638,0.89746,1.00536,-3.875,-4.062,-3.062,-0.2182,-0.1204,-0.893,0.3745
1782303280730,22434,0.44849,0.03491,0.89502,1.00171,-3.188,-2.312,-2.625,-0.2183,-0.1203,-0.8931,0.3743
1782303280731,22435,0.42896,0.03516,0.89673,0.99467,-0.625,1.438,1.375,-0.218,-0.1201,-0.8933,0.374
1782303280793,22497,0.42896,0.03516,0.89673,0.99467,-0.625,1.438,1.375,-0.218,-0.1201,-0.8933,0.374
1782303280793,22497,0.43091,0.03076,0.8938,0.99273,-1.625,1.75,1.125,-0.2178,-0.1198,-0.8933,0.3741
1782303280794,22498,0.43872,0.03662,0.88892,0.99196,-0.562,7.0,-0.062,-0.2166,-0.1188,-0.8936,0.3745
1782303280853,22557,0.43604,0.03687,0.88916,0.99101,-2.125,7.188,-0.25,-0.2161,-0.1186,-0.8937,0.3745
1782303280854,22558,0.43457,0.03198,0.89404,0.99458,-2.562,6.875,-0.438,-0.2159,-0.1184,-0.8938,0.3745
1782303280854,22558,0.43286,0.03027,0.89062,0.99071,-1.688,4.75,1.125,-0.2145,-0.1169,-0.8944,0.3744
1782303280909,22613,0.4397,0.03174,0.89844,1.00077,-1.5,5.312,1.25,-0.2144,-0.1167,-0.8944,0.3745
1782303280910,22614,0.43994,0.03442,0.89917,1.00162,-1.312,4.188,1.562,-0.2141,-0.1165,-0.8945,0.3745
1782303280911,22615,0.43726,0.02783,0.88745,0.98972,-2.0,3.375,1.062,-0.2133,-0.1153,-0.8947,0.3749
1782303280970,22674,0.44189,0.02466,0.8938,0.99737,-2.125,4.312,0.812,-0.2131,-0.1151,-0.8947,0.3749
1782303280972,22676,0.44238,0.02661,0.89331,0.9972,-2.125,5.0,0.875,-0.213,-0.115,-0.8947,0.3749
1782303280972,22676,0.42139,0.02441,0.90137,0.9953,-2.875,5.5,-0.188,-0.2111,-0.1128,-0.8955,0.3749
1782303281034,22738,0.42139,0.02441,0.90137,0.9953,-2.875,5.5,-0.188,-0.2111,-0.1128,-0.8955,0.3749
1782303281034,22738,0.42798,0.02051,0.90039,0.99714,-1.688,5.25,-0.5,-0.2108,-0.1124,-0.8956,0.3749
1782303281034,22738,0.4292,0.03296,0.89526,0.99338,-1.25,5.438,0.0,-0.2086,-0.1112,-0.8961,0.3752
1782303281090,22794,0.43091,0.03418,0.89233,0.99152,-1.75,6.0,-0.188,-0.2084,-0.1111,-0.8962,0.3752
1782303281091,22795,0.42847,0.03564,0.89819,0.99579,-2.625,5.938,-0.438,-0.2082,-0.1109,-0.8963,0.3752
1782303281091,22795,0.41162,0.01611,0.91333,1.00193,-0.438,3.312,-1.75,-0.2064,-0.1091,-0.8971,0.3748
1782303281154,22858,0.40796,0.01196,0.90601,0.99369,0.0,3.062,-1.312,-0.2062,-0.1091,-0.8972,0.3748
1782303281210,22914,0.40723,0.01611,0.90771,0.99501,0.438,3.0,-0.438,-0.206,-0.109,-0.8972,0.3748
1782303281211,22915,0.41162,0.02222,0.90796,0.99715,0.188,3.375,0.438,-0.204,-0.1083,-0.8977,0.375
1782303281211,22915,0.41333,0.01904,0.90747,0.99735,0.0,2.938,0.125,-0.2039,-0.1083,-0.8977,0.375
1782303281269,22973,0.4104,0.02319,0.90137,0.99067,-0.125,3.438,0.188,-0.2037,-0.1082,-0.8977,0.3751
1782303281270,22974,0.40625,0.01904,0.91455,1.0009,-1.188,2.312,0.938,-0.2025,-0.1069,-0.8979,0.3756
1782303281271,22975,0.40088,0.02246,0.90796,0.99277,0.188,-3.062,2.0,-0.2026,-0.1061,-0.8978,0.376
1782303281331,23035,0.40674,0.03442,0.90747,0.99505,2.125,-2.938,2.062,-0.2027,-0.1062,-0.8977,0.3761
1782303281332,23036,0.41406,0.021,0.90698,0.99725,3.5,-1.562,2.375,-0.2028,-0.1063,-0.8977,0.3762
1782303281332,23036,0.40747,0.02856,0.91138,0.99873,0.0,0.438,4.125,-0.202,-0.1063,-0.8971,0.3778
1782303281392,23096,0.40234,0.0249,0.90894,0.99432,0.0,0.312,3.812,-0.202,-0.1063,-0.8971,0.378
1782303281392,23096,0.40234,0.02856,0.90796,0.99352,-0.25,0.25,3.625,-0.202,-0.1063,-0.897,0.3781
1782303281393,23097,0.40308,0.01636,0.91748,1.00225,-0.375,0.5,2.75,-0.202,-0.1056,-0.8967,0.3792
1782303281457,23161,0.40381,0.01367,0.91333,0.99871,0.0,0.062,2.438,-0.202,-0.1055,-0.8966,0.3793
1782303281457,23161,0.40698,0.01587,0.91553,1.00204,0.375,-0.125,2.438,-0.202,-0.1055,-0.8966,0.3794
1782303281457,23161,0.41724,0.0127,0.90674,0.99821,2.75,0.0,3.438,-0.2019,-0.1057,-0.8961,0.3806
1782303281526,23230,0.41602,0.01807,0.9021,0.99357,2.562,0.812,3.562,-0.2018,-0.1057,-0.896,0.3807
1782303281528,23232,0.41431,0.01855,0.89575,0.9871,2.75,0.875,3.812,-0.2017,-0.1058,-0.8959,0.3809
1782303281529,23233,0.41797,0.0332,0.90259,0.99522,0.188,-2.75,2.375,-0.2023,-0.1058,-0.8954,0.382
1782303281571,23275,0.41992,0.03442,0.90088,0.99454,0.625,-2.062,2.625,-0.2024,-0.1059,-0.8953,0.382
1782303281571,23275,0.42114,0.02881,0.90332,0.99709,1.375,-1.75,2.312,-0.2025,-0.106,-0.8953,0.3822
1782303281571,23275,0.41797,0.01807,0.91162,1.00303,-1.25,0.438,0.312,-0.2022,-0.1056,-0.8952,0.3826
1782303281632,23336,0.41992,0.0127,0.92065,1.01198,-1.125,0.562,-0.312,-0.2022,-0.1055,-0.8952,0.3825
1782303281632,23336,0.41602,0.00879,0.91724,1.00721,-0.75,0.312,-0.562,-0.2022,-0.1054,-0.8952,0.3825
1782303281633,23337,0.40479,0.01025,0.91455,1.00018,-0.188,0.812,1.375,-0.2017,-0.1047,-0.8953,0.3827
1782303281689,23393,0.40576,0.00854,0.91602,1.0019,0.25,0.125,1.5,-0.2017,-0.1047,-0.8953,0.3828
1782303281690,23394,0.40356,0.01367,0.90845,0.99415,0.312,-1.0,1.5,-0.2017,-0.1047,-0.8953,0.3828
1782303281691,23395,0.40723,0.01025,0.91235,0.99916,0.0,1.812,0.625,-0.2015,-0.1044,-0.8952,0.3834
1782303281759,23463,0.40918,0.01831,0.91406,1.00164,0.188,2.5,0.688,-0.2014,-0.1043,-0.8952,0.3834
1782303281759,23463,0.41138,0.01953,0.90869,0.99766,0.0,1.312,0.312,-0.2013,-0.1043,-0.8952,0.3834
1782303281759,23463,0.41577,0.01636,0.91357,1.00387,-0.375,2.062,0.312,-0.2006,-0.1038,-0.8953,0.3837
1782303281810,23514,0.41187,0.01465,0.90967,0.99867,-0.438,1.812,0.0,-0.2005,-0.1036,-0.8953,0.3837
1782303281811,23515,0.41016,0.00269,0.91431,1.00209,-0.75,1.0,-0.125,-0.2005,-0.1036,-0.8953,0.3837
1782303281811,23515,0.40894,0.01782,0.90479,0.99307,0.312,2.062,0.0,-0.1999,-0.103,-0.8955,0.3838
1782303281870,23574,0.40771,0.02002,0.91162,0.99884,-0.375,2.062,0.312,-0.1997,-0.1029,-0.8955,0.3838
1782303281871,23575,0.40796,0.02173,0.91113,0.99853,-0.312,2.062,0.0,-0.1996,-0.1028,-0.8956,0.3839
1782303281871,23575,0.40942,0.02124,0.90894,0.99712,0.0,1.5,-0.625,-0.1992,-0.1024,-0.8958,0.3836
1782303281930,23634,0.40845,0.01807,0.90894,0.99665,-0.375,2.0,0.0,-0.199,-0.1023,-0.8959,0.3836
1782303281930,23634,0.40625,0.01807,0.90552,0.99264,-0.438,2.375,0.5,-0.1989,-0.1022,-0.8959,0.3836
1782303281931,23635,0.40747,0.01318,0.91357,1.00041,-2.0,2.688,0.5,-0.1982,-0.1012,-0.8961,0.3839
1782303281994,23698,0.40234,0.01514,0.91382,0.99859,-1.188,1.438,0.312,-0.198,-0.101,-0.8961,0.3839
1782303281994,23698,0.40796,0.01172,0.91455,1.00148,-0.875,0.938,0.5,-0.198,-0.1009,-0.8961,0.3839
1782303281994,23698,0.40356,0.01245,0.91309,0.99837,1.25,-1.562,-0.438,-0.1978,-0.1009,-0.8961,0.384
1782303282050,23754,0.40137,0.01538,0.91504,0.99931,1.562,-1.938,-0.875,-0.1978,-0.101,-0.8961,0.384
1782303282050,23754,0.40503,0.0166,0.90991,0.99612,1.75,-1.562,-1.0,-0.1979,-0.1011,-0.8961,0.384
1782303282051,23755,0.40381,0.01709,0.9082,0.99408,-0.312,1.312,-1.438,-0.1976,-0.1014,-0.8963,0.3835
1782303282113,23817,0.40527,0.0166,0.91113,0.99734,-1.188,2.562,-0.938,-0.1975,-0.1013,-0.8964,0.3834
1782303282113,23817,0.40405,0.01318,0.9126,0.99813,-1.75,2.5,-0.875,-0.1974,-0.1011,-0.8964,0.3834
1782303282117,23821,0.40308,0.01465,0.91553,1.00044,0.062,0.25,0.0,-0.1969,-0.1004,-0.8966,0.3834
1782303282170,23874,0.40503,0.01196,0.91357,0.9994,0.312,0.062,0.062,-0.1968,-0.1003,-0.8966,0.3834
1782303282171,23875,0.39746,0.01172,0.91626,0.99882,0.0,-0.5,0.188,-0.1968,-0.1002,-0.8966,0.3834
1782303282171,23875,0.39551,0.00586,0.91724,0.99889,-1.312,2.25,0.25,-0.1964,-0.0996,-0.8967,0.3836
1782303282231,23935,0.39551,0.00586,0.91724,0.99889,-1.312,2.25,0.25,-0.1964,-0.0996,-0.8967,0.3836
1782303282232,23936,0.39722,0.00928,0.92139,1.0034,-0.688,3.062,0.312,-0.1962,-0.0994,-0.8968,0.3836
1782303282232,23936,0.39722,0.01221,0.90771,0.9909,1.562,0.688,-0.375,-0.1952,-0.0995,-0.8969,0.3839
1782303282289,23993,0.40332,0.01831,0.90479,0.99078,-0.312,-0.375,-0.75,-0.1952,-0.0995,-0.8969,0.3838
1782303282294,23998,0.40527,0.02588,0.90405,0.99107,-1.625,0.0,-0.312,-0.1952,-0.0994,-0.8969,0.3838
1782303282294,23998,0.40259,0.01636,0.90674,0.99223,-2.5,0.312,-1.438,-0.1957,-0.0989,-0.8971,0.3832
1782303282358,24062,0.40405,0.01294,0.91333,0.9988,-2.312,0.688,-1.062,-0.1957,-0.0988,-0.8972,0.3831
1782303282359,24063,0.39966,0.01367,0.91919,1.00241,-1.75,1.0,-0.438,-0.1957,-0.0987,-0.8972,0.3831
1782303282359,24063,0.39844,0.00537,0.9104,0.99379,-1.125,0.438,0.0,-0.1954,-0.0982,-0.8973,0.3829
1782303282409,24113,0.39624,0.01001,0.9126,0.99496,-1.188,0.438,0.25,-0.1954,-0.0981,-0.8973,0.3829
1782303282410,24114,0.39331,0.0061,0.91968,1.00027,-1.312,0.375,0.312,-0.1954,-0.098,-0.8973,0.3829
1782303282413,24117,0.38525,0.00439,0.92236,0.9996,-0.375,-0.125,0.438,-0.1953,-0.0974,-0.8974,0.3831
1782303282481,24185,0.38452,0.00781,0.92212,0.99911,-0.125,0.25,0.0,-0.1953,-0.0972,-0.8974,0.3832
1782303282484,24188,0.38745,0.00854,0.91821,0.99665,-0.625,0.0,0.0,-0.1951,-0.0971,-0.8974,0.3832
1782303282484,24188,0.4043,0.00781,0.9187,1.00376,-0.375,-0.688,0.812,-0.195,-0.0969,-0.8975,0.3833
1782303282530,24234,0.41064,0.01147,0.93311,1.01953,-0.062,-1.75,0.0,-0.1951,-0.0968,-0.8974,0.3833
1782303282530,24234,0.41284,0.00488,0.93457,1.02171,0.25,-3.125,0.125,-0.1952,-0.0969,-0.8974,0.3833
1782303282534,24238,0.41284,0.00488,0.93457,1.02171,0.25,-3.125,0.125,-0.1952,-0.0969,-0.8974,0.3833
1782303282590,24294,0.42578,0.00659,0.95776,1.04816,1.125,-12.5,-0.625,-0.1975,-0.0982,-0.8969,0.3831
1782303282592,24296,0.43115,-0.00366,0.96851,1.06015,1.375,-13.562,-1.5,-0.1978,-0.0983,-0.8968,0.3831
1782303282595,24299,0.43457,0.01318,0.90845,1.00713,20.562,-16.312,-1.875,-0.2013,-0.1076,-0.8953,0.3822
1782303282650,24354,0.43945,0.01587,0.94604,1.04325,18.562,-20.0,-3.0,-0.2019,-0.1091,-0.895,0.3821
1782303282650,24354,0.44971,0.00464,0.97388,1.0727,19.938,-22.625,-3.625,-0.2026,-0.1107,-0.8947,0.382
1782303282651,24355,0.48438,-0.01294,1.16968,1.26607,46.562,-26.188,-2.0,-0.2069,-0.1268,-0.8915,0.3822
1782303282710,24414,0.50195,0.00732,1.18677,1.28858,45.438,-21.562,1.5,-0.207,-0.1299,-0.8908,0.3826
1782303282711,24415,0.49219,0.02026,1.20923,1.30572,45.562,-9.375,6.625,-0.2067,-0.1326,-0.8902,0.3834
1782303282771,24475,0.50171,0.18628,1.21973,1.33197,43.812,48.375,9.875,-0.1898,-0.1439,-0.8881,0.3928
1782303282772,24476,0.47778,0.19971,1.19043,1.29818,46.688,50.812,6.812,-0.1832,-0.1459,-0.888,0.3953
1782303282772,24476,0.46875,0.20581,1.19336,1.29853,47.188,52.312,4.5,-0.1804,-0.1469,-0.8881,0.3962
1782303282829,24533,0.41968,0.23584,1.20557,1.29813,44.188,40.312,-9.188,-0.1547,-0.1539,-0.8894,0.4014
1782303282830,24534,0.43604,0.2478,1.21826,1.31746,42.625,52.125,-10.062,-0.1483,-0.1562,-0.8898,0.4019
1782303282833,24537,0.38159,0.25659,1.14014,1.22938,60.0,82.188,-16.625,-0.11,-0.1662,-0.8922,0.4049
1782303282889,24593,0.38159,0.25659,1.14014,1.22938,60.0,82.188,-16.625,-0.11,-0.1662,-0.8922,0.4049
1782303282890,24594,0.36792,0.25732,1.12378,1.21015,58.438,85.812,-19.188,-0.1035,-0.1675,-0.8926,0.4051
1782303282891,24595,0.25781,0.22021,1.02466,1.0793,51.0,102.125,-22.062,-0.0576,-0.171,-0.8957,0.406
1782303282954,24658,0.23584,0.21387,0.99268,1.04248,52.625,100.375,-22.875,-0.0502,-0.1713,-0.8961,0.406
1782303282954,24658,0.22681,0.2229,0.98071,1.03098,52.562,98.188,-23.125,-0.0454,-0.1717,-0.8963,0.406
1782303282954,24658,0.18359,0.26465,0.90503,0.96064,54.812,81.312,-32.125,-0.002,-0.1762,-0.8981,0.4027
1782303283012,24716,0.1709,0.28442,0.88525,0.9454,59.625,82.75,-30.375,0.0087,-0.1782,-0.8983,0.4012
1782303283013,24717,0.1731,0.29175,0.87622,0.9396,61.562,83.75,-29.875,0.0131,-0.1791,-0.8983,0.4006
1782303283014,24718,0.08643,0.31909,0.7959,0.86183,53.875,88.938,-23.875,0.0563,-0.1872,-0.8965,0.3972
1782303283069,24773,0.06519,0.33276,0.79541,0.86467,49.75,87.0,-24.312,0.0629,-0.1878,-0.8962,0.3967
1782303283070,24774,0.0459,0.33252,0.79639,0.86424,47.25,86.312,-24.938,0.0672,-0.1881,-0.8959,0.3964
1782303283070,24774,0.02515,0.3186,0.79199,0.85404,53.25,70.75,-25.062,0.0993,-0.1928,-0.8942,0.3914
1782303283133,24837,0.01904,0.32178,0.79102,0.85417,51.688,72.062,-24.375,0.103,-0.1934,-0.8939,0.3908
1782303283133,24837,0.01245,0.33301,0.77588,0.84442,48.375,73.625,-23.688,0.1087,-0.1943,-0.8933,0.39
1782303283133,24837,-0.06152,0.34668,0.65747,0.74581,33.562,59.25,-23.812,0.1445,-0.1962,-0.8901,0.3847
1782303283190,24894,-0.06055,0.35815,0.63696,0.73325,31.125,58.688,-24.812,0.149,-0.1964,-0.8898,0.3837
1782303283191,24895,-0.06274,0.35986,0.6311,0.7292,29.0,57.25,-25.5,0.1519,-0.1964,-0.8896,0.3831
1782303283191,24895,-0.11279,0.32812,0.60669,0.6989,11.625,54.75,-23.312,0.1758,-0.1931,-0.8886,0.3768
1782303283250,24954,-0.11279,0.32812,0.60669,0.6989,11.625,54.75,-23.312,0.1758,-0.1931,-0.8886,0.3768
1782303283250,24954,-0.12036,0.33057,0.60571,0.70046,9.5,53.625,-22.125,0.1794,-0.1921,-0.8884,0.3761
1782303283251,24955,-0.1499,0.32129,0.47095,0.58948,6.938,48.688,-14.312,0.2011,-0.186,-0.887,0.3714
1782303283311,25015,-0.16284,0.3186,0.46631,0.58777,3.688,49.5,-12.812,0.2042,-0.1849,-0.8866,0.3712
1782303283311,25015,-0.14868,0.3269,0.45776,0.58182,2.375,50.938,-12.312,0.2062,-0.1842,-0.8863,0.3711
1782303283311,25015,-0.14062,0.29614,0.34229,0.47396,-29.438,45.5,-12.062,0.2222,-0.1719,-0.8846,0.372
1782303283370,25074,-0.13013,0.271,0.32593,0.4434,-33.0,36.5,-12.688,0.2238,-0.1691,-0.8847,0.3721
1782303283370,25074,-0.16479,0.23657,0.30933,0.42286,-34.562,31.75,-13.062,0.2246,-0.1671,-0.8848,0.3722
1782303283429,25133,0.0022,0.12842,-0.02393,0.13065,-40.75,64.875,-1.5,0.2352,-0.1488,-0.8842,0.3748
1782303283430,25134,0.00146,0.06763,-0.10205,0.12243,-53.438,73.5,1.875,0.238,-0.1444,-0.8836,0.3762
1782303283489,25193,0.21362,-0.02588,-0.7207,0.75214,-124.75,-13.938,10.5,0.2422,-0.0996,-0.8815,0.3925
1782303283490,25194,0.27979,-0.05908,-0.83447,0.88211,-129.312,-36.938,11.625,0.2373,-0.0936,-0.8825,0.3949
1782303283494,25198,0.74805,-0.4375,-0.60962,1.05954,-184.875,-284.625,9.375,0.1456,-0.057,-0.8995,0.4075
1782303283550,25254,0.74805,-0.4375,-0.60962,1.05954,-184.875,-284.625,9.375,0.1456,-0.057,-0.8995,0.4075
1782303283550,25254,0.86646,-0.50293,-0.44629,1.09675,-168.812,-334.938,5.812,0.1221,-0.0552,-0.9028,0.4084
1782303283550,25254,-1.78955,3.70874,6.4104,7.61909,-1554.125,-1195.0,-771.438,-0.1256,-0.0225,-0.9207,0.3684
1782303283611,25315,-1.78955,3.70874,6.4104,7.61909,-1554.125,-1195.0,-771.438,-0.1256,-0.0225,-0.9207,0.3684
1782303283611,25315,7.90747,-5.57349,7.77246,12.40979,-320.562,-446.688,302.75,-0.1981,0.0141,-0.9083,0.3679
1782303283612,25316,7.90747,-5.57349,7.77246,12.40979,-320.562,-446.688,302.75,-0.1981,0.0141,-0.9083,0.3679
1782303283669,25373,-0.23926,0.02881,-0.71265,0.75229,95.875,-4.25,-100.375,-0.0657,-0.0612,-0.9097,0.4052
1782303283669,25373,0.24487,-0.38916,-1.11646,1.20743,-20.625,-61.625,-59.125,-0.0682,-0.0621,-0.9107,0.4023
1782303283670,25374,0.20874,-0.42065,2.21729,2.26647,-13.875,-66.0,-48.25,-0.1431,-0.007,-0.9114,0.3853
1782303283730,25434,0.17554,-0.4624,1.73291,1.80211,36.938,-46.312,-46.938,-0.146,-0.0098,-0.9121,0.3827
1782303283730,25434,0.07495,-0.42041,1.51196,1.57111,57.688,-4.5,-40.562,-0.1455,-0.0122,-0.9127,0.3814
1782303283731,25435,0.07495,-0.42041,1.51196,1.57111,57.688,-4.5,-40.562,-0.1455,-0.0122,-0.9127,0.3814
1782303283793,25497,0.14136,-0.05981,0.60791,0.62699,40.5,8.812,-9.188,-0.1322,-0.0274,-0.9159,0.3777
1782303283793,25497,0.16895,0.02954,0.55811,0.58386,28.562,12.312,-6.812,-0.1309,-0.0292,-0.9161,0.3775
1782303283793,25497,0.2959,0.04517,1.10718,1.14693,-7.25,-7.0,9.562,-0.1306,-0.0255,-0.9144,0.3818
1782303283850,25554,0.31445,-0.00562,0.99683,1.04526,5.938,-2.812,5.0,-0.1312,-0.0258,-0.9141,0.3825
1782303283850,25554,0.29468,-0.03369,0.92456,0.97097,10.0,0.062,4.125,-0.131,-0.0263,-0.914,0.3828
1782303283851,25555,0.27466,-0.14307,0.94922,0.99846,-13.5,-3.688,1.812,-0.1323,-0.0266,-0.9134,0.3837
1782303283915,25619,0.2644,-0.14648,0.98853,1.03371,-15.812,-2.562,2.5,-0.1327,-0.026,-0.9134,0.3837
1782303283918,25622,0.25415,-0.14868,1.01685,1.05862,-16.75,-2.875,2.688,-0.1331,-0.0253,-0.9133,0.3837
1782303283918,25622,0.23608,-0.05493,0.97144,1.00122,4.062,2.312,7.688,-0.1346,-0.0227,-0.9126,0.385
1782303283972,25676,0.24927,-0.04224,0.94385,0.97712,5.562,4.438,8.125,-0.1343,-0.0228,-0.9124,0.3856
1782303283976,25680,0.27002,-0.04395,0.9292,0.96863,8.438,14.75,8.0,-0.1338,-0.0229,-0.9124,0.3859
1782303283976,25680,0.27002,-0.04395,0.9292,0.96863,8.438,14.75,8.0,-0.1338,-0.0229,-0.9124,0.3859
1782303284033,25737,0.23926,-0.01172,0.96484,0.99414,4.5,8.375,2.75,-0.1289,-0.0237,-0.912,0.3884
1782303284035,25739,0.23584,-0.00903,0.96118,0.98973,4.125,8.875,2.688,-0.1284,-0.0237,-0.912,0.3886
1782303284035,25739,0.23584,-0.00903,0.96118,0.98973,4.125,8.875,2.688,-0.1284,-0.0237,-0.912,0.3886
1782303284089,25793,0.21436,-0.07666,0.95898,0.98563,0.0,2.812,-0.25,-0.124,-0.023,-0.9124,0.3889
1782303284089,25793,0.271,-0.10474,0.91626,0.96122,2.438,11.375,0.812,-0.1238,-0.0229,-0.9125,0.389
1782303284090,25794,0.20483,-0.08789,0.95972,0.98526,2.75,3.312,0.375,-0.1166,-0.0222,-0.9132,0.3896
1782303284155,25859,0.20703,-0.07837,0.96216,0.9873,2.125,3.062,0.375,-0.1163,-0.0222,-0.9132,0.3897
1782303284156,25860,0.21631,-0.07349,0.96167,0.98843,1.875,3.375,0.375,-0.1162,-0.0222,-0.9132,0.3897
1782303284159,25863,0.19092,-0.06348,0.98096,1.00138,-0.75,2.562,-3.875,-0.1143,-0.0217,-0.9137,0.389
1782303284209,25913,0.18481,-0.06714,0.97876,0.99832,-0.062,2.438,-3.375,-0.1141,-0.0216,-0.9138,0.3888
1782303284210,25914,0.1792,-0.06421,0.98145,0.99973,0.562,2.0,-2.938,-0.114,-0.0216,-0.9139,0.3887
1782303284211,25915,0.18677,-0.04321,0.97388,0.99257,3.688,0.625,3.125,-0.1127,-0.0225,-0.9138,0.3892
1782303284269,25973,0.1936,-0.03296,0.97363,0.99324,3.438,1.375,3.125,-0.1126,-0.0227,-0.9138,0.3894
1782303284270,25974,0.18994,-0.03101,0.97852,0.99726,3.188,1.062,3.0,-0.1124,-0.0228,-0.9137,0.3895
1782303284271,25975,0.20557,-0.0354,0.97412,0.9962,2.062,-0.5,0.438,-0.1118,-0.0236,-0.9135,0.3903
1782303284331,26035,0.20557,-0.0354,0.97412,0.9962,2.062,-0.5,0.438,-0.1118,-0.0236,-0.9135,0.3903
1782303284331,26035,0.21167,-0.03857,0.97314,0.99665,2.25,-0.812,0.188,-0.1118,-0.0238,-0.9135,0.3903
1782303284332,26036,0.21094,-0.04932,0.96826,0.9922,0.5,1.188,1.812,-0.1112,-0.0243,-0.9135,0.3903
1782303284392,26096,0.20996,-0.04419,0.97314,0.99652,0.688,0.5,1.688,-0.1111,-0.0243,-0.9135,0.3904
1782303284393,26097,0.20654,-0.04443,0.96924,0.992,0.625,-0.438,1.438,-0.1111,-0.0243,-0.9135,0.3905
1782303284393,26097,0.20654,-0.04443,0.96924,0.992,0.625,-0.438,1.438,-0.1111,-0.0243,-0.9135,0.3905
1782303284449,26153,0.20166,-0.05396,0.98169,1.00364,0.125,-1.25,-1.188,-0.1112,-0.0243,-0.9134,0.3905
1782303284450,26154,0.20215,-0.0481,0.98657,1.00822,0.625,-0.562,-1.688,-0.1112,-0.0244,-0.9135,0.3904
1782303284450,26154,0.20093,-0.04907,0.97949,1.00109,1.5,-0.312,0.562,-0.1112,-0.0246,-0.9136,0.39
1782303284521,26225,0.19751,-0.04736,0.97266,0.99364,1.5,-0.438,0.875,-0.1111,-0.0247,-0.9136,0.3901
1782303284521,26225,0.20312,-0.04102,0.97339,0.9952,1.438,-0.688,0.875,-0.1111,-0.0248,-0.9135,0.3902
1782303284521,26225,0.20068,-0.04272,0.97241,0.99382,-0.125,0.688,-0.125,-0.1108,-0.0249,-0.9135,0.3903
1782303284571,26275,0.19873,-0.04272,0.97388,0.99486,-0.062,0.562,-0.062,-0.1107,-0.0249,-0.9135,0.3903
1782303284571,26275,0.19727,-0.04126,0.96997,0.99069,0.0,0.438,0.312,-0.1106,-0.0248,-0.9136,0.3903
1782303284571,26275,0.20874,-0.05811,0.97632,1.00007,1.125,0.25,-0.125,-0.1107,-0.0246,-0.9135,0.3903
1782303284630,26334,0.20264,-0.0542,0.9751,0.9974,1.5,0.438,0.0,-0.1107,-0.0246,-0.9135,0.3903
1782303284631,26335,0.20215,-0.05176,0.96851,0.99073,1.688,0.75,0.188,-0.1106,-0.0247,-0.9135,0.3903
1782303284631,26335,0.19238,-0.04028,0.9812,1.00069,1.125,-0.75,-0.438,-0.1102,-0.0252,-0.9136,0.3903
1782303284690,26394,0.19189,-0.04102,0.97852,0.998,1.188,-0.812,-0.25,-0.1102,-0.0252,-0.9136,0.3903
1782303284690,26394,0.19824,-0.04102,0.97656,0.99732,1.188,-0.688,0.188,-0.1102,-0.0253,-0.9136,0.3903
1782303284691,26395,0.19824,-0.04102,0.97656,0.99732,1.188,-0.688,0.188,-0.1102,-0.0253,-0.9136,0.3903
1782303284753,26457,0.20703,-0.04785,0.98535,1.008,1.125,-0.375,0.312,-0.1102,-0.0258,-0.9134,0.3908
1782303284755,26459,0.2002,-0.04346,0.97192,0.99328,1.5,0.938,0.188,-0.11,-0.0259,-0.9134,0.3908
1782303284755,26459,0.20801,-0.03687,0.98022,1.00273,0.875,0.188,-0.062,-0.1096,-0.0263,-0.9134,0.3909
1782303284811,26515,0.20117,-0.03198,0.9834,1.00427,0.5,0.062,0.125,-0.1096,-0.0263,-0.9134,0.3909
1782303284811,26515,0.20239,-0.03467,0.98047,1.00174,0.438,-0.812,0.125,-0.1096,-0.0264,-0.9134,0.3909
1782303284811,26515,0.19727,-0.04834,0.97241,0.9934,1.312,-0.75,0.688,-0.1098,-0.0269,-0.9133,0.3911
1782303284869,26573,0.19946,-0.04224,0.97021,0.99141,1.5,-1.5,0.688,-0.1099,-0.027,-0.9132,0.3911
1782303284870,26574,0.20068,-0.03979,0.96899,0.99036,1.312,-1.5,0.562,-0.1099,-0.027,-0.9132,0.3911
1782303284870,26574,0.1958,-0.02734,0.97412,0.99398,0.188,-0.75,0.125,-0.11,-0.0274,-0.9132,0.3913
1782303284935,26639,0.19629,-0.03052,0.9834,1.00326,0.625,-1.188,0.375,-0.1101,-0.0274,-0.9131,0.3913
1782303284936,26640,0.19727,-0.03101,0.98315,1.00323,0.875,-1.438,0.438,-0.1101,-0.0275,-0.9131,0.3914
1782303284936,26640,0.19849,-0.04224,0.97388,0.99479,0.562,-2.062,0.75,-0.1102,-0.0278,-0.913,0.3916
1782303284990,26694,0.19946,-0.03857,0.97046,0.9915,0.75,-1.938,0.875,-0.1104,-0.028,-0.9129,0.3916
1782303284990,26694,0.20679,-0.04053,0.97778,1.00023,0.812,-1.188,1.062,-0.1104,-0.028,-0.9129,0.3917
1782303284996,26700,0.20337,-0.03613,0.97339,0.99506,0.0,-0.312,0.688,-0.1104,-0.0279,-0.9127,0.392
1782303285049,26753,0.20166,-0.03198,0.96924,0.99051,0.562,-0.125,0.25,-0.1104,-0.028,-0.9127,0.3921
1782303285049,26753,0.19604,-0.03809,0.96533,0.98577,0.438,-0.188,0.125,-0.1103,-0.028,-0.9127,0.3921
1782303285050,26754,0.19946,-0.03638,0.979,0.99978,0.0,-0.812,0.438,-0.1103,-0.0279,-0.9127,0.3922
1782303285110,26814,0.20093,-0.03687,0.98267,1.00367,-0.062,-0.688,0.312,-0.1103,-0.0278,-0.9127,0.3922
1782303285110,26814,0.2002,-0.03711,0.98169,1.00258,0.0,-1.125,0.312,-0.1103,-0.0278,-0.9127,0.3923
1782303285110,26814,0.21021,-0.03955,0.9729,0.99614,0.0,-0.375,0.5,-0.1103,-0.028,-0.9126,0.3924
1782303285172,26876,0.21265,-0.0415,0.96948,0.9934,0.0,0.0,0.25,-0.1103,-0.028,-0.9126,0.3924
1782303285172,26876,0.20679,-0.03906,0.97632,0.99874,0.0,0.312,0.438,-0.1103,-0.028,-0.9126,0.3924
1782303285172,26876,0.2085,-0.03784,0.97314,0.99595,1.125,-0.812,1.438,-0.1102,-0.0281,-0.9124,0.3929
1782303285229,26933,0.20825,-0.03247,0.97559,0.99809,0.75,-0.688,1.25,-0.1102,-0.0281,-0.9124,0.393
1782303285230,26934,0.21216,-0.03369,0.97217,0.99562,0.5,-0.562,1.25,-0.1102,-0.0282,-0.9123,0.3931
1782303285231,26935,0.20703,-0.03296,0.97827,1.00048,0.875,-0.438,0.312,-0.1103,-0.0283,-0.9122,0.3933
1782303285292,26996,0.2041,-0.03174,0.97534,0.99697,1.0,-0.25,0.438,-0.1102,-0.0283,-0.9122,0.3933
1782303285298,27002,0.20239,-0.03247,0.96924,0.99068,0.375,-0.812,0.312,-0.1103,-0.0284,-0.9122,0.3933
1782303285303,27007,0.2019,-0.03418,0.9856,1.00664,0.688,-0.5,0.688,-0.1104,-0.0285,-0.9121,0.3936
1782303285350,27054,0.20044,-0.04004,0.98169,1.00274,0.75,-0.625,0.812,-0.1104,-0.0285,-0.9121,0.3936
1782303285350,27054,0.20093,-0.04102,0.97876,1.00001,0.938,-0.812,1.062,-0.1104,-0.0285,-0.9121,0.3936
1782303285354,27058,0.21582,-0.03735,0.97974,1.00392,-0.812,0.625,1.062,-0.1103,-0.0287,-0.9118,0.3942
1782303285410,27114,0.21948,-0.03833,0.97681,1.00189,-1.188,0.062,0.875,-0.1103,-0.0286,-0.9118,0.3942
1782303285410,27114,0.21777,-0.03491,0.97876,1.0033,-0.875,0.5,0.75,-0.1103,-0.0286,-0.9118,0.3942
1782303285410,27114,0.19775,-0.04761,0.97559,0.99656,2.375,-2.0,1.688,-0.1102,-0.0288,-0.9116,0.3947
1782303285471,27175,0.20166,-0.04248,0.96655,0.98828,2.875,-1.562,2.062,-0.1102,-0.0289,-0.9116,0.3947
1782303285472,27176,0.20093,-0.03149,0.96436,0.98557,2.812,-0.688,1.75,-0.1102,-0.0291,-0.9115,0.3948
1782303285472,27176,0.2041,-0.0166,0.96899,0.9904,-1.062,-0.875,0.125,-0.1103,-0.0293,-0.9113,0.3953
1782303285531,27235,0.19995,-0.01904,0.96899,0.98959,-1.375,-1.75,0.625,-0.1104,-0.0293,-0.9113,0.3953
1782303285532,27236,0.20044,-0.03027,0.97583,0.99666,-1.375,-2.0,1.0,-0.1105,-0.0292,-0.9113,0.3953
1782303285532,27236,0.20508,-0.03418,0.97241,0.99439,0.375,-0.625,1.562,-0.1109,-0.0294,-0.911,0.3958
1782303285589,27293,0.20605,-0.02881,0.97778,0.99967,-0.188,-1.375,1.188,-0.1109,-0.0294,-0.911,0.3959
1782303285590,27294,0.20605,-0.03467,0.98047,1.00249,-0.375,-2.062,1.312,-0.111,-0.0294,-0.911,0.3959
1782303285590,27294,0.21509,-0.04468,0.97656,1.00097,1.5,-2.062,1.188,-0.1112,-0.0299,-0.9107,0.3964
1782303285650,27354,0.2146,-0.04712,0.97534,0.99978,2.125,-1.562,1.312,-0.1113,-0.03,-0.9107,0.3964
1782303285709,27413,0.2207,-0.04248,0.97656,1.00209,2.75,-1.688,1.25,-0.1113,-0.0302,-0.9106,0.3966
1782303285711,27415,0.21851,-0.03369,0.96753,0.99247,0.875,-1.812,1.562,-0.1115,-0.031,-0.9103,0.3971
1782303285711,27415,0.21826,-0.03101,0.97241,0.99709,0.5,-2.062,1.812,-0.1116,-0.031,-0.9102,0.3972
1782303285769,27473,0.22363,-0.03076,0.96973,0.99565,0.75,-2.25,1.5,-0.1116,-0.0311,-0.9102,0.3973
1782303285770,27474,0.21606,-0.02832,0.96509,0.98938,-0.312,-1.5,-0.062,-0.1119,-0.0316,-0.91,0.3976
1782303285770,27474,0.19678,-0.03613,0.98657,1.00665,2.375,-3.375,1.188,-0.1127,-0.0318,-0.9098,0.3979
1782303285829,27533,0.20093,-0.03735,0.98438,1.00537,2.688,-4.25,1.5,-0.1128,-0.032,-0.9097,0.398
1782303285831,27535,0.20312,-0.03638,0.98267,1.0041,3.438,-4.125,2.188,-0.113,-0.0322,-0.9097,0.3981
1782303285835,27539,0.20654,-0.03589,0.98511,1.00717,3.062,-5.625,3.188,-0.1137,-0.0336,-0.9091,0.3991
1782303285894,27598,0.20874,-0.03174,0.98193,1.00438,3.75,-6.188,3.125,-0.114,-0.0341,-0.9089,0.3993
1782303285898,27602,0.20386,-0.03491,0.97876,1.00037,4.188,-5.938,3.125,-0.1142,-0.0343,-0.9088,0.3995
1782303285898,27602,0.21533,-0.02686,0.95728,0.98156,2.5,-6.5,3.688,-0.116,-0.0364,-0.908,0.4007
1782303285949,27653,0.21167,-0.01904,0.97217,0.99513,1.562,-8.125,2.938,-0.1166,-0.0368,-0.9077,0.401
1782303285949,27653,0.21753,-0.02197,0.96606,0.9905,0.875,-9.438,2.812,-0.1171,-0.0371,-0.9076,0.4011
1782303285950,27654,0.22803,-0.02441,0.97559,1.00218,0.5,-10.0,1.25,-0.1199,-0.0386,-0.9069,0.4017
1782303286011,27715,0.22803,-0.02441,0.97559,1.00218,0.5,-10.0,1.25,-0.1199,-0.0386,-0.9069,0.4017
1782303286011,27715,0.22192,-0.02466,0.97607,1.00129,1.5,-9.25,1.125,-0.1204,-0.0388,-0.9068,0.4018
1782303286011,27715,0.23584,-0.01074,0.9585,0.98714,0.312,-8.375,2.75,-0.1235,-0.041,-0.906,0.4025
1782303286069,27773,0.23779,-0.0127,0.95776,0.98692,0.188,-8.312,2.5,-0.1239,-0.0411,-0.9059,0.4025
1782303286070,27774,0.23608,-0.0166,0.95703,0.98586,-0.125,-7.812,2.625,-0.1242,-0.0413,-0.9058,0.4027
1782303286070,27774,0.23047,-0.02368,0.96802,0.99536,-0.875,-7.188,2.25,-0.1266,-0.0417,-0.9052,0.4034
1782303286130,27834,0.23584,-0.02246,0.9668,0.9954,-0.75,-6.812,2.438,-0.1269,-0.0418,-0.905,0.4035
1782303286130,27834,0.23853,-0.02441,0.96558,0.9949,-0.562,-6.875,2.75,-0.1271,-0.0419,-0.905,0.4035
1782303286131,27835,0.24463,-0.02856,0.95654,0.98774,0.125,-8.062,4.875,-0.1299,-0.0426,-0.9039,0.4049
1782303286191,27895,0.24805,-0.02881,0.96558,0.99734,-0.062,-6.312,5.125,-0.1306,-0.0428,-0.9036,0.4053
1782303286191,27895,0.25562,-0.03369,0.97559,1.00908,-0.688,-7.938,5.25,-0.131,-0.0429,-0.9035,0.4056
1782303286195,27899,0.27417,-0.04102,0.95044,0.99004,1.938,-7.438,6.062,-0.134,-0.0442,-0.9022,0.4073
1782303286254,27958,0.27417,-0.04102,0.95044,0.99004,1.938,-7.438,6.062,-0.134,-0.0442,-0.9022,0.4073
1782303286254,27958,0.27246,-0.03345,0.94043,0.97967,2.188,-6.5,6.75,-0.1344,-0.0445,-0.9019,0.4077
1782303286254,27958,0.28638,-0.01489,0.94824,0.99065,-1.25,-9.625,5.5,-0.1384,-0.0458,-0.9003,0.4099
1782303286309,28013,0.28735,-0.01465,0.9541,0.99654,-1.312,-9.375,5.062,-0.139,-0.046,-0.9,0.4102
1782303286309,28013,0.28613,-0.01416,0.9541,0.99618,-1.062,-8.312,4.562,-0.1395,-0.0461,-0.8999,0.4104
1782303286310,28014,0.27637,-0.03027,0.97021,1.00926,-0.562,-15.5,2.75,-0.1438,-0.0472,-0.8986,0.4115
1782303286371,28075,0.27563,-0.04419,1.00635,1.04435,1.062,-18.938,2.062,-0.1448,-0.0476,-0.8984,0.4116
1782303286371,28075,0.27368,-0.05591,1.03638,1.07336,6.812,-20.375,2.062,-0.1458,-0.0484,-0.8981,0.4117
1782303286371,28075,0.28052,-0.01855,0.91724,0.95935,23.562,-25.812,6.312,-0.151,-0.0588,-0.8955,0.4142
1782303286436,28140,0.28491,-0.01343,0.91602,0.9594,21.125,-27.25,6.375,-0.1517,-0.0601,-0.8952,0.4145
1782303286436,28140,0.28784,-0.01001,0.92114,0.96512,19.062,-27.188,7.0,-0.1524,-0.0612,-0.8948,0.4148
1782303286436,28140,0.32983,-0.07129,1.06812,1.12015,25.125,-36.188,1.938,-0.1609,-0.073,-0.8917,0.4165
1782303286489,28193,0.323,-0.07959,1.0752,1.12548,27.0,-36.25,2.812,-0.1618,-0.0746,-0.8913,0.4167
1782303286489,28193,0.33179,-0.0918,1.09082,1.14385,29.875,-35.5,3.625,-0.1627,-0.0762,-0.8909,0.4169
1782303286490,28194,0.354,-0.12671,1.0957,1.15842,58.188,-24.438,25.312,-0.1672,-0.0993,-0.8837,0.4254
1782303286551,28255,0.37402,-0.09033,1.12061,1.18482,56.0,-26.938,26.875,-0.1673,-0.1028,-0.8824,0.4273
1782303286552,28256,0.39111,-0.06201,1.11499,1.18322,56.938,-24.438,27.438,-0.1674,-0.1063,-0.881,0.4293
1782303286552,28256,0.36938,0.04956,1.21948,1.27516,91.688,-16.0,14.188,-0.1608,-0.1309,-0.8736,0.44
1782303286615,28319,0.36157,0.06372,1.21851,1.27262,101.5,-17.312,15.312,-0.159,-0.1365,-0.8722,0.4417
1782303286615,28319,0.3623,0.09204,1.22388,1.27969,110.375,-19.062,17.938,-0.1571,-0.1428,-0.8706,0.4436
1782303286615,28319,0.42236,0.30811,1.13159,1.24652,135.938,-3.062,9.688,-0.1397,-0.1861,-0.859,0.4558
1782303286669,28373,0.42529,0.3252,1.11646,1.23818,135.312,0.438,8.562,-0.1384,-0.1886,-0.8583,0.4564
1782303286669,28373,0.4314,0.35693,1.08228,1.21853,130.375,8.812,6.5,-0.1356,-0.1933,-0.8572,0.4574
1782303286670,28374,0.33081,0.38745,1.12012,1.23054,101.938,57.75,7.375,-0.097,-0.2214,-0.8491,0.4693
1782303286730,28434,0.33618,0.39478,1.09277,1.20955,109.688,42.188,7.375,-0.0894,-0.2271,-0.8472,0.4716
1782303286730,28434,0.33496,0.41626,1.08276,1.20741,120.688,46.625,6.062,-0.0835,-0.232,-0.8456,0.4732
1782303286733,28437,0.35229,0.52368,0.95508,1.14478,84.0,55.938,8.375,-0.0506,-0.2584,-0.8358,0.4816
1782303286790,28494,0.35767,0.55591,0.9624,1.16755,68.125,65.562,7.75,-0.0433,-0.2611,-0.8341,0.4838
1782303286790,28494,0.33765,0.51831,0.94092,1.12605,59.062,67.938,6.875,-0.0379,-0.2623,-0.833,0.4854
1782303286794,28498,0.3269,0.5,0.88696,1.06938,36.5,49.188,-0.062,-0.014,-0.268,-0.828,0.492
1782303286849,28553,0.32349,0.49097,0.8645,1.04549,35.062,61.062,0.562,-0.0112,-0.2681,-0.8276,0.4927
1782303286849,28553,0.30469,0.49487,0.82495,1.0091,32.562,79.188,1.0,-0.0064,-0.2676,-0.827,0.494
1782303286850,28554,0.2085,0.47778,0.85498,1.00137,34.688,98.688,-1.312,0.0303,-0.2589,-0.8235,0.5037
1782303286911,28615,0.20386,0.49487,0.84717,1.00207,36.438,97.625,-3.812,0.0367,-0.2576,-0.8228,0.505
1782303286911,28615,0.19775,0.53418,0.823,1.00089,37.125,97.938,-6.375,0.0431,-0.2565,-0.8221,0.5062
1782303286911,28615,0.15454,0.56226,0.73877,0.94117,53.188,139.0,-17.312,0.0837,-0.2509,-0.8179,0.5106
1782303286969,28673,0.12915,0.58228,0.74731,0.95614,45.688,128.562,-17.75,0.0896,-0.2496,-0.8173,0.5112
1782303286970,28674,0.10474,0.52271,0.7146,0.89154,48.25,143.688,-16.062,0.0985,-0.2476,-0.8163,0.5123
1782303286975,28679,-0.04272,0.58203,0.74829,0.94896,45.438,111.25,-4.938,0.1535,-0.2315,-0.8073,0.5205
1782303287029,28733,-0.03369,0.56177,0.75757,0.94373,46.625,85.688,-5.625,0.1597,-0.2308,-0.8059,0.5211
1782303287030,28734,-0.02295,0.57275,0.79688,0.98162,52.062,80.312,-6.312,0.1657,-0.2306,-0.8045,0.5214
1782303287032,28736,0.01245,0.58447,0.82275,1.0093,19.938,97.438,-7.188,0.2015,-0.2269,-0.7968,0.5223
1782303287093,28797,-0.00513,0.54199,0.82031,0.98321,18.188,101.25,-6.5,0.2053,-0.2252,-0.7959,0.5229
1782303287095,28799,-0.02856,0.61108,0.84497,1.04318,19.375,101.188,-7.875,0.2112,-0.2227,-0.7945,0.5238
1782303287096,28800,-0.125,0.61182,0.62817,0.88575,50.625,85.438,-5.938,0.2493,-0.2134,-0.7835,0.5274
1782303287154,28858,-0.12915,0.59888,0.64282,0.88801,47.938,64.312,-12.688,0.2543,-0.2135,-0.7821,0.527
1782303287154,28858,-0.1189,0.60376,0.62988,0.88058,45.688,55.312,-16.688,0.2591,-0.2136,-0.781,0.5263
1782303287154,28858,-0.1189,0.60376,0.62988,0.88058,45.688,55.312,-16.688,0.2591,-0.2136,-0.781,0.5263
1782303287214,28918,-0.17627,0.6355,0.60669,0.8961,13.062,58.375,-24.875,0.2871,-0.204,-0.7785,0.5192
1782303287215,28919,-0.1814,0.64624,0.60596,0.90428,17.25,53.438,-24.25,0.2908,-0.2026,-0.7781,0.5184
1782303287215,28919,-0.1814,0.64624,0.60596,0.90428,17.25,53.438,-24.25,0.2908,-0.2026,-0.7781,0.5184
1782303287270,28974,-0.17285,0.70166,0.59863,0.93838,25.75,28.312,-39.625,0.3144,-0.1983,-0.7763,0.5088
1782303287274,28978,-0.19092,0.70703,0.58203,0.93547,19.938,21.688,-42.312,0.3169,-0.1979,-0.7769,0.5066
1782303287276,28980,-0.20605,0.76636,0.66406,1.03477,8.75,1.312,-42.0,0.3265,-0.1944,-0.7822,0.4934
1782303287329,29033,-0.19165,0.76782,0.66431,1.03324,9.562,-6.0,-42.75,0.327,-0.1943,-0.7835,0.491
1782303287334,29038,-0.18066,0.75269,0.66089,1.01782,11.625,-12.938,-44.5,0.3274,-0.1943,-0.7849,0.4885
1782303287335,29039,-0.25659,0.63159,0.64233,0.93666,22.875,-18.562,-71.812,0.3353,-0.1931,-0.7951,0.4667
1782303287389,29093,-0.25928,0.61914,0.62744,0.91883,23.875,-21.125,-73.5,0.3357,-0.1933,-0.7966,0.4638
1782303287389,29093,-0.27905,0.62134,0.62622,0.92525,25.938,-19.688,-75.562,0.3363,-0.1937,-0.7989,0.4592
1782303287390,29094,-0.3208,0.43628,0.61499,0.81943,45.938,-16.625,-69.562,0.3372,-0.1987,-0.8144,0.428
1782303287449,29153,-0.36133,0.40771,0.60547,0.81448,56.25,-24.062,-73.562,0.3386,-0.2004,-0.8162,0.4229
1782303287449,29153,-0.35962,0.39453,0.64648,0.8384,63.438,-31.0,-74.75,0.3393,-0.2019,-0.8174,0.4191
1782303287455,29159,-0.34058,0.49707,0.52905,0.80185,62.938,-64.875,-56.562,0.3354,-0.2223,-0.8294,0.3872
1782303287513,29217,-0.34424,0.48975,0.51514,0.78976,61.812,-64.25,-56.125,0.3347,-0.2247,-0.8306,0.3837
1782303287515,29219,-0.3208,0.47388,0.47705,0.74502,61.562,-70.625,-54.188,0.3334,-0.2285,-0.8325,0.3786
1782303287515,29219,-0.21729,0.5498,0.56787,0.81974,75.625,-118.188,-60.312,0.3133,-0.2586,-0.8478,0.3403
1782303287570,29274,-0.19458,0.5293,0.57715,0.80692,78.25,-115.25,-60.062,0.3108,-0.2622,-0.8494,0.3359
1782303287570,29274,-0.18921,0.53149,0.59131,0.81727,78.125,-109.812,-58.062,0.3085,-0.2659,-0.8508,0.3315
1782303287570,29274,-0.18921,0.53149,0.59131,0.81727,78.125,-109.812,-58.062,0.3085,-0.2659,-0.8508,0.3315
1782303287632,29336,-0.19556,0.59521,0.42749,0.75847,22.5,-91.25,-37.0,0.2849,-0.2918,-0.8637,0.2958
1782303287633,29337,-0.19238,0.60107,0.41968,0.75791,19.375,-96.688,-34.625,0.2821,-0.2934,-0.8649,0.2932
1782303287633,29337,-0.14844,0.552,0.46753,0.73846,-25.312,-121.25,-23.562,0.2443,-0.3017,-0.8806,0.2712
1782303287689,29393,-0.12817,0.55029,0.48755,0.74629,-28.688,-123.188,-28.625,0.2374,-0.3019,-0.8835,0.2678
1782303287689,29393,-0.12183,0.5415,0.49878,0.74622,-32.25,-126.375,-33.625,0.2327,-0.3018,-0.8855,0.2653
1782303287690,29394,-0.13892,0.43872,0.55933,0.72431,-63.75,-118.312,-26.625,0.1813,-0.2925,-0.908,0.2385
1782303287751,29455,-0.12256,0.44067,0.56836,0.72955,-76.188,-136.625,-21.5,0.1734,-0.29,-0.9111,0.2357
1782303287751,29455,-0.10693,0.4353,0.58594,0.73773,-79.0,-130.0,-16.188,0.1676,-0.2882,-0.9132,0.2339
1782303287752,29456,-0.04346,0.4502,0.71362,0.84488,-83.812,-115.562,-22.125,0.1216,-0.2695,-0.9292,0.2211
1782303287811,29515,-0.05981,0.44629,0.7417,0.86768,-91.938,-118.062,-22.375,0.1086,-0.2631,-0.9337,0.2166
1782303287811,29515,-0.05542,0.43652,0.73413,0.8559,-94.188,-121.625,-21.562,0.1032,-0.2604,-0.9355,0.2149
1782303287811,29515,0.03296,0.41089,0.82593,0.92308,-96.312,-164.188,-33.0,0.0437,-0.2342,-0.9516,0.1936
1782303287869,29573,0.05347,0.4126,0.85767,0.95325,-98.688,-167.688,-35.812,0.0328,-0.2302,-0.9539,0.1892
1782303287869,29573,0.05127,0.40918,0.88721,0.97836,-100.125,-167.062,-37.625,0.0256,-0.2274,-0.9554,0.1862
1782303287870,29574,0.01099,0.30688,0.97437,1.02161,-68.062,-134.375,-48.75,-0.0308,-0.2056,-0.966,0.1533
1782303287938,29642,0.01587,0.29468,1.01636,1.05833,-63.125,-127.75,-43.688,-0.0413,-0.2019,-0.9673,0.1472
1782303287938,29642,0.02686,0.30127,1.00049,1.04521,-60.625,-127.5,-42.25,-0.0465,-0.2002,-0.9678,0.1442
1782303287938,29642,0.19971,0.32349,1.0603,1.1264,-49.312,-105.688,-27.062,-0.0864,-0.188,-0.9703,0.1243
1782303287990,29694,0.18115,0.33228,1.0813,1.14561,-35.625,-82.625,-27.688,-0.0957,-0.1851,-0.9707,0.1192
1782303287993,29697,0.19385,0.32617,1.06714,1.13259,-30.312,-73.0,-26.625,-0.0988,-0.1843,-0.9707,0.1174
1782303287994,29698,0.19385,0.32617,1.06714,1.13259,-30.312,-73.0,-26.625,-0.0988,-0.1843,-0.9707,0.1174
1782303288049,29753,-0.61401,0.2793,0.53687,0.86212,-1.062,18.0,-25.812,-0.1087,-0.1765,-0.9714,0.1152
1782303288049,29753,0.14551,0.24878,1.4458,1.47425,24.812,174.375,-5.812,-0.1024,-0.1763,-0.972,0.1162
1782303288050,29754,0.2085,0.28271,1.17822,1.22947,57.938,-30.062,36.625,-0.0853,-0.1895,-0.9705,0.1215
1782303288109,29813,0.21021,0.31006,1.13062,1.19106,58.312,-23.688,35.375,-0.0868,-0.1931,-0.9694,0.1237
1782303288109,29813,0.17432,0.30518,1.11084,1.16511,60.312,-24.562,28.75,-0.0877,-0.1955,-0.9686,0.125
1782303288110,29814,0.55591,0.37451,1.13745,1.32026,68.438,-158.25,28.75,-0.1434,-0.2236,-0.9544,0.1353
1782303288170,29874,0.55591,0.37451,1.13745,1.32026,68.438,-158.25,28.75,-0.1434,-0.2236,-0.9544,0.1353
1782303288229,29933,0.56982,0.41357,1.16382,1.36023,73.188,-119.562,24.0,-0.1486,-0.2271,-0.9528,0.1356
1782303288230,29934,0.43799,0.60034,1.07642,1.30802,64.438,150.125,-59.688,-0.1682,-0.2443,-0.9463,0.1279
1782303288231,29935,0.4668,0.54175,0.82959,1.09527,18.125,9.312,-79.688,-0.1637,-0.2467,-0.9468,0.1248
1782303288293,29997,0.78638,0.66968,0.75977,1.28222,22.812,-17.75,-88.188,-0.1636,-0.2484,-0.9469,0.1213
1782303288293,29997,0.4082,0.43701,0.87573,1.06043,16.188,26.75,74.812,-0.1759,-0.2548,-0.9402,0.1412
1782303288294,29998,0.45093,0.38989,0.79346,0.99243,35.188,-25.625,56.125,-0.1947,-0.2594,-0.9299,0.1727
1782303288349,30053,0.48584,0.40869,0.75293,0.98487,34.312,-17.0,53.0,-0.1959,-0.2605,-0.929,0.1749
1782303288349,30053,0.43848,0.40942,0.77124,0.97709,31.188,-15.938,50.125,-0.1967,-0.2615,-0.9281,0.177
1782303288351,30055,0.52563,0.39648,0.79321,1.03086,17.0,11.0,33.25,-0.2008,-0.2663,-0.9226,0.1932
1782303288409,30113,0.52563,0.39648,0.79321,1.03086,17.0,11.0,33.25,-0.2008,-0.2663,-0.9226,0.1932
1782303288410,30114,0.45679,0.38623,0.70093,0.92148,12.438,-5.562,27.0,-0.2011,-0.2668,-0.922,0.1951
1782303288410,30114,0.57007,0.51245,0.80444,1.11118,-7.562,13.438,23.5,-0.2039,-0.2678,-0.9195,0.2024
1782303288470,30174,0.57837,0.49219,0.8501,1.13992,-18.5,29.562,31.062,-0.2033,-0.2663,-0.9197,0.2042
1782303288470,30174,0.55493,0.47974,0.82129,1.10119,-20.438,40.375,35.312,-0.2023,-0.2649,-0.9199,0.2058
1782303288470,30174,0.4187,0.28076,0.88843,1.02149,-4.938,144.938,24.562,-0.1713,-0.2513,-0.9257,0.2242
1782303288531,30235,0.40698,0.14185,0.91089,1.00771,2.875,179.188,11.688,-0.1649,-0.2493,-0.9268,0.2267
1782303288531,30235,0.24414,0.47607,0.96997,1.10774,-1.438,166.0,7.875,-0.1578,-0.2478,-0.9279,0.2288
1782303288531,30235,0.24414,0.47607,0.96997,1.10774,-1.438,166.0,7.875,-0.1578,-0.2478,-0.9279,0.2288
1782303288589,30293,0.29492,0.42578,0.83887,0.98588,4.25,88.25,4.875,-0.1231,-0.238,-0.9329,0.2399
1782303288649,30353,0.30225,0.38428,0.97363,1.08949,5.0,87.25,3.938,-0.1194,-0.2371,-0.9334,0.2411
1782303288649,30353,0.31982,0.38501,0.823,0.96325,-3.688,-9.062,27.812,-0.1096,-0.2339,-0.9327,0.2509
1782303288650,30354,0.34229,0.38672,0.91846,1.0537,-3.0,-11.875,25.438,-0.1103,-0.2337,-0.9325,0.2518
1782303288710,30414,0.30444,0.46851,0.80176,0.97724,-3.5,-17.312,27.625,-0.1112,-0.2338,-0.9321,0.2527
1782303288711,30415,0.32617,0.40015,0.69824,0.86836,-32.125,30.688,24.938,-0.1025,-0.2227,-0.9323,0.2654
1782303288711,30415,0.31543,0.34253,0.98486,1.08939,3.188,22.0,-1.25,-0.0854,-0.2028,-0.9368,0.2714
1782303288769,30473,0.29346,0.33081,0.93359,1.03303,2.938,28.312,-3.438,-0.0838,-0.2026,-0.937,0.2716
1782303288769,30473,0.21826,0.39844,0.90796,1.01527,3.125,32.75,1.875,-0.0825,-0.2024,-0.9371,0.2719
1782303288770,30474,0.21826,0.39844,0.90796,1.01527,3.125,32.75,1.875,-0.0825,-0.2024,-0.9371,0.2719
1782303288831,30535,0.21826,0.39844,0.90796,1.01527,3.125,32.75,1.875,-0.0825,-0.2024,-0.9371,0.2719
1782303288831,30535,0.34009,0.39575,0.86255,1.0081,7.188,-75.75,25.938,-0.0836,-0.1995,-0.9343,0.283
1782303288832,30536,-0.02393,0.18677,0.81323,0.83475,-48.688,174.375,31.375,-0.0696,-0.1848,-0.9359,0.2913
1782303288889,30593,0.07959,0.13354,1.12842,1.13908,-47.625,143.062,13.312,-0.064,-0.1807,-0.9365,0.2932
1782303288889,30593,0.10522,0.24585,1.17773,1.20771,-41.688,59.875,-2.812,-0.0614,-0.1779,-0.9371,0.2937
1782303288891,30595,0.20264,0.29272,0.92969,0.99552,-25.562,101.75,-7.688,-0.0362,-0.1571,-0.941,0.2971
1782303288949,30653,0.09937,0.27417,1.00635,1.04775,-23.625,91.188,-8.438,-0.0264,-0.1513,-0.942,0.2979
1782303288949,30653,0.01147,0.26367,1.0498,1.08247,-23.062,57.312,-8.938,-0.0223,-0.1485,-0.9426,0.298
1782303288950,30654,0.0293,0.26807,0.85596,0.89743,-11.938,86.625,0.875,-0.0063,-0.1389,-0.944,0.2988
1782303289009,30713,0.05566,0.26343,0.84546,0.8873,-16.0,97.562,0.875,-0.0027,-0.1371,-0.9441,0.2994
1782303289009,30713,0.0708,0.2688,0.87793,0.92088,-19.312,100.0,0.562,0.0009,-0.1351,-0.9442,0.3
1782303289010,30714,0.08496,0.35425,1.16528,1.2209,-27.0,12.062,24.0,0.0184,-0.1157,-0.9446,0.3063
1782303289075,30779,0.09058,0.3457,1.13135,1.18645,-23.438,-28.438,19.75,0.0172,-0.1149,-0.9444,0.3071
1782303289075,30779,0.10278,0.35205,1.09814,1.15777,-14.875,-45.812,23.688,0.0152,-0.1149,-0.9442,0.3078
1782303289075,30779,0.10278,0.35205,1.09814,1.15777,-14.875,-45.812,23.688,0.0152,-0.1149,-0.9442,0.3078
1782303289131,30835,0.06982,0.21436,0.97192,0.99773,4.812,-57.188,25.062,-0.0045,-0.1206,-0.9418,0.3133
1782303289131,30835,0.04541,0.18677,0.92505,0.94481,4.0,-68.938,19.625,-0.0112,-0.1232,-0.941,0.3146
1782303289131,30835,-0.03638,0.12012,0.5896,0.60281,-44.375,-50.062,22.562,-0.0385,-0.1275,-0.9382,0.3192
1782303289189,30893,-0.07373,0.16943,0.44995,0.48642,-67.0,-61.5,26.438,-0.0449,-0.1245,-0.9379,0.3203
1782303289191,30895,-0.03101,0.13818,0.44189,0.46403,-79.375,-62.688,30.812,-0.0485,-0.1222,-0.9378,0.321
1782303289191,30895,0.58276,-0.00732,1.53687,1.64366,-99.125,-255.688,26.938,-0.1131,-0.1034,-0.9331,0.3251
1782303289252,30956,0.57178,0.39893,2.05273,2.1679,-40.688,-381.375,1.25,-0.1276,-0.1062,-0.9315,0.3235
1782303289252,30956,0.77319,0.58716,1.92114,2.15253,2.875,-497.812,-0.188,-0.1464,-0.1127,-0.9287,0.3212
1782303289259,30963,0.23682,0.04395,0.98999,1.01887,-0.812,-150.438,-55.875,-0.2233,-0.1571,-0.9152,0.2961
1782303289309,31013,0.1748,0.01782,0.97461,0.99032,-3.562,-131.938,-45.562,-0.2282,-0.159,-0.9145,0.2933
1782303289309,31013,0.15234,-0.00049,0.96436,0.97631,0.625,-120.375,-35.688,-0.2326,-0.1607,-0.9138,0.2911
1782303289315,31019,0.5083,-0.10156,0.77832,0.93513,-4.875,-102.562,7.0,-0.2808,-0.1752,-0.9022,0.276
1782303289369,31073,0.55737,-0.06641,0.74414,0.93211,-9.125,-80.812,11.562,-0.2863,-0.1761,-0.9005,0.2754
1782303289369,31073,0.62939,-0.07397,0.76416,0.99275,-12.188,-71.562,7.625,-0.2894,-0.1763,-0.8995,0.2751
1782303289370,31074,0.19531,0.21167,0.33594,0.4425,-37.125,107.562,1.938,-0.2826,-0.1649,-0.9033,0.2769
1782303289431,31135,0.04419,0.29785,0.13867,0.33151,-68.125,139.562,34.938,-0.2761,-0.1591,-0.9059,0.2784
1782303289436,31140,0.06396,0.19604,0.13843,0.24837,-93.188,143.875,63.0,-0.272,-0.1534,-0.9075,0.2805
1782303289489,31193,0.23315,0.26758,0.36426,0.50857,4.125,-154.625,41.062,-0.2243,-0.119,-0.921,0.2951
1782303289491,31195,0.35034,0.177,0.87012,0.95455,10.062,100.812,83.562,-0.2192,-0.1176,-0.9197,0.3031
1782303289549,31253,0.45166,-0.16211,0.95776,1.07126,8.562,33.562,51.438,-0.2062,-0.1109,-0.9122,0.3358
1782303289549,31253,0.44653,-0.11108,0.96582,1.06983,6.375,28.562,36.312,-0.2051,-0.1103,-0.9119,0.3375
1782303289550,31254,0.44653,-0.11108,0.96582,1.06983,6.375,28.562,36.312,-0.2051,-0.1103,-0.9119,0.3375
1782303289610,31314,0.49805,0.06445,0.85107,0.9882,14.562,-70.5,14.562,-0.2158,-0.1179,-0.9048,0.3474
1782303289610,31314,0.53003,0.07349,0.83325,0.99027,13.125,-67.438,12.5,-0.2183,-0.1193,-0.9039,0.3476
1782303289610,31314,0.47803,0.07812,0.8772,1.00204,2.125,-14.188,0.688,-0.229,-0.1253,-0.9002,0.3483
1782303289669,31373,0.48975,0.07788,0.85913,0.99198,1.812,-13.5,1.0,-0.2296,-0.1256,-0.9,0.3483
1782303289670,31374,0.50024,0.08423,0.81274,0.95807,0.562,-6.375,0.312,-0.2301,-0.1259,-0.8998,0.3483
1782303289670,31374,0.46338,0.07886,0.86694,0.98617,-1.188,28.312,2.812,-0.2216,-0.1218,-0.9019,0.3497
1782303289730,31434,0.49634,0.05493,0.89258,1.02277,-2.438,27.688,1.062,-0.2206,-0.1212,-0.9022,0.35
1782303289730,31434,0.44775,0.09204,0.84424,0.96005,-1.938,30.25,-0.625,-0.2195,-0.1207,-0.9025,0.35
1782303289730,31434,0.41992,0.06323,0.89648,0.99198,-7.188,54.812,-1.375,-0.1973,-0.109,-0.9082,0.3524
1782303289792,31496,0.42017,0.07227,0.8938,0.99027,-7.188,55.75,-1.375,-0.1963,-0.1085,-0.9084,0.3525
1782303289792,31496,0.39209,0.05249,0.9104,0.99263,-7.062,62.125,1.562,-0.1929,-0.1067,-0.9092,0.3529
1782303289792,31496,0.38184,0.05908,0.93604,1.01265,-6.438,52.125,0.688,-0.1748,-0.0969,-0.9134,0.3543
1782303289851,31555,0.36768,0.06201,0.95581,1.02597,-6.375,48.562,-1.375,-0.1729,-0.096,-0.9138,0.3544
1782303289851,31555,0.33789,0.06274,0.97046,1.02951,-5.25,41.125,-1.0,-0.1704,-0.0946,-0.9144,0.3545
1782303289851,31555,0.3501,0.05322,0.95728,1.02067,0.75,-10.25,-0.75,-0.1669,-0.0927,-0.9152,0.3545
1782303289910,31614,0.35205,0.05664,0.95166,1.01627,1.0,-14.062,-1.062,-0.1674,-0.0929,-0.9151,0.3544
1782303289911,31615,0.35498,0.05688,0.94238,1.00863,1.562,-17.875,-1.062,-0.1683,-0.0934,-0.915,0.3543
1782303289911,31615,0.36646,0.06494,0.92627,0.99824,0.062,-6.812,-0.688,-0.1727,-0.0956,-0.9143,0.3535
1782303289969,31673,0.36792,0.06201,0.92822,1.0004,0.188,-6.812,-0.625,-0.1734,-0.0959,-0.9141,0.3533
1782303289971,31675,0.37036,0.06396,0.92261,0.99622,0.188,-6.0,-0.438,-0.1737,-0.0961,-0.9141,0.3533
1782303289974,31678,0.37549,0.0625,0.92163,0.99715,0.0,1.625,0.25,-0.1741,-0.0963,-0.914,0.3532
1782303290029,31733,0.37158,0.05957,0.91821,0.99234,-0.125,2.688,0.375,-0.174,-0.0963,-0.914,0.3532
1782303290030,31734,0.37793,0.06299,0.91846,0.99517,-0.375,5.0,0.375,-0.1738,-0.0962,-0.9141,0.3533
1782303290035,31739,0.36401,0.06494,0.9314,1.00211,-0.812,7.688,0.312,-0.1707,-0.0947,-0.9146,0.3537
1782303290090,31794,0.36011,0.06592,0.93213,1.00144,-0.75,7.25,0.25,-0.1704,-0.0946,-0.9147,0.3537
1782303290090,31794,0.3623,0.06299,0.9353,1.005,-0.812,6.438,0.188,-0.1702,-0.0945,-0.9147,0.3538
1782303290090,31794,0.36328,0.0603,0.93311,1.00314,0.0,-2.938,-0.188,-0.1696,-0.0942,-0.9149,0.3538
1782303290149,31853,0.3645,0.06104,0.92969,1.00045,0.125,-3.25,-0.125,-0.1697,-0.0943,-0.9148,0.3537
1782303290149,31853,0.36548,0.05859,0.92456,0.9959,0.188,-3.812,-0.438,-0.17,-0.0944,-0.9148,0.3537
1782303290150,31854,0.36743,0.06445,0.92285,0.9954,0.0,-2.188,-0.25,-0.1709,-0.095,-0.9146,0.3535
1782303290214,31918,0.36914,0.06689,0.92407,0.99732,0.0,-0.875,-0.188,-0.171,-0.095,-0.9146,0.3535
1782303290214,31918,0.37036,0.06201,0.92529,0.99859,-0.062,-0.375,-0.188,-0.171,-0.095,-0.9146,0.3534
1782303290215,31919,0.36157,0.06079,0.92896,0.99869,-0.125,3.312,0.188,-0.1702,-0.0947,-0.9148,0.3535
1782303290271,31975,0.3645,0.06055,0.9292,0.99997,-0.188,3.375,0.312,-0.1701,-0.0946,-0.9148,0.3535
1782303290273,31977,0.36475,0.06323,0.92944,1.00045,-0.062,3.188,0.188,-0.1699,-0.0946,-0.9149,0.3535
1782303290273,31977,0.36328,0.06274,0.92822,0.99875,-0.125,0.562,0.0,-0.1689,-0.0941,-0.915,0.3536
1782303290330,32034,0.35791,0.06201,0.92944,0.9979,0.0,0.25,0.0,-0.1688,-0.0941,-0.915,0.3536
1782303290335,32039,0.36279,0.0625,0.92969,0.99992,-0.062,0.312,-0.188,-0.1688,-0.0941,-0.915,0.3536
1782303290335,32039,0.35938,0.0603,0.92798,0.99696,0.062,-1.75,-0.188,-0.1688,-0.0943,-0.915,0.3536
1782303290392,32096,0.36353,0.06226,0.9314,1.00176,0.188,-1.562,0.0,-0.1688,-0.0943,-0.915,0.3535
1782303290393,32097,0.3623,0.06006,0.92822,0.99823,0.0,-1.188,-0.125,-0.1689,-0.0944,-0.915,0.3535
1782303290393,32097,0.36182,0.06104,0.9314,1.00107,0.0,0.938,-0.062,-0.1687,-0.0944,-0.9151,0.3535
1782303290452,32156,0.36401,0.06104,0.92822,0.99891,0.0,1.25,0.125,-0.1687,-0.0944,-0.9151,0.3535
1782303290452,32156,0.36377,0.06519,0.92944,1.00022,-0.062,1.188,-0.125,-0.1686,-0.0944,-0.9151,0.3535
1782303290453,32157,0.35913,0.06104,0.92871,0.9976,-0.25,1.688,0.125,-0.168,-0.0941,-0.9152,0.3536
1782303290509,32213,0.36011,0.05957,0.92944,0.99854,-0.062,1.375,0.0,-0.1679,-0.0941,-0.9152,0.3536
1782303290509,32213,0.36133,0.05981,0.92871,0.99832,-0.312,1.438,0.125,-0.1678,-0.0941,-0.9152,0.3536
1782303290510,32214,0.35669,0.06152,0.93115,0.99903,0.0,-0.625,0.0,-0.1673,-0.0939,-0.9154,0.3536
1782303290571,32275,0.36035,0.06079,0.92896,0.99825,0.0,-1.062,0.062,-0.1673,-0.0939,-0.9154,0.3536
1782303290571,32275,0.36035,0.06104,0.93091,1.00008,0.0,-0.938,-0.125,-0.1674,-0.0939,-0.9154,0.3536
1782303290571,32275,0.3645,0.06201,0.92773,0.9987,0.0,0.0,-0.062,-0.1675,-0.0941,-0.9154,0.3535
1782303290630,32334,0.35986,0.06006,0.92285,0.99235,0.0,0.5,0.0,-0.1674,-0.0941,-0.9154,0.3535
1782303290630,32334,0.36255,0.05957,0.93115,1.00102,-0.125,0.875,-0.062,-0.1674,-0.0941,-0.9154,0.3535
1782303290630,32334,0.35986,0.06592,0.93018,0.99954,0.0,0.188,0.062,-0.1668,-0.0939,-0.9155,0.3535
1782303290689,32393,0.35938,0.06152,0.92896,0.99794,-0.125,0.188,0.125,-0.1668,-0.0939,-0.9155,0.3535
1782303290689,32393,0.3623,0.05981,0.92993,0.99981,0.062,0.188,0.0,-0.1667,-0.0939,-0.9155,0.3535
1782303290690,32394,0.36084,0.05981,0.92798,0.99746,-0.188,0.812,0.0,-0.1663,-0.0939,-0.9156,0.3535
1782303290749,32453,0.36011,0.05908,0.92993,0.99897,0.0,0.625,0.0,-0.1662,-0.0939,-0.9156,0.3535
1782303290750,32454,0.3584,0.05957,0.93237,1.00066,0.0,0.875,0.0,-0.1661,-0.0939,-0.9156,0.3535
1782303290750,32454,0.36084,0.06104,0.93066,1.00003,-0.062,-0.562,0.0,-0.1658,-0.0939,-0.9157,0.3535
1782303290809,32513,0.36108,0.05811,0.92993,0.99927,0.125,-0.438,0.062,-0.1658,-0.0939,-0.9157,0.3535
1782303290809,32513,0.36182,0.06128,0.93359,1.00313,0.0,-0.5,0.0,-0.1658,-0.0939,-0.9157,0.3535
1782303290810,32514,0.36011,0.06445,0.93164,1.00089,0.0,0.625,0.0,-0.1654,-0.0939,-0.9158,0.3535
1782303290872,32576,0.3584,0.06079,0.93115,0.99959,-0.062,0.875,0.0,-0.1654,-0.0939,-0.9158,0.3535
1782303290872,32576,0.3584,0.0603,0.93042,0.99888,0.0,0.75,-0.062,-0.1653,-0.0938,-0.9158,0.3535
1782303290872,32576,0.35742,0.06104,0.92822,0.99653,-0.062,0.188,0.0,-0.1649,-0.0938,-0.9158,0.3535
1782303290936,32640,0.35864,0.06177,0.92749,0.99633,0.0,0.125,0.062,-0.1648,-0.0938,-0.9159,0.3535
1782303290937,32641,0.3623,0.05981,0.9314,1.00117,0.0,0.062,0.125,-0.1648,-0.0938,-0.9159,0.3535
1782303290939,32643,0.354,0.06445,0.92871,0.99598,0.0,-0.25,-0.125,-0.1645,-0.0938,-0.916,0.3535
1782303290992,32696,0.36011,0.06396,0.92773,0.99723,-0.125,0.0,-0.125,-0.1644,-0.0938,-0.916,0.3534
1782303290992,32696,0.35767,0.06421,0.93115,0.99955,0.0,0.438,0.0,-0.1644,-0.0938,-0.916,0.3534
1782303290993,32697,0.35791,0.05835,0.93115,0.99927,-0.062,0.375,-0.125,-0.1641,-0.0938,-0.916,0.3534
1782303291049,32753,0.3584,0.05811,0.92627,0.99489,0.0,0.312,0.188,-0.1641,-0.0938,-0.916,0.3534
1782303291049,32753,0.35938,0.05762,0.93018,0.99885,0.0,0.5,0.0,-0.1641,-0.0938,-0.916,0.3534
1782303291050,32754,0.35791,0.06519,0.92969,0.99833,0.0,-0.25,0.0,-0.1637,-0.0938,-0.9161,0.3534
1782303291112,32816,0.35693,0.06299,0.93237,1.00034,0.0,-0.125,-0.062,-0.1636,-0.0938,-0.9161,0.3534
1782303291113,32817,0.3606,0.06079,0.92896,0.99834,0.0,0.062,0.062,-0.1636,-0.0938,-0.9161,0.3534
1782303291119,32823,0.35645,0.06104,0.93237,1.00005,-0.188,0.375,-0.062,-0.1633,-0.0938,-0.9162,0.3533
1782303291172,32876,0.35693,0.05908,0.93115,0.99897,0.0,0.375,-0.125,-0.1632,-0.0937,-0.9162,0.3533
1782303291172,32876,0.35962,0.06177,0.9292,0.99827,0.0,0.312,-0.062,-0.1632,-0.0937,-0.9162,0.3533
1782303291172,32876,0.36035,0.06274,0.93164,1.00087,0.0,0.0,-0.188,-0.1629,-0.0937,-0.9163,0.3533
1782303291229,32933,0.36035,0.06274,0.93164,1.00087,0.0,0.0,-0.188,-0.1629,-0.0937,-0.9163,0.3533
1782303291230,32934,0.35693,0.06177,0.93018,0.99822,0.0,0.0,-0.062,-0.1629,-0.0937,-0.9163,0.3533
1782303291230,32934,0.35864,0.06152,0.93091,0.9995,0.0,0.562,0.0,-0.1626,-0.0938,-0.9163,0.3533
1782303291290,32994,0.36011,0.05859,0.93115,1.00008,0.0,0.812,0.0,-0.1625,-0.0937,-0.9163,0.3533
1782303291293,32997,0.35718,0.05493,0.92969,0.99745,0.0,0.75,0.0,-0.1625,-0.0937,-0.9164,0.3533
1782303291301,33005,0.35938,0.06421,0.93384,1.00266,-0.062,-0.25,-0.125,-0.1622,-0.0936,-0.9165,0.3533
1782303291349,33053,0.35913,0.0625,0.92993,0.99883,0.0,-0.438,-0.062,-0.1622,-0.0936,-0.9165,0.3533
1782303291349,33053,0.35669,0.06421,0.93262,1.00056,0.125,-0.25,0.188,-0.1622,-0.0937,-0.9165,0.3533
1782303291354,33058,0.35962,0.05811,0.93018,0.99896,0.0,0.562,0.062,-0.162,-0.0938,-0.9165,0.3533
1782303291409,33113,0.3562,0.05884,0.93091,0.99846,0.0,0.75,0.062,-0.1619,-0.0937,-0.9165,0.3533
1782303291409,33113,0.35986,0.06104,0.93164,1.00059,-0.125,0.75,-0.125,-0.1619,-0.0937,-0.9165,0.3533
1782303291410,33114,0.35645,0.06201,0.93359,1.00125,-0.062,-0.375,0.0,-0.1617,-0.0937,-0.9165,0.3533
1782303291475,33179,0.35742,0.06445,0.93066,0.99902,0.0,-0.438,-0.125,-0.1617,-0.0937,-0.9165,0.3533
1782303291476,33180,0.35645,0.06152,0.92822,0.99621,0.0,0.062,-0.125,-0.1617,-0.0938,-0.9165,0.3533
1782303291476,33180,0.35742,0.05908,0.93286,1.00074,0.0,0.625,0.0,-0.1614,-0.0936,-0.9166,0.3532
1782303291529,33233,0.35669,0.05933,0.93213,0.99981,0.0,0.5,0.062,-0.1613,-0.0936,-0.9166,0.3533
1782303291530,33234,0.35376,0.06006,0.93359,1.00018,0.0,0.375,0.0,-0.1613,-0.0936,-0.9166,0.3532
1782303291530,33234,0.35669,0.05957,0.93091,0.99868,0.0,-0.062,0.0,-0.1611,-0.0937,-0.9166,0.3532
1782303291589,33293,0.35693,0.06201,0.92969,0.99778,0.0,0.062,0.125,-0.1611,-0.0937,-0.9166,0.3532
1782303291589,33293,0.35767,0.06104,0.92993,0.99821,0.0,0.312,0.0,-0.1611,-0.0937,-0.9166,0.3532
1782303291591,33295,0.35522,0.06152,0.93091,0.99828,0.0,0.438,-0.25,-0.1608,-0.0936,-0.9167,0.3532
1782303291649,33353,0.35229,0.06006,0.93042,0.99669,0.0,0.25,0.0,-0.1608,-0.0936,-0.9168,0.3532
1782303291649,33353,0.3623,0.06323,0.93164,1.00161,0.0,0.188,0.25,-0.1608,-0.0937,-0.9168,0.3532
1782303291651,33355,0.35767,0.06299,0.93311,1.00129,-0.188,-0.25,-0.062,-0.1606,-0.0936,-0.9168,0.3532
1782303291709,33413,0.3562,0.05933,0.93188,0.9994,-0.188,0.0,-0.062,-0.1606,-0.0937,-0.9168,0.3532
1782303291711,33415,0.35693,0.06274,0.93115,0.99919,0.0,0.125,0.0,-0.1606,-0.0937,-0.9168,0.3532
1782303291711,33415,0.35645,0.05957,0.93359,1.0011,0.0,0.0,0.0,-0.1603,-0.0936,-0.9168,0.3532
1782303291769,33473,0.35815,0.05884,0.92896,0.99734,-0.062,0.0,-0.062,-0.1603,-0.0936,-0.9168,0.3532
1782303291769,33473,0.35742,0.05811,0.93433,1.00204,0.0,0.188,0.188,-0.1603,-0.0936,-0.9168,0.3532
1782303291770,33474,0.35742,0.05811,0.93433,1.00204,0.0,0.188,0.188,-0.1603,-0.0936,-0.9168,0.3532
1782303291834,33538,0.35742,0.05811,0.93433,1.00204,0.0,0.188,0.188,-0.1603,-0.0936,-0.9168,0.3532
1782303291834,33538,0.35938,0.06201,0.93066,0.99957,0.0,0.188,0.062,-0.1602,-0.0936,-0.9169,0.3531
1782303291835,33539,0.3562,0.06177,0.92993,0.99773,-0.062,0.312,0.0,-0.16,-0.0936,-0.9169,0.3531
1782303291891,33595,0.35547,0.06006,0.93091,0.99828,0.0,0.188,0.125,-0.1599,-0.0936,-0.9169,0.3531
1782303291891,33595,0.3562,0.05957,0.93066,0.99828,0.0,0.125,0.062,-0.1599,-0.0936,-0.9169,0.3531
1782303291891,33595,0.35742,0.06079,0.93115,0.99925,0.0,0.0,-0.062,-0.1598,-0.0936,-0.9169,0.353
1782303291950,33654,0.35669,0.06006,0.93262,1.0003,0.0,0.125,-0.062,-0.1598,-0.0936,-0.9169,0.353
1782303291950,33654,0.35278,0.0625,0.93481,1.00112,-0.125,0.25,-0.125,-0.1597,-0.0936,-0.9169,0.353
1782303291951,33655,0.35938,0.05908,0.93115,0.99984,0.0,0.375,0.062,-0.1596,-0.0936,-0.917,0.353
1782303292009,33713,0.35498,0.06177,0.93091,0.99821,0.0,0.562,-0.125,-0.1595,-0.0936,-0.917,0.353
1782303292009,33713,0.35278,0.05981,0.93457,1.00073,0.0,0.312,0.0,-0.1595,-0.0936,-0.917,0.353
1782303292010,33714,0.35596,0.06323,0.9314,0.9991,-0.125,0.0,0.25,-0.1594,-0.0935,-0.9171,0.353
1782303292071,33775,0.35693,0.06226,0.93652,1.00417,0.062,0.125,-0.125,-0.1594,-0.0936,-0.9171,0.353
1782303292071,33775,0.35449,0.06201,0.93066,0.99782,0.0,0.0,0.0,-0.1594,-0.0935,-0.9171,0.353
1782303292071,33775,0.3562,0.06006,0.93018,0.99785,0.062,0.188,0.0,-0.1593,-0.0936,-0.9171,0.353
1782303292132,33836,0.35767,0.05884,0.9314,0.99944,-0.062,0.25,0.0,-0.1592,-0.0936,-0.9171,0.353
1782303292132,33836,0.35767,0.0603,0.92969,0.99794,0.0,0.312,-0.062,-0.1592,-0.0935,-0.9171,0.353
1782303292133,33837,0.35767,0.0603,0.92969,0.99794,0.0,0.312,-0.062,-0.1592,-0.0935,-0.9171,0.353
1782303292188,33892,0.35327,0.05957,0.93115,0.99769,0.0,0.125,0.0,-0.159,-0.0935,-0.9171,0.353
1782303292189,33893,0.35547,0.05908,0.93262,0.99981,-0.062,0.062,-0.062,-0.159,-0.0935,-0.9171,0.353
1782303292190,33894,0.35547,0.05908,0.93262,0.99981,-0.062,0.062,-0.062,-0.159,-0.0935,-0.9171,0.353
1782303292250,33954,0.35693,0.05762,0.93188,0.99957,0.0,0.125,0.062,-0.1589,-0.0935,-0.9171,0.353
1782303292250,33954,0.35645,0.05688,0.93384,1.00117,-0.188,0.312,-0.062,-0.1589,-0.0935,-0.9171,0.353
1782303292250,33954,0.35522,0.06055,0.93213,0.99936,0.0,0.25,0.0,-0.1588,-0.0935,-0.9172,0.353
1782303292311,34015,0.35474,0.06152,0.93286,0.99993,0.0,0.25,0.062,-0.1588,-0.0935,-0.9172,0.353
1782303292311,34015,0.35229,0.05957,0.93286,0.99894,0.0,0.125,0.062,-0.1587,-0.0935,-0.9172,0.353
1782303292311,34015,0.35229,0.05957,0.93286,0.99894,0.0,0.125,0.062,-0.1587,-0.0935,-0.9172,0.353
1782303292369,34073,0.3562,0.05835,0.9314,0.99889,0.0,0.562,-0.125,-0.1587,-0.0935,-0.9172,0.353
1782303292370,34074,0.3562,0.05859,0.93311,1.0005,0.0,0.688,-0.062,-0.1586,-0.0935,-0.9172,0.353
1782303292370,34074,0.35449,0.05835,0.93311,0.99988,0.0,-0.25,-0.125,-0.1585,-0.0934,-0.9172,0.353
1782303292432,34136,0.35522,0.05908,0.93188,0.99904,0.0,-0.5,0.0,-0.1585,-0.0934,-0.9172,0.353
1782303292434,34138,0.36035,0.06299,0.9292,0.99862,0.25,-0.375,0.0,-0.1585,-0.0934,-0.9172,0.353
1782303292434,34138,0.35376,0.05884,0.92871,0.99555,0.062,-0.062,0.25,-0.1585,-0.0935,-0.9172,0.3529
1782303292490,34194,0.35498,0.05884,0.93018,0.99735,0.0,0.0,0.062,-0.1585,-0.0935,-0.9172,0.3529
1782303292490,34194,0.35742,0.06152,0.9314,0.99952,0.125,0.375,0.125,-0.1585,-0.0935,-0.9172,0.3529
1782303292490,34194,0.35229,0.0603,0.93457,1.00058,0.0,0.25,0.0,-0.1583,-0.0935,-0.9172,0.3529
1782303292552,34256,0.35547,0.05786,0.93579,1.0027,0.0,0.0,0.0,-0.1583,-0.0935,-0.9173,0.3529
1782303292553,34257,0.35449,0.06079,0.93286,0.9998,0.0,0.0,0.0,-0.1583,-0.0935,-0.9173,0.3529
1782303292553,34257,0.35669,0.05835,0.92847,0.99633,0.125,-0.188,0.0,-0.1583,-0.0935,-0.9173,0.3529
1782303292609,34313,0.35449,0.06323,0.93213,0.99926,0.062,-0.188,0.0,-0.1583,-0.0935,-0.9173,0.3529
1782303292609,34313,0.35571,0.06152,0.92993,0.99754,0.0,0.062,-0.062,-0.1583,-0.0935,-0.9173,0.3529
1782303292610,34314,0.35571,0.06152,0.92993,0.99754,0.0,0.062,-0.062,-0.1583,-0.0935,-0.9173,0.3529
1782303292671,34375,0.35425,0.05835,0.93286,0.99956,0.0,-0.125,-0.062,-0.1582,-0.0935,-0.9173,0.3529
1782303292674,34378,0.35107,0.0603,0.93555,1.00107,0.0,0.0,0.0,-0.1581,-0.0935,-0.9173,0.3529
1782303292674,34378,0.35107,0.06152,0.93188,0.99772,0.0,0.188,0.188,-0.1581,-0.0934,-0.9173,0.3529
1782303292729,34433,0.35327,0.06226,0.9314,0.99809,0.0,0.062,0.0,-0.1581,-0.0934,-0.9173,0.3529
1782303292730,34434,0.35547,0.05933,0.93408,1.00119,0.0,0.0,0.0,-0.1581,-0.0934,-0.9173,0.3529
1782303292732,34436,0.35498,0.06226,0.93457,1.00165,0.0,0.188,0.0,-0.158,-0.0934,-0.9174,0.3529
1782303292789,34493,0.35498,0.06226,0.93457,1.00165,0.0,0.188,0.0,-0.158,-0.0934,-0.9174,0.3529
1782303292789,34493,0.35083,0.06177,0.9314,0.99719,0.0,0.188,0.0,-0.158,-0.0934,-0.9174,0.3529
1782303292790,34494,0.35767,0.05786,0.92969,0.99779,-0.062,0.062,0.062,-0.158,-0.0934,-0.9174,0.3529
1782303292849,34553,0.35327,0.05859,0.9314,0.99786,0.0,0.062,0.0,-0.158,-0.0933,-0.9174,0.3529
1782303292849,34553,0.35376,0.05762,0.93335,0.9998,0.0,0.062,0.0,-0.158,-0.0933,-0.9174,0.3529
1782303292850,34554,0.35449,0.06299,0.93359,1.00061,0.0,0.0,0.125,-0.1579,-0.0933,-0.9174,0.3529
1782303292909,34613,0.35449,0.06299,0.93359,1.00061,0.0,0.0,0.125,-0.1579,-0.0933,-0.9174,0.3529
1782303292909,34613,0.354,0.06372,0.9292,0.99639,-0.125,0.0,-0.062,-0.1579,-0.0933,-0.9174,0.3529
1782303292910,34614,0.35645,0.06006,0.93091,0.99862,0.0,0.438,0.062,-0.1578,-0.0933,-0.9174,0.3529
1782303292972,34676,0.35498,0.05859,0.93628,1.00303,0.0,0.562,-0.062,-0.1578,-0.0933,-0.9174,0.3529
1782303292972,34676,0.35303,0.05713,0.92944,0.99587,0.125,0.375,0.0,-0.1578,-0.0933,-0.9174,0.3529
1782303292973,34677,0.35156,0.0603,0.93066,0.99668,0.0,-0.375,0.0,-0.1577,-0.0933,-0.9174,0.3529
1782303293033,34737,0.35571,0.05933,0.93115,0.99855,0.0,-0.312,0.188,-0.1578,-0.0933,-0.9174,0.3529
1782303293033,34737,0.35498,0.06055,0.93188,0.99904,0.0,-0.188,0.0,-0.1578,-0.0933,-0.9174,0.3529
1782303293033,34737,0.35669,0.06226,0.93066,0.99862,-0.125,0.125,-0.062,-0.1578,-0.0933,-0.9174,0.3528
1782303293089,34793,0.35547,0.06201,0.92993,0.99749,0.062,0.562,0.125,-0.1578,-0.0933,-0.9174,0.3529
1782303293090,34794,0.35693,0.06055,0.93164,0.99951,-0.125,0.375,-0.062,-0.1577,-0.0933,-0.9174,0.3529
1782303293090,34794,0.35229,0.05908,0.93237,0.99846,0.0,0.0,0.0,-0.1576,-0.0933,-0.9174,0.3529
1782303293150,34854,0.35449,0.06006,0.93433,1.00112,0.0,-0.062,0.125,-0.1575,-0.0933,-0.9174,0.3529
1782303293150,34854,0.35669,0.06079,0.93262,1.00035,0.0,-0.125,0.0,-0.1575,-0.0933,-0.9174,0.3529
1782303293151,34855,0.35474,0.06226,0.93115,0.99838,0.0,-0.125,-0.062,-0.1577,-0.0933,-0.9174,0.3528
1782303293209,34913,0.35596,0.06396,0.93164,0.99938,-0.125,0.0,0.0,-0.1577,-0.0934,-0.9174,0.3528
1782303293209,34913,0.35229,0.06201,0.93311,0.99932,0.0,0.125,0.0,-0.1577,-0.0933,-0.9174,0.3528
1782303293210,34914,0.35229,0.06201,0.93311,0.99932,0.0,0.125,0.0,-0.1577,-0.0933,-0.9174,0.3528
1782303293269,34973,0.35498,0.06006,0.93457,1.00152,0.0,0.0,0.125,-0.1575,-0.0933,-0.9175,0.3528
1782303293271,34975,0.35303,0.0603,0.93237,0.99879,0.0,-0.125,0.0,-0.1575,-0.0933,-0.9175,0.3528
1782303293273,34977,0.35449,0.06055,0.93311,1.00001,0.25,-0.375,0.125,-0.1575,-0.0933,-0.9175,0.3528
1782303293335,35039,0.35352,0.06104,0.93726,1.00357,0.125,-1.312,0.375,-0.1575,-0.0933,-0.9175,0.3528
1782303293335,35039,0.35596,0.05835,0.9397,1.00655,0.188,-2.438,0.0,-0.1576,-0.0933,-0.9174,0.3528
1782303293335,35039,0.35327,0.05981,0.93628,1.0025,0.188,-1.75,0.0,-0.1577,-0.0933,-0.9175,0.3528
1782303293388,35092,0.35913,0.06372,0.92505,0.99436,0.188,-1.875,0.0,-0.1578,-0.0935,-0.9174,0.3527
1782303293389,35093,0.35938,0.06104,0.92554,0.99473,0.0,-0.75,0.0,-0.1578,-0.0935,-0.9174,0.3527
1782303293390,35094,0.35742,0.05835,0.93188,0.99978,-0.062,-0.375,0.0,-0.1577,-0.0933,-0.9175,0.3528
1782303293450,35154,0.35645,0.05762,0.92896,0.99666,0.0,-0.188,0.0,-0.1577,-0.0933,-0.9175,0.3528
1782303293450,35154,0.35791,0.06006,0.92847,0.99687,0.0,0.188,0.0,-0.1577,-0.0933,-0.9175,0.3528
1782303293450,35154,0.35718,0.06274,0.93042,0.9986,0.062,-0.438,0.062,-0.1577,-0.0933,-0.9174,0.3527
1782303293510,35214,0.35791,0.06323,0.93066,0.99912,-0.125,-0.062,0.0,-0.1578,-0.0933,-0.9174,0.3527
1782303293511,35215,0.35352,0.06177,0.93262,0.99928,-0.188,-0.062,0.0,-0.1578,-0.0934,-0.9174,0.3527
1782303293511,35215,0.35449,0.05835,0.93384,1.00056,-0.062,0.875,0.0,-0.1576,-0.0933,-0.9175,0.3527
1782303293569,35273,0.354,0.0564,0.93384,1.00028,0.062,0.188,0.125,-0.1575,-0.0933,-0.9175,0.3527
1782303293569,35273,0.35352,0.05884,0.93433,1.0007,-0.188,0.25,0.062,-0.1575,-0.0933,-0.9175,0.3527
1782303293570,35274,0.35352,0.05884,0.93433,1.0007,-0.188,0.25,0.062,-0.1575,-0.0933,-0.9175,0.3527
1782303293634,35338,0.35498,0.06421,0.92993,0.99745,0.0,-0.75,0.0,-0.1577,-0.0933,-0.9175,0.3527
1782303293634,35338,0.35474,0.06274,0.93091,0.99818,-0.125,-0.625,-0.062,-0.1577,-0.0933,-0.9175,0.3527
1782303293635,35339,0.35376,0.06152,0.93335,1.00004,0.0,0.688,0.0,-0.1575,-0.0933,-0.9175,0.3527
1782303293692,35396,0.35498,0.05908,0.93115,0.99827,-0.25,0.625,0.0,-0.1575,-0.0933,-0.9175,0.3527
1782303293692,35396,0.35376,0.05908,0.93408,1.00057,-0.062,0.312,0.0,-0.1575,-0.0932,-0.9175,0.3527
1782303293692,35396,0.35571,0.06104,0.92896,0.9966,0.0,-0.438,0.0,-0.1576,-0.0933,-0.9175,0.3527
1782303293749,35453,0.35645,0.06128,0.92993,0.99779,0.0,-0.312,-0.062,-0.1577,-0.0933,-0.9175,0.3527
1782303293749,35453,0.35425,0.06177,0.93237,0.99931,0.0,-0.125,-0.125,-0.1577,-0.0933,-0.9175,0.3527
1782303293751,35455,0.35449,0.06104,0.93359,1.00049,0.0,0.25,0.0,-0.1575,-0.0933,-0.9175,0.3527
1782303293809,35513,0.35571,0.06006,0.93188,0.99927,0.0,0.25,0.0,-0.1575,-0.0933,-0.9175,0.3527
1782303293809,35513,0.35181,0.06128,0.93579,1.00161,-0.062,-0.062,0.0,-0.1575,-0.0933,-0.9176,0.3527
1782303293810,35514,0.35376,0.05957,0.93115,0.99787,0.0,0.0,0.188,-0.1576,-0.0933,-0.9175,0.3527
1782303293871,35575,0.35767,0.06201,0.93164,0.99986,0.0,0.125,-0.062,-0.1576,-0.0933,-0.9175,0.3527
1782303293882,35586,0.35718,0.05981,0.93042,0.99842,0.0,0.312,0.062,-0.1576,-0.0933,-0.9175,0.3527
1782303293882,35586,0.35229,0.06079,0.93311,0.99925,0.0,0.062,0.125,-0.1575,-0.0933,-0.9176,0.3527
1782303293929,35633,0.35474,0.06201,0.93335,1.00041,0.0,-0.062,0.0,-0.1575,-0.0933,-0.9176,0.3527
1782303293929,35633,0.35522,0.06201,0.93311,1.00036,0.0,0.0,0.0,-0.1574,-0.0933,-0.9176,0.3527
1782303293930,35634,0.35547,0.05762,0.93335,1.00041,-0.125,0.125,0.125,-0.1574,-0.0933,-0.9176,0.3527
1782303293989,35693,0.35303,0.05713,0.92944,0.99587,0.0,0.438,0.0,-0.1574,-0.0933,-0.9176,0.3527
1782303293989,35693,0.354,0.05518,0.9314,0.99793,0.0,0.312,0.0,-0.1574,-0.0932,-0.9176,0.3527
1782303293990,35694,0.35449,0.06348,0.93286,0.99996,0.0,-0.125,-0.062,-0.1574,-0.0933,-0.9176,0.3527
1782303294049,35753,0.35352,0.06372,0.93286,0.99963,0.0,-0.062,-0.125,-0.1574,-0.0933,-0.9176,0.3527
1782303294049,35753,0.35571,0.06348,0.93213,0.99971,0.0,0.062,0.062,-0.1574,-0.0933,-0.9176,0.3527
1782303294050,35754,0.35352,0.05884,0.93359,1.00002,0.0,0.688,0.0,-0.1573,-0.0932,-0.9176,0.3527
1782303294109,35813,0.35254,0.05835,0.93701,1.00284,0.0,0.438,-0.125,-0.1572,-0.0932,-0.9176,0.3527
1782303294113,35817,0.35229,0.05737,0.93604,1.00178,0.0,0.25,-0.062,-0.1572,-0.0932,-0.9176,0.3527
1782303294113,35817,0.35498,0.06323,0.9314,0.99875,0.0,-0.125,-0.062,-0.1573,-0.0933,-0.9176,0.3527
1782303294168,35872,0.35132,0.06372,0.93091,0.99703,0.0,0.0,0.062,-0.1573,-0.0933,-0.9176,0.3527
1782303294169,35873,0.35059,0.0603,0.93335,0.99884,0.0,0.25,0.0,-0.1573,-0.0933,-0.9176,0.3527
1782303294170,35874,0.35059,0.0603,0.93335,0.99884,0.0,0.25,0.0,-0.1573,-0.0933,-0.9176,0.3527
1782303294233,35937,0.35571,0.05811,0.93115,0.99848,0.0,0.5,0.125,-0.1572,-0.0932,-0.9176,0.3527
1782303294233,35937,0.35522,0.05811,0.93335,1.00035,0.0,0.375,-0.062,-0.1572,-0.0932,-0.9176,0.3527
1782303294233,35937,0.35645,0.0625,0.93213,0.99991,0.0,0.0,0.062,-0.1572,-0.0932,-0.9176,0.3527
1782303294290,35994,0.35498,0.06177,0.93188,0.99912,-0.062,0.312,0.188,-0.1572,-0.0933,-0.9176,0.3527
1782303294296,36000,0.35181,0.05981,0.93311,0.99902,-0.188,0.375,0.0,-0.1572,-0.0932,-0.9176,0.3527
1782303294297,36001,0.35376,0.05957,0.93384,1.00037,0.0,-0.188,-0.125,-0.1571,-0.0932,-0.9176,0.3527
1782303294354,36058,0.35156,0.0603,0.93237,0.99827,0.0,-0.188,0.062,-0.1571,-0.0932,-0.9176,0.3527
1782303294354,36058,0.35327,0.06372,0.92896,0.9959,0.0,-0.438,0.062,-0.1571,-0.0932,-0.9176,0.3527
1782303294354,36058,0.35449,0.05884,0.92969,0.99672,-0.125,0.125,0.062,-0.1571,-0.0932,-0.9176,0.3526
1782303294409,36113,0.35132,0.06323,0.93018,0.99632,0.062,-0.062,0.0,-0.1571,-0.0932,-0.9176,0.3526
1782303294409,36113,0.35449,0.06226,0.93213,0.9992,-0.062,0.0,-0.062,-0.1571,-0.0932,-0.9176,0.3526
1782303294410,36114,0.35156,0.05688,0.93481,1.00036,0.0,0.188,0.0,-0.1571,-0.0932,-0.9176,0.3526
1782303294471,36175,0.35498,0.05664,0.93188,0.99881,-0.062,0.0,0.062,-0.1571,-0.0932,-0.9176,0.3526
1782303294471,36175,0.35156,0.0564,0.92847,0.9944,0.188,0.062,0.0,-0.1571,-0.0932,-0.9176,0.3526
1782303294471,36175,0.34741,0.06421,0.93506,0.99958,-0.125,0.312,0.062,-0.1569,-0.0932,-0.9177,0.3526
1782303294532,36236,0.34814,0.06055,0.93384,0.99846,0.0,0.5,0.0,-0.1569,-0.0932,-0.9177,0.3526
1782303294532,36236,0.3479,0.05957,0.93652,1.00083,0.0,0.0,0.188,-0.1569,-0.0931,-0.9177,0.3527
1782303294532,36236,0.36304,0.05835,0.92871,0.99885,0.0,-0.312,0.0,-0.1572,-0.0933,-0.9176,0.3527
1782303294589,36293,0.35864,0.06104,0.93018,0.99879,0.0,0.0,-0.062,-0.1573,-0.0933,-0.9176,0.3527
1782303294589,36293,0.35498,0.06055,0.92676,0.99426,0.062,0.5,0.0,-0.1573,-0.0933,-0.9176,0.3527
1782303294590,36294,0.34253,0.06226,0.93628,0.99891,0.0,0.062,0.062,-0.1569,-0.0931,-0.9177,0.3527
1782303294652,36356,0.34497,0.05664,0.93457,0.99781,0.0,0.0,0.25,-0.1569,-0.0931,-0.9177,0.3527
1782303294652,36356,0.35156,0.06104,0.93213,0.99809,0.0,-0.562,0.062,-0.1569,-0.0931,-0.9177,0.3527
1782303294658,36362,0.36157,0.06128,0.93286,1.00236,0.0,-0.062,-0.188,-0.1571,-0.0931,-0.9176,0.3527
1782303294710,36414,0.36133,0.06055,0.92847,0.99814,0.0,0.0,-0.312,-0.1571,-0.0932,-0.9176,0.3527
1782303294710,36414,0.3562,0.05713,0.93042,0.99791,0.0,0.062,0.0,-0.1571,-0.0932,-0.9176,0.3527
1782303294717,36421,0.34644,0.06055,0.93481,0.99878,0.0,-0.375,0.188,-0.1569,-0.093,-0.9177,0.3527
1782303294769,36473,0.34619,0.06006,0.93652,1.00027,0.0,-0.375,0.125,-0.1569,-0.093,-0.9177,0.3527
1782303294769,36473,0.35474,0.06006,0.93188,0.99893,0.0,-0.5,0.0,-0.157,-0.093,-0.9177,0.3527
1782303294769,36473,0.35693,0.06494,0.93213,1.00024,0.0,0.625,0.062,-0.1571,-0.0932,-0.9176,0.3527
1782303294833,36537,0.35669,0.06177,0.93237,1.00018,-0.062,0.875,0.125,-0.1571,-0.0932,-0.9176,0.3527
1782303294833,36537,0.3562,0.06274,0.92993,0.99779,0.0,0.875,0.062,-0.1571,-0.0932,-0.9176,0.3527
1782303294834,36538,0.35449,0.05078,0.93652,1.00266,0.0,-1.5,0.125,-0.1567,-0.0928,-0.9177,0.3527
1782303294889,36593,0.35913,0.052,0.92993,0.99822,0.125,-2.188,0.0,-0.1569,-0.093,-0.9177,0.3527
1782303294889,36593,0.36084,0.05469,0.9292,0.9983,0.312,-2.125,0.0,-0.157,-0.093,-0.9176,0.3527
1782303294889,36593,0.354,0.06909,0.92896,0.99652,0.0,0.875,-0.188,-0.1572,-0.0932,-0.9176,0.3526
1782303294956,36660,0.35156,0.07178,0.93311,0.99972,0.0,1.438,-0.062,-0.1572,-0.0932,-0.9176,0.3526
1782303294956,36660,0.34814,0.06543,0.93237,0.9974,0.0,1.812,0.125,-0.1571,-0.0932,-0.9176,0.3527
1782303294958,36662,0.35107,0.0564,0.93311,0.99856,0.0,0.438,0.188,-0.1567,-0.0929,-0.9177,0.3527
1782303295008,36712,0.35742,0.05713,0.93286,1.00062,0.0,0.0,0.062,-0.1567,-0.0929,-0.9177,0.3527
1782303295009,36713,0.35938,0.05371,0.93286,1.00113,0.188,-0.125,0.125,-0.1567,-0.0929,-0.9177,0.3527
1782303295010,36714,0.354,0.06592,0.93506,1.002,0.0,-0.062,-0.062,-0.1569,-0.0931,-0.9176,0.3527
1782303295075,36779,0.354,0.06592,0.93506,1.002,0.0,-0.062,-0.062,-0.1569,-0.0931,-0.9176,0.3527
1782303295075,36779,0.3479,0.06763,0.93555,1.00043,0.0,-0.062,0.0,-0.1569,-0.0931,-0.9176,0.3527
1782303295076,36780,0.35498,0.05811,0.9353,1.00209,0.062,-0.062,0.062,-0.1569,-0.0932,-0.9177,0.3527
1782303295129,36833,0.35669,0.05884,0.93311,1.00069,0.0,-0.062,0.125,-0.1569,-0.0932,-0.9176,0.3527
1782303295130,36834,0.35767,0.05664,0.93286,1.00068,0.0,0.0,0.062,-0.1569,-0.0932,-0.9176,0.3527
1782303295130,36834,0.35303,0.06226,0.93115,0.99777,0.0,0.625,0.25,-0.1568,-0.093,-0.9177,0.3527
1782303295188,36892,0.35352,0.0603,0.93433,1.00079,0.0,0.5,0.0,-0.1568,-0.093,-0.9177,0.3527
1782303295189,36893,0.35059,0.06372,0.93481,1.00042,-0.062,0.188,0.0,-0.1567,-0.093,-0.9177,0.3527
1782303295189,36893,0.35303,0.06079,0.93018,0.99677,0.0,-0.562,0.125,-0.1569,-0.0931,-0.9176,0.3527
1782303295250,36954,0.354,0.06152,0.93237,0.99921,0.312,-0.25,0.062,-0.1569,-0.0932,-0.9176,0.3527
1782303295250,36954,0.35327,0.05762,0.93262,0.99895,0.0,-0.062,0.0,-0.1569,-0.0931,-0.9176,0.3527
1782303295251,36955,0.35425,0.05859,0.93164,0.99844,-0.188,0.312,-0.188,-0.1569,-0.0931,-0.9177,0.3527
1782303295312,37016,0.35254,0.05957,0.93262,0.9988,0.0,0.062,0.0,-0.1569,-0.093,-0.9177,0.3527
1782303295312,37016,0.35254,0.05908,0.93213,0.99832,0.0,-0.062,-0.062,-0.1568,-0.093,-0.9177,0.3527
1782303295312,37016,0.35449,0.05981,0.9314,0.99837,0.0,-0.125,0.062,-0.157,-0.0931,-0.9176,0.3527
1782303295372,37076,0.35449,0.05981,0.9314,0.99837,0.0,-0.125,0.062,-0.157,-0.0931,-0.9176,0.3527
1782303295374,37078,0.35474,0.05981,0.93042,0.99755,0.062,0.0,0.062,-0.157,-0.0931,-0.9176,0.3527
1782303295374,37078,0.35278,0.06445,0.93335,0.99988,-0.125,0.25,0.0,-0.1568,-0.093,-0.9177,0.3527
1782303295429,37133,0.35522,0.05811,0.93384,1.00081,0.0,0.125,0.125,-0.1568,-0.093,-0.9177,0.3527
1782303295429,37133,0.35278,0.06006,0.93262,0.99892,0.0,0.062,0.0,-0.1568,-0.093,-0.9177,0.3527
1782303295430,37134,0.35327,0.06226,0.93091,0.99763,0.0,-0.5,0.0,-0.1569,-0.0931,-0.9176,0.3527
1782303295491,37195,0.3562,0.05933,0.93237,0.99986,0.0,-0.312,0.062,-0.157,-0.0931,-0.9176,0.3527
1782303295491,37195,0.35278,0.06128,0.93311,0.99945,0.0,-0.062,0.062,-0.157,-0.0931,-0.9176,0.3527
1782303295494,37198,0.35327,0.06177,0.92896,0.99578,0.062,0.125,0.062,-0.1569,-0.0931,-0.9177,0.3527
1782303295549,37253,0.35547,0.05908,0.93164,0.9989,0.0,0.062,0.062,-0.1569,-0.0931,-0.9177,0.3527
1782303295550,37254,0.35571,0.06152,0.92969,0.99731,0.0,0.062,0.0,-0.1569,-0.0931,-0.9176,0.3527
1782303295550,37254,0.35278,0.06201,0.9314,0.9979,0.0,-0.312,-0.062,-0.1569,-0.0931,-0.9176,0.3527
1782303295608,37312,0.3562,0.05542,0.93359,1.00077,0.062,0.0,0.0,-0.1569,-0.0931,-0.9176,0.3527
1782303295609,37313,0.35425,0.06079,0.93359,1.00039,0.0,0.125,0.125,-0.1569,-0.0931,-0.9176,0.3527
1782303295611,37315,0.35669,0.06519,0.93213,1.00017,0.188,0.125,0.062,-0.1568,-0.0931,-0.9177,0.3527
1782303295669,37373,0.35718,0.06201,0.93457,1.00242,0.0,-0.25,0.125,-0.1568,-0.0931,-0.9177,0.3527
1782303295670,37374,0.35303,0.05981,0.93115,0.99762,-0.062,-0.312,0.188,-0.1568,-0.0931,-0.9176,0.3527
1782303295670,37374,0.35156,0.0603,0.93213,0.99805,0.0,0.0,-0.062,-0.1569,-0.0931,-0.9176,0.3527
1782303295728,37432,0.35156,0.0603,0.93213,0.99805,0.0,0.0,-0.062,-0.1569,-0.0931,-0.9176,0.3527
1782303295738,37442,0.35522,0.05933,0.93237,0.99951,0.125,-0.062,0.062,-0.1569,-0.0931,-0.9176,0.3527
1782303295739,37443,0.35522,0.05908,0.93213,0.99927,0.0,0.188,0.0,-0.1568,-0.0931,-0.9177,0.3527
1782303295788,37492,0.35522,0.05908,0.93213,0.99927,0.0,0.188,0.0,-0.1568,-0.0931,-0.9177,0.3527
1782303295789,37493,0.35303,0.05981,0.93286,0.99922,0.0,0.125,0.0,-0.1568,-0.0931,-0.9177,0.3527
1782303295789,37493,0.35498,0.05908,0.9314,0.9985,0.062,-0.188,0.0,-0.1569,-0.0931,-0.9176,0.3527
1782303295857,37561,0.35254,0.06152,0.93188,0.99824,0.0,-0.062,0.0,-0.1569,-0.0931,-0.9176,0.3527
1782303295918,37622,0.35205,0.05884,0.93188,0.9979,0.0,0.25,0.0,-0.1569,-0.0931,-0.9176,0.3527
1782303295918,37622,0.354,0.05957,0.93164,0.99841,0.125,-0.062,0.188,-0.1568,-0.093,-0.9177,0.3527
1782303295918,37622,0.35303,0.05981,0.93115,0.99762,0.0,-0.438,0.0,-0.1568,-0.093,-0.9177,0.3527
1782303295971,37675,0.35376,0.06299,0.93018,0.99717,0.0,-0.25,0.0,-0.1568,-0.0931,-0.9177,0.3527
1782303295971,37675,0.34985,0.05859,0.93262,0.9978,0.0,0.5,-0.062,-0.1569,-0.093,-0.9176,0.3527
1782303295971,37675,0.35425,0.05688,0.93066,0.99743,0.0,-0.25,0.0,-0.1568,-0.093,-0.9177,0.3527
1782303296029,37733,0.354,0.06177,0.93359,1.00037,0.0,-0.188,0.0,-0.1569,-0.0931,-0.9177,0.3527
1782303296029,37733,0.35254,0.06104,0.93237,0.99866,0.0,-0.188,0.0,-0.1569,-0.0931,-0.9177,0.3527
1782303296030,37734,0.35352,0.05835,0.93237,0.99885,0.062,0.25,-0.062,-0.1569,-0.0932,-0.9176,0.3527
1782303296090,37794,0.354,0.06055,0.93555,1.00211,-0.062,0.312,0.0,-0.1569,-0.0932,-0.9177,0.3527
1782303296090,37794,0.35229,0.05835,0.9353,1.00115,0.0,0.438,0.0,-0.1569,-0.0932,-0.9177,0.3527
1782303296090,37794,0.35498,0.05786,0.93433,1.00116,-0.062,-0.312,0.0,-0.1567,-0.093,-0.9177,0.3527
1782303296148,37852,0.35596,0.05884,0.93091,0.99838,0.0,-0.438,0.0,-0.1568,-0.093,-0.9177,0.3527
1782303296149,37853,0.35352,0.06079,0.9314,0.99808,0.0,-0.375,-0.125,-0.1569,-0.093,-0.9177,0.3527
1782303296152,37856,0.35327,0.05933,0.93262,0.99905,0.0,0.0,0.0,-0.1569,-0.0932,-0.9177,0.3527
1782303296208,37912,0.35034,0.06323,0.93115,0.99689,0.0,0.312,0.0,-0.1568,-0.0932,-0.9177,0.3527
1782303296209,37913,0.35181,0.06152,0.93091,0.99707,0.0,0.188,0.0,-0.1568,-0.0932,-0.9177,0.3527
1782303296210,37914,0.35229,0.06104,0.93237,0.99858,0.062,-0.125,0.0,-0.1567,-0.0931,-0.9177,0.3527
1782303296268,37972,0.35352,0.0625,0.93359,1.00024,0.0,-0.25,0.25,-0.1567,-0.0931,-0.9177,0.3527
1782303296269,37973,0.34985,0.06152,0.92969,0.99524,0.0,-0.438,0.062,-0.1567,-0.0931,-0.9177,0.3527
1782303296269,37973,0.35376,0.05908,0.93262,0.99921,-0.125,0.188,0.0,-0.1569,-0.0932,-0.9177,0.3527
1782303296328,38032,0.35254,0.0647,0.93384,1.00026,0.125,0.188,0.0,-0.1569,-0.0932,-0.9177,0.3527
1782303296329,38033,0.35449,0.06104,0.93286,0.99981,0.0,0.312,0.0,-0.1568,-0.0932,-0.9177,0.3527
1782303296330,38034,0.35107,0.06152,0.93091,0.99681,0.0,-0.062,0.0,-0.1567,-0.0931,-0.9177,0.3527
1782303296391,38095,0.35107,0.06152,0.93091,0.99681,0.0,-0.062,0.0,-0.1567,-0.0931,-0.9177,0.3527
1782303296391,38095,0.35449,0.06299,0.93262,0.9997,0.0,-0.125,0.125,-0.1567,-0.0932,-0.9177,0.3527
1782303296391,38095,0.354,0.0625,0.93335,1.00018,0.0,0.0,0.125,-0.1567,-0.0932,-0.9177,0.3527
1782303296449,38153,0.35132,0.06104,0.93286,0.99869,0.0,0.188,0.125,-0.1567,-0.0932,-0.9177,0.3527
1782303296449,38153,0.3562,0.06396,0.93188,0.99969,-0.062,0.125,0.0,-0.1567,-0.0932,-0.9177,0.3527
1782303296449,38153,0.35522,0.05615,0.93115,0.99819,-0.062,-0.062,0.062,-0.1567,-0.0932,-0.9177,0.3527
1782303296514,38218,0.35449,0.05762,0.93213,0.99892,-0.062,0.125,0.125,-0.1567,-0.0932,-0.9177,0.3527
1782303296516,38220,0.35449,0.05835,0.93018,0.99714,-0.062,0.188,0.0,-0.1567,-0.0932,-0.9177,0.3527
1782303296516,38220,0.35156,0.06372,0.93335,0.9994,0.062,-0.25,0.0,-0.1567,-0.0931,-0.9177,0.3527
1782303296568,38272,0.35254,0.06372,0.93262,0.99906,0.125,-0.438,0.125,-0.1567,-0.0932,-0.9177,0.3527
1782303296569,38273,0.35474,0.0647,0.92993,0.99739,0.062,-0.438,0.062,-0.1567,-0.0932,-0.9177,0.3527
1782303296570,38274,0.354,0.05664,0.93359,1.00006,0.0,0.625,0.0,-0.1567,-0.0932,-0.9177,0.3527
1782303296628,38332,0.35229,0.0564,0.93408,0.9999,0.0,0.625,0.0,-0.1567,-0.0932,-0.9177,0.3527
1782303296629,38333,0.35181,0.05737,0.93286,0.99864,0.0,0.438,0.0,-0.1567,-0.0931,-0.9177,0.3527
1782303296629,38333,0.34985,0.06055,0.93237,0.99769,-0.062,-0.5,-0.062,-0.1567,-0.0931,-0.9177,0.3527
1782303296688,38392,0.35156,0.0625,0.93286,0.99887,0.0,-0.312,0.0,-0.1567,-0.0931,-0.9177,0.3527
1782303296689,38393,0.35229,0.06226,0.93188,0.9982,0.0,0.0,0.0,-0.1567,-0.0932,-0.9177,0.3527
1782303296691,38395,0.35547,0.05933,0.93164,0.99892,-0.062,0.188,0.0,-0.1567,-0.0932,-0.9177,0.3527
1782303296751,38455,0.35425,0.05762,0.92969,0.99656,0.0,0.375,0.062,-0.1567,-0.0932,-0.9177,0.3527
1782303296753,38457,0.35181,0.05981,0.93506,1.00084,0.0,0.312,-0.062,-0.1567,-0.0931,-0.9177,0.3527
1782303296754,38458,0.35181,0.05981,0.93506,1.00084,0.0,0.312,-0.062,-0.1567,-0.0931,-0.9177,0.3527
1782303296808,38512,0.35498,0.05786,0.93311,1.00002,0.125,-0.5,-0.062,-0.1567,-0.0931,-0.9177,0.3527
1782303296809,38513,0.35352,0.06006,0.92993,0.99667,0.125,-0.062,0.0,-0.1568,-0.0932,-0.9177,0.3527
1782303296810,38514,0.35254,0.05957,0.93311,0.99926,0.062,-0.125,0.062,-0.1567,-0.0931,-0.9177,0.3527
1782303296868,38572,0.35425,0.06274,0.93042,0.99755,0.0,-0.062,0.0,-0.1567,-0.0931,-0.9177,0.3527
1782303296869,38573,0.35498,0.06055,0.93359,1.00064,-0.062,-0.062,0.0,-0.1567,-0.0931,-0.9177,0.3527
1782303296880,38584,0.354,0.05933,0.93384,1.00045,0.0,0.0,0.125,-0.1567,-0.0931,-0.9177,0.3527
1782303296938,38642,0.35229,0.05981,0.93213,0.99828,0.0,0.0,0.125,-0.1567,-0.0931,-0.9177,0.3527
1782303296938,38642,0.35522,0.05811,0.9353,1.00217,0.0,-0.062,0.0,-0.1567,-0.0931,-0.9177,0.3527
1782303296938,38642,0.35205,0.05811,0.93213,0.99809,-0.125,0.0,0.062,-0.1567,-0.0931,-0.9177,0.3527
1782303296994,38698,0.35278,0.06079,0.9314,0.99782,0.062,0.062,0.062,-0.1567,-0.0931,-0.9177,0.3527
1782303296994,38698,0.35376,0.06104,0.93359,1.00023,0.0,-0.062,0.0,-0.1567,-0.0931,-0.9177,0.3527
1782303296994,38698,0.35156,0.06177,0.93311,0.99905,0.0,0.188,0.0,-0.1567,-0.0932,-0.9177,0.3527
1782303297048,38752,0.35449,0.05981,0.93115,0.99814,0.062,0.25,0.125,-0.1567,-0.0932,-0.9177,0.3527
1782303297048,38752,0.354,0.06201,0.93311,0.99993,-0.188,0.25,0.125,-0.1567,-0.0932,-0.9177,0.3527
1782303297049,38753,0.35303,0.06006,0.93433,1.0006,-0.062,0.188,0.0,-0.1567,-0.0932,-0.9177,0.3527
1782303297110,38814,0.35107,0.05908,0.93481,1.00031,0.0,0.125,0.062,-0.1566,-0.0932,-0.9177,0.3527
1782303297110,38814,0.35107,0.0625,0.93335,0.99915,0.0,0.125,-0.062,-0.1566,-0.0932,-0.9177,0.3527
1782303297112,38816,0.35327,0.06323,0.93237,0.99906,0.0,-0.25,0.062,-0.1567,-0.0932,-0.9177,0.3527
1782303297172,38876,0.35376,0.06396,0.93433,1.0011,0.062,-0.125,-0.125,-0.1567,-0.0932,-0.9177,0.3527
1782303297172,38876,0.35645,0.06543,0.93042,0.99851,0.0,-0.062,0.0,-0.1568,-0.0932,-0.9177,0.3527
1782303297172,38876,0.35156,0.05908,0.93335,0.99911,0.062,0.562,0.0,-0.1567,-0.0932,-0.9177,0.3527
1782303297228,38932,0.35034,0.05811,0.93457,0.99977,0.0,0.375,0.125,-0.1566,-0.0932,-0.9177,0.3527
1782303297228,38932,0.35132,0.05811,0.9353,1.0008,0.0,0.438,0.125,-0.1566,-0.0931,-0.9177,0.3527
1782303297229,38933,0.35132,0.05811,0.9353,1.0008,0.0,0.438,0.125,-0.1566,-0.0931,-0.9177,0.3527
1782303297289,38993,0.3562,0.05835,0.93286,1.00026,0.0,-0.062,0.0,-0.1567,-0.0931,-0.9177,0.3527
1782303297290,38994,0.35059,0.06079,0.93555,1.00093,0.062,-0.062,0.0,-0.1567,-0.0931,-0.9177,0.3527
1782303297290,38994,0.35229,0.05981,0.93335,0.99942,0.0,0.25,0.0,-0.1567,-0.0931,-0.9177,0.3527
1782303297351,39055,0.34888,0.05884,0.93628,1.0009,0.0,0.25,-0.062,-0.1567,-0.0931,-0.9177,0.3527
1782303297352,39056,0.35327,0.05518,0.93359,0.99972,0.0,0.125,0.25,-0.1567,-0.0931,-0.9177,0.3527
1782303297353,39057,0.3584,0.06104,0.92969,0.99825,0.0,-0.188,0.0,-0.1567,-0.0932,-0.9177,0.3527
1782303297409,39113,0.35693,0.06152,0.93164,0.99957,0.0,-0.25,0.0,-0.1568,-0.0932,-0.9177,0.3527
1782303297409,39113,0.35303,0.05713,0.92993,0.99633,-0.125,0.188,-0.125,-0.1568,-0.0932,-0.9177,0.3527
1782303297409,39113,0.35474,0.06396,0.93286,1.00008,0.0,-0.062,-0.062,-0.1567,-0.0931,-0.9177,0.3527
1782303297471,39175,0.34985,0.0625,0.93066,0.99621,0.0,-0.188,-0.062,-0.1567,-0.0931,-0.9177,0.3527
1782303297471,39175,0.35181,0.06787,0.9353,1.00158,-0.125,-0.125,0.125,-0.1567,-0.0931,-0.9177,0.3527
1782303297471,39175,0.35205,0.06152,0.93555,1.00149,0.062,0.0,0.062,-0.1566,-0.0932,-0.9177,0.3527
1782303297529,39233,0.35278,0.05981,0.93433,1.0005,0.0,-0.062,0.0,-0.1566,-0.0932,-0.9177,0.3527
1782303297531,39235,0.35303,0.06226,0.92822,0.99504,0.0,0.0,0.0,-0.1566,-0.0932,-0.9177,0.3527
1782303297535,39239,0.35181,0.05786,0.93604,1.00164,0.0,0.062,0.0,-0.1566,-0.0931,-0.9177,0.3527
1782303297588,39292,0.35181,0.05786,0.93604,1.00164,0.0,0.062,0.0,-0.1566,-0.0931,-0.9177,0.3527
1782303297589,39293,0.35352,0.05396,0.9314,0.99769,-0.125,0.0,0.062,-0.1566,-0.0931,-0.9177,0.3527
1782303297590,39294,0.34985,0.06177,0.93237,0.99776,0.25,-0.312,0.188,-0.1567,-0.0932,-0.9177,0.3527
1782303297654,39358,0.35913,0.06177,0.93262,1.00128,0.0,-0.188,0.125,-0.1567,-0.0932,-0.9177,0.3527
1782303297654,39358,0.35815,0.05762,0.9314,0.99955,0.0,0.25,-0.125,-0.1567,-0.0932,-0.9177,0.3527
1782303297654,39358,0.34985,0.05981,0.9353,1.00038,0.0,0.188,-0.062,-0.1565,-0.093,-0.9177,0.3527
1782303297714,39418,0.354,0.06152,0.93604,1.00263,0.062,-0.625,0.0,-0.1565,-0.093,-0.9177,0.3527
1782303297715,39419,0.35156,0.05859,0.93481,1.00045,0.0,-0.375,0.0,-0.1565,-0.093,-0.9177,0.3527
1782303297715,39419,0.35156,0.05859,0.93481,1.00045,0.0,-0.375,0.0,-0.1565,-0.093,-0.9177,0.3527
1782303297770,39474,0.35156,0.05859,0.93481,1.00045,0.0,-0.375,0.0,-0.1565,-0.093,-0.9177,0.3527
1782303297771,39475,0.35596,0.06201,0.92871,0.99652,0.125,-1.75,0.0,-0.1568,-0.0932,-0.9177,0.3526
1782303297775,39479,0.35352,0.05933,0.93506,1.00141,-0.062,1.25,0.062,-0.1566,-0.0931,-0.9177,0.3526
1782303297843,39547,0.35303,0.05615,0.93579,1.00174,-0.062,0.875,0.0,-0.1565,-0.0931,-0.9177,0.3526
1782303297846,39550,0.3501,0.05566,0.93701,1.00183,-0.125,0.25,0.0,-0.1565,-0.093,-0.9177,0.3526
1782303297846,39550,0.35278,0.06299,0.93091,0.9975,0.125,-1.25,-0.062,-0.1567,-0.0932,-0.9177,0.3526
1782303297889,39593,0.35864,0.0647,0.9314,1.00015,0.0,-1.062,-0.062,-0.1568,-0.0932,-0.9177,0.3526
1782303297890,39594,0.35449,0.06714,0.92944,0.99701,0.0,-0.5,0.0,-0.1568,-0.0932,-0.9177,0.3526
1782303297890,39594,0.34814,0.05713,0.93457,0.99894,0.0,0.625,0.0,-0.1566,-0.0931,-0.9177,0.3526
1782303297950,39654,0.354,0.05713,0.93604,1.00237,-0.125,0.25,0.062,-0.1566,-0.0931,-0.9177,0.3526
1782303297950,39654,0.34888,0.05664,0.93311,0.9978,0.0,0.25,0.0,-0.1566,-0.093,-0.9177,0.3526
1782303298009,39713,0.35596,0.06323,0.93115,0.99887,0.0,-0.562,0.0,-0.1567,-0.0931,-0.9177,0.3526
1782303298010,39714,0.35254,0.06152,0.93115,0.99755,0.0,-0.312,0.125,-0.1567,-0.0931,-0.9177,0.3526
1782303298010,39714,0.35767,0.06323,0.93091,0.99926,0.0,-0.25,0.0,-0.1567,-0.0931,-0.9177,0.3526
1782303298068,39772,0.35132,0.06055,0.93311,0.99889,-0.188,0.812,0.062,-0.1567,-0.0932,-0.9177,0.3526
1782303298069,39773,0.35254,0.05811,0.93408,1.00008,-0.125,1.0,0.062,-0.1567,-0.0931,-0.9177,0.3526
1782303298069,39773,0.35352,0.06152,0.93335,0.99995,0.0,-0.312,0.062,-0.1567,-0.0931,-0.9177,0.3526
1782303298130,39834,0.35449,0.06079,0.93237,0.99934,0.0,-0.062,0.062,-0.1567,-0.0931,-0.9177,0.3526
1782303298130,39834,0.35303,0.05884,0.93164,0.99802,0.0,-0.125,0.125,-0.1567,-0.0931,-0.9177,0.3526
1782303298140,39844,0.35303,0.0603,0.93213,0.99856,-0.125,-0.188,0.0,-0.1566,-0.093,-0.9177,0.3526
1782303298189,39893,0.35254,0.05786,0.93213,0.99825,0.188,0.125,0.0,-0.1566,-0.093,-0.9177,0.3526
1782303298189,39893,0.35205,0.06128,0.93652,1.00238,0.0,-0.188,0.062,-0.1566,-0.093,-0.9177,0.3526
1782303298189,39893,0.35327,0.06274,0.93091,0.99766,0.0,0.375,0.0,-0.1567,-0.0932,-0.9177,0.3526
1782303298248,39952,0.35303,0.05811,0.93237,0.99866,0.0,0.438,0.125,-0.1567,-0.0931,-0.9177,0.3526
1782303298250,39954,0.35449,0.06104,0.9353,1.00209,0.0,0.25,-0.125,-0.1567,-0.0931,-0.9177,0.3526
1782303298250,39954,0.354,0.05908,0.93311,0.99975,0.0,0.0,0.0,-0.1566,-0.093,-0.9177,0.3526
1782303298311,40015,0.35303,0.05688,0.93066,0.997,-0.062,0.062,0.062,-0.1566,-0.093,-0.9177,0.3526
1782303298312,40016,0.34863,0.05933,0.93555,1.00016,0.125,0.0,0.0,-0.1566,-0.093,-0.9177,0.3526
1782303298312,40016,0.34863,0.05933,0.93555,1.00016,0.125,0.0,0.0,-0.1566,-0.093,-0.9177,0.3526
1782303298377,40081,0.35352,0.06104,0.93311,0.99969,0.0,0.312,0.125,-0.1567,-0.0932,-0.9177,0.3526
1782303298377,40081,0.35156,0.06299,0.93213,0.99821,0.0,0.438,-0.125,-0.1567,-0.0932,-0.9177,0.3526
1782303298377,40081,0.34985,0.06128,0.93408,0.99933,0.0,-0.312,0.0,-0.1566,-0.0931,-0.9177,0.3526
1782303298432,40136,0.35156,0.05713,0.93262,0.99832,0.125,-0.375,0.25,-0.1566,-0.0931,-0.9177,0.3526
1782303298432,40136,0.35156,0.06226,0.93457,1.00045,0.062,-0.25,0.062,-0.1566,-0.0931,-0.9177,0.3526
1782303298433,40137,0.35156,0.06226,0.93457,1.00045,0.062,-0.25,0.062,-0.1566,-0.0931,-0.9177,0.3526
1782303298488,40192,0.35156,0.06226,0.93457,1.00045,0.062,-0.25,0.062,-0.1566,-0.0931,-0.9177,0.3526
1782303298488,40192,0.35376,0.06177,0.93164,0.99846,0.0,0.25,0.062,-0.1567,-0.0932,-0.9177,0.3526
1782303298489,40193,0.35156,0.05664,0.93408,0.99966,0.0,0.0,0.0,-0.1566,-0.0931,-0.9177,0.3527
1782303298548,40252,0.35376,0.05737,0.93188,0.99842,0.0,-0.188,0.062,-0.1566,-0.0931,-0.9177,0.3527
1782303298548,40252,0.35132,0.05835,0.93213,0.99784,0.0,-0.625,-0.062,-0.1566,-0.0931,-0.9177,0.3527
1782303298558,40262,0.35596,0.05811,0.93237,0.9997,-0.125,0.75,-0.312,-0.1567,-0.0931,-0.9177,0.3527
1782303298610,40314,0.35059,0.06006,0.9353,1.00065,0.0,0.562,0.125,-0.1567,-0.0931,-0.9177,0.3527
1782303298610,40314,0.35156,0.05933,0.93286,0.99867,0.0,0.438,0.0,-0.1566,-0.093,-0.9177,0.3527
1782303298611,40315,0.35132,0.06177,0.93262,0.99851,0.0,-0.438,0.062,-0.1567,-0.0932,-0.9177,0.3527
1782303298669,40373,0.35327,0.05981,0.93188,0.99839,0.0,-0.125,0.0,-0.1567,-0.0932,-0.9177,0.3527
1782303298669,40373,0.35278,0.05811,0.93335,0.99949,0.0,0.312,0.062,-0.1567,-0.0931,-0.9177,0.3527
1782303298669,40373,0.35278,0.06006,0.93115,0.99755,0.0,-0.062,0.0,-0.1567,-0.093,-0.9177,0.3527
1782303298728,40432,0.354,0.05615,0.93335,0.99981,0.0,0.312,0.0,-0.1567,-0.093,-0.9177,0.3527
1782303298728,40432,0.35034,0.06055,0.92871,0.99444,-0.062,0.312,0.0,-0.1566,-0.093,-0.9177,0.3527
1782303298729,40433,0.35278,0.06274,0.92944,0.99612,0.0,-0.312,0.0,-0.1567,-0.093,-0.9177,0.3526
1782303298790,40494,0.354,0.06274,0.92969,0.99678,0.0,-0.125,0.0,-0.1567,-0.093,-0.9177,0.3526
1782303298848,40552,0.35278,0.06201,0.92725,0.99403,-0.125,0.062,0.188,-0.1567,-0.093,-0.9177,0.3526
1782303298859,40563,0.35254,0.0603,0.93481,1.0009,0.0,0.312,0.062,-0.1567,-0.0931,-0.9177,0.3526
1782303298860,40564,0.35522,0.06128,0.93164,0.99895,0.062,0.062,0.0,-0.1567,-0.0931,-0.9177,0.3526
1782303298909,40613,0.354,0.06006,0.93091,0.99776,0.0,0.0,0.062,-0.1567,-0.0931,-0.9177,0.3526
1782303298909,40613,0.35205,0.06055,0.93237,0.99846,0.062,-0.312,0.0,-0.1566,-0.0931,-0.9177,0.3526
1782303298910,40614,0.35352,0.05908,0.9353,1.00163,0.0,0.438,0.0,-0.1566,-0.093,-0.9177,0.3526
1782303298974,40678,0.35352,0.05908,0.9353,1.00163,0.0,0.438,0.0,-0.1566,-0.093,-0.9177,0.3526
1782303298976,40680,0.35205,0.06079,0.93335,0.99939,0.0,0.125,0.062,-0.1565,-0.093,-0.9177,0.3526
1782303298976,40680,0.35254,0.06519,0.9292,0.99596,0.0,-0.312,-0.062,-0.1566,-0.0932,-0.9177,0.3525
1782303299032,40736,0.35498,0.05884,0.93042,0.99757,-0.062,-0.125,0.125,-0.1567,-0.0932,-0.9177,0.3525
1782303299032,40736,0.35449,0.06299,0.93066,0.99788,0.0,-0.125,0.125,-0.1567,-0.0932,-0.9177,0.3525
1782303299032,40736,0.35449,0.0603,0.93188,0.99885,0.062,0.062,0.125,-0.1565,-0.0931,-0.9177,0.3526
1782303299092,40796,0.35425,0.06104,0.93311,0.99995,0.0,-0.062,0.062,-0.1566,-0.0931,-0.9177,0.3526
1782303299093,40797,0.35278,0.06055,0.93018,0.99667,0.0,0.188,0.0,-0.1566,-0.0931,-0.9177,0.3526
1782303299093,40797,0.34985,0.06226,0.93286,0.99825,0.0,-0.438,0.188,-0.1566,-0.093,-0.9177,0.3526
1782303299152,40856,0.34985,0.06226,0.93286,0.99825,0.0,-0.438,0.188,-0.1566,-0.093,-0.9177,0.3526
1782303299153,40857,0.35278,0.06104,0.93018,0.9967,0.125,-0.125,0.125,-0.1566,-0.0931,-0.9177,0.3526
1782303299153,40857,0.35352,0.05835,0.93164,0.99816,0.0,0.188,0.0,-0.1566,-0.093,-0.9177,0.3526
1782303299214,40918,0.35254,0.05859,0.93188,0.99806,0.0,0.0,0.188,-0.1566,-0.093,-0.9177,0.3526
1782303299215,40919,0.35303,0.05908,0.93335,0.99963,0.0,-0.188,0.0,-0.1566,-0.093,-0.9177,0.3526
1782303299215,40919,0.34985,0.06226,0.93262,0.99802,0.0,-0.25,0.0,-0.1566,-0.093,-0.9177,0.3526
1782303299269,40973,0.354,0.0603,0.93311,0.99982,0.0,-0.25,0.0,-0.1566,-0.093,-0.9177,0.3526
1782303299269,40973,0.354,0.06299,0.9353,1.00204,0.0,-0.438,-0.062,-0.1566,-0.093,-0.9177,0.3526
1782303299270,40974,0.35425,0.06519,0.93213,0.9993,-0.062,0.25,0.0,-0.1566,-0.0931,-0.9177,0.3526
1782303299334,41038,0.35303,0.06055,0.93188,0.99835,0.0,0.312,0.0,-0.1566,-0.0931,-0.9177,0.3526
1782303299335,41039,0.35132,0.0625,0.93359,0.99946,0.0,0.312,0.125,-0.1566,-0.0931,-0.9177,0.3526
1782303299335,41039,0.35303,0.05859,0.93506,1.0012,-0.188,0.125,0.0,-0.1566,-0.093,-0.9177,0.3526
1782303299395,41099,0.35132,0.05591,0.93408,0.99953,0.25,0.125,0.188,-0.1565,-0.093,-0.9177,0.3526
1782303299395,41099,0.35083,0.05737,0.9314,0.99693,0.0,0.062,0.062,-0.1565,-0.093,-0.9177,0.3526
1782303299395,41099,0.35474,0.06567,0.93286,1.00019,0.0,-0.188,0.125,-0.1566,-0.093,-0.9177,0.3526
1782303299448,41152,0.35205,0.05957,0.93237,0.9984,0.0,-0.25,0.0,-0.1566,-0.093,-0.9177,0.3526
1782303299448,41152,0.35498,0.06128,0.92969,0.99704,0.0,-0.062,-0.062,-0.1566,-0.093,-0.9177,0.3526
1782303299449,41153,0.35205,0.05859,0.93408,0.99994,0.0,0.062,0.188,-0.1566,-0.093,-0.9177,0.3526
1782303299511,41215,0.35059,0.05859,0.93359,0.99897,0.0,0.125,0.0,-0.1566,-0.093,-0.9177,0.3526
1782303299515,41219,0.35181,0.06006,0.93384,0.99971,0.0,0.188,0.125,-0.1566,-0.093,-0.9177,0.3526
1782303299515,41219,0.34985,0.0603,0.9314,0.99676,0.062,-0.188,0.062,-0.1566,-0.093,-0.9177,0.3526
1782303299568,41272,0.35254,0.05811,0.93091,0.99712,0.0,-0.125,-0.062,-0.1566,-0.093,-0.9177,0.3526
1782303299571,41275,0.35303,0.05762,0.93066,0.99704,0.0,0.25,0.0,-0.1566,-0.093,-0.9177,0.3526
1782303299571,41275,0.35498,0.06128,0.93237,0.99954,0.0,-0.25,0.062,-0.1566,-0.093,-0.9177,0.3526
1782303299628,41332,0.35278,0.05884,0.93311,0.9993,0.0,0.0,0.125,-0.1566,-0.093,-0.9177,0.3526
1782303299628,41332,0.35571,0.05908,0.93433,1.00149,0.0,-0.188,-0.125,-0.1566,-0.093,-0.9177,0.3526
1782303299629,41333,0.35596,0.0625,0.93188,0.99951,0.0,0.25,0.0,-0.1566,-0.093,-0.9177,0.3526
1782303299694,41398,0.35498,0.05859,0.93164,0.9987,0.0,-0.062,0.0,-0.1566,-0.093,-0.9177,0.3526
1782303299694,41398,0.35547,0.06055,0.93384,1.00104,-0.062,0.0,0.125,-0.1566,-0.093,-0.9177,0.3526
1782303299695,41399,0.35327,0.0603,0.93457,1.00093,0.062,-0.25,-0.062,-0.1566,-0.0929,-0.9177,0.3527
1782303299752,41456,0.35034,0.05933,0.93311,0.99847,0.0,-0.125,-0.188,-0.1566,-0.0929,-0.9177,0.3527
1782303299752,41456,0.35156,0.06006,0.93237,0.99826,0.0,0.0,0.125,-0.1566,-0.0929,-0.9177,0.3527
1782303299753,41457,0.35278,0.06372,0.9314,0.99801,0.0,0.375,0.0,-0.1565,-0.0929,-0.9177,0.3527
1782303299811,41515,0.35278,0.06372,0.9314,0.99801,0.0,0.375,0.0,-0.1565,-0.0929,-0.9177,0.3527
1782303299811,41515,0.35156,0.06128,0.93115,0.99719,0.0,-0.062,0.0,-0.1565,-0.0929,-0.9177,0.3527
1782303299811,41515,0.35254,0.05737,0.93359,0.99959,0.0,0.0,0.188,-0.1566,-0.093,-0.9177,0.3526
1782303299868,41572,0.35254,0.05859,0.93335,0.99943,0.062,0.188,-0.062,-0.1566,-0.093,-0.9177,0.3526
1782303299869,41573,0.35596,0.0625,0.92993,0.99769,0.0,0.062,0.0,-0.1566,-0.093,-0.9177,0.3526
1782303299869,41573,0.33667,0.06592,0.93286,0.99394,0.312,-1.438,-0.25,-0.1565,-0.0929,-0.9177,0.3526
1782303299931,41635,0.37061,0.06152,0.9353,1.00793,0.188,-1.688,0.625,-0.1567,-0.093,-0.9177,0.3526
1782303299931,41635,0.36157,0.05859,0.92578,0.99561,-0.062,-0.062,0.062,-0.1567,-0.093,-0.9177,0.3526
1782303299938,41642,0.35669,0.05786,0.93237,0.99995,0.125,0.125,0.062,-0.1565,-0.0929,-0.9177,0.3527
1782303299989,41693,0.35205,0.06445,0.93042,0.99688,-0.312,0.062,-0.25,-0.1565,-0.0929,-0.9177,0.3526
1782303299989,41693,0.35083,0.05811,0.9314,0.99697,0.062,0.188,0.312,-0.1565,-0.0929,-0.9177,0.3526
1782303299989,41693,0.35181,0.06006,0.9353,1.00108,-0.125,-0.375,-0.062,-0.1566,-0.093,-0.9177,0.3526
1782303300048,41752,0.35254,0.06104,0.93042,0.99684,0.0,-0.25,0.125,-0.1566,-0.093,-0.9177,0.3526
1782303300048,41752,0.3584,0.06177,0.93359,1.00193,0.0,0.0,0.0,-0.1567,-0.093,-0.9177,0.3526
1782303300049,41753,0.35083,0.05981,0.93384,0.99936,0.0,0.0,0.062,-0.1566,-0.093,-0.9177,0.3527
1782303300119,41823,0.35254,0.06274,0.93457,1.00082,0.0,0.062,0.125,-0.1566,-0.093,-0.9177,0.3527
1782303300121,41825,0.35376,0.05957,0.93408,1.0006,-0.062,0.0,0.0,-0.1566,-0.093,-0.9177,0.3527
1782303300121,41825,0.35303,0.05908,0.93213,0.99849,-0.062,0.25,-0.062,-0.1566,-0.0929,-0.9177,0.3527
1782303300174,41878,0.35303,0.05908,0.93213,0.99849,-0.062,0.25,-0.062,-0.1566,-0.0929,-0.9177,0.3527
1782303300174,41878,0.35107,0.05859,0.93237,0.998,0.0,0.438,0.0,-0.1565,-0.0929,-0.9177,0.3527
1782303300177,41881,0.35425,0.06006,0.93433,1.00103,0.0,-0.375,0.0,-0.1566,-0.093,-0.9177,0.3527
1782303300235,41939,0.35449,0.06177,0.93213,0.99917,0.0,-0.25,0.0,-0.1566,-0.093,-0.9177,0.3527
1782303300235,41939,0.35522,0.06177,0.9314,0.99875,0.0,0.0,-0.062,-0.1566,-0.093,-0.9177,0.3527
1782303300235,41939,0.34912,0.06226,0.93237,0.99754,0.0,0.312,0.0,-0.1566,-0.093,-0.9177,0.3527
1782303300288,41992,0.35449,0.05908,0.93604,1.00266,0.0,0.188,0.0,-0.1566,-0.093,-0.9177,0.3527
1782303300288,41992,0.35254,0.06079,0.93457,1.0007,0.0,0.125,0.062,-0.1565,-0.093,-0.9177,0.3527
1782303300289,41993,0.34961,0.06006,0.93262,0.9978,0.0,-0.312,0.0,-0.1566,-0.093,-0.9177,0.3527
1782303300351,42055,0.35181,0.0603,0.93164,0.99768,0.0,-0.312,0.0,-0.1566,-0.093,-0.9177,0.3527
1782303300351,42055,0.35083,0.06177,0.93408,0.9997,0.0,0.0,0.0,-0.1566,-0.093,-0.9177,0.3527
1782303300351,42055,0.354,0.0603,0.93188,0.99868,0.0,0.0,-0.062,-0.1566,-0.093,-0.9177,0.3527
1782303300412,42116,0.354,0.0603,0.93188,0.99868,0.0,0.0,-0.062,-0.1566,-0.093,-0.9177,0.3527
1782303300413,42117,0.35425,0.05884,0.93555,1.0021,0.0,-0.062,0.062,-0.1566,-0.093,-0.9177,0.3527
1782303300413,42117,0.35571,0.0647,0.93311,1.0007,0.0,0.0,0.062,-0.1566,-0.093,-0.9177,0.3527
1782303300469,42173,0.35449,0.05957,0.93408,1.00086,0.0,0.125,0.062,-0.1566,-0.093,-0.9177,0.3527
1782303300469,42173,0.354,0.05884,0.93359,1.00019,0.0,0.25,0.0,-0.1566,-0.093,-0.9177,0.3527
1782303300470,42174,0.35449,0.06177,0.93213,0.99917,-0.188,-0.062,-0.125,-0.1566,-0.093,-0.9177,0.3527
1782303300529,42233,0.35376,0.05908,0.93384,1.00034,0.125,-0.188,-0.125,-0.1566,-0.093,-0.9177,0.3527
1782303300532,42236,0.35229,0.0603,0.92944,0.9958,0.0,-0.062,-0.125,-0.1566,-0.093,-0.9177,0.3527
1782303300532,42236,0.35303,0.05908,0.93481,1.001,0.0,0.0,0.0,-0.1566,-0.093,-0.9177,0.3527
1782303300590,42294,0.35107,0.05811,0.93311,0.99866,0.0,-0.062,0.0,-0.1566,-0.093,-0.9177,0.3527
1782303300653,42357,0.35327,0.05884,0.93457,1.00084,0.0,0.0,0.062,-0.1566,-0.093,-0.9177,0.3527
1782303300655,42359,0.35327,0.05884,0.93457,1.00084,0.0,0.0,0.062,-0.1566,-0.093,-0.9177,0.3527
1782303300655,42359,0.35352,0.06055,0.93115,0.99784,0.0,0.125,-0.062,-0.1566,-0.093,-0.9177,0.3527
1782303300710,42414,0.35474,0.0603,0.93115,0.99826,-0.062,0.188,0.0,-0.1566,-0.093,-0.9177,0.3527
1782303300711,42415,0.35254,0.06006,0.93506,1.00111,0.125,-0.312,0.062,-0.1565,-0.0929,-0.9177,0.3527
1782303300711,42415,0.35278,0.06104,0.9353,1.00149,-0.062,0.312,0.062,-0.1566,-0.093,-0.9177,0.3526
1782303300769,42473,0.35278,0.06104,0.9353,1.00149,-0.062,0.312,0.062,-0.1566,-0.093,-0.9177,0.3526
1782303300770,42474,0.35229,0.06128,0.93213,0.99836,-0.062,0.562,0.188,-0.1566,-0.093,-0.9177,0.3526
1782303300770,42474,0.35303,0.05811,0.93408,1.00026,0.0,-0.25,0.0,-0.1564,-0.0929,-0.9177,0.3527
1782303300828,42532,0.35303,0.05811,0.93408,1.00026,0.0,-0.25,0.0,-0.1564,-0.0929,-0.9177,0.3527
1782303300828,42532,0.35254,0.05884,0.93311,0.99922,0.125,-0.625,0.062,-0.1565,-0.0929,-0.9177,0.3527
1782303300830,42534,0.35449,0.06201,0.93237,0.99941,-0.312,0.188,0.125,-0.1566,-0.093,-0.9177,0.3526
1782303300888,42592,0.35449,0.06201,0.93237,0.99941,-0.312,0.188,0.125,-0.1566,-0.093,-0.9177,0.3526
1782303300888,42592,0.35303,0.05933,0.93311,0.99942,-0.062,0.438,0.125,-0.1566,-0.093,-0.9177,0.3526
1782303300889,42593,0.35425,0.05884,0.93408,1.00073,0.0,-0.25,0.0,-0.1566,-0.093,-0.9177,0.3527
1782303300950,42654,0.35229,0.0603,0.93213,0.9983,0.125,-0.312,0.062,-0.1566,-0.093,-0.9177,0.3527
1782303300950,42654,0.35571,0.05835,0.9353,1.00236,0.0,-0.375,0.125,-0.1566,-0.093,-0.9177,0.3527
1782303300950,42654,0.35254,0.06055,0.93311,0.99932,0.0,0.25,0.0,-0.1566,-0.0929,-0.9177,0.3527
1782303301012,42716,0.35596,0.05884,0.93384,1.00111,0.062,0.125,0.0,-0.1566,-0.0929,-0.9177,0.3527
1782303301014,42718,0.35327,0.06128,0.93115,0.9978,0.0,0.0,0.125,-0.1566,-0.0929,-0.9177,0.3527
1782303301014,42718,0.35327,0.06128,0.93115,0.9978,0.0,0.0,0.125,-0.1566,-0.0929,-0.9177,0.3527
1782303301069,42773,0.35205,0.06104,0.92969,0.99598,0.0,-0.188,0.0,-0.1566,-0.0929,-0.9177,0.3527
1782303301069,42773,0.35303,0.05908,0.93335,0.99963,0.0,0.0,0.0,-0.1566,-0.0929,-0.9177,0.3527
1782303301070,42774,0.35278,0.06128,0.93311,0.99945,0.0,0.0,0.25,-0.1566,-0.0929,-0.9177,0.3527
1782303301129,42833,0.354,0.06152,0.93481,1.00149,0.0,-0.062,0.125,-0.1566,-0.0929,-0.9177,0.3527
1782303301129,42833,0.35303,0.06226,0.93359,1.00005,0.0,-0.375,0.0,-0.1566,-0.0929,-0.9177,0.3527
1782303301129,42833,0.35229,0.06104,0.93359,0.99972,-0.125,0.625,0.0,-0.1567,-0.093,-0.9177,0.3527
1782303301194,42898,0.35669,0.05859,0.9314,0.99908,0.0,0.562,-0.125,-0.1566,-0.093,-0.9177,0.3527
1782303301195,42899,0.35425,0.05615,0.93213,0.99875,0.0,0.562,0.0,-0.1566,-0.093,-0.9177,0.3527
1782303301198,42902,0.35181,0.06152,0.93604,1.00186,0.0,-0.188,0.062,-0.1564,-0.0929,-0.9177,0.3527
1782303301249,42953,0.35205,0.06177,0.93604,1.00196,0.0,-0.5,0.062,-0.1564,-0.0929,-0.9177,0.3527
1782303301249,42953,0.35229,0.06641,0.93115,0.99778,0.0,-0.562,0.125,-0.1565,-0.0929,-0.9177,0.3527
1782303301250,42954,0.35229,0.06641,0.93115,0.99778,0.0,-0.562,0.125,-0.1565,-0.0929,-0.9177,0.3527
1782303301309,43013,0.35474,0.05957,0.93311,1.00004,0.0,0.312,0.0,-0.1566,-0.093,-0.9177,0.3527
1782303301309,43013,0.35327,0.05762,0.93213,0.99849,0.0,0.5,0.062,-0.1566,-0.093,-0.9177,0.3527
1782303301309,43013,0.35181,0.05933,0.93311,0.99899,0.062,-0.688,-0.062,-0.1566,-0.0929,-0.9177,0.3527
1782303301369,43073,0.35352,0.0603,0.93408,1.00056,0.125,-0.625,0.062,-0.1566,-0.0929,-0.9177,0.3527
1782303301369,43073,0.35132,0.06128,0.93506,1.00076,0.0,-0.625,-0.062,-0.1566,-0.093,-0.9177,0.3527
1782303301369,43073,0.35425,0.06274,0.93286,0.99983,-0.062,0.938,0.062,-0.1567,-0.093,-0.9177,0.3526
1782303301431,43135,0.35498,0.06006,0.92993,0.99719,0.0,0.875,-0.062,-0.1566,-0.093,-0.9177,0.3526
1782303301431,43135,0.34985,0.06104,0.93506,1.00023,0.062,0.812,0.0,-0.1566,-0.093,-0.9177,0.3527
1782303301431,43135,0.35522,0.05933,0.93237,0.99951,0.0,-0.5,0.125,-0.1564,-0.0929,-0.9177,0.3527
1782303301488,43192,0.35083,0.05688,0.93604,1.00124,0.062,-0.875,0.0,-0.1565,-0.0929,-0.9177,0.3527
1782303301488,43192,0.35132,0.06152,0.93286,0.99872,0.0,-1.0,0.0,-0.1565,-0.0929,-0.9177,0.3527
1782303301489,43193,0.35132,0.06152,0.93286,0.99872,0.0,-1.0,0.0,-0.1565,-0.0929,-0.9177,0.3527
1782303301549,43253,0.35205,0.06152,0.93433,1.00035,0.0,0.5,0.062,-0.1566,-0.093,-0.9177,0.3527
1782303301549,43253,0.3501,0.05835,0.93481,0.99993,0.0,0.438,0.0,-0.1566,-0.093,-0.9177,0.3527
1782303301549,43253,0.35376,0.06128,0.93188,0.99865,0.062,-0.375,0.062,-0.1566,-0.0929,-0.9177,0.3527
1782303301611,43315,0.35229,0.06079,0.93213,0.99833,-0.188,-0.375,0.0,-0.1566,-0.093,-0.9177,0.3527
1782303301612,43316,0.354,0.06177,0.93237,0.99923,0.0,-0.125,-0.062,-0.1566,-0.093,-0.9177,0.3527
1782303301612,43316,0.35156,0.06201,0.93164,0.9977,-0.062,0.375,0.0,-0.1565,-0.093,-0.9177,0.3527
1782303301670,43374,0.35376,0.05957,0.93164,0.99832,0.0,0.562,0.0,-0.1565,-0.093,-0.9177,0.3527
1782303301670,43374,0.34985,0.06128,0.93481,1.00002,0.0,0.188,0.0,-0.1565,-0.093,-0.9177,0.3527
1782303301671,43375,0.35352,0.05957,0.93115,0.99778,0.0,-0.688,0.125,-0.1566,-0.093,-0.9177,0.3527
1782303301729,43433,0.35376,0.06128,0.93115,0.99797,0.125,-0.625,0.0,-0.1566,-0.093,-0.9177,0.3527
1782303301729,43433,0.35278,0.06323,0.92896,0.9957,0.0,-0.562,0.188,-0.1566,-0.093,-0.9177,0.3527
1782303301729,43433,0.35254,0.05762,0.93237,0.99846,0.0,0.812,0.0,-0.1566,-0.093,-0.9177,0.3527
1782303301790,43494,0.35083,0.05811,0.93188,0.99743,0.0,0.5,-0.062,-0.1565,-0.0929,-0.9177,0.3527
1782303301792,43496,0.35352,0.05664,0.93677,1.00285,0.0,0.312,0.125,-0.1565,-0.0929,-0.9177,0.3527
1782303301792,43496,0.35205,0.06323,0.93408,1.00022,0.062,-0.625,-0.062,-0.1566,-0.093,-0.9177,0.3527
1782303301849,43553,0.35303,0.06372,0.93335,0.99992,0.0,-0.562,-0.062,-0.1566,-0.093,-0.9177,0.3527
1782303301849,43553,0.35278,0.06177,0.93359,0.99993,0.062,-0.562,0.0,-0.1566,-0.093,-0.9177,0.3527
1782303301849,43553,0.35571,0.05566,0.93433,1.0013,0.0,0.938,0.188,-0.1566,-0.093,-0.9177,0.3527
1782303301909,43613,0.35083,0.05591,0.93262,0.99799,-0.125,0.562,0.0,-0.1565,-0.0929,-0.9177,0.3527
1782303301910,43614,0.35352,0.05737,0.93408,1.00039,0.0,0.312,0.188,-0.1564,-0.0929,-0.9177,0.3527
1782303301910,43614,0.35254,0.06299,0.92944,0.99605,0.0,-0.875,-0.25,-0.1567,-0.093,-0.9177,0.3527
1782303301968,43672,0.35229,0.06445,0.9314,0.99788,0.0,-0.438,0.125,-0.1567,-0.093,-0.9177,0.3527
1782303301968,43672,0.35498,0.06226,0.93311,1.00029,0.0,-0.062,0.0,-0.1567,-0.0931,-0.9177,0.3527
1782303301969,43673,0.35181,0.05786,0.93213,0.99799,0.0,0.5,0.0,-0.1565,-0.093,-0.9177,0.3527
1782303302029,43733,0.354,0.05957,0.93286,0.99955,0.0,0.5,0.0,-0.1565,-0.093,-0.9177,0.3527
1782303302029,43733,0.35229,0.05615,0.93506,1.0008,0.0,0.438,0.125,-0.1565,-0.093,-0.9177,0.3527
1782303302030,43734,0.35352,0.06274,0.93213,0.99889,0.0,-0.312,0.062,-0.1567,-0.093,-0.9177,0.3527
1782303302088,43792,0.35498,0.0625,0.9314,0.99871,0.062,-0.125,0.0,-0.1567,-0.093,-0.9177,0.3527
1782303302088,43792,0.35132,0.05933,0.93188,0.99767,0.0,-0.125,-0.062,-0.1567,-0.093,-0.9177,0.3527
1782303302089,43793,0.35132,0.05884,0.93311,0.99879,0.0,0.062,0.0,-0.1566,-0.093,-0.9177,0.3527
1782303302148,43852,0.35547,0.06006,0.93091,0.99828,0.062,-0.125,-0.062,-0.1566,-0.093,-0.9177,0.3527
1782303302151,43855,0.35303,0.05737,0.93237,0.99862,-0.125,-0.062,0.125,-0.1567,-0.093,-0.9177,0.3527
1782303302151,43855,0.35425,0.05859,0.93018,0.99707,-0.062,-0.312,0.125,-0.1566,-0.093,-0.9177,0.3527
1782303302210,43914,0.35571,0.06152,0.92969,0.99731,0.125,-0.562,0.0,-0.1567,-0.093,-0.9177,0.3527
1782303302211,43915,0.35425,0.05859,0.93237,0.99912,0.0,-0.312,0.188,-0.1567,-0.093,-0.9177,0.3527
1782303302211,43915,0.35327,0.05957,0.93384,1.0002,0.0,0.188,0.188,-0.1567,-0.093,-0.9177,0.3527
1782303302269,43973,0.35181,0.0603,0.9353,1.0011,0.0,0.125,0.0,-0.1567,-0.093,-0.9177,0.3527
1782303302269,43973,0.34937,0.06104,0.93359,0.99869,-0.062,0.25,0.0,-0.1566,-0.093,-0.9177,0.3527
1782303302270,43974,0.35303,0.05884,0.93408,1.0003,0.0,-0.25,0.062,-0.1565,-0.0928,-0.9177,0.3527
1782303302328,44032,0.35303,0.05884,0.93408,1.0003,0.0,-0.25,0.062,-0.1565,-0.0928,-0.9177,0.3527
1782303302328,44032,0.35205,0.05908,0.93433,1.0002,0.0,-0.25,0.0,-0.1565,-0.0928,-0.9177,0.3527
1782303302329,44033,0.35303,0.05835,0.93481,1.00096,-0.125,0.25,-0.062,-0.1567,-0.093,-0.9177,0.3527
1782303302393,44097,0.35352,0.05762,0.93115,0.99767,0.0,0.5,0.062,-0.1567,-0.093,-0.9177,0.3527
1782303302394,44098,0.35181,0.05615,0.93506,1.00063,0.062,0.688,-0.125,-0.1567,-0.093,-0.9177,0.3527
1782303302394,44098,0.35303,0.06519,0.93457,1.00115,0.062,-0.938,0.125,-0.1565,-0.0929,-0.9177,0.3527
1782303302449,44153,0.35303,0.06519,0.93457,1.00115,0.062,-0.938,0.125,-0.1565,-0.0929,-0.9177,0.3527
1782303302449,44153,0.35303,0.06421,0.93213,0.99881,0.188,-1.312,0.0,-0.1566,-0.093,-0.9177,0.3527
1782303302449,44153,0.35889,0.05957,0.93652,1.0047,0.0,1.062,0.0,-0.1567,-0.093,-0.9177,0.3527
1782303302508,44212,0.35596,0.06177,0.93115,0.99878,0.0,0.75,0.125,-0.1566,-0.093,-0.9177,0.3527
1782303302508,44212,0.35229,0.05981,0.93701,1.00284,-0.25,0.625,0.0,-0.1566,-0.093,-0.9177,0.3527
1782303302509,44213,0.34961,0.06055,0.93164,0.99692,0.0,-0.625,-0.188,-0.1565,-0.0929,-0.9177,0.3527
1782303302568,44272,0.34961,0.06055,0.93164,0.99692,0.0,-0.625,-0.188,-0.1565,-0.0929,-0.9177,0.3527
1782303302629,44333,0.35254,0.05981,0.93164,0.99791,0.062,-0.75,0.0,-0.1566,-0.093,-0.9177,0.3527
1782303302629,44333,0.35449,0.06299,0.93237,0.99948,0.0,0.375,-0.125,-0.1566,-0.093,-0.9177,0.3527
1782303302631,44335,0.35083,0.06274,0.93384,0.99954,-0.25,0.312,0.0,-0.1566,-0.093,-0.9177,0.3527
1782303302693,44397,0.35034,0.06226,0.93359,0.99911,0.0,0.25,-0.125,-0.1566,-0.093,-0.9177,0.3526
1782303302695,44399,0.35352,0.06055,0.93237,0.99898,-0.125,0.125,0.0,-0.1566,-0.093,-0.9177,0.3526
1782303302695,44399,0.35083,0.06323,0.93115,0.99706,0.188,-0.188,0.0,-0.1566,-0.093,-0.9177,0.3526
1782303302748,44452,0.35132,0.06421,0.93188,0.99798,0.0,-0.312,0.0,-0.1566,-0.093,-0.9177,0.3526
1782303302748,44452,0.34937,0.06104,0.93335,0.99846,0.0,-0.312,-0.062,-0.1566,-0.093,-0.9177,0.3526
1782303302749,44453,0.35254,0.05981,0.93311,0.99927,0.0,0.375,0.0,-0.1567,-0.093,-0.9177,0.3526
1782303302813,44517,0.35352,0.0564,0.93359,0.99988,0.0,0.875,0.062,-0.1566,-0.093,-0.9177,0.3526
1782303302814,44518,0.35596,0.06104,0.9314,0.99896,0.0,0.812,0.0,-0.1566,-0.093,-0.9177,0.3526
1782303302814,44518,0.35303,0.06445,0.93262,0.99928,0.125,-0.312,0.062,-0.1566,-0.0931,-0.9177,0.3526
1782303302870,44574,0.34814,0.06396,0.93335,0.99822,0.0,-0.25,0.0,-0.1566,-0.0931,-0.9177,0.3526
1782303302880,44584,0.3501,0.0625,0.93188,0.99744,0.0,-0.062,0.0,-0.1566,-0.0931,-0.9177,0.3526
1782303302886,44590,0.35742,0.06274,0.93335,1.00141,0.0,0.375,0.125,-0.1565,-0.093,-0.9177,0.3527
1782303302929,44633,0.35327,0.05737,0.93091,0.99734,0.188,0.25,0.0,-0.1565,-0.093,-0.9177,0.3527
1782303302930,44634,0.35132,0.05786,0.93481,1.00033,0.0,0.312,-0.062,-0.1565,-0.093,-0.9177,0.3527
1782303302930,44634,0.35449,0.05908,0.93066,0.99764,-0.062,-0.188,0.062,-0.1567,-0.0931,-0.9177,0.3526
1782303302988,44692,0.35229,0.06226,0.93335,0.99956,-0.125,0.375,0.125,-0.1567,-0.0931,-0.9177,0.3526
1782303302992,44696,0.35425,0.05933,0.93286,0.99962,0.062,0.688,0.188,-0.1566,-0.0931,-0.9177,0.3527
1782303302993,44697,0.35474,0.05884,0.93311,0.99999,0.125,-0.438,-0.062,-0.1566,-0.093,-0.9177,0.3527
1782303303049,44753,0.35498,0.06177,0.93286,1.00003,0.0,-0.438,0.0,-0.1566,-0.093,-0.9177,0.3527
1782303303049,44753,0.35498,0.06079,0.93335,1.00042,0.0,-0.5,0.0,-0.1566,-0.093,-0.9177,0.3527
1782303303050,44754,0.35425,0.06372,0.93286,0.99989,0.062,0.312,0.0,-0.1567,-0.0932,-0.9177,0.3526
1782303303122,44826,0.35425,0.06372,0.93286,0.99989,0.062,0.312,0.0,-0.1567,-0.0932,-0.9177,0.3526
1782303303122,44826,0.35547,0.05884,0.93311,1.00025,0.0,0.438,0.0,-0.1566,-0.0932,-0.9177,0.3527
1782303303123,44827,0.35132,0.0603,0.93359,0.99933,0.188,-0.438,0.062,-0.1566,-0.093,-0.9177,0.3527
1782303303172,44876,0.35278,0.06128,0.93555,1.00173,0.25,-0.438,0.0,-0.1566,-0.0931,-0.9177,0.3527
1782303303175,44879,0.35229,0.06079,0.93188,0.99811,0.0,-0.5,0.125,-0.1566,-0.0931,-0.9177,0.3527
1782303303175,44879,0.35034,0.05933,0.9314,0.99687,0.0,0.188,0.125,-0.1566,-0.0932,-0.9177,0.3527
1782303303230,44934,0.35132,0.06006,0.93481,1.00045,0.0,0.375,0.125,-0.1566,-0.0932,-0.9177,0.3527
1782303303230,44934,0.35107,0.06006,0.93018,0.99604,0.0,0.312,-0.062,-0.1566,-0.0931,-0.9177,0.3527
1782303303232,44936,0.35132,0.05981,0.93457,1.00021,0.125,-0.25,0.0,-0.1566,-0.0931,-0.9177,0.3527
1782303303288,44992,0.35327,0.05908,0.93188,0.99835,0.0,-0.188,-0.062,-0.1566,-0.0931,-0.9177,0.3527
1782303303288,44992,0.35327,0.06006,0.93066,0.99727,0.0,-0.188,0.0,-0.1566,-0.0931,-0.9177,0.3527
1782303303290,44994,0.34937,0.05981,0.93384,0.99884,0.0,0.312,0.062,-0.1566,-0.0931,-0.9177,0.3527
1782303303357,45061,0.35132,0.06201,0.93433,1.00012,0.0,0.25,0.0,-0.1565,-0.0931,-0.9177,0.3527
1782303303361,45065,0.35327,0.05786,0.93164,0.99805,-0.188,0.0,0.062,-0.1565,-0.0931,-0.9177,0.3527
1782303303361,45065,0.35132,0.05908,0.9314,0.9972,0.0,-0.062,-0.062,-0.1566,-0.093,-0.9177,0.3527
1782303303417,45121,0.34985,0.05884,0.93213,0.99736,0.0,-0.188,0.0,-0.1566,-0.0931,-0.9177,0.3527
1782303303418,45122,0.35352,0.06445,0.93091,0.99786,0.0,0.0,0.0,-0.1566,-0.0931,-0.9177,0.3527
1782303303418,45122,0.35522,0.05811,0.93311,1.00012,0.0,0.125,0.188,-0.1566,-0.0931,-0.9177,0.3527
1782303303468,45172,0.35425,0.06128,0.93604,1.0027,-0.062,0.125,0.0,-0.1566,-0.0931,-0.9177,0.3527
1782303303468,45172,0.35425,0.05933,0.93164,0.99848,-0.062,-0.125,0.0,-0.1566,-0.0931,-0.9177,0.3527
1782303303469,45173,0.35059,0.06079,0.93311,0.99865,0.0,0.0,-0.062,-0.1566,-0.0931,-0.9177,0.3527
1782303303531,45235,0.35352,0.05811,0.93359,0.99997,0.0,0.25,0.062,-0.1566,-0.0931,-0.9177,0.3527
1782303303532,45236,0.35376,0.05835,0.9353,1.00167,-0.062,0.312,-0.125,-0.1565,-0.093,-0.9177,0.3527
1782303303534,45238,0.35498,0.05884,0.93311,1.00008,0.0,0.0,0.125,-0.1565,-0.093,-0.9177,0.3527
1782303303589,45293,0.35083,0.05811,0.93262,0.99811,0.125,-0.312,0.0,-0.1565,-0.093,-0.9177,0.3527
1782303303589,45293,0.35522,0.06226,0.93408,1.00128,0.0,-0.375,0.062,-0.1565,-0.093,-0.9177,0.3527
1782303303590,45294,0.35522,0.06226,0.93408,1.00128,0.0,-0.375,0.062,-0.1565,-0.093,-0.9177,0.3527
1782303303653,45357,0.35522,0.06226,0.93408,1.00128,0.0,-0.375,0.062,-0.1565,-0.093,-0.9177,0.3527
1782303303655,45359,0.35205,0.0564,0.93286,0.99867,0.0,0.312,0.125,-0.1566,-0.0931,-0.9177,0.3527
1782303303655,45359,0.35571,0.05981,0.93042,0.99789,0.0,-0.125,0.062,-0.1565,-0.093,-0.9177,0.3527
1782303303711,45415,0.35229,0.0625,0.93457,1.00072,0.0,-0.25,0.062,-0.1565,-0.093,-0.9177,0.3527
1782303303712,45416,0.35278,0.06201,0.93408,1.00041,-0.062,-0.312,-0.125,-0.1565,-0.093,-0.9177,0.3527
1782303303712,45416,0.35034,0.0603,0.93481,1.00013,0.0,0.125,0.0,-0.1566,-0.093,-0.9177,0.3527
1782303303768,45472,0.354,0.06128,0.93384,1.00056,-0.062,0.25,0.125,-0.1566,-0.093,-0.9177,0.3527
1782303303768,45472,0.35034,0.05933,0.93335,0.9987,0.0,0.125,-0.125,-0.1566,-0.093,-0.9177,0.3527
1782303303769,45473,0.35327,0.05688,0.93384,1.00004,0.125,0.125,0.062,-0.1566,-0.0929,-0.9177,0.3527
1782303303832,45536,0.35547,0.0564,0.93237,0.99943,-0.062,-0.25,-0.125,-0.1566,-0.0929,-0.9177,0.3527
1782303303833,45537,0.35352,0.05957,0.93433,1.00074,0.0,-0.188,0.0,-0.1566,-0.0929,-0.9177,0.3527
1782303303833,45537,0.35278,0.07373,0.93164,0.99892,0.062,-0.5,0.0,-0.1568,-0.0931,-0.9177,0.3527
1782303303891,45595,0.3562,0.07178,0.93018,0.99863,0.0,-0.312,-0.062,-0.1568,-0.0932,-0.9177,0.3527
1782303303892,45596,0.35571,0.06885,0.92969,0.99779,0.062,0.375,0.125,-0.1568,-0.0932,-0.9177,0.3527
1782303303895,45599,0.35303,0.04932,0.93286,0.99864,0.0,0.812,-0.062,-0.1564,-0.093,-0.9177,0.3527
1782303303948,45652,0.35352,0.04639,0.93433,1.00005,0.0,0.75,0.0,-0.1564,-0.0929,-0.9177,0.3527
1782303303948,45652,0.35645,0.04492,0.93018,0.99715,-0.188,0.688,-0.188,-0.1564,-0.0929,-0.9177,0.3527
1782303303949,45653,0.35132,0.06763,0.93262,0.99889,0.062,-2.5,0.0,-0.1566,-0.093,-0.9177,0.3527
1782303304014,45718,0.35107,0.06812,0.93262,0.99883,0.188,-2.125,-0.062,-0.1567,-0.093,-0.9177,0.3527
1782303304014,45718,0.35034,0.07446,0.92822,0.99493,0.0,-1.438,0.125,-0.1568,-0.0931,-0.9177,0.3526
1782303304014,45718,0.35645,0.05884,0.92969,0.99741,-0.062,1.0,0.188,-0.1567,-0.0931,-0.9177,0.3527
1782303304071,45775,0.36108,0.05542,0.93481,1.00366,0.0,1.125,0.188,-0.1566,-0.093,-0.9177,0.3527
1782303304074,45778,0.35718,0.05664,0.92993,0.99778,0.0,1.188,-0.188,-0.1566,-0.093,-0.9177,0.3527
1782303304075,45779,0.35718,0.05664,0.92993,0.99778,0.0,1.188,-0.188,-0.1566,-0.093,-0.9177,0.3527
1782303304133,45837,0.34375,0.06323,0.93848,1.00145,0.062,-1.812,-0.125,-0.1564,-0.0928,-0.9178,0.3527
1782303304133,45837,0.34204,0.0625,0.93628,0.99876,0.062,-2.25,-0.125,-0.1564,-0.0929,-0.9177,0.3527
1782303304133,45837,0.36133,0.06226,0.93018,0.99983,0.062,2.25,0.188,-0.1569,-0.0932,-0.9177,0.3527
1782303304188,45892,0.35596,0.05933,0.92993,0.9975,-0.25,1.875,0.0,-0.1568,-0.0932,-0.9177,0.3527
1782303304188,45892,0.35669,0.06055,0.93164,0.99942,0.0,2.375,0.0,-0.1567,-0.0931,-0.9177,0.3527
1782303304190,45894,0.34937,0.05518,0.93872,1.00314,0.312,-1.25,0.0,-0.1563,-0.0928,-0.9178,0.3527
1782303304248,45952,0.34937,0.05518,0.93872,1.00314,0.312,-1.25,0.0,-0.1563,-0.0928,-0.9178,0.3527
1782303304250,45954,0.34717,0.05859,0.93579,0.99983,0.0,-2.062,0.0,-0.1564,-0.0929,-0.9177,0.3527
1782303304254,45958,0.35767,0.06396,0.93091,0.9993,0.0,1.75,0.125,-0.1569,-0.0932,-0.9177,0.3527
1782303304310,46014,0.35571,0.06055,0.93091,0.99839,-0.062,2.125,0.062,-0.1568,-0.0932,-0.9177,0.3527
1782303304311,46015,0.35498,0.05957,0.93091,0.99807,0.0,2.312,0.0,-0.1567,-0.0931,-0.9177,0.3527
1782303304312,46016,0.35083,0.04639,0.93677,1.00138,0.188,-1.812,-0.125,-0.1563,-0.0928,-0.9177,0.3528
1782303304367,46071,0.34155,0.06299,0.92798,0.99084,-0.188,-1.562,0.062,-0.1563,-0.0928,-0.9177,0.3527
1782303304368,46072,0.37939,0.05664,0.9585,1.03241,0.688,1.5,-0.25,-0.1564,-0.0928,-0.9177,0.3528
1782303304369,46073,0.3457,0.06616,0.91724,0.98245,-0.188,2.25,-0.25,-0.1569,-0.0932,-0.9177,0.3526
1782303304428,46132,0.36499,0.0686,0.94556,1.01587,0.0,3.0,0.125,-0.1568,-0.0932,-0.9177,0.3527
1782303304429,46133,0.33228,0.06055,0.93188,0.9912,-0.625,1.5,-0.625,-0.1566,-0.093,-0.9177,0.3527
1782303304429,46133,0.35474,0.05933,0.93921,1.00572,0.0,-1.75,0.312,-0.1563,-0.0928,-0.9178,0.3527
1782303304492,46196,0.35107,0.05566,0.93018,0.99578,0.0,-2.062,-0.25,-0.1564,-0.0929,-0.9177,0.3527
1782303304492,46196,0.34839,0.06543,0.92627,0.99178,0.25,-1.75,0.0,-0.1564,-0.093,-0.9177,0.3527
1782303304492,46196,0.35327,0.07007,0.92749,0.99496,0.0,0.0,-0.125,-0.1569,-0.0932,-0.9177,0.3526
1782303304548,46252,0.35132,0.06812,0.92554,0.99231,0.125,0.438,0.188,-0.1569,-0.0932,-0.9177,0.3526
1782303304548,46252,0.36011,0.06763,0.92847,0.99815,0.062,1.0,0.312,-0.1569,-0.0932,-0.9177,0.3526
1782303304550,46254,0.354,0.05664,0.93555,1.00189,0.0,-0.812,-0.062,-0.1563,-0.0929,-0.9178,0.3527
1782303304608,46312,0.35205,0.05933,0.93433,1.00021,0.0,-1.312,0.125,-0.1563,-0.0929,-0.9178,0.3527
1782303304608,46312,0.34961,0.06274,0.93701,1.00208,0.0,-1.938,0.0,-0.1564,-0.0929,-0.9177,0.3527
1782303304609,46313,0.35352,0.0647,0.93335,1.00015,-0.375,0.875,0.0,-0.1567,-0.0932,-0.9177,0.3526
1782303304668,46372,0.35522,0.05981,0.9314,0.99863,0.0,0.938,-0.062,-0.1567,-0.0932,-0.9177,0.3526
1782303304669,46373,0.35254,0.06079,0.93408,1.00024,-0.125,1.25,0.0,-0.1566,-0.0931,-0.9177,0.3526
1782303304669,46373,0.35156,0.05737,0.93652,1.00198,0.0,-1.812,-0.062,-0.1563,-0.0929,-0.9178,0.3527
1782303304728,46432,0.35645,0.06299,0.93286,1.00063,0.125,-2.25,0.0,-0.1564,-0.093,-0.9177,0.3527
1782303304728,46432,0.35596,0.06323,0.93457,1.00206,0.25,-2.5,0.0,-0.1565,-0.093,-0.9177,0.3527
1782303304730,46434,0.35156,0.05835,0.93286,0.99861,0.0,1.75,-0.125,-0.1567,-0.0932,-0.9177,0.3526
1782303304787,46491,0.34985,0.05762,0.93359,0.99866,0.0,1.75,0.0,-0.1567,-0.0931,-0.9177,0.3526
1782303304788,46492,0.35376,0.05811,0.93506,1.00143,-0.312,1.688,0.062,-0.1566,-0.093,-0.9177,0.3526
1782303304790,46494,0.35547,0.06445,0.93335,1.00083,0.188,-1.5,0.0,-0.1565,-0.093,-0.9177,0.3527
1782303304848,46552,0.35229,0.06372,0.93164,0.99806,0.0,-1.75,0.0,-0.1566,-0.093,-0.9177,0.3527
1782303304848,46552,0.35596,0.06274,0.92993,0.9977,0.375,-1.562,-0.062,-0.1566,-0.0931,-0.9177,0.3527
1782303304849,46553,0.35132,0.05933,0.93262,0.99836,0.0,1.75,0.0,-0.1566,-0.0931,-0.9177,0.3527
1782303304914,46618,0.35229,0.05371,0.93384,0.99952,-0.062,1.375,0.0,-0.1564,-0.093,-0.9177,0.3527
1782303304914,46618,0.3501,0.05615,0.93604,1.00094,0.0,0.688,0.062,-0.1564,-0.093,-0.9177,0.3527
1782303304915,46619,0.34985,0.06104,0.93237,0.99772,0.062,-0.938,0.062,-0.1567,-0.0931,-0.9177,0.3527
1782303304968,46672,0.35645,0.0603,0.93115,0.99887,0.0,-0.688,0.188,-0.1567,-0.0931,-0.9177,0.3527
1782303304968,46672,0.35352,0.0647,0.92798,0.99514,0.0,-0.375,-0.188,-0.1567,-0.0931,-0.9177,0.3527
1782303304970,46674,0.354,0.05957,0.93286,0.99955,-0.125,1.188,0.25,-0.1565,-0.093,-0.9177,0.3527
1782303305031,46735,0.35132,0.05591,0.93311,0.99862,-0.125,0.812,0.062,-0.1564,-0.093,-0.9177,0.3527
1782303305032,46736,0.35229,0.05835,0.93311,0.9991,0.0,0.25,-0.062,-0.1564,-0.093,-0.9177,0.3527
1782303305032,46736,0.35303,0.06519,0.93262,0.99933,0.0,-1.375,0.062,-0.1567,-0.0931,-0.9177,0.3527
1782303305089,46793,0.3584,0.06055,0.927,0.99571,0.0,-0.5,0.062,-0.1568,-0.0932,-0.9177,0.3527
1782303305092,46796,0.35498,0.05737,0.92603,0.99339,-0.062,0.25,0.062,-0.1568,-0.0932,-0.9177,0.3527
1782303305101,46805,0.35156,0.05786,0.92969,0.99562,0.0,0.25,0.0,-0.1565,-0.0929,-0.9177,0.3527
1782303305149,46853,0.35205,0.06152,0.93555,1.00149,0.0,0.0,0.062,-0.1565,-0.0929,-0.9177,0.3527
1782303305149,46853,0.34961,0.06348,0.93457,0.99984,0.125,-0.312,0.0,-0.1564,-0.0929,-0.9177,0.3527
1782303305153,46857,0.35522,0.06323,0.93018,0.9977,0.0,0.312,0.0,-0.1567,-0.0931,-0.9177,0.3527
1782303305207,46911,0.35522,0.06323,0.93018,0.9977,0.0,0.312,0.0,-0.1567,-0.0931,-0.9177,0.3527
1782303305208,46912,0.35693,0.0603,0.92993,0.9979,0.0,0.75,0.062,-0.1567,-0.0931,-0.9177,0.3527
1782303305209,46913,0.35254,0.05542,0.93481,1.00062,0.125,-1.75,0.062,-0.1565,-0.093,-0.9177,0.3527
1782303305270,46974,0.35278,0.05347,0.93164,0.99763,0.0,-1.312,0.0,-0.1566,-0.093,-0.9177,0.3527
1782303305272,46976,0.35205,0.06201,0.92944,0.99582,0.0,-1.062,-0.188,-0.1566,-0.093,-0.9177,0.3527
1782303305275,46979,0.35303,0.06348,0.93188,0.99853,0.0,0.25,0.188,-0.1566,-0.0931,-0.9177,0.3527
1782303305334,47038,0.35376,0.0625,0.93604,1.0026,-0.188,0.5,0.0,-0.1566,-0.0931,-0.9177,0.3527
1782303305335,47039,0.35376,0.0647,0.93262,0.99955,0.0,0.75,0.125,-0.1566,-0.0931,-0.9177,0.3527
1782303305335,47039,0.35498,0.05518,0.93286,0.99964,0.0,0.0,-0.062,-0.1564,-0.0929,-0.9177,0.3527
1782303305387,47091,0.35132,0.05762,0.93408,0.99963,0.188,0.062,0.0,-0.1564,-0.0929,-0.9177,0.3527
1782303305388,47092,0.35498,0.05762,0.93384,1.00069,0.0,0.062,0.0,-0.1564,-0.0929,-0.9177,0.3527
1782303305389,47093,0.35498,0.06396,0.93311,1.00039,0.0,-0.875,0.062,-0.1566,-0.093,-0.9177,0.3527
1782303305447,47151,0.35693,0.06055,0.92944,0.99746,0.0,-0.438,0.188,-0.1567,-0.0931,-0.9177,0.3527
1782303305448,47152,0.35938,0.06055,0.93066,0.99948,0.312,0.0,-0.125,-0.1567,-0.0931,-0.9177,0.3527
1782303305449,47153,0.35327,0.0542,0.93726,1.00309,0.0,0.312,-0.125,-0.1564,-0.0929,-0.9177,0.3527
1782303305508,47212,0.34961,0.06128,0.93335,0.99856,0.0,0.188,0.0,-0.1564,-0.0929,-0.9177,0.3527
1782303305509,47213,0.35254,0.05835,0.93115,0.99736,0.0,-0.062,0.0,-0.1564,-0.0929,-0.9177,0.3527
1782303305509,47213,0.3562,0.06201,0.9314,0.99911,0.25,-1.062,0.062,-0.1566,-0.093,-0.9177,0.3527
1782303305568,47272,0.35889,0.05957,0.92969,0.99833,0.0,-0.812,-0.062,-0.1566,-0.093,-0.9177,0.3527
1782303305568,47272,0.35718,0.06104,0.92798,0.99622,0.0,-0.188,0.0,-0.1566,-0.093,-0.9177,0.3527
1782303305570,47274,0.34937,0.05762,0.93384,0.99871,0.0,0.75,-0.062,-0.1564,-0.0929,-0.9177,0.3527
1782303305628,47332,0.34937,0.05933,0.93066,0.99585,0.0,0.438,0.0,-0.1564,-0.0929,-0.9177,0.3527
1782303305628,47332,0.34863,0.06055,0.93359,0.9984,-0.125,0.375,-0.125,-0.1563,-0.0928,-0.9177,0.3527
1782303305629,47333,0.35669,0.06128,0.93115,0.99901,0.0,-0.625,0.0,-0.1566,-0.093,-0.9177,0.3527
1782303305688,47392,0.35864,0.0647,0.92969,0.99856,0.0,-0.5,0.0,-0.1567,-0.093,-0.9177,0.3527
1782303305689,47393,0.36035,0.06494,0.92969,0.99919,-0.062,0.0,0.0,-0.1567,-0.093,-0.9177,0.3527
1782303305691,47395,0.36035,0.06494,0.92969,0.99919,-0.062,0.0,0.0,-0.1567,-0.093,-0.9177,0.3527
1782303305751,47455,0.3501,0.05664,0.93408,0.99914,-0.062,0.75,0.0,-0.1563,-0.0928,-0.9178,0.3527
1782303305754,47458,0.35034,0.05737,0.93579,1.00087,-0.062,0.25,0.062,-0.1563,-0.0928,-0.9178,0.3527
1782303305754,47458,0.35474,0.05933,0.93286,0.99979,0.125,-0.75,0.0,-0.1566,-0.0929,-0.9177,0.3527
1782303305809,47513,0.35669,0.06396,0.93018,0.99827,0.0,-0.688,-0.125,-0.1566,-0.093,-0.9177,0.3527
1782303305809,47513,0.35669,0.06128,0.93335,1.00106,0.0,-0.188,-0.062,-0.1566,-0.093,-0.9177,0.3527
1782303305809,47513,0.35229,0.06079,0.93481,1.00084,-0.125,0.75,0.0,-0.1564,-0.0929,-0.9177,0.3527
1782303305871,47575,0.35059,0.05933,0.93433,0.9997,0.0,0.875,0.0,-0.1564,-0.0929,-0.9177,0.3527
1782303305875,47579,0.35254,0.05786,0.93506,1.00098,-0.125,0.5,0.125,-0.1564,-0.0929,-0.9177,0.3527
1782303305875,47579,0.35571,0.06128,0.93066,0.99821,0.0,-0.75,0.062,-0.1565,-0.0929,-0.9177,0.3527
1782303305928,47632,0.35889,0.06104,0.93311,1.0016,0.0,-0.562,0.0,-0.1566,-0.0929,-0.9177,0.3527
1782303305932,47636,0.35327,0.06274,0.92847,0.99538,0.0,-0.438,-0.188,-0.1566,-0.093,-0.9177,0.3527
1782303305932,47636,0.35181,0.05762,0.93286,0.99866,0.0,0.5,0.0,-0.1564,-0.0929,-0.9177,0.3527
1782303305987,47691,0.35205,0.06201,0.93433,1.00038,0.0,0.312,0.0,-0.1564,-0.0929,-0.9177,0.3527
1782303305989,47693,0.35474,0.05566,0.93408,1.00072,0.0,-0.062,0.125,-0.1564,-0.0928,-0.9177,0.3527
1782303305990,47694,0.35376,0.06006,0.93213,0.99881,0.125,-0.312,0.062,-0.1566,-0.0929,-0.9177,0.3527
1782303306048,47752,0.34937,0.06543,0.9314,0.99691,0.0,-0.062,0.0,-0.1566,-0.093,-0.9177,0.3527
1782303306048,47752,0.35059,0.06348,0.93311,0.99881,0.0,0.188,-0.125,-0.1566,-0.093,-0.9177,0.3527
1782303306050,47754,0.35181,0.06128,0.9314,0.99751,0.0,0.062,0.188,-0.1564,-0.0929,-0.9177,0.3527
1782303306107,47811,0.354,0.0603,0.93579,1.00233,0.0,-0.062,0.062,-0.1564,-0.0929,-0.9177,0.3527
1782303306108,47812,0.35425,0.05762,0.93311,0.99975,0.0,-0.188,-0.062,-0.1564,-0.0929,-0.9177,0.3527
1782303306113,47817,0.35229,0.06177,0.93188,0.99817,0.0,-0.125,-0.062,-0.1566,-0.093,-0.9177,0.3527
1782303306168,47872,0.35132,0.06177,0.93188,0.99782,-0.062,0.062,0.125,-0.1566,-0.093,-0.9177,0.3527
1782303306168,47872,0.35303,0.06055,0.93115,0.99767,0.0,0.25,0.125,-0.1566,-0.093,-0.9177,0.3527
1782303306169,47873,0.35254,0.05835,0.93555,1.00147,0.0,0.125,0.0,-0.1564,-0.0929,-0.9177,0.3527
1782303306238,47942,0.35278,0.05786,0.93164,0.99788,0.0,-0.062,0.062,-0.1564,-0.0929,-0.9177,0.3527
1782303306238,47942,0.35254,0.05786,0.93262,0.9987,0.0,-0.25,0.0,-0.1565,-0.0929,-0.9177,0.3527
1782303306239,47943,0.35278,0.06055,0.93042,0.9969,0.0,-0.125,0.062,-0.1566,-0.0929,-0.9177,0.3527
1782303306293,47997,0.35205,0.06274,0.93066,0.997,0.0,0.0,0.062,-0.1566,-0.0929,-0.9177,0.3527
1782303306293,47997,0.35327,0.05981,0.93286,0.9993,0.0,0.0,-0.062,-0.1566,-0.093,-0.9177,0.3527
1782303306294,47998,0.354,0.06152,0.93311,0.99989,0.0,-0.062,0.125,-0.1566,-0.093,-0.9177,0.3527
1782303306349,48053,0.35327,0.06006,0.93311,0.99955,0.0,-0.062,0.062,-0.1566,-0.093,-0.9177,0.3527
1782303306349,48053,0.354,0.06055,0.93213,0.99892,0.0,0.25,0.188,-0.1566,-0.093,-0.9177,0.3527
1782303306350,48054,0.354,0.06055,0.93213,0.99892,0.0,0.25,0.188,-0.1566,-0.093,-0.9177,0.3527
1782303306425,48129,0.34961,0.06152,0.93555,1.00063,0.0,0.125,0.0,-0.1565,-0.0929,-0.9177,0.3527
1782303306426,48130,0.35132,0.06128,0.93311,0.99893,0.125,-0.312,-0.062,-0.1565,-0.0929,-0.9177,0.3527
1782303306426,48130,0.35425,0.06152,0.93066,0.9977,0.0,0.0,0.062,-0.1566,-0.093,-0.9177,0.3527
1782303306467,48171,0.35474,0.05933,0.93335,1.00025,0.0,0.375,0.125,-0.1566,-0.093,-0.9177,0.3527
1782303306468,48172,0.35376,0.06079,0.93213,0.99885,0.0,0.625,0.0,-0.1566,-0.093,-0.9177,0.3527
1782303306470,48174,0.35449,0.06177,0.93091,0.99803,0.0,0.125,-0.062,-0.1565,-0.093,-0.9177,0.3527
1782303306531,48235,0.35449,0.06177,0.93091,0.99803,0.0,0.125,-0.062,-0.1565,-0.093,-0.9177,0.3527
1782303306532,48236,0.35132,0.05713,0.93555,1.00097,0.062,0.062,0.062,-0.1565,-0.093,-0.9177,0.3527
1782303306535,48239,0.35547,0.06177,0.93188,0.99929,0.062,-0.188,0.125,-0.1566,-0.093,-0.9177,0.3527
1782303306588,48292,0.35278,0.0603,0.9292,0.99574,0.0,0.0,-0.125,-0.1566,-0.093,-0.9177,0.3527
1782303306588,48292,0.35181,0.06201,0.93262,0.99869,0.0,0.062,-0.062,-0.1566,-0.093,-0.9177,0.3527
1782303306589,48293,0.34863,0.06104,0.93481,0.99957,0.188,-0.062,-0.062,-0.1565,-0.093,-0.9177,0.3527
1782303306649,48353,0.34937,0.05981,0.93164,0.99679,0.0,0.062,0.062,-0.1564,-0.093,-0.9177,0.3527
1782303306649,48353,0.35547,0.06152,0.93237,0.99973,0.0,0.062,0.312,-0.1564,-0.093,-0.9177,0.3527
1782303306649,48353,0.35449,0.05615,0.92969,0.99656,0.0,-0.125,0.062,-0.1565,-0.093,-0.9177,0.3527
1782303306708,48412,0.35596,0.05908,0.93213,0.99953,0.0,-0.125,0.0,-0.1566,-0.093,-0.9177,0.3527
1782303306709,48413,0.354,0.05811,0.93286,0.99946,0.125,-0.188,-0.062,-0.1566,-0.093,-0.9177,0.3527
1782303306709,48413,0.34839,0.06348,0.93311,0.99804,-0.062,0.125,0.062,-0.1566,-0.093,-0.9177,0.3527
1782303306767,48471,0.34839,0.06348,0.93311,0.99804,-0.062,0.125,0.062,-0.1566,-0.093,-0.9177,0.3527
1782303306768,48472,0.34961,0.06396,0.93628,1.00147,0.0,0.125,0.0,-0.1565,-0.093,-0.9177,0.3527
1782303306769,48473,0.35474,0.05347,0.93164,0.99832,0.0,-0.188,-0.125,-0.1564,-0.0929,-0.9177,0.3527
1782303306828,48532,0.35474,0.05347,0.93164,0.99832,0.0,-0.188,-0.125,-0.1564,-0.0929,-0.9177,0.3527
1782303306828,48532,0.35742,0.05835,0.93237,1.00024,0.0,-0.312,-0.125,-0.1564,-0.0929,-0.9177,0.3527
1782303306829,48533,0.34766,0.06445,0.93237,0.99717,0.0,-0.25,0.062,-0.1566,-0.093,-0.9177,0.3527
1782303306890,48594,0.34766,0.06445,0.93237,0.99717,0.0,-0.25,0.062,-0.1566,-0.093,-0.9177,0.3527
1782303306890,48594,0.35083,0.06201,0.93555,1.00109,0.0,-0.188,0.062,-0.1565,-0.093,-0.9177,0.3527
1782303306890,48594,0.35645,0.06348,0.93091,0.99884,0.062,-0.25,0.0,-0.1565,-0.093,-0.9177,0.3527
1782303306947,48651,0.3562,0.05908,0.93066,0.99825,0.0,-0.062,0.062,-0.1565,-0.093,-0.9177,0.3527
1782303306948,48652,0.35938,0.06104,0.93164,1.00041,0.0,-0.375,0.062,-0.1566,-0.093,-0.9177,0.3527
1782303306949,48653,0.34863,0.06055,0.93579,1.00046,-0.125,0.625,0.0,-0.1565,-0.0931,-0.9177,0.3527
1782303307009,48713,0.34766,0.05933,0.93359,0.99799,-0.188,0.0,0.062,-0.1565,-0.093,-0.9177,0.3527
1782303307014,48718,0.35107,0.0603,0.93481,1.00038,0.0,0.062,0.0,-0.1565,-0.093,-0.9177,0.3527
1782303307014,48718,0.3562,0.05957,0.93115,0.99874,0.0,-0.312,0.0,-0.1564,-0.093,-0.9177,0.3527
1782303307067,48771,0.3562,0.05957,0.93115,0.99874,0.0,-0.312,0.0,-0.1564,-0.093,-0.9177,0.3527
1782303307068,48772,0.35693,0.06177,0.93311,1.00095,0.25,-0.25,0.125,-0.1565,-0.093,-0.9177,0.3527
1782303307071,48775,0.35376,0.05981,0.93262,0.99925,0.0,0.75,0.0,-0.1566,-0.0931,-0.9177,0.3527
1782303307127,48831,0.354,0.06055,0.93457,1.0012,-0.125,0.625,0.0,-0.1565,-0.0931,-0.9177,0.3527
1782303307128,48832,0.35229,0.05811,0.93408,1.0,0.0,0.438,0.0,-0.1565,-0.0931,-0.9177,0.3527
1782303307129,48833,0.35059,0.05786,0.9292,0.99482,0.062,-0.438,0.062,-0.1564,-0.093,-0.9177,0.3527
1782303307192,48896,0.35181,0.06274,0.93506,1.00102,0.0,-0.438,0.062,-0.1565,-0.093,-0.9177,0.3527
1782303307194,48898,0.35083,0.06201,0.93213,0.99789,0.062,-0.625,0.062,-0.1565,-0.093,-0.9177,0.3527
1782303307194,48898,0.35425,0.05908,0.93286,0.99961,0.0,0.688,0.125,-0.1565,-0.0931,-0.9177,0.3527
1782303307251,48955,0.35425,0.05908,0.93286,0.99961,0.0,0.688,0.125,-0.1565,-0.0931,-0.9177,0.3527
1782303307251,48955,0.35376,0.05664,0.93604,1.00226,-0.062,0.562,0.0,-0.1565,-0.093,-0.9177,0.3527
1782303307251,48955,0.35107,0.0625,0.93408,0.99983,0.0,-0.875,0.062,-0.1564,-0.0929,-0.9177,0.3527
1782303307307,49011,0.35229,0.06201,0.93042,0.99681,0.0,-1.062,-0.188,-0.1566,-0.093,-0.9177,0.3527
1782303307308,49012,0.3501,0.0625,0.93115,0.99675,0.062,-0.938,0.0,-0.1566,-0.093,-0.9177,0.3527
1782303307309,49013,0.35425,0.05981,0.9314,0.99828,-0.25,1.188,-0.188,-0.1566,-0.093,-0.9177,0.3527
1782303307368,49072,0.35425,0.05981,0.93506,1.0017,-0.188,1.125,0.062,-0.1566,-0.093,-0.9177,0.3527
1782303307368,49072,0.35229,0.05933,0.93506,1.00098,-0.062,1.062,0.188,-0.1565,-0.093,-0.9177,0.3527
1782303307368,49072,0.35229,0.05933,0.93506,1.00098,-0.062,1.062,0.188,-0.1565,-0.093,-0.9177,0.3527
1782303307432,49136,0.35181,0.06445,0.93213,0.99839,0.062,-0.688,0.0,-0.1565,-0.0929,-0.9177,0.3527
1782303307432,49136,0.35425,0.06543,0.92798,0.99545,0.062,-0.875,0.125,-0.1565,-0.093,-0.9177,0.3527
1782303307432,49136,0.35571,0.06128,0.93213,0.99958,-0.188,0.312,0.0,-0.1566,-0.093,-0.9177,0.3527
1782303307488,49192,0.35547,0.05786,0.93115,0.99837,-0.25,0.562,0.062,-0.1566,-0.093,-0.9177,0.3527
1782303307488,49192,0.35498,0.05981,0.93213,0.99923,0.0,0.5,0.125,-0.1566,-0.093,-0.9177,0.3527
1782303307489,49193,0.35156,0.0625,0.9353,1.00115,0.062,-0.375,0.062,-0.1565,-0.0929,-0.9177,0.3527
1782303307548,49252,0.35083,0.06274,0.93311,0.99885,0.0,-0.5,0.125,-0.1565,-0.0929,-0.9177,0.3527
1782303307549,49253,0.34839,0.06128,0.93262,0.99745,0.188,-0.688,0.0,-0.1566,-0.093,-0.9177,0.3527
1782303307549,49253,0.36035,0.0625,0.93604,1.00495,-0.062,0.938,0.188,-0.1566,-0.093,-0.9177,0.3527
1782303307608,49312,0.35059,0.0564,0.93237,0.9977,0.0,1.125,0.0,-0.1565,-0.093,-0.9177,0.3528
1782303307608,49312,0.35156,0.05737,0.93262,0.99833,-0.062,0.562,0.0,-0.1565,-0.0929,-0.9177,0.3528
1782303307609,49313,0.35156,0.06128,0.93408,0.99993,0.0,-0.812,0.0,-0.1565,-0.0929,-0.9177,0.3527
1782303307668,49372,0.35352,0.05835,0.93506,1.00136,0.125,-0.688,0.062,-0.1565,-0.0929,-0.9177,0.3527
1782303307668,49372,0.34985,0.06128,0.93335,0.99865,0.062,-0.688,0.188,-0.1566,-0.0929,-0.9177,0.3528
1782303307669,49373,0.3501,0.05884,0.93311,0.99836,-0.062,0.438,-0.062,-0.1566,-0.093,-0.9177,0.3527
1782303307729,49433,0.35303,0.06152,0.93555,1.00183,0.0,0.312,0.062,-0.1566,-0.093,-0.9177,0.3527
1782303307730,49434,0.34912,0.06006,0.93359,0.99854,0.0,0.438,-0.062,-0.1565,-0.0929,-0.9177,0.3527
1782303307730,49434,0.35254,0.05615,0.93311,0.99906,0.0,-0.188,0.125,-0.1565,-0.0929,-0.9177,0.3527
1782303307789,49493,0.35718,0.05908,0.93286,1.00065,0.0,0.0,0.0,-0.1566,-0.0929,-0.9177,0.3527
1782303307790,49494,0.35645,0.06055,0.93213,0.99979,0.0,-0.312,0.0,-0.1566,-0.0929,-0.9177,0.3527
1782303307790,49494,0.35327,0.0647,0.93457,1.0012,-0.125,0.062,0.062,-0.1566,-0.093,-0.9177,0.3527
1782303307849,49553,0.35083,0.06348,0.93018,0.99616,-0.062,0.125,0.0,-0.1566,-0.093,-0.9177,0.3527
1782303307853,49557,0.35376,0.06299,0.93213,0.99899,0.0,0.25,0.062,-0.1566,-0.093,-0.9177,0.3527
1782303307856,49560,0.35181,0.05591,0.9314,0.99719,-0.062,0.625,0.0,-0.1565,-0.0929,-0.9177,0.3528
1782303307908,49612,0.35645,0.05762,0.93457,1.0019,-0.062,0.312,0.0,-0.1564,-0.0929,-0.9177,0.3528
1782303307908,49612,0.3501,0.05518,0.93262,0.99769,0.0,0.0,0.0,-0.1564,-0.0929,-0.9177,0.3528
1782303307909,49613,0.3501,0.05518,0.93262,0.99769,0.0,0.0,0.0,-0.1564,-0.0929,-0.9177,0.3528
1782303307967,49671,0.35596,0.05591,0.93457,1.00163,0.062,-1.188,0.125,-0.1566,-0.093,-0.9177,0.3527
1782303307968,49672,0.3418,0.09717,0.91895,0.98525,0.5,0.062,-1.125,-0.1566,-0.0931,-0.9177,0.3527
1782303307968,49672,0.36548,0.04907,0.92773,0.99834,0.0,2.25,0.25,-0.1564,-0.0929,-0.9177,0.3529
1782303308029,49733,0.36768,0.04663,0.93579,1.00651,-0.438,2.0,0.25,-0.1564,-0.0928,-0.9177,0.3529
1782303308029,49733,0.35107,0.05469,0.93335,0.99869,0.0,0.75,-0.25,-0.1563,-0.0928,-0.9177,0.3529
1782303308030,49734,0.34253,0.06421,0.96411,1.02516,-0.75,4.062,0.25,-0.1564,-0.0929,-0.9177,0.3528
1782303308092,49796,0.34058,0.05713,0.95972,1.01996,-0.312,1.0,0.188,-0.1563,-0.0928,-0.9177,0.3528
1782303308096,49800,0.34009,0.05322,0.9519,1.01223,0.188,-3.375,0.0,-0.1564,-0.0929,-0.9177,0.3528
1782303308096,49800,0.34888,0.05908,0.94507,1.00914,-0.5,5.125,-0.188,-0.1563,-0.0928,-0.9177,0.3529
1782303308147,49851,0.35156,0.05566,0.94849,1.01308,-0.312,1.5,-0.125,-0.1562,-0.0927,-0.9177,0.3529
1782303308148,49852,0.35522,0.05103,0.9436,1.00954,0.0,-2.312,0.062,-0.1563,-0.0927,-0.9177,0.3529
1782303308148,49852,0.35522,0.05103,0.9436,1.00954,0.0,-2.312,0.062,-0.1563,-0.0927,-0.9177,0.3529
1782303308208,49912,0.34766,0.06396,0.94678,1.01062,-0.25,0.812,-0.25,-0.1565,-0.0928,-0.9177,0.3529
1782303308208,49912,0.34082,0.07202,0.94263,1.00493,-0.062,-1.062,-0.125,-0.1565,-0.0928,-0.9177,0.3528
1782303308209,49913,0.36328,0.05811,0.92993,1.00006,0.0,0.0,0.062,-0.1568,-0.0932,-0.9176,0.3529
1782303308272,49976,0.35962,0.05371,0.92139,0.99054,0.0,0.375,-0.062,-0.1568,-0.0931,-0.9176,0.3529
1782303308273,49977,0.36084,0.05151,0.92456,0.99382,0.0,1.125,0.062,-0.1568,-0.0931,-0.9176,0.3529
1782303308273,49977,0.34375,0.06494,0.93555,0.99881,-0.188,-0.688,-0.188,-0.1567,-0.0928,-0.9177,0.3528
1782303308327,50031,0.34497,0.07031,0.93726,1.0012,-0.062,-0.875,-0.062,-0.1567,-0.0929,-0.9177,0.3528
1782303308328,50032,0.34985,0.06958,0.94482,1.00992,-0.062,-0.688,-0.062,-0.1567,-0.0929,-0.9177,0.3528
1782303308328,50032,0.34985,0.06958,0.94482,1.00992,-0.062,-0.688,-0.062,-0.1567,-0.0929,-0.9177,0.3528
1782303308390,50094,0.3562,0.06079,0.93359,1.00109,0.0,2.75,0.188,-0.1569,-0.0931,-0.9176,0.3529
1782303308390,50094,0.3562,0.06445,0.93506,1.00268,0.0,1.625,0.25,-0.1567,-0.093,-0.9176,0.3529
1782303308390,50094,0.35376,0.05151,0.94238,1.00791,-0.25,1.0,-0.125,-0.1563,-0.0927,-0.9177,0.3529
1782303308448,50152,0.34229,0.05396,0.94043,1.00224,-0.25,-0.312,-0.188,-0.1563,-0.0927,-0.9177,0.3529
1782303308448,50152,0.34082,0.05518,0.94434,1.00547,0.125,-1.875,-0.062,-0.1563,-0.0927,-0.9177,0.3529
1782303308448,50152,0.34985,0.07007,0.9248,0.99125,0.0,2.0,0.188,-0.1571,-0.0932,-0.9176,0.3528
1782303308507,50211,0.35278,0.06494,0.93359,1.00014,0.188,2.688,0.312,-0.1571,-0.0932,-0.9176,0.3529
1782303308507,50211,0.34448,0.0752,0.92603,0.99088,0.062,2.688,-0.062,-0.1569,-0.0932,-0.9176,0.3529
1782303308508,50212,0.35083,0.04834,0.92456,0.99007,0.0,1.688,0.0,-0.1564,-0.0928,-0.9177,0.353
1782303308570,50274,0.35718,0.04712,0.93188,0.9991,-0.625,0.625,0.0,-0.1564,-0.0928,-0.9177,0.353
1782303308570,50274,0.3562,0.03809,0.94409,1.00977,-0.125,1.0,0.0,-0.1563,-0.0927,-0.9177,0.353
1782303308580,50284,0.34937,0.07373,0.93652,1.00228,0.062,-0.375,0.0,-0.157,-0.0931,-0.9176,0.3529
1782303308632,50336,0.34692,0.07178,0.93457,0.99946,0.062,-0.938,-0.062,-0.157,-0.0932,-0.9176,0.3528
1782303308632,50336,0.34937,0.07056,0.92847,0.99453,0.375,-1.0,0.188,-0.1571,-0.0932,-0.9176,0.3529
1782303308633,50337,0.35449,0.0603,0.93506,1.00182,0.0,1.188,0.0,-0.1564,-0.0929,-0.9177,0.3529
1782303308689,50393,0.35718,0.05493,0.93433,1.00178,-0.062,0.625,0.0,-0.1564,-0.0929,-0.9177,0.3529
1782303308689,50393,0.35522,0.05371,0.93335,1.00011,0.0,0.375,0.125,-0.1564,-0.0929,-0.9177,0.353
1782303308689,50393,0.34937,0.06128,0.92896,0.99437,0.0,-1.25,-0.062,-0.1567,-0.093,-0.9176,0.3529
1782303308749,50453,0.34619,0.06201,0.93945,1.00313,0.0,-1.125,-0.25,-0.1567,-0.093,-0.9176,0.3529
1782303308749,50453,0.34595,0.06812,0.93042,0.99499,0.062,-0.938,0.0,-0.1567,-0.093,-0.9176,0.3529
1782303308749,50453,0.35449,0.06299,0.92822,0.99561,0.0,0.5,0.0,-0.1566,-0.0931,-0.9176,0.3529
1782303308807,50511,0.3562,0.06323,0.93359,1.00124,0.0,0.812,0.312,-0.1566,-0.0931,-0.9176,0.3529
1782303308807,50511,0.35815,0.05664,0.93384,1.00177,0.0,0.688,0.312,-0.1566,-0.093,-0.9176,0.3529
1782303308809,50513,0.3606,0.04565,0.93726,1.00527,-0.625,3.438,-0.438,-0.1567,-0.093,-0.9176,0.353
1782303308869,50573,0.34497,0.04883,0.93311,0.99603,-0.25,2.312,-0.562,-0.1566,-0.0929,-0.9176,0.353
1782303308872,50576,0.3562,0.04321,0.948,1.01363,0.0,-0.625,-0.375,-0.1565,-0.0928,-0.9176,0.353
1782303308873,50577,0.3562,0.04321,0.948,1.01363,0.0,-0.625,-0.375,-0.1565,-0.0928,-0.9176,0.353
1782303308930,50634,0.34448,0.07715,0.95386,1.01709,0.125,0.625,0.688,-0.1566,-0.0929,-0.9177,0.3528
1782303308931,50635,0.34448,0.07959,0.94604,1.00995,0.125,-3.875,0.0,-0.1566,-0.093,-0.9177,0.3528
1782303308931,50635,0.3479,0.0603,0.92334,0.98855,-0.188,2.5,0.875,-0.1563,-0.0929,-0.9177,0.3529
1782303308988,50692,0.37354,0.04102,0.94482,1.01681,0.062,2.812,0.75,-0.1562,-0.0928,-0.9177,0.353
1782303308989,50693,0.34888,0.05396,0.92725,0.99218,-0.438,1.188,-0.625,-0.1561,-0.0928,-0.9177,0.353
1782303308989,50693,0.36084,0.05396,0.93311,1.0019,0.312,-4.062,-0.25,-0.1568,-0.093,-0.9176,0.3529
1782303309047,50751,0.36084,0.05396,0.93311,1.0019,0.312,-4.062,-0.25,-0.1568,-0.093,-0.9176,0.3529
1782303309047,50751,0.35938,0.05762,0.93359,1.00203,0.25,-5.0,-0.312,-0.157,-0.0931,-0.9176,0.3529
1782303309058,50762,0.34351,0.05591,0.93848,1.00093,-0.5,3.438,0.0,-0.1569,-0.0931,-0.9176,0.3529
1782303309114,50818,0.34448,0.05396,0.93457,0.9975,0.0,3.812,0.25,-0.1567,-0.093,-0.9176,0.3529
1782303309114,50818,0.34692,0.05029,0.93701,1.00044,0.0,4.062,0.312,-0.1564,-0.0929,-0.9177,0.3529
1782303309114,50818,0.36475,0.0603,0.92285,0.99415,0.188,-4.25,-0.062,-0.1565,-0.0929,-0.9176,0.353
1782303309167,50871,0.36816,0.06348,0.92163,0.99447,0.188,-3.062,0.0,-0.1567,-0.093,-0.9176,0.353
1782303309168,50872,0.36621,0.05762,0.92236,0.99407,0.0,-2.062,-0.25,-0.1567,-0.093,-0.9176,0.3529
1782303309169,50873,0.34448,0.06177,0.93359,0.99704,0.0,-0.562,-0.062,-0.1567,-0.093,-0.9176,0.3529
1782303309228,50932,0.34814,0.05371,0.93726,1.00127,0.0,0.062,0.062,-0.1567,-0.093,-0.9176,0.3529
1782303309228,50932,0.34888,0.05786,0.93579,1.00038,0.0,-0.125,-0.188,-0.1567,-0.093,-0.9176,0.3529
1782303309228,50932,0.36279,0.05933,0.92334,0.99383,0.0,0.0,0.0,-0.157,-0.0932,-0.9176,0.3529
1782303309290,50994,0.36401,0.06372,0.92603,0.99704,0.0,0.625,0.25,-0.157,-0.0932,-0.9176,0.3529
1782303309290,50994,0.3606,0.06299,0.92603,0.99575,0.0,1.438,0.0,-0.157,-0.0932,-0.9176,0.3529
1782303309291,50995,0.34473,0.05811,0.93823,1.00125,0.0,0.562,0.188,-0.1563,-0.0928,-0.9177,0.3529
1782303309348,51052,0.34766,0.05957,0.9397,1.00372,0.0,-0.062,0.125,-0.1562,-0.0928,-0.9177,0.3529
1782303309351,51055,0.34668,0.06274,0.93677,1.00083,0.0,-0.562,0.0,-0.1562,-0.0928,-0.9177,0.3529
1782303309351,51055,0.36108,0.05688,0.93115,1.00033,0.0,-0.312,-0.125,-0.1568,-0.0931,-0.9176,0.3529
1782303309407,51111,0.35767,0.0564,0.92627,0.99453,0.0,0.188,0.0,-0.1569,-0.0931,-0.9176,0.3529
1782303309408,51112,0.36206,0.05322,0.92749,0.99708,0.125,0.688,0.062,-0.1569,-0.093,-0.9176,0.3529
1782303309408,51112,0.34668,0.06592,0.93384,0.99829,0.0,-0.5,0.0,-0.1567,-0.093,-0.9176,0.3529
1782303309467,51171,0.3501,0.0625,0.9314,0.99698,-0.062,0.062,0.0,-0.1567,-0.0931,-0.9176,0.3529
1782303309468,51172,0.35034,0.06177,0.93481,1.00022,0.0,0.812,0.188,-0.1566,-0.093,-0.9176,0.3529
1782303309469,51173,0.35742,0.06079,0.93237,1.00038,-0.062,0.5,0.062,-0.1565,-0.0929,-0.9177,0.3529
1782303309528,51232,0.35718,0.06299,0.93237,1.00043,0.062,0.438,0.0,-0.1564,-0.093,-0.9177,0.3529
1782303309528,51232,0.35449,0.06006,0.93262,0.99952,0.062,0.688,0.062,-0.1564,-0.093,-0.9177,0.3529
1782303309529,51233,0.35205,0.05664,0.93335,0.99914,0.0,0.438,-0.062,-0.1567,-0.093,-0.9176,0.3529
1782303309587,51291,0.35132,0.05615,0.93213,0.99772,-0.062,0.562,0.125,-0.1567,-0.093,-0.9176,0.3529
1782303309588,51292,0.34448,0.05811,0.93652,0.99956,-0.062,0.438,-0.062,-0.1567,-0.093,-0.9176,0.3529
1782303309588,51292,0.354,0.06372,0.92847,0.99571,0.125,-0.438,0.062,-0.1567,-0.093,-0.9176,0.3529
1782303309648,51352,0.35815,0.06055,0.93384,1.00199,0.125,-0.375,-0.062,-0.1567,-0.0931,-0.9176,0.3529
1782303309648,51352,0.35791,0.0603,0.93164,0.99985,0.0,-0.188,0.062,-0.1567,-0.0931,-0.9176,0.3529
1782303309650,51354,0.35107,0.05713,0.93408,0.99951,-0.188,1.062,-0.062,-0.1565,-0.093,-0.9177,0.3529
1782303309715,51419,0.35107,0.05566,0.93652,1.00171,-0.062,1.0,0.125,-0.1564,-0.093,-0.9177,0.3529
1782303309715,51419,0.34961,0.05225,0.93359,0.99828,-0.062,1.062,0.0,-0.1564,-0.0929,-0.9177,0.3529
1782303309715,51419,0.35498,0.06274,0.93384,1.001,0.375,-2.438,-0.062,-0.1566,-0.093,-0.9176,0.3529
1782303309767,51471,0.35669,0.0625,0.9314,0.99932,0.375,-2.812,0.062,-0.1567,-0.093,-0.9176,0.3529
1782303309768,51472,0.35693,0.06738,0.92651,0.99517,0.312,-2.438,-0.062,-0.1569,-0.0931,-0.9176,0.3529
1782303309768,51472,0.3501,0.05835,0.93701,1.00198,-0.188,2.062,0.062,-0.1567,-0.0931,-0.9176,0.3529
1782303309827,51531,0.3501,0.05566,0.93188,0.99703,-0.375,2.062,0.0,-0.1566,-0.093,-0.9177,0.3529
1782303309828,51532,0.35083,0.05225,0.93872,1.0035,0.0,1.75,0.062,-0.1565,-0.093,-0.9177,0.3529
1782303309829,51533,0.35181,0.06372,0.92969,0.99607,0.188,-1.438,0.062,-0.1565,-0.0929,-0.9177,0.3529
1782303309890,51594,0.35181,0.06372,0.92969,0.99607,0.188,-1.438,0.062,-0.1565,-0.0929,-0.9177,0.3529
1782303309891,51595,0.35669,0.06152,0.93164,0.99948,0.188,-1.312,0.062,-0.1566,-0.093,-0.9176,0.3529
1782303309891,51595,0.35474,0.05835,0.93433,1.0011,-0.188,1.062,0.062,-0.1567,-0.0931,-0.9176,0.3529
1782303309947,51651,0.35229,0.05884,0.93433,1.00027,-0.125,0.812,0.062,-0.1566,-0.093,-0.9176,0.3529
1782303309947,51651,0.35303,0.0564,0.93506,1.00107,0.0,0.562,0.0,-0.1566,-0.093,-0.9177,0.3529
1782303309948,51652,0.35278,0.05469,0.93628,1.00203,0.125,-0.375,0.062,-0.1566,-0.0929,-0.9177,0.3529
1782303310011,51715,0.35278,0.05469,0.93628,1.00203,0.125,-0.375,0.062,-0.1566,-0.0929,-0.9177,0.3529
1782303310011,51715,0.34839,0.06226,0.93213,0.99705,0.25,-0.938,0.0,-0.1566,-0.0929,-0.9177,0.3529
1782303310011,51715,0.35205,0.05884,0.93262,0.99859,0.0,0.875,0.188,-0.1566,-0.093,-0.9176,0.3529
1782303310067,51771,0.35205,0.05811,0.93311,0.999,-0.062,0.812,0.0,-0.1566,-0.093,-0.9177,0.3529
1782303310068,51772,0.35107,0.05933,0.93652,1.00192,-0.188,0.5,-0.062,-0.1565,-0.093,-0.9177,0.3529
1782303310070,51774,0.35107,0.05933,0.93652,1.00192,-0.188,0.5,-0.062,-0.1565,-0.093,-0.9177,0.3529
1782303310127,51831,0.34937,0.0603,0.93237,0.9975,0.188,-0.5,0.0,-0.1566,-0.093,-0.9177,0.3529
1782303310128,51832,0.34961,0.05835,0.92847,0.99382,0.0,-0.375,0.0,-0.1566,-0.093,-0.9177,0.3529
1782303310129,51833,0.35474,0.06128,0.93213,0.99923,-0.188,0.0,0.125,-0.1566,-0.093,-0.9176,0.3529
1782303310190,51894,0.35083,0.06372,0.93188,0.99777,-0.062,-0.375,-0.188,-0.1567,-0.093,-0.9176,0.3529
1782303310190,51894,0.35327,0.06201,0.93335,0.99989,-0.062,0.312,0.0,-0.1566,-0.093,-0.9176,0.3529
1782303310190,51894,0.35522,0.05542,0.93311,0.99997,0.0,0.188,0.0,-0.1566,-0.093,-0.9176,0.3529
1782303310254,51958,0.35303,0.05835,0.93555,1.00164,0.0,0.5,0.0,-0.1566,-0.0929,-0.9176,0.3529
1782303310255,51959,0.35498,0.05469,0.93359,1.0003,0.0,0.375,0.0,-0.1566,-0.0929,-0.9176,0.3529
1782303310255,51959,0.35107,0.06152,0.93188,0.99772,-0.125,-0.125,-0.062,-0.1567,-0.093,-0.9176,0.3529
1782303310310,52014,0.354,0.06079,0.93359,1.00031,0.0,0.188,0.062,-0.1567,-0.093,-0.9176,0.3529
1782303310310,52014,0.34619,0.06226,0.93604,0.99994,-0.125,0.188,0.0,-0.1567,-0.093,-0.9176,0.3529
1782303310313,52017,0.35327,0.06104,0.93457,1.00097,0.0,0.25,0.188,-0.1565,-0.0929,-0.9177,0.3529
1782303310371,52075,0.35547,0.06152,0.93018,0.99768,0.0,-0.125,0.062,-0.1565,-0.0929,-0.9177,0.3529
1782303310371,52075,0.35059,0.06104,0.92798,0.99387,0.0,-0.25,0.0,-0.1565,-0.0929,-0.9177,0.3529
1782303310372,52076,0.35132,0.05957,0.92944,0.99541,0.0,0.312,-0.25,-0.1567,-0.093,-0.9176,0.3529
1782303310428,52132,0.34912,0.06055,0.93408,0.99903,-0.062,0.375,-0.125,-0.1566,-0.093,-0.9176,0.3529
1782303310428,52132,0.34863,0.06055,0.93823,1.00274,0.0,0.375,0.0,-0.1566,-0.093,-0.9176,0.3529
1782303310428,52132,0.35376,0.05737,0.93579,1.00207,-0.062,0.0,0.0,-0.1565,-0.093,-0.9177,0.3529
1782303310488,52192,0.35132,0.05737,0.93457,1.00007,0.125,-0.062,0.0,-0.1565,-0.093,-0.9177,0.3529
1782303310488,52192,0.35547,0.05835,0.93481,1.00182,0.0,0.0,0.125,-0.1565,-0.093,-0.9177,0.3529
1782303310488,52192,0.35474,0.06128,0.93115,0.99832,0.0,-0.25,0.0,-0.1566,-0.093,-0.9176,0.3529
1782303310548,52252,0.35059,0.06006,0.9314,0.997,0.0,-0.188,-0.125,-0.1566,-0.093,-0.9176,0.3529
1782303310548,52252,0.35425,0.06177,0.93433,1.00114,0.0,-0.125,0.0,-0.1566,-0.093,-0.9176,0.3529
1782303310548,52252,0.35107,0.06079,0.93066,0.99654,0.0,0.0,0.0,-0.1566,-0.093,-0.9177,0.3529
1782303310607,52311,0.354,0.05786,0.93311,0.99968,0.0,0.125,0.188,-0.1566,-0.093,-0.9177,0.3529
1782303310608,52312,0.35474,0.06055,0.93042,0.99759,0.0,0.375,0.125,-0.1566,-0.093,-0.9177,0.3529
1782303310611,52315,0.35474,0.06055,0.93042,0.99759,0.0,0.375,0.125,-0.1566,-0.093,-0.9177,0.3529
1782303310667,52371,0.35278,0.06152,0.93384,1.00015,0.0,-0.375,-0.062,-0.1566,-0.093,-0.9176,0.3529
1782303310667,52371,0.35229,0.06201,0.92969,0.99613,0.0,-0.062,0.25,-0.1567,-0.093,-0.9176,0.3529
1782303310668,52372,0.35498,0.05835,0.93579,1.00256,0.062,0.25,0.0,-0.1567,-0.093,-0.9176,0.3529
1782303310732,52436,0.34497,0.05859,0.93262,0.9961,0.062,0.438,0.062,-0.1566,-0.093,-0.9176,0.3529
1782303310732,52436,0.35791,0.05688,0.93774,1.00534,0.0,0.062,0.0,-0.1566,-0.093,-0.9176,0.3529
1782303310735,52439,0.35376,0.06396,0.9353,1.00201,0.0,0.062,0.125,-0.1566,-0.093,-0.9176,0.3529
1782303310789,52493,0.35742,0.06128,0.93286,1.00087,0.0,0.438,0.125,-0.1566,-0.093,-0.9176,0.3529
1782303310789,52493,0.34741,0.0603,0.93091,0.99545,-0.062,0.188,0.0,-0.1566,-0.093,-0.9176,0.3529
1782303310789,52493,0.34741,0.0603,0.93091,0.99545,-0.062,0.188,0.0,-0.1566,-0.093,-0.9176,0.3529
1782303310848,52552,0.34839,0.05957,0.9314,0.9962,0.0,-0.438,0.0,-0.1566,-0.093,-0.9176,0.3529
1782303310848,52552,0.35059,0.05469,0.93408,0.9992,0.188,-0.562,-0.188,-0.1566,-0.093,-0.9176,0.3529
1782303310848,52552,0.35083,0.05933,0.92993,0.99568,-0.25,0.375,-0.062,-0.1567,-0.0931,-0.9176,0.3529
1782303310909,52613,0.35278,0.05884,0.93164,0.99793,0.0,0.75,0.188,-0.1567,-0.093,-0.9176,0.3529
1782303310909,52613,0.35522,0.05615,0.93213,0.9991,-0.188,0.812,-0.062,-0.1567,-0.093,-0.9176,0.3529
1782303310910,52614,0.35474,0.05981,0.93262,0.9996,0.0,-0.438,-0.062,-0.1567,-0.093,-0.9176,0.3529
1782303310969,52673,0.35229,0.0625,0.92944,0.99593,0.0,-0.375,-0.188,-0.1567,-0.0931,-0.9176,0.3529
1782303310969,52673,0.35352,0.06396,0.93213,0.99896,0.0,0.0,0.0,-0.1567,-0.0931,-0.9176,0.3529
1782303310969,52673,0.35229,0.05322,0.93457,1.00018,0.0,0.938,0.062,-0.1566,-0.093,-0.9177,0.3529
1782303311028,52732,0.35278,0.06152,0.93286,0.99924,-0.062,0.375,0.0,-0.1566,-0.093,-0.9177,0.3529
1782303311028,52732,0.35156,0.05786,0.93408,0.99973,-0.062,0.562,0.0,-0.1566,-0.093,-0.9177,0.3529
1782303311038,52742,0.35278,0.06445,0.93066,0.99737,0.0,-0.875,-0.125,-0.1568,-0.0931,-0.9176,0.3528
1782303311087,52791,0.35278,0.06445,0.93066,0.99737,0.0,-0.875,-0.125,-0.1568,-0.0931,-0.9176,0.3528
1782303311148,52852,0.35669,0.06177,0.92773,0.99586,0.25,-0.125,0.062,-0.1568,-0.0931,-0.9176,0.3528
1782303311148,52852,0.35303,0.06104,0.93433,1.00066,-0.062,0.5,0.0,-0.1566,-0.093,-0.9177,0.3529
1782303311148,52852,0.35107,0.05713,0.93213,0.99769,0.062,0.0,0.125,-0.1565,-0.093,-0.9177,0.3529
1782303311207,52911,0.35425,0.05786,0.93164,0.9984,0.0,-0.312,0.062,-0.1566,-0.093,-0.9177,0.3529
1782303311208,52912,0.35156,0.06396,0.93066,0.99691,0.0,0.062,-0.125,-0.1567,-0.0931,-0.9176,0.3529
1782303311208,52912,0.35352,0.06152,0.93237,0.99904,0.0,-0.312,0.0,-0.1566,-0.093,-0.9177,0.3529
1782303311267,52971,0.35303,0.05835,0.93262,0.9989,0.0,-0.438,0.062,-0.1566,-0.093,-0.9176,0.3529
1782303311267,52971,0.35522,0.06348,0.93335,1.00068,0.0,-0.75,0.0,-0.1566,-0.093,-0.9176,0.3529
1782303311268,52972,0.34863,0.05859,0.93359,0.99829,0.0,0.312,-0.125,-0.1567,-0.0931,-0.9176,0.3529
1782303311328,53032,0.35107,0.05811,0.93164,0.99729,-0.25,0.75,0.062,-0.1566,-0.093,-0.9176,0.3529
1782303311328,53032,0.35132,0.05542,0.93433,0.99973,0.0,0.75,0.0,-0.1566,-0.093,-0.9176,0.3529
1782303311335,53039,0.35718,0.0603,0.93213,1.00004,0.0,-0.875,0.062,-0.1566,-0.093,-0.9177,0.3529
1782303311388,53092,0.35474,0.06226,0.93091,0.99815,0.0,-0.875,0.0,-0.1566,-0.093,-0.9176,0.3529
1782303311388,53092,0.35718,0.06396,0.93066,0.9989,0.0,-0.875,0.0,-0.1567,-0.093,-0.9176,0.3529
1782303311388,53092,0.35278,0.05957,0.93335,0.99957,-0.125,0.812,0.0,-0.1567,-0.093,-0.9176,0.3529
1782303311447,53151,0.35229,0.05957,0.9353,1.00123,0.0,0.812,0.062,-0.1566,-0.093,-0.9176,0.3529
1782303311447,53151,0.3562,0.0625,0.93555,1.00301,0.0,0.875,0.0,-0.1566,-0.093,-0.9176,0.3529
1782303311449,53153,0.34888,0.06104,0.93262,0.9976,0.0,-0.625,0.062,-0.1566,-0.093,-0.9176,0.3529
1782303311508,53212,0.34961,0.05981,0.93237,0.99756,0.312,-0.438,0.0,-0.1567,-0.093,-0.9176,0.3529
1782303311508,53212,0.35181,0.06152,0.93384,0.9998,0.0,-0.75,0.0,-0.1567,-0.093,-0.9176,0.3529
1782303311510,53214,0.35522,0.06177,0.93555,1.00262,0.0,0.5,0.062,-0.1566,-0.093,-0.9176,0.3529
1782303311568,53272,0.35327,0.05859,0.93359,0.99992,0.0,0.312,0.188,-0.1566,-0.093,-0.9176,0.3529
1782303311568,53272,0.35034,0.06006,0.93237,0.99783,0.0,0.062,0.0,-0.1565,-0.093,-0.9176,0.3529
1782303311568,53272,0.34985,0.06348,0.93262,0.9981,0.0,-0.562,-0.062,-0.1567,-0.093,-0.9176,0.3529
1782303311627,53331,0.35718,0.06177,0.93213,1.00013,0.0,-0.188,0.062,-0.1567,-0.0931,-0.9176,0.3529
1782303311627,53331,0.35229,0.06348,0.93188,0.99827,0.0,0.0,0.125,-0.1567,-0.0931,-0.9176,0.3529
1782303311628,53332,0.35278,0.05811,0.93188,0.99812,0.0,0.375,0.0,-0.1566,-0.093,-0.9176,0.3529
1782303311689,53393,0.35278,0.05811,0.93188,0.99812,0.0,0.375,0.0,-0.1566,-0.093,-0.9176,0.3529
1782303311689,53393,0.35132,0.05566,0.9353,1.00066,0.0,0.0,0.062,-0.1566,-0.093,-0.9176,0.3529
1782303311689,53393,0.35645,0.06201,0.92969,0.99761,0.0,-0.125,-0.25,-0.1568,-0.093,-0.9176,0.3529
1782303311748,53452,0.34863,0.05835,0.92798,0.99302,-0.125,0.25,-0.062,-0.1568,-0.093,-0.9176,0.3529
1782303311750,53454,0.35205,0.0603,0.93506,1.00095,0.0,0.5,0.062,-0.1567,-0.093,-0.9176,0.3529
1782303311750,53454,0.35425,0.05737,0.93555,1.00201,-0.125,0.562,0.0,-0.1568,-0.093,-0.9176,0.3529
1782303311812,53516,0.35425,0.05737,0.93555,1.00201,-0.125,0.562,0.0,-0.1568,-0.093,-0.9176,0.3529
1782303311812,53516,0.35132,0.06079,0.93384,0.99959,-0.062,0.625,-0.062,-0.1567,-0.093,-0.9176,0.3529
1782303311812,53516,0.34668,0.06958,0.93286,0.99763,0.0,0.062,0.0,-0.1565,-0.093,-0.9177,0.3529
1782303311868,53572,0.34741,0.06763,0.93579,1.00049,0.0,-0.062,0.0,-0.1564,-0.093,-0.9177,0.3529
1782303311868,53572,0.34546,0.06567,0.93433,0.99831,0.062,0.125,0.25,-0.1564,-0.093,-0.9177,0.3529
1782303311868,53572,0.3562,0.05469,0.93066,0.998,0.062,-0.188,0.062,-0.1566,-0.0929,-0.9176,0.3529
1782303311931,53635,0.3562,0.05469,0.93066,0.998,0.062,-0.188,0.062,-0.1566,-0.0929,-0.9176,0.3529
1782303311931,53635,0.36279,0.0564,0.93115,1.00092,0.0,-0.125,0.0,-0.1566,-0.0929,-0.9176,0.3529
1782303311933,53637,0.35303,0.06787,0.93359,1.00042,0.062,-0.5,0.188,-0.1569,-0.0931,-0.9176,0.3529
1782303311989,53693,0.35278,0.06348,0.9314,0.99799,0.0,1.188,0.375,-0.1569,-0.0931,-0.9176,0.3529
1782303311989,53693,0.3479,0.06689,0.93384,0.99878,-0.375,1.438,0.062,-0.1568,-0.093,-0.9176,0.3529
1782303311989,53693,0.35645,0.06177,0.93237,1.00009,0.0,0.812,0.188,-0.1565,-0.0928,-0.9176,0.3529
1782303312048,53752,0.3606,0.05713,0.93408,1.0029,0.0,0.375,0.0,-0.1565,-0.0928,-0.9176,0.353
1782303312048,53752,0.35889,0.06006,0.93481,1.00314,0.062,-0.125,0.0,-0.1565,-0.0928,-0.9176,0.353
1782303312049,53753,0.34619,0.0625,0.93555,0.9995,0.0,-0.75,-0.125,-0.1567,-0.0929,-0.9176,0.3529
1782303312107,53811,0.34961,0.06494,0.93457,0.99993,0.0,-0.688,-0.188,-0.1568,-0.0929,-0.9176,0.3529
1782303312107,53811,0.34717,0.06274,0.93164,0.9962,0.062,-0.688,0.125,-0.1568,-0.093,-0.9176,0.3529
1782303312108,53812,0.35791,0.05859,0.9292,0.99747,0.062,0.0,0.125,-0.1567,-0.093,-0.9176,0.3529
1782303312172,53876,0.35791,0.06079,0.93188,1.0001,0.062,0.438,0.312,-0.1567,-0.093,-0.9176,0.3529
1782303312175,53879,0.35718,0.05566,0.92822,0.99613,0.0,0.438,-0.062,-0.1567,-0.093,-0.9176,0.3529
1782303312177,53881,0.35181,0.06299,0.93091,0.99716,-0.188,-0.188,-0.062,-0.1566,-0.0929,-0.9177,0.3529
1782303312228,53932,0.35254,0.06519,0.93286,0.99938,-0.125,-0.062,0.0,-0.1566,-0.0929,-0.9177,0.3529
1782303312228,53932,0.35083,0.06104,0.93335,0.99897,-0.25,0.0,0.0,-0.1566,-0.0929,-0.9177,0.3529
1782303312228,53932,0.35669,0.05908,0.93335,1.00093,0.0,-0.188,0.0,-0.1567,-0.093,-0.9176,0.3529
1782303312287,53991,0.35425,0.06006,0.93115,0.99807,0.0,-0.125,0.062,-0.1567,-0.093,-0.9176,0.3529
1782303312287,53991,0.354,0.06152,0.92993,0.99693,0.125,0.25,-0.062,-0.1567,-0.093,-0.9176,0.3529
1782303312288,53992,0.35034,0.06079,0.93286,0.99833,0.0,-0.312,0.0,-0.1566,-0.093,-0.9177,0.3529
1782303312349,54053,0.35278,0.0625,0.93091,0.99747,0.0,-0.5,0.0,-0.1566,-0.093,-0.9177,0.3529
1782303312349,54053,0.35059,0.06006,0.93262,0.99814,-0.062,-0.312,0.125,-0.1566,-0.093,-0.9176,0.3529
1782303312349,54053,0.35474,0.05811,0.93311,0.99995,0.062,0.812,0.062,-0.1566,-0.093,-0.9177,0.3529
1782303312410,54114,0.35156,0.06177,0.93066,0.99677,0.0,0.688,0.0,-0.1566,-0.093,-0.9177,0.3529
1782303312413,54117,0.35254,0.05811,0.93457,1.00054,0.0,0.5,0.062,-0.1565,-0.0929,-0.9177,0.3529
1782303312414,54118,0.35254,0.05811,0.93457,1.00054,0.0,0.5,0.062,-0.1565,-0.0929,-0.9177,0.3529
1782303312467,54171,0.35791,0.06128,0.93042,0.99877,0.0,-0.875,0.125,-0.1566,-0.093,-0.9176,0.3529
1782303312467,54171,0.35327,0.06201,0.93164,0.9983,0.0,-1.0,0.0,-0.1567,-0.093,-0.9176,0.3529
1782303312468,54172,0.35376,0.06104,0.93286,0.99955,0.0,0.75,0.0,-0.1567,-0.093,-0.9176,0.3529
1782303312531,54235,0.35034,0.05957,0.93457,0.99985,0.0,0.875,0.0,-0.1566,-0.093,-0.9176,0.3529
1782303312531,54235,0.35181,0.05933,0.93481,1.00058,-0.062,0.938,0.0,-0.1566,-0.093,-0.9177,0.3529
1782303312531,54235,0.35156,0.05713,0.93604,1.00151,0.188,-2.0,-0.062,-0.1564,-0.0929,-0.9177,0.3529
1782303312587,54291,0.35791,0.06128,0.927,0.99558,0.125,-1.688,0.062,-0.1566,-0.093,-0.9176,0.3529
1782303312588,54292,0.36011,0.06152,0.92822,0.99753,0.062,-1.125,0.062,-0.1566,-0.093,-0.9176,0.3529
1782303312589,54293,0.34985,0.05957,0.93286,0.99809,0.0,1.188,-0.062,-0.1567,-0.0931,-0.9176,0.3529
1782303312655,54359,0.34619,0.05859,0.93774,1.00132,-0.062,1.188,0.125,-0.1566,-0.093,-0.9176,0.3529
1782303312655,54359,0.3457,0.05762,0.93506,0.99858,0.0,0.938,0.125,-0.1566,-0.093,-0.9176,0.3529
1782303312655,54359,0.35449,0.06177,0.93677,1.0035,0.0,-0.625,0.25,-0.1565,-0.0929,-0.9177,0.3529
1782303312710,54414,0.35449,0.06177,0.93677,1.0035,0.0,-0.625,0.25,-0.1565,-0.0929,-0.9177,0.3529
1782303312713,54417,0.35767,0.0603,0.93335,1.00135,0.0,-1.188,0.0,-0.1566,-0.093,-0.9177,0.3529
1782303312713,54417,0.35059,0.06055,0.9314,0.99703,0.0,0.375,0.062,-0.1566,-0.093,-0.9176,0.3529
1782303312773,54477,0.35132,0.06323,0.93506,1.00088,0.0,0.312,0.0,-0.1566,-0.093,-0.9176,0.3529
1782303312773,54477,0.34888,0.06226,0.93237,0.99745,0.0,0.438,0.0,-0.1566,-0.093,-0.9176,0.3529
1782303312773,54477,0.354,0.06055,0.92993,0.99687,-0.188,0.125,0.125,-0.1567,-0.093,-0.9176,0.3529
1782303312827,54531,0.354,0.05811,0.93286,0.99946,0.0,0.25,0.062,-0.1566,-0.093,-0.9176,0.3529
1782303312827,54531,0.35254,0.05493,0.9353,1.00105,0.0,0.0,0.062,-0.1566,-0.093,-0.9176,0.3529
1782303312828,54532,0.35229,0.06177,0.93213,0.99839,0.0,-0.062,0.0,-0.1566,-0.093,-0.9176,0.3529
1782303312893,54597,0.35156,0.06372,0.93213,0.99826,0.0,-0.312,0.0,-0.1566,-0.093,-0.9176,0.3529
1782303312893,54597,0.35474,0.06421,0.93335,1.00055,0.0,-0.25,0.0,-0.1566,-0.0931,-0.9176,0.3529
1782303312893,54597,0.35449,0.06226,0.93286,0.99989,0.0,-0.312,0.0,-0.1566,-0.093,-0.9176,0.3529
1782303312947,54651,0.35449,0.06226,0.93286,0.99989,0.0,-0.312,0.0,-0.1566,-0.093,-0.9176,0.3529
1782303312947,54651,0.35352,0.06372,0.93408,1.00077,0.125,-0.312,0.0,-0.1566,-0.093,-0.9176,0.3529
1782303312949,54653,0.35229,0.05933,0.9292,0.99551,-0.062,0.625,0.0,-0.1568,-0.0932,-0.9176,0.3529
1782303313008,54712,0.35254,0.05884,0.93408,1.00013,0.0,1.375,-0.062,-0.1567,-0.0932,-0.9176,0.3529
1782303313008,54712,0.35156,0.05762,0.93188,0.99766,-0.188,1.688,-0.125,-0.1566,-0.0931,-0.9176,0.3529
1782303313009,54713,0.34985,0.05542,0.93311,0.99808,0.0,0.0,0.062,-0.1564,-0.0929,-0.9177,0.3529
1782303313068,54772,0.34961,0.06055,0.93457,0.99966,0.0,-0.375,-0.062,-0.1564,-0.0929,-0.9177,0.3529
1782303313068,54772,0.34985,0.05884,0.93311,0.99827,0.0,-0.625,0.062,-0.1565,-0.0929,-0.9177,0.3529
1782303313069,54773,0.34985,0.05884,0.93311,0.99827,0.0,-0.625,0.062,-0.1565,-0.0929,-0.9177,0.3529
1782303313127,54831,0.3562,0.06982,0.92969,0.99803,0.0,0.0,0.062,-0.1569,-0.0932,-0.9176,0.3529
1782303313127,54831,0.35376,0.06519,0.92676,0.99412,0.0,0.375,0.0,-0.1569,-0.0932,-0.9176,0.3529
1782303313128,54832,0.34961,0.05005,0.93628,1.00068,-0.062,0.562,0.0,-0.1563,-0.0928,-0.9177,0.3529
1782303313188,54892,0.34863,0.05322,0.93481,0.99913,0.0,-0.375,0.0,-0.1563,-0.0928,-0.9177,0.3529
1782303313188,54892,0.35034,0.05542,0.93774,1.00258,0.0,-1.0,0.062,-0.1563,-0.0928,-0.9177,0.3529
1782303313189,54893,0.35913,0.06714,0.92969,0.9989,0.062,-0.438,-0.125,-0.1569,-0.0932,-0.9176,0.3529
1782303313247,54951,0.36279,0.06714,0.92529,0.99614,0.0,0.75,0.125,-0.1569,-0.0932,-0.9176,0.3529
1782303313247,54951,0.36011,0.06689,0.93091,1.00037,-1.0,0.75,-0.125,-0.1569,-0.0932,-0.9176,0.3529
1782303313249,54953,0.34863,0.05322,0.9375,1.00164,0.0,0.688,0.062,-0.1564,-0.0929,-0.9177,0.3529
1782303313307,55011,0.34863,0.05322,0.9375,1.00164,0.0,0.688,0.062,-0.1564,-0.0929,-0.9177,0.3529
1782303313309,55013,0.34595,0.05005,0.93408,0.99734,0.0,0.062,0.0,-0.1564,-0.0928,-0.9177,0.3529
1782303313309,55013,0.3606,0.06494,0.9292,0.99883,-0.125,-0.938,0.0,-0.1567,-0.093,-0.9176,0.3529
1782303313374,55078,0.35693,0.06274,0.93042,0.99851,0.125,-0.188,0.0,-0.1567,-0.093,-0.9176,0.3529
1782303313374,55078,0.35864,0.06396,0.92822,0.99715,0.0,0.25,0.188,-0.1567,-0.093,-0.9176,0.3529
1782303313374,55078,0.35864,0.06396,0.92822,0.99715,0.0,0.25,0.188,-0.1567,-0.093,-0.9176,0.3529
1782303313428,55132,0.34839,0.06055,0.93286,0.99763,0.062,0.0,0.125,-0.1565,-0.0929,-0.9177,0.3529
1782303313428,55132,0.35376,0.05786,0.93335,0.99982,0.0,0.0,0.062,-0.1565,-0.0929,-0.9177,0.3529
1782303313428,55132,0.35474,0.06104,0.93701,1.00377,0.0,-0.062,0.0,-0.1566,-0.093,-0.9177,0.3529
1782303313497,55201,0.35474,0.06104,0.93701,1.00377,0.0,-0.062,0.0,-0.1566,-0.093,-0.9177,0.3529
1782303313498,55202,0.35352,0.05957,0.93286,0.99938,0.0,0.125,0.062,-0.1566,-0.093,-0.9177,0.3529
1782303313498,55202,0.35522,0.06226,0.93115,0.99855,0.0,-0.5,0.0,-0.1566,-0.093,-0.9176,0.3529
1782303313548,55252,0.35474,0.05957,0.93481,1.00163,0.0,-0.812,0.0,-0.1567,-0.093,-0.9176,0.3529
1782303313548,55252,0.35889,0.05762,0.93335,1.00163,0.0,-0.688,0.0,-0.1567,-0.093,-0.9176,0.3529
1782303313549,55253,0.35107,0.05981,0.93311,0.99876,0.0,0.25,0.0,-0.1565,-0.0929,-0.9177,0.3529
1782303313610,55314,0.34937,0.06177,0.93799,1.00284,0.062,0.062,0.0,-0.1565,-0.0929,-0.9177,0.3529
1782303313610,55314,0.35376,0.06372,0.93799,1.0045,-0.125,0.062,0.0,-0.1565,-0.0929,-0.9177,0.3529
1782303313612,55316,0.35498,0.06177,0.93457,1.00162,0.0,-0.188,-0.062,-0.1567,-0.093,-0.9176,0.3529
1782303313667,55371,0.35498,0.06177,0.93457,1.00162,0.0,-0.188,-0.062,-0.1567,-0.093,-0.9176,0.3529
1782303313667,55371,0.35425,0.06177,0.92896,0.99612,0.0,0.375,-0.125,-0.1567,-0.093,-0.9176,0.3529
1782303313668,55372,0.35034,0.05933,0.93506,1.0003,0.125,0.062,0.0,-0.1564,-0.0929,-0.9177,0.3529
1782303313727,55431,0.35034,0.05933,0.93506,1.0003,0.125,0.062,0.0,-0.1564,-0.0929,-0.9177,0.3529
1782303313728,55432,0.35107,0.05835,0.93384,0.99936,-0.125,-0.062,0.062,-0.1564,-0.0929,-0.9177,0.3529
1782303313729,55433,0.35669,0.06006,0.92896,0.99689,0.0,0.562,0.062,-0.1567,-0.0931,-0.9176,0.3529
1782303313790,55494,0.35571,0.05786,0.92847,0.99596,0.0,0.938,0.0,-0.1567,-0.093,-0.9176,0.3529
1782303313791,55495,0.35083,0.05737,0.93188,0.99739,0.062,1.188,0.062,-0.1566,-0.093,-0.9176,0.3529
1782303313791,55495,0.3479,0.05981,0.93311,0.99765,0.0,0.0,0.0,-0.1564,-0.0929,-0.9177,0.3529
1782303313847,55551,0.35083,0.05933,0.93384,0.99933,-0.125,-0.438,0.0,-0.1564,-0.0928,-0.9177,0.3529
1782303313847,55551,0.3501,0.05957,0.9314,0.9968,0.0,-0.688,-0.125,-0.1564,-0.0929,-0.9177,0.3529
1782303313848,55552,0.35645,0.06201,0.93091,0.99874,-0.062,0.25,0.0,-0.1567,-0.093,-0.9176,0.3529
1782303313907,55611,0.35669,0.06274,0.92871,0.99683,0.0,0.438,0.062,-0.1567,-0.0931,-0.9176,0.3529
1782303313907,55611,0.354,0.06201,0.93506,1.00175,-0.062,0.75,0.0,-0.1567,-0.093,-0.9176,0.3529
1782303313908,55612,0.35303,0.06104,0.93726,1.0034,0.0,0.062,0.0,-0.1565,-0.093,-0.9177,0.3529
1782303313967,55671,0.35571,0.06055,0.93237,0.99976,-0.062,-0.125,0.062,-0.1565,-0.0929,-0.9177,0.3529
1782303313970,55674,0.34937,0.05933,0.9314,0.99653,0.0,-0.188,-0.062,-0.1565,-0.0929,-0.9177,0.3529
1782303313970,55674,0.35522,0.06006,0.93164,0.99887,0.0,0.25,-0.062,-0.1567,-0.093,-0.9177,0.3528
1782303314027,55731,0.35547,0.06421,0.93311,1.00058,0.0,0.25,0.0,-0.1566,-0.093,-0.9177,0.3528
1782303314028,55732,0.34644,0.06519,0.9314,0.99587,0.0,0.438,-0.125,-0.1566,-0.093,-0.9177,0.3528
1782303314028,55732,0.35327,0.05664,0.93237,0.99866,0.0,-0.188,-0.062,-0.1565,-0.093,-0.9177,0.3528
1782303314090,55794,0.35352,0.05981,0.93335,0.99985,0.0,-0.188,0.125,-0.1565,-0.093,-0.9177,0.3528
1782303314091,55795,0.35156,0.05811,0.93433,0.99997,0.0,-0.125,0.062,-0.1565,-0.093,-0.9177,0.3528
1782303314091,55795,0.35034,0.06201,0.93408,0.99955,0.0,0.062,0.062,-0.1566,-0.0931,-0.9177,0.3528
1782303314147,55851,0.35791,0.06079,0.93311,1.00124,0.0,0.062,0.125,-0.1567,-0.0931,-0.9177,0.3528
1782303314153,55857,0.34961,0.05933,0.93506,1.00004,0.0,0.0,0.0,-0.1566,-0.093,-0.9177,0.3528
1782303314153,55857,0.35205,0.05762,0.9314,0.99738,-0.25,-0.375,0.125,-0.1565,-0.0929,-0.9177,0.3528
1782303314210,55914,0.35425,0.05664,0.9375,1.0038,0.0,-0.375,0.0,-0.1565,-0.0929,-0.9177,0.3528
1782303314210,55914,0.354,0.05884,0.92847,0.99541,0.0,-0.688,-0.062,-0.1566,-0.0929,-0.9177,0.3528
1782303314210,55914,0.35229,0.06104,0.93042,0.99675,0.0,0.438,0.062,-0.1567,-0.0931,-0.9177,0.3528
1782303314267,55971,0.35229,0.06104,0.93042,0.99675,0.0,0.438,0.062,-0.1567,-0.0931,-0.9177,0.3528
1782303314267,55971,0.35474,0.06104,0.93018,0.99739,0.0,0.188,0.062,-0.1567,-0.0931,-0.9177,0.3528
1782303314271,55975,0.35107,0.05566,0.93311,0.99852,0.0,-0.375,-0.188,-0.1565,-0.0929,-0.9177,0.3528
1782303314328,56032,0.35547,0.05811,0.93408,1.00112,0.0,-0.75,0.062,-0.1566,-0.093,-0.9177,0.3528
1782303314329,56033,0.35352,0.05884,0.93457,1.00093,0.0,-0.75,0.0,-0.1566,-0.093,-0.9177,0.3528
1782303314331,56035,0.35083,0.06128,0.93457,1.00013,-0.125,0.562,0.0,-0.1567,-0.093,-0.9177,0.3528
1782303314388,56092,0.35107,0.06079,0.92993,0.99585,-0.125,0.562,0.062,-0.1567,-0.093,-0.9177,0.3528
1782303314390,56094,0.35132,0.05518,0.93579,1.00109,0.0,0.5,0.062,-0.1566,-0.093,-0.9177,0.3528
1782303314390,56094,0.35425,0.06177,0.93262,0.99954,0.0,-0.562,0.062,-0.1566,-0.093,-0.9177,0.3528
1782303314447,56151,0.35425,0.05786,0.93115,0.99794,0.0,-0.438,-0.062,-0.1566,-0.093,-0.9177,0.3528
1782303314447,56151,0.354,0.06128,0.93018,0.99715,0.0,-0.188,0.0,-0.1567,-0.093,-0.9177,0.3528
1782303314448,56152,0.35547,0.06104,0.93457,1.00175,0.0,0.375,0.062,-0.1566,-0.093,-0.9177,0.3528
1782303314509,56213,0.34937,0.05981,0.93311,0.99816,-0.062,0.375,0.062,-0.1566,-0.093,-0.9177,0.3528
1782303314512,56216,0.354,0.05981,0.93555,1.00207,0.0,0.188,-0.125,-0.1566,-0.093,-0.9177,0.3528
1782303314512,56216,0.35132,0.06494,0.93555,1.00144,-0.062,-0.312,0.0,-0.1566,-0.093,-0.9177,0.3528
1782303314572,56276,0.35278,0.06177,0.93335,0.99971,0.0,-0.375,0.0,-0.1566,-0.093,-0.9177,0.3528
1782303314572,56276,0.35376,0.06201,0.93335,1.00007,0.0,-0.25,0.125,-0.1567,-0.093,-0.9177,0.3528
1782303314573,56277,0.35376,0.06274,0.93555,1.00216,0.0,0.125,0.062,-0.1566,-0.093,-0.9177,0.3528
1782303314627,56331,0.35376,0.06177,0.9314,0.99823,0.0,0.125,0.062,-0.1566,-0.093,-0.9177,0.3528
1782303314627,56331,0.35571,0.06201,0.93408,1.00144,0.0,0.062,0.0,-0.1566,-0.093,-0.9177,0.3528
1782303314631,56335,0.35181,0.06152,0.93335,0.99935,0.0,-0.312,0.0,-0.1566,-0.093,-0.9177,0.3528
1782303314687,56391,0.354,0.0603,0.93188,0.99868,0.0,-0.5,0.062,-0.1566,-0.093,-0.9177,0.3528
1782303314687,56391,0.35522,0.06226,0.93018,0.99764,0.0,-0.312,0.0,-0.1566,-0.0931,-0.9177,0.3528
1782303314688,56392,0.35376,0.05908,0.93506,1.00148,0.0,0.062,0.0,-0.1566,-0.0931,-0.9177,0.3528
1782303314754,56458,0.35107,0.06104,0.93335,0.99906,0.0,0.125,0.25,-0.1566,-0.0931,-0.9177,0.3528
1782303314756,56460,0.35376,0.06079,0.9314,0.99817,0.0,0.188,0.0,-0.1566,-0.0931,-0.9177,0.3528
1782303314765,56469,0.35059,0.05884,0.93384,0.99921,0.0,0.125,0.062,-0.1566,-0.0931,-0.9177,0.3528
1782303314807,56511,0.35181,0.06104,0.93237,0.99841,0.0,0.125,0.062,-0.1566,-0.0931,-0.9177,0.3528
1782303314808,56512,0.35254,0.05957,0.93115,0.99744,0.0,0.25,0.062,-0.1566,-0.0931,-0.9177,0.3528
1782303314808,56512,0.35278,0.06055,0.93311,0.9994,0.0,-0.188,0.125,-0.1566,-0.0931,-0.9177,0.3528
1782303314867,56571,0.35254,0.05713,0.93286,0.99889,0.0,-0.125,-0.062,-0.1566,-0.0931,-0.9177,0.3528
1782303314867,56571,0.35156,0.05664,0.93457,1.00011,0.0,-0.25,0.062,-0.1566,-0.0931,-0.9177,0.3529
1782303314869,56573,0.3562,0.0603,0.93457,1.00197,0.0,-0.125,0.0,-0.1566,-0.0931,-0.9176,0.3528
1782303314930,56634,0.3562,0.0603,0.93457,1.00197,0.0,-0.125,0.0,-0.1566,-0.0931,-0.9176,0.3528
1782303314930,56634,0.35156,0.06177,0.93091,0.997,0.0,0.0,0.0,-0.1567,-0.0931,-0.9176,0.3528
1782303314931,56635,0.35352,0.06055,0.93311,0.99966,0.0,0.125,-0.188,-0.1566,-0.0931,-0.9176,0.3529
1782303314987,56691,0.34961,0.05933,0.9314,0.99662,0.0,0.188,0.062,-0.1566,-0.0931,-0.9176,0.3529
1782303314988,56692,0.35327,0.06152,0.93311,0.99964,-0.062,0.125,0.0,-0.1566,-0.0931,-0.9176,0.3529
1782303314988,56692,0.35205,0.06152,0.93481,1.0008,0.0,-0.062,0.062,-0.1566,-0.093,-0.9177,0.3529
1782303315048,56752,0.35229,0.06128,0.93164,0.99791,0.0,-0.188,0.062,-0.1566,-0.093,-0.9177,0.3528
1782303315049,56753,0.35376,0.06323,0.93579,1.00242,-0.062,-0.562,-0.062,-0.1566,-0.0931,-0.9177,0.3528
1782303315049,56753,0.35449,0.05933,0.93237,0.99925,0.0,0.312,0.0,-0.1566,-0.093,-0.9177,0.3528
1782303315114,56818,0.35229,0.06006,0.93433,1.00034,0.0,0.25,0.125,-0.1566,-0.093,-0.9177,0.3529
1782303315114,56818,0.35547,0.05835,0.93384,1.00091,0.0,0.0,-0.25,-0.1566,-0.093,-0.9177,0.3528
1782303315115,56819,0.34961,0.06372,0.9353,1.00054,0.0,-0.125,0.0,-0.1566,-0.0931,-0.9177,0.3528
1782303315169,56873,0.35034,0.0603,0.93164,0.99716,0.0,-0.312,0.062,-0.1566,-0.0931,-0.9177,0.3528
1782303315170,56874,0.35596,0.0625,0.93286,1.00042,0.0,-0.375,0.062,-0.1566,-0.0931,-0.9177,0.3528
1782303315170,56874,0.35181,0.06177,0.92969,0.99594,0.0,0.312,0.0,-0.1566,-0.093,-0.9177,0.3528
1782303315227,56931,0.35156,0.06201,0.93506,1.00089,0.0,0.312,0.188,-0.1566,-0.093,-0.9177,0.3528
1782303315227,56931,0.35742,0.06104,0.93555,1.00336,0.0,0.0,0.125,-0.1566,-0.093,-0.9177,0.3528
1782303315228,56932,0.35498,0.06079,0.93164,0.99883,0.0,0.312,0.0,-0.1567,-0.0931,-0.9177,0.3528
1782303315289,56993,0.35352,0.06128,0.93457,1.00107,0.0,0.25,0.062,-0.1566,-0.0931,-0.9177,0.3528
1782303315289,56993,0.34814,0.0625,0.93335,0.99812,-0.25,0.5,0.0,-0.1566,-0.0931,-0.9177,0.3528
1782303315290,56994,0.35449,0.0625,0.93335,1.00036,0.0,-0.5,0.0,-0.1566,-0.0931,-0.9177,0.3528
1782303315350,57054,0.35522,0.06445,0.93237,0.99983,0.0,-0.25,0.0,-0.1566,-0.0932,-0.9177,0.3528
1782303315351,57055,0.3562,0.06006,0.93311,1.00059,-0.062,-0.438,0.0,-0.1567,-0.0932,-0.9176,0.3528
1782303315353,57057,0.35083,0.06299,0.93506,1.00069,0.0,0.625,0.0,-0.1566,-0.0931,-0.9177,0.3528
1782303315407,57111,0.34985,0.05933,0.93359,0.99876,0.0,0.5,-0.062,-0.1566,-0.0931,-0.9177,0.3528
1782303315474,57178,0.35034,0.0603,0.93677,1.00195,-0.062,0.438,-0.125,-0.1566,-0.093,-0.9177,0.3528
1782303315476,57180,0.354,0.06274,0.93335,1.0002,0.062,-0.25,-0.125,-0.1566,-0.093,-0.9177,0.3527
1782303315476,57180,0.35571,0.05981,0.9353,1.00245,0.0,-0.312,0.125,-0.1566,-0.0931,-0.9177,0.3527
1782303315528,57232,0.35449,0.05957,0.93018,0.99722,0.062,-0.375,0.0,-0.1566,-0.0931,-0.9177,0.3527
1782303315529,57233,0.35425,0.06079,0.93726,1.00381,0.0,0.125,0.125,-0.1567,-0.0931,-0.9177,0.3527
1782303315529,57233,0.35474,0.06128,0.93286,0.99991,0.062,-0.125,0.062,-0.1566,-0.0931,-0.9177,0.3527
1782303315588,57292,0.35229,0.06348,0.93335,0.99964,0.125,-0.562,-0.062,-0.1566,-0.0932,-0.9177,0.3527
1782303315589,57293,0.35938,0.06494,0.93018,0.9993,0.125,0.0,0.125,-0.1566,-0.0932,-0.9177,0.3527
1782303315591,57295,0.35938,0.06494,0.93018,0.9993,0.125,0.0,0.125,-0.1566,-0.0932,-0.9177,0.3527
1782303315650,57354,0.35938,0.06494,0.93018,0.9993,0.125,0.0,0.125,-0.1566,-0.0932,-0.9177,0.3527
1782303315650,57354,0.35107,0.05884,0.93311,0.9987,0.0,0.25,0.188,-0.1566,-0.0931,-0.9177,0.3527
1782303315651,57355,0.35547,0.05981,0.92993,0.99735,0.0,0.0,0.062,-0.1567,-0.0932,-0.9177,0.3527
1782303315708,57412,0.35547,0.05981,0.92993,0.99735,0.0,0.0,0.062,-0.1567,-0.0932,-0.9177,0.3527
1782303315712,57416,0.35547,0.06055,0.93311,1.00035,0.0,0.25,0.125,-0.1567,-0.0932,-0.9177,0.3527
1782303315719,57423,0.35083,0.06177,0.9292,0.99514,-0.125,0.062,-0.062,-0.1566,-0.0931,-0.9177,0.3527
1782303315767,57471,0.35352,0.0625,0.93433,1.00092,-0.188,0.062,0.188,-0.1566,-0.0931,-0.9177,0.3527
1782303315773,57477,0.34985,0.05981,0.93335,0.99856,0.0,0.375,0.062,-0.1566,-0.0931,-0.9177,0.3527
1782303315774,57478,0.35596,0.05615,0.92993,0.99731,0.0,-0.375,0.0,-0.1566,-0.0931,-0.9177,0.3527
1782303315827,57531,0.35596,0.05615,0.92993,0.99731,0.0,-0.375,0.0,-0.1566,-0.0931,-0.9177,0.3527
1782303315827,57531,0.35498,0.05933,0.93188,0.99897,0.0,0.0,0.25,-0.1566,-0.0932,-0.9177,0.3527
1782303315828,57532,0.35376,0.06055,0.92993,0.99679,-0.188,-0.562,0.0,-0.1567,-0.0931,-0.9177,0.3527
1782303315887,57591,0.35352,0.05518,0.9314,0.99776,0.0,-0.438,0.0,-0.1567,-0.0931,-0.9177,0.3527
1782303315889,57593,0.35352,0.0647,0.93628,1.00288,0.0,-0.25,0.125,-0.1567,-0.0932,-0.9177,0.3527
1782303315889,57593,0.35449,0.06421,0.93604,1.00297,0.062,-0.688,0.25,-0.1567,-0.0931,-0.9177,0.3527
1782303315951,57655,0.35303,0.06543,0.92871,0.9957,0.062,-0.75,0.0,-0.1567,-0.0931,-0.9177,0.3527
1782303315953,57657,0.35718,0.0647,0.92603,0.99463,0.188,-0.375,0.188,-0.1567,-0.0932,-0.9177,0.3527
1782303315953,57657,0.35059,0.05566,0.9314,0.99675,-0.188,1.188,0.125,-0.1566,-0.0931,-0.9177,0.3527
1782303316007,57711,0.34546,0.05713,0.93457,0.99801,0.0,1.0,0.062,-0.1564,-0.0931,-0.9177,0.3528
1782303316007,57711,0.34595,0.0564,0.93652,0.99997,0.0,1.125,0.0,-0.1564,-0.093,-0.9177,0.3528
1782303316008,57712,0.35571,0.05786,0.9292,0.99664,0.0,-1.0,-0.25,-0.1567,-0.0932,-0.9177,0.3528
1782303316068,57772,0.35571,0.05786,0.9292,0.99664,0.0,-1.0,-0.25,-0.1567,-0.0932,-0.9177,0.3528
1782303316069,57773,0.35645,0.06274,0.92871,0.99674,-0.25,-0.375,0.0,-0.1567,-0.0932,-0.9176,0.3527
1782303316069,57773,0.35083,0.05786,0.9314,0.99696,-0.062,1.688,0.062,-0.1567,-0.0932,-0.9176,0.3528
1782303316130,57834,0.35083,0.05786,0.9314,0.99696,-0.062,1.688,0.062,-0.1567,-0.0932,-0.9176,0.3528
1782303316130,57834,0.35303,0.05371,0.93701,1.00275,-0.188,2.438,0.312,-0.1566,-0.0932,-0.9177,0.3528
1782303316130,57834,0.34741,0.06201,0.93408,0.99852,-0.688,6.875,-0.188,-0.1566,-0.0932,-0.9177,0.3528
1782303316187,57891,0.33936,0.0603,0.948,1.00871,-0.625,4.25,-0.25,-0.1562,-0.093,-0.9177,0.3529
1782303316187,57891,0.34302,0.0542,0.95068,1.01213,-0.438,3.375,0.0,-0.1561,-0.093,-0.9177,0.3529
1782303316188,57892,0.35596,0.05957,0.93359,1.00093,0.062,-1.0,-0.062,-0.1564,-0.0932,-0.9177,0.3529
1782303316247,57951,0.35742,0.06006,0.93481,1.00261,0.125,-1.688,0.0,-0.1564,-0.0932,-0.9177,0.3529
1782303316311,58015,0.36035,0.06152,0.92676,0.99625,0.188,-2.125,-0.125,-0.1565,-0.0932,-0.9177,0.3528
1782303316311,58015,0.36035,0.06152,0.92676,0.99625,0.188,-2.125,-0.125,-0.1565,-0.0932,-0.9177,0.3528
1782303316312,58016,0.34961,0.05933,0.93164,0.99685,0.0,0.312,-0.062,-0.1568,-0.0933,-0.9176,0.3527
1782303316368,58072,0.35083,0.05542,0.92847,0.99408,-0.438,2.0,0.0,-0.1567,-0.0933,-0.9176,0.3528
1782303316369,58073,0.35254,0.06323,0.9314,0.99789,0.25,-0.625,0.188,-0.1566,-0.0932,-0.9177,0.3528
1782303316369,58073,0.35156,0.05811,0.93652,1.00202,-0.125,0.625,0.0,-0.1564,-0.0932,-0.9177,0.3529
1782303316428,58132,0.35156,0.05908,0.93457,1.00025,0.0,0.188,-0.188,-0.1564,-0.0931,-0.9177,0.3529
1782303316428,58132,0.34741,0.06104,0.93677,1.00098,0.0,0.0,0.0,-0.1564,-0.0931,-0.9177,0.3529
1782303316428,58132,0.35278,0.06079,0.93359,0.99987,-0.125,-0.562,0.062,-0.1567,-0.0933,-0.9176,0.3528
1782303316489,58193,0.36011,0.05859,0.93091,0.99985,0.0,0.0,0.188,-0.1567,-0.0933,-0.9176,0.3528
1782303316495,58199,0.35571,0.05859,0.93066,0.99805,0.0,0.438,-0.125,-0.1567,-0.0933,-0.9176,0.3528
1782303316495,58199,0.34741,0.06055,0.94019,1.00415,0.312,0.0,0.25,-0.1564,-0.0931,-0.9177,0.3528
1782303316549,58253,0.34741,0.06055,0.94019,1.00415,0.312,0.0,0.25,-0.1564,-0.0931,-0.9177,0.3528
1782303316550,58254,0.35376,0.06616,0.93726,1.00398,0.0,0.438,0.0,-0.1564,-0.0932,-0.9177,0.3528
1782303316550,58254,0.34961,0.06372,0.92847,0.99415,0.0,0.562,-0.062,-0.1565,-0.0932,-0.9177,0.3528
1782303316607,58311,0.35449,0.05493,0.93628,1.00265,0.0,0.125,-0.188,-0.1564,-0.0932,-0.9177,0.3528
1782303316607,58311,0.35107,0.05835,0.92773,0.99365,0.0,0.0,0.062,-0.1564,-0.0931,-0.9177,0.3528
1782303316608,58312,0.35034,0.06079,0.92944,0.99514,0.0,-0.75,-0.062,-0.1566,-0.0932,-0.9177,0.3528
1782303316667,58371,0.35547,0.05957,0.93408,1.00121,0.0,-0.562,-0.125,-0.1566,-0.0932,-0.9177,0.3528
1782303316672,58376,0.35205,0.06226,0.92822,0.99469,-0.125,-0.125,-0.062,-0.1567,-0.0932,-0.9177,0.3528
1782303316672,58376,0.35205,0.06226,0.92822,0.99469,-0.125,-0.125,-0.062,-0.1567,-0.0932,-0.9177,0.3528
1782303316732,58436,0.35376,0.06128,0.93213,0.99888,-0.125,0.688,-0.062,-0.1566,-0.0931,-0.9177,0.3528
1782303316732,58436,0.35376,0.06152,0.93457,1.00118,0.0,0.562,0.25,-0.1566,-0.0931,-0.9177,0.3528
1782303316732,58436,0.35132,0.06274,0.93408,0.99994,0.0,0.125,0.125,-0.1566,-0.0931,-0.9177,0.3528
1782303316787,58491,0.35083,0.06152,0.93408,0.99969,0.0,0.0,-0.125,-0.1565,-0.0931,-0.9177,0.3528
1782303316787,58491,0.35303,0.05884,0.93311,0.99939,0.0,0.0,0.125,-0.1566,-0.0931,-0.9177,0.3528
1782303316788,58492,0.35132,0.06396,0.9314,0.9975,0.125,-0.25,0.0,-0.1565,-0.093,-0.9177,0.3528
1782303316848,58552,0.35205,0.05908,0.93335,0.99929,0.062,-0.438,0.0,-0.1566,-0.093,-0.9177,0.3528
1782303316848,58552,0.35107,0.0603,0.93579,1.0013,0.0,-0.562,0.188,-0.1566,-0.0931,-0.9177,0.3528
1782303316848,58552,0.35107,0.0603,0.93579,1.0013,0.0,-0.562,0.188,-0.1566,-0.0931,-0.9177,0.3528
1782303316907,58611,0.354,0.05981,0.93237,0.99911,0.0,0.375,0.062,-0.1566,-0.0931,-0.9177,0.3528
1782303316907,58611,0.35254,0.05933,0.92993,0.99628,0.0,0.438,0.0,-0.1566,-0.093,-0.9177,0.3528
1782303316908,58612,0.35156,0.0603,0.93335,0.99919,0.0,-0.125,0.0,-0.1565,-0.093,-0.9177,0.3528
1782303316969,58673,0.35352,0.06177,0.9353,1.00179,0.0,-0.312,0.0,-0.1565,-0.093,-0.9177,0.3528
1782303316969,58673,0.35254,0.06055,0.93286,0.99909,0.0,-0.25,0.0,-0.1565,-0.093,-0.9177,0.3528
1782303316969,58673,0.35547,0.05859,0.93408,1.00115,0.0,0.25,-0.062,-0.1566,-0.0931,-0.9177,0.3528
1782303317028,58732,0.35327,0.05762,0.93457,1.00077,-0.062,0.0,-0.062,-0.1565,-0.093,-0.9177,0.3528
1782303317029,58733,0.35156,0.05737,0.93262,0.99833,0.0,0.188,0.0,-0.1565,-0.093,-0.9177,0.3528
1782303317029,58733,0.35571,0.06323,0.92969,0.99742,0.188,-0.438,0.062,-0.1566,-0.0931,-0.9177,0.3528
1782303317088,58792,0.35278,0.06201,0.9292,0.99585,-0.062,-0.188,-0.125,-0.1566,-0.0931,-0.9177,0.3528
1782303317147,58851,0.35425,0.06763,0.93066,0.9981,0.125,0.188,0.125,-0.1566,-0.0931,-0.9177,0.3528
1782303317147,58851,0.35303,0.05908,0.93433,1.00054,0.0,0.375,0.0,-0.1564,-0.093,-0.9177,0.3527
1782303317148,58852,0.35181,0.05811,0.93555,1.0012,0.0,0.438,0.0,-0.1564,-0.093,-0.9177,0.3528
1782303317207,58911,0.35229,0.0564,0.93237,0.9983,-0.062,0.125,-0.062,-0.1564,-0.093,-0.9177,0.3527
1782303317212,58916,0.35278,0.06543,0.9353,1.00176,0.0,-0.625,0.062,-0.1566,-0.093,-0.9177,0.3527
1782303317213,58917,0.35156,0.05688,0.93506,1.00058,0.0,0.438,-0.062,-0.1565,-0.093,-0.9177,0.3527
1782303317269,58973,0.35327,0.05762,0.9375,1.00351,0.0,0.0,0.125,-0.1565,-0.093,-0.9177,0.3527
1782303317270,58974,0.35547,0.06055,0.93359,1.00081,-0.062,-0.062,0.062,-0.1565,-0.093,-0.9177,0.3527
1782303317272,58976,0.35327,0.06177,0.93188,0.99851,0.0,-0.188,0.0,-0.1566,-0.093,-0.9177,0.3527
1782303317330,59034,0.35376,0.06299,0.93433,1.00104,0.062,-0.188,0.062,-0.1566,-0.0931,-0.9177,0.3527
1782303317330,59034,0.35474,0.06152,0.93481,1.00175,0.312,0.188,-0.25,-0.1566,-0.0931,-0.9177,0.3527
1782303317332,59036,0.35474,0.06152,0.93481,1.00175,0.312,0.188,-0.25,-0.1566,-0.0931,-0.9177,0.3527
1782303317402,59106,0.35205,0.05933,0.93237,0.99839,0.0,-0.125,-0.062,-0.1564,-0.093,-0.9177,0.3528
1782303317403,59107,0.35278,0.06177,0.93433,1.00062,0.0,-0.25,0.125,-0.1564,-0.093,-0.9177,0.3528
1782303317403,59107,0.35376,0.06543,0.92969,0.99687,0.188,0.375,0.062,-0.1567,-0.0932,-0.9177,0.3527
1782303317447,59151,0.35547,0.06201,0.93237,0.99976,-0.188,0.625,0.0,-0.1567,-0.0932,-0.9177,0.3527
1782303317447,59151,0.35156,0.05835,0.93262,0.99839,-0.125,0.875,0.0,-0.1566,-0.0931,-0.9177,0.3527
1782303317448,59152,0.34912,0.05762,0.93481,0.99954,0.0,-0.375,0.125,-0.1564,-0.093,-0.9177,0.3528
1782303317507,59211,0.35156,0.05737,0.93604,1.00152,0.062,-0.562,0.062,-0.1564,-0.093,-0.9177,0.3528
1782303317507,59211,0.35376,0.0603,0.93262,0.99928,0.0,-0.562,0.0,-0.1564,-0.093,-0.9177,0.3528
1782303317508,59212,0.35352,0.06128,0.93262,0.99925,-0.312,0.25,-0.125,-0.1566,-0.0931,-0.9177,0.3527
1782303317568,59272,0.35229,0.06372,0.93066,0.99715,-0.188,0.312,0.0,-0.1566,-0.093,-0.9177,0.3527
1782303317569,59273,0.35303,0.0625,0.93384,1.00029,0.0,0.5,0.0,-0.1566,-0.093,-0.9177,0.3527
1782303317569,59273,0.35254,0.05933,0.93311,0.99924,0.0,-0.875,0.0,-0.1566,-0.093,-0.9177,0.3527
1782303317630,59334,0.35498,0.06201,0.93286,1.00004,0.0,-0.562,0.188,-0.1566,-0.093,-0.9177,0.3527
1782303317630,59334,0.35425,0.06323,0.93188,0.99895,0.0,-0.625,-0.188,-0.1566,-0.093,-0.9177,0.3527
1782303317630,59334,0.35425,0.06323,0.93188,0.99895,0.0,-0.625,-0.188,-0.1566,-0.093,-0.9177,0.3527
1782303317689,59393,0.35474,0.06104,0.93213,0.99921,-0.125,0.375,-0.062,-0.1566,-0.093,-0.9177,0.3527
1782303317695,59399,0.35107,0.05884,0.93018,0.99596,0.0,0.5,0.0,-0.1566,-0.093,-0.9177,0.3527
1782303317696,59400,0.35449,0.05908,0.93213,0.99901,0.0,-0.312,0.0,-0.1566,-0.093,-0.9177,0.3527
1782303317748,59452,0.35352,0.06201,0.93457,1.00112,0.0,-0.438,0.0,-0.1566,-0.093,-0.9177,0.3527
1782303317753,59457,0.35303,0.06079,0.93188,0.99837,0.0,-0.312,-0.062,-0.1566,-0.093,-0.9177,0.3527
1782303317753,59457,0.35474,0.06104,0.93506,1.00195,0.188,0.125,0.062,-0.1566,-0.093,-0.9177,0.3527
1782303317806,59510,0.354,0.05981,0.93335,1.00002,0.0,-0.062,-0.062,-0.1566,-0.093,-0.9177,0.3527
1782303317807,59511,0.35132,0.06079,0.93408,0.99981,-0.062,0.0,-0.062,-0.1566,-0.093,-0.9177,0.3527
1782303317808,59512,0.35229,0.06226,0.93262,0.99888,0.0,0.125,0.062,-0.1567,-0.0932,-0.9177,0.3527
1782303317870,59574,0.354,0.06006,0.93359,1.00026,-0.125,0.375,0.125,-0.1567,-0.0931,-0.9177,0.3527
1782303317870,59574,0.35571,0.06104,0.93286,1.00024,0.0,0.562,0.188,-0.1566,-0.0931,-0.9177,0.3527
1782303317871,59575,0.35474,0.05859,0.93384,1.00066,0.0,0.062,0.188,-0.1565,-0.093,-0.9177,0.3527
1782303317933,59637,0.3501,0.06152,0.93408,0.99943,-0.188,-0.375,-0.062,-0.1566,-0.093,-0.9177,0.3527
1782303317935,59639,0.35425,0.06055,0.93628,1.00288,0.062,0.0,0.188,-0.1566,-0.093,-0.9177,0.3527
1782303317935,59639,0.35718,0.06152,0.93164,0.99966,0.0,0.0,0.125,-0.1567,-0.0931,-0.9177,0.3527
1782303317987,59691,0.35474,0.05981,0.93311,1.00005,0.0,0.062,0.0,-0.1567,-0.0931,-0.9177,0.3527
1782303317987,59691,0.35449,0.05933,0.93091,0.99788,0.0,0.25,0.0,-0.1567,-0.0931,-0.9177,0.3527
1782303317988,59692,0.35376,0.06079,0.9314,0.99817,0.062,-0.188,0.062,-0.1566,-0.093,-0.9177,0.3527
1782303318047,59751,0.35376,0.06079,0.9314,0.99817,0.062,-0.188,0.062,-0.1566,-0.093,-0.9177,0.3527
1782303318048,59752,0.34985,0.05859,0.93188,0.99712,0.0,0.0,0.062,-0.1566,-0.093,-0.9177,0.3527
1782303318048,59752,0.35327,0.06104,0.93066,0.99733,-0.062,0.188,0.125,-0.1566,-0.0931,-0.9177,0.3527
1782303318107,59811,0.35547,0.05884,0.93359,1.00071,0.0,0.188,0.0,-0.1566,-0.093,-0.9177,0.3527
1782303318107,59811,0.35205,0.06152,0.92896,0.99533,0.0,0.188,0.062,-0.1566,-0.093,-0.9177,0.3527
1782303318110,59814,0.35181,0.06104,0.93335,0.99932,-0.125,-0.375,0.125,-0.1566,-0.093,-0.9177,0.3527
1782303318168,59872,0.35205,0.05981,0.93286,0.99887,0.0,-0.375,0.0,-0.1566,-0.093,-0.9177,0.3527
1782303318168,59872,0.35376,0.06201,0.93091,0.99779,0.0,-0.312,-0.062,-0.1566,-0.093,-0.9177,0.3527
1782303318169,59873,0.34888,0.05859,0.93555,1.0002,0.0,0.0,0.125,-0.1566,-0.093,-0.9177,0.3527
1782303318226,59930,0.35669,0.05762,0.93433,1.00175,0.062,0.125,0.0,-0.1566,-0.093,-0.9177,0.3527
1782303318227,59931,0.35156,0.05786,0.93188,0.99767,0.0,0.125,-0.188,-0.1566,-0.093,-0.9177,0.3527
1782303318228,59932,0.354,0.06177,0.93506,1.00173,0.0,-0.5,0.062,-0.1566,-0.093,-0.9177,0.3527
1782303318287,59991,0.35425,0.06055,0.93359,1.00038,0.062,-0.688,0.0,-0.1566,-0.093,-0.9177,0.3527
1782303318287,59991,0.35498,0.05786,0.93481,1.00162,-0.125,0.062,0.0,-0.1566,-0.093,-0.9177,0.3527
1782303318288,59992,0.35181,0.0603,0.93359,0.9995,-0.25,0.0,0.062,-0.1566,-0.093,-0.9177,0.3527
1782303318348,60052,0.35498,0.06201,0.93384,1.00095,0.125,0.375,0.125,-0.1566,-0.093,-0.9177,0.3527
1782303318353,60057,0.35449,0.0564,0.93066,0.99749,-0.062,0.375,-0.062,-0.1566,-0.093,-0.9177,0.3527
1782303318355,60059,0.35376,0.05933,0.93164,0.99831,0.0,0.125,0.0,-0.1566,-0.093,-0.9177,0.3527
1782303318420,60124,0.35547,0.06226,0.93481,1.00205,0.0,-0.062,0.0,-0.1566,-0.093,-0.9177,0.3527
1782303318420,60124,0.3501,0.06201,0.93457,0.99992,0.0,-0.188,0.0,-0.1566,-0.093,-0.9177,0.3527
1782303318420,60124,0.3562,0.05981,0.93237,0.99989,0.0,0.0,-0.062,-0.1567,-0.0931,-0.9177,0.3527
1782303318471,60175,0.35254,0.05933,0.93335,0.99947,-0.188,0.312,-0.062,-0.1567,-0.093,-0.9177,0.3527
1782303318471,60175,0.35425,0.06641,0.93042,0.99779,0.188,0.312,0.125,-0.1566,-0.0931,-0.9177,0.3527
1782303318471,60175,0.35205,0.05859,0.93237,0.99834,-0.062,0.0,0.0,-0.1566,-0.093,-0.9177,0.3527
1782303318527,60231,0.35034,0.06128,0.93701,1.00224,0.0,-0.188,0.0,-0.1566,-0.093,-0.9177,0.3527
1782303318531,60235,0.35474,0.06006,0.93091,0.99802,0.0,-0.5,0.0,-0.1566,-0.093,-0.9177,0.3527
1782303318531,60235,0.35767,0.06543,0.92944,0.99803,0.0,-0.188,0.062,-0.1567,-0.0931,-0.9177,0.3527
1782303318586,60290,0.35767,0.06543,0.92944,0.99803,0.0,-0.188,0.062,-0.1567,-0.0931,-0.9177,0.3527
1782303318587,60291,0.35449,0.06421,0.93311,1.00024,0.125,0.062,0.0,-0.1567,-0.0931,-0.9177,0.3527
1782303318588,60292,0.35156,0.05957,0.93359,0.99937,-0.125,0.0,0.0,-0.1565,-0.093,-0.9177,0.3527
1782303318650,60354,0.34961,0.06104,0.93506,1.00014,0.0,0.062,0.0,-0.1565,-0.093,-0.9177,0.3527
1782303318651,60355,0.34839,0.05908,0.93384,0.99846,0.062,0.0,0.0,-0.1564,-0.093,-0.9177,0.3527
1782303318656,60360,0.35181,0.06104,0.92944,0.99567,0.0,0.125,0.062,-0.1567,-0.093,-0.9177,0.3527
1782303318707,60411,0.35498,0.06201,0.93311,1.00027,-0.062,0.438,0.0,-0.1566,-0.093,-0.9177,0.3527
1782303318707,60411,0.3562,0.05835,0.93457,1.00185,0.0,0.25,0.125,-0.1566,-0.093,-0.9177,0.3527
1782303318709,60413,0.35303,0.06128,0.92969,0.99634,0.0,-0.125,0.062,-0.1567,-0.0931,-0.9177,0.3527
1782303318768,60472,0.35376,0.05908,0.93164,0.99829,-0.062,0.0,0.0,-0.1567,-0.0931,-0.9177,0.3527
1782303318768,60472,0.35107,0.06055,0.93213,0.99789,-0.062,0.062,0.062,-0.1567,-0.093,-0.9177,0.3527
1782303318768,60472,0.35303,0.05835,0.93506,1.00118,0.0,0.25,0.062,-0.1566,-0.093,-0.9177,0.3527
1782303318827,60531,0.35303,0.06226,0.93164,0.99823,0.0,0.25,-0.125,-0.1566,-0.093,-0.9177,0.3527
1782303318827,60531,0.35498,0.06348,0.93335,1.00059,0.0,0.0,-0.062,-0.1566,-0.093,-0.9177,0.3527
1782303318828,60532,0.35498,0.05664,0.92871,0.99585,0.0,0.438,0.0,-0.1567,-0.0932,-0.9177,0.3527
1782303318889,60593,0.35376,0.05981,0.93213,0.99879,-0.062,0.875,0.0,-0.1567,-0.0931,-0.9177,0.3527
1782303318889,60593,0.35449,0.05664,0.93286,0.99955,0.0,1.0,0.0,-0.1567,-0.0931,-0.9177,0.3527
1782303318889,60593,0.34937,0.06348,0.93457,0.99975,0.125,-1.0,0.0,-0.1566,-0.093,-0.9177,0.3527
1782303318948,60652,0.35254,0.06104,0.93188,0.99821,0.0,-1.188,-0.125,-0.1566,-0.093,-0.9177,0.3527
1782303319009,60713,0.35498,0.0603,0.93262,0.99971,0.0,-1.062,0.062,-0.1567,-0.093,-0.9177,0.3527
1782303319009,60713,0.35547,0.06104,0.93335,1.00061,0.0,0.688,0.0,-0.1567,-0.0931,-0.9177,0.3526
1782303319009,60713,0.35303,0.05713,0.93042,0.99678,0.062,0.938,0.062,-0.1567,-0.0931,-0.9177,0.3526
1782303319068,60772,0.35498,0.05957,0.93237,0.99944,-0.188,0.938,0.0,-0.1567,-0.0931,-0.9177,0.3526
1782303319073,60777,0.35303,0.06104,0.93286,0.99929,0.062,-0.625,0.062,-0.1566,-0.093,-0.9177,0.3526
1782303319073,60777,0.35303,0.05835,0.93433,1.0005,-0.062,0.562,-0.188,-0.1566,-0.093,-0.9177,0.3526
1782303319127,60831,0.35376,0.05591,0.93481,1.00107,-0.062,0.438,-0.062,-0.1566,-0.093,-0.9177,0.3527
1782303319127,60831,0.35522,0.05859,0.93408,1.00106,0.062,0.438,0.125,-0.1566,-0.093,-0.9177,0.3527
1782303319128,60832,0.34985,0.06006,0.93213,0.99743,0.0,-0.438,0.125,-0.1566,-0.093,-0.9177,0.3527
1782303319186,60890,0.35376,0.06006,0.9314,0.99812,0.0,-0.375,0.0,-0.1567,-0.093,-0.9177,0.3527
1782303319187,60891,0.35352,0.05908,0.93164,0.99821,0.0,-0.25,0.0,-0.1567,-0.093,-0.9177,0.3526
1782303319188,60892,0.35205,0.06689,0.93652,1.00274,0.0,0.0,0.125,-0.1567,-0.093,-0.9177,0.3527
1782303319247,60951,0.35742,0.05957,0.93481,1.00259,0.0,-0.188,0.125,-0.1567,-0.093,-0.9177,0.3527
1782303319247,60951,0.35376,0.05957,0.93286,0.99946,0.0,-0.25,0.062,-0.1567,-0.093,-0.9177,0.3527
1782303319248,60952,0.35083,0.05908,0.93555,1.00091,0.062,-0.75,0.0,-0.1566,-0.0928,-0.9177,0.3527
1782303319308,61012,0.35352,0.05981,0.93115,0.9978,0.188,-0.938,0.125,-0.1567,-0.0929,-0.9177,0.3527
1782303319308,61012,0.35229,0.06421,0.93018,0.99673,0.0,-0.938,0.062,-0.1567,-0.0929,-0.9177,0.3527
1782303319308,61012,0.35352,0.05688,0.93408,1.00036,-0.062,0.438,0.0,-0.1567,-0.0929,-0.9177,0.3527
1782303319367,61071,0.35425,0.06055,0.93408,1.00083,-0.062,0.125,-0.062,-0.1567,-0.0929,-0.9177,0.3527
1782303319367,61071,0.35376,0.05688,0.93677,1.00295,0.0,0.25,0.0,-0.1567,-0.0929,-0.9177,0.3527
1782303319368,61072,0.35254,0.06177,0.93262,0.99894,-0.062,-0.375,0.0,-0.1567,-0.0929,-0.9177,0.3526
1782303319436,61140,0.35449,0.06323,0.93359,1.00063,0.062,-0.312,0.0,-0.1567,-0.093,-0.9177,0.3526
1782303319436,61140,0.35693,0.06494,0.93433,1.00229,-0.062,-0.312,0.062,-0.1567,-0.093,-0.9177,0.3526
1782303319437,61141,0.34937,0.0603,0.93701,1.00184,-0.125,1.688,-0.188,-0.1566,-0.0929,-0.9177,0.3526
1782303319491,61195,0.34912,0.06079,0.93652,1.00133,-0.312,1.812,0.0,-0.1566,-0.0929,-0.9177,0.3526
1782303319491,61195,0.34912,0.05884,0.93799,1.00258,-0.125,0.812,-0.062,-0.1565,-0.0928,-0.9177,0.3526
1782303319491,61195,0.34985,0.05591,0.92969,0.99491,0.0,-0.125,0.188,-0.1567,-0.0929,-0.9177,0.3526
1782303319547,61251,0.34985,0.05591,0.92969,0.99491,0.0,-0.125,0.188,-0.1567,-0.0929,-0.9177,0.3526
1782303319548,61252,0.35718,0.05737,0.93408,1.00169,0.0,0.125,0.0,-0.1567,-0.0929,-0.9177,0.3526
1782303319548,61252,0.35254,0.06348,0.93359,0.99996,0.125,-0.438,-0.062,-0.1568,-0.093,-0.9177,0.3526
1782303319607,61311,0.35669,0.06396,0.9314,0.99941,0.0,-0.188,0.0,-0.1569,-0.093,-0.9177,0.3526
1782303319607,61311,0.35254,0.06323,0.93188,0.99834,0.0,0.125,-0.062,-0.1568,-0.093,-0.9177,0.3526
1782303319608,61312,0.3562,0.05737,0.93188,0.99929,0.0,0.438,0.062,-0.1568,-0.093,-0.9177,0.3526
1782303319672,61376,0.3562,0.05737,0.93188,0.99929,0.0,0.438,0.062,-0.1568,-0.093,-0.9177,0.3526
1782303319672,61376,0.35327,0.05664,0.93262,0.99889,0.0,0.312,0.0,-0.1567,-0.0929,-0.9177,0.3526
1782303319673,61377,0.35327,0.05664,0.93262,0.99889,0.0,0.312,0.0,-0.1567,-0.0929,-0.9177,0.3526
1782303319731,61435,0.35059,0.06152,0.93188,0.99755,0.0,-0.188,-0.25,-0.1567,-0.0929,-0.9177,0.3526
1782303319731,61435,0.35254,0.06055,0.9314,0.99772,0.0,-0.25,0.062,-0.1567,-0.093,-0.9177,0.3526
1782303319731,61435,0.35254,0.06055,0.9314,0.99772,0.0,-0.25,0.062,-0.1567,-0.093,-0.9177,0.3526
1782303319787,61491,0.3562,0.05957,0.9314,0.99896,0.0,-0.25,-0.125,-0.1567,-0.0929,-0.9177,0.3526
1782303319787,61491,0.3562,0.05713,0.93286,1.00019,0.0,-0.438,0.0,-0.1567,-0.0929,-0.9177,0.3526
1782303319787,61491,0.35181,0.06006,0.93311,0.99903,-0.062,0.312,0.188,-0.1568,-0.093,-0.9177,0.3525
1782303319849,61553,0.35083,0.06055,0.93359,0.99917,-0.062,0.438,-0.062,-0.1568,-0.093,-0.9177,0.3525
1782303319849,61553,0.35229,0.05859,0.93188,0.99798,-0.125,0.25,0.0,-0.1567,-0.0929,-0.9177,0.3525
1782303319850,61554,0.35229,0.05957,0.93018,0.99644,0.0,0.312,0.125,-0.1567,-0.0929,-0.9177,0.3525
1782303319912,61616,0.35229,0.05688,0.93164,0.99765,0.0,0.0,0.0,-0.1567,-0.0929,-0.9177,0.3525
1782303319912,61616,0.35376,0.06152,0.93188,0.99867,0.0,0.0,0.062,-0.1567,-0.0929,-0.9177,0.3525
1782303319913,61617,0.35083,0.06348,0.93359,0.99935,0.0,0.0,-0.062,-0.1567,-0.0929,-0.9177,0.3525
1782303319967,61671,0.35156,0.05957,0.93066,0.99663,-0.062,-0.188,0.0,-0.1567,-0.0929,-0.9177,0.3525
1782303319968,61672,0.354,0.06201,0.93311,0.99993,0.0,-0.188,0.0,-0.1567,-0.0929,-0.9177,0.3525
1782303319968,61672,0.35522,0.05981,0.93262,0.99977,0.125,-0.25,0.0,-0.1568,-0.093,-0.9177,0.3525
1782303320026,61730,0.35425,0.06274,0.93457,1.00142,0.0,0.0,-0.125,-0.1568,-0.093,-0.9177,0.3525
1782303320027,61731,0.35352,0.05859,0.93066,0.99727,0.0,0.188,0.062,-0.1568,-0.093,-0.9177,0.3525
1782303320028,61732,0.35352,0.05859,0.93066,0.99727,0.0,0.188,0.062,-0.1568,-0.093,-0.9177,0.3525
1782303320088,61792,0.34961,0.05786,0.93921,1.00384,-0.25,0.0,0.0,-0.1566,-0.0928,-0.9178,0.3525
1782303320088,61792,0.35205,0.05664,0.93359,0.99937,0.0,-0.375,0.0,-0.1566,-0.0928,-0.9178,0.3525
1782303320088,61792,0.35205,0.05664,0.93359,0.99937,0.0,-0.375,0.0,-0.1566,-0.0928,-0.9178,0.3525
1782303320146,61850,0.35474,0.06177,0.93188,0.99903,0.0,0.0,0.062,-0.1569,-0.093,-0.9177,0.3525
1782303320147,61851,0.35376,0.06152,0.93042,0.9973,0.0,0.188,0.0,-0.1569,-0.093,-0.9177,0.3525
1782303320148,61852,0.34985,0.05688,0.93481,0.99976,-0.438,3.75,-0.125,-0.1566,-0.0929,-0.9177,0.3525
1782303320207,61911,0.34497,0.05005,0.94507,1.00731,-0.625,3.688,0.0,-0.1565,-0.0928,-0.9178,0.3525
1782303320207,61911,0.34497,0.05396,0.94824,1.01048,-0.312,1.062,0.0,-0.1564,-0.0927,-0.9178,0.3526
1782303320208,61912,0.35913,0.0647,0.92993,0.99897,0.0,-0.875,0.188,-0.157,-0.0932,-0.9177,0.3525
1782303320269,61973,0.35645,0.06274,0.92676,0.99492,0.0,-0.188,-0.062,-0.1571,-0.0932,-0.9177,0.3525
1782303320270,61974,0.36084,0.0647,0.92725,0.99708,0.0,0.375,-0.062,-0.1571,-0.0932,-0.9177,0.3525
1782303320270,61974,0.34912,0.06006,0.9353,1.00014,-0.188,0.875,0.0,-0.1567,-0.093,-0.9177,0.3525
1782303320326,62030,0.34692,0.05688,0.93481,0.99873,-0.25,0.812,0.0,-0.1566,-0.093,-0.9177,0.3525
1782303320327,62031,0.34863,0.05762,0.93896,1.00325,0.0,0.375,0.188,-0.1566,-0.0929,-0.9178,0.3525
1782303320328,62032,0.35425,0.05859,0.93066,0.99753,0.125,0.125,0.0,-0.1569,-0.093,-0.9177,0.3525
1782303320386,62090,0.35425,0.05859,0.93066,0.99753,0.125,0.125,0.0,-0.1569,-0.093,-0.9177,0.3525
1782303320387,62091,0.35229,0.06421,0.92749,0.99422,0.0,0.5,0.0,-0.1569,-0.093,-0.9177,0.3525
1782303320388,62092,0.3479,0.05981,0.93799,1.00221,-0.125,0.188,0.0,-0.1566,-0.0929,-0.9177,0.3526
1782303320447,62151,0.34937,0.05859,0.94092,1.00539,0.0,-0.312,0.0,-0.1566,-0.0929,-0.9178,0.3526
1782303320452,62156,0.34839,0.06152,0.93555,1.0002,0.062,-1.312,-0.062,-0.1566,-0.0929,-0.9177,0.3526
1782303320452,62156,0.35498,0.06445,0.92944,0.99701,-0.062,0.375,0.062,-0.157,-0.0932,-0.9177,0.3525
1782303320512,62216,0.35425,0.06348,0.9292,0.99646,0.0,0.625,0.0,-0.1569,-0.0932,-0.9177,0.3525
1782303320513,62217,0.35181,0.06104,0.9292,0.99544,-0.25,0.875,0.0,-0.1569,-0.0932,-0.9177,0.3525
1782303320513,62217,0.35229,0.05811,0.93433,1.00023,0.0,0.375,-0.062,-0.1566,-0.093,-0.9177,0.3525
1782303320567,62271,0.35181,0.05762,0.9353,1.00094,-0.062,-0.062,0.0,-0.1566,-0.0929,-0.9177,0.3525
1782303320568,62272,0.35132,0.05713,0.93945,1.00462,0.0,-0.312,0.062,-0.1566,-0.0929,-0.9177,0.3525
1782303320570,62274,0.3501,0.0603,0.93579,1.00095,0.0,0.812,-0.188,-0.1567,-0.0929,-0.9177,0.3525
1782303320628,62332,0.35083,0.06079,0.93774,1.00307,0.0,0.0,-0.25,-0.1567,-0.0929,-0.9177,0.3525
1782303320628,62332,0.35474,0.06299,0.93701,1.00389,0.0,-0.688,0.188,-0.1567,-0.0929,-0.9177,0.3525
1782303320687,62391,0.35498,0.05884,0.92896,0.99621,0.0,-0.375,0.0,-0.1569,-0.0931,-0.9177,0.3525
1782303320687,62391,0.3562,0.06104,0.93481,1.00224,0.0,0.0,-0.062,-0.157,-0.0931,-0.9177,0.3525
1782303320687,62391,0.35693,0.06152,0.93237,1.00025,0.062,0.125,0.062,-0.157,-0.0931,-0.9177,0.3525
1782303320746,62450,0.35132,0.06226,0.93213,0.99808,0.0,0.125,0.0,-0.1568,-0.093,-0.9177,0.3525
1782303320746,62450,0.35352,0.06226,0.93188,0.99863,0.0,-0.062,0.0,-0.1568,-0.093,-0.9177,0.3525
1782303320747,62451,0.34937,0.06006,0.93506,1.0,0.0,0.375,0.0,-0.1567,-0.0929,-0.9178,0.3525
1782303320810,62514,0.34937,0.06006,0.93506,1.0,0.0,0.375,0.0,-0.1567,-0.0929,-0.9178,0.3525
1782303320810,62514,0.34741,0.05957,0.93726,1.00135,0.0,0.125,0.062,-0.1566,-0.0929,-0.9178,0.3525
1782303320810,62514,0.34741,0.05957,0.93726,1.00135,0.0,0.125,0.062,-0.1566,-0.0929,-0.9178,0.3525
1782303320872,62576,0.35522,0.05835,0.93433,1.00128,0.0,-0.438,0.062,-0.1567,-0.0929,-0.9177,0.3525
1782303320873,62577,0.35303,0.0603,0.92944,0.99606,0.062,-0.812,-0.125,-0.1567,-0.0929,-0.9177,0.3525
1782303320875,62579,0.35278,0.06006,0.93066,0.9971,0.0,0.0,-0.062,-0.1568,-0.093,-0.9177,0.3525
1782303320926,62630,0.35474,0.05713,0.93237,0.99921,-0.125,0.375,0.125,-0.1568,-0.093,-0.9177,0.3525
1782303320927,62631,0.35498,0.05908,0.93237,0.99941,0.062,0.0,0.0,-0.1568,-0.093,-0.9177,0.3525
1782303320927,62631,0.35181,0.06152,0.93164,0.99775,0.0,0.5,0.062,-0.1567,-0.0929,-0.9178,0.3525
1782303320993,62697,0.35059,0.0625,0.93335,0.99898,0.0,0.188,0.125,-0.1567,-0.0929,-0.9178,0.3525
1782303320994,62698,0.34961,0.06055,0.93408,0.9992,0.0,0.312,0.125,-0.1567,-0.0929,-0.9178,0.3525
1782303320994,62698,0.35522,0.06152,0.93457,1.00169,0.0,-0.375,-0.062,-0.1566,-0.0928,-0.9178,0.3525
1782303321048,62752,0.35498,0.05859,0.93677,1.00348,0.062,-0.375,0.0,-0.1567,-0.0929,-0.9178,0.3525
1782303321052,62756,0.35669,0.05884,0.93115,0.99887,0.0,-0.688,-0.062,-0.1567,-0.0929,-0.9178,0.3525
1782303321053,62757,0.34814,0.05859,0.93457,0.99903,0.0,0.125,0.062,-0.1567,-0.0928,-0.9178,0.3525
1782303321107,62811,0.34839,0.05884,0.93408,0.99867,0.0,0.0,0.188,-0.1567,-0.0928,-0.9178,0.3525
1782303321108,62812,0.35107,0.06177,0.93481,1.00047,-0.125,-0.188,0.0,-0.1567,-0.0928,-0.9178,0.3525
1782303321108,62812,0.35669,0.0625,0.93091,0.99886,0.0,-0.062,0.0,-0.1568,-0.093,-0.9178,0.3525
1782303321170,62874,0.3562,0.06177,0.92847,0.99637,0.0,0.0,0.0,-0.1568,-0.093,-0.9177,0.3525
1782303321171,62875,0.35474,0.06177,0.93286,0.99994,0.0,0.438,0.062,-0.1567,-0.093,-0.9177,0.3525
1782303321171,62875,0.35254,0.05884,0.93799,1.00378,0.0,0.062,0.0,-0.1566,-0.0928,-0.9178,0.3525
1782303321232,62936,0.34985,0.05884,0.93335,0.9985,0.0,-0.625,-0.188,-0.1566,-0.0928,-0.9178,0.3525
1782303321234,62938,0.34937,0.05981,0.93408,0.99907,0.0,-0.75,0.0,-0.1566,-0.0928,-0.9178,0.3525
1782303321235,62939,0.3562,0.05981,0.92822,0.99602,-0.062,0.438,0.125,-0.1569,-0.093,-0.9177,0.3524
1782303321287,62991,0.35767,0.05835,0.92847,0.99668,0.0,0.938,0.0,-0.1569,-0.093,-0.9177,0.3525
1782303321287,62991,0.35498,0.05884,0.93335,1.00031,0.0,1.062,0.0,-0.1568,-0.0929,-0.9177,0.3525
1782303321287,62991,0.35107,0.06104,0.93481,1.00043,0.0,-0.75,0.0,-0.1566,-0.0928,-0.9178,0.3525
1782303321346,63050,0.34961,0.06323,0.93774,1.00279,0.062,-1.438,0.312,-0.1566,-0.0928,-0.9178,0.3525
1782303321347,63051,0.34912,0.06128,0.93066,0.99588,0.25,-1.938,0.125,-0.1567,-0.0928,-0.9178,0.3525
1782303321347,63051,0.35376,0.05518,0.93799,1.004,0.0,0.25,-0.062,-0.1567,-0.0928,-0.9178,0.3525
1782303321412,63116,0.35498,0.0603,0.93384,1.00085,0.125,0.312,0.125,-0.1567,-0.0928,-0.9178,0.3525
1782303321414,63118,0.34937,0.06152,0.92969,0.99507,-0.125,0.062,-0.062,-0.1567,-0.0928,-0.9178,0.3525
1782303321414,63118,0.35327,0.06226,0.93042,0.99717,0.062,-0.812,0.25,-0.1568,-0.0928,-0.9178,0.3525
1782303321471,63175,0.35791,0.06445,0.93384,1.00215,0.0,-1.062,0.0,-0.1568,-0.0929,-0.9178,0.3525
1782303321526,63230,0.35327,0.06055,0.93115,0.99775,0.062,-0.062,0.062,-0.1568,-0.0929,-0.9177,0.3525
1782303321526,63230,0.3562,0.06152,0.93433,1.00181,-0.375,2.188,0.125,-0.1564,-0.0927,-0.9179,0.3525
1782303321528,63232,0.35474,0.06079,0.93237,0.99943,-0.625,2.125,0.062,-0.1564,-0.0926,-0.9179,0.3525
1782303321588,63292,0.34253,0.0625,0.94214,1.00442,0.312,3.375,-0.188,-0.1563,-0.0925,-0.9179,0.3525
1782303321589,63293,0.34375,0.05957,0.9436,1.00603,0.562,-6.188,0.062,-0.1555,-0.0922,-0.918,0.3525
1782303321589,63293,0.34424,0.06128,0.94409,1.00676,0.0,-1.938,-0.062,-0.1547,-0.0917,-0.9182,0.3527
1782303321647,63351,0.34595,0.05615,0.94189,1.00499,0.25,-3.188,-0.125,-0.1548,-0.0918,-0.9182,0.3526
1782303321650,63354,0.34692,0.05957,0.94238,1.00598,0.562,-4.5,0.062,-0.155,-0.0919,-0.9181,0.3526
1782303321650,63354,0.35278,0.05713,0.927,0.99351,-0.312,2.375,0.0,-0.1558,-0.0923,-0.918,0.3525
1782303321707,63411,0.35327,0.06299,0.92969,0.99654,-0.188,3.188,0.0,-0.1557,-0.0922,-0.918,0.3525
1782303321707,63411,0.35376,0.05957,0.9353,1.00174,-0.438,3.188,0.125,-0.1557,-0.0922,-0.918,0.3525
1782303321707,63411,0.34888,0.05884,0.93555,1.00021,0.0,1.312,0.062,-0.1552,-0.092,-0.9181,0.3526
1782303321767,63471,0.3479,0.05981,0.9353,0.9997,-0.375,1.25,0.0,-0.1551,-0.092,-0.9181,0.3526
1782303321767,63471,0.34668,0.0603,0.93579,0.99976,0.0,1.188,0.125,-0.155,-0.0919,-0.9181,0.3526
1782303321767,63471,0.34595,0.05566,0.93506,0.99856,0.125,-0.688,0.0,-0.1549,-0.0918,-0.9182,0.3527
1782303321830,63534,0.35132,0.06006,0.94043,1.0057,0.125,-0.625,-0.062,-0.1549,-0.0918,-0.9182,0.3526
1782303321831,63535,0.34863,0.05957,0.93237,0.9972,0.0,-1.875,-0.125,-0.155,-0.0919,-0.9181,0.3526
1782303321831,63535,0.35132,0.05933,0.9292,0.99517,0.0,-0.688,-0.125,-0.1557,-0.0922,-0.918,0.3525
1782303321888,63592,0.34668,0.06177,0.9314,0.99574,0.062,-0.375,0.188,-0.1557,-0.0922,-0.918,0.3525
1782303321888,63592,0.35571,0.05493,0.93262,0.99966,0.0,0.375,0.25,-0.1557,-0.0922,-0.918,0.3525
1782303321888,63592,0.3479,0.05908,0.93506,0.99943,0.0,-0.312,0.0,-0.1555,-0.0921,-0.918,0.3525
1782303321951,63655,0.35156,0.05786,0.93286,0.99859,0.125,-0.375,0.188,-0.1555,-0.0922,-0.918,0.3525
1782303321953,63657,0.34717,0.05786,0.93555,0.99956,0.0,-0.562,0.0,-0.1555,-0.0922,-0.918,0.3525
1782303321953,63657,0.34717,0.05786,0.93555,0.99956,0.0,-0.562,0.0,-0.1555,-0.0922,-0.918,0.3525
1782303322007,63711,0.35596,0.05835,0.93213,0.99949,-0.312,2.438,0.25,-0.1553,-0.092,-0.918,0.3526
1782303322007,63711,0.35229,0.06274,0.93872,1.00461,-0.438,2.688,-0.062,-0.155,-0.0919,-0.9181,0.3527
1782303322007,63711,0.34839,0.05859,0.93994,1.00414,0.0,-1.5,-0.188,-0.155,-0.0919,-0.9181,0.3526
1782303322067,63771,0.3501,0.0564,0.93506,1.00004,0.062,-1.25,0.0,-0.155,-0.0919,-0.9181,0.3526
1782303322075,63779,0.34912,0.0564,0.93237,0.99719,0.062,-1.562,-0.25,-0.1551,-0.0919,-0.9181,0.3526
1782303322075,63779,0.35156,0.06396,0.93823,1.00398,0.0,0.375,0.0,-0.155,-0.0919,-0.9181,0.3526
1782303322129,63833,0.34668,0.06226,0.93799,1.00194,0.0,0.188,-0.062,-0.155,-0.0919,-0.9181,0.3526
1782303322130,63834,0.35059,0.06177,0.93799,1.00327,-0.062,-0.75,-0.062,-0.155,-0.0919,-0.9181,0.3525
1782303322130,63834,0.3479,0.05688,0.93823,1.00227,0.062,0.375,0.188,-0.1552,-0.0919,-0.9181,0.3525
1782303322187,63891,0.34448,0.05811,0.93335,0.99659,0.0,0.312,0.0,-0.1552,-0.0919,-0.9181,0.3525
1782303322187,63891,0.35132,0.05908,0.93335,0.99903,0.0,0.25,0.188,-0.1551,-0.0919,-0.9181,0.3526
1782303322187,63891,0.35156,0.06104,0.93457,1.00037,0.0,-0.5,0.0,-0.1549,-0.0918,-0.9182,0.3526
1782303322246,63950,0.35156,0.06421,0.93701,1.00285,-0.125,-0.75,0.0,-0.1549,-0.0918,-0.9182,0.3526
1782303322246,63950,0.34766,0.06274,0.93262,0.99728,0.0,-0.438,0.0,-0.155,-0.0918,-0.9181,0.3526
1782303322248,63952,0.34692,0.0564,0.93359,0.99756,-0.062,0.625,-0.062,-0.1552,-0.0919,-0.9181,0.3526
1782303322307,64011,0.34717,0.05786,0.93555,0.99956,0.0,0.812,0.0,-0.1552,-0.0919,-0.9181,0.3526
1782303322307,64011,0.34888,0.05786,0.93823,1.00267,-0.125,0.625,0.062,-0.1551,-0.0919,-0.9181,0.3526
1782303322308,64012,0.34424,0.06274,0.93506,0.99838,0.0,0.0,0.0,-0.1551,-0.0919,-0.9181,0.3526
1782303322368,64072,0.34839,0.05908,0.93677,1.0012,0.0,0.125,0.062,-0.1551,-0.0919,-0.9181,0.3526
1782303322368,64072,0.34668,0.05884,0.93433,0.99831,0.0,0.125,0.0,-0.155,-0.0919,-0.9181,0.3526
1782303322371,64075,0.34668,0.05884,0.93433,0.99831,0.0,0.125,0.0,-0.155,-0.0919,-0.9181,0.3526
1782303322439,64143,0.34668,0.05884,0.93433,0.99831,0.0,0.125,0.0,-0.155,-0.0919,-0.9181,0.3526
1782303322441,64145,0.35376,0.05762,0.93921,1.00528,0.0,0.0,-0.062,-0.155,-0.0918,-0.9182,0.3526
1782303322441,64145,0.34741,0.06006,0.93286,0.99726,-0.062,0.562,-0.062,-0.1551,-0.0919,-0.9181,0.3525
1782303322494,64198,0.34668,0.06494,0.93848,1.00257,-0.062,0.25,0.125,-0.155,-0.0919,-0.9181,0.3525
1782303322495,64199,0.34668,0.06299,0.93481,0.99902,0.0,-0.062,0.125,-0.155,-0.0919,-0.9181,0.3525
1782303322495,64199,0.34985,0.05591,0.93799,1.00267,0.0,0.312,0.062,-0.155,-0.0919,-0.9181,0.3525
1782303322550,64254,0.34692,0.05396,0.93481,0.99857,0.0,0.125,0.062,-0.155,-0.0919,-0.9181,0.3526
1782303322557,64261,0.34717,0.0564,0.93213,0.99628,0.0,0.25,0.0,-0.155,-0.0919,-0.9181,0.3525
1782303322557,64261,0.34888,0.05957,0.9353,1.00003,0.0,-0.688,-0.188,-0.155,-0.0918,-0.9182,0.3526
1782303322609,64313,0.34863,0.06055,0.93335,0.99817,0.312,-1.188,0.125,-0.155,-0.0918,-0.9182,0.3526
1782303322609,64313,0.3501,0.06274,0.93384,0.99928,0.25,-1.375,-0.062,-0.155,-0.0919,-0.9181,0.3525
1782303322609,64313,0.35376,0.06152,0.93384,1.00049,-0.062,0.562,-0.062,-0.1552,-0.092,-0.9181,0.3525
1782303322666,64370,0.34009,0.05811,0.92993,0.99187,-0.125,0.438,0.125,-0.1552,-0.0919,-0.9181,0.3525
1782303322667,64371,0.35449,0.05737,0.93823,1.00461,0.062,0.688,0.188,-0.1552,-0.0919,-0.9181,0.3525
1782303322667,64371,0.35645,0.05664,0.94238,1.00913,0.0,-0.812,0.125,-0.155,-0.0919,-0.9182,0.3525
1782303322726,64430,0.34937,0.06323,0.93628,1.00134,0.0,-1.375,-0.125,-0.155,-0.0919,-0.9181,0.3525
1782303322726,64430,0.34497,0.0647,0.93701,1.00059,0.188,-1.188,0.062,-0.1551,-0.0919,-0.9181,0.3525
1782303322727,64431,0.35034,0.05688,0.95117,1.01524,0.25,0.125,-0.062,-0.1549,-0.0918,-0.9182,0.3525
1782303322786,64490,0.34766,0.05786,0.94287,1.00659,0.25,-1.438,-0.062,-0.155,-0.0919,-0.9182,0.3525
1782303322786,64490,0.34399,0.06226,0.93286,0.99621,0.312,-2.375,0.0,-0.1551,-0.0919,-0.9181,0.3525
1782303322787,64491,0.34668,0.05469,0.93799,1.0015,-0.188,1.375,-0.312,-0.155,-0.0919,-0.9182,0.3525
1782303322846,64550,0.34009,0.05884,0.93457,0.99626,-0.125,1.125,-0.062,-0.155,-0.0919,-0.9182,0.3525
1782303322846,64550,0.34644,0.05884,0.94434,1.0076,0.0,0.375,0.0,-0.1549,-0.0918,-0.9182,0.3525
1782303322847,64551,0.35156,0.06079,0.93115,0.99716,-0.062,2.5,0.0,-0.1552,-0.092,-0.9181,0.3525
1782303322910,64614,0.34692,0.06152,0.93286,0.99718,-0.125,2.125,-0.062,-0.1551,-0.0919,-0.9181,0.3525
1782303322910,64614,0.35205,0.06006,0.93604,1.00185,-0.562,0.938,0.312,-0.155,-0.0919,-0.9181,0.3525
1782303322911,64615,0.34888,0.06128,0.93335,0.9983,0.0,-0.625,-0.062,-0.155,-0.0918,-0.9182,0.3526
1782303322968,64672,0.34521,0.06177,0.93701,1.00049,0.0,-0.438,-0.125,-0.155,-0.0919,-0.9182,0.3526
1782303322969,64673,0.34253,0.06274,0.93604,0.99871,-0.125,-0.938,-0.062,-0.155,-0.0919,-0.9182,0.3525
1782303322969,64673,0.35327,0.06104,0.92896,0.99573,0.062,-0.375,0.062,-0.1552,-0.092,-0.9181,0.3525
1782303323026,64730,0.35327,0.06055,0.93213,0.99866,0.062,0.5,0.0,-0.1552,-0.092,-0.9181,0.3525
1782303323026,64730,0.35059,0.05664,0.93237,0.99772,0.0,0.5,0.062,-0.1552,-0.0919,-0.9181,0.3525
1782303323027,64731,0.34668,0.06055,0.93872,1.00252,-0.062,0.438,-0.125,-0.155,-0.0919,-0.9181,0.3526
1782303323086,64790,0.34888,0.06152,0.93555,1.00037,0.0,0.312,0.0,-0.155,-0.0919,-0.9181,0.3526
1782303323086,64790,0.34741,0.0603,0.93433,0.99865,0.0,-0.75,-0.062,-0.155,-0.0919,-0.9182,0.3526
1782303323087,64791,0.34937,0.05786,0.9353,1.0001,-0.062,-0.25,-0.062,-0.1552,-0.0919,-0.9181,0.3525
1782303323146,64850,0.35083,0.06226,0.93481,1.00042,0.188,-0.312,-0.062,-0.1552,-0.0919,-0.9181,0.3525
1782303323147,64851,0.35059,0.06006,0.93213,0.99769,0.0,-0.312,-0.062,-0.1553,-0.0919,-0.9181,0.3525
1782303323147,64851,0.34741,0.06006,0.93018,0.99475,0.0,-0.5,0.0,-0.1552,-0.092,-0.9181,0.3525
1782303323210,64914,0.34961,0.05981,0.93335,0.99847,0.0,0.0,0.0,-0.1552,-0.092,-0.9181,0.3525
1782303323211,64915,0.35059,0.05737,0.93237,0.99776,0.0,0.062,0.0,-0.1552,-0.092,-0.9181,0.3525
1782303323211,64915,0.35352,0.06396,0.93115,0.99805,-0.062,0.625,0.062,-0.1553,-0.092,-0.9181,0.3525
1782303323266,64970,0.34717,0.06299,0.93115,0.99576,-0.25,1.312,0.062,-0.1552,-0.0919,-0.9181,0.3525
1782303323266,64970,0.34741,0.06128,0.93677,1.00099,-0.438,1.188,-0.062,-0.1551,-0.0919,-0.9182,0.3525
1782303323269,64973,0.34961,0.06079,0.93311,0.9983,0.062,0.062,0.0,-0.155,-0.0919,-0.9182,0.3525
1782303323326,65030,0.35205,0.05908,0.93433,1.0002,-0.062,0.062,0.062,-0.155,-0.0919,-0.9182,0.3525
1782303323327,65031,0.35156,0.0625,0.93579,1.0016,0.188,-0.375,0.0,-0.155,-0.0919,-0.9182,0.3525
1782303323328,65032,0.35083,0.0564,0.93701,1.00212,0.0,0.312,0.0,-0.1552,-0.0919,-0.9181,0.3525
1782303323389,65093,0.3479,0.05518,0.93921,1.00309,0.0,-0.125,0.0,-0.1552,-0.0919,-0.9181,0.3525
1782303323389,65093,0.34644,0.05688,0.93677,1.00039,0.0,-0.438,0.125,-0.1552,-0.0919,-0.9181,0.3525
1782303323390,65094,0.35156,0.0647,0.93457,1.0006,0.0,0.0,0.0,-0.1552,-0.092,-0.9181,0.3525
1782303323449,65153,0.35327,0.06519,0.93115,0.99805,0.0,0.125,0.0,-0.1552,-0.092,-0.9181,0.3525
1782303323449,65153,0.3562,0.06274,0.92969,0.99756,-0.25,0.812,0.125,-0.1552,-0.092,-0.9181,0.3525
1782303323449,65153,0.34106,0.05225,0.93213,0.99394,-0.062,1.688,0.062,-0.1549,-0.0918,-0.9182,0.3525
1782303323507,65211,0.35254,0.05615,0.94263,1.00796,-0.125,1.312,0.25,-0.1549,-0.0918,-0.9182,0.3526
1782303323507,65211,0.34229,0.0564,0.93896,1.001,-0.062,0.125,-0.125,-0.1548,-0.0917,-0.9182,0.3526
1782303323507,65211,0.3562,0.0603,0.93311,1.0006,0.0,-1.312,0.062,-0.1553,-0.092,-0.9181,0.3525
1782303323577,65281,0.3562,0.0603,0.93311,1.0006,0.0,-1.312,0.062,-0.1553,-0.092,-0.9181,0.3525
1782303323579,65283,0.35229,0.06226,0.93213,0.99842,0.0,-1.188,-0.062,-0.1553,-0.0921,-0.9181,0.3525
1782303323579,65283,0.34326,0.05225,0.94336,1.00523,0.062,0.562,-0.125,-0.155,-0.0919,-0.9182,0.3525
1782303323628,65332,0.34302,0.06445,0.93677,0.99967,0.062,-1.062,0.125,-0.155,-0.0919,-0.9182,0.3525
1782303323628,65332,0.34814,0.06299,0.93799,1.00249,-0.25,-1.812,-0.375,-0.1551,-0.0919,-0.9182,0.3525
1782303323629,65333,0.34888,0.06543,0.93384,0.99902,-0.062,0.812,-0.125,-0.1552,-0.0919,-0.9181,0.3525
1782303323686,65390,0.34863,0.06006,0.93384,0.9986,-0.062,1.0,0.0,-0.1552,-0.0919,-0.9181,0.3525
1782303323686,65390,0.34766,0.05933,0.93408,0.99845,-0.188,0.562,0.0,-0.1551,-0.0919,-0.9182,0.3525
1782303323690,65394,0.34961,0.05786,0.93823,1.00292,0.0,0.0,0.062,-0.1549,-0.0917,-0.9182,0.3525
1782303323746,65450,0.34888,0.0603,0.93774,1.00236,0.188,-0.688,0.062,-0.1549,-0.0917,-0.9182,0.3525
1782303323746,65450,0.34473,0.0603,0.93774,1.00092,0.375,-1.125,0.062,-0.1549,-0.0918,-0.9182,0.3525
1782303323747,65451,0.34473,0.0603,0.93774,1.00092,0.375,-1.125,0.062,-0.1549,-0.0918,-0.9182,0.3525
1782303323809,65513,0.34937,0.05737,0.93628,1.00098,-0.312,1.188,0.0,-0.1553,-0.092,-0.9181,0.3525
1782303323810,65514,0.34668,0.05762,0.93091,0.99504,0.0,1.125,0.0,-0.1552,-0.0919,-0.9181,0.3525
1782303323811,65515,0.34546,0.06055,0.93555,0.99913,0.188,-0.125,0.062,-0.155,-0.0918,-0.9182,0.3525
1782303323869,65573,0.34546,0.06055,0.93555,0.99913,0.188,-0.125,0.062,-0.155,-0.0918,-0.9182,0.3525
1782303323869,65573,0.35278,0.05908,0.93677,1.00274,0.125,-0.75,0.0,-0.155,-0.0918,-0.9182,0.3525
1782303323869,65573,0.35376,0.0603,0.93335,0.99996,0.0,1.375,0.062,-0.1551,-0.0919,-0.9182,0.3525
1782303323927,65631,0.35376,0.0603,0.93335,0.99996,0.0,1.375,0.062,-0.1551,-0.0919,-0.9182,0.3525
1782303323932,65636,0.34814,0.0564,0.93457,0.9989,-0.062,1.438,-0.125,-0.155,-0.0919,-0.9182,0.3525
1782303323935,65639,0.34595,0.05835,0.93359,0.99734,0.25,-1.312,0.0,-0.1552,-0.0919,-0.9182,0.3525
1782303323986,65690,0.35229,0.05933,0.92847,0.99483,0.125,-0.875,0.0,-0.1552,-0.0919,-0.9181,0.3525
1782303324051,65755,0.35278,0.06055,0.92798,0.99462,0.062,-0.312,0.062,-0.1553,-0.092,-0.9181,0.3525
1782303324051,65755,0.34595,0.06104,0.93384,0.99773,0.188,1.125,-0.062,-0.155,-0.0919,-0.9182,0.3525
1782303324051,65755,0.35034,0.05884,0.9314,0.99685,-0.188,0.938,0.0,-0.155,-0.0919,-0.9182,0.3525
1782303324109,65813,0.34204,0.06104,0.93481,0.99729,-0.125,0.875,-0.125,-0.155,-0.0918,-0.9182,0.3525
1782303324109,65813,0.35205,0.06128,0.93018,0.99645,0.0,-0.812,0.062,-0.1552,-0.0919,-0.9182,0.3525
1782303324109,65813,0.34497,0.06079,0.93359,0.99714,-0.125,0.438,-0.125,-0.1551,-0.0919,-0.9182,0.3525
1782303324166,65870,0.35278,0.0564,0.9353,1.00121,-0.188,0.812,0.125,-0.155,-0.0919,-0.9182,0.3525
1782303324166,65870,0.34717,0.05566,0.93677,1.00058,-0.188,0.188,-0.062,-0.155,-0.0919,-0.9182,0.3525
1782303324167,65871,0.34839,0.06128,0.93896,1.00339,0.0,0.0,0.0,-0.155,-0.0918,-0.9182,0.3525
1782303324227,65931,0.34839,0.06128,0.93896,1.00339,0.0,0.0,0.0,-0.155,-0.0918,-0.9182,0.3525
1782303324227,65931,0.34985,0.0625,0.93457,0.99986,0.062,-0.25,0.125,-0.155,-0.0918,-0.9182,0.3525
1782303324227,65931,0.354,0.05786,0.93555,1.00196,0.0,1.375,0.188,-0.1552,-0.0919,-0.9182,0.3525
1782303324288,65992,0.354,0.05786,0.93555,1.00196,0.0,1.375,0.188,-0.1552,-0.0919,-0.9182,0.3525
1782303324289,65993,0.34839,0.05469,0.93335,0.99775,-0.062,1.5,0.062,-0.155,-0.0918,-0.9182,0.3525
1782303324289,65993,0.35229,0.05811,0.93042,0.99658,0.0,-1.375,0.0,-0.1552,-0.0919,-0.9182,0.3525
1782303324346,66050,0.35229,0.05811,0.93042,0.99658,0.0,-1.375,0.0,-0.1552,-0.0919,-0.9182,0.3525
1782303324346,66050,0.35669,0.05981,0.93042,0.99824,0.125,-0.625,0.188,-0.1553,-0.0919,-0.9181,0.3525
1782303324348,66052,0.34619,0.05908,0.93506,0.99884,0.0,0.375,0.062,-0.155,-0.0919,-0.9182,0.3525
1782303324406,66110,0.35059,0.05786,0.93604,1.00121,-0.125,0.312,0.062,-0.155,-0.0918,-0.9182,0.3525
1782303324406,66110,0.3457,0.05835,0.93774,1.00114,0.0,0.0,0.062,-0.155,-0.0918,-0.9182,0.3525
1782303324407,66111,0.35596,0.06079,0.93335,1.00077,0.0,-0.875,0.0,-0.1553,-0.0919,-0.9181,0.3525
1782303324466,66170,0.35547,0.05859,0.92773,0.99523,0.0,-0.438,0.062,-0.1553,-0.0919,-0.9181,0.3525
1782303324467,66171,0.36133,0.06128,0.92798,0.99773,0.0,0.688,0.125,-0.1553,-0.0919,-0.9181,0.3525
1782303324467,66171,0.3457,0.05688,0.94604,1.00883,0.875,0.312,0.438,-0.1549,-0.0917,-0.9182,0.3525
1782303324529,66233,0.3396,0.06274,0.93726,0.99886,0.0,-2.125,-0.375,-0.1549,-0.0917,-0.9182,0.3525
1782303324530,66234,0.33984,0.05444,0.94116,1.00212,0.375,-1.375,0.062,-0.155,-0.0918,-0.9182,0.3525
1782303324530,66234,0.35278,0.06055,0.92725,0.99394,-0.438,0.812,-0.312,-0.1553,-0.092,-0.9181,0.3525
1782303324586,66290,0.354,0.06299,0.93091,0.99794,-0.062,1.812,0.125,-0.1553,-0.0919,-0.9181,0.3525
1782303324586,66290,0.34668,0.05713,0.93774,1.00141,0.0,2.25,-0.25,-0.1552,-0.0919,-0.9182,0.3525
1782303324587,66291,0.34448,0.05713,0.93164,0.99493,-0.188,1.312,0.0,-0.155,-0.0918,-0.9182,0.3525
1782303324646,66350,0.34839,0.06128,0.93628,1.00087,-0.062,1.312,-0.125,-0.155,-0.0918,-0.9182,0.3525
1782303324646,66350,0.34912,0.06201,0.94019,1.00483,0.0,0.25,0.062,-0.1549,-0.0917,-0.9182,0.3525
1782303324647,66351,0.35181,0.0603,0.92993,0.99608,-0.062,0.125,-0.062,-0.1553,-0.092,-0.9181,0.3525
1782303324706,66410,0.35522,0.05566,0.93164,0.99862,0.0,0.25,0.062,-0.1553,-0.092,-0.9181,0.3525
1782303324707,66411,0.35083,0.05762,0.93091,0.99649,-0.312,0.562,-0.062,-0.1553,-0.0919,-0.9181,0.3525
1782303324707,66411,0.35083,0.05762,0.93091,0.99649,-0.312,0.562,-0.062,-0.1553,-0.0919,-0.9181,0.3525
1782303324769,66473,0.35229,0.05835,0.94385,1.00914,0.562,-0.312,0.375,-0.1551,-0.0918,-0.9182,0.3525
1782303324769,66473,0.3479,0.06348,0.93506,0.9997,0.438,-1.688,0.25,-0.1552,-0.0919,-0.9181,0.3525
1782303324769,66473,0.34766,0.05981,0.93335,0.99779,-0.188,2.625,-0.188,-0.1552,-0.0919,-0.9181,0.3525
1782303324828,66532,0.34766,0.05981,0.93335,0.99779,-0.188,2.625,-0.188,-0.1552,-0.0919,-0.9181,0.3525
1782303324838,66542,0.34546,0.05737,0.93433,0.9978,0.062,1.938,0.438,-0.155,-0.0918,-0.9182,0.3525
1782303324838,66542,0.34497,0.06226,0.93408,0.99769,0.062,-2.938,-0.125,-0.1551,-0.0919,-0.9182,0.3525
1782303324889,66593,0.35303,0.05737,0.93555,1.00158,0.25,-2.438,0.188,-0.1552,-0.0919,-0.9181,0.3525
1782303324889,66593,0.34888,0.06494,0.93115,0.99648,0.125,-2.188,0.0,-0.1553,-0.092,-0.9181,0.3525
1782303324890,66594,0.34668,0.05762,0.93164,0.99572,-0.25,2.0,0.0,-0.1553,-0.092,-0.9181,0.3525
1782303324946,66650,0.34814,0.05664,0.93457,0.99892,-0.188,1.812,0.062,-0.1552,-0.0919,-0.9181,0.3525
1782303324947,66651,0.34741,0.05566,0.94019,1.00386,-0.25,1.188,0.0,-0.1552,-0.0919,-0.9181,0.3525
1782303324948,66652,0.34863,0.05713,0.93115,0.99592,0.188,-1.312,0.188,-0.1553,-0.092,-0.9181,0.3525
1782303325007,66711,0.3584,0.05786,0.92969,0.99806,0.062,-1.438,0.0,-0.1554,-0.0921,-0.918,0.3525
1782303325007,66711,0.35547,0.06055,0.92993,0.9974,-0.125,-0.938,0.0,-0.1555,-0.0921,-0.918,0.3525
1782303325007,66711,0.3418,0.05859,0.93628,0.99844,-0.25,1.688,-0.125,-0.1552,-0.0919,-0.9181,0.3525
