t_ms_abs,t_ms_rel,ax_g,ay_g,az_g,resultant_g,gx_dps,gy_dps,gz_dps,qx,qy,qz,qw
1781857519316,0,0.61206,0.75757,0.23242,1.00127,-3.688,-6.562,-0.188,0.5861,-0.1483,0.3292,0.7252
1781857519317,1,0.60718,0.75659,0.23193,0.99744,-3.375,-6.625,-0.188,0.5861,-0.1486,0.329,0.7252
1781857519317,1,0.60352,0.75293,0.24072,0.99453,-2.062,-5.125,0.188,0.5859,-0.1497,0.3279,0.7255
1781857519317,1,0.60742,0.74878,0.24097,0.99383,-1.625,-4.188,0.5,0.5859,-0.1498,0.3279,0.7255
1781857519317,1,0.60474,0.74854,0.24487,0.99296,-1.438,-3.812,0.312,0.5859,-0.1499,0.3278,0.7255
1781857519318,2,0.60571,0.75122,0.24487,0.99558,-1.5,-3.312,0.312,0.586,-0.15,0.3277,0.7255
1781857519318,2,0.60571,0.75122,0.24487,0.99558,-1.5,-3.312,0.312,0.586,-0.15,0.3277,0.7255
1781857519318,2,0.60571,0.75122,0.24487,0.99558,-1.5,-3.312,0.312,0.586,-0.15,0.3277,0.7255
1781857519318,2,0.60913,0.7522,0.24023,0.99727,-1.938,-2.688,-0.375,0.5859,-0.1504,0.3275,0.7256
1781857519319,3,0.61353,0.75269,0.23901,1.00004,-2.25,-2.75,-0.688,0.5859,-0.1505,0.3273,0.7257
1781857519319,3,0.61353,0.75269,0.23901,1.00004,-2.25,-2.75,-0.688,0.5859,-0.1505,0.3273,0.7257
1781857519319,3,0.61401,0.74878,0.23706,0.99694,-2.188,-3.062,-1.0,0.5859,-0.1507,0.3271,0.7257
1781857519319,3,0.61353,0.74927,0.23535,0.9966,-2.312,-3.375,-1.75,0.5859,-0.151,0.3268,0.7258
1781857519319,3,0.61353,0.74927,0.23535,0.9966,-2.312,-3.375,-1.75,0.5859,-0.151,0.3268,0.7258
1781857519319,3,0.6167,0.74878,0.23535,0.99819,-2.312,-3.25,-2.062,0.5859,-0.1508,0.3267,0.7259
1781857519320,4,0.6145,0.74585,0.2373,0.9951,-2.438,-2.875,-2.188,0.5859,-0.151,0.3265,0.726
1781857519320,4,0.61743,0.74683,0.23584,0.99729,-2.125,-2.625,-2.125,0.5859,-0.151,0.3264,0.726
1781857519320,4,0.61816,0.74854,0.23535,0.99891,-2.625,-2.562,-2.188,0.5858,-0.1511,0.3262,0.7261
1781857519321,5,0.62573,0.75195,0.23828,1.00685,-2.375,-2.188,-2.125,0.5857,-0.1512,0.3259,0.7264
1781857519324,8,0.62573,0.75195,0.23828,1.00685,-2.375,-2.188,-2.125,0.5857,-0.1512,0.3259,0.7264
1781857519325,9,0.62598,0.75024,0.23584,1.00515,-2.062,-2.438,-1.812,0.5857,-0.1513,0.3256,0.7264
1781857519325,9,0.62598,0.75024,0.23584,1.00515,-2.062,-2.438,-1.812,0.5857,-0.1513,0.3256,0.7264
1781857519336,20,0.63306,0.74683,0.23413,1.00664,-2.062,-2.75,-1.75,0.5857,-0.1514,0.3254,0.7266
1781857519337,21,0.63501,0.74365,0.23486,1.00569,-2.312,-2.938,-1.688,0.5856,-0.1515,0.3253,0.7266
1781857519351,35,0.63257,0.74756,0.23389,1.00682,-2.312,-3.25,-1.25,0.5856,-0.1516,0.3251,0.7266
1781857519352,36,0.63184,0.74268,0.23267,1.00246,-2.75,-4.0,-1.438,0.5856,-0.1518,0.325,0.7267
1781857519353,37,0.63159,0.73926,0.23096,0.99938,-3.125,-4.188,-1.5,0.5854,-0.1524,0.3241,0.7271
1781857519367,51,0.62842,0.74268,0.23315,1.00042,-3.25,-4.688,-1.562,0.5854,-0.1525,0.3239,0.7272
1781857519367,51,0.62476,0.74097,0.23145,0.99645,-3.5,-4.875,-1.75,0.5854,-0.1527,0.3237,0.7273
1781857519368,52,0.62476,0.74097,0.23145,0.99645,-3.5,-4.875,-1.75,0.5854,-0.1527,0.3237,0.7273
1781857519381,65,0.62427,0.74146,0.23389,0.99708,-3.75,-5.312,-2.25,0.5853,-0.153,0.3232,0.7275
1781857519381,65,0.62476,0.74634,0.23169,1.00051,-3.875,-5.438,-2.375,0.5853,-0.1531,0.3231,0.7275
1781857519382,66,0.62695,0.74292,0.23413,0.99991,-4.062,-5.5,-2.438,0.5852,-0.1533,0.3229,0.7277
1781857519509,193,0.62524,0.74438,0.23022,0.99902,-4.125,-5.438,-2.75,0.5852,-0.1535,0.3226,0.7277
1781857519509,193,0.62451,0.74365,0.23438,0.99898,-3.75,-5.312,-2.938,0.585,-0.1538,0.322,0.7281
1781857519509,193,0.62402,0.74634,0.23486,1.00079,-3.688,-5.438,-3.0,0.585,-0.154,0.3216,0.7282
1781857519509,193,0.62402,0.74634,0.23486,1.00079,-3.688,-5.438,-3.0,0.585,-0.154,0.3216,0.7282
1781857519509,193,0.62891,0.74072,0.23364,0.99939,-3.5,-5.0,-2.875,0.585,-0.1542,0.3211,0.7285
1781857519510,194,0.62695,0.73999,0.23291,0.99745,-3.188,-4.75,-2.688,0.5849,-0.1543,0.3209,0.7285
1781857519510,194,0.63208,0.73608,0.23608,0.99854,-2.875,-4.75,-2.688,0.5849,-0.1545,0.3207,0.7286
1781857519510,194,0.63208,0.73608,0.23608,0.99854,-2.875,-4.75,-2.688,0.5849,-0.1545,0.3207,0.7286
1781857519511,195,0.63257,0.7356,0.23706,0.99872,-2.688,-4.188,-2.625,0.5848,-0.1547,0.3201,0.7289
1781857519511,195,0.63379,0.73389,0.23657,0.99812,-2.625,-4.188,-2.562,0.5848,-0.1549,0.3198,0.729
1781857519511,195,0.63379,0.73486,0.23608,0.99872,-3.0,-4.25,-2.438,0.5848,-0.155,0.3197,0.729
1781857519511,195,0.63379,0.73486,0.23608,0.99872,-3.0,-4.25,-2.438,0.5848,-0.155,0.3197,0.729
1781857519511,195,0.63599,0.7312,0.23608,0.99743,-3.188,-4.688,-2.5,0.5846,-0.1557,0.3186,0.7296
1781857519512,196,0.63306,0.73047,0.23804,0.99549,-3.562,-5.0,-2.312,0.5845,-0.156,0.3183,0.7297
1781857519512,196,0.63306,0.73364,0.23828,0.99788,-3.75,-5.188,-2.438,0.5845,-0.156,0.3182,0.7297
1781857519512,196,0.63306,0.73364,0.23828,0.99788,-3.75,-5.188,-2.438,0.5845,-0.156,0.3182,0.7297
1781857519512,196,0.62891,0.72925,0.24121,0.99273,-4.312,-5.5,-2.938,0.5845,-0.156,0.3181,0.7298
1781857519512,196,0.62842,0.73462,0.24341,0.99691,-4.5,-5.0,-3.312,0.5844,-0.1561,0.3178,0.7299
1781857519513,197,0.62183,0.73999,0.24194,0.99639,-4.625,-4.75,-3.375,0.5844,-0.1563,0.3176,0.7301
1781857519513,197,0.62183,0.73999,0.24194,0.99639,-4.625,-4.75,-3.375,0.5844,-0.1563,0.3176,0.7301
1781857519513,197,0.61865,0.74146,0.24316,0.9958,-4.438,-3.625,-3.812,0.5842,-0.1563,0.3171,0.7304
1781857519514,198,0.61938,0.74268,0.24243,0.99698,-3.688,-2.875,-4.062,0.5841,-0.1564,0.3168,0.7305
1781857519515,199,0.61743,0.74341,0.23975,0.99567,-3.312,-1.875,-4.0,0.5841,-0.1564,0.3167,0.7306
1781857519517,201,0.61743,0.74341,0.23975,0.99567,-3.312,-1.875,-4.0,0.5841,-0.1564,0.3167,0.7306
1781857519517,201,0.61768,0.74658,0.2334,0.99669,-1.938,0.375,-4.188,0.5839,-0.1562,0.3164,0.7309
1781857519518,202,0.62476,0.74438,0.22998,0.99866,-1.062,1.938,-4.188,0.5839,-0.156,0.3162,0.731
1781857519532,216,0.62793,0.74072,0.22778,0.99742,-0.562,2.438,-4.0,0.5839,-0.156,0.3162,0.7311
1781857519532,216,0.63428,0.73828,0.2251,0.99902,0.562,4.188,-4.188,0.5837,-0.1558,0.3156,0.7315
1781857519546,230,0.64233,0.73438,0.2168,0.99945,1.25,5.562,-4.125,0.5837,-0.1553,0.3157,0.7316
1781857519546,230,0.64233,0.73438,0.2168,0.99945,1.25,5.562,-4.125,0.5837,-0.1553,0.3157,0.7316
1781857519548,232,0.65356,0.72974,0.21289,1.00249,1.625,5.688,-4.0,0.5835,-0.1555,0.3147,0.7321
1781857519561,245,0.66162,0.72144,0.21021,1.0012,1.688,5.562,-3.938,0.5835,-0.155,0.3148,0.7322
1781857519561,245,0.66284,0.72168,0.20825,1.00177,1.25,5.438,-4.062,0.5835,-0.1549,0.3148,0.7322
1781857519576,260,0.66284,0.72168,0.20825,1.00177,1.25,5.438,-4.062,0.5835,-0.1549,0.3148,0.7322
1781857519576,260,0.66772,0.71753,0.19727,0.99981,0.625,4.125,-3.438,0.5834,-0.1545,0.3146,0.7324
1781857519578,262,0.67017,0.71924,0.19214,1.00167,0.125,3.438,-3.312,0.5834,-0.1543,0.3146,0.7325
1781857519591,275,0.67261,0.72217,0.18921,1.00485,0.375,3.25,-3.125,0.5834,-0.1541,0.3146,0.7325
1781857519591,275,0.67383,0.71851,0.18262,1.00182,0.812,2.938,-2.562,0.5833,-0.1543,0.3141,0.7328
1781857519592,276,0.67261,0.71216,0.18262,0.99645,1.25,2.562,-1.75,0.5833,-0.1542,0.3142,0.7328
1781857519606,290,0.67261,0.71216,0.18262,0.99645,1.25,2.562,-1.75,0.5833,-0.1542,0.3142,0.7328
1781857519607,291,0.67188,0.70825,0.17725,0.9922,2.062,2.0,-0.188,0.5834,-0.1541,0.3142,0.7327
1781857519609,293,0.67188,0.70825,0.17725,0.9922,2.062,2.0,-0.188,0.5834,-0.1541,0.3142,0.7327
1781857519621,305,0.66821,0.7019,0.17383,0.98458,2.188,1.438,0.875,0.5835,-0.154,0.3143,0.7326
1781857519621,305,0.67505,0.70068,0.177,0.98893,2.312,0.438,1.375,0.5836,-0.1541,0.3144,0.7325
1781857519643,327,0.67896,0.69238,0.1687,0.98429,2.438,-2.625,2.0,0.5838,-0.1542,0.3145,0.7322
1781857519643,327,0.68115,0.6853,0.16919,0.98093,1.562,-3.562,3.125,0.5839,-0.1544,0.3146,0.7321
1781857519655,339,0.68408,0.68262,0.17456,0.98204,0.562,-5.312,4.25,0.584,-0.1547,0.3146,0.7319
1781857519656,340,0.68335,0.67944,0.1792,0.98016,0.062,-8.0,5.625,0.5841,-0.1551,0.3146,0.7318
1781857519677,361,0.68335,0.67944,0.1792,0.98016,0.062,-8.0,5.625,0.5841,-0.1551,0.3146,0.7318
1781857519694,378,0.68335,0.67944,0.1792,0.98016,0.062,-8.0,5.625,0.5841,-0.1551,0.3146,0.7318
1781857519724,408,0.68091,0.67773,0.18433,0.97823,-1.125,-12.375,7.188,0.5842,-0.1557,0.3149,0.7315
1781857519731,415,0.66724,0.67676,0.19751,0.97068,-2.188,-16.5,8.75,0.5844,-0.1567,0.3147,0.7312
1781857519758,442,0.6499,0.67554,0.20703,0.95999,-3.938,-19.812,10.0,0.5845,-0.1581,0.3145,0.7309
1781857519781,465,0.63428,0.68066,0.22363,0.95688,-6.125,-21.812,10.75,0.5844,-0.1598,0.3137,0.7309
1781857519781,465,0.62671,0.68896,0.23926,0.9616,-7.625,-23.0,10.812,0.5844,-0.1609,0.3135,0.7308
1781857519781,465,0.62671,0.68896,0.23926,0.9616,-7.625,-23.0,10.812,0.5844,-0.1609,0.3135,0.7308
1781857519859,543,0.51538,0.78149,0.26318,0.97243,-3.562,7.438,1.562,0.583,-0.1684,0.3114,0.7311
1781857519860,544,0.52783,0.78394,0.24243,0.97567,-0.625,15.562,1.812,0.5828,-0.168,0.3118,0.7311
1781857519860,544,0.75,0.69824,0.0835,1.02811,22.062,24.938,7.812,0.5828,-0.1597,0.32,0.7295
1781857519933,617,0.75,0.69824,0.0835,1.02811,22.062,24.938,7.812,0.5828,-0.1597,0.32,0.7295
1781857519956,640,0.75928,0.68115,0.09619,1.02456,20.0,15.562,9.25,0.5833,-0.1589,0.3211,0.7288
1781857519960,644,0.57959,0.73853,0.27124,0.9772,-7.0,-35.25,10.438,0.5864,-0.1656,0.3212,0.7247
1781857519963,647,0.57959,0.73853,0.27124,0.9772,-7.0,-35.25,10.438,0.5864,-0.1656,0.3212,0.7247
1781857519963,647,0.49951,0.74219,0.31445,0.94828,-13.25,-26.75,3.938,0.5866,-0.1683,0.32,0.7246
1781857519963,647,0.63721,0.76538,0.14819,1.00688,-2.812,53.875,-11.375,0.5813,-0.162,0.3197,0.7303
1781857520024,708,0.63721,0.76538,0.14819,1.00688,-2.812,53.875,-11.375,0.5813,-0.162,0.3197,0.7303
1781857520024,708,0.71436,0.74023,0.1106,1.03464,0.062,55.375,-12.312,0.5794,-0.1576,0.3215,0.732
1781857520024,708,0.67554,0.68433,0.20215,0.98261,-41.125,-0.062,-19.062,0.5703,-0.1487,0.3218,0.7407
1781857520074,758,0.67554,0.68433,0.20215,0.98261,-41.125,-0.062,-19.062,0.5703,-0.1487,0.3218,0.7407
1781857520075,759,0.59497,0.71411,0.26489,0.9665,-59.938,-11.562,-24.375,0.5667,-0.1499,0.3186,0.7447
1781857520135,819,0.42651,0.76831,0.41357,0.97122,-66.562,19.625,-36.062,0.5455,-0.1513,0.3005,0.7674
1781857520140,824,0.5481,0.77954,0.38599,1.02814,-53.562,27.625,-27.188,0.5414,-0.1491,0.2995,0.7711
1781857520141,825,0.58496,0.79468,0.36108,1.05075,-44.688,26.875,-19.938,0.5397,-0.1483,0.2991,0.7727
1781857520215,899,0.63745,0.74292,0.32275,1.03075,-19.438,-2.188,5.438,0.5325,-0.1477,0.3,0.7774
1781857520215,899,0.59692,0.71558,0.35547,0.99736,-30.25,-13.5,-3.125,0.5306,-0.1492,0.2992,0.7787
1781857520216,900,0.49854,0.76147,0.4939,1.03553,-52.312,-12.688,-20.625,0.517,-0.1566,0.286,0.7913
1781857520253,937,0.49927,0.76831,0.48804,1.03815,-41.438,-9.312,-13.562,0.5144,-0.1572,0.2844,0.7935
1781857520253,937,0.49878,0.76465,0.47437,1.02883,-36.75,-6.625,-10.75,0.5132,-0.1576,0.2836,0.7944
1781857520254,938,0.60034,0.71484,0.3877,1.0108,-17.75,-4.375,-7.938,0.5057,-0.1597,0.2783,0.8006
1781857520312,996,0.60034,0.71484,0.3877,1.0108,-17.75,-4.375,-7.938,0.5057,-0.1597,0.2783,0.8006
1781857520313,997,0.58057,0.66309,0.39136,0.96431,-22.438,-7.375,-12.938,0.5043,-0.1606,0.2762,0.8021
1781857520313,997,0.55566,0.69019,0.48145,1.00842,-52.312,-7.188,-28.375,0.4915,-0.1627,0.2623,0.8142
1781857520371,1055,0.55566,0.69019,0.48145,1.00842,-52.312,-7.188,-28.375,0.4915,-0.1627,0.2623,0.8142
1781857520371,1055,0.54419,0.70166,0.48804,1.01324,-50.875,-6.5,-23.625,0.488,-0.1637,0.2586,0.8172
1781857520373,1057,0.54419,0.70166,0.48804,1.01324,-50.875,-6.5,-23.625,0.488,-0.1637,0.2586,0.8172
1781857520431,1115,0.52417,0.69067,0.49902,1.0004,-46.812,24.5,-6.75,0.4695,-0.1632,0.2499,0.8308
1781857520431,1115,0.51855,0.68408,0.50049,0.99366,-47.812,26.625,-5.438,0.4672,-0.1633,0.2485,0.8325
1781857520432,1116,0.5498,0.71216,0.51758,1.03795,-52.375,26.312,-6.0,0.4472,-0.1595,0.2459,0.8449
1781857520492,1176,0.54907,0.71509,0.51807,1.03982,-50.312,22.875,-7.75,0.4442,-0.1588,0.2457,0.8467
1781857520493,1177,0.56396,0.72925,0.52661,1.06169,-46.188,18.125,-10.25,0.4402,-0.1585,0.2442,0.8493
1781857520493,1177,0.49072,0.67358,0.51782,0.98115,-45.0,25.375,-39.312,0.4252,-0.1538,0.2344,0.8604
1781857520553,1237,0.48486,0.67139,0.5188,0.97724,-47.75,29.0,-40.375,0.4218,-0.1512,0.2319,0.8633
1781857520558,1242,0.48804,0.66479,0.51929,0.97457,-48.938,32.188,-41.125,0.4197,-0.15,0.2299,0.865
1781857520558,1242,0.50049,0.67944,0.59546,1.03281,-49.375,30.375,-1.688,0.3999,-0.138,0.2231,0.8781
1781857520613,1297,0.5061,0.67993,0.59106,1.03335,-48.75,29.625,2.125,0.3978,-0.1374,0.2233,0.879
1781857520613,1297,0.50464,0.68311,0.57251,1.02424,-48.938,29.0,6.625,0.3934,-0.1365,0.2235,0.8811
1781857520613,1297,0.51587,0.71265,0.55811,1.04186,-41.625,35.938,-11.375,0.3759,-0.129,0.2248,0.8895
1781857520674,1358,0.51001,0.72388,0.58911,1.06356,-41.188,34.0,-12.188,0.3741,-0.1279,0.2246,0.8905
1781857520674,1358,0.51978,0.73462,0.56934,1.06488,-42.812,33.188,-13.25,0.3723,-0.1269,0.2244,0.8914
1781857520674,1358,0.38232,0.68457,0.62549,1.00302,-6.812,14.062,-3.0,0.3632,-0.1198,0.2208,0.897
1781857520732,1416,0.37769,0.68091,0.61572,0.99267,-7.062,17.5,-3.75,0.3627,-0.1188,0.221,0.8973
1781857520733,1417,0.38745,0.67847,0.60352,0.98725,-3.438,19.812,-4.625,0.3624,-0.1181,0.2211,0.8975
1781857520733,1417,0.4585,0.6167,0.59106,0.96948,19.75,22.438,-7.562,0.3649,-0.1071,0.2224,0.8976
1781857520792,1476,0.46289,0.61426,0.59668,0.97345,22.062,22.75,-6.438,0.3655,-0.106,0.2227,0.8974
1781857520793,1477,0.46289,0.61816,0.59448,0.97458,24.5,22.438,-4.25,0.3663,-0.1049,0.2229,0.8972
1781857520793,1477,0.43262,0.6106,0.64111,0.9854,42.625,15.875,47.0,0.3767,-0.0974,0.2371,0.89
1781857520853,1537,0.41821,0.61084,0.6499,0.98509,48.375,18.188,58.188,0.3787,-0.0971,0.2409,0.8882
1781857520854,1538,0.43799,0.61938,0.65869,1.00466,51.625,21.0,75.188,0.3822,-0.0969,0.2484,0.8847
1781857520854,1538,0.52881,0.58228,0.69629,1.05048,43.375,26.0,100.25,0.3912,-0.0974,0.2793,0.8713
1781857520911,1595,0.53564,0.58984,0.70239,1.06216,42.875,25.062,104.812,0.392,-0.0977,0.2838,0.8695
1781857520917,1601,0.5376,0.60425,0.70557,1.07329,43.438,23.062,109.5,0.3929,-0.0982,0.2884,0.8675
1781857520917,1601,0.56323,0.59375,0.66089,1.05192,41.5,-23.375,108.938,0.4039,-0.1126,0.3294,0.8458
1781857520985,1669,0.56079,0.60352,0.63794,1.04196,46.75,-27.75,107.188,0.4061,-0.1159,0.3348,0.8422
1781857520985,1669,0.55981,0.60474,0.63232,1.03872,48.062,-28.5,107.562,0.4069,-0.117,0.3367,0.8409
1781857520986,1670,0.55981,0.60474,0.63232,1.03872,48.062,-28.5,107.562,0.4069,-0.117,0.3367,0.8409
1781857521037,1721,0.5625,0.54321,0.58569,0.977,14.375,-14.625,59.688,0.4163,-0.137,0.3647,0.8214
1781857521037,1721,0.58325,0.56201,0.59375,1.00428,12.438,-12.125,62.75,0.4166,-0.1384,0.3667,0.8201
1781857521037,1721,0.6936,0.54956,0.70239,1.1298,-3.625,-55.75,124.0,0.415,-0.1622,0.4025,0.7994
1781857521093,1777,0.68091,0.53052,0.69971,1.11116,-7.25,-65.312,126.438,0.415,-0.1667,0.4056,0.7969
1781857521097,1781,0.65454,0.50415,0.68213,1.0714,-10.875,-72.312,127.188,0.4149,-0.1716,0.4087,0.7944
1781857521097,1781,0.65454,0.50415,0.68213,1.0714,-10.875,-72.312,127.188,0.4149,-0.1716,0.4087,0.7944
1781857521151,1835,0.62305,0.35913,0.5271,0.89163,-29.938,-44.75,30.938,0.4121,-0.2107,0.4258,0.7773
1781857521151,1835,0.62402,0.35645,0.50562,0.8787,-32.938,-41.812,20.062,0.4116,-0.2132,0.4255,0.777
1781857521152,1836,0.62402,0.35645,0.50562,0.8787,-32.938,-41.812,20.062,0.4116,-0.2132,0.4255,0.777
1781857521231,1915,0.6521,0.45093,0.51318,0.94442,-31.188,17.562,-35.625,0.4027,-0.218,0.4114,0.7879
1781857521231,1915,0.65259,0.45996,0.50903,0.94686,-27.625,20.375,-35.938,0.4018,-0.2172,0.4102,0.7891
1781857521231,1915,0.71143,0.62915,0.49658,1.0717,58.688,32.0,-24.125,0.4006,-0.1929,0.4019,0.8004
1781857521275,1959,0.69971,0.61621,0.46045,1.03987,69.375,14.75,-26.25,0.405,-0.1884,0.4018,0.7992
1781857521275,1959,0.69653,0.60669,0.44873,1.02693,71.812,13.75,-25.562,0.4095,-0.185,0.3997,0.7988
1781857521275,1959,0.69873,0.55322,0.46948,1.00732,103.812,6.5,-63.438,0.4302,-0.1648,0.3966,0.7938
1781857521336,2020,0.67505,0.5791,0.4751,1.00835,119.688,-6.812,-79.5,0.437,-0.16,0.3939,0.7925
1781857521337,2021,0.68701,0.59155,0.50293,1.03675,132.062,-17.25,-92.312,0.4423,-0.1567,0.3915,0.7914
1781857521337,2021,0.68701,0.59155,0.50293,1.03675,132.062,-17.25,-92.312,0.4423,-0.1567,0.3915,0.7914
1781857521395,2079,0.7124,0.76587,0.14185,1.05555,161.875,-66.562,-130.312,0.5138,-0.1239,0.3461,0.775
1781857521396,2080,0.65649,0.80127,0.10767,1.04145,153.125,-61.688,-125.125,0.5207,-0.1209,0.3412,0.773
1781857521398,2082,0.65649,0.80127,0.10767,1.04145,153.125,-61.688,-125.125,0.5207,-0.1209,0.3412,0.773
1781857521453,2137,0.65649,0.80127,0.10767,1.04145,153.125,-61.688,-125.125,0.5207,-0.1209,0.3412,0.773
1781857521454,2138,0.573,0.98071,0.15454,1.1463,119.375,-43.562,-17.375,0.5784,-0.0973,0.3123,0.7471
1781857521454,2138,0.61426,0.78906,0.1311,1.00852,173.188,-31.812,64.375,0.6389,-0.0962,0.3247,0.6906
1781857521511,2195,0.57812,0.74731,0.16211,0.95864,159.812,-17.5,53.062,0.6465,-0.0937,0.3298,0.6813
1781857521511,2195,0.55103,0.73145,0.18262,0.9338,150.875,-10.438,44.812,0.6509,-0.0932,0.3314,0.6764
1781857521512,2196,0.51172,0.85229,0.17383,1.0092,102.625,-15.0,51.062,0.6859,-0.085,0.3452,0.6348
1781857521571,2255,0.47339,0.86206,0.12646,0.99158,91.0,-16.812,65.75,0.69,-0.0834,0.3498,0.6279
1781857521572,2256,0.44727,0.84668,0.10352,0.96313,83.5,-18.562,77.875,0.6923,-0.0848,0.3516,0.6243
1781857521578,2262,0.56689,0.63306,0.14502,0.86207,110.938,-3.188,32.562,0.7107,-0.0958,0.372,0.5891
1781857521631,2315,0.56689,0.63306,0.14502,0.86207,110.938,-3.188,32.562,0.7107,-0.0958,0.372,0.5891
1781857521632,2316,0.58374,0.65356,0.07568,0.87956,108.875,6.062,17.062,0.7178,-0.0886,0.3776,0.5778
1781857521632,2316,0.52295,0.7771,0.01025,0.93673,41.625,2.375,51.625,0.7315,-0.0861,0.3931,0.5502
1781857521692,2376,0.54761,0.75635,-0.00708,0.9338,28.562,-0.875,49.5,0.7329,-0.0844,0.3984,0.5447
1781857521695,2379,0.54492,0.73364,-0.0083,0.91391,22.5,-3.625,46.375,0.7333,-0.0855,0.3995,0.5432
1781857521695,2379,0.46045,0.77563,0.03931,0.90287,-47.438,78.75,77.562,0.7234,-0.0897,0.4249,0.5364
1781857521751,2435,0.46045,0.77563,0.03931,0.90287,-47.438,78.75,77.562,0.7234,-0.0897,0.4249,0.5364
1781857521751,2435,0.49902,0.82153,0.01807,0.96139,-60.625,74.625,67.5,0.7177,-0.0893,0.4349,0.5362
1781857521752,2436,0.49902,0.82153,0.01807,0.96139,-60.625,74.625,67.5,0.7177,-0.0893,0.4349,0.5362
1781857521815,2499,0.45679,0.74121,-0.06714,0.87324,-56.312,3.375,-32.188,0.7264,-0.0991,0.4163,0.5375
1781857521815,2499,0.4707,0.75635,-0.22095,0.91785,-38.562,14.312,-45.125,0.7245,-0.0953,0.4161,0.5409
1781857521816,2500,0.68433,0.71777,-0.16577,1.00548,-9.188,65.75,-35.75,0.713,-0.0783,0.4241,0.5527
1781857521883,2567,0.68433,0.71777,-0.16577,1.00548,-9.188,65.75,-35.75,0.713,-0.0783,0.4241,0.5527
1781857521883,2567,0.65479,0.73682,-0.06738,0.98802,-6.188,55.25,-63.5,0.7104,-0.0702,0.426,0.5556
1781857521884,2568,0.70044,0.76367,-0.26147,1.06873,40.688,-128.5,2.062,0.7239,-0.0682,0.4044,0.5544
1781857521936,2620,0.62573,0.78003,-0.20337,1.02046,57.812,-113.688,22.5,0.7305,-0.0718,0.3987,0.5496
1781857521937,2621,0.71143,0.75171,-0.30957,1.08029,69.25,-110.875,34.875,0.7339,-0.0744,0.3961,0.5465
1781857521937,2621,0.43921,0.52954,-0.02124,0.68831,146.75,-160.5,116.312,0.7743,-0.1097,0.3834,0.491
1781857521994,2678,0.49707,0.5625,-0.12842,0.76156,114.062,-176.188,72.5,0.7869,-0.1201,0.3759,0.4741
1781857521994,2678,0.51562,0.55542,-0.177,0.77826,95.312,-168.938,49.625,0.7914,-0.1238,0.3717,0.4689
1781857521996,2680,0.58643,0.69678,-0.40308,0.99592,-14.688,-65.188,-44.438,0.8124,-0.1299,0.333,0.4604
1781857522051,2735,0.58643,0.69678,-0.40308,0.99592,-14.688,-65.188,-44.438,0.8124,-0.1299,0.333,0.4604
1781857522052,2736,0.59473,0.73901,-0.39014,1.02569,-11.375,-55.875,-34.375,0.8134,-0.1304,0.3283,0.4619
1781857522052,2736,0.50635,0.71558,-0.35889,0.94723,89.938,-110.0,67.5,0.8322,-0.1497,0.3051,0.4378
1781857522119,2803,0.49951,0.7146,-0.35718,0.9422,86.5,-98.75,68.375,0.8347,-0.1528,0.3033,0.4332
1781857522119,2803,0.49194,0.75464,-0.32593,0.95798,82.812,-73.062,63.75,0.8378,-0.1572,0.3013,0.427
1781857522119,2803,0.72534,0.96777,-0.53662,1.32313,41.812,26.75,19.188,0.8419,-0.1593,0.311,0.4108
1781857522177,2861,0.76245,1.03467,-0.6001,1.41845,46.562,20.125,15.375,0.8423,-0.1588,0.3123,0.4093
1781857522178,2862,0.81787,1.12207,-0.69727,1.55375,60.125,14.25,12.188,0.8428,-0.1587,0.3131,0.4075
1781857522178,2862,0.38477,1.05054,-0.58984,1.26475,153.438,26.438,-42.375,0.8648,-0.1383,0.3126,0.3674
1781857522233,2917,0.38477,1.05054,-0.58984,1.26475,153.438,26.438,-42.375,0.8648,-0.1383,0.3126,0.3674
1781857522233,2917,0.28784,1.0144,-0.58984,1.20822,158.0,54.25,-56.125,0.867,-0.1334,0.3142,0.3628
1781857522234,2918,0.74048,-0.0293,-0.43701,0.86032,251.312,304.688,-106.5,0.8724,-0.0155,0.3935,0.2889
1781857522298,2982,0.90137,-0.04517,-0.44824,1.00768,224.312,291.25,-79.312,0.8702,-0.0048,0.4038,0.2817
1781857522299,2983,1.13916,-0.29541,-0.38574,1.23845,171.812,250.125,-27.562,0.8651,0.01,0.4229,0.2689
1781857522299,2983,1.65845,-0.26172,0.09399,1.6816,3.25,-188.312,25.312,0.8684,0.0333,0.4355,0.2344
1781857522350,3034,1.65845,-0.26172,0.09399,1.6816,3.25,-188.312,25.312,0.8684,0.0333,0.4355,0.2344
1781857522351,3035,1.448,-0.35913,0.06958,1.49349,-47.438,-214.062,68.188,0.8804,0.022,0.4123,0.2325
1781857522352,3036,0.92065,0.6272,-0.57397,1.25317,-60.062,-31.5,84.062,0.8912,-0.0216,0.3835,0.2409
1781857522412,3096,0.92896,0.69141,-0.71826,1.36268,-48.0,-2.188,74.375,0.8907,-0.0254,0.3838,0.2416
1781857522412,3096,0.87012,0.68091,-0.82446,1.37858,-17.625,53.375,69.25,0.889,-0.024,0.3896,0.2388
1781857522413,3097,0.76025,0.53247,-0.56909,1.08875,-12.562,-9.938,28.75,0.8831,-0.0321,0.4083,0.2284
1781857522471,3155,0.77197,0.55835,-0.58057,1.11569,-15.188,-8.562,27.5,0.8831,-0.0334,0.4082,0.2285
1781857522472,3156,0.72974,0.56543,-0.53662,1.0678,-9.0,-7.625,29.0,0.8831,-0.0322,0.409,0.2272
1781857522472,3156,0.72974,0.56543,-0.53662,1.0678,-9.0,-7.625,29.0,0.8831,-0.0322,0.409,0.2272
1781857522531,3215,0.72974,0.56543,-0.53662,1.0678,-9.0,-7.625,29.0,0.8831,-0.0322,0.409,0.2272
1781857522536,3220,0.5625,0.49854,-0.47339,0.88828,25.438,35.5,-11.875,0.8803,-0.0277,0.4199,0.2184
1781857522536,3220,0.57837,0.31079,-0.42285,0.78096,-4.125,1.25,-79.812,0.8751,0.0067,0.4317,0.218
1781857522591,3275,0.55542,0.09595,-0.54761,0.78586,12.875,-4.938,-77.75,0.8753,0.0097,0.4307,0.219
1781857522591,3275,0.61279,0.26147,-0.3811,0.76754,32.938,-8.812,-80.188,0.8756,0.0131,0.4298,0.2194
1781857522592,3276,0.69702,0.42529,-0.43384,0.92462,-2.312,93.188,-80.688,0.8681,0.0535,0.4337,0.235
1781857522651,3335,0.70483,0.4165,-0.45044,0.93443,3.062,99.438,-79.5,0.866,0.0575,0.4366,0.2362
1781857522651,3335,0.72339,0.42944,-0.43799,0.94844,6.062,100.438,-80.938,0.864,0.0616,0.4395,0.2372
1781857522652,3336,0.93628,0.65845,-0.71167,1.34783,41.688,24.062,-27.25,0.845,0.0953,0.4628,0.2498
1781857522718,3402,0.88013,0.50415,-0.73535,1.25281,62.25,14.125,-16.438,0.8453,0.0972,0.4628,0.2479
1781857522718,3402,0.78369,0.35278,-0.71851,1.12021,68.25,13.562,-6.625,0.8458,0.099,0.4629,0.2454
1781857522718,3402,0.61914,0.35229,-0.74658,1.03191,134.188,-69.25,42.438,0.8497,0.1029,0.4691,0.2172
1781857522773,3457,0.72656,0.36182,-0.91699,1.22461,166.188,-79.312,36.562,0.8546,0.1044,0.464,0.2079
1781857522774,3458,0.87329,0.44995,-1.05493,1.44152,215.0,-36.375,64.812,0.8624,0.1085,0.4571,0.1876
1781857522774,3458,0.73364,0.01807,-0.63208,0.96855,162.25,83.812,76.75,0.8664,0.1138,0.4742,0.1063
1781857522837,3521,0.72827,0.03662,-0.57446,0.92829,135.375,34.938,43.062,0.866,0.116,0.4772,0.0926
1781857522837,3521,0.74487,0.06152,-0.60815,0.96357,111.562,-7.438,18.312,0.8669,0.119,0.4767,0.0825
1781857522837,3521,0.87598,0.13574,-0.71948,1.14167,-35.562,-47.0,-6.812,0.8747,0.125,0.4627,0.0709
1781857522890,3574,0.85205,0.13916,-0.71045,1.11808,-56.0,-52.0,-4.438,0.8759,0.1236,0.4602,0.0742
1781857522891,3575,0.83838,0.14722,-0.71631,1.1125,-65.25,-58.188,-1.0,0.8768,0.1222,0.4583,0.0769
1781857522892,3576,0.83838,0.14722,-0.71631,1.1125,-65.25,-58.188,-1.0,0.8768,0.1222,0.4583,0.0769
1781857522952,3636,0.71631,0.17822,-0.88306,1.15093,-52.25,-54.625,15.625,0.8867,0.1084,0.4382,0.0993
1781857522952,3636,0.69092,0.17651,-0.86646,1.12217,-56.938,-61.75,16.062,0.8876,0.1065,0.4361,0.1014
1781857522954,3638,0.55811,0.34253,-0.77319,1.01323,-73.5,-104.688,6.438,0.9008,0.0886,0.4049,0.129
1781857523016,3700,0.55811,0.34253,-0.77319,1.01323,-73.5,-104.688,6.438,0.9008,0.0886,0.4049,0.129
1781857523016,3700,0.56274,0.35449,-0.75684,1.00754,-72.0,-105.25,3.438,0.9022,0.0866,0.4011,0.1322
1781857523071,3755,0.63965,0.39331,-0.73804,1.05287,-37.688,-107.188,-71.125,0.9186,0.0819,0.3527,0.1571
1781857523071,3755,0.68091,0.39673,-0.74097,1.08169,-58.938,-103.312,-72.625,0.9196,0.0832,0.3484,0.1607
1781857523072,3756,0.73511,0.39453,-0.72119,1.10279,-77.688,-100.688,-70.0,0.9203,0.0842,0.3442,0.165
1781857523135,3819,0.73511,0.39453,-0.72119,1.10279,-77.688,-100.688,-70.0,0.9203,0.0842,0.3442,0.165
1781857523135,3819,1.35767,0.10791,0.1228,1.36747,-103.562,-83.438,-82.75,0.9201,0.0838,0.3146,0.2175
1781857523136,3820,1.35767,0.10791,0.1228,1.36747,-103.562,-83.438,-82.75,0.9201,0.0838,0.3146,0.2175
1781857523197,3881,0.69604,0.59839,-0.49683,1.04374,-119.75,27.875,-9.188,0.902,0.0781,0.2968,0.3033
1781857523198,3882,0.61694,0.56641,-0.46045,0.95575,-100.062,29.5,-8.562,0.9002,0.0775,0.2982,0.3074
1781857523204,3888,0.65039,0.16968,-0.64648,0.9326,-0.25,11.938,-155.0,0.8919,0.1011,0.2887,0.3326
1781857523251,3935,0.64062,0.18506,-0.65796,0.93678,-9.438,10.812,-164.812,0.8901,0.1134,0.2852,0.3366
1781857523251,3935,0.64795,0.21216,-0.65015,0.94209,-12.375,15.188,-176.312,0.8884,0.1217,0.2797,0.3428
1781857523252,3936,0.64795,0.21216,-0.65015,0.94209,-12.375,15.188,-176.312,0.8884,0.1217,0.2797,0.3428
1781857523311,3995,0.77637,0.43359,-0.4646,1.0033,-16.125,0.75,-192.0,0.8764,0.1691,0.2584,0.3692
1781857523311,3995,0.77197,0.47729,-0.4812,1.02728,-13.812,-2.0,-178.938,0.8748,0.1757,0.2557,0.3717
1781857523312,3996,0.48633,0.66821,-0.51074,0.97154,-24.188,-1.75,-28.375,0.8642,0.202,0.2396,0.3933
1781857523431,4115,0.42188,0.69141,-0.50488,0.95443,-11.312,-16.75,4.625,0.864,0.2,0.238,0.3958
1781857523431,4115,0.3938,0.70972,-0.52368,0.96593,-6.0,-28.5,25.188,0.8644,0.1981,0.2373,0.3962
1781857523433,4117,0.3938,0.70972,-0.52368,0.96593,-6.0,-28.5,25.188,0.8644,0.1981,0.2373,0.3962
1781857523433,4117,0.15747,0.71948,-0.60718,0.95452,36.75,-41.188,78.938,0.8768,0.1669,0.2306,0.387
1781857523490,4174,0.13599,0.71997,-0.62744,0.96464,39.688,-35.875,77.0,0.8784,0.1638,0.2302,0.3851
1781857523491,4175,0.16162,0.77124,-0.65649,1.02563,51.812,12.875,48.688,0.8893,0.1455,0.2347,0.3643
1781857523491,4175,0.16162,0.77124,-0.65649,1.02563,51.812,12.875,48.688,0.8893,0.1455,0.2347,0.3643
1781857523552,4236,0.25415,0.85669,-0.83936,1.22598,49.75,27.812,33.062,0.9013,0.1364,0.241,0.333
1781857523553,4237,0.2395,0.8335,-0.85449,1.21747,50.438,29.125,38.75,0.9019,0.1359,0.2423,0.3305
1781857523553,4237,0.2395,0.8335,-0.85449,1.21747,50.438,29.125,38.75,0.9019,0.1359,0.2423,0.3305
1781857523617,4301,0.21606,0.74609,-0.85474,1.15495,95.625,29.688,99.0,0.9134,0.1145,0.2605,0.2907
1781857523619,4303,0.23145,0.74414,-0.87109,1.16881,98.875,26.062,101.375,0.9148,0.1119,0.2622,0.2857
1781857523626,4310,0.23145,0.74414,-0.87109,1.16881,98.875,26.062,101.375,0.9148,0.1119,0.2622,0.2857
1781857523730,4414,0.23145,0.74414,-0.87109,1.16881,98.875,26.062,101.375,0.9148,0.1119,0.2622,0.2857
1781857523731,4415,0.44116,0.59814,-1.03711,1.27593,14.0,82.25,85.188,0.9232,0.0798,0.2907,0.2379
1781857523732,4416,0.37134,0.45361,-0.67017,0.89038,-32.062,72.688,-7.375,0.9096,0.0697,0.3303,0.2418
1781857523732,4416,0.40576,0.45068,-0.64526,0.88551,-27.688,66.688,-10.625,0.9077,0.0692,0.3339,0.244
1781857523791,4475,0.44214,0.45801,-0.62769,0.89401,-22.812,65.812,-10.875,0.9064,0.07,0.3364,0.2449
1781857523791,4475,0.83105,0.42554,-0.48413,1.05172,10.75,-8.375,9.125,0.902,0.0681,0.3488,0.2446
1781857523792,4476,0.9436,0.40234,-0.5376,1.15814,-68.625,-12.125,28.625,0.9005,0.0511,0.3452,0.2591
1781857523852,4536,1.17456,0.0752,-0.21729,1.19685,-76.188,-5.375,24.5,0.8992,0.0469,0.3461,0.2628
1781857523852,4536,1.36743,0.03516,-0.06958,1.36965,-96.938,-29.125,28.938,0.8984,0.044,0.3463,0.2659
1781857523853,4537,0.72241,0.27979,-0.81885,1.12724,-187.812,-165.875,81.188,0.9002,-0.0047,0.3063,0.3092
1781857523915,4599,0.72241,0.27979,-0.81885,1.12724,-187.812,-165.875,81.188,0.9002,-0.0047,0.3063,0.3092
1781857523915,4599,0.48828,0.30591,-1.05347,1.20075,-184.188,-84.438,73.688,0.8972,-0.0256,0.2952,0.3272
1781857523915,4599,0.62231,0.15942,-0.70703,0.95529,-43.188,-5.938,-28.188,0.8838,-0.0518,0.2902,0.3629
1781857523970,4654,0.62231,0.15942,-0.70703,0.95529,-43.188,-5.938,-28.188,0.8838,-0.0518,0.2902,0.3629
1781857523971,4655,0.69922,0.1377,-0.66187,0.97259,-17.625,-18.5,-46.5,0.8832,-0.0539,0.2855,0.3677
1781857523972,4656,0.68652,0.24609,-0.64038,0.97055,33.75,-5.688,-63.562,0.8881,-0.0469,0.2637,0.3733
1781857524033,4717,0.64941,0.24121,-0.66553,0.96065,49.188,10.188,-62.375,0.889,-0.0478,0.2605,0.3733
1781857524033,4717,0.61719,0.2395,-0.68018,0.94917,57.562,21.438,-61.562,0.8898,-0.0446,0.2604,0.3718
1781857524033,4717,0.5564,0.3479,-0.65674,0.92839,116.75,138.375,-122.562,0.8944,-0.0089,0.2717,0.3547
1781857524094,4778,0.5564,0.3479,-0.65674,0.92839,116.75,138.375,-122.562,0.8944,-0.0089,0.2717,0.3547
1781857524094,4778,0.53784,0.39087,-0.65747,0.93505,128.062,156.812,-127.562,0.8946,0.0037,0.2776,0.3498
1781857524094,4778,0.70117,0.38794,-0.64111,1.02624,136.25,180.438,-111.438,0.8892,0.0892,0.328,0.3059
1781857524152,4836,0.70117,0.38794,-0.64111,1.02624,136.25,180.438,-111.438,0.8892,0.0892,0.328,0.3059
1781857524152,4836,0.70752,0.39355,-0.646,1.03575,127.125,180.188,-107.5,0.8861,0.1071,0.3395,0.2963
1781857524152,4836,0.84326,0.39893,-0.79736,1.2272,72.312,155.188,-50.062,0.8663,0.1756,0.3899,0.2576
1781857524214,4898,0.84326,0.39893,-0.79736,1.2272,72.312,155.188,-50.062,0.8663,0.1756,0.3899,0.2576
1781857524214,4898,0.8396,0.39282,-0.81079,1.23151,62.25,146.375,-40.75,0.863,0.1826,0.397,0.253
1781857524215,4899,0.65137,0.4353,-0.88745,1.18378,53.0,104.0,11.125,0.845,0.2131,0.4368,0.2224
1781857524272,4956,0.65137,0.4353,-0.88745,1.18378,53.0,104.0,11.125,0.845,0.2131,0.4368,0.2224
1781857524272,4956,0.60767,0.43555,-0.87134,1.14812,55.438,100.562,17.75,0.8426,0.2173,0.4423,0.2165
1781857524272,4956,0.41772,0.46558,-0.74683,0.97417,86.0,68.188,8.438,0.8341,0.2338,0.4669,0.1769
1781857524334,5018,0.41772,0.46558,-0.74683,0.97417,86.0,68.188,8.438,0.8341,0.2338,0.4669,0.1769
1781857524334,5018,0.42603,0.49438,-0.72314,0.97409,91.562,60.312,-4.062,0.8323,0.2406,0.4699,0.1681
1781857524335,5019,0.56543,0.54785,-0.63135,1.00918,99.438,48.25,-23.812,0.8269,0.2705,0.4741,0.134
1781857524390,5074,0.56543,0.54785,-0.63135,1.00918,99.438,48.25,-23.812,0.8269,0.2705,0.4741,0.134
1781857524391,5075,0.61987,0.53491,-0.58081,1.00385,81.438,44.25,-23.062,0.8244,0.28,0.4756,0.1242
1781857524392,5076,0.62817,0.51807,-0.59033,1.00573,39.625,13.25,3.25,0.82,0.2955,0.4782,0.1067
1781857524453,5137,0.61133,0.50879,-0.60522,0.99944,33.5,4.75,9.375,0.8201,0.2966,0.4778,0.1038
1781857524454,5138,0.59937,0.50439,-0.60571,0.99022,29.25,-1.312,11.688,0.8201,0.2984,0.4775,0.1012
1781857524454,5138,0.52881,0.52563,-0.59351,0.95298,15.938,-29.188,11.562,0.8245,0.3002,0.4701,0.0936
1781857524515,5199,0.5332,0.52661,-0.59399,0.95627,16.562,-32.438,10.688,0.8254,0.3,0.4688,0.0933
1781857524515,5199,0.5376,0.51636,-0.58643,0.94844,16.375,-39.5,8.438,0.8267,0.3012,0.466,0.0922
1781857524515,5199,0.56348,0.53931,-0.56323,0.96207,13.875,-47.188,-6.562,0.8344,0.3032,0.4504,0.093
1781857524570,5254,0.5813,0.53687,-0.55249,0.96508,15.812,-45.188,-10.688,0.836,0.3042,0.4467,0.0936
1781857524571,5255,0.59351,0.53149,-0.53809,0.96139,16.5,-44.562,-14.125,0.8369,0.3056,0.444,0.0939
1781857524572,5256,0.82983,0.51172,-0.35986,1.03922,13.0,-43.5,-34.875,0.8411,0.3157,0.4275,0.0987
1781857524637,5321,0.82983,0.51172,-0.35986,1.03922,13.0,-43.5,-34.875,0.8411,0.3157,0.4275,0.0987
1781857524693,5377,0.91968,0.43726,-0.19434,1.03671,8.062,-39.438,-29.875,0.8414,0.3168,0.426,0.0994
1781857524696,5380,0.88086,0.8042,-0.39941,1.25785,-154.75,-107.188,106.062,0.8561,0.2766,0.413,0.1406
1781857524701,5385,0.78809,0.72437,-0.53125,1.19499,-143.125,-98.625,119.0,0.8583,0.2692,0.4116,0.1452
1781857524751,5435,0.72339,0.66821,-0.64673,1.17816,-136.0,-87.188,124.0,0.8605,0.2617,0.4106,0.1491
1781857524751,5435,0.58228,0.35229,-0.64185,0.93548,-80.5,-37.375,19.25,0.8662,0.2189,0.4122,0.1776
1781857524752,5436,0.68945,0.39868,-0.70361,1.06272,69.188,42.812,-90.938,0.8651,0.2425,0.3991,0.1823
1781857524811,5495,0.65747,0.47656,-0.65698,1.04451,65.312,87.75,-109.688,0.8607,0.2562,0.4018,0.1786
1781857524811,5495,0.64575,0.54956,-0.60986,1.04448,65.0,112.0,-116.562,0.8571,0.2639,0.405,0.1771
1781857524812,5496,0.56616,0.53394,-0.39307,0.87185,50.75,186.125,-47.75,0.8317,0.304,0.4366,0.158
1781857524871,5555,0.56616,0.53394,-0.39307,0.87185,50.75,186.125,-47.75,0.8317,0.304,0.4366,0.158
1781857524871,5555,0.58032,0.49951,-0.38208,0.85573,40.188,180.0,-42.125,0.828,0.3075,0.4423,0.1549
1781857524872,5556,0.65527,0.40576,-0.30981,0.83067,70.875,57.438,0.875,0.8056,0.3248,0.4801,0.1212
1781857524933,5617,0.69702,0.40869,-0.31665,0.86783,78.062,44.812,-0.125,0.805,0.3267,0.4807,0.1178
1781857524933,5617,0.72485,0.42188,-0.34058,0.9052,86.75,32.625,-0.625,0.8046,0.3286,0.4808,0.1144
1781857524933,5617,0.74805,0.40186,-0.65552,1.07274,106.875,33.75,97.188,0.8129,0.3353,0.4711,0.0683
1781857524991,5675,0.74365,0.37622,-0.64771,1.0555,102.938,41.562,115.625,0.814,0.3336,0.4712,0.0618
1781857524991,5675,0.74097,0.37354,-0.646,1.0516,99.25,48.25,133.812,0.8151,0.3312,0.4717,0.055
1781857524991,5675,0.85107,0.17993,-0.61914,1.06773,52.562,-10.188,140.5,-0.8338,-0.289,-0.4699,0.0119
1781857525057,5741,0.85645,0.18042,-0.63062,1.07876,42.438,-13.312,122.062,-0.8356,-0.2853,-0.4688,0.0159
1781857525057,5741,0.8645,0.1897,-0.63379,1.08859,33.75,-14.625,103.812,-0.8372,-0.2822,-0.4678,0.0192
1781857525111,5795,0.75146,0.31836,-0.55151,0.985,11.75,-21.188,-7.938,-0.8424,-0.2769,-0.4611,0.0277
1781857525111,5795,0.75391,0.32349,-0.55859,0.99249,12.125,-22.875,-7.375,-0.8428,-0.2775,-0.4602,0.0277
1781857525111,5795,0.75586,0.32642,-0.56079,0.99617,12.25,-23.875,-7.188,-0.8431,-0.278,-0.4592,0.0277
1781857525115,5799,0.80005,0.28345,-0.55127,1.01209,-12.438,-20.312,-11.438,-0.8458,-0.2819,-0.4522,0.0223
1781857525273,5957,0.80322,0.27466,-0.55786,1.01578,-14.312,-21.188,-9.938,-0.8461,-0.282,-0.4516,0.0214
1781857525273,5957,0.80591,0.26099,-0.56519,1.01835,-16.5,-21.938,-9.0,-0.8464,-0.2821,-0.451,0.0204
1781857525273,5957,0.80273,0.22095,-0.57861,1.0139,-24.25,-22.938,-4.875,-0.8493,-0.2813,-0.4464,0.009
1781857525273,5957,0.80273,0.22095,-0.57861,1.0139,-24.25,-22.938,-4.875,-0.8493,-0.2813,-0.4464,0.009
1781857525412,6096,0.80591,0.22021,-0.57153,1.01224,-24.125,-23.562,-5.062,-0.8497,-0.281,-0.4459,0.0077
1781857525413,6097,0.83374,0.17725,-0.56494,1.02259,-27.5,-28.812,-13.125,0.854,0.2791,0.4387,0.0059
1781857525413,6097,0.7605,0.24316,-0.60669,1.00278,-58.562,-2.188,-51.688,0.8529,0.2835,0.4368,0.0363
1781857525415,6099,0.73413,0.26001,-0.57642,0.96892,-52.438,-3.75,-58.375,0.8513,0.2855,0.4378,0.0425
1781857525471,6155,0.72412,0.27783,-0.58569,0.97189,-44.25,-11.5,-63.438,0.8497,0.2886,0.4382,0.0483
1781857525471,6155,0.72388,0.31152,-0.65674,1.02584,-22.625,-25.75,-46.125,0.8474,0.298,0.4343,0.0645
1781857525472,6156,0.69678,0.39966,-0.56079,0.97965,-40.875,29.625,-72.562,0.8222,0.3342,0.4477,0.1077
1781857525530,6214,0.68237,0.39893,-0.54126,0.95799,-39.375,23.25,-80.938,0.8195,0.3373,0.4494,0.1115
1781857525531,6215,0.65894,0.39893,-0.52808,0.93392,-37.188,17.625,-88.5,0.8177,0.3397,0.4502,0.1141
1781857525532,6216,0.65894,0.39893,-0.52808,0.93392,-37.188,17.625,-88.5,0.8177,0.3397,0.4502,0.1141
1781857525595,6279,0.65894,0.39893,-0.52808,0.93392,-37.188,17.625,-88.5,0.8177,0.3397,0.4502,0.1141
1781857525596,6280,0.7146,0.625,-0.60474,1.1256,-75.562,-8.625,-187.25,0.7956,0.3781,0.446,0.1575
1781857525596,6280,0.63037,0.66577,-0.48291,1.03625,-67.875,7.938,37.188,0.7688,0.3895,0.4642,0.2035
1781857525650,6334,0.61499,0.63965,-0.47266,1.00537,-48.375,-0.625,61.75,0.7687,0.3864,0.4669,0.2039
1781857525650,6334,0.604,0.60034,-0.47949,0.97731,-35.625,-3.375,70.688,0.7696,0.3832,0.468,0.2037
1781857525653,6337,0.55127,0.54077,-0.59473,0.9747,6.125,-14.188,-11.5,0.7755,0.371,0.4712,0.1966
1781857525710,6394,0.54102,0.59009,-0.68628,1.05446,26.688,-1.625,-18.312,0.7753,0.3729,0.4702,0.1961
1781857525710,6394,0.54004,0.58887,-0.62695,1.01562,36.625,10.688,-17.312,0.7752,0.3742,0.4697,0.1951
1781857525711,6395,0.58813,0.6106,-0.4895,0.97895,33.25,37.75,10.75,0.7732,0.38,0.4727,0.1843
1781857525774,6458,0.58813,0.6106,-0.4895,0.97895,33.25,37.75,10.75,0.7732,0.38,0.4727,0.1843
1781857525774,6458,0.60791,0.60938,-0.47339,0.98234,36.25,36.75,12.812,0.7726,0.3812,0.4744,0.1802
1781857525775,6459,0.60229,0.60107,-0.47192,0.97302,27.5,-18.812,11.5,0.7755,0.3831,0.473,0.1667
1781857525833,6517,0.60229,0.60107,-0.47192,0.97302,27.5,-18.812,11.5,0.7755,0.3831,0.473,0.1667
1781857525836,6520,0.61523,0.5918,-0.53345,1.00663,18.375,-31.875,7.938,0.7776,0.3832,0.47,0.1652
1781857525836,6520,0.6106,0.62012,-0.52905,1.01846,-11.188,-10.5,2.938,0.7803,0.3823,0.4644,0.1703
1781857525890,6574,0.6106,0.62012,-0.52905,1.01846,-11.188,-10.5,2.938,0.7803,0.3823,0.4644,0.1703
1781857525891,6575,0.57617,0.6106,-0.52734,0.99141,-8.938,-9.062,3.375,0.7805,0.3819,0.4642,0.171
1781857525891,6575,0.62109,0.65186,-0.58325,1.07278,-17.125,-9.75,-19.5,0.7799,0.3826,0.4624,0.177
1781857525952,6636,0.62109,0.65186,-0.58325,1.07278,-17.125,-9.75,-19.5,0.7799,0.3826,0.4624,0.177
1781857525952,6636,0.65869,0.58521,-0.60425,1.06839,-35.25,-6.062,-27.688,0.7788,0.3834,0.4625,0.1799
1781857526014,6698,0.57251,0.67969,-0.47266,1.00655,-31.5,37.938,0.562,0.7668,0.3849,0.4749,0.1951
1781857526014,6698,0.57251,0.67969,-0.47266,1.00655,-31.5,37.938,0.562,0.7668,0.3849,0.4749,0.1951
1781857526015,6699,0.58765,0.67529,-0.45215,1.00289,-27.688,37.0,9.875,0.7659,0.3843,0.4766,0.1953
1781857526074,6758,0.65405,0.59204,-0.48511,1.00679,-26.312,-10.25,-0.688,0.7649,0.3734,0.4867,0.1957
1781857526075,6759,0.67383,0.58569,-0.49341,1.02007,-32.312,-9.812,-7.312,0.7648,0.3728,0.4868,0.197
1781857526075,6759,0.62134,0.64673,-0.41943,0.99007,-14.25,5.188,-4.75,0.7568,0.3732,0.493,0.2113
1781857526131,6815,0.62134,0.646,-0.40283,0.98267,-8.0,-1.625,1.062,0.7566,0.3729,0.4933,0.2118
1781857526131,6815,0.60791,0.63208,-0.40381,0.96547,-4.125,-7.812,2.625,0.7568,0.3724,0.4932,0.2122
1781857526131,6815,0.65259,0.62646,-0.43896,1.00549,-8.875,-18.0,-15.312,0.7571,0.3725,0.4899,0.2185
1781857526190,6874,0.66357,0.62891,-0.44556,1.01704,-10.062,-18.562,-15.312,0.7572,0.3726,0.4893,0.2193
1781857526191,6875,0.65601,0.6416,-0.45654,1.0249,-12.062,-17.438,-13.688,0.7568,0.3733,0.4888,0.2204
1781857526192,6876,0.61646,0.65308,-0.44019,1.00014,-7.812,7.938,10.75,0.7569,0.3703,0.4888,0.225
1781857526252,6936,0.61938,0.64868,-0.43579,0.99717,-6.812,11.312,12.625,0.7568,0.3699,0.4895,0.2249
1781857526255,6939,0.61792,0.64307,-0.43018,0.99016,-5.938,13.375,13.125,0.7567,0.3693,0.4901,0.2247
1781857526261,6945,0.63574,0.65356,-0.41138,1.00027,-10.438,1.25,-5.875,0.7551,0.3668,0.4945,0.2247
1781857526310,6994,0.63501,0.66992,-0.42725,1.01714,-13.062,-2.938,-6.0,0.7548,0.3666,0.4946,0.2257
1781857526311,6995,0.62988,0.68408,-0.44287,1.02998,-14.938,-0.938,-2.938,0.7545,0.3663,0.4949,0.2267
1781857526311,6995,0.57983,0.65967,-0.37695,0.95575,-16.062,25.875,22.75,0.7507,0.3606,0.5054,0.2251
1781857526371,7055,0.5813,0.65137,-0.36279,0.94541,-14.75,23.5,20.062,0.7503,0.3598,0.5067,0.2248
1781857526372,7056,0.58984,0.64624,-0.3623,0.947,-12.812,20.062,14.188,0.7494,0.3596,0.5086,0.2239
1781857526375,7059,0.63599,0.64282,-0.38062,0.98111,-17.438,-1.688,-18.375,0.7451,0.3604,0.513,0.227
1781857526430,7114,0.64282,0.64551,-0.37964,0.98693,-17.062,-4.188,-20.438,0.7445,0.3607,0.5129,0.2285
1781857526431,7115,0.64307,0.6543,-0.39111,0.9973,-17.438,-8.875,-22.75,0.7432,0.3618,0.5128,0.231
1781857526431,7115,0.59717,0.65356,-0.39917,0.97113,-6.25,-20.5,14.75,0.7464,0.3579,0.5074,0.2388
1781857526491,7175,0.59717,0.65356,-0.39917,0.97113,-6.25,-20.5,14.75,0.7464,0.3579,0.5074,0.2388
1781857526492,7176,0.59058,0.64307,-0.39697,0.95912,-0.312,-15.625,25.5,0.7476,0.3562,0.507,0.2385
1781857526492,7176,0.66162,0.62793,-0.44019,1.01282,41.625,7.688,81.812,0.7579,0.3445,0.5078,0.2207
1781857526555,7239,0.66162,0.62793,-0.44019,1.01282,41.625,7.688,81.812,0.7579,0.3445,0.5078,0.2207
1781857526555,7239,0.677,0.61572,-0.44775,1.01879,43.188,8.875,85.5,0.7594,0.3427,0.5082,0.2173
1781857526556,7240,0.71021,0.51953,-0.41431,0.9726,12.938,-10.188,71.812,0.7757,0.3211,0.5108,0.1842
1781857526614,7298,0.71436,0.52686,-0.41138,0.97832,9.812,-10.875,71.5,0.777,0.3189,0.5109,0.1824
1781857526614,7298,0.71851,0.51953,-0.41455,0.97878,9.5,-11.438,71.5,0.7794,0.3145,0.5111,0.1789
1781857526614,7298,0.73608,0.53198,-0.37646,0.98313,58.375,-106.0,107.25,0.797,0.2941,0.5025,0.1597
1781857526673,7357,0.75146,0.51587,-0.46826,1.02474,73.188,-137.5,127.625,0.8041,0.2888,0.4958,0.1547
1781857526673,7357,0.8064,0.46973,-0.79248,1.22431,102.688,-153.562,150.062,0.8098,0.2849,0.4902,0.1502
1781857526673,7357,0.771,0.19019,-0.67627,1.04305,147.875,-105.625,261.938,0.8704,0.2213,0.4346,0.0649
1781857526731,7415,0.79175,0.1499,-0.69263,1.06258,140.062,-97.75,262.25,0.8751,0.2138,0.4302,0.0556
1781857526731,7415,0.80078,0.10986,-0.71851,1.08147,131.75,-89.5,260.188,0.8795,0.2062,0.4261,0.0465
1781857526742,7426,0.73877,0.1333,-0.5708,0.94306,13.188,-10.75,94.375,0.8961,0.1505,0.4173,0.0024
1781857526794,7478,0.72974,0.14575,-0.60229,0.95735,21.75,-14.688,85.625,0.8969,0.1475,0.4166,0.0002
1781857526794,7478,0.73047,0.13721,-0.64575,0.98458,31.0,-15.312,80.062,-0.8977,-0.1448,-0.4158,0.0021
1781857526794,7478,0.70776,0.01416,-0.67407,0.9775,81.688,20.0,158.0,-0.902,-0.1145,-0.4129,0.0507
1781857526850,7534,0.70752,-0.00732,-0.65503,0.96421,71.625,16.438,174.25,-0.9024,-0.1067,-0.4128,0.0597
1781857526851,7535,0.7168,-0.02563,-0.64941,0.96757,65.688,13.0,186.062,-0.9028,-0.1008,-0.4125,0.0656
1781857526851,7535,0.646,-0.1792,-0.59863,0.89877,54.562,-13.75,329.562,-0.907,-0.0155,-0.4002,0.1293
1781857526910,7594,0.61011,-0.22607,-0.61084,0.89245,56.5,-17.375,360.688,-0.907,0.0093,-0.3948,0.1455
1781857526912,7596,0.58911,-0.27954,-0.62402,0.90255,63.375,-14.688,391.312,-0.906,0.0366,-0.3887,0.1629
1781857526912,7596,0.46826,-0.77075,-0.76758,1.18427,97.5,61.875,444.938,-0.8842,0.16,-0.3633,0.2457
1781857526977,7661,0.46387,-0.80249,-0.71069,1.16801,89.75,74.562,432.688,-0.8789,0.1759,-0.3619,0.2554
1781857526977,7661,0.44629,-0.83521,-0.66016,1.15436,78.812,77.5,419.812,-0.8735,0.1914,-0.3607,0.2646
1781857526978,7662,0.35913,-0.75757,-0.61157,1.03774,-58.812,62.75,206.625,-0.8318,0.309,-0.3427,0.3082
1781857527030,7714,0.3501,-0.77075,-0.6084,1.04249,-63.438,64.75,187.562,-0.829,0.3176,-0.3416,0.3079
1781857527030,7714,0.37329,-0.77222,-0.58691,1.03929,-66.625,67.25,171.375,-0.8265,0.3256,-0.3408,0.3073
1781857527031,7715,0.28369,-0.77515,-0.57153,1.00398,4.812,99.062,124.938,-0.797,0.3945,-0.3477,0.2965
1781857527091,7775,0.23657,-0.80444,-0.58472,1.02225,28.75,94.938,122.125,-0.7894,0.4049,-0.3518,0.2984
1781857527092,7776,0.20337,-0.82617,-0.58813,1.03432,44.562,90.188,116.562,-0.781,0.4148,-0.3565,0.301
1781857527092,7776,0.21289,-0.79614,-0.59326,1.01544,18.875,69.125,92.75,-0.7514,0.4473,-0.372,0.3107
1781857527150,7834,0.22339,-0.80273,-0.59277,1.02258,16.125,66.062,90.188,-0.7484,0.4509,-0.3732,0.3114
1781857527152,7836,0.23242,-0.79541,-0.5835,1.01349,13.375,62.5,87.938,-0.7455,0.4544,-0.3743,0.312
1781857527154,7838,0.24536,-0.80151,-0.54102,0.99766,14.188,6.0,53.25,-0.7227,0.4833,-0.378,0.3176
1781857527210,7894,0.23975,-0.81763,-0.54932,1.01378,18.5,2.938,48.75,-0.7214,0.4847,-0.3778,0.3189
1781857527211,7895,0.2251,-0.83423,-0.552,1.02534,22.688,0.688,45.125,-0.7201,0.4858,-0.3776,0.3203
1781857527211,7895,0.2251,-0.83423,-0.552,1.02534,22.688,0.688,45.125,-0.7201,0.4858,-0.3776,0.3203
1781857527276,7960,0.14526,-0.8479,-0.49902,0.99452,12.062,24.438,23.438,-0.7045,0.497,-0.384,0.33
1781857527276,7960,0.14551,-0.84497,-0.49658,0.99083,9.688,23.312,22.812,-0.7035,0.4979,-0.3847,0.3301
1781857527276,7960,0.14551,-0.84497,-0.49658,0.99083,9.688,23.312,22.812,-0.7035,0.4979,-0.3847,0.3301
1781857527332,8016,0.12378,-0.84326,-0.57007,1.02537,5.062,-68.75,-41.312,-0.6992,0.5037,-0.3844,0.3305
1781857527332,8016,0.12134,-0.84937,-0.56714,1.02849,4.125,-71.938,-51.75,-0.7014,0.5012,-0.383,0.3314
1781857527333,8017,0.09302,-0.8418,-0.50342,0.98524,-2.0,-23.375,-1.062,-0.7113,0.4937,-0.3755,0.3302
1781857527390,8074,0.08081,-0.86084,-0.50098,0.99928,-1.062,-22.188,-1.312,-0.7103,0.4954,-0.3754,0.3297
1781857527390,8074,0.07959,-0.86304,-0.49927,1.00022,-1.625,-21.938,-3.562,-0.7108,0.4951,-0.3748,0.33
1781857527391,8075,0.12231,-0.83301,-0.5271,0.99333,-14.938,4.062,11.062,-0.7125,0.4975,-0.3717,0.3262
1781857527455,8139,0.12158,-0.8396,-0.53052,1.00058,-13.375,3.25,11.062,-0.7124,0.4981,-0.3713,0.3259
1781857527455,8139,0.12329,-0.84033,-0.53687,1.00478,-11.812,1.188,9.625,-0.7122,0.499,-0.3708,0.3255
1781857527456,8140,0.12329,-0.84033,-0.53687,1.00478,-11.812,1.188,9.625,-0.7122,0.499,-0.3708,0.3255
1781857527512,8196,0.12866,-0.83618,-0.54346,1.00553,-3.062,-12.375,19.875,-0.7102,0.5051,-0.3665,0.3254
1781857527514,8198,0.13354,-0.83667,-0.54272,1.00618,-2.75,-14.125,21.0,-0.71,0.5056,-0.3657,0.326
1781857527514,8198,0.13354,-0.83667,-0.54272,1.00618,-2.75,-14.125,21.0,-0.71,0.5056,-0.3657,0.326
1781857527571,8255,0.10986,-0.85059,-0.53247,1.0095,-16.375,-8.812,11.062,-0.7081,0.5123,-0.3571,0.329
1781857527571,8255,0.1167,-0.85059,-0.51978,1.00363,-17.875,-7.875,8.125,-0.7083,0.5128,-0.3563,0.3288
1781857527572,8256,0.1687,-0.80933,-0.47583,0.95388,-34.875,-9.875,-8.0,-0.712,0.5167,-0.3498,0.3217
1781857527632,8316,0.1687,-0.80933,-0.47583,0.95388,-34.875,-9.875,-8.0,-0.712,0.5167,-0.3498,0.3217
1781857527639,8323,0.15479,-0.83545,-0.49438,0.98303,-31.812,-14.125,-5.25,-0.7125,0.5184,-0.3485,0.3191
1781857527641,8325,0.15479,-0.83545,-0.49438,0.98303,-31.812,-14.125,-5.25,-0.7125,0.5184,-0.3485,0.3191
1781857527690,8374,0.15479,-0.83545,-0.49438,0.98303,-31.812,-14.125,-5.25,-0.7125,0.5184,-0.3485,0.3191
1781857527690,8374,0.11035,-0.79517,-0.55176,0.97412,85.438,-40.312,64.188,-0.7021,0.5202,-0.3431,0.3442
1781857527692,8376,0.03418,-0.85718,-0.53809,1.01265,25.25,13.375,79.812,-0.6731,0.5359,-0.3427,0.3768
1781857527750,8434,0.02734,-0.854,-0.5542,1.01843,21.438,17.75,86.062,-0.6698,0.539,-0.3418,0.3791
1781857527750,8434,0.00903,-0.85132,-0.56006,1.01906,22.312,23.0,95.062,-0.6657,0.543,-0.3412,0.3813
1781857527751,8435,-0.11865,-0.86499,-0.4519,0.98311,53.0,25.938,166.5,-0.63,0.5728,-0.3353,0.4028
1781857527811,8495,-0.11865,-0.86499,-0.4519,0.98311,53.0,25.938,166.5,-0.63,0.5728,-0.3353,0.4028
1781857527811,8495,-0.14722,-0.85254,-0.44287,0.97192,47.5,30.812,173.0,-0.6201,0.5804,-0.3327,0.4096
1781857527811,8495,-0.28076,-0.82471,-0.52783,1.01861,-72.562,37.062,251.125,-0.5703,0.6415,-0.293,0.4208
1781857527871,8555,-0.28076,-0.82471,-0.52783,1.01861,-72.562,37.062,251.125,-0.5703,0.6415,-0.293,0.4208
1781857527871,8555,-0.36182,-0.78174,-0.54639,1.02008,-70.562,32.375,259.188,-0.5554,0.6602,-0.2777,0.4221
1781857527871,8555,-0.48169,-0.83374,-0.51782,1.09329,-35.062,13.188,111.438,-0.5043,0.7155,-0.2302,0.4249
1781857527931,8615,-0.48169,-0.83374,-0.51782,1.09329,-35.062,13.188,111.438,-0.5043,0.7155,-0.2302,0.4249
1781857527931,8615,-0.47949,-0.82446,-0.5332,1.09268,-23.438,8.75,67.875,-0.4995,0.7203,-0.2262,0.4245
1781857527931,8615,-0.42212,-0.70239,-0.57861,1.00316,-10.812,9.375,18.375,-0.4932,0.7272,-0.2208,0.423
1781857527992,8676,-0.42212,-0.70239,-0.57861,1.00316,-10.812,9.375,18.375,-0.4932,0.7272,-0.2208,0.423
1781857527992,8676,-0.42017,-0.69385,-0.59106,1.00365,-11.812,14.25,18.625,-0.4922,0.7287,-0.2198,0.422
1781857527992,8676,-0.43628,-0.68237,-0.55884,0.98401,-15.875,30.312,11.75,-0.4868,0.7378,-0.2182,0.4133
1781857528050,8734,-0.43628,-0.68237,-0.55884,0.98401,-15.875,30.312,11.75,-0.4868,0.7378,-0.2182,0.4133
1781857528050,8734,-0.43115,-0.68628,-0.56079,0.98558,-16.125,29.438,9.938,-0.4863,0.7391,-0.2181,0.4115
1781857528051,8735,-0.448,-0.69922,-0.59351,1.02071,-9.062,8.312,-0.25,-0.4851,0.7449,-0.2171,0.403
1781857528111,8795,-0.448,-0.69922,-0.59351,1.02071,-9.062,8.312,-0.25,-0.4851,0.7449,-0.2171,0.403
1781857528111,8795,-0.45654,-0.68164,-0.60815,1.02123,-10.312,0.375,1.375,-0.4852,0.7452,-0.2166,0.4025
1781857528111,8795,-0.4646,-0.66772,-0.59619,1.00854,-8.562,-9.312,8.688,-0.485,0.7452,-0.2086,0.4069
1781857528172,8856,-0.45801,-0.66797,-0.59399,1.00438,-8.312,-4.688,7.25,-0.4849,0.7454,-0.2081,0.4069
1781857528177,8861,-0.44873,-0.67188,-0.5918,1.0015,-7.812,-0.625,6.188,-0.4849,0.7456,-0.2077,0.4069
1781857528177,8861,-0.45752,-0.67603,-0.58228,1.00269,-0.812,9.438,3.438,-0.4839,0.7478,-0.2069,0.4044
1781857528231,8915,-0.45752,-0.67603,-0.57471,0.99831,-1.125,8.0,4.562,-0.4836,0.7482,-0.207,0.404
1781857528231,8915,-0.45312,-0.67603,-0.57446,0.99616,-1.188,6.875,5.0,-0.4833,0.7484,-0.207,0.4038
1781857528231,8915,-0.43848,-0.67505,-0.59961,1.00374,-0.562,4.438,2.875,-0.4818,0.7499,-0.206,0.4033
1781857528293,8977,-0.42944,-0.67603,-0.59229,0.99611,0.062,5.75,2.312,-0.4817,0.7501,-0.2061,0.4031
1781857528293,8977,-0.43433,-0.68091,-0.58545,0.99751,0.25,5.062,1.688,-0.4815,0.7504,-0.2062,0.4028
1781857528293,8977,-0.45996,-0.66187,-0.60181,1.00588,-1.0,-10.375,9.625,-0.4802,0.7505,-0.2034,0.4057
1781857528350,9034,-0.45923,-0.65796,-0.59814,1.00079,-1.0,-9.312,9.5,-0.4801,0.7505,-0.2031,0.4059
1781857528350,9034,-0.45264,-0.6543,-0.58862,0.98968,-0.875,-5.375,9.75,-0.4796,0.7507,-0.2024,0.4064
1781857528351,9035,-0.46362,-0.66626,-0.57666,0.99568,-6.125,-8.812,4.688,-0.4785,0.7516,-0.1992,0.4075
1781857528410,9094,-0.46704,-0.66943,-0.57715,0.99968,-6.188,-10.25,4.688,-0.4786,0.7516,-0.1987,0.4078
1781857528411,9095,-0.46899,-0.67139,-0.57788,1.00233,-6.625,-11.75,5.062,-0.4786,0.7515,-0.1981,0.4081
1781857528412,9096,-0.49414,-0.6377,-0.62378,1.01977,3.688,-10.938,17.438,-0.4766,0.7515,-0.1928,0.413
1781857528472,9156,-0.49414,-0.6377,-0.62378,1.01977,3.688,-10.938,17.438,-0.4766,0.7515,-0.1928,0.413
1781857528472,9156,-0.47827,-0.64062,-0.60352,1.00169,4.438,-2.75,20.562,-0.4746,0.7523,-0.1917,0.4144
1781857528472,9156,-0.48706,-0.63379,-0.58301,0.98935,3.688,-19.875,33.375,-0.4684,0.7553,-0.1876,0.4178
1781857528530,9214,-0.51245,-0.64062,-0.59717,1.0147,5.438,-19.688,40.875,-0.466,0.7561,-0.1856,0.4199
1781857528530,9214,-0.52222,-0.64014,-0.60376,1.02324,5.125,-20.75,41.375,-0.4647,0.7565,-0.1846,0.421
1781857528531,9215,-0.49683,-0.62036,-0.5686,0.97724,3.125,-13.562,30.188,-0.4542,0.7592,-0.1763,0.4312
1781857528595,9279,-0.50073,-0.62305,-0.57202,0.98292,0.25,-12.5,29.688,-0.4533,0.7595,-0.1755,0.4319
1781857528595,9279,-0.51343,-0.62744,-0.56836,0.99011,-3.438,-14.188,29.188,-0.452,0.7601,-0.1742,0.4328
1781857528595,9279,-0.53369,-0.60376,-0.5769,0.99105,-15.312,-92.562,26.0,-0.4472,0.7592,-0.1574,0.4456
1781857528651,9335,-0.53149,-0.60376,-0.59473,1.00036,-12.562,-95.938,22.812,-0.4473,0.7579,-0.1546,0.4486
1781857528652,9336,-0.52661,-0.59521,-0.60938,1.00147,-10.625,-93.188,19.75,-0.4475,0.7566,-0.152,0.4515
1781857528652,9336,-0.55566,-0.59229,-0.49121,0.94913,-31.625,-43.812,28.188,-0.4463,0.7535,-0.1333,0.4637
1781857528710,9394,-0.53296,-0.61401,-0.44556,0.92713,-40.125,-61.75,24.125,-0.4467,0.7528,-0.1292,0.4656
1781857528710,9394,-0.54102,-0.61987,-0.44312,0.9345,-48.562,-75.062,20.5,-0.4473,0.7521,-0.1259,0.4671
1781857528711,9395,-0.64355,-0.52417,-0.5105,0.97444,-118.812,-140.312,39.875,-0.4623,0.7384,-0.0712,0.4855
1781857528772,9456,-0.70947,-0.52734,-0.52588,1.02859,-128.875,-154.812,45.625,-0.4656,0.7345,-0.0554,0.4903
1781857528772,9456,-0.7522,-0.50781,-0.53247,1.05224,-135.312,-150.75,51.625,-0.4671,0.7326,-0.0471,0.4926
1781857528772,9456,-1.15259,-0.28882,-0.68091,1.36949,-98.438,20.625,96.75,-0.4706,0.7329,0.0164,0.4908
1781857528830,9514,-1.15259,-0.28882,-0.68091,1.36949,-98.438,20.625,96.75,-0.4706,0.7329,0.0164,0.4908
1781857528831,9515,-1.14478,-0.3186,-0.65283,1.35581,-87.75,47.062,86.375,-0.4696,0.7355,0.0204,0.4877
1781857528891,9575,-0.77197,-0.27222,-0.59692,1.0131,-87.562,151.688,66.312,-0.4689,0.7692,0.0383,0.432
1781857528891,9575,-0.75146,-0.27759,-0.61206,1.00815,-82.562,163.25,67.562,-0.4685,0.7734,0.0391,0.4249
1781857528891,9575,-0.70703,-0.27441,-0.61963,0.97936,-76.75,175.562,68.625,-0.468,0.7778,0.0394,0.4174
1781857528893,9577,-0.3562,-0.22852,-0.74976,0.86095,-342.562,193.188,-36.875,-0.4889,0.806,0.0772,0.3242
1781857528951,9635,-0.26831,-0.19287,-0.79492,0.86087,-351.188,198.438,-44.5,-0.4959,0.8066,0.0844,0.3099
1781857528952,9636,-0.23047,-0.1748,-0.81226,0.86223,-350.188,192.188,-42.938,-0.5027,0.8069,0.0917,0.2958
1781857528953,9637,-0.40503,-0.05811,-0.84326,0.93729,-167.188,35.5,6.125,-0.515,0.8123,0.1434,0.2324
1781857529010,9694,-0.37915,-0.05835,-0.91187,0.98927,-170.812,31.5,-9.812,-0.5172,0.8115,0.1485,0.2275
1781857529010,9694,-0.37842,-0.0647,-0.93848,1.01396,-171.688,27.188,-22.875,-0.5197,0.8102,0.1536,0.2228
1781857529011,9695,-0.69556,0.29688,-0.84497,1.13398,-277.875,36.812,-59.5,-0.5564,0.7851,0.2173,0.1629
1781857529073,9757,-0.63672,0.23535,-0.8418,1.0814,-303.25,12.062,-62.062,-0.5607,0.7809,0.2265,0.1559
1781857529073,9757,-0.49048,0.3103,-0.89673,1.06817,-312.75,14.375,-46.5,-0.5645,0.7767,0.2362,0.1483
1781857529079,9763,-0.64014,0.1814,-0.73901,0.99439,-104.938,110.688,-102.625,-0.5923,0.7496,0.2838,0.0801
1781857529133,9817,-0.69482,0.15796,-0.65698,0.9692,-72.125,105.938,-108.875,-0.5974,0.7462,0.2833,0.0761
1781857529133,9817,-0.69971,0.23975,-0.46387,0.87306,-33.188,93.938,-109.25,-0.6021,0.7431,0.2821,0.0733
1781857529133,9817,-0.53979,0.17334,-0.75708,0.94583,-7.188,175.625,-20.375,-0.6319,0.7324,0.2454,0.0618
1781857529193,9877,-0.51782,0.20044,-0.78516,0.96166,-10.625,172.625,-22.562,-0.6344,0.7321,0.2409,0.0563
1781857529193,9877,-0.44946,0.24316,-0.79517,0.94522,-19.938,164.188,-31.312,-0.6371,0.7315,0.2369,0.0509
1781857529193,9877,-0.19336,0.34595,-0.86255,0.94924,-85.312,26.375,-78.0,-0.6647,0.7094,0.2335,0.0096
1781857529256,9940,-0.18481,0.37402,-0.76733,0.87341,-83.688,-2.375,-80.438,-0.6672,0.7062,0.2359,0.0078
1781857529256,9940,-0.21216,0.34399,-0.7688,0.86856,-76.062,-28.062,-77.875,-0.6694,0.7032,0.2389,0.007
1781857529257,9941,-0.39087,0.46265,-0.91187,1.09468,-28.75,-15.312,-21.5,-0.6761,0.6885,0.2617,0.0017
1781857529311,9995,-0.39722,0.43652,-0.9248,1.09709,-30.0,-24.812,-13.5,-0.6763,0.6878,0.2632,0.0017
1781857529311,9995,-0.44922,0.40552,-0.90186,1.08609,-30.0,-37.312,-8.438,-0.6762,0.6871,0.2651,0.002
1781857529312,9996,-0.44922,0.40552,-0.90186,1.08609,-30.0,-37.312,-8.438,-0.6762,0.6871,0.2651,0.002
1781857529371,10055,-0.44922,0.40552,-0.90186,1.08609,-30.0,-37.312,-8.438,-0.6762,0.6871,0.2651,0.002
1781857529372,10056,-0.56519,0.18066,-0.72559,0.93731,-13.562,-23.312,-2.312,-0.6542,0.6992,0.2866,0.0285
1781857529372,10056,-0.56519,0.18066,-0.72559,0.93731,-13.562,-23.312,-2.312,-0.6542,0.6992,0.2866,0.0285
1781857529431,10115,-0.32446,0.41772,-0.92627,1.06665,-28.375,18.062,5.562,-0.6365,0.7124,0.2935,0.0306
1781857529431,10115,-0.34229,0.44922,-0.85327,1.02324,-29.062,23.125,7.125,-0.6367,0.7122,0.2939,0.0289
1781857529431,10115,-0.34229,0.44922,-0.85327,1.02324,-29.062,23.125,7.125,-0.6367,0.7122,0.2939,0.0289
1781857529494,10178,-0.29175,0.31934,-0.94141,1.03602,0.875,82.312,48.75,-0.6206,0.7352,0.2722,0.0068
1781857529494,10178,-0.30151,0.38867,-1.03906,1.14962,-4.125,73.062,58.75,-0.6197,0.7366,0.2703,0.0037
1781857529494,10178,-0.28345,0.40625,-0.79419,0.93601,-21.875,31.625,79.75,0.5888,-0.7673,-0.2492,0.0473
1781857529550,10234,-0.19019,0.46045,-0.87964,1.01091,-14.625,14.875,70.0,0.5803,-0.7734,-0.2494,0.0498
1781857529550,10234,-0.13232,0.46387,-0.8772,1.00108,-7.562,20.25,74.125,0.5781,-0.7752,-0.249,0.0515
1781857529553,10237,-0.06372,0.56372,-0.89722,1.06153,69.812,77.062,137.125,0.543,-0.8063,-0.2244,0.0662
1781857529610,10294,-0.03784,0.55151,-0.95825,1.10628,66.125,66.688,132.188,0.5355,-0.8128,-0.218,0.0691
1781857529612,10296,-0.10205,0.52686,-0.8999,1.04777,50.25,62.625,107.688,0.5286,-0.819,-0.2104,0.0731
1781857529612,10296,-0.01172,0.50146,-0.82935,0.96924,-5.938,79.812,25.75,0.5123,-0.8314,-0.1912,0.0977
1781857529675,10359,0.00122,0.48364,-0.8186,0.9508,-4.125,77.312,19.125,0.5088,-0.8335,-0.1892,0.1017
1781857529675,10359,-0.00146,0.47168,-0.82031,0.94625,-2.125,75.688,14.75,0.5089,-0.8334,-0.1876,0.1046
1781857529675,10359,-0.25098,0.52808,-0.94629,1.11235,33.062,50.875,-7.688,0.51,-0.8346,-0.171,0.118
1781857529734,10418,-0.27539,0.50293,-0.96289,1.12069,9.688,55.375,15.5,0.5069,-0.8366,-0.1688,0.1196
1781857529734,10418,-0.24487,0.55957,-0.95288,1.13184,-0.938,56.5,29.0,0.5064,-0.8369,-0.1676,0.1218
1781857529736,10420,-0.01929,0.50391,-0.77515,0.92474,13.125,32.938,79.125,0.4807,-0.8507,-0.1574,0.1426
1781857529790,10474,-0.07397,0.43237,-0.85596,0.96181,6.938,38.312,84.438,0.4769,-0.8527,-0.156,0.1441
1781857529790,10474,-0.06958,0.44775,-0.7644,0.88862,7.25,33.812,75.25,0.4744,-0.8541,-0.1546,0.1459
1781857529791,10475,-0.07153,0.4436,-0.84302,0.95529,-8.375,-8.5,11.625,0.4589,-0.8621,-0.1507,0.1521
1781857529853,10537,-0.07153,0.4436,-0.84302,0.95529,-8.375,-8.5,11.625,0.4589,-0.8621,-0.1507,0.1521
1781857529853,10537,-0.04834,0.44751,-0.84668,0.95889,-21.438,-13.5,2.062,0.4568,-0.863,-0.1527,0.1517
1781857529853,10537,-0.05298,0.47192,-0.94214,1.05506,-38.062,6.062,-5.5,0.4551,-0.8611,-0.1687,0.1505
1781857529914,10598,-0.05298,0.47192,-0.94214,1.05506,-38.062,6.062,-5.5,0.4551,-0.8611,-0.1687,0.1505
1781857529915,10599,-0.00073,0.42407,-0.91504,1.00853,-38.5,15.125,-6.562,0.4532,-0.8612,-0.1716,0.1525
1781857529915,10599,0.09375,0.44312,-0.89209,1.00048,-36.688,14.375,-23.438,0.452,-0.8571,-0.1827,0.1659
1781857529974,10658,0.04712,0.45581,-0.87646,0.98903,-32.875,16.25,-22.125,0.4526,-0.8563,-0.1838,0.1669
1781857529974,10658,0.03101,0.46729,-0.88525,1.00149,-31.875,18.562,-24.812,0.4522,-0.8558,-0.1857,0.1682
1781857529974,10658,0.0564,0.53418,-0.89307,1.04216,-25.125,23.812,9.062,0.4525,-0.8518,-0.1942,0.1785
1781857530030,10714,0.06494,0.52393,-0.86743,1.01546,-24.75,24.812,14.0,0.452,-0.8516,-0.1945,0.1799
1781857530030,10714,0.08691,0.50439,-0.83691,0.98102,-23.062,25.562,17.312,0.4498,-0.8523,-0.1952,0.1812
1781857530031,10715,0.11938,0.53223,-0.84546,1.00614,-28.0,13.0,0.75,0.4437,-0.8513,-0.2016,0.1939
1781857530090,10774,0.12427,0.53467,-0.84521,1.00782,-28.562,12.812,1.438,0.4436,-0.8509,-0.2024,0.1949
1781857530090,10774,0.13257,0.5437,-0.83545,1.00556,-23.562,12.062,2.688,0.4411,-0.8513,-0.2044,0.1964
1781857530091,10775,0.16113,0.52075,-0.82324,0.98736,-21.188,6.562,8.062,0.4343,-0.8518,-0.2099,0.2036
1781857530155,10839,0.16113,0.52075,-0.82324,0.98736,-21.188,6.562,8.062,0.4343,-0.8518,-0.2099,0.2036
1781857530156,10840,0.14355,0.53809,-0.81348,0.98584,-18.938,5.875,6.188,0.4325,-0.8521,-0.2113,0.2047
1781857530156,10840,0.12817,0.58252,-0.85669,1.04387,-16.25,-13.562,25.062,0.4242,-0.8539,-0.2192,0.2064
1781857530211,10895,0.12817,0.58252,-0.85669,1.04387,-16.25,-13.562,25.062,0.4242,-0.8539,-0.2192,0.2064
1781857530211,10895,0.13477,0.58521,-0.85132,1.04181,-23.625,-12.062,29.625,0.422,-0.8545,-0.2207,0.207
1781857530212,10896,0.16089,0.56274,-0.77734,0.97305,-7.438,-19.438,22.0,0.4076,-0.859,-0.2301,0.207
1781857530270,10954,0.16089,0.56274,-0.77734,0.97305,-7.438,-19.438,22.0,0.4076,-0.859,-0.2301,0.207
1781857530270,10954,0.16675,0.56274,-0.802,0.99383,-2.688,-14.688,21.188,0.4049,-0.8602,-0.2308,0.2062
1781857530271,10955,0.13892,0.5874,-0.82275,1.02042,-4.312,-6.25,10.75,0.3986,-0.8633,-0.2316,0.2047
1781857530330,11014,0.14453,0.58984,-0.82056,1.02084,-7.062,-6.562,9.125,0.3981,-0.8635,-0.2319,0.2046
1781857530330,11014,0.14429,0.5918,-0.80566,1.01002,-9.375,-7.0,7.438,0.3972,-0.8638,-0.2325,0.2045
1781857530331,11015,0.13013,0.60254,-0.78931,1.00149,-0.312,-8.188,11.438,0.3916,-0.8661,-0.2351,0.2024
1781857530390,11074,0.12793,0.60889,-0.79199,1.00715,-1.312,-7.0,10.125,0.3912,-0.8663,-0.2352,0.2022
1781857530390,11074,0.11719,0.60815,-0.78491,0.99984,-4.125,-5.125,7.25,0.3901,-0.8667,-0.2357,0.2021
1781857530392,11076,0.11597,0.58984,-0.78223,0.98653,-5.5,-3.562,5.812,0.3876,-0.8671,-0.2382,0.2021
1781857530450,11134,0.11768,0.58838,-0.78101,0.98489,-5.938,-4.188,4.875,0.3874,-0.8671,-0.2384,0.2021
1781857530450,11134,0.10596,0.58984,-0.77515,0.97979,-4.25,-3.875,4.188,0.3867,-0.8673,-0.239,0.202
1781857530451,11135,0.11987,0.61035,-0.79199,1.00705,-3.812,0.125,0.125,0.3851,-0.8676,-0.2404,0.202
1781857530510,11194,0.11987,0.61035,-0.79199,1.00705,-3.812,0.125,0.125,0.3851,-0.8676,-0.2404,0.202
1781857530510,11194,0.11841,0.61108,-0.78198,0.99947,-6.438,2.625,-2.125,0.3851,-0.8673,-0.2412,0.2025
1781857530512,11196,0.03491,0.69629,-0.79688,1.0588,-10.188,16.375,0.438,0.3862,-0.8651,-0.2447,0.2058
1781857530570,11254,0.03491,0.69629,-0.79688,1.0588,-10.188,16.375,0.438,0.3862,-0.8651,-0.2447,0.2058
1781857530571,11255,0.13232,0.57642,-0.76245,0.96493,-10.25,18.312,7.25,0.3861,-0.8649,-0.2446,0.2067
1781857530571,11255,0.14746,0.60669,-0.77563,0.9957,-15.875,14.0,-4.938,0.3863,-0.8621,-0.2486,0.2133
1781857530630,11314,0.14648,0.60815,-0.77148,0.99323,-15.438,13.5,-6.188,0.3865,-0.8617,-0.249,0.2141
1781857530630,11314,0.13501,0.6062,-0.78174,0.99841,-15.125,14.0,-6.5,0.3868,-0.8613,-0.2494,0.2147
1781857530631,11315,0.13428,0.62329,-0.79639,1.02017,-15.875,22.062,-0.812,0.388,-0.858,-0.2517,0.2227
1781857530691,11375,0.13965,0.62842,-0.76489,0.99974,-18.75,18.875,0.938,0.3881,-0.8572,-0.2525,0.2248
1781857530691,11375,0.13843,0.63794,-0.76978,1.0093,-18.875,17.375,1.625,0.3881,-0.8571,-0.2526,0.2253
1781857530692,11376,0.16016,0.62305,-0.76709,1.00113,-15.688,11.188,4.25,0.3846,-0.8551,-0.2574,0.2332
1781857530751,11435,0.16382,0.60742,-0.75513,0.98286,-14.5,10.0,4.75,0.3844,-0.8549,-0.2577,0.2339
1781857530751,11435,0.15527,0.61572,-0.76611,0.99506,-13.375,8.875,4.625,0.3842,-0.8547,-0.258,0.2345
1781857530751,11435,0.16479,0.64966,-0.77319,1.02325,-7.188,1.312,8.938,0.3794,-0.8547,-0.2616,0.2381
1781857530810,11494,0.16919,0.64429,-0.77856,1.02464,-8.062,2.312,10.5,0.379,-0.8548,-0.2618,0.2384
1781857530810,11494,0.18579,0.63501,-0.76758,1.01338,-9.0,3.062,11.625,0.3786,-0.8549,-0.2619,0.2388
1781857530813,11497,0.17651,0.6189,-0.72998,0.97317,-5.75,-0.188,7.75,0.3728,-0.8553,-0.2651,0.2427
1781857530870,11554,0.17969,0.6189,-0.73779,0.97962,-4.0,-1.5,6.438,0.3725,-0.8554,-0.2653,0.2428
1781857530870,11554,0.177,0.63452,-0.75122,0.99914,-2.938,-2.312,5.062,0.3723,-0.8554,-0.2654,0.2429
1781857530871,11555,0.16479,0.65747,-0.74146,1.00458,-0.562,-7.062,6.125,0.3692,-0.8565,-0.2668,0.2421
1781857530930,11614,0.16455,0.65088,-0.73682,0.9968,-1.188,-8.0,5.688,0.3687,-0.8568,-0.267,0.2418
1781857530931,11615,0.16333,0.6582,-0.74194,1.00518,-1.938,-8.562,5.125,0.3684,-0.8569,-0.2673,0.2415
1781857530932,11616,0.15698,0.64941,-0.72168,0.98347,-0.25,-13.125,1.062,0.367,-0.8575,-0.2691,0.2393
1781857530990,11674,0.16284,0.64453,-0.71924,0.97941,0.188,-14.188,1.312,0.3668,-0.8577,-0.2693,0.2388
1781857530990,11674,0.16943,0.64917,-0.71631,0.98144,1.5,-14.688,1.375,0.3666,-0.8579,-0.2695,0.2383
1781857530991,11675,0.12085,0.65552,-0.73462,0.99195,6.125,-25.625,1.062,0.3658,-0.8597,-0.2713,0.2308
1781857531051,11735,0.11743,0.65869,-0.74927,1.00452,6.312,-27.562,2.688,0.3654,-0.8601,-0.2714,0.2296
1781857531051,11735,0.12305,0.66504,-0.76172,1.01864,3.312,-30.375,6.25,0.3648,-0.8607,-0.2718,0.228
1781857531053,11737,0.12305,0.66504,-0.76172,1.01864,3.312,-30.375,6.25,0.3648,-0.8607,-0.2718,0.228
1781857531111,11795,0.11816,0.64917,-0.729,0.98328,4.188,-46.312,30.688,0.3558,-0.8663,-0.2752,0.2168
1781857531111,11795,0.12158,0.64355,-0.73828,0.98692,4.0,-48.188,31.5,0.3541,-0.8673,-0.2755,0.2153
1781857531111,11795,0.12158,0.64355,-0.73828,0.98692,4.0,-48.188,31.5,0.3541,-0.8673,-0.2755,0.2153
1781857531174,11858,0.1416,0.62744,-0.771,1.00408,-1.062,-25.188,6.312,0.3436,-0.8733,-0.279,0.203
1781857531174,11858,0.1355,0.62671,-0.77539,1.00616,-1.75,-24.0,4.125,0.3431,-0.8736,-0.2794,0.2021
1781857531174,11858,0.10107,0.64136,-0.75488,0.99569,-2.062,-21.438,8.438,0.34,-0.8751,-0.2832,0.1952
1781857531235,11919,0.09741,0.64355,-0.73901,0.98478,-0.25,-22.062,11.688,0.3393,-0.8754,-0.2835,0.1945
1781857531236,11920,0.1123,0.63843,-0.76782,1.00486,0.125,-21.25,13.0,0.3386,-0.8759,-0.2836,0.1938
1781857531236,11920,0.1123,0.63843,-0.76782,1.00486,0.125,-21.25,13.0,0.3386,-0.8759,-0.2836,0.1938
1781857531291,11975,0.08032,0.64722,-0.7439,0.9893,-0.875,-25.062,15.875,0.3323,-0.8785,-0.2863,0.1886
1781857531292,11976,0.08081,0.63916,-0.75586,0.99317,0.438,-26.625,18.625,0.3314,-0.879,-0.2865,0.1878
1781857531292,11976,0.08081,0.63916,-0.75586,0.99317,0.438,-26.625,18.625,0.3314,-0.879,-0.2865,0.1878
1781857531354,12038,0.04468,0.63428,-0.73755,0.9738,6.875,-56.375,44.125,0.3164,-0.8863,-0.2886,0.1756
1781857531354,12038,0.03589,0.625,-0.74072,0.96984,9.375,-61.25,48.375,0.3139,-0.8875,-0.2888,0.1737
1781857531354,12038,-0.01978,0.59912,-0.77417,0.97912,31.75,-134.625,119.0,0.2768,-0.905,-0.2876,0.1459
1781857531410,12094,-0.00635,0.58252,-0.78198,0.97512,34.125,-146.562,131.062,0.2697,-0.9084,-0.2867,0.1402
1781857531410,12094,-0.00098,0.57568,-0.79492,0.98149,36.312,-153.188,138.0,0.2627,-0.9113,-0.2862,0.1355
1781857531411,12095,0.09082,0.54395,-0.88403,1.04194,36.75,-147.125,135.25,0.1834,-0.9393,-0.2775,0.0831
1781857531472,12156,0.09131,0.54639,-0.86768,1.02944,31.438,-134.125,124.625,0.17,-0.9429,-0.276,0.0744
1781857531472,12156,0.09058,0.54761,-0.85938,1.02304,28.938,-127.438,119.562,0.1636,-0.9445,-0.2754,0.0704
1781857531472,12156,0.11353,0.53491,-0.86987,1.02747,10.188,-51.875,52.125,0.127,-0.9526,-0.2716,0.0487
1781857531535,12219,0.10352,0.53833,-0.86914,1.02758,5.25,-26.938,28.312,0.1221,-0.9536,-0.2711,0.0461
1781857531535,12219,0.09424,0.54175,-0.87012,1.02931,3.25,-17.0,19.375,0.121,-0.9537,-0.271,0.0455
1781857531535,12219,-0.00488,0.56519,-0.82935,1.00363,-11.75,23.875,-13.312,0.1239,-0.9527,-0.2728,0.0494
1781857531590,12274,-0.0188,0.56567,-0.82495,1.00044,-12.0,22.875,-12.188,0.1246,-0.9524,-0.2732,0.0502
1781857531590,12274,-0.02588,0.56567,-0.82104,0.99738,-11.625,20.688,-10.812,0.1253,-0.9522,-0.2736,0.051
1781857531591,12275,0.0,0.56836,-0.81592,0.99436,0.375,-5.0,9.062,0.1257,-0.9513,-0.2759,0.0533
1781857531653,12337,-0.0022,0.57007,-0.81445,0.99414,1.562,-6.875,10.375,0.125,-0.9514,-0.2759,0.0531
1781857531653,12337,-0.00391,0.57568,-0.81812,1.00037,2.062,-8.188,11.562,0.1245,-0.9515,-0.2759,0.0529
1781857531653,12337,0.01953,0.57568,-0.82617,1.00715,-2.375,-8.125,11.125,0.1188,-0.9523,-0.2761,0.0509
1781857531710,12394,0.01953,0.57568,-0.82617,1.00715,-2.375,-8.125,11.125,0.1188,-0.9523,-0.2761,0.0509
1781857531710,12394,0.01807,0.57642,-0.82739,1.00854,-3.5,-6.688,8.625,0.1178,-0.9523,-0.2764,0.0505
1781857531711,12395,0.00146,0.57202,-0.82007,0.99986,-10.25,-1.062,3.562,0.1154,-0.9515,-0.2805,0.0499
1781857531771,12455,0.0061,0.57935,-0.8335,1.01508,-10.312,-1.0,3.438,0.1152,-0.9514,-0.2809,0.0499
1781857531771,12455,0.00806,0.57959,-0.83887,1.01965,-11.125,-1.5,2.875,0.1151,-0.9512,-0.2813,0.0499
1781857531772,12456,0.00488,0.58325,-0.79907,0.9893,-17.0,-4.938,3.75,0.1136,-0.9492,-0.2889,0.049
1781857531830,12514,0.00903,0.5957,-0.80493,1.00143,-15.812,-5.25,4.0,0.1134,-0.949,-0.2896,0.0488
1781857531830,12514,-0.04468,0.5603,-0.79443,0.97317,-21.562,-3.688,0.938,0.1132,-0.9488,-0.2904,0.0487
1781857531891,12575,0.02368,0.63379,-0.83618,1.0495,-21.188,-7.25,3.25,0.1106,-0.9463,-0.2999,0.0463
1781857531892,12576,0.00464,0.62012,-0.78149,0.99765,-17.312,-10.75,4.812,0.1103,-0.9461,-0.3007,0.046
1781857531892,12576,-0.00586,0.61255,-0.79443,1.00318,-18.562,-11.5,3.875,0.1099,-0.9459,-0.3015,0.0457
1781857531950,12634,-0.02686,0.62915,-0.76025,0.98719,-27.875,-7.688,-4.812,0.1087,-0.9428,-0.3121,0.043
1781857531950,12634,-0.01733,0.61719,-0.76831,0.98566,-26.5,-6.375,-4.812,0.1087,-0.9423,-0.3132,0.0428
1781857531951,12635,-0.03833,0.67065,-0.77832,1.02812,-15.0,-12.688,-1.438,0.1084,-0.9401,-0.3203,0.0405
1781857532015,12699,-0.03345,0.66699,-0.76758,1.01743,-18.188,-15.125,0.562,0.1081,-0.9398,-0.3214,0.0397
1781857532015,12699,-0.02881,0.65308,-0.76099,1.00321,-20.0,-17.188,2.0,0.1077,-0.9395,-0.3223,0.0391
1781857532015,12699,-0.01489,0.62915,-0.76343,0.98938,-10.938,-14.938,8.562,0.1026,-0.9381,-0.3287,0.0347
1781857532070,12754,-0.01538,0.63281,-0.76514,0.99304,-9.562,-14.188,8.312,0.1021,-0.938,-0.3292,0.0343
1781857532072,12756,-0.01343,0.64648,-0.77051,1.00589,-8.375,-13.875,7.375,0.1016,-0.9379,-0.3296,0.0338
1781857532072,12756,-0.0144,0.65088,-0.75659,0.99814,-14.625,-6.375,0.812,0.0988,-0.9365,-0.3348,0.0303
1781857532138,12822,-0.01489,0.65186,-0.75757,0.99952,-13.688,-5.312,0.938,0.0987,-0.9363,-0.3355,0.0302
1781857532138,12822,-0.021,0.66113,-0.77026,1.0153,-11.625,-3.125,0.5,0.0986,-0.936,-0.3362,0.03
1781857532139,12823,-0.03369,0.64282,-0.76099,0.99672,-4.0,-3.5,4.25,0.0974,-0.9349,-0.3395,0.0296
1781857532190,12874,-0.0249,0.6438,-0.75708,0.99412,-1.25,-4.188,4.688,0.0971,-0.9349,-0.3397,0.0295
1781857532190,12874,-0.02417,0.64819,-0.76147,1.00029,0.5,-4.75,4.688,0.0968,-0.9349,-0.3397,0.0294
1781857532192,12876,-0.02319,0.65991,-0.75684,1.0044,1.562,0.688,2.812,0.0949,-0.9353,-0.3394,0.0291
1781857532250,12934,-0.02539,0.65967,-0.76001,1.00669,1.688,0.875,2.562,0.0948,-0.9353,-0.3394,0.0291
1781857532250,12934,-0.03125,0.65967,-0.76196,1.00833,1.25,1.0,2.188,0.0947,-0.9353,-0.3393,0.0292
1781857532251,12935,-0.02905,0.67236,-0.75488,1.01132,5.812,1.312,3.938,0.0938,-0.9359,-0.3379,0.0298
1781857532315,12999,-0.02441,0.67603,-0.76416,1.02056,4.938,1.438,4.312,0.0936,-0.936,-0.3377,0.0299
1781857532316,13000,-0.02734,0.66797,-0.75562,1.0089,3.375,1.938,5.062,0.0933,-0.9361,-0.3375,0.0301
1781857532316,13000,-0.03931,0.63672,-0.75342,0.98722,15.062,-0.062,5.875,0.0917,-0.9373,-0.3345,0.0309
1781857532371,13055,-0.03931,0.63672,-0.75342,0.98722,15.062,-0.062,5.875,0.0917,-0.9373,-0.3345,0.0309
1781857532371,13055,-0.03467,0.63428,-0.75537,0.98696,17.312,-0.25,6.5,0.0914,-0.9376,-0.3339,0.0309
1781857532371,13055,-0.0332,0.60815,-0.76025,0.97414,46.125,0.875,17.625,0.087,-0.9425,-0.3207,0.0308
1781857532430,13114,-0.02856,0.6084,-0.77368,0.98466,48.875,1.062,18.562,0.0863,-0.9432,-0.3187,0.031
1781857532430,13114,-0.0249,0.6084,-0.77637,0.98667,50.812,0.75,19.5,0.0856,-0.944,-0.3167,0.031
1781857532431,13115,0.00391,0.61646,-0.80176,1.01136,37.5,-0.625,16.812,0.0779,-0.9514,-0.2958,0.0317
1781857532490,13174,0.00854,0.60669,-0.79468,0.99983,36.312,0.312,15.938,0.0773,-0.9519,-0.2944,0.0317
1781857532490,13174,0.01147,0.59912,-0.78857,0.99042,35.812,1.312,15.062,0.0767,-0.9524,-0.2929,0.0319
1781857532491,13175,-0.01245,0.58521,-0.84375,1.02691,40.75,6.5,12.0,0.0729,-0.9574,-0.2768,0.0344
1781857532550,13234,-0.00781,0.57617,-0.84253,1.02073,37.812,5.438,11.938,0.0724,-0.9581,-0.2744,0.0348
1781857532551,13235,-0.00122,0.55933,-0.82861,0.99972,34.625,3.188,10.5,0.0717,-0.9591,-0.2714,0.0352
1781857532552,13236,0.01318,0.53882,-0.854,1.00986,29.25,1.438,8.812,0.0692,-0.9624,-0.2598,0.0358
1781857532613,13297,0.01343,0.53442,-0.84863,1.00298,28.062,0.375,7.875,0.0689,-0.9627,-0.2587,0.0358
1781857532613,13297,0.00684,0.53174,-0.84229,0.99611,27.5,0.312,7.188,0.0686,-0.963,-0.2575,0.0358
1781857532613,13297,0.04346,0.51758,-0.88672,1.02764,19.0,8.625,-1.875,0.0682,-0.9658,-0.2471,0.0372
1781857532670,13354,0.05225,0.51709,-0.88184,1.02359,15.375,9.438,-3.062,0.0686,-0.966,-0.246,0.0377
1781857532670,13354,0.06909,0.50854,-0.89014,1.02749,13.062,10.0,-4.188,0.0689,-0.9661,-0.2455,0.038
1781857532676,13360,0.19897,0.4541,-0.99292,1.10981,2.438,43.0,-26.938,0.077,-0.966,-0.2419,0.0464
1781857532731,13415,0.20581,0.45728,-0.97021,1.09214,-5.562,48.0,-33.438,0.0797,-0.9656,-0.2419,0.0489
1781857532731,13415,0.20142,0.44312,-0.92651,1.04659,-9.438,53.812,-36.875,0.0836,-0.965,-0.2424,0.0526
1781857532731,13415,0.17334,0.48071,-0.98022,1.10543,2.312,67.688,-36.0,0.1046,-0.9619,-0.241,0.0737
1781857532792,13476,0.16553,0.48193,-0.97461,1.09978,-1.5,66.062,-31.375,0.1066,-0.9616,-0.2408,0.0762
1781857532792,13476,0.16821,0.48706,-0.95654,1.08651,-5.375,62.812,-26.0,0.1084,-0.9612,-0.2408,0.0786
1781857532792,13476,0.14355,0.49854,-0.84546,0.99194,-5.25,32.625,28.5,0.111,-0.9589,-0.2416,0.098
1781857532850,13534,0.13623,0.49219,-0.85864,0.99904,-4.25,29.438,29.562,0.1105,-0.9589,-0.2415,0.0988
1781857532850,13534,0.13794,0.50684,-0.86938,1.01575,-2.312,24.688,32.375,0.1095,-0.9589,-0.2414,0.1002
1781857532851,13535,0.16113,0.53613,-0.87866,1.04185,7.625,-6.625,41.0,0.0924,-0.9609,-0.2376,0.107
1781857532910,13594,0.16675,0.53931,-0.87402,1.04047,3.688,-8.438,38.688,0.0907,-0.9611,-0.2373,0.1071
1781857532910,13594,0.16553,0.54858,-0.85645,1.03046,-0.5,-9.688,36.312,0.0891,-0.9613,-0.2372,0.1071
1781857532911,13595,0.19849,0.5271,-0.80664,0.98382,-10.75,0.0,26.125,0.076,-0.9616,-0.2401,0.1085
1781857532972,13656,0.20215,0.53735,-0.81372,0.99587,-9.875,1.188,21.25,0.074,-0.9614,-0.2408,0.1092
1781857532973,13657,0.2085,0.54175,-0.81812,1.00313,-9.312,1.688,20.5,0.0731,-0.9614,-0.2412,0.1095
1781857532974,13658,0.19824,0.56543,-0.82739,1.02156,-27.375,1.812,31.375,0.0639,-0.9601,-0.2471,0.1135
1781857533030,13714,0.20264,0.56909,-0.81934,1.01796,-29.812,0.125,32.375,0.0624,-0.9598,-0.2482,0.114
1781857533030,13714,0.18799,0.56323,-0.81104,1.00516,-32.312,-2.188,32.312,0.0609,-0.9596,-0.2493,0.1144
1781857533031,13715,0.09888,0.52051,-0.79028,0.95145,-20.438,-38.438,61.688,0.035,-0.9586,-0.2595,0.1114
1781857533092,13776,0.10767,0.55176,-0.77466,0.95714,-19.375,-40.312,61.688,0.032,-0.9586,-0.2601,0.1105
1781857533092,13776,0.09668,0.55005,-0.77344,0.95399,-19.625,-42.625,64.375,0.0288,-0.9586,-0.2607,0.1094
1781857533092,13776,0.09668,0.55005,-0.77344,0.95399,-19.625,-42.625,64.375,0.0288,-0.9586,-0.2607,0.1094
1781857533150,13834,0.19336,0.5564,-0.82642,1.01485,-14.438,-38.188,54.375,-0.0037,-0.9591,-0.2655,0.0976
1781857533151,13835,0.19824,0.5647,-0.83423,1.0267,-15.625,-35.875,52.0,-0.0063,-0.959,-0.2659,0.0967
1781857533151,13835,0.19824,0.5647,-0.83423,1.0267,-15.625,-35.875,52.0,-0.0063,-0.959,-0.2659,0.0967
1781857533212,13896,0.22998,0.51611,-0.88354,1.04877,-22.812,2.188,35.938,-0.028,-0.956,-0.2758,0.095
1781857533212,13896,0.23169,0.51685,-0.87744,1.04437,-25.438,2.125,32.812,-0.0295,-0.9556,-0.2766,0.0954
1781857533212,13896,0.26587,0.54175,-0.87671,1.06433,5.75,-0.125,46.312,-0.0454,-0.954,-0.278,0.1019
1781857533270,13954,0.2312,0.55347,-0.83838,1.03085,7.188,-4.75,54.188,-0.0495,-0.9539,-0.277,0.1029
1781857533270,13954,0.28101,0.54419,-0.86426,1.05927,2.25,-6.812,53.062,-0.0541,-0.9539,-0.2761,0.1038
1781857533271,13955,0.28101,0.54419,-0.86426,1.05927,2.25,-6.812,53.062,-0.0541,-0.9539,-0.2761,0.1038
1781857533330,14014,0.28076,0.49902,-0.87988,1.04978,14.25,-1.0,50.438,-0.0685,-0.9534,-0.2735,0.1066
1781857533330,14014,0.28638,0.49976,-0.84985,1.02665,16.312,2.375,47.188,-0.0713,-0.9534,-0.2722,0.1076
1781857533331,14015,0.27148,0.54028,-0.82227,1.02065,7.188,20.125,18.125,-0.0825,-0.9533,-0.2656,0.1168
1781857533391,14075,0.25317,0.5166,-0.80591,0.99018,5.812,19.25,17.75,-0.0832,-0.9531,-0.2652,0.1183
1781857533391,14075,0.25513,0.5249,-0.78101,0.97498,2.625,20.062,17.0,-0.0836,-0.953,-0.2651,0.1193
1781857533391,14075,0.25513,0.5249,-0.78101,0.97498,2.625,20.062,17.0,-0.0836,-0.953,-0.2651,0.1193
1781857533451,14135,0.24463,0.52661,-0.76343,0.95916,8.562,10.062,23.5,-0.0906,-0.9515,-0.2634,0.1294
1781857533451,14135,0.24707,0.52466,-0.76294,0.95832,9.562,8.938,23.062,-0.0914,-0.9515,-0.2629,0.13
1781857533451,14135,0.24707,0.52466,-0.76294,0.95832,9.562,8.938,23.062,-0.0914,-0.9515,-0.2629,0.13
1781857533513,14197,0.24707,0.52466,-0.76294,0.95832,9.562,8.938,23.062,-0.0914,-0.9515,-0.2629,0.13
1781857533513,14197,0.33618,0.53711,-0.82031,1.03654,0.688,9.438,24.625,-0.0998,-0.9507,-0.2598,0.1359
1781857533514,14198,0.31909,0.49731,-0.80469,0.99833,3.062,15.188,24.312,-0.11,-0.9481,-0.2589,0.1476
1781857533573,14257,0.30566,0.50146,-0.80469,0.9962,5.375,13.375,26.438,-0.1117,-0.9478,-0.2583,0.1493
1781857533574,14258,0.30493,0.49683,-0.80542,0.99424,5.875,11.812,28.75,-0.1127,-0.9476,-0.258,0.1502
1781857533574,14258,0.31079,0.48169,-0.79028,0.9763,-2.562,3.375,29.0,-0.1216,-0.9462,-0.2565,0.1546
1781857533639,14323,0.31543,0.48389,-0.79321,0.98124,-2.062,3.562,29.75,-0.1228,-0.946,-0.2565,0.155
1781857533639,14323,0.32031,0.46362,-0.80493,0.98258,-0.188,3.0,27.688,-0.1239,-0.9458,-0.2563,0.1555
1781857533639,14323,0.3147,0.47046,-0.80176,0.98142,5.062,4.062,22.188,-0.1332,-0.9446,-0.2529,0.1605
1781857533692,14376,0.31104,0.47241,-0.80762,0.98598,2.875,3.688,21.25,-0.1348,-0.9444,-0.2523,0.1613
1781857533696,14380,0.3208,0.4646,-0.80103,0.98,1.375,3.375,21.062,-0.1356,-0.9443,-0.2521,0.1616
1781857533697,14381,0.31543,0.46289,-0.81519,0.98909,-0.312,3.688,15.625,-0.1413,-0.9432,-0.2513,0.1643
1781857533751,14435,0.31396,0.46118,-0.80835,0.98219,-1.688,3.25,13.938,-0.1419,-0.9431,-0.2513,0.1645
1781857533751,14435,0.33447,0.45337,-0.81006,0.98672,-5.938,2.75,14.438,-0.1424,-0.9429,-0.2514,0.1647
1781857533752,14436,0.31421,0.4585,-0.78003,0.95781,-3.25,6.125,6.062,-0.1454,-0.9417,-0.2531,0.167
1781857533816,14500,0.30493,0.46094,-0.78003,0.95598,-3.438,6.062,5.75,-0.1456,-0.9415,-0.2532,0.1673
1781857533822,14506,0.2937,0.46582,-0.77148,0.94786,-4.25,5.125,4.938,-0.1458,-0.9414,-0.2535,0.1676
1781857533823,14507,0.26318,0.47705,-0.75171,0.92839,-5.25,-7.312,0.188,-0.1471,-0.9408,-0.2553,0.1667
1781857533870,14554,0.26978,0.48145,-0.75146,0.93235,-5.75,-8.562,-0.625,-0.1472,-0.9408,-0.2556,0.1661
1781857533870,14554,0.27515,0.48682,-0.75684,0.94101,-6.625,-8.875,-1.25,-0.1473,-0.9408,-0.2559,0.1657
1781857533871,14555,0.28149,0.48901,-0.7876,0.96886,-11.0,-2.375,-11.688,-0.146,-0.9406,-0.2601,0.1615
1781857533931,14615,0.28149,0.48901,-0.7876,0.96886,-11.0,-2.375,-11.688,-0.146,-0.9406,-0.2601,0.1615
1781857533931,14615,0.3064,0.49463,-0.77271,0.96727,-12.062,-3.938,-16.438,-0.145,-0.9406,-0.2613,0.1607
1781857533931,14615,0.31274,0.4917,-0.7854,0.97797,-14.5,-7.062,-19.312,-0.1389,-0.9405,-0.2678,0.1557
1781857533990,14674,0.30469,0.48633,-0.77734,0.96624,-13.812,-8.438,-18.875,-0.1384,-0.9405,-0.2684,0.155
1781857533990,14674,0.31201,0.47217,-0.77197,0.9572,-12.0,-10.375,-20.438,-0.1375,-0.9406,-0.2693,0.1539
1781857533994,14678,0.32056,0.51318,-0.81543,1.0154,-8.0,-8.688,-21.188,-0.1309,-0.9415,-0.2733,0.1467
1781857534052,14736,0.32056,0.51318,-0.81543,1.0154,-8.0,-8.688,-21.188,-0.1309,-0.9415,-0.2733,0.1467
1781857534053,14737,0.31348,0.50439,-0.78247,0.98231,-9.875,-8.938,-21.188,-0.1295,-0.9416,-0.2742,0.1454
1781857534053,14737,0.35254,0.46924,-0.81812,1.00687,-3.875,-2.25,-31.625,-0.1207,-0.9424,-0.2787,0.1395
1781857534112,14796,0.34595,0.48877,-0.82031,1.01562,-2.875,-0.188,-31.75,-0.1195,-0.9425,-0.279,0.1391
1781857534112,14796,0.3501,0.47925,-0.82617,1.01725,-1.062,1.938,-32.125,-0.1181,-0.9426,-0.2792,0.1387
1781857534114,14798,0.31665,0.50684,-0.80298,1.00096,-11.5,19.062,-47.938,-0.1,-0.9436,-0.2836,0.1378
1781857534170,14854,0.34375,0.50244,-0.7937,1.00029,-10.5,19.688,-46.062,-0.098,-0.9435,-0.2844,0.1381
1781857534170,14854,0.34131,0.50781,-0.80933,1.01458,-9.562,20.5,-45.562,-0.096,-0.9434,-0.2852,0.1383
1781857534171,14855,0.323,0.52441,-0.78101,0.99464,-8.438,7.812,-31.562,-0.0812,-0.9429,-0.2917,0.1381
1781857534230,14914,0.323,0.52441,-0.78101,0.99464,-8.438,7.812,-31.562,-0.0812,-0.9429,-0.2917,0.1381
1781857534289,14973,0.32544,0.53955,-0.79541,1.01474,-5.188,7.812,-32.562,-0.0778,-0.9428,-0.2929,0.1379
1781857534290,14974,0.27441,0.57056,-0.74683,0.97907,-4.562,-1.062,-24.625,-0.0657,-0.9426,-0.2976,0.1358
1781857534291,14975,0.27441,0.57056,-0.74683,0.97907,-4.562,-1.062,-24.625,-0.0657,-0.9426,-0.2976,0.1358
1781857534291,14975,0.27808,0.56177,-0.76514,0.98911,-3.25,-5.625,-22.0,-0.064,-0.9426,-0.2981,0.1349
1781857534354,15038,0.28882,0.58984,-0.77563,1.01634,1.5,-12.938,-15.312,-0.059,-0.9434,-0.2993,0.1293
1781857534355,15039,0.29517,0.58643,-0.78296,1.02178,2.312,-13.0,-14.0,-0.0583,-0.9436,-0.2993,0.1282
1781857534355,15039,0.30688,0.59375,-0.77881,1.02628,-6.812,3.562,-19.75,-0.0518,-0.944,-0.301,0.1239
1781857534410,15094,0.30249,0.59082,-0.77441,1.01994,-6.5,5.812,-20.062,-0.0505,-0.9439,-0.3016,0.1239
1781857534411,15095,0.30078,0.5896,-0.77661,1.0204,-5.188,7.125,-20.5,-0.0491,-0.9437,-0.3022,0.1239
1781857534411,15095,0.26318,0.60449,-0.77271,1.01575,-4.0,4.375,-15.438,-0.0412,-0.9432,-0.3048,0.1243
1781857534470,15154,0.26025,0.6062,-0.76147,1.0075,-4.812,3.375,-14.875,-0.0405,-0.9432,-0.3051,0.1243
1781857534470,15154,0.25317,0.60449,-0.76123,1.00448,-5.312,2.312,-13.875,-0.04,-0.9431,-0.3054,0.1242
1781857534471,15155,0.23242,0.55737,-0.75732,0.96862,-4.0,-9.938,-5.812,-0.0369,-0.9427,-0.3082,0.1214
1781857534529,15213,0.21069,0.58789,-0.74902,0.97521,-1.062,-12.25,-4.0,-0.0368,-0.9428,-0.3084,0.1203
1781857534530,15214,0.20972,0.59888,-0.75,0.98241,-0.125,-13.5,-3.125,-0.0369,-0.9429,-0.3085,0.1195
1781857534531,15215,0.15161,0.60889,-0.72925,0.96205,-5.688,-16.125,-5.062,-0.0374,-0.9429,-0.3106,0.1133
1781857534590,15274,0.19287,0.57373,-0.77661,0.98463,-6.5,-15.0,-7.812,-0.0373,-0.9429,-0.3109,0.1122
1781857534590,15274,0.16333,0.61279,-0.74731,0.98014,-7.062,-15.625,-9.125,-0.0371,-0.9429,-0.3113,0.1114
1781857534591,15275,0.15283,0.60352,-0.76587,0.98699,0.625,-18.688,-11.938,-0.0366,-0.9433,-0.3128,0.1036
1781857534650,15334,0.16895,0.58569,-0.79932,1.00523,0.812,-19.25,-11.75,-0.0363,-0.9436,-0.3127,0.1016
1781857534652,15336,0.15601,0.61475,-0.79492,1.01693,-0.125,-20.125,-12.25,-0.0359,-0.9437,-0.3128,0.1001
1781857534652,15336,0.18286,0.6665,-0.771,1.03542,-1.062,-27.875,-8.125,-0.0349,-0.9448,-0.313,0.0891
1781857534709,15393,0.14893,0.62524,-0.77271,1.00508,0.0,-29.062,-6.75,-0.035,-0.9449,-0.313,0.0878
1781857534710,15394,0.1875,0.60889,-0.80103,1.02349,-2.125,-25.875,-7.188,-0.0352,-0.9451,-0.3131,0.086
1781857534711,15395,0.16138,0.64893,-0.77051,1.02021,-3.188,-11.125,-16.562,-0.0328,-0.9453,-0.3143,0.079
1781857534770,15454,0.14893,0.5979,-0.82764,1.03182,-1.312,-11.562,-14.938,-0.0324,-0.9454,-0.3143,0.0783
1781857534770,15454,0.16309,0.61987,-0.82007,1.04084,-2.188,-10.812,-15.438,-0.0319,-0.9454,-0.3145,0.0776
1781857534830,15514,0.16211,0.6145,-0.77173,0.99973,-3.312,-11.125,-12.5,-0.0281,-0.9454,-0.3164,0.0714
1781857534831,15515,0.1626,0.59546,-0.79126,1.00354,-2.875,-9.25,-12.188,-0.0276,-0.9454,-0.3166,0.0705
1781857534831,15515,0.15039,0.6189,-0.78906,1.01404,-2.312,-9.5,-12.125,-0.0272,-0.9454,-0.3167,0.07
1781857534890,15574,0.13989,0.59937,-0.79175,1.00283,-1.75,-10.062,-10.75,-0.0242,-0.9454,-0.318,0.0653
1781857534890,15574,0.14185,0.60425,-0.78711,1.00239,-2.312,-10.5,-11.438,-0.0235,-0.9454,-0.3182,0.0642
1781857534891,15575,0.14551,0.61011,-0.79346,1.01142,-1.875,-5.75,-14.312,-0.0195,-0.9455,-0.3193,0.0588
1781857534952,15636,0.13916,0.60693,-0.78955,1.00555,-2.312,-5.062,-14.062,-0.0184,-0.9455,-0.3196,0.0581
1781857534953,15637,0.13989,0.60181,-0.78784,1.00122,-1.5,-4.312,-13.188,-0.0175,-0.9454,-0.3198,0.0573
1781857534953,15637,0.13452,0.60376,-0.79224,1.00512,2.5,-5.562,-9.812,-0.0144,-0.9457,-0.3197,0.0547
1781857535010,15694,0.13354,0.60522,-0.78833,1.00279,2.312,-6.188,-9.375,-0.014,-0.9458,-0.3195,0.0544
1781857535010,15694,0.13574,0.60474,-0.78564,1.00068,1.812,-6.312,-9.25,-0.0137,-0.9458,-0.3195,0.054
1781857535011,15695,0.13037,0.60864,-0.78149,0.99909,-2.125,-1.875,-8.125,-0.0111,-0.9459,-0.3198,0.0513
1781857535071,15755,0.12427,0.60547,-0.77539,0.9916,-2.312,-1.812,-8.062,-0.0108,-0.9459,-0.32,0.0511
1781857535071,15755,0.12061,0.60864,-0.77563,0.99328,-2.125,-2.062,-7.875,-0.0106,-0.9459,-0.3201,0.0509
1781857535072,15756,0.10327,0.60669,-0.77051,0.98611,0.75,-7.188,-1.125,-0.0093,-0.9459,-0.3203,0.0485
1781857535137,15821,0.10693,0.60718,-0.77026,0.98661,0.938,-7.438,-1.125,-0.0093,-0.9459,-0.3203,0.0482
1781857535137,15821,0.10815,0.61401,-0.76685,0.98831,1.812,-7.25,-1.0,-0.0094,-0.946,-0.3202,0.0479
1781857535139,15823,0.10498,0.63208,-0.78076,1.01002,5.938,0.0,-5.188,-0.0085,-0.9465,-0.3188,0.0463
1781857535190,15874,0.10303,0.63965,-0.78247,1.01589,5.062,1.125,-4.562,-0.0081,-0.9467,-0.3184,0.0462
1781857535190,15874,0.10034,0.63672,-0.78198,1.0134,3.875,1.312,-4.5,-0.0079,-0.9467,-0.3182,0.0462
1781857535191,15875,0.10034,0.63672,-0.78198,1.0134,3.875,1.312,-4.5,-0.0079,-0.9467,-0.3182,0.0462
1781857535252,15936,0.07666,0.62134,-0.78052,1.00057,4.25,-1.812,-0.25,-0.0067,-0.9471,-0.3173,0.0461
1781857535252,15936,0.0791,0.61963,-0.77368,0.99437,4.25,-2.312,0.0,-0.0067,-0.9472,-0.3171,0.046
1781857535252,15936,0.0791,0.61963,-0.77368,0.99437,4.25,-2.312,0.0,-0.0067,-0.9472,-0.3171,0.046
1781857535310,15994,0.06885,0.61572,-0.77905,0.99538,9.25,-2.625,1.062,-0.0074,-0.9483,-0.3138,0.0446
1781857535310,15994,0.06738,0.61865,-0.77637,0.995,8.375,-2.562,0.562,-0.0075,-0.9484,-0.3134,0.0444
1781857535310,15994,0.04126,0.61304,-0.76855,0.98397,2.438,-4.875,-5.438,-0.0065,-0.949,-0.312,0.0422
1781857535377,16061,0.03638,0.60645,-0.76514,0.977,4.062,-5.375,-6.0,-0.0061,-0.9492,-0.3117,0.0415
1781857535377,16061,0.03198,0.61353,-0.77002,0.98507,4.938,-5.438,-6.25,-0.0058,-0.9492,-0.3115,0.0411
1781857535379,16063,0.03198,0.61353,-0.77002,0.98507,4.938,-5.438,-6.25,-0.0058,-0.9492,-0.3115,0.0411
1781857535429,16113,0.03198,0.61353,-0.77002,0.98507,4.938,-5.438,-6.25,-0.0058,-0.9492,-0.3115,0.0411
1781857535429,16113,0.0166,0.62524,-0.80005,1.01552,0.562,-11.688,-7.625,-0.0039,-0.9498,-0.3103,0.0369
1781857535431,16115,0.01855,0.61499,-0.80688,1.0147,0.0,-14.812,-7.688,-0.0026,-0.9496,-0.3118,0.028
1781857535493,16177,0.02124,0.6123,-0.80884,1.01469,0.312,-14.438,-7.5,-0.0025,-0.9497,-0.3118,0.0273
1781857535493,16177,0.021,0.60669,-0.80859,1.01111,0.938,-13.75,-8.0,-0.0023,-0.9497,-0.3118,0.0266
1781857535494,16178,0.021,0.59375,-0.80859,1.0034,-1.062,-11.312,-10.562,-0.0006,-0.95,-0.3113,0.0208
1781857535550,16234,0.00708,0.58472,-0.79492,0.98684,-2.688,-11.312,-11.562,0.0,-0.95,-0.3114,0.0198
1781857535550,16234,0.01855,0.5896,-0.79028,0.98616,0.25,-10.0,-9.5,0.0001,-0.95,-0.3115,0.0192
1781857535551,16235,0.02441,0.60425,-0.81836,1.01756,-4.125,-8.0,-11.5,0.0036,-0.9501,-0.3112,0.0134
1781857535614,16298,0.02222,0.60059,-0.81299,1.01101,-5.062,-8.0,-12.062,0.004,-0.9501,-0.3114,0.013
1781857535614,16298,0.02515,0.604,-0.80615,1.00764,-5.375,-7.625,-12.562,0.0043,-0.95,-0.3117,0.0125
1781857535614,16298,0.03809,0.61865,-0.81079,1.02057,-6.25,-4.312,-16.312,0.0085,-0.9494,-0.3135,0.009
1781857535676,16360,0.03931,0.62231,-0.80566,1.01878,-6.875,-3.312,-16.812,0.0098,-0.9492,-0.3141,0.0083
1781857535676,16360,0.03882,0.61987,-0.80249,1.01476,-7.0,-3.062,-17.188,0.0104,-0.9491,-0.3144,0.008
1781857535676,16360,0.02832,0.62354,-0.8103,1.02283,-11.25,-3.562,-14.0,0.016,-0.9478,-0.3181,0.0051
1781857535730,16414,0.02832,0.62354,-0.8103,1.02283,-11.25,-3.562,-14.0,0.016,-0.9478,-0.3181,0.0051
1781857535731,16415,0.03003,0.61768,-0.80249,1.01312,-11.312,-3.938,-12.5,0.0167,-0.9476,-0.3187,0.0046
1781857535731,16415,0.03271,0.65259,-0.83667,1.06158,-4.75,-4.688,-6.188,0.0198,-0.9466,-0.3214,0.002
1781857535791,16475,0.03003,0.646,-0.84668,1.0654,-9.375,-7.312,-6.5,0.0199,-0.9465,-0.3217,0.0017
1781857535791,16475,0.02148,0.63574,-0.80566,1.02651,-16.062,-7.562,-7.562,0.0201,-0.9463,-0.3223,0.0012
1781857535791,16475,0.01123,0.62207,-0.77979,0.99758,-14.688,0.5,-10.25,0.0235,-0.9441,-0.3286,0.0
1781857535850,16534,0.01123,0.62207,-0.77979,0.99758,-14.688,0.5,-10.25,0.0235,-0.9441,-0.3286,0.0
1781857535850,16534,0.0105,0.61401,-0.77173,0.98625,-13.0,-0.062,-9.438,-0.0245,0.9436,0.33,0.0001
1781857535850,16534,0.00146,0.64478,-0.79565,1.02411,-0.75,-2.375,-3.0,-0.0269,0.9429,0.3316,0.0009
1781857535909,16593,0.00146,0.64478,-0.79565,1.02411,-0.75,-2.375,-3.0,-0.0269,0.9429,0.3316,0.0009
1781857535910,16594,0.01074,0.65137,-0.79199,1.0255,-3.125,-2.75,-1.938,-0.0269,0.9428,0.3319,0.0012
1781857535911,16595,0.01318,0.63135,-0.77393,0.99887,-8.438,1.188,-1.562,-0.0274,0.9418,0.3347,0.0015
1781857535970,16654,0.01318,0.63135,-0.77393,0.99887,-8.438,1.188,-1.562,-0.0274,0.9418,0.3347,0.0015
1781857535970,16654,0.00342,0.64014,-0.78491,1.01285,-5.375,2.125,-1.312,-0.0276,0.9416,0.3353,0.0014
1781857535973,16657,-0.00391,0.63867,-0.7832,1.01061,-6.938,-1.0,2.812,-0.0273,0.9407,0.3379,0.001
1781857536037,16721,-0.00415,0.63574,-0.78101,1.00705,-7.125,-1.0,3.188,-0.0271,0.9406,0.3381,0.001
1781857536037,16721,-0.00464,0.63379,-0.77002,0.99732,-6.375,-0.875,3.938,-0.0269,0.9404,0.3386,0.0009
1781857536038,16722,-0.01172,0.64453,-0.77905,1.01118,-2.812,0.688,3.188,-0.0252,0.94,0.34,0.0001
1781857536092,16776,-0.01172,0.64453,-0.77905,1.01118,-2.812,0.688,3.188,-0.0252,0.94,0.34,0.0001
1781857536093,16777,-0.01123,0.6543,-0.77881,1.01724,-3.062,0.312,2.25,-0.0251,0.9399,0.3402,0.0001
1781857536093,16777,-0.01538,0.6897,-0.77661,1.03877,-16.188,2.5,-6.125,0.026,-0.9387,-0.3434,0.0003
1781857536152,16836,-0.02075,0.69946,-0.77417,1.04356,-18.75,2.25,-7.125,0.0263,-0.9384,-0.3442,0.0003
1781857536153,16837,-0.02075,0.70947,-0.76855,1.04616,-23.75,1.375,-9.062,0.0269,-0.9379,-0.3455,0.0003
1781857536153,16837,-0.03516,0.73535,-0.71045,1.02309,-57.625,-5.812,-15.062,-0.0322,0.931,0.3633,0.0021
1781857536211,16895,-0.03638,0.73486,-0.70117,1.01636,-58.875,-6.75,-14.5,-0.0327,0.9301,0.3657,0.0026
1781857536213,16897,-0.04395,0.73364,-0.698,1.01359,-60.375,-7.25,-13.875,-0.0332,0.9291,0.3681,0.003
1781857536213,16897,-0.06201,0.6958,-0.63696,0.94536,-41.312,-18.75,-17.188,-0.0363,0.9202,0.3892,0.0093
1781857536270,16954,-0.06494,0.7002,-0.64526,0.95439,-37.875,-20.062,-20.438,-0.0368,0.9196,0.3908,0.0103
1781857536270,16954,-0.12036,0.72241,-0.6748,0.99586,-33.438,-18.0,-21.75,-0.038,0.9183,0.3936,0.0126
1781857536271,16955,-0.09253,0.68628,-0.60474,0.91937,-0.25,-13.438,0.375,-0.039,0.9149,0.401,0.0197
1781857536332,17016,-0.09473,0.69189,-0.60693,0.92523,3.875,-11.312,1.125,-0.0387,0.915,0.4009,0.0202
1781857536332,17016,-0.09497,0.70752,-0.604,0.93511,9.938,-8.812,2.75,-0.0383,0.9151,0.4005,0.0207
1781857536332,17016,-0.05127,0.70239,-0.63672,0.94942,17.062,-14.5,-25.062,-0.0389,0.9181,0.3933,0.025
1781857536390,17074,-0.01489,0.68872,-0.60229,0.91505,9.688,-30.75,-39.188,-0.0402,0.9183,0.3926,0.0273
1781857536390,17074,-0.03125,0.69336,-0.59473,0.91402,12.562,-40.75,-56.25,-0.0429,0.9183,0.3918,0.0318
1781857536399,17083,-0.1936,0.70776,-0.75073,1.04977,3.125,-84.688,-135.688,-0.0676,0.9166,0.3867,0.0732
1781857536454,17138,-0.21729,0.73877,-0.76147,1.08298,-5.812,-84.812,-137.188,-0.0716,0.9159,0.3867,0.0788
1781857536455,17139,-0.29468,0.79126,-0.77344,1.14505,-24.375,-78.875,-133.438,-0.0797,0.9138,0.3876,0.0897
1781857536455,17139,-0.46387,0.65698,-0.67212,1.04811,-110.75,-86.062,-84.812,-0.1044,0.8982,0.4074,0.1269
1781857536510,17194,-0.28198,0.6377,-0.56494,0.8974,-107.562,-76.812,-132.812,-0.1118,0.8923,0.4152,0.1367
1781857536510,17194,-0.34131,0.70312,-0.50854,0.93247,-97.438,-64.938,-137.062,-0.1187,0.8879,0.4204,0.1435
1781857536511,17195,-0.44238,0.66187,-0.54688,0.96584,-59.438,-82.125,-154.312,-0.1546,0.8681,0.4352,0.1812
1781857536571,17255,-0.49219,0.76758,-0.52295,1.05114,-78.188,-113.625,-183.75,-0.1676,0.8598,0.4396,0.1976
1781857536579,17263,-0.55054,0.71045,-0.53711,1.04705,-81.688,-130.188,-173.062,-0.1749,0.8539,0.4432,0.2087
1781857536579,17263,-0.62183,0.73706,-0.45361,1.06569,-46.688,13.625,13.875,-0.1945,0.8322,0.4623,0.2356
1781857536629,17313,-0.5249,0.64502,-0.43408,0.93808,-28.562,12.812,12.5,-0.1947,0.8312,0.4656,0.2327
1781857536630,17314,-0.54321,0.63818,-0.43823,0.94573,-18.812,13.812,6.938,-0.1948,0.8309,0.4664,0.2319
1781857536631,17315,-0.5,0.71387,-0.46729,0.98892,-2.938,35.0,16.0,-0.1949,0.8344,0.4665,0.2189
1781857536690,17374,-0.5,0.71387,-0.46729,0.98892,-2.938,35.0,16.0,-0.1949,0.8344,0.4665,0.2189
1781857536691,17375,-0.46436,0.68384,-0.479,0.95536,0.062,38.688,8.375,-0.1953,0.8348,0.4663,0.2174
1781857536691,17375,-0.47876,0.55518,-0.45166,0.86106,-19.562,42.438,-34.375,-0.2157,0.8305,0.4716,0.2025
1781857536750,17434,-0.48584,0.60913,-0.47241,0.91118,-13.312,46.938,-29.688,-0.2201,0.8301,0.4713,0.2003
1781857536750,17434,-0.47803,0.6582,-0.4873,0.94827,-4.25,50.562,-27.0,-0.2232,0.8301,0.4706,0.1984
1781857536751,17435,-0.48486,0.68481,-0.55981,1.00869,-5.625,69.688,-22.938,-0.2396,0.8319,0.4656,0.1832
1781857536810,17494,-0.5542,0.64453,-0.57349,1.0254,-15.188,94.938,-28.312,-0.2451,0.8322,0.4641,0.1779
1781857536812,17496,-0.53906,0.64746,-0.57764,1.0215,-23.5,104.438,-31.875,-0.2484,0.8323,0.4635,0.1746
1781857536812,17496,-0.50854,0.69971,-0.46777,0.98337,-30.0,117.5,-51.562,-0.287,0.8278,0.4603,0.1421
1781857536869,17553,-0.49902,0.6687,-0.46777,0.95656,-26.75,114.688,-40.562,-0.291,0.8275,0.4595,0.1386
1781857536870,17554,-0.52588,0.69092,-0.46997,0.98731,-20.438,110.125,-26.312,-0.2944,0.8273,0.4588,0.1349
1781857536871,17555,-0.45068,0.78491,-0.4939,1.03109,-52.688,-4.688,33.562,-0.2991,0.8249,0.469,0.0992
1781857536931,17615,-0.4436,0.77124,-0.53027,1.03575,-58.062,-6.812,28.312,-0.2981,0.8241,0.4712,0.0982
1781857536932,17616,-0.46265,0.74854,-0.57861,1.05316,-60.125,-7.938,23.438,-0.2974,0.8232,0.4735,0.0972
1781857536936,17620,-0.40405,0.74927,-0.47729,0.97595,-139.625,-49.938,81.25,-0.2863,0.8099,0.5045,0.0852
1781857536991,17675,-0.29956,0.71313,-0.34277,0.84604,-162.438,-66.75,100.688,-0.2822,0.8074,0.5111,0.0833
1781857536991,17675,-0.28198,0.67847,-0.34009,0.80962,-195.25,-89.062,127.938,-0.2768,0.8045,0.5189,0.0812
1781857536991,17675,-0.30225,0.93677,0.05444,0.98582,-380.312,-91.188,231.312,-0.1961,0.7415,0.6403,0.0385
1781857537053,17737,-0.24683,1.10181,0.21899,1.15016,-341.188,-91.688,234.812,-0.1866,0.7332,0.6529,0.0319
1781857537053,17737,-0.23486,1.12817,0.24902,1.17896,-274.375,-88.375,227.938,-0.1771,0.7266,0.6632,0.0259
1781857537053,17737,-0.23486,1.12817,0.24902,1.17896,-274.375,-88.375,227.938,-0.1771,0.7266,0.6632,0.0259
1781857537111,17795,-0.16724,1.07422,0.11768,1.09351,-143.438,12.062,69.062,0.137,-0.6935,-0.7069,0.0189
1781857537111,17795,-0.15039,1.04956,0.17798,1.07511,-151.312,4.25,68.812,0.135,-0.6893,-0.7113,0.022
1781857537111,17795,-0.14111,0.7395,0.11523,0.76161,-275.062,59.438,131.562,0.1085,-0.6226,-0.7711,0.0765
1781857537170,17854,-0.09375,0.74463,0.04858,0.75208,-303.062,46.5,133.875,0.103,-0.604,-0.7849,0.0908
1781857537170,17854,-0.03955,0.73242,-0.00977,0.73355,-337.438,30.5,139.875,0.0955,-0.5831,-0.7999,0.1042
1781857537170,17854,0.35132,1.5249,0.90845,1.80943,-258.5,69.5,66.938,0.0562,-0.4732,-0.8654,0.1542
1781857537230,17914,0.28271,1.21387,1.12231,1.6772,-145.375,103.375,23.375,0.0578,-0.466,-0.8685,0.1578
1781857537230,17914,0.15845,0.83545,1.07422,1.37005,-53.062,127.875,-10.062,0.062,-0.462,-0.8699,0.1603
1781857537230,17914,-0.0332,0.84033,0.55322,1.00664,-14.875,24.5,-9.125,0.0827,-0.4622,-0.8661,0.1709
1781857537289,17973,-0.04199,0.83838,0.57178,1.01566,-8.875,25.5,-6.938,0.0847,-0.4608,-0.8665,0.1713
1781857537290,17974,-0.06396,0.79785,0.56006,0.9769,3.875,28.812,0.75,0.088,-0.46,-0.8661,0.1741
1781857537291,17975,-0.06396,0.79785,0.56006,0.9769,3.875,28.812,0.75,0.088,-0.46,-0.8661,0.1741
1781857537351,18035,-0.12378,0.80811,0.45435,0.9353,46.375,9.062,-7.75,0.0971,-0.4658,-0.861,0.1789
1781857537352,18036,-0.15063,0.77759,0.41846,0.89579,49.375,19.812,-13.875,0.0985,-0.4675,-0.8601,0.1785
1781857537352,18036,-0.15063,0.77759,0.41846,0.89579,49.375,19.812,-13.875,0.0985,-0.4675,-0.8601,0.1785
1781857537409,18093,-0.01611,0.82568,0.5083,0.96973,62.562,37.75,-11.625,0.116,-0.4866,-0.8464,0.182
1781857537410,18094,-0.03247,0.87891,0.51514,1.01926,64.0,48.0,-23.5,0.1217,-0.49,-0.8435,0.1827
1781857537411,18095,-0.03247,0.87891,0.51514,1.01926,64.0,48.0,-23.5,0.1217,-0.49,-0.8435,0.1827
1781857537471,18155,-0.19458,0.90039,0.44019,1.02094,65.375,108.5,-90.25,0.1809,-0.5037,-0.8261,0.1755
1781857537471,18155,-0.21851,0.93188,0.4585,1.06131,69.062,111.312,-88.938,0.1873,-0.5046,-0.8244,0.1742
1781857537471,18155,-0.29102,0.95361,0.62183,1.17505,-18.375,67.5,-30.438,0.2369,-0.5032,-0.8128,0.1725
1781857537530,18214,-0.31079,0.90918,0.59619,1.13077,-35.125,62.0,-35.938,0.2407,-0.5004,-0.8134,0.1726
1781857537530,18214,-0.31421,0.88989,0.57861,1.10699,-40.312,61.0,-42.688,0.2434,-0.4981,-0.8139,0.1729
1781857537531,18215,-0.13818,0.70435,0.76196,1.0468,-34.938,131.25,-1.5,0.2659,-0.4742,-0.8213,0.1722
1781857537594,18278,-0.13818,0.70435,0.76196,1.0468,-34.938,131.25,-1.5,0.2659,-0.4742,-0.8213,0.1722
1781857537594,18278,-0.30273,0.89429,0.59717,1.11714,-22.938,190.438,9.062,0.277,-0.4702,-0.8182,0.1799
1781857537595,18279,-0.43872,0.84521,0.29395,0.99663,-34.062,149.25,-11.75,0.3418,-0.4398,-0.8043,0.2061
1781857537651,18335,-0.42651,0.81494,0.33643,0.9794,-14.875,151.875,-4.438,0.351,-0.4362,-0.8014,0.2098
1781857537651,18335,-0.40918,0.76855,0.35425,0.94,-1.0,149.062,-10.188,0.3588,-0.4337,-0.7982,0.2137
1781857537652,18336,-0.40918,0.76855,0.35425,0.94,-1.0,149.062,-10.188,0.3588,-0.4337,-0.7982,0.2137
1781857537709,18393,-0.40918,0.76855,0.35425,0.94,-1.0,149.062,-10.188,0.3588,-0.4337,-0.7982,0.2137
1781857537710,18394,-0.37402,0.87231,0.29175,0.99295,-7.812,103.75,16.0,0.3981,-0.4232,-0.7809,0.2286
1781857537770,18454,-0.4856,0.83594,0.30396,1.0134,17.562,109.0,-4.562,0.4292,-0.4176,-0.7625,0.2443
1781857537770,18454,-0.50122,0.84839,0.27759,1.02374,26.188,114.188,-2.375,0.4364,-0.4175,-0.7581,0.2455
1781857537771,18455,-0.52319,0.85791,0.25415,1.0365,27.938,114.75,2.312,0.4404,-0.4172,-0.7554,0.2471
1781857537830,18514,-0.52319,0.85791,0.25415,1.0365,27.938,114.75,2.312,0.4404,-0.4172,-0.7554,0.2471
1781857537830,18514,-0.42114,0.83081,0.12598,0.93993,37.938,128.5,20.438,0.4807,-0.4224,-0.7203,0.267
1781857537831,18515,-0.46362,0.87378,0.11279,0.99557,-3.812,97.375,16.875,0.5101,-0.4185,-0.6924,0.2915
1781857537890,18574,-0.45264,0.80615,0.08008,0.92799,-17.0,90.812,26.062,0.5127,-0.4177,-0.6898,0.2942
1781857537890,18574,-0.42139,0.84961,0.09131,0.95275,-22.25,83.75,25.188,0.5145,-0.4166,-0.6879,0.2969
1781857537891,18575,-0.60645,0.81787,0.09888,1.02297,-14.375,0.688,18.375,0.5167,-0.4132,-0.6822,0.3108
1781857537951,18635,-0.60645,0.81787,0.09888,1.02297,-14.375,0.688,18.375,0.5167,-0.4132,-0.6822,0.3108
1781857537951,18635,-0.56299,0.80151,0.14819,0.99063,-14.938,-32.062,12.938,0.5134,-0.4139,-0.6839,0.3116
1781857537951,18635,-0.44067,0.79517,0.0813,0.91274,29.812,-78.125,7.625,0.4948,-0.4244,-0.6961,0.3005
1781857538011,18695,-0.44067,0.79517,0.0813,0.91274,29.812,-78.125,7.625,0.4948,-0.4244,-0.6961,0.3005
1781857538013,18697,-0.39478,0.83057,0.10864,0.92601,35.25,-68.25,8.688,0.4915,-0.4281,-0.6974,0.2976
1781857538013,18697,-0.35156,0.92041,0.12671,0.99338,39.938,-42.5,1.875,0.4786,-0.4487,-0.7001,0.2814
1781857538069,18753,-0.3479,0.90576,0.11084,0.97659,32.25,-38.875,1.062,0.4771,-0.4517,-0.7003,0.2787
1781857538070,18754,-0.31372,0.97339,0.12231,1.02998,33.688,-38.562,-0.625,0.4763,-0.4533,-0.7004,0.2773
1781857538071,18755,-0.35596,0.97266,0.0481,1.03686,23.125,-36.875,2.688,0.4702,-0.4638,-0.7011,0.2681
1781857538135,18819,-0.35571,0.95898,0.03442,1.02341,25.062,-39.5,1.5,0.4692,-0.4651,-0.7014,0.2669
1781857538135,18819,-0.35596,0.98853,0.01392,1.05075,25.5,-45.562,4.875,0.4678,-0.4671,-0.7017,0.2651
1781857538135,18819,-0.46509,0.93726,-0.00928,1.04635,64.938,-95.438,-2.562,0.4511,-0.4877,-0.7065,0.2434
1781857538192,18876,-0.46606,0.94434,-0.00684,1.05311,66.562,-98.812,-2.438,0.45,-0.4892,-0.7067,0.2416
1781857538192,18876,-0.4668,0.9353,-0.01538,1.04543,73.062,-117.438,-3.625,0.4445,-0.4965,-0.7079,0.2332
1781857538192,18876,-0.40015,0.95679,-0.00122,1.03709,88.5,-147.375,17.938,0.4117,-0.5325,-0.7139,0.1925
1781857538249,18933,-0.38892,0.96484,0.00806,1.04031,87.0,-146.312,21.5,0.4047,-0.5398,-0.7141,0.1858
1781857538250,18934,-0.39819,0.97119,0.01074,1.04971,86.562,-146.25,22.125,0.4025,-0.5419,-0.7143,0.1837
1781857538251,18935,-0.46997,0.92456,0.14478,1.04721,56.688,-184.312,14.312,0.3645,-0.5711,-0.7201,0.149
1781857538310,18994,-0.4458,0.90967,0.12988,1.02132,50.625,-189.562,17.312,0.3585,-0.5742,-0.7216,0.1441
1781857538314,18998,-0.39429,0.9082,0.12671,0.99817,41.438,-194.438,21.75,0.3474,-0.5791,-0.7248,0.1359
1781857538314,18998,-0.35425,0.89478,0.1499,0.97395,25.312,-188.562,50.688,0.293,-0.5979,-0.7387,0.1036
1781857538371,19055,-0.31909,0.89355,0.16772,0.96353,26.5,-181.25,55.625,0.2823,-0.6013,-0.7408,0.0986
1781857538372,19056,-0.30664,0.91284,0.1814,0.9799,32.312,-162.688,57.625,0.2703,-0.6052,-0.7426,0.0946
1781857538373,19057,-0.1936,0.97119,0.13745,0.99979,12.25,-37.25,54.375,0.2323,-0.6212,-0.7429,0.0886
1781857538429,19113,-0.16016,0.96558,0.13501,0.98804,9.125,-21.812,52.875,0.2301,-0.6221,-0.7427,0.0895
1781857538430,19114,-0.12476,0.94971,0.06006,0.95975,10.312,15.75,52.062,0.2274,-0.6238,-0.7418,0.0927
1781857538431,19115,-0.13428,0.8667,0.13037,0.88668,10.062,129.0,83.625,0.2395,-0.63,-0.7266,0.1329
1781857538496,19180,-0.16431,0.86523,0.15332,0.89394,4.875,119.625,104.188,0.2411,-0.6315,-0.7219,0.1467
1781857538496,19180,-0.177,0.86646,0.1521,0.89733,2.812,115.375,112.0,0.2418,-0.632,-0.72,0.1531
1781857538496,19180,-0.15063,1.10083,0.06714,1.11312,25.312,77.938,117.312,0.2357,-0.6397,-0.7036,0.1999
1781857538550,19234,-0.16016,1.11768,0.07104,1.13133,36.625,72.0,110.188,0.2352,-0.6412,-0.7009,0.2049
1781857538550,19234,-0.17725,1.08643,0.12622,1.108,38.938,65.312,80.75,0.2337,-0.6445,-0.6962,0.212
1781857538550,19234,-0.08569,1.01904,0.14209,1.03246,-20.938,29.688,4.875,0.2386,-0.6431,-0.6904,0.2292
1781857538615,19299,-0.0647,1.00806,0.13452,1.01905,-20.0,22.375,0.812,0.239,-0.6423,-0.6907,0.2301
1781857538617,19301,-0.05713,1.00195,0.13794,1.01302,-18.25,15.562,-3.438,0.2394,-0.6415,-0.691,0.2307
1781857538617,19301,0.07129,1.0332,0.15796,1.04764,-39.062,-8.0,-39.188,0.2427,-0.6326,-0.6998,0.2255
1781857538670,19354,0.07129,1.0332,0.15796,1.04764,-39.062,-8.0,-39.188,0.2427,-0.6326,-0.6998,0.2255
1781857538670,19354,0.09668,1.03857,0.17627,1.05785,-46.062,-3.125,-48.312,0.2454,-0.6259,-0.7058,0.2227
1781857538671,19355,0.06689,1.02588,0.18433,1.04445,-21.75,8.75,-38.625,0.2533,-0.6135,-0.7157,0.2167
1781857538733,19417,0.06299,1.06006,0.1897,1.07874,-20.562,13.375,-40.438,0.2556,-0.6111,-0.7173,0.2155
1781857538733,19417,0.05566,1.06885,0.18945,1.08693,-23.0,17.938,-43.688,0.2576,-0.6091,-0.7185,0.2145
1781857538733,19417,0.01245,1.02417,0.15674,1.03617,-35.438,26.688,-46.0,0.2724,-0.5941,-0.7267,0.2109
1781857538790,19474,0.00537,1.0144,0.15356,1.02598,-35.0,23.062,-42.312,0.2755,-0.5905,-0.7286,0.2104
1781857538790,19474,0.00537,1.01294,0.14014,1.0226,-34.0,19.688,-36.938,0.2778,-0.5871,-0.7307,0.2095
1781857538790,19474,-0.01978,1.01489,0.11597,1.02169,-21.438,1.188,-23.312,0.2835,-0.5769,-0.7373,0.207
1781857538856,19540,-0.02075,0.99976,0.1167,1.00676,-19.375,-1.5,-21.312,0.2838,-0.5761,-0.738,0.2066
1781857538856,19540,-0.01392,0.98877,0.11621,0.99567,-14.75,-5.438,-16.875,0.2839,-0.5751,-0.7389,0.2059
1781857538856,19540,-0.00854,1.00244,0.08545,1.00611,22.938,6.125,7.375,0.2835,-0.5773,-0.7377,0.2048
1781857538910,19594,-0.00732,1.00317,0.09229,1.00744,27.438,15.688,9.375,0.2841,-0.579,-0.7359,0.2055
1781857538910,19594,-0.01343,1.00195,0.09546,1.00658,30.0,20.125,10.312,0.2849,-0.5798,-0.7348,0.2061
1781857538911,19595,-0.04272,1.00317,0.08398,1.00759,53.75,50.375,4.188,0.2954,-0.5897,-0.7211,0.2112
1781857538972,19656,-0.01392,0.99609,0.09351,1.00057,55.688,51.188,1.125,0.2974,-0.591,-0.7191,0.2119
1781857538972,19656,-0.03247,1.01294,0.08789,1.01726,57.25,51.562,-2.375,0.2995,-0.5923,-0.7169,0.2125
1781857538972,19656,-0.14551,0.9519,0.18042,0.97972,-2.5,-11.188,37.062,0.2949,-0.6024,-0.7048,0.2304
1781857539030,19714,-0.1499,0.9502,0.12817,0.97045,6.688,-11.312,38.375,0.2936,-0.6031,-0.7045,0.2312
1781857539030,19714,-0.1499,0.96387,0.07935,0.97868,12.562,-7.312,39.5,0.2924,-0.6041,-0.7039,0.2319
1781857539031,19715,-0.10083,0.98633,0.12744,0.99963,10.688,5.938,42.625,0.2853,-0.6123,-0.696,0.2429
1781857539090,19774,-0.10498,0.98853,0.11035,1.00019,9.625,6.625,42.188,0.2845,-0.613,-0.6952,0.2442
1781857539090,19774,-0.10327,0.99634,0.10522,1.00719,9.0,8.312,41.875,0.2838,-0.6137,-0.6945,0.2456
1781857539090,19774,-0.10327,0.99634,0.10522,1.00719,9.0,8.312,41.875,0.2838,-0.6137,-0.6945,0.2456
1781857539149,19833,-0.17822,0.98364,0.14453,1.01005,-3.5,-18.188,26.125,0.2749,-0.6189,-0.6899,0.2552
1781857539150,19834,-0.18262,0.97754,0.14209,1.00455,-5.562,-24.062,23.812,0.2736,-0.6193,-0.69,0.2554
1781857539151,19835,-0.11011,0.9541,0.1228,0.96825,-18.938,-42.062,9.875,0.2561,-0.62,-0.6975,0.2514
1781857539210,19894,-0.10718,0.95483,0.1167,0.96789,-18.125,-40.75,9.938,0.2544,-0.62,-0.6983,0.2508
1781857539210,19894,-0.09888,0.95581,0.11255,0.96748,-17.062,-38.75,9.562,0.2528,-0.62,-0.6991,0.2502
1781857539210,19894,-0.09888,0.95581,0.11255,0.96748,-17.062,-38.75,9.562,0.2528,-0.62,-0.6991,0.2502
1781857539271,19955,-0.06421,0.97681,0.12671,0.98708,-13.062,-3.312,3.562,0.2439,-0.6179,-0.7046,0.2487
1781857539272,19956,-0.05688,0.97217,0.12134,0.98136,-11.562,-0.625,4.062,0.2437,-0.6176,-0.7049,0.2489
1781857539274,19958,-0.05688,0.97217,0.12134,0.98136,-11.562,-0.625,4.062,0.2437,-0.6176,-0.7049,0.2489
1781857539329,20013,-0.09595,1.0144,0.1416,1.02872,-6.062,5.188,10.062,0.2422,-0.6153,-0.7058,0.2536
1781857539329,20013,-0.10718,1.01953,0.15137,1.03626,-5.5,6.375,10.875,0.2421,-0.6151,-0.7058,0.2542
1781857539330,20014,-0.10718,1.01953,0.15137,1.03626,-5.5,6.375,10.875,0.2421,-0.6151,-0.7058,0.2542
1781857539392,20076,-0.10718,1.01953,0.15137,1.03626,-5.5,6.375,10.875,0.2421,-0.6151,-0.7058,0.2542
1781857539392,20076,-0.073,1.03467,0.18262,1.05319,-15.312,-1.0,-9.0,0.2433,-0.6102,-0.709,0.256
1781857539392,20076,-0.0166,0.96558,0.12891,0.97428,-3.75,4.25,16.062,0.2405,-0.6059,-0.7129,0.2578
1781857539451,20135,-0.02515,0.96411,0.14233,0.97489,0.0,7.812,15.75,0.2404,-0.6058,-0.7126,0.259
1781857539454,20138,-0.03467,0.9751,0.14844,0.98694,1.438,10.562,14.938,0.2404,-0.6059,-0.7123,0.2597
1781857539454,20138,-0.00586,0.98584,0.20093,1.00612,-4.188,8.438,-2.875,0.242,-0.6053,-0.7103,0.2651
1781857539512,20196,0.00391,0.98145,0.19897,1.00142,-7.188,5.875,-5.188,0.2424,-0.6047,-0.7106,0.2653
1781857539512,20196,0.01147,0.97729,0.19507,0.99664,-8.625,4.062,-6.812,0.2426,-0.6043,-0.7108,0.2653
1781857539512,20196,0.01147,0.97729,0.19507,0.99664,-8.625,4.062,-6.812,0.2426,-0.6043,-0.7108,0.2653
1781857539576,20260,0.03223,0.96069,0.14062,0.97147,-5.562,-10.75,-16.5,0.2439,-0.6007,-0.7144,0.2626
1781857539576,20260,0.00513,0.97534,0.12866,0.9838,-2.312,-15.375,-18.625,0.2443,-0.6002,-0.7152,0.2612
1781857539576,20260,0.00513,0.97534,0.12866,0.9838,-2.312,-15.375,-18.625,0.2443,-0.6002,-0.7152,0.2612
1781857539632,20316,-0.01855,1.00635,0.17212,1.02113,-0.688,-7.938,-18.438,0.247,-0.6002,-0.7176,0.2521
1781857539632,20316,-0.0105,0.99805,0.16699,1.01198,-3.812,-8.938,-18.312,0.2473,-0.5999,-0.7181,0.251
1781857539632,20316,-0.01733,1.01318,0.14111,1.02311,2.188,0.75,-17.5,0.2495,-0.598,-0.7209,0.2452
1781857539694,20378,-0.03223,1.02417,0.17358,1.03928,0.125,6.375,-18.25,0.2509,-0.5975,-0.7213,0.2439
1781857539751,20435,-0.10181,1.0022,0.4292,1.09498,-13.438,8.375,-21.625,0.2515,-0.5968,-0.7218,0.2436
1781857539751,20435,-0.05078,0.97168,0.08765,0.97695,-30.25,-5.438,-16.188,0.2514,-0.5844,-0.7333,0.2393
1781857539752,20436,-0.05957,0.97998,0.09912,0.98678,-13.812,1.625,-10.875,0.2515,-0.5829,-0.7346,0.2387
1781857539811,20495,-0.0498,0.97192,0.11768,0.98029,-6.5,5.438,-8.688,0.2518,-0.5825,-0.7349,0.2386
1781857539811,20495,-0.03711,1.00708,0.06348,1.00976,51.688,-0.562,10.312,0.253,-0.5888,-0.7296,0.2379
1781857539815,20499,-0.01978,1.04468,0.1189,1.05161,38.375,-8.375,15.438,0.2561,-0.6109,-0.7109,0.2357
1781857539870,20554,-0.03613,1.05493,0.12476,1.0629,38.875,-6.625,17.375,0.2559,-0.6129,-0.7092,0.2357
1781857539870,20554,-0.0415,1.03784,0.14624,1.04892,35.938,-4.625,17.438,0.2556,-0.6143,-0.7081,0.2357
1781857539870,20554,-0.07886,0.9834,0.17627,1.00218,1.5,-5.875,6.0,0.2529,-0.6182,-0.7051,0.2373
1781857539930,20614,-0.07886,0.9834,0.17627,1.00218,1.5,-5.875,6.0,0.2529,-0.6182,-0.7051,0.2373
1781857539931,20615,-0.09375,1.00708,0.15527,1.02328,3.25,-5.125,5.75,0.2521,-0.6186,-0.7053,0.2368
1781857539931,20615,-0.03418,0.94385,0.11743,0.95174,-21.562,-3.688,5.375,0.2493,-0.6154,-0.7087,0.2377
1781857539990,20674,-0.03052,0.95142,0.11426,0.95874,-19.562,-0.812,6.812,0.2489,-0.6149,-0.7092,0.238
1781857539990,20674,-0.03467,0.94287,0.11743,0.95079,-16.188,4.062,9.0,0.2486,-0.6141,-0.7097,0.239
1781857539990,20674,-0.05737,0.93652,0.13916,0.94854,-3.562,7.125,11.562,0.2478,-0.6117,-0.7098,0.2456
1781857540050,20734,-0.05737,0.93652,0.13916,0.94854,-3.562,7.125,11.562,0.2478,-0.6117,-0.7098,0.2456
1781857540051,20735,-0.04395,0.93091,0.14111,0.94257,-2.938,2.688,12.0,0.2473,-0.6116,-0.7097,0.2464
1781857540051,20735,-0.06714,1.00073,0.13672,1.01226,8.0,0.5,13.75,0.243,-0.6135,-0.7084,0.2497
1781857540115,20799,-0.06714,1.00073,0.13672,1.01226,8.0,0.5,13.75,0.243,-0.6135,-0.7084,0.2497
1781857540119,20803,-0.05713,0.99121,0.16431,1.00636,4.938,3.562,12.438,0.2426,-0.6141,-0.7077,0.2507
1781857540119,20803,-0.05322,0.98169,0.15283,0.99494,-3.938,5.125,13.938,0.2409,-0.6141,-0.7068,0.2549
1781857540172,20856,-0.05078,0.97021,0.1543,0.98372,-3.875,5.25,14.5,0.2405,-0.6141,-0.7066,0.2558
1781857540172,20856,-0.04565,0.96948,0.146,0.98148,-4.375,4.312,15.125,0.2401,-0.614,-0.7066,0.2567
1781857540173,20857,-0.02002,0.98755,0.13281,0.99664,-7.188,-1.312,12.188,0.236,-0.6136,-0.7066,0.2613
1781857540229,20913,-0.01416,0.9895,0.13306,0.99851,-6.625,-0.688,11.375,0.2356,-0.6135,-0.7066,0.2617
1781857540232,20916,-0.00488,0.98267,0.13721,0.99221,-6.062,2.438,10.875,0.2354,-0.6132,-0.7066,0.2627
1781857540232,20916,-0.00708,0.97827,0.1311,0.98704,0.312,24.0,24.0,0.2348,-0.6121,-0.7051,0.2698
1781857540289,20973,0.00513,0.96655,0.14331,0.97713,2.0,26.062,26.938,0.2348,-0.6121,-0.7045,0.2713
1781857540290,20974,0.02148,0.97217,0.16064,0.98559,4.688,29.5,28.375,0.2347,-0.6123,-0.7037,0.2731
1781857540290,20974,0.05762,1.07129,0.10889,1.07835,21.312,38.438,52.812,0.233,-0.619,-0.6915,0.29
1781857540351,21035,0.06787,1.08179,0.07886,1.08678,17.062,47.375,52.688,0.2332,-0.6195,-0.6899,0.2926
1781857540352,21036,0.104,1.09399,0.0144,1.09902,16.625,89.188,55.562,0.2352,-0.6199,-0.6854,0.3006
1781857540352,21036,0.12866,1.03979,0.10913,1.05339,191.562,155.312,204.938,0.2492,-0.6356,-0.6422,0.3482
1781857540409,21093,0.22192,0.87085,0.15991,0.9128,196.75,158.75,206.812,0.2507,-0.6408,-0.632,0.3562
1781857540409,21093,0.30444,0.89233,0.27441,0.98196,149.812,165.125,168.188,0.2523,-0.6496,-0.6145,0.3694
1781857540410,21094,0.25928,0.98413,-0.07812,1.02071,29.375,101.5,99.688,0.2559,-0.6582,-0.5733,0.4151
1781857540475,21159,0.2229,1.04443,-0.08618,1.07143,31.812,102.062,104.125,0.2562,-0.6582,-0.5676,0.4226
1781857540475,21159,0.21826,1.02026,-0.05273,1.04468,34.375,102.25,107.875,0.2563,-0.6583,-0.5656,0.4251
1781857540475,21159,0.26831,0.89526,0.06152,0.93663,-11.625,14.188,139.812,0.2337,-0.6635,-0.5377,0.4644
1781857540530,21214,0.28442,0.90967,0.02856,0.95352,-15.375,7.0,140.375,0.2255,-0.6652,-0.5328,0.4716
1781857540530,21214,0.31665,0.88184,0.04028,0.93783,-13.688,5.562,141.188,0.2211,-0.6661,-0.5306,0.475
1781857540530,21214,0.50684,0.82373,0.06787,0.96955,-27.5,6.5,109.125,0.1856,-0.6719,-0.5112,0.5025
1781857540591,21275,0.46143,0.87549,0.01245,0.98972,-26.0,10.875,99.625,0.1823,-0.6719,-0.5097,0.5052
1781857540592,21276,0.46313,0.90356,-0.021,1.01556,-20.5,21.688,93.062,0.1796,-0.6718,-0.5081,0.5079
1781857540592,21276,0.57056,0.73364,0.08374,0.93316,22.375,65.312,36.312,0.1732,-0.6624,-0.4944,0.5353
1781857540649,21333,0.59033,0.67017,0.0354,0.89379,56.75,68.812,32.688,0.1766,-0.6614,-0.488,0.5411
1781857540649,21333,0.61206,0.69922,-0.0249,0.92959,62.688,74.312,24.125,0.1791,-0.6613,-0.4843,0.5438
1781857540710,21394,0.62573,0.70581,-0.00146,0.94325,14.688,55.812,-20.312,0.1977,-0.6546,-0.4713,0.5568
1781857540710,21394,0.57324,0.75708,-0.08081,0.95305,-10.875,38.5,-60.062,0.2054,-0.6489,-0.4738,0.5585
1781857540711,21395,0.65698,0.85669,-0.11328,1.08553,-11.688,38.688,-71.938,0.2078,-0.6472,-0.4754,0.5582
1781857540772,21456,0.65698,0.85669,-0.11328,1.08553,-11.688,38.688,-71.938,0.2078,-0.6472,-0.4754,0.5582
1781857540772,21456,0.40259,0.82886,0.16699,0.93647,-3.562,26.188,14.125,0.2209,-0.6384,-0.4762,0.5626
1781857540772,21456,0.52246,0.86426,0.11426,1.01635,43.312,20.438,26.75,0.2172,-0.6386,-0.463,0.5748
1781857540830,21514,0.52148,0.81982,0.14307,0.9821,64.312,22.562,12.875,0.2198,-0.6401,-0.4586,0.5756
1781857540830,21514,0.53467,0.83838,0.177,1.00999,80.75,31.312,8.0,0.2233,-0.6419,-0.4543,0.5756
1781857540831,21515,0.49561,0.82007,-0.03394,0.9588,140.188,66.375,-93.75,0.2611,-0.6487,-0.4326,0.5689
1781857540892,21576,0.49219,0.75293,-0.10205,0.9053,132.312,64.812,-106.625,0.2685,-0.6485,-0.4305,0.5672
1781857540895,21579,0.50024,0.79736,-0.15503,0.95397,98.625,49.062,-110.5,0.2786,-0.6477,-0.4288,0.5644
1781857540900,21584,0.51221,0.95166,0.04663,1.08175,49.062,48.188,-25.125,0.3087,-0.635,-0.4321,0.5607
1781857540950,21634,0.5376,0.88501,-0.00659,1.03552,52.0,42.375,-31.938,0.3115,-0.6346,-0.4308,0.5607
1781857540950,21634,0.50073,0.80298,-0.06787,0.94874,45.188,37.188,-32.625,0.3142,-0.6342,-0.4297,0.5605
1781857540952,21636,0.46387,0.8667,-0.02393,0.98332,27.438,22.25,-6.438,0.3297,-0.6309,-0.4238,0.5597
1781857541009,21693,0.46826,0.83813,-0.04053,0.96093,24.688,19.688,-4.188,0.3308,-0.6309,-0.423,0.5598
1781857541010,21694,0.46997,0.82788,-0.06079,0.95392,19.125,15.062,-1.312,0.3316,-0.6309,-0.4222,0.5599
1781857541010,21694,0.4751,0.94678,-0.05396,1.06067,-8.188,-5.188,50.875,0.3267,-0.63,-0.422,0.5639
1781857541069,21753,0.49097,0.89282,-0.04004,1.0197,-12.062,-10.75,59.0,0.3247,-0.6309,-0.421,0.5648
1781857541070,21754,0.4978,0.86108,-0.05054,0.99591,-17.875,-17.0,62.688,0.3223,-0.6318,-0.4201,0.5657
1781857541070,21754,0.54785,0.76221,0.00879,0.93871,-20.375,-55.062,93.75,0.2907,-0.6462,-0.4108,0.5734
1781857541129,21813,0.54785,0.76221,0.00879,0.93871,-20.375,-55.062,93.75,0.2907,-0.6462,-0.4108,0.5734
1781857541134,21818,0.54395,0.74292,0.01172,0.92084,-22.625,-61.875,97.812,0.2863,-0.6486,-0.4098,0.5737
1781857541135,21819,0.54395,0.74292,0.01172,0.92084,-22.625,-61.875,97.812,0.2863,-0.6486,-0.4098,0.5737
1781857541189,21873,0.61523,0.8252,0.01782,1.02946,-104.188,-92.188,156.562,0.2138,-0.6767,-0.3973,0.5816
1781857541189,21873,0.63794,0.80591,0.05249,1.02918,-114.312,-89.562,155.312,0.2049,-0.6784,-0.3975,0.5826
1781857541191,21875,0.72729,0.74902,0.09326,1.04818,-83.562,-26.438,71.688,0.1273,-0.6797,-0.4057,0.5974
1781857541255,21939,0.74414,0.7478,0.14526,1.06492,-76.688,-24.875,72.125,0.1227,-0.6793,-0.4063,0.5984
1781857541257,21941,0.76196,0.72461,0.15674,1.06311,-73.0,-24.875,75.562,0.1182,-0.679,-0.4067,0.5994
1781857541257,21941,0.76196,0.72461,0.15674,1.06311,-73.0,-24.875,75.562,0.1182,-0.679,-0.4067,0.5994
1781857541309,21993,0.76733,0.65405,0.11523,1.01482,35.125,-15.375,87.5,0.0787,-0.6861,-0.385,0.6121
1781857541309,21993,0.78271,0.66919,0.09399,1.03407,42.5,-7.938,77.0,0.0773,-0.6873,-0.3817,0.6129
1781857541310,21994,0.78638,0.56641,0.03052,0.96961,85.75,25.75,63.25,0.0789,-0.694,-0.3478,0.6252
1781857541369,22053,0.80957,0.59619,0.02612,1.00575,89.125,25.875,71.938,0.0798,-0.6956,-0.3394,0.6279
1781857541371,22055,0.82178,0.60693,0.01514,1.02172,93.375,24.25,80.438,0.0803,-0.6965,-0.3345,0.6294
1781857541371,22055,0.80518,0.32324,-0.01001,0.86769,100.062,13.75,96.812,0.0775,-0.7097,-0.2785,0.6423
1781857541431,22115,0.86304,0.32178,-0.15454,0.93395,86.062,21.125,65.5,0.0764,-0.7111,-0.2725,0.6434
1781857541431,22115,0.90869,0.32031,-0.18506,0.9811,83.938,25.562,46.875,0.0775,-0.7116,-0.2684,0.6445
1781857541432,22116,0.90869,0.32031,-0.18506,0.9811,83.938,25.562,46.875,0.0775,-0.7116,-0.2684,0.6445
1781857541489,22173,0.90796,0.43359,-0.01294,1.00626,35.062,49.312,78.438,0.0809,-0.7053,-0.2394,0.6621
1781857541490,22174,0.88989,0.4209,0.00195,0.98441,38.188,45.75,80.938,0.08,-0.7047,-0.2359,0.6642
1781857541490,22174,0.90063,0.23486,0.04688,0.93193,58.25,-3.125,130.688,0.065,-0.7072,-0.1889,0.678
1781857541553,22237,0.91724,0.22485,-0.0437,0.94541,50.125,-5.062,123.875,0.0602,-0.7086,-0.1821,0.6788
1781857541553,22237,0.95874,0.23145,-0.12036,0.9936,49.75,-5.062,122.5,0.0579,-0.7095,-0.177,0.6795
1781857541553,22237,0.95874,0.23145,-0.12036,0.9936,49.75,-5.062,122.5,0.0579,-0.7095,-0.177,0.6795
1781857541613,22297,0.9314,0.22754,0.02124,0.95902,3.688,2.938,68.75,0.0314,-0.7091,-0.1432,0.6896
1781857541614,22298,0.91064,0.24707,0.00488,0.94358,6.25,-0.75,73.562,0.0294,-0.7092,-0.1409,0.69
1781857541617,22301,0.91064,0.24707,0.00488,0.94358,6.25,-0.75,73.562,0.0294,-0.7092,-0.1409,0.69
1781857541669,22353,1.00513,0.17432,0.0415,1.02097,-9.125,-28.375,42.375,0.0071,-0.713,-0.1247,0.6898
1781857541669,22353,1.00537,0.17798,0.03198,1.0215,-5.5,-33.5,41.25,0.0054,-0.7139,-0.1237,0.689
1781857541670,22354,0.84473,-0.06982,-0.06226,0.84989,6.688,-37.062,-16.625,-0.0031,-0.7205,-0.1239,0.6822
1781857541731,22415,0.81909,-0.17163,-0.04004,0.83784,17.688,-65.438,-40.875,-0.0009,-0.7237,-0.1245,0.6786
1781857541734,22418,0.81348,-0.1936,-0.06445,0.83868,30.438,-75.312,-61.25,0.0009,-0.726,-0.1251,0.676
1781857541734,22418,1.56982,0.69336,-0.3396,1.74941,88.812,-38.938,-224.875,0.0584,-0.747,-0.1467,0.6456
1781857541790,22474,1.56982,0.69336,-0.3396,1.74941,88.812,-38.938,-224.875,0.0584,-0.747,-0.1467,0.6456
1781857541790,22474,1.46729,0.98682,-0.21167,1.78088,81.062,0.562,-166.688,0.0749,-0.7474,-0.153,0.6419
1781857541790,22474,0.85815,0.31519,-0.13989,0.92485,11.0,9.062,-25.25,0.1084,-0.7406,-0.1622,0.6428
1781857541851,22535,0.85815,0.31519,-0.13989,0.92485,11.0,9.062,-25.25,0.1084,-0.7406,-0.1622,0.6428
1781857541851,22535,0.85742,0.30298,-0.14771,0.9213,18.375,7.0,-9.5,0.1099,-0.7402,-0.1623,0.643
1781857541852,22536,0.89917,0.2959,-0.13916,0.95678,18.5,18.875,43.0,0.1098,-0.7378,-0.1522,0.6482
1781857541909,22593,0.89917,0.2959,-0.13916,0.95678,18.5,18.875,43.0,0.1098,-0.7378,-0.1522,0.6482
1781857541909,22593,0.95483,0.32617,-0.11914,1.01602,13.375,27.25,48.0,0.1072,-0.7368,-0.148,0.6508
1781857541911,22595,0.97168,0.31641,-0.18555,1.03861,56.25,52.125,98.062,0.0951,-0.7324,-0.1212,0.6631
1781857541969,22653,0.97168,0.31641,-0.18555,1.03861,56.25,52.125,98.062,0.0951,-0.7324,-0.1212,0.6631
1781857541969,22653,0.9563,0.2749,-0.12695,1.00309,58.812,87.875,114.625,0.0905,-0.729,-0.1092,0.6696
1781857541970,22654,0.96045,0.23096,-0.05127,0.98916,40.312,81.75,95.875,0.0733,-0.7083,-0.0632,0.699
1781857542029,22713,0.96826,0.18701,-0.03589,0.98681,38.938,80.938,93.062,0.0718,-0.7063,-0.0589,0.7016
1781857542029,22713,0.97876,0.19873,-0.0459,0.99979,38.438,81.688,91.5,0.0683,-0.7033,-0.0542,0.7054
1781857542030,22714,1.07056,0.06079,-0.06079,1.074,62.75,96.125,119.062,0.0555,-0.6866,-0.0142,0.7246
1781857542089,22773,1.03735,0.06494,-0.03955,1.04014,64.5,113.938,129.25,0.053,-0.682,-0.0051,0.7292
1781857542089,22773,0.96753,0.0144,0.00244,0.96764,66.562,123.312,138.438,0.0485,-0.6768,0.0026,0.7344
1781857542091,22775,0.86621,-0.13892,0.26953,0.91775,122.188,121.062,46.562,0.0416,-0.6396,0.0603,0.7651
1781857542152,22836,0.86621,-0.13892,0.26953,0.91775,122.188,121.062,46.562,0.0416,-0.6396,0.0603,0.7651
1781857542153,22837,0.92554,-0.10132,0.35522,0.99653,138.062,94.5,-11.5,0.0492,-0.6296,0.0684,0.7721
1781857542153,22837,0.96997,0.08472,0.09106,0.97791,87.562,-46.25,-22.0,0.0953,-0.6251,0.0817,0.7703
1781857542209,22893,0.96875,0.04907,0.073,0.97273,78.938,-43.75,-0.062,0.0998,-0.6269,0.0843,0.7679
1781857542209,22893,0.96997,0.00732,0.06323,0.97206,78.5,-41.688,12.938,0.1017,-0.6281,0.0858,0.7665
1781857542210,22894,0.93359,-0.06445,0.24438,0.9672,90.75,-7.125,21.625,0.1196,-0.6326,0.1163,0.7561
1781857542275,22959,0.95532,-0.03638,0.25439,0.98928,86.125,-8.375,20.25,0.1219,-0.6325,0.1193,0.7554
1781857542275,22959,0.96924,-0.01978,0.25415,1.0022,82.938,-12.188,19.938,0.1234,-0.6325,0.1213,0.7548
1781857542275,22959,0.96118,-0.00708,0.14404,0.97194,69.0,-94.5,-2.125,0.1459,-0.6483,0.1392,0.734
1781857542389,23073,0.97437,0.01538,0.14941,0.98587,54.5,-81.75,-4.562,0.1532,-0.6553,0.1417,0.7258
1781857542389,23073,1.10376,0.2771,0.02808,1.13836,-29.188,-31.125,-23.812,0.1895,-0.6927,0.1312,0.6832
1781857542390,23074,1.02271,0.22949,0.12842,1.05598,-54.125,1.875,-2.875,0.1878,-0.6937,0.1277,0.6834
1781857542391,23075,1.02271,0.22949,0.12842,1.05598,-54.125,1.875,-2.875,0.1878,-0.6937,0.1277,0.6834
1781857542450,23134,0.64893,0.39746,0.25708,0.80322,-68.375,114.562,-15.625,0.1842,-0.69,0.1244,0.6887
1781857542450,23134,0.68628,0.35693,0.19678,0.79819,-73.562,156.0,-32.375,0.1821,-0.6857,0.1226,0.6939
1781857542452,23136,1.07202,0.00732,-0.00195,1.07205,49.938,170.125,-182.625,0.1992,-0.6329,0.0967,0.7417
1781857542510,23194,1.10522,-0.00903,0.05298,1.10653,49.75,161.125,-183.562,0.2051,-0.6259,0.0936,0.7465
1781857542510,23194,1.1123,0.0127,0.1582,1.12357,34.562,139.938,-179.5,0.2124,-0.6162,0.0875,0.7531
1781857542510,23194,0.92383,0.34717,0.21069,1.00915,-71.938,143.438,-103.188,0.2285,-0.5707,0.048,0.7871
1781857542572,23256,0.90503,0.33716,0.2583,0.99974,-56.062,142.312,-66.375,0.2277,-0.5596,0.0422,0.7956
1781857542573,23257,0.89404,0.31909,0.27417,0.98808,-47.625,137.75,-42.938,0.2274,-0.5541,0.0414,0.7996
1781857542575,23259,0.84839,0.13037,0.37769,0.93777,-33.062,76.625,74.938,0.2071,-0.5234,0.0583,0.8243
1781857542629,23313,0.87134,0.13794,0.40698,0.97154,-32.062,66.688,86.438,0.2039,-0.5218,0.0612,0.8259
1781857542630,23314,0.85059,0.22412,0.46973,0.99718,-76.688,56.625,77.0,0.1945,-0.5181,0.0674,0.83
1781857542630,23314,0.84814,0.10645,0.50513,0.99289,-62.875,79.938,62.188,0.1629,-0.5144,0.0886,0.8371
1781857542692,23376,0.8562,0.18555,0.42773,0.97492,-88.625,86.75,44.062,0.1544,-0.5093,0.09,0.8416
1781857542693,23377,0.95898,0.21094,0.32202,1.03337,-101.125,82.312,36.312,0.146,-0.5044,0.091,0.846
1781857542693,23377,0.77441,0.07837,0.54663,0.95114,-7.875,-39.938,46.625,0.1213,-0.4924,0.0969,0.8563
1781857542749,23433,0.84595,0.03979,0.521,0.99431,0.0,-45.0,40.25,0.1205,-0.4943,0.0982,0.8552
1781857542749,23433,0.81006,0.03906,0.51733,0.96195,5.125,-42.688,23.125,0.1202,-0.4974,0.1006,0.8531
1781857542750,23434,1.00708,0.29761,0.58105,1.20017,22.938,-34.188,-18.625,0.1274,-0.5082,0.1019,0.8455
1781857542813,23497,0.9707,0.22119,0.51636,1.12152,44.188,13.938,-49.5,0.1296,-0.5078,0.1012,0.8455
1781857542814,23498,1.05396,0.15527,0.44507,1.15456,48.75,39.438,-65.125,0.1326,-0.5061,0.1002,0.8462
1781857542815,23499,0.70239,0.25122,0.37671,0.83569,29.062,137.125,-123.125,0.1636,-0.4732,0.0758,0.8622
1781857542869,23553,0.72485,0.33765,0.35767,0.87598,46.062,159.812,-104.875,0.1686,-0.4633,0.0724,0.8668
1781857542869,23553,0.75439,0.35107,0.37427,0.91238,65.125,173.562,-85.375,0.1722,-0.4561,0.0714,0.87
1781857542870,23554,0.88135,-0.01074,0.93359,1.28393,13.25,121.312,97.188,0.1928,-0.3851,0.1136,0.8952
1781857542935,23619,0.81299,0.02051,0.84497,1.17275,-12.312,98.688,85.562,0.1905,-0.3818,0.1177,0.8966
1781857542936,23620,0.75024,0.04102,0.69946,1.02655,-28.0,91.125,73.188,0.1878,-0.3791,0.1211,0.8978
1781857542936,23620,0.65942,0.125,0.77051,1.02184,-64.312,87.0,-37.312,0.1679,-0.3476,0.1298,0.9132
1781857542989,23673,0.65259,0.17041,0.77954,1.03082,-61.75,85.938,-41.25,0.1655,-0.3442,0.1279,0.9151
1781857542989,23673,0.66577,0.16406,0.78003,1.03856,-53.5,88.562,-41.812,0.1624,-0.3391,0.1251,0.918
1781857542992,23676,0.61621,0.24438,0.80103,1.03975,4.5,42.688,-29.25,0.1587,-0.3113,0.1235,0.9287
1781857543049,23733,0.61426,0.25317,0.80933,1.0471,10.938,44.438,-26.875,0.1592,-0.3093,0.1228,0.9293
1781857543049,23733,0.6062,0.25317,0.80737,1.04088,15.75,45.625,-22.688,0.1599,-0.3072,0.1223,0.9299
1781857543050,23734,0.66382,0.22925,0.71509,1.00228,43.188,-9.125,-21.062,0.1749,-0.2941,0.1287,0.9306
1781857543111,23795,0.66382,0.22925,0.71509,1.00228,43.188,-9.125,-21.062,0.1749,-0.2941,0.1287,0.9306
1781857543114,23798,0.64819,0.23047,0.69434,0.97743,42.75,-9.188,-22.562,0.177,-0.2941,0.1283,0.9303
1781857543114,23798,0.64819,0.23047,0.69434,0.97743,42.75,-9.188,-22.562,0.177,-0.2941,0.1283,0.9303
1781857543170,23854,0.60107,0.18726,0.78369,1.00525,2.312,105.75,10.062,0.1865,-0.288,0.1357,0.9293
1781857543170,23854,0.62573,0.15894,0.78442,1.01593,6.438,142.75,2.188,0.1858,-0.2827,0.137,0.9309
1781857543171,23855,0.47852,0.31104,0.73535,0.93084,-6.688,40.938,5.875,0.1851,-0.225,0.1443,0.9455
1781857543236,23920,0.49854,0.23535,0.78271,0.95738,-8.438,36.75,17.0,0.1843,-0.2238,0.1451,0.9459
1781857543236,23920,0.56396,0.19531,0.80347,1.00088,-7.312,47.25,23.125,0.1835,-0.2223,0.1463,0.9462
1781857543237,23921,0.56396,0.19531,0.80347,1.00088,-7.312,47.25,23.125,0.1835,-0.2223,0.1463,0.9462
1781857543292,23976,0.38623,0.32861,0.8584,0.997,59.812,22.688,-34.438,0.1992,-0.1978,0.1589,0.9464
1781857543292,23976,0.35522,0.34937,0.84399,0.98009,52.438,35.562,-34.688,0.2015,-0.1957,0.1583,0.9465
1781857543295,23979,0.35522,0.34937,0.84399,0.98009,52.438,35.562,-34.688,0.2015,-0.1957,0.1583,0.9465
1781857543349,24033,0.56812,0.427,0.92822,1.16905,62.625,2.688,0.688,0.2239,-0.1799,0.1666,0.9431
1781857543350,24034,0.66504,0.48486,0.92822,1.24055,78.75,-8.625,3.188,0.2283,-0.1796,0.1675,0.942
1781857543350,24034,0.38306,0.34717,0.73877,0.90169,108.062,66.188,47.438,0.2723,-0.1675,0.1928,0.9276
1781857543411,24095,0.33081,0.3125,0.73462,0.86415,87.0,73.5,42.625,0.2766,-0.1622,0.1992,0.9259
1781857543411,24095,0.30835,0.3125,0.73462,0.8558,72.875,73.125,36.25,0.2787,-0.159,0.2021,0.9252
1781857543412,24096,0.30835,0.3125,0.73462,0.8558,72.875,73.125,36.25,0.2787,-0.159,0.2021,0.9252
1781857543469,24153,0.35034,0.47632,0.80347,0.99759,59.062,-8.062,0.25,0.2958,-0.1376,0.212,0.921
1781857543469,24153,0.37402,0.4751,0.79248,0.99681,57.312,-8.75,0.062,0.2982,-0.1374,0.2123,0.9202
1781857543470,24154,0.41821,0.48853,0.78564,1.01528,65.938,23.312,-33.0,0.3199,-0.1243,0.2166,0.9138
1781857543532,24216,0.43677,0.50952,0.76514,1.01775,67.438,25.062,-29.375,0.3241,-0.1204,0.2186,0.9124
1781857543533,24217,0.42065,0.52026,0.75244,1.00687,67.062,29.688,-26.5,0.3266,-0.1182,0.2182,0.9119
1781857543533,24217,0.31177,0.55029,0.73804,0.97197,21.812,53.938,-32.375,0.3374,-0.0886,0.2224,0.9103
1781857543589,24273,0.27905,0.56177,0.72583,0.95931,16.312,44.062,-25.688,0.3383,-0.0825,0.2246,0.91
1781857543590,24274,0.28467,0.55542,0.71704,0.95062,15.062,39.312,-24.125,0.3386,-0.0805,0.2243,0.9102
1781857543649,24333,0.25073,0.62378,0.80981,1.05251,39.625,59.812,-42.312,0.3413,-0.0498,0.2272,0.9106
1781857543650,24334,0.23315,0.62524,0.78076,1.02707,39.188,45.312,-33.375,0.343,-0.0443,0.229,0.9098
1781857543650,24334,0.2085,0.60791,0.76782,1.00129,40.812,38.125,-27.625,0.3442,-0.0419,0.2285,0.9096
1781857543713,24397,0.18262,0.79907,0.70142,1.07882,54.875,116.562,92.688,0.3598,-0.0126,0.2462,0.8997
1781857543713,24397,0.21289,0.74927,0.72827,1.06635,51.812,124.188,121.188,0.3604,-0.0083,0.2544,0.8973
1781857543714,24398,0.1814,0.36401,0.94458,1.02842,18.438,229.688,91.312,0.3549,0.0418,0.3553,0.8636
1781857543771,24455,0.36499,0.22437,0.91699,1.01214,-12.312,185.5,-35.5,0.3462,0.0601,0.3642,0.8624
1781857543772,24456,0.30566,0.1897,0.89453,0.96416,-19.25,144.375,-84.375,0.3427,0.0665,0.364,0.8634
1781857543772,24456,0.05835,0.66943,0.77319,1.02439,63.062,7.75,-17.188,0.3343,0.0982,0.3466,0.8708
1781857543833,24517,0.03882,0.71313,0.76392,1.04577,97.562,-5.75,1.875,0.3402,0.103,0.3504,0.8664
1781857543835,24519,0.02808,0.75732,0.72681,1.05004,103.75,-8.25,8.0,0.3441,0.1041,0.3501,0.8648
1781857543835,24519,0.02222,0.72021,0.71729,1.01671,110.25,18.312,4.188,0.3764,0.1224,0.3565,0.8462
1781857543889,24573,0.06006,0.72632,0.79004,1.07485,112.562,21.0,17.5,0.385,0.1297,0.3605,0.8395
1781857543950,24634,0.0625,0.7312,0.77954,1.07063,115.25,21.25,24.5,0.3888,0.1318,0.361,0.8372
1781857543950,24634,0.1167,0.69019,0.52026,0.87215,172.438,6.5,15.062,0.4326,0.1593,0.3687,0.807
1781857543950,24634,0.1167,0.69019,0.52026,0.87215,172.438,6.5,15.062,0.4326,0.1593,0.3687,0.807
1781857544009,24693,0.09229,0.65918,0.45996,0.80907,155.375,14.438,10.125,0.4428,0.1666,0.3711,0.7988
1781857544009,24693,0.1062,0.79492,0.51489,0.95304,-19.312,17.875,6.75,0.4533,0.1837,0.3792,0.7853
1781857544010,24694,0.09497,0.87524,0.52319,1.02411,4.312,6.438,-3.375,0.4437,0.1911,0.3973,0.78
1781857544071,24755,0.09229,0.8562,0.52637,1.00929,5.0,7.0,-3.312,0.4438,0.1915,0.3973,0.7799
1781857544071,24755,0.08521,0.84937,0.51343,0.99614,7.438,6.75,-2.5,0.443,0.194,0.4006,0.778
1781857544072,24756,0.09668,0.86353,0.51685,1.01102,-4.0,12.312,-1.188,0.4413,0.2003,0.4091,0.773
1781857544129,24813,0.09277,0.86987,0.50977,1.0125,-4.75,11.312,-4.5,0.4409,0.2007,0.4092,0.773
1781857544129,24813,0.08862,0.88184,0.52881,1.03205,-3.938,9.688,-7.062,0.4394,0.203,0.4118,0.7719
1781857544130,24814,0.08374,0.81714,0.50659,0.96507,3.0,7.312,-1.0,0.4368,0.2105,0.4169,0.7686
1781857544192,24876,0.08374,0.81714,0.50659,0.96507,3.0,7.312,-1.0,0.4368,0.2105,0.4169,0.7686
1781857544192,24876,0.1001,0.85254,0.50537,0.99611,-7.062,4.875,1.0,0.4352,0.2126,0.4204,0.7671
1781857544192,24876,0.07178,0.80762,0.50049,0.95283,-30.938,-4.0,2.75,0.4302,0.2112,0.425,0.7677
1781857544249,24933,0.06738,0.80835,0.4895,0.94741,-34.062,-2.5,4.938,0.4292,0.2104,0.4254,0.7683
1781857544249,24933,0.06372,0.81128,0.49268,0.9513,-33.062,-1.812,9.938,0.427,0.2106,0.4285,0.7678
1781857544250,24934,0.24756,0.91895,0.50464,1.07722,-15.75,55.5,43.188,0.4225,0.2106,0.4457,0.7604
1781857544311,24995,0.19507,0.82544,0.52563,0.99784,-16.438,38.438,52.875,0.4216,0.2108,0.4483,0.7593
1781857544311,24995,0.04663,0.62061,0.55981,0.83709,-22.938,22.75,60.062,0.4202,0.2102,0.4525,0.7578
1781857544312,24996,0.12036,0.8103,0.55566,0.98987,-8.875,49.188,102.75,0.415,0.2051,0.4876,0.74
1781857544373,25057,0.13013,0.78516,0.55908,0.97261,-11.125,44.125,97.5,0.4146,0.2046,0.4916,0.7377
1781857544373,25057,0.12964,0.75586,0.56909,0.95498,-14.25,36.062,88.0,0.4136,0.2031,0.4987,0.7339
1781857544373,25057,0.177,0.74316,0.55713,0.94552,-79.938,1.438,13.062,0.4029,0.1927,0.5208,0.7274
1781857544435,25119,0.15649,0.79907,0.57007,0.99397,-86.375,-0.688,15.812,0.4004,0.1906,0.5219,0.7285
1781857544435,25119,0.09253,0.85449,0.6167,1.05785,-89.875,1.375,22.5,0.3948,0.1865,0.5255,0.73
1781857544436,25120,0.19458,0.75244,0.71582,1.05661,-44.312,-22.625,62.688,0.3815,0.1655,0.5435,0.729
1781857544489,25173,0.19458,0.75244,0.71582,1.05661,-44.312,-22.625,62.688,0.3815,0.1655,0.5435,0.729
1781857544493,25177,0.22388,0.7395,0.68433,1.03213,-28.0,-14.812,55.375,0.3807,0.1572,0.5496,0.7266
1781857544493,25177,0.20776,0.70288,0.72754,1.03272,-20.938,1.75,10.0,0.3756,0.1462,0.5581,0.7252
1781857544550,25234,0.20215,0.68799,0.73315,1.02553,-19.25,2.938,7.438,0.3749,0.1456,0.5585,0.7253
1781857544550,25234,0.21533,0.68677,0.73242,1.02687,-18.875,7.125,4.562,0.3741,0.1454,0.559,0.7254
1781857544550,25234,0.18555,0.67651,0.72827,1.01118,-4.188,2.75,8.125,0.3681,0.1448,0.5612,0.7268
1781857544610,25294,0.18091,0.66479,0.71558,0.99334,-4.125,5.062,6.5,0.3679,0.1447,0.5615,0.7267
1781857544610,25294,0.17358,0.58545,0.70752,0.93459,-6.562,8.375,2.375,0.3675,0.1447,0.5618,0.7267
1781857544610,25294,0.17358,0.58545,0.70752,0.93459,-6.562,8.375,2.375,0.3675,0.1447,0.5618,0.7267
1781857544669,25353,0.19458,0.70166,0.71313,1.01919,-33.438,31.062,-25.125,0.3492,0.1536,0.558,0.7368
1781857544669,25353,0.18311,0.72827,0.72852,1.04625,-33.75,26.5,-20.375,0.3474,0.1539,0.5579,0.7376
1781857544670,25354,0.13232,0.67188,0.74902,1.01487,-48.25,39.062,23.125,0.3267,0.1535,0.5714,0.7368
1781857544731,25415,0.12988,0.67651,0.75317,1.02069,-45.938,37.25,24.188,0.3244,0.1532,0.573,0.7366
1781857544732,25416,0.13379,0.67822,0.76294,1.02954,-43.0,36.438,25.75,0.3223,0.153,0.5746,0.7364
1781857544732,25416,0.12817,0.57886,0.81348,1.0066,6.25,29.25,2.375,0.3067,0.1549,0.5854,0.7342
1781857544789,25473,0.13623,0.57983,0.81006,1.00547,10.75,28.438,-2.25,0.3062,0.156,0.5856,0.7339
1781857544789,25473,0.12915,0.60083,0.81201,1.01835,14.188,27.625,-5.875,0.3059,0.1573,0.5858,0.7337
1781857544793,25477,0.14478,0.68774,0.79492,1.06106,-9.188,42.625,29.938,0.2979,0.1658,0.5929,0.7293
1781857544850,25534,0.20679,0.71704,0.82031,1.10897,-9.188,39.25,32.875,0.2968,0.1664,0.5945,0.7283
1781857544850,25534,0.20435,0.69922,0.82031,1.09708,-8.438,36.938,38.312,0.2959,0.1669,0.5962,0.7272
1781857544851,25535,0.12329,0.55127,0.79858,0.97818,3.688,54.25,30.688,0.2835,0.1746,0.6124,0.7168
1781857544914,25598,0.15234,0.56519,0.82788,1.01392,7.25,53.875,30.375,0.2825,0.176,0.614,0.7156
1781857544914,25598,0.16797,0.56519,0.84912,1.03376,8.875,55.938,30.688,0.2815,0.1774,0.6155,0.7142
1781857544915,25599,0.04175,0.60669,0.77563,0.98561,-13.75,44.0,21.0,0.267,0.1892,0.6302,0.7039
1781857544970,25654,0.02417,0.58569,0.78882,0.98278,-11.0,42.312,5.125,0.2634,0.1912,0.6325,0.7026
1781857544970,25654,-0.00342,0.57178,0.78394,0.97031,-7.438,40.75,-2.812,0.2612,0.1928,0.633,0.7026
1781857544970,25654,0.05566,0.56152,0.81812,0.99384,-4.688,31.5,-31.0,0.2505,0.2041,0.6299,0.7061
1781857545030,25714,0.05566,0.56152,0.81812,0.99384,-4.688,31.5,-31.0,0.2505,0.2041,0.6299,0.7061
1781857545030,25714,0.03223,0.5835,0.82446,1.01057,-6.438,32.812,-27.875,0.2485,0.2057,0.6292,0.7069
1781857545030,25714,0.00977,0.61475,0.81152,1.01812,1.25,24.188,-52.438,0.2363,0.2225,0.6177,0.7161
1781857545089,25773,-0.00195,0.6106,0.79419,1.00178,1.5,21.312,-53.812,0.2353,0.2238,0.6163,0.7173
1781857545090,25774,0.00049,0.60083,0.78394,0.9877,1.375,19.312,-55.312,0.2343,0.2249,0.6148,0.7185
1781857545090,25774,-0.07983,0.56128,0.82593,1.00178,-7.0,-19.562,-42.812,0.227,0.2292,0.5989,0.7327
1781857545149,25833,-0.05664,0.58057,0.83594,1.01934,-6.0,-20.625,-43.875,0.2269,0.2288,0.5974,0.7341
1781857545149,25833,-0.0542,0.62329,0.91187,1.10586,-3.062,-14.75,-46.312,0.2267,0.2285,0.5959,0.7355
1781857545150,25834,-0.0542,0.62329,0.91187,1.10586,-3.062,-14.75,-46.312,0.2267,0.2285,0.5959,0.7355
1781857545211,25895,-0.06445,0.63623,0.66455,0.92226,35.562,-23.875,-14.0,0.238,0.2368,0.5786,0.7431
1781857545212,25896,-0.05225,0.64453,0.68335,0.94081,27.0,-20.625,-9.625,0.2394,0.2369,0.5778,0.7433
1781857545212,25896,-0.05225,0.64453,0.68335,0.94081,27.0,-20.625,-9.625,0.2394,0.2369,0.5778,0.7433
1781857545269,25953,-0.00073,0.61328,0.79004,1.00014,5.188,-3.875,-22.5,0.2446,0.2401,0.5714,0.7456
1781857545269,25953,-0.0105,0.64526,0.82739,1.04931,3.812,-4.25,-23.375,0.2446,0.2402,0.5705,0.7461
1781857545270,25954,-0.12964,0.64575,0.57153,0.87204,59.188,-18.0,-12.375,0.2656,0.2519,0.5579,0.7446
1781857545333,26017,-0.08936,0.61108,0.5918,0.85535,49.438,-3.812,-9.125,0.2673,0.253,0.5569,0.7444
1781857545333,26017,-0.08057,0.67041,0.5835,0.89242,32.188,-0.938,-5.25,0.2685,0.254,0.5563,0.7441
1781857545336,26020,-0.08057,0.67041,0.5835,0.89242,32.188,-0.938,-5.25,0.2685,0.254,0.5563,0.7441
1781857545389,26073,-0.08936,0.62207,0.70532,0.94469,-2.625,-12.125,-20.5,0.2719,0.2565,0.5547,0.7432
1781857545390,26074,-0.09814,0.60986,0.70117,0.93446,-8.375,-12.938,-29.688,0.2716,0.2563,0.5538,0.744
1781857545390,26074,-0.09814,0.60986,0.70117,0.93446,-8.375,-12.938,-29.688,0.2716,0.2563,0.5538,0.744
1781857545453,26137,-0.09814,0.60986,0.70117,0.93446,-8.375,-12.938,-29.688,0.2716,0.2563,0.5538,0.744
1781857545453,26137,-0.29932,0.65234,0.76611,1.0498,-10.938,-8.75,-54.625,0.2604,0.2599,0.5388,0.7576
1781857545453,26137,-0.29932,0.65234,0.76611,1.0498,-10.938,-8.75,-54.625,0.2604,0.2599,0.5388,0.7576
1781857545509,26193,-0.4375,0.60083,0.84741,1.12717,-63.0,34.5,-44.25,0.2329,0.2658,0.5288,0.7715
1781857545510,26194,-0.41699,0.60205,0.89136,1.15363,-60.875,37.125,-44.938,0.2312,0.2659,0.5286,0.7721
1781857545510,26194,-0.49414,0.77832,0.87378,1.27022,8.125,77.875,-91.562,0.2035,0.2773,0.5144,0.7854
1781857545571,26255,-0.59302,0.75439,0.80005,1.24934,14.562,69.312,-94.125,0.1998,0.2829,0.5101,0.7871
1781857545571,26255,-0.5835,0.65356,0.69946,1.1211,6.188,63.438,-88.438,0.1975,0.2862,0.5075,0.7882
1781857545571,26255,-0.5835,0.65356,0.69946,1.1211,6.188,63.438,-88.438,0.1975,0.2862,0.5075,0.7882
1781857545630,26314,-0.80688,0.79736,0.75244,1.36126,-7.188,104.5,-50.812,0.1613,0.3245,0.4866,0.7947
1781857545631,26315,-0.78638,0.81592,0.75391,1.36106,1.5,106.438,-41.625,0.1584,0.3285,0.4858,0.7941
1781857545631,26315,-0.69604,0.8208,0.74268,1.30758,42.562,131.188,-35.312,0.1413,0.3721,0.4812,0.7808
1781857545688,26372,-0.69604,0.8208,0.74268,1.30758,42.562,131.188,-35.312,0.1413,0.3721,0.4812,0.7808
1781857545689,26373,-0.74023,0.80981,0.74829,1.32804,56.125,122.938,-32.188,0.1385,0.3832,0.4781,0.7779
1781857545699,26383,-0.59058,0.75854,0.5127,1.08951,47.375,120.25,-42.188,0.1333,0.4369,0.4638,0.7589
1781857545749,26433,-0.5835,0.77271,0.54858,1.11287,47.5,119.625,-49.25,0.1303,0.4447,0.4616,0.7562
1781857545749,26433,-0.56689,0.78345,0.56006,1.11751,49.938,119.25,-52.188,0.1287,0.4498,0.4596,0.7547
1781857545750,26434,-0.52002,0.76538,0.45996,1.03334,74.938,77.25,-64.375,0.1198,0.496,0.434,0.7423
1781857545817,26501,-0.51074,0.73853,0.44897,1.00392,75.188,71.438,-68.125,0.1187,0.5023,0.4296,0.7408
1781857545817,26501,-0.50903,0.72754,0.43213,0.9875,74.625,68.312,-70.312,0.1184,0.5062,0.4262,0.7402
1781857545818,26502,-0.52539,0.73804,0.40723,0.99326,41.25,55.688,-68.812,0.109,0.5358,0.4001,0.7353
1781857545870,26554,-0.52539,0.73804,0.40723,0.99326,41.25,55.688,-68.812,0.109,0.5358,0.4001,0.7353
1781857545870,26554,-0.51904,0.76367,0.44971,1.02705,43.125,56.5,-68.75,0.1054,0.5416,0.3961,0.7337
1781857545872,26556,-0.45703,0.61035,0.3894,0.85618,56.812,45.0,-54.125,0.0997,0.5707,0.3662,0.728
1781857545929,26613,-0.45605,0.57935,0.37451,0.82697,51.25,39.938,-51.062,0.0985,0.5744,0.3632,0.7268
1781857545929,26613,-0.44727,0.57617,0.38672,0.82557,47.312,36.75,-50.875,0.0982,0.5764,0.3607,0.7264
1781857545930,26614,-0.48706,0.59448,0.43384,0.88253,45.938,2.562,-36.188,0.0946,0.5884,0.342,0.7263
1781857545989,26673,-0.48706,0.59448,0.43384,0.88253,45.938,2.562,-36.188,0.0946,0.5884,0.342,0.7263
1781857545989,26673,-0.48389,0.57202,0.37695,0.83872,47.375,-2.375,-29.625,0.095,0.5901,0.3389,0.7264
1781857545997,26681,-0.49365,0.51172,0.36987,0.80147,41.5,-16.0,-18.375,0.1018,0.5947,0.3245,0.7282
1781857546049,26733,-0.49365,0.51172,0.36987,0.80147,41.5,-16.0,-18.375,0.1018,0.5947,0.3245,0.7282
1781857546049,26733,-0.5166,0.48755,0.38013,0.80565,26.5,-21.438,-21.312,0.1033,0.5946,0.3211,0.7297
1781857546050,26734,-0.55859,0.52588,0.39331,0.86213,-0.5,-30.125,-24.062,0.1024,0.5888,0.3146,0.7373
1781857546109,26793,-0.56226,0.54102,0.40869,0.88083,-0.812,-29.875,-23.938,0.1022,0.5879,0.3138,0.7384
1781857546110,26794,-0.56958,0.54712,0.41992,0.89448,3.75,-31.062,-23.562,0.1008,0.5868,0.3139,0.7394
1781857546110,26794,-0.59302,0.43359,0.37671,0.82558,-9.312,-53.25,-10.25,0.1036,0.5749,0.3081,0.7507
1781857546170,26854,-0.59302,0.43359,0.37671,0.82558,-9.312,-53.25,-10.25,0.1036,0.5749,0.3081,0.7507
1781857546174,26858,-0.62988,0.41089,0.38403,0.84443,-24.25,-57.375,-10.062,0.102,0.5711,0.3095,0.7532
1781857546174,26858,-0.65625,0.52051,0.51489,0.98321,-50.312,-53.75,-8.312,0.0888,0.5503,0.3147,0.7681
1781857546230,26914,-0.61914,0.61865,0.55566,1.03674,-43.062,-54.0,-7.625,0.088,0.5479,0.3154,0.7697
1781857546230,26914,-0.48804,0.76855,0.63281,1.10874,-21.812,-60.562,-18.625,0.0874,0.5455,0.3159,0.7712
1781857546230,26914,-0.68579,0.46899,0.48438,0.96171,-59.062,-57.125,-16.125,0.085,0.5213,0.3168,0.7876
1781857546289,26973,-0.67871,0.51978,0.53516,1.00857,-56.312,-55.625,-20.688,0.0834,0.5186,0.3173,0.7894
1781857546289,26973,-0.65942,0.5564,0.60474,1.05362,-44.562,-58.812,-27.562,0.0801,0.5136,0.3181,0.7927
1781857546290,26974,-0.73486,0.30859,0.55005,0.9684,-73.188,-67.375,-62.625,0.0664,0.4876,0.3127,0.8123
1781857546349,27033,-0.73291,0.323,0.57007,0.98309,-82.375,-64.438,-69.0,0.0631,0.4844,0.3118,0.8148
1781857546349,27033,-0.74341,0.36987,0.61475,1.03314,-94.188,-62.125,-77.875,0.0548,0.478,0.3106,0.8196
1781857546350,27034,-0.90137,0.42383,0.67676,1.2042,-73.938,-33.062,-39.25,0.0216,0.4534,0.304,0.8374
1781857546417,27101,-0.86597,0.36255,0.65234,1.14319,-72.75,-17.25,-37.312,0.017,0.4508,0.3041,0.8389
1781857546418,27102,-0.86035,0.25342,0.65405,1.11005,-65.625,-1.062,-24.938,0.0108,0.4487,0.3046,0.84
1781857546418,27102,-0.75488,0.29712,0.67383,1.0546,-91.875,22.312,-15.188,-0.0173,0.4434,0.3129,0.8396
1781857546469,27153,-0.7771,0.323,0.67407,1.07823,-85.875,25.938,-14.688,-0.023,0.4429,0.3146,0.8391
1781857546469,27153,-0.78418,0.32349,0.67651,1.08501,-83.188,27.312,-14.062,-0.0247,0.4428,0.3151,0.8389
1781857546470,27154,-0.73291,0.29736,0.6145,1.0016,-27.0,37.688,15.25,-0.0459,0.4484,0.3222,0.8323
1781857546532,27216,-0.74609,0.22852,0.60132,0.98512,-28.938,41.438,14.0,-0.0484,0.4505,0.3241,0.8303
1781857546532,27216,-0.7644,0.17749,0.58569,0.97921,-35.125,43.938,11.125,-0.0501,0.4523,0.3241,0.8292
1781857546589,27273,-0.75952,0.2793,0.60962,1.01317,-67.438,60.812,-25.812,-0.0721,0.4611,0.3273,0.8215
1781857546589,27273,-0.77368,0.26807,0.64185,1.04039,-60.375,56.938,-33.75,-0.0794,0.4631,0.3272,0.8197
1781857546590,27274,-0.79492,0.24243,0.64941,1.05471,-53.312,47.625,-32.062,-0.0855,0.4651,0.3256,0.8186
1781857546708,27392,-0.7522,0.2229,0.5647,0.96663,-34.375,21.5,0.312,-0.1021,0.4693,0.3244,0.8148
1781857546709,27393,-0.78784,0.16138,0.56982,0.98561,-34.562,18.875,4.625,-0.1042,0.4696,0.3255,0.8139
1781857546709,27393,-0.74438,0.10938,0.55908,0.93736,-77.875,51.562,8.25,-0.1298,0.4765,0.3357,0.8019
1781857546712,27396,-0.79346,0.1709,0.61597,1.01892,-82.625,49.375,27.25,-0.1359,0.4777,0.3399,0.7985
1781857546770,27454,-0.82373,0.19141,0.63916,1.06004,-80.188,47.438,37.812,-0.1378,0.4786,0.3408,0.7971
1781857546770,27454,-0.79492,0.1853,0.5354,0.97616,-38.375,39.625,103.688,-0.1428,0.489,0.3665,0.7784
1781857546770,27454,-0.85181,0.06836,0.47412,0.97726,-94.5,34.062,-40.5,-0.1576,0.4931,0.3887,0.762
1781857546829,27513,-0.75171,0.0979,0.53003,0.92498,-100.5,36.812,-61.812,-0.165,0.4918,0.3889,0.7612
1781857546829,27513,-0.78223,0.06177,0.65942,1.02496,-92.125,30.625,-81.188,-0.1751,0.4897,0.3864,0.7615
1781857546830,27514,-0.93115,-0.1145,0.60352,1.11552,-55.625,-11.0,-45.625,-0.2049,0.4761,0.379,0.7664
1781857546898,27582,-0.95312,-0.14673,0.59497,1.13312,-57.625,-8.25,-38.438,-0.2075,0.4745,0.3789,0.7667
1781857546899,27583,-0.94946,-0.16431,0.60889,1.13983,-62.188,-3.312,-33.812,-0.2102,0.473,0.379,0.7669
1781857546899,27583,-0.87524,0.11035,0.60034,1.06707,-31.625,12.688,-115.562,-0.2441,0.4596,0.3644,0.7721
1781857546949,27633,-0.91772,0.12207,0.58325,1.09421,-29.875,12.125,-116.812,-0.2474,0.4583,0.361,0.7734
1781857546949,27633,-0.94409,0.13062,0.57324,1.11219,-30.188,16.125,-112.75,-0.2509,0.4572,0.3577,0.7745
1781857546950,27634,-0.91846,-0.18823,0.60474,1.11566,-9.75,19.562,-6.25,-0.2661,0.4589,0.3437,0.7747
1781857547009,27693,-0.92212,-0.18823,0.59155,1.11161,-18.438,21.75,-9.062,-0.2671,0.4592,0.3435,0.7742
1781857547009,27693,-0.87939,-0.15967,0.58032,1.06565,-25.625,23.875,-15.062,-0.2685,0.4595,0.3433,0.7738
1781857547010,27694,-0.91821,-0.04297,0.57007,1.08164,-23.062,35.375,-19.5,-0.2894,0.4603,0.3331,0.7702
1781857547071,27755,-0.93506,-0.04053,0.60352,1.11365,-18.438,32.125,-7.562,-0.2907,0.4609,0.3327,0.7694
1781857547071,27755,-0.89648,-0.06738,0.60132,1.08158,-15.562,24.625,-0.25,-0.2916,0.4614,0.3327,0.7687
1781857547072,27756,-1.04077,-0.21191,0.5332,1.18845,-60.75,23.188,-4.125,-0.3054,0.463,0.3374,0.7604
1781857547133,27817,-1.02319,-0.19556,0.49243,1.15224,-57.688,21.5,-3.938,-0.3077,0.4628,0.3382,0.7593
1781857547133,27817,-1.13306,-0.08447,0.55591,1.26491,-48.75,21.562,-2.25,-0.3096,0.4627,0.3389,0.7582
1781857547133,27817,-1.13306,-0.08447,0.55591,1.26491,-48.75,21.562,-2.25,-0.3096,0.4627,0.3389,0.7582
1781857547191,27875,-0.85571,-0.19263,0.43604,0.97953,-43.5,19.375,25.75,-0.3273,0.466,0.3421,0.7473
1781857547191,27875,-0.83008,-0.21582,0.43506,0.96171,-36.062,9.5,19.812,-0.3288,0.4661,0.3439,0.7457
1781857547192,27876,-1.01147,-0.09717,0.47607,1.12213,1.688,-6.188,25.312,-0.3308,0.4633,0.3512,0.7432
1781857547249,27933,-1.01245,-0.08862,0.49854,1.13201,10.875,-11.688,21.125,-0.3298,0.4633,0.3519,0.7432
1781857547250,27934,-0.88013,-0.05884,0.45117,0.99078,20.25,-9.75,14.812,-0.3287,0.4635,0.3523,0.7435
1781857547250,27934,-1.11621,-0.15283,0.521,1.24126,16.312,-23.062,-10.188,-0.3233,0.4614,0.3447,0.7507
1781857547310,27994,-1.0957,-0.12622,0.4812,1.20335,18.812,3.312,-1.25,-0.3219,0.4617,0.3433,0.7517
1781857547310,27994,-0.8833,-0.04834,0.34131,0.94818,20.062,10.5,2.062,-0.3214,0.4624,0.3428,0.7517
1781857547312,27996,-0.94092,-0.27832,0.36865,1.04819,11.062,29.875,1.625,-0.3097,0.4724,0.3397,0.7518
1781857547369,28053,-0.83862,-0.26831,0.33838,0.94328,-4.625,37.5,-20.312,-0.3109,0.4739,0.338,0.7511
1781857547369,28053,-0.82666,-0.26025,0.33936,0.93073,-9.25,37.375,-25.5,-0.3116,0.4743,0.3374,0.7509
1781857547370,28054,-0.82666,-0.26025,0.33936,0.93073,-9.25,37.375,-25.5,-0.3116,0.4743,0.3374,0.7509
1781857547433,28117,-0.9458,-0.03638,0.40259,1.02856,-23.938,37.625,4.812,-0.3352,0.4784,0.3223,0.7447
1781857547434,28118,-0.9353,-0.03735,0.40137,1.01847,-19.375,36.625,13.625,-0.3361,0.4794,0.3226,0.7435
1781857547434,28118,-0.9353,-0.03735,0.40137,1.01847,-19.375,36.625,13.625,-0.3361,0.4794,0.3226,0.7435
1781857547492,28176,-0.85742,-0.10645,0.33887,0.92808,-27.688,42.438,17.125,-0.342,0.495,0.3253,0.7293
1781857547500,28184,-0.86597,-0.104,0.32031,0.92915,-25.562,40.312,17.062,-0.3435,0.4967,0.3261,0.7271
1781857547500,28184,-0.8645,-0.04419,0.31274,0.92039,-7.625,49.062,55.625,-0.346,0.5131,0.3322,0.7116
1781857547551,28235,-0.82861,-0.05347,0.28589,0.87817,-2.188,47.062,57.438,-0.3446,0.517,0.3328,0.7091
1781857547559,28243,-0.81494,-0.07617,0.26611,0.86067,0.0,45.875,56.312,-0.344,0.5192,0.3339,0.7073
1781857547559,28243,-0.82153,-0.05518,0.29663,0.87519,-0.562,43.0,22.938,-0.3425,0.5369,0.3373,0.693
1781857547609,28293,-0.85742,-0.01123,0.32446,0.91683,6.75,35.438,24.312,-0.3417,0.5404,0.3366,0.6911
1781857547609,28293,-0.83691,-0.01221,0.30884,0.89216,12.375,34.562,25.188,-0.3412,0.5419,0.3366,0.6901
1781857547610,28294,-0.86157,-0.12134,0.17993,0.88848,21.938,43.312,52.062,-0.3312,0.5609,0.3361,0.68
1781857547670,28354,-0.88452,-0.15308,0.16406,0.91254,13.438,46.75,43.812,-0.3295,0.5645,0.3361,0.6779
1781857547671,28355,-0.88647,-0.14502,0.16162,0.91268,7.75,49.125,37.125,-0.3291,0.5665,0.3363,0.6763
1781857547671,28355,-0.45654,-0.01587,0.35767,0.58018,-3.688,18.438,-25.938,-0.334,0.5781,0.3305,0.6668
1781857547729,28413,-1.00586,0.03564,0.1875,1.02381,-17.75,24.625,-65.688,-0.3372,0.5775,0.328,0.6671
1781857547729,28413,-1.1377,0.09741,0.29468,1.17927,28.188,4.0,-13.5,-0.3377,0.5775,0.3261,0.6677
1781857547730,28414,-0.96704,-0.03735,0.20679,0.98961,0.0,50.0,-1.0,-0.3392,0.5888,0.3192,0.6603
1781857547789,28473,-0.92676,-0.03662,0.17529,0.9439,9.75,45.5,-12.562,-0.3411,0.5911,0.3177,0.658
1781857547789,28473,-0.9248,-0.04639,0.17871,0.94306,11.125,44.312,-16.0,-0.3414,0.5917,0.317,0.6577
1781857547790,28474,-0.97339,-0.24731,0.07153,1.00686,-24.438,20.812,-95.5,-0.36,0.5914,0.2973,0.6572
1781857547849,28533,-0.96777,-0.24316,0.05957,0.99963,-43.688,21.125,-104.188,-0.3681,0.5884,0.2929,0.6574
1781857547849,28533,-0.96802,-0.23096,0.08081,0.99846,-49.438,22.812,-108.25,-0.3724,0.5867,0.2907,0.6575
1781857547850,28534,-0.99414,-0.27515,0.13647,1.0405,-72.938,31.938,-126.812,-0.4217,0.5665,0.2683,0.6549
1781857547909,28593,-0.98975,-0.25244,0.1438,1.0315,-73.562,29.062,-123.938,-0.4276,0.564,0.2664,0.6541
1781857547909,28593,-0.95337,-0.26636,0.12427,0.99765,-73.062,27.938,-124.25,-0.4329,0.5616,0.2642,0.6535
1781857547914,28598,-0.88477,-0.33838,0.06055,0.9492,-74.188,52.0,-62.062,-0.4755,0.5492,0.2485,0.6405
1781857547968,28652,-0.83911,-0.41846,0.0481,0.9389,-70.25,47.688,-60.188,-0.483,0.5482,0.2459,0.6367
1781857547969,28653,-0.84595,-0.46899,0.02905,0.96769,-74.0,44.312,-62.25,-0.4869,0.5474,0.2449,0.6348
1781857547970,28654,-0.7981,-0.4082,-0.00317,0.89644,-107.312,40.375,-132.938,-0.5319,0.5318,0.2315,0.6167
1781857548029,28713,-0.7981,-0.4082,-0.00317,0.89644,-107.312,40.375,-132.938,-0.5319,0.5318,0.2315,0.6167
1781857548030,28714,-0.78735,-0.42017,0.00903,0.89249,-102.25,37.375,-141.375,-0.5382,0.5286,0.2293,0.6149
1781857548030,28714,-0.81567,-0.50098,-0.06909,0.95973,-101.0,6.688,-170.812,-0.6092,0.4774,0.1954,0.6021
1781857548091,28775,-0.81567,-0.50098,-0.06909,0.95973,-101.0,6.688,-170.812,-0.6092,0.4774,0.1954,0.6021
1781857548091,28775,-0.82446,-0.54712,-0.11401,0.99603,-94.312,4.25,-167.562,-0.6239,0.4648,0.189,0.5989
1781857548091,28775,-0.81128,-0.61157,-0.16968,1.03004,-86.375,0.125,-173.0,-0.6715,0.4183,0.1649,0.5887
1781857548154,28838,-0.81128,-0.61157,-0.16968,1.03004,-86.375,0.125,-173.0,-0.6715,0.4183,0.1649,0.5887
1781857548155,28839,-0.78149,-0.64819,-0.20972,1.03676,-93.312,1.375,-153.062,-0.6875,0.4015,0.1582,0.5838
1781857548155,28839,-0.66626,-0.92407,-0.29224,1.1761,-118.25,11.938,-222.625,-0.7336,0.3508,0.1343,0.5661
1781857548210,28894,-0.66626,-0.92407,-0.29224,1.1761,-118.25,11.938,-222.625,-0.7336,0.3508,0.1343,0.5661
1781857548211,28895,-0.64575,-0.85596,-0.26562,1.10463,-120.312,14.0,-247.375,-0.7434,0.3388,0.1276,0.5621
1781857548211,28895,-0.49072,-0.81567,-0.37646,1.02365,-100.75,23.438,-164.312,-0.803,0.2584,0.0822,0.5303
1781857548271,28955,-0.4563,-0.8938,-0.40918,1.08375,-97.938,20.688,-170.125,-0.8072,0.2528,0.0787,0.5274
1781857548272,28956,-0.46924,-0.95874,-0.48828,1.17379,-103.5,19.75,-188.062,-0.8162,0.2388,0.0722,0.5209
1781857548272,28956,-0.38452,-0.8064,-0.57104,1.06029,-119.688,36.562,-178.625,-0.8538,0.1794,0.0361,0.4871
1781857548331,29015,-0.35059,-0.77393,-0.53223,1.00257,-122.125,32.875,-157.188,-0.8594,0.1712,0.0305,0.4804
1781857548331,29015,-0.23364,-0.63379,-0.37378,0.772,-106.312,11.438,-119.312,-0.8666,0.1598,0.0256,0.4717
1781857548332,29016,-0.18872,-0.66992,-0.57031,0.89982,-78.812,36.25,-122.812,-0.8908,0.1167,-0.0009,0.4388
1781857548388,29072,-0.26392,-0.72949,-0.60034,0.98093,-68.75,34.688,-118.812,-0.8927,0.1129,-0.004,0.4359
1781857548388,29072,-0.19263,-0.70752,-0.67432,0.99619,-65.688,41.375,-102.875,-0.8957,0.1056,-0.0079,0.4317
1781857548390,29074,-0.02637,-0.77222,-0.66748,1.02105,-63.75,43.312,-85.812,-0.9088,0.0772,-0.0332,0.4084
1781857548449,29133,-0.02808,-0.74927,-0.63574,0.98304,-63.125,39.625,-83.375,-0.9108,0.0735,-0.0375,0.4043
1781857548449,29133,-0.02319,-0.72607,-0.66553,0.98521,-57.5,36.938,-80.0,-0.9135,0.0656,-0.0416,0.3992
1781857548449,29133,0.05957,-0.6311,-0.62646,0.89123,-50.312,35.062,-64.188,-0.9226,0.0422,-0.0623,0.3782
1781857548508,29192,0.06689,-0.61768,-0.62378,0.8804,-45.438,32.125,-61.125,-0.9233,0.0405,-0.0646,0.3761
1781857548508,29192,0.10083,-0.64111,-0.66553,0.92958,-36.562,24.75,-55.938,-0.9248,0.0346,-0.0677,0.3726
1781857548510,29194,0.10083,-0.64111,-0.66553,0.92958,-36.562,24.75,-55.938,-0.9248,0.0346,-0.0677,0.3726
1781857548571,29255,0.13647,-0.62183,-0.71899,0.96034,-34.688,16.562,-49.312,-0.9301,0.0175,-0.08,0.3577
1781857548571,29255,0.13428,-0.59814,-0.70337,0.93302,-35.312,16.375,-49.938,-0.9306,0.0158,-0.0814,0.3561
1781857548571,29255,0.14233,-0.51758,-0.69897,0.88131,-15.062,-0.188,-18.312,-0.9344,-0.0017,-0.0891,0.3445
1781857548629,29313,0.15161,-0.53662,-0.70557,0.89932,-11.75,-0.938,-14.75,-0.9346,-0.0023,-0.0892,0.3439
1781857548629,29313,0.17529,-0.55762,-0.71021,0.91981,-9.5,-1.938,-12.812,-0.9348,-0.0028,-0.0894,0.3435
1781857548630,29314,0.14404,-0.62622,-0.72632,0.96976,-15.625,-1.688,-26.688,-0.936,-0.0168,-0.0907,0.3394
1781857548694,29378,0.15308,-0.6001,-0.72021,0.94987,-17.188,-2.688,-24.312,-0.9362,-0.0178,-0.091,0.3386
1781857548694,29378,0.15405,-0.58667,-0.71313,0.9362,-16.938,-3.938,-21.938,-0.9365,-0.0187,-0.0911,0.3378
1781857548694,29378,0.16382,-0.59375,-0.72656,0.95251,-3.875,-8.625,-21.5,-0.9378,-0.0313,-0.0908,0.3334
1781857548752,29436,0.09888,-0.59692,-0.71631,0.93765,-2.062,-8.5,-19.438,-0.9378,-0.0322,-0.0907,0.3333
1781857548752,29436,0.18091,-0.58618,-0.74097,0.96196,-1.688,-2.562,-13.0,-0.9378,-0.0328,-0.0908,0.3331
1781857548752,29436,0.13745,-0.60693,-0.77637,0.99499,-10.625,-12.188,-7.0,-0.9392,-0.0403,-0.0876,0.3292
1781857548808,29492,0.16992,-0.61621,-0.77393,1.00377,-11.125,-9.625,-7.562,-0.9394,-0.0407,-0.0873,0.3287
1781857548809,29493,0.18872,-0.62891,-0.75928,1.00381,-10.875,-9.625,-9.625,-0.9396,-0.0411,-0.0871,0.3282
1781857548811,29495,0.20874,-0.64746,-0.76123,1.02091,-9.75,-11.375,-8.25,-0.9407,-0.0494,-0.0844,0.3243
1781857548870,29554,0.19775,-0.62988,-0.77026,1.01448,-12.438,-14.562,-11.688,-0.941,-0.0503,-0.0838,0.3235
1781857548870,29554,0.18042,-0.60815,-0.77905,1.00465,-12.562,-15.312,-12.188,-0.9412,-0.0509,-0.0834,0.3229
1781857548871,29555,0.15259,-0.60449,-0.79932,1.01371,1.188,-14.438,4.312,-0.9422,-0.0567,-0.0772,0.3207
1781857548929,29613,0.16333,-0.60718,-0.80737,1.02332,-1.312,-12.562,5.625,-0.9423,-0.0567,-0.0766,0.3207
1781857548929,29613,0.16968,-0.60913,-0.79077,1.0125,-4.562,-11.625,6.875,-0.9424,-0.0565,-0.0761,0.3205
1781857548930,29614,0.16602,-0.59766,-0.8064,1.01736,-4.25,-17.812,5.688,-0.9438,-0.0572,-0.0679,0.3181
1781857548991,29675,0.17554,-0.59937,-0.79199,1.00861,-4.062,-16.875,3.312,-0.9439,-0.0573,-0.0671,0.3179
1781857548991,29675,0.16919,-0.62207,-0.79004,1.01969,-3.562,-16.438,-2.25,-0.944,-0.0576,-0.0662,0.3176
1781857548992,29676,0.13672,-0.53662,-0.78491,0.96059,-5.938,-18.312,13.0,-0.9454,-0.0608,-0.0604,0.3141
1781857549049,29733,0.13672,-0.53662,-0.78491,0.96059,-5.938,-18.312,13.0,-0.9454,-0.0608,-0.0604,0.3141
1781857549049,29733,0.12915,-0.55591,-0.79077,0.97521,-3.938,-20.062,15.938,-0.9456,-0.0603,-0.0589,0.3138
1781857549050,29734,0.09448,-0.5625,-0.78833,0.97304,-2.625,-6.5,-2.125,-0.9465,-0.0612,-0.0513,0.3124
1781857549113,29797,0.08765,-0.5498,-0.79028,0.9667,-1.062,-6.438,-0.562,-0.9465,-0.0613,-0.051,0.3123
1781857549113,29797,0.08716,-0.54102,-0.79126,0.96249,0.0,-6.438,2.125,-0.9465,-0.0614,-0.0507,0.3122
1781857549113,29797,0.11621,-0.625,-0.79248,1.01595,-9.125,-8.938,7.375,-0.947,-0.0596,-0.0465,0.312
1781857549171,29855,0.11255,-0.61597,-0.78296,1.00255,-11.0,-8.75,4.938,-0.9472,-0.0595,-0.046,0.3115
1781857549172,29856,0.10962,-0.59888,-0.78662,0.99471,-12.0,-9.188,2.625,-0.9473,-0.0595,-0.0457,0.311
1781857549173,29857,0.09644,-0.52246,-0.79126,0.95308,3.062,-6.75,10.938,-0.948,-0.0607,-0.0422,0.3092
1781857549232,29916,0.08984,-0.53345,-0.78345,0.95206,4.438,-7.25,13.812,-0.948,-0.0603,-0.0418,0.3093
1781857549234,29918,0.07642,-0.54443,-0.77881,0.9533,6.062,-8.062,16.875,-0.948,-0.0597,-0.0412,0.3095
1781857549234,29918,0.07642,-0.54443,-0.77881,0.9533,6.062,-8.062,16.875,-0.948,-0.0597,-0.0412,0.3095
1781857549294,29978,0.08569,-0.6189,-0.80176,1.01646,0.25,-7.812,-1.188,-0.9479,-0.056,-0.0359,0.3113
1781857549294,29978,0.08838,-0.60376,-0.8064,1.01124,0.438,-7.312,-3.938,-0.9479,-0.0562,-0.0356,0.3113
1781857549295,29979,0.0752,-0.63843,-0.78564,1.01513,-3.938,-0.062,6.5,-0.9476,-0.0574,-0.0351,0.3117
1781857549349,30033,0.09033,-0.63208,-0.77515,1.00426,-7.375,-1.625,7.75,-0.9478,-0.0569,-0.035,0.3114
1781857549349,30033,0.09448,-0.61694,-0.77563,0.99557,-7.562,-3.438,7.5,-0.9479,-0.0566,-0.0349,0.311
1781857549350,30034,0.09448,-0.61694,-0.77563,0.99557,-7.562,-3.438,7.5,-0.9479,-0.0566,-0.0349,0.311
1781857549411,30095,0.09448,-0.61694,-0.77563,0.99557,-7.562,-3.438,7.5,-0.9479,-0.0566,-0.0349,0.311
1781857549417,30101,0.08374,-0.60156,-0.78906,0.99575,-0.375,-0.062,-3.812,-0.9482,-0.0572,-0.0336,0.3103
1781857549418,30102,0.08325,-0.62622,-0.7981,1.01786,-0.062,0.562,1.875,-0.9479,-0.0562,-0.0331,0.3113
1781857549469,30153,0.08398,-0.62695,-0.80078,1.02048,0.0,1.0,0.062,-0.9479,-0.0562,-0.0332,0.3114
1781857549469,30153,0.08374,-0.62305,-0.80029,1.01768,-0.562,1.562,-1.688,-0.9479,-0.0562,-0.0332,0.3114
1781857549531,30215,0.09131,-0.58984,-0.79858,0.99699,6.688,2.625,-3.75,-0.9474,-0.0594,-0.0344,0.3122
1781857549531,30215,0.08472,-0.59595,-0.79419,0.99653,6.438,1.875,-1.875,-0.9473,-0.0596,-0.0347,0.3126
1781857549531,30215,0.08472,-0.59668,-0.79419,0.99697,6.062,1.188,-0.688,-0.9472,-0.0596,-0.0347,0.3128
1781857549589,30273,0.08472,-0.59668,-0.79419,0.99697,6.062,1.188,-0.688,-0.9472,-0.0596,-0.0347,0.3128
1781857549589,30273,0.07861,-0.61523,-0.78589,1.00116,2.312,2.562,-2.0,-0.9467,-0.059,-0.0347,0.3146
1781857549589,30273,0.08862,-0.65356,-0.77832,1.02019,-2.625,2.312,3.0,-0.9462,-0.0583,-0.0355,0.3158
1781857549649,30333,0.08594,-0.62793,-0.77002,0.9973,-3.5,1.938,0.375,-0.9463,-0.0585,-0.0356,0.3156
1781857549649,30333,0.07861,-0.62622,-0.7644,0.99129,-2.188,1.188,-0.188,-0.9464,-0.0585,-0.0356,0.3155
1781857549650,30334,0.09058,-0.62256,-0.78027,1.0023,1.688,2.938,3.0,-0.9461,-0.0578,-0.0365,0.3162
1781857549709,30393,0.09424,-0.62329,-0.78174,1.00423,1.875,2.562,3.375,-0.946,-0.0585,-0.0364,0.3164
1781857549709,30393,0.09302,-0.62451,-0.78003,1.00355,1.875,2.75,3.312,-0.946,-0.0584,-0.0364,0.3165
1781857549709,30393,0.10791,-0.63818,-0.76465,1.0018,0.062,3.438,0.688,-0.9457,-0.058,-0.0372,0.3174
1781857549773,30457,0.10791,-0.63818,-0.76465,1.0018,0.062,3.438,0.688,-0.9457,-0.058,-0.0372,0.3174
1781857549773,30457,0.10791,-0.63062,-0.76001,0.99345,1.938,1.875,-0.875,-0.9456,-0.058,-0.0374,0.3175
1781857549773,30457,0.08447,-0.62793,-0.77051,0.99755,3.938,2.5,-2.812,-0.9449,-0.0588,-0.0382,0.3195
1781857549829,30513,0.08447,-0.62793,-0.77051,0.99755,3.938,2.5,-2.812,-0.9449,-0.0588,-0.0382,0.3195
1781857549829,30513,0.07202,-0.61768,-0.76147,0.98313,4.562,2.812,-0.812,-0.9448,-0.059,-0.0385,0.3198
1781857549830,30514,0.09692,-0.62891,-0.76416,0.99441,1.938,2.562,2.25,-0.9444,-0.0568,-0.0394,0.3211
1781857549890,30574,0.09058,-0.63135,-0.75928,0.99162,3.438,3.125,-0.688,-0.9443,-0.0567,-0.0396,0.3214
1781857549891,30575,0.08618,-0.63501,-0.76611,0.9988,3.625,3.312,-1.125,-0.9442,-0.0567,-0.0397,0.3215
1781857549891,30575,0.10571,-0.63135,-0.76929,1.00079,1.875,3.625,3.438,-0.9439,-0.056,-0.0414,0.3226
1781857549949,30633,0.10571,-0.63135,-0.76929,1.00079,1.875,3.625,3.438,-0.9439,-0.056,-0.0414,0.3226
1781857549949,30633,0.10938,-0.63477,-0.76758,1.00203,0.125,3.312,6.125,-0.9438,-0.0562,-0.0414,0.3228
1781857549951,30635,0.10132,-0.62549,-0.75757,0.98763,-2.875,2.875,-1.0,-0.9442,-0.054,-0.0422,0.322
1781857550012,30696,0.10132,-0.62549,-0.75757,0.98763,-2.875,2.875,-1.0,-0.9442,-0.054,-0.0422,0.322
1781857550013,30697,0.10449,-0.62158,-0.76147,0.9885,-0.938,3.25,-2.062,-0.9442,-0.0539,-0.0427,0.3218
1781857550014,30698,0.11255,-0.67188,-0.76855,1.02701,-2.062,3.688,0.75,-0.9439,-0.0541,-0.0438,0.3224
1781857550071,30755,0.11255,-0.67188,-0.76855,1.02701,-2.062,3.688,0.75,-0.9439,-0.0541,-0.0438,0.3224
1781857550071,30755,0.11255,-0.65186,-0.76831,1.01385,-6.938,3.188,-0.875,-0.9441,-0.0543,-0.0442,0.3218
1781857550071,30755,0.12109,-0.63745,-0.76099,1.00005,-1.562,3.688,-0.375,-0.9445,-0.0545,-0.0459,0.3204
1781857550129,30813,0.12109,-0.63745,-0.76099,1.00005,-1.562,3.688,-0.375,-0.9445,-0.0545,-0.0459,0.3204
1781857550129,30813,0.12207,-0.63916,-0.76245,1.00238,-3.312,2.938,-2.125,-0.9445,-0.0546,-0.0463,0.3203
1781857550132,30816,0.1123,-0.61304,-0.76538,0.98703,-1.375,1.5,6.438,-0.945,-0.0536,-0.0469,0.319
1781857550189,30873,0.1189,-0.63257,-0.76807,1.0021,-0.188,1.812,4.812,-0.945,-0.0532,-0.0469,0.319
1781857550189,30873,0.10938,-0.64575,-0.77271,1.01293,-0.188,2.438,0.0,-0.945,-0.0534,-0.047,0.319
1781857550190,30874,0.104,-0.59595,-0.76465,0.97502,-5.875,4.25,0.375,-0.9453,-0.0544,-0.0487,0.3175
1781857550249,30933,0.10254,-0.58887,-0.75928,0.96632,-5.0,3.938,1.0,-0.9454,-0.0543,-0.0488,0.3173
1781857550252,30936,0.104,-0.5835,-0.75879,0.96283,-1.438,4.25,2.125,-0.9454,-0.0541,-0.0493,0.3171
1781857550253,30937,0.13086,-0.61475,-0.75513,0.98247,3.375,0.562,5.312,-0.9453,-0.052,-0.0501,0.3176
1781857550309,30993,0.12671,-0.62085,-0.75977,0.98932,4.562,-0.062,4.875,-0.9453,-0.0518,-0.0501,0.3179
1781857550310,30994,0.12646,-0.62964,-0.78516,1.01435,3.688,0.438,1.5,-0.9452,-0.0516,-0.0501,0.3182
1781857550310,30994,0.11719,-0.63916,-0.78149,1.01636,3.875,0.562,0.188,-0.9448,-0.0508,-0.0509,0.3194
1781857550370,31054,0.11719,-0.63916,-0.78149,1.01636,3.875,0.562,0.188,-0.9448,-0.0508,-0.0509,0.3194
1781857550370,31054,0.10352,-0.63135,-0.77515,1.00507,2.875,0.438,0.5,-0.9447,-0.0507,-0.0509,0.3197
1781857550371,31055,0.09985,-0.67993,-0.78101,1.04031,-2.25,4.188,-0.625,-0.9444,-0.0487,-0.0513,0.3207
1781857550428,31112,0.09766,-0.66626,-0.78027,1.03066,-3.375,4.75,-2.875,-0.9445,-0.0487,-0.0516,0.3206
1781857550429,31113,0.10181,-0.64185,-0.77271,1.00966,-3.688,4.688,-3.562,-0.9445,-0.0496,-0.052,0.3203
1781857550430,31114,0.11841,-0.64795,-0.76538,1.00979,1.25,2.812,7.438,-0.9444,-0.0485,-0.0523,0.3206
1781857550488,31172,0.12988,-0.65137,-0.77319,1.0193,0.625,3.188,6.125,-0.9444,-0.0482,-0.0524,0.3206
1781857550489,31173,0.12988,-0.65625,-0.76416,1.01562,-2.062,2.625,3.062,-0.9445,-0.0476,-0.0527,0.3206
1781857550490,31174,0.12744,-0.62134,-0.76587,0.99441,0.375,1.938,-3.312,-0.9445,-0.0475,-0.0535,0.3202
1781857550549,31233,0.11694,-0.61206,-0.76514,0.98678,1.0,1.562,-3.688,-0.9445,-0.0476,-0.0537,0.3203
1781857550549,31233,0.09375,-0.61597,-0.75854,0.98163,2.562,1.562,-2.312,-0.9444,-0.0482,-0.0538,0.3204
1781857550549,31233,0.1272,-0.63379,-0.76465,1.00128,0.375,3.188,3.75,-0.9442,-0.0472,-0.0544,0.3211
1781857550609,31293,0.12402,-0.65161,-0.75586,1.00564,0.812,2.188,1.375,-0.9442,-0.0469,-0.0546,0.3212
1781857550611,31295,0.12402,-0.64795,-0.77002,1.01398,1.5,1.5,-1.75,-0.9441,-0.0469,-0.0547,0.3214
1781857550619,31303,0.13623,-0.65576,-0.78174,1.02942,7.375,1.312,5.375,-0.9435,-0.0463,-0.0551,0.3231
1781857550671,31355,0.12793,-0.66602,-0.77759,1.03179,5.5,0.562,4.188,-0.9434,-0.0462,-0.055,0.3234
1781857550671,31355,0.11035,-0.6582,-0.76074,1.012,1.25,0.625,2.375,-0.9433,-0.0462,-0.0549,0.3236
1781857550671,31355,0.10327,-0.65479,-0.76294,1.01069,-3.438,1.312,-0.562,-0.9435,-0.0458,-0.0551,0.3233
1781857550731,31415,0.10449,-0.65186,-0.76343,1.00928,-2.688,1.125,-1.625,-0.9435,-0.0458,-0.0552,0.3231
1781857550731,31415,0.10303,-0.64868,-0.76758,1.01024,-2.312,1.062,-1.938,-0.9436,-0.0459,-0.0552,0.3231
1781857550731,31415,0.11401,-0.63208,-0.76807,1.00122,-2.125,0.562,2.062,-0.9437,-0.0462,-0.0558,0.3224
1781857550789,31473,0.11401,-0.63208,-0.76807,1.00122,-2.125,0.562,2.062,-0.9437,-0.0462,-0.0558,0.3224
1781857550789,31473,0.1228,-0.63867,-0.76929,1.00737,-2.938,1.062,2.875,-0.9437,-0.046,-0.0558,0.3223
1781857550791,31475,0.11792,-0.61108,-0.7583,0.98099,-2.812,2.312,-4.562,-0.9441,-0.048,-0.0568,0.3208
1781857550852,31536,0.12378,-0.6062,-0.75098,0.97302,-1.25,1.312,-2.562,-0.9441,-0.0482,-0.057,0.3207
1781857550852,31536,0.12183,-0.62231,-0.76562,0.99413,0.0,0.188,-0.812,-0.9441,-0.0483,-0.0571,0.3207
1781857550852,31536,0.10864,-0.62695,-0.76733,0.99683,-0.438,0.062,-2.312,-0.9442,-0.0489,-0.0572,0.3204
1781857550908,31592,0.10571,-0.61963,-0.77075,0.99457,-0.25,0.562,-1.125,-0.9442,-0.049,-0.0572,0.3203
1781857550908,31592,0.1189,-0.62134,-0.77246,0.99845,-0.312,0.5,0.0,-0.9442,-0.049,-0.0572,0.3204
1781857550909,31593,0.12158,-0.62305,-0.77759,1.0038,-1.25,1.0,-2.875,-0.9442,-0.0496,-0.0578,0.3201
1781857550970,31654,0.12134,-0.60913,-0.77368,0.99214,-2.812,0.875,-2.438,-0.9442,-0.0497,-0.0579,0.3199
1781857550970,31654,0.1167,-0.60254,-0.75342,0.97176,-1.625,0.562,-1.125,-0.9443,-0.0498,-0.058,0.3198
1781857550971,31655,0.1272,-0.61255,-0.76562,0.98872,-4.188,2.312,-1.938,-0.9443,-0.0504,-0.0585,0.3195
1781857551028,31712,0.13184,-0.60278,-0.76196,0.98047,-2.5,1.438,-0.625,-0.9443,-0.0504,-0.0586,0.3193
1781857551029,31713,0.12988,-0.59814,-0.76489,0.97965,-0.688,-0.062,0.5,-0.9444,-0.0504,-0.0586,0.3193
1781857551029,31713,0.1106,-0.6333,-0.76953,1.00274,3.062,1.312,3.125,-0.944,-0.0505,-0.0578,0.3206
1781857551091,31775,0.11499,-0.63745,-0.76709,1.00399,3.062,1.562,3.062,-0.9439,-0.0504,-0.0578,0.3207
1781857551092,31776,0.12793,-0.63989,-0.76855,1.00822,2.938,1.938,2.562,-0.9439,-0.0503,-0.0578,0.3209
1781857551092,31776,0.12793,-0.63989,-0.76855,1.00822,2.938,1.938,2.562,-0.9439,-0.0503,-0.0578,0.3209
1781857551148,31832,0.11255,-0.60156,-0.771,0.98437,0.125,1.875,-1.938,-0.9437,-0.0509,-0.0586,0.3213
1781857551148,31832,0.11108,-0.60303,-0.7666,0.98166,1.188,2.0,-0.5,-0.9437,-0.0509,-0.0587,0.3214
1781857551149,31833,0.13086,-0.62378,-0.76709,0.99732,-1.812,1.5,-1.625,-0.9434,-0.0504,-0.0593,0.322
1781857551210,31894,0.12598,-0.61548,-0.76758,0.9919,-1.688,1.5,-1.688,-0.9434,-0.0504,-0.0594,0.322
1781857551210,31894,0.12598,-0.61523,-0.7666,0.99099,-0.812,1.062,-1.375,-0.9434,-0.0505,-0.0595,0.3219
1781857551210,31894,0.12598,-0.61523,-0.7666,0.99099,-0.812,1.062,-1.375,-0.9434,-0.0505,-0.0595,0.3219
1781857551268,31952,0.11987,-0.60986,-0.7644,0.9852,0.438,0.5,-2.0,-0.9434,-0.0502,-0.0599,0.3221
1781857551269,31953,0.12085,-0.60791,-0.76709,0.9862,1.562,0.875,-1.312,-0.9433,-0.0502,-0.0599,0.3222
1781857551270,31954,0.12085,-0.60791,-0.76709,0.9862,1.562,0.875,-1.312,-0.9433,-0.0502,-0.0599,0.3222
1781857551334,32018,0.13086,-0.63232,-0.77173,1.00624,0.438,1.312,-0.562,-0.9432,-0.0504,-0.0605,0.3222
1781857551335,32019,0.1311,-0.63232,-0.77319,1.0074,0.062,0.938,-0.938,-0.9432,-0.0504,-0.0606,0.3222
1781857551335,32019,0.1311,-0.63232,-0.77319,1.0074,0.062,0.938,-0.938,-0.9432,-0.0504,-0.0606,0.3222
1781857551389,32073,0.12891,-0.62598,-0.76733,0.99863,-2.25,-0.938,1.938,-0.9432,-0.0505,-0.0605,0.3223
1781857551389,32073,0.1333,-0.61816,-0.77148,0.99754,-2.438,-1.188,2.25,-0.9432,-0.0505,-0.0604,0.3222
1781857551392,32076,0.1333,-0.61816,-0.77148,0.99754,-2.438,-1.188,2.25,-0.9432,-0.0505,-0.0604,0.3222
1781857551449,32133,0.125,-0.61523,-0.76709,0.99124,-2.75,0.0,0.312,-0.9432,-0.0505,-0.0599,0.3225
1781857551449,32133,0.13037,-0.61108,-0.76514,0.98785,-3.062,-0.375,1.5,-0.9432,-0.0504,-0.0599,0.3224
1781857551449,32133,0.13037,-0.61108,-0.76514,0.98785,-3.062,-0.375,1.5,-0.9432,-0.0504,-0.0599,0.3224
1781857551511,32195,0.11719,-0.61963,-0.7666,0.99265,-2.0,0.438,-2.688,-0.9434,-0.0511,-0.0588,0.322
1781857551511,32195,0.11719,-0.61182,-0.76831,0.98912,-0.875,0.375,-2.25,-0.9434,-0.0512,-0.0588,0.3219
1781857551517,32201,0.12695,-0.64771,-0.77856,1.02069,1.125,-0.75,1.0,-0.9432,-0.0502,-0.0584,0.3229
1781857551569,32253,0.12695,-0.64771,-0.77856,1.02069,1.125,-0.75,1.0,-0.9432,-0.0502,-0.0584,0.3229
1781857551569,32253,0.12598,-0.63013,-0.77661,1.008,0.25,-0.375,-1.312,-0.9432,-0.0503,-0.0584,0.3229
1781857551569,32253,0.12598,-0.63013,-0.77661,1.008,0.25,-0.375,-1.312,-0.9432,-0.0503,-0.0584,0.3229
1781857551632,32316,0.13501,-0.60034,-0.76636,0.98282,1.688,-0.375,4.375,-0.9428,-0.0499,-0.058,0.3242
1781857551632,32316,0.12915,-0.59863,-0.75586,0.97281,3.562,-2.25,5.438,-0.9428,-0.0496,-0.0578,0.3244
1781857551632,32316,0.1167,-0.64917,-0.7627,1.00834,2.312,0.125,-2.188,-0.942,-0.0506,-0.0567,0.3265
1781857551689,32373,0.1167,-0.64917,-0.7627,1.00834,2.312,0.125,-2.188,-0.942,-0.0506,-0.0567,0.3265
1781857551690,32374,0.11182,-0.6438,-0.76611,1.00693,1.188,0.0,-1.25,-0.942,-0.0508,-0.0567,0.3267
1781857551690,32374,0.12036,-0.6311,-0.76636,1.00004,9.25,-1.938,3.625,-0.9415,-0.0501,-0.0554,0.3283
1781857551749,32433,0.10889,-0.63599,-0.77002,1.00462,8.812,-1.562,2.062,-0.9412,-0.0512,-0.055,0.3289
1781857551750,32434,0.10327,-0.64551,-0.76587,1.00693,8.562,-0.875,1.438,-0.9411,-0.0511,-0.0549,0.3293
1781857551750,32434,0.10327,-0.64551,-0.76587,1.00693,8.562,-0.875,1.438,-0.9411,-0.0511,-0.0549,0.3293
1781857551809,32493,0.10156,-0.62305,-0.76416,0.99118,3.125,0.125,5.0,-0.9406,-0.0507,-0.0548,0.331
1781857551810,32494,0.12134,-0.62866,-0.76514,0.99768,4.875,2.188,5.188,-0.9404,-0.051,-0.0546,0.3314
1781857551810,32494,0.12085,-0.62695,-0.76221,0.9943,1.5,0.688,3.562,-0.9398,-0.0509,-0.054,0.3333
1781857551868,32552,0.12085,-0.62695,-0.76221,0.9943,1.5,0.688,3.562,-0.9398,-0.0509,-0.054,0.3333
1781857551869,32553,0.1228,-0.61426,-0.76245,0.98678,1.875,0.312,4.25,-0.9398,-0.0506,-0.0539,0.3334
1781857551869,32553,0.10571,-0.63281,-0.75586,0.99144,4.938,0.312,8.438,-0.939,-0.05,-0.052,0.3358
1781857551930,32614,0.10645,-0.63354,-0.7478,0.98586,5.875,0.5,9.062,-0.9389,-0.0509,-0.0513,0.3363
1781857551930,32614,0.12061,-0.63989,-0.74976,0.99305,7.062,0.125,8.75,-0.9387,-0.0504,-0.0512,0.3368
1781857551941,32625,0.09229,-0.64551,-0.7395,0.98593,6.875,-3.25,10.688,-0.9381,-0.0496,-0.0488,0.3391
1781857551988,32672,0.08545,-0.66797,-0.75439,1.01123,7.375,-1.562,10.625,-0.9379,-0.0498,-0.048,0.3397
1781857551988,32672,0.08569,-0.67798,-0.76172,1.02333,6.625,-0.5,10.188,-0.9378,-0.0494,-0.0478,0.34
1781857551989,32673,0.10718,-0.65112,-0.74805,0.99751,5.75,0.562,3.438,-0.9372,-0.0488,-0.0468,0.3419
1781857552048,32732,0.09448,-0.64819,-0.74072,0.98881,5.562,0.438,3.688,-0.937,-0.0491,-0.0466,0.3424
1781857552052,32736,0.09375,-0.65063,-0.74121,0.99071,6.25,0.688,4.25,-0.937,-0.0489,-0.0466,0.3426
1781857552053,32737,0.11523,-0.67334,-0.7417,1.00836,9.312,1.312,9.75,-0.9362,-0.0482,-0.0454,0.3448
1781857552109,32793,0.10645,-0.68579,-0.75049,1.02219,8.375,1.5,7.938,-0.9361,-0.0479,-0.0452,0.3452
1781857552109,32793,0.1062,-0.69092,-0.75708,1.03044,6.75,2.312,6.0,-0.936,-0.0484,-0.0451,0.3455
1781857552110,32794,0.08521,-0.65698,-0.73853,0.99212,5.125,1.438,3.875,-0.9353,-0.0485,-0.045,0.3473
1781857552168,32852,0.07642,-0.67407,-0.73438,0.99976,5.625,1.75,5.25,-0.9353,-0.0483,-0.0449,0.3475
1781857552168,32852,0.07959,-0.68506,-0.74219,1.01315,5.875,2.812,6.375,-0.9351,-0.0492,-0.0446,0.3479
1781857552169,32853,0.10303,-0.69775,-0.7334,1.01752,5.375,3.0,2.625,-0.9346,-0.0482,-0.0452,0.3493
1781857552232,32916,0.10156,-0.70142,-0.74634,1.02923,5.125,2.938,1.5,-0.9345,-0.0481,-0.0453,0.3495
1781857552232,32916,0.10278,-0.69751,-0.75903,1.03596,1.5,3.625,0.5,-0.9344,-0.0485,-0.0455,0.3497
1781857552232,32916,0.07983,-0.66113,-0.729,0.98738,3.625,2.375,3.5,-0.9342,-0.0482,-0.0462,0.3503
1781857552289,32973,0.08594,-0.66455,-0.73389,0.99378,4.312,3.125,5.25,-0.9341,-0.0479,-0.0463,0.3505
1781857552289,32973,0.10571,-0.68701,-0.73584,1.01224,3.062,3.812,7.812,-0.9339,-0.0485,-0.046,0.3508
1781857552290,32974,0.0979,-0.68091,-0.74365,1.01303,2.188,2.125,1.312,-0.9338,-0.0471,-0.0459,0.3514
1781857552352,33036,0.09424,-0.67773,-0.7439,1.01074,1.25,2.625,1.0,-0.9338,-0.0471,-0.046,0.3515
1781857552352,33036,0.09375,-0.65967,-0.72705,0.98618,1.25,2.438,2.188,-0.9337,-0.0468,-0.0462,0.3516
1781857552352,33036,0.09375,-0.65967,-0.72705,0.98618,1.25,2.438,2.188,-0.9337,-0.0468,-0.0462,0.3516
1781857552410,33094,0.10742,-0.70532,-0.73291,1.02283,1.5,2.438,5.438,-0.9332,-0.044,-0.0459,0.3535
1781857552411,33095,0.10791,-0.69995,-0.72534,1.01375,-0.375,2.0,3.875,-0.9332,-0.0438,-0.0461,0.3535
1781857552470,33154,0.10889,-0.68213,-0.72534,1.00164,7.375,-1.062,4.375,-0.9329,-0.0426,-0.0455,0.3545
1781857552470,33154,0.10522,-0.68604,-0.72412,1.00303,7.375,-1.75,3.312,-0.9327,-0.0424,-0.0454,0.3548
1781857552471,33155,0.08862,-0.68872,-0.72241,1.00203,5.625,-1.688,1.688,-0.9326,-0.0424,-0.0452,0.3552
1781857552529,33213,0.08594,-0.67261,-0.71216,0.98334,2.5,0.25,2.5,-0.9321,-0.0419,-0.0451,0.3566
1781857552531,33215,0.08691,-0.67261,-0.70728,0.97989,3.625,-0.062,3.688,-0.932,-0.0417,-0.0451,0.3568
1781857552531,33215,0.08301,-0.67432,-0.71948,0.98957,5.125,-1.375,0.0,-0.9312,-0.0427,-0.0444,0.3589
1781857552589,33273,0.09033,-0.67285,-0.72827,0.99562,5.062,-0.812,1.375,-0.9312,-0.0427,-0.0443,0.3591
1781857552589,33273,0.08691,-0.67725,-0.72803,0.99812,3.188,-0.625,3.938,-0.931,-0.0428,-0.0441,0.3594
1781857552589,33273,0.09863,-0.68164,-0.71753,0.99459,1.25,0.438,-3.562,-0.9307,-0.0432,-0.0435,0.3604
1781857552650,33334,0.09351,-0.67505,-0.71143,0.98517,2.312,0.188,-3.75,-0.9306,-0.0433,-0.0436,0.3605
1781857552650,33334,0.09229,-0.66968,-0.71704,0.98546,4.188,-0.562,-2.688,-0.9306,-0.0434,-0.0439,0.3607
1781857552650,33334,0.09985,-0.68335,-0.7146,0.99378,8.0,0.0,9.25,-0.9297,-0.0429,-0.0427,0.363
1781857552709,33393,0.10132,-0.68481,-0.72021,0.99897,7.688,0.312,9.312,-0.9295,-0.0424,-0.0425,0.3635
1781857552710,33394,0.07642,-0.69043,-0.71069,0.99379,7.188,0.938,10.25,-0.9293,-0.0418,-0.0422,0.3641
1781857552710,33394,0.04736,-0.73633,-0.73242,1.03965,6.25,10.812,0.875,-0.9284,-0.0396,-0.0427,0.3667
1781857552768,33452,0.05396,-0.72803,-0.72778,1.03083,6.125,14.25,1.188,-0.9282,-0.0392,-0.0434,0.3671
1781857552769,33453,0.07056,-0.73975,-0.69287,1.01601,5.688,15.0,1.312,-0.928,-0.039,-0.044,0.3674
1781857552769,33453,0.09595,-0.73511,-0.69653,1.01723,9.062,9.625,6.625,-0.9266,-0.038,-0.0469,0.3707
1781857552830,33514,0.11353,-0.74438,-0.69019,1.02145,9.188,8.75,7.062,-0.9265,-0.0376,-0.0472,0.3711
1781857552830,33514,0.13159,-0.7583,-0.6897,1.03345,7.5,6.375,7.062,-0.9263,-0.0371,-0.0475,0.3717
1781857552830,33514,0.0769,-0.69971,-0.71143,1.00082,-3.5,1.875,-4.375,-0.9262,-0.0378,-0.0476,0.372
1781857552888,33572,0.07812,-0.67627,-0.70874,0.98273,-0.375,2.875,-4.75,-0.9262,-0.038,-0.0479,0.3718
1781857552888,33572,0.08057,-0.67407,-0.70654,0.97983,1.188,3.188,-4.25,-0.9262,-0.0382,-0.0481,0.3718
1781857552889,33573,0.07544,-0.71631,-0.7085,1.01032,4.5,2.625,2.312,-0.9252,-0.0375,-0.049,0.374
1781857552948,33632,0.08472,-0.70557,-0.70044,0.99781,2.312,4.312,1.312,-0.9252,-0.0374,-0.0492,0.3742
1781857552948,33632,0.08545,-0.69946,-0.68701,0.98414,1.625,4.75,1.0,-0.9251,-0.0372,-0.0493,0.3743
1781857552950,33634,0.0918,-0.68555,-0.68311,0.97213,9.875,0.312,2.625,-0.924,-0.0365,-0.0506,0.377
1781857553012,33696,0.08984,-0.67944,-0.68286,0.96748,10.5,-0.312,2.188,-0.9238,-0.0364,-0.0505,0.3774
1781857553013,33697,0.08301,-0.68115,-0.68555,0.96997,11.25,-1.0,2.188,-0.9237,-0.0363,-0.0505,0.3778
1781857553013,33697,0.07227,-0.69971,-0.66162,0.96569,2.875,8.375,-3.625,-0.9222,-0.0357,-0.0521,0.3811
1781857553068,33752,0.07129,-0.68848,-0.66431,0.95937,5.125,6.938,-4.438,-0.9221,-0.0357,-0.0524,0.3813
1781857553068,33752,0.06665,-0.68433,-0.66943,0.95963,7.5,5.812,-4.375,-0.922,-0.0358,-0.0527,0.3816
1781857553069,33753,0.08154,-0.75342,-0.68066,1.01862,7.938,6.562,2.938,-0.92,-0.0361,-0.0546,0.3862
1781857553129,33813,0.0769,-0.75732,-0.69165,1.02851,3.438,6.875,2.438,-0.9197,-0.0357,-0.0549,0.3867
1781857553129,33813,0.07129,-0.74707,-0.69019,1.01958,1.438,7.375,1.938,-0.9197,-0.036,-0.0551,0.3867
1781857553129,33813,0.10254,-0.75659,-0.68774,1.02759,8.875,5.0,-4.188,-0.9188,-0.0355,-0.0573,0.3886
1781857553189,33873,0.10034,-0.75586,-0.69653,1.03274,7.312,5.875,-4.312,-0.9187,-0.0356,-0.0576,0.3889
1781857553190,33874,0.104,-0.74902,-0.69604,1.02778,5.875,6.438,-4.25,-0.9185,-0.0357,-0.0579,0.3891
1781857553190,33874,0.104,-0.74902,-0.69604,1.02778,5.875,6.438,-4.25,-0.9185,-0.0357,-0.0579,0.3891
1781857553248,33932,0.1106,-0.75488,-0.6748,1.01855,-0.625,4.0,5.625,-0.9177,-0.0355,-0.0595,0.3908
1781857553249,33933,0.11914,-0.75757,-0.66895,1.01764,-1.562,4.375,6.0,-0.9177,-0.0352,-0.0596,0.3908
1781857553249,33933,0.10254,-0.71582,-0.66504,0.98244,1.312,2.0,0.062,-0.9177,-0.0341,-0.06,0.3909
1781857553313,33997,0.0979,-0.72266,-0.66333,0.98581,2.5,1.812,1.625,-0.9177,-0.034,-0.06,0.3909
1781857553314,33998,0.11133,-0.73877,-0.6709,1.00413,3.188,1.875,2.375,-0.9176,-0.0339,-0.0601,0.3911
1781857553316,34000,0.11133,-0.73877,-0.6709,1.00413,3.188,1.875,2.375,-0.9176,-0.0339,-0.0601,0.3911
1781857553372,34056,0.11133,-0.73877,-0.6709,1.00413,3.188,1.875,2.375,-0.9176,-0.0339,-0.0601,0.3911
1781857553372,34056,0.09692,-0.75684,-0.67993,1.02201,-5.062,4.188,-2.75,-0.9178,-0.0332,-0.0614,0.3906
1781857553373,34057,0.09692,-0.75684,-0.67993,1.02201,-5.062,4.188,-2.75,-0.9178,-0.0332,-0.0614,0.3906
1781857553428,34112,0.09375,-0.74512,-0.66821,1.00523,-2.125,2.688,-0.75,-0.918,-0.0338,-0.0626,0.3897
1781857553428,34112,0.1001,-0.73438,-0.66895,0.99841,-3.062,3.188,-0.062,-0.9181,-0.0337,-0.0628,0.3897
1781857553429,34113,0.1001,-0.73438,-0.66895,0.99841,-3.062,3.188,-0.062,-0.9181,-0.0337,-0.0628,0.3897
1781857553488,34172,0.11548,-0.73389,-0.66406,0.99645,-0.25,1.875,-2.188,-0.9185,-0.0321,-0.0639,0.3887
1781857553489,34173,0.11646,-0.71973,-0.66528,0.987,0.375,1.5,-2.375,-0.9185,-0.0322,-0.0639,0.3887
1781857553489,34173,0.11084,-0.72021,-0.65454,0.9795,-1.812,1.062,-1.688,-0.9183,-0.0333,-0.0653,0.3887
1781857553549,34233,0.10742,-0.72168,-0.65869,0.98297,-1.938,0.562,0.438,-0.9183,-0.0332,-0.0653,0.3886
1781857553549,34233,0.10327,-0.73096,-0.65942,0.98985,-2.188,0.562,2.062,-0.9184,-0.0332,-0.0653,0.3886
1781857553549,34233,0.10327,-0.73096,-0.65942,0.98985,-2.188,0.562,2.062,-0.9184,-0.0332,-0.0653,0.3886
1781857553616,34300,0.11426,-0.71899,-0.6792,0.99565,-5.312,1.125,-1.938,-0.919,-0.0328,-0.0653,0.3871
1781857553617,34301,0.1084,-0.70459,-0.67407,0.98111,-4.812,1.0,-1.938,-0.9191,-0.0328,-0.0654,0.3869
1781857553617,34301,0.11987,-0.72461,-0.67578,0.99805,-1.375,1.75,-0.125,-0.9191,-0.033,-0.0659,0.3868
1781857553679,34363,0.11475,-0.72021,-0.67456,0.99343,-1.375,1.312,0.062,-0.9191,-0.0329,-0.0659,0.3867
1781857553680,34364,0.11035,-0.72168,-0.67749,0.99599,-1.5,1.5,0.438,-0.9191,-0.0329,-0.0659,0.3867
1781857553680,34364,0.11499,-0.72583,-0.67578,0.99836,-3.062,0.0,0.938,-0.9193,-0.032,-0.0659,0.3864
1781857553752,34436,0.11499,-0.72583,-0.67578,0.99836,-3.062,0.0,0.938,-0.9193,-0.032,-0.0659,0.3864
1781857553752,34436,0.12622,-0.74048,-0.6792,1.0127,-0.875,-0.062,-0.688,-0.9193,-0.0319,-0.0659,0.3863
1781857553753,34437,0.12622,-0.74048,-0.6792,1.0127,-0.875,-0.062,-0.688,-0.9193,-0.0319,-0.0659,0.3863
1781857553809,34493,0.1084,-0.71509,-0.67383,0.98851,-5.0,2.938,5.0,-0.9196,-0.0332,-0.0663,0.3854
1781857553815,34499,0.11597,-0.71094,-0.67163,0.98487,-3.75,2.188,6.188,-0.9197,-0.0329,-0.0663,0.3853
1781857553816,34500,0.11646,-0.7168,-0.68066,0.99532,-1.0,0.812,-3.0,-0.9198,-0.0317,-0.0664,0.3851
1781857553858,34542,0.11646,-0.7168,-0.68066,0.99532,-1.0,0.812,-3.0,-0.9198,-0.0317,-0.0664,0.3851
1781857553858,34542,0.13086,-0.72021,-0.67603,0.99642,-0.438,1.0,-2.938,-0.9198,-0.0319,-0.0666,0.3851
1781857553859,34543,0.11279,-0.73462,-0.67896,1.00666,-2.062,2.438,2.562,-0.9198,-0.0318,-0.0679,0.3848
1781857553911,34595,0.11279,-0.73462,-0.67896,1.00666,-2.062,2.438,2.562,-0.9198,-0.0318,-0.0679,0.3848
1781857553912,34596,0.12354,-0.73413,-0.67505,1.00494,-2.5,2.562,1.938,-0.9199,-0.0317,-0.068,0.3847
1781857553914,34598,0.12915,-0.7146,-0.69092,1.00235,0.625,-0.5,-2.812,-0.9199,-0.0314,-0.0678,0.3848
1781857553976,34660,0.11499,-0.7168,-0.6748,0.99115,1.625,-0.562,-2.812,-0.9198,-0.0316,-0.0678,0.3848
1781857553976,34660,0.11499,-0.71924,-0.67969,0.99624,2.5,-0.812,-2.5,-0.9197,-0.0317,-0.0678,0.385
1781857553976,34660,0.11206,-0.72363,-0.67432,0.99544,1.062,-1.062,3.312,-0.9196,-0.0313,-0.0673,0.3854
1781857554029,34713,0.10547,-0.72607,-0.68188,1.00164,1.75,-0.812,2.938,-0.9196,-0.0311,-0.0671,0.3854
1781857554029,34713,0.10547,-0.72778,-0.67944,1.00122,1.938,-0.562,3.062,-0.9196,-0.031,-0.067,0.3856
1781857554030,34714,0.10522,-0.69824,-0.66309,0.96866,2.562,-0.75,-0.812,-0.9194,-0.031,-0.0676,0.3859
1781857554088,34772,0.10425,-0.70557,-0.66602,0.97584,3.562,-1.438,0.938,-0.9193,-0.031,-0.0676,0.3861
1781857554088,34772,0.10278,-0.71899,-0.67505,0.99157,3.562,-1.25,2.938,-0.9193,-0.0302,-0.0678,0.3862
1781857554090,34774,0.13818,-0.73462,-0.70508,1.02757,3.938,0.562,4.312,-0.919,-0.0281,-0.067,0.3874
1781857554149,34833,0.12695,-0.73218,-0.70068,1.02135,1.938,0.062,2.812,-0.9189,-0.028,-0.067,0.3875
1781857554149,34833,0.12109,-0.7207,-0.6792,0.99769,0.062,1.062,1.5,-0.9189,-0.0278,-0.067,0.3876
1781857554149,34833,0.1106,-0.7627,-0.68823,1.03325,0.062,2.375,1.125,-0.9185,-0.0258,-0.0676,0.3886
1781857554213,34897,0.11768,-0.75562,-0.68262,1.02507,-3.062,2.188,-0.062,-0.9185,-0.0257,-0.0678,0.3885
1781857554214,34898,0.11353,-0.73755,-0.67651,1.00724,-4.188,1.812,-0.688,-0.9186,-0.0254,-0.0681,0.3883
1781857554214,34898,0.10449,-0.75049,-0.68262,1.01986,-0.562,2.438,-1.562,-0.9183,-0.0256,-0.0686,0.3886
1781857554272,34956,0.11011,-0.73755,-0.67627,1.0067,-2.75,2.75,-0.812,-0.9184,-0.0255,-0.0689,0.3885
1781857554272,34956,0.1145,-0.73438,-0.67749,1.00569,-2.625,2.562,-0.062,-0.9184,-0.0255,-0.069,0.3884
1781857554273,34957,0.12524,-0.72412,-0.67529,0.99803,-4.5,1.938,-6.375,-0.9186,-0.0255,-0.0697,0.3878
1781857554329,35013,0.12134,-0.71704,-0.66968,0.9886,-3.75,1.938,-6.375,-0.9186,-0.0256,-0.0697,0.3877
1781857554329,35013,0.1106,-0.70386,-0.67188,0.97932,-0.125,2.375,-4.688,-0.9187,-0.0261,-0.0701,0.3875
1781857554330,35014,0.12085,-0.70532,-0.67065,0.98075,0.562,0.688,5.062,-0.9187,-0.0238,-0.0712,0.3875
1781857554388,35072,0.12183,-0.70654,-0.66846,0.98024,1.5,0.812,5.625,-0.9186,-0.0235,-0.0711,0.3876
1781857554390,35074,0.15283,-0.7356,-0.68384,1.01592,2.688,0.938,4.312,-0.9186,-0.0223,-0.0715,0.3876
1781857554391,35075,0.10181,-0.69458,-0.65747,0.96181,1.375,0.375,-1.438,-0.9188,-0.0225,-0.0719,0.3871
1781857554448,35132,0.11182,-0.69873,-0.67578,0.97847,3.812,0.312,0.0,-0.9188,-0.0225,-0.0719,0.3873
1781857554449,35133,0.11987,-0.72461,-0.68701,1.00569,3.375,0.938,0.75,-0.9186,-0.0218,-0.0723,0.3875
1781857554449,35133,0.10913,-0.74072,-0.68604,1.01549,6.125,1.562,4.375,-0.9182,-0.0203,-0.0723,0.3887
1781857554515,35199,0.11279,-0.74878,-0.69312,1.02655,4.688,2.188,3.312,-0.918,-0.0202,-0.0723,0.389
1781857554515,35199,0.10889,-0.7583,-0.68359,1.02673,1.375,3.438,2.375,-0.918,-0.0191,-0.0729,0.389
1781857554515,35199,0.12305,-0.73193,-0.67554,1.0036,2.688,1.688,5.0,-0.9177,-0.0178,-0.0734,0.3896
1781857554572,35256,0.1311,-0.74536,-0.67676,1.01526,2.188,1.5,4.0,-0.9177,-0.0175,-0.0734,0.3898
1781857554579,35263,0.12207,-0.74194,-0.67603,1.01113,0.375,1.188,1.75,-0.9176,-0.0173,-0.0733,0.3899
1781857554583,35267,0.12329,-0.76367,-0.67749,1.02829,-1.188,1.875,0.75,-0.9175,-0.0163,-0.0734,0.3903
1781857554640,35324,0.12134,-0.75439,-0.67651,1.02054,-3.062,2.0,-0.438,-0.9176,-0.0162,-0.0735,0.3901
1781857554644,35328,0.11816,-0.74097,-0.66968,1.00572,-4.125,2.562,-0.75,-0.9176,-0.0162,-0.0736,0.39
1781857554644,35328,0.12329,-0.71411,-0.64917,0.97292,1.125,1.312,3.5,-0.9177,-0.0148,-0.0747,0.3897
1781857554711,35395,0.12744,-0.7312,-0.65381,0.98912,2.875,0.5,3.812,-0.9176,-0.0145,-0.0746,0.3898
1781857554715,35399,0.1333,-0.74658,-0.66699,1.00997,2.75,0.312,3.625,-0.9176,-0.0134,-0.075,0.39
1781857554721,35405,0.12939,-0.75317,-0.66992,1.01627,-0.562,0.0,-0.25,-0.9177,-0.0125,-0.075,0.3897
1781857554748,35432,0.11597,-0.74731,-0.67725,1.01518,-2.25,0.0,-2.125,-0.9177,-0.0126,-0.075,0.3896
1781857554749,35433,0.11157,-0.73364,-0.68042,1.0068,-3.562,0.5,-2.875,-0.9178,-0.0126,-0.075,0.3894
1781857554749,35433,0.12891,-0.71045,-0.66235,0.97983,-0.625,0.375,6.812,-0.9179,-0.0098,-0.0759,0.389
1781857554809,35493,0.12891,-0.71973,-0.65503,0.98168,0.625,0.0,7.0,-0.9179,-0.0095,-0.0758,0.3891
1781857554809,35493,0.12866,-0.72583,-0.65308,0.98483,2.312,-0.75,6.0,-0.9179,-0.0093,-0.0756,0.3892
1781857554869,35553,0.12866,-0.72583,-0.65308,0.98483,2.312,-0.75,6.0,-0.9179,-0.0093,-0.0756,0.3892
1781857554870,35554,0.11157,-0.69995,-0.65527,0.96528,2.938,0.0,3.125,-0.9176,-0.0085,-0.0764,0.3897
1781857554870,35554,0.10376,-0.7207,-0.65381,0.97859,5.0,-0.438,7.25,-0.9175,-0.0081,-0.0762,0.3901
1781857554941,35625,0.12671,-0.72705,-0.6626,0.99181,1.0,-1.375,-0.438,-0.9172,-0.0048,-0.0761,0.3908
1781857554941,35625,0.1272,-0.73145,-0.66943,0.99967,1.5,-1.062,-1.062,-0.9172,-0.0048,-0.076,0.3908
1781857554941,35625,0.11841,-0.75293,-0.66187,1.00945,4.0,0.125,7.562,-0.9168,-0.0038,-0.0755,0.392
1781857555019,35703,0.12476,-0.75781,-0.66992,1.01914,1.625,0.125,5.562,-0.9166,-0.0033,-0.0753,0.3923
1781857555020,35704,0.13696,-0.74707,-0.66431,1.00905,-0.688,-0.25,3.438,-0.9166,-0.0022,-0.0756,0.3922
1781857555020,35704,0.11328,-0.73438,-0.66699,0.99851,3.625,-0.062,2.938,-0.9165,-0.0018,-0.0749,0.3927
1781857555051,35735,0.11499,-0.73999,-0.66528,1.0017,3.562,0.0,3.188,-0.9164,-0.0017,-0.0748,0.3929
1781857555055,35739,0.11572,-0.7439,-0.66602,1.00516,3.438,-0.125,3.312,-0.9163,-0.0016,-0.0748,0.3931
1781857555055,35739,0.11255,-0.74487,-0.66455,1.00456,0.062,-2.312,-2.562,-0.9161,0.0015,-0.0751,0.3936
1781857555109,35793,0.10767,-0.73511,-0.66113,0.99452,0.562,-1.938,-3.188,-0.9161,0.0014,-0.0751,0.3936
1781857555109,35793,0.10571,-0.72925,-0.66284,0.99113,1.688,-1.688,-3.188,-0.916,0.0012,-0.0751,0.3937
1781857555109,35793,0.11694,-0.75684,-0.65723,1.00917,4.938,-1.625,6.438,-0.9154,0.0034,-0.075,0.3952
1781857555172,35856,0.12915,-0.7749,-0.66187,1.02724,3.5,-1.688,3.562,-0.9152,0.0037,-0.0747,0.3956
1781857555173,35857,0.12866,-0.77197,-0.6709,1.03083,0.312,-2.312,-1.688,-0.9152,0.0036,-0.0745,0.3957
1781857555173,35857,0.12866,-0.77197,-0.6709,1.03083,0.312,-2.312,-1.688,-0.9152,0.0036,-0.0745,0.3957
1781857555228,35912,0.11255,-0.74854,-0.66748,1.00921,3.688,-1.812,1.438,-0.9151,0.0032,-0.0748,0.3958
1781857555230,35914,0.1167,-0.76074,-0.67383,1.02293,3.062,-1.875,1.062,-0.915,0.0033,-0.0747,0.396
1781857555231,35915,0.10669,-0.75513,-0.66113,1.0093,-0.938,-0.75,-0.625,-0.915,0.0025,-0.0742,0.3961
1781857555292,35976,0.10474,-0.75244,-0.65576,1.00357,-1.375,-0.938,-1.25,-0.9151,0.0024,-0.0742,0.3961
1781857555292,35976,0.09985,-0.75122,-0.65332,1.00057,-1.125,-1.188,-1.812,-0.9151,0.0023,-0.0742,0.3961
1781857555293,35977,0.09985,-0.75122,-0.65332,1.00057,-1.125,-1.188,-1.812,-0.9151,0.0023,-0.0742,0.3961
1781857555358,36042,0.11841,-0.78052,-0.67725,1.04014,2.062,-1.438,-5.688,-0.9149,0.002,-0.0737,0.3966
1781857555358,36042,0.10742,-0.77026,-0.67407,1.02918,0.062,-1.25,-9.25,-0.9149,0.0017,-0.0737,0.3966
1781857555408,36092,0.10742,-0.77026,-0.67407,1.02918,0.062,-1.25,-9.25,-0.9149,0.0017,-0.0737,0.3966
1781857555409,36093,0.10669,-0.73853,-0.66333,0.9984,0.062,-0.562,3.438,-0.9147,0.0001,-0.0756,0.3967
1781857555409,36093,0.10815,-0.73584,-0.65649,0.99204,-0.125,-1.062,5.062,-0.9147,0.0003,-0.0755,0.3967
1781857555480,36164,0.10815,-0.73584,-0.65649,0.99204,-0.125,-1.062,5.062,-0.9147,0.0003,-0.0755,0.3967
1781857555482,36166,0.11279,-0.7583,-0.65283,1.00694,-0.688,-2.438,-3.5,-0.9145,0.0036,-0.0751,0.3973
1781857555488,36172,0.11279,-0.7583,-0.65283,1.00694,-0.688,-2.438,-3.5,-0.9145,0.0036,-0.0751,0.3973
1781857555531,36215,0.08813,-0.75708,-0.65625,1.00578,0.438,-1.438,2.312,-0.9144,0.0045,-0.0748,0.3976
1781857555532,36216,0.08936,-0.75244,-0.65723,1.00304,-0.188,-1.062,2.125,-0.9144,0.0046,-0.0747,0.3977
1781857555532,36216,0.10083,-0.74365,-0.67017,1.00614,0.375,-2.375,-2.75,-0.9143,0.0044,-0.074,0.3979
1781857555597,36281,0.10083,-0.74365,-0.67017,1.00614,0.375,-2.375,-2.75,-0.9143,0.0044,-0.074,0.3979
1781857555598,36282,0.10474,-0.7439,-0.66089,1.00056,0.062,-1.688,-3.5,-0.9143,0.004,-0.074,0.3979
1781857555602,36286,0.10474,-0.7439,-0.66089,1.00056,0.062,-1.688,-3.5,-0.9143,0.004,-0.074,0.3979
1781857555655,36339,0.12085,-0.74854,-0.65088,0.99928,2.188,-0.875,1.375,-0.9141,0.004,-0.0737,0.3985
1781857555655,36339,0.11353,-0.75439,-0.64478,0.99887,2.375,-1.688,0.125,-0.914,0.004,-0.0736,0.3986
1781857555655,36339,0.11353,-0.75439,-0.64478,0.99887,2.375,-1.688,0.125,-0.914,0.004,-0.0736,0.3986
1781857555710,36394,0.11084,-0.72852,-0.65186,0.98384,2.0,-2.25,1.188,-0.9138,0.0033,-0.0726,0.3994
1781857555711,36395,0.1106,-0.72876,-0.65015,0.98286,2.562,-3.062,1.125,-0.9137,0.0033,-0.0725,0.3995
1781857555711,36395,0.10181,-0.75488,-0.65576,1.00511,1.25,-1.75,0.938,-0.9135,0.0037,-0.0717,0.4002
1781857555770,36454,0.10181,-0.75488,-0.65576,1.00511,1.25,-1.75,0.938,-0.9135,0.0037,-0.0717,0.4002
1781857555770,36454,0.09985,-0.75952,-0.66602,1.0151,0.625,-2.625,-0.438,-0.9135,0.0037,-0.0715,0.4003
1781857555770,36454,0.10498,-0.7666,-0.67212,1.02491,1.062,-0.875,-2.562,-0.9132,0.0036,-0.0711,0.4009
1781857555830,36514,0.10498,-0.7666,-0.67212,1.02491,1.062,-0.875,-2.562,-0.9132,0.0036,-0.0711,0.4009
1781857555837,36521,0.0896,-0.75293,-0.6626,1.00696,-0.562,-0.938,-3.0,-0.9132,0.0034,-0.0711,0.4009
1781857555838,36522,0.1062,-0.78418,-0.65967,1.03023,3.688,0.125,0.75,-0.9127,0.0051,-0.0711,0.4021
1781857555888,36572,0.1062,-0.78418,-0.65967,1.03023,3.688,0.125,0.75,-0.9127,0.0051,-0.0711,0.4021
1781857555891,36575,0.10229,-0.77881,-0.66406,1.02858,2.062,0.312,-1.625,-0.9126,0.005,-0.0711,0.4022
1781857555891,36575,0.11035,-0.74878,-0.6582,1.00304,-1.0,0.438,-0.375,-0.9125,0.0048,-0.0715,0.4023
1781857555957,36641,0.11035,-0.74878,-0.6582,1.00304,-1.0,0.438,-0.375,-0.9125,0.0048,-0.0715,0.4023
1781857555957,36641,0.10596,-0.74365,-0.65747,0.99826,-1.188,0.562,0.125,-0.9126,0.0048,-0.0715,0.4022
1781857555957,36641,0.10327,-0.76343,-0.65332,1.01011,1.875,-1.188,-1.938,-0.9121,0.0054,-0.0714,0.4036
1781857556009,36693,0.09766,-0.7627,-0.64526,1.0038,0.625,-0.938,-1.875,-0.912,0.0053,-0.0713,0.4036
1781857556012,36696,0.0957,-0.75928,-0.64844,1.00306,0.625,-1.5,-1.438,-0.912,0.0051,-0.0713,0.4037
1781857556012,36696,0.08545,-0.74072,-0.64502,0.98591,2.938,-1.938,3.5,-0.912,0.0054,-0.0703,0.4039
1781857556070,36754,0.09351,-0.73584,-0.6499,0.98619,4.062,-1.688,3.625,-0.9119,0.0055,-0.0702,0.404
1781857556070,36754,0.10107,-0.74341,-0.64502,0.9894,5.0,-1.062,2.812,-0.9118,0.0061,-0.0704,0.4042
1781857556071,36755,0.08984,-0.73828,-0.63208,0.97604,0.312,0.0,-1.938,-0.9114,0.0069,-0.0712,0.405
1781857556129,36813,0.09302,-0.74268,-0.63281,0.98014,1.875,-0.375,-1.312,-0.9113,0.0068,-0.0713,0.4051
1781857556129,36813,0.09131,-0.74829,-0.63672,0.98676,3.375,-0.812,-0.625,-0.9113,0.0068,-0.0712,0.4053
1781857556129,36813,0.11841,-0.77002,-0.63403,1.00446,5.625,-2.75,1.125,-0.9104,0.0073,-0.0707,0.4072
1781857556191,36875,0.11035,-0.77002,-0.63013,1.00108,4.375,-3.062,0.438,-0.9103,0.0073,-0.0706,0.4075
1781857556191,36875,0.11304,-0.76611,-0.625,0.99515,3.5,-3.062,-0.188,-0.9102,0.0081,-0.0709,0.4076
1781857556191,36875,0.10107,-0.74146,-0.61792,0.97046,2.438,-3.75,4.688,-0.9099,0.0083,-0.0704,0.4085
1781857556248,36932,0.09595,-0.73535,-0.62183,0.96779,2.812,-4.188,6.5,-0.9098,0.0085,-0.0701,0.4086
1781857556249,36933,0.10059,-0.74219,-0.62061,0.97268,4.375,-4.25,9.25,-0.9097,0.0095,-0.0698,0.4089
1781857556249,36933,0.10059,-0.74219,-0.62061,0.97268,4.375,-4.25,9.25,-0.9097,0.0095,-0.0698,0.4089
1781857556315,36999,0.10303,-0.75122,-0.62622,0.98341,5.188,-7.875,6.438,-0.9094,0.0123,-0.0667,0.41
1781857556315,36999,0.09888,-0.76074,-0.63477,0.99571,6.688,-8.375,3.5,-0.9092,0.0131,-0.0665,0.4103
1781857556316,37000,0.07153,-0.74878,-0.64429,0.9904,8.312,-7.438,2.938,-0.9084,0.0119,-0.0638,0.4127
1781857556376,37060,0.07397,-0.75171,-0.64355,0.99232,9.25,-7.125,4.438,-0.9082,0.0119,-0.0632,0.4133
1781857556376,37060,0.06665,-0.75488,-0.63965,0.99169,9.75,-6.688,5.938,-0.9081,0.012,-0.0631,0.4136
1781857556377,37061,0.09082,-0.79736,-0.64185,1.02762,11.312,-6.438,5.562,-0.9063,0.0147,-0.0595,0.4179
1781857556428,37112,0.0896,-0.80273,-0.64355,1.03275,10.688,-6.5,3.438,-0.9061,0.0147,-0.0592,0.4183
1781857556429,37113,0.08521,-0.78906,-0.63428,1.01597,9.062,-7.375,0.25,-0.9058,0.0151,-0.0591,0.419
1781857556429,37113,0.08496,-0.76831,-0.60693,0.9828,11.438,-8.562,14.812,-0.9044,0.0167,-0.0562,0.4224
1781857556496,37180,0.08496,-0.76831,-0.60693,0.9828,11.438,-8.562,14.812,-0.9044,0.0167,-0.0562,0.4224
1781857556497,37181,0.10327,-0.76025,-0.59619,0.97165,12.562,-11.75,19.438,-0.9039,0.0176,-0.0548,0.4235
1781857556497,37181,0.10522,-0.77344,-0.56177,0.9617,6.875,-22.938,8.0,-0.9018,0.0222,-0.0451,0.4289
1781857556549,37233,0.08984,-0.76343,-0.55908,0.95051,9.062,-24.5,6.812,-0.9017,0.022,-0.0441,0.4293
1781857556555,37239,0.07422,-0.75,-0.55908,0.93839,13.438,-26.625,6.125,-0.9014,0.0213,-0.0424,0.43
1781857556555,37239,0.01538,-0.74805,-0.57861,0.94584,18.75,-27.062,33.562,-0.8988,0.0227,-0.0311,0.4365
1781857556612,37296,0.01733,-0.74512,-0.57251,0.93982,19.375,-27.812,38.25,-0.8984,0.0236,-0.0293,0.4373
1781857556612,37296,0.01318,-0.75098,-0.56934,0.94249,20.5,-28.562,42.688,-0.898,0.0247,-0.0275,0.4382
1781857556612,37296,-0.00293,-0.85352,-0.57715,1.03034,26.25,-37.438,8.0,-0.8924,0.0349,-0.0094,0.4495
1781857556674,37358,-0.01367,-0.83521,-0.55884,1.00501,23.938,-36.812,2.25,-0.8919,0.0344,-0.0079,0.4506
1781857556674,37358,-0.00854,-0.80737,-0.55347,0.9789,23.812,-36.0,-1.625,-0.8915,0.0336,-0.0066,0.4515
1781857556675,37359,-0.00854,-0.80737,-0.55347,0.9789,23.812,-36.0,-1.625,-0.8915,0.0336,-0.0066,0.4515
1781857556730,37414,-0.08789,-0.78662,-0.52197,0.94813,22.312,-25.875,9.688,-0.8862,0.0291,0.0044,0.4621
1781857556731,37415,-0.07642,-0.79858,-0.52661,0.95963,26.938,-28.0,9.375,-0.8854,0.0292,0.0059,0.4635
1781857556731,37415,-0.13208,-0.80347,-0.48975,0.95019,27.0,-21.188,8.812,-0.8801,0.0274,0.0152,0.4735
1781857556788,37472,-0.12183,-0.80713,-0.49316,0.95368,27.625,-20.188,10.375,-0.8795,0.0274,0.0162,0.4745
1781857556788,37472,-0.11401,-0.80737,-0.48853,0.95053,27.625,-20.062,11.438,-0.8789,0.0274,0.0172,0.4756
1781857556789,37473,-0.10596,-0.82495,-0.46484,0.95281,30.25,-22.125,-3.25,-0.8734,0.0266,0.0249,0.4855
1781857556859,37543,-0.10913,-0.82593,-0.46191,0.95259,30.5,-21.625,-4.562,-0.8727,0.0261,0.0256,0.4866
1781857556859,37543,-0.11377,-0.81934,-0.45825,0.94565,30.375,-21.75,-4.438,-0.8717,0.0252,0.0266,0.4884
1781857556859,37543,-0.11377,-0.81934,-0.45825,0.94565,30.375,-21.75,-4.438,-0.8717,0.0252,0.0266,0.4884
1781857556931,37615,-0.17236,-0.83716,-0.47485,0.97777,41.188,-27.438,39.062,-0.8629,0.0286,0.039,0.5029
1781857556932,37616,-0.17017,-0.85107,-0.46606,0.98514,43.688,-26.562,41.938,-0.8618,0.0297,0.0408,0.5044
1781857556932,37616,-0.17017,-0.85107,-0.46606,0.98514,43.688,-26.562,41.938,-0.8618,0.0297,0.0408,0.5044
1781857556989,37673,-0.229,-0.79028,-0.43604,0.93119,52.0,-33.562,73.188,-0.851,0.0452,0.0606,0.5194
1781857556991,37675,-0.26416,-0.76025,-0.44067,0.91758,61.188,-37.125,91.125,-0.8479,0.0501,0.0669,0.5232
1781857557005,37689,-0.50488,-0.74512,-0.36011,0.96942,95.75,-42.938,224.125,-0.8209,0.1075,0.1155,0.5486
1781857557047,37731,-0.53589,-0.72949,-0.35034,0.97061,94.25,-45.125,242.5,-0.8155,0.1192,0.1256,0.552
1781857557047,37731,-0.58521,-0.69531,-0.31836,0.96295,89.625,-48.875,265.75,-0.8074,0.1382,0.1387,0.5562
1781857557047,37731,-0.71704,-0.63281,-0.16724,0.97086,125.938,-61.438,298.188,-0.7655,0.2158,0.2026,0.5712
1781857557153,37837,-0.74756,-0.65674,-0.1709,1.00963,128.75,-62.688,293.75,-0.7589,0.225,0.2108,0.5733
1781857557157,37841,-0.79028,-0.67798,-0.18726,1.05795,130.0,-61.0,288.0,-0.7523,0.2341,0.2188,0.5754
1781857557157,37841,-0.79028,-0.67798,-0.18726,1.05795,130.0,-61.0,288.0,-0.7523,0.2341,0.2188,0.5754
1781857557157,37841,-0.97754,-0.61572,-0.06543,1.15714,107.438,-2.188,253.938,-0.6843,0.3308,0.278,0.587
1781857557157,37841,-0.97485,-0.61743,-0.06445,1.15573,106.812,-4.25,253.0,-0.6779,0.3394,0.283,0.5872
1781857557158,37842,-0.95435,-0.62329,-0.07788,1.14251,57.375,5.25,114.812,-0.621,0.4115,0.3173,0.5865
1781857557224,37908,-0.96777,-0.59375,-0.07495,1.13787,53.875,4.625,100.125,-0.6179,0.4151,0.3189,0.5865
1781857557224,37908,-0.96997,-0.56909,-0.0415,1.12536,50.625,2.688,89.562,-0.6149,0.4183,0.3202,0.5866
1781857557225,37909,-0.96997,-0.56909,-0.0415,1.12536,50.625,2.688,89.562,-0.6149,0.4183,0.3202,0.5866
1781857557268,37952,-1.03906,-0.5166,-0.03223,1.16085,34.312,1.062,71.062,-0.5853,0.4469,0.3291,0.5908
1781857557268,37952,-1.03687,-0.51196,-0.02563,1.15666,33.0,2.188,70.688,-0.5842,0.4481,0.3297,0.5906
1781857557269,37953,-0.94897,-0.43823,-0.01611,1.0454,39.438,4.812,43.062,-0.561,0.4741,0.3328,0.5911
1781857557329,38013,-0.95654,-0.43091,-0.04004,1.04989,37.438,6.125,40.625,-0.5594,0.4758,0.3329,0.5913
1781857557329,38013,-0.95264,-0.42822,-0.0647,1.04646,32.125,9.938,37.438,-0.5571,0.4782,0.333,0.5914
1781857557335,38019,-0.95264,-0.42822,-0.0647,1.04646,32.125,9.938,37.438,-0.5571,0.4782,0.333,0.5914
1781857557390,38074,-0.91406,-0.39233,-0.00293,0.99471,22.0,8.0,17.062,-0.548,0.4913,0.3294,0.5912
1781857557391,38075,-0.91016,-0.40503,-0.0188,0.99639,21.0,6.188,15.188,-0.5473,0.4921,0.3291,0.5914
1781857557391,38075,-0.9021,-0.35669,-0.01562,0.97018,-6.5,11.062,-4.25,-0.5454,0.4971,0.3248,0.5913
1781857557448,38132,-0.89307,-0.33984,0.01001,0.95559,-4.562,7.438,-7.062,-0.5453,0.4979,0.3236,0.5914
1781857557448,38132,-0.89502,-0.33545,0.0022,0.95582,-1.312,5.0,-9.75,-0.5456,0.4978,0.3233,0.5914
1781857557449,38133,-0.89502,-0.33545,0.0022,0.95582,-1.312,5.0,-9.75,-0.5456,0.4978,0.3233,0.5914
1781857557508,38192,-0.94116,-0.33618,-0.03271,0.99994,-4.125,15.5,12.812,-0.5481,0.499,0.3183,0.5907
1781857557508,38192,-0.92407,-0.34399,-0.0332,0.98658,-3.25,14.438,13.75,-0.5481,0.4996,0.3184,0.5902
1781857557509,38193,-0.92407,-0.34399,-0.0332,0.98658,-3.25,14.438,13.75,-0.5481,0.4996,0.3184,0.5902
1781857557574,38258,-0.91553,-0.34863,-0.07739,0.98271,-8.938,0.625,-13.0,-0.5491,0.5018,0.3154,0.5889
1781857557589,38273,-0.9187,-0.35278,-0.07861,0.98724,-11.312,0.75,-14.0,-0.5497,0.5014,0.3153,0.5888
1781857557589,38273,-0.9187,-0.35278,-0.07861,0.98724,-11.312,0.75,-14.0,-0.5497,0.5014,0.3153,0.5888
1781857557631,38315,-0.9187,-0.35278,-0.07861,0.98724,-11.312,0.75,-14.0,-0.5497,0.5014,0.3153,0.5888
1781857557632,38316,-0.92383,-0.25488,-0.0708,0.96096,-1.25,1.938,11.375,-0.5548,0.4985,0.3147,0.5868
1781857557632,38316,-0.92383,-0.25488,-0.0708,0.96096,-1.25,1.938,11.375,-0.5548,0.4985,0.3147,0.5868
1781857557689,38373,-0.90991,-0.323,-0.09937,0.97064,-12.125,-0.25,-2.812,-0.5529,0.5017,0.3168,0.5847
1781857557695,38379,-0.92969,-0.34863,-0.0791,0.99605,-13.938,2.0,-1.688,-0.5534,0.5015,0.317,0.5844
1781857557695,38379,-0.9668,-0.26685,-0.09619,1.00755,-2.125,0.625,5.062,-0.5556,0.4995,0.319,0.5829
1781857557754,38438,-0.95386,-0.26196,-0.09521,0.99375,-1.5,2.875,8.0,-0.5555,0.4999,0.3192,0.5825
1781857557754,38438,-0.94019,-0.25391,-0.0896,0.97798,-0.062,2.25,9.812,-0.5553,0.5002,0.3193,0.5823
1781857557755,38439,-0.95386,-0.30615,-0.1001,1.00677,2.438,-2.375,0.188,-0.552,0.5021,0.3194,0.5838
1781857557808,38492,-0.95386,-0.30615,-0.1001,1.00677,2.438,-2.375,0.188,-0.552,0.5021,0.3194,0.5838
1781857557808,38492,-0.94092,-0.30151,-0.09302,0.99242,-0.375,-2.312,-0.938,-0.552,0.5021,0.3195,0.5839
1781857557810,38494,-0.98999,-0.26001,-0.08716,1.02727,-3.875,3.375,3.812,-0.5533,0.5001,0.319,0.5845
1781857557876,38560,-0.98999,-0.26001,-0.08716,1.02727,-3.875,3.375,3.812,-0.5533,0.5001,0.319,0.5845
1781857557876,38560,-0.96436,-0.26733,-0.06787,1.00302,0.938,4.688,9.438,-0.553,0.5008,0.319,0.5841
1781857557876,38560,-0.94653,-0.31226,-0.08667,1.00047,4.75,0.688,1.375,-0.5497,0.5046,0.3184,0.5843
1781857557934,38618,-0.94653,-0.31226,-0.08667,1.00047,4.75,0.688,1.375,-0.5497,0.5046,0.3184,0.5843
1781857557935,38619,-0.9502,-0.31567,-0.08423,1.0048,2.75,0.0,-2.0,-0.5496,0.5047,0.3183,0.5845
1781857557935,38619,-0.96191,-0.27319,-0.07056,1.00244,2.312,5.875,12.688,-0.5488,0.5065,0.3175,0.584
1781857557988,38672,-0.9563,-0.27759,-0.06836,0.99812,4.375,5.312,15.125,-0.5485,0.5071,0.3177,0.5837
1781857557988,38672,-0.94922,-0.28247,-0.06885,0.99275,7.312,4.688,17.0,-0.548,0.5078,0.3181,0.5833
1781857557991,38675,-0.95435,-0.31567,-0.08008,1.00838,0.062,1.562,4.875,-0.5438,0.5128,0.3183,0.5828
1781857558051,38735,-0.95044,-0.29932,-0.08081,0.99973,-3.25,1.438,-2.375,-0.544,0.5128,0.3184,0.5827
1781857558051,38735,-0.95557,-0.29199,-0.07715,1.00216,-3.625,1.188,-3.312,-0.544,0.5128,0.3184,0.5826
1781857558052,38736,-0.95557,-0.29199,-0.07715,1.00216,-3.625,1.188,-3.312,-0.544,0.5128,0.3184,0.5826
1781857558121,38805,-0.95557,-0.29199,-0.07715,1.00216,-3.625,1.188,-3.312,-0.544,0.5128,0.3184,0.5826
1781857558121,38805,-0.96777,-0.25928,-0.07861,1.00498,9.375,1.688,9.688,-0.5437,0.5134,0.3173,0.5829
1781857558122,38806,-0.95996,-0.27295,-0.0791,1.00114,-0.5,-0.312,-7.125,-0.5411,0.5156,0.3171,0.5834
1781857558171,38855,-0.97046,-0.27222,-0.0769,1.01084,-0.5,0.312,-6.75,-0.541,0.5159,0.3165,0.5836
1781857558172,38856,-0.97168,-0.26782,-0.08008,1.01109,-0.375,0.938,-5.375,-0.5411,0.5158,0.3164,0.5837
1781857558172,38856,-0.97314,-0.26196,-0.07495,1.01057,14.062,2.0,13.375,-0.5383,0.5186,0.3156,0.5843
1781857558240,38924,-0.97583,-0.26465,-0.073,1.01371,15.25,3.25,14.125,-0.5377,0.5192,0.3156,0.5844
1781857558240,38924,-0.95996,-0.26294,-0.08545,0.99898,15.938,4.25,15.25,-0.5368,0.5202,0.3154,0.5844
1781857558240,38924,-0.91553,-0.27515,-0.09644,0.96083,1.75,2.188,16.062,-0.5306,0.5261,0.3167,0.5841
1781857558307,38991,-0.91553,-0.27515,-0.09644,0.96083,1.75,2.188,16.062,-0.5306,0.5261,0.3167,0.5841
1781857558309,38993,-0.91919,-0.28003,-0.08643,0.96478,2.562,2.562,9.375,-0.5303,0.5264,0.3168,0.5839
1781857558348,39032,-0.95605,-0.26855,-0.08643,0.99681,-0.375,1.375,4.25,-0.5289,0.5286,0.3159,0.5837
1781857558349,39033,-0.96118,-0.25659,-0.08203,0.99822,-1.0,1.312,4.188,-0.5288,0.5288,0.3161,0.5836
1781857558358,39042,-0.95654,-0.2478,-0.08789,0.99202,-0.562,1.188,4.688,-0.5288,0.5289,0.3162,0.5833
1781857558416,39100,-0.95874,-0.24707,-0.0769,0.99305,2.312,2.312,6.0,-0.5277,0.5308,0.3168,0.5823
1781857558416,39100,-0.95117,-0.24341,-0.07446,0.98464,2.688,1.875,4.938,-0.5275,0.5311,0.3169,0.5823
1781857558416,39100,-0.95117,-0.24341,-0.07446,0.98464,2.688,1.875,4.938,-0.5275,0.5311,0.3169,0.5823
1781857558493,39177,-0.96069,-0.23022,-0.05835,0.98962,1.062,2.75,5.688,-0.5262,0.5329,0.3165,0.5819
1781857558493,39177,-0.94482,-0.2168,-0.06982,0.97189,4.375,0.188,4.562,-0.5256,0.5336,0.3162,0.582
1781857558494,39178,-0.96631,-0.23706,-0.08887,0.99892,7.75,-1.5,1.375,-0.5234,0.5349,0.3153,0.5833
1781857558536,39220,-0.96997,-0.2356,-0.08521,1.0018,6.75,-0.625,0.812,-0.5232,0.535,0.3151,0.5834
1781857558537,39221,-0.95703,-0.23511,-0.08887,0.98949,6.438,-0.25,0.5,-0.523,0.5352,0.3151,0.5836
1781857558537,39221,-0.96143,-0.23315,-0.08691,0.9931,9.125,-1.812,5.938,-0.5208,0.5365,0.3148,0.5844
1781857558590,39274,-0.96924,-0.24536,-0.08618,1.00352,8.688,-1.625,6.25,-0.5204,0.5367,0.3148,0.5845
1781857558597,39281,-0.97388,-0.24951,-0.07788,1.00834,7.5,-0.062,6.312,-0.52,0.5369,0.3148,0.5847
1781857558597,39281,-0.97388,-0.24951,-0.07788,1.00834,7.5,-0.062,6.312,-0.52,0.5369,0.3148,0.5847
1781857558651,39335,-0.95312,-0.24683,-0.07812,0.98766,-1.812,-2.125,-1.688,-0.5187,0.5379,0.3153,0.5847
1781857558651,39335,-0.96338,-0.23047,-0.07275,0.99323,-0.75,-3.312,-3.562,-0.5189,0.5376,0.3153,0.5849
1781857558651,39335,-0.95801,-0.24561,-0.08643,0.99276,4.188,-2.188,3.438,-0.518,0.5372,0.3157,0.5857
1781857558708,39392,-0.96191,-0.24902,-0.0835,0.99713,3.812,-2.25,3.438,-0.5178,0.5373,0.3157,0.5858
1781857558709,39393,-0.96704,-0.25171,-0.08228,1.00264,2.312,-1.188,2.75,-0.5176,0.5374,0.3157,0.5859
1781857558709,39393,-0.92407,-0.27246,-0.08936,0.96754,-5.562,-4.25,-12.25,-0.5183,0.5359,0.3157,0.5867
1781857558769,39453,-0.92407,-0.27246,-0.08936,0.96754,-5.562,-4.25,-12.25,-0.5183,0.5359,0.3157,0.5867
1781857558769,39453,-0.9231,-0.27051,-0.07983,0.96522,-10.5,-5.562,-16.125,-0.5192,0.5349,0.3154,0.587
1781857558769,39453,-0.94092,-0.26587,-0.073,0.98048,-13.125,-10.75,-26.938,-0.525,0.5275,0.3148,0.5888
1781857558840,39524,-0.94482,-0.26782,-0.06958,0.98451,-14.125,-10.562,-27.812,-0.5258,0.5265,0.3146,0.5891
1781857558844,39528,-0.95068,-0.26758,-0.05908,0.98939,-13.938,-10.625,-27.875,-0.527,0.5249,0.3145,0.5895
1781857558847,39531,-0.98584,-0.25928,-0.04102,1.02019,-11.688,-7.562,-13.812,-0.5339,0.5159,0.3134,0.5918
1781857558895,39579,-0.99268,-0.26001,-0.03442,1.02674,-9.812,-7.312,-9.688,-0.5343,0.5154,0.3135,0.5919
1781857558896,39580,-0.9856,-0.25781,-0.03882,1.0195,-7.062,-7.625,-5.438,-0.5344,0.5149,0.3138,0.592
1781857558896,39580,-1.00293,-0.31323,-0.02588,1.05102,-15.562,-8.25,0.125,-0.5355,0.512,0.318,0.5913
1781857558949,39633,-1.00513,-0.31421,-0.02612,1.05342,-19.0,-9.688,-3.25,-0.5362,0.511,0.3191,0.591
1781857558949,39633,-1.00708,-0.30835,-0.02856,1.05362,-20.812,-9.938,-4.438,-0.5367,0.5103,0.3197,0.5908
1781857558953,39637,-1.00635,-0.28052,-0.01489,1.04482,-19.875,-9.062,-9.5,-0.5444,0.5012,0.3262,0.588
1781857559013,39697,-1.00317,-0.27856,-0.02393,1.04141,-19.5,-8.188,-6.5,-0.5452,0.5002,0.3269,0.5877
1781857559014,39698,-1.00024,-0.27808,-0.02979,1.03861,-19.562,-7.25,-3.812,-0.5457,0.4996,0.3274,0.5875
1781857559014,39698,-0.93213,-0.29395,-0.03418,0.97798,-14.5,-6.438,1.75,-0.5511,0.4939,0.3353,0.5828
1781857559069,39753,-0.92847,-0.29443,-0.04224,0.97495,-14.438,-6.875,0.25,-0.5513,0.4935,0.3358,0.5825
1781857559069,39753,-0.9231,-0.30249,-0.04639,0.9725,-14.688,-7.062,-1.25,-0.5516,0.4931,0.3363,0.5824
1781857559070,39754,-0.9231,-0.30249,-0.04639,0.9725,-14.688,-7.062,-1.25,-0.5516,0.4931,0.3363,0.5824
1781857559136,39820,-0.9436,-0.29688,-0.04785,0.99036,-15.75,-7.562,-3.0,-0.5582,0.4844,0.3433,0.5792
1781857559137,39821,-0.94116,-0.29858,-0.04663,0.98849,-15.812,-7.438,-2.438,-0.5585,0.484,0.3438,0.5791
1781857559137,39821,-0.94116,-0.29858,-0.04663,0.98849,-15.812,-7.438,-2.438,-0.5585,0.484,0.3438,0.5791
1781857559188,39872,-0.95972,-0.29272,-0.0542,1.00483,-18.75,-9.188,-2.125,-0.5635,0.4768,0.3505,0.576
1781857559189,39873,-0.96802,-0.29028,-0.05127,1.0119,-19.375,-8.75,-1.938,-0.5639,0.4763,0.3511,0.5758
1781857559189,39873,-0.96802,-0.29028,-0.05127,1.0119,-19.375,-8.75,-1.938,-0.5639,0.4763,0.3511,0.5758
1781857559260,39944,-0.98242,-0.26831,-0.03906,1.01915,-19.062,-3.75,6.562,-0.5681,0.4711,0.3582,0.5715
1781857559260,39944,-0.97485,-0.26538,-0.0376,1.01103,-18.188,-3.125,7.25,-0.5685,0.4708,0.3591,0.5708
1781857559261,39945,-0.97485,-0.26538,-0.0376,1.01103,-18.188,-3.125,7.25,-0.5685,0.4708,0.3591,0.5708
1781857559313,39997,-0.94678,-0.28687,-0.05273,0.99069,-18.938,-4.688,-2.375,-0.5715,0.4678,0.3646,0.5668
1781857559313,39997,-0.94409,-0.28491,-0.052,0.98752,-19.188,-4.562,-3.312,-0.5719,0.4674,0.3651,0.5665
1781857559313,39997,-0.94409,-0.28491,-0.052,0.98752,-19.188,-4.562,-3.312,-0.5719,0.4674,0.3651,0.5665
1781857559381,40065,-0.94165,-0.26416,-0.05786,0.97971,-15.875,-1.625,2.5,-0.5759,0.4642,0.3679,0.5631
1781857559382,40066,-0.94507,-0.26367,-0.05542,0.98273,-13.938,-2.062,4.188,-0.5762,0.4639,0.3686,0.5626
1781857559382,40066,-0.93896,-0.27783,-0.06348,0.98126,-14.562,-2.312,1.625,-0.5781,0.4629,0.3718,0.5595
1781857559428,40112,-0.94458,-0.27686,-0.0686,0.98671,-15.25,-2.375,0.75,-0.5787,0.4624,0.3725,0.5587
1781857559429,40113,-0.94531,-0.27222,-0.06714,0.98601,-15.562,-2.312,0.875,-0.5791,0.4621,0.3729,0.5584
1781857559429,40113,-0.94531,-0.27222,-0.06714,0.98601,-15.562,-2.312,0.875,-0.5791,0.4621,0.3729,0.5584
1781857559488,40172,-0.97656,-0.26611,-0.06812,1.01446,-11.25,-1.0,6.25,-0.5812,0.46,0.3773,0.5549
1781857559489,40173,-0.96875,-0.26636,-0.07007,1.00714,-11.062,-0.438,7.25,-0.5813,0.46,0.3777,0.5545
1781857559489,40173,-0.95508,-0.26929,-0.07886,0.99544,-14.25,-0.812,3.875,-0.5822,0.4606,0.3811,0.5507
1781857559558,40242,-0.96143,-0.26514,-0.07666,1.00026,-15.0,-1.0,2.562,-0.582,0.4611,0.3807,0.5508
1781857559564,40248,-0.96704,-0.26538,-0.07349,1.00548,-14.938,-0.938,1.688,-0.5823,0.4609,0.3811,0.5504
1781857559608,40292,-0.96704,-0.26538,-0.07349,1.00548,-14.938,-0.938,1.688,-0.5823,0.4609,0.3811,0.5504
1781857559609,40293,-0.97485,-0.25366,-0.0791,1.01042,-11.25,3.375,6.625,-0.5848,0.4605,0.3839,0.546
1781857559609,40293,-0.96997,-0.24707,-0.07739,1.00393,-11.25,3.0,7.25,-0.585,0.4606,0.3842,0.5455
1781857559610,40294,-0.96997,-0.24707,-0.07739,1.00393,-11.25,3.0,7.25,-0.585,0.4606,0.3842,0.5455
1781857559670,40354,-0.96997,-0.24707,-0.07739,1.00393,-11.25,3.0,7.25,-0.585,0.4606,0.3842,0.5455
1781857559670,40354,-0.98413,-0.24731,-0.07812,1.01773,-9.5,1.0,3.0,-0.5861,0.4614,0.3865,0.5421
1781857559670,40354,-0.98413,-0.24731,-0.07812,1.01773,-9.5,1.0,3.0,-0.5861,0.4614,0.3865,0.5421
1781857559731,40415,-0.9856,-0.23706,-0.07812,1.01671,-3.812,4.5,4.312,-0.587,0.4626,0.3876,0.5393
1781857559731,40415,-0.99048,-0.2373,-0.07446,1.02123,-3.125,5.0,5.812,-0.587,0.4628,0.3878,0.539
1781857559732,40416,-0.99048,-0.2373,-0.07446,1.02123,-3.125,5.0,5.812,-0.587,0.4628,0.3878,0.539
1781857559788,40472,-0.96411,-0.26416,-0.07983,1.00283,-3.0,4.812,3.562,-0.5867,0.4655,0.3886,0.5364
1781857559788,40472,-0.96289,-0.2627,-0.07983,1.00127,-4.25,3.562,-2.25,-0.5872,0.4656,0.3886,0.5359
1781857559789,40473,-0.98438,-0.25024,-0.08301,1.01907,-5.812,6.188,-2.375,-0.5897,0.4644,0.3878,0.5347
1781857559852,40536,-0.98169,-0.24731,-0.08228,1.0157,-5.562,6.5,-1.375,-0.59,0.4644,0.3877,0.5344
1781857559852,40536,-0.97388,-0.25195,-0.08521,1.00954,-5.438,6.688,-0.25,-0.5902,0.4644,0.3876,0.5342
1781857559853,40537,-0.9541,-0.25317,-0.09668,0.99184,-3.312,2.438,-2.125,-0.5914,0.4652,0.3872,0.5325
1781857559917,40601,-0.9541,-0.25317,-0.09668,0.99184,-3.312,2.438,-2.125,-0.5914,0.4652,0.3872,0.5325
1781857559917,40601,-0.95557,-0.25415,-0.09814,0.99365,-4.188,3.188,-3.5,-0.5918,0.4652,0.3867,0.5324
1781857559918,40602,-0.95581,-0.25293,-0.08716,0.99254,-4.75,1.938,2.062,-0.5931,0.4654,0.3859,0.5313
1781857559969,40653,-0.94995,-0.25244,-0.08057,0.98622,-3.188,0.812,2.125,-0.5932,0.4656,0.3859,0.5311
1781857559969,40653,-0.95337,-0.25024,-0.07812,0.98876,-2.312,0.125,1.875,-0.5932,0.4656,0.3861,0.531
1781857559969,40653,-0.96069,-0.27588,-0.09302,1.00384,-2.812,-1.0,-2.562,-0.5933,0.4652,0.3865,0.5309
1781857560028,40712,-0.96411,-0.27661,-0.09619,1.00761,-4.25,-1.062,-3.25,-0.5934,0.4651,0.3865,0.5309
1781857560045,40729,-0.95898,-0.27686,-0.09302,1.00247,-6.688,-1.0,-3.438,-0.594,0.4644,0.3869,0.5305
1781857560046,40730,-0.97095,-0.25635,-0.0752,1.00703,-5.312,-1.875,-0.938,-0.596,0.462,0.3881,0.5295
1781857560087,40771,-0.97095,-0.25635,-0.0752,1.00703,-5.312,-1.875,-0.938,-0.596,0.462,0.3881,0.5295
1781857560088,40772,-0.97314,-0.26245,-0.08057,1.01113,-5.062,-2.0,-0.375,-0.5958,0.4623,0.3878,0.5297
1781857560090,40774,-0.95776,-0.24463,-0.07642,0.99146,-12.25,-1.062,-0.875,-0.5974,0.4611,0.3889,0.5281
1781857560148,40832,-0.95776,-0.24463,-0.07642,0.99146,-12.25,-1.062,-0.875,-0.5974,0.4611,0.3889,0.5281
1781857560148,40832,-0.95532,-0.2395,-0.07837,0.988,-11.5,-1.875,-1.188,-0.5978,0.4608,0.3891,0.5278
1781857560148,40832,-0.96802,-0.23071,-0.08374,0.99865,-8.188,-2.312,0.875,-0.5996,0.4585,0.3918,0.5257
1781857560213,40897,-0.9707,-0.23291,-0.08423,1.0018,-8.0,-1.562,1.688,-0.5997,0.4584,0.392,0.5255
1781857560224,40908,-0.96387,-0.2334,-0.08447,0.99531,-8.75,-0.5,2.875,-0.6002,0.458,0.3927,0.5249
1781857560225,40909,-0.93848,-0.229,-0.08765,0.96998,-8.375,-3.875,0.312,-0.6013,0.4569,0.3955,0.5225
1781857560268,40952,-0.93848,-0.229,-0.08765,0.96998,-8.375,-3.875,0.312,-0.6013,0.4569,0.3955,0.5225
1781857560268,40952,-0.93799,-0.22852,-0.09058,0.96966,-8.0,-4.062,0.0,-0.6014,0.4567,0.3958,0.5223
1781857560269,40953,-0.90991,-0.22583,-0.11157,0.94413,-7.75,-4.188,3.438,-0.6011,0.4562,0.3984,0.521
1781857560329,41013,-0.91357,-0.22876,-0.10767,0.94791,-7.5,-4.75,3.125,-0.6011,0.4561,0.3988,0.5209
1781857560329,41013,-0.91748,-0.23535,-0.11401,0.95402,-7.688,-3.875,2.0,-0.6014,0.4558,0.3992,0.5205
1781857560335,41019,-0.92944,-0.2627,-0.15356,0.97799,-16.5,11.938,-4.188,-0.6046,0.4547,0.4,0.5171
1781857560388,41072,-0.90527,-0.25464,-0.1377,0.95043,-17.25,12.312,-3.938,-0.6052,0.4545,0.4,0.5165
1781857560390,41074,-0.85962,-0.24902,-0.08301,0.8988,-18.0,5.438,-0.625,-0.6068,0.4542,0.4,0.515
1781857560391,41075,-0.85962,-0.24902,-0.08301,0.8988,-18.0,5.438,-0.625,-0.6068,0.4542,0.4,0.515
1781857560447,41131,-0.90527,-0.23926,-0.1001,0.94169,-5.938,-16.188,13.938,-0.6059,0.4522,0.4047,0.5141
1781857560448,41132,-0.95825,-0.24634,-0.0625,0.99138,-4.75,-16.75,20.125,-0.6047,0.4524,0.4063,0.514
1781857560449,41133,-1.17578,-0.35107,-0.0332,1.22752,6.625,1.062,50.188,-0.5947,0.46,0.4158,0.5114
1781857560509,41193,-1.17578,-0.35107,-0.0332,1.22752,6.625,1.062,50.188,-0.5947,0.46,0.4158,0.5114
1781857560510,41194,-1.19067,-0.37036,-0.04028,1.2476,6.75,4.062,53.188,-0.5936,0.4615,0.4168,0.5106
1781857560510,41194,-1.83887,-0.56909,0.01343,1.92496,-80.938,88.125,74.562,-0.5905,0.4826,0.4244,0.4878
1781857560567,41251,-1.87549,-0.56055,0.05176,1.95815,-105.688,98.562,77.312,-0.5927,0.4846,0.4257,0.4821
1781857560570,41254,-1.89722,-0.55786,0.11108,1.98065,-140.875,111.312,68.312,-0.5966,0.4878,0.4271,0.4727
1781857560570,41254,-1.64111,-0.33228,-0.05371,1.67527,-220.062,144.125,-268.625,-0.6651,0.4561,0.4154,0.4204
1781857560629,41313,-1.61475,-0.28345,-0.07568,1.64118,-217.875,151.938,-294.562,-0.6771,0.4466,0.4102,0.4165
1781857560629,41313,-1.57422,-0.22388,-0.10083,1.59325,-212.938,159.688,-311.062,-0.6894,0.4367,0.4044,0.4126
1781857560629,41313,-0.71313,0.07739,-0.33569,0.79199,-132.812,197.25,-198.75,-0.7893,0.3584,0.3313,0.372
1781857560688,41372,-0.6228,0.0896,-0.35986,0.72485,-125.312,193.25,-179.625,-0.7969,0.3535,0.3238,0.3673
1781857560688,41372,-0.54419,0.09058,-0.38037,0.6701,-118.0,189.688,-160.562,-0.8038,0.3493,0.3165,0.3624
1781857560690,41374,-0.01392,0.06543,-0.48584,0.49042,-63.812,105.25,-64.938,-0.8541,0.3208,0.2604,0.3153
1781857560753,41437,0.0061,0.06323,-0.47925,0.48344,-58.5,92.938,-64.375,-0.8569,0.3191,0.2567,0.3124
1781857560753,41437,0.02563,0.06177,-0.47729,0.48196,-52.75,79.75,-64.438,-0.8596,0.3173,0.2535,0.3098
1781857560753,41437,-0.06934,0.11084,-0.573,0.58772,-21.812,-20.438,-56.875,-0.8759,0.2897,0.2435,0.299
1781857560808,41492,-0.10352,0.12915,-0.56274,0.58658,-19.75,-26.062,-51.875,-0.8766,0.2872,0.244,0.2988
1781857560809,41493,-0.1416,0.14453,-0.53857,0.57533,-16.125,-31.625,-43.875,-0.8771,0.285,0.2447,0.2989
1781857560809,41493,-0.42847,0.13232,-0.44629,0.63267,55.938,-92.625,87.75,-0.8655,0.2872,0.2689,0.3096
1781857560867,41551,-0.52637,0.09277,-0.44019,0.69241,69.25,-103.438,113.938,-0.8588,0.2938,0.2777,0.3142
1781857560869,41553,-0.63574,0.05615,-0.44849,0.78004,79.625,-104.5,139.062,-0.8512,0.3015,0.2875,0.3187
1781857560869,41553,-0.71655,-0.10742,-0.44873,0.85226,111.0,-80.562,187.75,-0.8118,0.3494,0.324,0.337
1781857560927,41611,-0.70435,-0.13281,-0.45679,0.84994,110.5,-77.938,185.562,-0.8063,0.3563,0.3278,0.3394
1781857560928,41612,-0.69775,-0.14966,-0.45972,0.84888,107.062,-76.312,182.938,-0.8008,0.3631,0.3315,0.3417
1781857560929,41613,-0.83008,-0.14941,-0.33911,0.90904,68.062,-108.375,104.5,-0.7506,0.4103,0.371,0.361
1781857560992,41676,-0.88721,-0.15479,-0.32812,0.95852,68.375,-111.188,90.562,-0.7437,0.414,0.3769,0.365
1781857561001,41685,-0.93677,-0.15967,-0.32275,1.00359,68.062,-110.75,81.375,-0.7393,0.416,0.3806,0.3678
1781857561002,41686,-1.13745,-0.15771,-0.22266,1.16972,59.875,-88.0,56.188,-0.7021,0.4302,0.4084,0.3936
1781857561049,41733,-1.1521,-0.16016,-0.20825,1.18167,60.188,-87.875,56.375,-0.6984,0.4315,0.411,0.3961
1781857561051,41735,-1.17017,-0.16748,-0.198,1.19856,61.062,-88.188,56.875,-0.6947,0.4327,0.4135,0.3985
1781857561051,41735,-1.2373,-0.2085,-0.15186,1.2639,63.562,-66.0,48.062,-0.6575,0.4468,0.4345,0.4229
1781857561108,41792,-1.24512,-0.2229,-0.15112,1.27391,63.188,-60.75,46.375,-0.6543,0.4482,0.4359,0.4251
1781857561108,41792,-1.24438,-0.22314,-0.15186,1.27332,61.938,-55.938,44.75,-0.6512,0.4495,0.4371,0.4271
1781857561108,41792,-1.24438,-0.22314,-0.15186,1.27332,61.938,-55.938,44.75,-0.6512,0.4495,0.4371,0.4271
1781857561167,41851,-1.14941,-0.23657,-0.09277,1.17717,66.25,-42.688,18.812,-0.622,0.4634,0.4444,0.4478
1781857561167,41851,-1.1394,-0.25732,-0.10327,1.17266,64.875,-40.375,13.812,-0.6197,0.4642,0.4445,0.4501
1781857561230,41914,-1.1394,-0.25732,-0.10327,1.17266,64.875,-40.375,13.812,-0.6197,0.4642,0.4445,0.4501
1781857561231,41915,-1.1394,-0.25732,-0.10327,1.17266,64.875,-40.375,13.812,-0.6197,0.4642,0.4445,0.4501
1781857561287,41971,-1.24414,-0.19263,-0.04492,1.25977,42.938,-24.25,21.312,-0.6005,0.4698,0.4443,0.47
1781857561288,41972,-1.11743,-0.24243,-0.04346,1.14425,30.938,-5.625,36.625,-0.5789,0.4869,0.4438,0.4801
1781857561292,41976,-1.10498,-0.24072,-0.03882,1.13156,28.5,-6.375,35.875,-0.5775,0.4881,0.4441,0.4804
1781857561347,42031,-1.09399,-0.22705,-0.04028,1.11803,26.625,-6.75,33.938,-0.576,0.4893,0.4444,0.4805
1781857561348,42032,-1.07446,-0.11963,-0.0376,1.08176,20.5,5.5,26.625,-0.5653,0.5003,0.4438,0.4826
1781857561348,42032,-1.07446,-0.11963,-0.0376,1.08176,20.5,5.5,26.625,-0.5653,0.5003,0.4438,0.4826
1781857561409,42093,-0.9541,-0.1062,-0.06323,0.96207,7.438,5.812,5.375,-0.5554,0.5144,0.4414,0.4814
1781857561413,42097,-0.96069,-0.10034,-0.05762,0.96764,7.125,4.0,2.438,-0.5553,0.5147,0.4412,0.4814
1781857561413,42097,-0.96069,-0.10034,-0.05762,0.96764,7.125,4.0,2.438,-0.5553,0.5147,0.4412,0.4814
1781857561468,42152,-0.96069,-0.10034,-0.05762,0.96764,7.125,4.0,2.438,-0.5553,0.5147,0.4412,0.4814
1781857561468,42152,-1.01196,-0.03027,-0.06299,1.01437,15.312,1.0,1.938,-0.5538,0.5164,0.4388,0.4835
1781857561470,42154,-0.95703,-0.0481,-0.09912,0.96335,26.188,-1.562,16.5,-0.5435,0.5284,0.4357,0.4851
1781857561527,42211,-0.96729,-0.05933,-0.1106,0.97539,25.812,-2.125,14.562,-0.5426,0.5292,0.4354,0.4855
1781857561527,42211,-0.96948,-0.06348,-0.12378,0.97941,24.5,-2.438,12.188,-0.5417,0.5299,0.4352,0.4859
1781857561529,42213,-0.96948,-0.06348,-0.12378,0.97941,24.5,-2.438,12.188,-0.5417,0.5299,0.4352,0.4859
1781857561588,42272,-0.96948,-0.06348,-0.12378,0.97941,24.5,-2.438,12.188,-0.5417,0.5299,0.4352,0.4859
1781857561588,42272,-1.04395,-0.04639,-0.09229,1.04904,8.188,6.5,1.688,-0.539,0.5328,0.4331,0.4876
1781857561589,42273,-1.00854,-0.06445,-0.08008,1.01377,9.062,6.0,8.75,-0.5366,0.5391,0.4306,0.4855
1781857561648,42332,-0.99951,-0.07739,-0.09399,1.0069,7.875,4.688,4.438,-0.5368,0.5393,0.4307,0.485
1781857561648,42332,-1.00122,-0.07935,-0.09814,1.00914,6.312,4.438,1.938,-0.5366,0.5396,0.4305,0.485
1781857561648,42332,-1.021,-0.07642,-0.104,1.02912,0.438,5.062,-8.688,-0.5388,0.539,0.4281,0.4853
1781857561708,42392,-1.01831,-0.07446,-0.10693,1.02661,0.125,5.188,-8.062,-0.5395,0.5386,0.428,0.4851
1781857561709,42393,-1.02271,-0.07373,-0.10645,1.03087,0.0,5.812,-7.75,-0.5398,0.5385,0.4277,0.4851
1781857561709,42393,-1.01245,-0.08618,-0.11646,1.02276,-1.0,7.812,-6.562,-0.5435,0.5375,0.4259,0.4837
1781857561767,42451,-1.01782,-0.08862,-0.1167,1.02832,-3.312,8.438,-5.688,-0.5448,0.5369,0.4258,0.483
1781857561767,42451,-1.02124,-0.0896,-0.11328,1.0314,-4.25,9.062,-5.25,-0.5451,0.5369,0.4256,0.4828
1781857561768,42452,-1.00928,-0.08276,-0.12598,1.02047,-8.938,11.312,-7.0,-0.5504,0.5353,0.4243,0.4798
1781857561827,42511,-1.01001,-0.07861,-0.11768,1.01988,-9.25,11.75,-6.812,-0.5514,0.5348,0.4244,0.4791
1781857561828,42512,-1.01099,-0.08179,-0.11523,1.02081,-9.75,12.25,-6.312,-0.552,0.5347,0.4242,0.4787
1781857561830,42514,-0.96436,-0.09863,-0.13794,0.97915,-16.438,9.25,-18.75,-0.5599,0.531,0.4232,0.4745
1781857561888,42572,-0.96436,-0.09863,-0.13794,0.97915,-16.438,9.25,-18.75,-0.5599,0.531,0.4232,0.4745
1781857561891,42575,-0.96387,-0.0957,-0.13989,0.97866,-17.5,8.312,-21.625,-0.5625,0.5291,0.4231,0.4736
1781857561891,42575,-0.96582,-0.11304,-0.15161,0.98416,-21.188,11.625,-24.812,-0.5756,0.5195,0.4212,0.4702
1781857561947,42631,-0.95801,-0.11426,-0.15381,0.97698,-21.562,12.625,-24.312,-0.5783,0.5175,0.4213,0.469
1781857561950,42634,-0.95923,-0.11743,-0.1604,0.97961,-21.812,13.438,-24.125,-0.5795,0.5167,0.421,0.4686
1781857561950,42634,-0.92407,-0.12329,-0.14966,0.9442,-21.188,16.625,-25.188,-0.5918,0.5098,0.418,0.4634
1781857562010,42694,-0.91577,-0.12402,-0.146,0.93559,-16.5,7.562,-25.125,-0.595,0.5076,0.4172,0.4625
1781857562010,42694,-0.92749,-0.12695,-0.15381,0.94869,-15.0,4.5,-25.5,-0.596,0.5067,0.417,0.4624
1781857562010,42694,-0.9917,-0.1001,-0.17578,1.01212,-19.0,0.75,-6.25,-0.6033,0.4989,0.4187,0.46
1781857562067,42751,-0.9917,-0.1001,-0.17578,1.01212,-19.0,0.75,-6.25,-0.6033,0.4989,0.4187,0.46
1781857562068,42752,-1.00024,-0.10425,-0.17236,1.02033,-19.125,3.25,-2.062,-0.6044,0.4979,0.4193,0.4589
1781857562070,42754,-0.98975,-0.07178,-0.16602,1.00614,-15.562,4.75,3.0,-0.6085,0.496,0.4228,0.4523
1781857562131,42815,-0.98975,-0.07178,-0.16602,1.00614,-15.562,4.75,3.0,-0.6085,0.496,0.4228,0.4523
1781857562132,42816,-0.99854,-0.07275,-0.17334,1.01608,-13.062,4.438,3.125,-0.6091,0.496,0.4232,0.4512
1781857562132,42816,-0.96362,-0.08887,-0.19214,0.9866,-16.25,3.812,-0.188,-0.6129,0.4945,0.4255,0.4455
1781857562187,42871,-0.96362,-0.08887,-0.19214,0.9866,-16.25,3.812,-0.188,-0.6129,0.4945,0.4255,0.4455
1781857562188,42872,-0.96094,-0.08447,-0.20093,0.98535,-15.875,1.812,-3.188,-0.6136,0.4942,0.4257,0.4447
1781857562188,42872,-0.98926,-0.08252,-0.21704,1.01614,-12.5,0.438,-6.688,-0.6176,0.4901,0.4277,0.4419
1781857562252,42936,-0.99341,-0.08472,-0.21851,1.02068,-12.625,0.938,-5.812,-0.6179,0.4897,0.4278,0.4417
1781857562252,42936,-0.98901,-0.09326,-0.22363,1.01826,-13.625,2.125,-4.5,-0.6187,0.4891,0.428,0.4411
1781857562252,42936,-0.98901,-0.09326,-0.22363,1.01826,-13.625,2.125,-4.5,-0.6187,0.4891,0.428,0.4411
1781857562309,42993,-0.97607,-0.0896,-0.2146,1.0034,-11.562,-3.625,-7.312,-0.6228,0.4846,0.4302,0.438
1781857562309,42993,-0.97534,-0.08911,-0.21753,1.00327,-8.188,-3.312,-8.062,-0.6234,0.4835,0.4307,0.4379
1781857562311,42995,-0.98706,-0.11572,-0.20972,1.01571,-13.562,1.938,-3.25,-0.626,0.4804,0.4319,0.4365
1781857562367,43051,-0.98901,-0.11548,-0.20532,1.01668,-13.625,1.812,-4.25,-0.6264,0.48,0.4321,0.4362
1781857562368,43052,-0.99023,-0.11108,-0.20508,1.01733,-12.938,1.188,-6.25,-0.6269,0.4794,0.4323,0.4358
1781857562368,43052,-1.01294,-0.12744,-0.2019,1.0407,-8.625,2.562,-7.0,-0.6304,0.4756,0.4323,0.4349
1781857562427,43111,-1.00757,-0.12793,-0.19922,1.03501,-9.625,2.812,-6.75,-0.6307,0.4753,0.4323,0.4348
1781857562428,43112,-1.00122,-0.12939,-0.19531,1.02827,-10.562,3.125,-6.562,-0.6311,0.475,0.4324,0.4345
1781857562429,43113,-1.00366,-0.10913,-0.20264,1.02971,-9.75,1.25,-8.5,-0.6351,0.4708,0.4334,0.4323
1781857562494,43178,-1.00366,-0.1084,-0.20654,1.03041,-8.938,2.75,-7.75,-0.6357,0.4703,0.4334,0.432
1781857562495,43179,-1.00586,-0.1145,-0.21191,1.0343,-8.438,4.75,-7.0,-0.6362,0.47,0.4331,0.4318
1781857562495,43179,-0.94189,-0.10742,-0.20312,0.96952,-5.188,1.312,-6.875,-0.6394,0.4685,0.4324,0.4296
1781857562550,43234,-0.95557,-0.10303,-0.21655,0.9852,-3.312,-0.312,-8.562,-0.6397,0.468,0.4323,0.4296
1781857562550,43234,-0.97534,-0.10815,-0.22803,1.00746,-4.062,-0.25,-9.375,-0.6401,0.4675,0.432,0.4298
1781857562551,43235,-1.02612,-0.0481,-0.2085,1.04819,7.0,3.938,26.938,-0.6398,0.4689,0.4335,0.4273
1781857562607,43291,-1.02148,-0.05908,-0.20801,1.04412,9.125,5.25,31.062,-0.639,0.47,0.4338,0.4269
1781857562608,43292,-1.01807,-0.06543,-0.21606,1.0428,10.25,6.375,33.938,-0.6383,0.4712,0.434,0.4265
1781857562609,43293,-0.92749,-0.12476,-0.2373,0.96546,7.25,0.062,9.812,-0.6324,0.4815,0.4353,0.4225
1781857562668,43352,-0.95825,-0.10864,-0.24048,0.99392,1.25,-0.188,2.375,-0.632,0.4819,0.4353,0.4225
1781857562669,43353,-0.98462,-0.08862,-0.23438,1.016,-1.125,0.25,0.688,-0.632,0.4819,0.4354,0.4224
1781857562669,43353,-0.98657,-0.06641,-0.2312,1.01547,9.125,6.438,9.0,-0.6309,0.484,0.4347,0.4223
1781857562727,43411,-0.97461,-0.06836,-0.22656,1.00293,10.125,7.625,15.312,-0.6303,0.4854,0.4344,0.4221
1781857562727,43411,-0.9668,-0.07812,-0.2229,0.99523,10.938,8.125,20.812,-0.6293,0.4873,0.434,0.4217
1781857562729,43413,-0.9248,-0.09082,-0.22998,0.95729,8.375,6.438,24.25,-0.6241,0.4966,0.4342,0.4185
1781857562793,43477,-0.92358,-0.08813,-0.23193,0.95633,7.938,5.75,21.062,-0.6236,0.4974,0.4343,0.4182
1781857562793,43477,-0.92676,-0.08643,-0.23169,0.95918,7.562,5.062,17.875,-0.6231,0.4981,0.4343,0.4179
1781857562793,43477,-0.9646,-0.05786,-0.2168,0.99035,8.375,-1.25,3.375,-0.6201,0.5021,0.4334,0.4187
1781857562848,43532,-0.96826,-0.0647,-0.22241,0.99558,8.062,-0.688,3.75,-0.6198,0.5024,0.4332,0.4188
1781857562849,43533,-0.96826,-0.06934,-0.22266,0.99595,7.562,-0.188,3.938,-0.6196,0.5026,0.4332,0.419
1781857562849,43533,-0.95312,-0.06714,-0.22534,0.9817,5.5,0.812,-2.812,-0.6185,0.5043,0.4319,0.4198
1781857562907,43591,-0.95435,-0.07153,-0.22583,0.98331,6.125,0.375,-4.625,-0.6185,0.5043,0.4316,0.4201
1781857562908,43592,-0.95605,-0.07544,-0.22339,0.9847,6.812,0.062,-5.812,-0.6185,0.5043,0.4313,0.4204
1781857562908,43592,-0.98633,-0.08765,-0.2373,1.01825,-0.188,4.75,-5.375,-0.6203,0.5027,0.429,0.4221
1781857562969,43653,-0.98096,-0.07739,-0.23926,1.01267,-1.0,4.625,-4.938,-0.6205,0.5026,0.4288,0.422
1781857562969,43653,-0.9707,-0.07666,-0.23291,1.00119,-1.312,4.25,-4.25,-0.6207,0.5026,0.4287,0.4219
1781857562969,43653,-0.96777,-0.10303,-0.23193,1.0005,0.812,-1.875,-18.375,-0.6232,0.4992,0.4266,0.4243
1781857563028,43712,-0.97192,-0.10205,-0.23169,1.00436,-0.062,-1.938,-18.938,-0.6236,0.4986,0.4264,0.4247
1781857563030,43714,-0.97339,-0.09863,-0.22974,1.00498,-1.188,-1.312,-19.312,-0.624,0.4981,0.4261,0.4251
1781857563030,43714,-0.98828,-0.07275,-0.22021,1.01513,8.188,2.312,7.5,-0.6264,0.4954,0.4246,0.4261
1781857563088,43772,-0.97925,-0.07373,-0.21875,1.00609,9.812,2.438,10.0,-0.6261,0.4958,0.4246,0.4262
1781857563089,43773,-0.97144,-0.08521,-0.21411,0.99839,11.062,2.0,11.688,-0.6257,0.4963,0.4245,0.4262
1781857563091,43775,-0.95483,-0.11475,-0.22778,0.98831,2.188,0.5,-1.0,-0.6227,0.5004,0.423,0.4274
1781857563150,43834,-0.95825,-0.10962,-0.2229,0.98992,0.688,0.125,-2.562,-0.6227,0.5003,0.4229,0.4275
1781857563156,43840,-0.96973,-0.09766,-0.21899,0.99893,0.062,0.562,-3.188,-0.6228,0.5002,0.4229,0.4276
1781857563156,43840,-0.96973,-0.09766,-0.21899,0.99893,0.062,0.562,-3.188,-0.6228,0.5002,0.4229,0.4276
1781857563207,43891,-0.9668,-0.08032,-0.20947,0.99249,8.188,-0.688,8.562,-0.6217,0.5016,0.4224,0.428
1781857563208,43892,-0.96924,-0.09033,-0.21631,0.99718,9.0,-0.75,8.875,-0.6212,0.502,0.4224,0.4281
1781857563208,43892,-0.97607,-0.08936,-0.21436,1.00332,0.75,-0.125,3.25,-0.6188,0.5049,0.4228,0.4279
1781857563267,43951,-0.97437,-0.08521,-0.21997,1.00251,1.75,0.0,2.188,-0.6185,0.5051,0.4229,0.4279
1781857563268,43952,-0.97119,-0.08081,-0.22144,0.99939,2.75,0.062,2.062,-0.6184,0.5053,0.4229,0.428
1781857563269,43953,-0.97119,-0.08081,-0.22144,0.99939,2.75,0.062,2.062,-0.6184,0.5053,0.4229,0.428
1781857563328,44012,-0.97388,-0.08569,-0.22632,1.00349,2.812,-0.062,7.625,-0.6171,0.5065,0.4233,0.4279
1781857563328,44012,-0.97192,-0.08789,-0.2229,1.00102,1.938,-0.062,7.25,-0.6169,0.5067,0.4234,0.4279
1781857563328,44012,-0.97192,-0.08789,-0.2229,1.00102,1.938,-0.062,7.25,-0.6169,0.5067,0.4234,0.4279
1781857563388,44072,-0.97192,-0.08789,-0.2229,1.00102,1.938,-0.062,7.25,-0.6169,0.5067,0.4234,0.4279
1781857563389,44073,-0.98169,-0.07422,-0.22705,1.01033,0.625,-2.25,-1.125,-0.6159,0.507,0.4241,0.4281
1781857563447,44131,-0.9729,-0.05933,-0.20801,0.99666,-0.938,1.062,13.688,-0.6149,0.5085,0.4263,0.4257
1781857563448,44132,-0.97559,-0.0625,-0.21021,0.99993,1.812,0.562,12.25,-0.6146,0.5089,0.4265,0.4255
1781857563448,44132,-0.97241,-0.06763,-0.21826,0.9989,4.0,0.188,9.688,-0.6143,0.5092,0.4266,0.4254
1781857563507,44191,-0.97241,-0.06763,-0.21826,0.9989,4.0,0.188,9.688,-0.6143,0.5092,0.4266,0.4254
1781857563507,44191,-0.98633,-0.08203,-0.21948,1.01378,-1.438,-0.562,-4.125,-0.6134,0.5098,0.4266,0.426
1781857563508,44192,-0.98633,-0.08203,-0.21948,1.01378,-1.438,-0.562,-4.125,-0.6134,0.5098,0.4266,0.426
1781857563567,44251,-1.01318,-0.05786,-0.21509,1.03738,2.312,1.5,0.062,-0.6152,0.5072,0.4268,0.4263
1781857563570,44254,-1.00757,-0.06274,-0.21802,1.03279,2.75,2.188,1.438,-0.6152,0.5073,0.4267,0.4263
1781857563573,44257,-1.00757,-0.06274,-0.21802,1.03279,2.75,2.188,1.438,-0.6152,0.5073,0.4267,0.4263
1781857563627,44311,-0.96021,-0.08301,-0.22363,0.98939,-2.812,0.875,-2.938,-0.6157,0.5076,0.4264,0.4255
1781857563628,44312,-0.97339,-0.07568,-0.22974,1.00299,-3.125,0.562,-5.938,-0.6165,0.5068,0.4265,0.4252
1781857563628,44312,-0.97339,-0.07568,-0.22974,1.00299,-3.125,0.562,-5.938,-0.6165,0.5068,0.4265,0.4252
1781857563695,44379,-0.96924,-0.08276,-0.23706,1.00123,0.75,2.938,2.25,-0.6177,0.5063,0.4258,0.4249
1781857563698,44382,-0.96167,-0.08032,-0.23462,0.99313,-0.125,2.812,2.562,-0.6176,0.5064,0.4258,0.4248
1781857563698,44382,-0.95532,-0.06763,-0.23315,0.98569,0.75,0.875,-3.938,-0.6181,0.5064,0.4258,0.4241
1781857563749,44433,-0.95923,-0.07617,-0.24072,0.9919,2.562,0.625,-4.625,-0.6185,0.5061,0.4256,0.4242
1781857563749,44433,-0.96973,-0.08301,-0.24072,1.0026,2.438,0.875,-4.25,-0.6186,0.5059,0.4254,0.4244
1781857563749,44433,-0.97119,-0.06128,-0.2439,1.00322,-0.125,0.875,1.875,-0.6201,0.505,0.4254,0.4233
1781857563807,44491,-0.97119,-0.06128,-0.2439,1.00322,-0.125,0.875,1.875,-0.6201,0.505,0.4254,0.4233
1781857563807,44491,-0.98462,-0.05884,-0.24756,1.01697,0.812,1.375,3.188,-0.6199,0.5051,0.4255,0.4233
1781857563809,44493,-0.97021,-0.07642,-0.2417,1.00278,4.562,3.188,6.5,-0.618,0.5086,0.426,0.4215
1781857563867,44551,-0.96362,-0.073,-0.23706,0.99504,3.188,2.5,4.375,-0.618,0.5089,0.4259,0.4213
1781857563867,44551,-0.95557,-0.07642,-0.22876,0.98553,2.5,2.125,2.25,-0.6179,0.509,0.4259,0.4213
1781857563868,44552,-0.95557,-0.07642,-0.22876,0.98553,2.5,2.125,2.25,-0.6179,0.509,0.4259,0.4213
1781857563929,44613,-0.9729,-0.06543,-0.24023,1.00426,3.438,-1.188,-7.125,-0.6183,0.5078,0.425,0.423
1781857563931,44615,-0.9707,-0.06274,-0.23438,1.00057,3.938,-1.25,-5.812,-0.6185,0.5074,0.4247,0.4233
1781857563932,44616,-0.96826,-0.08569,-0.24512,1.00248,6.375,0.0,2.938,-0.6178,0.5078,0.4234,0.4253
1781857563996,44680,-0.96826,-0.08569,-0.24512,1.00248,6.375,0.0,2.938,-0.6178,0.5078,0.4234,0.4253
1781857563996,44680,-0.97046,-0.0874,-0.23364,1.00201,4.938,0.188,2.25,-0.618,0.5076,0.4235,0.4251
1781857563997,44681,-0.96826,-0.07764,-0.23242,0.99879,4.188,-2.0,-4.25,-0.6176,0.5075,0.4229,0.4264
1781857564049,44733,-0.9751,-0.08765,-0.23682,1.00726,5.5,-1.938,-3.812,-0.6177,0.5072,0.4228,0.4268
1781857564049,44733,-0.97681,-0.08423,-0.23975,1.00932,5.312,-1.375,-3.312,-0.6177,0.5072,0.4227,0.427
1781857564049,44733,-0.97803,-0.07715,-0.22559,1.00667,1.75,-0.062,3.625,-0.6171,0.5076,0.4226,0.4273
1781857564107,44791,-0.97778,-0.0769,-0.22681,1.00669,2.062,-0.062,2.812,-0.617,0.5078,0.4226,0.4273
1781857564108,44792,-0.97974,-0.07715,-0.22632,1.00849,2.375,0.0,1.938,-0.6169,0.5079,0.4226,0.4273
1781857564108,44792,-0.98462,-0.08765,-0.22949,1.0148,2.5,1.188,-0.875,-0.6163,0.5083,0.4218,0.4284
1781857564167,44851,-0.98462,-0.08765,-0.22949,1.0148,2.5,1.188,-0.875,-0.6163,0.5083,0.4218,0.4284
1781857564168,44852,-0.97021,-0.0896,-0.22729,1.0005,-0.312,2.625,-0.562,-0.6164,0.5084,0.4216,0.4283
1781857564228,44912,-0.96606,-0.09277,-0.22339,0.99589,0.0,-0.812,-2.25,-0.6168,0.5079,0.4213,0.4287
1781857564228,44912,-0.96606,-0.09277,-0.22339,0.99589,0.0,-0.812,-2.25,-0.6168,0.5079,0.4213,0.4287
1781857564229,44913,-0.9707,-0.08472,-0.22534,1.00011,-0.812,-0.25,-0.812,-0.6168,0.5078,0.4213,0.4288
1781857564291,44975,-0.96313,-0.07788,-0.22412,0.99193,0.312,0.062,0.0,-0.6163,0.5075,0.4221,0.4291
1781857564292,44976,-0.9668,-0.08081,-0.22412,0.99572,0.25,0.312,0.812,-0.6162,0.5075,0.4223,0.4291
1781857564292,44976,-0.95679,-0.0813,-0.2229,0.98577,-0.562,-1.75,0.125,-0.6157,0.5078,0.4228,0.429
1781857564347,45031,-0.96021,-0.07837,-0.22021,0.98825,0.0,-2.188,-0.75,-0.6156,0.5077,0.4229,0.4291
1781857564348,45032,-0.96655,-0.0835,-0.22144,0.9951,0.875,-3.188,-1.688,-0.6155,0.5075,0.423,0.4293
1781857564354,45038,-0.99072,-0.07568,-0.22461,1.01868,-2.375,-1.5,1.688,-0.6154,0.5064,0.4238,0.4299
1781857564407,45091,-0.99072,-0.07568,-0.22461,1.01868,-2.375,-1.5,1.688,-0.6154,0.5064,0.4238,0.4299
1781857564408,45092,-0.99219,-0.07202,-0.22412,1.01973,-1.938,-1.0,2.562,-0.6154,0.5064,0.424,0.4298
1781857564408,45092,-0.96802,-0.08423,-0.23218,0.99903,2.875,-2.5,1.438,-0.6141,0.5072,0.4249,0.4299
1781857564471,45155,-0.96436,-0.08569,-0.23145,0.99544,2.438,-2.625,1.688,-0.614,0.5072,0.425,0.43
1781857564472,45156,-0.97144,-0.08423,-0.23267,1.00245,1.438,-2.875,1.625,-0.6137,0.5073,0.4251,0.4302
1781857564472,45156,-1.00391,-0.05713,-0.21655,1.02858,1.188,-0.562,11.625,-0.6123,0.5082,0.4265,0.4296
1781857564529,45213,-1.00024,-0.0625,-0.21729,1.02548,2.188,-0.375,12.938,-0.6119,0.5086,0.4267,0.4295
1781857564529,45213,-1.00146,-0.05176,-0.21777,1.02618,4.875,0.25,14.562,-0.6113,0.5095,0.427,0.429
1781857564529,45213,-1.00635,-0.0459,-0.22144,1.03144,11.0,5.875,34.125,-0.6061,0.5165,0.4287,0.4263
1781857564587,45271,-0.99316,-0.05615,-0.22412,1.01969,11.25,6.125,36.25,-0.6043,0.5189,0.4293,0.4253
1781857564588,45272,-0.98022,-0.05835,-0.2334,1.00932,10.688,6.312,35.625,-0.6033,0.5205,0.4298,0.4243
1781857564588,45272,-0.97437,-0.04883,-0.23853,1.00432,9.562,5.312,29.438,-0.5975,0.529,0.4318,0.4199
1781857564648,45332,-0.96606,-0.05347,-0.24805,0.99883,8.438,5.562,27.062,-0.5965,0.5305,0.432,0.4193
1781857564648,45332,-0.95605,-0.05811,-0.25269,0.99059,6.688,5.562,25.188,-0.596,0.5313,0.4321,0.4189
1781857564648,45332,-0.95996,-0.0354,-0.23535,0.98902,-1.812,0.75,3.562,-0.5936,0.535,0.4333,0.4163
1781857564709,45393,-0.95239,-0.03687,-0.23511,0.98168,-2.062,0.688,2.25,-0.5936,0.535,0.4334,0.4162
1781857564709,45393,-0.94409,-0.03833,-0.23657,0.97404,-2.938,0.125,0.375,-0.5936,0.535,0.4335,0.4161
1781857564709,45393,-0.98584,0.00244,-0.22729,1.01171,-6.062,-2.188,-3.125,-0.5954,0.5322,0.434,0.4166
1781857564767,45451,-0.99292,0.00635,-0.22754,1.01868,-5.5,-2.062,-1.562,-0.5955,0.5321,0.4342,0.4165
1781857564768,45452,-0.99536,0.00977,-0.22998,1.02163,-3.5,-1.625,1.75,-0.5958,0.5316,0.4346,0.4161
1781857564781,45465,-0.97119,-0.02148,-0.23169,0.99868,-3.375,0.125,1.5,-0.5953,0.5318,0.4358,0.4153
1781857564831,45515,-0.96704,-0.02051,-0.23389,0.99513,-4.188,0.062,0.312,-0.5954,0.5317,0.4359,0.4152
1781857564835,45519,-0.96509,-0.01562,-0.23242,0.9928,-4.812,-0.25,-0.875,-0.5955,0.5316,0.436,0.4151
1781857564836,45520,-0.98462,0.00537,-0.23364,1.01197,-0.938,0.562,1.188,-0.5963,0.5305,0.4368,0.4145
1781857564888,45572,-0.98657,-0.00122,-0.23267,1.01364,-0.312,1.0,1.312,-0.5963,0.5306,0.4368,0.4144
1781857564888,45572,-0.98071,-0.0022,-0.23535,1.00856,-0.312,1.375,1.438,-0.5963,0.5306,0.4368,0.4144
1781857564909,45593,-0.96338,-0.00928,-0.24365,0.99376,-0.688,0.625,-0.125,-0.5963,0.5313,0.4373,0.4132
1781857564974,45658,-0.96655,-0.00806,-0.23901,0.9957,-0.75,-0.062,-1.188,-0.5963,0.5312,0.4373,0.4132
1781857564975,45659,-0.96777,-0.00659,-0.23413,0.99571,-1.062,-0.125,-1.312,-0.5963,0.5311,0.4373,0.4132
1781857565009,45693,-0.98682,0.00073,-0.23096,1.01348,-0.438,1.625,3.625,-0.5962,0.5312,0.4378,0.4128
1781857565010,45694,-0.98096,0.00342,-0.2334,1.00835,-0.188,1.562,4.312,-0.5961,0.5313,0.4378,0.4127
1781857565010,45694,-0.97974,-0.00098,-0.23071,1.00653,0.562,1.375,4.062,-0.596,0.5314,0.4379,0.4126
1781857565077,45761,-0.97974,-0.00098,-0.23071,1.00653,0.562,1.375,4.062,-0.596,0.5314,0.4379,0.4126
1781857565078,45762,-0.98169,-0.00439,-0.23096,1.0085,-1.125,1.125,-1.0,-0.5957,0.5318,0.438,0.4125
1781857565078,45762,-0.97827,-0.00928,-0.23511,1.00617,0.875,4.438,2.188,-0.5963,0.5324,0.4374,0.4116
1781857565164,45848,-0.97437,-0.01245,-0.2417,1.00397,0.938,4.312,2.125,-0.5963,0.5326,0.4373,0.4114
1781857565165,45849,-0.97363,-0.01196,-0.23901,1.00261,0.938,4.375,1.938,-0.5963,0.5327,0.4372,0.4113
1781857565165,45849,-0.96582,-0.01636,-0.25684,0.99952,-1.625,0.562,-3.375,-0.5968,0.5329,0.4367,0.4108
1781857565192,45876,-0.96851,-0.01514,-0.25464,1.00154,-2.438,0.875,-4.25,-0.5969,0.5328,0.4367,0.4108
1781857565192,45876,-0.96997,-0.01172,-0.25122,1.00204,-3.25,1.312,-5.062,-0.5971,0.5326,0.4367,0.4108
1781857565193,45877,-0.98389,0.00073,-0.24512,1.01396,1.062,3.25,0.438,-0.598,0.5325,0.4356,0.4108
1781857565264,45948,-0.98193,-0.00195,-0.24316,1.0116,0.812,3.312,1.562,-0.598,0.5326,0.4355,0.4108
1781857565271,45955,-0.98267,-0.0022,-0.24438,1.0126,0.438,3.625,2.562,-0.598,0.5327,0.4354,0.4107
1781857565271,45955,-0.98267,-0.0022,-0.24438,1.0126,0.438,3.625,2.562,-0.598,0.5327,0.4354,0.4107
1781857565348,46032,-0.97876,-0.0061,-0.24878,1.0099,-0.188,4.062,-1.625,-0.5982,0.5343,0.4344,0.4095
1781857565350,46034,-0.97974,-0.0022,-0.24634,1.01023,-0.812,4.625,-2.5,-0.5984,0.5343,0.4342,0.4094
1781857565350,46034,-0.97974,-0.0022,-0.24634,1.01023,-0.812,4.625,-2.5,-0.5984,0.5343,0.4342,0.4094
1781857565376,46060,-0.95679,-0.0127,-0.24658,0.98813,-2.188,0.938,-6.125,-0.5997,0.5344,0.4323,0.4094
1781857565377,46061,-0.96436,-0.01611,-0.24731,0.99569,-2.688,0.625,-6.938,-0.5999,0.5342,0.4322,0.4094
1781857565377,46061,-0.96436,-0.01611,-0.24731,0.99569,-2.688,0.625,-6.938,-0.5999,0.5342,0.4322,0.4094
1781857565432,46116,-0.96924,-0.00391,-0.25366,1.00189,1.0,2.0,-5.25,-0.6019,0.5327,0.4307,0.41
1781857565434,46118,-0.96777,-0.01221,-0.25635,1.00122,1.25,2.438,-5.188,-0.6021,0.5325,0.4306,0.4101
1781857565451,46135,-0.96777,-0.01221,-0.25635,1.00122,1.25,2.438,-5.188,-0.6021,0.5325,0.4306,0.4101
1781857565490,46174,-0.97559,-0.01025,-0.2522,1.00771,1.0,1.0,-3.062,-0.603,0.5323,0.4287,0.4109
1781857565547,46231,-0.97559,-0.00781,-0.25684,1.00886,2.0,1.25,-2.438,-0.6031,0.5323,0.4286,0.411
1781857565553,46237,-0.97559,-0.00781,-0.25684,1.00886,2.0,1.25,-2.438,-0.6031,0.5323,0.4286,0.411
1781857565557,46241,-0.96216,-0.02954,-0.26196,0.99762,0.438,1.25,-0.625,-0.6027,0.5333,0.4271,0.4119
1781857565558,46242,-0.95972,-0.03027,-0.2605,0.9949,0.5,1.25,-0.938,-0.6027,0.5333,0.4271,0.4119
1781857565608,46292,-0.95972,-0.03027,-0.2605,0.9949,0.5,1.25,-0.938,-0.6027,0.5333,0.4271,0.4119
1781857565608,46292,-0.97266,-0.02295,-0.2627,1.00777,3.75,-0.062,-1.938,-0.6035,0.5324,0.426,0.4129
1781857565608,46292,-0.97266,-0.02295,-0.2627,1.00777,3.75,-0.062,-1.938,-0.6035,0.5324,0.426,0.4129
1781857565668,46352,-0.96387,-0.03149,-0.24951,0.99614,0.688,1.0,1.938,-0.6023,0.5342,0.4251,0.4134
1781857565669,46353,-0.96411,-0.02856,-0.24878,0.9961,0.562,0.062,1.625,-0.6022,0.5343,0.4251,0.4134
1781857565669,46353,-0.9856,-0.02026,-0.26099,1.01977,4.688,-0.312,-0.938,-0.6018,0.5341,0.4245,0.4146
1781857565731,46415,-0.9856,-0.02075,-0.25635,1.0186,3.375,0.688,1.875,-0.6018,0.5343,0.4244,0.4147
1781857565733,46417,-0.98096,-0.01904,-0.25366,1.0134,3.062,1.25,3.375,-0.6017,0.5344,0.4244,0.4147
1781857565734,46418,-0.96265,-0.03467,-0.25415,0.99623,2.5,-0.438,0.0,-0.6008,0.5355,0.424,0.4148
1781857565788,46472,-0.96436,-0.0332,-0.2478,0.99624,2.5,-1.5,-1.312,-0.6008,0.5355,0.424,0.415
1781857565789,46473,-0.96582,-0.02588,-0.25366,0.99891,3.125,-1.312,-1.875,-0.6007,0.5355,0.424,0.4151
1781857565789,46473,-0.96582,-0.02588,-0.25366,0.99891,3.125,-1.312,-1.875,-0.6007,0.5355,0.424,0.4151
1781857565872,46556,-0.96924,-0.03711,-0.25317,1.00245,2.5,-0.938,-1.875,-0.6005,0.5352,0.4233,0.4165
1781857565872,46556,-0.97192,-0.04053,-0.26025,1.00698,2.0,0.0,-1.375,-0.6005,0.5351,0.4232,0.4167
1781857565873,46557,-0.98169,-0.03101,-0.24902,1.01326,0.75,-1.062,2.875,-0.6001,0.5352,0.4236,0.4167
1781857565908,46592,-0.98169,-0.03101,-0.24902,1.01326,0.75,-1.062,2.875,-0.6001,0.5352,0.4236,0.4167
1781857565908,46592,-0.98242,-0.02539,-0.24146,1.01198,1.812,-0.625,4.375,-0.6004,0.5349,0.424,0.4163
1781857565909,46593,-0.9563,-0.02734,-0.25122,0.98912,-0.75,-1.625,-2.375,-0.6002,0.535,0.4246,0.416
1781857565968,46652,-0.96338,-0.02856,-0.25,0.9957,-0.062,-1.688,-3.125,-0.6002,0.5349,0.4246,0.4161
1781857565968,46652,-0.97412,-0.03442,-0.25488,1.0075,0.125,-1.062,-3.812,-0.6003,0.5346,0.4245,0.4163
1781857565968,46652,-0.96655,-0.03027,-0.25024,0.99888,1.312,-0.625,3.562,-0.5998,0.5347,0.4249,0.4165
1781857566049,46733,-0.96655,-0.03027,-0.25024,0.99888,1.312,-0.625,3.562,-0.5998,0.5347,0.4249,0.4165
1781857566050,46734,-0.95728,-0.03638,-0.25049,0.99017,0.75,-1.688,2.438,-0.5996,0.5348,0.4251,0.4165
1781857566050,46734,-0.97534,-0.03076,-0.24048,1.00502,-3.812,-2.125,-1.438,-0.6008,0.5325,0.4268,0.4158
1781857566094,46778,-0.97534,-0.02661,-0.23657,1.00398,-3.625,-2.0,-1.062,-0.6008,0.5324,0.427,0.4158
1781857566100,46784,-0.97363,-0.01782,-0.24609,1.00441,-2.938,-1.812,-1.25,-0.6015,0.5316,0.4275,0.4153
1781857566102,46786,-0.95239,-0.04492,-0.26538,0.9897,0.0,-3.062,-1.125,-0.6013,0.531,0.428,0.4159
1781857566166,46850,-0.95239,-0.04492,-0.26538,0.9897,0.0,-3.062,-1.125,-0.6013,0.531,0.428,0.4159
1781857566166,46850,-0.95239,-0.0376,-0.25635,0.98701,-2.312,-2.75,-2.125,-0.6013,0.5308,0.4282,0.416
1781857566167,46851,-0.96558,-0.01147,-0.24878,0.99718,-2.75,-2.438,2.0,-0.6028,0.528,0.4307,0.4148
1781857566218,46902,-0.96558,-0.01147,-0.24878,0.99718,-2.75,-2.438,2.0,-0.6028,0.528,0.4307,0.4148
1781857566221,46905,-0.97998,-0.01392,-0.22998,1.0067,-0.688,-0.25,0.438,-0.6027,0.5279,0.431,0.4147
1781857566221,46905,-0.96509,-0.01758,-0.2522,0.99765,-2.438,-2.312,1.188,-0.6018,0.5279,0.4318,0.4152
1781857566272,46956,-0.96509,-0.01758,-0.2522,0.99765,-2.438,-2.312,1.188,-0.6018,0.5279,0.4318,0.4152
1781857566273,46957,-0.96362,-0.01953,-0.23804,0.99278,-3.0,-3.0,0.25,-0.6023,0.5272,0.4324,0.4147
1781857566273,46957,-0.95679,-0.02515,-0.25171,0.98966,0.438,-4.875,-3.5,-0.6034,0.5245,0.4343,0.4146
1781857566328,47012,-0.96851,-0.02661,-0.24658,0.99976,-0.25,-4.0,-3.688,-0.6034,0.5243,0.4343,0.4147
1781857566328,47012,-0.96899,-0.01807,-0.25195,1.00138,-1.312,-3.25,-2.312,-0.6043,0.5232,0.4349,0.4141
1781857566328,47012,-0.98853,-0.02222,-0.24341,1.01829,0.625,-5.25,-1.062,-0.6047,0.521,0.4368,0.4144
1781857566396,47080,-0.9812,-0.02734,-0.25293,1.01365,0.0,-4.812,-1.25,-0.6046,0.5209,0.437,0.4146
1781857566397,47081,-0.97852,-0.04004,-0.26392,1.01427,-4.312,-3.625,-2.312,-0.6052,0.52,0.4374,0.4142
1781857566397,47081,-0.92505,-0.0835,-0.25635,0.96354,-13.75,-12.25,-29.938,-0.6105,0.5117,0.44,0.4141
1781857566449,47133,-0.91968,-0.08618,-0.2644,0.9608,-15.5,-12.438,-34.438,-0.6113,0.5103,0.44,0.4146
1781857566451,47135,-0.9314,-0.08105,-0.25684,0.96955,-19.75,-14.688,-41.25,-0.6135,0.5068,0.4403,0.4155
1781857566452,47136,-0.88403,-0.21362,-0.29102,0.9549,-52.75,-15.875,-98.062,-0.6281,0.4846,0.4408,0.4195
1781857566511,47195,-0.88184,-0.22534,-0.27344,0.95036,-58.75,-15.0,-116.25,-0.6312,0.4802,0.4403,0.4204
1781857566570,47254,-0.90991,-0.22827,-0.25903,0.97321,-64.312,-14.0,-133.562,-0.6348,0.4752,0.4396,0.4215
1781857566576,47260,-1.09424,-0.23438,-0.26367,1.1497,-72.125,8.75,-222.812,-0.6839,0.4047,0.4202,0.4377
1781857566577,47261,-1.09326,-0.24658,-0.25122,1.14854,-70.75,14.188,-222.75,-0.6893,0.3971,0.4169,0.4394
1781857566628,47312,-1.08398,-0.26514,-0.22974,1.13934,-70.312,18.5,-219.125,-0.6947,0.3897,0.4134,0.4409
1781857566628,47312,-0.90674,-0.61987,-0.26147,1.12906,-97.625,40.062,-259.562,-0.7485,0.3118,0.372,0.4514
1781857566629,47313,-0.89526,-0.45825,-0.32642,1.05737,-100.75,73.0,-228.5,-0.8262,0.178,0.2895,0.449
1781857566695,47379,-0.8313,-0.46631,-0.3457,1.01391,-94.0,73.625,-201.375,-0.8305,0.1709,0.2837,0.4476
1781857566696,47380,-0.73877,-0.49634,-0.35352,0.95766,-84.812,70.312,-166.812,-0.8361,0.1625,0.2753,0.4455
1781857566696,47380,-0.50537,-0.69409,-0.45117,0.96991,-67.0,47.625,-116.438,-0.8601,0.1258,0.2387,0.4326
1781857566749,47433,-0.48193,-0.69995,-0.44702,0.96022,-66.625,45.812,-117.812,-0.8624,0.1217,0.2352,0.431
1781857566757,47441,-0.46826,-0.71655,-0.46411,0.97371,-64.875,44.188,-120.875,-0.8647,0.1173,0.2316,0.4296
1781857566758,47442,-0.40161,-0.61499,-0.51538,0.89729,-53.938,40.0,-90.625,-0.8849,0.0795,0.1954,0.415
1781857566814,47498,-0.40601,-0.62671,-0.50781,0.90304,-49.125,36.312,-82.625,-0.8864,0.0765,0.1927,0.4136
1781857566814,47498,-0.40869,-0.63696,-0.51587,0.9159,-45.875,32.688,-74.375,-0.8877,0.0738,0.1902,0.4124
1781857566815,47499,-0.35913,-0.73901,-0.60864,1.02253,-39.562,25.0,-75.438,-0.8974,0.0563,0.1704,0.4028
1781857566868,47552,-0.35889,-0.71216,-0.6167,1.00811,-40.0,26.062,-78.125,-0.8984,0.0535,0.1682,0.4017
1781857566868,47552,-0.39331,-0.69824,-0.60107,1.00176,-39.312,26.438,-78.188,-0.8995,0.0507,0.166,0.4006
1781857566868,47552,-0.31885,-0.72314,-0.62988,1.01062,-22.0,16.625,-40.688,-0.9068,0.034,0.1473,0.3931
1781857566928,47612,-0.33154,-0.72754,-0.62402,1.01422,-23.688,16.438,-38.875,-0.9074,0.0326,0.146,0.3925
1781857566929,47613,-0.32544,-0.71826,-0.62744,1.00772,-25.0,17.5,-36.812,-0.908,0.0313,0.1448,0.3917
1781857566929,47613,-0.32886,-0.74951,-0.64771,1.04376,-20.312,21.062,-38.938,-0.9127,0.0165,0.1311,0.3862
1781857566987,47671,-0.29492,-0.74438,-0.65454,1.03417,-23.0,23.688,-35.75,-0.9133,0.0153,0.1295,0.3856
1781857566987,47671,-0.27832,-0.74683,-0.65063,1.02885,-24.188,24.5,-35.562,-0.9138,0.0142,0.128,0.3848
1781857566989,47673,-0.21851,-0.67676,-0.64404,0.95945,-13.25,14.562,-27.375,-0.9186,0.002,0.1161,0.3775
1781857567063,47747,-0.2207,-0.6792,-0.6355,0.95597,-10.875,12.938,-27.062,-0.9188,0.0011,0.1151,0.3772
1781857567063,47747,-0.23413,-0.68726,-0.63086,0.96183,-8.938,11.25,-25.25,-0.919,0.0003,0.1143,0.377
1781857567063,47747,-0.18384,-0.7041,-0.64624,0.97323,-4.625,3.188,2.75,-0.921,-0.0056,0.1107,0.3731
1781857567110,47794,-0.18579,-0.73535,-0.66113,1.00616,-3.938,2.5,1.062,-0.9211,-0.0055,0.1107,0.3729
1781857567111,47795,-0.19971,-0.75293,-0.66333,1.02313,-5.75,2.375,-1.5,-0.9212,-0.0055,0.1105,0.3728
1781857567206,47890,-0.21655,-0.65918,-0.66504,0.96109,-7.562,1.812,-17.375,-0.923,-0.0157,0.1078,0.3688
1781857567208,47892,-0.21704,-0.65674,-0.66724,0.96105,-5.938,1.812,-11.5,-0.9231,-0.0162,0.1076,0.3686
1781857567210,47894,-0.22217,-0.66553,-0.67773,0.9755,-4.438,1.062,-4.312,-0.9232,-0.0164,0.1074,0.3684
1781857567228,47912,-0.17871,-0.78125,-0.68994,1.0575,-7.0,-8.312,8.312,-0.9239,-0.0124,0.1122,0.3654
1781857567229,47913,-0.17896,-0.78271,-0.69238,1.06022,-9.438,-6.5,0.0,-0.924,-0.0125,0.1125,0.3651
1781857567229,47913,-0.19604,-0.69141,-0.68335,0.99169,-10.0,-2.625,-14.812,-0.9257,-0.0228,0.1094,0.3611
1781857567308,47992,-0.18188,-0.67432,-0.67065,0.96828,-9.688,-6.875,-9.438,-0.9259,-0.024,0.1094,0.3604
1781857567308,47992,-0.20532,-0.68652,-0.65234,0.96903,-6.0,-10.125,-3.375,-0.926,-0.0255,0.1102,0.3598
1781857567308,47992,-0.20532,-0.68652,-0.65234,0.96903,-6.0,-10.125,-3.375,-0.926,-0.0255,0.1102,0.3598
1781857567362,48046,-0.17456,-0.68506,-0.66455,0.97026,-8.75,-8.0,-9.25,-0.9266,-0.0295,0.1118,0.3574
1781857567362,48046,-0.17432,-0.68213,-0.66992,0.97184,-7.688,-9.125,-10.688,-0.9267,-0.0301,0.112,0.3571
1781857567363,48047,-0.17432,-0.68213,-0.66992,0.97184,-7.688,-9.125,-10.688,-0.9267,-0.0301,0.112,0.3571
1781857567418,48102,-0.17432,-0.68213,-0.66992,0.97184,-7.688,-9.125,-10.688,-0.9267,-0.0301,0.112,0.3571
1781857567418,48102,-0.1792,-0.69629,-0.71851,1.01646,-8.438,-12.375,-11.438,-0.9275,-0.0383,0.1155,0.3532
1781857567419,48103,-0.21924,-0.65869,-0.72314,1.00244,-10.312,-12.125,-12.375,-0.9282,-0.0485,0.1181,0.3493
1781857567475,48159,-0.22046,-0.64893,-0.71387,0.9896,-10.5,-12.875,-10.562,-0.9282,-0.0492,0.1184,0.3489
1781857567475,48159,-0.22363,-0.64575,-0.70312,0.98051,-9.125,-13.875,-8.625,-0.9283,-0.0498,0.1188,0.3485
1781857567481,48165,-0.22363,-0.64575,-0.70312,0.98051,-9.125,-13.875,-8.625,-0.9283,-0.0498,0.1188,0.3485
1781857567531,48215,-0.25342,-0.72119,-0.69897,1.03581,-10.375,-13.875,-20.438,-0.9282,-0.0561,0.1234,0.3462
1781857567531,48215,-0.26074,-0.68872,-0.7063,1.02038,-7.125,-14.688,-19.312,-0.9282,-0.0582,0.124,0.3457
1781857567531,48215,-0.26074,-0.68872,-0.7063,1.02038,-7.125,-14.688,-19.312,-0.9282,-0.0582,0.124,0.3457
1781857567593,48277,-0.24902,-0.66211,-0.66382,0.97008,-5.562,-20.625,15.188,-0.928,-0.0593,0.1296,0.3439
1781857567593,48277,-0.2478,-0.64795,-0.65527,0.95427,-4.062,-22.812,18.875,-0.928,-0.0589,0.1307,0.3436
1781857567596,48280,-0.2478,-0.64795,-0.65527,0.95427,-4.062,-22.812,18.875,-0.928,-0.0589,0.1307,0.3436
1781857567648,48332,-0.23828,-0.55884,-0.64111,0.88323,15.312,-26.25,31.75,-0.9259,-0.0506,0.1464,0.3443
1781857567649,48333,-0.23926,-0.54297,-0.65674,0.88508,18.75,-28.188,36.75,-0.9252,-0.0484,0.1497,0.3451
1781857567649,48333,-0.2998,-0.53125,-0.61475,0.86604,23.5,-40.688,99.75,-0.9217,-0.0285,0.1692,0.3476
1781857567713,48397,-0.31396,-0.55835,-0.59937,0.87725,25.375,-45.375,108.75,-0.9208,-0.0217,0.1736,0.348
1781857567714,48398,-0.30835,-0.57568,-0.60791,0.89221,28.375,-47.875,111.438,-0.9202,-0.0178,0.1771,0.3483
1781857567714,48398,-0.38989,-0.71436,-0.66479,1.05084,60.5,-41.375,36.75,-0.9108,0.0084,0.204,0.3585
1781857567768,48452,-0.38989,-0.71436,-0.66479,1.05084,60.5,-41.375,36.75,-0.9108,0.0084,0.204,0.3585
1781857567768,48452,-0.46045,-0.76514,-0.67261,1.11797,57.188,-36.875,22.312,-0.9082,0.0113,0.2073,0.363
1781857567769,48453,-0.46191,-0.80957,-0.59839,1.10763,29.312,-33.5,18.25,-0.8991,0.0196,0.2215,0.3768
1781857567830,48514,-0.46216,-0.81543,-0.60376,1.11492,26.688,-33.062,11.938,-0.8979,0.0213,0.2231,0.3786
1781857567830,48514,-0.46997,-0.80298,-0.59326,1.10345,24.75,-32.688,7.0,-0.8972,0.0213,0.2244,0.3795
1781857567830,48514,-0.43262,-0.80029,-0.49292,1.0347,15.312,-25.438,-29.188,-0.8914,0.0156,0.2301,0.3898
1781857567911,48595,-0.43262,-0.80029,-0.49292,1.0347,15.312,-25.438,-29.188,-0.8914,0.0156,0.2301,0.3898
1781857567911,48595,-0.37793,-0.7124,-0.52295,0.96116,17.75,-32.438,-32.5,-0.8904,0.0132,0.2308,0.3919
1781857567911,48595,-0.37793,-0.7124,-0.52295,0.96116,17.75,-32.438,-32.5,-0.8904,0.0132,0.2308,0.3919
1781857567970,48654,-0.41333,-0.67578,-0.47876,0.9256,33.625,-38.5,24.688,-0.8826,0.0084,0.242,0.4027
1781857567971,48655,-0.40601,-0.7063,-0.50195,0.9569,41.188,-40.75,34.812,-0.8804,0.0113,0.2454,0.4053
1781857567971,48655,-0.51245,-0.82324,-0.52075,1.10069,17.875,-42.875,-20.875,-0.8691,0.0141,0.2637,0.4178
1781857568010,48694,-0.51245,-0.82324,-0.52075,1.10069,17.875,-42.875,-20.875,-0.8691,0.0141,0.2637,0.4178
1781857568010,48694,-0.53418,-0.8103,-0.5105,1.09661,10.625,-38.312,-24.375,-0.8682,0.0139,0.2642,0.4196
1781857568010,48694,-0.56152,-0.79443,-0.53442,1.10997,-2.75,-28.625,-1.5,-0.863,0.0047,0.2731,0.4247
1781857568100,48784,-0.56152,-0.79443,-0.53442,1.10997,-2.75,-28.625,-1.5,-0.863,0.0047,0.2731,0.4247
1781857568101,48785,-0.54053,-0.86279,-0.54004,1.15249,-17.312,-21.25,0.562,-0.8629,0.0046,0.2742,0.4242
1781857568101,48785,-0.54492,-0.74097,-0.53052,1.0618,-33.688,-25.438,-45.688,-0.8666,-0.0079,0.2774,0.4143
1781857568156,48840,-0.54492,-0.74097,-0.53052,1.0618,-33.688,-25.438,-45.688,-0.8666,-0.0079,0.2774,0.4143
1781857568156,48840,-0.54175,-0.7251,-0.53809,1.05299,-31.625,-23.688,-48.0,-0.867,-0.0105,0.2774,0.4136
1781857568160,48844,-0.47192,-0.66772,-0.48975,0.95311,-22.688,-12.438,-3.938,-0.8702,-0.0245,0.2749,0.4077
1781857568197,48881,-0.47485,-0.66235,-0.48315,0.94744,-22.5,-13.562,-3.938,-0.8704,-0.0249,0.2752,0.4073
1781857568197,48881,-0.46973,-0.64795,-0.48267,0.93458,-19.25,-16.375,-6.0,-0.8708,-0.0253,0.2755,0.4061
1781857568197,48881,-0.45923,-0.62036,-0.54443,0.94454,2.875,-21.562,-8.875,-0.8688,-0.0333,0.2811,0.406
1781857568274,48958,-0.42554,-0.6123,-0.55078,0.92702,3.375,-20.688,-5.812,-0.8686,-0.0332,0.2812,0.4063
1781857568282,48966,-0.40625,-0.61084,-0.54517,0.91399,4.125,-21.062,-3.25,-0.8683,-0.0336,0.2819,0.4064
1781857568282,48966,-0.51416,-0.67822,-0.51343,0.99396,20.125,-26.875,30.438,-0.8635,-0.031,0.2911,0.4103
1781857568310,48994,-0.51416,-0.67822,-0.51343,0.99396,20.125,-26.875,30.438,-0.8635,-0.031,0.2911,0.4103
1781857568310,48994,-0.5188,-0.6897,-0.48779,0.99135,21.25,-27.75,40.75,-0.8626,-0.0287,0.2933,0.4108
1781857568311,48995,-0.60498,-0.91309,-0.46094,1.18836,3.188,-7.562,48.625,-0.857,-0.0088,0.3094,0.4116
1781857568370,49054,-0.60181,-0.92383,-0.45728,1.19362,0.562,-7.5,39.438,-0.8569,-0.0074,0.3104,0.4112
1781857568371,49055,-0.63184,-0.90527,-0.45435,1.1938,-3.938,-5.562,18.312,-0.8568,-0.0062,0.3119,0.4102
1781857568371,49055,-0.71045,-0.70654,-0.48413,1.1128,-3.438,11.375,-0.75,-0.8587,-0.0074,0.3099,0.4078
1781857568430,49114,-0.72217,-0.68701,-0.49438,1.11262,-1.375,12.188,5.312,-0.8589,-0.007,0.3096,0.4077
1781857568430,49114,-0.74976,-0.65967,-0.5105,1.12156,-0.188,14.0,16.688,-0.8593,-0.0051,0.3088,0.4075
1781857568430,49114,-0.71484,-0.54321,-0.52661,1.04087,19.562,21.25,37.25,-0.8607,0.0114,0.3087,0.4043
1781857568494,49178,-0.7356,-0.54956,-0.53613,1.06328,22.688,24.938,33.125,-0.8606,0.0134,0.3085,0.4046
1781857568494,49178,-0.73926,-0.54565,-0.55005,1.07088,25.438,29.438,28.25,-0.8606,0.0154,0.308,0.405
1781857568494,49178,-0.7019,-0.56299,-0.49731,1.02808,51.625,58.312,-22.75,-0.8603,0.0286,0.288,0.4194
1781857568551,49235,-0.72974,-0.58252,-0.48096,1.05032,52.125,61.5,-20.375,-0.8601,0.0296,0.2854,0.4214
1781857568562,49246,-0.7854,-0.61157,-0.46753,1.09975,50.438,69.875,-11.875,-0.8599,0.0316,0.2802,0.4251
1781857568562,49246,-0.64282,-0.58936,-0.34595,0.93821,50.188,77.812,25.438,-0.8607,0.0525,0.2572,0.4359
1781857568607,49291,-0.64526,-0.60229,-0.34106,0.94628,51.562,77.688,22.875,-0.8605,0.0554,0.2547,0.4374
1781857568607,49291,-0.65479,-0.62207,-0.33154,0.9621,51.562,80.188,16.75,-0.8603,0.0595,0.2501,0.44
1781857568609,49293,-0.58667,-0.57568,-0.25024,0.85919,39.25,77.188,10.25,-0.8601,0.0765,0.2272,0.4499
1781857568668,49352,-0.57715,-0.57007,-0.24927,0.84865,38.188,76.125,12.625,-0.8601,0.0789,0.2246,0.451
1781857568668,49352,-0.57178,-0.56396,-0.25757,0.8434,36.625,75.312,15.0,-0.86,0.0812,0.222,0.452
1781857568669,49353,-0.49121,-0.62891,-0.15771,0.81344,45.188,48.188,69.375,-0.8568,0.1073,0.2081,0.4591
1781857568727,49411,-0.47998,-0.65454,-0.1582,0.82694,44.25,43.625,73.562,-0.8559,0.1113,0.2077,0.46
1781857568727,49411,-0.46973,-0.68237,-0.16528,0.84475,42.688,39.188,76.625,-0.855,0.1152,0.2076,0.4608
1781857568728,49412,-0.41187,-0.79102,-0.26025,0.92902,22.688,16.812,69.438,-0.8473,0.1502,0.2112,0.4633
1781857568799,49483,-0.41846,-0.81128,-0.27734,0.95404,22.062,13.25,67.625,-0.8465,0.1531,0.2119,0.4635
1781857568799,49483,-0.43457,-0.82446,-0.29199,0.97665,20.125,10.438,67.25,-0.8457,0.156,0.2127,0.4636
1781857568800,49484,-0.25024,-0.9248,-0.45508,1.06065,-9.0,-7.625,80.5,-0.8397,0.1847,0.2274,0.4569
1781857568850,49534,-0.0708,-1.04541,-0.44385,1.13793,9.688,-1.562,76.812,-0.8391,0.1873,0.2286,0.4564
1781857568867,49551,0.04883,-1.19897,-0.39478,1.26324,29.375,-2.75,65.188,-0.838,0.1897,0.2295,0.4569
1781857568867,49551,-0.75073,-0.70093,-0.39087,1.09894,-125.188,-68.625,12.0,-0.8381,0.1865,0.251,0.4466
1781857568910,49594,-0.77393,-0.59839,-0.39697,1.05575,-104.062,-70.875,28.125,-0.8392,0.1849,0.255,0.4429
1781857568910,49594,-0.74365,-0.51392,-0.46997,1.01882,-73.062,-66.5,44.125,-0.8398,0.1842,0.2589,0.44
1781857568911,49595,-0.69824,-0.84229,-0.40234,1.1657,-41.438,-40.5,-39.75,-0.8337,0.1918,0.2767,0.4374
1781857568974,49658,-0.7439,-0.79297,-0.39722,1.15757,-48.25,-40.125,-58.188,-0.8345,0.1885,0.2775,0.4367
1781857568978,49662,-0.81104,-0.6897,-0.4292,1.1479,-53.188,-39.312,-79.625,-0.8361,0.1826,0.2784,0.4357
1781857568978,49662,-0.81104,-0.6897,-0.4292,1.1479,-53.188,-39.312,-79.625,-0.8361,0.1826,0.2784,0.4357
1781857569050,49734,-0.83447,-0.33008,-0.44409,1.00126,0.0,-10.625,-44.875,-0.8442,0.1564,0.2733,0.4334
1781857569051,49735,-0.82397,-0.34229,-0.45581,1.00193,4.062,-9.5,-39.5,-0.8443,0.1548,0.273,0.434
1781857569051,49735,-0.50977,-0.62939,-0.50317,0.95351,24.938,14.438,-78.812,-0.8445,0.1427,0.2611,0.445
1781857569099,49783,-0.53247,-0.6062,-0.49292,0.9455,22.125,17.438,-81.125,-0.8447,0.1404,0.2589,0.4467
1781857569099,49783,-0.59668,-0.57788,-0.46387,0.95139,18.562,19.812,-77.125,-0.845,0.1382,0.2566,0.4481
1781857569100,49784,-0.40942,-0.75439,-0.43311,0.96142,49.188,23.125,-12.625,-0.8435,0.136,0.239,0.4611
1781857569157,49841,-0.41992,-0.77124,-0.42578,0.97593,51.562,20.812,-13.438,-0.8424,0.1367,0.2369,0.4639
1781857569157,49841,-0.44067,-0.76709,-0.42236,0.98031,51.875,19.125,-12.75,-0.8417,0.1371,0.2356,0.4658
1781857569168,49852,-0.45483,-0.79053,-0.42236,1.00509,40.312,-1.25,11.875,-0.8342,0.1412,0.2307,0.4803
1781857569231,49915,-0.48901,-0.79028,-0.42407,1.02153,40.688,-1.188,15.562,-0.8333,0.1421,0.2307,0.4816
1781857569231,49915,-0.52783,-0.77271,-0.41309,1.0229,39.188,-1.188,20.875,-0.8323,0.1432,0.231,0.4829
1781857569231,49915,-0.55298,-0.7832,-0.34351,1.01842,38.5,-4.75,32.062,-0.8211,0.1629,0.2399,0.4915
1781857569268,49952,-0.58179,-0.77295,-0.34009,1.02547,31.75,-4.5,19.5,-0.8196,0.1644,0.2406,0.493
1781857569268,49952,-0.60181,-0.74707,-0.3396,1.01765,27.312,-4.25,14.25,-0.8189,0.1652,0.2409,0.4938
1781857569269,49953,-0.5752,-0.62695,-0.25757,0.88897,36.938,-5.625,41.688,-0.8124,0.1734,0.2438,0.5002
1781857569327,50011,-0.5752,-0.62695,-0.25757,0.88897,36.938,-5.625,41.688,-0.8124,0.1734,0.2438,0.5002
1781857569327,50011,-0.56738,-0.60254,-0.25098,0.86485,41.438,-10.188,50.062,-0.811,0.1753,0.2449,0.5012
1781857569328,50012,-0.5603,-0.76416,-0.28052,0.98822,34.938,-30.375,-12.188,-0.7909,0.1947,0.2614,0.5176
1781857569388,50072,-0.58667,-0.78345,-0.27563,1.01683,37.5,-36.0,-27.562,-0.7894,0.1929,0.2619,0.5203
1781857569389,50073,-0.61865,-0.78345,-0.28076,1.03699,39.688,-38.375,-36.5,-0.7883,0.1914,0.2621,0.5224
1781857569389,50073,-0.58862,-0.68433,-0.24976,0.93657,54.812,-55.438,-37.312,-0.7781,0.1751,0.2644,0.5419
1781857569448,50132,-0.58862,-0.68433,-0.24976,0.93657,54.812,-55.438,-37.312,-0.7781,0.1751,0.2644,0.5419
1781857569450,50134,-0.58618,-0.67554,-0.24438,0.92719,62.438,-57.125,-37.562,-0.7763,0.1732,0.265,0.5448
1781857569450,50134,-0.71094,-0.78442,-0.13037,1.06665,62.875,-32.875,-61.562,-0.7551,0.1497,0.263,0.5813
1781857569515,50199,-0.71094,-0.78442,-0.13037,1.06665,62.875,-32.875,-61.562,-0.7551,0.1497,0.263,0.5813
1781857569515,50199,-0.71924,-0.7981,-0.12354,1.08144,58.688,-27.125,-47.188,-0.7529,0.1471,0.2619,0.5853
1781857569516,50200,-0.71924,-0.7981,-0.12354,1.08144,58.688,-27.125,-47.188,-0.7529,0.1471,0.2619,0.5853
1781857569568,50252,-0.69531,-0.80688,-0.14966,1.0756,42.312,-4.875,-48.0,-0.7399,0.1319,0.2557,0.6079
1781857569570,50254,-0.74268,-0.83594,-0.1106,1.12365,40.438,1.562,-48.688,-0.739,0.1309,0.2543,0.6098
1781857569571,50255,-0.74268,-0.83594,-0.1106,1.12365,40.438,1.562,-48.688,-0.739,0.1309,0.2543,0.6098
1781857569628,50312,-0.56567,-0.875,0.0022,1.04193,41.438,43.0,-25.375,-0.7352,0.1378,0.2299,0.6224
1781857569628,50312,-0.5752,-0.87915,-0.05566,1.05207,44.5,39.812,-28.188,-0.7346,0.1385,0.2277,0.6238
1781857569628,50312,-0.5752,-0.87915,-0.05566,1.05207,44.5,39.812,-28.188,-0.7346,0.1385,0.2277,0.6238
1781857569689,50373,-0.7561,-0.75122,-0.14355,1.07547,41.812,122.125,10.5,-0.7301,0.1575,0.1972,0.6348
1781857569690,50374,-0.68652,-0.72241,-0.08789,1.00046,41.625,143.125,26.438,-0.7297,0.1671,0.1893,0.6352
1781857569748,50432,-0.44336,-0.8396,0.0022,0.94947,86.375,123.562,18.812,-0.721,0.2121,0.1547,0.6411
1781857569751,50435,-0.46802,-0.88501,-0.01709,1.00129,82.188,119.375,11.188,-0.7185,0.2185,0.1486,0.6432
1781857569752,50436,-0.46167,-0.89844,-0.02515,1.01043,76.5,118.438,7.0,-0.7169,0.2225,0.1444,0.6445
1781857569811,50495,-0.57446,-0.87109,0.02002,1.04365,53.75,117.0,39.312,-0.7056,0.2597,0.1076,0.6503
1781857569819,50503,-0.52295,-0.81152,0.01318,0.96552,50.062,113.812,69.0,-0.7023,0.2702,0.1027,0.6503
1781857569819,50503,-0.51562,-0.76245,0.00977,0.92049,50.0,108.25,81.312,-0.7004,0.2758,0.101,0.6502
1781857569871,50555,-0.64014,-0.62158,-0.02856,0.89272,91.0,96.75,213.75,-0.668,0.3448,0.1038,0.651
1781857569872,50556,-0.5708,-0.63477,-0.07202,0.8567,89.25,87.938,243.5,-0.6567,0.364,0.1088,0.6513
1781857569872,50556,-0.56787,-0.62695,0.00122,0.8459,124.625,-5.125,291.688,-0.5707,0.469,0.1643,0.6535
1781857569935,50619,-0.55225,-0.54517,-0.01953,0.77625,130.625,-15.188,268.438,-0.5613,0.4763,0.1697,0.6549
1781857569935,50619,-0.59082,-0.50293,-0.0332,0.7766,137.875,-24.625,245.938,-0.5522,0.4826,0.1745,0.6567
1781857569936,50620,-1.16211,-0.12085,0.19653,1.18479,224.562,-7.438,165.812,-0.4613,0.5294,0.1938,0.6848
1781857569987,50671,-1.16211,-0.12085,0.19653,1.18479,224.562,-7.438,165.812,-0.4613,0.5294,0.1938,0.6848
1781857569987,50671,-1.28857,-0.2356,0.23608,1.33104,239.812,-3.125,161.188,-0.4451,0.5369,0.1933,0.69
1781857569988,50672,-1.03345,-0.47217,0.24878,1.16312,164.875,103.0,105.875,-0.3496,0.5999,0.1715,0.6987
1781857570047,50731,-1.03345,-0.47217,0.24878,1.16312,164.875,103.0,105.875,-0.3496,0.5999,0.1715,0.6987
1781857570047,50731,-0.92773,-0.5166,0.21167,1.08276,153.188,88.438,93.5,-0.3399,0.6078,0.1676,0.6976
1781857570114,50798,-0.948,-0.48975,0.00293,1.06703,11.0,28.5,26.312,-0.3085,0.632,0.155,0.6936
1781857570115,50799,-0.98462,-0.44653,-0.00903,1.08118,-2.188,29.312,28.375,-0.3077,0.6338,0.1556,0.6921
1781857570115,50799,-1.02393,-0.44653,-0.00732,1.11708,-10.25,30.625,31.938,-0.3074,0.6351,0.1563,0.691
1781857570169,50853,-0.89819,-0.37671,0.05957,0.97581,-104.375,-14.625,62.188,-0.3128,0.642,0.1856,0.6748
1781857570169,50853,-0.90796,-0.34937,0.06689,0.97515,-110.688,-20.812,59.5,-0.3142,0.6413,0.1906,0.6733
1781857570170,50854,-1.0752,-0.12012,0.02832,1.08225,-107.5,8.812,59.312,-0.33,0.6358,0.2426,0.654
1781857570227,50911,-1.06689,-0.12354,0.04712,1.07506,-112.375,16.438,58.438,-0.3316,0.6358,0.2471,0.6515
1781857570228,50912,-1.00806,-0.07373,0.05859,1.01245,-121.0,22.75,51.812,-0.3356,0.636,0.2561,0.6458
1781857570228,50912,-0.95361,0.12256,-0.00049,0.96146,-71.438,-17.875,27.375,-0.3524,0.6307,0.2913,0.6268
1781857570289,50973,-0.95361,0.12256,-0.00049,0.96146,-71.438,-17.875,27.375,-0.3524,0.6307,0.2913,0.6268
1781857570290,50974,-0.93555,0.14062,-0.03247,0.94661,-67.25,-15.375,23.375,-0.3547,0.6284,0.2985,0.6245
1781857570290,50974,-1.0481,0.09595,-0.0127,1.05255,-36.688,15.25,33.438,-0.3636,0.6255,0.3155,0.6138
1781857570373,51057,-1.0481,0.09595,-0.0127,1.05255,-36.688,15.25,33.438,-0.3636,0.6255,0.3155,0.6138
1781857570380,51064,-1.05566,0.11353,-0.0166,1.06188,-28.375,15.438,40.688,-0.3635,0.6264,0.3181,0.6116
1781857570380,51064,-1.0,0.11328,-0.04126,1.00724,23.188,13.125,57.875,-0.3513,0.6383,0.3284,0.6008
1781857570423,51107,-1.02856,0.1189,-0.01587,1.03554,28.938,10.5,54.562,-0.3481,0.6405,0.3293,0.5998
1781857570423,51107,-1.05273,0.12939,-0.00781,1.06069,36.062,11.938,52.25,-0.3448,0.6429,0.3298,0.5989
1781857570424,51108,-0.96216,-0.07129,-0.15015,0.97641,17.25,29.938,51.125,-0.3246,0.6588,0.3281,0.5939
1781857570499,51183,-0.9165,-0.04053,-0.11719,0.92485,-8.5,38.5,36.25,-0.3232,0.6618,0.3292,0.5906
1781857570502,51186,-0.87305,0.0061,-0.07349,0.87616,-20.75,35.438,19.875,-0.3236,0.6633,0.3301,0.5882
1781857570504,51188,-0.94751,0.06836,-0.04517,0.95105,-30.438,-6.312,-29.375,-0.3349,0.6616,0.3309,0.5834
1781857570528,51212,-0.95581,0.07544,-0.07495,0.96171,-34.0,-8.625,-24.938,-0.3364,0.6605,0.3313,0.5835
1781857570529,51213,-1.03613,0.08667,-0.10669,1.04521,-42.688,-8.688,-10.062,-0.3389,0.6585,0.333,0.5833
1781857570529,51213,-1.00488,0.16528,-0.06567,1.0205,-15.5,-10.438,4.25,-0.345,0.6514,0.3433,0.5817
1781857570590,51274,-1.00024,0.15308,-0.0647,1.01396,-13.25,-8.875,4.688,-0.345,0.6512,0.3437,0.5817
1781857570590,51274,-0.98535,0.1123,-0.07446,0.99452,-9.938,-5.688,2.75,-0.3451,0.6509,0.3441,0.5817
1781857570590,51274,-0.99829,0.07007,-0.04932,1.00196,-33.375,-12.938,-41.0,-0.3565,0.6422,0.346,0.5834
1781857570647,51331,-1.01807,0.09058,-0.04712,1.02317,-33.0,-14.188,-40.5,-0.3582,0.6408,0.3461,0.5839
1781857570647,51331,-1.0271,0.1189,-0.0415,1.03479,-30.75,-14.25,-39.125,-0.3598,0.6394,0.3463,0.5844
1781857570648,51332,-1.05591,0.07739,-0.06616,1.06081,-5.625,6.0,-15.062,-0.3696,0.6317,0.3442,0.5878
1781857570707,51391,-1.03662,0.07642,-0.05957,1.04114,-5.938,8.875,-14.312,-0.3702,0.6316,0.3439,0.5877
1781857570708,51392,-1.0127,0.06763,-0.02979,1.01539,-6.188,8.938,-14.188,-0.3709,0.6315,0.3436,0.5876
1781857570708,51392,-0.96167,-0.01855,-0.08789,0.96586,-21.438,0.438,-4.875,-0.3747,0.6287,0.343,0.5885
1781857570770,51454,-0.92993,-0.0083,-0.07007,0.9326,-26.625,1.375,-4.375,-0.3755,0.6283,0.3436,0.5881
1781857570770,51454,-0.88037,-0.00342,-0.04834,0.8817,-29.125,0.75,-4.5,-0.3763,0.6278,0.3442,0.5877
1781857570771,51455,-0.98853,0.06152,-0.09863,0.99534,-15.812,-5.312,7.875,-0.3838,0.621,0.3505,0.5864
1781857570831,51515,-0.97534,0.02734,-0.06616,0.97797,-18.75,-6.25,11.125,-0.3839,0.6205,0.3522,0.5858
1781857570838,51522,-0.98584,0.02856,-0.06567,0.98844,-19.062,-7.0,10.312,-0.384,0.6202,0.3531,0.5855
1781857570839,51523,-1.02246,0.08862,0.00391,1.0263,-21.812,-8.75,-23.5,-0.389,0.6149,0.3591,0.5842
1781857570888,51572,-1.06689,0.09155,0.0083,1.07085,-14.938,-12.062,-27.688,-0.39,0.6139,0.3591,0.5847
1781857570891,51575,-1.11304,0.08105,-0.00342,1.11599,-7.75,-13.375,-29.188,-0.3907,0.6129,0.3589,0.5853
1781857570891,51575,-1.03735,0.05859,0.05127,1.04027,-2.438,11.938,-4.5,-0.3964,0.6107,0.3571,0.5849
1781857570952,51636,-1.0166,0.05371,0.05933,1.01975,1.625,9.75,-6.5,-0.3967,0.6108,0.3568,0.5848
1781857570953,51637,-1.00806,0.05151,0.05249,1.01074,6.938,7.688,-8.75,-0.3969,0.6109,0.3563,0.5848
1781857570954,51638,-0.84399,0.01294,0.01123,0.84417,14.062,-2.625,-10.5,-0.3977,0.6126,0.3501,0.5863
1781857571007,51691,-0.88477,-0.01538,-0.02368,0.88522,15.875,-8.812,-10.25,-0.3973,0.6124,0.3493,0.5872
1781857571007,51691,-0.92725,-0.02222,-0.05396,0.92908,15.0,-11.312,-9.375,-0.397,0.6122,0.3488,0.5879
1781857571008,51692,-0.94971,0.02979,-0.09131,0.95455,23.562,-23.312,0.312,-0.3914,0.6106,0.3478,0.5939
1781857571076,51760,-0.98975,-0.01758,-0.05298,0.99132,26.562,-30.5,-6.0,-0.3899,0.61,0.3474,0.5957
1781857571077,51761,-1.02197,0.01489,-0.04224,1.02295,27.75,-34.125,-7.812,-0.3889,0.6094,0.3471,0.5972
1781857571077,51761,-1.03979,0.12549,0.05786,1.04894,89.125,-32.0,14.125,-0.3695,0.6098,0.336,0.6152
1781857571128,51812,-0.96191,0.15015,0.06812,0.97594,99.25,-35.062,13.688,-0.366,0.6105,0.3344,0.6174
1781857571130,51814,-0.9624,0.0957,0.09033,0.97136,111.062,-40.688,9.125,-0.3623,0.6112,0.3325,0.6199
1781857571130,51814,-0.95874,-0.12378,0.14136,0.97698,34.188,-11.938,-22.25,-0.3378,0.614,0.3115,0.6416
1781857571189,51873,-0.92554,-0.09351,0.19482,0.95043,32.188,-17.75,-30.5,-0.3372,0.6132,0.3095,0.6436
1781857571189,51873,-0.90063,-0.05322,0.19971,0.92404,33.5,-19.688,-36.25,-0.3369,0.6126,0.308,0.645
1781857571190,51874,-0.90063,-0.05322,0.19971,0.92404,33.5,-19.688,-36.25,-0.3369,0.6126,0.308,0.645
1781857571247,51931,-0.9668,-0.07031,0.11304,0.97592,21.25,-23.25,-7.625,-0.3336,0.6052,0.2954,0.6594
1781857571248,51932,-0.9519,-0.06226,0.13037,0.96281,20.562,-20.812,0.062,-0.3328,0.6049,0.2951,0.6603
1781857571248,51932,-0.94556,-0.06445,0.04272,0.94871,-7.688,-36.062,28.812,-0.3202,0.6033,0.3027,0.6645
1781857571307,51991,-0.96948,-0.06226,0.06689,0.97378,-5.625,-38.688,27.125,-0.3192,0.6025,0.3043,0.665
1781857571307,51991,-1.02393,-0.04956,-0.00464,1.02514,-4.625,-37.812,23.375,-0.3182,0.6018,0.3056,0.6656
1781857571308,51992,-1.02393,-0.04956,-0.00464,1.02514,-4.625,-37.812,23.375,-0.3182,0.6018,0.3056,0.6656
1781857571368,52052,-1.02393,-0.04956,-0.00464,1.02514,-4.625,-37.812,23.375,-0.3182,0.6018,0.3056,0.6656
1781857571368,52052,-1.11084,0.00708,0.1377,1.11936,5.812,-14.562,-20.812,-0.3163,0.5941,0.3061,0.673
1781857571369,52053,-0.95801,-0.11841,0.14111,0.97556,-12.25,-15.75,-46.312,-0.3246,0.5842,0.2973,0.6817
1781857571426,52110,-0.99341,-0.1228,0.14771,1.01181,-15.125,-14.938,-48.062,-0.326,0.5828,0.2964,0.6825
1781857571427,52111,-0.99146,-0.09741,0.12988,1.00466,-20.25,-10.5,-49.5,-0.3276,0.5816,0.2956,0.6832
1781857571430,52114,-0.99146,-0.09741,0.12988,1.00466,-20.25,-10.5,-49.5,-0.3276,0.5816,0.2956,0.6832
1781857571494,52178,-0.94531,-0.06274,0.16553,0.96174,-12.062,-6.25,-29.875,-0.3431,0.5712,0.2876,0.6878
1781857571495,52179,-0.94995,-0.06299,0.15796,0.96505,-10.5,-4.938,-27.938,-0.344,0.5705,0.2872,0.6881
1781857571495,52179,-0.94995,-0.06299,0.15796,0.96505,-10.5,-4.938,-27.938,-0.344,0.5705,0.2872,0.6881
1781857571548,52232,-0.9458,-0.08887,0.13257,0.95917,-9.188,-8.438,-7.688,-0.3523,0.5656,0.2865,0.6882
1781857571549,52233,-0.96191,-0.0874,0.1084,0.97194,-6.188,-8.5,-10.125,-0.3526,0.5651,0.2866,0.6884
1781857571551,52235,-0.96191,-0.0874,0.1084,0.97194,-6.188,-8.5,-10.125,-0.3526,0.5651,0.2866,0.6884
1781857571608,52292,-1.06445,-0.15771,0.08057,1.07909,-11.75,-2.0,-7.188,-0.3552,0.5612,0.2857,0.6906
1781857571612,52296,-1.0625,-0.19092,0.10596,1.0847,-15.312,1.688,-5.125,-0.3563,0.5607,0.286,0.6903
1781857571612,52296,-1.0625,-0.19092,0.10596,1.0847,-15.312,1.688,-5.125,-0.3563,0.5607,0.286,0.6903
1781857571667,52351,-0.95703,-0.18237,0.13281,0.98326,-17.188,1.5,-4.312,-0.3631,0.5588,0.2884,0.6873
1781857571668,52352,-0.97437,-0.16357,0.1228,0.9956,-17.438,1.062,-5.5,-0.3638,0.5586,0.2886,0.687
1781857571668,52352,-0.95361,-0.08691,0.11865,0.96489,-25.25,8.875,-5.562,-0.3731,0.5562,0.2913,0.6829
1781857571728,52412,-0.93457,-0.06006,0.11377,0.94338,-20.688,7.25,-8.875,-0.3745,0.556,0.2916,0.6821
1781857571728,52412,-0.95996,-0.06323,0.11011,0.96832,-15.625,6.688,-11.75,-0.3753,0.5558,0.2916,0.6818
1781857571728,52412,-1.24341,0.02368,0.08594,1.2466,3.312,97.312,47.938,-0.3801,0.5698,0.289,0.6685
1781857571790,52474,-1.24341,0.02368,0.08594,1.2466,3.312,97.312,47.938,-0.3801,0.5698,0.289,0.6685
1781857571790,52474,-1.21533,0.04248,0.10864,1.22092,17.438,115.188,60.812,-0.3794,0.5762,0.2884,0.6638
1781857571790,52474,-0.73779,-0.14136,0.19141,0.77521,88.188,81.812,78.125,-0.3544,0.6375,0.2735,0.6268
1781857571851,52535,-0.81006,-0.12451,0.21631,0.84764,92.438,60.0,69.438,-0.3507,0.6413,0.272,0.6257
1781857571851,52535,-0.80884,-0.02026,0.15356,0.82354,96.875,46.562,57.438,-0.347,0.6447,0.2703,0.625
1781857571851,52535,-0.80981,0.02832,-0.14673,0.82349,113.5,13.438,64.938,-0.3034,0.6723,0.2488,0.6275
1781857571910,52594,-0.79443,0.02563,-0.13696,0.80656,115.188,7.125,57.438,-0.2963,0.6757,0.2461,0.6282
1781857571916,52600,-0.78882,-0.0083,-0.10767,0.79618,118.312,-1.812,50.0,-0.2917,0.6776,0.244,0.6292
1781857571916,52600,-0.91138,0.01294,-0.07568,0.91461,52.75,-51.688,-36.5,-0.2671,0.6794,0.2231,0.6458
1781857571966,52650,-0.95923,-0.00464,-0.08838,0.9633,51.938,-55.0,-40.0,-0.2663,0.678,0.2211,0.6483
1781857571967,52651,-0.98877,-0.03076,-0.09521,0.99382,50.062,-57.0,-42.562,-0.2656,0.6764,0.2191,0.6509
1781857571968,52652,-0.82202,-0.23315,0.01904,0.85466,-23.625,-85.5,-26.188,-0.2656,0.6571,0.2135,0.6721
1781857572027,52711,-0.82812,-0.28467,0.02881,0.87616,-33.812,-91.438,-28.938,-0.2666,0.6539,0.2145,0.6746
1781857572027,52711,-0.88574,-0.35669,0.03979,0.95569,-47.562,-91.438,-32.062,-0.268,0.6504,0.2157,0.677
1781857572036,52720,-1.04443,-0.06372,0.21948,1.06915,-98.188,-16.312,8.625,-0.2994,0.625,0.2422,0.6788
1781857572087,52771,-1.05103,-0.09033,0.21533,1.07665,-89.812,-19.875,20.5,-0.3014,0.6237,0.2454,0.678
1781857572088,52772,-1.06543,-0.12158,0.19067,1.08916,-84.25,-21.812,34.625,-0.3028,0.6225,0.2489,0.6772
1781857572088,52772,-1.073,0.04761,0.04395,1.07495,-93.5,-1.75,48.5,-0.3121,0.6145,0.2972,0.6605
1781857572147,52831,-1.073,0.04761,0.04395,1.07495,-93.5,-1.75,48.5,-0.3121,0.6145,0.2972,0.6605
1781857572147,52831,-1.08276,0.07812,0.0459,1.08655,-81.625,4.625,33.312,-0.3149,0.6135,0.304,0.6571
1781857572149,52833,-1.12695,0.00073,0.02197,1.12717,-77.125,10.25,-19.812,-0.3343,0.6057,0.3198,0.647
1781857572209,52893,-1.12036,0.02368,0.04297,1.12144,-81.0,14.188,-19.312,-0.3372,0.6047,0.3212,0.6458
1781857572210,52894,-1.11719,0.06006,0.08154,1.12177,-82.125,14.562,-19.375,-0.3401,0.6037,0.3227,0.6445
1781857572211,52895,-1.0498,0.0083,0.10376,1.05495,-55.875,18.688,-22.312,-0.3609,0.5927,0.327,0.6412
1781857572267,52951,-1.02881,0.02466,0.1416,1.0388,-53.125,21.875,-17.438,-0.3631,0.5922,0.3276,0.6401
1781857572267,52951,-0.99878,0.05225,0.18237,1.01664,-36.312,23.312,-12.812,-0.3667,0.5917,0.3284,0.6381
1781857572268,52952,-0.80127,-0.07056,0.03174,0.805,-33.375,1.375,-5.062,-0.3753,0.5913,0.3327,0.6313
1781857572391,53075,-0.85522,-0.06152,0.0,0.85743,-35.875,-6.312,-9.875,-0.3781,0.5895,0.3344,0.6304
1781857572393,53077,-1.0752,-0.05249,-0.02393,1.07674,14.625,-18.562,-5.938,-0.3766,0.5871,0.3563,0.6215
1781857572394,53078,-1.14697,-0.04932,-0.13794,1.15629,7.0,-16.375,-14.5,-0.3764,0.5867,0.356,0.6221
1781857572394,53078,-1.16797,-0.09473,-0.06885,1.17382,-5.188,-5.312,-16.75,-0.3768,0.5861,0.3557,0.6226
1781857572447,53131,-1.15674,-0.06421,-0.03613,1.15908,-13.125,5.062,-19.75,-0.3776,0.5858,0.3555,0.6226
1781857572447,53131,-1.12939,-0.02856,-0.01172,1.12982,-18.062,8.0,-25.0,-0.3788,0.5853,0.3552,0.6224
1781857572447,53131,-1.06445,-0.00317,0.10156,1.06929,-27.562,21.438,-10.938,-0.3895,0.5822,0.3535,0.6198
1781857572507,53191,-1.00635,0.00928,0.14453,1.01672,-24.875,20.625,-11.188,-0.3907,0.5821,0.3536,0.619
1781857572508,53192,-0.94751,0.01001,0.15186,0.95965,-19.812,19.062,-13.312,-0.3919,0.582,0.3535,0.6184
1781857572508,53192,-0.86694,-0.04395,0.02466,0.86841,-4.938,10.25,-13.625,-0.4006,0.5815,0.3477,0.6165
1781857572566,53250,-0.84766,-0.03296,0.02271,0.8486,-7.062,9.25,-9.875,-0.4012,0.5815,0.3475,0.6163
1781857572567,53251,-0.85327,-0.00488,0.01172,0.85337,-5.25,4.375,-6.562,-0.4019,0.5814,0.3473,0.616
1781857572571,53255,-1.02759,0.06982,0.01978,1.03015,48.812,-7.938,28.562,-0.393,0.5857,0.3477,0.6175
1781857572626,53310,-1.06226,0.08618,0.01685,1.06588,56.625,-4.75,33.938,-0.3906,0.587,0.3473,0.6181
1781857572627,53311,-1.08325,0.10278,0.03101,1.08856,67.0,0.688,47.5,-0.3863,0.5895,0.3467,0.6187
1781857572628,53312,-1.1604,0.06641,-0.0293,1.16267,139.25,-23.812,41.375,-0.3447,0.6096,0.3372,0.6289
1781857572687,53371,-1.08667,0.03198,-0.03296,1.08764,140.312,-18.875,42.562,-0.3396,0.6118,0.3349,0.6309
1781857572689,53373,-1.26514,0.03491,-0.12549,1.27182,137.75,-16.438,42.188,-0.3345,0.614,0.3327,0.6326
1781857572689,53373,-1.08398,-0.16895,0.08398,1.10028,80.25,-26.875,-41.438,-0.306,0.6213,0.317,0.6477
1781857572747,53431,-1.07837,-0.2229,0.02832,1.10153,69.5,-20.0,-40.438,-0.3049,0.6211,0.3141,0.6499
1781857572748,53432,-1.04541,-0.25415,-0.03491,1.07643,52.75,-14.312,-35.688,-0.3041,0.621,0.3116,0.6515
1781857572748,53432,-0.89966,-0.15088,0.10352,0.91808,-36.625,-27.938,-32.875,-0.3189,0.6091,0.3079,0.6574
1781857572809,53493,-0.97241,-0.16626,0.08228,0.98995,-41.75,-34.688,-27.562,-0.3204,0.6072,0.3085,0.6581
1781857572809,53493,-1.04956,-0.14868,0.08594,1.06352,-51.0,-34.125,-25.375,-0.322,0.6053,0.3095,0.6587
1781857572809,53493,-1.0105,0.01611,0.10229,1.01579,-30.188,-17.812,-8.125,-0.3347,0.5925,0.3186,0.6597
1781857572870,53554,-1.03491,0.01636,0.12622,1.04271,-29.0,-21.125,-8.312,-0.3354,0.5913,0.3195,0.6599
1781857572870,53554,-1.05908,0.02124,0.12573,1.06673,-26.312,-21.5,-9.938,-0.3361,0.5902,0.3202,0.6602
1781857572871,53555,-1.01196,-0.05396,0.1001,1.01833,-34.75,3.0,-17.5,-0.3445,0.5835,0.3226,0.6607
1781857572928,53612,-1.03442,-0.05835,0.09521,1.04043,-35.0,3.625,-17.438,-0.346,0.5829,0.3229,0.6603
1781857572930,53614,-1.02759,-0.03979,0.0979,1.03301,-33.062,3.625,-17.25,-0.3474,0.5823,0.3233,0.6599
1781857572930,53614,-1.00244,-0.10571,0.03174,1.0085,-11.0,-7.812,-10.875,-0.3535,0.5774,0.3248,0.6602
1781857572989,53673,-1.01562,-0.11621,0.04492,1.02324,-17.688,-4.25,-12.812,-0.3543,0.5768,0.325,0.6602
1781857572989,53673,-1.02222,-0.10449,0.07056,1.02996,-22.625,-1.625,-14.375,-0.3552,0.5762,0.3251,0.6601
1781857573058,53742,-1.02344,-0.06982,0.10645,1.03132,-16.5,-2.75,-14.875,-0.3649,0.5706,0.3272,0.6588
1781857573059,53743,-1.03345,-0.06055,0.09277,1.03937,-15.25,-3.625,-14.75,-0.3656,0.57,0.3272,0.6588
1781857573059,53743,-1.04932,-0.0686,0.08154,1.05471,-15.688,-3.375,-14.312,-0.3663,0.5695,0.3272,0.6588
1781857573108,53792,-0.98511,-0.08496,0.15039,1.00014,-38.625,9.625,-5.875,-0.3765,0.5649,0.3314,0.655
1781857573108,53792,-0.94922,-0.0625,0.17822,0.96783,-32.188,12.25,-10.375,-0.3778,0.5646,0.3318,0.6544
1781857573108,53792,-0.94922,-0.0625,0.17822,0.96783,-32.188,12.25,-10.375,-0.3778,0.5646,0.3318,0.6544
1781857573174,53858,-0.96753,-0.07739,0.09644,0.9754,-24.125,10.5,-17.5,-0.3897,0.5605,0.3297,0.6519
1781857573175,53859,-0.94189,-0.06055,0.10742,0.94993,-22.188,11.125,-15.75,-0.3909,0.5602,0.3297,0.6514
1781857573175,53859,-0.94165,-0.10913,0.07056,0.95058,-8.0,-1.625,-2.062,-0.3974,0.5579,0.3297,0.6494
1781857573226,53910,-0.96118,-0.1123,0.06763,0.97008,-6.625,-2.188,-0.375,-0.3976,0.5578,0.3299,0.6494
1781857573227,53911,-0.96973,-0.12012,0.0498,0.97841,-5.688,-2.375,2.062,-0.3977,0.5577,0.3301,0.6492
1781857573227,53911,-1.04639,-0.14331,0.05615,1.05765,3.5,1.0,5.312,-0.3964,0.5579,0.3312,0.6493
1781857573287,53971,-1.05347,-0.14673,0.05688,1.06516,2.875,2.438,7.312,-0.3962,0.5581,0.3314,0.6492
1781857573287,53971,-1.05029,-0.13818,0.06299,1.06122,2.875,2.562,9.875,-0.3959,0.5584,0.3315,0.6491
1781857573288,53972,-1.05029,-0.13818,0.06299,1.06122,2.875,2.562,9.875,-0.3959,0.5584,0.3315,0.6491
1781857573346,54030,-1.02026,-0.12085,0.07324,1.03,-10.0,6.688,3.562,-0.395,0.561,0.3329,0.6466
1781857573347,54031,-1.02173,-0.10498,0.09155,1.03118,-9.562,7.375,2.312,-0.3953,0.5611,0.3331,0.6462
1781857573349,54033,-1.02173,-0.10498,0.09155,1.03118,-9.562,7.375,2.312,-0.3953,0.5611,0.3331,0.6462
1781857573406,54090,-0.93994,-0.12524,0.0752,0.95123,-1.562,14.0,18.812,-0.3947,0.5661,0.3341,0.6417
1781857573407,54091,-0.92822,-0.11572,0.06226,0.93748,-5.375,11.625,19.75,-0.3944,0.567,0.3348,0.6408
1781857573408,54092,-0.95728,-0.08545,0.04395,0.96209,5.75,1.0,38.875,-0.3889,0.5724,0.3416,0.6357
1781857573468,54152,-0.96655,-0.0896,0.03345,0.97127,5.0,2.375,36.812,-0.3873,0.5736,0.3428,0.6349
1781857573469,54153,-0.95044,-0.08838,0.01831,0.95472,3.0,1.812,34.375,-0.3864,0.5743,0.3436,0.6344
1781857573469,54153,-0.95044,-0.08838,0.01831,0.95472,3.0,1.812,34.375,-0.3864,0.5743,0.3436,0.6344
1781857573528,54212,-1.08252,0.07544,0.10547,1.09026,36.625,-13.312,16.5,-0.3765,0.577,0.3477,0.6356
1781857573528,54212,-1.09204,0.07251,0.08813,1.09799,43.25,-11.688,20.688,-0.3746,0.5777,0.3475,0.6362
1781857573528,54212,-1.09204,0.07251,0.08813,1.09799,43.25,-11.688,20.688,-0.3746,0.5777,0.3475,0.6362
1781857573588,54272,-0.94043,0.04077,0.04834,0.94255,72.0,-23.125,17.188,-0.3446,0.5906,0.342,0.6444
1781857573589,54273,-0.96704,0.05615,0.04761,0.96984,75.625,-22.812,13.875,-0.3418,0.5913,0.3408,0.6458
1781857573592,54276,-0.96704,0.05615,0.04761,0.96984,75.625,-22.812,13.875,-0.3418,0.5913,0.3408,0.6458
1781857573646,54330,-0.95508,-0.1084,0.1084,0.9673,52.0,-6.25,37.438,-0.3139,0.6015,0.3316,0.6553
1781857573647,54331,-0.9165,-0.10864,0.05322,0.92445,44.75,-15.875,36.75,-0.3103,0.6027,0.3315,0.6559
1781857573648,54332,-1.0835,-0.01611,0.05981,1.08527,11.438,-11.5,-24.438,-0.3028,0.6018,0.325,0.6635
1781857573708,54392,-1.0415,0.05542,0.10034,1.04779,6.5,-2.688,-22.188,-0.3032,0.6013,0.3239,0.6643
1781857573708,54392,-0.99756,0.06982,0.12061,1.00725,9.375,-2.438,-18.75,-0.3034,0.6011,0.3231,0.6647
1781857573711,54395,-1.05542,-0.08618,-0.00684,1.05895,28.375,-2.438,-2.312,-0.2947,0.6016,0.315,0.6721
1781857573770,54454,-1.01147,-0.12207,-0.02368,1.01909,17.312,2.312,-1.062,-0.294,0.6021,0.314,0.6724
1781857573771,54455,-0.98779,-0.14038,-0.00024,0.99772,9.062,2.5,-2.125,-0.2938,0.6023,0.3136,0.6725
1781857573771,54455,-1.04053,-0.02808,0.09619,1.04534,-33.5,-4.75,-21.812,-0.3024,0.5975,0.3156,0.672
1781857573827,54511,-1.04053,-0.02808,0.09619,1.04534,-33.5,-4.75,-21.812,-0.3024,0.5975,0.3156,0.672
1781857573827,54511,-1.08984,0.00098,0.10986,1.09537,-34.0,0.5,-16.688,-0.3045,0.5964,0.3162,0.6718
1781857573828,54512,-1.06274,0.03369,0.04858,1.06439,-8.062,1.625,-6.75,-0.3112,0.5941,0.3207,0.6686
1781857573889,54573,-1.06274,0.03369,0.04858,1.06439,-8.062,1.625,-6.75,-0.3112,0.5941,0.3207,0.6686
1781857573890,54574,-0.98828,0.04736,0.09497,0.99396,-7.375,5.188,-4.375,-0.3118,0.5939,0.3207,0.6685
1781857573952,54636,-1.01514,-0.01343,0.08179,1.01851,17.438,5.562,5.125,-0.3092,0.5968,0.3187,0.6682
1781857573952,54636,-1.01514,-0.01343,0.08179,1.01851,17.438,5.562,5.125,-0.3092,0.5968,0.3187,0.6682
1781857573953,54637,-1.00977,-0.03247,0.07495,1.01306,18.938,5.188,5.75,-0.3084,0.5974,0.3181,0.6682
1781857573953,54637,-1.06543,-0.02466,-0.00317,1.06572,18.062,18.188,16.625,-0.3016,0.6041,0.3145,0.6671
1781857574008,54692,-1.06543,-0.02466,-0.00317,1.06572,18.062,18.188,16.625,-0.3016,0.6041,0.3145,0.6671
1781857574011,54695,-0.99854,-0.00684,0.07275,1.00121,12.312,20.375,21.938,-0.3002,0.6061,0.3144,0.6658
1781857574011,54695,-1.01172,0.0022,0.09229,1.01592,7.188,1.438,10.438,-0.2921,0.6113,0.3149,0.6645
1781857574067,54751,-1.01855,0.01489,0.1189,1.02558,5.625,2.188,9.375,-0.2916,0.6115,0.315,0.6644
1781857574070,54754,-1.01074,0.0415,0.13818,1.02099,7.562,1.562,8.375,-0.291,0.6119,0.3151,0.6643
1781857574070,54754,-0.98267,0.02588,0.11719,0.98997,18.938,-3.688,6.188,-0.2845,0.6145,0.3131,0.6657
1781857574127,54811,-0.98267,0.02588,0.11719,0.98997,18.938,-3.688,6.188,-0.2845,0.6145,0.3131,0.6657
1781857574130,54814,-0.96997,0.02344,0.10571,0.976,18.438,-5.188,7.625,-0.2837,0.6147,0.3128,0.666
1781857574130,54814,-0.95068,0.02319,0.06812,0.9534,-1.188,-17.062,-4.938,-0.2789,0.6124,0.3126,0.6702
1781857574187,54871,-0.97656,0.021,0.09375,0.98128,-3.125,-16.312,-5.125,-0.2788,0.6118,0.3128,0.6707
1781857574187,54871,-0.99561,0.03613,0.1062,1.00191,-4.875,-13.188,-4.125,-0.2789,0.611,0.3131,0.6713
1781857574188,54872,-0.98022,0.01709,0.07642,0.98335,4.125,-10.062,7.688,-0.2761,0.6086,0.3148,0.6738
1781857574246,54930,-0.97803,0.00366,0.07642,0.98101,2.438,-10.062,6.0,-0.2758,0.6084,0.3151,0.674
1781857574247,54931,-0.95776,0.00757,0.08862,0.96188,-2.938,-9.812,2.812,-0.2755,0.608,0.3154,0.6742
1781857574247,54931,-1.01978,0.08765,0.12207,1.03079,4.25,-13.25,0.25,-0.2762,0.6034,0.3167,0.6774
1781857574307,54991,-1.04175,0.06274,0.12183,1.05072,6.125,-12.562,3.375,-0.2758,0.6032,0.3168,0.6778
1781857574307,54991,-1.03931,0.03857,0.10303,1.04511,8.375,-7.562,5.125,-0.2749,0.6029,0.3169,0.6784
1781857574307,54991,-1.00171,0.01611,0.1333,1.01067,-0.625,-5.625,-8.562,-0.2734,0.6022,0.3167,0.6797
1781857574366,55050,-1.02295,0.02075,0.14795,1.0338,-2.0,-4.5,-12.312,-0.2738,0.6018,0.3164,0.6801
1781857574367,55051,-1.02319,0.0332,0.14429,1.03385,-2.25,-4.062,-13.688,-0.2743,0.6013,0.316,0.6805
1781857574367,55051,-0.98389,0.0354,0.14917,0.99576,-2.5,2.125,-7.75,-0.2766,0.5996,0.3132,0.6824
1781857574428,55112,-0.98389,0.0354,0.14917,0.99576,-2.5,2.125,-7.75,-0.2766,0.5996,0.3132,0.6824
1781857574428,55112,-0.9812,0.02271,0.17725,0.99734,-2.25,1.625,-7.125,-0.2768,0.5995,0.313,0.6824
1781857574428,55112,-0.96777,0.02466,0.15479,0.98038,1.5,-5.188,-5.125,-0.278,0.5972,0.3113,0.6848
1781857574488,55172,-0.96289,0.02075,0.15723,0.97586,2.562,-5.625,-4.688,-0.278,0.5969,0.3111,0.6851
1781857574489,55173,-0.96387,0.01099,0.16016,0.97714,3.312,-5.688,-5.062,-0.2778,0.5966,0.3109,0.6856
1781857574489,55173,-0.93579,-0.00488,0.14062,0.94631,5.375,-12.188,-6.688,-0.2765,0.5947,0.3091,0.6885
1781857574610,55294,-0.948,-0.01172,0.15015,0.95989,3.312,-12.25,-8.125,-0.2764,0.5942,0.3089,0.689
1781857574612,55296,-0.95874,-0.00928,0.15771,0.97167,2.25,-12.0,-8.875,-0.2764,0.5938,0.3087,0.6895
1781857574612,55296,-0.95874,-0.00928,0.15771,0.97167,2.25,-12.0,-8.875,-0.2764,0.5938,0.3087,0.6895
1781857574612,55296,-0.98828,0.00391,0.17383,1.00346,1.0,-11.938,-4.062,-0.2803,0.5875,0.3121,0.6918
1781857574669,55353,-0.97363,-0.0022,0.16284,0.98716,1.875,-12.562,-4.312,-0.2803,0.5871,0.312,0.6921
1781857574669,55353,-0.97461,-0.00928,0.17407,0.99008,-7.375,-15.062,-12.062,-0.2861,0.5791,0.317,0.6943
1781857574670,55354,-0.97681,-0.00684,0.17578,0.99252,-8.375,-12.125,-3.562,-0.2907,0.5701,0.3222,0.6973
1781857574726,55410,-0.97021,-0.00195,0.18701,0.98808,-9.188,-11.688,-5.25,-0.291,0.5693,0.3226,0.6977
1781857574726,55410,-0.98608,-0.00342,0.21069,1.00835,-9.812,-11.875,-6.125,-0.2925,0.5678,0.324,0.6977
1781857574727,55411,-0.96826,0.02295,0.21631,0.99239,-5.5,-7.25,-3.562,-0.2965,0.563,0.3278,0.6981
1781857574788,55472,-0.95337,0.01245,0.23657,0.98236,-4.75,-7.5,-3.25,-0.2966,0.5627,0.3279,0.6983
1781857574789,55473,-0.96313,0.0,0.24634,0.99414,-3.5,-8.062,-2.75,-0.2966,0.5623,0.328,0.6985
1781857574847,55531,-0.94385,-0.06128,0.25342,0.9792,-2.312,-6.375,0.188,-0.297,0.5599,0.3305,0.6991
1781857574847,55531,-0.94385,-0.06128,0.25342,0.9792,-2.312,-6.375,0.188,-0.297,0.5599,0.3305,0.6991
1781857574847,55531,-0.94067,-0.05371,0.25366,0.97575,-3.438,-7.0,-1.062,-0.297,0.5596,0.3307,0.6992
1781857574906,55590,-0.94067,-0.05371,0.25366,0.97575,-3.438,-7.0,-1.062,-0.297,0.5596,0.3307,0.6992
1781857574907,55591,-0.97461,-0.01929,0.23682,1.00315,0.062,-13.312,2.25,-0.2987,0.5539,0.3345,0.7012
1781857574907,55591,-1.00732,-0.01562,0.22998,1.03336,-11.812,-6.375,-2.375,-0.3023,0.5473,0.34,0.7022
1781857574968,55652,-0.99976,-0.01514,0.20581,1.02083,-10.688,-7.312,-3.125,-0.3025,0.5469,0.3403,0.7023
1781857574979,55663,-0.99219,-0.03198,0.20557,1.01376,-13.25,-7.062,-5.438,-0.3038,0.5458,0.3413,0.7021
1781857574980,55664,-0.97827,-0.0542,0.22363,1.00497,-25.688,-9.25,-17.562,-0.31,0.5399,0.3431,0.7031
1781857575028,55712,-0.96729,-0.04761,0.2356,0.9967,-26.75,-8.625,-18.938,-0.3111,0.539,0.3433,0.7033
1781857575028,55712,-0.95996,-0.04297,0.24658,0.99206,-26.875,-9.0,-21.125,-0.3123,0.538,0.3435,0.7034
1781857575028,55712,-0.98901,-0.09106,0.25,1.02418,-36.312,-6.688,-27.625,-0.3254,0.5274,0.3438,0.7053
1781857575089,55773,-0.97681,-0.07983,0.26514,1.01529,-36.562,-5.75,-29.0,-0.327,0.5263,0.3439,0.7053
1781857575089,55773,-0.95947,-0.06714,0.27612,1.00067,-35.562,-6.5,-30.75,-0.3287,0.5251,0.3439,0.7055
1781857575090,55774,-0.95947,-0.06714,0.27612,1.00067,-35.562,-6.5,-30.75,-0.3287,0.5251,0.3439,0.7055
1781857575146,55830,-0.99341,-0.05664,0.24683,1.02518,-23.0,-7.125,-22.188,-0.3424,0.5141,0.3423,0.7078
1781857575146,55830,-0.96851,-0.05835,0.24292,1.00021,-21.5,-7.0,-19.688,-0.3434,0.5133,0.3423,0.7079
1781857575147,55831,-0.96851,-0.05835,0.24292,1.00021,-21.5,-7.0,-19.688,-0.3434,0.5133,0.3423,0.7079
1781857575209,55893,-0.91919,-0.13745,0.28516,0.97217,-17.812,-14.438,-23.5,-0.3524,0.5026,0.3401,0.7122
1781857575212,55896,-0.92212,-0.13501,0.29224,0.9767,-16.938,-15.125,-23.5,-0.3529,0.5021,0.34,0.7124
1781857575219,55903,-0.92212,-0.13501,0.29224,0.9767,-16.938,-15.125,-23.5,-0.3529,0.5021,0.34,0.7124
1781857575270,55954,-0.93091,-0.16382,0.25391,0.97872,-8.688,-14.062,-5.0,-0.356,0.4935,0.3399,0.7169
1781857575270,55954,-0.93042,-0.16724,0.25903,0.98018,-10.312,-14.438,-4.188,-0.3562,0.4928,0.3402,0.7171
1781857575270,55954,-0.95605,-0.1394,0.28564,1.00751,-13.25,-6.812,0.5,-0.3587,0.4866,0.3426,0.7189
1781857575326,56010,-0.94434,-0.15259,0.30322,1.00349,-11.0,-7.062,0.25,-0.359,0.486,0.3432,0.7189
1781857575326,56010,-0.9397,-0.15942,0.29883,0.99887,-8.938,-7.375,-0.25,-0.3592,0.4857,0.3435,0.7189
1781857575327,56011,-0.9397,-0.15942,0.29883,0.99887,-8.938,-7.375,-0.25,-0.3592,0.4857,0.3435,0.7189
1781857575387,56071,-0.97607,-0.14185,0.30786,1.03326,-4.562,-2.562,4.938,-0.3607,0.4831,0.3458,0.7188
1781857575387,56071,-0.96411,-0.14575,0.3042,1.02142,-2.312,-3.312,6.438,-0.3606,0.483,0.3461,0.7186
1781857575388,56072,-0.96411,-0.14575,0.3042,1.02142,-2.312,-3.312,6.438,-0.3606,0.483,0.3461,0.7186
1781857575447,56131,-0.96094,-0.15137,0.28076,1.01249,-7.188,1.125,-7.875,-0.3614,0.4819,0.347,0.7186
1781857575447,56131,-0.96021,-0.1521,0.28613,1.01341,-6.188,0.875,-8.562,-0.3618,0.4818,0.3469,0.7186
1781857575447,56131,-0.94287,-0.16333,0.30762,1.00514,-0.625,6.312,-3.938,-0.3644,0.4812,0.3442,0.7189
1781857575508,56192,-0.94287,-0.16333,0.30762,1.00514,-0.625,6.312,-3.938,-0.3644,0.4812,0.3442,0.7189
1781857575508,56192,-0.94189,-0.17896,0.33032,1.01405,5.312,8.75,-8.438,-0.3644,0.4817,0.3431,0.7191
1781857575509,56193,-0.95508,-0.15503,0.29346,1.0111,-1.625,-2.188,-9.562,-0.3666,0.4807,0.3406,0.7199
1781857575567,56251,-0.95508,-0.15503,0.29346,1.0111,-1.625,-2.188,-9.562,-0.3666,0.4807,0.3406,0.7199
1781857575567,56251,-0.97705,-0.15015,0.2771,1.02662,-2.438,0.625,-4.562,-0.367,0.4805,0.3402,0.72
1781857575567,56251,-0.97705,-0.15015,0.2771,1.02662,-2.438,0.625,-4.562,-0.367,0.4805,0.3402,0.72
1781857575630,56314,-0.96265,-0.16553,0.28809,1.01837,6.062,2.562,-2.938,-0.366,0.4828,0.3385,0.7198
1781857575630,56314,-0.96411,-0.16772,0.28906,1.02039,5.5,2.812,-3.0,-0.3659,0.4829,0.3381,0.7199
1781857575630,56314,-0.93848,-0.1665,0.31445,1.00366,8.188,4.438,-8.438,-0.3664,0.4841,0.3344,0.7206
1781857575687,56371,-0.93848,-0.1665,0.31445,1.00366,8.188,4.438,-8.438,-0.3664,0.4841,0.3344,0.7206
1781857575687,56371,-0.94897,-0.19727,0.30713,1.01676,12.375,2.688,-8.0,-0.3663,0.4844,0.3333,0.721
1781857575688,56372,-0.94897,-0.19727,0.30713,1.01676,12.375,2.688,-8.0,-0.3663,0.4844,0.3333,0.721
1781857575746,56430,-0.95459,-0.21997,0.29321,1.02255,6.875,-1.688,-24.188,-0.369,0.4837,0.326,0.7234
1781857575746,56430,-0.96655,-0.2229,0.27344,1.02892,4.938,-0.375,-23.5,-0.3693,0.4834,0.3251,0.7238
1781857575747,56431,-0.93408,-0.18018,0.3042,0.99875,3.25,0.0,-25.062,-0.374,0.4803,0.3183,0.7264
1781857575808,56492,-0.93408,-0.18018,0.3042,0.99875,3.25,0.0,-25.062,-0.374,0.4803,0.3183,0.7264
1781857575815,56499,-0.93677,-0.18555,0.29736,1.00019,4.25,-1.75,-20.562,-0.3748,0.4797,0.3175,0.7269
1781857575815,56499,-0.93408,-0.24609,0.27002,1.00299,1.438,-1.312,-6.062,-0.3754,0.4783,0.3139,0.729
1781857575866,56550,-0.93408,-0.24609,0.27002,1.00299,1.438,-1.312,-6.062,-0.3754,0.4783,0.3139,0.729
1781857575867,56551,-0.92944,-0.21802,0.2998,1.00064,0.375,-0.938,-3.688,-0.3756,0.4781,0.3137,0.7291
1781857575867,56551,-0.93335,-0.229,0.25073,0.9932,8.5,-3.438,-0.5,-0.3737,0.4785,0.3132,0.7301
1781857575930,56614,-0.92896,-0.23804,0.25195,0.99151,6.5,-3.562,-1.188,-0.3734,0.4785,0.3131,0.7302
1781857575930,56614,-0.92163,-0.24414,0.26978,0.99085,3.25,-2.938,-2.5,-0.3733,0.4784,0.3129,0.7305
1781857575986,56670,-0.93677,-0.23267,0.29956,1.01065,0.875,-11.125,-11.562,-0.3738,0.4747,0.311,0.7334
1781857575986,56670,-0.93628,-0.23071,0.30078,1.01011,0.062,-11.438,-8.438,-0.3739,0.4742,0.3109,0.7338
1781857575987,56671,-0.93042,-0.2395,0.32153,1.01313,-2.188,-10.062,-4.125,-0.3741,0.4735,0.3112,0.734
1781857576046,56730,-0.86597,-0.23145,0.33398,0.95656,-1.312,-8.438,17.375,-0.3728,0.4716,0.316,0.7338
1781857576046,56730,-0.88892,-0.23584,0.32104,0.9741,-0.812,-8.812,18.562,-0.372,0.4714,0.3181,0.7334
1781857576048,56732,-0.95801,-0.16626,0.32544,1.02534,2.438,-2.688,33.438,-0.3658,0.4734,0.3265,0.7316
1781857576106,56790,-0.98535,-0.16187,0.32739,1.05086,5.938,2.812,38.375,-0.3635,0.4752,0.3276,0.731
1781857576106,56790,-0.98389,-0.15454,0.33032,1.0493,8.25,5.688,41.0,-0.3625,0.4761,0.3287,0.7304
1781857576108,56792,-0.93335,-0.10767,0.33618,0.99787,45.625,9.875,48.125,-0.3469,0.4899,0.3362,0.7255
1781857576167,56851,-0.93335,-0.10767,0.33618,0.99787,45.625,9.875,48.125,-0.3469,0.4899,0.3362,0.7255
1781857576168,56852,-0.95166,-0.15039,0.32983,1.01836,47.562,9.125,42.812,-0.3424,0.4932,0.3365,0.7252
1781857576168,56852,-0.93579,-0.16772,0.25049,0.98315,33.812,8.5,14.875,-0.3251,0.506,0.3355,0.7249
1781857576229,56913,-0.93579,-0.16772,0.25049,0.98315,33.812,8.5,14.875,-0.3251,0.506,0.3355,0.7249
1781857576229,56913,-0.90796,-0.19165,0.23364,0.95693,22.188,3.312,21.938,-0.3233,0.5075,0.3358,0.7245
1781857576229,56913,-0.96143,-0.1731,0.29077,1.01924,-27.062,-3.812,-5.125,-0.3252,0.5067,0.3398,0.7224
1781857576288,56972,-0.99902,-0.15771,0.28711,1.05136,-34.0,2.875,-10.688,-0.327,0.5058,0.3404,0.7219
1781857576288,56972,-1.03003,-0.12573,0.28442,1.07595,-38.625,11.25,-12.938,-0.3293,0.5053,0.3406,0.7211
1781857576288,56972,-0.9978,-0.02026,0.30273,1.04291,0.938,18.25,19.75,-0.3364,0.5081,0.3437,0.7142
1781857576346,57030,-0.97119,-0.04248,0.29004,1.01447,9.812,18.25,24.188,-0.3354,0.5103,0.3439,0.7131
1781857576346,57030,-0.95386,-0.05835,0.28027,0.99589,12.5,17.438,24.125,-0.3347,0.5114,0.3441,0.7125
1781857576347,57031,-0.89209,-0.04761,0.28735,0.93844,7.062,10.438,-2.312,-0.3327,0.518,0.3428,0.7093
1781857576406,57090,-0.9043,-0.06323,0.26953,0.94573,10.5,5.562,-5.188,-0.3326,0.5184,0.3421,0.7094
1781857576406,57090,-0.93408,-0.07397,0.23462,0.96593,13.062,3.0,-6.625,-0.3324,0.5188,0.3413,0.7096
1781857576407,57091,-0.93994,-0.09058,0.27881,0.9846,13.688,0.5,11.688,-0.3302,0.5227,0.3399,0.7084
1781857576467,57151,-0.95557,-0.09717,0.26147,0.99545,14.75,0.438,7.812,-0.3296,0.5231,0.3399,0.7085
1781857576526,57210,-0.95703,-0.0918,0.24927,0.99321,13.625,3.875,5.0,-0.3291,0.5236,0.3398,0.7084
1781857576527,57211,-1.02808,-0.1377,0.23584,1.06373,21.312,-2.5,-13.312,-0.3258,0.5233,0.3347,0.7125
1781857576527,57211,-1.0105,-0.12817,0.24219,1.04699,15.875,-0.375,-8.875,-0.3254,0.5234,0.334,0.713
1781857576591,57275,-0.96753,-0.09839,0.26367,1.00763,8.062,-2.75,-3.938,-0.3251,0.5234,0.3333,0.7134
1781857576592,57276,-0.8916,-0.18481,0.19067,0.9303,3.812,-8.375,-4.812,-0.3225,0.5231,0.3313,0.7158
1781857576592,57276,-1.03027,-0.13037,0.26953,1.0729,-32.438,-6.562,-7.375,-0.3345,0.512,0.3322,0.7178
1781857576650,57334,-1.03638,-0.10571,0.27441,1.07729,-33.125,-2.5,-3.0,-0.3356,0.5114,0.3329,0.7175
1781857576650,57334,-1.01514,-0.10107,0.30249,1.06406,-29.438,1.438,2.375,-0.3377,0.5104,0.3344,0.7164
1781857576650,57334,-1.0,-0.07324,0.27612,1.04,-23.875,6.5,-4.25,-0.3432,0.5089,0.3387,0.7129
1781857576714,57398,-1.01514,-0.05762,0.28564,1.05613,-19.25,9.0,-9.375,-0.3446,0.5087,0.3389,0.7123
1781857576715,57399,-0.97095,-0.0835,0.29028,1.01685,-9.125,9.688,-8.812,-0.3463,0.5087,0.3383,0.7117
1781857576716,57400,-0.91724,-0.16748,0.27368,0.97174,-6.5,5.438,-12.5,-0.3515,0.509,0.3345,0.7108
1781857576767,57451,-0.8999,-0.16821,0.26001,0.9517,-6.688,1.5,-13.375,-0.352,0.5087,0.3342,0.7108
1781857576767,57451,-0.89575,-0.19263,0.24658,0.94883,-9.812,-2.062,-16.25,-0.353,0.5082,0.3338,0.7109
1781857576767,57451,-0.96924,-0.10693,0.26221,1.00976,-7.812,-4.688,-23.75,-0.3607,0.5021,0.3311,0.7127
1781857576827,57511,-0.98853,-0.12305,0.27441,1.03326,-4.812,-2.938,-21.938,-0.3613,0.5015,0.3306,0.713
1781857576827,57511,-1.01001,-0.10156,0.25317,1.0462,0.0,0.312,-18.188,-0.3618,0.5012,0.33,0.7132
1781857576828,57512,-0.91187,-0.1792,0.24023,0.95986,8.0,9.875,7.125,-0.3594,0.5061,0.3266,0.7125
1781857576888,57572,-0.89771,-0.18457,0.2749,0.95682,5.312,8.125,5.312,-0.3593,0.5065,0.3265,0.7124
1781857576888,57572,-0.88794,-0.18555,0.2832,0.9503,3.562,5.875,2.938,-0.3591,0.5068,0.3265,0.7122
1781857576888,57572,-0.93164,-0.14038,0.32007,0.99504,23.812,-0.688,2.562,-0.3565,0.5073,0.3227,0.7149
1781857576947,57631,-0.93164,-0.14038,0.32007,0.99504,23.812,-0.688,2.562,-0.3565,0.5073,0.3227,0.7149
1781857576947,57631,-0.90869,-0.15869,0.30249,0.97077,27.0,-6.5,6.125,-0.3551,0.5077,0.3222,0.7155
1781857576947,57631,-0.90869,-0.15869,0.30249,0.97077,27.0,-6.5,6.125,-0.3551,0.5077,0.3222,0.7155
1781857577006,57690,-0.9165,-0.11084,0.2522,0.95701,27.625,-4.188,6.812,-0.3435,0.5096,0.3181,0.7217
1781857577006,57690,-0.92871,-0.11157,0.25439,0.96937,28.312,-4.312,5.688,-0.3424,0.51,0.3178,0.7221
1781857577010,57694,-0.99561,0.03394,0.29077,1.03775,57.625,1.125,18.0,-0.3285,0.516,0.3148,0.7255
1781857577066,57750,-0.9978,0.05225,0.29883,1.0429,65.625,2.75,17.312,-0.3261,0.5172,0.314,0.7261
1781857577066,57750,-1.00098,0.0769,0.31567,1.05239,76.938,6.938,12.625,-0.3222,0.5192,0.3123,0.7272
1781857577067,57751,-1.00098,0.0769,0.31567,1.05239,76.938,6.938,12.625,-0.3222,0.5192,0.3123,0.7272
1781857577126,57810,-0.60449,0.02734,0.34741,0.69775,120.562,1.5,-23.625,-0.2918,0.5357,0.2889,0.7376
1781857577126,57810,-0.89648,-0.18872,0.4353,1.01429,139.312,-29.938,-33.562,-0.2861,0.5363,0.2832,0.7416
1781857577128,57812,-0.89648,-0.18872,0.4353,1.01429,139.312,-29.938,-33.562,-0.2861,0.5363,0.2832,0.7416
1781857577186,57870,-1.00659,-0.23608,0.36963,1.09799,116.375,4.188,34.688,-0.2435,0.545,0.2592,0.759
1781857577186,57870,-1.04468,-0.302,0.35864,1.14507,109.875,9.25,40.125,-0.2391,0.5468,0.2578,0.7597
1781857577187,57871,-0.9519,-0.26245,0.39185,1.06233,-14.625,13.375,52.938,-0.2183,0.5604,0.2651,0.7535
1781857577249,57933,-0.98145,-0.24341,0.38086,1.08053,-21.25,16.812,56.188,-0.2178,0.5612,0.2672,0.7523
1781857577249,57933,-1.01172,-0.22705,0.36963,1.1008,-29.375,22.938,59.188,-0.2176,0.562,0.2695,0.7509
1781857577249,57933,-1.01172,-0.22705,0.36963,1.1008,-29.375,22.938,59.188,-0.2176,0.562,0.2695,0.7509
1781857577306,57990,-1.01172,-0.22705,0.36963,1.1008,-29.375,22.938,59.188,-0.2176,0.562,0.2695,0.7509
1781857577307,57991,-0.84399,-0.1167,0.3584,0.92433,-154.375,49.875,83.0,-0.234,0.5752,0.3124,0.7186
1781857577307,57991,-0.84399,-0.1167,0.3584,0.92433,-154.375,49.875,83.0,-0.234,0.5752,0.3124,0.7186
1781857577367,58051,-0.94653,0.19849,0.29297,1.01052,-179.875,-14.125,-56.062,-0.2944,0.5511,0.3615,0.6918
1781857577367,58051,-0.94678,0.2002,0.27124,1.00501,-177.188,-22.062,-68.438,-0.3009,0.5469,0.364,0.691
1781857577367,58051,-0.99243,0.05737,0.31323,1.04227,-151.062,-63.375,-198.75,-0.3778,0.4822,0.3679,0.6994
1781857577428,58112,-0.98535,0.05322,0.32812,1.03991,-143.188,-68.25,-209.688,-0.3853,0.4746,0.3658,0.7015
1781857577429,58113,-0.97437,0.04883,0.32544,1.02844,-132.812,-72.875,-219.625,-0.3925,0.4667,0.3632,0.7042
1781857577429,58113,-1.06763,-0.08472,0.26099,1.10232,-49.312,-35.125,-189.938,-0.4434,0.4011,0.3264,0.7319
1781857577486,58170,-1.03027,-0.05103,0.28857,1.07114,-30.812,-23.812,-164.875,-0.4489,0.3942,0.3202,0.7351
1781857577486,58170,-1.01001,-0.03784,0.30811,1.05664,-13.125,-18.875,-148.75,-0.4516,0.3905,0.3162,0.7371
1781857577487,58171,-1.01001,-0.03784,0.30811,1.05664,-13.125,-18.875,-148.75,-0.4516,0.3905,0.3162,0.7371
1781857577554,58238,-1.01001,-0.03784,0.30811,1.05664,-13.125,-18.875,-148.75,-0.4516,0.3905,0.3162,0.7371
1781857577555,58239,-0.5708,-0.09521,0.34595,0.67421,174.188,-35.062,-40.812,-0.4274,0.3806,0.2736,0.7728
1781857577555,58239,-0.5708,-0.09521,0.34595,0.67421,174.188,-35.062,-40.812,-0.4274,0.3806,0.2736,0.7728
1781857577605,58289,-0.94287,-0.31543,0.45874,1.09496,162.375,69.25,32.938,-0.3504,0.3969,0.2308,0.8162
1781857577607,58291,-0.90479,-0.29224,0.51416,1.08093,160.188,78.5,49.375,-0.3447,0.4019,0.2286,0.8168
1781857577607,58291,-0.84497,-0.40991,0.61255,1.12126,198.938,43.312,95.938,-0.2775,0.4487,0.2196,0.8204
1781857577668,58352,-0.84497,-0.40991,0.61255,1.12126,198.938,43.312,95.938,-0.2775,0.4487,0.2196,0.8204
1781857577668,58352,-0.86182,-0.53442,0.53516,1.14662,174.812,41.5,65.375,-0.2636,0.4563,0.2185,0.8212
1781857577668,58352,-0.86182,-0.53442,0.53516,1.14662,174.812,41.5,65.375,-0.2636,0.4563,0.2185,0.8212
1781857577727,58411,-0.94019,-0.28979,0.64771,1.1779,-19.875,50.438,39.812,-0.2565,0.4833,0.2081,0.8106
1781857577727,58411,-0.92847,-0.28833,0.64185,1.16497,-11.625,44.375,51.875,-0.2564,0.4852,0.2096,0.8091
1781857577729,58413,-0.79077,-0.33887,0.42798,0.96089,-44.438,11.688,64.812,-0.2511,0.4997,0.2315,0.7958
1781857577787,58471,-0.78296,-0.28711,0.42676,0.93679,-56.0,4.688,53.75,-0.2519,0.5003,0.2355,0.794
1781857577787,58471,-0.76392,-0.24268,0.41309,0.90172,-62.25,0.0,46.688,-0.2529,0.5003,0.2385,0.7929
1781857577787,58471,-1.00049,-0.12427,0.27002,1.04371,-63.188,-14.625,15.062,-0.2657,0.491,0.2585,0.7882
1781857577848,58532,-1.00049,-0.12427,0.27002,1.04371,-63.188,-14.625,15.062,-0.2657,0.491,0.2585,0.7882
1781857577848,58532,-1.02515,-0.09619,0.25586,1.06096,-79.375,-2.625,34.75,-0.2694,0.4898,0.2634,0.7861
1781857577848,58532,-0.83838,-0.06274,0.38062,0.92287,-54.0,-0.25,51.5,-0.2803,0.4912,0.2962,0.7695
1781857577906,58590,-0.83838,-0.06274,0.38062,0.92287,-54.0,-0.25,51.5,-0.2803,0.4912,0.2962,0.7695
1781857577906,58590,-0.87061,-0.04883,0.3479,0.93881,-42.938,-4.562,31.812,-0.2814,0.4912,0.301,0.7673
1781857577914,58598,-1.03857,0.02783,0.34717,1.09542,2.062,7.125,39.875,-0.2814,0.4914,0.3146,0.7616
1781857577972,58656,-1.03857,0.02783,0.34717,1.09542,2.062,7.125,39.875,-0.2814,0.4914,0.3146,0.7616
1781857577972,58656,-1.02295,0.02563,0.36597,1.08674,10.25,11.562,44.812,-0.2798,0.493,0.316,0.7606
1781857577974,58658,-0.95215,-0.00464,0.30737,1.00054,43.0,18.0,18.812,-0.2621,0.5081,0.3203,0.7552
1781857578030,58714,-0.95215,-0.00464,0.30737,1.00054,43.0,18.0,18.812,-0.2621,0.5081,0.3203,0.7552
1781857578030,58714,-0.97461,-0.0249,0.28394,1.01543,41.812,19.438,7.562,-0.2595,0.5108,0.3187,0.7549
1781857578031,58715,-0.71143,-0.04175,0.31177,0.77786,49.938,0.688,-18.688,-0.2556,0.5223,0.3071,0.7531
1781857578086,58770,-0.80273,-0.07764,0.35547,0.88134,53.312,-13.25,-27.375,-0.2543,0.5224,0.3053,0.7543
1781857578086,58770,-0.9624,-0.09692,0.34741,1.02777,45.562,-5.062,-36.938,-0.2536,0.5222,0.3026,0.7557
1781857578087,58771,-0.9624,-0.09692,0.34741,1.02777,45.562,-5.062,-36.938,-0.2536,0.5222,0.3026,0.7557
1781857578147,58831,-0.9624,-0.09692,0.34741,1.02777,45.562,-5.062,-36.938,-0.2536,0.5222,0.3026,0.7557
1781857578148,58832,-0.82446,-0.14673,0.28857,0.88574,-0.062,4.938,-4.312,-0.2479,0.5279,0.2935,0.7572
1781857578148,58832,-0.82446,-0.14673,0.28857,0.88574,-0.062,4.938,-4.312,-0.2479,0.5279,0.2935,0.7572
1781857578209,58893,-1.12354,-0.06079,0.33887,1.1751,-20.688,5.188,-12.75,-0.2623,0.5191,0.2879,0.7606
1781857578213,58897,-1.04321,-0.03613,0.38501,1.11258,-16.75,12.438,10.75,-0.2644,0.5193,0.2893,0.7592
1781857578213,58897,-0.94849,-0.10132,0.354,1.01745,-13.312,1.75,-10.375,-0.266,0.522,0.2911,0.7561
1781857578266,58950,-0.94849,-0.10132,0.354,1.01745,-13.312,1.75,-10.375,-0.266,0.522,0.2911,0.7561
1781857578266,58950,-0.94556,-0.07568,0.3335,1.0055,-20.125,2.125,-13.438,-0.2678,0.5215,0.291,0.7559
1781857578267,58951,-0.87524,-0.02319,0.34229,0.94008,-6.625,0.625,-16.938,-0.2755,0.5181,0.289,0.7562
1781857578328,59012,-0.87524,-0.02319,0.34229,0.94008,-6.625,0.625,-16.938,-0.2755,0.5181,0.289,0.7562
1781857578329,59013,-0.83618,-0.0354,0.36548,0.91325,-1.375,-3.875,-18.312,-0.2762,0.5176,0.2883,0.7566
1781857578329,59013,-0.85107,-0.1394,0.33594,0.92553,-4.312,-9.312,-0.562,-0.2763,0.5139,0.2848,0.7604
1781857578387,59071,-0.86035,-0.10889,0.32373,0.92567,-1.312,-8.062,-3.5,-0.2764,0.5136,0.2849,0.7606
1781857578388,59072,-0.85474,-0.0603,0.323,0.91572,3.625,-10.062,-5.562,-0.2761,0.5131,0.2844,0.7611
1781857578388,59072,-1.05762,-0.05811,0.32178,1.10701,28.438,-5.688,13.5,-0.2692,0.512,0.2831,0.7648
1781857578446,59130,-1.06274,-0.06445,0.33862,1.11725,29.625,-0.812,12.188,-0.2673,0.5126,0.2828,0.7651
1781857578446,59130,-1.05127,-0.06396,0.35547,1.11158,30.562,1.625,11.625,-0.2656,0.5134,0.2825,0.7653
1781857578447,59131,-1.05957,-0.04492,0.36841,1.12269,37.188,12.188,16.312,-0.2554,0.5198,0.2782,0.7661
1781857578508,59192,-1.04761,-0.05322,0.36304,1.11,37.875,14.5,19.125,-0.254,0.5209,0.2778,0.7659
1781857578508,59192,-1.03027,-0.06177,0.35986,1.09306,37.562,16.75,21.438,-0.2525,0.5222,0.2775,0.7657
1781857578508,59192,-0.88892,-0.04541,0.33691,0.95171,31.938,11.625,-2.188,-0.2399,0.5335,0.2746,0.7629
1781857578628,59312,-0.89209,-0.02734,0.32837,0.951,31.562,10.938,-5.625,-0.2391,0.5342,0.2736,0.7631
1781857578632,59316,-0.88818,0.00049,0.33496,0.94925,29.0,6.5,-10.0,-0.2383,0.5351,0.2722,0.7632
1781857578633,59317,-0.86694,-0.01099,0.32007,0.92421,16.188,12.562,20.062,-0.2333,0.5404,0.2694,0.7621
1781857578633,59317,-0.82422,-0.01465,0.31738,0.88334,16.25,10.875,15.188,-0.2325,0.541,0.2694,0.7618
1781857578687,59371,-0.79956,-0.02051,0.31689,0.86031,16.688,8.438,7.625,-0.2318,0.5416,0.2693,0.7617
1781857578687,59371,-0.89502,0.00464,0.39062,0.97656,-20.562,14.875,-31.875,-0.2381,0.5441,0.2626,0.7603
1781857578687,59371,-0.94409,0.021,0.33813,1.00304,14.438,-11.938,-16.812,-0.2413,0.5379,0.2588,0.765
1781857578746,59430,-0.96509,-0.01245,0.34839,1.02612,23.125,-10.125,-12.875,-0.2406,0.5375,0.2576,0.7659
1781857578746,59430,-1.00488,-0.05005,0.35034,1.06538,26.688,-6.688,-12.0,-0.2404,0.5373,0.257,0.7663
1781857578747,59431,-0.92236,-0.12012,0.34497,0.99206,6.625,-10.812,1.875,-0.2353,0.5382,0.256,0.7676
1781857578807,59491,-0.93335,-0.1123,0.35156,1.00367,7.375,-13.062,-3.625,-0.235,0.5378,0.2559,0.768
1781857578807,59491,-0.94971,-0.10498,0.35059,1.01778,6.25,-14.188,-8.188,-0.2348,0.5373,0.2556,0.7685
1781857578808,59492,-0.97632,-0.08032,0.35791,1.04295,-20.938,-12.062,-12.188,-0.24,0.53,0.2543,0.7724
1781857578866,59550,-0.96143,-0.06299,0.35791,1.02782,-20.438,-13.0,-10.5,-0.2407,0.5292,0.2546,0.7726
1781857578866,59550,-0.94604,-0.04346,0.36011,1.0132,-19.562,-13.75,-9.5,-0.2414,0.5285,0.2549,0.7728
1781857578926,59610,-0.95264,-0.02856,0.37207,1.02312,-3.25,4.75,2.562,-0.2465,0.5247,0.2575,0.7728
1781857578926,59610,-0.94019,-0.03345,0.37305,1.01204,-1.438,5.5,3.125,-0.2465,0.5249,0.2576,0.7727
1781857578927,59611,-0.92847,-0.04248,0.37036,1.00051,-0.562,5.875,3.062,-0.2465,0.5251,0.2578,0.7725
1781857578987,59671,-0.82812,-0.07373,0.36133,0.90652,-4.562,-11.938,-13.125,-0.2474,0.5247,0.2579,0.7725
1781857578987,59671,-0.81763,-0.07666,0.36377,0.89818,-3.5,-15.875,-16.75,-0.2478,0.5239,0.2576,0.773
1781857578988,59672,-0.98926,-0.04443,0.36865,1.05665,4.875,-13.438,6.062,-0.2483,0.5149,0.2551,0.7796
1781857579046,59730,-0.99097,-0.03955,0.37646,1.0608,6.5,-8.812,9.062,-0.2478,0.5148,0.2554,0.7798
1781857579046,59730,-0.99805,-0.04907,0.39038,1.0728,9.312,-4.938,11.375,-0.2471,0.5148,0.2557,0.7799
1781857579049,59733,-0.86499,-0.13037,0.40625,0.96449,3.062,-17.625,-18.812,-0.2428,0.5137,0.2543,0.7824
1781857579109,59793,-0.88892,-0.13086,0.41724,0.99065,1.938,-21.75,-28.062,-0.2432,0.5123,0.2533,0.7836
1781857579109,59793,-0.92114,-0.13623,0.41357,1.01887,1.562,-22.125,-31.75,-0.2435,0.5112,0.2525,0.7844
1781857579109,59793,-0.92114,-0.13623,0.41357,1.01887,1.562,-22.125,-31.75,-0.2435,0.5112,0.2525,0.7844
1781857579166,59850,-0.92114,-0.13623,0.41357,1.01887,1.562,-22.125,-31.75,-0.2435,0.5112,0.2525,0.7844
1781857579166,59850,-0.93799,-0.03125,0.40063,1.02044,4.5,-1.062,-1.0,-0.2484,0.5057,0.2488,0.7876
1781857579168,59852,-0.93799,-0.03125,0.40063,1.02044,4.5,-1.062,-1.0,-0.2484,0.5057,0.2488,0.7876
1781857579227,59911,-0.87622,-0.06519,0.38965,0.96116,3.375,-7.875,-12.188,-0.2457,0.5056,0.2469,0.7891
1781857579229,59913,-0.87231,-0.05444,0.39062,0.95733,2.938,-9.75,-11.812,-0.2457,0.5052,0.2465,0.7895
1781857579229,59913,-0.87231,-0.05444,0.39062,0.95733,2.938,-9.75,-11.812,-0.2457,0.5052,0.2465,0.7895
1781857579286,59970,-0.91528,-0.1333,0.40015,1.00778,27.875,0.812,6.062,-0.2386,0.5038,0.241,0.7943
1781857579287,59971,-0.88428,-0.16284,0.41064,0.98848,21.625,4.312,12.75,-0.2371,0.5045,0.2407,0.7944
1781857579288,59972,-0.88428,-0.16284,0.41064,0.98848,21.625,4.312,12.75,-0.2371,0.5045,0.2407,0.7944
1781857579350,60034,-0.89014,-0.11841,0.42554,0.9937,8.938,-7.438,3.5,-0.2308,0.5061,0.2411,0.7951
1781857579350,60034,-0.9021,-0.10156,0.42651,1.003,8.25,-7.438,3.438,-0.2304,0.5059,0.2411,0.7953
1781857579350,60034,-0.93579,0.00098,0.4314,1.03044,23.0,-10.438,6.75,-0.2246,0.5051,0.241,0.7975
1781857579408,60092,-0.92651,-0.02856,0.42871,1.02129,25.125,-11.0,7.562,-0.2238,0.505,0.2412,0.7977
1781857579413,60097,-0.90845,-0.04785,0.42456,1.0039,25.875,-12.438,6.25,-0.2225,0.505,0.241,0.7982
1781857579413,60097,-0.84351,-0.08179,0.46753,0.96787,4.562,-25.0,-18.375,-0.2205,0.4963,0.2363,0.8056
1781857579469,60153,-0.87451,-0.06812,0.44531,0.98372,7.062,-28.5,-18.812,-0.2203,0.4952,0.2357,0.8065
1781857579469,60153,-0.89355,-0.05396,0.44897,1.00146,7.562,-26.188,-21.125,-0.2202,0.4942,0.2352,0.8073
1781857579470,60154,-0.89355,-0.05396,0.44897,1.00146,7.562,-26.188,-21.125,-0.2202,0.4942,0.2352,0.8073
1781857579527,60211,-0.84839,-0.15649,0.44727,0.97175,-7.938,-20.812,-21.188,-0.2208,0.4868,0.2331,0.8122
1781857579527,60211,-0.88208,-0.12622,0.4436,0.99538,-13.75,-16.562,-25.125,-0.2219,0.4853,0.2325,0.8129
1781857579527,60211,-0.95825,-0.03467,0.48096,1.07274,-12.062,-1.375,-2.875,-0.2294,0.4785,0.2332,0.8147
1781857579586,60270,-0.9353,-0.01343,0.47925,1.05102,-2.812,2.562,0.625,-0.2299,0.4785,0.2333,0.8145
1781857579586,60270,-0.93164,-0.03394,0.47998,1.04856,2.562,4.25,1.5,-0.2298,0.4787,0.2333,0.8145
1781857579587,60271,-0.86792,-0.13232,0.45337,0.9881,-6.062,10.75,7.812,-0.2281,0.4821,0.234,0.8128
1781857579649,60333,-0.85352,-0.11597,0.47534,0.98381,-8.75,10.562,6.438,-0.2284,0.4827,0.2342,0.8122
1781857579649,60333,-0.85181,-0.11157,0.48267,0.98539,-9.625,9.812,5.75,-0.2287,0.483,0.2345,0.8118
1781857579649,60333,-0.85181,-0.11157,0.48267,0.98539,-9.625,9.812,5.75,-0.2287,0.483,0.2345,0.8118
1781857579706,60390,-0.85181,-0.11157,0.48267,0.98539,-9.625,9.812,5.75,-0.2287,0.483,0.2345,0.8118
1781857579706,60390,-0.83789,-0.10962,0.46265,0.96339,-3.5,2.5,9.0,-0.2283,0.4864,0.2377,0.809
1781857579707,60391,-0.93335,-0.0752,0.45093,1.03929,-11.438,-4.188,-12.312,-0.2329,0.4832,0.2373,0.8098
1781857579767,60451,-0.92456,-0.05664,0.44287,1.02672,-7.0,-2.25,-8.062,-0.2338,0.4828,0.2367,0.8099
1781857579769,60453,-0.92163,-0.0481,0.42017,1.01403,-4.5,-1.5,-6.375,-0.234,0.4827,0.2366,0.8099
1781857579769,60453,-0.92163,-0.0481,0.42017,1.01403,-4.5,-1.5,-6.375,-0.234,0.4827,0.2366,0.8099
1781857579829,60513,-0.88843,-0.12744,0.4082,0.98599,2.875,1.562,2.5,-0.2331,0.4849,0.2374,0.8087
1781857579886,60570,-0.896,-0.12695,0.40063,0.98966,2.062,1.25,0.875,-0.233,0.4849,0.2374,0.8086
1781857579886,60570,-0.83887,-0.00317,0.44531,0.94974,-1.938,-4.312,-4.938,-0.2352,0.4833,0.236,0.8094
1781857579887,60571,-0.83887,-0.00317,0.44531,0.94974,-1.938,-4.312,-4.938,-0.2352,0.4833,0.236,0.8094
1781857579946,60630,-0.90845,-0.15161,0.49658,1.04635,11.438,-6.75,-2.938,-0.2349,0.4827,0.236,0.8099
1781857579946,60630,-0.86841,-0.14136,0.52686,1.02552,-5.625,-3.312,-4.938,-0.234,0.4829,0.2358,0.81
1781857579949,60633,-0.87231,-0.11963,0.46729,0.99679,-5.125,-4.75,-5.312,-0.2383,0.4779,0.2326,0.8127
1781857580006,60690,-0.87231,-0.11963,0.46729,0.99679,-5.125,-4.75,-5.312,-0.2383,0.4779,0.2326,0.8127
1781857580006,60690,-0.86182,-0.12524,0.46265,0.98613,-6.5,-4.875,-5.312,-0.2391,0.4774,0.2333,0.8126
1781857580007,60691,-0.90112,-0.09497,0.47217,1.02176,-2.312,-11.938,-9.438,-0.2427,0.4729,0.2312,0.8147
1781857580067,60751,-0.90112,-0.09497,0.47217,1.02176,-2.312,-11.938,-9.438,-0.2427,0.4729,0.2312,0.8147
1781857580068,60752,-0.90845,-0.09204,0.46924,1.02661,-1.375,-10.312,-7.875,-0.2427,0.4724,0.2311,0.815
1781857580068,60752,-0.71582,-0.17896,0.51904,0.90212,-13.75,5.625,-4.812,-0.2451,0.4712,0.2293,0.8155
1781857580129,60813,-0.68066,-0.1853,0.5249,0.8793,-16.312,3.188,-8.875,-0.2459,0.4711,0.2291,0.8154
1781857580129,60813,-0.66821,-0.19116,0.5271,0.87229,-18.375,0.875,-13.688,-0.2467,0.4708,0.229,0.8153
1781857580129,60813,-0.71802,-0.16357,0.50269,0.89163,-5.812,-23.0,-5.5,-0.2542,0.465,0.2258,0.8173
1781857580186,60870,-0.80005,-0.17603,0.49023,0.95467,-3.5,-22.5,3.75,-0.2541,0.4642,0.2262,0.8176
1781857580186,60870,-0.84912,-0.1936,0.44019,0.97583,-2.625,-15.938,19.125,-0.2535,0.4636,0.2269,0.8179
1781857580187,60871,-0.98706,-0.23608,0.44067,1.10644,-29.562,-19.25,22.062,-0.2502,0.4619,0.2412,0.8159
1781857580249,60933,-1.00415,-0.22266,0.44336,1.12003,-31.5,-20.75,14.312,-0.2507,0.461,0.2426,0.8157
1781857580259,60943,-1.04688,-0.18701,0.44873,1.15424,-33.312,-22.375,-1.125,-0.2518,0.4597,0.2435,0.8159
1781857580306,60990,-1.11108,-0.14355,0.43652,1.20236,-29.562,18.375,-15.25,-0.2631,0.4534,0.2395,0.817
1781857580307,60991,-1.08374,-0.15137,0.4519,1.1839,-31.0,20.25,-14.562,-0.2638,0.4536,0.2395,0.8167
1781857580307,60991,-0.95386,-0.18091,0.50659,1.09508,-33.562,27.188,-16.688,-0.2678,0.4547,0.2384,0.8151
1781857580366,61050,-0.73877,-0.20728,0.58325,0.96381,-30.938,6.375,-47.875,-0.2883,0.4521,0.226,0.8131
1781857580366,61050,-0.71338,-0.20459,0.58423,0.9445,-31.938,4.812,-36.875,-0.2912,0.4512,0.2246,0.8129
1781857580367,61051,-0.62061,-0.19751,0.46826,0.80214,-32.25,-12.062,9.625,-0.3023,0.446,0.2275,0.811
1781857580426,61110,-0.63208,-0.19556,0.44897,0.79959,-31.312,-16.0,8.5,-0.303,0.4453,0.2287,0.8108
1781857580426,61110,-0.66528,-0.16821,0.4209,0.80502,-27.75,-21.312,4.562,-0.3038,0.4442,0.2297,0.8108
1781857580427,61111,-0.95581,-0.19165,0.38159,1.04686,-8.25,-14.312,13.562,-0.3051,0.4377,0.2365,0.8118
1781857580486,61170,-0.95581,-0.19165,0.38159,1.04686,-8.25,-14.312,13.562,-0.3051,0.4377,0.2365,0.8118
1781857580486,61170,-0.93921,-0.21704,0.42017,1.05155,0.438,-10.688,19.562,-0.3038,0.4378,0.2376,0.812
1781857580490,61174,-0.98169,-0.302,0.45923,1.12508,0.0,11.5,22.562,-0.2994,0.4412,0.2432,0.8101
1781857580546,61230,-0.96729,-0.32031,0.48096,1.12675,-0.875,12.125,18.312,-0.2991,0.4418,0.2438,0.8097
1781857580547,61231,-0.94043,-0.33325,0.49243,1.11263,-3.688,13.062,13.0,-0.2991,0.4423,0.2442,0.8093
1781857580547,61231,-0.79932,-0.22607,0.51392,0.97679,-23.562,-5.688,-26.25,-0.3087,0.4406,0.2414,0.8074
1781857580606,61290,-0.79932,-0.22607,0.51392,0.97679,-23.562,-5.688,-26.25,-0.3087,0.4406,0.2414,0.8074
1781857580606,61290,-0.81494,-0.21533,0.51733,0.98901,-20.188,-5.75,-22.875,-0.3097,0.4399,0.2411,0.8076
1781857580607,61291,-0.80078,-0.18896,0.45337,0.93942,-14.562,-13.688,0.938,-0.315,0.4344,0.2439,0.8076
1781857580669,61353,-0.84351,-0.15747,0.46997,0.97835,-9.938,-12.938,-1.75,-0.3153,0.4335,0.2445,0.8078
1781857580669,61353,-0.88379,-0.15063,0.48706,1.0203,-3.062,-11.812,0.25,-0.3154,0.4329,0.2448,0.808
1781857580669,61353,-0.81689,-0.30811,0.45557,0.98478,-7.688,-13.562,-6.812,-0.3137,0.4312,0.2462,0.8092
1781857580727,61411,-0.83154,-0.31177,0.45874,0.99955,-8.375,-16.375,-10.75,-0.314,0.4304,0.2462,0.8095
1781857580727,61411,-0.84692,-0.3125,0.45288,1.00997,-8.75,-18.5,-13.875,-0.3144,0.4296,0.2462,0.8098
1781857580728,61412,-0.89404,-0.22827,0.45703,1.02971,9.625,-0.5,7.188,-0.3155,0.4244,0.2445,0.8126
1781857580786,61470,-0.89404,-0.22827,0.45703,1.02971,9.625,-0.5,7.188,-0.3155,0.4244,0.2445,0.8126
1781857580786,61470,-0.86597,-0.23315,0.46313,1.00933,11.438,1.062,10.25,-0.315,0.4247,0.2446,0.8126
1781857580787,61471,-0.78198,-0.27197,0.46875,0.95142,25.125,6.312,21.188,-0.3018,0.4334,0.246,0.8126
1781857580848,61532,-0.7854,-0.25073,0.46826,0.94815,21.125,2.688,21.125,-0.3007,0.434,0.2463,0.8126
1781857580850,61534,-0.80469,-0.22827,0.47144,0.96015,18.688,0.0,20.125,-0.2996,0.4345,0.2467,0.8126
1781857580851,61535,-0.80005,-0.19116,0.44824,0.93677,27.062,-2.625,40.188,-0.2858,0.4412,0.2512,0.8126
1781857580909,61593,-0.80444,-0.20483,0.45239,0.94538,27.062,-5.25,40.125,-0.2841,0.4418,0.2521,0.8126
1781857580909,61593,-0.8186,-0.21851,0.47412,0.9709,26.375,-5.812,38.812,-0.2823,0.4423,0.2531,0.8126
1781857580910,61594,-0.88501,-0.2312,0.49341,1.0393,-5.062,-24.062,-10.625,-0.275,0.4408,0.254,0.8156
1781857580966,61650,-0.90283,-0.19043,0.48901,1.04427,-6.938,-23.5,-7.25,-0.275,0.4398,0.2542,0.8161
1781857580966,61650,-0.90894,-0.15869,0.48364,1.04176,-7.688,-22.438,-2.375,-0.2751,0.4389,0.2545,0.8165
1781857580967,61651,-0.90894,-0.15869,0.48364,1.04176,-7.688,-22.438,-2.375,-0.2751,0.4389,0.2545,0.8165
1781857581027,61711,-0.86597,-0.15112,0.52979,1.02636,6.438,-11.688,-3.375,-0.2737,0.4345,0.2572,0.8184
1781857581028,61712,-0.86938,-0.1416,0.50952,1.01759,10.625,-12.062,-1.5,-0.2732,0.4342,0.2572,0.8188
1781857581028,61712,-0.82471,-0.19556,0.52075,0.99477,-1.375,-12.188,-6.375,-0.27,0.4309,0.2563,0.8218
1781857581086,61770,-0.82275,-0.19849,0.5271,0.99707,-0.188,-12.438,-9.25,-0.27,0.4303,0.2562,0.8222
1781857581087,61771,-0.81494,-0.18408,0.51318,0.9805,1.188,-12.688,-11.062,-0.27,0.4298,0.2559,0.8226
1781857581088,61772,-0.81494,-0.18408,0.51318,0.9805,1.188,-12.688,-11.062,-0.27,0.4298,0.2559,0.8226
1781857581157,61841,-0.81494,-0.18408,0.51318,0.9805,1.188,-12.688,-11.062,-0.27,0.4298,0.2559,0.8226
1781857581159,61843,-0.80518,-0.19067,0.52368,0.97924,7.938,-14.062,0.938,-0.2678,0.4252,0.2559,0.8257
1781857581159,61843,-0.84351,-0.15747,0.54224,1.01505,16.5,-3.062,10.125,-0.2622,0.4207,0.2545,0.8302
1781857581207,61891,-0.81787,-0.17212,0.53271,0.99112,17.562,-3.688,13.188,-0.2608,0.421,0.2548,0.8304
1781857581208,61892,-0.80981,-0.19263,0.54419,0.99451,17.688,-3.75,12.375,-0.2599,0.4211,0.255,0.8306
1781857581208,61892,-0.80981,-0.19263,0.54419,0.99451,17.688,-3.75,12.375,-0.2599,0.4211,0.255,0.8306
1781857581266,61950,-0.77979,-0.19263,0.54395,0.97008,6.125,-17.5,-8.812,-0.2553,0.418,0.2545,0.8337
1781857581326,62010,-0.79224,-0.18213,0.54199,0.97702,5.812,-17.0,-8.312,-0.2551,0.4174,0.2543,0.8341
1781857581327,62011,-0.79224,-0.18213,0.54199,0.97702,5.812,-17.0,-8.312,-0.2551,0.4174,0.2543,0.8341
1781857581327,62011,-0.76489,-0.15771,0.59424,0.98135,20.188,-10.25,11.75,-0.2483,0.4154,0.2545,0.8371
1781857581327,62011,-0.75757,-0.16772,0.58154,0.96966,20.812,-13.188,9.438,-0.2472,0.4152,0.2546,0.8375
1781857581386,62070,-0.75757,-0.16772,0.58154,0.96966,20.812,-13.188,9.438,-0.2472,0.4152,0.2546,0.8375
1781857581386,62070,-0.80518,-0.12354,0.56982,0.99412,23.812,-9.312,7.125,-0.2385,0.4118,0.254,0.8419
1781857581388,62072,-0.80518,-0.12354,0.56982,0.99412,23.812,-9.312,7.125,-0.2385,0.4118,0.254,0.8419
1781857581446,62130,-0.78027,-0.11157,0.60645,0.99451,23.562,-12.188,-5.188,-0.2282,0.4124,0.2543,0.8443
1781857581446,62130,-0.81836,-0.10962,0.5957,1.01813,25.125,-13.438,-6.562,-0.2272,0.4122,0.2539,0.8449
1781857581447,62131,-0.7561,-0.1311,0.61255,0.98188,28.5,-10.75,4.75,-0.2146,0.4112,0.2512,0.8494
1781857581507,62191,-0.7561,-0.1311,0.61255,0.98188,28.5,-10.75,4.75,-0.2146,0.4112,0.2512,0.8494
1781857581507,62191,-0.75952,-0.12964,0.60571,0.98009,28.438,-11.0,2.062,-0.2133,0.4111,0.2509,0.8499
1781857581507,62191,-0.75952,-0.12964,0.60571,0.98009,28.438,-11.0,2.062,-0.2133,0.4111,0.2509,0.8499
1781857581567,62251,-0.75952,-0.12964,0.60571,0.98009,28.438,-11.0,2.062,-0.2133,0.4111,0.2509,0.8499
1781857581567,62251,-0.75391,-0.13818,0.62622,0.98976,19.125,-9.875,5.625,-0.2015,0.4105,0.2502,0.8532
1781857581567,62251,-0.75391,-0.13818,0.62622,0.98976,19.125,-9.875,5.625,-0.2015,0.4105,0.2502,0.8532
1781857581626,62310,-0.78857,-0.07397,0.59277,0.98929,22.688,-11.438,8.25,-0.1923,0.4088,0.2492,0.8565
1781857581626,62310,-0.75146,-0.10205,0.5918,0.96194,22.125,-12.5,9.062,-0.191,0.4085,0.2498,0.8568
1781857581627,62311,-0.73047,-0.0625,0.66699,0.99115,7.875,-16.438,-1.062,-0.1846,0.4059,0.2508,0.8591
1781857581693,62377,-0.76514,-0.03613,0.65698,1.00914,10.812,-16.188,-3.562,-0.1841,0.4051,0.2509,0.8595
1781857581694,62378,-0.78394,-0.03198,0.65503,1.02208,11.562,-15.625,-2.562,-0.1835,0.4046,0.2507,0.8599
1781857581694,62378,-0.76245,-0.08374,0.64062,0.99937,15.438,-2.438,9.5,-0.1755,0.404,0.2517,0.8616
1781857581750,62434,-0.76245,-0.08374,0.64062,0.99937,15.438,-2.438,9.5,-0.1755,0.404,0.2517,0.8616
1781857581750,62434,-0.70752,-0.0896,0.66675,0.9763,8.562,-6.562,6.438,-0.1744,0.404,0.2518,0.8618
1781857581750,62434,-0.85596,-0.0061,0.65918,1.08038,8.375,-13.188,-19.562,-0.1737,0.3959,0.2485,0.8666
1781857581807,62491,-0.85352,0.0,0.66113,1.07962,11.812,-7.562,-12.438,-0.1736,0.3955,0.248,0.867
1781857581807,62491,-0.83521,-0.02539,0.67578,1.07466,13.312,-4.688,-6.062,-0.1732,0.3953,0.2475,0.8673
1781857581866,62550,-0.67285,-0.13574,0.67749,0.96444,-0.312,-4.625,-7.562,-0.167,0.3963,0.2468,0.8683
1781857581866,62550,-0.67285,-0.13574,0.67749,0.96444,-0.312,-4.625,-7.562,-0.167,0.3963,0.2468,0.8683
1781857581867,62551,-0.69092,-0.09448,0.70728,0.99324,-5.438,-12.375,-20.812,-0.1679,0.3951,0.2461,0.8688
1781857581926,62610,-0.73169,-0.01123,0.69556,1.0096,2.812,-16.938,-18.0,-0.1723,0.3875,0.2401,0.8731
1781857581988,62672,-0.74658,-0.03638,0.67651,1.00816,8.562,-14.312,-8.0,-0.1719,0.3859,0.2393,0.874
1781857581988,62672,-0.74146,-0.06934,0.66113,0.99582,11.062,-5.438,-0.625,-0.1671,0.384,0.2382,0.8761
1781857581989,62673,-0.76147,-0.08911,0.65356,1.00744,10.375,-3.875,0.75,-0.1668,0.3839,0.2384,0.8762
1781857582051,62735,-0.75317,-0.08301,0.66602,1.00883,8.75,-2.625,2.688,-0.1664,0.3839,0.2384,0.8762
1781857582054,62738,-0.67773,-0.07788,0.72217,0.99344,6.688,-13.25,-11.062,-0.1634,0.383,0.2385,0.8772
1781857582054,62738,-0.70703,-0.04468,0.66724,0.97319,31.875,2.812,21.25,-0.1547,0.3816,0.2345,0.8804
1781857582107,62791,-0.70703,-0.04468,0.66724,0.97319,31.875,2.812,21.25,-0.1547,0.3816,0.2345,0.8804
1781857582107,62791,-0.67432,-0.05127,0.67529,0.95569,27.812,5.625,21.938,-0.1512,0.3831,0.2353,0.8802
1781857582108,62792,-0.77905,0.03491,0.69922,1.0474,10.938,-7.688,-1.438,-0.1434,0.3842,0.2354,0.881
1781857582170,62854,-0.82373,0.07593,0.70654,1.08789,12.5,-3.812,0.375,-0.1428,0.3842,0.2353,0.8811
1781857582170,62854,-0.87817,0.12158,0.71851,1.14115,24.438,7.75,10.688,-0.1412,0.385,0.2352,0.881
1781857582171,62855,-0.65698,-0.01978,0.67236,0.94026,45.812,24.0,47.375,-0.1192,0.4024,0.2428,0.8745
1781857582226,62910,-0.65698,-0.01978,0.67236,0.94026,45.812,24.0,47.375,-0.1192,0.4024,0.2428,0.8745
1781857582226,62910,-0.65576,0.00684,0.68213,0.94624,29.062,9.062,22.5,-0.1137,0.4057,0.244,0.8733
1781857582228,62912,-0.72559,0.03516,0.71094,1.01644,31.562,17.562,29.5,-0.1027,0.4128,0.2467,0.8706
1781857582286,62970,-0.7168,0.04565,0.71167,1.01112,31.562,17.688,30.125,-0.1004,0.4144,0.2475,0.8699
1781857582286,62970,-0.71582,0.05322,0.69434,0.99867,33.0,15.75,28.688,-0.0982,0.4161,0.2481,0.8691
1781857582287,62971,-0.67603,0.0686,0.60449,0.90947,33.625,19.312,36.625,-0.0823,0.4287,0.2546,0.8628
1781857582352,63036,-0.65649,0.03027,0.61719,0.90157,28.312,16.062,30.75,-0.0808,0.4296,0.2552,0.8623
1781857582352,63036,-0.65234,0.0061,0.62915,0.90632,22.375,12.062,22.625,-0.08,0.4304,0.2561,0.8616
1781857582352,63036,-0.75928,0.13525,0.66187,1.0163,0.062,-1.75,3.75,-0.0774,0.432,0.259,0.8603
1781857582409,63093,-0.77271,0.10474,0.62964,1.00224,-0.562,-5.312,4.75,-0.0772,0.4317,0.2593,0.8603
1781857582411,63095,-0.76782,0.14697,0.65991,1.02305,-6.188,-2.312,6.438,-0.0775,0.4314,0.2604,0.8601
1781857582411,63095,-0.73633,0.17212,0.63208,0.98556,-0.75,-15.188,-3.0,-0.0786,0.4281,0.2622,0.8612
1781857582466,63150,-0.73389,0.15039,0.64014,0.98538,0.0,-15.938,-1.688,-0.0783,0.4269,0.2622,0.8618
1781857582466,63150,-0.75,0.14966,0.62744,0.98923,-0.062,-16.125,0.25,-0.0782,0.4264,0.2623,0.862
1781857582467,63151,-0.71704,0.17603,0.66113,0.99107,6.5,-10.812,7.625,-0.0762,0.4225,0.2651,0.8632
1781857582528,63212,-0.71704,0.17603,0.66113,0.99107,6.5,-10.812,7.625,-0.0762,0.4225,0.2651,0.8632
1781857582528,63212,-0.70605,0.11816,0.66821,0.97928,9.875,-8.688,9.062,-0.075,0.4218,0.2663,0.8633
1781857582528,63212,-0.71948,0.1438,0.6665,0.99124,3.125,-1.0,14.0,-0.0715,0.4207,0.2699,0.863
1781857582587,63271,-0.6958,0.13281,0.67505,0.9785,1.75,-1.25,15.875,-0.0711,0.4207,0.2705,0.8629
1781857582587,63271,-0.67749,0.14575,0.67627,0.96829,0.375,-2.25,17.312,-0.0708,0.4207,0.2711,0.8627
1781857582599,63283,-0.67749,0.14575,0.67627,0.96829,0.375,-2.25,17.312,-0.0708,0.4207,0.2711,0.8627
1781857582646,63330,-0.69263,0.06201,0.65332,0.95415,-1.812,-23.625,1.375,-0.0679,0.4165,0.276,0.8634
1781857582647,63331,-0.73926,0.11865,0.6626,0.99981,-10.875,-23.0,-7.812,-0.0683,0.4147,0.2763,0.8641
1781857582647,63331,-0.75073,0.15674,0.65088,1.00589,-25.125,-25.25,-27.375,-0.0761,0.4022,0.2732,0.8704
1781857582712,63396,-0.77271,0.18799,0.65527,1.03043,-23.25,-22.438,-26.5,-0.0772,0.401,0.2727,0.871
1781857582712,63396,-0.77441,0.23804,0.69727,1.06891,-19.375,-16.562,-18.625,-0.0793,0.3991,0.2723,0.8718
1781857582712,63396,-0.70459,0.10596,0.69995,0.9988,4.812,6.5,3.438,-0.0792,0.3983,0.2728,0.872
1781857582766,63450,-0.69556,0.09839,0.70947,0.99841,3.438,4.438,2.938,-0.0791,0.3984,0.2729,0.872
1781857582766,63450,-0.68848,0.10742,0.71973,1.00177,0.688,2.375,0.562,-0.079,0.3986,0.2729,0.8719
1781857582767,63451,-0.80127,0.1582,0.72925,1.09493,-15.438,-6.688,-24.875,-0.0855,0.3931,0.2664,0.8757
1781857582826,63510,-0.802,0.13672,0.7124,1.0814,-14.75,-1.812,-17.562,-0.0863,0.3928,0.2659,0.8759
1781857582832,63516,-0.78857,0.11548,0.68555,1.05127,-15.5,3.938,-10.0,-0.0871,0.3927,0.2658,0.876
1781857582832,63516,-0.49536,0.15552,0.75439,0.91579,1.938,-0.812,-9.625,-0.0913,0.3942,0.2659,0.8748
1781857582885,63569,-0.63159,0.0791,0.62329,0.89087,4.938,-23.312,-13.938,-0.0911,0.3933,0.265,0.8756
1781857582886,63570,-0.68921,0.06714,0.62817,0.93494,-0.75,-18.062,-18.375,-0.0911,0.3917,0.2636,0.8767
1781857582887,63571,-0.71899,0.10791,0.66211,0.98335,-1.75,-7.375,-8.0,-0.0944,0.3879,0.2605,0.8789
1781857582947,63631,-0.71997,0.11426,0.66382,0.98593,0.188,-6.688,-6.688,-0.0944,0.3875,0.2602,0.8792
1781857582947,63631,-0.73877,0.12207,0.71143,1.03286,3.188,-5.125,-2.438,-0.0941,0.3872,0.2593,0.8796
1781857582947,63631,-0.68896,0.02393,0.71606,0.99398,0.375,-28.188,-20.062,-0.0908,0.3826,0.2571,0.8826
1781857583006,63690,-0.7002,0.0437,0.73828,1.01845,-1.438,-32.25,-22.688,-0.0908,0.3814,0.2564,0.8834
1781857583017,63701,-0.71362,0.05591,0.7334,1.02482,-3.875,-34.75,-23.562,-0.091,0.3799,0.2557,0.8842
1781857583017,63701,-0.71362,0.05591,0.7334,1.02482,-3.875,-34.75,-23.562,-0.091,0.3799,0.2557,0.8842
1781857583069,63753,-0.59497,-0.05225,0.72339,0.93809,10.375,-31.312,6.375,-0.0889,0.3693,0.251,0.8902
1781857583070,63754,-0.66675,0.03833,0.729,0.98867,8.188,-26.438,1.0,-0.0881,0.3684,0.251,0.8906
1781857583126,63810,-0.66675,0.03833,0.729,0.98867,8.188,-26.438,1.0,-0.0881,0.3684,0.251,0.8906
1781857583126,63810,-0.66675,0.03833,0.729,0.98867,8.188,-26.438,1.0,-0.0881,0.3684,0.251,0.8906
1781857583127,63811,-0.59546,0.00415,0.74829,0.95631,21.562,-29.875,14.875,-0.0797,0.363,0.2512,0.8936
1781857583187,63871,-0.67432,0.14307,0.75073,1.0192,0.188,5.312,28.375,-0.0718,0.3633,0.2555,0.8929
1781857583187,63871,-0.67163,0.16724,0.76733,1.03337,3.875,7.0,26.938,-0.0712,0.3637,0.2565,0.8925
1781857583187,63871,-0.67163,0.16724,0.76733,1.03337,3.875,7.0,26.938,-0.0712,0.3637,0.2565,0.8925
1781857583249,63933,-0.54077,0.18579,0.70044,0.90419,22.5,-10.75,25.062,-0.0576,0.3686,0.268,0.8881
1781857583250,63934,-0.54346,0.25049,0.64966,0.88326,23.312,-6.938,16.812,-0.0539,0.3694,0.2685,0.8879
1781857583250,63934,-0.61646,0.16992,0.80566,1.02858,15.875,-0.188,28.75,-0.0417,0.3685,0.2737,0.8873
1781857583306,63990,-0.59839,0.19019,0.80542,1.02124,17.0,-0.188,29.938,-0.0406,0.3688,0.2746,0.887
1781857583306,63990,-0.59985,0.20435,0.77979,1.00481,17.875,-2.375,30.5,-0.0394,0.369,0.2755,0.8867
1781857583306,63990,-0.59985,0.20435,0.77979,1.00481,17.875,-2.375,30.5,-0.0394,0.369,0.2755,0.8867
1781857583366,64050,-0.59985,0.20435,0.77979,1.00481,17.875,-2.375,30.5,-0.0394,0.369,0.2755,0.8867
1781857583369,64053,-0.64526,0.20776,0.72559,0.99298,35.25,10.25,22.875,-0.026,0.3732,0.2783,0.8845
1781857583369,64053,-0.64526,0.20776,0.72559,0.99298,35.25,10.25,22.875,-0.026,0.3732,0.2783,0.8845
1781857583427,64111,-0.65552,0.24609,0.72852,1.01045,27.938,-7.688,11.812,-0.009,0.3796,0.2808,0.8813
1781857583428,64112,-0.65161,0.23193,0.74243,1.01469,26.5,-9.375,11.0,-0.0077,0.3795,0.2808,0.8814
1781857583428,64112,-0.65161,0.23193,0.74243,1.01469,26.5,-9.375,11.0,-0.0077,0.3795,0.2808,0.8814
1781857583486,64170,-0.59741,0.22583,0.72388,0.96535,0.062,-17.75,6.938,-0.0012,0.3754,0.2827,0.8826
1781857583486,64170,-0.63525,0.2915,0.72046,1.00378,-4.375,-19.812,8.5,-0.0007,0.3739,0.2835,0.8829
1781857583487,64171,-0.67725,0.23877,0.77026,1.05308,12.312,-15.25,-18.688,-0.0006,0.3682,0.2829,0.8855
1781857583547,64231,-0.46973,0.18335,0.77563,0.92513,8.0,-21.125,-3.062,0.0004,0.3665,0.2815,0.8867
1781857583547,64231,-0.47119,0.12476,0.78857,0.92706,6.25,-25.438,-0.312,0.0009,0.3656,0.2814,0.8871
1781857583547,64231,-0.53735,0.09912,0.79663,0.96602,-31.688,-7.188,-17.938,-0.0035,0.3575,0.2781,0.8914
1781857583609,64293,-0.53735,0.09912,0.79663,0.96602,-31.688,-7.188,-17.938,-0.0035,0.3575,0.2781,0.8914
1781857583609,64293,-0.56323,0.14868,0.76465,0.96126,-33.375,-8.562,-15.0,-0.0054,0.3569,0.279,0.8914
1781857583610,64294,-0.61694,0.3374,0.7583,1.03416,-5.875,8.625,-15.5,-0.0181,0.3536,0.2779,0.8928
1781857583667,64351,-0.61694,0.3374,0.7583,1.03416,-5.875,8.625,-15.5,-0.0181,0.3536,0.2779,0.8928
1781857583667,64351,-0.60254,0.28979,0.74292,0.99948,1.25,1.875,-10.438,-0.0186,0.354,0.2769,0.893
1781857583667,64351,-0.58765,0.20337,0.8501,1.05326,-37.375,7.188,-6.5,-0.0255,0.3549,0.2743,0.8933
1781857583727,64411,-0.56396,0.23047,0.89062,1.07907,-25.312,3.625,-5.375,-0.0272,0.3546,0.2742,0.8933
1781857583728,64412,-0.60083,0.20679,0.85864,1.06819,-17.125,2.0,-3.625,-0.028,0.3544,0.2744,0.8933
1781857583728,64412,-0.61523,0.1145,0.79224,1.00959,-3.375,0.125,-6.312,-0.0298,0.3554,0.2718,0.8937
1781857583788,64472,-0.58179,0.09644,0.74805,0.95255,-11.312,-6.438,-7.688,-0.0308,0.3547,0.2712,0.8941
1781857583789,64473,-0.60767,0.08252,0.61328,0.86728,-30.75,-3.25,-6.188,-0.0319,0.3544,0.2713,0.8942
1781857583789,64473,-0.61792,0.17285,0.83423,1.05244,-36.25,-13.875,-24.0,-0.0462,0.3465,0.2703,0.8969
1781857583846,64530,-0.61792,0.17285,0.83423,1.05244,-36.25,-13.875,-24.0,-0.0462,0.3465,0.2703,0.8969
1781857583846,64530,-0.698,0.26074,0.8269,1.11309,-28.812,3.0,-27.375,-0.0493,0.3455,0.2692,0.8975
1781857583850,64534,-0.60596,0.13696,0.75366,0.9767,-9.625,4.812,-11.312,-0.056,0.3483,0.2656,0.897
1781857583906,64590,-0.60596,0.13696,0.75366,0.9767,-9.625,4.812,-11.312,-0.056,0.3483,0.2656,0.897
1781857583906,64590,-0.62134,0.12549,0.74951,0.98162,-10.625,3.062,-9.875,-0.0568,0.3485,0.2645,0.8973
1781857583907,64591,-0.68628,0.14551,0.74902,1.02625,12.375,16.562,-7.188,-0.0595,0.3513,0.2606,0.8972
1781857583965,64649,-0.65601,0.12646,0.74878,1.0035,13.938,23.0,-1.312,-0.059,0.3532,0.2595,0.8967
1781857583966,64650,-0.64185,0.1167,0.75049,0.99439,14.625,23.312,1.125,-0.0587,0.3543,0.2592,0.8964
1781857583966,64650,-0.60742,0.12646,0.76855,0.98774,-2.75,4.062,0.312,-0.0575,0.3589,0.2591,0.8947
1781857584032,64716,-0.60083,0.17188,0.79419,1.01058,-4.0,5.062,-1.625,-0.0576,0.359,0.2592,0.8947
1781857584032,64716,-0.62915,0.18066,0.77222,1.01232,-1.75,6.25,-3.625,-0.0581,0.3594,0.259,0.8945
1781857584032,64716,-0.64038,0.14648,0.73755,0.98769,15.312,18.875,7.688,-0.0554,0.3667,0.2578,0.892
1781857584088,64772,-0.64038,0.14648,0.73755,0.98769,15.312,18.875,7.688,-0.0554,0.3667,0.2578,0.892
1781857584088,64772,-0.59497,0.1272,0.71558,0.93926,13.812,13.938,8.25,-0.0544,0.3684,0.2579,0.8914
1781857584088,64772,-0.65649,0.18628,0.73413,1.00231,7.25,1.375,2.812,-0.0527,0.3698,0.2579,0.8909
1781857584147,64831,-0.65649,0.1748,0.73462,1.0006,9.688,4.0,1.438,-0.0523,0.3701,0.2579,0.8908
1781857584147,64831,-0.66187,0.1521,0.729,0.99632,11.812,5.875,0.688,-0.0516,0.3707,0.2572,0.8908
1781857584148,64832,-0.61914,0.1438,0.79419,1.01723,5.312,4.938,4.562,-0.0477,0.3739,0.2581,0.8894
1781857584208,64892,-0.63135,0.14526,0.7666,1.00368,3.688,2.625,4.125,-0.0476,0.3741,0.2583,0.8893
1781857584209,64893,-0.65234,0.14478,0.76001,1.01199,1.375,-0.188,3.812,-0.0473,0.3743,0.2577,0.8894
1781857584209,64893,-0.65747,0.15259,0.76514,1.02029,-8.625,1.375,3.188,-0.0489,0.3733,0.2606,0.8889
1781857584267,64951,-0.64111,0.15552,0.77881,1.02066,-9.125,0.938,2.875,-0.0491,0.3732,0.2609,0.8888
1781857584267,64951,-0.61133,0.15234,0.77539,0.99908,-10.75,-2.312,2.125,-0.0498,0.373,0.2615,0.8887
1781857584268,64952,-0.66919,0.15601,0.74805,1.01574,-16.875,-9.562,-5.312,-0.0545,0.3668,0.2625,0.8907
1781857584329,65013,-0.67529,0.15674,0.7439,1.01684,-15.75,-8.0,-4.875,-0.0551,0.3662,0.2626,0.8908
1781857584329,65013,-0.6748,0.16162,0.73413,1.01016,-14.312,-6.812,-4.562,-0.056,0.3659,0.2632,0.8908
1781857584330,65014,-0.62573,0.10034,0.78003,1.00502,-15.125,-6.75,-5.125,-0.06,0.3628,0.2641,0.8915
1781857584389,65073,-0.62573,0.10034,0.78003,1.00502,-15.125,-6.75,-5.125,-0.06,0.3628,0.2641,0.8915
1781857584390,65074,-0.62329,0.08252,0.77368,0.99694,-15.688,-8.75,-6.938,-0.0606,0.3623,0.2642,0.8917
1781857584390,65074,-0.68433,0.13477,0.7561,1.02867,-21.062,-3.312,-7.375,-0.073,0.3529,0.262,0.8952
1781857584446,65130,-0.68433,0.13477,0.7561,1.02867,-21.062,-3.312,-7.375,-0.073,0.3529,0.262,0.8952
1781857584446,65130,-0.64819,0.12109,0.75098,0.99939,-22.625,2.5,2.688,-0.0753,0.3522,0.2623,0.8951
1781857584447,65131,-0.61426,0.11816,0.76367,0.98715,-42.75,-9.938,-8.938,-0.0859,0.3476,0.2676,0.8944
1781857584510,65194,-0.63062,0.12866,0.76172,0.99722,-41.812,-9.625,-10.375,-0.0875,0.3467,0.2678,0.8945
1781857584510,65194,-0.6394,0.16089,0.7915,1.03015,-38.438,-8.25,-8.062,-0.0905,0.3452,0.268,0.8948
1781857584510,65194,-0.677,0.07275,0.73193,0.99968,4.938,10.562,5.188,-0.0933,0.3441,0.2687,0.8947
1781857584572,65256,-0.66748,0.07227,0.72729,0.9898,4.938,12.125,6.812,-0.0932,0.3447,0.2688,0.8944
1781857584576,65260,-0.6521,0.02979,0.7605,1.00224,1.875,12.875,9.688,-0.093,0.3458,0.2691,0.8939
1781857584576,65260,-0.64429,0.0354,0.76172,0.99829,-23.062,0.375,-8.188,-0.0966,0.3465,0.2703,0.8929
1781857584626,65310,-0.65405,0.05298,0.78052,1.01971,-23.188,0.688,-9.438,-0.0975,0.3462,0.2703,0.8929
1781857584626,65310,-0.65527,0.07397,0.78809,1.02759,-21.25,1.125,-10.438,-0.0985,0.346,0.2702,0.893
1781857584627,65311,-0.63599,0.05811,0.7627,0.99477,-5.125,12.125,-1.625,-0.1028,0.3475,0.2693,0.8922
1781857584686,65370,-0.61279,0.05835,0.76489,0.98183,-5.938,12.938,-1.75,-0.1033,0.3481,0.2692,0.8919
1781857584686,65370,-0.5957,0.05981,0.7771,0.98098,-6.312,11.688,-0.562,-0.1037,0.3484,0.2692,0.8917
1781857584687,65371,-0.64551,0.03687,0.75586,0.99467,-10.688,7.625,1.5,-0.1066,0.3507,0.2689,0.8906
1781857584751,65435,-0.64697,0.04956,0.74658,0.98915,-13.812,9.688,2.875,-0.1077,0.3511,0.2694,0.8901
1781857584751,65435,-0.64526,0.06665,0.73999,0.98407,-13.25,11.688,0.125,-0.1091,0.3516,0.27,0.8895
1781857584811,65495,-0.64526,0.06665,0.73999,0.98407,-13.25,11.688,0.125,-0.1091,0.3516,0.27,0.8895
1781857584811,65495,-0.65845,0.04785,0.78784,1.02788,-5.562,13.062,1.188,-0.1125,0.355,0.2692,0.888
1781857584813,65497,-0.6499,0.04907,0.79346,1.02682,-5.625,14.438,1.812,-0.1128,0.3554,0.2693,0.8878
1781857584866,65550,-0.64062,0.03296,0.77637,1.00709,-3.812,1.25,-1.562,-0.1146,0.3588,0.2674,0.8868
1781857584866,65550,-0.66406,0.02148,0.76025,1.00967,-3.438,0.312,-1.25,-0.1148,0.3587,0.2674,0.8868
1781857584867,65551,-0.66309,0.06958,0.76611,1.01561,-3.5,8.25,0.75,-0.1187,0.3605,0.2679,0.8854
1781857584926,65610,-0.66113,0.06519,0.76074,1.00999,-1.125,7.5,0.188,-0.1187,0.3607,0.268,0.8853
1781857584926,65610,-0.65894,0.06055,0.74976,1.0,1.062,6.562,-0.5,-0.1188,0.361,0.2679,0.8852
1781857584927,65611,-0.67358,0.03296,0.71753,0.98471,-7.375,2.875,-5.062,-0.1192,0.3616,0.2666,0.8853
1781857584989,65673,-0.67529,0.0354,0.73169,0.99631,-8.312,3.5,-3.438,-0.1196,0.3616,0.2665,0.8853
1781857584989,65673,-0.67944,0.04614,0.74512,1.00944,-7.812,4.062,-1.5,-0.1199,0.3616,0.2666,0.8852
1781857584990,65674,-0.66162,0.01611,0.76392,1.01073,-2.312,6.688,-0.125,-0.1212,0.3637,0.2663,0.8842
1781857585046,65730,-0.66479,0.01758,0.75537,1.0064,-1.688,6.0,-0.312,-0.1213,0.3639,0.2663,0.8841
1781857585046,65730,-0.66943,0.01172,0.74512,1.00174,-0.75,5.0,-0.062,-0.1214,0.3641,0.2662,0.884
1781857585052,65736,-0.69043,0.01611,0.73657,1.0097,-6.375,7.125,2.75,-0.1228,0.3663,0.2658,0.8831
1781857585106,65790,-0.68506,0.0105,0.74023,1.00864,-5.938,7.812,3.25,-0.1231,0.3665,0.266,0.8829
1781857585106,65790,-0.68286,0.01099,0.7356,1.00375,-5.375,7.938,3.125,-0.1233,0.3667,0.2661,0.8828
1781857585107,65791,-0.68286,0.01099,0.7356,1.00375,-5.375,7.938,3.125,-0.1233,0.3667,0.2661,0.8828
1781857585165,65849,-0.65747,0.00854,0.75464,1.00091,-1.062,2.562,-0.562,-0.1251,0.3693,0.2652,0.8817
1781857585165,65849,-0.66187,-0.00659,0.74438,0.9961,-0.562,1.562,-0.688,-0.1252,0.3694,0.2652,0.8816
1781857585166,65850,-0.66187,-0.00659,0.74438,0.9961,-0.562,1.562,-0.688,-0.1252,0.3694,0.2652,0.8816
1781857585226,65910,-0.69019,0.01978,0.72583,1.00179,-7.812,-1.188,-5.375,-0.1293,0.3676,0.2643,0.882
1781857585226,65910,-0.69189,0.02368,0.70459,0.98779,-6.438,0.0,-4.312,-0.1296,0.3675,0.2642,0.8821
1781857585226,65910,-0.67651,-0.00415,0.72241,0.98973,-7.188,3.062,2.938,-0.1315,0.3682,0.2652,0.8812
1781857585285,65969,-0.6792,0.00366,0.71948,0.98943,-7.75,3.062,3.562,-0.1317,0.3683,0.2655,0.8811
1781857585286,65970,-0.68018,0.00293,0.71729,0.98851,-7.562,2.562,3.438,-0.132,0.3683,0.2657,0.8809
1781857585287,65971,-0.68018,0.00293,0.71729,0.98851,-7.562,2.562,3.438,-0.132,0.3683,0.2657,0.8809
1781857585352,66036,-0.68018,0.00293,0.71729,0.98851,-7.562,2.562,3.438,-0.132,0.3683,0.2657,0.8809
1781857585352,66036,-0.67847,0.01099,0.73682,1.00167,-3.688,3.25,4.25,-0.134,0.3688,0.2675,0.8799
1781857585352,66036,-0.67847,0.01099,0.73682,1.00167,-3.688,3.25,4.25,-0.134,0.3688,0.2675,0.8799
1781857585405,66089,-0.698,0.00317,0.7168,1.0005,-5.062,5.25,5.5,-0.1347,0.3709,0.2683,0.8786
1781857585406,66090,-0.68726,0.00854,0.72607,0.99979,-5.75,4.875,4.562,-0.1349,0.3712,0.2687,0.8784
1781857585407,66091,-0.68726,0.00854,0.72607,0.99979,-5.75,4.875,4.562,-0.1349,0.3712,0.2687,0.8784
1781857585465,66149,-0.68872,0.02393,0.70483,0.98575,-2.375,1.312,0.0,-0.1359,0.3713,0.2689,0.8781
1781857585465,66149,-0.68042,0.02832,0.71338,0.98625,-2.125,0.875,0.25,-0.136,0.3713,0.269,0.8781
1781857585466,66150,-0.7146,0.01147,0.729,1.0209,3.25,2.25,-2.688,-0.1356,0.3715,0.2684,0.8782
1781857585529,66213,-0.7063,-0.00366,0.72949,1.0154,3.688,3.375,-2.125,-0.1354,0.3718,0.2676,0.8784
1781857585530,66214,-0.70752,-0.01318,0.72583,1.0137,3.125,4.25,-1.688,-0.1353,0.372,0.2675,0.8784
1781857585530,66214,-0.67383,-0.01294,0.70508,0.97537,-2.125,1.812,-4.562,-0.1364,0.3729,0.2668,0.878
1781857585586,66270,-0.69678,0.00708,0.71875,1.00107,-3.0,1.188,-5.875,-0.1372,0.3728,0.2668,0.8779
1781857585587,66271,-0.70117,0.00903,0.72314,1.0073,-2.438,1.875,-5.812,-0.1374,0.3728,0.2666,0.8779
1781857585587,66271,-0.70898,0.02612,0.71777,1.00923,0.938,5.125,-6.562,-0.1386,0.3735,0.2653,0.8778
1781857585645,66329,-0.70898,0.02612,0.71777,1.00923,0.938,5.125,-6.562,-0.1386,0.3735,0.2653,0.8778
1781857585647,66331,-0.70923,0.02954,0.72534,1.01489,2.188,5.812,-6.75,-0.139,0.3739,0.2651,0.8777
1781857585648,66332,-0.66919,-0.01416,0.71924,0.98251,-9.25,3.188,-7.875,-0.1416,0.3756,0.2638,0.877
1781857585707,66391,-0.68115,0.00195,0.71021,0.98405,-7.812,1.062,-11.938,-0.1428,0.3754,0.2635,0.8769
1781857585707,66391,-0.69019,0.00635,0.70532,0.98685,-7.125,0.812,-13.188,-0.1432,0.3753,0.2631,0.877
1781857585707,66391,-0.70166,-0.01562,0.71289,1.00039,8.562,5.688,2.25,-0.1447,0.3766,0.2598,0.8772
1781857585765,66449,-0.69971,-0.01465,0.71265,0.99883,9.0,6.0,3.75,-0.1442,0.377,0.2594,0.8772
1781857585765,66449,-0.6958,-0.00659,0.71191,0.99549,9.75,6.25,3.875,-0.1439,0.3774,0.2594,0.8771
1781857585766,66450,-0.72095,-0.00659,0.71289,1.01391,-0.062,5.625,-0.75,-0.1408,0.3804,0.2581,0.8767
1781857585825,66509,-0.72095,-0.00659,0.71289,1.01391,-0.062,5.625,-0.75,-0.1408,0.3804,0.2581,0.8767
1781857585826,66510,-0.73682,0.00244,0.71582,1.02728,0.312,7.312,-2.625,-0.1409,0.3809,0.2576,0.8767
1781857585827,66511,-0.71094,0.00049,0.68384,0.98644,2.375,8.375,3.0,-0.1407,0.3845,0.2571,0.8752
1781857585889,66573,-0.71533,0.00415,0.68799,0.99249,0.188,8.938,3.125,-0.1406,0.3848,0.2572,0.8751
1781857585890,66574,-0.71973,-0.00293,0.69336,0.99938,-0.938,9.938,3.312,-0.1408,0.3853,0.2572,0.8748
1781857585890,66574,-0.69458,-0.0022,0.69824,0.98488,0.625,1.375,1.125,-0.142,0.3879,0.2578,0.8733
1781857585948,66632,-0.6897,-0.01294,0.71509,0.99358,1.062,-0.188,2.062,-0.1419,0.3879,0.2579,0.8733
1781857585948,66632,-0.66553,-0.00781,0.72559,0.98461,3.062,-3.625,2.625,-0.1416,0.3877,0.2581,0.8734
1781857585948,66632,-0.70874,-0.01221,0.69629,0.99362,-1.062,-11.5,5.5,-0.1392,0.385,0.2592,0.8746
1781857586016,66700,-0.70874,-0.01221,0.69629,0.99362,-1.062,-11.5,5.5,-0.1392,0.385,0.2592,0.8746
1781857586016,66700,-0.71216,-0.01245,0.6936,0.99419,-1.5,-10.188,6.125,-0.139,0.3842,0.26,0.8748
1781857586016,66700,-0.71216,0.00562,0.72559,1.0167,-5.062,-7.562,4.062,-0.1387,0.3809,0.2628,0.8754
1781857586066,66750,-0.71216,0.00562,0.72559,1.0167,-5.062,-7.562,4.062,-0.1387,0.3809,0.2628,0.8754
1781857586066,66750,-0.69263,0.00122,0.71631,0.99641,-7.438,-9.938,5.688,-0.1387,0.3803,0.2629,0.8756
1781857586066,66750,-0.74023,0.03589,0.70215,1.02091,-15.812,-10.562,1.562,-0.1421,0.3743,0.2667,0.8765
1781857586125,66809,-0.73999,0.02832,0.70532,1.02268,-13.188,-9.625,3.125,-0.1425,0.3737,0.2672,0.8765
1781857586127,66811,-0.72266,0.04785,0.70142,1.00822,-9.812,-7.812,4.125,-0.1429,0.3734,0.2677,0.8765
1781857586127,66811,-0.68018,-0.02344,0.71265,0.98542,-4.875,-5.188,-3.188,-0.1438,0.3716,0.27,0.8764
1781857586186,66870,-0.68018,-0.02344,0.71265,0.98542,-4.875,-5.188,-3.188,-0.1438,0.3716,0.27,0.8764
1781857586186,66870,-0.67871,-0.03174,0.70752,0.98094,-6.062,-5.812,-5.062,-0.144,0.3712,0.2699,0.8765
1781857586186,66870,-0.71069,-0.01587,0.71631,1.00918,-7.062,6.375,3.438,-0.1491,0.3693,0.2698,0.8765
1781857586247,66931,-0.68945,-0.02319,0.71802,0.99571,-6.562,9.125,-2.312,-0.15,0.3699,0.27,0.8761
1781857586248,66932,-0.63184,0.03271,0.7373,0.97155,-3.625,7.562,-6.125,-0.1503,0.3701,0.2698,0.876
1781857586248,66932,-0.70532,-0.08447,0.69336,0.99265,-5.188,7.938,-1.75,-0.152,0.3715,0.268,0.8756
1781857586305,66989,-0.71045,-0.04639,0.68506,0.98803,-7.5,10.875,-5.312,-0.1525,0.3718,0.2679,0.8755
1781857586306,66990,-0.677,-0.05005,0.66919,0.95323,-16.125,7.812,0.0,-0.1538,0.3723,0.2675,0.8752
1781857586306,66990,-0.71216,-0.05103,0.75562,1.03958,-12.75,-7.562,-2.062,-0.16,0.3692,0.2673,0.8754
1781857586370,67054,-0.71216,-0.05103,0.75562,1.03958,-12.75,-7.562,-2.062,-0.16,0.3692,0.2673,0.8754
1781857586370,67054,-0.67871,-0.01221,0.74902,1.01086,-9.562,-7.125,0.938,-0.1608,0.3684,0.2681,0.8754
1781857586370,67054,-0.68164,-0.08789,0.77222,1.03377,-13.312,-7.438,8.438,-0.1623,0.3657,0.2717,0.8751
1781857586427,67111,-0.68481,-0.09888,0.76929,1.03467,-16.438,-6.875,7.062,-0.1629,0.365,0.2725,0.8751
1781857586427,67111,-0.68896,-0.07031,0.75366,1.02353,-23.812,-5.375,8.812,-0.1643,0.364,0.2739,0.8747
1781857586427,67111,-0.63135,-0.03662,0.70044,0.94369,-20.062,-2.625,9.562,-0.1695,0.3617,0.2781,0.8734
1781857586488,67172,-0.63135,-0.03662,0.70044,0.94369,-20.062,-2.625,9.562,-0.1695,0.3617,0.2781,0.8734
1781857586488,67172,-0.62329,-0.03979,0.67041,0.91626,-18.062,-5.625,9.062,-0.1705,0.3612,0.2791,0.8731
1781857586488,67172,-0.71948,-0.02661,0.63965,0.96307,-9.312,-8.875,8.125,-0.173,0.3576,0.2826,0.873
1781857586545,67229,-0.72876,-0.02783,0.65552,0.9806,-7.188,-7.562,9.188,-0.173,0.3572,0.2832,0.8729
1781857586546,67230,-0.73145,-0.04102,0.67236,0.99437,-4.812,-6.875,10.438,-0.173,0.357,0.2836,0.8729
1781857586547,67231,-0.79761,-0.0752,0.73438,1.0868,-10.438,5.438,4.375,-0.1721,0.3566,0.286,0.8724
1781857586607,67291,-0.78735,-0.07007,0.74878,1.08881,-12.062,9.0,5.5,-0.1728,0.3569,0.2865,0.872
1781857586607,67291,-0.76782,-0.0686,0.7478,1.074,-12.375,12.062,6.5,-0.1738,0.3576,0.2871,0.8713
1781857586607,67291,-0.76782,-0.05933,0.68408,1.03007,-11.312,22.75,-11.375,-0.1794,0.3619,0.2858,0.8688
1781857586670,67354,-0.79346,-0.0603,0.66479,1.0369,-11.188,28.375,-15.062,-0.1804,0.3627,0.2852,0.8685
1781857586670,67354,-0.84619,-0.04712,0.62524,1.05318,-11.562,44.375,-23.375,-0.1826,0.3653,0.2827,0.8678
1781857586670,67354,-1.16846,0.14087,0.65576,1.34728,4.312,171.438,-42.875,-0.2,0.3955,0.264,0.8566
1781857586728,67412,-1.21606,0.18213,0.67163,1.4011,12.312,190.938,-36.5,-0.2022,0.4022,0.2609,0.8538
1781857586728,67412,-1.2312,0.20312,0.70386,1.43267,23.125,207.438,-27.812,-0.2041,0.4097,0.2577,0.8508
1781857586728,67412,-0.88574,0.0249,0.5791,1.05855,131.562,220.812,54.25,-0.1911,0.5052,0.2341,0.8082
1781857586785,67469,-0.8855,0.00659,0.55811,1.04672,135.5,221.688,54.938,-0.1874,0.5146,0.2313,0.8039
1781857586786,67470,-0.87988,-0.01123,0.53882,1.03182,138.25,222.938,54.938,-0.1836,0.524,0.2283,0.7996
1781857586787,67471,-0.5188,-0.23633,0.38306,0.68683,86.625,101.062,-32.125,-0.1605,0.5926,0.1982,0.7639
1781857586845,67529,-0.5188,-0.23633,0.38306,0.68683,86.625,101.062,-32.125,-0.1605,0.5926,0.1982,0.7639
1781857586846,67530,-0.5481,-0.22827,0.36621,0.69759,70.688,85.312,-44.0,-0.1599,0.5958,0.1943,0.7625
1781857586847,67531,-0.91162,-0.0083,0.29492,0.95818,13.375,6.375,-51.125,-0.181,0.6,0.1651,0.7613
1781857586908,67592,-0.93652,-0.00952,0.26416,0.97311,18.125,11.75,-36.438,-0.1822,0.6003,0.1614,0.7617
1781857586909,67593,-0.96582,-0.0061,0.23926,0.99503,20.0,17.375,-24.312,-0.1846,0.6006,0.1607,0.761
1781857586909,67593,-0.90967,-0.01123,0.28833,0.95434,23.25,24.312,9.5,-0.1845,0.6077,0.1571,0.7561
1781857586966,67650,-0.89795,-0.02051,0.28198,0.94141,25.0,19.625,11.0,-0.1835,0.6086,0.1566,0.7557
1781857586966,67650,-0.89404,-0.0354,0.26318,0.93265,24.938,14.438,11.562,-0.1824,0.6093,0.1563,0.7554
1781857586967,67651,-1.04639,-0.00513,0.21704,1.06867,-0.375,4.625,-3.5,-0.1801,0.6102,0.1573,0.7551
1781857587026,67710,-1.05347,0.0105,0.21704,1.07564,-0.5,8.375,-2.875,-0.1802,0.6104,0.1572,0.755
1781857587028,67712,-1.06177,0.01465,0.2229,1.08501,0.062,11.0,-0.25,-0.1802,0.6107,0.1571,0.7547
1781857587028,67712,-0.92114,-0.07129,0.17334,0.94002,8.25,21.375,10.25,-0.1768,0.6179,0.1588,0.7493
1781857587087,67771,-0.92114,-0.07129,0.17334,0.94002,8.25,21.375,10.25,-0.1768,0.6179,0.1588,0.7493
1781857587087,67771,-0.94995,-0.09717,0.21362,0.97851,1.25,22.875,7.562,-0.1765,0.619,0.1588,0.7484
1781857587087,67771,-0.93164,-0.05396,0.23218,0.96165,-5.812,-13.438,0.812,-0.1777,0.6202,0.1627,0.7463
1781857587148,67832,-0.95459,-0.04077,0.21191,0.97868,-8.125,-13.812,-6.375,-0.1782,0.6192,0.163,0.747
1781857587148,67832,-0.99121,-0.01367,0.22217,1.0159,-12.938,-9.938,-11.75,-0.1796,0.6181,0.1636,0.7474
1781857587148,67832,-0.96582,0.01709,0.31323,1.01549,-6.312,0.312,6.312,-0.1836,0.6161,0.1658,0.7476
1781857587208,67892,-0.94727,0.00342,0.31348,0.99779,-4.688,-1.0,8.0,-0.1835,0.6161,0.1662,0.7476
1781857587209,67893,-0.93066,0.00073,0.30713,0.98003,-2.188,-3.688,9.25,-0.1833,0.616,0.1666,0.7476
1781857587211,67895,-0.86938,-0.06885,0.24097,0.90478,-19.938,-31.438,1.0,-0.1836,0.6096,0.1741,0.751
1781857587265,67949,-0.87915,-0.04419,0.22339,0.90816,-24.75,-37.062,-0.312,-0.1845,0.607,0.1759,0.7525
1781857587265,67949,-0.89038,-0.02539,0.2229,0.91821,-27.75,-41.938,3.188,-0.1858,0.604,0.1781,0.754
1781857587267,67951,-0.89038,-0.02539,0.2229,0.91821,-27.75,-41.938,3.188,-0.1858,0.604,0.1781,0.754
1781857587326,68010,-0.94067,0.02881,0.21631,0.96565,-19.312,-48.188,25.375,-0.1868,0.5913,0.1906,0.7608
1781857587327,68011,-0.94385,0.03442,0.22681,0.97133,-18.5,-48.125,28.125,-0.1863,0.5899,0.1925,0.7617
1781857587327,68011,-0.9624,0.01294,0.33032,1.01759,-18.312,-45.375,19.875,-0.1801,0.5758,0.2081,0.7697
1781857587387,68071,-0.97485,0.01953,0.35522,1.03774,-20.062,-45.5,16.812,-0.1799,0.5734,0.2104,0.7709
1781857587387,68071,-0.98413,0.03125,0.36841,1.05129,-18.5,-44.875,14.25,-0.1797,0.5711,0.2125,0.7721
1781857587387,68071,-0.98413,0.03125,0.36841,1.05129,-18.5,-44.875,14.25,-0.1797,0.5711,0.2125,0.7721
1781857587447,68131,-0.98413,0.03125,0.36841,1.05129,-18.5,-44.875,14.25,-0.1797,0.5711,0.2125,0.7721
1781857587447,68131,-1.02881,0.03784,0.37378,1.09526,-6.625,-19.125,14.375,-0.1771,0.5593,0.2231,0.7783
1781857587447,68131,-0.9624,0.04126,0.33447,1.0197,-1.625,0.75,2.625,-0.1749,0.5577,0.2274,0.7787
1781857587505,68189,-0.95752,0.03906,0.32471,1.01183,-0.75,1.25,2.125,-0.1749,0.5577,0.2275,0.7786
1781857587505,68189,-0.95312,0.04004,0.31396,1.0043,-0.312,1.625,1.375,-0.1749,0.5578,0.2276,0.7786
1781857587506,68190,-0.95312,0.04004,0.31396,1.0043,-0.312,1.625,1.375,-0.1749,0.5578,0.2276,0.7786
1781857587569,68253,-0.95312,0.04004,0.31396,1.0043,-0.312,1.625,1.375,-0.1749,0.5578,0.2276,0.7786
1781857587569,68253,-0.92334,0.02197,0.32715,0.97983,-1.125,5.625,-4.062,-0.175,0.5598,0.226,0.7776
1781857587571,68255,-0.91748,0.02393,0.36523,0.9878,2.5,-6.188,-1.938,-0.1755,0.5592,0.2244,0.7783
1781857587625,68309,-0.92114,0.01978,0.36597,0.99138,2.562,-6.812,-1.812,-0.1754,0.559,0.2243,0.7786
1781857587626,68310,-0.92505,0.01465,0.36279,0.99375,2.625,-7.0,-2.312,-0.1753,0.5588,0.2243,0.7788
1781857587627,68311,-0.92505,0.01465,0.36279,0.99375,2.625,-7.0,-2.312,-0.1753,0.5588,0.2243,0.7788
1781857587686,68370,-0.92505,0.01465,0.36279,0.99375,2.625,-7.0,-2.312,-0.1753,0.5588,0.2243,0.7788
1781857587686,68370,-0.91992,0.03662,0.37134,0.99272,-2.75,-5.375,5.0,-0.1744,0.5571,0.2241,0.7802
1781857587746,68430,-0.91284,0.03442,0.37915,0.98905,-4.812,-10.25,9.375,-0.1723,0.5548,0.2282,0.7811
1781857587750,68434,-0.91162,0.03345,0.38184,0.98892,-5.0,-11.25,8.312,-0.1722,0.5541,0.2293,0.7814
1781857587750,68434,-0.91064,0.02515,0.36401,0.98103,-5.688,-11.688,8.062,-0.1719,0.5535,0.23,0.7816
1781857587807,68491,-0.91064,0.02515,0.36401,0.98103,-5.688,-11.688,8.062,-0.1719,0.5535,0.23,0.7816
1781857587807,68491,-0.93701,0.02124,0.36353,1.00528,-15.375,-5.625,13.188,-0.1718,0.55,0.2349,0.7827
1781857587807,68491,-0.91357,0.05542,0.39917,0.99851,-13.125,-6.438,12.375,-0.1724,0.548,0.2434,0.7813
1781857587867,68551,-0.91357,0.05542,0.39917,0.99851,-13.125,-6.438,12.375,-0.1724,0.548,0.2434,0.7813
1781857587867,68551,-0.91455,0.04614,0.40039,0.99942,-15.25,-1.188,8.125,-0.1729,0.5477,0.2446,0.781
1781857587872,68556,-0.9436,0.03979,0.39771,1.02476,-13.0,0.25,8.938,-0.1743,0.546,0.2489,0.7806
1781857587932,68616,-0.9436,0.03979,0.39771,1.02476,-13.0,0.25,8.938,-0.1743,0.546,0.2489,0.7806
1781857587932,68616,-0.91479,0.04761,0.41089,1.00396,-12.5,-0.125,10.0,-0.1744,0.5459,0.2495,0.7804
1781857587934,68618,-0.92578,0.02979,0.41187,1.0137,-8.438,0.5,4.062,-0.1746,0.5454,0.2528,0.7797
1781857587985,68669,-0.92578,0.02979,0.41187,1.0137,-8.438,0.5,4.062,-0.1746,0.5454,0.2528,0.7797
1781857587986,68670,-0.92773,0.02515,0.39136,1.00722,-9.188,1.438,2.312,-0.1751,0.5454,0.2533,0.7794
1781857587987,68671,-0.91846,0.04346,0.40405,1.00435,-10.938,2.938,1.438,-0.1782,0.5457,0.2551,0.7779
1781857588055,68739,-0.92725,0.01733,0.39941,1.00976,-11.125,3.438,2.375,-0.1785,0.5458,0.2548,0.7778
1781857588055,68739,-0.93384,0.01636,0.39429,1.0138,-12.125,4.062,2.438,-0.1788,0.5458,0.2552,0.7776
1781857588055,68739,-0.91748,0.04346,0.38013,0.99406,-11.75,5.438,-0.75,-0.1821,0.5464,0.2568,0.7759
1781857588106,68790,-0.91748,0.04346,0.38013,0.99406,-11.75,5.438,-0.75,-0.1821,0.5464,0.2568,0.7759
1781857588106,68790,-0.92212,0.03979,0.37427,0.99597,-11.938,6.0,-0.75,-0.1825,0.5465,0.257,0.7757
1781857588107,68791,-0.90405,0.04395,0.39917,0.98923,-15.125,8.562,2.312,-0.1892,0.5483,0.2609,0.7715
1781857588170,68854,-0.90405,0.04395,0.39917,0.98923,-15.125,8.562,2.312,-0.1892,0.5483,0.2609,0.7715
1781857588170,68854,-0.91016,0.03882,0.38965,0.99082,-12.875,6.812,2.062,-0.1901,0.5486,0.2614,0.7709
1781857588170,68854,-0.91504,0.0127,0.39722,0.99762,-19.812,9.375,0.688,-0.1957,0.55,0.264,0.7676
1781857588226,68910,-0.91943,0.00684,0.39038,0.9989,-19.688,8.0,0.312,-0.1964,0.5501,0.2644,0.7672
1781857588226,68910,-0.92358,0.00781,0.37524,0.99693,-20.438,6.562,-0.125,-0.1973,0.5502,0.2647,0.7668
1781857588226,68910,-0.91772,0.00854,0.38184,0.99403,-16.812,2.938,2.938,-0.2025,0.5504,0.2669,0.7645
1781857588285,68969,-0.91748,0.00684,0.36743,0.98834,-16.062,0.875,3.25,-0.2032,0.5503,0.2676,0.7642
1781857588285,68969,-0.92969,-0.00854,0.35327,0.99458,-19.188,1.75,2.375,-0.2038,0.5502,0.2678,0.764
1781857588286,68970,-0.93726,0.03271,0.37158,1.00876,-22.125,-2.562,4.688,-0.2097,0.5481,0.2732,0.762
1781857588345,69029,-0.93359,0.02661,0.37378,1.00599,-21.0,-2.688,5.188,-0.2102,0.5478,0.2739,0.7618
1781857588346,69030,-0.93262,0.01489,0.36646,1.00214,-20.25,-2.938,4.375,-0.2106,0.5476,0.2741,0.7618
1781857588347,69031,-0.9165,0.01904,0.37549,0.99062,-25.625,-2.875,2.375,-0.2159,0.5451,0.2786,0.7605
1781857588405,69089,-0.91357,0.02295,0.37476,0.98772,-25.312,-3.125,2.125,-0.2166,0.5447,0.2794,0.7603
1781857588405,69089,-0.91357,0.00952,0.36108,0.98239,-26.688,-4.75,3.25,-0.2178,0.544,0.2804,0.7601
1781857588406,69090,-0.92627,0.01294,0.36182,0.99451,-28.688,-4.0,3.5,-0.2245,0.5401,0.2871,0.7584
1781857588465,69149,-0.90649,0.02979,0.37061,0.97978,-26.375,-6.875,3.812,-0.2255,0.5394,0.2883,0.7581
1781857588465,69149,-0.91846,0.03052,0.39062,0.99854,-22.062,-8.438,3.312,-0.2262,0.5385,0.2891,0.7582
1781857588467,69151,-0.99194,-0.03491,0.36792,1.05855,-23.438,0.25,12.25,-0.2286,0.5357,0.2938,0.7577
1781857588525,69209,-0.97534,-0.03003,0.37427,1.04512,-26.688,2.5,13.125,-0.2291,0.5356,0.2949,0.7572
1781857588525,69209,-0.93335,-0.02148,0.38965,1.01165,-29.938,4.188,14.0,-0.2297,0.5357,0.2956,0.7567
1781857588527,69211,-0.94043,0.05078,0.37256,1.01281,-14.062,-6.938,-11.0,-0.2354,0.5322,0.3008,0.7554
1781857588586,69270,-0.93506,0.05835,0.37988,1.01096,-12.188,-7.0,-10.75,-0.236,0.5316,0.3009,0.7556
1781857588586,69270,-0.93018,0.06665,0.38379,1.00845,-9.688,-6.75,-9.688,-0.2364,0.5312,0.3009,0.7557
1781857588587,69271,-0.92285,-0.00562,0.39746,1.00482,12.5,4.5,-5.125,-0.2343,0.5313,0.2979,0.7575
1781857588645,69329,-0.92285,-0.00562,0.39746,1.00482,12.5,4.5,-5.125,-0.2343,0.5313,0.2979,0.7575
1781857588646,69330,-0.87671,0.00439,0.41968,0.97199,9.625,3.438,-10.25,-0.234,0.5319,0.2961,0.7579
1781857588646,69330,-0.89966,-0.03638,0.38892,0.9808,16.812,-11.875,-16.312,-0.2324,0.5306,0.2902,0.7615
1781857588706,69390,-0.9248,-0.04517,0.38037,1.00099,15.062,-8.812,-17.312,-0.2322,0.5303,0.2894,0.7621
1781857588708,69392,-0.927,-0.04785,0.36743,0.99831,11.938,-5.75,-16.875,-0.2321,0.53,0.2886,0.7626
1781857588708,69392,-0.88257,-0.02661,0.43677,0.98509,2.625,-5.75,-6.75,-0.2329,0.5291,0.2863,0.7639
1781857588765,69449,-0.88818,-0.02954,0.43799,0.99075,3.0,-7.938,-9.0,-0.2329,0.5288,0.286,0.7642
1781857588766,69450,-0.93994,-0.03149,0.4082,1.02524,0.5,-7.688,-11.188,-0.2335,0.5277,0.2857,0.765
1781857588766,69450,-0.98877,0.00806,0.45728,1.08942,-5.75,6.5,4.812,-0.2349,0.5263,0.2857,0.7655
1781857588829,69513,-0.96997,0.03613,0.45605,1.07244,0.375,9.188,1.438,-0.2351,0.5267,0.2858,0.765
1781857588830,69514,-0.91797,-0.02734,0.40576,1.00402,7.125,8.625,6.938,-0.2348,0.5275,0.2854,0.7648
1781857588830,69514,-0.94751,-0.08789,0.40869,1.03563,-40.0,0.0,9.125,-0.2369,0.5256,0.2903,0.7636
1781857588886,69570,-0.94849,-0.05688,0.43115,1.04343,-42.125,1.312,9.062,-0.238,0.5252,0.2916,0.763
1781857588886,69570,-0.95142,-0.04443,0.44458,1.0511,-41.688,2.812,8.625,-0.2392,0.5248,0.2928,0.7625
1781857588887,69571,-0.93774,0.02246,0.43506,1.03399,-37.312,10.688,14.375,-0.2484,0.5232,0.3041,0.7562
1781857588948,69632,-0.93872,0.0542,0.45117,1.04292,-33.938,12.438,14.5,-0.2492,0.5233,0.3052,0.7554
1781857588949,69633,-0.9397,0.06934,0.43579,1.03815,-27.625,13.5,13.75,-0.2499,0.5234,0.3063,0.7546
1781857588950,69634,-0.90308,0.05933,0.32495,0.96159,-9.0,19.812,2.562,-0.2531,0.5292,0.309,0.7484
1781857589007,69691,-0.90405,0.05884,0.3291,0.96389,-7.5,20.125,0.938,-0.2536,0.5298,0.309,0.7478
1781857589007,69691,-0.8916,0.0625,0.32788,0.95203,-6.312,20.062,-0.375,-0.254,0.5303,0.309,0.7473
1781857589012,69696,-0.90991,0.1228,0.30127,0.96632,52.188,7.562,-12.875,-0.2515,0.5361,0.3001,0.7477
1781857589069,69753,-0.91504,0.11841,0.29419,0.96843,57.625,7.938,-12.812,-0.2501,0.5369,0.2984,0.7482
1781857589069,69753,-0.92749,0.11353,0.28906,0.9781,63.125,9.562,-13.25,-0.2484,0.5379,0.2964,0.7488
1781857589070,69754,-0.92749,0.11353,0.28906,0.9781,63.125,9.562,-13.25,-0.2484,0.5379,0.2964,0.7488
1781857589127,69811,-0.84009,0.12402,0.29297,0.89831,105.812,-5.75,-13.875,-0.2241,0.5498,0.2728,0.7568
1781857589128,69812,-0.802,0.15283,0.30518,0.87161,112.25,-18.188,-16.5,-0.219,0.5508,0.2684,0.7592
1781857589128,69812,-0.71899,0.17896,0.37866,0.83208,181.875,-115.062,-49.938,-0.1704,0.5381,0.2335,0.7916
1781857589247,69931,-0.73633,0.10645,0.39771,0.84361,185.875,-123.562,-61.5,-0.1579,0.5326,0.2229,0.8009
1781857589247,69931,-0.74292,0.08936,0.39624,0.84671,185.75,-124.125,-65.0,-0.1549,0.5311,0.2201,0.8032
1781857589247,69931,-0.74292,0.08936,0.39624,0.84671,185.75,-124.125,-65.0,-0.1549,0.5311,0.2201,0.8032
1781857589305,69989,-0.89575,-0.26416,0.68188,1.15634,102.188,-75.875,25.5,-0.1177,0.5062,0.1937,0.8319
1781857589305,69989,-0.87231,-0.22949,0.69312,1.13754,90.875,-68.812,22.312,-0.1133,0.5045,0.1929,0.8338
1781857589307,69991,-0.82471,0.13574,0.39575,0.92476,-13.125,4.25,24.625,-0.1095,0.5085,0.2034,0.8294
1781857589370,70054,-0.83447,0.14453,0.41235,0.94195,-4.625,0.312,24.875,-0.1097,0.5086,0.2066,0.8284
1781857589371,70055,-0.85059,0.16309,0.41724,0.96134,-4.312,0.0,24.062,-0.1093,0.5087,0.2076,0.8282
1781857589371,70055,-0.85059,0.16309,0.41724,0.96134,-4.312,0.0,24.062,-0.1093,0.5087,0.2076,0.8282
1781857589485,70169,-0.89844,0.04248,0.53516,1.04661,14.125,3.25,4.562,-0.1023,0.5115,0.2116,0.8263
1781857589486,70170,-0.90112,0.04102,0.54102,1.05186,12.812,2.875,2.375,-0.1018,0.5117,0.2114,0.8263
1781857589487,70171,-0.90112,0.04102,0.54102,1.05186,12.812,2.875,2.375,-0.1018,0.5117,0.2114,0.8263
1781857589487,70171,-0.85791,0.02026,0.47412,0.98041,39.5,24.625,-28.125,-0.099,0.5158,0.2053,0.8256
1781857589546,70230,-0.83105,0.06567,0.4873,0.96562,25.812,10.688,-24.062,-0.0986,0.5175,0.2019,0.8255
1781857589548,70232,-0.83252,0.11377,0.47192,0.96371,34.75,14.75,-13.375,-0.0945,0.5235,0.1912,0.8247
1781857589548,70232,-0.84546,0.15283,0.49341,0.99076,24.125,28.25,-6.625,-0.0881,0.5324,0.1849,0.8212
1781857589605,70289,-0.83569,0.15845,0.50317,0.98827,28.938,25.0,-9.688,-0.0875,0.5334,0.1839,0.8208
1781857589605,70289,-0.84741,0.16211,0.49927,0.99682,28.812,22.125,-8.688,-0.0868,0.5344,0.1829,0.8205
1781857589606,70290,-0.84741,0.16211,0.49927,0.99682,28.812,22.125,-8.688,-0.0868,0.5344,0.1829,0.8205
1781857589666,70350,-0.86499,0.04614,0.42383,0.96435,14.25,4.875,9.438,-0.0817,0.5404,0.1827,0.8171
1781857589668,70352,-0.86694,0.06177,0.42505,0.96751,16.938,2.812,8.125,-0.081,0.5407,0.1826,0.817
1781857589670,70354,-0.94287,0.11523,0.47876,1.06372,18.5,-39.5,-1.875,-0.0729,0.5338,0.1815,0.8225
1781857589726,70410,-0.92432,0.12354,0.48096,1.04926,15.875,-34.5,-6.0,-0.0723,0.5321,0.1817,0.8237
1781857589726,70410,-0.90161,0.12964,0.48828,1.0335,13.312,-32.688,-9.75,-0.0718,0.531,0.1811,0.8245
1781857589728,70412,-0.88013,0.15967,0.45117,1.00184,3.25,-73.625,9.312,-0.0618,0.5159,0.1799,0.8351
1781857589785,70469,-0.88013,0.15967,0.45117,1.00184,3.25,-73.625,9.312,-0.0618,0.5159,0.1799,0.8351
1781857589790,70474,-0.86133,0.16333,0.48535,1.00206,5.125,-77.938,4.375,-0.0606,0.5105,0.1813,0.8382
1781857589790,70474,-0.74756,0.09595,0.59521,0.96038,8.562,-43.312,7.812,-0.0534,0.4879,0.1845,0.8514
1781857589845,70529,-0.74756,0.09595,0.59521,0.96038,8.562,-43.312,7.812,-0.0534,0.4879,0.1845,0.8514
1781857589848,70532,-0.73242,0.05298,0.60254,0.9499,7.875,-39.0,15.438,-0.0526,0.4857,0.1857,0.8524
1781857589849,70533,-0.69824,0.18286,0.61499,0.94826,-6.812,-73.0,83.0,-0.0372,0.4668,0.2083,0.8585
1781857589905,70589,-0.69824,0.18286,0.61499,0.94826,-6.812,-73.0,83.0,-0.0372,0.4668,0.2083,0.8585
1781857589905,70589,-0.71533,0.17798,0.64307,0.97822,-15.125,-78.312,94.188,-0.033,0.4612,0.2152,0.8601
1781857589907,70591,-0.69434,0.27295,0.63916,0.98241,-20.938,-83.125,86.188,-0.0138,0.432,0.2517,0.8658
1781857589967,70651,-0.69434,0.27295,0.63916,0.98241,-20.938,-83.125,86.188,-0.0138,0.432,0.2517,0.8658
1781857589967,70651,-0.67505,0.28247,0.6499,0.9787,-16.625,-83.25,84.688,-0.0085,0.4239,0.2589,0.8677
1781857589967,70651,-0.7251,0.28369,0.73462,1.07047,11.25,6.062,16.438,0.0056,0.405,0.2788,0.8706
1781857590025,70709,-0.69238,0.28931,0.73291,1.04893,7.562,6.75,11.5,0.0068,0.4058,0.2786,0.8703
1781857590026,70710,-0.67676,0.28369,0.73242,1.03679,3.438,2.5,12.75,0.0072,0.406,0.2789,0.8701
1781857590026,70710,-0.58228,0.31128,0.72021,0.97706,-7.0,1.25,14.562,0.0088,0.4048,0.2821,0.8696
1781857590086,70770,-0.58789,0.32153,0.70508,0.97269,-10.75,-1.625,19.25,0.0088,0.4046,0.2829,0.8695
1781857590087,70771,-0.60132,0.35913,0.65894,0.96164,-14.875,-9.688,26.312,0.0094,0.4041,0.2832,0.8696
1781857590087,70771,-0.59229,0.30078,0.73267,0.98897,-9.875,-51.75,62.562,0.017,0.3889,0.3004,0.8706
1781857590146,70830,-0.59937,0.27124,0.75903,1.00446,-6.625,-48.938,63.188,0.0184,0.3868,0.3029,0.8707
1781857590146,70830,-0.62305,0.24341,0.77051,1.02035,-6.062,-41.188,64.062,0.0213,0.3832,0.3071,0.8707
1781857590148,70832,-0.57788,0.33423,0.6665,0.94334,48.812,22.688,16.0,0.0355,0.3758,0.3212,0.8684
1781857590206,70890,-0.55396,0.29565,0.77271,0.99567,55.375,26.438,7.125,0.0372,0.3774,0.3207,0.8678
1781857590206,70890,-0.57031,0.41455,0.87817,1.12619,30.5,13.438,13.312,0.0405,0.3799,0.319,0.8671
1781857590207,70891,-0.56641,0.39282,0.73169,1.00523,-33.438,-48.562,58.062,0.0474,0.3661,0.3359,0.8664
1781857590267,70951,-0.56055,0.40649,0.73315,1.00845,-35.375,-46.938,59.188,0.0477,0.3637,0.3386,0.8663
1781857590267,70951,-0.55688,0.40503,0.75195,1.01961,-32.0,-44.125,60.0,0.0483,0.3603,0.3424,0.8662
1781857590267,70951,-0.56543,0.27612,0.65552,0.90866,18.062,12.938,2.625,0.051,0.3544,0.3559,0.863
1781857590326,71010,-0.59082,0.16919,0.74707,0.96737,13.938,19.938,0.0,0.0512,0.3552,0.3557,0.8628
1781857590326,71010,-0.57349,0.33887,0.78101,1.02649,9.938,33.438,-7.0,0.0512,0.3577,0.3547,0.8622
1781857590327,71011,-0.49512,0.38599,0.6814,0.92651,154.688,-71.0,10.688,0.0792,0.3654,0.3425,0.8618
1781857590386,71070,-0.47046,0.39893,0.67358,0.91334,158.312,-85.5,10.75,0.0864,0.3646,0.3402,0.8623
1781857590386,71070,-0.46802,0.41431,0.67578,0.92053,159.875,-94.625,11.938,0.0935,0.3635,0.3383,0.8627
1781857590386,71070,-0.48291,0.57837,0.61816,0.9746,187.125,-164.438,4.0,0.1734,0.3447,0.3104,0.8686
1781857590445,71129,-0.45898,0.56934,0.62085,0.9593,186.875,-180.562,15.625,0.1829,0.3405,0.3068,0.8696
1781857590446,71130,-0.42651,0.54761,0.61108,0.92478,194.688,-214.812,32.125,0.2023,0.3306,0.3023,0.8707
1781857590447,71131,-0.11621,0.90601,0.56323,1.07312,218.562,-188.0,18.312,0.3136,0.2675,0.2684,0.8705
1781857590506,71190,-0.14136,0.9375,0.50806,1.07564,222.5,-156.625,8.812,0.324,0.2637,0.264,0.8691
1781857590506,71190,-0.08667,0.92236,0.61108,1.10981,221.25,-116.625,-13.25,0.3378,0.2614,0.2597,0.8659
1781857590507,71191,-0.25854,0.79785,0.65796,1.06598,93.25,-85.062,-44.0,0.3887,0.2553,0.2237,0.8564
1781857590566,71250,-0.23706,0.77832,0.64551,1.03859,84.5,-91.562,-47.25,0.3922,0.2536,0.2196,0.8564
1781857590566,71250,-0.23853,0.78003,0.63672,1.03477,76.125,-93.188,-48.562,0.3954,0.2517,0.2153,0.8565
1781857590566,71250,-0.25464,0.81421,0.58643,1.03522,41.125,-29.375,-7.312,0.4212,0.2419,0.1834,0.8545
1781857590626,71310,-0.29956,0.7959,0.59277,1.03662,34.938,-27.875,-7.0,0.4226,0.2413,0.1823,0.8542
1781857590626,71310,-0.2561,0.79492,0.56519,1.00843,24.812,-29.188,-8.438,0.4249,0.2398,0.1794,0.8541
1781857590688,71372,-0.13257,0.86108,0.41284,0.96409,27.375,5.688,54.312,0.4357,0.2333,0.181,0.8501
1781857590688,71372,-0.16577,0.87744,0.41211,0.98347,29.938,5.875,51.25,0.4381,0.2325,0.1836,0.8485
1781857590692,71376,-0.19385,0.89136,0.43677,1.01137,37.562,10.0,48.688,0.4419,0.231,0.1851,0.8466
1781857590750,71434,-0.09839,0.84912,0.46313,0.9722,43.188,9.688,75.625,0.4629,0.225,0.1997,0.8336
1781857590751,71435,-0.09961,0.86011,0.46069,0.98079,39.875,8.812,76.5,0.465,0.2242,0.2022,0.832
1781857590751,71435,0.01685,0.96436,0.24585,0.99534,26.5,-112.875,70.688,0.4838,0.1999,0.2168,0.8239
1781857590808,71492,0.03076,0.98242,0.23511,1.01063,23.938,-155.375,79.062,0.4882,0.1902,0.2161,0.8237
1781857590808,71492,0.07324,0.99121,0.25732,1.02668,23.812,-175.5,83.0,0.4914,0.1826,0.2152,0.8237
1781857590809,71493,0.07324,0.99121,0.25732,1.02668,23.812,-175.5,83.0,0.4914,0.1826,0.2152,0.8237
1781857590866,71550,-0.2124,0.91064,0.66333,1.14647,-5.75,6.125,35.0,0.5048,0.1428,0.2194,0.8224
1781857590867,71551,-0.14502,0.92993,0.73584,1.19468,-16.562,38.75,5.688,0.5035,0.144,0.2219,0.8223
1781857590867,71551,0.27759,1.06567,0.36548,1.1603,-1.438,151.938,-10.812,0.4664,0.1876,0.2362,0.8314
1781857590925,71609,0.31421,1.05762,0.40234,1.17438,34.312,122.188,-1.688,0.4664,0.1899,0.2373,0.8305
1781857590926,71610,0.23315,1.03662,0.3335,1.11363,77.125,65.375,14.125,0.4683,0.1931,0.2387,0.8283
1781857590926,71610,0.07056,0.75732,0.44751,0.88249,-32.25,20.875,-0.625,0.4674,0.2012,0.2507,0.8233
1781857590986,71670,0.01196,0.75684,0.47266,0.89238,-24.625,8.312,-12.875,0.4663,0.2015,0.2509,0.8239
1781857590986,71670,-0.05273,0.77393,0.44556,0.89457,-15.812,-4.625,-26.938,0.4654,0.2017,0.2501,0.8245
1781857590988,71672,-0.15112,1.06787,0.4021,1.15103,44.0,-42.625,-69.688,0.4751,0.1992,0.2159,0.8292
1781857591045,71729,-0.03174,1.64526,0.21997,1.66021,50.438,-23.938,-55.688,0.4771,0.1998,0.2128,0.8288
1781857591045,71729,0.12329,1.61719,0.17358,1.63114,91.125,-11.188,-5.375,0.4802,0.2004,0.2113,0.8273
1781857591046,71730,-0.23438,1.07422,0.18921,1.11565,4.562,84.375,30.75,0.5025,0.2108,0.2341,0.805
1781857591113,71797,-0.28345,1.04688,0.24634,1.11219,3.938,65.688,27.0,0.5021,0.2128,0.2365,0.804
1781857591113,71797,-0.29492,1.01929,0.25439,1.09117,0.312,39.5,20.312,0.502,0.2141,0.2382,0.8032
1781857591113,71797,-0.29492,1.01929,0.25439,1.09117,0.312,39.5,20.312,0.502,0.2141,0.2382,0.8032
1781857591165,71849,-0.16943,0.948,0.41895,1.0502,-14.688,-27.5,151.0,0.5081,0.1886,0.2522,0.8015
1781857591166,71850,-0.15283,0.93506,0.38452,1.02252,-13.5,-32.25,174.188,0.5093,0.1838,0.2574,0.8002
1781857591167,71851,0.36304,0.78442,0.38916,0.94793,25.188,-74.375,150.875,0.5338,0.1159,0.3135,0.7766
1781857591229,71913,0.27026,0.81592,0.37036,0.93591,32.062,-86.062,138.938,0.5366,0.1103,0.3162,0.7744
1781857591235,71919,0.29321,0.84253,0.38599,0.97202,39.188,-90.375,128.75,0.5397,0.1047,0.3183,0.7721
1781857591236,71920,0.29321,0.84253,0.38599,0.97202,39.188,-90.375,128.75,0.5397,0.1047,0.3183,0.7721
1781857591287,71971,0.31641,1.32422,0.34912,1.40554,134.688,-55.562,-53.625,0.5761,0.0764,0.3121,0.7514
1781857591287,71971,0.28784,1.33643,0.32812,1.4059,128.312,-69.188,-12.938,0.5812,0.0766,0.3093,0.7486
1781857591287,71971,0.28784,1.33643,0.32812,1.4059,128.312,-69.188,-12.938,0.5812,0.0766,0.3093,0.7486
1781857591352,72036,0.47217,0.9939,0.09448,1.1044,113.0,-83.875,90.938,0.6443,0.0462,0.2991,0.7022
1781857591353,72037,0.44238,1.00317,0.04688,1.09739,102.125,-74.812,92.562,0.6487,0.0427,0.2994,0.6981
1781857591353,72037,0.44629,0.78491,0.47241,1.01904,72.375,-15.0,79.375,0.6732,0.0215,0.3179,0.6671
1781857591405,72089,0.44629,0.78491,0.47241,1.01904,72.375,-15.0,79.375,0.6732,0.0215,0.3179,0.6671
1781857591407,72091,0.24072,0.83008,0.55273,1.02591,68.375,-32.375,77.5,0.6753,0.0186,0.3182,0.6649
1781857591412,72096,0.24072,0.83008,0.55273,1.02591,68.375,-32.375,77.5,0.6753,0.0186,0.3182,0.6649
1781857591471,72155,0.24072,0.83008,0.55273,1.02591,68.375,-32.375,77.5,0.6753,0.0186,0.3182,0.6649
1781857591471,72155,0.5459,0.80664,0.01196,0.97407,29.938,73.75,42.75,0.6983,0.0048,0.3433,0.6279
1781857591472,72156,0.50732,0.72778,-0.06006,0.88919,5.938,-5.375,7.875,0.6998,0.002,0.3522,0.6212
1781857591525,72209,0.55103,0.71851,-0.03076,0.90599,1.438,-7.25,6.875,0.7,0.0014,0.3522,0.621
1781857591525,72209,0.55713,0.72656,-0.02563,0.91594,-3.5,-12.0,6.062,0.7001,0.0008,0.3521,0.621
1781857591529,72213,0.50537,0.78906,0.04004,0.93788,9.625,6.812,14.062,0.7004,-0.0061,0.3511,0.6211
1781857591587,72271,0.49731,0.78589,0.09546,0.93491,12.0,9.688,11.25,0.7004,-0.0057,0.3521,0.6206
1781857591588,72272,0.47559,0.8064,0.08691,0.94022,13.875,15.75,10.25,0.7006,-0.0054,0.3527,0.6201
1781857591588,72272,0.60718,0.93408,0.01221,1.11415,-27.125,28.812,3.25,0.6943,-0.0006,0.3618,0.6218
1781857591646,72330,0.60718,0.93408,0.01221,1.11415,-27.125,28.812,3.25,0.6943,-0.0006,0.3618,0.6218
1781857591651,72335,0.61743,0.99561,0.02026,1.17169,-30.312,32.125,7.812,0.6918,0.0001,0.3644,0.6232
1781857591651,72335,0.70605,0.97632,0.03882,1.20549,3.312,95.688,-29.0,0.6757,0.0028,0.3834,0.6293
1781857591707,72391,0.70435,0.83032,0.16577,1.10137,53.188,156.188,-149.875,0.6729,0.0172,0.386,0.6306
1781857591707,72391,0.49512,0.87012,0.22314,1.02569,66.812,156.438,-216.812,0.6717,0.0285,0.385,0.632
1781857591707,72391,0.43066,0.7356,0.1438,0.86444,15.375,132.188,-92.562,0.6582,0.1099,0.3659,0.6484
1781857591765,72449,0.43066,0.7356,0.1438,0.86444,15.375,132.188,-92.562,0.6582,0.1099,0.3659,0.6484
1781857591765,72449,0.35938,0.71973,0.13306,0.81539,19.312,118.312,-100.125,0.6547,0.1208,0.3653,0.6504
1781857591828,72512,0.3667,0.95386,0.1145,1.02831,-42.688,104.938,-60.625,0.6284,0.1618,0.3772,0.6606
1781857591833,72517,0.3667,0.95386,0.1145,1.02831,-42.688,104.938,-60.625,0.6284,0.1618,0.3772,0.6606
1781857591834,72518,0.3147,0.93848,0.10547,0.99544,-25.5,107.812,-53.812,0.6219,0.1711,0.3815,0.662
1781857591885,72569,0.22949,1.02832,0.10107,1.05845,-43.75,96.0,-32.688,0.5938,0.2032,0.3996,0.6679
1781857591887,72571,0.18921,0.95654,0.13062,0.98379,-32.812,100.375,-29.062,0.5858,0.212,0.406,0.6684
1781857591887,72571,0.11084,0.91211,0.20142,0.94064,-49.312,96.375,-11.812,0.5545,0.2406,0.4296,0.6707
1781857591949,72633,0.12598,0.92212,0.20166,0.95228,-45.125,96.312,-8.812,0.5513,0.2427,0.432,0.671
1781857591950,72634,0.13818,0.91309,0.22021,0.94938,-37.25,98.75,-10.25,0.5458,0.2479,0.4378,0.6698
1781857591950,72634,0.14282,0.86182,0.28809,0.91985,4.812,117.062,-54.0,0.5166,0.2832,0.4578,0.6656
1781857592009,72693,0.14282,0.86182,0.28809,0.91985,4.812,117.062,-54.0,0.5166,0.2832,0.4578,0.6656
1781857592010,72694,0.12573,0.82666,0.22876,0.86689,18.0,124.5,-71.062,0.5108,0.294,0.4597,0.6641
1781857592011,72695,-0.19629,0.96753,0.32031,1.0379,49.875,32.375,-141.688,0.4795,0.3602,0.4478,0.663
1781857592065,72749,-0.19629,0.96753,0.32031,1.0379,49.875,32.375,-141.688,0.4795,0.3602,0.4478,0.663
1781857592065,72749,-0.07764,1.13867,0.2749,1.17396,52.5,-8.0,-107.312,0.4783,0.3678,0.44,0.6649
1781857592066,72750,-0.16333,0.91846,0.18677,0.95138,-42.75,28.875,-161.375,0.4494,0.3948,0.4247,0.6793
1781857592125,72809,-0.19531,0.92236,0.12769,0.95142,-34.5,18.25,-174.125,0.4451,0.3981,0.4207,0.6827
1781857592126,72810,-0.20508,0.91455,0.0813,0.94078,-27.125,9.625,-181.188,0.4375,0.4046,0.416,0.6867
1781857592185,72869,-0.32373,0.97534,0.29492,1.06915,-37.625,-5.438,-119.812,0.4022,0.4271,0.3862,0.7117
1781857592186,72870,-0.29517,0.93555,0.2688,1.01716,-39.25,-4.938,-114.875,0.3989,0.4283,0.3832,0.7143
1781857592186,72870,-0.30469,0.87524,0.19629,0.94732,-39.0,-10.688,-107.5,0.3916,0.4313,0.3795,0.7186
1781857592187,72871,-0.36597,0.82544,0.15649,0.91639,-8.25,-18.312,-50.438,0.3729,0.441,0.3612,0.7319
1781857592246,72930,-0.36597,0.82544,0.15649,0.91639,-8.25,-18.312,-50.438,0.3729,0.441,0.3612,0.7319
1781857592246,72930,-0.38892,0.87036,0.17651,0.96951,-9.25,-22.875,-46.812,0.3721,0.441,0.3594,0.7332
1781857592251,72935,-0.2832,0.90625,0.30371,0.99686,53.188,-3.25,-9.562,0.3802,0.4445,0.3455,0.7336
1781857592305,72989,-0.2832,0.90625,0.30371,0.99686,53.188,-3.25,-9.562,0.3802,0.4445,0.3455,0.7336
1781857592306,72990,-0.28882,0.90405,0.33301,1.00579,24.75,4.375,-23.625,0.3806,0.4464,0.3447,0.7327
1781857592306,72990,-0.38989,0.83447,0.17505,0.93755,-67.562,-24.562,-54.625,0.3523,0.4448,0.3383,0.7505
1781857592365,73049,-0.38989,0.83447,0.17505,0.93755,-67.562,-24.562,-54.625,0.3523,0.4448,0.3383,0.7505
1781857592368,73052,-0.42334,0.86987,0.16553,0.98148,-52.125,-27.375,-44.875,0.3488,0.4435,0.3369,0.7535
1781857592368,73052,-0.45679,0.89648,0.29126,1.04746,-43.062,13.0,-34.188,0.3299,0.442,0.3349,0.7638
1781857592426,73110,-0.42773,0.86597,0.31006,1.01439,-45.188,14.875,-23.625,0.3267,0.4423,0.3351,0.7648
1781857592427,73111,-0.39038,0.823,0.28882,0.95558,-44.688,2.938,-2.812,0.3225,0.4424,0.3372,0.7657
1781857592427,73111,-0.29053,0.87061,0.40405,1.00281,-103.75,-51.562,110.375,0.3139,0.4171,0.3604,0.773
1781857592485,73169,-0.29053,0.87061,0.40405,1.00281,-103.75,-51.562,110.375,0.3139,0.4171,0.3604,0.773
1781857592485,73169,-0.33789,0.87915,0.44971,1.0437,-89.688,-70.188,133.812,0.3139,0.4014,0.3757,0.7739
1781857592490,73174,-0.38794,0.80688,0.4314,0.99381,-78.188,-77.0,46.0,0.3128,0.3549,0.4099,0.7797
1781857592545,73229,-0.45068,0.80566,0.3916,1.00278,-66.562,-84.75,20.0,0.3123,0.3507,0.4107,0.7814
1781857592545,73229,-0.51807,0.80859,0.35107,1.02248,-46.938,-93.812,-9.875,0.3121,0.3469,0.41,0.7835
1781857592611,73295,-0.21143,0.92114,0.64746,1.1456,84.812,-54.688,-29.875,0.333,0.3405,0.3812,0.7922
1781857592611,73295,-0.21143,0.92114,0.64746,1.1456,84.812,-54.688,-29.875,0.333,0.3405,0.3812,0.7922
1781857592611,73295,-0.2019,0.9353,0.64453,1.15368,83.562,-56.312,-28.812,0.3363,0.3403,0.3782,0.7923
1781857592612,73296,-0.18286,0.94531,0.67847,1.17787,56.062,-31.312,-1.188,0.3676,0.3331,0.3577,0.791
1781857592665,73349,-0.1665,0.94824,0.67773,1.17737,28.438,-31.188,-5.875,0.3702,0.3324,0.356,0.7908
1781857592665,73349,-0.15015,0.96826,0.70093,1.20473,9.75,-32.812,-9.375,0.371,0.3316,0.3551,0.7912
1781857592666,73350,-0.10205,0.79541,0.50366,0.94698,6.688,-20.75,-21.625,0.3734,0.3208,0.3442,0.7993
1781857592731,73415,-0.11841,0.81421,0.49585,0.96064,-0.688,-25.938,-27.062,0.3735,0.3201,0.3424,0.8003
1781857592731,73415,-0.12695,0.8335,0.4873,0.97381,-5.312,-32.0,-30.938,0.3735,0.3194,0.3405,0.8013
1781857592731,73415,-0.06689,0.83984,0.52612,0.99329,3.188,-47.062,-23.312,0.3733,0.3103,0.3283,0.8101
1781857592790,73474,-0.10547,0.86084,0.51929,1.01086,3.75,-46.0,-22.25,0.3738,0.3091,0.3267,0.811
1781857592790,73474,-0.13696,0.86475,0.51685,1.0167,4.562,-42.25,-21.25,0.3743,0.3079,0.3253,0.8118
1781857592791,73475,-0.08447,0.92627,0.43628,1.02735,8.188,-33.062,-28.938,0.3767,0.2996,0.3127,0.8187
1781857592844,73528,-0.08447,0.92627,0.43628,1.02735,8.188,-33.062,-28.938,0.3767,0.2996,0.3127,0.8187
1781857592845,73529,-0.06299,0.90625,0.43799,1.00851,19.812,-32.312,-28.25,0.3778,0.2988,0.3102,0.8195
1781857592847,73531,-0.07666,0.75562,0.6189,0.97973,54.938,4.75,-43.812,0.3937,0.3043,0.2888,0.8177
1781857592910,73594,-0.07642,0.74512,0.62085,0.97288,47.062,8.562,-44.375,0.3948,0.3059,0.2868,0.8173
1781857592910,73594,-0.07617,0.7356,0.61621,0.96261,37.188,11.312,-43.625,0.3955,0.3074,0.285,0.8171
1781857592910,73594,-0.15869,0.71216,0.49854,0.88368,-29.125,15.812,-26.562,0.3861,0.3162,0.2774,0.8208
1781857593025,73709,-0.1687,0.71948,0.45874,0.8698,-23.625,13.625,-22.75,0.384,0.3171,0.277,0.8215
1781857593031,73715,-0.17358,0.72656,0.43604,0.86496,-18.688,12.875,-20.875,0.3829,0.3176,0.2768,0.822
1781857593036,73720,-0.25171,0.81763,0.46191,0.97223,30.625,20.812,-28.938,0.3829,0.3276,0.27,0.8203
1781857593037,73721,-0.25659,0.81006,0.44995,0.9615,32.438,22.125,-32.375,0.3834,0.3292,0.2688,0.8198
1781857593087,73771,-0.27319,0.80957,0.4314,0.95715,33.938,23.25,-34.875,0.3839,0.331,0.2675,0.8193
1781857593087,73771,-0.34106,0.76025,0.35474,0.90562,8.25,-33.062,3.812,0.3908,0.337,0.2583,0.8165
1781857593088,73772,-0.34644,0.86035,0.41406,1.01571,22.688,-69.625,-9.0,0.3995,0.3135,0.2466,0.8253
1781857593145,73829,-0.34521,0.86523,0.41577,1.02013,27.5,-70.812,-9.562,0.4011,0.3115,0.2447,0.8258
1781857593145,73829,-0.34619,0.87476,0.41968,1.03013,32.25,-72.375,-9.75,0.4028,0.3095,0.2427,0.8263
1781857593146,73830,-0.34619,0.87476,0.41968,1.03013,32.25,-72.375,-9.75,0.4028,0.3095,0.2427,0.8263
1781857593208,73892,-0.33252,0.87256,0.31812,0.98647,68.438,-97.812,6.25,0.428,0.2877,0.2224,0.8272
1781857593208,73892,-0.31958,0.87598,0.32788,0.98842,69.312,-101.125,9.688,0.4315,0.2847,0.22,0.8271
1781857593211,73895,-0.31958,0.87598,0.32788,0.98842,69.312,-101.125,9.688,0.4315,0.2847,0.22,0.8271
1781857593267,73951,-0.27246,1.05444,0.27466,1.12318,74.375,-103.688,4.062,0.4697,0.2452,0.1932,0.8256
1781857593271,73955,-0.26025,1.05103,0.26636,1.11505,83.375,-98.438,5.125,0.4736,0.2423,0.1905,0.8249
1781857593271,73955,-0.26025,1.05103,0.26636,1.11505,83.375,-98.438,5.125,0.4736,0.2423,0.1905,0.8249
1781857593326,74010,-0.26025,1.05103,0.26636,1.11505,83.375,-98.438,5.125,0.4736,0.2423,0.1905,0.8249
1781857593326,74010,-0.18774,0.98462,0.14038,1.01214,157.375,-134.938,27.75,0.5306,0.21,0.1585,0.8056
1781857593326,74010,-0.18774,0.98462,0.14038,1.01214,157.375,-134.938,27.75,0.5306,0.21,0.1585,0.8056
1781857593387,74071,-0.15479,0.89404,0.14941,0.91956,99.562,-115.25,4.438,0.6063,0.1614,0.1192,0.7694
1781857593387,74071,-0.14795,0.90381,0.1228,0.92403,87.25,-116.062,-5.688,0.6098,0.1582,0.1154,0.7678
1781857593388,74072,-0.14795,0.90381,0.1228,0.92403,87.25,-116.062,-5.688,0.6098,0.1582,0.1154,0.7678
1781857593507,74191,-0.08472,0.94653,0.16577,0.96467,86.5,-132.25,-15.75,0.6405,0.1208,0.0642,0.7555
1781857593507,74191,-0.08862,0.96411,0.16309,0.98182,95.438,-133.938,-11.625,0.6438,0.1171,0.0596,0.7537
1781857593510,74194,-0.08862,0.96411,0.16309,0.98182,95.438,-133.938,-11.625,0.6438,0.1171,0.0596,0.7537
1781857593511,74195,-0.08862,0.96411,0.16309,0.98182,95.438,-133.938,-11.625,0.6438,0.1171,0.0596,0.7537
1781857593565,74249,-0.0603,0.92749,0.03149,0.92998,192.75,-110.312,6.375,0.6898,0.0794,0.0169,0.7193
1781857593566,74250,-0.16235,0.72144,-0.08374,0.7442,31.438,-58.188,8.562,0.7374,0.0382,-0.0234,0.6738
1781857593625,74309,-0.30005,0.76709,-0.34766,0.89405,84.875,-54.75,23.25,0.7453,0.0031,-0.0476,0.6648
1781857593625,74309,-0.27979,0.71899,-0.32764,0.8382,93.938,-56.188,21.938,0.7491,-0.0039,-0.0526,0.6602
1781857593626,74310,-0.25635,0.69336,-0.31445,0.80333,93.062,-56.062,24.375,0.7517,-0.0064,-0.0538,0.6571
1781857593687,74371,-0.19507,0.75171,-0.49756,0.92232,52.125,-88.188,83.188,0.7687,-0.0468,-0.0697,0.6339
1781857593687,74371,-0.15039,0.80371,-0.57324,0.99859,37.625,-80.0,130.25,0.7699,-0.063,-0.0723,0.6307
1781857593687,74371,-0.15039,0.80371,-0.57324,0.99859,37.625,-80.0,130.25,0.7699,-0.063,-0.0723,0.6307
1781857593744,74428,-0.04419,0.89404,-0.86938,1.24784,-31.0,-97.75,223.562,0.7501,-0.1806,-0.0358,0.635
1781857593745,74429,-0.01904,0.89526,-0.8894,1.2621,-26.875,-104.812,203.0,0.7478,-0.1901,-0.0336,0.6351
1781857593746,74430,0.28101,0.96851,-0.87695,1.33642,5.375,-162.875,87.562,0.7338,-0.2643,-0.0503,0.6235
1781857593806,74490,0.28101,0.96851,-0.87695,1.33642,5.375,-162.875,87.562,0.7338,-0.2643,-0.0503,0.6235
1781857593813,74497,0.31958,0.9126,-0.88086,1.30801,9.688,-179.062,95.688,0.7301,-0.2834,-0.0593,0.6187
1781857593813,74497,0.44678,0.86816,-0.74609,1.22881,61.562,-224.375,118.188,0.7158,-0.3742,-0.0912,0.5823
1781857593866,74550,0.44678,0.86816,-0.74609,1.22881,61.562,-224.375,118.188,0.7158,-0.3742,-0.0912,0.5823
1781857593867,74551,0.45654,0.82788,-0.74121,1.20134,72.812,-232.812,108.188,0.7128,-0.3948,-0.0986,0.571
1781857593867,74551,0.40576,0.54272,-0.9939,1.20292,108.938,-222.312,116.875,0.701,-0.4988,-0.1309,0.4923
1781857593927,74611,0.40576,0.54272,-0.9939,1.20292,108.938,-222.312,116.875,0.701,-0.4988,-0.1309,0.4923
1781857593928,74612,0.45044,0.47412,-0.88574,1.10101,83.062,-199.875,104.375,0.6972,-0.516,-0.135,0.4786
1781857593933,74617,0.56982,0.65112,-0.76709,1.15633,81.188,-204.688,24.812,0.6793,-0.583,-0.1642,0.4142
1781857593985,74669,0.56982,0.65112,-0.76709,1.15633,81.188,-204.688,24.812,0.6793,-0.583,-0.1642,0.4142
1781857593985,74669,0.5542,0.68677,-0.75562,1.16178,81.562,-208.625,11.875,0.6767,-0.5941,-0.1724,0.3989
1781857593991,74675,0.33569,0.47339,-0.98047,1.13934,-13.75,-249.125,89.125,0.6459,-0.6507,-0.2206,0.3323
1781857594047,74731,0.33569,0.47339,-0.98047,1.13934,-13.75,-249.125,89.125,0.6459,-0.6507,-0.2206,0.3323
1781857594047,74731,0.39258,0.5271,-0.98511,1.18422,-23.062,-222.062,93.0,0.632,-0.6657,-0.2349,0.3193
1781857594048,74732,0.42529,0.698,-0.82568,1.16182,-59.625,-151.125,44.688,0.5836,-0.7086,-0.2808,0.2794
1781857594105,74789,0.42529,0.698,-0.82568,1.16182,-59.625,-151.125,44.688,0.5836,-0.7086,-0.2808,0.2794
1781857594105,74789,0.43018,0.73828,-0.86035,1.21257,-70.375,-154.25,58.062,0.5732,-0.7147,-0.2918,0.2742
1781857594106,74790,0.43018,0.73828,-0.86035,1.21257,-70.375,-154.25,58.062,0.5732,-0.7147,-0.2918,0.2742
1781857594225,74909,0.42334,0.76685,-0.74927,1.15268,43.938,-195.125,123.0,0.5127,-0.7611,-0.3273,0.2247
1781857594225,74909,0.42871,0.79712,-0.55493,1.06167,52.375,-171.438,101.75,0.4981,-0.773,-0.3304,0.2121
1781857594226,74910,0.22119,0.91968,-0.53223,1.08536,102.062,-132.188,28.188,0.463,-0.8093,-0.3259,0.1555
1781857594227,74911,0.22119,0.91968,-0.53223,1.08536,102.062,-132.188,28.188,0.463,-0.8093,-0.3259,0.1555
1781857594285,74969,0.12964,0.89331,-0.61377,1.09157,95.812,-141.625,23.438,0.4571,-0.8162,-0.324,0.1398
1781857594285,74969,-0.09717,0.93481,-0.81323,1.24285,82.562,-197.25,25.75,0.4315,-0.8385,-0.3243,0.0728
1781857594287,74971,-0.30566,0.86328,-0.77734,1.20123,-52.188,-167.688,68.312,-0.3769,0.8494,0.3691,0.0029
1781857594345,75029,-0.28052,0.83936,-0.76123,1.16734,-44.625,-163.875,66.062,-0.3719,0.8496,0.3735,0.007
1781857594345,75029,-0.26172,0.79932,-0.74072,1.12075,-36.875,-162.938,64.812,-0.3665,0.8501,0.3776,0.0114
1781857594346,75030,-0.25635,0.56445,-0.76221,0.98249,-25.938,-200.812,88.75,-0.3162,0.854,0.4092,0.0549
1781857594406,75090,-0.28271,0.55249,-0.71655,0.94796,-38.938,-208.0,92.438,-0.3059,0.8541,0.4155,0.0632
1781857594407,75091,-0.30884,0.58496,-0.58984,0.88627,-62.062,-203.562,92.562,-0.2932,0.8529,0.4254,0.0728
1781857594408,75092,-0.36865,0.64429,-0.5415,0.91882,16.938,-216.875,120.0,-0.2197,0.8493,0.4642,0.121
1781857594465,75149,-0.37061,0.62354,-0.53711,0.90257,23.125,-216.875,121.5,-0.2108,0.8497,0.4661,0.1267
1781857594465,75149,-0.37012,0.6001,-0.51025,0.87032,33.188,-218.875,130.0,-0.1983,0.8502,0.4686,0.1346
1781857594468,75152,-0.41626,0.67065,-0.34668,0.86211,-175.125,-156.562,172.062,-0.1207,0.8388,0.5062,0.1596
1781857594525,75209,-0.39795,0.69336,-0.38062,0.88543,-183.875,-155.438,173.75,-0.1082,0.8324,0.5189,0.1609
1781857594525,75209,-0.36401,0.74976,-0.36572,0.91016,-161.562,-169.375,179.375,-0.0911,0.8238,0.5351,0.1627
1781857594526,75210,-0.19238,0.92603,-0.18604,0.96392,-33.938,-186.625,119.438,-0.0133,0.7943,0.5798,0.1801
1781857594589,75273,-0.19238,0.92603,-0.18604,0.96392,-33.938,-186.625,119.438,-0.0133,0.7943,0.5798,0.1801
1781857594590,75274,-0.2334,0.90967,-0.16943,0.95429,-7.375,-173.938,100.875,-0.0054,0.7926,0.5812,0.1835
1781857594590,75274,-0.28369,1.00684,-0.26538,1.07918,41.438,-107.75,0.625,0.0439,0.7929,0.5675,0.2174
1781857594649,75333,-0.26221,0.97949,-0.26245,1.0474,38.812,-105.375,-5.0,0.0467,0.7928,0.5659,0.221
1781857594649,75333,-0.26123,0.95825,-0.25684,1.02589,35.188,-104.0,-6.688,0.0494,0.7927,0.5643,0.2246
1781857594705,75389,-0.29956,0.95605,-0.24707,1.0319,20.188,-92.5,13.625,0.069,0.7893,0.5559,0.251
1781857594706,75390,-0.31592,0.95874,-0.22095,1.03335,19.812,-91.5,15.625,0.0734,0.7883,0.5548,0.2551
1781857594706,75390,-0.29175,0.97266,-0.21729,1.03846,20.188,-94.438,16.562,0.0797,0.7869,0.5531,0.2611
1781857594706,75390,-0.33374,0.90454,-0.1748,0.97986,22.812,-98.25,5.438,0.1073,0.7799,0.5451,0.288
1781857594765,75449,-0.32373,0.92285,-0.18311,0.99498,22.25,-97.5,4.5,0.1101,0.7791,0.5439,0.2911
1781857594765,75449,-0.36401,0.89062,-0.146,0.97316,20.688,-96.812,1.562,0.113,0.7781,0.5426,0.2952
1781857594766,75450,-0.36401,0.89062,-0.146,0.97316,20.688,-96.812,1.562,0.113,0.7781,0.5426,0.2952
1781857594829,75513,-0.34253,0.91382,-0.16577,0.98988,23.125,-78.25,-0.938,0.1303,0.7727,0.5327,0.3192
1781857594829,75513,-0.43579,0.90869,-0.2478,1.03781,25.625,-91.438,-8.375,0.1342,0.7714,0.53,0.3251
1781857594829,75513,-0.28979,0.90112,-0.15942,0.95991,22.125,-81.75,3.625,0.1567,0.7639,0.5174,0.3519
1781857594887,75571,-0.28345,0.91772,-0.17041,0.9755,22.0,-79.688,3.438,0.159,0.7631,0.5162,0.3543
1781857594887,75571,-0.28223,0.94629,-0.15356,0.99935,16.688,-72.062,4.062,0.161,0.7621,0.5152,0.3572
1781857594887,75571,-0.36646,0.94629,-0.13354,1.02352,-23.438,-72.375,2.188,0.1708,0.7517,0.5149,0.3748
1781857594945,75629,-0.42651,1.0022,-0.10913,1.09463,-18.75,-81.438,-2.562,0.1722,0.7499,0.515,0.3775
1781857594945,75629,-0.42383,1.02637,-0.08569,1.11373,-20.562,-94.812,-23.688,0.1734,0.7481,0.5147,0.381
1781857594949,75633,-0.41577,0.97803,-0.08618,1.06622,9.812,-63.062,28.438,0.1852,0.7344,0.5144,0.4019
1781857595005,75689,-0.41797,0.98535,-0.09131,1.07422,11.438,-63.25,33.5,0.1878,0.7333,0.5141,0.403
1781857595005,75689,-0.41724,0.99536,-0.09546,1.08349,13.5,-61.562,36.188,0.1905,0.7321,0.5139,0.4041
1781857595006,75690,-0.41724,0.99536,-0.09546,1.08349,13.5,-61.562,36.188,0.1905,0.7321,0.5139,0.4041
1781857595067,75751,-0.35791,0.98682,-0.11182,1.05566,4.688,-45.812,37.375,0.2094,0.7238,0.5136,0.4102
1781857595067,75751,-0.36133,1.0144,-0.14038,1.08595,5.5,-45.312,37.875,0.2128,0.7222,0.5137,0.4109
1781857595068,75752,-0.36133,1.0144,-0.14038,1.08595,5.5,-45.312,37.875,0.2128,0.7222,0.5137,0.4109
1781857595125,75809,-0.26001,0.93921,-0.11011,0.98074,9.938,-37.438,35.562,0.2345,0.7109,0.517,0.4147
1781857595125,75809,-0.26636,0.93774,-0.11157,0.9812,11.125,-36.0,33.5,0.2366,0.7102,0.5169,0.4149
1781857595126,75810,-0.29517,0.90796,-0.052,0.95615,9.062,-31.688,19.188,0.2513,0.705,0.5166,0.4156
1781857595185,75869,-0.29565,0.92822,-0.06885,0.9766,8.375,-29.375,18.062,0.2527,0.7045,0.5163,0.416
1781857595186,75870,-0.31055,0.94482,-0.08813,0.99845,8.562,-27.688,17.938,0.254,0.7039,0.5161,0.4163
1781857595186,75870,-0.31055,0.94482,-0.08813,0.99845,8.562,-27.688,17.938,0.254,0.7039,0.5161,0.4163
1781857595245,75929,-0.31055,0.94482,-0.08813,0.99845,8.562,-27.688,17.938,0.254,0.7039,0.5161,0.4163
1781857595245,75929,-0.2561,0.97339,-0.052,1.00786,11.25,-15.688,8.938,0.2621,0.7012,0.5149,0.4173
1781857595246,75930,-0.27197,0.97144,-0.04712,1.00989,8.188,-3.438,13.5,0.2669,0.7012,0.5143,0.4151
1781857595306,75990,-0.26855,0.96289,-0.03589,1.00028,9.562,-3.688,15.312,0.2683,0.701,0.5143,0.4145
1781857595307,75991,-0.27124,0.95068,-0.03906,0.98939,10.0,-3.188,15.625,0.2692,0.7011,0.5145,0.4135
1781857595307,75991,-0.27124,0.95068,-0.03906,0.98939,10.0,-3.188,15.625,0.2692,0.7011,0.5145,0.4135
1781857595365,76049,-0.26831,0.96362,-0.0127,1.00036,6.75,-0.312,14.688,0.2738,0.701,0.5155,0.4094
1781857595366,76050,-0.27759,0.96021,-0.01636,0.99966,7.125,-0.438,14.0,0.2743,0.7009,0.5156,0.409
1781857595367,76051,-0.27466,0.98511,-0.03589,1.02331,9.5,-2.125,3.562,0.2777,0.7014,0.5153,0.4062
1781857595427,76111,-0.27466,0.98511,-0.03589,1.02331,9.5,-2.125,3.562,0.2777,0.7014,0.5153,0.4062
1781857595427,76111,-0.28125,0.99219,-0.03564,1.0319,9.125,-3.188,1.562,0.2767,0.7021,0.5157,0.4052
1781857595427,76111,-0.28125,0.99219,-0.03564,1.0319,9.125,-3.188,1.562,0.2767,0.7021,0.5157,0.4052
1781857595484,76168,-0.30103,0.99438,-0.05347,1.04032,9.75,-13.188,12.5,0.2813,0.7023,0.513,0.4052
1781857595485,76169,-0.29932,0.99268,-0.05566,1.03831,8.938,-13.688,12.75,0.2821,0.7021,0.5128,0.4052
1781857595486,76170,-0.29932,0.99268,-0.05566,1.03831,8.938,-13.688,12.75,0.2821,0.7021,0.5128,0.4052
1781857595545,76229,-0.29932,0.99268,-0.05566,1.03831,8.938,-13.688,12.75,0.2821,0.7021,0.5128,0.4052
1781857595546,76230,-0.2583,0.94922,-0.09692,0.9885,14.75,-23.75,17.5,0.2905,0.7,0.5108,0.4056
1781857595547,76231,-0.18018,0.97876,-0.1062,1.00086,10.688,-7.312,17.0,0.3054,0.6972,0.508,0.4028
1781857595605,76289,-0.17603,0.98926,-0.10254,1.01001,9.75,-4.938,15.312,0.3062,0.6971,0.5079,0.4025
1781857595605,76289,-0.17139,1.00269,-0.11133,1.0233,8.062,-2.688,12.938,0.3068,0.697,0.5079,0.4022
1781857595606,76290,-0.25562,1.03027,-0.15942,1.07341,-0.312,2.5,-18.875,0.3045,0.6986,0.5078,0.4013
1781857595667,76351,-0.2749,1.00903,-0.14868,1.05633,0.0,-0.062,-21.0,0.3035,0.699,0.5073,0.402
1781857595667,76351,-0.29419,0.99854,-0.15308,1.05217,0.312,-1.875,-20.75,0.3029,0.6993,0.5069,0.4025
1781857595667,76351,-0.29395,0.9021,-0.15625,0.96156,1.562,-6.312,24.688,0.3028,0.6993,0.5062,0.4034
1781857595726,76410,-0.29395,0.9021,-0.15625,0.96156,1.562,-6.312,24.688,0.3028,0.6993,0.5062,0.4034
1781857595727,76411,-0.27466,0.87158,-0.13403,0.92361,0.625,-4.375,33.5,0.3044,0.6986,0.5073,0.4021
1781857595727,76411,-0.14502,0.89404,-0.14575,0.91738,3.688,-0.438,11.688,0.3119,0.6956,0.5133,0.3938
1781857595785,76469,-0.14819,0.8999,-0.15308,0.92478,2.312,-3.375,-1.375,0.3122,0.6956,0.5133,0.3936
1781857595785,76469,-0.146,0.90869,-0.16504,0.93503,0.312,-4.688,-8.188,0.3121,0.6956,0.5131,0.3939
1781857595786,76470,-0.16187,0.95972,-0.19238,0.9921,-7.438,-4.0,-45.062,0.303,0.6981,0.5084,0.4024
1781857595850,76534,-0.16187,0.95972,-0.19238,0.9921,-7.438,-4.0,-45.062,0.303,0.6981,0.5084,0.4024
1781857595850,76534,-0.17212,0.96729,-0.1936,1.00137,-8.5,-1.75,-43.812,0.3001,0.699,0.5081,0.4036
1781857595850,76534,-0.25317,0.97974,-0.16821,1.0258,-8.5,14.125,-23.062,0.2872,0.7022,0.5066,0.4092
1781857595906,76590,-0.25317,0.97974,-0.16821,1.0258,-8.5,14.125,-23.062,0.2872,0.7022,0.5066,0.4092
1781857595906,76590,-0.25928,0.98096,-0.16919,1.02865,-7.688,14.125,-21.062,0.2861,0.7026,0.5067,0.4093
1781857595907,76591,-0.23315,1.00488,-0.22339,1.05549,-12.25,11.812,-7.438,0.2763,0.7054,0.5087,0.4088
1781857595968,76652,-0.23315,1.00488,-0.22339,1.05549,-12.25,11.812,-7.438,0.2763,0.7054,0.5087,0.4088
1781857595968,76652,-0.22144,1.0105,-0.2168,1.05695,-14.25,15.188,-6.688,0.2741,0.7057,0.51,0.408
1781857595968,76652,-0.22803,0.98242,-0.21387,1.03096,-11.062,14.375,-3.375,0.2658,0.7064,0.5159,0.4048
1781857596025,76709,-0.22803,0.98242,-0.21387,1.03096,-11.062,14.375,-3.375,0.2658,0.7064,0.5159,0.4048
1781857596026,76710,-0.22974,0.98926,-0.21631,1.03836,-8.375,15.188,-2.375,0.2649,0.7066,0.5166,0.4043
1781857596026,76710,-0.16553,1.06396,-0.2395,1.10308,-16.25,-27.375,14.062,0.2693,0.7019,0.5195,0.4058
1781857596084,76768,-0.16553,1.06396,-0.2395,1.10308,-16.25,-27.375,14.062,0.2693,0.7019,0.5195,0.4058
1781857596085,76769,-0.17285,1.04272,-0.24121,1.08413,-15.625,-26.625,9.375,0.27,0.7009,0.5199,0.4064
1781857596086,76770,-0.21118,0.9585,-0.25073,1.01301,9.875,-20.562,-25.688,0.2687,0.6988,0.5155,0.4166
1781857596150,76834,-0.21118,0.9585,-0.25073,1.01301,9.875,-20.562,-25.688,0.2687,0.6988,0.5155,0.4166
1781857596151,76835,-0.20068,0.91772,-0.22998,0.96715,20.625,-23.375,-30.688,0.2681,0.6996,0.5131,0.4183
1781857596151,76835,-0.28394,0.92944,-0.1626,0.98535,17.25,11.25,-22.062,0.2653,0.7066,0.5001,0.4242
1781857596209,76893,-0.25757,0.91675,-0.14233,0.96282,18.375,16.188,-24.312,0.2646,0.7075,0.4993,0.424
1781857596209,76893,-0.27319,0.89429,-0.14844,0.94679,15.062,19.0,-25.375,0.263,0.7091,0.4984,0.4235
1781857596209,76893,-0.38354,0.85229,-0.11768,0.942,23.312,17.062,-26.25,0.252,0.7186,0.4931,0.4204
1781857596266,76950,-0.38354,0.85229,-0.11768,0.942,23.312,17.062,-26.25,0.252,0.7186,0.4931,0.4204
1781857596266,76950,-0.37891,0.85181,-0.10669,0.93836,24.188,14.375,-25.062,0.2513,0.7196,0.4921,0.4202
1781857596266,76950,-0.37939,0.948,-0.15552,1.03287,0.062,-10.875,-6.625,0.2465,0.7247,0.487,0.4201
1781857596325,77009,-0.35645,0.93286,-0.14917,1.00972,0.0,-13.188,-5.062,0.2467,0.7246,0.4868,0.4205
1781857596330,77014,-0.33325,0.92725,-0.15674,0.9977,2.062,-10.938,-2.0,0.2471,0.7242,0.4863,0.4215
1781857596331,77015,-0.30688,0.98926,-0.22559,1.06005,7.0,5.688,4.688,0.2482,0.7252,0.4855,0.4201
1781857596385,77069,-0.32104,0.99902,-0.2478,1.0782,5.688,5.812,3.125,0.2484,0.7255,0.4855,0.4195
1781857596385,77069,-0.32739,1.02808,-0.24731,1.10693,4.938,2.188,1.125,0.2487,0.7258,0.4852,0.4191
1781857596386,77070,-0.34448,0.95825,-0.18628,1.03519,-8.812,3.5,5.125,0.2479,0.7254,0.487,0.4182
1781857596451,77135,-0.35034,0.95239,-0.18555,1.03161,-7.75,4.312,6.75,0.2479,0.7252,0.4874,0.418
1781857596451,77135,-0.35132,0.92798,-0.16382,1.00569,-3.625,2.938,9.688,0.2479,0.7249,0.4882,0.4176
1781857596451,77135,-0.32812,0.87891,-0.10181,0.94367,11.188,8.875,8.812,0.2512,0.7261,0.4889,0.4128
1781857596505,77189,-0.33423,0.87622,-0.11035,0.94427,10.312,8.75,8.312,0.2514,0.7263,0.4888,0.4122
1781857596505,77189,-0.34521,0.87988,-0.1189,0.95263,9.125,6.688,7.875,0.2518,0.7267,0.4887,0.4116
1781857596564,77248,-0.30444,0.93359,-0.15503,0.99414,4.938,-10.562,2.312,0.2555,0.7263,0.4877,0.4111
1781857596564,77248,-0.30005,0.93774,-0.16064,0.9976,4.938,-12.5,1.062,0.2559,0.7262,0.4874,0.4114
1781857596565,77249,-0.29663,0.94751,-0.16089,1.00581,5.188,-14.188,-0.125,0.2563,0.726,0.4871,0.4118
1781857596628,77312,-0.32422,0.97095,-0.19312,1.04171,14.0,-3.75,7.375,0.2583,0.7267,0.4848,0.4122
1781857596630,77314,-0.3252,0.97778,-0.19458,1.04865,14.438,-3.312,9.75,0.2589,0.7268,0.4844,0.412
1781857596631,77315,-0.31372,0.94067,-0.1748,1.0069,5.5,-2.312,19.25,0.267,0.7262,0.484,0.4085
1781857596685,77369,-0.30127,0.93359,-0.16431,0.99466,9.562,-0.5,19.75,0.2685,0.726,0.4841,0.4075
1781857596685,77369,-0.29785,0.93164,-0.17261,0.99321,12.125,1.562,20.188,0.2703,0.7258,0.4839,0.4071
1781857596686,77370,-0.28882,0.9375,-0.19629,1.00043,16.938,-1.875,22.938,0.278,0.7266,0.4831,0.4014
1781857596745,77429,-0.28198,0.94019,-0.20776,1.00331,16.688,-2.312,23.062,0.2791,0.7266,0.4829,0.4007
1781857596746,77430,-0.27905,0.94409,-0.2146,1.00759,16.125,-2.688,23.0,0.2801,0.7266,0.4828,0.4001
1781857596746,77430,-0.23364,0.93945,-0.22803,0.99456,7.875,-3.938,10.125,0.2872,0.7266,0.4821,0.3959
1781857596806,77490,-0.23682,0.92603,-0.22046,0.98092,9.812,-3.312,10.25,0.2884,0.7266,0.4818,0.3955
1781857596806,77490,-0.2417,0.92798,-0.21729,0.98325,11.562,-3.75,11.812,0.2886,0.7269,0.4819,0.3947
1781857596806,77490,-0.2417,0.92798,-0.21729,0.98325,11.562,-3.75,11.812,0.2886,0.7269,0.4819,0.3947
1781857596873,77557,-0.23804,0.94849,-0.21899,1.00212,8.438,-0.812,11.5,0.2943,0.7271,0.4813,0.3909
1781857596873,77557,-0.23535,0.95337,-0.22021,1.00638,7.25,0.438,9.938,0.2947,0.7271,0.4812,0.3906
1781857596873,77557,-0.25586,0.94873,-0.20312,1.0034,6.125,-8.188,8.562,0.298,0.7266,0.4807,0.3897
1781857596925,77609,-0.25854,0.9541,-0.2041,1.00936,7.312,-8.75,9.5,0.2987,0.7264,0.4805,0.3897
1781857596925,77609,-0.25586,0.95605,-0.20166,1.01004,7.75,-9.312,10.75,0.2993,0.7263,0.4804,0.3897
1781857596926,77610,-0.26172,0.96777,-0.21948,1.02628,14.0,-3.875,17.688,0.3062,0.7254,0.4797,0.3868
1781857596991,77675,-0.25562,0.97656,-0.22046,1.03325,13.438,-4.688,20.625,0.3076,0.7253,0.4795,0.3861
1781857596991,77675,-0.25757,0.97925,-0.22339,1.0369,12.438,-4.938,21.562,0.3085,0.7252,0.4794,0.3857
1781857596992,77676,-0.13721,1.01392,-0.24023,1.05098,20.75,-5.188,34.375,0.3198,0.7232,0.479,0.3807
1781857597044,77728,-0.14185,1.01831,-0.24585,1.05713,22.688,-5.062,36.5,0.3214,0.7231,0.4788,0.3798
1781857597045,77729,-0.14941,1.02905,-0.24902,1.06925,25.688,-7.062,38.562,0.3231,0.723,0.4786,0.3789
1781857597045,77729,-0.14624,1.20532,-0.22266,1.23441,67.312,-88.75,61.375,0.3546,0.7181,0.4641,0.3779
1781857597105,77789,-0.07324,1.20801,-0.22314,1.23063,63.75,-77.125,69.75,0.3618,0.7164,0.461,0.3782
1781857597105,77789,-0.01587,1.18701,-0.22485,1.20823,62.875,-63.25,73.125,0.3664,0.7154,0.4593,0.3778
1781857597106,77790,-0.01587,1.18701,-0.22485,1.20823,62.875,-63.25,73.125,0.3664,0.7154,0.4593,0.3778
1781857597169,77853,-0.0249,1.05151,-0.35083,1.10878,52.938,124.5,139.062,0.3933,0.7206,0.4652,0.3306
1781857597170,77854,-0.02075,1.08984,-0.39014,1.15776,51.625,119.0,156.438,0.3978,0.7208,0.4691,0.319
1781857597170,77854,-0.02075,1.08984,-0.39014,1.15776,51.625,119.0,156.438,0.3978,0.7208,0.4691,0.319
1781857597224,77908,0.57104,1.34326,-0.37646,1.50737,-74.375,133.25,296.875,0.4462,0.686,0.5238,0.2358
1781857597225,77909,0.45776,1.30298,-0.34424,1.42331,-66.25,147.438,273.0,0.4504,0.6805,0.5314,0.2266
1781857597225,77909,0.14429,1.07007,-0.86304,1.38228,-30.312,52.938,60.562,0.4539,0.6653,0.5667,0.1729
1781857597286,77970,0.15137,1.14502,-0.94482,1.4922,-40.5,-40.75,29.75,0.4563,0.6624,0.568,0.1735
1781857597290,77974,0.14233,1.14673,-0.77637,1.39212,-45.75,-104.312,1.312,0.4583,0.6605,0.5675,0.1768
1781857597293,77977,0.14233,1.14673,-0.77637,1.39212,-45.75,-104.312,1.312,0.4583,0.6605,0.5675,0.1768
1781857597349,78033,0.26318,0.82715,-0.23804,0.90006,-36.062,20.25,38.812,0.4674,0.6378,0.5711,0.22
1781857597349,78033,0.23804,0.81689,-0.23535,0.88282,-24.125,25.875,53.188,0.4678,0.6364,0.5727,0.2186
1781857597349,78033,0.35229,0.88965,-0.16016,0.97017,22.688,29.188,158.375,0.5014,0.6088,0.5892,0.1749
1781857597404,78088,0.37939,0.87378,-0.21997,0.97766,20.125,33.438,155.438,0.5048,0.6062,0.5905,0.1697
1781857597405,78089,0.3623,0.88306,-0.23096,0.98204,22.062,41.375,152.688,0.5079,0.6037,0.5919,0.1643
1781857597406,78090,0.34326,0.7356,-0.22998,0.84369,37.875,70.438,135.375,0.5258,0.5855,0.6064,0.1126
1781857597467,78151,0.30786,0.67798,-0.15771,0.76112,93.5,30.562,124.188,0.5294,0.584,0.6063,0.104
1781857597468,78152,0.34912,0.79419,-0.22632,0.89657,115.312,28.438,144.0,0.5327,0.5839,0.6046,0.0972
1781857597468,78152,0.34912,0.79419,-0.22632,0.89657,115.312,28.438,144.0,0.5327,0.5839,0.6046,0.0972
1781857597539,78223,0.6853,0.67432,-0.36133,1.02708,-48.062,-234.188,154.625,0.5986,0.5402,0.5902,0.0338
1781857597540,78224,0.57593,0.72583,-0.06567,0.92889,-13.062,-270.125,118.25,0.6129,0.5335,0.5814,0.0392
1781857597540,78224,0.57593,0.72583,-0.06567,0.92889,-13.062,-270.125,118.25,0.6129,0.5335,0.5814,0.0392
1781857597591,78275,0.4502,0.62378,-0.38037,0.85817,74.688,-58.0,81.125,0.652,0.5238,0.5473,0.0256
1781857597595,78279,0.43066,0.67407,-0.45264,0.91909,56.875,-90.875,81.438,0.6585,0.5232,0.5403,0.0209
1781857597595,78279,0.43066,0.67407,-0.45264,0.91909,56.875,-90.875,81.438,0.6585,0.5232,0.5403,0.0209
1781857597644,78328,0.77588,0.45605,-0.36255,0.97027,-20.0,-37.438,64.5,0.7033,0.4995,0.505,0.0234
1781857597645,78329,0.71948,0.44214,-0.37134,0.92251,-17.375,-26.75,56.5,0.7052,0.4973,0.5045,0.0233
1781857597652,78336,0.71948,0.44214,-0.37134,0.92251,-17.375,-26.75,56.5,0.7052,0.4973,0.5045,0.0233
1781857597706,78390,0.63574,0.38501,-0.41895,0.85318,21.0,23.562,67.125,0.7128,0.4847,0.5067,0.0048
1781857597707,78391,0.61792,0.39404,-0.45361,0.86189,21.5,18.562,64.125,-0.7137,-0.4829,-0.5072,0.0009
1781857597707,78391,0.72607,0.39819,-0.46533,0.94988,-13.875,-3.5,36.0,-0.7212,-0.4724,-0.5062,0.0141
1781857597765,78449,0.72607,0.39819,-0.46533,0.94988,-13.875,-3.5,36.0,-0.7212,-0.4724,-0.5062,0.0141
1781857597766,78450,0.70142,0.396,-0.47388,0.93454,-16.0,1.625,31.688,-0.7216,-0.4711,-0.5068,0.0156
1781857597766,78450,0.67285,0.35205,-0.52905,0.92551,-10.938,1.188,24.812,-0.7238,-0.4633,-0.5108,0.0193
1781857597827,78511,0.71387,0.34351,-0.54443,0.96125,-7.062,7.875,19.125,-0.7233,-0.4631,-0.5114,0.0211
1781857597828,78512,0.71362,0.35596,-0.55493,0.97155,-4.062,11.188,16.0,-0.7235,-0.4625,-0.5118,0.0215
1781857597828,78512,0.78076,0.33789,-0.51172,0.99278,-0.312,5.812,8.688,-0.7212,-0.4631,-0.5141,0.0287
1781857597886,78570,0.78076,0.33789,-0.51172,0.99278,-0.312,5.812,8.688,-0.7212,-0.4631,-0.5141,0.0287
1781857597889,78573,0.76099,0.34741,-0.51514,0.98243,0.562,3.875,13.375,-0.7202,-0.4642,-0.5143,0.0307
1781857597889,78573,0.75122,0.3728,-0.45532,0.95427,14.688,-8.438,12.75,-0.7205,-0.4645,-0.5134,0.0369
1781857597947,78631,0.75122,0.3728,-0.45532,0.95427,14.688,-8.438,12.75,-0.7205,-0.4645,-0.5134,0.0369
1781857597947,78631,0.78442,0.36377,-0.4624,0.98054,23.0,-6.188,15.062,-0.7207,-0.4656,-0.5119,0.0397
1781857597947,78631,0.78149,0.39111,-0.49414,1.00393,33.688,7.562,18.812,-0.722,-0.4684,-0.506,0.055
1781857598007,78691,0.7771,0.3894,-0.50171,1.00361,31.812,6.812,17.5,-0.7221,-0.4685,-0.5055,0.0565
1781857598007,78691,0.77148,0.3772,-0.50903,0.99829,30.438,5.0,15.938,-0.7217,-0.4694,-0.5051,0.0584
1781857598009,78693,0.78784,0.35352,-0.48877,0.99225,20.562,-6.438,3.062,-0.723,-0.4731,-0.4986,0.0678
1781857598073,78757,0.78979,0.34912,-0.48511,0.99045,20.75,-6.0,4.312,-0.7231,-0.4734,-0.498,0.0684
1781857598080,78764,0.79907,0.35107,-0.48682,0.99938,21.188,-4.812,6.25,-0.723,-0.4739,-0.4975,0.0692
1781857598080,78764,0.78125,0.32397,-0.51514,0.99029,23.938,-3.062,8.5,-0.7239,-0.4772,-0.4916,0.0792
1781857598125,78809,0.78125,0.32397,-0.51514,0.99029,23.938,-3.062,8.5,-0.7239,-0.4772,-0.4916,0.0792
1781857598125,78809,0.78052,0.32373,-0.50049,0.98209,21.562,-6.938,8.062,-0.7239,-0.4782,-0.4903,0.0811
1781857598126,78810,0.77148,0.33081,-0.50684,0.98056,15.75,0.062,0.062,-0.7233,-0.4823,-0.486,0.0877
1781857598196,78880,0.77148,0.33081,-0.50684,0.98056,15.75,0.062,0.062,-0.7233,-0.4823,-0.486,0.0877
1781857598197,78881,0.7832,0.32104,-0.521,0.99394,15.25,-1.562,1.0,-0.7231,-0.4832,-0.4852,0.0889
1781857598197,78881,0.79492,0.29468,-0.5166,0.99278,18.625,2.25,4.5,-0.7228,-0.4868,-0.481,0.094
1781857598254,78938,0.79248,0.2998,-0.51782,0.993,18.562,4.062,6.938,-0.7228,-0.4869,-0.4807,0.0948
1781857598257,78941,0.79077,0.30127,-0.52661,0.9967,18.875,5.938,8.312,-0.7225,-0.4874,-0.4804,0.0963
1781857598257,78941,0.81689,0.31592,-0.52417,1.02072,12.375,0.875,2.125,-0.7219,-0.4898,-0.4778,0.1024
1781857598322,79006,0.81519,0.31152,-0.5271,1.01951,11.188,1.438,0.438,-0.7218,-0.4899,-0.4776,0.1028
1781857598322,79006,0.79004,0.30615,-0.53516,1.00214,10.625,0.875,-3.0,-0.7213,-0.4909,-0.4773,0.1036
1781857598323,79007,0.81763,0.27612,-0.53687,1.01636,19.812,-4.25,-3.312,-0.7199,-0.4959,-0.4733,0.1068
1781857598369,79053,0.81763,0.27612,-0.53687,1.01636,19.812,-4.25,-3.312,-0.7199,-0.4959,-0.4733,0.1068
1781857598370,79054,0.8186,0.2959,-0.53223,1.02026,22.75,-1.875,-4.812,-0.7195,-0.4972,-0.4724,0.1079
1781857598370,79054,0.75684,0.28931,-0.53833,0.97278,22.0,-8.0,3.688,-0.7185,-0.5028,-0.4669,0.113
1781857598431,79115,0.77588,0.28516,-0.53784,0.98619,22.125,-7.25,5.438,-0.7186,-0.5031,-0.4662,0.1137
1781857598431,79115,0.79883,0.28271,-0.53369,1.00144,21.625,-5.438,7.0,-0.7185,-0.5038,-0.4652,0.1149
1781857598486,79170,0.78467,0.30762,-0.53638,0.99902,12.812,3.625,-1.0,-0.7175,-0.5051,-0.4638,0.1209
1781857598486,79170,0.77271,0.29688,-0.53027,0.98306,13.438,3.125,-1.688,-0.7174,-0.5054,-0.4636,0.1213
1781857598490,79174,0.78979,0.30737,-0.53394,1.00167,13.75,4.188,-1.688,-0.7171,-0.5058,-0.4634,0.1221
1781857598551,79235,0.81177,0.26904,-0.55005,1.01681,10.625,6.062,-0.25,-0.7158,-0.5076,-0.4622,0.1261
1781857598551,79235,0.80957,0.27051,-0.54492,1.01268,11.0,6.062,-0.938,-0.7156,-0.5078,-0.4622,0.1265
1781857598551,79235,0.78467,0.26147,-0.54688,0.99154,14.688,1.875,5.875,-0.7126,-0.5097,-0.4633,0.1325
1781857598605,79289,0.82007,0.26172,-0.51855,1.00494,14.25,-0.75,10.062,-0.7127,-0.5096,-0.463,0.1331
1781857598605,79289,0.81348,0.22974,-0.52051,0.9927,16.25,-1.75,8.0,-0.7128,-0.5097,-0.4625,0.1337
1781857598606,79290,0.77661,0.17041,-0.51733,0.94858,43.688,8.812,12.688,-0.7118,-0.5131,-0.457,0.1444
1781857598664,79348,0.80688,0.19434,-0.53662,0.98833,44.875,10.5,14.688,-0.7117,-0.5134,-0.4562,0.1463
1781857598665,79349,0.85718,0.21777,-0.52295,1.02745,47.625,13.125,18.875,-0.7115,-0.5137,-0.4556,0.1484
1781857598666,79350,0.85718,0.21777,-0.52295,1.02745,47.625,13.125,18.875,-0.7115,-0.5137,-0.4556,0.1484
1781857598726,79410,0.90259,0.27197,-0.61157,1.12368,59.875,10.188,13.125,-0.7097,-0.5158,-0.4464,0.1755
1781857598727,79411,0.87524,0.27197,-0.59497,1.09271,52.688,10.812,6.0,-0.7095,-0.516,-0.4457,0.1772
1781857598727,79411,0.77417,0.15283,-0.53931,0.9558,-8.062,8.75,13.438,-0.7061,-0.5173,-0.4466,0.1847
1781857598791,79475,0.77368,0.16162,-0.52979,0.95151,-7.812,8.5,16.688,-0.7063,-0.5166,-0.4469,0.185
1781857598791,79475,0.80908,0.1604,-0.51733,0.97364,-4.812,6.5,16.188,-0.7066,-0.5159,-0.4472,0.1853
1781857598792,79476,0.77637,0.14307,-0.53491,0.9536,7.0,2.5,3.125,-0.7044,-0.5173,-0.4483,0.1868
1781857598846,79530,0.7915,0.12915,-0.50342,0.94688,16.5,1.75,10.062,-0.7045,-0.5173,-0.4479,0.1878
1781857598847,79531,0.78687,0.11084,-0.51025,0.94435,23.312,-0.188,15.375,-0.7046,-0.5172,-0.4473,0.1887
1781857598847,79531,0.80444,0.20288,-0.55908,1.00043,48.938,0.562,24.375,-0.7055,-0.5175,-0.4363,0.2094
1781857598908,79592,0.81519,0.17603,-0.5498,0.9989,48.0,-5.625,20.062,-0.7056,-0.5178,-0.4349,0.2111
1781857598909,79593,0.84253,0.19019,-0.60181,1.05271,49.625,-10.188,19.312,-0.7058,-0.5183,-0.4333,0.2127
1781857598909,79593,0.82397,0.15186,-0.55518,1.00509,-37.125,-2.438,0.312,-0.7084,-0.5149,-0.432,0.2147
1781857598966,79650,0.82397,0.15186,-0.55518,1.00509,-37.125,-2.438,0.312,-0.7084,-0.5149,-0.432,0.2147
1781857598967,79651,0.84741,0.15063,-0.54346,1.01791,-39.562,-0.25,-6.938,-0.7087,-0.5144,-0.4329,0.2133
1781857598967,79651,0.81909,0.18188,-0.51416,0.98405,-84.188,-22.062,-3.062,-0.7091,-0.5112,-0.4467,0.19
1781857599029,79713,0.82373,0.14673,-0.51514,0.98256,-82.062,-15.938,-0.625,-0.7106,-0.509,-0.4486,0.1857
1781857599029,79713,0.81323,0.13013,-0.53296,0.98098,-79.375,-14.625,-0.188,-0.7111,-0.5083,-0.4492,0.1843
1781857599030,79714,0.81323,0.13013,-0.53296,0.98098,-79.375,-14.625,-0.188,-0.7111,-0.5083,-0.4492,0.1843
1781857599090,79774,0.81323,0.13013,-0.53296,0.98098,-79.375,-14.625,-0.188,-0.7111,-0.5083,-0.4492,0.1843
1781857599090,79774,0.87842,0.13354,-0.47974,1.00975,-3.812,-27.125,17.312,-0.7181,-0.5031,-0.4495,0.1699
1781857599090,79774,0.70703,0.03906,-1.03564,1.25458,64.688,32.312,38.688,-0.721,-0.5031,-0.4362,0.1912
1781857599152,79836,0.86792,0.17065,-0.46948,1.00141,67.938,28.75,39.938,-0.7204,-0.5025,-0.4362,0.1947
1781857599152,79836,0.87402,0.1438,-0.35938,0.9559,74.125,14.562,39.312,-0.7203,-0.5025,-0.435,0.1981
1781857599213,79897,0.87402,0.1438,-0.35938,0.9559,74.125,14.562,39.312,-0.7203,-0.5025,-0.435,0.1981
1781857599213,79897,0.87402,0.1438,-0.35938,0.9559,74.125,14.562,39.312,-0.7203,-0.5025,-0.435,0.1981
1781857599213,79897,0.82446,0.06616,-0.6106,1.02808,7.125,11.0,10.0,-0.7214,-0.5037,-0.4227,0.2167
1781857599265,79949,0.81592,0.1189,-0.5415,0.98645,-25.188,-7.0,-17.938,-0.7218,-0.502,-0.4281,0.2082
1781857599265,79949,0.79077,0.12183,-0.53418,0.96203,-24.875,-1.625,-21.875,-0.7216,-0.5023,-0.4288,0.207
1781857599266,79950,0.79077,0.12183,-0.53418,0.96203,-24.875,-1.625,-21.875,-0.7216,-0.5023,-0.4288,0.207
1781857599324,80008,0.79077,0.12183,-0.53418,0.96203,-24.875,-1.625,-21.875,-0.7216,-0.5023,-0.4288,0.207
1781857599325,80009,0.75854,0.00464,-0.51831,0.91873,44.375,16.938,28.375,-0.7178,-0.5069,-0.432,0.2025
1781857599325,80009,0.78955,0.16895,-0.58374,0.99634,21.812,2.25,15.25,-0.7177,-0.5106,-0.4146,0.228
1781857599384,80068,0.7937,0.1604,-0.59644,1.0057,4.875,5.625,13.625,-0.7178,-0.5104,-0.4144,0.2286
1781857599385,80069,0.82568,0.15332,-0.62793,1.0486,-8.125,7.312,14.625,-0.718,-0.5098,-0.4146,0.2288
1781857599386,80070,0.82568,0.15332,-0.62793,1.0486,-8.125,7.312,14.625,-0.718,-0.5098,-0.4146,0.2288
1781857599446,80130,0.80908,0.08057,-0.59131,1.00536,-40.25,-17.0,-9.312,-0.7203,-0.5037,-0.423,0.2197
1781857599447,80131,0.82178,0.0813,-0.60815,1.02556,-43.188,-18.188,-10.312,-0.7208,-0.5034,-0.4233,0.2178
1781857599506,80190,0.81201,0.06519,-0.51465,0.96357,-60.125,-14.188,-12.438,-0.7223,-0.5,-0.436,0.1945
1781857599507,80191,0.81689,0.05518,-0.50708,0.96306,-54.625,-14.438,-7.375,-0.7222,-0.5002,-0.4368,0.1929
1781857599513,80197,0.82446,0.04736,-0.50293,0.96691,-47.562,-13.875,-3.812,-0.7227,-0.4995,-0.4374,0.191
1781857599575,80259,0.8269,0.14575,-0.54614,1.00164,0.125,2.438,9.5,-0.7254,-0.4951,-0.439,0.1886
1781857599577,80261,0.8208,0.14307,-0.55444,1.00079,0.062,0.875,5.688,-0.7257,-0.4946,-0.4392,0.1887
1781857599577,80261,0.82397,0.13184,-0.57837,1.0153,-14.438,-14.688,2.625,-0.7285,-0.4921,-0.4385,0.186
1781857599626,80310,0.82397,0.13184,-0.57837,1.0153,-14.438,-14.688,2.625,-0.7285,-0.4921,-0.4385,0.186
1781857599626,80310,0.85278,0.14209,-0.55029,1.02482,-15.5,-15.125,3.5,-0.7294,-0.4915,-0.4383,0.1845
1781857599627,80311,0.8208,0.14185,-0.5625,1.00511,-7.5,-4.625,3.812,-0.7324,-0.4884,-0.4385,0.1803
1781857599696,80380,0.81543,0.12793,-0.55298,0.99352,-6.812,-6.312,3.125,-0.7329,-0.4878,-0.4386,0.1797
1781857599711,80395,0.81885,0.12695,-0.55151,0.99539,-6.062,-7.062,3.188,-0.7331,-0.4876,-0.4385,0.1795
1781857599711,80395,0.80762,0.13843,-0.55884,0.99182,3.625,-0.688,2.25,-0.7346,-0.4866,-0.4373,0.1791
1781857599752,80436,0.80322,0.13135,-0.56738,0.99214,2.812,0.5,1.938,-0.7349,-0.4861,-0.4374,0.1791
1781857599753,80437,0.7998,0.13013,-0.56885,0.99005,2.875,0.688,1.688,-0.7349,-0.4861,-0.4373,0.1792
1781857599753,80437,0.79785,0.13452,-0.5647,0.98668,-1.062,-0.75,1.438,-0.735,-0.486,-0.4369,0.1802
1781857599806,80490,0.79785,0.13452,-0.5647,0.98668,-1.062,-0.75,1.438,-0.735,-0.486,-0.4369,0.1802
1781857599808,80492,0.80518,0.12988,-0.57153,0.99591,-2.375,-1.062,2.438,-0.7352,-0.4858,-0.4368,0.1801
1781857599809,80493,0.80518,0.11719,-0.56592,0.99111,-0.062,-3.0,0.188,-0.7357,-0.4851,-0.4368,0.1796
1781857599871,80555,0.81201,0.1189,-0.55762,0.99219,1.75,-4.875,1.875,-0.7363,-0.4844,-0.4368,0.1791
1781857599872,80556,0.81494,0.12109,-0.56274,0.99773,2.562,-4.75,2.188,-0.7365,-0.4844,-0.4366,0.1791
1781857599872,80556,0.81274,0.14404,-0.56421,0.99982,0.625,1.125,4.688,-0.7368,-0.4846,-0.4352,0.1805
1781857599929,80613,0.81274,0.14404,-0.56421,0.99982,0.625,1.125,4.688,-0.7368,-0.4846,-0.4352,0.1805
1781857599930,80614,0.8042,0.1377,-0.56152,0.99046,-0.188,2.25,5.812,-0.7368,-0.4844,-0.4353,0.1807
1781857599930,80614,0.80518,0.12769,-0.56909,0.99422,-0.125,-1.938,8.812,-0.738,-0.4818,-0.4357,0.182
1781857599984,80668,0.80518,0.12769,-0.56909,0.99422,-0.125,-1.938,8.812,-0.738,-0.4818,-0.4357,0.182
1781857599985,80669,0.7793,0.10352,-0.57666,0.97496,1.062,-4.812,8.188,-0.7377,-0.4823,-0.4353,0.1826
1781857599986,80670,0.82544,0.11865,-0.55957,1.00426,4.562,-2.062,7.062,-0.7402,-0.4805,-0.4324,0.1846
1781857600048,80732,0.82544,0.11865,-0.55957,1.00426,4.562,-2.062,7.062,-0.7402,-0.4805,-0.4324,0.1846
1781857600049,80733,0.82324,0.11841,-0.56152,1.00352,4.688,-0.5,6.812,-0.7403,-0.4804,-0.4322,0.1848
1781857600049,80733,0.80054,0.10449,-0.57202,0.98944,2.625,0.188,12.562,-0.7415,-0.4771,-0.4321,0.1889
1781857600105,80789,0.80054,0.10449,-0.57202,0.98944,2.625,0.188,12.562,-0.7415,-0.4771,-0.4321,0.1889
1781857600108,80792,0.80713,0.09912,-0.56665,0.99115,3.25,-1.625,12.188,-0.7422,-0.4759,-0.4319,0.1892
1781857600108,80792,0.81274,0.09473,-0.56592,0.99488,3.188,1.75,14.438,-0.7449,-0.4724,-0.4299,0.192
1781857600178,80862,0.81274,0.09473,-0.56592,0.99488,3.188,1.75,14.438,-0.7449,-0.4724,-0.4299,0.192
1781857600179,80863,0.81665,0.09277,-0.56738,0.99872,3.062,2.562,16.0,-0.7454,-0.4713,-0.4299,0.1927
1781857600179,80863,0.81543,0.08228,-0.56177,0.99362,0.062,1.812,7.062,-0.7472,-0.4675,-0.4295,0.1956
1781857600230,80914,0.81274,0.07715,-0.56641,0.99364,-0.312,1.25,6.438,-0.7473,-0.4673,-0.4295,0.1958
1781857600232,80916,0.8042,0.06567,-0.56299,0.98387,-0.375,-0.688,5.812,-0.7476,-0.4668,-0.4296,0.1958
1781857600235,80919,0.82886,0.03613,-0.57715,1.01065,7.688,-0.938,5.75,-0.7494,-0.4654,-0.4273,0.1973
1781857600286,80970,0.8269,0.04321,-0.58472,1.01367,7.375,0.188,5.312,-0.7495,-0.4653,-0.4271,0.1976
1781857600290,80974,0.82251,0.05591,-0.59204,1.01497,6.375,2.125,4.0,-0.7495,-0.4652,-0.427,0.1983
1781857600290,80974,0.82251,0.05591,-0.59204,1.01497,6.375,2.125,4.0,-0.7495,-0.4652,-0.427,0.1983
1781857600345,81029,0.81323,0.08545,-0.58423,1.00497,-10.688,-1.562,-0.312,-0.7494,-0.4647,-0.4275,0.1983
1781857600345,81029,0.81738,0.07227,-0.57812,1.00378,-10.75,-1.062,-1.562,-0.7497,-0.4642,-0.4281,0.1972
1781857600345,81029,0.83081,0.08398,-0.56543,1.00847,0.625,1.562,3.688,-0.7497,-0.4639,-0.4287,0.1965
1781857600411,81095,0.823,0.09351,-0.56543,1.00289,0.062,2.438,4.938,-0.7498,-0.4637,-0.4287,0.1967
1781857600414,81098,0.81958,0.09985,-0.56543,1.0007,-0.25,1.562,3.688,-0.75,-0.463,-0.429,0.1967
1781857600415,81099,0.81958,0.05835,-0.55298,0.9904,-1.062,0.125,3.375,-0.7504,-0.462,-0.4293,0.1969
1781857600465,81149,0.82495,0.05835,-0.55786,0.99758,0.062,0.75,4.25,-0.7506,-0.4617,-0.4293,0.1971
1781857600466,81150,0.82275,0.06274,-0.55957,0.99699,1.25,1.5,4.125,-0.7509,-0.461,-0.4295,0.1968
1781857600466,81150,0.80615,0.03442,-0.55688,0.9804,2.562,-4.0,5.062,-0.752,-0.4595,-0.4286,0.1983
1781857600528,81212,0.80176,0.02808,-0.55859,0.97756,3.0,-3.5,4.25,-0.7522,-0.4594,-0.4284,0.1984
1781857600528,81212,0.80249,0.02271,-0.56152,0.9797,3.438,-3.625,2.938,-0.7525,-0.459,-0.4282,0.1984
1781857600528,81212,0.81836,0.0603,-0.57568,1.00238,-1.062,2.438,-1.5,-0.7526,-0.4593,-0.4276,0.1989
1781857600592,81276,0.81299,0.06104,-0.57959,1.0003,-1.125,2.75,-1.875,-0.7525,-0.4593,-0.4277,0.1988
1781857600592,81276,0.80469,0.0564,-0.58032,0.99372,-1.438,2.0,-2.375,-0.7525,-0.4594,-0.4278,0.1988
1781857600593,81277,0.83008,0.08545,-0.56494,1.00772,-1.188,-3.312,0.938,-0.7534,-0.4591,-0.427,0.1975
1781857600644,81328,0.83301,0.08838,-0.55908,1.00712,-1.875,-2.0,0.438,-0.7535,-0.4591,-0.427,0.1973
1781857600645,81329,0.83276,0.08618,-0.56323,1.00904,-2.812,-0.688,0.062,-0.7535,-0.4591,-0.427,0.1973
1781857600645,81329,0.82056,0.05981,-0.56982,1.00079,-1.688,-3.5,0.562,-0.7536,-0.4587,-0.4277,0.1959
1781857600705,81389,0.82129,0.05688,-0.56763,0.99998,-1.125,-4.188,0.438,-0.7537,-0.4587,-0.4276,0.1959
1781857600706,81390,0.82886,0.05859,-0.55981,1.00191,-0.312,-4.562,0.188,-0.7539,-0.4587,-0.4274,0.1958
1781857600706,81390,0.80444,0.05933,-0.55981,0.98186,0.5,-1.75,0.125,-0.754,-0.4592,-0.4263,0.1962
1781857600776,81460,0.8064,0.06177,-0.56055,0.98402,0.0,-2.75,-0.062,-0.7541,-0.4592,-0.4262,0.1962
1781857600776,81460,0.80566,0.05859,-0.56274,0.98448,-1.0,-3.562,-0.188,-0.7542,-0.4592,-0.4261,0.1961
1781857600776,81460,0.81885,0.05518,-0.56152,0.99442,-9.625,-5.062,-6.062,-0.7548,-0.4595,-0.4265,0.192
1781857600846,81530,0.82617,0.05542,-0.55981,0.99951,-9.438,-4.312,-5.5,-0.7548,-0.4596,-0.4266,0.1915
1781857600846,81530,0.83057,0.0647,-0.55249,0.99964,-8.75,-3.188,-4.938,-0.7548,-0.4597,-0.427,0.1906
1781857600846,81530,0.81836,0.10059,-0.54785,0.98993,-9.938,-1.562,-6.5,-0.7545,-0.4601,-0.4286,0.1874
1781857600884,81568,0.80688,0.10327,-0.552,0.98307,-10.25,-1.812,-7.438,-0.7544,-0.4602,-0.429,0.1865
1781857600885,81569,0.81006,0.09473,-0.55811,0.98826,-10.5,-4.0,-7.812,-0.7543,-0.4603,-0.4295,0.1854
1781857600885,81569,0.83496,0.10889,-0.57031,1.01699,-5.125,2.562,-2.688,-0.7545,-0.4603,-0.4309,0.1817
1781857600951,81635,0.82397,0.11255,-0.57007,1.00826,-5.375,2.812,-2.625,-0.7544,-0.4602,-0.431,0.1816
1781857600952,81636,0.80908,0.11157,-0.56836,0.99503,-5.0,2.375,-2.812,-0.7543,-0.4602,-0.4312,0.1814
1781857600952,81636,0.82275,0.10693,-0.57764,1.01095,-9.625,-3.25,0.562,-0.7547,-0.4592,-0.4327,0.1788
1781857601005,81689,0.823,0.10522,-0.58252,1.01377,-9.625,-3.375,0.5,-0.7549,-0.4591,-0.4327,0.1785
1781857601005,81689,0.82788,0.09985,-0.5813,1.0165,-9.625,-3.188,0.375,-0.755,-0.4589,-0.4328,0.1782
1781857601005,81689,0.82788,0.09985,-0.5813,1.0165,-9.625,-3.188,0.375,-0.755,-0.4589,-0.4328,0.1782
1781857601112,81796,0.80273,0.10913,-0.58252,0.99781,-9.188,0.562,6.75,-0.756,-0.4565,-0.4345,0.176
1781857601112,81796,0.79932,0.10547,-0.5813,0.99395,-9.625,0.938,6.562,-0.7562,-0.4561,-0.4347,0.1759
1781857601113,81797,0.80713,0.08423,-0.57959,0.99723,-13.625,0.625,2.312,-0.7575,-0.4529,-0.437,0.1729
1781857601150,81834,0.8125,0.09155,-0.58008,1.00251,-13.562,1.375,2.938,-0.7576,-0.4525,-0.4373,0.1725
1781857601155,81839,0.81396,0.09961,-0.58179,1.00545,-13.062,2.688,3.562,-0.7578,-0.4522,-0.4376,0.1722
1781857601167,81851,0.81396,0.09961,-0.58179,1.00545,-13.062,2.688,3.562,-0.7578,-0.4522,-0.4376,0.1722
1781857601216,81900,0.79272,0.08911,-0.57129,0.98119,-16.125,-0.75,8.875,-0.7586,-0.4484,-0.4407,0.1704
1781857601219,81903,0.7937,0.08667,-0.57153,0.9819,-16.375,-1.188,7.25,-0.7589,-0.4478,-0.4409,0.1701
1781857601219,81903,0.7937,0.08667,-0.57153,0.9819,-16.375,-1.188,7.25,-0.7589,-0.4478,-0.4409,0.1701
1781857601274,81958,0.76294,0.05225,-0.5542,0.94443,-14.5,-3.0,3.25,-0.7605,-0.4444,-0.4432,0.1655
1781857601274,81958,0.75879,0.05005,-0.55811,0.94326,-13.75,-4.375,3.25,-0.7608,-0.444,-0.4433,0.165
1781857601275,81959,0.75879,0.05005,-0.55811,0.94326,-13.75,-4.375,3.25,-0.7608,-0.444,-0.4433,0.165
1781857601328,82012,0.75879,0.05005,-0.55811,0.94326,-13.75,-4.375,3.25,-0.7608,-0.444,-0.4433,0.165
1781857601328,82012,0.81934,0.06519,-0.59741,1.0161,-25.062,-3.062,0.875,-0.7637,-0.4406,-0.444,0.1588
1781857601329,82013,0.76147,0.04102,-0.59497,0.96722,-26.062,-8.438,-3.812,-0.7652,-0.438,-0.4479,0.1472
1781857601373,82057,0.76147,0.03564,-0.59595,0.96761,-26.375,-7.875,-4.25,-0.7656,-0.4375,-0.4483,0.1456
1781857601373,82057,0.7688,0.03101,-0.61816,0.98699,-26.875,-6.188,-5.562,-0.7659,-0.4372,-0.4485,0.1445
1781857601373,82057,0.7688,0.03101,-0.61816,0.98699,-26.875,-6.188,-5.562,-0.7659,-0.4372,-0.4485,0.1445
1781857601451,82135,0.66553,-0.00854,-0.61841,0.90853,-27.438,0.0,-15.938,-0.7649,-0.4368,-0.4538,0.134
1781857601454,82138,0.66553,-0.01514,-0.62085,0.91028,-27.125,-0.062,-16.312,-0.7648,-0.4368,-0.4543,0.1328
1781857601454,82138,0.70557,-0.08838,-0.64209,0.95808,-15.875,-4.688,-33.25,-0.7632,-0.439,-0.4581,0.1212
1781857601502,82186,0.70361,-0.08301,-0.6438,0.95731,-11.812,-5.062,-37.562,-0.7625,-0.4403,-0.4587,0.1185
1781857601502,82186,0.70874,-0.06836,-0.64233,0.95895,-10.312,-5.438,-37.688,-0.762,-0.4414,-0.4588,0.1174
1781857601503,82187,0.70874,-0.06836,-0.64233,0.95895,-10.312,-5.438,-37.688,-0.762,-0.4414,-0.4588,0.1174
1781857601552,82236,0.73755,0.0708,-0.63599,0.97646,-6.938,-2.938,-62.438,-0.7542,-0.4559,-0.4608,0.1037
1781857601553,82237,0.74072,0.0813,-0.64185,0.98349,-8.375,-2.438,-65.125,-0.7525,-0.4588,-0.4613,0.1015
1781857601553,82237,0.74072,0.0813,-0.64185,0.98349,-8.375,-2.438,-65.125,-0.7525,-0.4588,-0.4613,0.1015
1781857601621,82305,0.74487,0.19385,-0.63062,0.99503,-11.25,-5.438,-75.0,-0.7414,-0.4775,-0.4642,0.0798
1781857601624,82308,0.7417,0.20288,-0.62158,0.98876,-11.438,-4.0,-74.75,-0.7401,-0.4797,-0.4645,0.078
1781857601625,82309,0.7417,0.20288,-0.62158,0.98876,-11.438,-4.0,-74.75,-0.7401,-0.4797,-0.4645,0.078
1781857601670,82354,0.70776,0.26709,-0.61792,0.97678,-8.812,18.062,-80.125,-0.7276,-0.4971,-0.4688,0.0593
1781857601672,82356,0.70728,0.26025,-0.59375,0.95943,-8.062,20.938,-90.875,-0.7243,-0.5003,-0.471,0.055
1781857601672,82356,0.62109,0.20288,-0.48901,0.81612,13.688,0.0,-90.688,-0.7064,-0.5233,-0.475,0.0366
1781857601730,82414,0.62109,0.20288,-0.48901,0.81612,13.688,0.0,-90.688,-0.7064,-0.5233,-0.475,0.0366
1781857601730,82414,0.62305,0.19336,-0.47852,0.80904,18.375,0.375,-91.562,-0.7055,-0.5245,-0.475,0.0341
1781857601731,82415,0.47485,0.17212,-0.3479,0.61331,69.75,11.875,-107.875,-0.6813,-0.5632,-0.4664,0.028
1781857601805,82489,0.47485,0.17212,-0.3479,0.61331,69.75,11.875,-107.875,-0.6813,-0.5632,-0.4664,0.028
1781857601807,82491,0.43506,0.17847,-0.35645,0.59007,72.062,11.188,-113.375,-0.6789,-0.5676,-0.4647,0.0265
1781857601808,82492,0.43506,0.17847,-0.35645,0.59007,72.062,11.188,-113.375,-0.6789,-0.5676,-0.4647,0.0265
1781857601850,82534,0.26514,0.26733,-0.29102,0.47587,67.25,-14.875,-153.438,-0.647,-0.617,-0.4475,0.0172
1781857601851,82535,0.23193,0.28638,-0.29199,0.47017,64.75,-23.188,-159.938,-0.6433,-0.6231,-0.4443,0.013
1781857601851,82535,0.04004,0.47412,-0.53271,0.71427,107.562,-78.25,-176.312,0.6093,0.678,0.4106,0.0151
1781857601908,82592,0.04004,0.47412,-0.53271,0.71427,107.562,-78.25,-176.312,0.6093,0.678,0.4106,0.0151
1781857601908,82592,0.02808,0.50488,-0.55396,0.75004,137.375,-93.812,-159.75,0.6014,0.6955,0.3922,0.0234
1781857601909,82593,-0.23413,0.67505,-0.74072,1.02916,145.438,-132.75,-167.812,0.5801,0.7462,0.3226,0.0462
1781857601965,82649,-0.25366,0.68506,-0.77124,1.06229,142.938,-139.812,-172.75,0.5768,0.7523,0.3142,0.0496
1781857601966,82650,-0.2876,0.69238,-0.82275,1.11312,140.062,-152.625,-179.5,0.5737,0.7595,0.301,0.0564
1781857601966,82650,-0.2876,0.69238,-0.82275,1.11312,140.062,-152.625,-179.5,0.5737,0.7595,0.301,0.0564
1781857602024,82708,-0.2876,0.69238,-0.82275,1.11312,140.062,-152.625,-179.5,0.5737,0.7595,0.301,0.0564
1781857602024,82708,-0.41943,0.81616,-0.99219,1.35147,101.062,-175.312,-135.938,0.5499,0.8003,0.212,0.1092
1781857602026,82710,-0.60474,0.88037,-1.13647,1.55959,52.0,-292.5,-338.812,0.4858,0.8382,0.1096,0.2216
1781857602084,82768,-0.60474,0.88037,-1.13647,1.55959,52.0,-292.5,-338.812,0.4858,0.8382,0.1096,0.2216
1781857602085,82769,-0.59204,0.77954,-1.09741,1.47055,87.0,-277.312,-350.812,0.4753,0.843,0.0976,0.2317
1781857602085,82769,-0.59204,0.77954,-1.09741,1.47055,87.0,-277.312,-350.812,0.4753,0.843,0.0976,0.2317
1781857602144,82828,-0.81055,0.11987,-1.18555,1.44114,324.562,-221.688,-433.25,0.3421,0.8895,-0.1088,0.2824
1781857602145,82829,-0.83203,-0.05835,-1.14038,1.41285,308.375,-224.25,-424.875,0.3214,0.8901,-0.1517,0.2848
1781857602187,82871,-0.83203,-0.05835,-1.14038,1.41285,308.375,-224.25,-424.875,0.3214,0.8901,-0.1517,0.2848
1781857602205,82889,-0.81055,-0.41675,-0.94849,1.31541,62.25,-73.312,74.938,0.2664,0.8791,-0.2451,0.3096
1781857602205,82889,-0.81274,-0.32861,-0.95557,1.29678,70.75,-62.688,71.438,0.2691,0.876,-0.2478,0.3137
1781857602207,82891,-0.75854,-0.09961,-0.83032,1.12905,47.25,-104.562,60.125,0.2838,0.8569,-0.2689,0.3353
1781857602280,82964,-0.74072,-0.09302,-0.86353,1.14149,47.125,-109.375,67.375,0.2857,0.8541,-0.2709,0.3395
1781857602280,82964,-0.71338,-0.1123,-0.90576,1.15842,61.438,-109.438,78.875,0.2878,0.8487,-0.2741,0.3485
1781857602281,82965,-0.94482,-0.2251,-0.78857,1.25108,36.438,-44.125,32.188,0.3063,0.8215,-0.2965,0.3782
1781857602335,83019,-0.94482,-0.2251,-0.78857,1.25108,36.438,-44.125,32.188,0.3063,0.8215,-0.2965,0.3782
1781857602385,83069,-0.88135,-0.2854,-0.77515,1.20792,13.812,-4.688,23.625,0.3063,0.8206,-0.2966,0.3802
1781857602455,83139,-1.28735,-0.13818,-0.38428,1.35057,-5.562,-238.312,160.562,0.3527,0.6207,-0.282,0.6408
1781857602456,83140,-1.33105,0.03711,-0.302,1.36539,27.5,-229.0,114.0,0.3522,0.6091,-0.2803,0.6527
1781857602456,83140,-1.28638,0.14844,-0.18481,1.30804,38.062,-219.312,89.5,0.353,0.601,-0.2819,0.6591
1781857602509,83193,-1.26025,0.2085,-0.09058,1.28059,42.875,-213.0,66.938,0.3535,0.5933,-0.2841,0.6649
1781857602513,83197,-1.2019,0.20972,0.02905,1.22041,30.625,-204.438,30.0,0.3499,0.5809,-0.2865,0.6766
1781857602514,83198,-1.02417,-0.02417,0.17651,1.03955,7.062,-43.5,-4.375,0.3339,0.5529,-0.3025,0.7007
1781857602565,83249,-1.01514,-0.03027,0.16357,1.02868,10.75,-32.062,7.125,0.3336,0.5512,-0.3035,0.7018
1781857602566,83250,-0.99951,-0.00903,0.15479,1.01147,7.562,-17.312,15.438,0.3337,0.5498,-0.3033,0.703
1781857602566,83250,-1.08838,0.26489,0.26904,1.15201,-45.125,-46.438,-62.312,0.3169,0.5422,-0.3017,0.7171
1781857602629,83313,-1.07349,0.17651,0.31177,1.13169,-42.5,-44.5,-81.562,0.3131,0.5424,-0.3037,0.7178
1781857602630,83314,-1.03247,-0.03174,0.32666,1.08338,-68.312,-44.375,-103.625,0.3037,0.544,-0.3082,0.7188
1781857602630,83314,-1.00513,-0.15698,0.23242,1.04352,-219.438,-61.312,-156.125,0.2314,0.5654,-0.3124,0.7272
1781857602687,83371,-0.98462,-0.1792,0.23682,1.02843,-215.688,-72.75,-167.625,0.2196,0.5678,-0.313,0.7288
1781857602690,83374,-0.96997,-0.19263,0.24487,1.01878,-209.688,-83.438,-176.875,0.2076,0.5697,-0.3141,0.7303
1781857602690,83374,-1.02954,-0.32227,0.3269,1.12724,-265.125,-55.25,-203.938,0.0845,0.5884,-0.3282,0.734
1781857602771,83455,-0.89771,-0.43799,0.33398,1.05321,-275.0,-60.688,-196.812,0.07,0.591,-0.3279,0.7335
1781857602772,83456,-0.74902,-0.39868,0.25977,0.88739,-276.062,-59.938,-170.438,0.0559,0.5935,-0.3267,0.7333
1781857602773,83457,-0.80371,-0.53052,0.28198,1.00345,-144.438,-43.312,-46.5,-0.0228,0.6094,-0.2951,0.7354
1781857602814,83498,-0.80371,-0.53052,0.28198,1.00345,-144.438,-43.312,-46.5,-0.0228,0.6094,-0.2951,0.7354
1781857602814,83498,-0.70947,-0.36572,0.31787,0.85915,-118.312,-56.25,-41.875,-0.0285,0.6091,-0.2931,0.7362
1781857602814,83498,-0.8894,-0.64087,0.23975,1.12215,-30.625,-24.938,-62.688,-0.06,0.6019,-0.2738,0.7476
1781857602865,83549,-0.82666,-0.59937,0.24634,1.05038,-14.688,-35.062,-74.812,-0.0629,0.6009,-0.2756,0.7475
1781857602867,83551,-0.73413,-0.49707,0.27832,0.92924,-8.25,-43.188,-77.5,-0.0657,0.5994,-0.2778,0.7476
1781857602868,83552,-0.77417,-0.34961,0.25586,0.88715,-61.25,-25.812,-26.375,-0.0995,0.5907,-0.2801,0.7499
1781857602942,83626,-0.74414,-0.33667,0.21313,0.84411,-66.375,-18.5,-6.25,-0.1047,0.5908,-0.2775,0.7501
1781857602942,83626,-0.7876,-0.36865,0.16797,0.88568,-68.812,-8.188,10.0,-0.1099,0.5917,-0.2728,0.7504
1781857602943,83627,-0.85913,-0.50342,0.12207,1.00321,-73.75,52.562,21.688,-0.1221,0.6044,-0.2529,0.7453
1781857602984,83668,-0.86328,-0.43799,0.14795,0.97927,-68.875,75.312,2.5,-0.1245,0.6104,-0.2492,0.7413
1781857602985,83669,-0.80957,-0.47363,0.15356,0.95043,-72.562,86.062,-11.062,-0.126,0.6137,-0.2481,0.7387
1781857602985,83669,-0.91357,-0.40674,0.12866,1.00827,-31.938,125.438,43.25,-0.1344,0.6519,-0.2498,0.7031
1781857603058,83742,-0.90161,-0.3623,0.17773,0.9878,-32.625,127.25,46.438,-0.1327,0.6563,-0.2481,0.6999
1781857603064,83748,-0.91528,-0.36304,0.16821,0.99892,-35.938,132.438,50.188,-0.1309,0.6608,-0.2464,0.6965
1781857603065,83749,-1.00659,-0.35547,0.06055,1.06923,-80.75,116.688,48.562,-0.1192,0.7098,-0.2172,0.6592
1781857603106,83790,-0.99878,-0.33862,0.03833,1.05532,-84.062,114.5,45.625,-0.119,0.7141,-0.2139,0.6557
1781857603107,83791,-1.00317,-0.33691,0.02832,1.05862,-86.938,116.625,45.25,-0.1189,0.7183,-0.2105,0.6522
1781857603107,83791,-1.14917,-0.24121,-0.04077,1.17492,-54.062,44.438,-7.312,-0.1205,0.7528,-0.1793,0.6217
1781857603171,83855,-1.17407,-0.43481,-0.01025,1.25204,-51.625,19.0,-34.5,-0.1244,0.7546,-0.1779,0.619
1781857603172,83856,-1.05566,-0.38281,-0.05127,1.1241,-55.188,-5.375,-33.688,-0.1296,0.7553,-0.1762,0.6176
1781857603172,83856,-1.04248,-0.35376,-0.15479,1.1117,-25.625,18.438,-13.875,-0.1401,0.7575,-0.1751,0.6129
1781857603226,83910,-1.04248,-0.35376,-0.15479,1.1117,-25.625,18.438,-13.875,-0.1401,0.7575,-0.1751,0.6129
1781857603226,83910,-1.05103,-0.36841,-0.12744,1.12099,-28.25,13.812,-5.625,-0.141,0.758,-0.1744,0.6123
1781857603226,83910,-1.02588,-0.27881,-0.17041,1.07666,20.5,-56.5,5.125,-0.1434,0.7519,-0.1712,0.6201
1781857603285,83969,-1.01416,-0.26978,-0.1687,1.0629,24.125,-61.438,10.375,-0.1429,0.7502,-0.1712,0.6223
1781857603285,83969,-1.00854,-0.27832,-0.15991,1.05839,25.5,-63.688,16.75,-0.1422,0.7484,-0.1712,0.6246
1781857603288,83972,-1.00854,-0.27832,-0.15991,1.05839,25.5,-63.688,16.75,-0.1422,0.7484,-0.1712,0.6246
1781857603344,84028,-0.91235,-0.38721,-0.18555,1.00834,14.5,-30.562,32.562,-0.1325,0.7341,-0.1645,0.6451
1781857603344,84028,-0.90503,-0.38794,-0.17847,1.00071,15.438,-23.125,33.75,-0.1312,0.7336,-0.164,0.6461
1781857603345,84029,-0.90503,-0.38794,-0.17847,1.00071,15.438,-23.125,33.75,-0.1312,0.7336,-0.164,0.6461
1781857603408,84092,-0.99902,-0.23682,-0.17139,1.04091,28.5,-14.0,95.0,-0.1068,0.7324,-0.1511,0.655
1781857603409,84093,-0.98267,-0.22607,-0.16431,1.02164,23.625,-11.688,104.688,-0.103,0.7324,-0.1489,0.6562
1781857603409,84093,-0.98267,-0.22607,-0.16431,1.02164,23.625,-11.688,104.688,-0.103,0.7324,-0.1489,0.6562
1781857603466,84150,-0.85547,-0.44775,-0.21045,0.98823,-26.312,16.875,75.812,-0.0635,0.7397,-0.1076,0.661
1781857603466,84150,-0.84351,-0.43506,-0.23267,0.9772,-29.812,20.062,66.75,-0.0621,0.7406,-0.1048,0.6606
1781857603467,84151,-0.9082,-0.29932,-0.17114,0.97145,-36.688,36.0,54.312,-0.0548,0.7516,-0.0823,0.6519
1781857603527,84211,-0.90503,-0.30713,-0.18164,0.97283,-39.625,34.812,55.312,-0.054,0.7535,-0.0781,0.6503
1781857603528,84212,-0.90405,-0.31958,-0.18164,0.97593,-41.5,34.25,55.25,-0.0533,0.7548,-0.0754,0.6492
1781857603530,84214,-0.90405,-0.31958,-0.18164,0.97593,-41.5,34.25,55.25,-0.0533,0.7548,-0.0754,0.6492
1781857603584,84268,-0.82593,-0.35083,-0.17627,0.9145,-42.75,27.125,25.75,-0.0529,0.7645,-0.0517,0.6401
1781857603584,84268,-0.79468,-0.31738,-0.19897,0.87854,-38.0,28.938,26.188,-0.0533,0.7665,-0.048,0.638
1781857603590,84274,-0.79468,-0.31738,-0.19897,0.87854,-38.0,28.938,26.188,-0.0533,0.7665,-0.048,0.638
1781857603644,84328,-0.81934,-0.2478,-0.3103,0.9105,-32.75,95.312,45.562,-0.0503,0.7872,-0.0302,0.6137
1781857603644,84328,-0.81299,-0.24194,-0.31299,0.90413,-33.875,100.0,48.875,-0.0495,0.79,-0.0281,0.6103
1781857603645,84329,-0.81299,-0.24194,-0.31299,0.90413,-33.875,100.0,48.875,-0.0495,0.79,-0.0281,0.6103
1781857603714,84398,-0.8855,-0.21533,-0.41431,1.00106,-17.5,149.562,54.188,-0.0344,0.8268,-0.0084,0.5612
1781857603714,84398,-0.86206,-0.18408,-0.45166,0.99047,-21.562,145.812,52.562,-0.0316,0.834,-0.005,0.5506
1781857603715,84399,-0.95215,-0.15894,-0.59302,1.13292,-58.562,142.438,52.062,-0.0217,0.8603,0.0115,0.5089
1781857603767,84451,-0.95215,-0.15894,-0.59302,1.13292,-58.562,142.438,52.062,-0.0217,0.8603,0.0115,0.5089
1781857603772,84456,-0.98975,-0.15967,-0.61133,1.17423,-58.125,129.438,38.812,-0.0194,0.8678,0.018,0.496
1781857603773,84457,-0.83228,-0.07373,-0.57983,1.01702,-27.75,36.25,-38.5,-0.03,0.8861,0.0279,0.4614
1781857603827,84511,-0.80298,-0.08154,-0.58301,0.99565,-30.875,35.5,-43.0,-0.0322,0.8875,0.0272,0.4586
1781857603828,84512,-0.80737,-0.09326,-0.57178,0.99372,-31.938,31.75,-46.5,-0.0346,0.888,0.0274,0.4574
1781857603828,84512,-0.84204,-0.03027,-0.48486,0.97213,-46.688,-54.125,-78.062,-0.0578,0.885,0.0277,0.4609
1781857603884,84568,-0.84204,-0.03027,-0.48486,0.97213,-46.688,-54.125,-78.062,-0.0578,0.885,0.0277,0.4609
1781857603885,84569,-0.82446,-0.03125,-0.47705,0.95304,-50.75,-67.75,-82.5,-0.0639,0.8821,0.0275,0.4656
1781857603885,84569,-0.80273,0.00977,-0.49829,0.94487,-49.125,-66.062,-93.75,-0.1039,0.8644,0.0298,0.4908
1781857603946,84630,-0.80933,0.00854,-0.49634,0.94944,-49.25,-58.812,-93.938,-0.1127,0.8608,0.0301,0.4951
1781857603946,84630,-0.80029,0.00342,-0.49609,0.94159,-48.812,-56.875,-93.5,-0.1171,0.8591,0.0302,0.4971
1781857603947,84631,-0.82886,-0.0022,-0.32446,0.8901,-64.562,-51.0,-74.062,-0.1594,0.8414,0.0372,0.5147
1781857604006,84690,-0.82886,-0.0022,-0.32446,0.8901,-64.562,-51.0,-74.062,-0.1594,0.8414,0.0372,0.5147
1781857604006,84690,-0.84131,-0.00415,-0.30835,0.89605,-65.125,-52.188,-71.125,-0.1633,0.8397,0.0383,0.5162
1781857604006,84690,-1.12646,0.1123,-0.30322,1.17196,-101.938,3.312,-99.062,-0.2079,0.823,0.0482,0.5262
1781857604065,84749,-1.05908,0.13086,-0.35376,1.12424,-94.562,9.25,-91.125,-0.2133,0.8222,0.0496,0.5252
1781857604066,84750,-0.99365,0.10669,-0.49683,1.11605,-73.75,5.75,-88.812,-0.2202,0.8215,0.0494,0.5235
1781857604066,84750,-0.94751,0.10986,-0.45312,1.05601,-40.0,-0.062,-17.938,-0.2474,0.8164,0.0568,0.5184
1781857604194,84878,-0.94751,0.10986,-0.45312,1.05601,-40.0,-0.062,-17.938,-0.2474,0.8164,0.0568,0.5184
1781857604194,84878,-0.93311,0.10913,-0.44556,1.03977,-24.25,4.75,3.562,-0.2472,0.817,0.0576,0.5176
1781857604197,84881,-1.04175,0.10547,-0.31763,1.09419,20.438,-22.0,28.125,-0.2335,0.8172,0.0606,0.5233
1781857604197,84881,-1.02661,0.10889,-0.34839,1.08957,26.625,-28.188,18.938,-0.232,0.8168,0.0606,0.5244
1781857604250,84934,-1.00952,0.09741,-0.40186,1.09092,29.938,-23.688,15.0,-0.2301,0.8164,0.06,0.526
1781857604255,84939,-0.87061,0.13428,-0.64331,1.09079,-114.688,-12.438,27.812,-0.2214,0.8189,0.0795,0.5233
1781857604255,84939,-0.83789,-0.01514,-0.52148,0.98703,-148.25,26.0,-23.562,-0.2653,0.8156,0.1342,0.496
1781857604307,84991,-0.83398,-0.01123,-0.50513,0.97509,-145.188,24.688,-21.062,-0.2693,0.8151,0.1386,0.4936
1781857604308,84992,-0.84009,-0.00098,-0.50098,0.97812,-138.312,18.688,-17.0,-0.2749,0.8142,0.145,0.4902
1781857604308,84992,-0.83398,0.01416,-0.43921,0.94267,-102.188,-0.062,-16.062,-0.3034,0.8066,0.1793,0.4743
1781857604370,85054,-0.84106,0.00122,-0.44385,0.951,-99.062,-8.188,-22.875,-0.306,0.8054,0.1824,0.4734
1781857604370,85054,-0.87134,0.03735,-0.47876,0.9949,-91.625,-15.938,-33.812,-0.3118,0.8026,0.1881,0.4723
1781857604370,85054,-0.854,0.1123,-0.49609,0.994,-50.75,-26.688,-18.688,-0.3309,0.7902,0.206,0.4727
1781857604428,85112,-0.85327,0.08154,-0.50269,0.99369,-46.812,-27.375,-17.25,-0.3322,0.7889,0.2077,0.4731
1781857604434,85118,-0.87134,0.06226,-0.50098,1.00702,-43.938,-27.438,-15.5,-0.3334,0.7878,0.2092,0.4735
1781857604434,85118,-0.90649,0.12671,-0.47217,1.02992,-5.625,-14.562,10.75,-0.3364,0.7808,0.2209,0.4777
1781857604489,85173,-0.90601,0.1333,-0.45825,1.02402,-2.062,-14.438,11.125,-0.3359,0.7806,0.2214,0.478
1781857604489,85173,-0.89844,0.13721,-0.46021,1.01873,1.062,-14.5,11.875,-0.3354,0.7805,0.2219,0.4783
1781857604490,85174,-0.88135,0.08521,-0.40356,0.97309,20.5,-21.625,11.812,-0.327,0.7803,0.2227,0.484
1781857604546,85230,-0.88208,0.06738,-0.39893,0.97044,21.75,-24.188,11.812,-0.3259,0.7802,0.2225,0.4849
1781857604546,85230,-0.89648,0.05078,-0.40356,0.98444,22.938,-25.75,11.188,-0.3248,0.7801,0.2224,0.486
1781857604546,85230,-0.86182,0.15063,-0.45386,0.9856,36.375,-4.25,47.375,-0.3077,0.7827,0.2201,0.4938
1781857604604,85288,-0.86768,0.15796,-0.47363,1.00107,35.688,1.125,54.875,-0.3051,0.7838,0.2201,0.4938
1781857604604,85288,-0.86377,0.16553,-0.47192,0.9981,32.875,11.938,69.5,-0.2988,0.7868,0.2198,0.493
1781857604605,85289,-0.82031,0.18701,-0.39502,0.92948,-9.0,11.562,120.875,-0.2674,0.8015,0.2282,0.4836
1781857604670,85354,-0.90942,0.20044,-0.44946,1.03404,-9.5,17.688,123.625,-0.2595,0.8047,0.2336,0.4798
1781857604670,85354,-0.92554,0.20435,-0.44458,1.04691,-7.875,17.25,121.0,-0.2517,0.8079,0.2389,0.4759
1781857604670,85354,-0.89404,0.25806,-0.47534,1.04492,-14.938,34.75,90.188,-0.2243,0.8197,0.2589,0.4588
1781857604731,85415,-0.92749,0.23486,-0.50317,1.08101,-10.188,33.75,84.688,-0.2219,0.8211,0.2606,0.4566
1781857604731,85415,-0.93262,0.22339,-0.48291,1.07372,-6.25,30.812,79.812,-0.2196,0.8223,0.2622,0.4545
1781857604731,85415,-0.85303,0.25757,-0.50293,1.0232,19.438,14.812,39.562,-0.1983,0.8321,0.266,0.4441
1781857604794,85478,-0.8877,0.2644,-0.52417,1.06427,21.75,14.562,41.438,-0.1965,0.833,0.2659,0.4432
1781857604794,85478,-0.8811,0.26221,-0.51147,1.052,22.0,11.75,41.062,-0.1948,0.8338,0.2658,0.4425
1781857604795,85479,-0.84473,0.27856,-0.47998,1.01071,18.5,-1.938,26.188,-0.18,0.8386,0.2646,0.4405
1781857604849,85533,-0.86426,0.27588,-0.4856,1.02901,17.938,-3.0,24.0,-0.1781,0.8392,0.2643,0.4404
1781857604850,85534,-0.86646,0.27271,-0.48535,1.02989,16.688,-4.125,22.125,-0.1769,0.8394,0.2641,0.4404
1781857604850,85534,-0.84546,0.25757,-0.54297,1.03728,-8.812,-0.875,-2.125,-0.1723,0.84,0.2631,0.4418
1781857604905,85589,-0.87769,0.24316,-0.54907,1.06346,-12.062,-2.5,-2.5,-0.1726,0.8399,0.2634,0.4419
1781857604905,85589,-0.86792,0.24219,-0.5332,1.04702,-13.562,-5.688,-0.625,-0.1728,0.8396,0.2639,0.442
1781857604905,85589,-0.83203,0.26538,-0.44214,0.97887,-29.375,3.438,-49.938,-0.1844,0.8347,0.2675,0.4443
1781857604964,85648,-0.84277,0.27319,-0.43481,0.9869,-25.438,10.312,-66.5,-0.1885,0.8337,0.2672,0.4447
1781857604964,85648,-0.85449,0.27344,-0.43628,0.99763,-24.188,16.312,-74.938,-0.1918,0.8331,0.2666,0.4448
1781857604965,85649,-0.96729,0.12305,-0.48462,1.08887,-27.812,17.25,-54.75,-0.2262,0.8279,0.2601,0.4421
1781857605025,85709,-0.96802,0.08374,-0.50049,1.09296,-21.188,12.562,-43.188,-0.2285,0.8274,0.2598,0.442
1781857605025,85709,-0.92798,0.07837,-0.50977,1.06167,-14.5,8.812,-32.562,-0.2302,0.8271,0.2596,0.4418
1781857605025,85709,-0.92798,0.07837,-0.50977,1.06167,-14.5,8.812,-32.562,-0.2302,0.8271,0.2596,0.4418
1781857605084,85768,-0.83716,0.25293,-0.37622,0.95202,-0.438,-10.125,-53.062,-0.2485,0.821,0.2527,0.4473
1781857605084,85768,-0.84204,0.28003,-0.36401,0.95914,1.562,-12.438,-53.062,-0.2502,0.8202,0.2518,0.4483
1781857605088,85772,-0.65356,0.34424,-0.80103,1.08963,-18.188,47.75,4.0,-0.2607,0.8201,0.248,0.4447
1781857605149,85833,-0.65771,0.33228,-0.84985,1.12483,-33.188,54.0,-5.0,-0.2619,0.8209,0.2484,0.4423
1781857605149,85833,-0.6438,0.31177,-0.89185,1.14327,-49.5,58.062,-22.125,-0.2639,0.8214,0.2489,0.4398
1781857605149,85833,-0.6438,0.31177,-0.89185,1.14327,-49.5,58.062,-22.125,-0.2639,0.8214,0.2489,0.4398
1781857605205,85889,-0.07886,0.95337,-2.61401,2.78356,-473.312,113.875,-163.562,-0.3588,0.7962,0.2966,0.3861
1781857605205,85889,-0.16992,0.84106,-2.70654,2.8393,-533.062,132.688,-176.0,-0.3749,0.7893,0.3091,0.375
1781857605205,85889,-1.05713,-0.5271,-1.37207,1.81051,-819.25,253.625,-227.938,-0.5971,0.6303,0.4691,0.1608
1781857605264,85948,-1.06567,-0.61475,-0.96948,1.56636,-760.062,223.5,-206.062,-0.6203,0.5998,0.4886,0.1282
1781857605264,85948,-1.03613,-0.60181,-0.78857,1.43443,-717.375,212.125,-191.812,-0.6336,0.5801,0.5001,0.1077
1781857605266,85950,-1.03613,-0.60181,-0.78857,1.43443,-717.375,212.125,-191.812,-0.6336,0.5801,0.5001,0.1077
1781857605328,86012,-1.04736,0.04346,0.28247,1.08566,-152.625,-56.062,-45.375,-0.6787,0.47,0.5639,0.0154
1781857605328,86012,-1.02344,0.1062,0.26416,1.0623,-129.5,-70.562,-35.5,-0.6779,0.4654,0.5687,0.0139
1781857605386,86070,-1.02344,0.1062,0.26416,1.0623,-129.5,-70.562,-35.5,-0.6779,0.4654,0.5687,0.0139
1781857605386,86070,-1.02441,0.24658,-0.36011,1.11351,92.0,-53.625,108.625,-0.6422,0.4826,0.5946,0.0285
1781857605393,86077,-1.03198,0.20459,-0.35254,1.10956,117.875,-50.938,124.188,-0.6383,0.4887,0.5939,0.0298
1781857605444,86128,-0.93335,0.23901,-0.15308,0.97555,297.438,-78.062,156.812,-0.5806,0.5838,0.5629,0.0697
1781857605444,86128,-0.93115,0.27661,-0.19629,0.991,297.125,-73.5,152.562,-0.5747,0.5939,0.5577,0.0748
1781857605445,86129,-0.93115,0.27661,-0.19629,0.991,297.125,-73.5,152.562,-0.5747,0.5939,0.5577,0.0748
1781857605507,86191,-1.0752,0.17798,-0.21924,1.11166,96.938,-117.438,19.0,-0.5203,0.6645,0.5217,0.1235
1781857605507,86191,-1.01538,0.16235,-0.11646,1.03485,74.688,-148.125,-7.0,-0.5125,0.6671,0.5231,0.1359
1781857605507,86191,-1.01538,0.16235,-0.11646,1.03485,74.688,-148.125,-7.0,-0.5125,0.6671,0.5231,0.1359
1781857605567,86251,-0.73657,0.06787,-0.021,0.73999,-19.188,-96.312,-43.562,-0.4894,0.6552,0.5421,0.1926
1781857605567,86251,-0.80591,0.00415,-0.01099,0.80599,-30.5,-85.312,-38.625,-0.4854,0.6496,0.5483,0.2035
1781857605568,86252,-0.68066,-0.06372,-0.05664,0.68598,36.938,-60.75,-58.438,-0.4757,0.6382,0.5578,0.2345
1781857605627,86311,-0.68066,-0.06372,-0.05664,0.68598,36.938,-60.75,-58.438,-0.4757,0.6382,0.5578,0.2345
1781857605627,86311,-0.67847,-0.04614,-0.07397,0.68405,52.25,-38.438,-64.812,-0.4749,0.6376,0.5553,0.2433
1781857605628,86312,-0.81665,-0.15552,-0.12109,0.8401,36.125,8.438,-62.562,-0.486,0.6339,0.5347,0.2752
1781857605683,86367,-0.81689,-0.17285,-0.08276,0.83907,40.0,13.312,-67.438,-0.4873,0.6343,0.5309,0.2796
1781857605684,86368,-0.8186,-0.17773,-0.07202,0.84077,41.688,14.25,-69.5,-0.4881,0.634,0.5297,0.2807
1781857605685,86369,-0.8186,-0.17773,-0.07202,0.84077,41.688,14.25,-69.5,-0.4881,0.634,0.5297,0.2807
1781857605744,86428,-0.8186,-0.17773,-0.07202,0.84077,41.688,14.25,-69.5,-0.4881,0.634,0.5297,0.2807
1781857605744,86428,-0.98755,-0.05664,-0.11621,0.99597,128.938,1.312,-110.25,-0.5075,0.6318,0.4872,0.3251
1781857605745,86429,-0.98755,-0.05664,-0.11621,0.99597,128.938,1.312,-110.25,-0.5075,0.6318,0.4872,0.3251
1781857605806,86490,-1.22974,0.26758,-0.65088,1.41686,223.812,-33.625,-73.875,-0.5053,0.642,0.4153,0.3996
1781857605806,86490,-1.229,0.28223,-0.6792,1.43228,226.062,-33.375,-70.875,-0.504,0.6431,0.4119,0.4031
1781857605806,86490,-1.10449,0.20459,-0.84692,1.40678,346.438,-78.688,16.75,-0.4515,0.6715,0.3441,0.476
1781857605865,86549,-1.09766,0.22827,-0.82275,1.39064,340.688,-72.562,9.312,-0.4426,0.6748,0.3341,0.4866
1781857605865,86549,-1.08667,0.24609,-0.84473,1.3982,332.438,-72.25,12.125,-0.4343,0.6784,0.326,0.4946
1781857605865,86549,-0.91919,0.19556,-1.04663,1.40662,310.812,-47.438,90.5,-0.3619,0.7069,0.267,0.5457
1781857605924,86608,-0.93018,0.18335,-1.06299,1.42436,299.812,-53.25,98.875,-0.3513,0.7108,0.2608,0.5505
1781857605924,86608,-0.95239,0.10352,-1.07495,1.43989,279.188,-62.938,105.375,-0.3391,0.7144,0.2552,0.5561
1781857605925,86609,-0.80859,0.03198,-1.0354,1.31412,114.875,-27.688,-30.0,-0.2805,0.7227,0.2191,0.5923
1781857605984,86668,-0.80786,0.09839,-0.87769,1.19693,91.062,-4.5,-33.062,-0.2794,0.7228,0.2144,0.5943
1781857605985,86669,-0.83618,0.12988,-0.76831,1.14297,69.562,8.125,-32.0,-0.2785,0.7234,0.2113,0.5952
1781857605985,86669,-1.15112,0.10596,-0.1062,1.16086,-121.875,29.0,-52.75,-0.3021,0.7252,0.2116,0.5811
1781857606045,86729,-1.15112,0.10596,-0.1062,1.16086,-121.875,29.0,-52.75,-0.3021,0.7252,0.2116,0.5811
1781857606045,86729,-1.08545,0.1521,-0.27271,1.12947,-140.75,46.562,-51.25,-0.3099,0.7239,0.2152,0.5773
1781857606046,86730,-0.93506,0.17993,-0.32349,1.00566,-118.188,89.375,4.688,-0.3629,0.723,0.2452,0.534
1781857606105,86789,-0.93506,0.17993,-0.32349,1.00566,-118.188,89.375,4.688,-0.3629,0.723,0.2452,0.534
1781857606105,86789,-0.95605,0.19312,-0.32056,1.02669,-89.812,104.375,17.875,-0.3655,0.7275,0.2467,0.5254
1781857606105,86789,-1.04126,0.2749,-0.37866,1.14157,21.25,175.312,92.625,-0.3624,0.7646,0.2413,0.4749
1781857606164,86848,-1.04199,0.26929,-0.39185,1.14534,30.062,175.75,98.625,-0.3604,0.7699,0.2398,0.4686
1781857606164,86848,-1.03735,0.25122,-0.43066,1.15095,42.0,169.438,108.0,-0.3536,0.7816,0.2351,0.4566
1781857606165,86849,-1.08691,0.28784,-0.36865,1.18327,39.062,7.188,84.062,-0.3179,0.8176,0.2272,0.4225
1781857606226,86910,-1.08203,0.26782,-0.3501,1.16837,39.625,-7.188,77.0,-0.3143,0.8189,0.2274,0.4225
1781857606226,86910,-1.02954,0.24829,-0.29883,1.10041,35.125,-23.188,70.688,-0.3092,0.8204,0.2279,0.4232
1781857606226,86910,-0.95776,0.32568,-0.23535,1.03864,-11.562,-48.875,47.375,-0.2824,0.8204,0.2418,0.434
1781857606287,86971,-0.95508,0.32935,-0.24194,1.03884,-18.562,-52.625,48.375,-0.2805,0.8198,0.244,0.4353
1781857606287,86971,-0.9375,0.33887,-0.26025,1.03028,-30.062,-64.188,50.625,-0.2762,0.8183,0.2492,0.4379
1781857606287,86971,-0.93726,0.25928,-0.17627,0.9883,-62.312,-112.312,44.812,-0.258,0.8022,0.2829,0.4578
1781857606344,87028,-0.92163,0.24634,-0.16772,0.96862,-61.0,-116.5,41.188,-0.2564,0.7996,0.2871,0.4607
1781857606344,87028,-0.92163,0.23926,-0.15894,0.96535,-54.312,-125.375,29.812,-0.2525,0.7942,0.2946,0.4673
1781857606345,87029,-1.02954,0.12695,-0.1604,1.04967,-21.375,-129.562,-1.0,-0.2376,0.7667,0.32,0.5031
1781857606408,87092,-1.0144,0.13403,-0.14355,1.03324,-17.812,-128.875,-6.25,-0.2359,0.7619,0.3228,0.5093
1781857606408,87092,-1.04395,0.14771,-0.14185,1.06384,-11.5,-128.0,-11.125,-0.2341,0.7572,0.325,0.5157
1781857606409,87093,-1.06323,0.17236,-0.07837,1.07996,31.812,-170.688,-75.375,-0.2268,0.7246,0.3256,0.5632
1781857606464,87148,-1.06323,0.17236,-0.07837,1.07996,31.812,-170.688,-75.375,-0.2268,0.7246,0.3256,0.5632
1781857606464,87148,-1.14648,0.1792,-0.0918,1.16403,39.125,-201.5,-92.875,-0.2255,0.7119,0.3228,0.5812
1781857606466,87150,-0.97095,-0.00879,-0.01099,0.97105,107.188,-240.188,-64.062,-0.2051,0.6428,0.3045,0.6721
1781857606525,87209,-0.97095,-0.00879,-0.01099,0.97105,107.188,-240.188,-64.062,-0.2051,0.6428,0.3045,0.6721
1781857606525,87209,-1.02637,-0.03662,-0.00488,1.02703,120.75,-206.312,-51.312,-0.1985,0.6314,0.301,0.6863
1781857606525,87209,-0.97339,-0.05786,-0.00488,0.97512,157.188,-136.125,-60.188,-0.1512,0.5998,0.279,0.7343
1781857606585,87269,-0.96021,-0.12646,-0.06763,0.97086,150.375,-117.562,-70.5,-0.1469,0.5974,0.2736,0.7392
1781857606585,87269,-0.93872,-0.23486,-0.09863,0.97267,140.125,-99.188,-78.625,-0.1433,0.5954,0.268,0.7435
1781857606586,87270,-0.96021,-0.06836,0.01123,0.9627,-15.688,35.0,-119.75,-0.1556,0.5848,0.2302,0.7619
1781857606647,87331,-0.948,-0.0979,0.05029,0.95437,-34.375,52.062,-116.062,-0.16,0.5853,0.2268,0.7617
1781857606648,87332,-0.88354,-0.10938,0.1001,0.8959,-49.625,63.5,-109.125,-0.165,0.5861,0.2238,0.7609
1781857606648,87332,-0.91675,-0.17017,0.18506,0.95059,-1.062,17.312,-36.75,-0.1962,0.5941,0.2098,0.7512
1781857606705,87389,-0.91357,-0.15942,0.19019,0.94668,-14.5,18.5,-35.938,-0.1976,0.5942,0.2088,0.751
1781857606705,87389,-0.89966,-0.15918,0.19897,0.93505,-25.75,22.312,-34.375,-0.1995,0.5944,0.208,0.7506
1781857606709,87393,-0.927,-0.21533,0.12012,0.95923,12.312,29.125,45.438,-0.2058,0.6036,0.2078,0.7415
1781857606771,87455,-0.94751,-0.25195,0.0896,0.98452,11.0,21.375,55.5,-0.2043,0.6049,0.2089,0.7405
1781857606772,87456,-0.96753,-0.30908,0.06909,1.01805,11.875,10.188,64.938,-0.2026,0.606,0.2104,0.7397
1781857606772,87456,-0.96289,0.12695,0.08496,0.97493,51.562,-37.062,133.375,-0.1737,0.6039,0.236,0.7411
1781857606828,87512,-0.90649,0.1145,0.12695,0.92247,54.875,-18.688,155.312,-0.1649,0.6051,0.2413,0.7404
1781857606831,87515,-0.87036,0.11938,0.13208,0.88838,47.625,-4.5,163.625,-0.1589,0.6065,0.2452,0.7392
1781857606834,87518,-1.14844,0.1665,0.08057,1.16324,-120.625,182.625,66.25,-0.1587,0.6431,0.2826,0.6936
1781857606884,87568,-1.28735,0.00903,-0.00488,1.28739,-124.375,160.688,88.375,-0.1623,0.6472,0.2871,0.6871
1781857606884,87568,-1.38745,-0.10425,-0.07104,1.39317,-128.25,125.0,122.812,-0.1647,0.6504,0.2929,0.681
1781857606887,87571,-1.02686,0.18188,0.19287,1.06053,-101.812,102.75,14.062,-0.1862,0.6763,0.3335,0.6296
1781857606944,87628,-1.04395,0.1665,0.24609,1.08541,-90.125,100.688,16.188,-0.1915,0.6784,0.337,0.6239
1781857607009,87693,-1.04224,0.16675,0.24341,1.08319,-87.5,102.438,19.125,-0.1931,0.6791,0.3381,0.622
1781857607012,87696,-1.07104,0.19751,0.198,1.10696,-68.625,36.312,38.312,-0.213,0.6946,0.364,0.5825
1781857607012,87696,-1.0564,0.22705,0.1814,1.09564,-47.938,9.938,29.188,-0.2136,0.6944,0.3663,0.5811
1781857607064,87748,-1.09155,0.20605,0.02637,1.11114,-3.312,-31.125,4.188,-0.2135,0.6938,0.3671,0.5814
1781857607065,87749,-0.71484,0.10303,0.2522,0.765,57.25,-366.812,-157.562,-0.1884,0.6473,0.3378,0.6566
1781857607065,87749,-0.92749,0.12524,0.17822,0.95273,19.125,-159.938,-143.562,-0.1942,0.5338,0.2839,0.7723
1781857607124,87808,-0.98804,0.14062,0.18164,1.01439,13.625,-163.938,-151.812,-0.195,0.5274,0.28,0.7779
1781857607124,87808,-1.01416,0.13428,0.21777,1.04593,11.625,-158.188,-166.562,-0.1964,0.5208,0.2756,0.7835
1781857607125,87809,-0.90112,-0.05664,0.36108,0.97243,26.625,61.188,-89.062,-0.2205,0.4899,0.223,0.8132
1781857607187,87871,-0.92139,-0.0481,0.34131,0.98375,21.125,71.5,-73.5,-0.2219,0.4919,0.2192,0.8127
1781857607187,87871,-0.92969,-0.03247,0.31348,0.98165,17.625,77.938,-62.375,-0.2233,0.4942,0.2158,0.8118
1781857607188,87872,-0.92969,-0.03247,0.31348,0.98165,17.625,77.938,-62.375,-0.2233,0.4942,0.2158,0.8118
1781857607248,87932,-0.66772,0.05322,0.39673,0.77851,15.75,-118.5,-92.5,-0.2319,0.4888,0.1943,0.8181
1781857607248,87932,-0.64746,0.03711,0.34497,0.73457,28.25,-172.875,-142.625,-0.2325,0.4791,0.1894,0.8248
1781857607248,87932,-0.64746,0.03711,0.34497,0.73457,28.25,-172.875,-142.625,-0.2325,0.4791,0.1894,0.8248
1781857607307,87991,-0.86938,-0.31787,0.63623,1.12324,-54.812,-291.5,-399.062,-0.2767,0.344,0.1075,0.8906
1781857607307,87991,-0.83325,-0.35278,0.66626,1.12368,-62.062,-280.875,-405.0,-0.2836,0.328,0.0963,0.8958
1781857607309,87993,-0.83325,-0.35278,0.66626,1.12368,-62.062,-280.875,-405.0,-0.2836,0.328,0.0963,0.8958
1781857607363,88047,-0.43726,-0.80371,0.70361,1.15422,-45.75,50.5,-377.875,-0.361,0.2263,-0.041,0.9036
1781857607364,88048,-0.41577,-0.82593,0.71289,1.16758,-57.438,62.938,-376.938,-0.3666,0.2228,-0.056,0.9014
1781857607365,88049,-0.20654,-0.63232,0.53687,0.85482,-119.562,148.125,-357.562,-0.4501,0.2041,-0.2027,0.8452
1781857607423,88107,-0.21411,-0.63379,0.52466,0.85018,-101.438,146.625,-362.188,-0.4557,0.2033,-0.2177,0.8386
1781857607424,88108,-0.23096,-0.64819,0.51953,0.86221,-82.188,141.562,-368.062,-0.4606,0.2022,-0.2327,0.8322
1781857607426,88110,-0.23096,-0.64819,0.51953,0.86221,-82.188,141.562,-368.062,-0.4606,0.2022,-0.2327,0.8322
1781857607483,88167,0.09204,-0.73804,0.40869,0.84865,-45.5,-70.688,-587.5,-0.51,0.1184,-0.3818,0.7615
1781857607484,88168,0.11743,-0.74292,0.36157,0.83454,-37.625,-73.25,-610.625,-0.5154,0.1033,-0.3996,0.7508
1781857607485,88169,0.11743,-0.74292,0.36157,0.83454,-37.625,-73.25,-610.625,-0.5154,0.1033,-0.3996,0.7508
1781857607544,88228,0.8374,-0.48071,0.50781,1.09096,51.375,-1.562,-535.625,-0.5239,-0.0756,-0.5828,0.6164
1781857607544,88228,0.86108,-0.46948,0.52222,1.11112,54.5,7.938,-499.875,-0.5205,-0.0883,-0.5961,0.6047
1781857607545,88229,0.86108,-0.46948,0.52222,1.11112,54.5,7.938,-499.875,-0.5205,-0.0883,-0.5961,0.6047
1781857607604,88288,0.82056,-0.47046,0.52466,1.08162,-104.75,129.062,-9.312,-0.4788,-0.1158,-0.6799,0.5429
1781857607664,88348,0.82837,-0.42627,0.54395,1.07879,-107.438,113.188,14.875,-0.4779,-0.1098,-0.6827,0.5415
1781857607664,88348,0.77222,-0.36108,0.52466,1.00098,36.875,-8.375,47.812,-0.4785,-0.0753,-0.6822,0.5474
1781857607664,88348,0.72778,-0.43555,0.49902,0.98407,51.5,-22.312,31.062,-0.4782,-0.0745,-0.6829,0.547
1781857607665,88349,0.71338,-0.479,0.48877,0.98856,54.125,-30.375,19.812,-0.4779,-0.0762,-0.6815,0.5487
1781857607725,88409,0.71338,-0.479,0.48877,0.98856,54.125,-30.375,19.812,-0.4779,-0.0762,-0.6815,0.5487
1781857607725,88409,0.78809,-0.48828,0.43091,1.02234,-159.0,-13.875,-45.375,-0.4942,-0.0745,-0.686,0.5285
1781857607726,88410,0.7583,-0.47217,0.4812,1.01465,-47.062,28.188,-57.312,-0.5158,-0.0257,-0.7122,0.4752
1781857607786,88470,0.7583,-0.47217,0.4812,1.01465,-47.062,28.188,-57.312,-0.5158,-0.0257,-0.7122,0.4752
1781857607788,88472,0.69312,-0.40063,0.42456,0.90618,-12.375,40.688,-63.25,-0.5145,-0.025,-0.7166,0.4699
1781857607788,88472,0.79956,-0.37427,0.43628,0.98474,41.938,38.125,-191.562,-0.4922,-0.0552,-0.7512,0.4361
1781857607843,88527,0.79956,-0.37427,0.43628,0.98474,41.938,38.125,-191.562,-0.4922,-0.0552,-0.7512,0.4361
1781857607844,88528,0.80518,-0.32202,0.46118,0.98219,28.312,35.375,-210.25,-0.4876,-0.0643,-0.7603,0.424
1781857607845,88529,0.81079,-0.08813,0.49243,0.9527,24.438,-4.25,-333.875,-0.4696,-0.1173,-0.8045,0.3438
1781857607904,88588,0.79932,-0.08228,0.47095,0.93138,31.0,-7.812,-355.875,-0.4676,-0.1254,-0.8093,0.3322
1781857607909,88593,0.76196,-0.05884,0.46753,0.8959,37.375,-9.312,-388.688,-0.4638,-0.1397,-0.816,0.315
1781857607909,88593,0.64551,0.40063,0.45654,0.88635,55.062,-76.625,-624.812,-0.4271,-0.2613,-0.8541,0.1397
1781857607964,88648,0.64551,0.40063,0.45654,0.88635,55.062,-76.625,-624.812,-0.4271,-0.2613,-0.8541,0.1397
1781857607964,88648,0.56885,0.51685,0.41675,0.8743,54.938,-77.25,-667.062,-0.4155,-0.2916,-0.8561,0.0954
1781857607965,88649,0.18237,1.0061,0.44092,1.11351,69.812,-17.062,-760.062,0.3124,0.4391,0.8261,0.1639
1781857608024,88708,0.14233,1.05981,0.45605,1.16252,57.188,-12.875,-735.062,0.29,0.4581,0.8162,0.1987
1781857608024,88708,0.13354,1.10864,0.46655,1.2102,49.812,-10.188,-711.062,0.2766,0.4686,0.8085,0.2233
1781857608024,88708,0.21997,1.03247,0.35107,1.11249,-72.875,-40.812,-283.625,0.1728,0.5098,0.7516,0.3809
1781857608084,88768,0.21997,1.03247,0.35107,1.11249,-72.875,-40.812,-283.625,0.1728,0.5098,0.7516,0.3809
1781857608087,88771,0.12793,1.06836,0.28271,1.11251,-52.625,-67.875,-199.188,0.1647,0.5072,0.7457,0.3991
1781857608087,88771,-0.19946,0.96948,0.48145,1.10067,99.688,-18.812,102.25,0.1949,0.5113,0.7255,0.4171
1781857608150,88834,-0.19946,0.96948,0.48145,1.10067,99.688,-18.812,102.25,0.1949,0.5113,0.7255,0.4171
1781857608150,88834,-0.28809,0.95996,0.5105,1.12478,96.75,14.688,107.062,0.1987,0.5136,0.7253,0.4129
1781857608150,88834,0.06982,0.93481,0.35767,1.00333,-31.938,131.5,-15.125,0.1632,0.5419,0.741,0.3608
1781857608203,88887,0.03809,0.95874,0.33643,1.01677,-24.25,92.312,-17.688,0.1593,0.5428,0.7421,0.3592
1781857608204,88888,-0.06396,0.97876,0.27832,1.01957,0.5,20.188,-16.375,0.1553,0.5439,0.7426,0.3582
1781857608205,88889,-0.05786,0.54639,0.62549,0.83254,-70.375,-44.875,-9.25,0.1754,0.5505,0.7272,0.3702
1781857608264,88948,-0.05786,0.54639,0.62549,0.83254,-70.375,-44.875,-9.25,0.1754,0.5505,0.7272,0.3702
1781857608265,88949,-0.09302,0.95386,0.33203,1.01427,-73.125,-28.875,-14.125,0.1751,0.5479,0.7285,0.3718
1781857608326,89010,-0.36938,0.78906,0.36621,0.94508,-31.0,-34.938,-110.562,0.1623,0.5485,0.7186,0.3952
1781857608327,89011,-0.37817,0.87207,0.30957,0.99968,-43.188,-19.75,-136.75,0.1593,0.5478,0.7171,0.4001
1781857608327,89011,-0.29639,0.95679,0.28564,1.04158,-53.062,4.688,-172.625,0.1524,0.5471,0.7145,0.4081
1781857608384,89068,-0.36108,0.79053,0.4043,0.95853,-37.5,-16.125,-245.562,0.0971,0.5443,0.6871,0.4711
1781857608384,89068,-0.4104,0.79443,0.41577,0.98611,-51.25,-11.75,-268.25,0.0904,0.5436,0.6828,0.4793
1781857608385,89069,-0.66846,0.60596,0.48706,1.0253,-99.188,28.375,-501.25,-0.0413,0.5269,0.5975,0.6027
1781857608443,89127,-0.72388,0.56104,0.48877,1.0381,-102.0,27.875,-510.25,-0.0562,0.524,0.5865,0.6148
1781857608444,89128,-0.7644,0.51904,0.4917,1.04666,-110.0,30.875,-519.25,-0.0789,0.519,0.569,0.6327
1781857608446,89130,-0.96558,0.27246,0.47021,1.108,-52.938,61.812,-565.125,-0.2133,0.484,0.4518,0.7183
1781857608505,89189,-0.9436,0.20288,0.49658,1.08542,-36.938,56.875,-568.0,-0.2274,0.4796,0.4345,0.7275
1781857608507,89191,-0.96899,0.14648,0.46826,1.08613,-24.75,51.875,-569.375,-0.241,0.475,0.4166,0.7365
1781857608515,89199,-0.83789,-0.24731,0.4248,0.97143,-0.312,39.938,-480.312,-0.356,0.4186,0.2324,0.8023
1781857608564,89248,-0.81201,-0.28857,0.44751,0.97103,7.438,33.625,-438.438,-0.3683,0.41,0.208,0.8079
1781857608565,89249,-0.81494,-0.32202,0.46143,0.99032,17.125,23.375,-370.938,-0.3815,0.3993,0.1791,0.814
1781857608565,89249,-0.74658,-0.2251,0.33667,0.84935,53.0,25.688,61.0,-0.3931,0.3869,0.1284,0.824
1781857608623,89307,-0.82324,-0.39917,0.36182,0.98386,51.25,37.625,108.688,-0.3882,0.3914,0.1312,0.8237
1781857608624,89308,-0.92578,-0.63574,0.43188,1.20323,7.812,65.438,140.375,-0.3814,0.4011,0.1351,0.8217
1781857608625,89309,-0.75537,-0.49072,0.49658,1.02859,-141.875,-84.938,48.625,-0.3913,0.4216,0.1698,0.8
1781857608684,89368,-0.82251,-0.60205,0.49097,1.13139,-181.312,-126.625,1.062,-0.4002,0.4119,0.1807,0.7983
1781857608684,89368,-0.9248,-0.55396,0.4104,1.1535,-216.688,-134.125,-27.625,-0.4071,0.405,0.1833,0.7977
1781857608690,89374,-1.02148,-0.60864,0.2002,1.2058,-61.438,80.812,-21.812,-0.4484,0.3829,0.1947,0.7837
1781857608744,89428,-1.02222,-0.62427,0.21289,1.21654,-53.125,115.438,-28.0,-0.4515,0.3856,0.1926,0.781
1781857608744,89428,-1.00854,-0.58813,0.21167,1.18654,-44.375,140.938,-37.438,-0.4548,0.3892,0.1896,0.7781
1781857608745,89429,-0.71631,-0.48584,0.21924,0.89286,181.438,176.625,-1.062,-0.4421,0.4436,0.1286,0.7687
1781857608805,89489,-0.71313,-0.52417,0.24316,0.91785,180.5,171.75,-0.938,-0.437,0.4502,0.1218,0.7689
1781857608806,89490,-0.61523,-0.56763,0.45239,0.95151,175.375,159.875,-3.188,-0.432,0.4562,0.1152,0.7692
1781857608807,89491,-0.8606,-0.48486,0.03223,0.98831,118.688,-28.312,-96.562,-0.3966,0.4428,0.0803,0.8
1781857608868,89552,-0.83472,-0.46753,0.08691,0.96067,116.438,-21.312,-120.0,-0.3947,0.4404,0.0746,0.8027
1781857608868,89552,-0.82104,-0.48047,0.09448,0.95598,119.25,-19.938,-141.75,-0.3931,0.4379,0.0681,0.8055
1781857608872,89556,-0.75513,-0.61255,0.38965,1.0475,132.5,26.375,-260.062,-0.3878,0.402,-0.0202,0.829
1781857608934,89618,-0.70483,-0.62109,0.39697,1.01987,130.812,27.312,-287.625,-0.3879,0.3981,-0.0328,0.8305
1781857608938,89622,-0.67627,-0.63281,0.40771,1.01194,128.688,23.75,-315.375,-0.3884,0.3936,-0.0464,0.8317
1781857608939,89623,-0.25391,-0.81348,0.51367,0.99502,122.188,-27.312,-522.25,-0.4166,0.3035,-0.2096,0.8308
1781857608986,89670,-0.18652,-0.81494,0.54053,0.99554,124.125,-35.5,-533.875,-0.4193,0.2915,-0.2295,0.8284
1781857608988,89672,-0.15771,-0.82373,0.56616,1.0119,123.438,-46.375,-544.75,-0.4219,0.2788,-0.2495,0.8256
1781857608990,89674,0.27124,-0.75049,0.61084,1.00495,-3.625,-127.75,-533.5,-0.4671,0.1211,-0.4166,0.7703
1781857609050,89734,0.30322,-0.75415,0.61719,1.02059,-15.375,-130.375,-524.5,-0.4724,0.1064,-0.4312,0.7611
1781857609050,89734,0.35522,-0.77173,0.61206,1.04708,-25.438,-134.188,-516.188,-0.4779,0.0919,-0.4453,0.7514
1781857609052,89736,0.64087,-0.56299,0.37158,0.93045,-15.688,-82.062,-493.125,-0.5199,-0.0518,-0.5604,0.6424
1781857609109,89793,0.64697,-0.51318,0.37549,0.90715,-12.562,-63.562,-491.875,-0.5207,-0.0643,-0.5723,0.63
1781857609110,89794,0.6626,-0.49121,0.37744,0.90708,-11.875,-46.375,-488.812,-0.5208,-0.0763,-0.5843,0.6174
1781857609110,89794,1.00732,-0.08374,0.66479,1.20982,-77.25,27.5,-366.625,-0.5056,-0.1717,-0.6943,0.4822
1781857609164,89848,1.01807,0.03369,0.61768,1.19127,-74.562,39.312,-336.375,-0.5034,-0.1763,-0.7028,0.4705
1781857609164,89848,0.98193,0.11865,0.53638,1.12515,-63.562,50.812,-296.75,-0.5009,-0.1801,-0.7105,0.46
1781857609165,89849,0.98193,0.11865,0.53638,1.12515,-63.562,50.812,-296.75,-0.5009,-0.1801,-0.7105,0.46
1781857609229,89913,1.01953,-0.29468,0.26904,1.09483,73.688,-250.312,48.0,-0.5182,-0.2167,-0.7059,0.4312
1781857609230,89914,1.00073,-0.29102,0.24072,1.06963,74.062,-238.812,42.062,-0.5246,-0.2224,-0.6989,0.4319
1781857609230,89914,0.74512,-0.3418,0.20728,0.84557,-11.125,-102.5,-94.75,-0.5554,-0.2819,-0.6762,0.3931
1781857609290,89974,0.81274,-0.33276,0.16284,0.8932,-69.312,-91.562,-37.125,-0.5612,-0.2849,-0.6747,0.3853
1781857609290,89974,0.8877,-0.29053,0.13745,0.94409,-91.5,-88.812,-13.812,-0.565,-0.2843,-0.6738,0.3815
1781857609291,89975,0.90674,-0.07959,0.61182,1.09674,-91.75,172.0,-10.562,-0.5794,-0.2567,-0.6856,0.3581
1781857609346,90030,1.38232,-0.16797,0.55518,1.49908,-73.438,147.75,-27.938,-0.5757,-0.2525,-0.6906,0.3572
1781857609346,90030,1.19263,-0.17529,0.40747,1.27245,-35.812,132.188,-34.875,-0.572,-0.2498,-0.6949,0.3565
1781857609346,90030,0.92407,-0.0752,0.2356,0.95659,-30.562,158.188,-73.375,-0.5375,-0.2359,-0.7305,0.3486
1781857609410,90094,0.95264,-0.1001,0.30688,1.00584,-19.875,144.75,-92.625,-0.527,-0.2336,-0.7404,0.3453
1781857609410,90094,0.96558,-0.10718,0.32275,1.02372,-16.375,132.0,-106.438,-0.5219,-0.2333,-0.7451,0.3431
1781857609411,90095,0.96558,-0.10718,0.32275,1.02372,-16.375,132.0,-106.438,-0.5219,-0.2333,-0.7451,0.3431
1781857609463,90147,0.84375,0.17041,0.53345,1.01268,15.562,75.312,-275.562,-0.4754,-0.2598,-0.793,0.2783
1781857609464,90148,0.79175,0.21094,0.56689,0.99636,27.0,80.375,-296.0,-0.469,-0.2656,-0.7978,0.2698
1781857609465,90149,0.79175,0.21094,0.56689,0.99636,27.0,80.375,-296.0,-0.469,-0.2656,-0.7978,0.2698
1781857609523,90207,0.61768,0.52905,0.58496,1.0018,42.625,134.938,-365.562,-0.3657,-0.3438,-0.8504,0.1569
1781857609524,90208,0.62158,0.57959,0.5918,1.03562,48.062,127.125,-366.875,-0.3551,-0.3503,-0.8541,0.1462
1781857609525,90209,0.46753,0.68848,0.39966,0.92321,-16.188,22.5,-488.562,-0.2631,-0.4134,-0.8715,0.0104
1781857609584,90268,0.46753,0.68848,0.39966,0.92321,-16.188,22.5,-488.562,-0.2631,-0.4134,-0.8715,0.0104
1781857609592,90276,0.42139,0.75073,0.41333,0.95499,-28.312,14.25,-509.0,0.2482,0.4204,0.8724,0.0169
1781857609598,90282,0.05029,1.01221,0.53296,1.14505,-16.5,-55.125,-517.938,0.1466,0.4591,0.8452,0.2305
1781857609663,90347,-0.03711,1.06665,0.60718,1.22792,-13.25,-55.875,-489.625,0.1325,0.4626,0.8383,0.2559
1781857609663,90347,-0.14941,1.09155,0.68311,1.29632,-12.438,-52.312,-470.625,0.1247,0.4642,0.8328,0.2741
1781857609663,90347,-0.10791,1.0293,0.63354,1.21346,37.938,142.062,-27.188,0.0591,0.4787,0.7998,0.357
1781857609710,90394,0.01074,1.03687,0.61621,1.2062,102.812,170.125,42.875,0.0549,0.4863,0.7973,0.353
1781857609711,90395,0.1189,0.87427,0.57153,1.05125,146.062,181.25,85.0,0.0513,0.4968,0.7954,0.343
1781857609711,90395,-0.17529,1.0415,0.20532,1.07593,29.562,64.875,-124.125,0.0358,0.5187,0.7842,0.3383
1781857609765,90449,-0.13428,1.00586,0.16309,1.0278,49.125,55.5,-107.812,0.0305,0.5234,0.7775,0.347
1781857609766,90450,-0.05225,0.93774,0.14844,0.95086,69.188,47.438,-97.75,0.0277,0.5264,0.7746,0.349
1781857609766,90450,-0.05225,0.93774,0.14844,0.95086,69.188,47.438,-97.75,0.0277,0.5264,0.7746,0.349
1781857609824,90508,-0.02515,0.72363,0.30469,0.78556,93.938,-216.875,-3.375,0.0817,0.5393,0.7371,0.3985
1781857609824,90508,0.02832,0.70581,0.29639,0.76604,78.688,-228.062,14.0,0.0992,0.5369,0.7318,0.4076
1781857609824,90508,-0.00928,1.09644,0.61255,1.25597,-163.312,-144.25,-63.438,0.1543,0.4827,0.7335,0.4526
1781857609884,90568,0.02588,0.94604,0.73877,1.2006,-118.375,-124.25,-102.0,0.1536,0.4734,0.734,0.4618
1781857609890,90574,0.03418,0.82129,0.64819,1.04682,-102.125,-108.062,-123.438,0.1527,0.4685,0.7331,0.4685
1781857609890,90574,-0.07935,0.84155,0.58521,1.02809,22.438,40.75,-157.25,0.1259,0.4635,0.7126,0.5111
1781857609972,90656,-0.11255,0.82642,0.59961,1.02721,37.0,44.5,-168.5,0.1221,0.4663,0.7086,0.5151
1781857609972,90656,-0.1438,0.8335,0.6123,1.04418,53.812,45.625,-190.125,0.1165,0.4713,0.7009,0.5223
1781857609972,90656,-0.1438,0.8335,0.6123,1.04418,53.812,45.625,-190.125,0.1165,0.4713,0.7009,0.5223
1781857610011,90695,-0.55078,0.79785,0.58691,1.13331,-24.438,-76.25,-338.562,0.0651,0.493,0.6284,0.598
1781857610012,90696,-0.61938,0.73169,0.64917,1.15777,-43.875,-108.938,-354.125,0.0552,0.4891,0.617,0.6139
1781857610014,90698,-0.93311,0.48682,0.54907,1.18708,-72.812,-71.812,-320.812,-0.0135,0.4453,0.5255,0.7247
1781857610068,90752,-0.93311,0.48682,0.54907,1.18708,-72.812,-71.812,-320.812,-0.0135,0.4453,0.5255,0.7247
1781857610069,90753,-1.13599,0.43921,0.72607,1.41794,-63.062,-39.188,-250.625,-0.031,0.4366,0.509,0.741
1781857610069,90753,-0.66675,0.25049,0.13281,0.72453,269.562,154.5,23.688,-0.0372,0.4927,0.4603,0.7374
1781857610125,90809,-0.62964,0.2793,0.0564,0.69111,261.375,114.875,19.75,-0.0308,0.502,0.4551,0.7346
1781857610125,90809,-0.62744,0.26318,0.02026,0.6807,219.188,52.125,-5.688,-0.0209,0.5125,0.4459,0.7333
1781857610126,90810,-0.87207,0.17798,0.34619,0.955,-109.0,170.188,-96.875,-0.0379,0.545,0.4091,0.7307
1781857610185,90869,-0.7876,0.3064,0.3252,0.90551,-154.375,170.625,-88.812,-0.0475,0.5477,0.4094,0.7279
1781857610186,90870,-0.72144,0.60425,0.31104,0.99112,-173.812,153.562,-71.0,-0.0607,0.5507,0.4093,0.7247
1781857610186,90870,-1.23193,0.49634,0.08936,1.33116,66.562,10.688,29.812,-0.0726,0.5623,0.4051,0.717
1781857610249,90933,-1.23193,0.49634,0.08936,1.33116,66.562,10.688,29.812,-0.0726,0.5623,0.4051,0.717
1781857610250,90934,-0.95435,0.45825,0.1416,1.06809,101.188,44.938,10.0,-0.0653,0.5693,0.4,0.7151
1781857610251,90935,-0.8335,0.41333,0.47314,1.04375,150.438,-19.875,37.0,-0.0248,0.5947,0.3691,0.7136
1781857610307,90991,-0.8335,0.41333,0.47314,1.04375,150.438,-19.875,37.0,-0.0248,0.5947,0.3691,0.7136
1781857610308,90992,-0.63696,0.32886,0.96045,1.19847,125.312,-66.375,29.375,-0.0191,0.5947,0.3669,0.7149
1781857610309,90993,-0.7998,0.30005,0.27734,0.89813,-11.875,-79.688,-51.75,-0.0042,0.5648,0.363,0.7409
1781857610366,91050,-0.8728,0.21069,0.28638,0.94244,-13.25,-63.25,-49.938,-0.0051,0.5613,0.361,0.7446
1781857610367,91051,-0.90845,0.19653,0.25977,0.96508,-11.375,-43.188,-64.062,-0.0075,0.5578,0.3577,0.7487
1781857610367,91051,-0.90845,0.19653,0.25977,0.96508,-11.375,-43.188,-64.062,-0.0075,0.5578,0.3577,0.7487
1781857610424,91108,-0.83374,0.2854,0.43457,0.98256,33.188,-72.312,-196.062,-0.0231,0.544,0.3161,0.7767
1781857610424,91108,-0.82495,0.30518,0.4353,0.98141,30.938,-73.25,-217.312,-0.026,0.5417,0.3084,0.7813
1781857610424,91108,-0.90918,0.07422,0.58643,1.08444,-5.562,-77.875,-360.875,-0.0798,0.5087,0.2064,0.8319
1781857610493,91177,-0.89136,0.05273,0.57495,1.06201,-18.125,-74.312,-374.375,-0.0877,0.5045,0.1937,0.8367
1781857610493,91177,-0.88965,0.04614,0.54102,1.04226,-27.5,-70.375,-387.562,-0.0963,0.5002,0.1807,0.8412
1781857610493,91177,-0.73315,-0.3103,0.55029,0.96779,-39.75,-116.125,-423.312,-0.1962,0.4375,0.0474,0.8761
1781857610559,91243,-0.7251,-0.35107,0.54272,0.97138,-41.812,-119.625,-415.625,-0.2054,0.4293,0.0335,0.8787
1781857610559,91243,-0.72168,-0.39722,0.53906,0.98448,-43.438,-122.0,-406.75,-0.2144,0.421,0.0199,0.881
1781857610560,91244,-0.7439,-0.79346,0.55713,1.22203,-118.938,-161.438,-269.625,-0.3022,0.3317,-0.0773,0.8901
1781857610611,91295,-0.77515,-0.81958,0.60059,1.27799,-123.688,-144.562,-253.562,-0.311,0.3231,-0.0834,0.8897
1781857610615,91299,-0.77954,-0.83472,0.63745,1.30797,-122.062,-119.188,-232.438,-0.3195,0.3156,-0.0891,0.8889
1781857610615,91299,-0.65625,-0.63232,0.67456,1.13381,-3.812,4.75,-94.188,-0.3497,0.294,-0.1355,0.879
1781857610666,91350,-0.64502,-0.63574,0.66162,1.12159,-7.688,-3.312,-86.188,-0.351,0.2927,-0.1387,0.8784
1781857610667,91351,-0.64697,-0.62524,0.6377,1.1028,-10.312,-10.938,-78.5,-0.3524,0.2913,-0.1414,0.8779
1781857610667,91351,-0.53394,-0.66138,0.59326,1.03656,-47.188,-67.625,-44.688,-0.3682,0.2747,-0.1557,0.8743
1781857610732,91416,-0.49805,-0.68652,0.59961,1.0387,-49.375,-76.438,-52.875,-0.3739,0.2684,-0.1559,0.8738
1781857610732,91416,-0.46704,-0.70679,0.61279,1.04556,-51.375,-82.875,-61.25,-0.3777,0.2644,-0.1592,0.8728
1781857610734,91418,-0.27393,-0.67822,0.53491,0.90617,-33.5,-53.938,-94.25,-0.4002,0.2368,-0.1754,0.8676
1781857610784,91468,-0.26074,-0.67578,0.53052,0.89784,-36.562,-56.875,-93.25,-0.4029,0.2334,-0.1775,0.8668
1781857610784,91468,-0.23071,-0.66016,0.51636,0.86929,-38.688,-61.125,-89.812,-0.4056,0.2299,-0.1795,0.8661
1781857610785,91469,-0.1521,-0.56396,0.51514,0.77882,-6.875,-31.125,32.938,-0.4205,0.2094,-0.1885,0.8623
1781857610845,91529,-0.15918,-0.58179,0.51758,0.7948,-2.25,-27.375,41.312,-0.4205,0.2091,-0.1865,0.8628
1781857610845,91529,-0.14648,-0.59229,0.52051,0.80199,0.25,-24.688,44.25,-0.4203,0.2089,-0.1845,0.8634
1781857610845,91529,-0.09277,-0.65967,0.56299,0.8722,-8.562,-8.312,36.812,-0.4171,0.2141,-0.1755,0.8655
1781857610905,91589,-0.08252,-0.66919,0.57739,0.8877,-8.812,-8.438,37.188,-0.4171,0.2144,-0.174,0.8657
1781857610905,91589,-0.07397,-0.67505,0.58594,0.89693,-8.625,-9.062,37.812,-0.4171,0.2147,-0.1724,0.866
1781857610905,91589,-0.07397,-0.67505,0.58594,0.89693,-8.625,-9.062,37.812,-0.4171,0.2147,-0.1724,0.866
1781857610973,91657,0.03247,-0.83301,0.74097,1.11534,-8.5,-13.938,4.188,-0.4181,0.2169,-0.1665,0.8661
1781857610973,91657,0.0354,-0.82593,0.7439,1.11211,-7.75,-17.312,0.688,-0.4185,0.2163,-0.1661,0.8662
1781857610974,91658,0.0354,-0.82593,0.7439,1.11211,-7.75,-17.312,0.688,-0.4185,0.2163,-0.1661,0.8662
1781857611025,91709,-0.05835,-0.76709,0.70093,1.04074,-0.438,-20.875,-29.938,-0.4227,0.2048,-0.1726,0.8656
1781857611025,91709,-0.07397,-0.77808,0.7002,1.04936,1.938,-15.562,-32.375,-0.423,0.2036,-0.1735,0.8655
1781857611025,91709,-0.18896,-0.80029,0.58154,1.00716,22.562,97.0,-96.938,-0.4206,0.2083,-0.2124,0.8569
1781857611090,91774,-0.20703,-0.80933,0.59009,1.02278,23.75,105.938,-101.062,-0.4196,0.2101,-0.2182,0.8555
1781857611091,91775,-0.22021,-0.82495,0.58569,1.03541,24.688,113.5,-105.438,-0.4186,0.2121,-0.2242,0.854
1781857611091,91775,-0.22021,-0.82495,0.58569,1.03541,24.688,113.5,-105.438,-0.4186,0.2121,-0.2242,0.854
1781857611147,91831,-0.32373,-0.79639,0.50928,0.9992,29.5,139.938,-96.688,-0.4074,0.2351,-0.2807,0.8365
1781857611147,91831,-0.32202,-0.77759,0.48315,0.97045,33.562,146.5,-92.5,-0.4053,0.2383,-0.2869,0.8344
1781857611148,91832,-0.35889,-0.96509,0.23608,1.05638,-146.938,106.375,14.125,-0.4017,0.2852,-0.3209,0.8087
1781857611219,91903,-0.39258,-0.93457,0.21436,1.03609,-159.625,101.188,9.875,-0.4056,0.2912,-0.3203,0.8049
1781857611219,91903,-0.40015,-0.92114,0.20483,1.02498,-165.125,95.062,-0.188,-0.4099,0.2969,-0.3198,0.8007
1781857611292,91976,-0.40015,-0.92114,0.20483,1.02498,-165.125,95.062,-0.188,-0.4099,0.2969,-0.3198,0.8007
1781857611293,91977,-0.30127,-0.77686,0.35229,0.90464,-87.875,169.938,-88.562,-0.4505,0.3453,-0.3455,0.7471
1781857611293,91977,-0.27368,-0.76465,0.37549,0.89475,-63.312,172.062,-85.438,-0.4514,0.3501,-0.3505,0.742
1781857611327,92011,-0.18384,-0.91235,0.44312,1.03079,17.25,-111.188,18.75,-0.4464,0.354,-0.3696,0.7338
1781857611328,92012,-0.19727,-0.84204,0.33716,0.92824,31.875,-120.438,19.5,-0.4472,0.3503,-0.3671,0.7364
1781857611328,92012,-0.15137,-0.9165,0.17114,0.94455,101.188,-83.875,-188.25,-0.4475,0.296,-0.3784,0.7541
1781857611391,92075,-0.17358,-0.89868,0.18872,0.93455,111.875,-76.438,-220.0,-0.4479,0.2877,-0.3851,0.7537
1781857611396,92080,-0.16211,-0.89307,0.21753,0.93336,118.875,-63.125,-249.375,-0.4482,0.2789,-0.393,0.7527
1781857611396,92080,-0.16211,-0.89307,0.21753,0.93336,118.875,-63.125,-249.375,-0.4482,0.2789,-0.393,0.7527
1781857611443,92127,0.12524,-0.87329,0.55859,1.0442,43.312,78.375,-408.125,-0.4474,0.1892,-0.5282,0.6962
1781857611444,92128,0.1665,-0.86548,0.58179,1.05606,31.25,73.438,-403.938,-0.4479,0.1829,-0.5419,0.687
1781857611445,92129,0.1665,-0.86548,0.58179,1.05606,31.25,73.438,-403.938,-0.4479,0.1829,-0.5419,0.687
1781857611510,92194,0.39722,-0.84717,0.43994,1.03394,-46.0,-8.812,-279.25,-0.4769,0.1109,-0.64,0.5919
1781857611510,92194,0.40381,-0.84961,0.43457,1.03622,-45.938,-3.625,-274.438,-0.4796,0.1064,-0.6466,0.5834
1781857611511,92195,0.40381,-0.84961,0.43457,1.03622,-45.938,-3.625,-274.438,-0.4796,0.1064,-0.6466,0.5834
1781857611565,92249,0.52539,-0.77539,0.36523,1.00532,15.375,-16.875,-340.5,-0.4963,0.0432,-0.7134,0.4926
1781857611575,92259,0.55908,-0.71582,0.37817,0.98386,20.938,-16.562,-347.688,-0.4971,0.035,-0.7202,0.4824
1781857611575,92259,0.55908,-0.71582,0.37817,0.98386,20.938,-16.562,-347.688,-0.4971,0.035,-0.7202,0.4824
1781857611626,92310,0.85352,-0.43091,0.49658,1.07739,45.875,-63.125,-251.562,-0.5021,-0.0483,-0.7689,0.3925
1781857611627,92311,0.9126,-0.40503,0.4563,1.09777,34.938,-58.125,-191.312,-0.5038,-0.0618,-0.7736,0.3791
1781857611627,92311,0.79443,-0.25635,0.40308,0.92699,-8.75,-47.0,142.125,-0.5252,-0.0664,-0.7637,0.3691
1781857611689,92373,0.86816,-0.31543,0.46924,1.03605,-1.5,-47.438,166.938,-0.5295,-0.0577,-0.7585,0.3752
1781857611690,92374,0.93164,-0.32959,0.51416,1.11398,-1.125,-49.375,170.625,-0.5314,-0.0546,-0.7546,0.3806
1781857611690,92374,0.93164,-0.32959,0.51416,1.11398,-1.125,-49.375,170.625,-0.5314,-0.0546,-0.7546,0.3806
1781857611744,92428,0.62085,-0.50098,0.55688,0.97291,-43.938,-5.562,20.625,-0.548,-0.028,-0.7348,0.3984
1781857611744,92428,0.5769,-0.4917,0.52905,0.92438,-50.062,8.625,-13.375,-0.5493,-0.0227,-0.7366,0.3936
1781857611745,92429,0.98242,-0.37207,0.60986,1.21471,-141.062,16.188,34.812,-0.5508,0.0137,-0.7482,0.3692
1781857611806,92490,0.96411,-0.40161,0.6167,1.2129,-157.562,-2.0,35.062,-0.553,0.0197,-0.7478,0.3665
1781857611806,92490,0.88867,-0.43018,0.59937,1.155,-173.438,-15.625,30.938,-0.556,0.0256,-0.7468,0.3636
1781857611806,92490,0.68823,-0.46021,0.32983,0.8912,-84.75,-9.0,-59.562,-0.585,0.0725,-0.7415,0.3201
1781857611867,92551,0.68823,-0.46021,0.32983,0.8912,-84.75,-9.0,-59.562,-0.585,0.0725,-0.7415,0.3201
1781857611867,92551,0.65259,-0.52563,0.33154,0.90116,-47.562,0.0,-61.688,-0.587,0.0736,-0.7429,0.3128
1781857611868,92552,0.78418,-0.44312,0.23511,0.93089,-75.25,15.5,68.562,-0.592,0.0941,-0.7423,0.2991
1781857611948,92632,0.76221,-0.44922,0.23291,0.91488,-84.438,26.062,73.688,-0.592,0.1014,-0.7413,0.299
1781857611948,92632,0.7583,-0.45264,0.23413,0.91363,-87.062,30.688,74.312,-0.5919,0.104,-0.7411,0.299
1781857611949,92633,0.74976,-0.58154,0.39111,1.0263,76.75,31.938,26.5,-0.5703,0.1296,-0.7475,0.3146
1781857611999,92683,0.22632,-0.27539,0.74243,0.82357,107.938,92.312,20.5,-0.5646,0.1275,-0.7507,0.3181
1781857612000,92684,0.3916,-0.48291,0.3689,0.72294,136.312,146.438,5.438,-0.5585,0.1255,-0.7544,0.3209
1781857612000,92684,0.7312,-0.323,0.43262,0.90892,160.875,149.562,-239.312,-0.5002,0.0666,-0.8095,0.2997
1781857612045,92729,0.7312,-0.323,0.43262,0.90892,160.875,149.562,-239.312,-0.5002,0.0666,-0.8095,0.2997
1781857612046,92730,0.7146,-0.3147,0.51562,0.93571,124.062,129.625,-252.875,-0.4882,0.049,-0.8218,0.289
1781857612046,92730,0.85107,0.04053,0.59985,1.04201,87.188,24.125,-317.125,-0.4594,-0.0294,-0.8634,0.206
1781857612133,92817,0.85107,0.04053,0.59985,1.04201,87.188,24.125,-317.125,-0.4594,-0.0294,-0.8634,0.206
1781857612136,92820,0.85303,0.06763,0.6062,1.04867,96.312,16.688,-311.875,-0.454,-0.054,-0.8702,0.1827
1781857612139,92823,0.80518,0.26831,0.59351,1.03564,80.0,-1.062,-245.75,-0.4368,-0.1408,-0.8829,0.0976
1781857612180,92864,0.80518,0.26831,0.59351,1.03564,80.0,-1.062,-245.75,-0.4368,-0.1408,-0.8829,0.0976
1781857612183,92867,0.79492,0.30029,0.59595,1.0379,78.125,5.312,-246.75,-0.4329,-0.1554,-0.8842,0.0806
1781857612183,92867,0.71484,0.39966,0.552,0.98764,51.625,35.0,-301.375,0.4011,0.2286,0.8868,0.0135
1781857612248,92932,0.71484,0.39966,0.552,0.98764,51.625,35.0,-301.375,0.4011,0.2286,0.8868,0.0135
1781857612249,92933,0.71436,0.4104,0.56445,0.99867,53.188,36.438,-309.5,0.3947,0.2391,0.8865,0.0299
1781857612249,92933,0.63062,0.62451,0.60205,1.07245,20.062,10.875,-300.188,0.3472,0.3018,0.8768,0.1386
1781857612286,92970,0.61304,0.64258,0.59985,1.0717,21.0,8.062,-293.812,0.3432,0.3071,0.8749,0.1492
1781857612287,92971,0.59106,0.64624,0.59961,1.06137,21.0,4.062,-283.312,0.3374,0.3145,0.8717,0.1649
1781857612287,92971,0.5813,0.65527,0.53979,1.02892,-2.0,-8.5,-184.688,0.3084,0.3454,0.8514,0.2456
1781857612345,93029,0.5813,0.65527,0.53979,1.02892,-2.0,-8.5,-184.688,0.3084,0.3454,0.8514,0.2456
1781857612345,93029,0.55469,0.65674,0.52124,1.00532,-2.312,-5.188,-174.625,0.306,0.3476,0.8496,0.2521
1781857612345,93029,0.39185,0.71655,0.58691,1.00571,-30.625,-13.25,-38.5,0.2857,0.3594,0.8377,0.2954
1781857612404,93088,0.39185,0.71655,0.58691,1.00571,-30.625,-13.25,-38.5,0.2857,0.3594,0.8377,0.2954
1781857612404,93088,0.39575,0.70117,0.55591,0.97841,-34.0,-18.25,-30.312,0.2854,0.3583,0.8376,0.2972
1781857612405,93089,0.37256,0.771,0.44922,0.96697,-66.875,11.438,54.062,0.2882,0.3355,0.8417,0.3092
1781857612464,93148,0.43091,0.81006,0.4856,1.03811,-63.312,25.375,84.562,0.2872,0.3296,0.846,0.3049
1781857612464,93148,0.46338,0.82031,0.53638,1.08413,-60.062,31.312,97.688,0.2874,0.3259,0.8478,0.3035
1781857612464,93148,0.58374,0.62207,0.8103,1.17657,-12.375,16.75,104.562,0.2856,0.303,0.8679,0.2704
1781857612539,93223,0.57666,0.63477,0.8269,1.19132,-11.438,3.625,97.562,0.2865,0.3013,0.8693,0.2667
1781857612540,93224,0.56885,0.64746,0.80811,1.18145,-10.875,-9.125,90.125,0.2879,0.2997,0.8704,0.2635
1781857612540,93224,0.47339,0.72949,0.4939,1.00009,58.562,-79.375,6.188,0.3208,0.2922,0.8632,0.2577
1781857612594,93278,0.47339,0.72949,0.4939,1.00009,58.562,-79.375,6.188,0.3208,0.2922,0.8632,0.2577
1781857612594,93278,0.4707,0.71606,0.50293,0.9936,63.188,-81.688,-0.312,0.3245,0.2936,0.8612,0.2578
1781857612597,93281,0.46875,0.40698,0.80298,1.01496,-32.75,-41.5,17.5,0.3652,0.2981,0.8382,0.2736
1781857612647,93331,0.40771,0.39722,0.84961,1.02267,-61.5,18.938,52.25,0.3648,0.2954,0.8396,0.2728
1781857612648,93332,0.42651,0.44385,0.80615,1.0143,-80.812,50.875,66.938,0.363,0.2921,0.8421,0.2711
1781857612648,93332,0.39624,0.64917,0.44775,0.88256,-21.188,25.562,-63.0,0.3463,0.2926,0.8491,0.2706
1781857612709,93393,0.39136,0.64014,0.4436,0.87162,-23.688,20.25,-79.188,0.3443,0.2931,0.8488,0.2734
1781857612714,93398,0.38867,0.62891,0.44263,0.86169,-25.438,14.875,-96.188,0.3422,0.2937,0.8483,0.277
1781857612720,93404,0.26758,0.66748,0.50684,0.87978,-109.438,80.875,-351.438,0.2972,0.3055,0.8314,0.356
1781857612763,93447,0.29736,0.68433,0.56689,0.93707,-109.625,91.938,-370.188,0.2875,0.3076,0.8283,0.3692
1781857612764,93448,0.3269,0.70728,0.62769,1.00055,-104.938,97.5,-384.812,0.2774,0.3099,0.8248,0.3827
1781857612764,93448,-0.19824,0.70996,0.68823,1.00847,-24.75,39.812,-381.312,0.1831,0.3476,0.7642,0.5112
1781857612825,93509,-0.24854,0.67261,0.66089,0.97516,-32.938,42.875,-383.562,0.1752,0.3505,0.7565,0.5233
1781857612826,93510,-0.3252,0.63428,0.6543,0.96756,-50.688,60.0,-395.625,0.1566,0.3563,0.7423,0.5452
1781857612826,93510,-0.50049,0.65845,0.7085,1.08904,-21.0,147.188,-357.062,0.0579,0.3878,0.6714,0.6287
1781857612885,93569,-0.53101,0.66479,0.69556,1.09896,-13.125,135.875,-338.5,0.0477,0.3919,0.6626,0.6362
1781857612886,93570,-0.56177,0.6853,0.67773,1.11559,-7.75,121.5,-318.188,0.0385,0.3958,0.6541,0.6432
1781857612886,93570,-0.64014,0.59888,0.68091,1.10998,39.438,59.312,-94.0,-0.0123,0.4204,0.5957,0.6842
1781857612945,93629,-0.64502,0.58643,0.69727,1.1163,45.688,57.875,-75.5,-0.014,0.4232,0.5925,0.6851
1781857612945,93629,-0.63916,0.55688,0.70361,1.10169,49.875,56.812,-58.438,-0.0151,0.426,0.5897,0.6857
1781857612945,93629,-0.65088,0.46313,0.54321,0.96603,52.688,27.5,-3.0,-0.0105,0.4507,0.5726,0.6845
1781857613006,93690,-0.66016,0.46997,0.5376,0.97247,57.625,22.25,-11.938,-0.0097,0.4528,0.5712,0.6843
1781857613007,93691,-0.6687,0.47876,0.54346,0.98576,61.312,18.125,-21.938,-0.0087,0.4548,0.5695,0.6845
1781857613007,93691,-0.6687,0.47876,0.54346,0.98576,61.312,18.125,-21.938,-0.0087,0.4548,0.5695,0.6845
1781857613064,93748,-0.64453,0.52051,0.5415,0.98974,69.812,12.75,-89.125,-0.0015,0.4768,0.5291,0.7017
1781857613064,93748,-0.6416,0.51953,0.54199,0.98758,69.5,12.125,-90.812,-0.0015,0.4786,0.525,0.7036
1781857613064,93748,-0.71997,0.5354,0.47119,1.01343,69.562,-16.688,-115.562,-0.0025,0.4908,0.4811,0.7262
1781857613123,93807,-0.63843,0.49731,0.52588,0.96512,72.312,-18.875,-122.0,-0.0023,0.4921,0.4733,0.7304
1781857613127,93811,-0.62964,0.48291,0.55249,0.9669,69.875,-30.75,-130.5,-0.0022,0.4926,0.4678,0.7337
1781857613127,93811,-0.62964,0.48291,0.55249,0.9669,69.875,-30.75,-130.5,-0.0022,0.4926,0.4678,0.7337
1781857613187,93871,-0.62964,0.48291,0.55249,0.9669,69.875,-30.75,-130.5,-0.0022,0.4926,0.4678,0.7337
1781857613188,93872,-0.7583,0.3728,0.52466,0.99462,2.0,15.812,-289.5,-0.0328,0.494,0.3973,0.7725
1781857613188,93872,-0.99487,0.17041,0.56714,1.15778,10.0,-4.125,-264.312,-0.111,0.4784,0.2833,0.8236
1781857613264,93948,-0.99219,0.16431,0.5769,1.15942,11.125,4.188,-255.062,-0.1159,0.4774,0.2739,0.8267
1781857613265,93949,-0.96924,0.15381,0.57397,1.13689,11.625,8.938,-244.5,-0.1206,0.4765,0.2649,0.8294
1781857613265,93949,-0.8252,0.07935,0.52979,0.98383,-5.812,-5.312,-134.938,-0.1529,0.4668,0.2105,0.845
1781857613306,93990,-0.81396,0.03882,0.52148,0.96747,0.062,-3.812,-112.562,-0.1573,0.4652,0.2053,0.8464
1781857613306,93990,-0.83545,0.04102,0.52246,0.98622,6.0,-3.938,-96.562,-0.1591,0.4644,0.2016,0.8474
1781857613306,93990,-0.83545,0.04102,0.52246,0.98622,6.0,-3.938,-96.562,-0.1591,0.4644,0.2016,0.8474
1781857613372,94056,-0.81177,-0.04321,0.62793,1.0272,-1.312,-75.938,127.312,-0.1368,0.4554,0.1985,0.8569
1781857613372,94056,-0.86938,-0.03027,0.61157,1.06338,-26.938,-69.875,143.125,-0.1342,0.4534,0.2045,0.8569
1781857613376,94060,-0.86938,-0.03027,0.61157,1.06338,-26.938,-69.875,143.125,-0.1342,0.4534,0.2045,0.8569
1781857613424,94108,-0.86816,0.06152,0.48999,0.99879,-95.812,4.75,75.438,-0.1392,0.4439,0.2679,0.8435
1781857613499,94183,-0.89111,0.05249,0.48486,1.01584,-90.438,9.75,70.688,-0.1413,0.4436,0.2722,0.8419
1781857613499,94183,-0.89111,0.05249,0.48486,1.01584,-90.438,9.75,70.688,-0.1413,0.4436,0.2722,0.8419
1781857613499,94183,-0.86499,0.14648,0.44189,0.98231,135.062,77.312,32.875,-0.1312,0.4696,0.2825,0.8259
1781857613547,94231,-0.84814,0.13403,0.47217,0.97993,154.125,79.625,24.625,-0.1263,0.4744,0.28,0.8248
1781857613548,94232,-0.93311,0.18457,0.729,1.19842,-41.25,-32.5,-100.875,-0.1103,0.4616,0.2685,0.8381
1781857613550,94234,-0.90259,0.24561,0.75635,1.20293,83.5,-109.75,-222.188,-0.1265,0.4116,0.2042,0.879
1781857613605,94289,-0.95898,0.29419,0.79565,1.28034,102.25,-118.0,-232.75,-0.1257,0.4068,0.1945,0.8835
1781857613605,94289,-0.99634,0.33984,0.77759,1.30875,114.938,-129.0,-243.875,-0.1244,0.4017,0.1842,0.8882
1781857613606,94290,-1.04419,0.17432,0.77441,1.31165,-33.75,-249.875,-242.688,-0.1303,0.3358,0.109,0.9263
1781857613671,94355,-1.04419,0.17432,0.77441,1.31165,-33.75,-249.875,-242.688,-0.1303,0.3358,0.109,0.9263
1781857613671,94355,-1.0498,0.16797,0.78198,1.31977,-81.812,-299.625,-189.375,-0.1402,0.3103,0.1014,0.9346
1781857613672,94356,-0.60547,-0.39453,1.05078,1.2753,-293.312,-709.688,120.688,-0.2103,0.0784,0.1494,0.9628
1781857613723,94407,-0.60547,-0.39453,1.05078,1.2753,-293.312,-709.688,120.688,-0.2103,0.0784,0.1494,0.9628
1781857613724,94408,-0.39502,-0.47632,0.86328,1.06216,-195.125,-649.375,258.562,-0.2224,0.0104,0.1823,0.9576
1781857613725,94409,0.13013,-0.77954,0.57178,0.97547,-10.125,-505.562,126.438,-0.1972,-0.182,0.3247,0.9068
1781857613784,94468,0.29712,-0.9458,0.53369,1.1259,10.812,-464.062,-12.75,-0.1868,-0.2166,0.3259,0.9009
1781857613784,94468,0.37207,-1.00073,0.53662,1.19493,18.188,-447.625,-81.562,-0.1795,-0.2344,0.3271,0.8975
1781857613785,94469,0.49585,-0.44312,0.24146,0.70747,128.0,-291.688,-341.312,-0.0859,-0.364,0.2573,0.8909
1781857613851,94535,0.52075,-0.33765,0.18628,0.64799,139.875,-244.25,-334.438,-0.0725,-0.3735,0.2475,0.8909
1781857613851,94535,0.53003,-0.22583,0.1521,0.59587,151.125,-192.5,-329.75,-0.0607,-0.3806,0.2348,0.8922
1781857613852,94536,0.62622,0.05786,0.35986,0.72457,189.375,331.625,-207.312,0.056,-0.3112,0.139,0.9384
1781857613910,94594,0.64038,0.00903,0.36084,0.7351,191.812,349.0,-192.312,0.0628,-0.296,0.1304,0.944
1781857613910,94594,0.58276,-0.01147,0.38379,0.69788,204.125,370.5,-182.062,0.0712,-0.2796,0.1265,0.9489
1781857613911,94595,0.22827,0.41528,1.18701,1.27811,-0.062,201.625,-233.875,0.1186,-0.1437,0.0792,0.9792
1781857613973,94657,0.22827,0.41528,1.18701,1.27811,-0.062,201.625,-233.875,0.1186,-0.1437,0.0792,0.9792
1781857613973,94657,0.19214,0.32983,1.08105,1.14647,17.562,179.5,-211.0,0.1203,-0.1257,0.0604,0.9828
1781857613973,94657,0.19214,0.32983,1.08105,1.14647,17.562,179.5,-211.0,0.1203,-0.1257,0.0604,0.9828
1781857614024,94708,-0.05664,0.23413,0.90967,0.94102,108.75,24.625,-76.688,0.1542,-0.0744,0.024,0.9848
1781857614024,94708,0.02979,0.2395,0.96655,0.99623,124.375,-13.0,-67.938,0.1645,-0.0727,0.0187,0.9834
1781857614026,94710,0.40454,1.05542,0.4978,1.23506,84.438,-30.062,-38.25,0.2302,-0.1101,-0.007,0.9667
1781857614085,94769,0.27686,0.81519,0.51099,1.00114,49.625,-2.875,-39.188,0.2329,-0.1101,-0.0084,0.9661
1781857614086,94770,0.22754,0.58154,0.61499,0.87646,9.062,-1.875,-49.125,0.2345,-0.109,-0.0101,0.9658
1781857614086,94770,0.28223,0.50073,0.96997,1.12749,48.812,-75.938,-28.125,0.2393,-0.1235,-0.0253,0.9626
1781857614147,94831,0.28223,0.50073,0.96997,1.12749,48.812,-75.938,-28.125,0.2393,-0.1235,-0.0253,0.9626
1781857614147,94831,0.30444,0.50635,0.7168,0.92891,25.0,-107.562,-62.5,0.2447,-0.1309,-0.0315,0.9601
1781857614208,94892,0.20459,0.35913,0.77051,0.87437,51.625,-101.25,-121.25,0.2676,-0.1539,-0.0738,0.9482
1781857614208,94892,0.20459,0.35913,0.77051,0.87437,51.625,-101.25,-121.25,0.2676,-0.1539,-0.0738,0.9482
1781857614209,94893,0.21021,0.3186,0.73877,0.83155,37.75,-123.312,-100.562,0.2718,-0.1604,-0.0836,0.9451
1781857614271,94955,0.27417,0.61353,0.51123,0.84436,-101.0,-108.938,-42.688,0.2634,-0.1995,-0.1198,0.9361
1781857614271,94955,0.2666,0.62891,0.54736,0.87533,-115.375,-109.75,-33.75,0.2587,-0.2029,-0.1234,0.9362
1781857614272,94956,0.48535,0.40601,0.70142,0.94466,-139.938,-72.562,-214.125,0.2055,-0.2301,-0.1947,0.931
1781857614344,95028,0.47046,0.40601,0.76099,0.98248,-151.688,-76.375,-228.688,0.2011,-0.2299,-0.2057,0.9296
1781857614347,95031,0.42944,0.41431,0.88721,1.06921,-148.25,-66.625,-248.562,0.1948,-0.2285,-0.2222,0.9274
1781857614347,95031,0.07666,0.39282,1.02417,1.0996,-113.188,-71.562,-222.375,0.1689,-0.2136,-0.3302,0.9036
1781857614385,95069,0.10742,0.31836,0.99805,1.05309,-117.0,-75.0,-210.75,0.1652,-0.2132,-0.3401,0.9007
1781857614386,95070,0.11768,0.26245,0.94458,0.9874,-132.812,-78.312,-192.875,0.1572,-0.212,-0.3568,0.896
1781857614386,95070,0.01367,0.64624,1.00122,1.19175,-145.25,76.5,-169.5,0.1199,-0.1825,-0.433,0.8744
1781857614443,95127,0.00806,0.63501,1.11401,1.28231,-116.75,88.125,-172.812,0.1183,-0.176,-0.44,0.8724
1781857614444,95128,-0.11572,0.35059,1.21875,1.27344,-88.688,85.375,-181.125,0.1175,-0.1663,-0.4496,0.8696
1781857614445,95129,-0.18164,0.31763,0.98511,1.05086,-9.688,-69.625,-124.938,0.112,-0.151,-0.5043,0.8427
1781857614503,95187,-0.07227,0.33936,1.00806,1.0661,-18.25,-66.125,-115.438,0.1107,-0.1525,-0.509,0.8397
1781857614503,95187,-0.05225,0.34277,1.052,1.10767,-18.938,-69.875,-98.188,0.1081,-0.155,-0.5157,0.8355
1781857614504,95188,0.01929,0.3584,1.04126,1.10138,6.375,-14.812,-37.75,0.0939,-0.1652,-0.5352,0.8229
1781857614563,95247,-0.00366,0.39258,1.01953,1.09251,11.938,-9.5,-36.062,0.0944,-0.1657,-0.5364,0.822
1781857614564,95248,-0.03662,0.39111,1.00732,1.08121,15.062,-7.875,-37.25,0.095,-0.166,-0.5377,0.821
1781857614564,95248,0.27905,0.1543,1.0957,1.14116,-16.938,29.5,0.688,0.1038,-0.1624,-0.5454,0.8156
1781857614630,95314,0.25464,0.15088,1.08984,1.12932,-4.625,12.812,-29.812,0.1039,-0.1614,-0.5462,0.8153
1781857614630,95314,0.04834,0.33984,0.93481,0.99585,89.875,-38.25,-93.375,0.1087,-0.1658,-0.5542,0.8082
1781857614633,95317,0.03027,0.60181,0.95703,1.13093,164.25,-44.438,48.0,0.1511,-0.2136,-0.556,0.7887
1781857614691,95375,0.01074,0.52856,0.95068,1.08779,151.938,-11.375,71.562,0.1552,-0.2184,-0.5525,0.7891
1781857614691,95375,-0.00122,0.39258,0.82812,0.91647,104.75,44.0,96.5,0.1629,-0.2235,-0.5445,0.7917
1781857614692,95376,0.00342,0.37354,0.93994,1.01145,-18.75,68.812,-26.062,0.1864,-0.2101,-0.5359,0.796
1781857614743,95427,-0.03857,0.26318,0.92651,0.96394,-26.125,66.0,-7.688,0.1871,-0.207,-0.536,0.7966
1781857614744,95428,0.01562,0.20605,0.93555,0.9581,-30.625,62.0,3.625,0.1874,-0.2041,-0.5358,0.7974
1781857614744,95428,-0.13135,0.36572,0.9668,1.04197,-82.188,4.438,-167.0,0.1789,-0.1711,-0.5643,0.7874
1781857614807,95491,-0.15039,0.43896,0.90796,1.01966,-71.688,-5.375,-182.312,0.1777,-0.168,-0.5709,0.7836
1781857614807,95491,-0.13574,0.49023,0.83911,0.98126,-55.938,-5.812,-194.938,0.177,-0.1652,-0.5779,0.7792
1781857614808,95492,0.02466,0.78467,0.88574,1.18358,-84.125,-47.812,-126.5,0.1662,-0.1397,-0.6482,0.7297
1781857614872,95556,0.00757,0.73291,0.87524,1.14161,-75.312,-49.062,-102.25,0.1632,-0.1383,-0.6524,0.7269
1781857614872,95556,-0.00146,0.68921,0.88306,1.12018,-64.5,-45.938,-79.875,0.1603,-0.1373,-0.6558,0.7247
1781857614872,95556,-0.07812,0.50757,0.84985,0.99297,-5.375,-1.438,24.75,0.1478,-0.1328,-0.6615,0.723
1781857614926,95610,-0.052,0.50732,0.83618,0.97943,-4.125,-0.688,24.75,0.1476,-0.1329,-0.6608,0.7236
1781857614928,95612,-0.03589,0.51489,0.83765,0.9839,0.062,3.375,25.438,0.1475,-0.133,-0.6599,0.7244
1781857614928,95612,0.03833,0.35889,0.88501,0.95578,19.438,-4.875,18.75,0.1517,-0.1397,-0.6519,0.7296
1781857614986,95670,0.0105,0.35767,0.87964,0.94963,17.5,-7.438,12.5,0.152,-0.1405,-0.6514,0.7298
1781857614987,95671,-0.0188,0.36206,0.87939,0.9512,14.938,-8.75,6.688,0.1522,-0.1412,-0.6511,0.7299
1781857614987,95671,-0.09521,0.49341,0.87891,1.01242,5.688,-13.625,-55.062,0.1524,-0.1448,-0.6627,0.7186
1781857615047,95731,-0.08716,0.48828,0.88208,1.01197,6.75,-12.5,-55.312,0.1527,-0.145,-0.6644,0.7169
1781857615048,95732,-0.06812,0.49829,0.87329,1.00776,6.0,-12.375,-55.688,0.1529,-0.1452,-0.6661,0.7152
1781857615048,95732,-0.06812,0.49829,0.87329,1.00776,6.0,-12.375,-55.688,0.1529,-0.1452,-0.6661,0.7152
1781857615103,95787,-0.05054,0.51929,0.86304,1.00849,26.188,-7.25,-29.0,0.1586,-0.1506,-0.6785,0.7011
1781857615104,95788,-0.05078,0.51978,0.87061,1.01523,28.562,-7.0,-26.938,0.1595,-0.1514,-0.6792,0.7
1781857615105,95789,-0.05078,0.51978,0.87061,1.01523,28.562,-7.0,-26.938,0.1595,-0.1514,-0.6792,0.7
1781857615168,95852,-0.02515,0.49561,0.86865,1.00041,41.75,-10.125,-6.375,0.1708,-0.1646,-0.6826,0.6909
1781857615169,95853,-0.02393,0.50073,0.86865,1.00293,42.688,-9.625,-5.438,0.1719,-0.1661,-0.6826,0.6904
1781857615171,95855,-0.02393,0.50073,0.86865,1.00293,42.688,-9.625,-5.438,0.1719,-0.1661,-0.6826,0.6904
1781857615229,95913,-0.02393,0.50073,0.86865,1.00293,42.688,-9.625,-5.438,0.1719,-0.1661,-0.6826,0.6904
1781857615229,95913,-0.01489,0.46069,0.84814,0.9653,23.562,-0.188,-8.062,0.1817,-0.1744,-0.6816,0.6867
1781857615229,95913,0.01636,0.43799,0.8894,0.99153,7.438,-6.938,-13.812,0.1855,-0.1782,-0.6848,0.6816
1781857615284,95968,0.01538,0.43701,0.88989,0.99153,6.75,-7.375,-12.875,0.1856,-0.1785,-0.6852,0.6811
1781857615285,95969,0.0144,0.43701,0.89697,0.99787,6.312,-7.562,-12.0,0.1856,-0.1787,-0.6856,0.6807
1781857615285,95969,0.0144,0.43701,0.89697,0.99787,6.312,-7.562,-12.0,0.1856,-0.1787,-0.6856,0.6807
1781857615345,96029,0.0144,0.43701,0.89697,0.99787,6.312,-7.562,-12.0,0.1856,-0.1787,-0.6856,0.6807
1781857615345,96029,0.0144,0.43823,0.88452,0.98724,-3.688,-7.438,-15.75,0.1849,-0.1796,-0.6909,0.6752
1781857615345,96029,0.0144,0.43823,0.88452,0.98724,-3.688,-7.438,-15.75,0.1849,-0.1796,-0.6909,0.6752
1781857615415,96099,0.0249,0.4646,0.90405,1.01675,-2.562,-9.75,-17.812,0.182,-0.1788,-0.6974,0.6695
1781857615415,96099,0.01831,0.46729,0.90259,1.01654,-0.75,-9.875,-16.5,0.1817,-0.179,-0.698,0.669
1781857615415,96099,0.01831,0.46729,0.90259,1.01654,-0.75,-9.875,-16.5,0.1817,-0.179,-0.698,0.669
1781857615464,96148,0.0166,0.45239,0.88745,0.99625,3.562,-3.688,0.5,0.1811,-0.1804,-0.7011,0.6655
1781857615471,96155,0.01538,0.45532,0.88428,0.99474,2.812,-3.438,1.312,0.181,-0.1806,-0.7011,0.6655
1781857615483,96167,-0.02637,0.44629,0.87598,0.98347,-3.688,-3.5,6.438,0.1799,-0.1818,-0.6995,0.6671
1781857615527,96211,-0.02759,0.44995,0.8772,0.98625,-4.0,-3.375,6.688,0.1798,-0.1817,-0.6993,0.6674
1781857615528,96212,-0.03467,0.4519,0.88257,0.99214,-4.062,-3.438,7.375,0.1795,-0.1817,-0.6991,0.6676
1781857615528,96212,-0.03467,0.4519,0.88257,0.99214,-4.062,-3.438,7.375,0.1795,-0.1817,-0.6991,0.6676
1781857615586,96270,-0.03467,0.4519,0.88257,0.99214,-4.062,-3.438,7.375,0.1795,-0.1817,-0.6991,0.6676
1781857615587,96271,-0.05078,0.5188,0.86279,1.00804,-6.812,-0.062,2.562,0.1768,-0.1792,-0.6976,0.6706
1781857615587,96271,-0.05078,0.5188,0.86279,1.00804,-6.812,-0.062,2.562,0.1768,-0.1792,-0.6976,0.6706
1781857615651,96335,-0.08936,0.52515,0.83276,0.98856,-2.25,6.875,2.375,0.1765,-0.1766,-0.697,0.6719
1781857615652,96336,-0.08496,0.52222,0.82886,0.98333,-3.5,7.812,3.438,0.1767,-0.1763,-0.6969,0.6721
1781857615652,96336,-0.05298,0.53174,0.83911,0.99482,-1.0,8.812,9.125,0.1785,-0.1735,-0.6938,0.6755
1781857615703,96387,-0.05322,0.53296,0.84009,0.99631,-0.938,8.188,9.75,0.1786,-0.1734,-0.6939,0.6755
1781857615703,96387,-0.05225,0.53394,0.83203,0.99,-0.875,7.688,10.25,0.1788,-0.1732,-0.6936,0.6759
1781857615765,96449,-0.07104,0.53516,0.80347,0.96799,0.312,3.438,3.125,0.1806,-0.1719,-0.691,0.6783
1781857615770,96454,-0.07104,0.53516,0.80347,0.96799,0.312,3.438,3.125,0.1806,-0.1719,-0.691,0.6783
1781857615770,96454,-0.06787,0.53687,0.8103,0.97438,1.188,3.062,2.375,0.1808,-0.1717,-0.6907,0.6785
1781857615823,96507,-0.01318,0.53687,0.85718,1.01151,5.0,-4.188,-9.062,0.1827,-0.1723,-0.6917,0.6769
1781857615827,96511,-0.00854,0.53687,0.87451,1.02619,4.062,-5.625,-8.5,0.183,-0.1725,-0.692,0.6765
1781857615828,96512,0.02026,0.48633,0.94287,1.0611,0.312,-12.25,-4.625,0.1818,-0.1747,-0.6936,0.6746
1781857615883,96567,0.02026,0.48633,0.94287,1.0611,0.312,-12.25,-4.625,0.1818,-0.1747,-0.6936,0.6746
1781857615884,96568,0.01733,0.47852,0.93774,1.05292,-0.25,-13.625,-2.625,0.1812,-0.1752,-0.6937,0.6744
1781857615884,96568,-0.03564,0.42383,0.97363,1.06248,-5.938,0.75,24.938,0.1768,-0.176,-0.6904,0.6788
1781857615944,96628,-0.03564,0.42383,0.97363,1.06248,-5.938,0.75,24.938,0.1768,-0.176,-0.6904,0.6788
1781857615944,96628,-0.02954,0.42017,0.97437,1.06151,-3.125,6.312,29.562,0.1765,-0.1756,-0.6885,0.681
1781857615944,96628,0.0332,0.38062,0.97119,1.04364,4.812,14.438,24.375,0.1781,-0.1731,-0.678,0.6916
1781857616004,96688,0.0332,0.38062,0.97119,1.04364,4.812,14.438,24.375,0.1781,-0.1731,-0.678,0.6916
1781857616005,96689,0.03149,0.35791,0.97046,1.03483,6.25,14.75,25.0,0.1787,-0.1727,-0.6766,0.6929
1781857616005,96689,0.06372,0.33545,0.9436,1.00348,1.562,12.562,23.438,0.1821,-0.171,-0.667,0.7017
1781857616063,96747,0.06372,0.33545,0.9436,1.00348,1.562,12.562,23.438,0.1821,-0.171,-0.667,0.7017
1781857616064,96748,0.06812,0.34741,0.92944,0.99459,-1.75,8.438,18.625,0.1822,-0.1705,-0.6658,0.703
1781857616064,96748,0.04858,0.40479,0.92896,1.01448,-5.562,-19.0,-13.438,0.1788,-0.1706,-0.6661,0.7036
1781857616123,96807,0.04858,0.40479,0.92896,1.01448,-5.562,-19.0,-13.438,0.1788,-0.1706,-0.6661,0.7036
1781857616124,96808,0.03662,0.41406,0.9231,1.01237,-6.0,-21.812,-17.938,0.1776,-0.171,-0.6669,0.703
1781857616188,96872,0.01416,0.45605,0.91968,1.02664,-10.562,-26.875,-12.812,0.1687,-0.1743,-0.673,0.6985
1781857616188,96872,0.01416,0.45605,0.91968,1.02664,-10.562,-26.875,-12.812,0.1687,-0.1743,-0.673,0.6985
1781857616188,96872,0.00098,0.4624,0.92334,1.03265,-9.312,-26.625,-14.062,0.1664,-0.1751,-0.6746,0.6974
1781857616246,96930,-0.00732,0.46851,0.91211,1.02542,-11.75,-23.188,-8.562,0.1585,-0.1774,-0.6793,0.694
1781857616250,96934,-0.00928,0.4646,0.90039,1.01323,-11.062,-22.312,-8.125,0.1571,-0.1778,-0.6801,0.6935
1781857616250,96934,-0.0437,0.42407,0.86475,0.96412,-5.688,-13.25,-3.5,0.1502,-0.1799,-0.6832,0.6914
1781857616307,96991,-0.04785,0.41699,0.86938,0.9654,-7.062,-10.312,-0.562,0.1494,-0.1801,-0.6835,0.6912
1781857616307,96991,-0.0481,0.41333,0.87354,0.96758,-7.5,-7.625,1.562,0.1491,-0.1799,-0.6835,0.6914
1781857616307,96991,-0.01514,0.44043,0.86719,0.97274,-12.0,10.125,12.0,0.1463,-0.1759,-0.6819,0.6945
1781857616364,97048,-0.01514,0.44043,0.86719,0.97274,-12.0,10.125,12.0,0.1463,-0.1759,-0.6819,0.6945
1781857616364,97048,-0.01221,0.44238,0.86499,0.97163,-11.75,10.938,12.75,0.1463,-0.1753,-0.6815,0.6951
1781857616364,97048,0.0376,0.45483,0.85547,0.96959,-9.75,13.938,9.75,0.1466,-0.1677,-0.6785,0.6998
1781857616423,97107,0.0415,0.45435,0.85278,0.96716,-10.062,13.562,9.125,0.1466,-0.1671,-0.6782,0.7003
1781857616424,97108,0.04785,0.45923,0.84717,0.96482,-8.938,12.125,7.938,0.1466,-0.1662,-0.678,0.7006
1781857616424,97108,0.10083,0.44409,0.85327,0.96719,-5.375,-2.875,-9.188,0.146,-0.163,-0.6788,0.7008
1781857616483,97167,0.10474,0.4397,0.85986,0.97143,-4.062,-5.062,-10.625,0.1457,-0.163,-0.6793,0.7003
1781857616484,97168,0.10474,0.4375,0.86377,0.9739,-2.5,-6.75,-10.5,0.1455,-0.1629,-0.6797,0.7
1781857616484,97168,0.05444,0.40601,0.88574,0.97588,5.75,-2.562,4.75,0.1444,-0.1647,-0.6806,0.699
1781857616543,97227,0.05713,0.40332,0.88843,0.97736,6.25,-1.812,6.438,0.1445,-0.165,-0.6803,0.6991
1781857616543,97227,0.05688,0.39648,0.89575,0.98123,6.625,0.625,9.062,0.1447,-0.1652,-0.6802,0.6992
1781857616544,97228,0.05688,0.38989,0.91724,0.99829,10.688,10.625,23.688,0.1475,-0.1663,-0.6749,0.7034
1781857616603,97287,0.05664,0.3894,0.91821,0.99898,11.25,11.375,23.875,0.1483,-0.1665,-0.6737,0.7044
1781857616603,97287,0.05078,0.38525,0.92236,1.00088,11.25,11.562,23.875,0.149,-0.1666,-0.6724,0.7055
1781857616604,97288,0.04346,0.38403,0.93896,1.01539,10.438,10.938,22.75,0.153,-0.1675,-0.6656,0.7108
1781857616665,97349,0.04346,0.38403,0.93896,1.01539,10.438,10.938,22.75,0.153,-0.1675,-0.6656,0.7108
1781857616666,97350,0.03638,0.38916,0.94409,1.0218,9.688,11.25,22.125,0.1535,-0.1676,-0.6647,0.7115
1781857616666,97350,0.02539,0.43042,0.95923,1.05168,8.25,15.375,25.125,0.1582,-0.1665,-0.6573,0.7176
1781857616723,97407,0.01855,0.42896,0.95581,1.04782,8.562,15.438,25.688,0.1587,-0.1664,-0.6563,0.7184
1781857616723,97407,0.01099,0.42261,0.94849,1.03843,8.688,15.375,25.625,0.1592,-0.1663,-0.6554,0.7191
1781857616724,97408,-0.04712,0.36743,0.89893,0.97226,2.438,21.125,21.625,0.1643,-0.164,-0.6476,0.7256
1781857616784,97468,-0.04565,0.36816,0.89136,0.96548,1.562,22.25,20.75,0.1647,-0.1635,-0.6467,0.7263
1781857616784,97468,-0.03613,0.37524,0.88672,0.96353,0.062,23.188,19.25,0.1653,-0.1629,-0.646,0.727
1781857616785,97469,0.00195,0.41699,0.88867,0.98164,-6.875,25.938,20.25,0.1691,-0.1553,-0.6413,0.7319
1781857616847,97531,0.00366,0.42334,0.89844,0.99319,-7.188,26.438,21.562,0.1696,-0.154,-0.6401,0.7332
1781857616847,97531,0.0,0.4248,0.89453,0.99028,-7.25,26.625,22.5,0.17,-0.1531,-0.6392,0.734
1781857616847,97531,0.00903,0.48828,0.88989,1.01509,-4.875,25.375,21.812,0.1735,-0.1445,-0.6325,0.7408
1781857616903,97587,0.00708,0.4873,0.8894,1.01418,-4.125,24.688,22.062,0.174,-0.1438,-0.6316,0.7415
1781857616904,97588,0.00342,0.48462,0.88892,1.01244,-3.438,24.062,22.062,0.1744,-0.1431,-0.6307,0.7423
1781857616904,97588,-0.00366,0.44092,0.89453,0.9973,-0.75,19.562,18.688,0.1783,-0.1373,-0.6245,0.7478
1781857616971,97655,0.00024,0.43457,0.89087,0.99121,-0.25,19.562,18.188,0.1787,-0.1369,-0.6237,0.7484
1781857616972,97656,-0.00684,0.42896,0.89258,0.99033,-0.125,19.75,17.5,0.1791,-0.1364,-0.623,0.749
1781857616972,97656,0.02271,0.43164,0.87817,0.97878,-1.188,19.812,19.0,0.1831,-0.1307,-0.617,0.754
1781857617025,97709,0.01904,0.43262,0.87671,0.97782,-0.75,19.125,19.0,0.1834,-0.1303,-0.6162,0.7546
1781857617026,97710,0.01123,0.43604,0.87817,0.98053,-0.438,18.688,19.062,0.1838,-0.1298,-0.6154,0.7552
1781857617026,97710,-0.00073,0.44751,0.89771,1.00307,0.75,17.312,20.375,0.1871,-0.1257,-0.6098,0.7597
1781857617083,97767,-0.00488,0.44507,0.89868,1.00287,0.938,17.5,21.125,0.1875,-0.1253,-0.6089,0.7603
1781857617083,97767,-0.00488,0.45312,0.8916,1.00015,0.938,17.312,22.312,0.1879,-0.125,-0.608,0.761
1781857617144,97828,-0.02734,0.4563,0.88989,1.00043,2.5,14.312,21.938,0.1912,-0.1222,-0.5998,0.7672
1781857617145,97829,-0.03345,0.45459,0.89673,1.00593,2.625,14.0,18.875,0.1918,-0.1218,-0.5982,0.7683
1781857617145,97829,-0.03882,0.45068,0.89722,1.0048,2.062,13.812,16.938,0.1925,-0.1213,-0.5974,0.7688
1781857617205,97889,-0.03906,0.43921,0.88623,0.98987,-2.0,13.75,17.5,0.1946,-0.1185,-0.5928,0.7723
1781857617205,97889,-0.03613,0.43433,0.88428,0.98585,-2.188,13.438,18.062,0.1948,-0.1182,-0.5921,0.7728
1781857617205,97889,-0.03613,0.43433,0.88428,0.98585,-2.188,13.438,18.062,0.1948,-0.1182,-0.5921,0.7728
1781857617267,97951,-0.00806,0.39111,0.82446,0.91256,-8.812,4.375,6.812,0.1946,-0.1145,-0.5876,0.7769
1781857617270,97954,0.00464,0.38037,0.83325,0.91598,-10.875,1.812,3.688,0.1941,-0.114,-0.5874,0.7772
1781857617270,97954,0.00464,0.38037,0.83325,0.91598,-10.875,1.812,3.688,0.1941,-0.114,-0.5874,0.7772
1781857617323,98007,0.052,0.4668,0.88208,0.99933,-13.25,-13.812,-1.562,0.1871,-0.1119,-0.59,0.7772
1781857617324,98008,0.05273,0.47559,0.88208,1.00351,-13.188,-15.5,-2.062,0.1863,-0.1121,-0.5903,0.7772
1781857617324,98008,0.05273,0.47559,0.88208,1.00351,-13.188,-15.5,-2.062,0.1863,-0.1121,-0.5903,0.7772
1781857617389,98073,0.02173,0.48853,0.94116,1.06062,-1.188,-30.562,-24.062,0.1779,-0.1164,-0.5999,0.7711
1781857617389,98073,0.0166,0.49512,0.94629,1.06812,-0.75,-32.812,-24.438,0.1771,-0.1173,-0.601,0.7703
1781857617389,98073,-0.11938,0.46753,0.99463,1.1055,-12.875,-28.75,-8.188,0.1674,-0.1243,-0.6099,0.7644
1781857617448,98132,-0.11011,0.47363,1.00098,1.11284,-13.875,-25.5,-5.125,0.1664,-0.1246,-0.6105,0.764
1781857617453,98137,-0.11133,0.46436,1.02295,1.12891,-13.25,-20.5,-0.188,0.1654,-0.1249,-0.6108,0.764
1781857617453,98137,-0.11133,0.46436,1.02295,1.12891,-13.25,-20.5,-0.188,0.1654,-0.1249,-0.6108,0.764
1781857617516,98200,-0.06177,0.41553,0.81348,0.91554,2.812,11.5,44.875,0.1688,-0.1286,-0.6002,0.771
1781857617517,98201,-0.05225,0.34961,0.85107,0.92157,-25.188,-3.188,18.125,0.1674,-0.1282,-0.6003,0.7713
1781857617517,98201,-0.05225,0.34961,0.85107,0.92157,-25.188,-3.188,18.125,0.1674,-0.1282,-0.6003,0.7713
1781857617569,98253,-0.05835,0.40234,0.87524,0.96506,-55.688,10.438,45.062,0.1437,-0.116,-0.5906,0.7854
1781857617570,98254,-0.02441,0.36084,0.8606,0.9335,-58.375,8.0,42.875,0.1399,-0.1131,-0.5881,0.7883
1781857617573,98257,-0.03711,0.26782,0.90723,0.94666,-91.875,1.938,37.375,0.116,-0.0987,-0.5823,0.7984
1781857617623,98307,-0.01685,0.24097,0.91504,0.94639,-97.625,3.188,37.688,0.1125,-0.0963,-0.5823,0.7992
1781857617624,98308,0.00244,0.2124,0.93652,0.96031,-103.688,4.0,39.125,0.1089,-0.0938,-0.5814,0.8007
1781857617627,98311,0.06348,0.38232,0.96899,1.04362,-97.25,-4.375,66.438,0.0694,-0.0698,-0.5648,0.8192
1781857617698,98382,0.0293,0.35107,0.94849,1.0118,-89.438,-7.438,64.938,0.0641,-0.0671,-0.5629,0.8212
1781857617701,98385,0.00928,0.34204,0.95117,1.01084,-86.562,-8.75,63.875,0.0624,-0.0663,-0.5619,0.822
1781857617702,98386,-0.06226,0.27637,0.97559,1.01589,-37.875,6.0,20.188,0.0408,-0.0533,-0.5509,0.8317
1781857617746,98430,-0.06226,0.27637,0.97559,1.01589,-37.875,6.0,20.188,0.0408,-0.0533,-0.5509,0.8317
1781857617747,98431,-0.0061,0.23145,0.9895,1.01623,-34.75,9.812,20.5,0.0392,-0.0515,-0.5494,0.8329
1781857617747,98431,-0.10571,0.34448,0.69263,0.78075,142.938,-55.375,-28.375,0.0494,-0.0592,-0.5406,0.8376
1781857617803,98487,-0.05298,0.16479,0.68945,0.71085,196.375,-43.375,-58.625,0.0576,-0.0675,-0.5421,0.8355
1781857617804,98488,-0.01782,0.12207,0.7959,0.8054,211.125,-44.875,-51.688,0.0642,-0.0737,-0.5436,0.8334
1781857617804,98488,0.22412,0.20703,1.04883,1.09231,252.5,-139.062,27.125,0.1148,-0.1502,-0.527,0.8284
1781857617867,98551,0.24463,0.2832,1.16748,1.22599,216.75,-124.0,18.812,0.1198,-0.16,-0.5255,0.8269
1781857617867,98551,0.33594,0.46143,1.073,1.21536,141.312,-70.0,12.312,0.1256,-0.1704,-0.5228,0.8256
1781857617868,98552,0.06616,0.38721,0.76074,0.85617,-21.5,171.312,11.0,0.1489,-0.1359,-0.5117,0.835
1781857617924,98608,-0.06274,0.38257,0.81665,0.904,-2.062,171.375,-12.812,0.1558,-0.1234,-0.5117,0.8357
1781857617925,98609,-0.08569,0.38647,0.90259,0.98558,-5.812,165.938,-26.312,0.1594,-0.117,-0.5115,0.8361
1781857617925,98609,0.07935,0.35034,1.05688,1.11626,8.125,26.562,-2.625,0.1756,-0.0877,-0.5178,0.8325
1781857617986,98670,0.07886,0.33789,1.03833,1.09477,6.688,15.812,4.562,0.1762,-0.0872,-0.5176,0.8326
1781857617986,98670,0.08374,0.31787,1.00415,1.05659,3.0,3.938,14.125,0.1765,-0.087,-0.5173,0.8327
1781857617986,98670,-0.02783,0.35669,0.94897,1.01418,-23.875,11.125,-21.062,0.1727,-0.0819,-0.5155,0.8352
1781857618045,98729,-0.07666,0.41577,0.99805,1.0839,-26.25,12.312,-27.562,0.1723,-0.0806,-0.5164,0.8348
1781857618047,98731,-0.06079,0.44238,1.03223,1.12467,-34.562,9.188,-27.375,0.1711,-0.0786,-0.518,0.8343
1781857618047,98731,-0.11987,0.38843,0.90649,0.99347,24.562,4.938,-14.312,0.1627,-0.0761,-0.5238,0.8325
1781857618107,98791,-0.11987,0.38843,0.90649,0.99347,24.562,4.938,-14.312,0.1627,-0.0761,-0.5238,0.8325
1781857618108,98792,-0.10205,0.42603,1.04492,1.13304,8.875,27.75,-18.562,0.1649,-0.075,-0.5242,0.832
1781857618108,98792,-0.16406,0.35791,0.86548,0.95083,19.438,12.375,-15.125,0.174,-0.0588,-0.5274,0.8294
1781857618163,98847,-0.13672,0.32251,0.86768,0.93572,25.5,20.625,-26.125,0.1752,-0.0585,-0.528,0.8287
1781857618163,98847,-0.0647,0.29272,0.94995,0.99613,31.75,24.438,-44.375,0.1777,-0.0576,-0.5297,0.8272
1781857618165,98849,-0.08594,0.28638,0.86133,0.91175,-6.0,21.5,-28.625,0.1903,-0.0444,-0.5424,0.8169
1781857618225,98909,-0.09595,0.28369,0.87085,0.9209,-1.062,11.375,-24.562,0.1907,-0.0432,-0.5436,0.816
1781857618225,98909,-0.10254,0.29443,0.87939,0.93303,-2.812,8.188,-23.438,0.1909,-0.0426,-0.5446,0.8154
1781857618227,98911,-0.00195,0.49243,0.94775,1.06805,-18.062,20.938,-12.75,0.1911,-0.0337,-0.5515,0.8112
1781857618284,98968,-0.00195,0.49243,0.94775,1.06805,-18.062,20.938,-12.75,0.1911,-0.0337,-0.5515,0.8112
1781857618284,98968,-0.02905,0.49951,0.93433,1.05987,-15.875,19.875,-9.688,0.191,-0.0326,-0.5516,0.8111
1781857618284,98968,-0.24976,0.42627,0.7981,0.93864,8.75,11.438,22.375,0.1945,-0.0254,-0.5499,0.8117
1781857618344,99028,-0.27759,0.396,0.74927,0.89178,8.0,19.75,27.125,0.1952,-0.0252,-0.5489,0.8123
1781857618344,99028,-0.26074,0.38257,0.80347,0.92731,2.188,31.375,30.875,0.1961,-0.0245,-0.5476,0.8129
1781857618347,99031,-0.14868,0.37793,0.95508,1.03784,-1.75,1.5,53.062,0.2005,-0.0167,-0.5282,0.8248
1781857618403,99087,-0.13232,0.4021,0.96313,1.05206,-7.75,-1.75,52.25,0.2003,-0.017,-0.5264,0.826
1781857618403,99087,-0.12036,0.38843,0.98096,1.0619,-17.5,-8.438,48.5,0.1992,-0.0177,-0.5248,0.8273
1781857618404,99088,-0.10938,0.30591,0.97754,1.03011,-36.125,-23.625,15.188,0.185,-0.02,-0.517,0.8354
1781857618467,99151,-0.09741,0.32568,0.94238,1.00182,-35.875,-23.25,13.75,0.1823,-0.0203,-0.5166,0.8363
1781857618467,99151,-0.1001,0.33398,0.91064,0.97511,-34.625,-22.562,14.625,0.1796,-0.0205,-0.5164,0.8369
1781857618468,99152,-0.13379,0.271,0.9624,1.00874,-15.5,-6.438,30.438,0.1678,-0.0226,-0.5088,0.8439
1781857618522,99206,-0.12451,0.29077,0.96313,1.01375,-17.938,-5.438,31.625,0.167,-0.0227,-0.5077,0.8447
1781857618523,99207,-0.09912,0.28711,0.95972,1.00663,-21.375,-6.25,33.938,0.1657,-0.0226,-0.5064,0.8458
1781857618524,99208,-0.1228,0.26099,0.87134,0.91784,23.0,-28.438,7.625,0.1601,-0.0272,-0.4997,0.8507
1781857618588,99272,-0.10767,0.2605,0.89795,0.94115,35.062,-36.062,-3.875,0.1607,-0.03,-0.5,0.8503
1781857618591,99275,-0.07593,0.26587,0.94189,0.98164,39.688,-37.312,-9.0,0.1616,-0.033,-0.5006,0.8497
1781857618592,99276,-0.11206,0.29761,0.93262,0.98534,0.25,22.875,10.062,0.1647,-0.039,-0.4977,0.8505
1781857618643,99327,-0.10571,0.32153,0.9397,0.99879,2.188,26.0,10.375,0.1653,-0.0382,-0.4971,0.8508
1781857618644,99328,-0.09619,0.34106,0.94165,1.00612,5.375,24.938,12.188,0.166,-0.0374,-0.4965,0.851
1781857618644,99328,-0.09619,0.34106,0.94165,1.00612,5.375,24.938,12.188,0.166,-0.0374,-0.4965,0.851
1781857618703,99387,-0.07349,0.34204,0.94922,1.01164,12.312,15.562,41.75,0.1729,-0.0374,-0.4845,0.8566
1781857618703,99387,-0.09448,0.33252,0.96265,1.02283,10.812,18.938,44.375,0.1736,-0.0373,-0.4827,0.8574
1781857618704,99388,-0.10278,0.38477,0.948,1.02826,38.25,-2.438,30.875,0.1855,-0.0429,-0.466,0.8639
1781857618767,99451,-0.07764,0.37671,0.91138,0.98921,30.062,17.625,21.25,0.1876,-0.0435,-0.4644,0.8643
1781857618767,99451,-0.09888,0.33594,0.9397,1.00283,17.125,28.5,13.375,0.1902,-0.0426,-0.4625,0.8648
1781857618767,99451,-0.14307,0.3252,0.92139,0.98751,-25.312,68.062,17.688,0.1945,-0.0255,-0.4562,0.8678
1781857618823,99507,-0.15674,0.34521,0.92847,1.00289,-20.562,70.688,22.562,0.195,-0.0227,-0.4549,0.8685
1781857618824,99508,-0.17017,0.35547,0.93433,1.01404,-13.25,71.0,25.438,0.1958,-0.0199,-0.4534,0.8691
1781857618824,99508,-0.14673,0.35938,0.89844,0.97871,2.5,23.875,45.188,0.2078,-0.0077,-0.4392,0.8738
1781857618882,99566,-0.20654,0.34277,0.83936,0.92988,8.5,28.438,38.75,0.2086,-0.0071,-0.4374,0.8745
1781857618883,99567,-0.25098,0.33984,0.83301,0.93402,11.812,27.938,26.75,0.2096,-0.0064,-0.436,0.875
1781857618884,99568,-0.16357,0.39526,0.94092,1.03359,-10.188,41.625,-0.25,0.2172,0.0056,-0.4356,0.8734
1781857618943,99627,-0.15918,0.44751,0.90723,1.02404,-8.375,41.688,6.0,0.2177,0.0072,-0.435,0.8735
1781857618943,99627,-0.15381,0.46973,0.9126,1.03785,-2.75,40.25,13.75,0.2184,0.0086,-0.4342,0.8738
1781857618944,99628,-0.22046,0.31421,0.85278,0.93518,7.312,20.688,25.312,0.2237,0.0152,-0.4204,0.879
1781857619004,99688,-0.22266,0.31128,0.85059,0.93272,8.562,22.375,20.875,0.2244,0.0157,-0.4194,0.8793
1781857619004,99688,-0.22168,0.32251,0.86011,0.94495,10.25,24.812,16.562,0.2252,0.0163,-0.4185,0.8796
1781857619004,99688,-0.25049,0.38159,0.91846,1.02563,13.5,9.625,11.5,0.2342,0.0257,-0.4105,0.8807
1781857619063,99747,-0.24902,0.35693,0.90845,1.00732,15.5,2.75,7.688,0.2348,0.0255,-0.4102,0.8807
1781857619063,99747,-0.24097,0.34033,0.90845,0.99958,17.375,-3.625,2.812,0.2354,0.0251,-0.4101,0.8806
1781857619064,99748,-0.24097,0.34033,0.90845,0.99958,17.375,-3.625,2.812,0.2354,0.0251,-0.4101,0.8806
1781857619125,99809,-0.19409,0.30298,0.89062,0.96056,17.812,-12.688,-16.562,0.2394,0.0177,-0.4149,0.8775
1781857619125,99809,-0.2041,0.30884,0.88989,0.96382,17.188,-8.938,-17.25,0.2398,0.0172,-0.4157,0.877
1781857619125,99809,-0.15674,0.51099,0.84912,1.00333,-3.25,2.812,6.875,0.2437,0.016,-0.4183,0.8747
1781857619183,99867,-0.1687,0.48828,0.83813,0.98456,0.625,-7.812,3.812,0.2436,0.0156,-0.418,0.8749
1781857619183,99867,-0.19556,0.47266,0.81274,0.96031,3.062,-12.5,-0.875,0.2435,0.0151,-0.4182,0.8748
1781857619184,99868,-0.20996,0.46021,0.87256,1.00858,24.562,-39.875,-68.562,0.2442,0.0089,-0.4338,0.8671
1781857619245,99929,-0.21338,0.4563,0.88257,1.0162,26.812,-44.625,-70.75,0.2443,0.0076,-0.437,0.8655
1781857619245,99929,-0.21753,0.45337,0.88623,1.01895,28.625,-49.438,-72.0,0.2444,0.006,-0.4401,0.8638
1781857619246,99930,-0.21753,0.45337,0.88623,1.01895,28.625,-49.438,-72.0,0.2444,0.006,-0.4401,0.8638
1781857619303,99987,-0.29517,0.39624,0.87354,1.00359,-14.5,-13.0,-55.125,0.242,-0.0051,-0.4665,0.8506
1781857619303,99987,-0.3313,0.4126,0.6897,0.8693,-7.125,-7.625,-56.875,0.2412,-0.0043,-0.4697,0.8491
1781857619305,99989,-0.16431,0.4021,0.94482,1.03989,-24.938,-1.5,-75.062,0.2366,0.0004,-0.4923,0.8375
1781857619362,100046,-0.17358,0.39941,0.91553,1.01383,-25.625,-3.375,-74.938,0.2351,0.0021,-0.4963,0.8355
1781857619363,100047,-0.18774,0.36279,0.90527,0.99317,-23.625,-2.0,-73.0,0.2341,0.0033,-0.499,0.8342
1781857619366,100050,-0.18774,0.36279,0.90527,0.99317,-23.625,-2.0,-73.0,0.2341,0.0033,-0.499,0.8342
1781857619423,100107,-0.19873,0.39502,0.99951,1.09296,-31.25,4.438,-48.938,0.2268,0.0144,-0.5212,0.8225
1781857619423,100107,-0.1897,0.36694,0.98853,1.07136,-34.375,6.438,-42.0,0.2257,0.0158,-0.5227,0.8218
1781857619431,100115,-0.1897,0.36694,0.98853,1.07136,-34.375,6.438,-42.0,0.2257,0.0158,-0.5227,0.8218
1781857619487,100171,-0.17676,0.35645,0.87646,0.96254,-28.5,24.25,24.438,0.2145,0.0388,-0.5271,0.8212
1781857619487,100171,-0.16284,0.36304,0.88599,0.97123,-23.188,24.5,29.25,0.2142,0.0399,-0.5259,0.822
1781857619487,100171,-0.25659,0.30469,0.91064,0.99396,-9.562,38.062,76.312,0.2156,0.0501,-0.5082,0.8322
1781857619546,100230,-0.25659,0.30469,0.91064,0.99396,-9.562,38.062,76.312,0.2156,0.0501,-0.5082,0.8322
1781857619546,100230,-0.32397,0.30054,0.90186,1.0043,-10.688,47.5,84.938,0.2172,0.0521,-0.5025,0.8351
1781857619546,100230,-0.25391,0.46606,0.95972,1.0967,-2.375,61.312,73.5,0.2291,0.0678,-0.468,0.8507
1781857619603,100287,-0.28491,0.45996,0.94092,1.08539,8.375,16.125,70.25,0.2313,0.0684,-0.463,0.8527
1781857619603,100287,-0.31763,0.42383,0.86401,1.01343,13.812,0.0,62.688,0.232,0.0677,-0.4607,0.8539
1781857619604,100288,-0.31763,0.42383,0.86401,1.01343,13.812,0.0,62.688,0.232,0.0677,-0.4607,0.8539
1781857619667,100351,-0.31763,0.42383,0.86401,1.01343,13.812,0.0,62.688,0.232,0.0677,-0.4607,0.8539
1781857619668,100352,-0.22778,0.33203,0.9187,1.00307,26.625,-26.688,-49.688,0.238,0.0616,-0.4615,0.8522
1781857619668,100352,-0.30933,0.39673,0.86353,0.99938,12.25,-26.812,-49.0,0.2363,0.0524,-0.4805,0.8428
1781857619722,100406,-0.30933,0.39673,0.86353,0.99938,12.25,-26.812,-49.0,0.2363,0.0524,-0.4805,0.8428
1781857619723,100407,-0.30981,0.39551,0.8689,1.00369,9.938,-20.938,-45.688,0.2359,0.0517,-0.4829,0.8416
1781857619724,100408,-0.26196,0.34961,0.91089,1.01023,-1.688,4.438,2.25,0.2355,0.0519,-0.49,0.8375
1781857619789,100473,-0.26099,0.33252,0.9126,1.00574,-3.312,4.938,3.812,0.2354,0.0524,-0.4893,0.8379
1781857619789,100473,-0.26123,0.32812,0.91748,1.0088,-4.688,4.875,4.312,0.2354,0.0526,-0.4891,0.8381
1781857619789,100473,-0.20386,0.32812,0.89404,0.97393,-29.75,1.812,-9.0,0.2293,0.0573,-0.4901,0.8389
1781857619842,100526,-0.19751,0.3313,0.88892,0.96899,-31.25,0.125,-11.938,0.2276,0.0586,-0.4905,0.839
1781857619843,100527,-0.18677,0.33691,0.8916,0.97126,-31.312,-1.0,-14.062,0.2264,0.0593,-0.4909,0.839
1781857619844,100528,-0.2063,0.35327,0.9082,0.99609,-33.125,22.688,-23.812,0.2168,0.067,-0.4971,0.8373
1781857619906,100590,-0.25244,0.39233,0.94165,1.05088,-32.188,20.562,-10.062,0.2152,0.0705,-0.4973,0.8373
1781857619906,100590,-0.26147,0.38647,0.90869,1.02149,-28.25,19.875,-0.125,0.2146,0.0718,-0.4971,0.8375
1781857619912,100596,-0.28784,0.33765,0.89233,0.99655,-14.5,14.5,50.688,0.213,0.0759,-0.4865,0.8438
1781857619963,100647,-0.26367,0.35767,0.90308,1.00648,-17.312,18.812,53.688,0.2129,0.0764,-0.4843,0.845
1781857619964,100648,-0.13916,0.44556,1.07349,1.17058,-41.062,-16.688,88.0,0.2114,0.0759,-0.4806,0.8475
1781857619964,100648,-0.27197,0.30762,0.84839,0.94253,5.188,0.188,4.375,0.2064,0.0734,-0.4591,0.8608
1781857620025,100709,-0.25684,0.32861,0.86743,0.96249,8.438,-0.562,1.375,0.2067,0.0732,-0.459,0.8608
1781857620025,100709,-0.26025,0.33936,0.89795,0.99459,7.75,-2.625,3.188,0.207,0.0729,-0.4586,0.8609
1781857620084,100768,-0.31421,0.28369,0.84741,0.94727,7.188,-8.5,7.0,0.2088,0.0697,-0.4544,0.863
1781857620084,100768,-0.31421,0.28369,0.84741,0.94727,7.188,-8.5,7.0,0.2088,0.0697,-0.4544,0.863
1781857620084,100768,-0.31055,0.30981,0.8606,0.96594,7.5,-7.25,2.188,0.2089,0.0692,-0.4541,0.8632
1781857620148,100832,-0.27637,0.31104,0.88867,0.98125,33.438,-34.812,-18.75,0.2128,0.0573,-0.4598,0.8601
1781857620148,100832,-0.31201,0.3291,0.89038,0.99922,32.25,-31.688,-20.438,0.2138,0.0543,-0.4612,0.8593
1781857620149,100833,-0.26562,0.31787,0.9314,1.01936,8.938,-10.938,18.875,0.2163,0.0453,-0.4635,0.858
1781857620202,100886,-0.26562,0.31787,0.9314,1.01936,8.938,-10.938,18.875,0.2163,0.0453,-0.4635,0.858
1781857620203,100887,-0.28101,0.36426,0.95898,1.06363,7.0,-15.438,29.312,0.2164,0.0435,-0.4621,0.8588
1781857620207,100891,-0.29736,0.43799,0.8916,1.03692,-0.25,-36.75,10.875,0.2128,0.0327,-0.4565,0.8632
1781857620263,100947,-0.30786,0.42407,0.89551,1.03757,4.688,-37.938,8.5,0.2119,0.0303,-0.4565,0.8634
1781857620264,100948,-0.3147,0.43115,0.89478,1.0419,8.125,-40.625,8.812,0.2113,0.028,-0.4566,0.8637
1781857620264,100948,-0.24829,0.29517,0.94653,1.0221,33.25,-43.062,37.188,0.2089,0.0062,-0.4523,0.8669
1781857620323,101007,-0.24829,0.29517,0.94653,1.0221,33.25,-43.062,37.188,0.2089,0.0062,-0.4523,0.8669
1781857620323,101007,-0.26831,0.27051,0.94653,1.02034,31.438,-38.0,45.75,0.2098,0.0002,-0.4495,0.8681
1781857620324,101008,-0.21338,0.3457,0.99292,1.07281,0.375,18.438,75.0,0.2124,-0.0056,-0.4251,0.8797
1781857620388,101072,-0.20312,0.3667,0.96094,1.04839,4.125,23.75,69.375,0.213,-0.0054,-0.4222,0.881
1781857620389,101073,-0.18359,0.39209,0.91553,1.01273,8.688,31.5,58.938,0.2145,-0.005,-0.4188,0.8823
1781857620389,101073,-0.10938,0.37671,0.93091,1.01018,25.562,45.312,31.875,0.2297,0.0031,-0.4023,0.8861
1781857620442,101126,-0.10107,0.37476,0.91821,0.99688,24.625,44.312,29.438,0.2314,0.004,-0.4007,0.8864
1781857620443,101127,-0.08594,0.37915,0.91211,0.99151,21.312,43.562,18.625,0.2354,0.0065,-0.3983,0.8864
1781857620443,101127,-0.13159,0.46704,0.8457,0.97502,33.562,13.875,-29.5,0.2467,0.0101,-0.3988,0.8831
1781857620503,101187,-0.15552,0.47632,0.84375,0.98131,30.312,14.188,-40.875,0.2488,0.0107,-0.4007,0.8815
1781857620503,101187,-0.16699,0.46948,0.84424,0.98033,26.5,15.875,-47.938,0.2501,0.0115,-0.4019,0.8807
1781857620505,101189,-0.14697,0.41309,0.87134,0.97543,1.438,23.562,-68.438,0.2583,0.0235,-0.4213,0.8689
1781857620563,101247,-0.14746,0.43628,0.86597,0.98081,-1.875,22.625,-71.375,0.2586,0.0251,-0.4237,0.8676
1781857620563,101247,-0.15771,0.47119,0.85181,0.98614,-8.875,19.188,-74.625,0.2587,0.0286,-0.4283,0.8652
1781857620564,101248,-0.15771,0.47119,0.85181,0.98614,-8.875,19.188,-74.625,0.2587,0.0286,-0.4283,0.8652
1781857620624,101308,-0.25757,0.45947,0.8374,0.98929,-16.5,13.625,-110.0,0.2563,0.0463,-0.4564,0.8506
1781857620627,101311,-0.26831,0.44751,0.84424,0.99247,-14.125,12.312,-116.125,0.2558,0.0483,-0.4605,0.8485
1781857620627,101311,-0.24072,0.4209,0.8877,1.01149,38.562,-25.188,-126.938,0.2539,0.0604,-0.5039,0.8233
1781857620690,101374,-0.03857,0.47363,0.90063,1.01831,45.188,-28.312,-104.75,0.2545,0.0594,-0.5082,0.8204
1781857620690,101374,-0.03662,0.47632,0.94238,1.05655,47.625,-34.125,-63.812,0.2551,0.0578,-0.5113,0.8184
1781857620690,101374,-0.32812,0.3418,0.88062,0.99999,-10.0,-15.375,-52.688,0.2564,0.0516,-0.522,0.8117
1781857620743,101427,-0.31616,0.33203,0.8999,1.00996,-10.75,-15.75,-47.375,0.2555,0.0518,-0.5239,0.8107
1781857620743,101427,-0.31348,0.34253,0.90601,1.01806,-8.625,-15.562,-39.688,0.2547,0.0519,-0.5255,0.8099
1781857620743,101427,-0.11768,0.73779,0.70947,1.03031,10.875,10.812,51.188,0.2546,0.0535,-0.5214,0.8125
1781857620802,101486,-0.15308,0.6377,0.76123,1.00477,51.125,-14.812,52.875,0.256,0.0516,-0.5197,0.8133
1781857620804,101488,-0.26636,0.51025,0.88403,1.0549,64.0,-25.438,51.438,0.2577,0.0488,-0.5183,0.8138
1781857620804,101488,-0.1438,0.51904,0.86035,1.01503,59.812,-9.25,65.375,0.273,0.0318,-0.504,0.8186
1781857620863,101547,-0.14062,0.50146,0.85864,1.00425,68.875,-18.312,66.312,0.275,0.029,-0.502,0.8193
1781857620863,101547,-0.13623,0.48193,0.85693,0.99255,77.375,-29.25,65.375,0.2772,0.0256,-0.5,0.8199
1781857620864,101548,-0.27002,0.54565,0.85229,1.0474,83.25,-63.875,-32.562,0.2968,-0.0166,-0.5012,0.8125
1781857620925,101609,-0.32275,0.54248,0.86572,1.07142,82.562,-65.0,-34.75,0.2983,-0.0201,-0.5032,0.8106
1781857620925,101609,-0.38232,0.52344,0.86328,1.07954,78.938,-65.0,-32.188,0.2998,-0.0236,-0.5051,0.8088
1781857620989,101673,-0.28516,0.46606,0.80835,0.97568,34.938,-21.688,15.25,0.3111,-0.0518,-0.5108,0.7996
1781857620989,101673,-0.32983,0.44312,0.81201,0.98209,26.562,-7.938,16.688,0.3121,-0.0536,-0.5102,0.7995
1781857620989,101673,-0.35132,0.44116,0.8208,0.99587,22.25,0.0,16.562,0.3128,-0.0543,-0.5096,0.7995
1781857620989,101673,-0.271,0.54175,0.85742,1.04981,23.188,18.062,26.438,0.3212,-0.058,-0.5039,0.7996
1781857621043,101727,-0.26465,0.53394,0.88086,1.0635,23.188,18.562,32.0,0.3222,-0.0582,-0.5025,0.8
1781857621043,101727,-0.22607,0.55566,0.90967,1.08966,24.562,17.688,37.25,0.3233,-0.0587,-0.501,0.8005
1781857621043,101727,-0.26587,0.61401,0.70776,0.97398,16.812,11.625,7.625,0.3314,-0.0671,-0.495,0.8002
1781857621104,101788,-0.21265,0.64697,0.72314,0.99334,19.812,12.188,6.312,0.3323,-0.0673,-0.4946,0.8001
1781857621105,101789,-0.229,0.69019,0.76074,1.05239,23.25,11.938,6.812,0.3333,-0.0675,-0.494,0.8
1781857621105,101789,-0.229,0.69019,0.76074,1.05239,23.25,11.938,6.812,0.3333,-0.0675,-0.494,0.8
1781857621163,101847,-0.17358,0.61279,0.69702,0.94419,41.0,-10.625,8.188,0.3405,-0.0784,-0.4967,0.7943
1781857621165,101849,-0.15674,0.6084,0.69873,0.93965,43.062,-5.25,2.688,0.3419,-0.0797,-0.4965,0.7938
1781857621169,101853,-0.15674,0.6084,0.69873,0.93965,43.062,-5.25,2.688,0.3419,-0.0797,-0.4965,0.7938
1781857621226,101910,-0.16919,0.67407,0.76099,1.03058,32.125,5.438,-18.938,0.3537,-0.0853,-0.501,0.785
1781857621227,101911,-0.15674,0.70605,0.7561,1.04631,33.312,5.5,-20.062,0.3551,-0.0856,-0.5015,0.7841
1781857621227,101911,-0.21533,0.73145,0.6394,0.9951,77.125,15.375,-26.0,0.3755,-0.0911,-0.5061,0.7709
1781857621283,101967,-0.20337,0.71191,0.65405,0.98791,72.25,12.688,-43.312,0.3826,-0.0928,-0.5082,0.7658
1781857621283,101967,-0.21387,0.68457,0.66626,0.97892,69.625,11.625,-49.312,0.3854,-0.0932,-0.5093,0.7636
1781857621284,101968,-0.21387,0.68457,0.66626,0.97892,69.625,11.625,-49.312,0.3854,-0.0932,-0.5093,0.7636
1781857621344,102028,-0.21387,0.68457,0.66626,0.97892,69.625,11.625,-49.312,0.3854,-0.0932,-0.5093,0.7636
1781857621344,102028,-0.20728,0.76611,0.59985,0.99485,38.5,-31.812,-71.75,0.4022,-0.0969,-0.5302,0.7399
1781857621344,102028,-0.20728,0.76611,0.59985,0.99485,38.5,-31.812,-71.75,0.4022,-0.0969,-0.5302,0.7399
1781857621402,102086,-0.39478,0.70044,0.65405,1.03646,11.062,-19.688,-67.25,0.4052,-0.1003,-0.567,0.7099
1781857621403,102087,-0.40698,0.66357,0.67114,1.02781,7.812,-12.812,-66.062,0.4054,-0.0997,-0.5692,0.7081
1781857621404,102088,-0.27368,0.75342,0.604,1.00367,22.75,21.75,-33.0,0.4133,-0.0906,-0.5819,0.6943
1781857621465,102149,-0.27466,0.74121,0.6001,0.99245,26.188,18.812,-34.5,0.4147,-0.09,-0.5825,0.6931
1781857621467,102151,-0.29224,0.74243,0.60229,0.99968,30.375,15.375,-36.312,0.4161,-0.0897,-0.5831,0.6917
1781857621467,102151,-0.34912,0.70068,0.62573,1.00219,27.125,-14.875,-71.438,0.4263,-0.09,-0.5977,0.6727
1781857621522,102206,-0.35059,0.70435,0.61475,0.99846,23.438,-16.938,-71.312,0.4271,-0.09,-0.6018,0.6686
1781857621523,102207,-0.3728,0.72437,0.62817,1.02873,21.875,-16.438,-71.25,0.4276,-0.0898,-0.604,0.6663
1781857621523,102207,-0.40454,0.71436,0.56348,0.99572,29.25,1.125,-52.75,0.4351,-0.0893,-0.6212,0.6454
1781857621583,102267,-0.39893,0.72046,0.56226,0.99716,29.25,2.25,-56.375,0.4367,-0.0891,-0.6237,0.6419
1781857621584,102268,-0.3938,0.72021,0.56396,0.99591,29.312,0.625,-59.875,0.4383,-0.0886,-0.6259,0.6387
1781857621584,102268,-0.47974,0.64526,0.65698,1.03833,14.812,-0.062,-64.812,0.445,-0.0831,-0.6414,0.6192
1781857621644,102328,-0.46021,0.64941,0.64307,1.02326,13.062,-0.875,-65.0,0.4454,-0.0827,-0.6438,0.6164
1781857621644,102328,-0.43921,0.66333,0.63208,1.01609,10.688,-2.562,-65.25,0.4459,-0.0819,-0.6456,0.6144
1781857621644,102328,-0.50342,0.6748,0.57812,1.02128,-16.812,-12.688,-43.188,0.4426,-0.0737,-0.6626,0.5994
1781857621704,102388,-0.49268,0.64893,0.5791,0.9996,-18.25,-9.938,-41.812,0.4416,-0.0725,-0.6654,0.5973
1781857621704,102388,-0.48438,0.62964,0.57129,0.97849,-19.25,-9.25,-40.875,0.4413,-0.072,-0.666,0.5969
1781857621704,102388,-0.4646,0.60278,0.58984,0.96287,-49.125,-7.5,-35.25,0.4311,-0.0577,-0.6795,0.5906
1781857621763,102447,-0.48169,0.60913,0.57861,0.96843,-50.0,-10.375,-35.312,0.4288,-0.0555,-0.6823,0.5892
1781857621770,102454,-0.49365,0.62476,0.57153,0.98013,-47.938,-12.188,-34.938,0.4274,-0.0537,-0.6835,0.5891
1781857621771,102455,-0.48706,0.55811,0.61206,0.9609,-47.5,6.312,-23.0,0.4172,-0.039,-0.6924,0.587
1781857621823,102507,-0.48706,0.55811,0.61206,0.9609,-47.5,6.312,-23.0,0.4172,-0.039,-0.6924,0.587
1781857621823,102507,-0.49854,0.5437,0.61572,0.96087,-47.875,5.75,-15.812,0.4153,-0.0352,-0.6936,0.5873
1781857621824,102508,-0.43481,0.43286,0.62622,0.87669,-60.438,-31.5,-5.75,0.4027,-0.0243,-0.6999,0.5891
1781857621883,102567,-0.43701,0.4519,0.62891,0.88922,-74.5,-36.688,-6.25,0.3999,-0.023,-0.7008,0.5901
1781857621884,102568,-0.71655,0.78271,0.27759,1.09688,-75.688,-46.938,-15.125,0.3937,-0.0202,-0.703,0.5917
1781857621884,102568,-0.57275,0.63867,0.6731,1.09042,86.562,-31.312,-36.375,0.3913,-0.0353,-0.7253,0.565
1781857621943,102627,-0.57275,0.63867,0.6731,1.09042,86.562,-31.312,-36.375,0.3913,-0.0353,-0.7253,0.565
1781857621943,102627,-0.57104,0.48486,0.70825,1.03092,35.812,-39.438,-15.688,0.3916,-0.0402,-0.7269,0.5625
1781857621943,102627,-0.4209,0.27808,0.51245,0.71909,79.188,6.375,-228.375,0.4017,-0.0397,-0.749,0.525
1781857622003,102687,-0.4209,0.27808,0.51245,0.71909,79.188,6.375,-228.375,0.4017,-0.0397,-0.749,0.525
1781857622063,102747,-0.42676,0.60181,0.448,0.86313,135.562,19.875,-259.438,0.409,-0.0369,-0.7586,0.5056
1781857622063,102747,-0.65234,0.71118,0.61572,1.14475,-4.375,48.688,-91.875,0.4613,-0.0413,-0.7706,0.4375
1781857622064,102748,-0.65234,0.71118,0.61572,1.14475,-4.375,48.688,-91.875,0.4613,-0.0413,-0.7706,0.4375
1781857622064,102748,-0.70264,0.62598,0.5249,1.07753,-48.625,39.875,-73.438,0.4631,-0.0344,-0.7722,0.4334
1781857622127,102811,-0.69824,0.52734,0.54712,1.03198,-26.562,-15.125,-42.312,0.4636,-0.0125,-0.7793,0.4212
1781857622127,102811,-0.65601,0.47241,0.53882,0.97152,-24.188,-38.812,-47.625,0.4607,-0.0109,-0.783,0.4176
1781857622127,102811,-0.79346,0.42236,0.69092,1.13373,-82.812,-45.375,-15.562,0.4351,0.0039,-0.8013,0.4101
1781857622182,102866,-0.79346,0.42236,0.69092,1.13373,-82.812,-45.375,-15.562,0.4351,0.0039,-0.8013,0.4101
1781857622183,102867,-0.74316,0.34814,0.69263,1.07389,-84.688,-55.312,-6.625,0.4287,0.0073,-0.8046,0.4104
1781857622184,102868,-0.74316,0.34814,0.69263,1.07389,-84.688,-55.312,-6.625,0.4287,0.0073,-0.8046,0.4104
1781857622242,102926,-0.71631,0.47363,0.60327,1.04946,-53.5,-5.125,35.438,0.3994,0.0239,-0.8123,0.4241
1781857622243,102927,-0.75903,0.48218,0.55005,1.05413,-56.625,7.438,48.25,0.398,0.0261,-0.8107,0.4283
1781857622245,102929,-0.53735,0.17285,0.49854,0.7531,-58.938,37.312,103.625,0.393,0.0349,-0.7941,0.462
1781857622302,102986,-0.53735,0.17285,0.49854,0.7531,-58.938,37.312,103.625,0.393,0.0349,-0.7941,0.462
1781857622303,102987,-0.72876,0.06567,0.43628,0.85191,-108.5,39.438,13.25,0.3919,0.0424,-0.791,0.4677
1781857622304,102988,-0.60693,0.38965,0.9585,1.19955,2.625,-0.688,-35.5,0.3795,0.0706,-0.7943,0.4688
1781857622376,103060,-0.61523,0.34155,0.91797,1.15665,22.5,-4.375,-33.75,0.3795,0.0704,-0.7952,0.4674
1781857622376,103060,-0.62671,0.28003,0.86279,1.10254,50.25,-4.875,-38.5,0.3803,0.0697,-0.796,0.4655
1781857622377,103061,-0.76587,0.15649,0.66211,1.02442,20.812,-21.312,-76.188,0.3831,0.0588,-0.8063,0.4465
1781857622423,103107,-0.72925,0.15015,0.65234,0.9899,31.0,-20.75,-111.625,0.3827,0.0592,-0.8086,0.4426
1781857622423,103107,-0.60278,0.1731,0.69507,0.93618,37.25,-42.938,-174.625,0.3809,0.061,-0.815,0.4322
1781857622424,103108,-0.65918,0.00586,0.92139,1.13292,24.25,-75.375,-306.375,0.349,0.0877,-0.867,0.3444
1781857622485,103169,-0.62061,0.01855,0.86548,1.06515,27.5,-77.312,-299.562,0.3453,0.09,-0.8726,0.3331
1781857622485,103169,-0.58081,0.01904,0.84717,1.02733,30.625,-75.0,-287.375,0.3415,0.0934,-0.8768,0.325
1781857622487,103171,-0.44531,-0.4126,0.76636,0.97767,-4.438,-111.188,-186.0,0.3161,0.1009,-0.9072,0.2581
1781857622542,103226,-0.51074,-0.04102,0.83887,0.98297,8.625,-88.875,-181.438,0.3098,0.1022,-0.9121,0.2478
1781857622542,103226,-0.63257,0.04297,0.83838,1.05113,-12.688,-100.688,-174.688,0.3051,0.1042,-0.9149,0.2424
1781857622543,103227,-0.51978,-0.06494,0.82935,0.98092,-41.875,-78.5,-65.875,0.2715,0.1209,-0.9298,0.2167
1781857622603,103287,-0.49976,-0.0542,0.82324,0.96458,-37.125,-83.375,-67.562,0.2675,0.1224,-0.9312,0.215
1781857622603,103287,-0.47998,-0.03003,0.83569,0.96419,-34.375,-86.312,-65.125,0.2634,0.1237,-0.9326,0.2132
1781857622603,103287,-0.63892,-0.08496,0.82056,1.04343,-5.312,-65.375,-45.5,0.2307,0.1295,-0.9434,0.1992
1781857622665,103349,-0.64526,-0.08594,0.85229,1.07245,-6.812,-64.875,-46.688,0.2279,0.1296,-0.9444,0.1978
1781857622665,103349,-0.62427,-0.1167,0.87744,1.08316,-8.0,-61.0,-41.188,0.225,0.1298,-0.9453,0.1964
1781857622665,103349,-0.52881,-0.05396,0.84424,0.99764,-62.062,-28.875,24.0,0.2036,0.1422,-0.947,0.203
1781857622722,103406,-0.52295,-0.05591,0.85767,1.00608,-61.25,-30.5,21.25,0.202,0.1442,-0.9467,0.2045
1781857622722,103406,-0.52515,-0.05737,0.8833,1.02922,-57.5,-27.062,17.562,0.2005,0.1461,-0.9464,0.206
1781857622723,103407,-0.61743,-0.14502,0.79858,1.0198,13.312,12.875,-36.312,0.1966,0.1539,-0.9474,0.1997
1781857622783,103467,-0.56934,-0.12744,0.8335,1.0174,16.188,17.062,-43.875,0.1972,0.1538,-0.9477,0.1977
1781857622785,103469,-0.53418,-0.12305,0.86108,1.02076,17.625,20.812,-50.312,0.1978,0.1536,-0.9481,0.1954
1781857622786,103470,-0.54907,-0.10522,0.81201,0.98586,-2.562,22.625,-45.875,0.2025,0.1593,-0.9501,0.1751
1781857622842,103526,-0.52856,-0.09595,0.83081,0.98936,-0.812,26.062,-46.688,0.2033,0.1599,-0.9502,0.173
1781857622843,103527,-0.50293,-0.08667,0.82983,0.9742,-0.688,28.812,-44.688,0.2041,0.1605,-0.9503,0.171
1781857622843,103527,-0.45483,-0.24146,0.87134,1.01213,-31.75,26.5,-14.25,0.2144,0.1716,-0.9486,0.157
1781857622903,103587,-0.49243,-0.22852,0.83447,0.99552,-32.312,27.812,-17.875,0.2152,0.1732,-0.9481,0.1564
1781857622903,103587,-0.47998,-0.18726,0.83228,0.97884,-27.125,27.562,-22.5,0.216,0.1748,-0.9478,0.1556
1781857622905,103589,-0.47998,-0.18726,0.83228,0.97884,-27.125,27.562,-22.5,0.216,0.1748,-0.9478,0.1556
1781857622963,103647,-0.43091,-0.21021,0.8269,0.95584,27.0,4.312,-76.375,0.2231,0.1806,-0.9489,0.1304
1781857622963,103647,-0.46045,-0.18848,0.86621,0.99893,23.5,-4.875,-74.938,0.2225,0.1802,-0.9495,0.1271
1781857623024,103708,-0.46045,-0.18848,0.86621,0.99893,23.5,-4.875,-74.938,0.2225,0.1802,-0.9495,0.1271
1781857623025,103709,-0.43604,-0.30371,0.86426,1.01455,-13.625,-1.688,-31.938,0.213,0.1832,-0.9539,0.1042
1781857623025,103709,-0.44214,-0.2998,0.83252,0.98917,-17.188,1.25,-24.812,0.2127,0.1842,-0.9539,0.1032
1781857623083,103767,-0.48438,-0.34692,0.82471,1.01741,-9.688,33.375,-61.938,0.2205,0.1956,-0.9516,0.0858
1781857623083,103767,-0.50391,-0.36157,0.84351,1.04698,-12.375,31.188,-65.125,0.2212,0.1968,-0.9514,0.083
1781857623086,103770,-0.44946,-0.33447,0.72632,0.91729,-38.625,50.875,-36.312,0.2369,0.2195,-0.9444,0.0599
1781857623142,103826,-0.44458,-0.36548,0.72217,0.92345,-38.312,46.125,-31.688,0.2393,0.2225,-0.9432,0.0578
1781857623143,103827,-0.46851,-0.37549,0.7395,0.95255,-38.375,43.062,-25.812,0.2407,0.2245,-0.9425,0.0567
1781857623203,103887,-0.46851,-0.37549,0.7395,0.95255,-38.375,43.062,-25.812,0.2407,0.2245,-0.9425,0.0567
1781857623203,103887,-0.47388,-0.34399,0.70728,0.91822,-9.312,25.5,-16.938,0.2544,0.2378,-0.936,0.0484
1781857623204,103888,-0.46973,-0.35571,0.7002,0.91512,-4.5,22.062,-14.75,0.2551,0.2382,-0.9357,0.0476
1781857623264,103948,-0.46973,-0.35571,0.7002,0.91512,-4.5,22.062,-14.75,0.2551,0.2382,-0.9357,0.0476
1781857623266,103950,-0.53906,-0.38843,0.63037,0.91588,-3.5,15.75,27.062,0.2617,0.2382,-0.934,0.047
1781857623276,103960,-0.53906,-0.38843,0.63037,0.91588,-3.5,15.75,27.062,0.2617,0.2382,-0.934,0.047
1781857623322,104006,-0.61816,-0.28979,0.68604,0.96786,29.062,19.875,31.438,0.2808,0.2255,-0.9308,0.0604
1781857623322,104006,-0.65674,-0.28442,0.71167,1.00929,30.688,20.25,26.438,0.2821,0.224,-0.9307,0.0609
1781857623323,104007,-0.52173,-0.31812,0.81372,1.01761,31.188,-7.688,-11.562,0.2875,0.2155,-0.9314,0.0562
1781857623383,104067,-0.57861,-0.30103,0.76733,1.00708,28.812,-9.5,-10.0,0.2873,0.2137,-0.932,0.0544
1781857623384,104068,-0.61572,-0.26807,0.69678,0.96772,34.25,-10.875,-11.188,0.2869,0.2125,-0.9324,0.0537
1781857623384,104068,-0.66284,-0.30713,0.79468,1.07944,62.625,0.0,-3.0,0.2861,0.1934,-0.9376,0.0386
1781857623452,104136,-0.70605,-0.26733,0.83813,1.12803,46.375,10.438,-8.0,0.2867,0.1903,-0.9381,0.037
1781857623452,104136,-0.64966,-0.2998,0.78394,1.06136,41.375,19.688,-9.312,0.2874,0.1887,-0.9382,0.036
1781857623452,104136,-0.64966,-0.2998,0.78394,1.06136,41.375,19.688,-9.312,0.2874,0.1887,-0.9382,0.036
1781857623503,104187,-0.64966,-0.2998,0.78394,1.06136,41.375,19.688,-9.312,0.2874,0.1887,-0.9382,0.036
1781857623503,104187,-0.45093,-0.74414,0.74487,1.14539,17.438,50.375,-58.438,0.3004,0.1791,-0.9364,0.024
1781857623503,104187,-0.45093,-0.74414,0.74487,1.14539,17.438,50.375,-58.438,0.3004,0.1791,-0.9364,0.024
1781857623562,104246,-0.78564,-0.27881,0.91748,1.23965,-131.562,76.938,-202.75,-0.3116,-0.2321,0.9176,0.0828
1781857623563,104247,-0.7312,-0.40381,0.93091,1.25072,-123.312,65.188,-158.188,-0.313,-0.239,0.9148,0.0885
1781857623625,104309,-0.42236,-0.49194,0.78589,1.01883,-0.812,8.812,1.625,-0.3219,-0.2488,0.9093,0.0855
1781857623625,104309,-0.42236,-0.49194,0.78589,1.01883,-0.812,8.812,1.625,-0.3219,-0.2488,0.9093,0.0855
1781857623627,104311,-0.47192,-0.50879,0.80908,1.06592,11.25,-3.438,-25.812,-0.3222,-0.2481,0.9091,0.0887
1781857623682,104366,-0.59131,-0.3999,0.69751,0.99804,21.688,-27.5,-14.625,-0.3085,-0.2484,0.9129,0.097
1781857623683,104367,-0.60352,-0.40576,0.68457,0.99875,27.562,-32.812,-18.938,-0.3076,-0.2472,0.9133,0.0995
1781857623684,104368,-0.60352,-0.40576,0.68457,0.99875,27.562,-32.812,-18.938,-0.3076,-0.2472,0.9133,0.0995
1781857623742,104426,-0.28125,-0.54126,0.64038,0.88439,57.812,21.438,-49.75,-0.2965,-0.2268,0.9189,0.1266
1781857623742,104426,-0.26245,-0.54297,0.63696,0.87716,26.562,-25.75,-55.938,-0.2941,-0.2256,0.9192,0.1318
1781857623743,104427,-0.58765,-0.39282,0.79224,1.06173,-8.562,9.688,-8.625,-0.2854,-0.2308,0.9191,0.1424
1781857623805,104489,-0.55713,-0.34814,0.81104,1.04373,-3.5,9.438,-3.875,-0.2858,-0.2309,0.9189,0.1426
1781857623805,104489,-0.52588,-0.32275,0.80664,1.01557,4.25,7.25,-1.812,-0.2865,-0.2305,0.9186,0.1436
1781857623805,104489,-0.48022,-0.56592,0.70337,1.02255,-4.75,14.625,-5.188,-0.2894,-0.2271,0.9169,0.1537
1781857623863,104547,-0.48193,-0.54565,0.69995,1.00992,-8.938,11.125,-5.5,-0.2899,-0.2274,0.9166,0.1539
1781857623864,104548,-0.48438,-0.53809,0.69824,1.00583,-12.938,7.0,-5.438,-0.2905,-0.2279,0.9163,0.1544
1781857623864,104548,-0.48438,-0.53809,0.69824,1.00583,-12.938,7.0,-5.438,-0.2905,-0.2279,0.9163,0.1544
1781857623922,104606,-0.48438,-0.53809,0.69824,1.00583,-12.938,7.0,-5.438,-0.2905,-0.2279,0.9163,0.1544
1781857623922,104606,-0.49463,-0.39917,0.72534,0.96442,-24.625,21.0,-69.625,-0.2944,-0.2402,0.9097,0.1669
1781857623923,104607,-0.49463,-0.39917,0.72534,0.96442,-24.625,21.0,-69.625,-0.2944,-0.2402,0.9097,0.1669
1781857623991,104675,-0.41235,-0.39209,0.75122,0.94239,35.062,-37.812,-129.375,-0.2792,-0.2559,0.8995,0.2171
1781857623991,104675,-0.4978,-0.53125,0.76172,1.05368,39.312,-44.875,-119.062,-0.2725,-0.2568,0.8991,0.226
1781857623992,104676,-0.33521,-0.52319,0.79248,1.00703,72.875,-84.875,-212.5,-0.2244,-0.2643,0.8909,0.293
1781857624043,104727,-0.33594,-0.47168,0.77148,0.96464,74.562,-102.438,-185.75,-0.2105,-0.265,0.8898,0.3058
1781857624043,104727,-0.32544,-0.47681,0.78613,0.97533,73.438,-105.75,-173.188,-0.2035,-0.2651,0.8892,0.312
1781857624102,104786,-0.12671,-0.35596,0.78906,0.87486,55.625,-87.812,-173.25,-0.1547,-0.2626,0.8833,0.3557
1781857624103,104787,-0.15381,-0.41626,0.77246,0.89086,51.0,-94.375,-183.125,-0.1484,-0.2633,0.8817,0.3619
1781857624103,104787,-0.07202,-0.66235,0.85767,1.08604,57.125,-71.875,-155.188,-0.1366,-0.2641,0.8786,0.3733
1781857624104,104788,-0.07007,-0.58765,0.74829,0.95403,15.875,4.0,-69.5,-0.1153,-0.2563,0.8715,0.4015
1781857624165,104849,-0.03369,-0.56055,0.7334,0.9237,11.812,6.5,-66.0,-0.1146,-0.2561,0.8704,0.4041
1781857624166,104850,0.00879,-0.51074,0.74048,0.89958,14.75,9.25,-60.188,-0.1137,-0.2556,0.869,0.4078
1781857624166,104850,0.12012,-0.60742,0.81396,1.02271,50.25,-39.312,-121.688,-0.0945,-0.2492,0.863,0.4288
1781857624225,104909,0.08984,-0.56055,0.80981,0.98898,53.0,-34.438,-145.812,-0.0907,-0.2485,0.8612,0.4338
1781857624225,104909,0.00171,-0.41187,0.89087,0.98147,52.5,-22.812,-167.812,-0.0833,-0.2467,0.8565,0.4453
1781857624282,104966,0.13013,-0.43384,0.85767,0.96992,20.0,0.062,-34.438,-0.064,-0.2409,0.8493,0.465
1781857624282,104966,0.1333,-0.41748,0.8645,0.96924,21.438,4.5,-45.875,-0.0632,-0.2401,0.8487,0.4667
1781857624283,104967,0.11865,-0.40747,0.86572,0.96415,21.938,9.0,-54.375,-0.0628,-0.2393,0.8475,0.4692
1781857624284,104968,0.10205,-0.44751,0.83276,0.95088,-18.562,28.812,-73.0,-0.067,-0.2352,0.8356,0.4915
1781857624349,105033,0.10205,-0.44751,0.83276,0.95088,-18.562,28.812,-73.0,-0.067,-0.2352,0.8356,0.4915
1781857624349,105033,0.07227,-0.41309,0.9375,1.02702,-3.875,18.375,-92.188,-0.0675,-0.2354,0.8303,0.5003
1781857624349,105033,0.10034,-0.37866,0.92456,1.00412,32.438,-14.812,-31.688,-0.0567,-0.2318,0.8205,0.5192
1781857624404,105088,0.09521,-0.38843,0.94385,1.02508,29.938,-12.5,-24.688,-0.0552,-0.231,0.8203,0.52
1781857624404,105088,0.13232,-0.4165,0.90332,1.00348,9.812,-9.688,-2.125,-0.0537,-0.2302,0.8198,0.5213
1781857624404,105088,0.13208,-0.45801,0.82739,0.95488,0.438,-32.812,24.688,-0.0491,-0.2343,0.8227,0.5153
1781857624476,105160,0.13208,-0.45801,0.82739,0.95488,0.438,-32.812,24.688,-0.0491,-0.2343,0.8227,0.5153
1781857624477,105161,0.12329,-0.47437,0.85474,0.98529,-0.25,-32.875,24.188,-0.0483,-0.235,0.8233,0.5141
1781857624477,105161,0.02124,-0.39209,0.94678,1.02497,10.188,-15.312,18.75,-0.0422,-0.2405,0.8267,0.5067
1781857624527,105211,0.01196,-0.40747,0.93408,1.01916,14.125,-17.25,23.375,-0.0416,-0.2403,0.8273,0.5057
1781857624529,105213,0.02783,-0.44043,0.93018,1.02955,18.75,-19.5,30.188,-0.0408,-0.2399,0.8281,0.5046
1781857624530,105214,0.15454,-0.40698,0.83569,0.94228,19.312,-13.25,20.5,-0.031,-0.2357,0.8361,0.4941
1781857624582,105266,0.14819,-0.39233,0.82129,0.92217,7.562,-3.938,16.375,-0.0305,-0.2352,0.8369,0.4931
1781857624583,105267,0.13403,-0.39136,0.84644,0.94211,0.0,1.0,16.062,-0.031,-0.2351,0.837,0.4929
1781857624583,105267,0.03735,-0.35278,0.95288,1.01678,8.688,-53.625,-23.062,-0.0206,-0.24,0.8364,0.4921
1781857624642,105326,0.08423,-0.39819,0.95996,1.04268,7.062,-44.75,-12.438,-0.0186,-0.2407,0.8362,0.4922
1781857624646,105330,0.15674,-0.44751,0.9585,1.06937,4.062,-31.625,3.0,-0.0172,-0.2413,0.8363,0.4919
1781857624646,105330,0.16553,-0.38477,0.87695,0.97185,-7.312,-10.312,60.875,-0.0268,-0.2447,0.8447,0.4751
1781857624718,105402,0.16553,-0.38477,0.87695,0.97185,-7.312,-10.312,60.875,-0.0268,-0.2447,0.8447,0.4751
1781857624718,105402,0.16187,-0.41431,0.88916,0.99421,-6.375,-11.125,59.562,-0.0272,-0.2451,0.8458,0.4728
1781857624718,105402,0.08179,-0.4707,0.84814,0.97345,-1.812,-0.688,7.125,-0.032,-0.2489,0.8511,0.4609
1781857624763,105447,0.08179,-0.4707,0.84814,0.97345,-1.812,-0.688,7.125,-0.032,-0.2489,0.8511,0.4609
1781857624764,105448,0.07495,-0.45825,0.86206,0.97916,-1.625,2.125,2.688,-0.0322,-0.2489,0.8511,0.4608
1781857624764,105448,0.10742,-0.39258,0.89404,0.98233,6.188,23.188,-12.562,-0.0438,-0.2471,0.8513,0.4606
1781857624825,105509,0.11597,-0.37524,0.90601,0.98747,13.938,19.375,-17.312,-0.0443,-0.2458,0.8509,0.4618
1781857624825,105509,0.1084,-0.36768,0.92163,0.99817,17.812,17.812,-19.25,-0.0444,-0.2448,0.8507,0.4627
1781857624825,105509,0.12744,-0.38452,0.94434,1.02755,91.438,-42.812,-24.062,-0.0249,-0.2263,0.8528,0.4697
1781857624884,105568,0.01318,-0.34595,1.02515,1.08203,97.938,-42.0,-19.375,-0.0213,-0.2235,0.8534,0.4702
1781857624885,105569,0.06372,-0.41895,1.10327,1.18186,121.125,-29.062,-3.188,-0.0177,-0.2199,0.8544,0.4702
1781857624885,105569,0.18335,-0.39844,0.84521,0.95224,80.0,-63.875,-21.375,0.0188,-0.1939,0.8629,0.4661
1781857624942,105626,0.17358,-0.3811,0.86499,0.96103,76.812,-67.062,-31.5,0.023,-0.1924,0.8629,0.4665
1781857624947,105631,0.15625,-0.35498,0.8999,0.97992,75.625,-68.375,-40.312,0.0274,-0.1909,0.8627,0.4673
1781857624947,105631,0.20972,-0.27197,0.92017,0.98217,53.688,-54.125,-59.125,0.0682,-0.1771,0.8575,0.4779
1781857625002,105686,0.2373,-0.27515,0.92188,0.99089,51.688,-52.75,-62.875,0.0717,-0.1761,0.8565,0.4796
1781857625003,105687,0.25659,-0.28394,0.91235,0.98937,49.125,-50.688,-66.375,0.0751,-0.1751,0.8554,0.4815
1781857625003,105687,0.25659,-0.28394,0.91235,0.98937,49.125,-50.688,-66.375,0.0751,-0.1751,0.8554,0.4815
1781857625062,105746,0.37305,-0.15356,0.62695,0.74553,-120.188,43.188,13.438,0.0968,-0.1765,0.8472,0.4915
1781857625062,105746,0.54565,-0.01807,0.90454,1.05653,-130.938,70.562,32.438,0.0916,-0.1799,0.847,0.4915
1781857625065,105749,0.34888,-0.12109,0.88843,0.96212,-24.312,16.75,20.938,0.0798,-0.1895,0.8526,0.4801
1781857625122,105806,0.36133,-0.12891,0.8894,0.96861,-25.688,22.0,15.875,0.0778,-0.1903,0.853,0.4796
1781857625123,105807,0.36865,-0.13037,0.91138,0.99172,-21.562,23.938,11.438,0.0764,-0.1906,0.8531,0.4794
1781857625124,105808,0.36865,-0.13037,0.91138,0.99172,-21.562,23.938,11.438,0.0764,-0.1906,0.8531,0.4794
1781857625184,105868,0.36865,-0.13037,0.91138,0.99172,-21.562,23.938,11.438,0.0764,-0.1906,0.8531,0.4794
1781857625184,105868,0.31323,-0.35718,0.92432,1.03926,8.562,-21.5,-44.875,0.0944,-0.1849,0.8478,0.4877
1781857625184,105868,0.30542,-0.12427,0.9104,0.96827,-9.438,8.188,-33.625,0.0993,-0.1865,0.8388,0.5016
1781857625246,105930,0.31445,-0.10083,0.91553,0.97326,-9.625,12.438,-27.562,0.0989,-0.1864,0.8381,0.5028
1781857625247,105931,0.33667,-0.05176,0.91016,0.97181,-8.188,16.312,-20.688,0.0984,-0.1862,0.8376,0.5038
1781857625247,105931,0.33667,-0.05176,0.91016,0.97181,-8.188,16.312,-20.688,0.0984,-0.1862,0.8376,0.5038
1781857625302,105986,0.35205,-0.09399,0.95239,1.01972,21.812,11.5,-45.625,0.1034,-0.1755,0.8351,0.5108
1781857625303,105987,0.37988,-0.05566,0.92578,1.00224,17.812,14.938,-42.688,0.1037,-0.1743,0.8344,0.5123
1781857625303,105987,0.37988,-0.05566,0.92578,1.00224,17.812,14.938,-42.688,0.1037,-0.1743,0.8344,0.5123
1781857625367,106051,0.36182,-0.08521,0.98071,1.04879,26.625,-3.312,-28.125,0.1116,-0.169,0.8249,0.5275
1781857625367,106051,0.34912,-0.09473,0.98071,1.0453,27.5,-0.625,-29.125,0.1125,-0.1679,0.8245,0.5284
1781857625367,106051,0.34912,-0.09473,0.98071,1.0453,27.5,-0.625,-29.125,0.1125,-0.1679,0.8245,0.5284
1781857625427,106111,0.41187,-0.04736,0.95093,1.03737,113.0,-37.812,-24.812,0.1281,-0.1482,0.8219,0.5346
1781857625432,106116,0.41968,-0.09253,0.83228,0.93668,113.438,-49.688,-24.375,0.1326,-0.1452,0.8218,0.5345
1781857625432,106116,0.41968,-0.09253,0.83228,0.93668,113.438,-49.688,-24.375,0.1326,-0.1452,0.8218,0.5345
1781857625482,106166,0.44873,-0.0791,0.9165,1.02352,15.812,-37.812,-1.375,0.1519,-0.1353,0.8213,0.5328
1781857625486,106170,0.40405,-0.06665,0.99512,1.07609,26.062,-40.438,7.875,0.1547,-0.1355,0.8213,0.5319
1781857625487,106171,0.40088,0.1377,0.92163,1.01443,110.375,-100.062,20.125,0.1846,-0.1282,0.8237,0.5203
1781857625542,106226,0.40088,0.1377,0.92163,1.01443,110.375,-100.062,20.125,0.1846,-0.1282,0.8237,0.5203
1781857625542,106226,0.42212,0.07471,0.90674,1.00297,116.0,-126.312,6.812,0.1976,-0.1255,0.8234,0.5167
1781857625543,106227,0.57153,0.17773,0.82495,1.01921,179.188,-326.812,-42.938,0.3018,-0.1259,0.7987,0.5048
1781857625607,106291,0.6106,0.06445,0.8374,1.03838,193.0,-348.062,-43.438,0.3338,-0.1262,0.7901,0.4981
1781857625608,106292,0.64453,0.07959,0.85278,1.07191,195.875,-341.438,-43.438,0.3497,-0.1263,0.7852,0.4949
1781857625608,106292,0.64453,0.07959,0.85278,1.07191,195.875,-341.438,-43.438,0.3497,-0.1263,0.7852,0.4949
1781857625665,106349,0.69287,0.08374,0.948,1.17719,-27.188,46.438,16.625,0.3873,-0.1217,0.7725,0.4879
1781857625666,106350,0.68555,0.13696,0.83472,1.0888,-8.562,30.75,20.875,0.3849,-0.1218,0.7739,0.4876
1781857625666,106350,0.64868,0.21997,0.37866,0.78266,21.562,70.188,96.875,0.3809,-0.1179,0.7891,0.467
1781857625722,106406,0.64868,0.21997,0.37866,0.78266,21.562,70.188,96.875,0.3809,-0.1179,0.7891,0.467
1781857625722,106406,0.67871,0.31714,0.47217,0.88553,16.875,125.875,123.188,0.3736,-0.1154,0.7978,0.4586
1781857625723,106407,0.38477,0.10327,0.98145,1.05922,-73.062,100.812,21.812,0.2985,-0.1199,0.8416,0.4337
1781857625786,106470,0.32178,0.09595,0.94922,1.00686,-73.938,79.062,-15.562,0.2894,-0.121,0.8441,0.4345
1781857625786,106470,0.31201,0.08667,0.90527,0.96145,-70.625,68.125,-29.938,0.2855,-0.1219,0.8441,0.4367
1781857625786,106470,0.43896,0.02759,0.81445,0.92563,-18.688,-1.938,-85.688,0.2727,-0.1218,0.8366,0.4591
1781857625845,106529,0.43262,0.03027,0.81348,0.92186,-17.812,-4.875,-88.5,0.2728,-0.1217,0.8356,0.4607
1781857625845,106529,0.42676,0.0769,0.80908,0.91796,-19.625,-13.062,-96.688,0.2738,-0.1205,0.8337,0.4638
1781857625845,106529,0.45947,-0.11108,0.9375,1.04993,-42.625,23.5,-103.438,0.2746,-0.1195,0.8103,0.5034
1781857625902,106586,0.45947,-0.11108,0.9375,1.04993,-42.625,23.5,-103.438,0.2746,-0.1195,0.8103,0.5034
1781857625904,106588,0.39795,-0.2251,1.00977,1.10845,-77.688,62.188,-93.75,0.2705,-0.1192,0.8087,0.5083
1781857625963,106647,0.41577,0.06812,0.81836,0.92044,-115.188,115.75,-45.062,0.2153,-0.1264,0.7971,0.5496
1781857625963,106647,0.41992,0.07861,0.85718,0.95774,-113.062,136.5,-33.125,0.2018,-0.1268,0.7975,0.554
1781857626022,106706,0.44019,0.08789,0.87476,0.9832,-115.938,143.562,-26.625,0.1943,-0.127,0.7974,0.5568
1781857626022,106706,0.42432,0.05713,0.96338,1.05423,-107.75,143.812,38.875,0.1314,-0.1285,0.8027,0.5671
1781857626028,106712,0.40479,0.05078,0.99609,1.0764,-108.062,138.562,47.562,0.1237,-0.129,0.804,0.5669
1781857626086,106770,0.16406,-0.09106,0.82349,0.84459,18.875,-4.812,200.125,0.075,-0.1286,0.8317,0.5347
1781857626086,106770,0.15234,-0.09277,0.83545,0.85428,30.438,-19.875,217.5,0.075,-0.1286,0.8367,0.5269
1781857626087,106771,0.26758,-0.12036,0.87427,0.92219,-92.312,16.938,-16.812,0.0544,-0.139,0.8536,0.4987
1781857626142,106826,0.26758,-0.12036,0.87427,0.92219,-92.312,16.938,-16.812,0.0544,-0.139,0.8536,0.4987
1781857626142,106826,0.24414,-0.17358,0.87622,0.92601,-67.75,-22.938,-40.875,0.052,-0.1449,0.8514,0.5011
1781857626143,106827,0.54126,-0.14941,0.76538,0.94926,-59.125,-43.438,-171.438,0.0668,-0.1727,0.8218,0.5386
1781857626203,106887,0.35132,-0.04175,0.95728,1.02056,-92.25,-25.438,-181.812,0.0687,-0.1781,0.8128,0.5502
1781857626206,106890,0.27441,0.02686,1.08521,1.11968,-130.062,-8.562,-185.688,0.0678,-0.1819,0.8074,0.5569
1781857626209,106893,0.52295,-0.30688,1.08667,1.24439,-127.688,175.375,-87.625,0.0038,-0.2156,0.7666,0.6046
1781857626263,106947,0.52295,-0.30688,1.08667,1.24439,-127.688,175.375,-87.625,0.0038,-0.2156,0.7666,0.6046
1781857626263,106947,0.5813,-0.16772,0.98877,1.15918,-84.5,170.875,-86.188,-0.0031,-0.2142,0.7634,0.6091
1781857626264,106948,0.60547,-0.30225,0.9043,1.12947,9.5,33.062,-53.25,-0.0297,-0.1976,0.7303,0.653
1781857626336,107020,0.59229,-0.35034,0.90405,1.13616,12.0,27.0,-26.0,-0.0299,-0.1966,0.7294,0.6543
1781857626336,107020,0.55591,-0.40234,0.89429,1.12724,7.75,23.75,-2.0,-0.0308,-0.1957,0.7278,0.6564
1781857626336,107020,-0.03296,-1.13306,1.04175,1.53953,-183.688,167.188,163.25,-0.1632,-0.2457,0.7338,0.6117
1781857626385,107069,-0.03296,-1.13306,1.04175,1.53953,-183.688,167.188,163.25,-0.1632,-0.2457,0.7338,0.6117
1781857626385,107069,-0.18359,-0.23633,0.67212,0.73573,18.5,-77.812,23.75,-0.1669,-0.2434,0.7369,0.608
1781857626386,107070,0.05908,-0.55469,0.7666,0.94808,20.75,44.188,-56.438,-0.1597,-0.2427,0.7299,0.6185
1781857626444,107128,0.10376,-0.55029,0.79565,0.97296,25.625,45.875,-65.5,-0.1598,-0.2412,0.7282,0.6211
1781857626452,107136,0.13843,-0.5564,0.82764,1.00684,30.188,43.562,-70.688,-0.1603,-0.2392,0.7247,0.6257
1781857626452,107136,0.03931,-0.68628,0.70435,0.98419,-28.375,84.688,-90.188,-0.1705,-0.2284,0.6987,0.656
1781857626502,107186,0.052,-0.65747,0.72827,0.98252,-29.75,85.625,-94.688,-0.173,-0.2275,0.6951,0.6594
1781857626503,107187,0.07007,-0.64917,0.75684,0.99957,-30.0,84.312,-97.0,-0.1754,-0.2268,0.6914,0.6629
1781857626503,107187,0.21631,-0.6792,0.81689,1.08417,-12.0,35.5,-70.562,-0.1929,-0.2214,0.6566,0.6945
1781857626623,107307,0.20044,-0.67114,0.81226,1.07255,-12.188,34.0,-68.625,-0.1936,-0.2213,0.6541,0.6967
1781857626627,107311,0.1958,-0.66357,0.8147,1.06883,-12.5,32.688,-67.562,-0.1943,-0.2213,0.6517,0.6988
1781857626634,107318,0.07666,-0.69458,0.75415,1.02813,-5.188,33.812,-91.312,-0.1992,-0.221,0.622,0.7241
1781857626682,107366,0.07666,-0.69458,0.75415,1.02813,-5.188,33.812,-91.312,-0.1992,-0.221,0.622,0.7241
1781857626682,107366,0.09131,-0.68213,0.77051,1.03311,-6.188,32.375,-92.438,-0.1995,-0.221,0.6188,0.7268
1781857626683,107367,0.10693,-0.68091,0.70532,0.98618,-20.438,-9.562,-65.5,-0.191,-0.2391,0.5566,0.7722
1781857626744,107428,0.12476,-0.68066,0.70996,0.99142,-22.625,-10.312,-66.188,-0.1908,-0.2413,0.5531,0.7741
1781857626745,107429,0.11255,-0.66895,0.66821,0.95219,-18.25,-13.062,-69.812,-0.1904,-0.2443,0.5483,0.7766
1781857626745,107429,0.11255,-0.66895,0.66821,0.95219,-18.25,-13.062,-69.812,-0.1904,-0.2443,0.5483,0.7766
1781857626805,107489,0.10083,-0.7124,0.62451,0.95273,-34.5,7.5,-41.438,-0.1915,-0.2541,0.5285,0.7869
1781857626806,107490,0.13647,-0.63721,0.6416,0.9145,-29.375,4.875,-38.312,-0.1922,-0.2549,0.5269,0.7875
1781857626806,107490,0.07373,-0.71411,0.67676,0.98661,-16.125,50.438,-83.438,-0.1939,-0.2583,0.4999,0.8035
1781857626863,107547,0.10474,-0.69043,0.60254,0.92234,-17.625,48.688,-91.062,-0.1947,-0.2577,0.4962,0.8057
1781857626863,107547,0.14844,-0.66309,0.54883,0.87346,-18.312,46.375,-99.562,-0.1953,-0.2573,0.4923,0.8081
1781857626863,107547,0.14844,-0.66309,0.54883,0.87346,-18.312,46.375,-99.562,-0.1953,-0.2573,0.4923,0.8081
1781857626923,107607,0.15625,-0.71826,0.7085,1.02092,-28.75,57.5,-110.312,-0.2011,-0.2528,0.4481,0.8334
1781857626923,107607,0.15942,-0.68872,0.70874,1.00103,-29.5,59.188,-111.75,-0.2021,-0.2522,0.4434,0.8359
1781857626923,107607,0.23267,-0.57031,0.68091,0.91816,-23.938,97.312,-195.25,-0.2072,-0.2426,0.3803,0.868
1781857626983,107667,0.24194,-0.55054,0.67993,0.90771,-24.25,100.0,-197.812,-0.2077,-0.241,0.3718,0.872
1781857626985,107669,0.25586,-0.52539,0.68652,0.90156,-24.062,100.062,-199.312,-0.2081,-0.2395,0.3632,0.8759
1781857626985,107669,0.21655,-0.48755,0.7793,0.94441,-11.188,67.312,-191.75,-0.2036,-0.2289,0.2895,0.9067
1781857627043,107727,0.22681,-0.47217,0.79492,0.95199,-9.625,66.062,-192.75,-0.2028,-0.2281,0.2813,0.9096
1781857627045,107729,0.22021,-0.45044,0.80322,0.94687,-6.75,66.25,-193.188,-0.202,-0.2272,0.2731,0.9125
1781857627046,107730,0.35352,-0.55078,0.76807,1.00909,-28.25,71.75,-187.125,-0.1895,-0.2183,0.21,0.9338
1781857627102,107786,0.35938,-0.5459,0.77222,1.01167,-41.812,81.0,-189.625,-0.19,-0.2171,0.2014,0.9359
1781857627102,107786,0.27539,-0.52417,0.78369,0.98223,-68.438,97.188,-188.25,-0.1921,-0.2146,0.1881,0.9389
1781857627103,107787,0.27539,-0.52417,0.78369,0.98223,-68.438,97.188,-188.25,-0.1921,-0.2146,0.1881,0.9389
1781857627164,107848,0.22803,-0.33813,0.8501,0.94287,-41.312,82.0,-185.0,-0.2065,-0.1982,0.1118,0.9515
1781857627164,107848,0.23706,-0.32935,0.8877,0.97605,-36.125,82.375,-176.0,-0.2068,-0.1965,0.1035,0.9527
1781857627164,107848,0.21631,-0.45874,1.04834,1.16458,-74.438,3.125,-115.938,-0.2262,-0.1972,0.0487,0.9525
1781857627222,107906,0.20142,-0.47974,0.85547,1.00127,-109.562,9.812,-121.75,-0.2319,-0.1993,0.0371,0.9512
1781857627223,107907,0.2041,-0.58008,0.84937,1.0486,-134.812,20.875,-115.875,-0.2401,-0.2012,0.0281,0.9491
1781857627226,107910,0.2041,-0.58008,0.84937,1.0486,-134.812,20.875,-115.875,-0.2401,-0.2012,0.0281,0.9491
1781857627289,107973,0.2041,-0.58008,0.84937,1.0486,-134.812,20.875,-115.875,-0.2401,-0.2012,0.0281,0.9491
1781857627289,107973,0.16187,-0.37256,0.93335,1.01791,15.375,40.812,-134.125,-0.2452,-0.2017,-0.0139,0.948
1781857627289,107973,0.31372,-0.54346,0.77661,0.99844,0.0,-13.625,-41.25,-0.2258,-0.2034,-0.0374,0.9519
1781857627346,108030,0.28394,-0.54932,0.76733,0.98548,-5.062,-17.375,-36.375,-0.2256,-0.2049,-0.0395,0.9515
1781857627346,108030,0.30176,-0.61133,0.7688,1.02754,-10.812,-22.75,-30.312,-0.2259,-0.206,-0.0407,0.9511
1781857627351,108035,0.37817,-0.49512,0.70801,0.9431,-48.812,-50.5,-3.562,-0.2426,-0.2252,-0.039,0.9427
1781857627402,108086,0.35352,-0.51221,0.7019,0.93808,-45.312,-44.312,-3.625,-0.2446,-0.2269,-0.0391,0.9418
1781857627402,108086,0.33569,-0.53882,0.68945,0.93721,-40.688,-40.375,-2.938,-0.2464,-0.2285,-0.0391,0.9409
1781857627403,108087,0.33569,-0.53882,0.68945,0.93721,-40.688,-40.375,-2.938,-0.2464,-0.2285,-0.0391,0.9409
1781857627463,108147,0.33569,-0.53882,0.68945,0.93721,-40.688,-40.375,-2.938,-0.2464,-0.2285,-0.0391,0.9409
1781857627464,108148,0.31787,-0.59668,0.63184,0.92536,-106.5,-0.125,-37.438,-0.2712,-0.2391,-0.0473,0.931
1781857627464,108148,0.45264,-0.58691,0.80078,1.09115,-78.562,27.812,-68.125,-0.3029,-0.2362,-0.0841,0.9193
1781857627525,108209,0.43262,-0.60132,0.78101,1.07643,-82.188,30.062,-60.375,-0.306,-0.2359,-0.087,0.9181
1781857627525,108209,0.40063,-0.63745,0.76343,1.07223,-82.438,30.812,-61.438,-0.3086,-0.2351,-0.0906,0.9171
1781857627530,108214,0.40063,-0.63745,0.76343,1.07223,-82.438,30.812,-61.438,-0.3086,-0.2351,-0.0906,0.9171
1781857627582,108266,0.45117,-0.49097,0.64014,0.92433,-95.0,30.438,-51.625,-0.34,-0.2266,-0.1249,0.9039
1781857627582,108266,0.4502,-0.52393,0.65308,0.95062,-86.938,30.375,-52.062,-0.3428,-0.2257,-0.1282,0.9027
1781857627583,108267,0.44727,-0.56348,0.64209,0.96428,-42.75,25.562,-46.562,-0.3584,-0.2207,-0.1515,0.8942
1781857627642,108326,0.44873,-0.61694,0.65332,1.00439,-39.438,25.625,-46.5,-0.3596,-0.2203,-0.154,0.8934
1781857627643,108327,0.45679,-0.70923,0.65967,1.0709,-40.375,25.0,-48.25,-0.361,-0.2195,-0.1578,0.8923
1781857627643,108327,0.38232,-0.60278,0.57837,0.91871,-36.375,24.875,-47.25,-0.3699,-0.2152,-0.1758,0.8864
1781857627702,108386,0.40894,-0.63721,0.56323,0.94366,-26.188,23.562,-47.188,-0.3706,-0.2152,-0.1784,0.8856
1781857627702,108386,0.39722,-0.66431,0.56665,0.95926,-22.438,22.812,-47.562,-0.3709,-0.2149,-0.1808,0.8851
1781857627703,108387,0.40747,-0.61426,0.51953,0.90181,1.688,11.875,-54.375,-0.3651,-0.2189,-0.2039,0.8815
1781857627765,108449,0.40747,-0.61426,0.51953,0.90181,1.688,11.875,-54.375,-0.3651,-0.2189,-0.2039,0.8815
1781857627765,108449,0.40063,-0.60059,0.50464,0.88084,4.812,12.062,-54.75,-0.3638,-0.2198,-0.2064,0.8812
1781857627765,108449,0.4585,-0.59937,0.55249,0.93526,14.312,-14.562,30.0,-0.3551,-0.2265,-0.2067,0.8829
1781857627822,108506,0.4585,-0.59937,0.55249,0.93526,14.312,-14.562,30.0,-0.3551,-0.2265,-0.2067,0.8829
1781857627822,108506,0.46997,-0.59082,0.55493,0.93696,13.188,-10.75,34.188,-0.3551,-0.2263,-0.2041,0.8836
1781857627823,108507,0.49072,-0.60669,0.56567,0.96378,-2.0,-27.75,59.875,-0.3624,-0.2227,-0.1834,0.8861
1781857627882,108566,0.46704,-0.65698,0.5686,0.98644,-0.625,-32.75,52.438,-0.3639,-0.2227,-0.1804,0.8861
1781857627883,108567,0.45239,-0.68701,0.5625,0.99652,-1.562,-35.312,45.0,-0.3648,-0.2232,-0.1781,0.8861
1781857627884,108568,0.49536,-0.29956,0.28345,0.64456,-41.875,-44.062,-2.75,-0.3816,-0.2479,-0.1824,0.8714
1781857627942,108626,0.56421,-0.45532,0.37158,0.81469,-22.062,-11.312,23.062,-0.3836,-0.2487,-0.1807,0.8707
1781857627942,108626,0.59717,-0.53174,0.43384,0.90971,-13.562,-2.438,29.125,-0.3845,-0.2483,-0.1798,0.8706
1781857627945,108629,0.69287,-0.48096,0.4646,0.96293,43.938,-34.562,38.688,-0.3866,-0.2532,-0.1693,0.8703
1781857628002,108686,0.69287,-0.48096,0.4646,0.96293,43.938,-34.562,38.688,-0.3866,-0.2532,-0.1693,0.8703
1781857628002,108686,0.6626,-0.5437,0.44824,0.96725,54.188,-36.188,44.5,-0.3854,-0.2543,-0.1665,0.8711
1781857628003,108687,0.61768,-0.52319,0.46582,0.93394,63.938,20.812,22.438,-0.3695,-0.2497,-0.1426,0.8835
1781857628062,108746,0.61768,-0.52319,0.46582,0.93394,63.938,20.812,22.438,-0.3695,-0.2497,-0.1426,0.8835
1781857628062,108746,0.69189,-0.48267,0.52734,0.99487,80.375,10.875,26.438,-0.3644,-0.2484,-0.1408,0.8862
1781857628064,108748,0.58911,-0.58179,0.66333,1.06091,-109.438,94.688,-71.562,-0.3637,-0.2344,-0.1497,0.8889
1781857628122,108806,0.43384,-0.56396,0.79761,1.06885,-110.5,101.0,-73.0,-0.3665,-0.2309,-0.1551,0.8878
1781857628122,108806,0.45996,-0.56372,0.78369,1.06935,-113.375,130.312,-77.125,-0.3687,-0.2272,-0.1594,0.887
1781857628123,108807,0.60791,-0.44409,0.66162,1.00225,-103.438,86.25,-146.5,-0.3869,-0.2066,-0.2127,0.873
1781857628185,108869,0.61182,-0.48096,0.65991,1.02035,-96.688,89.5,-145.25,-0.3885,-0.2048,-0.2205,0.8708
1781857628185,108869,0.63892,-0.53711,0.65137,1.05876,-80.625,92.0,-133.125,-0.39,-0.2023,-0.2325,0.8676
1781857628187,108871,0.66357,-0.51733,0.62744,1.04959,-57.938,47.062,-41.0,-0.3983,-0.1881,-0.2723,0.8553
1781857628255,108939,0.66357,-0.51733,0.62744,1.04959,-57.938,47.062,-41.0,-0.3983,-0.1881,-0.2723,0.8553
1781857628256,108940,0.65894,-0.51636,0.65137,1.06071,-54.875,42.5,-28.0,-0.4003,-0.1856,-0.2753,0.854
1781857628256,108940,0.65356,-0.66284,0.54126,1.07679,-28.5,32.812,-14.562,-0.414,-0.1715,-0.2866,0.8467
1781857628302,108986,0.62866,-0.63989,0.56616,1.06076,-21.25,32.875,-15.125,-0.4143,-0.1704,-0.2879,0.8463
1781857628305,108989,0.60791,-0.59204,0.58545,1.03093,-16.125,31.75,-12.25,-0.4144,-0.1686,-0.2897,0.8459
1781857628305,108989,0.62939,-0.5354,0.62988,1.03901,3.312,37.625,-6.062,-0.4131,-0.1592,-0.2976,0.8457
1781857628364,109048,0.63379,-0.54224,0.64722,1.05575,6.188,36.188,-2.938,-0.4124,-0.158,-0.2984,0.846
1781857628364,109048,0.68066,-0.29224,0.61792,0.96464,18.562,33.375,5.312,-0.4108,-0.1567,-0.2989,0.8468
1781857628365,109049,0.50098,-0.4624,0.70068,0.97763,34.875,52.938,-18.438,-0.3842,-0.15,-0.2977,0.8608
1781857628422,109106,0.50098,-0.4624,0.70068,0.97763,34.875,52.938,-18.438,-0.3842,-0.15,-0.2977,0.8608
1781857628423,109107,0.57642,-0.45508,0.60376,0.95072,41.5,57.625,-28.688,-0.3786,-0.1463,-0.3025,0.8623
1781857628423,109107,0.51074,-0.46851,0.7041,0.98798,0.75,20.375,-35.938,-0.3623,-0.1447,-0.313,0.8658
1781857628489,109173,0.53687,-0.44897,0.70801,0.99553,5.75,19.938,-37.375,-0.3616,-0.1447,-0.3147,0.8655
1781857628490,109174,0.54224,-0.45557,0.71606,1.00713,21.188,22.188,-38.812,-0.3598,-0.145,-0.3165,0.8655
1781857628490,109174,0.47949,-0.48267,0.75732,1.01805,64.938,10.0,-30.688,-0.3368,-0.1518,-0.327,0.8696
1781857628542,109226,0.48608,-0.49512,0.74341,1.01689,55.438,8.5,-32.5,-0.3343,-0.1527,-0.328,0.8701
1781857628542,109226,0.50659,-0.49658,0.73462,1.02122,44.25,8.188,-34.25,-0.3322,-0.1536,-0.3291,0.8703
1781857628545,109229,0.5686,-0.43433,0.66577,0.97734,7.688,-6.062,-33.625,-0.3258,-0.1592,-0.34,0.8675
1781857628605,109289,0.58203,-0.44897,0.66162,0.98898,6.938,-7.438,-34.312,-0.3254,-0.16,-0.3412,0.8671
1781857628612,109296,0.58643,-0.46045,0.65942,0.99536,4.938,-9.5,-36.375,-0.3252,-0.161,-0.3424,0.8665
1781857628612,109296,0.50439,-0.41382,0.69312,0.95188,16.375,-12.562,-18.75,-0.3196,-0.1743,-0.3517,0.8623
1781857628662,109346,0.52832,-0.40625,0.68848,0.95821,15.375,-8.188,-14.438,-0.319,-0.1751,-0.3521,0.8622
1781857628663,109347,0.56616,-0.42212,0.70312,0.99655,14.562,-2.5,-8.75,-0.3179,-0.1762,-0.3524,0.8623
1781857628663,109347,0.62036,-0.479,0.66235,1.02616,0.438,1.0,-10.938,-0.315,-0.1781,-0.3541,0.8622
1781857628724,109408,0.60547,-0.4729,0.66064,1.01325,-1.875,1.438,-11.312,-0.315,-0.1782,-0.3546,0.862
1781857628724,109408,0.58276,-0.46582,0.66309,0.99814,-3.5,2.625,-11.0,-0.315,-0.1782,-0.3551,0.8618
1781857628724,109408,0.59106,-0.39697,0.65161,0.96516,-14.125,15.125,13.312,-0.3176,-0.1722,-0.3579,0.8609
1781857628786,109470,0.6106,-0.39087,0.64551,0.97071,-12.5,13.062,16.688,-0.318,-0.1713,-0.3576,0.861
1781857628786,109470,0.61963,-0.39185,0.6377,0.97167,-10.375,9.625,21.0,-0.3184,-0.1706,-0.3571,0.8613
1781857628793,109477,0.66992,-0.33984,0.63525,0.98379,-7.875,-30.812,33.125,-0.3259,-0.1695,-0.3442,0.8639
1781857628846,109530,0.65918,-0.31494,0.61719,0.95636,-1.688,-36.438,31.938,-0.3268,-0.1704,-0.3425,0.864
1781857628846,109530,0.63623,-0.28906,0.53394,0.87945,12.312,-48.812,29.812,-0.3274,-0.1718,-0.3408,0.8642
1781857628905,109589,0.55078,-0.42456,0.80835,1.06632,-2.062,-12.0,41.438,-0.3295,-0.1828,-0.3225,0.8682
1781857628906,109590,0.56128,-0.3916,0.7937,1.04802,0.875,-6.312,47.0,-0.3301,-0.1823,-0.3199,0.869
1781857628908,109592,0.57593,-0.38159,0.79443,1.05282,5.25,-5.0,50.562,-0.3305,-0.1819,-0.3179,0.8697
1781857628962,109646,0.71484,-0.57812,0.80884,1.22452,49.75,-26.188,106.875,-0.326,-0.1821,-0.2929,0.88
1781857628962,109646,0.70728,-0.52588,0.78687,1.1815,46.062,-28.062,127.562,-0.3256,-0.182,-0.2876,0.882
1781857628963,109647,0.42798,-0.45264,0.7854,1.00245,33.875,-64.812,38.062,-0.3298,-0.1917,-0.2361,0.8936
1781857629028,109712,0.40674,-0.50391,0.78442,1.01719,38.938,-57.938,22.562,-0.3292,-0.1939,-0.234,0.8939
1781857629029,109713,0.35767,-0.52954,0.77954,1.00798,38.438,-47.188,9.688,-0.3283,-0.1959,-0.2324,0.8942
1781857629029,109713,0.37891,-0.30029,0.79102,0.92707,27.5,20.375,-69.875,-0.3187,-0.1999,-0.2429,0.894
1781857629083,109767,0.38135,-0.31372,0.79199,0.93333,31.438,21.125,-76.688,-0.3165,-0.2004,-0.2458,0.8939
1781857629083,109767,0.38477,-0.3208,0.79492,0.93961,35.25,21.25,-82.625,-0.3142,-0.201,-0.2489,0.8937
1781857629083,109767,0.38477,-0.3208,0.79492,0.93961,35.25,21.25,-82.625,-0.3142,-0.201,-0.2489,0.8937
1781857629142,109826,0.22998,-0.37866,0.82422,0.93574,31.062,71.125,-187.812,-0.2803,-0.21,-0.2934,0.8894
1781857629142,109826,0.2395,-0.37378,0.81885,0.93144,22.75,79.688,-198.812,-0.2766,-0.2096,-0.3016,0.8879
1781857629144,109828,0.2395,-0.37378,0.81885,0.93144,22.75,79.688,-198.812,-0.2766,-0.2096,-0.3016,0.8879
1781857629202,109886,0.44214,-0.28882,0.90112,1.04447,-16.062,57.562,-125.562,-0.2442,-0.2014,-0.3843,0.8671
1781857629207,109891,0.42749,-0.26929,0.90771,1.03885,-14.5,57.125,-115.375,-0.2427,-0.2002,-0.3895,0.8655
1781857629207,109891,0.41113,-0.19409,0.88013,0.99062,1.75,33.938,-53.312,-0.2279,-0.1903,-0.4218,0.8566
1781857629263,109947,0.42114,-0.20874,0.8811,0.99864,3.938,32.75,-50.125,-0.2267,-0.1896,-0.424,0.856
1781857629263,109947,0.42651,-0.24512,0.87402,1.00295,5.938,31.5,-47.438,-0.2255,-0.189,-0.426,0.8554
1781857629265,109949,0.42651,-0.24512,0.87402,1.00295,5.938,31.5,-47.438,-0.2255,-0.189,-0.426,0.8554
1781857629330,110014,0.40869,-0.23584,0.76782,0.90122,4.125,22.625,4.938,-0.2205,-0.1807,-0.4337,0.8546
1781857629333,110017,0.40405,-0.22681,0.76392,0.89346,6.312,18.375,8.5,-0.2196,-0.1791,-0.4337,0.8552
1781857629333,110017,0.40405,-0.22681,0.76392,0.89346,6.312,18.375,8.5,-0.2196,-0.1791,-0.4337,0.8552
1781857629383,110067,0.4209,-0.29272,0.7793,0.93282,8.875,3.188,25.625,-0.2144,-0.1756,-0.4291,0.8595
1781857629383,110067,0.42261,-0.29224,0.77637,0.93099,5.25,3.5,26.375,-0.2144,-0.1753,-0.4281,0.8601
1781857629384,110068,0.46216,-0.19043,0.82959,0.96854,-4.625,-10.125,39.625,-0.2188,-0.1711,-0.4195,0.8641
1781857629451,110135,0.45215,-0.19043,0.82153,0.95688,-6.25,-11.25,41.062,-0.2194,-0.171,-0.4179,0.8646
1781857629451,110135,0.45239,-0.1897,0.8103,0.94722,-6.562,-12.5,41.438,-0.2202,-0.171,-0.4163,0.8652
1781857629451,110135,0.44702,-0.24121,0.77808,0.9292,-14.188,-13.812,27.812,-0.228,-0.1708,-0.4062,0.8681
1781857629508,110192,0.44702,-0.24121,0.77808,0.9292,-14.188,-13.812,27.812,-0.228,-0.1708,-0.4062,0.8681
1781857629513,110197,0.46387,-0.25122,0.77246,0.9354,-19.562,-10.375,20.0,-0.2304,-0.1701,-0.406,0.8677
1781857629513,110197,0.46387,-0.25122,0.77246,0.9354,-19.562,-10.375,20.0,-0.2304,-0.1701,-0.406,0.8677
1781857629562,110246,0.5686,-0.31641,0.82397,1.04993,-21.438,0.688,5.188,-0.2399,-0.1666,-0.4051,0.8662
1781857629563,110247,0.58447,-0.35034,0.82153,1.06736,-21.75,-1.75,6.312,-0.2417,-0.1657,-0.4052,0.8658
1781857629563,110247,0.58008,-0.35571,0.81763,1.06374,-47.0,-13.812,22.438,-0.2567,-0.1618,-0.4017,0.8638
1781857629622,110306,0.57104,-0.35522,0.80884,1.0519,-49.875,-14.312,25.438,-0.2612,-0.1606,-0.4002,0.8635
1781857629622,110306,0.57349,-0.34302,0.80054,1.04279,-51.688,-14.625,26.062,-0.2635,-0.16,-0.3994,0.8632
1781857629623,110307,0.52832,-0.28223,0.72388,0.93956,-49.938,-13.75,22.188,-0.2861,-0.1547,-0.3924,0.8602
1781857629685,110369,0.52026,-0.25977,0.72241,0.92738,-51.75,-10.062,17.062,-0.2893,-0.1537,-0.3916,0.8597
1781857629686,110370,0.51758,-0.23975,0.72095,0.91931,-51.688,-8.25,12.312,-0.2915,-0.1531,-0.3913,0.8592
1781857629689,110373,0.47754,-0.29492,0.79419,0.9725,-23.0,0.5,-14.25,-0.3044,-0.1492,-0.395,0.8537
1781857629743,110427,0.47754,-0.29492,0.79419,0.9725,-23.0,0.5,-14.25,-0.3044,-0.1492,-0.395,0.8537
1781857629747,110431,0.46802,-0.2981,0.81494,0.98592,-20.375,3.938,-14.75,-0.3051,-0.1489,-0.3956,0.8532
1781857629747,110431,0.55151,-0.38721,0.84399,1.08001,8.312,11.875,-0.375,-0.3046,-0.1452,-0.4036,0.8503
1781857629804,110488,0.55151,-0.38721,0.84399,1.08001,8.312,11.875,-0.375,-0.3046,-0.1452,-0.4036,0.8503
1781857629804,110488,0.59497,-0.42456,0.84399,1.1165,15.938,7.375,11.062,-0.3034,-0.1448,-0.4032,0.851
1781857629805,110489,0.71436,-0.32837,0.70728,1.05753,35.625,-15.0,51.875,-0.2986,-0.146,-0.3892,0.859
1781857629863,110547,0.71729,-0.30396,0.73657,1.07211,40.812,-18.75,59.375,-0.2976,-0.1465,-0.3867,0.8604
1781857629863,110547,0.69824,-0.29639,0.72412,1.04868,41.5,-20.562,63.75,-0.2968,-0.1472,-0.3839,0.8618
1781857629863,110547,0.69824,-0.29639,0.72412,1.04868,41.5,-20.562,63.75,-0.2968,-0.1472,-0.3839,0.8618
1781857629925,110609,0.69824,-0.29639,0.72412,1.04868,41.5,-20.562,63.75,-0.2968,-0.1472,-0.3839,0.8618
1781857629925,110609,0.45557,-0.28442,0.73242,0.90823,42.5,-18.438,49.125,-0.2885,-0.1546,-0.3577,0.8744
1781857629925,110609,0.39307,-0.4353,0.8186,1.00703,11.25,28.125,11.875,-0.2775,-0.1484,-0.3501,0.8821
1781857629982,110666,0.41284,-0.39893,0.83081,1.00986,-2.875,30.438,16.812,-0.2769,-0.1464,-0.3499,0.8827
1781857629983,110667,0.41699,-0.34766,0.82373,0.98655,-8.875,28.812,22.438,-0.2769,-0.1449,-0.3496,0.8831
1781857629983,110667,0.48193,-0.33081,0.83765,1.02144,-15.688,-12.312,41.875,-0.2829,-0.1373,-0.3417,0.8855
1781857630042,110726,0.46436,-0.31738,0.83887,1.00998,-12.75,-15.062,45.438,-0.2838,-0.1372,-0.3399,0.8859
1781857630042,110726,0.42554,-0.34692,0.86084,1.02102,-8.625,-16.125,47.938,-0.2852,-0.1368,-0.3375,0.8865
1781857630044,110728,0.55054,-0.38477,0.9248,1.14298,6.25,-12.875,58.312,-0.2904,-0.1319,-0.3172,0.893
1781857630102,110786,0.55469,-0.37207,0.90674,1.12618,16.188,-19.688,56.875,-0.2905,-0.132,-0.314,0.8941
1781857630102,110786,0.54199,-0.36597,0.9021,1.11421,24.188,-24.375,53.812,-0.2902,-0.1325,-0.3115,0.895
1781857630103,110787,0.4397,-0.59399,0.93237,1.18974,48.562,-34.375,32.875,-0.2788,-0.1463,-0.2943,0.9022
1781857630163,110847,0.41138,-0.58594,0.90771,1.15607,40.438,-26.5,33.188,-0.2778,-0.1475,-0.2924,0.903
1781857630165,110849,0.41284,-0.51318,0.8772,1.09694,29.812,-10.125,26.125,-0.2761,-0.1486,-0.2898,0.9041
1781857630165,110849,0.57202,-0.30688,0.80103,1.03103,43.938,-15.75,3.812,-0.2659,-0.1523,-0.2831,0.9086
1781857630225,110909,0.57202,-0.30688,0.80103,1.03103,43.938,-15.75,3.812,-0.2659,-0.1523,-0.2831,0.9086
1781857630225,110909,0.54395,-0.354,0.78223,1.0164,56.562,-20.25,-3.938,-0.2623,-0.155,-0.2825,0.9094
1781857630225,110909,0.47437,-0.45337,0.77905,1.01857,46.875,-23.0,-24.5,-0.2456,-0.1685,-0.2827,0.9116
1781857630282,110966,0.42261,-0.45972,0.84814,1.05323,42.75,-19.688,-30.125,-0.2423,-0.1718,-0.2837,0.9116
1781857630282,110966,0.40991,-0.49072,0.8999,1.10393,39.375,-16.562,-31.0,-0.2406,-0.1734,-0.2836,0.9118
1781857630283,110967,0.37793,-0.28247,1.02466,1.12807,43.375,1.312,4.75,-0.2241,-0.1806,-0.2861,0.9138
1781857630341,111025,0.50952,-0.17725,1.21362,1.32812,28.938,-8.625,15.375,-0.2227,-0.1811,-0.2855,0.9143
1781857630342,111026,0.49634,-0.05273,1.12354,1.22942,11.062,-20.75,30.062,-0.2222,-0.182,-0.283,0.9149
1781857630343,111027,0.3252,-0.19458,0.7688,0.85713,66.875,7.875,75.125,-0.2118,-0.1996,-0.2556,0.9218
1781857630403,111087,0.23853,-0.14771,0.80151,0.8492,61.562,14.188,80.938,-0.2097,-0.1989,-0.252,0.9234
1781857630404,111088,0.20898,-0.16357,0.74268,0.78867,59.0,15.062,70.312,-0.2061,-0.1986,-0.2433,0.9266
1781857630414,111098,0.302,-0.09741,0.63037,0.70574,67.812,102.312,-126.938,-0.1755,-0.1838,-0.2514,0.9338
1781857630466,111150,0.31079,-0.11914,0.70923,0.78345,54.5,92.812,-118.688,-0.1689,-0.1804,-0.2591,0.9336
1781857630466,111150,0.3479,-0.16528,0.72266,0.81889,45.062,81.438,-113.875,-0.1624,-0.178,-0.2617,0.9345
1781857630467,111151,0.38403,-0.18188,0.66772,0.79147,40.75,-2.688,-26.562,-0.1383,-0.174,-0.28,0.9338
1781857630523,111207,0.3894,-0.17407,0.67578,0.79914,39.188,-7.688,-18.188,-0.1366,-0.1748,-0.2805,0.9337
1781857630523,111207,0.37207,-0.18311,0.69409,0.80853,35.0,-11.875,-11.688,-0.1353,-0.1758,-0.2807,0.9337
1781857630523,111207,0.25781,-0.11328,0.79346,0.84195,52.812,79.625,-191.875,-0.1205,-0.1737,-0.3124,0.926
1781857630582,111266,0.26758,-0.09741,0.77295,0.82373,60.625,97.938,-206.438,-0.1154,-0.1718,-0.3206,0.9242
1781857630583,111267,0.31665,-0.04224,0.78564,0.84811,75.688,122.812,-227.875,-0.1063,-0.168,-0.3335,0.9214
1781857630583,111267,0.3689,0.42017,1.21753,1.33978,-82.375,61.062,-106.0,-0.0722,-0.1322,-0.4027,0.9027
1781857630642,111326,0.40869,0.33521,1.14331,1.25958,-86.875,39.125,-76.75,-0.0742,-0.1293,-0.4066,0.9013
1781857630642,111326,0.48242,0.29077,1.12012,1.25377,-84.5,26.75,-51.5,-0.0766,-0.1271,-0.4094,0.9001
1781857630643,111327,0.28198,-0.02905,1.1228,1.15803,-46.875,-54.062,1.75,-0.112,-0.1288,-0.4085,0.8965
1781857630702,111386,0.3269,0.04688,1.15674,1.20296,-56.375,-41.062,-21.938,-0.1159,-0.1301,-0.4095,0.8954
1781857630702,111386,0.31641,0.00269,1.17871,1.22044,-65.875,-34.812,-30.625,-0.1204,-0.1304,-0.4129,0.8931
1781857630703,111387,0.40552,0.06177,1.01416,1.09397,-82.375,-9.625,-67.25,-0.1463,-0.1278,-0.4389,0.8772
1781857630763,111447,0.41919,0.06641,1.09937,1.17845,-64.812,-14.312,-81.375,-0.1485,-0.1275,-0.4421,0.8752
1781857630764,111448,0.39771,-0.02124,1.11548,1.18445,-62.312,-13.125,-88.688,-0.1506,-0.1274,-0.4456,0.8731
1781857630772,111456,0.53027,-0.21021,0.96924,1.12463,-10.25,-44.438,10.0,-0.1779,-0.135,-0.4633,0.8574
1781857630821,111505,0.79419,-0.38843,1.01416,1.34541,-5.875,-40.438,28.25,-0.1794,-0.1364,-0.4621,0.8576
1781857630822,111506,0.76685,-0.42676,0.88159,1.24394,-20.875,-56.938,36.125,-0.1815,-0.1378,-0.4605,0.8578
1781857630823,111507,0.52002,-0.10767,0.99243,1.12558,-26.438,19.0,-90.25,-0.1879,-0.1425,-0.4683,0.8513
1781857630881,111565,0.55933,-0.05518,1.02124,1.16569,-23.0,29.812,-100.562,-0.1876,-0.1419,-0.4723,0.8493
1781857630882,111566,0.62451,0.00732,1.06372,1.23352,-25.438,33.438,-102.812,-0.187,-0.1412,-0.4765,0.8472
1781857630886,111570,0.35059,-0.20215,1.01782,1.09532,-43.188,102.5,-79.0,-0.185,-0.1177,-0.5041,0.8352
1781857630944,111628,0.36621,-0.20825,1.00659,1.09119,-51.188,113.938,-85.438,-0.184,-0.1134,-0.5082,0.8335
1781857630946,111630,0.39062,-0.20605,0.97119,1.06689,-58.562,122.312,-87.0,-0.1829,-0.1085,-0.5125,0.8317
1781857630946,111630,0.36914,-0.29004,0.78882,0.91794,53.125,11.5,-35.875,-0.1621,-0.0851,-0.5371,0.8233
1781857631001,111685,0.36279,-0.24561,0.73047,0.85178,38.75,12.188,-44.875,-0.1603,-0.0859,-0.5385,0.8226
1781857631002,111686,0.34668,-0.23145,0.68359,0.80066,26.562,14.5,-52.75,-0.1588,-0.0865,-0.5403,0.8217
1781857631013,111697,0.24634,-0.08984,0.69214,0.74014,38.125,17.25,-83.438,-0.1412,-0.0925,-0.5647,0.8077
1781857631064,111748,0.21265,-0.10278,0.71753,0.7554,30.0,13.562,-81.312,-0.1394,-0.0932,-0.5675,0.8059
1781857631065,111749,0.17651,-0.10645,0.74414,0.77216,18.25,8.625,-79.125,-0.1381,-0.0938,-0.5703,0.8041
1781857631065,111749,0.18579,-0.30103,0.70752,0.79102,-6.438,47.125,-57.062,-0.1408,-0.0876,-0.5906,0.7896
1781857631181,111865,0.20312,-0.26074,0.63892,0.71935,-8.812,35.812,-61.312,-0.1399,-0.0864,-0.5929,0.7882
1781857631184,111868,0.21216,-0.23071,0.62793,0.70181,-18.438,29.5,-55.375,-0.1395,-0.0853,-0.595,0.7867
1781857631184,111868,0.21216,-0.23071,0.62793,0.70181,-18.438,29.5,-55.375,-0.1395,-0.0853,-0.595,0.7867
1781857631185,111869,0.24756,-0.32349,0.72705,0.83339,-17.75,-5.125,27.188,-0.1471,-0.078,-0.5991,0.783
1781857631249,111933,0.24463,-0.35498,0.73755,0.8543,-15.438,-3.75,31.875,-0.148,-0.0774,-0.598,0.7837
1781857631249,111933,0.36401,-0.49561,0.78027,0.99346,-73.438,-29.875,71.688,-0.1721,-0.0654,-0.5823,0.7917
1781857631251,111935,0.53491,-0.6145,1.02588,1.31003,-64.688,-72.875,131.75,-0.2239,-0.053,-0.5404,0.8092
1781857631305,111989,0.49878,-0.61279,1.03784,1.30438,-62.688,-73.438,130.125,-0.2282,-0.0527,-0.5353,0.8114
1781857631305,111989,0.479,-0.60718,1.06177,1.31357,-57.25,-71.438,125.375,-0.2322,-0.0526,-0.5302,0.8135
1781857631307,111991,0.479,-0.60718,1.06177,1.31357,-57.25,-71.438,125.375,-0.2322,-0.0526,-0.5302,0.8135
1781857631364,112048,0.51709,-0.53247,0.93726,1.19556,-45.438,-25.5,114.812,-0.2629,-0.0443,-0.4863,0.832
1781857631364,112048,0.58716,-0.44922,0.81519,1.10049,-38.125,-23.812,113.188,-0.2652,-0.0432,-0.4821,0.8337
1781857631365,112049,0.58716,-0.44922,0.81519,1.10049,-38.125,-23.812,113.188,-0.2652,-0.0432,-0.4821,0.8337
1781857631423,112107,0.58716,-0.44922,0.81519,1.10049,-38.125,-23.812,113.188,-0.2652,-0.0432,-0.4821,0.8337
1781857631423,112107,0.42505,-0.33447,0.9519,1.09483,-8.0,-32.812,94.25,-0.2833,-0.0334,-0.4434,0.8496
1781857631546,112230,0.31714,-0.29468,0.94775,1.04194,22.375,-10.75,76.062,-0.285,-0.0322,-0.4037,0.8686
1781857631547,112231,0.35449,-0.25854,0.93115,1.02935,30.375,-11.625,77.438,-0.2838,-0.0323,-0.3992,0.8711
1781857631547,112231,0.36279,-0.25928,0.93481,1.03572,36.0,-13.438,76.0,-0.2828,-0.0325,-0.3961,0.8728
1781857631661,112345,0.31543,-0.22461,0.79883,0.88773,65.625,-46.938,82.688,-0.2709,-0.0424,-0.3717,0.8868
1781857631662,112346,0.32544,-0.23877,0.79956,0.89567,70.438,-52.688,87.938,-0.2684,-0.0452,-0.3664,0.8897
1781857631662,112346,0.43628,-0.28198,0.78223,0.93901,-7.25,16.625,67.125,-0.2373,-0.0437,-0.2833,0.928
1781857631665,112349,0.3479,-0.23267,0.60303,0.73404,-5.125,57.312,43.5,-0.2371,-0.0404,-0.2808,0.929
1781857631723,112407,0.1333,-0.24878,0.5957,0.65918,-9.125,63.062,33.938,-0.2367,-0.0372,-0.28,0.9295
1781857631724,112408,0.15552,-0.69141,1.61011,1.75917,66.375,1.125,105.812,-0.2355,0.0182,-0.2581,0.9367
1781857631724,112408,0.50928,-0.27881,0.89038,1.06296,-90.312,-223.75,33.812,-0.2695,-0.0552,-0.2122,0.9376
1781857631845,112529,0.4873,-0.13525,0.80811,0.95331,-84.875,-229.375,34.938,-0.2778,-0.0674,-0.2063,0.9357
1781857631845,112529,0.48022,-0.10767,0.80078,0.93992,-76.312,-227.812,39.75,-0.2829,-0.0756,-0.2023,0.9344
1781857631846,112530,0.37549,-0.27417,0.83325,0.95419,-42.0,-182.562,17.375,-0.3193,-0.1456,-0.1648,0.9216
1781857631846,112530,0.2832,-0.25732,0.80444,0.89081,-29.062,-164.062,12.938,-0.3219,-0.1516,-0.1627,0.9202
1781857631901,112585,0.18091,-0.2793,0.81372,0.87913,-13.438,-139.5,7.438,-0.3236,-0.1569,-0.1605,0.9191
1781857631902,112586,0.26782,-0.53223,1.18262,1.32423,73.812,126.0,33.312,-0.3125,-0.1616,-0.1566,0.9227
1781857631903,112587,0.53418,-0.43188,0.87402,1.11166,42.25,100.062,36.438,-0.2763,-0.1152,-0.1612,0.9403
1781857631961,112645,0.25122,-0.49536,0.89087,1.04983,38.375,138.875,32.875,-0.273,-0.1071,-0.1613,0.9422
1781857631962,112646,0.53687,-0.43506,1.03271,1.24258,35.438,143.312,28.75,-0.2705,-0.1015,-0.1618,0.9435
1781857631966,112650,0.19946,-0.43311,0.8916,1.0111,-0.125,117.25,-25.0,-0.26,-0.062,-0.1696,0.9484
1781857632022,112706,0.27905,-0.37451,0.89185,1.00674,1.562,124.5,-31.688,-0.2589,-0.0574,-0.1722,0.9486
1781857632022,112706,0.21362,-0.3728,0.8894,0.98775,-1.562,143.125,-33.75,-0.2567,-0.0473,-0.1771,0.9489
1781857632022,112706,0.11255,-0.60547,0.92383,1.11028,-9.625,157.438,-74.625,-0.2487,0.0096,-0.2155,0.9441
1781857632083,112767,-0.01392,-0.67505,0.9939,1.20155,-0.562,112.438,-90.938,-0.247,0.0186,-0.2233,0.9426
1781857632142,112826,0.04077,-0.67578,0.99902,1.20681,18.188,92.812,-108.188,-0.2457,0.0213,-0.2286,0.9417
1781857632142,112826,0.24194,-0.51758,0.87646,1.04624,51.188,17.125,-174.312,-0.2202,0.0243,-0.2839,0.9327
1781857632142,112826,0.19507,-0.51685,0.88184,1.04058,41.688,14.75,-167.25,-0.2185,0.0228,-0.2908,0.9311
1781857632143,112827,0.14233,-0.54126,0.89209,1.05311,35.812,16.375,-159.188,-0.2171,0.0211,-0.2955,0.93
1781857632202,112886,0.06055,-0.34204,0.79395,0.86661,12.375,48.812,-105.562,-0.2086,0.0125,-0.3467,0.9143
1781857632202,112886,0.11084,-0.25024,0.80347,0.8488,26.0,47.75,-106.062,-0.207,0.013,-0.3513,0.9129
1781857632203,112887,0.13721,-0.2981,0.69019,0.76423,109.312,41.438,-88.25,-0.1646,0.0081,-0.4072,0.8982
1781857632262,112946,0.15503,-0.32031,0.69067,0.77696,113.812,32.312,-87.062,-0.1597,0.0068,-0.4108,0.8975
1781857632263,112947,0.19873,-0.35327,0.69751,0.80673,116.562,31.375,-82.062,-0.1524,0.0048,-0.4163,0.8962
1781857632263,112947,0.19873,-0.35327,0.69751,0.80673,116.562,31.375,-82.062,-0.1524,0.0048,-0.4163,0.8962
1781857632322,113006,0.09766,-0.479,0.68945,0.84518,82.125,-23.5,-25.438,-0.1143,-0.0143,-0.4385,0.8912
1781857632322,113006,0.05688,-0.4751,0.69409,0.84304,63.875,-24.5,-9.25,-0.1101,-0.0184,-0.4412,0.8903
1781857632382,113066,-0.00537,-0.44824,0.66919,0.80546,10.5,1.25,46.438,-0.1035,-0.0285,-0.4395,0.8917
1781857632442,113126,0.05591,-0.59644,0.84741,1.03777,-23.812,23.938,80.875,-0.1223,-0.003,-0.4158,0.9011
1781857632443,113127,0.06665,-0.66577,0.94775,1.16014,-19.0,26.875,84.812,-0.1239,0.0034,-0.4121,0.9025
1781857632443,113127,0.07397,-0.71021,1.01831,1.24371,-17.312,30.125,86.938,-0.1243,0.0054,-0.4089,0.9039
1781857632508,113192,0.08228,-0.76514,1.07275,1.32023,-18.25,33.625,90.25,-0.1246,0.0076,-0.4055,0.9054
1781857632510,113194,0.09985,-0.80933,1.11133,1.37842,-23.125,36.625,94.125,-0.125,0.0108,-0.4074,0.9044
1781857632511,113195,0.16748,-0.85229,1.21777,1.4958,-90.375,20.562,79.25,-0.144,0.0379,-0.3843,0.911
1781857632561,113245,0.17261,-0.79004,1.19702,1.44458,-101.0,18.5,73.5,-0.1475,0.0407,-0.3814,0.9115
1781857632563,113247,0.17529,-0.72705,1.16846,1.38731,-111.312,16.125,67.875,-0.1515,0.0436,-0.3786,0.9119
1781857632563,113247,0.11572,-0.09448,0.91235,0.9245,-105.812,-18.562,30.062,-0.1997,0.0686,-0.3692,0.9049
1781857632621,113305,0.09839,-0.06787,0.9104,0.91821,-99.062,-21.438,30.5,-0.2037,0.0696,-0.3676,0.9046
1781857632622,113306,0.06665,-0.03931,0.90576,0.90906,-82.25,-27.062,31.75,-0.2108,0.0715,-0.3667,0.9032
1781857632622,113306,-0.03662,-0.20923,0.9231,0.94722,-8.188,-25.188,70.312,-0.2252,0.0715,-0.3499,0.9063
1781857632681,113365,-0.04419,-0.27441,0.95239,0.99212,-0.875,-24.875,79.812,-0.2255,0.0712,-0.3451,0.9082
1781857632682,113366,-0.02417,-0.35376,0.97729,1.03963,7.875,-26.938,87.5,-0.2252,0.0711,-0.3392,0.9104
1781857632683,113367,0.1145,-0.47095,0.94849,1.06514,-2.312,-30.812,108.75,-0.2233,0.0704,-0.3079,0.9221
1781857632742,113426,0.12622,-0.46362,0.93652,1.05259,-3.562,-33.75,109.062,-0.2235,0.0701,-0.3032,0.9235
1781857632742,113426,0.14185,-0.4624,0.92261,1.0417,-4.188,-36.5,108.312,-0.2238,0.0697,-0.2986,0.925
1781857632744,113428,0.15796,-0.34717,0.8064,0.89205,-16.0,-59.562,101.062,-0.2296,0.0637,-0.2622,0.935
1781857632802,113486,0.15015,-0.32861,0.79932,0.87718,-16.75,-61.75,100.875,-0.2307,0.0624,-0.2576,0.9361
1781857632802,113486,0.14526,-0.31567,0.78369,0.85728,-17.375,-63.062,101.312,-0.2318,0.061,-0.2528,0.9372
1781857632802,113486,0.05933,-0.37817,0.74316,0.83596,-25.25,-57.75,93.75,-0.2446,0.0482,-0.208,0.9457
1781857632862,113546,0.05859,-0.38794,0.74512,0.8421,-26.688,-54.562,90.312,-0.246,0.0471,-0.2037,0.9464
1781857632862,113546,0.0542,-0.39087,0.74512,0.84316,-27.438,-51.5,86.312,-0.2474,0.0462,-0.1995,0.9469
1781857632864,113548,0.08447,-0.39819,0.82837,0.92298,-37.125,-17.938,39.125,-0.2612,0.0433,-0.1769,0.9478
1781857632922,113606,0.08545,-0.3916,0.83765,0.9286,-37.812,-15.5,34.5,-0.2628,0.0433,-0.1752,0.9477
1781857632922,113606,0.08765,-0.39258,0.85083,0.94112,-37.938,-14.25,29.812,-0.2643,0.0433,-0.1737,0.9476
1781857632923,113607,0.09351,-0.33691,0.95215,1.01432,-41.688,-19.75,14.25,-0.2805,0.0428,-0.1674,0.944
1781857632984,113668,0.08643,-0.33911,0.96191,1.02359,-42.0,-21.812,13.938,-0.2822,0.0424,-0.1665,0.9437
1781857632984,113668,0.08569,-0.33521,0.96265,1.02293,-41.812,-23.312,14.0,-0.2839,0.0418,-0.1657,0.9434
1781857632984,113668,0.02808,-0.45581,1.0813,1.17378,-31.875,-9.188,7.375,-0.2997,0.0393,-0.1607,0.9395
1781857633043,113727,0.0354,-0.48047,1.09692,1.19806,-30.875,-5.438,5.438,-0.3009,0.0393,-0.1603,0.9392
1781857633101,113785,0.0354,-0.50928,1.11865,1.22963,-30.438,-1.438,3.0,-0.3021,0.0394,-0.1601,0.9388
1781857633102,113786,0.0354,-0.50928,1.11865,1.22963,-30.438,-1.438,3.0,-0.3021,0.0394,-0.1601,0.9388
1781857633102,113786,0.11865,-0.62134,1.33423,1.47659,-29.125,23.938,-39.188,-0.3106,0.0454,-0.1723,0.9336
1781857633164,113848,0.13135,-0.59033,1.32837,1.45956,-31.25,22.375,-45.875,-0.312,0.0462,-0.1754,0.9324
1781857633164,113848,0.09937,-0.25146,1.11743,1.14968,-16.062,6.75,-57.562,-0.3217,0.0466,-0.1999,0.9242
1781857633164,113848,0.09937,-0.25146,1.11743,1.14968,-16.062,6.75,-57.562,-0.3217,0.0466,-0.1999,0.9242
1781857633221,113905,-0.08667,-0.35986,0.96484,1.03341,34.562,27.688,-68.5,-0.3139,0.0396,-0.2309,0.9199
1781857633221,113905,-0.09937,-0.38354,0.96118,1.03964,36.812,35.375,-69.312,-0.3113,0.0396,-0.2357,0.9196
1781857633223,113907,-0.09937,-0.38354,0.96118,1.03964,36.812,35.375,-69.312,-0.3113,0.0396,-0.2357,0.9196
1781857633282,113966,0.03076,-0.43311,0.99731,1.08773,60.125,93.812,-71.688,-0.2846,0.0526,-0.2719,0.9177
1781857633282,113966,0.0498,-0.43799,1.01465,1.10627,62.312,95.625,-72.0,-0.2811,0.0547,-0.276,0.9174
1781857633282,113966,0.0498,-0.43799,1.01465,1.10627,62.312,95.625,-72.0,-0.2811,0.0547,-0.276,0.9174
1781857633352,114036,0.19409,-0.37158,0.97021,1.05691,75.688,72.562,-48.0,-0.2393,0.0739,-0.3145,0.9155
1781857633353,114037,0.19385,-0.35083,0.95801,1.03848,75.75,67.062,-41.688,-0.2355,0.075,-0.3171,0.9155
1781857633353,114037,0.15161,-0.38916,0.8855,0.97905,96.938,14.0,3.062,-0.1956,0.0756,-0.3265,0.9215
1781857633403,114087,0.14038,-0.40747,0.86743,0.9686,101.812,9.5,3.625,-0.1895,0.074,-0.3269,0.9227
1781857633408,114092,0.12988,-0.42798,0.85693,0.96663,105.562,6.25,4.062,-0.1832,0.0723,-0.3273,0.924
1781857633409,114093,0.12988,-0.42798,0.85693,0.96663,105.562,6.25,4.062,-0.1832,0.0723,-0.3273,0.924
1781857633465,114149,0.0874,-0.53296,0.77417,0.94394,101.188,2.438,16.062,-0.1436,0.0599,-0.3265,0.9322
1781857633466,114150,0.09204,-0.54614,0.77197,0.9501,100.062,2.562,15.25,-0.1397,0.0587,-0.3261,0.933
1781857633466,114150,0.09204,-0.54614,0.77197,0.9501,100.062,2.562,15.25,-0.1397,0.0587,-0.3261,0.933
1781857633521,114205,0.07178,-0.58496,0.71289,0.92496,75.625,12.125,1.125,-0.1066,0.0504,-0.3239,0.9386
1781857633522,114206,0.06494,-0.56958,0.69824,0.90343,68.312,16.0,-0.438,-0.1008,0.0496,-0.3233,0.9395
1781857633522,114206,0.11572,-0.5144,0.71582,0.88905,33.062,20.0,9.688,-0.0804,0.0514,-0.3227,0.9415
1781857633584,114268,0.125,-0.51929,0.74219,0.9144,29.938,18.688,12.188,-0.0784,0.0521,-0.3224,0.9418
1781857633589,114273,0.13306,-0.51929,0.75269,0.92407,27.625,16.938,13.875,-0.0772,0.0524,-0.322,0.942
1781857633590,114274,0.13306,-0.51929,0.75269,0.92407,27.625,16.938,13.875,-0.0772,0.0524,-0.322,0.942
1781857633646,114330,0.1272,-0.53467,0.77271,0.94822,0.062,-6.0,41.125,-0.0726,0.0533,-0.3084,0.9468
1781857633650,114334,0.11475,-0.56006,0.79443,0.97875,-1.125,-7.188,43.188,-0.0728,0.0532,-0.3067,0.9474
1781857633653,114337,-0.02637,-0.7251,0.948,1.1938,-22.375,-7.562,34.75,-0.0787,0.0529,-0.2911,0.9519
1781857633702,114386,-0.02637,-0.7251,0.948,1.1938,-22.375,-7.562,34.75,-0.0787,0.0529,-0.2911,0.9519
1781857633702,114386,-0.05566,-0.7334,0.96802,1.21574,-28.75,-4.25,34.125,-0.0814,0.0536,-0.2884,0.9524
1781857633706,114390,-0.01831,-0.6311,1.02734,1.20584,-65.062,8.0,61.125,-0.103,0.0643,-0.2676,0.9557
1781857633763,114447,-0.0061,-0.60229,1.0144,1.17975,-67.125,7.75,63.0,-0.1069,0.0666,-0.2642,0.9561
1781857633763,114447,-0.00073,-0.58325,1.01172,1.1678,-68.062,7.125,64.375,-0.1096,0.0679,-0.2614,0.9564
1781857633763,114447,0.02881,-0.45654,1.00513,1.10433,-73.312,-13.812,81.125,-0.1336,0.0771,-0.2353,0.9595
1781857633822,114506,0.02637,-0.45312,1.00635,1.10397,-73.562,-17.5,82.75,-0.1365,0.0776,-0.2316,0.9599
1781857633822,114506,0.01562,-0.44556,1.00537,1.09979,-74.062,-22.625,84.375,-0.1411,0.0782,-0.226,0.9606
1781857633822,114506,-0.15625,-0.36743,0.9519,1.03225,-72.625,-37.5,70.688,-0.1744,0.0767,-0.1889,0.9632
1781857633883,114567,-0.16553,-0.33618,0.93726,1.00939,-68.375,-35.375,68.188,-0.1788,0.0764,-0.1851,0.9631
1781857633883,114567,-0.17749,-0.32227,0.92944,0.99961,-64.625,-33.75,67.312,-0.1815,0.0761,-0.1819,0.9633
1781857633883,114567,-0.13867,-0.22314,0.85059,0.89024,-44.625,-36.312,90.375,-0.1992,0.0734,-0.1532,0.965
1781857633945,114629,-0.13867,-0.22314,0.85059,0.89024,-44.625,-36.312,90.375,-0.1992,0.0734,-0.1532,0.965
1781857633945,114629,-0.13257,-0.21729,0.84448,0.88201,-42.562,-38.75,97.5,-0.2009,0.0729,-0.1488,0.9654
1781857633945,114629,-0.06836,-0.30322,0.74536,0.80758,-42.312,-64.188,141.438,-0.2174,0.0635,-0.0884,0.9699
1781857634001,114685,-0.06836,-0.30322,0.74536,0.80758,-42.312,-64.188,141.438,-0.2174,0.0635,-0.0884,0.9699
1781857634002,114686,-0.07373,-0.34766,0.73364,0.81519,-46.188,-65.188,140.375,-0.2217,0.0607,-0.0725,0.9704
1781857634003,114687,-0.06396,-0.38623,0.75903,0.85405,-73.062,-60.0,110.438,-0.2443,0.0478,-0.0155,0.9683
1781857634066,114750,-0.0498,-0.37939,0.77173,0.86139,-77.938,-57.375,102.438,-0.2503,0.0456,-0.0063,0.967
1781857634067,114751,-0.0459,-0.37402,0.77124,0.85838,-78.75,-56.688,100.188,-0.2518,0.045,-0.0039,0.9666
1781857634074,114758,-0.00952,-0.37744,0.80591,0.88997,-74.125,-39.938,62.438,-0.2786,0.0383,0.0275,0.9592
1781857634128,114812,-0.02295,-0.38428,0.82275,0.90836,-77.562,-39.812,63.375,-0.2815,0.0373,0.0307,0.9583
1781857634128,114812,-0.0144,-0.36816,0.87036,0.94514,-87.938,-42.5,68.25,-0.288,0.0355,0.0366,0.9562
1781857634128,114812,0.08887,-0.39648,1.05054,1.12638,-87.125,-53.375,62.188,-0.3198,0.0231,0.0691,0.9446
1781857634182,114866,0.09351,-0.3999,1.07007,1.14617,-86.75,-54.062,58.562,-0.3229,0.0214,0.0723,0.9433
1781857634182,114866,0.08105,-0.40723,1.08008,1.15714,-86.875,-54.062,53.75,-0.3261,0.0199,0.0747,0.942
1781857634182,114866,-0.08252,-0.44995,1.32056,1.39755,-39.75,-34.062,0.25,-0.3513,0.0007,0.0894,0.9319
1781857634244,114928,-0.11548,-0.49023,1.35376,1.44441,-30.0,-28.812,-3.688,-0.3522,-0.0004,0.0897,0.9315
1781857634244,114928,-0.15674,-0.54419,1.43286,1.54071,-15.625,-22.562,-10.5,-0.3531,-0.0023,0.0904,0.9311
1781857634245,114929,-0.02271,-0.42627,1.53638,1.59458,25.0,5.812,-10.625,-0.3463,-0.0042,0.0826,0.9343
1781857634302,114986,0.00781,-0.37256,1.4873,1.53328,26.875,1.812,-7.0,-0.345,-0.0042,0.0822,0.9349
1781857634303,114987,0.06104,-0.25049,1.3623,1.38649,35.312,-7.5,1.5,-0.3419,-0.0044,0.0825,0.936
1781857634303,114987,0.02856,-0.19531,0.99023,1.00972,102.938,-73.125,41.188,-0.311,-0.0154,0.0977,0.9451
1781857634368,115052,0.00684,-0.22729,0.97314,0.99936,108.812,-76.312,41.188,-0.3063,-0.0175,0.1005,0.9464
1781857634368,115052,-0.02856,-0.26465,0.94385,0.98066,116.188,-78.75,39.562,-0.2988,-0.0203,0.1038,0.9483
1781857634369,115053,-0.1731,-0.56641,0.8772,1.05842,131.188,-43.25,2.875,-0.2461,-0.0373,0.1218,0.9607
1781857634423,115107,-0.16919,-0.59009,0.88135,1.07406,130.312,-35.188,0.5,-0.2405,-0.0381,0.1224,0.962
1781857634423,115107,-0.16382,-0.62573,0.89014,1.10033,128.188,-22.625,-3.438,-0.2326,-0.0387,0.1234,0.9638
1781857634423,115107,-0.04395,-0.67944,0.95337,1.17153,112.75,37.062,-45.875,-0.1889,-0.03,0.1164,0.9745
1781857634481,115165,-0.04395,-0.67944,0.95337,1.17153,112.75,37.062,-45.875,-0.1889,-0.03,0.1164,0.9745
1781857634481,115165,-0.02563,-0.66479,0.95776,1.16616,109.938,39.875,-48.875,-0.1845,-0.0283,0.1143,0.9757
1781857634482,115166,0.06909,-0.48193,0.98853,1.10191,88.562,20.375,-48.25,-0.1439,-0.0129,0.0944,0.9849
1781857634602,115286,0.04419,-0.45483,0.99731,1.09702,87.375,11.5,-43.5,-0.1367,-0.0115,0.0905,0.9863
1781857634603,115287,0.02246,-0.43579,0.9873,1.07944,87.438,5.188,-39.0,-0.1313,-0.0112,0.0906,0.987
1781857634603,115287,-0.06445,-0.43555,0.8938,0.99636,94.438,-13.5,3.875,-0.0991,-0.0115,0.0891,0.9909
1781857634603,115287,-0.06128,-0.44531,0.87158,0.98067,93.938,-13.625,8.375,-0.0952,-0.0117,0.0895,0.9913
1781857634661,115345,-0.06494,-0.45361,0.86035,0.97478,93.125,-13.125,11.812,-0.0913,-0.0119,0.09,0.9916
1781857634662,115346,-0.07715,-0.50806,0.73926,0.90032,87.062,-4.75,10.5,-0.0556,-0.0112,0.0977,0.9935
1781857634662,115346,-0.07227,-0.50073,0.56396,0.75764,38.812,1.688,29.938,-0.0222,-0.0074,0.1085,0.9937
1781857634723,115407,-0.07227,-0.50073,0.56396,0.75764,38.812,1.688,29.938,-0.0222,-0.0074,0.1085,0.9937
1781857634731,115415,-0.07495,-0.51025,0.56445,0.76458,33.625,1.875,31.125,-0.0209,-0.0072,0.1099,0.9936
1781857634781,115465,-0.08691,-0.49585,0.57178,0.76181,-14.812,5.562,49.812,-0.0203,-0.0045,0.1261,0.9917
1781857634782,115466,-0.08276,-0.50269,0.5813,0.77295,-19.062,6.188,54.75,-0.0214,-0.0043,0.1284,0.9914
1781857634785,115469,-0.07812,-0.51074,0.59595,0.78874,-24.0,6.75,60.0,-0.0226,-0.0042,0.1309,0.991
1781857634841,115525,0.00806,-0.69214,0.76318,1.03033,-70.375,11.188,95.0,-0.0468,-0.0018,0.1648,0.9851
1781857634842,115526,0.01318,-0.71704,0.78125,1.06051,-75.188,11.062,95.375,-0.0502,-0.0017,0.1688,0.9843
1781857634843,115527,0.08618,-0.85254,1.11865,1.40912,-139.562,20.0,89.125,-0.1054,-0.0015,0.2088,0.9722
1781857634901,115585,0.0957,-0.84644,1.14868,1.43006,-144.75,20.75,86.812,-0.1117,-0.0017,0.2123,0.9707
1781857634902,115586,0.10059,-0.84229,1.177,1.45083,-149.438,22.125,84.688,-0.1184,-0.0018,0.2156,0.9692
1781857634902,115586,0.11401,-0.64526,1.35986,1.5095,-181.938,7.812,48.938,-0.1904,-0.008,0.2404,0.9517
1781857634964,115648,0.10669,-0.58838,1.35327,1.4795,-183.562,4.688,44.688,-0.2017,-0.0101,0.243,0.9486
1781857634964,115648,0.10107,-0.5459,1.34375,1.45392,-183.875,2.5,41.875,-0.2092,-0.0116,0.2446,0.9466
1781857634964,115648,0.08643,-0.09448,1.21997,1.22667,-138.688,-18.688,44.562,-0.2712,-0.0278,0.2583,0.9267
1781857635034,115718,0.09351,-0.05322,1.19751,1.20233,-124.688,-23.812,50.438,-0.2782,-0.0304,0.2613,0.9237
1781857635034,115718,0.09229,-0.0459,1.19653,1.20096,-119.688,-25.688,52.562,-0.2803,-0.0313,0.2624,0.9227
1781857635034,115718,0.05908,-0.11694,1.1543,1.16171,-21.0,-82.688,98.125,-0.2987,-0.0501,0.2952,0.9061
1781857635145,115829,0.03442,-0.14062,1.15063,1.15971,-13.188,-88.5,103.688,-0.2981,-0.0523,0.3002,0.9044
1781857635145,115829,0.0144,-0.17285,1.13916,1.15229,-5.938,-94.625,109.062,-0.2973,-0.0546,0.3056,0.9028
1781857635145,115829,0.0144,-0.17285,1.13916,1.15229,-5.938,-94.625,109.062,-0.2973,-0.0546,0.3056,0.9028
1781857635146,115830,-0.12231,-0.39526,0.9917,1.07455,26.125,-120.062,151.688,-0.2789,-0.0752,0.3638,0.8854
1781857635201,115885,-0.13306,-0.41772,0.96606,1.06089,27.75,-121.0,150.062,-0.2765,-0.0775,0.371,0.8829
1781857635201,115885,-0.17236,-0.34424,0.68774,0.78816,1.812,-99.312,127.125,-0.2542,-0.0995,0.4317,0.8596
1781857635202,115886,-0.11255,-0.32446,0.71655,0.7946,7.25,-52.562,94.688,-0.2426,-0.1129,0.4809,0.8348
1781857635261,115945,-0.16504,-0.27441,0.68433,0.75554,11.0,-42.25,96.812,-0.2417,-0.1132,0.4849,0.8327
1781857635262,115946,-0.21777,-0.24365,0.68384,0.75791,11.312,-33.938,95.562,-0.241,-0.1131,0.4888,0.8306
1781857635262,115946,-0.10449,-0.3623,0.87524,0.95301,24.812,9.625,96.312,-0.2374,-0.0993,0.5177,0.8157
1781857635321,116005,-0.07202,-0.34106,0.86548,0.93304,23.188,12.438,89.875,-0.237,-0.0954,0.5241,0.8123
1781857635321,116005,0.15308,-0.41455,0.93726,1.03621,21.75,0.438,82.812,-0.2367,-0.0926,0.5266,0.811
1781857635323,116007,0.15308,-0.41455,0.93726,1.03621,21.75,0.438,82.812,-0.2367,-0.0926,0.5266,0.811
1781857635382,116066,-0.25024,-0.20068,0.74951,0.81527,54.938,-25.75,32.312,-0.2295,-0.0888,0.5454,0.8011
1781857635382,116066,-0.23389,-0.35645,0.84155,0.94338,61.188,-13.875,24.875,-0.2272,-0.0877,0.5466,0.801
1781857635382,116066,-0.09912,-0.23682,0.93384,0.96848,11.438,2.812,-0.5,-0.2172,-0.075,0.5514,0.8018
1781857635445,116129,-0.14526,-0.22998,0.94165,0.98015,4.25,-3.438,-8.5,-0.2169,-0.0747,0.5509,0.8023
1781857635445,116129,-0.15356,-0.24512,0.9541,0.99698,1.562,-8.312,-13.375,-0.2166,-0.0749,0.5505,0.8026
1781857635445,116129,0.05396,-0.30713,1.21973,1.25896,4.938,35.312,-19.438,-0.2161,-0.0749,0.5426,0.8081
1781857635505,116189,0.05469,-0.31421,1.15674,1.1999,8.0,45.562,-14.312,-0.2169,-0.0729,0.5418,0.8085
1781857635506,116190,0.06787,-0.32861,1.16455,1.21193,11.0,56.625,-12.812,-0.2177,-0.0709,0.5409,0.8092
1781857635512,116196,0.15405,-0.19775,1.45923,1.4806,12.688,-38.438,6.5,-0.212,-0.0574,0.5384,0.8134
1781857635681,116365,0.03491,-0.17188,1.40747,1.41836,13.125,-36.188,16.438,-0.2098,-0.0588,0.5404,0.8125
1781857635681,116365,-0.052,-0.17993,1.35767,1.37052,17.812,-15.438,24.062,-0.2087,-0.059,0.5415,0.8121
1781857635682,116366,-0.20801,0.0144,1.05786,1.07821,-43.438,-34.188,48.188,-0.205,-0.0509,0.5558,0.8039
1781857635683,116367,-0.20801,0.0144,1.05786,1.07821,-43.438,-34.188,48.188,-0.205,-0.0509,0.5558,0.8039
1781857635802,116486,-0.15381,0.1106,0.87939,0.89957,-58.188,-59.188,44.562,-0.2064,-0.0559,0.5588,0.801
1781857635802,116486,-0.11304,-0.15918,0.91675,0.93731,25.125,-111.562,49.438,-0.1856,-0.082,0.5894,0.7818
1781857635802,116486,0.16016,-0.19531,1.11108,1.13943,29.875,8.562,-76.688,-0.1065,-0.0979,0.6014,0.7855
1781857635804,116488,0.21655,-0.27612,1.15259,1.20482,-0.125,9.75,-129.0,-0.1047,-0.0985,0.5982,0.7882
1781857635868,116552,0.16675,-0.31616,1.16504,1.21864,-11.938,12.5,-146.062,-0.1047,-0.099,0.5933,0.7918
1781857635868,116552,0.146,-0.30762,0.89746,0.95989,142.062,-48.5,-77.312,-0.0782,-0.1063,0.5644,0.8148
1781857635869,116553,-0.00098,-0.17847,1.02148,1.03696,40.0,32.75,-151.312,-0.0158,-0.08,0.5321,0.8427
1781857635922,116606,-0.00024,-0.08691,0.96802,0.97191,16.875,29.625,-128.438,-0.0147,-0.0776,0.5285,0.8451
1781857635922,116606,0.01587,-0.08301,0.94678,0.95054,9.688,24.938,-110.125,-0.0145,-0.0765,0.5244,0.8478
1781857635923,116607,0.15479,-0.1084,0.77515,0.79785,-163.5,-43.312,-117.125,-0.0437,-0.1004,0.5078,0.8543
1781857635981,116665,0.19141,-0.10107,0.83472,0.86233,-92.688,-46.688,-170.938,-0.0482,-0.11,0.5033,0.8555
1781857635982,116666,0.28076,-0.14771,0.8938,0.94843,-64.938,-39.812,-194.188,-0.049,-0.1136,0.4961,0.8593
1781857635983,116667,0.67627,-0.19043,1.14526,1.34359,-32.812,-88.125,-192.812,-0.0419,-0.1481,0.4349,0.8871
1781857636042,116726,0.60327,-0.26221,0.82666,1.05644,9.062,-71.375,-165.688,-0.0394,-0.1515,0.4284,0.8898
1781857636042,116726,0.66528,-0.46167,0.77319,1.11963,22.562,-91.0,-94.125,-0.0341,-0.1565,0.4275,0.8896
1781857636042,116726,0.25269,-0.30103,0.89478,0.97729,-139.625,61.188,-127.0,-0.0451,-0.1837,0.4256,0.8848
1781857636103,116787,0.07788,0.12451,0.81909,0.83215,-103.688,104.0,-193.375,-0.0493,-0.1823,0.4178,0.8886
1781857636103,116787,0.28784,-0.03516,0.88892,0.93502,-67.812,145.312,-246.312,-0.0523,-0.1791,0.4106,0.8924
1781857636104,116788,0.27954,-0.25244,1.09131,1.15448,-11.125,324.312,-299.875,-0.0866,-0.0793,0.2875,0.9504
1781857636162,116846,0.35303,-0.19263,1.09058,1.16236,7.5,307.438,-260.875,-0.0893,-0.0676,0.2753,0.9547
1781857636162,116846,0.37183,-0.16333,1.1084,1.18046,48.375,275.25,-164.438,-0.0917,-0.0456,0.2604,0.9599
1781857636162,116846,-0.42041,-0.47559,1.25439,1.40586,192.062,68.188,-23.125,-0.05,0.0631,0.2514,0.9644
1781857636223,116907,-0.42041,-0.47559,1.25439,1.40586,192.062,68.188,-23.125,-0.05,0.0631,0.2514,0.9644
1781857636224,116908,-0.44214,-0.45825,1.34375,1.48699,128.812,48.312,-85.5,-0.045,0.0667,0.2479,0.9653
1781857636225,116909,-0.11353,-0.13477,1.1001,1.11412,53.188,104.188,-245.688,-0.0211,0.096,0.1648,0.9813
1781857636282,116966,-0.21558,-0.09204,1.04761,1.07351,52.25,80.75,-276.188,-0.0207,0.0999,0.1532,0.9828
1781857636282,116966,-0.32861,-0.09692,0.97852,1.03676,53.25,26.688,-359.375,-0.0204,0.1041,0.1302,0.9857
1781857636284,116968,-0.21606,-0.13086,1.03882,1.06909,100.0,-49.812,-644.125,-0.0134,0.0881,-0.0579,0.9943
1781857636341,117025,-0.17139,-0.0896,1.07227,1.08957,108.188,-53.375,-657.125,-0.0115,0.0852,-0.0861,0.9925
1781857636342,117026,-0.08252,-0.04077,1.03589,1.03997,130.75,-67.812,-678.625,-0.0076,0.078,-0.1303,0.9883
1781857636342,117026,0.30664,0.28662,0.85229,0.95005,273.562,2.875,-769.188,0.0566,0.0346,-0.3959,0.9158
1781857636403,117087,0.30664,0.28662,0.85229,0.95005,273.562,2.875,-769.188,0.0566,0.0346,-0.3959,0.9158
1781857636403,117087,0.41968,0.32617,1.02979,1.15887,163.25,43.812,-698.438,0.0761,0.033,-0.456,0.886
1781857636403,117087,0.3623,-0.04346,0.48315,0.60547,176.0,15.062,-235.812,0.1109,0.0627,-0.5919,0.7957
1781857636467,117151,0.26172,-0.11499,0.53296,0.60478,200.188,-7.0,-201.625,0.1167,0.0586,-0.5996,0.7894
1781857636467,117151,0.1189,-0.25708,0.69751,0.75283,168.188,-13.312,-173.625,0.1275,0.0501,-0.6129,0.778
1781857636469,117153,-0.00195,0.12012,0.53516,0.54847,-290.75,-405.188,-281.75,0.0445,0.0354,-0.6873,0.724
1781857636521,117205,0.0376,0.0354,0.47949,0.48226,-286.875,-429.625,-310.312,0.0225,0.0313,-0.6968,0.7161
1781857636521,117205,-0.10376,-0.08203,0.60254,0.61689,-296.188,-468.062,-364.0,-0.023,0.0216,-0.7225,0.6904
1781857636522,117206,0.2793,-0.48608,0.69165,0.89032,-368.812,-395.75,-447.875,-0.2279,0.0079,-0.8106,0.5392
1781857636583,117267,0.39258,-0.49805,0.63745,0.89917,-343.875,-394.188,-411.625,-0.261,0.0064,-0.8184,0.5116
1781857636583,117267,0.54346,-0.48779,0.62207,0.9593,-315.5,-387.5,-363.0,-0.2922,0.0048,-0.8242,0.4849
1781857636583,117267,0.80542,-0.28711,0.63696,1.06623,-94.562,-242.938,-146.625,-0.393,0.0198,-0.8288,0.3976
1781857636642,117326,0.75464,-0.31958,0.6416,1.0408,-100.188,-361.5,-183.625,-0.4065,0.0147,-0.8259,0.39
1781857636642,117326,0.65161,-0.38525,0.62329,0.98057,-142.938,-610.188,-261.438,-0.4469,-0.0005,-0.8155,0.3673
1781857636642,117326,1.42188,-0.38867,0.01636,1.47413,-249.438,-767.562,-383.812,-0.7155,-0.0957,-0.6688,0.1771
1781857636711,117395,1.42188,-0.38867,0.01636,1.47413,-249.438,-767.562,-383.812,-0.7155,-0.0957,-0.6688,0.1771
1781857636712,117396,1.53442,-0.37842,-0.08447,1.58265,-226.625,-670.062,-356.875,-0.7353,-0.1053,-0.6507,0.1566
1781857636712,117396,0.8418,-0.00098,-0.0752,0.84515,71.562,199.938,-117.75,-0.7651,-0.1543,-0.6212,0.0686
1781857636765,117449,0.84448,-0.0293,-0.09009,0.84978,62.062,220.312,-105.438,-0.7584,-0.1589,-0.6281,0.0693
1781857636765,117449,0.8479,-0.0415,-0.12183,0.85761,47.875,236.625,-94.812,-0.7513,-0.1627,-0.6356,0.07
1781857636771,117455,0.8479,-0.0415,-0.12183,0.85761,47.875,236.625,-94.812,-0.7513,-0.1627,-0.6356,0.07
1781857636824,117508,0.8479,-0.0415,-0.12183,0.85761,47.875,236.625,-94.812,-0.7513,-0.1627,-0.6356,0.07
1781857636825,117509,1.10596,0.15649,0.17114,1.13001,-133.188,693.25,-10.375,-0.6318,-0.1595,-0.7546,0.0747
1781857636825,117509,0.03857,0.04004,0.86328,0.86507,-424.125,1337.125,476.312,-0.0974,0.1052,-0.9723,0.1841
1781857636883,117567,-0.0166,-0.12842,0.77441,0.78516,-384.625,1253.75,463.75,-0.0449,0.1337,-0.9703,0.1959
1781857636883,117567,-0.27637,-0.41431,0.68188,0.84439,-346.062,1153.625,413.125,0.0037,0.1593,-0.9654,0.206
1781857636884,117568,-0.27637,-0.41431,0.68188,0.84439,-346.062,1153.625,413.125,0.0037,0.1593,-0.9654,0.206
1781857636942,117626,-1.13965,-0.43091,0.60522,1.36043,-81.625,115.375,-21.438,0.2456,0.3053,-0.8969,0.2047
1781857636942,117626,-1.19141,-0.48047,0.66357,1.4459,-46.812,22.375,-10.312,0.2468,0.3079,-0.8957,0.2042
1781857636942,117626,-1.19141,-0.48047,0.66357,1.4459,-46.812,22.375,-10.312,0.2468,0.3079,-0.8957,0.2042
1781857637001,117685,-0.46411,-0.31958,0.61719,0.83573,225.625,-643.75,-74.75,0.1423,0.2334,-0.9451,0.1783
1781857637002,117686,-0.36621,-0.27563,0.70068,0.83728,237.625,-744.062,-103.188,0.114,0.2188,-0.9521,0.1801
1781857637002,117686,-0.36621,-0.27563,0.70068,0.83728,237.625,-744.062,-103.188,0.114,0.2188,-0.9521,0.1801
1781857637064,117748,0.80835,-0.49097,1.26904,1.5827,73.438,-1308.188,-308.188,-0.3853,0.0558,-0.9181,0.0728
1781857637070,117754,0.84863,-0.69751,1.46094,1.82785,33.0,-1245.438,-307.0,-0.4347,0.0452,-0.897,0.0645
1781857637070,117754,0.84863,-0.69751,1.46094,1.82785,33.0,-1245.438,-307.0,-0.4347,0.0452,-0.897,0.0645
1781857637124,117808,0.53516,0.38867,-1.30957,1.46712,-516.0,1072.312,9.938,0.4794,-0.0571,0.8705,0.0944
1781857637126,117810,0.7251,0.31909,-1.0376,1.30545,-556.438,1191.5,89.625,0.4332,-0.0742,0.8919,0.1057
1781857637127,117811,0.39722,-0.86084,2.18213,2.37918,748.438,-892.438,-276.438,0.2266,-0.0513,0.9694,0.0786
1781857637181,117865,0.71484,-0.84082,2.14868,2.41554,756.938,-1114.375,-413.75,0.3184,0.0108,0.9437,0.0886
1781857637182,117866,0.87012,-0.44946,2.50684,2.69135,695.875,-1135.438,-560.812,0.413,0.0635,0.8983,0.135
1781857637182,117866,0.87012,-0.44946,2.50684,2.69135,695.875,-1135.438,-560.812,0.413,0.0635,0.8983,0.135
1781857637241,117925,1.14795,1.19263,-0.56567,1.74932,-634.688,212.0,-315.25,0.5681,0.1766,0.7297,0.3365
1781857637241,117925,1.42725,1.47363,-0.19189,2.06045,-759.125,403.562,-168.625,0.5444,0.1639,0.7405,0.3578
1781857637246,117930,1.42725,1.47363,-0.19189,2.06045,-759.125,403.562,-168.625,0.5444,0.1639,0.7405,0.3578
1781857637303,117987,1.42725,1.47363,-0.19189,2.06045,-759.125,403.562,-168.625,0.5444,0.1639,0.7405,0.3578
1781857637303,117987,-0.38062,-0.62695,0.68677,1.00478,-127.688,384.75,196.125,0.2197,-0.0076,0.9195,0.3254
1781857637303,117987,-0.38062,-0.62695,0.68677,1.00478,-127.688,384.75,196.125,0.2197,-0.0076,0.9195,0.3254
1781857637361,118045,0.52271,1.06152,0.59351,1.32375,147.625,-235.812,-709.625,0.3779,0.2827,0.7535,0.4574
1781857637362,118046,0.40503,1.19287,0.68848,1.43561,-61.688,-153.0,-688.938,0.3746,0.2902,0.7368,0.482
1781857637362,118046,0.40503,1.19287,0.68848,1.43561,-61.688,-153.0,-688.938,0.3746,0.2902,0.7368,0.482
1781857637423,118107,0.3584,0.36914,-0.88379,1.02264,-891.938,-319.625,-56.562,0.1282,0.0833,0.7226,0.674
1781857637424,118108,0.31592,0.18726,-1.00635,1.07126,-776.5,-279.312,41.25,0.114,0.0496,0.7238,0.6785
1781857637424,118108,-0.17334,0.38501,1.0896,1.16855,943.438,364.688,-124.062,0.1118,0.1406,0.757,0.6281
1781857637494,118178,-0.20532,0.49927,1.27246,1.38224,1009.125,382.125,-173.062,0.1282,0.1815,0.7351,0.6404
1781857637494,118178,-0.19922,0.65796,1.35938,1.52332,1042.062,383.312,-212.875,0.1428,0.2256,0.7226,0.6374
1781857637494,118178,-0.19922,0.65796,1.35938,1.52332,1042.062,383.312,-212.875,0.1428,0.2256,0.7226,0.6374
1781857637603,118287,-0.05908,1.36255,1.22803,1.83523,-176.0,-248.875,-64.188,0.2537,0.4239,0.555,0.6691
1781857637603,118287,0.52637,1.21265,1.78247,2.21918,-490.188,-433.562,80.25,0.2489,0.3945,0.5644,0.6808
1781857637603,118287,0.13647,0.35767,-0.3877,0.54485,-111.0,46.312,-192.062,0.1245,0.0529,0.6545,0.7437
1781857637604,118288,-0.02173,0.32056,0.06348,0.3275,233.188,168.188,-259.062,0.1229,0.0684,0.6551,0.7421
1781857637662,118346,-0.14062,0.36816,0.30713,0.49965,406.812,234.875,-289.688,0.1276,0.0874,0.646,0.7473
1781857637668,118352,-0.41772,1.229,1.61719,2.0737,589.75,296.125,-564.5,0.2001,0.3737,0.4475,0.7873
1781857637668,118352,-0.58203,0.61108,0.54565,1.00495,-698.938,-755.062,119.5,0.1461,0.2466,0.4021,0.8694
1781857637723,118407,-0.58203,0.61108,0.54565,1.00495,-698.938,-755.062,119.5,0.1461,0.2466,0.4021,0.8694
1781857637724,118408,-0.33057,0.2959,0.25879,0.51362,-626.0,-756.0,87.0,0.1209,0.1674,0.4296,0.8789
1781857637724,118408,-0.06128,0.15503,0.68433,0.70434,202.812,485.125,-76.938,0.0885,0.0493,0.4653,0.8792
1781857637781,118465,-0.19385,0.23145,1.05347,1.09587,310.0,623.438,-127.688,0.0864,0.0907,0.4574,0.8803
1781857637786,118470,-0.26099,0.35303,1.26294,1.33707,372.062,700.062,-164.188,0.0858,0.1241,0.4524,0.8788
1781857637786,118470,-0.70728,0.99194,1.4043,1.8591,718.938,813.812,-387.125,0.1262,0.5305,0.2612,0.7963
1781857637901,118585,-0.66235,0.83032,1.2395,1.63233,649.562,576.375,-394.062,0.1463,0.575,0.2085,0.7774
1781857637901,118585,-0.65283,0.70239,1.06104,1.43015,556.125,355.875,-398.688,0.152,0.5958,0.1835,0.7667
1781857637902,118586,-1.03564,0.35059,0.0918,1.09722,-309.188,-1269.5,51.562,0.1086,0.3992,0.1159,0.9028
1781857637903,118587,-0.86987,0.28271,0.04004,0.91554,-259.75,-1276.688,99.062,0.1057,0.3478,0.1177,0.924
1781857637963,118647,-0.78442,0.12036,0.00562,0.79362,-206.188,-1241.625,147.0,0.0963,0.299,0.1453,0.9381
1781857637963,118647,-0.23853,0.19141,1.38867,1.42195,218.125,1063.875,-258.0,0.068,0.2271,0.2235,0.9453
1781857637963,118647,-0.86768,0.42529,0.76294,1.23118,27.688,-484.0,87.125,0.1015,0.5475,0.0451,0.8293
1781857638021,118705,-1.02661,0.55054,0.6394,1.32886,-53.75,-697.062,216.188,0.1024,0.5242,0.0549,0.8435
1781857638021,118705,-1.09351,0.5332,0.49927,1.31504,-113.062,-866.25,335.188,0.1077,0.4926,0.0646,0.861
1781857638023,118707,-1.09351,0.5332,0.49927,1.31504,-113.062,-866.25,335.188,0.1077,0.4926,0.0646,0.861
1781857638084,118768,0.16577,-0.0813,-1.5061,1.51738,-213.688,-399.75,161.938,0.0596,-0.0255,0.2194,0.9734
1781857638084,118768,0.82666,-0.77734,-0.47583,1.23047,-167.125,246.188,122.5,0.0473,-0.0261,0.2487,0.967
1781857638085,118769,-1.55884,0.95142,2.60938,3.18497,255.75,802.875,-203.562,-0.0369,0.4216,0.1383,0.8953
1781857638144,118828,-1.55884,0.95142,2.60938,3.18497,255.75,802.875,-203.562,-0.0369,0.4216,0.1383,0.8953
1781857638144,118828,-1.45117,0.36353,2.12817,2.60138,230.875,180.75,-60.562,-0.0171,0.4573,0.1,0.8834
1781857638146,118830,-0.26196,-0.05103,-0.96362,0.9999,-47.438,-809.688,131.188,0.0031,0.0776,0.1895,0.9787
1781857638203,118887,0.1062,-0.42969,-0.68799,0.81807,-115.25,-324.438,128.5,0.0032,0.0322,0.2165,0.9757
1781857638203,118887,0.18506,-0.2981,0.19092,0.39945,-85.688,68.562,52.125,-0.0022,0.0269,0.2219,0.9746
1781857638203,118887,-0.43115,0.09692,1.28174,1.35578,96.312,649.562,-175.375,-0.027,0.1942,0.1772,0.9644
1781857638327,119011,-0.52856,0.09351,1.31323,1.4187,94.312,583.812,-172.938,-0.0291,0.2195,0.1685,0.9604
1781857638328,119012,-0.57715,0.11865,1.33716,1.46122,90.312,497.5,-168.625,-0.0306,0.2413,0.1599,0.9566
1781857638328,119012,-0.48413,0.1333,0.69946,0.86105,18.938,-253.562,-18.688,-0.03,0.2301,0.1179,0.9654
1781857638328,119012,-0.43921,0.10596,0.7124,0.84359,33.0,-235.25,-19.062,-0.0277,0.2202,0.1171,0.9679
1781857638385,119069,-0.38696,0.06348,0.72412,0.82348,39.938,-212.438,-21.125,-0.0252,0.2113,0.1162,0.97
1781857638385,119069,-0.25854,0.2063,0.81323,0.87792,-15.438,-86.875,-141.938,-0.0333,0.1638,0.0999,0.9807
1781857638385,119069,-0.16724,0.07739,0.92798,0.9461,-11.0,-91.812,-2.625,-0.0405,0.0977,0.0757,0.9914
1781857638441,119125,-0.07056,-0.00269,0.93091,0.93358,-21.438,-85.125,-5.875,-0.0411,0.0938,0.0758,0.9918
1781857638442,119126,-0.0979,0.01978,0.98096,0.98603,-51.812,-71.5,-41.25,-0.0444,0.0868,0.0765,0.9922
1781857638442,119126,-0.11255,0.10474,1.08398,1.09483,-2.438,-63.938,-132.562,-0.0642,0.0635,0.0409,0.995
1781857638517,119201,-0.15137,0.06055,1.06079,1.07325,10.0,-66.188,-121.562,-0.064,0.0604,0.0358,0.9954
1781857638517,119201,-0.15869,0.03369,1.04102,1.05358,20.312,-65.625,-108.25,-0.0634,0.0574,0.0311,0.9957
1781857638517,119201,-0.09961,0.04443,1.02148,1.02729,35.625,-4.0,-31.5,-0.0494,0.0419,0.0166,0.9977
1781857638562,119246,-0.09155,0.04297,1.04004,1.04494,38.688,-3.938,-31.0,-0.0477,0.0416,0.0152,0.9978
1781857638563,119247,-0.08862,0.04272,1.04858,1.05319,40.812,-5.375,-29.875,-0.046,0.0414,0.0139,0.9979
1781857638564,119248,-0.08765,0.01221,1.04321,1.04696,43.875,-18.438,-16.938,-0.0266,0.0355,0.0023,0.9989
1781857638623,119307,-0.07861,0.02051,1.03857,1.04175,37.688,-16.438,-17.125,-0.0241,0.0343,0.0012,0.999
1781857638624,119308,-0.06372,0.03711,1.05981,1.06238,30.562,-12.438,-19.938,-0.0213,0.0332,-0.0007,0.9992
1781857638624,119308,0.03101,0.04492,1.30957,1.31071,18.312,-25.375,-36.562,-0.0149,0.0289,-0.0137,0.9993
1781857638742,119426,0.04858,0.04565,1.30981,1.31151,20.438,-34.25,-39.062,-0.0141,0.0275,-0.0153,0.9993
1781857638742,119426,0.06738,0.05981,1.30493,1.30804,22.25,-41.875,-42.062,-0.0132,0.0256,-0.0171,0.9993
1781857638742,119426,0.22607,0.09619,0.93994,0.97152,38.375,-15.312,-83.938,-0.0008,0.0077,-0.0405,0.999
1781857638801,119485,0.22437,0.09814,0.92139,0.95338,37.25,-9.688,-90.25,0.0006,0.007,-0.0444,0.9989
1781857638802,119486,0.20972,0.09717,0.91309,0.94189,36.438,-3.812,-96.688,0.0022,0.0067,-0.0485,0.9987
1781857638802,119486,0.01782,0.02344,1.02783,1.02825,-56.75,-35.562,-49.688,-0.0171,0.0173,-0.1246,0.9918
1781857638866,119550,0.02661,0.06396,1.09692,1.09911,-38.0,-28.5,-40.375,-0.0202,0.0156,-0.1273,0.9915
1781857638868,119552,-0.00586,0.06689,1.15015,1.15211,-23.688,-20.25,-35.75,-0.0228,0.014,-0.1281,0.9913
1781857638868,119552,-0.07202,0.06006,0.95874,0.96332,26.625,25.938,-59.688,-0.024,0.0137,-0.1434,0.9892
1781857638922,119606,-0.11523,0.09424,0.93677,0.94852,33.0,32.875,-59.812,-0.0224,0.0148,-0.146,0.9888
1781857638923,119607,-0.15771,0.13354,0.91846,0.94142,33.562,38.062,-57.688,-0.0207,0.0162,-0.1485,0.9885
1781857638923,119607,-0.1748,0.12573,0.79102,0.8198,-6.25,-34.125,5.562,-0.0151,0.0239,-0.1597,0.9866
1781857638981,119665,-0.1521,0.12866,0.7854,0.81027,-7.438,-45.812,9.438,-0.0157,0.0222,-0.1594,0.9868
1781857638981,119665,-0.06982,0.15234,0.80151,0.81885,-7.5,-56.688,9.938,-0.0163,0.02,-0.1589,0.9869
1781857638985,119669,-0.06982,0.15234,0.80151,0.81885,-7.5,-56.688,9.938,-0.0163,0.02,-0.1589,0.9869
1781857639041,119725,0.03809,0.20752,0.85864,0.88418,12.5,-41.188,-91.875,-0.0206,-0.0081,-0.1707,0.985
1781857639041,119725,0.06323,0.20166,0.8584,0.88403,15.125,-32.438,-92.812,-0.0201,-0.0098,-0.1746,0.9843
1781857639042,119726,0.06323,0.20166,0.8584,0.88403,15.125,-32.438,-92.812,-0.0201,-0.0098,-0.1746,0.9843
1781857639103,119787,-0.01123,0.12061,1.00928,1.01652,33.0,14.938,-50.625,-0.0023,-0.01,-0.2055,0.9785
1781857639105,119789,-0.00269,0.11987,1.02246,1.02947,29.0,13.812,-45.438,-0.0008,-0.0096,-0.2074,0.9781
1781857639108,119792,0.09839,0.05249,0.99902,1.00523,25.562,-39.625,11.875,0.0082,-0.0155,-0.2133,0.9767
1781857639162,119846,0.10059,0.06152,0.99854,1.00547,31.688,-54.5,19.938,0.0093,-0.0191,-0.2122,0.9769
1781857639162,119846,0.10181,0.07812,1.00928,1.0174,37.438,-65.688,24.438,0.0103,-0.0221,-0.2113,0.977
1781857639163,119847,0.28906,0.10278,1.1189,1.16019,34.5,-99.188,41.875,0.0189,-0.0644,-0.1933,0.9787
1781857639221,119905,0.30518,0.10352,1.11963,1.16508,30.0,-92.25,42.625,0.0193,-0.0687,-0.1915,0.9788
1781857639221,119905,0.30835,0.10596,1.11133,1.15817,23.625,-84.688,43.75,0.0195,-0.0726,-0.1897,0.9788
1781857639231,119915,0.30835,0.10596,1.11133,1.15817,23.625,-84.688,43.75,0.0195,-0.0726,-0.1897,0.9788
1781857639282,119966,0.3269,0.0564,1.08276,1.13244,24.438,-95.312,89.25,0.0166,-0.1115,-0.1614,0.9804
1781857639282,119966,0.36816,0.06445,1.05396,1.11827,26.438,-95.812,91.812,0.0166,-0.1201,-0.1536,0.9805
1781857639282,119966,0.53052,0.21753,1.03223,1.18079,26.688,-78.75,12.438,0.0157,-0.1585,-0.1294,0.9786
1781857639341,120025,0.4812,0.14771,1.07104,1.18343,14.25,-47.312,-23.625,0.0161,-0.1622,-0.1327,0.9775
1781857639342,120026,0.46973,0.12646,1.06274,1.16879,8.5,-37.438,-30.062,0.0162,-0.163,-0.1333,0.9773
1781857639342,120026,0.46973,0.12646,1.06274,1.16879,8.5,-37.438,-30.062,0.0162,-0.163,-0.1333,0.9773
1781857639401,120085,0.2019,0.2002,0.80225,0.85114,9.5,-1.625,-44.125,0.0178,-0.1633,-0.1677,0.9719
1781857639462,120146,0.17383,0.19116,0.74854,0.79187,22.25,-23.812,-11.188,0.0195,-0.1648,-0.1694,0.9713
1781857639462,120146,0.17383,0.19116,0.74854,0.79187,22.25,-23.812,-11.188,0.0195,-0.1648,-0.1694,0.9713
1781857639462,120146,0.27124,0.22266,0.84766,0.91742,30.188,-96.562,9.625,0.0242,-0.1907,-0.1701,0.9664
1781857639527,120211,0.29468,0.23291,0.84937,0.92871,33.938,-106.75,10.25,0.0248,-0.1953,-0.1695,0.9655
1781857639527,120211,0.16553,0.19727,0.72021,0.76487,10.25,-56.812,-26.562,0.0259,-0.2353,-0.1726,0.956
1781857639527,120211,0.38477,0.22119,0.77393,0.89215,-5.5,27.688,-29.938,0.029,-0.2424,-0.1953,0.9498
1781857639581,120265,0.40283,0.23071,0.81763,0.94022,-8.688,44.125,-38.875,0.0289,-0.2397,-0.2006,0.9493
1781857639581,120265,0.41821,0.23242,0.84131,0.96784,-9.75,46.75,-43.438,0.0294,-0.2377,-0.2025,0.9494
1781857639582,120266,0.34961,0.24609,0.89502,0.99189,-23.562,-1.875,-57.188,0.0286,-0.2264,-0.233,0.9452
1781857639642,120326,0.36987,0.2439,0.87695,0.98252,-21.375,-1.75,-58.938,0.0271,-0.226,-0.2412,0.9432
1781857639642,120326,0.39575,0.22705,0.87378,0.98573,-20.188,-0.875,-58.312,0.0269,-0.2258,-0.2438,0.9427
1781857639642,120326,0.51733,0.18433,0.95825,1.10447,-38.375,-41.938,-27.062,0.0162,-0.2307,-0.267,0.9354
1781857639701,120385,0.51733,0.18433,0.95825,1.10447,-38.375,-41.938,-27.062,0.0162,-0.2307,-0.267,0.9354
1781857639701,120385,0.53882,0.17896,0.98096,1.13341,-36.562,-40.125,-23.5,0.0142,-0.2319,-0.2694,0.9345
1781857639702,120386,0.6416,0.26343,1.04419,1.25355,-13.062,-7.812,-52.5,0.0015,-0.2407,-0.2911,0.9258
1781857639762,120446,0.6416,0.26343,1.04419,1.25355,-13.062,-7.812,-52.5,0.0015,-0.2407,-0.2911,0.9258
1781857639762,120446,0.61035,0.24927,0.97559,1.17747,-9.5,3.375,-62.562,0.0016,-0.2404,-0.2973,0.9239
1781857639763,120447,0.44141,0.24976,0.74268,0.89932,-28.312,-4.375,-70.5,-0.001,-0.2376,-0.3287,0.9139
1781857639821,120505,0.42676,0.25122,0.73853,0.88919,-30.312,-2.562,-68.625,-0.0015,-0.2374,-0.3318,0.9129
1781857639821,120505,0.41357,0.25146,0.73633,0.88117,-33.438,-1.0,-66.312,-0.0022,-0.2369,-0.3353,0.9117
1781857639822,120506,0.3938,0.2085,0.89722,1.00177,-21.812,-0.875,-40.625,-0.0112,-0.2333,-0.3612,0.9026
1781857639882,120566,0.3938,0.2085,0.89722,1.00177,-21.812,-0.875,-40.625,-0.0112,-0.2333,-0.3612,0.9026
1781857639882,120566,0.39722,0.20605,0.90161,1.00655,-18.125,0.0,-39.875,-0.012,-0.2326,-0.3657,0.9009
1781857639882,120566,0.35669,0.22144,0.78125,0.88691,4.938,-1.688,-35.312,-0.0112,-0.232,-0.3823,0.8942
1781857639942,120626,0.34717,0.22778,0.76562,0.87097,4.875,0.062,-35.875,-0.0107,-0.2321,-0.3854,0.8929
1781857639942,120626,0.34033,0.23315,0.76367,0.86798,4.312,2.188,-36.688,-0.0101,-0.2321,-0.3868,0.8923
1781857639942,120626,0.34033,0.23315,0.76367,0.86798,4.312,2.188,-36.688,-0.0101,-0.2321,-0.3868,0.8923
1781857640004,120688,0.28198,0.24243,0.7356,0.82425,2.938,58.812,-60.438,-0.0003,-0.2221,-0.406,0.8863
1781857640004,120688,0.29077,0.24365,0.75,0.84048,-1.125,62.188,-61.375,0.0028,-0.2173,-0.4118,0.8848
1781857640005,120689,0.24316,0.28101,0.85913,0.93605,-21.688,21.812,-38.5,0.0071,-0.1984,-0.4347,0.8783
1781857640064,120748,0.24316,0.28101,0.85913,0.93605,-21.688,21.812,-38.5,0.0071,-0.1984,-0.4347,0.8783
1781857640068,120752,0.24951,0.27026,0.86865,0.94332,-20.875,17.688,-33.375,0.0068,-0.196,-0.4379,0.8773
1781857640068,120752,0.18652,0.22583,0.9165,0.96217,-22.438,42.125,-38.438,0.0072,-0.1799,-0.4545,0.8722
1781857640127,120811,0.21216,0.23486,0.93628,0.98833,-18.438,35.688,-40.625,0.0078,-0.1761,-0.4584,0.8709
1781857640127,120811,0.21338,0.23682,0.94971,1.00178,-17.312,32.5,-40.5,0.0079,-0.1753,-0.4592,0.8707
1781857640127,120811,0.37451,0.20679,1.01294,1.09958,-9.75,-6.688,-14.188,0.0075,-0.1713,-0.4691,0.8662
1781857640242,120926,0.38745,0.20264,1.01196,1.10238,-11.438,-7.312,-11.75,0.007,-0.1714,-0.4696,0.8659
1781857640243,120927,0.4104,0.2002,1.01147,1.10977,-16.812,-8.812,-8.688,0.0058,-0.1714,-0.47,0.8657
1781857640243,120927,0.38257,0.1853,1.09058,1.17049,-13.562,-15.875,-16.688,-0.0042,-0.1721,-0.4765,0.862
1781857640243,120927,0.38086,0.17676,1.10693,1.18389,-8.938,-13.25,-20.688,-0.0047,-0.1724,-0.4773,0.8615
1781857640303,120987,0.37891,0.16504,1.13672,1.20952,1.812,-9.375,-27.625,-0.005,-0.173,-0.4796,0.8601
1781857640303,120987,0.44482,0.24219,1.03027,1.14804,55.438,-7.5,-31.375,0.005,-0.1837,-0.4881,0.8531
1781857640305,120989,0.15576,0.1355,0.86255,0.88691,-15.375,4.625,0.938,0.0114,-0.1852,-0.4965,0.8478
1781857640361,121045,0.13428,0.1311,0.8584,0.87867,-15.688,1.625,3.188,0.0109,-0.1847,-0.4965,0.848
1781857640361,121045,0.13135,0.12915,0.86328,0.88272,-13.812,-8.25,8.875,0.0093,-0.1841,-0.4974,0.8476
1781857640362,121046,0.24585,0.19727,0.92993,0.9819,2.312,-33.188,26.312,-0.0011,-0.1923,-0.4951,0.8471
1781857640425,121109,0.26758,0.20581,0.93188,0.99114,5.562,-28.688,23.312,-0.0017,-0.1936,-0.4942,0.8474
1781857640425,121109,0.29956,0.22192,0.9021,0.9761,7.938,-15.688,17.812,-0.0029,-0.1953,-0.4948,0.8466
1781857640425,121109,0.19458,0.26147,0.81641,0.87906,3.25,28.438,3.562,0.0008,-0.1881,-0.4942,0.8486
1781857640481,121165,0.21118,0.26538,0.81592,0.8836,6.875,20.812,3.438,0.0015,-0.1873,-0.494,0.8489
1781857640481,121165,0.19312,0.26514,0.79565,0.86061,11.562,10.438,5.188,0.0021,-0.1868,-0.496,0.8478
1781857640482,121166,0.33887,0.23804,0.87744,0.97026,14.562,-79.5,-3.688,0.0012,-0.2,-0.494,0.846
1781857640542,121226,0.38135,0.24097,0.88135,0.99008,10.0,-80.062,-0.562,0.0,-0.2032,-0.494,0.8453
1781857640544,121228,0.4126,0.24707,0.86621,0.99076,0.062,-61.062,5.562,-0.0028,-0.2084,-0.4938,0.844
1781857640544,121228,0.29053,0.27124,0.93726,1.01805,8.562,35.125,-50.625,0.0005,-0.2071,-0.5037,0.8385
1781857640601,121285,0.28198,0.26685,0.95044,1.02667,4.938,36.438,-46.75,0.0028,-0.2053,-0.5063,0.8374
1781857640602,121286,0.29321,0.25513,0.96118,1.03679,0.375,34.562,-43.562,0.004,-0.2039,-0.508,0.8367
1781857640660,121344,0.45312,0.14111,1.0686,1.16925,-37.125,-7.0,-81.75,0.0014,-0.1975,-0.5306,0.8242
1781857640661,121345,0.45312,0.14111,1.0686,1.16925,-37.125,-7.0,-81.75,0.0014,-0.1975,-0.5306,0.8242
1781857640662,121346,0.38403,0.2395,0.99438,1.09254,-48.438,-12.875,-121.062,-0.0004,-0.1962,-0.5389,0.819
1781857640725,121409,0.10986,0.66187,0.8689,1.09778,-28.0,2.438,-80.625,0.0003,-0.1921,-0.5872,0.7861
1781857640725,121409,0.11963,0.61719,0.91699,1.1118,-35.562,0.5,-51.875,0.0,-0.1912,-0.5895,0.7846
1781857640725,121409,0.31665,0.20068,1.2207,1.27697,-82.438,-18.5,-36.688,-0.0288,-0.1846,-0.6117,0.7686
1781857640783,121467,0.33496,0.20532,1.21753,1.27935,-91.688,-20.375,-35.375,-0.0319,-0.1829,-0.6135,0.7673
1781857640784,121468,0.36108,0.21948,1.19263,1.26527,-100.25,-26.375,-33.562,-0.0355,-0.1812,-0.6154,0.7661
1781857640784,121468,0.44995,0.27954,0.86621,1.01534,-102.75,-18.188,-23.125,-0.0817,-0.1652,-0.6339,0.7509
1781857640841,121525,0.43848,0.26904,0.86865,1.00956,-103.125,-8.812,-20.812,-0.0851,-0.1629,-0.6353,0.7499
1781857640841,121525,0.40649,0.25757,0.85669,0.9826,-103.75,-4.375,-18.25,-0.0884,-0.1603,-0.6367,0.7489
1781857640842,121526,0.40649,0.25757,0.85669,0.9826,-103.75,-4.375,-18.25,-0.0884,-0.1603,-0.6367,0.7489
1781857640905,121589,0.49902,0.08911,0.84009,0.98118,-46.125,31.25,5.875,-0.1199,-0.1351,-0.647,0.7406
1781857640905,121589,0.51318,0.07373,0.92578,1.06107,-36.625,40.0,7.312,-0.1201,-0.1329,-0.6472,0.7408
1781857640905,121589,0.45508,0.0249,1.06226,1.1559,-4.75,82.25,-18.438,-0.1057,-0.1096,-0.6499,0.7445
1781857640962,121646,0.43945,0.00806,1.03613,1.1255,-9.75,84.875,-19.312,-0.1036,-0.1068,-0.6508,0.7443
1781857640962,121646,0.42212,-0.01978,1.01587,1.10026,-16.25,85.0,-18.625,-0.1016,-0.1038,-0.6519,0.7441
1781857640962,121646,0.42212,-0.01978,1.01587,1.10026,-16.25,85.0,-18.625,-0.1016,-0.1038,-0.6519,0.7441
1781857641021,121705,0.10156,-0.0437,0.80225,0.80983,-34.875,93.312,-31.375,-0.0888,-0.0661,-0.6634,0.7399
1781857641021,121705,0.06738,-0.04272,0.78613,0.79017,-25.188,92.812,-32.062,-0.0859,-0.0605,-0.6655,0.7387
1781857641022,121706,0.06738,-0.04272,0.78613,0.79017,-25.188,92.812,-32.062,-0.0859,-0.0605,-0.6655,0.7387
1781857641084,121768,-0.10718,-0.0415,0.69482,0.70427,-17.812,25.938,-17.875,-0.0708,-0.0377,-0.6752,0.7331
1781857641084,121768,-0.11597,-0.04541,0.70508,0.71599,-20.188,25.438,-15.438,-0.0706,-0.0363,-0.6758,0.7326
1781857641093,121777,-0.04126,-0.0376,0.91528,0.91698,-47.438,34.938,-4.188,-0.0698,-0.0137,-0.6768,0.7326
1781857641141,121825,-0.03931,-0.04272,0.92529,0.92711,-49.5,32.75,-5.625,-0.0703,-0.0112,-0.6771,0.7323
1781857641141,121825,-0.03638,-0.03735,0.93726,0.93871,-49.25,30.188,-6.75,-0.0709,-0.0089,-0.6774,0.7319
1781857641142,121826,-0.00708,-0.16626,1.11475,1.1271,-15.562,-35.375,-11.625,-0.0823,0.0018,-0.6822,0.7263
1781857641205,121889,-0.00488,-0.15747,1.10693,1.11809,-5.812,-41.125,-8.312,-0.0837,0.0009,-0.6824,0.726
1781857641205,121889,0.01123,-0.15723,1.09619,1.10747,3.75,-45.0,-4.938,-0.0849,-0.0004,-0.6824,0.7259
1781857641205,121889,0.01123,-0.15723,1.09619,1.10747,3.75,-45.0,-4.938,-0.0849,-0.0004,-0.6824,0.7259
1781857641264,121948,0.20532,-0.11133,1.1106,1.13489,-11.812,-35.375,20.875,-0.0979,-0.0172,-0.6763,0.7297
1781857641264,121948,0.22754,-0.1062,1.1189,1.14673,-14.188,-29.875,21.688,-0.0993,-0.0178,-0.6755,0.7302
1781857641265,121949,0.22754,-0.1062,1.1189,1.14673,-14.188,-29.875,21.688,-0.0993,-0.0178,-0.6755,0.7302
1781857641322,122006,0.2019,-0.09131,1.07178,1.09444,-11.75,7.25,12.812,-0.1054,-0.0124,-0.6706,0.734
1781857641323,122007,0.19922,-0.09497,1.06348,1.08614,-10.062,5.312,11.125,-0.1055,-0.0119,-0.6703,0.7343
1781857641323,122007,0.19922,-0.09497,1.06348,1.08614,-10.062,5.312,11.125,-0.1055,-0.0119,-0.6703,0.7343
1781857641383,122067,0.19922,-0.09497,1.06348,1.08614,-10.062,5.312,11.125,-0.1055,-0.0119,-0.6703,0.7343
1781857641383,122067,0.28345,-0.1394,0.99365,1.04265,-2.312,-33.5,-13.0,-0.1115,-0.017,-0.6716,0.7321
1781857641383,122067,0.28345,-0.1394,0.99365,1.04265,-2.312,-33.5,-13.0,-0.1115,-0.017,-0.6716,0.7321
1781857641441,122125,0.29419,-0.13306,0.90283,0.95883,27.188,-11.0,-8.375,-0.1194,-0.0286,-0.6751,0.7272
1781857641442,122126,0.2937,-0.12207,0.88647,0.94181,30.875,-8.938,-8.625,-0.1187,-0.0299,-0.6753,0.7271
1781857641442,122126,0.2937,-0.12207,0.88647,0.94181,30.875,-8.938,-8.625,-0.1187,-0.0299,-0.6753,0.7271
1781857641501,122185,0.2937,-0.12207,0.88647,0.94181,30.875,-8.938,-8.625,-0.1187,-0.0299,-0.6753,0.7271
1781857641501,122185,0.22363,-0.06787,0.78345,0.81756,12.312,13.625,1.562,-0.1094,-0.0349,-0.6773,0.7265
1781857641504,122188,0.22363,-0.06787,0.78345,0.81756,12.312,13.625,1.562,-0.1094,-0.0349,-0.6773,0.7265
1781857641564,122248,0.17188,-0.1001,0.96118,0.98155,13.125,-2.125,-18.688,-0.1004,-0.0355,-0.6805,0.7248
1781857641566,122250,0.16138,-0.09668,0.97339,0.9914,11.0,-4.938,-20.25,-0.1,-0.0361,-0.681,0.7243
1781857641566,122250,0.07593,-0.08057,0.95142,0.95784,23.875,-9.938,-15.0,-0.0966,-0.0437,-0.6854,0.7202
1781857641622,122306,0.0686,-0.08276,0.96997,0.97591,26.5,-12.375,-12.812,-0.0961,-0.0446,-0.6865,0.7192
1781857641622,122306,0.05933,-0.08496,0.97095,0.97646,28.812,-15.625,-10.312,-0.0956,-0.0458,-0.6867,0.719
1781857641622,122306,0.06836,0.04419,0.94067,0.94419,27.062,-31.688,-9.5,-0.0918,-0.0624,-0.6889,0.7162
1781857641690,122374,0.09082,0.04102,0.95264,0.95783,17.562,-26.5,-9.812,-0.0921,-0.0651,-0.6903,0.7145
1781857641691,122375,0.10645,0.03564,0.97925,0.98566,17.062,-26.812,-9.0,-0.0923,-0.0665,-0.6904,0.7142
1781857641694,122378,0.21606,-0.07764,1.09595,1.11974,-20.375,-37.0,-7.812,-0.1001,-0.0777,-0.694,0.7085
1781857641741,122425,0.24219,-0.10083,1.12085,1.15114,-29.188,-39.062,-6.125,-0.1032,-0.0778,-0.6962,0.7059
1781857641742,122426,0.26758,-0.11694,1.13647,1.17339,-33.562,-41.375,-3.875,-0.1054,-0.0781,-0.6963,0.7055
1781857641743,122427,0.20898,-0.13062,0.9458,0.97738,-15.938,-34.062,-10.375,-0.1233,-0.0827,-0.6995,0.6988
1781857641802,122486,0.20898,-0.13062,0.9458,0.97738,-15.938,-34.062,-10.375,-0.1233,-0.0827,-0.6995,0.6988
1781857641802,122486,0.16797,-0.10205,0.88721,0.90872,-9.812,-28.75,-10.375,-0.1259,-0.0834,-0.7016,0.6962
1781857641803,122487,0.21313,-0.10645,0.87622,0.90803,-44.938,-65.0,-3.688,-0.1449,-0.0892,-0.705,0.6884
1781857641861,122545,0.21313,-0.10645,0.87622,0.90803,-44.938,-65.0,-3.688,-0.1449,-0.0892,-0.705,0.6884
1781857641861,122545,0.2478,-0.04663,0.84229,0.87922,-45.125,-54.562,-3.75,-0.1529,-0.0899,-0.7059,0.6855
1781857641862,122546,0.30713,-0.00903,0.95532,1.00352,-3.375,-25.688,-17.75,-0.1655,-0.0928,-0.708,0.6801
1781857641982,122666,0.30713,-0.00903,0.95532,1.00352,-3.375,-25.688,-17.75,-0.1655,-0.0928,-0.708,0.6801
1781857641982,122666,0.31909,-0.01099,0.97412,1.02511,-5.438,-28.375,-21.75,-0.1663,-0.0936,-0.7084,0.6793
1781857641982,122666,0.54956,-0.20337,1.12524,1.26868,-36.812,-2.688,2.625,-0.1869,-0.0855,-0.715,0.668
1781857641982,122666,0.53027,-0.18311,1.09644,1.23162,-22.5,2.375,7.938,-0.1881,-0.0839,-0.7155,0.6673
1781857642042,122726,0.49536,-0.16016,1.07007,1.18999,-13.75,6.188,11.125,-0.1885,-0.0832,-0.7153,0.6676
1781857642042,122726,0.29663,-0.08936,0.84717,0.90204,-55.375,-7.438,38.75,-0.1918,-0.075,-0.7136,0.6694
1781857642043,122727,0.30884,-0.00464,0.85132,0.90562,48.125,-29.375,55.25,-0.2045,-0.0682,-0.6973,0.6834
1781857642111,122795,0.35547,-0.03516,0.89722,0.96571,47.188,-32.062,47.0,-0.2036,-0.0729,-0.6931,0.6874
1781857642112,122796,0.38647,-0.0564,0.89917,0.98033,44.125,-32.875,44.25,-0.2034,-0.0748,-0.6914,0.689
1781857642112,122796,0.54688,-0.16992,0.98047,1.13546,25.062,-23.625,17.375,-0.2034,-0.0881,-0.6807,0.698
1781857642169,122853,0.51465,-0.18335,0.96533,1.10921,20.375,-18.625,12.438,-0.2034,-0.0892,-0.6801,0.6985
1781857642169,122853,0.48242,-0.20435,0.91846,1.05738,9.125,-10.812,3.875,-0.2035,-0.0905,-0.6796,0.6988
1781857642170,122854,0.15649,-0.12744,0.72559,0.75313,17.562,11.875,20.875,-0.2002,-0.0883,-0.6774,0.7021
1781857642222,122906,0.13403,-0.09888,0.72168,0.74065,22.688,10.188,20.875,-0.1992,-0.0884,-0.6768,0.7029
1781857642222,122906,0.16211,-0.08276,0.7168,0.73955,30.125,5.688,19.625,-0.1977,-0.0887,-0.6765,0.7036
1781857642222,122906,0.25391,0.01978,0.81592,0.85474,45.25,-20.125,-17.438,-0.1857,-0.1068,-0.6738,0.707
1781857642281,122965,0.24463,0.00732,0.83936,0.87431,39.062,-20.125,-17.0,-0.1849,-0.1087,-0.674,0.7067
1781857642281,122965,0.22461,-0.00903,0.87061,0.89916,29.312,-20.438,-16.75,-0.1839,-0.1112,-0.6738,0.7068
1781857642282,122966,0.22266,0.01514,0.94995,0.97581,9.75,-3.188,16.875,-0.1838,-0.1171,-0.6746,0.705
1781857642343,123027,0.23779,0.01538,0.9624,0.99146,15.75,1.5,22.562,-0.1832,-0.1174,-0.6736,0.7061
1781857642350,123034,0.27271,0.00439,1.00122,1.0377,21.938,5.062,25.875,-0.1826,-0.117,-0.6749,0.7051
1781857642350,123034,0.47412,-0.11377,1.22314,1.31674,11.75,-3.5,19.438,-0.1748,-0.1199,-0.6697,0.7116
1781857642401,123085,0.48804,-0.12817,1.23389,1.33307,5.625,-4.938,18.688,-0.1749,-0.1201,-0.669,0.7121
1781857642402,123086,0.49658,-0.14478,1.24463,1.34783,1.188,-5.312,18.75,-0.1752,-0.1196,-0.67,0.7112
1781857642402,123086,0.55347,-0.0957,1.11401,1.2476,25.625,-13.5,24.875,-0.1755,-0.1232,-0.6658,0.7145
1781857642467,123151,0.55347,-0.0957,1.11401,1.2476,25.625,-13.5,24.875,-0.1755,-0.1232,-0.6658,0.7145
1781857642467,123151,0.55542,-0.09692,1.10645,1.24182,24.312,-14.812,24.688,-0.1754,-0.1242,-0.6648,0.7153
1781857642467,123151,0.59668,-0.16821,1.0376,1.20869,13.5,-13.062,13.438,-0.1779,-0.1314,-0.6638,0.7143
1781857642522,123206,0.59546,-0.17212,1.02295,1.19609,14.5,-9.688,12.812,-0.1779,-0.132,-0.6632,0.7147
1781857642523,123207,0.58984,-0.17285,1.00195,1.17546,15.812,-6.0,12.188,-0.1777,-0.1326,-0.6627,0.7152
1781857642523,123207,0.39429,-0.07715,0.71875,0.82342,23.938,20.938,9.438,-0.1681,-0.133,-0.6624,0.7177
1781857642592,123276,0.37476,-0.07739,0.71436,0.81039,22.438,18.312,8.0,-0.1663,-0.133,-0.662,0.7184
1781857642592,123276,0.35815,-0.08276,0.70703,0.79688,20.562,15.562,7.0,-0.165,-0.1326,-0.6631,0.7178
1781857642595,123279,0.33228,-0.12402,0.7417,0.82214,10.625,8.938,14.375,-0.1604,-0.1318,-0.6655,0.7167
1781857642648,123332,0.33398,-0.14038,0.74951,0.83248,9.625,10.875,21.125,-0.1595,-0.1314,-0.6644,0.7181
1781857642651,123335,0.33911,-0.14844,0.76123,0.84646,9.688,12.25,27.625,-0.1589,-0.1301,-0.6653,0.7175
1781857642651,123335,0.34766,-0.15063,0.81006,0.89429,10.062,-1.75,38.875,-0.1574,-0.1271,-0.6605,0.7228
1781857642701,123385,0.34106,-0.14819,0.81665,0.89733,13.5,-7.812,37.688,-0.1574,-0.1275,-0.6586,0.7246
1781857642701,123385,0.34302,-0.13843,0.82056,0.90008,16.375,-11.875,35.562,-0.1574,-0.1279,-0.6573,0.7257
1781857642702,123386,0.29175,-0.02905,0.74927,0.80459,25.625,-12.438,30.625,-0.1573,-0.1348,-0.653,0.7283
1781857642762,123446,0.28711,-0.01587,0.7522,0.80529,25.125,-11.812,29.812,-0.157,-0.1357,-0.6519,0.7292
1781857642762,123446,0.28296,-0.0144,0.75732,0.80859,24.438,-12.5,28.5,-0.1567,-0.1366,-0.6507,0.7301
1781857642762,123446,0.27832,0.01489,0.81641,0.86267,4.5,-6.625,20.125,-0.1573,-0.1424,-0.6459,0.7332
1781857642821,123505,0.28003,0.01562,0.82007,0.8667,2.438,-5.0,19.625,-0.1574,-0.1425,-0.6452,0.7337
1781857642822,123506,0.27881,0.01123,0.83081,0.87642,-0.438,-2.062,19.5,-0.158,-0.1419,-0.6465,0.7326
1781857642822,123506,0.29346,-0.03442,0.88892,0.93674,-17.812,8.125,15.688,-0.1613,-0.1356,-0.6461,0.7333
1781857642881,123565,0.29346,-0.04297,0.89551,0.94334,-18.75,8.0,14.688,-0.1616,-0.1347,-0.6458,0.7337
1781857642881,123565,0.2959,-0.052,0.90137,0.95012,-19.188,7.688,13.75,-0.1621,-0.1337,-0.6456,0.734
1781857642883,123567,0.38599,-0.10547,1.0188,1.09456,-9.0,4.062,11.625,-0.1666,-0.1255,-0.6472,0.733
1781857642943,123627,0.40088,-0.10229,1.03247,1.11228,-6.938,3.938,11.125,-0.1668,-0.1251,-0.6469,0.7333
1781857642944,123628,0.40405,-0.09961,1.03809,1.11839,-4.688,3.25,10.062,-0.1669,-0.1248,-0.6467,0.7336
1781857642944,123628,0.44116,-0.05688,1.02612,1.11839,9.312,7.188,-9.25,-0.1651,-0.1242,-0.6492,0.7319
1781857643003,123687,0.43384,-0.05396,1.03271,1.12144,9.375,7.438,-10.438,-0.1646,-0.1243,-0.6495,0.7317
1781857643003,123687,0.41382,-0.04785,1.03564,1.11629,9.188,7.625,-11.5,-0.164,-0.1244,-0.6499,0.7315
1781857643004,123688,0.38647,-0.05005,1.02417,1.09581,11.562,-4.875,-5.5,-0.1599,-0.1255,-0.6566,0.7261
1781857643060,123744,0.40894,-0.0564,1.02759,1.1074,12.062,-7.438,-5.188,-0.1596,-0.1261,-0.6567,0.726
1781857643061,123745,0.42871,-0.06348,1.02832,1.11591,12.938,-10.438,-5.562,-0.1595,-0.1268,-0.6567,0.7259
1781857643062,123746,0.42871,-0.06348,1.02832,1.11591,12.938,-10.438,-5.562,-0.1595,-0.1268,-0.6567,0.7259
1781857643122,123806,0.47437,-0.05591,1.00732,1.11483,9.75,-17.312,-6.125,-0.1613,-0.1369,-0.659,0.7216
1781857643122,123806,0.4585,-0.03906,0.98926,1.09104,11.0,-12.875,-2.25,-0.1613,-0.1381,-0.6589,0.7214
1781857643123,123807,0.47876,-0.00586,0.91943,1.03663,10.375,-16.562,9.188,-0.161,-0.1451,-0.658,0.721
1781857643185,123869,0.47876,-0.00586,0.91943,1.03663,10.375,-16.562,9.188,-0.161,-0.1451,-0.658,0.721
1781857643187,123871,0.49341,-0.01709,0.92651,1.04984,8.812,-17.188,10.5,-0.1613,-0.1458,-0.6575,0.7213
1781857643190,123874,0.57227,-0.14941,1.01318,1.17318,17.938,-16.125,20.938,-0.1657,-0.1517,-0.6535,0.7227
1781857643242,123926,0.57324,-0.14282,0.99854,1.16021,21.875,-14.562,21.625,-0.166,-0.152,-0.6546,0.7216
1781857643242,123926,0.57251,-0.12915,0.98438,1.14605,25.625,-12.562,21.0,-0.1658,-0.153,-0.6536,0.7222
1781857643250,123934,0.57251,-0.12915,0.98438,1.14605,25.625,-12.562,21.0,-0.1658,-0.153,-0.6536,0.7222
1781857643301,123985,0.37915,-0.03101,0.74414,0.83574,23.062,1.438,-5.938,-0.1588,-0.1637,-0.6517,0.7232
1781857643301,123985,0.35498,-0.03125,0.73413,0.81605,22.062,4.188,-5.75,-0.1579,-0.1643,-0.6518,0.7232
1781857643302,123986,0.35498,-0.03125,0.73413,0.81605,22.062,4.188,-5.75,-0.1579,-0.1643,-0.6518,0.7232
1781857643365,124049,0.21143,0.04761,0.71411,0.74627,14.875,18.125,10.25,-0.1475,-0.1637,-0.6524,0.7249
1781857643366,124050,0.21484,0.0542,0.71973,0.75306,14.125,16.938,11.0,-0.1466,-0.1635,-0.6521,0.7254
1781857643366,124050,0.28418,0.07617,0.82495,0.87585,-0.5,15.438,15.375,-0.1429,-0.1599,-0.6517,0.7273
1781857643424,124108,0.28418,0.07617,0.82495,0.87585,-0.5,15.438,15.375,-0.1429,-0.1599,-0.6517,0.7273
1781857643425,124109,0.30396,0.07227,0.854,0.90936,-1.688,19.562,18.0,-0.1423,-0.1586,-0.6519,0.7276
1781857643425,124109,0.30396,0.07227,0.854,0.90936,-1.688,19.562,18.0,-0.1423,-0.1586,-0.6519,0.7276
1781857643487,124171,0.30396,0.07227,0.854,0.90936,-1.688,19.562,18.0,-0.1423,-0.1586,-0.6519,0.7276
1781857643488,124172,0.31299,0.0542,1.00439,1.05343,-12.25,36.25,40.625,-0.138,-0.1406,-0.6497,0.734
1781857643488,124172,0.31299,0.0542,1.00439,1.05343,-12.25,36.25,40.625,-0.138,-0.1406,-0.6497,0.734
1781857643542,124226,0.48047,0.02539,1.10938,1.20922,3.125,6.25,35.312,-0.1367,-0.129,-0.6412,0.7438
1781857643545,124229,0.49561,0.02271,1.11108,1.21682,7.375,1.125,29.25,-0.1367,-0.1284,-0.6408,0.7443
1781857643601,124285,0.49561,0.02271,1.11108,1.21682,7.375,1.125,29.25,-0.1367,-0.1284,-0.6408,0.7443
1781857643602,124286,0.43042,0.00269,1.00098,1.0896,14.438,-4.875,36.812,-0.1358,-0.1319,-0.6323,0.7511
1781857643602,124286,0.4585,-0.04517,1.01636,1.1159,10.75,-2.438,38.312,-0.1357,-0.1324,-0.6296,0.7532
1781857643667,124351,0.51294,-0.1311,1.00854,1.13906,13.0,-10.312,37.25,-0.137,-0.1323,-0.6205,0.7606
1781857643667,124351,0.49683,-0.12598,0.9856,1.1109,20.438,-18.0,34.562,-0.1373,-0.1334,-0.6192,0.7614
1781857643667,124351,0.48877,-0.05225,0.83643,0.97017,30.938,-24.562,18.438,-0.1369,-0.1496,-0.6093,0.7664
1781857643788,124472,0.479,-0.04053,0.81348,0.9449,26.75,-19.0,15.875,-0.1366,-0.152,-0.6091,0.7661
1781857643790,124474,0.47681,-0.03638,0.81226,0.94256,25.625,-17.312,15.0,-0.1365,-0.1526,-0.6087,0.7663
1781857643791,124475,0.47681,-0.03638,0.81226,0.94256,25.625,-17.312,15.0,-0.1365,-0.1526,-0.6087,0.7663
1781857643791,124475,0.3916,-0.11182,0.84033,0.93382,0.438,3.25,12.062,-0.1358,-0.156,-0.6055,0.7683
1781857643841,124525,0.37671,-0.11523,0.85376,0.94026,0.375,4.438,13.188,-0.136,-0.1553,-0.606,0.768
1781857643842,124526,0.25073,-0.06689,0.79077,0.83226,18.0,12.125,22.062,-0.1307,-0.1515,-0.6013,0.7734
1781857643842,124526,0.25171,0.05981,0.70898,0.75471,30.375,-21.562,26.0,-0.1254,-0.1585,-0.5935,0.7789
1781857643901,124585,0.2688,0.06323,0.71533,0.76678,29.938,-20.375,26.75,-0.1253,-0.1594,-0.5936,0.7786
1781857643901,124585,0.28564,0.07788,0.72363,0.78186,28.375,-17.562,27.5,-0.1249,-0.1607,-0.5925,0.7793
1781857643902,124586,0.41577,0.1228,0.80151,0.91125,0.062,2.75,13.438,-0.1228,-0.1647,-0.5853,0.7841
1781857643967,124651,0.41577,0.1228,0.80151,0.91125,0.062,2.75,13.438,-0.1228,-0.1647,-0.5853,0.7841
1781857643967,124651,0.40747,0.10767,0.82007,0.92203,-3.312,7.5,11.938,-0.1229,-0.1641,-0.5861,0.7837
1781857643967,124651,0.37134,0.06689,0.93774,1.01081,-7.125,29.5,5.0,-0.1198,-0.1507,-0.5866,0.7864
1781857644027,124711,0.36938,0.073,0.94409,1.01641,-8.812,27.125,1.688,-0.1194,-0.1495,-0.5867,0.7866
1781857644027,124711,0.35889,0.07617,0.95581,1.0238,-10.562,24.312,-2.125,-0.1194,-0.148,-0.5892,0.7851
1781857644032,124716,0.36499,0.06885,1.15283,1.21119,26.938,16.875,-12.562,-0.1152,-0.1405,-0.5966,0.7815
1781857644085,124769,0.36499,0.06885,1.15283,1.21119,26.938,16.875,-12.562,-0.1152,-0.1405,-0.5966,0.7815
1781857644086,124770,0.34839,0.07739,1.13696,1.19166,42.0,15.438,-13.375,-0.1107,-0.1414,-0.598,0.781
1781857644086,124770,0.50098,0.11694,1.09058,1.20582,-69.812,-32.875,-11.625,-0.1195,-0.1433,-0.6002,0.7776
1781857644142,124826,0.50098,0.11694,1.09058,1.20582,-69.812,-32.875,-11.625,-0.1195,-0.1433,-0.6002,0.7776
1781857644142,124826,0.57886,0.10791,1.18555,1.32372,-82.438,-48.75,-28.688,-0.1292,-0.1417,-0.6053,0.7723
1781857644142,124826,0.47876,0.13477,0.99756,1.11467,30.062,-7.688,-58.875,-0.1392,-0.1496,-0.6238,0.7542
1781857644201,124885,0.45581,0.14429,0.98242,1.09258,28.0,-1.312,-54.312,-0.138,-0.1509,-0.6254,0.7528
1781857644202,124886,0.44238,0.16528,0.97803,1.08607,18.562,8.25,-46.625,-0.1361,-0.1519,-0.628,0.7508
1781857644202,124886,0.68237,0.19287,1.12915,1.33335,-32.562,9.625,-49.75,-0.1348,-0.1409,-0.6405,0.7426
1781857644260,124944,0.59644,0.15112,1.13013,1.28676,-19.125,-0.438,-60.438,-0.1351,-0.1406,-0.6425,0.7409
1781857644261,124945,0.47192,0.08276,1.09546,1.19566,-12.75,1.188,-58.938,-0.1354,-0.1401,-0.6459,0.7379
1781857644268,124952,0.49316,-0.04346,0.9353,1.05825,-22.312,3.125,-46.125,-0.1367,-0.1356,-0.6652,0.7213
1781857644322,125006,0.49316,-0.04346,0.9353,1.05825,-22.312,3.125,-46.125,-0.1367,-0.1356,-0.6652,0.7213
1781857644322,125006,0.48877,-0.03979,0.86914,0.99794,-16.562,7.0,-43.25,-0.1374,-0.1342,-0.6701,0.7169
1781857644322,125006,0.32812,-0.00952,0.65674,0.73421,-26.062,29.875,-47.312,-0.1354,-0.1267,-0.6853,0.7041
1781857644381,125065,0.30542,-0.01538,0.64868,0.71715,-27.5,33.125,-47.25,-0.1351,-0.1252,-0.687,0.7027
1781857644382,125066,0.27979,-0.04565,0.65674,0.71531,-28.438,35.688,-44.125,-0.1344,-0.1216,-0.6913,0.6993
1781857644382,125066,0.27979,-0.04565,0.65674,0.71531,-28.438,35.688,-44.125,-0.1344,-0.1216,-0.6913,0.6993
1781857644447,125131,0.19287,-0.00781,0.6228,0.65203,-0.188,10.625,-37.75,-0.13,-0.111,-0.7056,0.6874
1781857644502,125186,0.19482,0.00757,0.61108,0.64143,0.062,4.875,-39.375,-0.1295,-0.111,-0.7069,0.6863
1781857644502,125186,0.24146,0.08008,0.71899,0.76267,-20.062,0.375,-34.438,-0.1319,-0.1109,-0.7203,0.6718
1781857644503,125187,0.2439,0.07568,0.74194,0.78466,-20.062,4.062,-31.5,-0.1322,-0.1104,-0.7213,0.6707
1781857644572,125256,0.24268,0.06812,0.76855,0.80883,-19.75,8.562,-28.25,-0.1323,-0.1098,-0.7223,0.6697
1781857644572,125256,0.20312,0.0105,0.95996,0.98127,-23.0,5.5,6.25,-0.1347,-0.0979,-0.7317,0.6608
1781857644573,125257,0.4585,-0.0022,1.11157,1.20242,-2.312,-34.125,23.312,-0.1464,-0.0984,-0.7328,0.657
1781857644642,125326,0.48511,0.00391,1.12939,1.22918,-4.0,-34.0,26.438,-0.1477,-0.0991,-0.7319,0.6576
1781857644642,125326,0.49902,0.00146,1.13916,1.24367,-7.062,-33.188,29.562,-0.149,-0.0997,-0.7308,0.6583
1781857644643,125327,0.73315,-0.20581,1.23438,1.45036,-28.062,14.125,59.062,-0.1646,-0.0901,-0.7249,0.6626
1781857644687,125371,0.74756,-0.23975,1.25854,1.48333,-25.875,18.75,58.438,-0.1651,-0.0884,-0.7235,0.6643
1781857644688,125372,0.77417,-0.28711,1.28784,1.52981,-20.562,22.5,53.0,-0.166,-0.0843,-0.7232,0.6649
1781857644688,125372,0.69995,-0.26294,1.0686,1.30422,6.5,25.625,2.625,-0.1641,-0.0761,-0.7226,0.667
1781857644744,125428,0.61743,-0.23853,0.98926,1.19027,6.688,32.938,-2.75,-0.162,-0.0748,-0.723,0.6672
1781857644745,125429,0.5332,-0.20752,0.91406,1.07837,3.25,48.938,-6.375,-0.1586,-0.072,-0.7252,0.6659
1781857644745,125429,0.27026,-0.14062,0.75049,0.80997,-16.0,84.812,17.375,-0.1426,-0.0523,-0.7311,0.665
1781857644809,125493,0.22144,-0.13965,0.74609,0.79069,-16.375,84.5,19.5,-0.1405,-0.0492,-0.7311,0.6657
1781857644809,125493,0.17749,-0.13184,0.74146,0.77372,-14.938,83.812,20.375,-0.1383,-0.0462,-0.731,0.6664
1781857644809,125493,0.02075,-0.06152,0.60498,0.60845,12.188,32.375,2.688,-0.1209,-0.0266,-0.7342,0.6674
1781857644861,125545,0.01196,-0.04248,0.58667,0.58833,14.812,31.062,1.812,-0.1195,-0.0261,-0.7343,0.6676
1781857644862,125546,-0.00342,-0.03198,0.56958,0.57049,16.812,30.0,1.562,-0.118,-0.0257,-0.7344,0.6677
1781857644862,125546,-0.00342,-0.03198,0.56958,0.57049,16.812,30.0,1.562,-0.118,-0.0257,-0.7344,0.6677
1781857644921,125605,-0.13159,0.02051,0.53223,0.54864,15.188,-16.562,12.438,-0.1092,-0.0275,-0.7357,0.6677
1781857644929,125613,-0.12207,0.03906,0.54419,0.55908,14.062,-20.25,16.312,-0.1093,-0.0284,-0.7351,0.6683
1781857644929,125613,-0.12207,0.03906,0.54419,0.55908,14.062,-20.25,16.312,-0.1093,-0.0284,-0.7351,0.6683
1781857644980,125664,0.04956,0.01221,0.73267,0.73444,12.25,-56.938,20.062,-0.1165,-0.0421,-0.7283,0.6738
1781857644981,125665,0.05933,0.0105,0.75049,0.7529,10.875,-61.75,18.062,-0.1181,-0.0441,-0.7274,0.6743
1781857644984,125668,0.29468,-0.146,0.9021,0.96017,-15.188,-54.0,32.688,-0.1416,-0.0614,-0.7226,0.6737
1781857645048,125732,0.35498,-0.22729,0.90601,0.99926,-14.562,-58.25,44.5,-0.1441,-0.0622,-0.7211,0.6747
1781857645048,125732,0.37793,-0.2085,0.93042,1.02566,-7.188,-66.812,58.812,-0.1466,-0.0635,-0.7191,0.6762
1781857645048,125732,0.37793,-0.2085,0.93042,1.02566,-7.188,-66.812,58.812,-0.1466,-0.0635,-0.7191,0.6762
1781857645105,125789,0.61328,0.02026,1.18726,1.33645,191.312,-4.688,35.125,-0.1276,-0.1051,-0.7007,0.6939
1781857645106,125790,0.61255,0.05371,1.2229,1.36879,195.0,6.875,25.438,-0.1218,-0.1107,-0.699,0.6957
1781857645108,125792,0.61255,0.05371,1.2229,1.36879,195.0,6.875,25.438,-0.1218,-0.1107,-0.699,0.6957
1781857645162,125846,0.43506,0.17554,1.40723,1.48337,-69.062,-18.0,-41.625,-0.0836,-0.1404,-0.6972,0.6978
1781857645166,125850,0.47144,0.11816,1.3313,1.41724,-90.125,-21.562,-47.625,-0.0866,-0.1386,-0.699,0.696
1781857645166,125850,0.47144,0.11816,1.3313,1.41724,-90.125,-21.562,-47.625,-0.0866,-0.1386,-0.699,0.696
1781857645221,125905,0.53931,0.18823,1.01392,1.16375,-34.875,7.375,-53.875,-0.1025,-0.1286,-0.7211,0.6729
1781857645222,125906,0.51514,0.19653,0.97485,1.11997,-34.438,8.938,-57.938,-0.1029,-0.1276,-0.7229,0.671
1781857645222,125906,0.51514,0.19653,0.97485,1.11997,-34.438,8.938,-57.938,-0.1029,-0.1276,-0.7229,0.671
1781857645307,125991,0.36084,0.21289,0.80859,0.91069,-51.062,7.562,-71.688,-0.1072,-0.1156,-0.75,0.6422
1781857645307,125991,0.35767,0.2063,0.82642,0.92382,-54.812,7.438,-70.312,-0.108,-0.114,-0.7522,0.6397
1781857645308,125992,0.4563,0.11621,0.93311,1.04518,-77.375,29.5,-56.0,-0.1204,-0.0913,-0.7755,0.6127
1781857645350,126034,0.4707,0.08521,0.95581,1.06883,-82.062,38.875,-56.75,-0.1217,-0.086,-0.7797,0.6079
1781857645351,126035,0.47729,0.06055,0.98071,1.09237,-84.75,44.312,-57.688,-0.1223,-0.0825,-0.7817,0.6057
1781857645351,126035,0.47729,0.06055,0.98071,1.09237,-84.75,44.312,-57.688,-0.1223,-0.0825,-0.7817,0.6057
1781857645401,126085,0.47729,0.06055,0.98071,1.09237,-84.75,44.312,-57.688,-0.1223,-0.0825,-0.7817,0.6057
1781857645408,126092,0.42603,-0.10938,1.14429,1.22591,-42.0,62.312,-72.0,-0.1181,-0.0419,-0.8047,0.5801
1781857645408,126092,0.13013,-0.08154,0.7876,0.80243,13.312,38.688,-92.312,-0.0997,-0.0309,-0.8281,0.5505
1781857645546,126230,0.05151,-0.06934,0.7229,0.72804,11.938,28.125,-84.312,-0.0971,-0.0314,-0.8284,0.5506
1781857645546,126230,0.00195,-0.06543,0.67749,0.68065,9.25,21.0,-77.25,-0.0959,-0.0314,-0.8303,0.5479
1781857645546,126230,-0.02197,0.04736,0.66162,0.66368,-8.938,17.625,-8.625,-0.0923,-0.0292,-0.8365,0.5391
1781857645598,126282,-0.02197,0.04736,0.66162,0.66368,-8.938,17.625,-8.625,-0.0923,-0.0292,-0.8365,0.5391
1781857645598,126282,0.0,0.05322,0.68701,0.68907,-10.0,24.562,-5.625,-0.0916,-0.0283,-0.8365,0.5393
1781857645600,126284,0.18164,-0.09546,1.09912,1.11811,4.0,28.375,21.5,-0.0824,-0.0175,-0.8369,0.5407
1781857645709,126393,0.20483,-0.11572,1.15015,1.17396,7.75,23.125,27.812,-0.0803,-0.0168,-0.8339,0.5455
1781857645709,126393,0.21582,-0.11157,1.17944,1.20421,10.0,18.188,30.75,-0.0794,-0.0166,-0.8333,0.5466
1781857645709,126393,0.32178,-0.10376,1.14404,1.19295,39.375,-52.75,43.0,-0.0822,-0.0296,-0.8211,0.5638
1781857645710,126394,0.3396,-0.11279,1.13794,1.19288,40.125,-54.625,43.625,-0.0832,-0.0322,-0.8185,0.5673
1781857645764,126448,0.35815,-0.12085,1.14062,1.20163,40.688,-56.0,43.688,-0.0843,-0.0349,-0.8172,0.5689
1781857645768,126452,0.36865,-0.07275,1.03345,1.09964,48.125,-36.0,41.812,-0.0919,-0.0612,-0.8008,0.5884
1781857645773,126457,0.36865,-0.07275,1.03345,1.09964,48.125,-36.0,41.812,-0.0919,-0.0612,-0.8008,0.5884
1781857645826,126510,0.24438,0.00854,0.93677,0.96816,30.625,-16.562,25.062,-0.088,-0.0845,-0.7775,0.6167
1781857645826,126510,0.23169,0.00854,0.93726,0.96551,30.812,-20.438,23.312,-0.0879,-0.086,-0.7767,0.6176
1781857645827,126511,0.22974,0.0105,0.88696,0.91629,11.625,-27.125,33.125,-0.092,-0.099,-0.7667,0.6274
1781857645882,126566,0.23462,0.01196,0.89014,0.92062,8.562,-22.438,35.125,-0.0927,-0.0998,-0.7656,0.6285
1781857645882,126566,0.24097,0.01147,0.90527,0.93687,6.625,-18.188,36.75,-0.093,-0.1005,-0.7631,0.6314
1781857645883,126567,0.22266,0.02588,0.85913,0.88789,24.312,-1.75,24.75,-0.0916,-0.1046,-0.7533,0.6426
1781857646000,126684,0.22266,0.02588,0.85913,0.88789,24.312,-1.75,24.75,-0.0916,-0.1046,-0.7533,0.6426
1781857646001,126685,0.22534,0.03711,0.82959,0.86045,17.5,-10.562,20.625,-0.091,-0.1067,-0.7526,0.6431
1781857646001,126685,0.20166,0.07471,0.80957,0.83765,19.875,-4.562,5.188,-0.0916,-0.1128,-0.7518,0.643
1781857646010,126694,0.20947,0.08423,0.81958,0.85011,20.562,-4.25,2.062,-0.0915,-0.1135,-0.7562,0.6376
1781857646063,126747,0.20728,0.08838,0.82788,0.858,21.75,-5.062,0.25,-0.091,-0.1143,-0.7561,0.6377
1781857646066,126750,0.21313,0.11572,0.87354,0.90658,14.0,10.0,-9.25,-0.0874,-0.1181,-0.7652,0.6266
1781857646066,126750,0.18188,0.09326,1.01831,1.03862,5.625,37.938,-9.125,-0.0771,-0.1104,-0.7893,0.5988
1781857646240,126924,0.18188,0.09326,1.01831,1.03862,5.625,37.938,-9.125,-0.0771,-0.1104,-0.7893,0.5988
1781857646241,126925,0.21167,0.11206,1.06323,1.08987,7.25,37.562,-9.062,-0.0743,-0.1067,-0.8007,0.5846
1781857646241,126925,0.3147,0.19775,1.08228,1.14432,4.875,15.812,-26.062,-0.0675,-0.1021,-0.825,0.5515
1781857646242,126926,0.32251,0.20898,1.07983,1.14618,3.75,16.438,-28.438,-0.0667,-0.1019,-0.8256,0.5506
1781857646304,126988,0.32153,0.20435,1.0835,1.14852,2.062,17.062,-30.125,-0.0676,-0.1005,-0.8356,0.5357
1781857646304,126988,0.2771,0.22632,1.06689,1.12529,-20.312,21.625,-33.438,-0.0653,-0.093,-0.8612,0.4952
1781857646304,126988,0.23438,0.15063,1.01782,1.05527,-52.125,40.0,-12.312,-0.0555,-0.0332,-0.9288,0.3646
1781857646363,127047,0.23438,0.15063,1.01782,1.05527,-52.125,40.0,-12.312,-0.0555,-0.0332,-0.9288,0.3646
1781857646363,127047,0.25439,0.13354,1.02441,1.06394,-47.0,44.375,-9.812,-0.0531,-0.0247,-0.9354,0.3485
1781857646364,127048,0.29541,0.02734,0.96851,1.01293,-42.938,31.812,-10.0,-0.0451,-0.004,-0.9476,0.316
1781857646424,127108,0.30249,0.02466,0.96777,1.01425,-43.125,29.375,-10.312,-0.0446,-0.0019,-0.9478,0.3155
1781857646424,127108,0.30737,0.01294,0.96387,1.01177,-42.75,26.875,-11.062,-0.0441,0.0,-0.9479,0.315
1781857646424,127108,0.24658,-0.0647,0.92236,0.95694,-23.875,22.875,-20.875,-0.0404,0.0202,-0.965,0.2577
1781857646486,127170,0.22729,-0.06494,0.90015,0.93067,-20.688,25.312,-21.375,-0.0397,0.0213,-0.9653,0.2568
1781857646486,127170,0.18774,-0.05884,0.84351,0.86615,-16.25,30.0,-22.188,-0.0374,0.0239,-0.9697,0.2397
1781857646543,127227,0.0481,-0.0166,0.71729,0.71909,-14.812,25.125,-23.625,-0.0274,0.0324,-0.9767,0.21
1781857646543,127227,0.03882,-0.01709,0.70825,0.70952,-14.438,23.312,-23.625,-0.0265,0.0332,-0.9769,0.2089
1781857646543,127227,0.03052,-0.01636,0.70459,0.70544,-14.188,21.562,-23.188,-0.0258,0.0339,-0.9771,0.2079
1781857646601,127285,-0.06128,-0.02856,0.8125,0.81531,-22.75,16.562,-14.625,-0.0186,0.044,-0.9854,0.163
1781857646601,127285,-0.06128,-0.02759,0.82544,0.82817,-22.5,16.125,-13.25,-0.018,0.045,-0.9854,0.1624
1781857646602,127286,-0.04272,-0.0376,0.95776,0.95945,-28.312,5.438,3.688,-0.0124,0.057,-0.9901,0.1272
1781857646661,127345,-0.05103,-0.03442,0.97437,0.97631,-27.938,4.688,5.062,-0.0123,0.0582,-0.99,0.1274
1781857646661,127345,-0.05103,-0.03491,0.98608,0.98802,-27.312,4.062,6.188,-0.0122,0.0593,-0.9899,0.1276
1781857646661,127345,0.01318,-0.11182,1.09058,1.09637,-27.125,0.938,24.25,-0.0113,0.0708,-0.9912,0.11
1781857646721,127405,0.01611,-0.11914,1.09814,1.10471,-27.438,4.125,26.75,-0.0112,0.072,-0.991,0.1111
1781857646722,127406,0.01733,-0.13135,1.10938,1.11726,-27.562,8.125,29.125,-0.011,0.0732,-0.9908,0.1123
1781857646722,127406,0.0625,-0.1311,1.1731,1.18205,-18.438,7.25,46.875,-0.0013,0.0839,-0.9905,0.1076
1781857646788,127472,0.07544,-0.13281,1.17188,1.18179,-19.062,1.688,45.125,-0.0011,0.0847,-0.9902,0.1096
1781857646788,127472,0.08813,-0.13965,1.16016,1.17185,-19.875,-5.312,42.125,-0.0013,0.0858,-0.9899,0.1123
1781857646788,127472,0.05347,-0.28809,1.17896,1.21482,-27.5,2.0,44.375,-0.0023,0.0971,-0.9891,0.1094
1781857646843,127527,0.04858,-0.29199,1.17334,1.2101,-24.875,3.188,47.188,-0.0021,0.0982,-0.9888,0.1114
1781857646846,127530,0.052,-0.29272,1.17456,1.2116,-21.25,3.0,49.75,-0.002,0.0991,-0.9885,0.1134
1781857646846,127530,0.09912,-0.19849,0.96069,0.98598,16.438,-53.688,42.688,-0.0081,0.0983,-0.9876,0.1214
1781857646902,127586,0.10864,-0.19092,0.9563,0.9812,17.812,-56.75,38.75,-0.0103,0.0973,-0.9874,0.1234
1781857646902,127586,0.11597,-0.1792,0.94312,0.96697,19.438,-58.062,34.625,-0.0126,0.0961,-0.9873,0.1251
1781857646903,127587,0.12402,-0.13721,0.90234,0.9211,18.75,-37.75,12.438,-0.0311,0.0848,-0.9883,0.122
1781857646960,127644,0.12646,-0.14282,0.90601,0.92587,16.438,-31.812,12.812,-0.0325,0.0839,-0.9882,0.1227
1781857646961,127645,0.13208,-0.14233,0.90967,0.93016,14.562,-25.438,13.125,-0.0335,0.0831,-0.9882,0.1234
1781857646961,127645,0.13208,-0.14233,0.90967,0.93016,14.562,-25.438,13.125,-0.0335,0.0831,-0.9882,0.1234
1781857647021,127705,0.08154,-0.16602,0.89917,0.918,7.375,7.688,5.625,-0.0335,0.0801,-0.9876,0.13
1781857647021,127705,0.07397,-0.16528,0.89966,0.9177,8.562,6.625,4.75,-0.0332,0.0798,-0.9876,0.1302
1781857647022,127706,0.07397,-0.16528,0.89966,0.9177,8.562,6.625,4.75,-0.0332,0.0798,-0.9876,0.1302
1781857647083,127767,0.01709,-0.08105,0.83667,0.84076,36.0,-23.688,10.25,-0.0354,0.0669,-0.9854,0.152
1781857647086,127770,0.0249,-0.06958,0.82788,0.83117,35.062,-25.0,10.812,-0.0361,0.0653,-0.9854,0.1526
1781857647086,127770,0.0249,-0.06958,0.82788,0.83117,35.062,-25.0,10.812,-0.0361,0.0653,-0.9854,0.1526
1781857647141,127825,0.03784,-0.01758,0.85571,0.85673,18.75,-0.125,2.062,-0.0409,0.0518,-0.9838,0.1661
1781857647141,127825,0.03662,-0.02808,0.86792,0.86915,17.188,1.938,1.25,-0.0407,0.0511,-0.9838,0.1661
1781857647159,127843,0.03662,-0.02808,0.86792,0.86915,17.188,1.938,1.25,-0.0407,0.0511,-0.9838,0.1661
1781857647203,127887,0.03296,-0.10156,0.9917,0.99743,9.562,7.312,-6.312,-0.0366,0.0466,-0.9813,0.1823
1781857647209,127893,0.02417,-0.10571,1.00659,1.01242,11.0,5.688,-7.5,-0.0363,0.0462,-0.9815,0.182
1781857647209,127893,0.02417,-0.10571,1.00659,1.01242,11.0,5.688,-7.5,-0.0363,0.0462,-0.9815,0.182
1781857647262,127946,0.02417,-0.10571,1.00659,1.01242,11.0,5.688,-7.5,-0.0363,0.0462,-0.9815,0.182
1781857647263,127947,0.00269,-0.06958,1.01147,1.01387,25.125,2.875,-6.938,-0.0344,0.0361,-0.9808,0.1877
1781857647263,127947,0.00269,-0.06958,1.01147,1.01387,25.125,2.875,-6.938,-0.0344,0.0361,-0.9808,0.1877
1781857647358,128042,0.07373,-0.02124,1.08496,1.08767,8.188,16.812,-17.25,-0.0264,0.0286,-0.9805,0.1921
1781857647359,128043,0.06909,-0.021,1.09326,1.09564,6.938,17.188,-18.625,-0.0256,0.0284,-0.9807,0.1914
1781857647359,128043,0.06909,-0.021,1.09326,1.09564,6.938,17.188,-18.625,-0.0256,0.0284,-0.9807,0.1914
1781857647394,128078,0.04614,-0.01001,1.16577,1.16673,4.875,6.688,-20.938,-0.0187,0.0269,-0.9793,0.1995
1781857647394,128078,0.052,-0.0127,1.17114,1.17237,4.625,4.812,-20.938,-0.0186,0.0267,-0.9794,0.1987
1781857647394,128078,0.052,-0.0127,1.17114,1.17237,4.625,4.812,-20.938,-0.0186,0.0267,-0.9794,0.1987
1781857647445,128129,0.125,-0.02954,1.1394,1.14662,9.625,-5.188,-24.25,-0.0199,0.0236,-0.9786,0.2031
1781857647445,128129,0.12354,-0.01758,1.12085,1.12777,10.688,-4.812,-24.062,-0.02,0.023,-0.9788,0.202
1781857647445,128129,0.12354,-0.01758,1.12085,1.12777,10.688,-4.812,-24.062,-0.02,0.023,-0.9788,0.202
1781857647517,128201,0.06494,0.10034,0.9519,0.95938,0.062,4.312,-20.062,-0.0199,0.0181,-0.9782,0.2052
1781857647518,128202,0.06567,0.10254,0.95117,0.95893,-2.062,6.375,-19.625,-0.0197,0.0181,-0.9784,0.2044
1781857647518,128202,0.06567,0.10254,0.95117,0.95893,-2.062,6.375,-19.625,-0.0197,0.0181,-0.9784,0.2044
1781857647582,128266,0.06567,0.10254,0.95117,0.95893,-2.062,6.375,-19.625,-0.0197,0.0181,-0.9784,0.2044
1781857647584,128268,0.06763,-0.00293,0.99536,0.99766,-27.062,30.875,-16.438,-0.0109,0.0278,-0.9768,0.2119
1781857647585,128269,0.06445,-0.08057,0.9917,0.99705,-13.312,10.25,-13.125,-0.007,0.0404,-0.9754,0.2163
1781857647632,128316,0.06299,-0.08911,0.94116,0.94747,-5.375,7.812,-13.375,-0.0068,0.0413,-0.9732,0.2257
1781857647641,128325,0.04492,-0.08398,0.91943,0.92435,-2.5,6.312,-13.375,-0.0067,0.0415,-0.9733,0.2252
1781857647641,128325,-0.00562,-0.00122,0.75562,0.75564,-2.812,3.688,-6.688,-0.0061,0.0407,-0.9697,0.2405
1781857647700,128384,-0.00122,-0.00391,0.76367,0.76368,-3.688,4.688,-6.062,-0.0062,0.0409,-0.9672,0.2499
1781857647700,128384,0.00293,-0.00537,0.771,0.77102,-5.312,6.875,-5.062,-0.0061,0.0411,-0.9673,0.2497
1781857647700,128384,-0.00562,0.04102,0.8418,0.84281,-4.188,18.812,-0.188,-0.0004,0.0449,-0.9636,0.2633
1781857647790,128474,-0.00562,0.04102,0.8418,0.84281,-4.188,18.812,-0.188,-0.0004,0.0449,-0.9636,0.2633
1781857647790,128474,-0.0061,0.05273,0.83862,0.8403,-5.0,18.875,-1.875,0.0008,0.0457,-0.9622,0.2679
1781857647790,128474,-0.0061,0.05273,0.83862,0.8403,-5.0,18.875,-1.875,0.0008,0.0457,-0.9622,0.2679
1781857647801,128485,-0.05347,-0.00977,0.98828,0.98977,-17.062,29.625,-3.062,0.0086,0.0545,-0.9548,0.2916
1781857647801,128485,-0.05176,-0.02026,1.00537,1.00691,-18.688,32.0,-0.875,0.0097,0.0556,-0.9548,0.2915
1781857647802,128486,-0.03564,-0.07007,1.13696,1.13968,-14.375,39.312,12.125,0.0198,0.0668,-0.9466,0.3144
1781857647861,128545,-0.03003,-0.07788,1.14282,1.14587,-11.938,37.375,12.5,0.0212,0.0678,-0.9464,0.3148
1781857647862,128546,-0.0332,-0.08643,1.14038,1.14413,-9.812,35.0,12.25,0.022,0.069,-0.9432,0.3239
1781857647862,128546,-0.11401,-0.06348,1.08398,1.09181,10.812,-7.188,10.062,0.0274,0.0706,-0.9337,0.3497
1781857647938,128622,-0.12378,-0.06519,1.07031,1.07942,10.562,-10.312,10.438,0.0272,0.07,-0.9335,0.3502
1781857647938,128622,-0.12207,-0.06836,1.05859,1.0678,9.625,-13.812,11.25,0.026,0.0695,-0.9294,0.3613
1781857647939,128623,-0.00903,-0.09961,1.12549,1.12992,2.312,-40.188,22.188,0.0151,0.0635,-0.9216,0.3822
1781857647981,128665,0.03247,-0.11084,1.12549,1.1314,2.062,-41.062,21.75,0.0116,0.0621,-0.9186,0.3899
1781857647981,128665,0.05225,-0.11597,1.11841,1.12562,2.25,-40.688,20.938,0.01,0.0614,-0.9182,0.3908
1781857647982,128666,0.05225,-0.11597,1.11841,1.12562,2.25,-40.688,20.938,0.01,0.0614,-0.9182,0.3908
1781857648040,128724,0.07593,-0.19067,1.16602,1.18394,-5.25,-18.875,21.562,-0.0017,0.0576,-0.9081,0.4145
1781857648041,128725,0.08008,-0.14941,1.07959,1.09282,0.0,-2.062,19.75,-0.0028,0.0576,-0.9045,0.4223
1781857648042,128726,0.10913,-0.12012,1.04443,1.05697,17.062,6.625,4.25,-0.0033,0.0538,-0.8919,0.4488
1781857648102,128786,0.10034,-0.11572,1.00122,1.01287,15.625,3.312,3.875,-0.0029,0.0532,-0.8919,0.4489
1781857648103,128787,0.00708,-0.10059,0.9314,0.93684,3.75,0.812,6.688,-0.0029,0.0527,-0.8869,0.4586
1781857648103,128787,-1.38599,-0.99927,0.08545,1.71079,-68.375,92.688,34.125,0.0089,0.0653,-0.8697,0.4889
1781857648163,128847,-0.76855,-0.19653,0.73926,1.08434,-63.938,70.25,55.062,0.0106,0.0689,-0.8685,0.4905
1781857648163,128847,-0.68091,-0.18774,0.79102,1.06047,-42.938,60.125,106.312,0.0117,0.0722,-0.8612,0.5027
1781857648164,128848,-0.18945,-0.12183,0.8562,0.88533,-220.5,204.062,100.125,0.0339,0.1412,-0.8173,0.5574
1781857648222,128906,-0.05054,0.15942,1.01587,1.02954,-335.938,216.312,-2.938,0.0348,0.1641,-0.8127,0.5579
1781857648223,128907,0.13599,0.43066,1.14966,1.23518,-403.188,206.312,-69.25,0.0318,0.1823,-0.8087,0.5582
1781857648223,128907,-0.3938,-0.89795,0.47046,1.08753,-366.688,-106.25,-227.375,-0.109,0.3378,-0.8015,0.481
1781857648294,128978,-0.25146,-0.62866,0.51025,0.84783,-357.688,-69.688,-225.688,-0.1222,0.3475,-0.8005,0.4725
1781857648294,128978,-0.3877,-0.44556,0.36328,0.6934,-301.625,-48.125,-181.312,-0.1333,0.3563,-0.7993,0.465
1781857648295,128979,-0.04053,-0.6626,1.10889,1.2924,269.312,-93.625,-155.625,-0.1619,0.2958,-0.8059,0.4863
1781857648341,129025,-0.05469,-0.61572,1.00073,1.17625,225.625,-124.438,-184.5,-0.1632,0.2839,-0.8117,0.4833
1781857648342,129026,0.0415,-0.51465,0.96533,1.09474,105.5,-162.562,-216.375,-0.1812,0.2581,-0.8058,0.501
1781857648342,129026,0.26123,-0.87256,1.14673,1.46444,-88.375,182.625,-32.5,-0.2164,0.2759,-0.7932,0.4975
1781857648460,129144,0.26147,-0.66357,0.87866,1.1317,-34.0,202.375,-51.938,-0.2113,0.2813,-0.7955,0.4931
1781857648463,129147,-0.55273,-0.2876,-0.56836,0.84336,36.812,211.562,-59.75,-0.2022,0.2848,-0.794,0.4973
1781857648463,129147,-0.03687,-0.19971,0.62476,0.65693,47.312,135.0,138.625,-0.1792,0.323,-0.761,0.533
1781857648484,129168,-0.07007,-0.06909,0.68042,0.6875,86.188,153.188,150.375,-0.1661,0.3259,-0.7592,0.538
1781857648561,129245,-0.19556,-0.12378,0.78589,0.81926,104.562,148.812,177.75,-0.1525,0.3253,-0.7459,0.5606
1781857648561,129245,-0.35327,-0.10156,0.68262,0.77529,114.5,94.562,68.25,-0.0958,0.3299,-0.718,0.6051
1781857648561,129245,-0.68799,0.41211,0.5271,0.95969,257.688,209.062,81.938,0.0087,0.3089,-0.7098,0.6328
1781857648583,129267,-0.89526,0.45288,0.47876,1.11167,259.812,192.875,64.938,0.0232,0.3064,-0.711,0.6323
1781857648583,129267,-1.23584,0.47754,0.4939,1.41396,274.312,94.562,-170.188,0.0403,0.2985,-0.7097,0.6366
1781857648584,129268,-0.72119,0.59253,0.85449,1.26545,298.438,76.75,-258.125,0.0801,0.2389,-0.7746,0.5798
1781857648641,129325,-0.70337,0.4873,0.90039,1.24213,321.188,89.812,-292.25,0.0882,0.2313,-0.7844,0.5684
1781857648641,129325,-0.61255,0.40381,0.96338,1.21094,335.25,101.062,-320.312,0.0928,0.2252,-0.7854,0.5687
1781857648641,129325,0.43677,-0.23511,1.53784,1.61586,194.188,-28.062,-274.375,0.1338,0.1611,-0.8638,0.4578
1781857648701,129385,0.38208,-0.20508,1.60278,1.66041,188.438,-24.562,-258.312,0.1344,0.1549,-0.8705,0.4472
1781857648701,129385,0.25659,-0.21021,1.6106,1.6444,188.75,-18.75,-240.875,0.1354,0.1487,-0.8765,0.437
1781857648702,129386,0.19531,-0.39551,1.68408,1.74089,28.125,-87.75,-203.188,0.1342,0.1036,-0.9348,0.3118
1781857648761,129445,0.323,-0.44189,1.66577,1.75339,-28.5,-129.25,-177.688,0.1252,0.1035,-0.9395,0.3013
1781857648761,129445,0.37427,-0.44312,1.66187,1.76018,-48.375,-144.375,-167.0,0.1214,0.104,-0.9409,0.2984
1781857648761,129445,0.01294,-0.30127,1.43774,1.46903,-509.5,-530.875,-46.875,-0.0578,0.1874,-0.9497,0.2439
1781857648853,129537,0.16772,-0.44946,1.3396,1.42291,-519.062,-536.938,-78.5,-0.0996,0.21,-0.9414,0.2439
1781857648855,129539,0.38232,-0.65918,1.21729,1.43613,-551.438,-557.5,-95.25,-0.1646,0.2517,-0.9285,0.2172
1781857648855,129539,0.57104,-0.76025,0.91724,1.32114,-796.812,-637.938,-7.188,-0.3782,0.4155,-0.8088,0.1726
1781857648882,129566,0.55713,-0.69189,0.71289,1.139,-799.875,-594.75,-3.938,-0.4181,0.4492,-0.7711,0.1688
1781857648899,129583,0.5437,-0.6084,0.52441,0.96993,-789.562,-555.812,-5.062,-0.4423,0.4707,-0.7452,0.1652
1781857648899,129583,0.5437,-0.6084,0.52441,0.96993,-789.562,-555.812,-5.062,-0.4423,0.4707,-0.7452,0.1652
1781857648942,129626,0.70947,-0.55542,-1.02515,1.36483,-467.812,-202.062,15.75,-0.5542,0.6364,-0.5296,0.0837
1781857648943,129627,0.7041,-0.5061,-1.1272,1.42214,-409.0,-172.562,27.25,-0.5592,0.6459,-0.5133,0.0789
1781857648943,129627,0.41699,-0.42383,-0.56982,0.82354,-21.25,-2.438,44.625,-0.5666,0.6823,-0.4558,0.0736
1781857649003,129687,0.38818,-0.45288,-0.49829,0.77723,-30.125,-2.5,30.0,-0.5648,0.6849,-0.4539,0.0737
1781857649007,129691,0.41895,-0.46777,-0.52661,0.81954,-47.438,-6.875,17.562,-0.5697,0.6834,-0.4497,0.0762
1781857649007,129691,0.35742,-0.4314,-0.64502,0.85434,-59.625,-38.938,35.375,-0.5736,0.6916,-0.4319,0.0765
1781857649060,129744,0.29468,-0.3811,-0.63525,0.79726,-51.562,-37.75,34.188,-0.5735,0.6934,-0.4291,0.0769
1781857649060,129744,0.21777,-0.35034,-0.65015,0.76997,-12.688,-14.5,22.875,-0.5749,0.6942,-0.4255,0.079
1781857649061,129745,0.22754,-0.49658,-0.4978,0.73904,-3.438,2.625,16.5,-0.5775,0.6882,-0.4299,0.0874
1781857649120,129804,0.22827,-0.50244,-0.48975,0.73784,-8.312,1.312,14.688,-0.5771,0.6887,-0.4297,0.0875
1781857649121,129805,0.23022,-0.5,-0.4895,0.73662,-11.5,0.562,12.875,-0.5767,0.6893,-0.4293,0.0875
1781857649122,129806,0.23022,-0.5,-0.4895,0.73662,-11.5,0.562,12.875,-0.5767,0.6893,-0.4293,0.0875
1781857649180,129864,0.27295,-0.57153,-0.62695,0.89119,-25.25,-7.25,8.938,-0.5862,0.6876,-0.4183,0.0913
1781857649181,129865,0.26709,-0.58252,-0.62134,0.8926,-26.375,-7.688,9.5,-0.5862,0.6883,-0.4172,0.0911
1781857649181,129865,0.26709,-0.58252,-0.62134,0.8926,-26.375,-7.688,9.5,-0.5862,0.6883,-0.4172,0.0911
1781857649244,129928,0.34961,-0.67651,-0.71729,1.04613,-60.125,-15.875,13.438,-0.5853,0.7024,-0.3963,0.0821
1781857649246,129930,0.34595,-0.67603,-0.71167,1.04075,-58.75,-15.062,16.562,-0.5853,0.7037,-0.394,0.0813
1781857649246,129930,0.25049,-0.59473,-0.84961,1.0669,-115.375,-41.25,17.938,-0.5811,0.7227,-0.3673,0.0695
1781857649317,130001,0.26978,-0.57178,-0.90039,1.10019,-121.375,-46.812,11.0,-0.5793,0.7281,-0.3601,0.0659
1781857649317,130001,0.28857,-0.58667,-0.93359,1.13976,-118.5,-48.812,8.125,-0.5801,0.7301,-0.3551,0.0645
1781857649317,130001,0.28857,-0.58667,-0.93359,1.13976,-118.5,-48.812,8.125,-0.5801,0.7301,-0.3551,0.0645
1781857649361,130045,0.28857,-0.58667,-0.93359,1.13976,-118.5,-48.812,8.125,-0.5801,0.7301,-0.3551,0.0645
1781857649361,130045,0.31543,-0.62402,-0.84473,1.09657,-60.375,-19.938,34.375,-0.5709,0.7538,-0.3207,0.0527
1781857649362,130046,0.31543,-0.62402,-0.84473,1.09657,-60.375,-19.938,34.375,-0.5709,0.7538,-0.3207,0.0527
1781857649422,130106,0.36597,-0.58643,-0.98804,1.20584,-72.5,-31.5,9.312,-0.5587,0.7775,-0.2855,0.0406
1781857649432,130116,0.38892,-0.60596,-0.97534,1.21232,-65.438,-26.938,8.312,-0.5559,0.7816,-0.2797,0.0381
1781857649480,130164,0.38892,-0.60596,-0.97534,1.21232,-65.438,-26.938,8.312,-0.5559,0.7816,-0.2797,0.0381
1781857649481,130165,0.31494,-0.52637,-0.86206,1.05802,-74.25,-17.125,19.375,-0.5403,0.8027,-0.2507,0.0259
1781857649481,130165,0.31616,-0.52319,-0.85913,1.05442,-79.188,-19.562,17.875,-0.5399,0.8039,-0.2476,0.0249
1781857649546,130230,0.3186,-0.47803,-0.9541,1.1137,-80.75,-8.188,9.5,-0.5307,0.8193,-0.216,0.0098
1781857649546,130230,0.32056,-0.46582,-0.98364,1.13459,-79.438,-9.125,11.438,-0.5258,0.8237,-0.2116,0.0064
1781857649546,130230,0.2688,-0.42188,-0.84644,0.9832,-77.562,-18.375,24.438,0.5103,-0.8411,0.1784,0.0064
1781857649602,130286,0.26196,-0.38867,-0.80981,0.93568,-75.312,-16.75,27.25,0.5038,-0.846,0.1737,0.0089
1781857649613,130297,0.24121,-0.35791,-0.7876,0.8981,-74.062,-15.75,29.938,0.5023,-0.8477,0.1693,0.0101
1781857649613,130297,0.13574,-0.2063,-0.84058,0.8761,-62.875,-19.25,12.312,0.4862,-0.8616,0.1439,0.0187
1781857649662,130346,0.13574,-0.2063,-0.84058,0.8761,-62.875,-19.25,12.312,0.4862,-0.8616,0.1439,0.0187
1781857649663,130347,0.14844,-0.21802,-0.83936,0.87982,-61.25,-23.938,11.0,0.4813,-0.8654,0.1369,0.0205
1781857649663,130347,0.10962,-0.22046,-0.8562,0.8909,-50.875,-28.5,18.625,0.4708,-0.8746,0.1129,0.0225
1781857649721,130405,0.07886,-0.18555,-0.86035,0.88366,-45.5,-28.625,19.062,0.4668,-0.8771,0.1092,0.0227
1781857649721,130405,0.07056,-0.16138,-0.86792,0.88561,-38.938,-27.25,18.188,0.4662,-0.8778,0.1071,0.0223
1781857649721,130405,0.03174,-0.15576,-0.875,0.88932,-37.062,-34.062,7.0,0.4601,-0.8832,0.0883,0.0177
1781857649784,130468,0.03467,-0.15649,-0.87793,0.89244,-31.5,-31.938,6.25,0.4599,-0.8834,0.0864,0.0171
1781857649785,130469,0.03638,-0.1582,-0.88477,0.89953,-27.5,-30.188,6.438,0.4572,-0.885,0.0846,0.0168
1781857649840,130524,0.02295,-0.1106,-0.9314,0.93822,-13.375,-16.188,0.5,0.4503,-0.8899,0.0698,0.0119
1781857649841,130525,0.04028,-0.09277,-0.94873,0.95411,-16.25,-15.75,-3.062,0.4506,-0.8899,0.068,0.0115
1781857649841,130525,0.05176,-0.11328,-0.9458,0.95397,-24.25,-19.438,-8.125,0.451,-0.8898,0.0663,0.0111
1781857649902,130586,0.14624,-0.146,-1.03906,1.05941,-16.75,-11.938,-9.5,0.4533,-0.8897,0.0513,0.0108
1781857649902,130586,0.14526,-0.1438,-1.04004,1.05993,-9.125,-9.5,-6.562,0.4514,-0.8907,0.0504,0.0109
1781857649903,130587,0.0376,-0.11743,-0.99976,1.00733,-47.062,-26.438,-15.0,0.4521,-0.8908,0.041,0.0091
1781857649962,130646,0.0376,-0.11743,-0.99976,1.00733,-47.062,-26.438,-15.0,0.4521,-0.8908,0.041,0.0091
1781857649962,130646,0.0603,-0.16113,-1.03491,1.04912,-61.188,-23.312,-14.812,0.4517,-0.8914,0.033,0.0097
1781857649962,130646,0.02393,-0.00977,-1.09399,1.0943,-28.75,11.812,-12.312,0.4477,-0.8937,0.0173,0.016
1781857650034,130718,0.09277,-0.00952,-1.15869,1.16244,-37.375,11.562,-16.625,0.4453,-0.895,0.015,0.0186
1781857650034,130718,0.11865,-0.01074,-1.18872,1.19468,-39.688,10.062,-18.188,0.4459,-0.8947,0.0137,0.0197
1781857650034,130718,0.15332,0.04785,-1.19263,1.20339,-41.312,-13.438,-3.312,0.446,-0.8945,0.0001,0.0263
1781857650084,130768,0.12964,0.06201,-1.16626,1.17508,-42.812,-15.25,-0.938,0.446,-0.8945,-0.0017,0.0266
1781857650084,130768,0.09277,0.0769,-1.11035,1.11687,-42.25,-17.312,-0.188,0.4435,-0.8958,-0.0057,0.0271
1781857650085,130769,0.09521,0.07373,-1.04175,1.04869,0.25,4.5,-6.875,0.4409,-0.8968,-0.0164,0.0293
1781857650140,130824,0.1084,0.05469,-1.0415,1.04856,6.188,6.0,-7.375,0.4412,-0.8966,-0.0161,0.0295
1781857650141,130825,0.12036,0.04688,-1.03833,1.04633,15.188,7.75,-7.25,0.4421,-0.8962,-0.0151,0.0297
1781857650141,130825,0.0603,0.06909,-0.89868,0.90335,14.312,-0.438,1.688,0.4387,-0.898,-0.0066,0.0283
1781857650200,130884,0.04248,0.07471,-0.88623,0.89039,11.688,-1.312,1.188,0.4387,-0.898,-0.0062,0.0281
1781857650201,130885,0.01904,0.08472,-0.87036,0.87468,10.312,-1.0,0.062,0.4376,-0.8986,-0.0057,0.0278
1781857650202,130886,-0.02417,0.04907,-0.77637,0.77829,18.625,4.562,-3.25,0.4351,-0.8999,0.001,0.0256
1781857650269,130953,-0.02075,0.03345,-0.77979,0.78078,16.812,4.438,-3.75,0.4353,-0.8999,0.0018,0.0254
1781857650273,130957,-0.0188,0.03125,-0.80029,0.80112,11.688,3.938,-3.688,0.4357,-0.8996,0.0026,0.0254
1781857650288,130972,-0.0332,0.08496,-0.93286,0.93731,-17.812,-8.25,-4.875,0.4368,-0.8991,-0.0004,0.0254
1781857650340,131024,-0.02637,0.06934,-0.92871,0.93167,-15.875,-7.625,-6.125,0.437,-0.899,-0.0012,0.0254
1781857650342,131026,-0.00562,0.04883,-0.94214,0.94342,-15.688,-7.875,-7.562,0.4368,-0.8991,-0.0024,0.0255
1781857650342,131026,0.00903,0.05591,-1.06567,1.06718,-4.688,-14.75,5.75,0.435,-0.8999,-0.012,0.0245
1781857650398,131082,-0.00635,0.06885,-1.07056,1.07279,3.75,-16.75,6.312,0.4339,-0.9005,-0.0126,0.0234
1781857650398,131082,-0.01025,0.0708,-1.06006,1.06247,6.375,-19.312,6.188,0.4337,-0.9006,-0.0128,0.0225
1781857650398,131082,-0.04395,0.0144,-0.95166,0.95278,-5.812,-20.938,9.188,0.4314,-0.9017,-0.0161,0.0152
1781857650480,131164,-0.04346,0.02173,-0.95898,0.96021,-7.938,-20.438,10.688,0.431,-0.9019,-0.0168,0.0145
1781857650480,131164,-0.05176,0.04761,-0.98511,0.98761,-11.562,-18.75,12.188,0.431,-0.9019,-0.0184,0.0136
1781857650480,131164,-0.00122,0.02612,-1.07764,1.07795,5.75,-10.0,11.5,0.4243,-0.9051,-0.0222,0.0101
1781857650500,131184,0.01733,0.00806,-1.09033,1.0905,9.375,-11.938,15.562,0.4232,-0.9056,-0.0219,0.009
1781857650502,131186,0.00684,0.01514,-1.09082,1.09095,12.25,-13.75,19.688,0.4224,-0.906,-0.0216,0.0081
1781857650502,131186,-0.09644,0.11401,-1.02979,1.04056,53.5,13.5,11.875,0.4155,-0.9094,-0.0106,0.0021
1781857650563,131247,-0.0835,0.10522,-1.04419,1.05279,56.875,16.812,5.312,0.4152,-0.9096,-0.0082,0.0018
1781857650565,131249,-0.07495,0.08862,-1.07495,1.0812,61.0,21.0,-0.312,0.4152,-0.9096,-0.0056,0.0015
1781857650569,131253,0.14746,-0.18311,-1.18604,1.20911,390.125,168.438,-27.5,-0.4277,0.9002,-0.08,0.0017
1781857650620,131304,0.1604,-0.22974,-1.19116,1.22367,431.875,192.188,-18.812,-0.4278,0.8982,-0.0997,0.0021
1781857650620,131304,0.21777,-0.25317,-1.20581,1.2512,473.0,215.062,-6.75,-0.4271,0.8959,-0.1214,0.0024
1781857650623,131307,0.21777,-0.25317,-1.20581,1.2512,473.0,215.062,-6.75,-0.4271,0.8959,-0.1214,0.0024
1781857650681,131365,0.01611,-0.375,-0.78101,0.86652,546.688,275.0,32.5,-0.4133,0.8093,-0.4164,0.022
1781857650682,131366,0.03857,-0.35327,-0.73413,0.81562,548.375,276.188,29.125,-0.4067,0.8001,-0.44,0.0227
1781857650683,131367,0.29077,-0.50464,0.07275,0.58694,815.125,441.75,23.75,-0.3599,0.6193,-0.6934,0.077
1781857650740,131424,0.30469,-0.52661,0.18237,0.63515,824.375,448.938,27.25,-0.3428,0.5961,-0.7216,0.0785
1781857650741,131425,0.3291,-0.55396,0.31738,0.71827,827.188,450.125,32.875,-0.3251,0.5719,-0.7487,0.0801
1781857650741,131425,-0.15161,-0.07983,0.99048,1.00519,538.625,275.25,23.875,-0.189,0.3201,-0.9089,0.1884
1781857650818,131502,-0.16846,-0.06567,0.99878,1.01501,526.5,263.312,3.438,-0.174,0.3015,-0.918,0.1893
1781857650867,131551,-0.16431,-0.09912,1.04004,1.05759,519.125,250.812,-19.5,-0.1596,0.2827,-0.9265,0.1894
1781857650867,131551,0.14233,-0.19556,1.02979,1.05781,289.0,134.062,-41.125,-0.0557,0.1198,-0.9728,0.1897
1781857650868,131552,0.05811,-0.13135,0.94507,0.95592,243.562,107.312,-19.5,-0.0454,0.1049,-0.9754,0.1881
1781857650923,131607,-0.00977,-0.09937,0.93701,0.94232,217.688,87.875,-8.125,-0.0396,0.0962,-0.9766,0.1876
1781857650924,131608,0.00879,-0.03809,0.96167,0.96246,139.438,20.625,-33.188,-0.0109,0.0358,-0.9889,0.1431
1781857650924,131608,-0.18311,0.11377,1.08691,1.10809,69.75,0.688,24.125,0.0097,-0.024,-0.9941,0.104
1781857650983,131667,-0.18994,0.14478,1.09155,1.11737,58.938,-0.812,25.625,0.01,-0.0267,-0.994,0.1051
1781857650984,131668,-0.1875,0.15796,1.0835,1.11089,50.438,0.188,24.25,0.0102,-0.029,-0.9938,0.1062
1781857650984,131668,-0.1875,0.15796,1.0835,1.11089,50.438,0.188,24.25,0.0102,-0.029,-0.9938,0.1062
1781857651050,131734,-0.07422,0.07227,0.98242,0.98787,49.625,11.688,11.25,0.0161,-0.0495,-0.9953,0.0805
1781857651050,131734,-0.08252,0.07886,1.01367,1.02008,50.5,10.125,13.812,0.0167,-0.0516,-0.9951,0.0811
1781857651051,131735,-0.08252,0.07886,1.01367,1.02008,50.5,10.125,13.812,0.0167,-0.0516,-0.9951,0.0811
1781857651101,131785,-0.09839,0.21973,1.0498,1.07706,29.062,31.25,14.25,0.0267,-0.0729,-0.9949,0.0633
1781857651101,131785,-0.07739,0.21655,1.00049,1.02658,28.688,29.812,12.562,0.0281,-0.0742,-0.9947,0.0639
1781857651102,131786,-0.08057,0.32544,1.04028,1.09297,56.562,40.625,49.688,0.0381,-0.0952,-0.9932,0.0543
1781857651223,131907,-0.12744,0.36719,1.03101,1.10184,58.438,41.812,50.188,0.0399,-0.0977,-0.9927,0.0565
1781857651223,131907,-0.16699,0.40503,1.03052,1.11978,59.562,41.438,48.75,0.0417,-0.1003,-0.9923,0.0587
1781857651223,131907,-0.14331,0.46484,1.15405,1.25238,53.312,24.688,12.688,0.0515,-0.1231,-0.9894,0.0556
1781857651224,131908,-0.12451,0.43481,1.14331,1.22952,47.125,23.438,13.375,0.0526,-0.1264,-0.9891,0.0519
1781857651294,131978,-0.09448,0.41113,1.11621,1.19327,42.688,23.875,14.5,0.0541,-0.1292,-0.9887,0.0528
1781857651295,131979,-0.12573,0.41187,1.08423,1.16662,48.188,45.0,23.25,0.0701,-0.1521,-0.9846,0.0473
1781857651295,131979,-0.12573,0.41187,1.08423,1.16662,48.188,45.0,23.25,0.0701,-0.1521,-0.9846,0.0473
1781857651346,132030,-0.15527,0.39185,0.86987,0.96661,22.75,16.875,8.375,0.0822,-0.1657,-0.9816,0.0463
1781857651349,132033,-0.12305,0.36182,0.88501,0.964,23.375,12.438,8.062,0.083,-0.1678,-0.9812,0.0445
1781857651351,132035,-0.12305,0.36182,0.88501,0.964,23.375,12.438,8.062,0.083,-0.1678,-0.9812,0.0445
1781857651405,132089,-0.19507,0.33569,0.82227,0.90932,15.062,18.375,5.188,0.09,-0.1793,-0.9788,0.0401
1781857651405,132089,-0.19556,0.31689,0.81104,0.89244,13.438,16.312,2.062,0.0908,-0.1798,-0.9786,0.0403
1781857651406,132090,-0.19556,0.31689,0.81104,0.89244,13.438,16.312,2.062,0.0908,-0.1798,-0.9786,0.0403
1781857651460,132144,-0.14575,0.27124,0.80542,0.86227,10.75,22.875,2.188,0.0968,-0.1839,-0.9773,0.0382
1781857651460,132144,-0.15601,0.271,0.7937,0.85308,10.875,26.125,3.25,0.0979,-0.1843,-0.9771,0.0384
1781857651462,132146,-0.15601,0.271,0.7937,0.85308,10.875,26.125,3.25,0.0979,-0.1843,-0.9771,0.0384
1781857651521,132205,-0.15356,0.33252,0.81738,0.89569,10.125,14.75,-3.812,0.1082,-0.189,-0.9752,0.036
1781857651521,132205,-0.1416,0.32959,0.84033,0.91369,12.0,15.938,-2.75,0.1089,-0.1894,-0.975,0.0359
1781857651521,132205,-0.1416,0.32959,0.84033,0.91369,12.0,15.938,-2.75,0.1089,-0.1894,-0.975,0.0359
1781857651585,132269,-0.29639,0.38672,0.90527,1.02806,2.312,14.25,4.312,0.1176,-0.195,-0.973,0.0339
1781857651586,132270,-0.30298,0.39136,0.89893,1.02617,-4.125,10.25,5.125,0.1181,-0.1949,-0.973,0.0342
1781857651586,132270,-0.23511,0.37451,0.93799,1.03699,-25.75,-13.062,-1.375,0.1182,-0.1907,-0.9738,0.033
1781857651661,132345,-0.23511,0.37451,0.93799,1.03699,-25.75,-13.062,-1.375,0.1182,-0.1907,-0.9738,0.033
1781857651662,132346,-0.20361,0.35425,1.04907,1.12583,-41.938,-30.5,9.5,0.1162,-0.1878,-0.9747,0.033
1781857651664,132348,-0.17139,0.38159,1.36353,1.42625,-266.875,-176.0,64.062,0.0601,-0.122,-0.9893,0.0509
1781857651702,132386,-0.13477,0.33984,1.33545,1.38459,-296.562,-188.562,63.25,0.0466,-0.1046,-0.992,0.0504
1781857651702,132386,-0.10913,0.30957,1.30469,1.34534,-314.75,-195.812,61.25,0.0374,-0.092,-0.9935,0.0527
1781857651703,132387,0.27246,-0.15186,1.28003,1.31749,-412.438,-238.75,89.125,-0.0658,0.0554,-0.9938,0.0685
1781857651761,132445,0.27246,-0.15186,1.28003,1.31749,-412.438,-238.75,89.125,-0.0658,0.0554,-0.9938,0.0685
1781857651762,132446,0.26074,-0.18408,1.30078,1.33937,-434.938,-239.062,101.812,-0.0823,0.0824,-0.9906,0.0703
1781857651762,132446,0.19507,-0.30347,0.7771,0.85675,-226.188,-63.188,26.5,-0.1603,0.2484,-0.9508,0.0913
1781857651822,132506,0.21265,-0.36401,0.85645,0.95458,-190.938,-52.0,19.688,-0.1652,0.26,-0.9465,0.0944
1781857651822,132506,0.21436,-0.40845,0.92993,1.03805,-180.562,-53.75,17.812,-0.1678,0.2672,-0.9441,0.0944
1781857651822,132506,0.29492,-0.48828,0.82764,1.00518,-323.375,-100.125,20.812,-0.2066,0.3497,-0.9082,0.1
1781857651881,132565,0.29492,-0.48828,0.82764,1.00518,-323.375,-100.125,20.812,-0.2066,0.3497,-0.9082,0.1
1781857651883,132567,0.30884,-0.50659,0.62085,0.85876,-289.375,-65.75,16.125,-0.2193,0.3776,-0.8935,0.1035
1781857651884,132568,0.35083,-0.73877,0.41797,0.91846,-59.625,-7.5,-7.562,-0.2333,0.429,-0.8662,0.1046
1781857651941,132625,0.34717,-0.75366,0.47632,0.95677,-67.688,-21.875,-4.938,-0.2343,0.4313,-0.8649,0.104
1781857651941,132625,0.34595,-0.74487,0.54126,0.9836,-88.188,-42.438,-0.625,-0.2421,0.4326,-0.8608,0.114
1781857651956,132640,0.36328,-0.73657,0.51978,0.97195,-35.25,-4.625,-0.562,-0.2661,0.4542,-0.8411,0.1235
1781857652005,132689,0.37622,-0.7168,0.50122,0.95214,-27.188,2.938,-0.188,-0.2662,0.4552,-0.8405,0.1232
1781857652006,132690,0.3728,-0.7085,0.48438,0.93572,-19.062,8.625,-0.25,-0.2713,0.4533,-0.8386,0.132
1781857652006,132690,0.23218,-0.61841,0.29126,0.72192,-74.312,-36.188,4.312,-0.2897,0.4662,-0.8224,0.1487
1781857652060,132744,0.23218,-0.61841,0.29126,0.72192,-74.312,-36.188,4.312,-0.2897,0.4662,-0.8224,0.1487
1781857652061,132745,0.22681,-0.60913,0.25879,0.69961,-66.5,-33.375,5.062,-0.2954,0.4676,-0.8186,0.1544
1781857652061,132745,0.22217,-0.63354,0.18628,0.69673,-9.0,-7.375,4.562,-0.3107,0.4728,-0.8067,0.1696
1781857652120,132804,0.22803,-0.64771,0.18359,0.71079,-6.875,-8.0,4.688,-0.3109,0.4732,-0.8064,0.1699
1781857652120,132804,0.2373,-0.66309,0.18628,0.72849,-3.625,-10.812,5.688,-0.3156,0.4707,-0.8044,0.1774
1781857652121,132805,0.25732,-0.71411,0.26392,0.80363,-10.125,-47.375,-3.312,-0.3313,0.4652,-0.7969,0.1961
1781857652197,132881,0.2688,-0.72656,0.25708,0.81623,-12.312,-50.438,-5.312,-0.3333,0.4651,-0.796,0.1967
1781857652197,132881,0.29175,-0.73975,0.23779,0.82999,-7.75,-51.625,-8.125,-0.3408,0.4629,-0.7926,0.2025
1781857652198,132882,0.38965,-0.82031,0.35742,0.97596,10.812,-43.875,-6.312,-0.3632,0.4509,-0.7849,0.22
1781857652245,132929,0.39478,-0.81836,0.34302,0.9712,13.312,-39.5,-5.375,-0.3646,0.45,-0.7846,0.2208
1781857652245,132929,0.39551,-0.81934,0.32007,0.96446,16.938,-35.25,-5.125,-0.3677,0.4474,-0.7834,0.225
1781857652246,132930,0.39844,-0.78809,0.14722,0.89527,77.438,-12.812,-1.25,-0.3781,0.4266,-0.784,0.2451
1781857652300,132984,0.40576,-0.77686,0.15454,0.88996,85.625,-8.875,0.562,-0.3776,0.4237,-0.7853,0.2467
1781857652300,132984,0.41089,-0.76196,0.16528,0.88133,103.125,-0.938,3.5,-0.3784,0.415,-0.787,0.2547
1781857652305,132989,0.42627,-0.65039,0.44824,0.89757,221.562,49.375,5.312,-0.3628,0.3577,-0.8079,0.2956
1781857652361,133045,0.42139,-0.62061,0.48682,0.89426,239.062,60.375,3.5,-0.3578,0.3502,-0.8124,0.2985
1781857652361,133045,0.40332,-0.57153,0.54053,0.88402,269.562,80.125,-0.875,-0.354,0.3327,-0.8152,0.3149
1781857652421,133105,0.5376,-0.50073,0.90161,1.16303,460.125,197.125,-48.0,-0.2658,0.206,-0.8662,0.3693
1781857652421,133105,0.59424,-0.51392,0.9646,1.24406,453.25,196.75,-40.625,-0.2517,0.1915,-0.8729,0.371
1781857652421,133105,0.62622,-0.4978,1.03564,1.30863,429.375,193.438,-15.375,-0.2277,0.1581,-0.8748,0.397
1781857652495,133179,0.32397,-0.14648,1.05786,1.11601,288.688,173.875,104.25,-0.1206,0.0744,-0.8774,0.4581
1781857652502,133186,0.29736,-0.1145,1.06665,1.11323,294.25,175.688,109.812,-0.1079,0.0672,-0.877,0.4631
1781857652502,133186,-0.18213,0.30273,1.31226,1.35898,230.375,136.5,87.938,0.0312,-0.0086,-0.8511,0.5238
1781857652546,133230,-0.16553,0.27905,1.31836,1.3577,203.312,123.0,73.125,0.0454,-0.0162,-0.848,0.5276
1781857652546,133230,-0.15088,0.2417,1.31372,1.34426,173.188,111.812,64.688,0.0578,-0.0227,-0.8482,0.5258
1781857652547,133231,-0.10913,0.16357,1.073,1.09087,64.125,79.312,64.375,0.1028,-0.0401,-0.8447,0.5234
1781857652605,133289,-0.10913,0.16235,1.04175,1.05996,58.188,77.125,64.188,0.1068,-0.0408,-0.8428,0.5256
1781857652605,133289,-0.10742,0.16724,1.01587,1.03513,53.125,74.125,64.188,0.1106,-0.0414,-0.841,0.5278
1781857652607,133291,-0.12744,0.25269,0.98682,1.0266,25.562,36.188,67.25,0.1328,-0.0535,-0.8489,0.5086
1781857652662,133346,-0.15552,0.26025,0.99243,1.03771,27.25,42.562,66.312,0.1365,-0.0545,-0.8453,0.5133
1781857652670,133354,-0.16309,0.26929,0.99536,1.04396,26.312,44.938,64.812,0.1376,-0.0573,-0.8527,0.5005
1781857652670,133354,-0.09448,0.14819,0.97485,0.99057,-27.188,25.0,50.938,0.1473,-0.057,-0.8539,0.4956
1781857652722,133406,-0.09863,0.14868,0.96167,0.97808,-32.25,24.375,55.25,0.1473,-0.0557,-0.8527,0.4979
1781857652723,133407,-0.12891,0.18701,0.92114,0.94873,-42.688,22.75,63.688,0.1463,-0.054,-0.8568,0.4912
1781857652723,133407,-0.12891,0.18701,0.92114,0.94873,-42.688,22.75,63.688,0.1463,-0.054,-0.8568,0.4912
1781857652781,133465,-0.25879,0.20532,0.94214,0.99838,-53.938,-2.062,47.562,0.139,-0.0427,-0.8594,0.4898
1781857652781,133465,-0.24121,0.18799,0.96143,1.00889,-55.375,-4.125,42.5,0.1376,-0.041,-0.8587,0.4918
1781857652782,133466,-0.15845,0.05347,0.83008,0.84675,-41.375,21.438,46.812,0.1272,-0.0234,-0.8665,0.4819
1781857652841,133525,-0.16992,0.05786,0.83838,0.85738,-40.938,17.375,48.75,0.1268,-0.02,-0.8644,0.486
1781857652841,133525,-0.18433,0.06519,0.85498,0.87705,-44.125,12.812,50.438,0.1261,-0.0184,-0.8664,0.4826
1781857652841,133525,-0.26196,0.08691,0.91235,0.95319,-110.812,-56.188,42.375,0.1079,-0.003,-0.8681,0.4844
1781857652914,133598,-0.25269,0.09375,0.89941,0.93893,-124.375,-71.188,39.688,0.098,0.0027,-0.867,0.4884
1781857652915,133599,-0.24951,0.08813,0.89966,0.93777,-126.125,-73.938,39.188,0.0953,0.0042,-0.8666,0.4895
1781857652915,133599,-0.24951,0.08813,0.89966,0.93777,-126.125,-73.938,39.188,0.0953,0.0042,-0.8666,0.4895
1781857652962,133646,-0.12183,-0.01733,0.88501,0.89352,-128.75,-103.688,9.562,0.0393,0.0298,-0.8771,0.4775
1781857652962,133646,-0.09204,-0.03857,0.88989,0.89547,-135.812,-111.125,10.25,0.0325,0.0326,-0.8769,0.4782
1781857652962,133646,-0.09204,-0.03857,0.88989,0.89547,-135.812,-111.125,10.25,0.0325,0.0326,-0.8769,0.4782
1781857653024,133708,-0.00513,-0.09399,0.89551,0.90044,-211.938,-207.062,10.625,-0.0738,0.0723,-0.8765,0.47
1781857653024,133708,0.02515,-0.11401,0.93677,0.94402,-204.688,-208.062,7.375,-0.0857,0.0759,-0.8749,0.4703
1781857653030,133714,0.27686,-0.39209,1.19165,1.28468,-42.438,-63.0,-9.312,-0.1691,0.0878,-0.8642,0.4654
1781857653080,133764,0.28174,-0.37158,1.12305,1.21601,-22.688,-34.688,-3.875,-0.1737,0.0881,-0.8635,0.4649
1781857653081,133765,0.2793,-0.36206,1.0769,1.16996,-2.312,-14.688,-1.875,-0.1764,0.0856,-0.8568,0.4768
1781857653081,133765,0.2793,-0.36206,1.0769,1.16996,-2.312,-14.688,-1.875,-0.1764,0.0856,-0.8568,0.4768
1781857653155,133839,0.34546,-0.31201,1.18115,1.26957,84.562,57.5,-0.062,-0.1583,0.0673,-0.8469,0.5029
1781857653155,133839,0.33716,-0.27856,1.18213,1.26044,92.375,62.875,-1.375,-0.1541,0.0653,-0.8475,0.5034
1781857653156,133840,0.33716,-0.27856,1.18213,1.26044,92.375,62.875,-1.375,-0.1541,0.0653,-0.8475,0.5034
1781857653212,133896,0.19019,-0.13306,1.11084,1.13483,92.125,57.938,-12.188,-0.103,0.0302,-0.8305,0.5464
1781857653213,133897,0.16333,-0.11938,1.10059,1.11903,82.375,52.125,-6.5,-0.099,0.0283,-0.831,0.5465
1781857653213,133897,0.16333,-0.11938,1.10059,1.11903,82.375,52.125,-6.5,-0.099,0.0283,-0.831,0.5465
1781857653263,133947,0.16333,-0.11938,1.10059,1.11903,82.375,52.125,-6.5,-0.099,0.0283,-0.831,0.5465
1781857653263,133947,0.125,-0.02661,1.052,1.05974,32.125,33.688,-3.375,-0.0734,0.017,-0.8157,0.5733
1781857653263,133947,0.125,-0.02661,1.052,1.05974,32.125,33.688,-3.375,-0.0734,0.017,-0.8157,0.5733
1781857653324,134008,0.13525,-0.05396,0.85181,0.86416,-11.625,31.125,19.312,-0.0541,0.0208,-0.8098,0.5836
1781857653325,134009,0.12866,-0.04761,0.84595,0.857,-13.562,29.25,20.188,-0.0538,0.0214,-0.8096,0.5839
1781857653325,134009,0.15503,-0.10693,0.78149,0.80387,5.875,55.875,23.625,-0.0458,0.0336,-0.8049,0.5905
1781857653394,134078,0.15405,-0.1145,0.75903,0.78293,15.75,66.938,29.438,-0.0422,0.0355,-0.8031,0.5931
1781857653395,134079,0.14893,-0.10718,0.74634,0.76856,23.312,73.75,33.562,-0.0391,0.0366,-0.8024,0.5941
1781857653395,134079,0.14893,-0.10718,0.74634,0.76856,23.312,73.75,33.562,-0.0391,0.0366,-0.8024,0.5941
1781857653440,134124,0.04395,-0.06128,0.8103,0.8138,16.125,50.375,32.75,-0.0028,0.0441,-0.7864,0.616
1781857653440,134124,0.05786,-0.06299,0.80566,0.81019,10.312,44.188,32.312,-0.0009,0.0449,-0.7855,0.617
1781857653441,134125,0.01367,-0.03589,0.76465,0.76561,4.625,16.812,44.25,0.0091,0.051,-0.7785,0.6254
1781857653509,134193,0.01367,-0.03589,0.76465,0.76561,4.625,16.812,44.25,0.0091,0.051,-0.7785,0.6254
1781857653510,134194,-0.00879,-0.01733,0.77173,0.77197,3.188,8.0,43.75,0.0103,0.0513,-0.7767,0.6275
1781857653510,134194,0.10107,-0.00439,0.87207,0.87792,11.0,-32.812,36.375,0.0067,0.0461,-0.7691,0.6373
1781857653566,134250,0.1145,0.00342,0.91357,0.92073,15.438,-34.375,40.875,0.0055,0.044,-0.765,0.6423
1781857653620,134304,0.11499,0.01562,0.9397,0.94684,17.5,-34.625,45.125,0.0049,0.0424,-0.7639,0.6437
1781857653637,134321,0.11499,0.01562,0.9397,0.94684,17.5,-34.625,45.125,0.0049,0.0424,-0.7639,0.6437
1781857653637,134321,0.10693,0.06616,1.06641,1.07379,0.812,-54.875,40.938,-0.0067,0.0231,-0.7351,0.6773
1781857653688,134372,0.13062,0.0686,1.06055,1.07076,-0.188,-57.375,42.188,-0.0086,0.0213,-0.7339,0.6787
1781857653688,134372,0.13892,0.10083,1.33765,1.34862,44.125,-55.75,66.438,-0.0207,-0.0059,-0.7121,0.7015
1781857653690,134374,-0.02856,0.09302,1.48804,1.49122,28.062,-4.0,54.312,-0.0167,-0.0277,-0.6838,0.7288
1781857653743,134427,-0.02856,0.09302,1.48804,1.49122,28.062,-4.0,54.312,-0.0167,-0.0277,-0.6838,0.7288
1781857653747,134431,-0.03516,0.06812,1.43872,1.44076,13.938,5.938,46.125,-0.0151,-0.0285,-0.6747,0.7373
1781857653747,134431,0.08008,-0.02344,0.98706,0.99058,-33.812,15.938,32.562,-0.016,-0.0182,-0.6571,0.7532
1781857653862,134546,0.08081,-0.00391,0.9248,0.92834,-32.812,13.125,36.312,-0.0175,-0.0152,-0.6564,0.7539
1781857653863,134547,0.07764,0.01147,0.90894,0.91232,-30.062,12.188,38.0,-0.0181,-0.0139,-0.6552,0.7549
1781857653863,134547,-0.04297,0.1062,0.88989,0.89724,-27.062,-4.0,39.188,-0.0234,-0.0069,-0.6476,0.7614
1781857653864,134548,-0.04932,0.10156,0.89258,0.89969,-30.0,-6.188,38.188,-0.0245,-0.0062,-0.6463,0.7625
1781857653925,134609,-0.05493,0.09937,0.8894,0.89662,-34.812,-10.125,33.625,-0.0263,-0.0052,-0.6418,0.7662
1781857653926,134610,0.04395,0.00195,0.85034,0.85148,-34.438,-10.625,2.875,-0.0419,0.0009,-0.6368,0.7698
1781857653926,134610,0.04395,0.00195,0.85034,0.85148,-34.438,-10.625,2.875,-0.0419,0.0009,-0.6368,0.7698
1781857653983,134667,0.02222,-0.09839,0.79224,0.79863,-20.875,23.875,-23.625,-0.0524,0.0149,-0.6283,0.7759
1781857653984,134668,0.00854,-0.10425,0.78101,0.78798,-15.312,26.375,-24.75,-0.0523,0.0162,-0.6292,0.7752
1781857653989,134673,-0.06665,-0.10864,0.85449,0.86395,18.312,27.562,-48.938,-0.0448,0.0227,-0.6307,0.7743
1781857654046,134730,-0.05688,-0.09106,0.86646,0.87308,20.375,27.125,-52.438,-0.0434,0.0229,-0.6325,0.7729
1781857654048,134732,-0.04541,-0.04346,0.91333,0.91549,23.438,27.062,-62.375,-0.0407,0.023,-0.6306,0.7745
1781857654051,134735,0.00562,-0.17188,0.8501,0.86732,-32.125,73.875,-156.688,-0.0291,0.0324,-0.6523,0.7565
1781857654100,134784,0.00781,-0.21362,0.77466,0.80361,-48.125,82.375,-159.438,-0.0283,0.0379,-0.66,0.7496
1781857654101,134785,0.00366,-0.23413,0.74878,0.78454,-51.375,86.438,-159.812,-0.0281,0.0419,-0.6599,0.7495
1781857654102,134786,-0.02881,-0.29297,0.99048,1.0333,-101.75,78.375,-116.938,-0.0265,0.0822,-0.7034,0.7053
1781857654172,134856,-0.03442,-0.3147,0.96997,1.02032,-109.5,80.438,-116.25,-0.0278,0.0878,-0.7066,0.7014
1781857654172,134856,-0.05176,-0.33447,0.91846,0.97883,-110.125,85.125,-119.312,-0.0299,0.0965,-0.7105,0.6962
1781857654173,134857,-0.16577,-0.23413,1.03979,1.07864,56.0,55.812,-127.625,-0.0234,0.1247,-0.7451,0.6546
1781857654230,134914,-0.19385,-0.21973,1.10034,1.13869,75.438,57.375,-126.625,-0.0203,0.1239,-0.749,0.6503
1781857654237,134921,-0.18433,-0.19434,1.1875,1.21733,90.938,63.875,-125.75,-0.0165,0.1227,-0.7531,0.646
1781857654237,134921,-0.18433,-0.19434,1.1875,1.21733,90.938,63.875,-125.75,-0.0165,0.1227,-0.7531,0.646
1781857654341,135025,-0.18433,-0.19434,1.1875,1.21733,90.938,63.875,-125.75,-0.0165,0.1227,-0.7531,0.646
1781857654342,135026,-0.38062,-0.16602,1.24316,1.31068,84.625,68.5,-60.375,0.0348,0.1142,-0.7669,0.6303
1781857654342,135026,-0.38062,-0.16602,1.24316,1.31068,84.625,68.5,-60.375,0.0348,0.1142,-0.7669,0.6303
1781857654342,135026,-0.28687,0.11353,1.08643,1.12938,17.25,14.375,55.25,0.0613,0.1008,-0.7709,0.6257
1781857654408,135092,-0.32959,0.10352,1.10596,1.15866,16.5,14.625,59.75,0.0648,0.0999,-0.7677,0.6294
1781857654409,135093,-0.28027,0.0105,0.95264,0.99307,17.062,-36.5,-36.062,0.0668,0.0924,-0.7774,0.6184
1781857654409,135093,-0.25195,0.04028,0.96094,0.99424,-20.312,-46.25,10.438,0.0509,0.0739,-0.8006,0.5922
1781857654460,135144,-0.25269,0.03149,0.93188,0.96605,-24.75,-42.688,11.188,0.0489,0.0736,-0.8004,0.5928
1781857654460,135144,-0.26245,0.01636,0.8811,0.91951,-28.312,-36.438,11.5,0.047,0.073,-0.8075,0.5832
1781857654461,135145,-0.23071,0.00098,0.67822,0.71639,-29.75,-41.75,0.188,0.0332,0.0747,-0.8156,0.5726
1781857654520,135204,-0.2251,-0.00781,0.6665,0.70353,-27.875,-48.0,1.5,0.031,0.0746,-0.8155,0.5729
1781857654520,135204,-0.18408,-0.01514,0.64478,0.67071,-24.812,-54.125,6.0,0.0285,0.0742,-0.8154,0.5733
1781857654521,135205,-0.05444,-0.00366,0.6416,0.64392,-14.688,-75.312,2.062,0.0009,0.0643,-0.8217,0.566
1781857654580,135264,-0.05273,0.00171,0.64233,0.6445,-14.25,-75.625,0.812,-0.002,0.063,-0.8217,0.5662
1781857654580,135264,-0.04858,0.0105,0.64209,0.64401,-13.625,-76.312,-0.125,-0.005,0.0616,-0.8216,0.5665
1781857654583,135267,0.1687,0.05542,0.77002,0.79023,15.812,-86.0,-18.75,-0.0397,0.0396,-0.8145,0.5773
1781857654646,135330,0.18433,0.05273,0.84082,0.8624,21.375,-76.875,-9.688,-0.0432,0.0354,-0.8148,0.5768
1781857654647,135331,0.17505,0.073,0.90137,0.9211,23.25,-61.688,9.0,-0.0474,0.0296,-0.8043,0.5914
1781857654647,135331,0.06177,0.13989,1.09741,1.10802,27.062,-8.625,91.688,-0.0498,0.0152,-0.7703,0.6354
1781857654700,135384,0.07104,0.1355,1.14966,1.15979,24.438,-9.0,99.625,-0.0493,0.0142,-0.7676,0.6387
1781857654702,135386,0.08447,0.13037,1.18481,1.19496,20.75,-12.625,106.875,-0.0489,0.0133,-0.7647,0.6422
1781857654703,135387,0.08398,0.1355,1.15625,1.16719,6.25,-25.812,120.312,-0.0552,0.0056,-0.7269,0.6843
1781857654763,135447,0.07251,0.13354,1.13574,1.14586,7.938,-23.438,111.938,-0.0557,0.0048,-0.7235,0.6879
1781857654763,135447,0.06519,0.14453,1.11694,1.12814,9.688,-21.812,101.875,-0.056,0.004,-0.7203,0.6912
1781857654763,135447,0.21387,0.11035,1.06372,1.0906,36.75,-51.25,59.312,-0.0584,-0.0122,-0.7026,0.7089
1781857654820,135504,0.23315,0.10547,1.06641,1.09668,38.5,-55.062,62.625,-0.0589,-0.0149,-0.7006,0.7108
1781857654820,135504,0.24658,0.11084,1.07324,1.10677,41.188,-58.0,66.5,-0.0595,-0.0178,-0.6984,0.7128
1781857654821,135505,0.14941,0.01562,1.14478,1.15459,53.938,2.562,121.438,-0.0557,-0.0411,-0.6702,0.7388
1781857654888,135572,0.15576,0.00952,1.14111,1.15173,53.062,11.25,127.938,-0.054,-0.0421,-0.6661,0.7426
1781857654888,135572,0.15918,-0.00342,1.13647,1.14757,52.125,18.812,133.625,-0.0521,-0.0427,-0.6618,0.7465
1781857654889,135573,0.18311,-0.09229,1.22827,1.24527,7.938,25.5,103.938,-0.0349,-0.0391,-0.6285,0.7759
1781857654941,135625,0.17188,-0.08203,1.20215,1.21714,-0.938,24.562,91.938,-0.0341,-0.0378,-0.6237,0.7799
1781857654942,135626,0.16919,-0.07178,1.18384,1.19802,-4.25,24.5,84.625,-0.0338,-0.0368,-0.6209,0.7822
1781857654942,135626,0.16919,-0.07178,1.18384,1.19802,-4.25,24.5,84.625,-0.0338,-0.0368,-0.6209,0.7822
1781857655121,135805,0.22852,-0.11133,1.00928,1.04079,3.062,11.0,49.438,-0.0306,-0.0277,-0.6187,0.7844
1781857655124,135808,0.24341,-0.12109,0.99927,1.03559,1.25,4.188,49.75,-0.0305,-0.0275,-0.6171,0.7857
1781857655124,135808,0.18457,-0.13477,0.8103,0.84191,-19.5,1.562,92.812,-0.0408,-0.0236,-0.6051,0.7946
1781857655124,135808,0.16113,-0.11963,0.79004,0.81513,-18.188,4.25,94.062,-0.0415,-0.0228,-0.6019,0.797
1781857655180,135864,0.13379,-0.10718,0.77563,0.79435,-17.5,7.0,94.438,-0.042,-0.022,-0.5987,0.7994
1781857655182,135866,0.06885,-0.04028,0.6499,0.65478,-9.75,-12.062,46.062,-0.0469,-0.0142,-0.5888,0.8066
1781857655182,135866,0.06885,-0.04028,0.6499,0.65478,-9.75,-12.062,46.062,-0.0469,-0.0142,-0.5888,0.8066
1781857655245,135929,-0.03125,0.01538,0.86377,0.86447,69.5,-18.188,12.375,-0.0531,-0.0515,-0.5587,0.8259
1781857655245,135929,-0.05005,0.00537,0.91382,0.9152,70.75,-16.812,8.062,-0.0499,-0.0548,-0.5579,0.8264
1781857655245,135929,0.11743,-0.04565,1.05396,1.06146,51.25,-41.438,-36.562,-0.034,-0.0762,-0.5553,0.8273
1781857655300,135984,0.15063,-0.04248,1.05029,1.06189,47.125,-43.625,-38.375,-0.0326,-0.0803,-0.5545,0.8275
1781857655300,135984,0.16211,-0.04565,1.05176,1.06516,46.188,-42.875,-37.938,-0.0319,-0.083,-0.5556,0.8265
1781857655360,136044,0.16992,0.08179,1.03638,1.05339,58.875,-25.562,-52.375,-0.018,-0.1063,-0.561,0.8206
1781857655360,136044,0.16992,0.08179,1.03638,1.05339,58.875,-25.562,-52.375,-0.018,-0.1063,-0.561,0.8206
1781857655361,136045,0.21387,0.10083,1.03906,1.06563,55.062,-32.438,-58.312,-0.0146,-0.1111,-0.5621,0.8193
1781857655423,136107,0.21387,0.10083,1.03906,1.06563,55.062,-32.438,-58.312,-0.0146,-0.1111,-0.5621,0.8193
1781857655424,136108,0.31592,0.13403,1.46436,1.50403,44.75,13.375,-27.312,-0.0027,-0.1347,-0.5789,0.804
1781857655424,136108,0.31592,0.13403,1.46436,1.50403,44.75,13.375,-27.312,-0.0027,-0.1347,-0.5789,0.804
1781857655480,136164,0.20679,0.24023,1.21118,1.25197,3.312,-12.188,-49.812,0.0134,-0.1372,-0.6041,0.7848
1781857655481,136165,0.21509,0.23267,1.21411,1.25478,2.5,-15.188,-53.0,0.0134,-0.1376,-0.6058,0.7833
1781857655481,136165,0.21606,0.32251,1.25635,1.31495,-3.938,-27.688,-58.75,0.0096,-0.1433,-0.6282,0.7645
1781857655545,136229,0.21606,0.32251,1.25635,1.31495,-3.938,-27.688,-58.75,0.0096,-0.1433,-0.6282,0.7645
1781857655545,136229,0.22388,0.28052,1.21094,1.263,-6.312,-26.688,-66.875,0.0079,-0.1447,-0.6365,0.7573
1781857655549,136233,0.08789,0.17847,0.86987,0.89233,-35.5,-35.125,-51.375,-0.0054,-0.1488,-0.6633,0.7332
1781857655601,136285,0.0542,0.17993,0.8147,0.83609,-38.188,-34.562,-51.312,-0.0083,-0.1487,-0.6672,0.7297
1781857655602,136286,0.03418,0.17896,0.7793,0.80031,-39.812,-34.938,-52.188,-0.0101,-0.1486,-0.6691,0.7279
1781857655602,136286,0.05396,0.302,0.62939,0.70018,-73.875,-66.0,-94.25,-0.0351,-0.1473,-0.6915,0.7061
1781857655664,136348,0.07886,0.31177,0.60767,0.68751,-70.75,-68.375,-102.875,-0.0388,-0.1473,-0.6962,0.7013
1781857655668,136352,0.10913,0.3125,0.59106,0.67744,-65.625,-70.062,-112.562,-0.0421,-0.1477,-0.6998,0.6974
1781857655668,136352,0.42505,0.21143,0.40991,0.62721,-95.375,-115.562,-151.875,-0.0811,-0.1567,-0.7401,0.6487
1781857655722,136406,0.44873,0.23242,0.39746,0.64293,-102.688,-121.0,-147.688,-0.0852,-0.1582,-0.7382,0.65
1781857655723,136407,0.46411,0.26196,0.38257,0.65604,-110.312,-126.5,-141.938,-0.0913,-0.1589,-0.7424,0.6442
1781857655727,136411,0.52197,0.45508,0.36206,0.78143,-77.688,-134.75,-91.562,-0.1539,-0.1667,-0.7676,0.5992
1781857655783,136467,0.52197,0.45508,0.36206,0.78143,-77.688,-134.75,-91.562,-0.1539,-0.1667,-0.7676,0.5992
1781857655784,136468,0.54834,0.46851,0.33203,0.79399,-52.875,-129.625,-95.125,-0.163,-0.1724,-0.7666,0.5964
1781857655784,136468,0.73071,0.56396,0.59839,1.10003,38.375,-145.062,-53.312,-0.1959,-0.2185,-0.7611,0.5783
1781857655839,136523,0.73071,0.56396,0.59839,1.10003,38.375,-145.062,-53.312,-0.1959,-0.2185,-0.7611,0.5783
1781857655840,136524,0.78076,0.55444,0.65552,1.16047,53.5,-128.688,-46.125,-0.1972,-0.233,-0.7496,0.587
1781857655843,136527,0.73096,0.69287,0.8186,1.29788,156.0,6.75,58.0,-0.1812,-0.2868,-0.7132,0.6132
1781857655900,136584,0.73096,0.69287,0.8186,1.29788,156.0,6.75,58.0,-0.1812,-0.2868,-0.7132,0.6132
1781857655901,136585,0.66211,0.71558,0.86816,1.30543,182.938,39.688,73.312,-0.1649,-0.2995,-0.6947,0.6326
1781857655901,136585,0.69019,0.84473,1.07812,1.53371,205.812,21.438,47.562,-0.0938,-0.3465,-0.6356,0.6832
1781857655960,136644,0.68652,0.81323,1.10034,1.53082,209.938,18.562,44.125,-0.0806,-0.3547,-0.6216,0.6936
1781857655960,136644,0.68457,0.78857,1.11157,1.52515,212.625,17.25,42.125,-0.0744,-0.3597,-0.6171,0.6956
1781857655961,136645,0.6106,0.54077,1.20557,1.45556,211.5,36.75,38.125,-0.0134,-0.399,-0.5686,0.7191
1781857656021,136705,0.60962,0.47998,1.23315,1.45694,205.25,38.875,34.938,-0.0067,-0.4026,-0.564,0.7208
1781857656021,136705,0.6272,0.4104,1.27051,1.47513,189.938,40.625,29.125,0.0041,-0.4074,-0.5552,0.7249
1781857656021,136705,0.79517,0.17725,1.19531,1.44654,34.312,78.688,61.812,0.0422,-0.4142,-0.5208,0.7451
1781857656088,136772,0.79517,0.17725,1.19531,1.44654,34.312,78.688,61.812,0.0422,-0.4142,-0.5208,0.7451
1781857656088,136772,0.77246,0.19067,1.10498,1.36163,22.375,92.375,72.688,0.0416,-0.41,-0.5215,0.747
1781857656088,136772,0.7019,0.21948,0.86426,1.13481,-18.188,95.938,95.125,0.0383,-0.38,-0.5117,0.7695
1781857656146,136830,0.70166,0.22461,0.84814,1.12344,-21.312,92.438,96.25,0.038,-0.3766,-0.5086,0.7731
1781857656147,136831,0.71094,0.2168,0.83521,1.11803,-24.625,88.625,97.625,0.0311,-0.372,-0.5169,0.7702
1781857656148,136832,0.60156,0.18726,0.79419,1.01375,-37.625,87.312,118.188,0.0111,-0.3394,-0.5108,0.7897
1781857656209,136893,0.60156,0.18726,0.79419,1.01375,-37.625,87.312,118.188,0.0111,-0.3394,-0.5108,0.7897
1781857656209,136893,0.58569,0.19116,0.78979,1.00168,-40.312,84.875,119.312,0.0098,-0.3356,-0.5072,0.7935
1781857656209,136893,0.56738,0.20996,0.78247,0.98907,-34.312,99.125,112.125,-0.018,-0.2915,-0.5064,0.8112
1781857656260,136944,0.56812,0.20654,0.7854,0.99109,-34.0,103.375,111.562,-0.0184,-0.2871,-0.503,0.8148
1781857656322,137006,0.5603,0.20532,0.75928,0.96571,-33.875,109.562,111.75,-0.0213,-0.28,-0.505,0.816
1781857656323,137007,0.4397,0.23975,0.69653,0.85789,-19.938,102.75,121.062,-0.0243,-0.2365,-0.4865,0.8406
1781857656323,137007,0.4436,0.24316,0.72119,0.88093,-22.625,92.625,117.438,-0.0243,-0.2326,-0.4825,0.8439
1781857656323,137007,0.43506,0.25366,0.74878,0.90238,-25.0,73.938,108.125,-0.0263,-0.2254,-0.4804,0.8471
1781857656381,137065,0.3501,0.12183,0.87036,0.94601,-21.375,58.125,74.0,-0.031,-0.2018,-0.4565,0.8659
1781857656381,137065,0.34058,0.10181,0.88623,0.95486,-22.062,62.312,73.062,-0.0313,-0.199,-0.4541,0.8677
1781857656381,137065,0.35938,0.03345,0.77075,0.85107,-30.812,80.75,70.562,-0.0317,-0.1567,-0.4265,0.8901
1781857656439,137123,0.34595,0.04517,0.78149,0.85583,-30.375,75.812,72.375,-0.032,-0.1531,-0.424,0.8919
1781857656500,137184,0.31787,0.05469,0.82886,0.8894,-31.75,65.875,73.188,-0.0329,-0.148,-0.422,0.8937
1781857656500,137184,0.26587,0.05615,1.00586,1.04192,-42.25,58.25,26.938,-0.0396,-0.124,-0.4018,0.9063
1781857656500,137184,0.27466,0.05347,1.00391,1.04217,-42.125,62.875,22.938,-0.0403,-0.1209,-0.4012,0.9069
1781857656501,137185,0.27319,0.05908,0.99561,1.0341,-41.938,66.312,22.312,-0.0411,-0.1143,-0.397,0.9096
1781857656560,137244,0.10962,0.12378,0.84473,0.86076,-34.938,34.062,45.125,-0.0477,-0.0906,-0.375,0.9212
1781857656560,137244,0.10278,0.12598,0.85889,0.87414,-32.938,31.25,44.188,-0.0482,-0.0897,-0.3742,0.9216
1781857656561,137245,0.18555,0.06909,1.24243,1.25811,-31.688,24.438,18.375,-0.0534,-0.0797,-0.3408,0.9351
1781857656623,137307,0.17212,0.07593,1.21118,1.2257,-33.625,31.0,19.875,-0.0543,-0.078,-0.3402,0.9354
1781857656626,137310,0.1604,0.07959,1.18262,1.1961,-34.125,37.5,21.188,-0.0548,-0.0762,-0.3344,0.9376
1781857656626,137310,0.28296,0.09521,1.13745,1.17598,-34.562,9.562,9.375,-0.0616,-0.061,-0.3176,0.9441
1781857656681,137365,0.28296,0.09521,1.13745,1.17598,-34.562,9.562,9.375,-0.0616,-0.061,-0.3176,0.9441
1781857656682,137366,0.3064,0.08643,1.13525,1.17905,-34.875,5.062,6.875,-0.0629,-0.0603,-0.3175,0.9442
1781857656682,137366,0.44141,-0.05005,1.0603,1.1496,-43.75,22.562,49.062,-0.0783,-0.0574,-0.2738,0.9567
1781857656739,137423,0.41895,-0.0564,1.02441,1.10821,-42.625,29.75,53.312,-0.0799,-0.0557,-0.2719,0.9573
1781857656741,137425,0.39185,-0.06128,0.99512,1.07124,-41.312,35.812,56.188,-0.0814,-0.0537,-0.2698,0.9578
1781857656741,137425,0.39185,-0.06128,0.99512,1.07124,-41.312,35.812,56.188,-0.0814,-0.0537,-0.2698,0.9578
1781857656860,137544,0.48975,-0.22095,0.85034,1.00586,-55.062,-1.812,36.25,-0.0979,-0.034,-0.2446,0.9639
1781857656867,137551,0.5293,-0.23218,0.86011,1.03627,-59.438,-12.438,39.0,-0.1006,-0.0338,-0.2431,0.9641
1781857656867,137551,0.49805,-0.13892,0.7373,0.90054,-79.125,-37.125,92.562,-0.1358,-0.0446,-0.1903,0.9712
1781857656922,137606,0.49805,-0.13892,0.7373,0.90054,-79.125,-37.125,92.562,-0.1358,-0.0446,-0.1903,0.9712
1781857656922,137606,0.47241,-0.11157,0.73242,0.87867,-71.125,-30.625,98.25,-0.1392,-0.0449,-0.1862,0.9714
1781857656922,137606,-0.15259,-0.12354,1.00708,1.02604,-14.25,13.5,45.125,-0.1434,-0.0105,-0.1093,0.9835
1781857656979,137663,-0.14331,-0.12036,0.96655,0.9845,-21.438,3.375,39.062,-0.1453,-0.0086,-0.1051,0.9837
1781857656980,137664,-0.13037,-0.12012,0.95142,0.96779,-20.375,-3.688,37.125,-0.1466,-0.0076,-0.1055,0.9834
1781857656981,137665,-0.17822,-0.19971,0.98828,1.02389,-19.188,11.438,33.0,-0.1532,-0.006,-0.0936,0.9837
1781857657040,137724,-0.18994,-0.22217,0.96143,1.00488,-17.312,19.312,30.375,-0.1539,-0.0049,-0.0924,0.9837
1781857657040,137724,-0.19727,-0.24243,0.92773,0.97897,-15.438,26.375,27.125,-0.1544,-0.0035,-0.0914,0.9837
1781857657041,137725,-0.19727,-0.24243,0.92773,0.97897,-15.438,26.375,27.125,-0.1544,-0.0035,-0.0914,0.9837
1781857657104,137788,-0.19409,-0.40137,0.75244,0.87461,4.375,26.75,16.875,-0.1572,0.0122,-0.0855,0.9837
1781857657104,137788,-0.19775,-0.4021,0.73633,0.86196,9.812,28.125,14.375,-0.1568,0.0136,-0.085,0.9838
1781857657104,137788,-0.19775,-0.4021,0.73633,0.86196,9.812,28.125,14.375,-0.1568,0.0136,-0.085,0.9838
1781857657163,137847,-0.05884,-0.302,1.00977,1.0556,28.75,-25.0,11.062,-0.1431,0.0169,-0.0768,0.9865
1781857657164,137848,-0.08276,-0.3103,1.03198,1.0808,22.25,-24.188,12.5,-0.1421,0.0159,-0.0762,0.9867
1781857657164,137848,-0.07642,-0.24512,0.93652,0.97108,44.875,0.125,-19.438,-0.1346,0.0143,-0.0783,0.9876
1781857657222,137906,-0.14844,-0.27588,0.89282,0.94619,49.438,0.375,-20.688,-0.1317,0.0137,-0.0777,0.988
1781857657223,137907,-0.16675,-0.28198,0.89136,0.94965,50.5,9.125,-21.688,-0.1295,0.0139,-0.0787,0.9882
1781857657223,137907,-0.16675,-0.28198,0.89136,0.94965,50.5,9.125,-21.688,-0.1295,0.0139,-0.0787,0.9882
1781857657344,138028,-0.10156,-0.27588,1.14038,1.17766,-7.688,-94.312,-34.938,-0.0942,0.0177,-0.0996,0.9903
1781857657346,138030,-0.00269,-0.22192,1.20166,1.22198,-13.812,-104.125,-25.938,-0.0947,0.0153,-0.0999,0.9902
1781857657348,138032,0.13257,-0.25513,1.02173,1.06141,-51.562,59.625,28.812,-0.1058,0.013,-0.0771,0.9912
1781857657357,138041,0.08179,-0.23706,1.0332,1.0632,-50.188,66.625,18.062,-0.1079,0.0158,-0.0736,0.9912
1781857657400,138084,0.03662,-0.23145,1.02856,1.05492,-44.938,67.188,8.875,-0.1096,0.0188,-0.0734,0.991
1781857657400,138084,-0.01758,-0.29102,0.72266,0.77925,5.062,-17.562,-19.938,-0.1098,0.0322,-0.0933,0.989
1781857657401,138085,-0.01758,-0.29102,0.72266,0.77925,5.062,-17.562,-19.938,-0.1098,0.0322,-0.0933,0.989
1781857657459,138143,-0.15479,-0.40186,0.94775,1.041,23.562,76.875,25.062,-0.1,0.0429,-0.1024,0.9887
1781857657460,138144,-0.20728,-0.427,0.84009,0.9649,17.375,67.0,52.75,-0.099,0.0461,-0.1007,0.9888
1781857657460,138144,-0.20801,-0.39722,0.77173,0.89253,-22.625,104.625,108.625,-0.0938,0.0834,-0.0861,0.9882
1781857657520,138204,-0.20801,-0.39722,0.77173,0.89253,-22.625,104.625,108.625,-0.0938,0.0834,-0.0861,0.9882
1781857657520,138204,-0.19824,-0.39526,0.79321,0.90814,-29.438,113.0,123.5,-0.093,0.093,-0.0959,0.9866
1781857657522,138206,-0.19824,-0.39526,0.79321,0.90814,-29.438,113.0,123.5,-0.093,0.093,-0.0959,0.9866
1781857657584,138268,-0.13184,-0.36426,0.67383,0.77724,-69.25,92.438,130.688,-0.0941,0.1622,-0.0911,0.9779
1781857657585,138269,-0.10645,-0.43311,0.83838,0.94963,-72.812,97.625,121.5,-0.096,0.1669,-0.0858,0.9774
1781857657585,138269,0.05347,-0.3374,1.0708,1.12397,-22.375,-158.688,130.5,-0.0999,0.1668,-0.0535,0.9794
1781857657640,138324,0.05347,-0.3374,1.0708,1.12397,-22.375,-158.688,130.5,-0.0999,0.1668,-0.0535,0.9794
1781857657640,138324,0.00879,-0.38794,0.89429,0.97485,-29.312,-193.188,139.625,-0.1024,0.155,-0.0341,0.9819
1781857657641,138325,0.00879,-0.38794,0.89429,0.97485,-29.312,-193.188,139.625,-0.1024,0.155,-0.0341,0.9819
1781857657704,138388,0.07568,-0.32422,1.25391,1.29735,-173.25,-49.562,100.5,-0.1539,0.0734,0.1202,0.9779
1781857657704,138388,0.10498,-0.32129,1.27734,1.32131,-183.062,-32.188,104.375,-0.161,0.0715,0.1253,0.9763
1781857657704,138388,0.021,-0.26636,1.1228,1.15415,65.062,-33.562,-24.875,-0.1804,0.0725,0.0852,0.9771
1781857657763,138447,0.02051,-0.25049,1.13892,1.16632,76.875,-18.188,-40.5,-0.1773,0.0715,0.0836,0.9779
1781857657764,138448,0.02734,-0.24805,1.16846,1.19481,81.5,0.0,-49.625,-0.1722,0.0755,0.0573,0.9804
1781857657764,138448,-0.14038,-0.27686,1.11304,1.15551,-8.312,62.438,-78.625,-0.1788,0.1054,-0.0082,0.9781
1781857657820,138504,-0.14038,-0.27686,1.11304,1.15551,-8.312,62.438,-78.625,-0.1788,0.1054,-0.0082,0.9781
1781857657820,138504,-0.16626,-0.22827,1.11353,1.14878,14.062,58.75,-106.375,-0.1766,0.1116,-0.0349,0.9772
1781857657820,138504,-0.31958,-0.28711,0.79199,0.90101,133.812,114.062,-296.375,-0.1533,0.1343,-0.1683,0.9643
1781857657881,138565,-0.31958,-0.28711,0.79199,0.90101,133.812,114.062,-296.375,-0.1533,0.1343,-0.1683,0.9643
1781857657882,138566,-0.26953,-0.24805,0.70483,0.79433,151.062,102.812,-326.375,-0.14,0.1386,-0.2097,0.9576
1781857657884,138568,-0.28882,-0.12012,0.75635,0.81848,143.438,58.25,-349.562,-0.0962,0.1324,-0.327,0.9306
1781857657948,138632,-0.28491,-0.1167,0.78613,0.84427,138.438,55.188,-356.688,-0.0918,0.1312,-0.3421,0.9258
1781857657950,138634,-0.28247,-0.13037,0.84253,0.89813,131.75,47.188,-369.312,-0.086,0.1291,-0.3634,0.9185
1781857657950,138634,-0.20776,-0.02246,0.91309,0.93669,150.938,11.0,-377.75,-0.0537,0.0991,-0.5048,0.8557
1781857658001,138685,-0.20776,-0.02246,0.91309,0.93669,150.938,11.0,-377.75,-0.0537,0.0991,-0.5048,0.8557
1781857658001,138685,-0.07202,-0.01099,0.99927,1.00192,181.375,2.688,-309.312,-0.038,0.09,-0.5662,0.8183
1781857658002,138686,0.04297,-0.18262,1.07349,1.08976,61.75,-81.438,12.0,-0.0133,0.0346,-0.6611,0.7493
1781857658059,138743,0.08618,-0.19263,1.09766,1.11776,42.75,-80.562,23.875,-0.0142,0.0306,-0.6604,0.75
1781857658059,138743,0.06787,-0.14062,1.15479,1.16529,9.938,-90.188,27.75,-0.0167,0.0245,-0.6844,0.7283
1781857658061,138745,-0.05322,-0.06299,0.9751,0.97858,-127.375,-181.0,-175.438,-0.0774,-0.0023,-0.7476,0.6594
1781857658129,138813,-0.09814,-0.0459,0.94653,0.95271,-140.562,-164.188,-203.062,-0.0866,-0.0032,-0.7526,0.6526
1781857658130,138814,-0.06494,-0.05762,0.90967,0.9138,-150.562,-127.0,-245.312,-0.0994,0.0,-0.7833,0.6134
1781857658130,138814,0.30542,-0.10205,1.27515,1.31518,-63.0,17.188,-394.25,-0.1417,0.0227,-0.8939,0.4244
1781857658184,138868,0.30542,-0.10205,1.27515,1.31518,-63.0,17.188,-394.25,-0.1417,0.0227,-0.8939,0.4244
1781857658185,138869,0.37598,-0.04272,1.43237,1.48151,-19.375,26.875,-402.0,-0.1409,0.0263,-0.9213,0.361
1781857658185,138869,0.11084,0.06641,1.26929,1.27585,3.75,41.5,-351.562,-0.1243,0.0033,-0.982,0.1414
1781857658240,138924,0.10132,0.09375,1.23193,1.23964,-12.375,36.0,-330.688,-0.1227,0.0021,-0.9841,0.1272
1781857658240,138924,0.08179,0.12451,1.19336,1.20262,-25.625,26.062,-307.375,-0.1212,0.0057,-0.9893,0.0793
1781857658299,138983,0.20532,0.03857,0.84399,0.86947,-176.875,-38.375,-38.375,0.1273,-0.0461,0.9887,0.0638
1781857658299,138983,0.2146,0.00122,0.86353,0.88979,-190.5,-44.938,-22.25,0.1287,-0.054,0.9879,0.0659
1781857658300,138984,0.11011,-0.01172,0.84888,0.85607,-206.312,-54.25,-3.125,0.1289,-0.071,0.9841,0.0986
1781857658360,139044,0.27954,-0.16162,1.00854,1.05897,-109.25,-84.938,23.312,0.1419,-0.1453,0.967,0.1533
1781857658362,139046,0.43018,-0.22559,1.01611,1.12624,-84.375,-44.0,7.75,0.1407,-0.1585,0.9603,0.1811
1781857658362,139046,0.34131,-0.30957,0.83008,0.9494,-68.812,-54.312,-204.562,0.1499,-0.1865,0.9288,0.2824
1781857658419,139103,0.31934,-0.28931,0.80957,0.9171,-75.312,-50.688,-217.875,0.1527,-0.1887,0.9253,0.291
1781857658420,139104,0.29883,-0.26294,0.80493,0.89797,-81.062,-46.0,-228.938,0.1553,-0.191,0.9215,0.3001
1781857658423,139107,0.23877,-0.30322,0.6416,0.74874,-104.688,5.125,-355.812,0.1651,-0.2352,0.8156,0.502
1781857658483,139167,0.32495,-0.27563,0.65308,0.77979,-83.562,14.812,-366.0,0.1665,-0.2355,0.8068,0.5155
1781857658484,139168,0.29614,-0.25977,0.61719,0.73219,-41.562,49.0,-361.438,0.1611,-0.2377,0.7722,0.5666
1781857658485,139169,0.4043,-0.18945,0.79663,0.91322,-79.938,92.062,-316.375,0.134,-0.2092,0.6487,0.7191
1781857658543,139227,0.375,-0.19824,0.8252,0.92783,-91.75,68.312,-311.125,0.1319,-0.2076,0.6386,0.729
1781857658544,139228,0.32397,-0.14185,0.85059,0.92118,-107.25,21.688,-302.0,0.1221,-0.2111,0.5947,0.7659
1781857658544,139228,0.48682,-0.00098,0.84204,0.97264,-49.688,-3.062,-226.25,0.1122,-0.2213,0.4722,0.8457
1781857658599,139283,0.5105,0.04272,0.83032,0.97564,-47.062,-1.938,-207.562,0.1126,-0.2213,0.464,0.8502
1781857658600,139284,0.51733,0.07617,0.83008,0.98105,-44.812,-0.938,-191.375,0.1129,-0.2213,0.4564,0.8543
1781857658600,139284,0.41235,0.13892,1.14893,1.22856,-26.0,68.625,-38.562,0.0894,-0.2164,0.3616,0.9023
1781857658664,139348,0.41235,0.13892,1.14893,1.22856,-26.0,68.625,-38.562,0.0894,-0.2164,0.3616,0.9023
1781857658664,139348,0.2395,-0.0249,1.50879,1.52788,-1.062,67.562,-23.438,0.088,-0.2133,0.3608,0.9035
1781857658664,139348,0.26904,0.25854,0.79321,0.87659,131.25,9.625,-71.312,0.1015,-0.2122,0.3047,0.9228
1781857658721,139405,0.2605,0.24414,0.74292,0.82425,158.875,17.812,-91.062,0.1113,-0.2077,0.3018,0.9237
1781857658721,139405,0.26904,0.22363,0.77783,0.85289,167.25,10.25,-104.625,0.1186,-0.2044,0.2993,0.9243
1781857658721,139405,0.13354,0.36157,1.01343,1.08425,35.625,36.688,-371.375,0.1718,-0.1929,0.1812,0.9488
1781857658780,139464,0.11792,0.38989,0.99976,1.07955,27.938,61.375,-404.438,0.1759,-0.1874,0.1657,0.952
1781857658781,139465,0.10596,0.375,1.00439,1.07734,24.75,81.0,-434.125,0.1798,-0.1807,0.1489,0.9553
1781857658781,139465,0.11743,0.42603,0.73413,0.85688,71.75,-73.938,-419.188,0.2194,-0.1366,-0.0705,0.9633
1781857658863,139547,0.12646,0.43823,0.69043,0.82749,78.062,-97.312,-399.438,0.2247,-0.1368,-0.0876,0.9607
1781857658864,139548,0.16455,0.43506,0.60815,0.76564,81.188,-126.5,-363.938,0.2322,-0.139,-0.1118,0.956
1781857658865,139549,0.16455,0.43506,0.60815,0.76564,81.188,-126.5,-363.938,0.2322,-0.139,-0.1118,0.956
1781857658900,139584,0.37012,0.53442,0.82227,1.0482,101.812,-153.938,6.438,0.2774,-0.1823,-0.1923,0.9233
1781857658900,139584,0.15625,0.55273,0.69849,0.90433,71.812,-145.438,48.312,0.2791,-0.1892,-0.1919,0.9215
1781857658901,139585,-0.01074,0.46851,0.52881,0.70658,-59.062,6.438,-152.938,0.2611,-0.1981,-0.2159,0.9196
1781857658959,139643,-0.00171,0.46484,0.61401,0.77013,-56.5,3.5,-211.125,0.2598,-0.1923,-0.2317,0.9174
1781857658959,139643,0.06714,0.48828,0.68115,0.84077,-42.875,6.438,-275.75,0.2582,-0.1876,-0.2616,0.9107
1781857658960,139644,0.16187,0.50537,0.79346,0.95455,-139.875,-57.562,-453.25,0.2564,-0.1542,-0.3984,0.8668
1781857659020,139704,0.16187,0.50537,0.79346,0.95455,-139.875,-57.562,-453.25,0.2564,-0.1542,-0.3984,0.8668
1781857659020,139704,0.30493,0.51343,0.79028,0.99052,-187.625,-84.125,-453.0,0.2493,-0.1465,-0.4264,0.8569
1781857659020,139704,0.30493,0.51343,0.79028,0.99052,-187.625,-84.125,-453.0,0.2493,-0.1465,-0.4264,0.8569
1781857659079,139763,0.01099,0.21509,0.79004,0.81887,-143.438,-114.938,-463.688,0.1694,-0.1192,-0.6312,0.7473
1781857659079,139763,0.05542,0.18945,0.80249,0.82641,-142.812,-111.25,-465.0,0.164,-0.1154,-0.6475,0.735
1781857659082,139766,-0.15723,0.32031,0.92334,0.98989,-37.875,-7.125,-272.688,0.1264,-0.0766,-0.7773,0.6113
1781857659140,139824,-0.14673,0.34692,0.98218,1.05193,-28.75,2.312,-241.5,0.1265,-0.0742,-0.7839,0.6031
1781857659140,139824,-0.14478,0.37988,1.01709,1.09533,-22.562,6.25,-207.625,0.1268,-0.0722,-0.7895,0.596
1781857659140,139824,-0.14478,0.37988,1.01709,1.09533,-22.562,6.25,-207.625,0.1268,-0.0722,-0.7895,0.596
1781857659201,139885,-0.14478,0.37988,1.01709,1.09533,-22.562,6.25,-207.625,0.1268,-0.0722,-0.7895,0.596
1781857659201,139885,-0.04077,0.06689,1.07349,1.07634,-106.625,-83.188,102.875,0.1049,-0.0673,-0.7882,0.6024
1781857659204,139888,-0.04077,0.06689,1.07349,1.07634,-106.625,-83.188,102.875,0.1049,-0.0673,-0.7882,0.6024
1781857659262,139946,-0.26831,0.14941,1.00024,1.04633,-144.5,133.875,-177.062,0.0766,0.015,-0.7899,0.608
1781857659266,139950,-0.25049,0.19189,1.0769,1.12218,-133.312,136.875,-206.875,0.0775,0.0237,-0.7946,0.6016
1781857659266,139950,-0.25049,0.19189,1.0769,1.12218,-133.312,136.875,-206.875,0.0775,0.0237,-0.7946,0.6016
1781857659320,140004,-0.41211,0.1123,1.22632,1.29858,30.938,228.938,-300.938,0.1281,0.092,-0.8402,0.5186
1781857659320,140004,-0.46777,0.13574,1.17334,1.27042,47.25,240.875,-285.312,0.1406,0.0999,-0.8479,0.501
1781857659320,140004,-0.46777,0.13574,1.17334,1.27042,47.25,240.875,-285.312,0.1406,0.0999,-0.8479,0.501
1781857659386,140070,-0.39673,-0.07349,1.06909,1.14269,76.188,69.75,-101.938,0.2142,0.1134,-0.8585,0.4517
1781857659386,140070,-0.50757,-0.14697,1.00415,1.1347,71.25,66.0,-109.062,0.2175,0.1131,-0.8603,0.4467
1781857659386,140070,-0.53467,0.00488,0.76562,0.93385,33.75,114.188,-327.188,0.2551,0.1352,-0.8831,0.3695
1781857659440,140124,-0.53467,0.00488,0.76562,0.93385,33.75,114.188,-327.188,0.2551,0.1352,-0.8831,0.3695
1781857659440,140124,-0.5061,-0.01733,0.7312,0.88944,26.938,109.562,-360.375,0.2583,0.1433,-0.8878,0.3525
1781857659440,140124,-0.5061,-0.01733,0.7312,0.88944,26.938,109.562,-360.375,0.2583,0.1433,-0.8878,0.3525
1781857659499,140183,-0.50488,-0.23682,0.9563,1.10702,91.562,62.438,-480.625,0.2687,0.1909,-0.9291,0.167
1781857659500,140184,-0.53589,-0.23462,0.99146,1.15118,84.875,46.438,-489.0,0.2664,0.1951,-0.9358,0.1225
1781857659505,140189,-0.53589,-0.23462,0.99146,1.15118,84.875,46.438,-489.0,0.2664,0.1951,-0.9358,0.1225
1781857659561,140245,-0.32422,-0.37549,0.80273,0.94366,171.0,58.188,-479.188,-0.2446,-0.2047,0.9404,0.1164
1781857659565,140249,-0.25635,-0.32129,0.83521,0.93086,180.688,48.562,-482.375,-0.2414,-0.2022,0.9389,0.1381
1781857659565,140249,0.09473,-0.23804,0.83032,0.86895,102.562,-12.25,-385.062,-0.1983,-0.1804,0.9093,0.3179
1781857659619,140303,0.09473,-0.23804,0.83032,0.86895,102.562,-12.25,-385.062,-0.1983,-0.1804,0.9093,0.3179
1781857659620,140304,0.0249,-0.25391,0.80054,0.84021,76.688,-3.938,-349.0,-0.1925,-0.1793,0.9013,0.3438
1781857659620,140304,0.39014,-0.18359,0.51196,0.66934,42.562,-133.0,5.062,-0.153,-0.1804,0.8789,0.4138
1781857659687,140371,0.39014,-0.18359,0.51196,0.66934,42.562,-133.0,5.062,-0.153,-0.1804,0.8789,0.4138
1781857659688,140372,0.41992,-0.23096,0.52856,0.71348,16.688,-168.688,47.375,-0.1411,-0.1833,0.8813,0.4118
1781857659688,140372,-0.08911,-0.19312,0.53784,0.57837,-166.375,-228.625,-92.188,-0.0695,-0.2687,0.8812,0.3823
1781857659740,140424,-0.08911,-0.19312,0.53784,0.57837,-166.375,-228.625,-92.188,-0.0695,-0.2687,0.8812,0.3823
1781857659740,140424,-0.07715,-0.24585,0.59155,0.64524,-129.812,-173.0,-167.562,-0.0568,-0.2864,0.8738,0.3886
1781857659740,140424,-0.07715,-0.24585,0.59155,0.64524,-129.812,-173.0,-167.562,-0.0568,-0.2864,0.8738,0.3886
1781857659802,140486,0.29053,-0.21094,0.65967,0.75104,-167.25,-73.062,-193.375,0.0005,-0.3799,0.7985,0.4667
1781857659803,140487,0.23242,-0.21362,0.68188,0.75141,-109.25,-6.562,-147.875,0.0015,-0.3845,0.7932,0.4719
1781857659803,140487,0.67432,-0.302,0.79102,1.08241,-33.25,-121.875,-76.125,0.0232,-0.4045,0.7765,0.4824
1781857659862,140546,0.67432,-0.302,0.79102,1.08241,-33.25,-121.875,-76.125,0.0232,-0.4045,0.7765,0.4824
1781857659865,140549,0.60522,-0.44751,0.81934,1.1126,-38.875,-128.0,-109.125,0.0352,-0.4117,0.7727,0.4816
1781857659866,140550,0.54443,-0.33569,0.72314,0.96542,8.875,-72.875,-392.812,0.1074,-0.433,0.7091,0.5458
1781857659919,140603,0.54443,-0.33569,0.72314,0.96542,8.875,-72.875,-392.812,0.1074,-0.433,0.7091,0.5458
1781857659920,140604,0.55371,-0.27051,0.729,0.95458,3.875,-56.125,-440.188,0.1253,-0.4317,0.6859,0.5721
1781857659920,140604,0.54492,-0.02637,0.93652,1.08384,-30.062,61.0,-487.562,0.1983,-0.4052,0.5574,0.6968
1781857659981,140665,0.50513,-0.0376,0.91064,1.04204,-12.812,61.062,-470.375,0.2044,-0.3995,0.5433,0.7093
1781857659982,140666,0.56299,-0.00977,0.87817,1.04319,11.062,70.75,-424.688,0.216,-0.3872,0.5164,0.7324
1781857659982,140666,0.67065,0.30127,0.54419,0.9147,36.812,180.5,-76.938,0.2364,-0.3164,0.4457,0.8032
1781857660041,140725,0.67065,0.30127,0.54419,0.9147,36.812,180.5,-76.938,0.2364,-0.3164,0.4457,0.8032
1781857660041,140725,0.67847,0.33984,0.53589,0.92897,69.938,186.438,-16.0,0.2336,-0.2969,0.4483,0.8099
1781857660041,140725,0.76782,0.03589,1.09741,1.33983,172.75,16.938,-46.25,0.2572,-0.2299,0.463,0.8164
1781857660099,140783,0.78442,0.02783,1.03979,1.30279,165.812,-10.375,-48.875,0.2635,-0.2262,0.4629,0.8154
1781857660099,140783,0.82007,0.00269,0.87549,1.19958,143.125,-43.5,-59.375,0.2764,-0.2212,0.4618,0.8131
1781857660100,140784,0.57349,0.27588,1.23901,1.39289,178.062,-66.125,-150.0,0.3392,-0.1894,0.4457,0.8063
1781857660220,140904,0.54761,0.23877,1.21851,1.35707,167.875,-84.062,-160.5,0.3477,-0.1865,0.4404,0.8062
1781857660220,140904,0.58203,0.11865,1.12378,1.27111,137.75,-113.062,-173.625,0.3608,-0.182,0.4353,0.8043
1781857660220,140904,0.67017,0.14746,0.91919,1.14707,-7.188,-93.75,-189.062,0.4075,-0.1811,0.3611,0.8188
1781857660222,140906,0.69263,0.1499,0.86426,1.11765,-14.312,-90.375,-182.25,0.4098,-0.1814,0.353,0.8211
1781857660279,140963,0.69604,0.15332,0.81763,1.08467,-23.375,-89.25,-173.562,0.4133,-0.1779,0.3529,0.8202
1781857660283,140967,0.60815,0.3125,0.99414,1.20658,-28.75,90.0,-166.875,0.3991,-0.1603,0.3239,0.8425
1781857660283,140967,0.448,0.66992,0.9104,1.21586,-113.938,-73.375,-588.875,0.3817,-0.1035,0.1396,0.9077
1781857660344,141028,0.4043,0.73926,0.90991,1.24012,-95.938,-81.75,-612.438,0.3802,-0.0941,0.1017,0.9143
1781857660344,141028,0.32031,0.78638,0.92017,1.25208,-78.125,-99.812,-632.25,0.3793,-0.0791,0.0545,0.9201
1781857660345,141029,0.11206,0.99976,0.97852,1.40341,-36.688,17.312,-465.25,0.364,-0.015,-0.142,0.9202
1781857660400,141084,0.15576,1.00342,1.01587,1.43635,-21.875,20.938,-428.812,0.3633,-0.0073,-0.1589,0.9179
1781857660400,141084,0.30225,0.70483,1.15479,1.38624,-18.25,19.75,-387.938,0.3625,-0.0005,-0.1743,0.9154
1781857660400,141084,-0.02393,0.70264,0.96484,1.19382,-31.25,18.688,-74.062,0.3414,0.0177,-0.208,0.9163
1781857660463,141147,0.0708,0.59985,1.04907,1.21053,-21.938,24.062,-144.688,0.3394,0.0234,-0.2164,0.915
1781857660464,141148,0.16895,0.51245,1.0813,1.20845,-21.0,4.875,-176.562,0.3375,0.0294,-0.2221,0.9141
1781857660465,141149,-0.72095,0.6416,0.69751,1.19077,21.375,169.25,-118.375,0.331,0.0496,-0.2721,0.902
1781857660520,141204,-0.56372,0.75928,0.71167,1.18354,49.25,249.0,-111.688,0.3352,0.0597,-0.2733,0.8995
1781857660521,141205,0.00317,0.75415,0.79419,1.09521,151.812,251.812,-110.0,0.3488,0.082,-0.27,0.8936
1781857660521,141205,-0.01538,0.34985,0.54736,0.6498,201.0,-17.375,-276.0,0.4227,0.1087,-0.3114,0.8439
1781857660579,141263,-0.01001,0.39087,0.51172,0.644,170.188,-28.938,-283.5,0.4274,0.1104,-0.3228,0.837
1781857660580,141264,-0.01611,0.43799,0.47852,0.6489,150.938,-46.938,-279.312,0.431,0.1117,-0.3343,0.8305
1781857660581,141265,-0.26807,0.53223,0.65845,0.88808,257.125,-237.0,-57.0,0.466,0.0636,-0.4083,0.7822
1781857660644,141328,-0.13623,0.31079,1.42139,1.46133,209.812,-270.125,-41.5,0.468,0.0516,-0.4158,0.7778
1781857660644,141328,-0.48975,0.06348,0.4834,0.69105,55.75,-267.125,-31.875,0.4647,0.0426,-0.4163,0.7802
1781857660644,141328,-0.49634,0.57349,0.66797,1.01065,159.812,-161.125,-245.688,0.4591,0.0131,-0.4828,0.7455
1781857660700,141384,-0.573,0.57642,0.66919,1.0528,154.375,-158.375,-268.0,0.4605,0.01,-0.4944,0.7369
1781857660700,141384,-0.57129,0.70801,0.6543,1.1206,120.75,-144.625,-321.125,0.4624,0.0093,-0.5203,0.7178
1781857660700,141384,-0.75537,0.63403,0.73535,1.23017,77.312,-35.125,-465.812,0.4666,0.0386,-0.6113,0.6378
1781857660760,141444,-0.82275,0.5564,0.7627,1.25228,68.438,-32.375,-479.312,0.4667,0.0455,-0.6251,0.6238
1781857660760,141444,-0.84277,0.46313,0.7522,1.22089,62.125,-33.75,-492.5,0.4664,0.0527,-0.6389,0.6093
1781857660767,141451,-1.18848,-0.18262,0.85229,1.47385,-102.875,-68.812,-449.562,0.4155,0.1465,-0.7626,0.4732
1781857660820,141504,-1.22827,-0.19263,0.83301,1.49655,-113.562,-62.625,-426.938,0.4084,0.1567,-0.7717,0.4613
1781857660820,141504,-1.2522,-0.19141,0.81616,1.5069,-116.25,-55.062,-401.0,0.4014,0.1667,-0.7799,0.4501
1781857660821,141505,-1.2522,-0.19141,0.81616,1.5069,-116.25,-55.062,-401.0,0.4014,0.1667,-0.7799,0.4501
1781857660886,141570,-1.23193,-0.04639,0.64795,1.39271,-97.25,15.875,45.5,0.3616,0.2269,-0.8047,0.4123
1781857660887,141571,-1.17505,-0.02319,0.66113,1.34847,-110.125,24.375,56.312,0.3611,0.2301,-0.8023,0.4156
1781857660887,141571,-0.8479,-0.44629,0.71118,1.19327,-249.0,-18.875,11.0,0.3138,0.2973,-0.7723,0.4652
1781857660940,141624,-0.86035,-0.46411,0.72144,1.21494,-249.875,-3.75,22.75,0.3087,0.3052,-0.7687,0.4693
1781857660941,141625,-0.85645,-0.4834,0.73633,1.22856,-244.688,13.625,33.812,0.3043,0.3132,-0.7648,0.4734
1781857660941,141625,-0.85645,-0.4834,0.73633,1.22856,-244.688,13.625,33.812,0.3043,0.3132,-0.7648,0.4734
1781857660999,141683,-0.58667,-0.57886,0.39673,0.91469,47.75,188.375,-186.25,0.3057,0.3838,-0.7335,0.4699
1781857660999,141683,-0.55273,-0.57642,0.38135,0.88498,56.625,184.75,-196.812,0.3075,0.3861,-0.7348,0.4649
1781857661000,141684,-0.40308,-0.26562,0.19482,0.52056,20.938,22.125,-173.688,0.2932,0.4324,-0.7561,0.3939
1781857661061,141745,-0.38965,-0.28931,0.17383,0.5155,18.375,7.75,-150.688,0.2909,0.434,-0.7589,0.3884
1781857661061,141745,-0.36597,-0.35645,0.16284,0.53619,18.938,-5.062,-115.688,0.2877,0.4356,-0.7626,0.3818
1781857661062,141746,-0.35498,-0.32617,0.21729,0.52878,20.875,27.438,-93.438,0.2622,0.4425,-0.7597,0.3975
1781857661119,141803,-0.33276,-0.33252,0.20679,0.51387,40.812,32.25,-113.438,0.2617,0.4431,-0.7619,0.3929
1781857661119,141803,-0.34424,-0.4165,0.23853,0.59065,61.562,34.062,-134.688,0.2612,0.4433,-0.7648,0.3873
1781857661120,141804,-0.34424,-0.4165,0.23853,0.59065,61.562,34.062,-134.688,0.2612,0.4433,-0.7648,0.3873
1781857661179,141863,-0.54297,-0.38184,0.6167,0.90605,66.062,40.75,-293.375,0.213,0.4525,-0.8022,0.3258
1781857661180,141864,-0.53052,-0.41064,0.59814,0.89881,55.5,45.625,-286.812,0.2097,0.4536,-0.8069,0.3144
1781857661241,141925,-0.43481,-0.60669,0.96606,1.22083,-32.812,-22.125,-146.062,0.1552,0.4746,-0.8271,0.2576
1781857661241,141925,-0.37378,-0.53564,1.0481,1.23496,-14.75,-58.5,-151.75,0.1501,0.4754,-0.8288,0.2534
1781857661242,141926,-0.46436,-0.54492,0.87134,1.12774,2.438,-82.812,-162.688,0.1441,0.4755,-0.8311,0.2494
1781857661299,141983,-0.86011,-0.71655,0.73511,1.33926,59.375,-129.562,-237.0,0.0706,0.4665,-0.8547,0.2156
1781857661299,141983,-0.88379,-0.79565,0.74414,1.40282,56.312,-129.562,-235.438,0.0578,0.4646,-0.8564,0.2171
1781857661300,141984,-0.88379,-0.79565,0.74414,1.40282,56.312,-129.562,-235.438,0.0578,0.4646,-0.8564,0.2171
1781857661359,142043,-0.72412,-1.20337,0.79614,1.6144,-15.188,-79.688,-185.938,-0.0594,0.4335,-0.8837,0.1655
1781857661360,142044,-0.7644,-1.18481,0.76392,1.60364,-30.938,-70.375,-163.438,-0.0651,0.4337,-0.8841,0.1605
1781857661360,142044,-0.7644,-1.18481,0.76392,1.60364,-30.938,-70.375,-163.438,-0.0651,0.4337,-0.8841,0.1605
1781857661420,142104,-1.06592,-0.80884,0.68555,1.50345,-111.312,93.5,-107.625,-0.129,0.4699,-0.8613,0.1432
1781857661420,142104,-0.98901,-0.85498,0.69702,1.48155,-103.062,125.625,-106.75,-0.1271,0.4739,-0.8604,0.1365
1781857661420,142104,-0.4043,-0.92456,0.79468,1.28444,42.75,336.062,6.938,-0.0668,0.4925,-0.8629,0.0897
1781857661479,142163,-0.24487,-0.81885,1.10254,1.39501,53.5,260.812,38.688,-0.0569,0.4902,-0.8644,0.0955
1781857661480,142164,-0.48633,-0.98364,0.77563,1.34375,43.688,210.25,59.875,-0.0471,0.4896,-0.8655,0.0932
1781857661481,142165,-0.26978,-0.927,1.04224,1.42069,47.75,161.125,20.875,0.014,0.4865,-0.8679,0.098
1781857661539,142223,-0.26978,-0.927,1.04224,1.42069,47.75,161.125,20.875,0.014,0.4865,-0.8679,0.098
1781857661539,142223,-0.21631,-0.90576,1.01587,1.37811,44.438,133.625,3.875,0.0194,0.4844,-0.8683,0.1037
1781857661541,142225,0.04175,-1.04614,1.06519,1.49358,-30.188,187.312,12.062,0.0643,0.4867,-0.8669,0.0848
1781857661601,142285,0.04102,-0.98267,1.10083,1.47619,-30.312,195.938,25.812,0.0703,0.4899,-0.8643,0.0888
1781857661601,142285,0.04248,-0.93115,1.13501,1.46871,-31.875,203.312,34.75,0.0782,0.4915,-0.863,0.0859
1781857661601,142285,0.04248,-0.93115,1.13501,1.46871,-31.875,203.312,34.75,0.0782,0.4915,-0.863,0.0859
1781857661659,142343,0.04248,-0.93115,1.13501,1.46871,-31.875,203.312,34.75,0.0782,0.4915,-0.863,0.0859
1781857661659,142343,0.48901,-0.68604,1.36035,1.6001,43.312,132.438,75.438,0.1454,0.4923,-0.8541,0.0827
1781857661660,142344,0.48901,-0.68604,1.36035,1.6001,43.312,132.438,75.438,0.1454,0.4923,-0.8541,0.0827
1781857661720,142404,1.22412,-0.87036,0.44775,1.56732,38.188,89.062,2.25,0.1729,0.4763,-0.8571,0.0918
1781857661720,142404,1.1582,-0.86206,0.4353,1.508,26.125,80.312,-17.188,0.1752,0.4758,-0.8571,0.0892
1781857661721,142405,0.74438,-0.69604,0.66284,1.21571,-4.562,-85.375,-50.938,0.1611,0.4797,-0.8589,0.0767
1781857661780,142464,0.74438,-0.69604,0.66284,1.21571,-4.562,-85.375,-50.938,0.1611,0.4797,-0.8589,0.0767
1781857661780,142464,0.70142,-0.7207,0.68994,1.2196,-13.625,-86.688,-37.0,0.1549,0.4802,-0.8599,0.0759
1781857661780,142464,0.5083,-0.62061,0.62524,1.01708,-40.062,-222.438,-1.125,0.1119,0.4794,-0.866,0.0863
1781857661844,142528,0.51416,-0.68628,0.63403,1.06646,-53.5,-263.312,5.625,0.1021,0.4802,-0.8662,0.0917
1781857661844,142528,0.72852,-0.83594,0.69482,1.30855,-87.625,-364.688,-12.0,0.0847,0.4821,-0.8663,0.0982
1781857661844,142528,0.63647,-0.64795,0.49561,1.03468,-68.312,-107.375,-147.625,-0.0427,0.5081,-0.8536,0.1055
1781857661902,142586,0.65601,-0.67456,0.5,1.06554,-52.312,-96.75,-156.688,-0.0502,0.5093,-0.8529,0.1017
1781857661902,142586,0.67407,-0.66919,0.49707,1.07204,-41.75,-94.625,-166.938,-0.0563,0.5103,-0.8527,0.095
1781857661903,142587,0.56787,-0.74243,0.76294,1.20655,42.75,-194.688,-134.125,-0.1465,0.4915,-0.8557,0.0672
1781857661962,142646,0.53369,-0.93701,0.81201,1.34988,50.312,-192.688,-147.312,-0.1652,0.4851,-0.8562,0.0632
1781857661962,142646,0.53564,-0.97876,0.83252,1.39211,43.625,-189.438,-163.438,-0.1754,0.4817,-0.8563,0.0615
1781857661962,142646,0.3418,-0.95215,0.89478,1.35057,33.875,-95.812,-305.25,-0.26,0.4509,-0.8536,0.0131
1781857662025,142709,0.28882,-0.95508,0.89868,1.34284,38.0,-86.75,-324.688,-0.2692,0.4459,-0.8535,0.0036
1781857662085,142769,0.22217,-0.96118,0.88843,1.3276,42.938,-72.875,-348.312,0.2834,-0.4372,0.8533,0.011
1781857662086,142770,0.03223,-1.23071,0.61963,1.37827,17.438,-37.875,-263.0,0.3666,-0.3728,0.8446,0.1138
1781857662086,142770,0.07666,-1.2251,0.55615,1.34761,11.875,-39.688,-220.75,0.3775,-0.3641,0.8419,0.1262
1781857662086,142770,0.10791,-1.2334,0.54297,1.35194,14.5,-48.562,-206.938,0.3823,-0.3607,0.8402,0.1326
1781857662199,142883,0.06836,-1.05908,0.84058,1.35384,97.812,-177.5,-135.812,0.4421,-0.3258,0.8216,0.1522
1781857662200,142884,0.06421,-1.07397,0.81909,1.3522,111.0,-175.5,-135.625,0.4463,-0.3231,0.8203,0.1522
1781857662201,142885,0.25952,-1.05713,0.7334,1.31253,252.375,-55.625,-175.0,0.5283,-0.2359,0.8051,0.1295
1781857662208,142892,0.35718,-1.05225,0.74707,1.339,281.812,-35.25,-204.938,0.5329,-0.2224,0.8059,0.1295
1781857662320,143004,0.46509,-0.99097,0.82959,1.37351,315.312,-11.25,-245.25,0.5396,-0.1975,0.8081,0.1284
1781857662320,143004,0.21704,-1.05664,0.75732,1.318,-132.0,46.312,-160.812,0.5549,-0.1151,0.8067,0.1666
1781857662320,143004,0.87427,-0.57544,0.89966,1.38017,-148.438,105.938,-311.062,0.5068,-0.0836,0.8089,0.2855
1781857662381,143065,0.94604,-0.51074,0.92114,1.41576,-159.5,87.938,-339.5,0.497,-0.0698,0.8066,0.3118
1781857662440,143124,0.9834,-0.38477,1.16211,1.57023,-171.875,83.625,-347.438,0.4925,-0.0673,0.8034,0.3275
1781857662500,143184,0.55298,1.23853,0.58008,1.4752,-53.25,-194.375,4.75,0.4743,-0.1577,0.672,0.5461
1781857662500,143184,0.55298,1.23853,0.58008,1.4752,-53.25,-194.375,4.75,0.4743,-0.1577,0.672,0.5461
1781857662500,143184,0.26904,1.45068,0.32983,1.51184,-173.75,-233.062,128.312,0.4862,-0.2067,0.6504,0.5455
1781857662560,143244,0.22754,1.39087,0.35815,1.45415,-169.312,-225.312,146.812,0.4873,-0.2193,0.6472,0.5433
1781857662560,143244,0.22339,1.30396,0.40796,1.38442,-160.688,-210.062,171.875,0.4878,-0.2391,0.6424,0.5403
1781857662561,143245,0.3457,1.29468,0.34521,1.38379,-161.625,-118.938,199.688,0.4728,-0.3489,0.6313,0.5058
1781857662619,143303,0.37061,1.33472,0.33936,1.42618,-158.312,-110.438,192.688,0.4697,-0.3591,0.6306,0.5024
1781857662620,143304,0.40137,1.24341,0.32104,1.34545,-152.625,-98.375,175.688,0.4625,-0.3793,0.6279,0.4976
1781857662620,143304,0.40137,1.24341,0.32104,1.34545,-152.625,-98.375,175.688,0.4625,-0.3793,0.6279,0.4976
1781857662684,143368,0.36719,0.89526,0.46851,1.07509,41.688,-62.75,-42.438,0.4494,-0.4251,0.6189,0.4838
1781857662684,143368,0.36426,0.90308,0.427,1.06328,37.375,-36.75,-52.062,0.4539,-0.4229,0.617,0.4839
1781857662684,143368,0.521,0.73267,0.43042,0.99674,44.938,51.75,-121.875,0.4712,-0.3866,0.5972,0.5211
1781857662739,143423,0.55811,0.74658,0.42578,1.02477,52.0,67.0,-133.438,0.4738,-0.3783,0.5958,0.5264
1781857662739,143423,0.54272,0.69849,0.448,0.99153,61.688,81.25,-152.75,0.4743,-0.3669,0.5883,0.5422
1781857662740,143424,0.13916,0.57666,0.88525,1.06563,-53.438,197.188,-240.875,0.4722,-0.3198,0.5592,0.6015
1781857662859,143543,0.56372,0.60986,0.81738,1.16526,-62.312,218.188,-286.625,0.4691,-0.3099,0.5555,0.6124
1781857662860,143544,0.5752,0.63452,0.83325,1.1949,-47.688,192.312,-317.062,0.4671,-0.2994,0.5505,0.6235
1781857662861,143545,0.5127,0.64551,0.66577,1.05962,42.75,325.812,-371.438,0.444,-0.173,0.4785,0.7373
1781857662861,143545,0.49585,0.68213,0.61548,1.04402,67.375,366.75,-369.625,0.4383,-0.1341,0.4688,0.7548
1781857662927,143611,0.49951,0.70923,0.60962,1.06026,87.688,387.938,-371.75,0.4353,-0.1129,0.4643,0.7628
1781857662928,143612,0.59424,0.90723,0.86475,1.38707,156.062,202.438,-79.75,0.4334,0.0498,0.4197,0.7957
1781857662928,143612,0.7395,0.79175,0.80713,1.35099,122.125,122.312,-146.062,0.4481,0.1755,0.4041,0.7777
1781857662986,143670,0.74805,0.80762,0.82568,1.37607,127.812,126.062,-146.5,0.449,0.1845,0.4008,0.7767
1781857663099,143783,0.76904,0.82422,0.86133,1.41868,146.75,137.875,-148.562,0.45,0.206,0.3989,0.7717
1781857663099,143783,0.76904,0.82422,0.86133,1.41868,146.75,137.875,-148.562,0.45,0.206,0.3989,0.7717
1781857663102,143786,0.78198,0.86865,1.0437,1.56696,54.562,93.125,-160.0,0.4468,0.2824,0.3756,0.7611
1781857663102,143786,0.7312,0.89307,1.04736,1.55859,26.188,99.25,-162.938,0.4431,0.2921,0.3702,0.7622
1781857663159,143843,0.7312,0.89307,1.04736,1.55859,26.188,99.25,-162.938,0.4431,0.2921,0.3702,0.7622
1781857663160,143844,0.76831,1.07812,1.13257,1.74223,111.562,226.062,-44.125,0.4157,0.3859,0.371,0.7351
1781857663160,143844,0.76831,1.07812,1.13257,1.74223,111.562,226.062,-44.125,0.4157,0.3859,0.371,0.7351
1781857663220,143904,0.29932,1.17871,0.62964,1.36945,-21.188,-321.438,-33.812,0.3909,0.4316,0.3706,0.7234
1781857663222,143906,0.0332,0.84155,0.86035,1.20396,-37.562,-304.938,-15.625,0.3961,0.4163,0.3621,0.7337
1781857663222,143906,0.0332,0.84155,0.86035,1.20396,-37.562,-304.938,-15.625,0.3961,0.4163,0.3621,0.7337
1781857663281,143965,0.15991,1.00342,0.90552,1.36102,-64.375,-242.188,103.688,0.4202,0.3236,0.3912,0.7518
1781857663281,143965,0.17773,0.98462,0.89624,1.34325,-73.125,-245.625,83.562,0.4232,0.3128,0.3908,0.755
1781857663281,143965,0.03857,1.07178,0.96069,1.43984,-75.125,-247.125,-2.812,0.4289,0.2227,0.3767,0.79
1781857663339,144023,-0.00122,1.04883,0.93994,1.40838,-62.5,-240.812,-1.188,0.4286,0.2169,0.3792,0.7907
1781857663339,144023,-0.13403,1.05786,0.89551,1.39247,-49.062,-229.062,-0.688,0.4305,0.2083,0.3753,0.7938
1781857663340,144024,-0.13403,1.05786,0.89551,1.39247,-49.062,-229.062,-0.688,0.4305,0.2083,0.3753,0.7938
1781857663399,144083,-0.22437,1.01904,0.86914,1.35801,5.938,-229.375,122.875,0.4592,0.1394,0.3688,0.7958
1781857663399,144083,-0.43555,1.10107,0.89917,1.4868,10.75,-236.125,111.562,0.4677,0.1209,0.3695,0.7936
1781857663400,144084,-0.43555,1.10107,0.89917,1.4868,10.75,-236.125,111.562,0.4677,0.1209,0.3695,0.7936
1781857663459,144143,-0.78711,0.89209,0.57422,1.32102,18.312,-205.0,51.688,0.5155,0.0327,0.3507,0.781
1781857663460,144144,-0.85547,0.91675,0.54883,1.36875,15.188,-207.562,44.438,0.5191,0.0254,0.3474,0.7803
1781857663460,144144,-0.85547,0.91675,0.54883,1.36875,15.188,-207.562,44.438,0.5191,0.0254,0.3474,0.7803
1781857663520,144204,-1.04663,0.71655,0.59985,1.40311,-117.312,22.125,-164.125,0.52,0.0079,0.303,0.7983
1781857663523,144207,-0.95386,0.85303,0.62891,1.42584,-131.625,59.0,-186.75,0.5148,0.0124,0.2977,0.8037
1781857663523,144207,-0.95386,0.85303,0.62891,1.42584,-131.625,59.0,-186.75,0.5148,0.0124,0.2977,0.8037
1781857663580,144264,-0.95386,0.85303,0.62891,1.42584,-131.625,59.0,-186.75,0.5148,0.0124,0.2977,0.8037
1781857663580,144264,-0.62305,0.54932,0.56177,1.00276,-4.0,68.25,42.562,0.4923,0.0477,0.2864,0.8204
1781857663580,144264,-0.62305,0.54932,0.56177,1.00276,-4.0,68.25,42.562,0.4923,0.0477,0.2864,0.8204
1781857663645,144329,-0.40137,0.50806,0.62671,0.9011,21.938,149.25,-90.188,0.4663,0.1187,0.3073,0.8209
1781857663646,144330,-0.4834,0.39478,0.84131,1.04753,19.125,145.688,-111.188,0.4641,0.1264,0.3063,0.8213
1781857663646,144330,-0.61206,0.46167,0.61572,0.9833,-34.938,47.625,-295.438,0.4402,0.1901,0.2448,0.8425
1781857663710,144394,-0.61206,0.46167,0.61572,0.9833,-34.938,47.625,-295.438,0.4402,0.1901,0.2448,0.8425
1781857663715,144399,-0.62329,0.48242,0.63232,1.01047,-68.562,53.812,-303.125,0.4295,0.2045,0.226,0.8499
1781857663715,144399,-0.47144,0.75195,0.71069,1.137,-169.625,186.75,-201.875,0.3399,0.2871,0.1656,0.88
1781857663760,144444,-0.47144,0.75195,0.71069,1.137,-169.625,186.75,-201.875,0.3399,0.2871,0.1656,0.88
1781857663761,144445,-0.5127,0.79492,0.75562,1.21067,-177.188,222.688,-176.625,0.3188,0.3059,0.1621,0.8822
1781857663761,144445,-0.55151,0.97461,0.85156,1.40684,-162.25,357.812,-199.125,0.2089,0.4228,0.1598,0.867
1781857663820,144504,-0.4917,1.04004,0.85303,1.43217,-145.188,349.062,-227.5,0.1922,0.4431,0.1544,0.8618
1781857663820,144504,-0.46924,1.0835,0.88672,1.47662,-136.5,334.688,-241.75,0.1805,0.4563,0.1511,0.858
1781857663821,144505,-0.57227,1.02246,0.80884,1.42377,-56.25,157.062,-210.25,0.0893,0.5446,0.1008,0.8276
1781857663940,144624,-0.57227,1.02246,0.80884,1.42377,-56.25,157.062,-210.25,0.0893,0.5446,0.1008,0.8276
1781857663940,144624,-0.53003,0.99609,0.78467,1.37435,-41.312,131.312,-188.375,0.078,0.5528,0.0951,0.824
1781857663941,144625,-0.56006,0.8667,0.85986,1.3432,-62.125,44.562,-14.25,0.039,0.5758,0.0817,0.8124
1781857663941,144625,-0.59619,0.83105,0.99854,1.42939,-84.188,50.25,-1.562,0.0362,0.5769,0.0837,0.8116
1781857664001,144685,-0.48169,0.89746,0.94434,1.38897,-117.688,68.5,21.25,0.0291,0.5793,0.0916,0.8093
1781857664002,144686,-0.71484,0.86353,0.80566,1.3805,-16.188,-77.438,3.938,0.0138,0.5693,0.1187,0.8132
1781857664002,144686,-0.4812,0.89282,0.47827,1.12135,99.438,-83.438,-72.062,0.0177,0.5317,0.0971,0.841
1781857664063,144747,-0.49146,0.85498,0.47339,1.0939,108.938,-79.375,-60.938,0.0221,0.528,0.0902,0.844
1781857664065,144749,-0.48584,0.81274,0.49927,1.07045,113.5,-82.875,-50.312,0.0221,0.5256,0.0911,0.8454
1781857664065,144749,-0.7019,0.71436,0.77612,1.26702,191.0,-111.438,-44.125,0.0729,0.4936,0.0569,0.8646
1781857664119,144803,-0.7019,0.71436,0.77612,1.26702,191.0,-111.438,-44.125,0.0729,0.4936,0.0569,0.8646
1781857664120,144804,-0.63599,0.77197,0.7876,1.27308,197.812,-132.438,-58.875,0.0827,0.4859,0.0499,0.8685
1781857664185,144869,-0.61523,0.68286,0.94629,1.3192,165.75,-115.125,-16.438,0.1405,0.437,0.0048,0.8883
1781857664185,144869,-0.60986,0.66235,0.95972,1.31594,165.125,-105.312,-10.375,0.1466,0.4329,0.0007,0.8894
1781857664186,144870,-0.6416,0.62695,1.02539,1.36241,159.438,-94.125,-1.812,0.1528,0.4281,0.0011,0.8906
1781857664240,144924,-0.68872,0.38184,1.19116,1.42794,125.938,-118.312,29.312,0.1984,0.3941,-0.0133,0.8972
1781857664240,144924,-0.72729,0.34985,1.20361,1.44915,123.562,-122.062,34.0,0.2035,0.3889,-0.0152,0.8983
1781857664241,144925,-1.1062,-0.08984,0.95703,1.46549,8.688,-66.625,-93.375,0.2207,0.3501,-0.03,0.9097
1781857664301,144985,-1.13403,-0.1687,0.91064,1.46416,29.562,-41.062,-104.812,0.2197,0.3494,-0.035,0.91
1781857664301,144985,-1.10986,-0.27271,0.86841,1.43537,65.125,-15.812,-108.25,0.2199,0.3496,-0.0404,0.9097
1781857664301,144985,-0.94287,-0.91919,0.77368,1.52725,331.0,-76.875,-139.312,0.3014,0.3482,-0.1168,0.8798
1781857664359,145043,-0.93628,-0.87231,0.77002,1.49348,325.125,-88.0,-160.5,0.3105,0.3455,-0.1289,0.876
1781857664359,145043,-0.95581,-0.70874,0.80786,1.43824,276.25,-103.125,-208.75,0.3236,0.3417,-0.151,0.8691
1781857664360,145044,-0.68921,-0.54639,0.80396,1.19159,-272.062,-7.375,-348.562,0.2556,0.368,-0.2653,0.8536
1781857664419,145103,-0.68921,-0.54639,0.80396,1.19159,-272.062,-7.375,-348.562,0.2556,0.368,-0.2653,0.8536
1781857664420,145104,-0.66162,-0.51465,0.71802,1.1037,-292.125,1.312,-315.062,0.2249,0.3808,-0.2839,0.8507
1781857664420,145104,-0.42749,-0.41943,0.65381,0.88664,6.125,73.438,11.188,0.1592,0.424,-0.3098,0.8359
1781857664482,145166,-0.44604,-0.41724,0.65869,0.89829,20.438,64.25,8.5,0.1607,0.426,-0.3093,0.8347
1781857664484,145168,-0.44263,-0.55005,0.73608,1.01995,28.625,51.625,-17.562,0.1641,0.429,-0.3121,0.8314
1781857664484,145168,-0.71362,-0.50073,0.60498,1.06113,-44.875,-87.25,-148.062,0.1394,0.4299,-0.3474,0.8214
1781857664539,145223,-0.71362,-0.50073,0.60498,1.06113,-44.875,-87.25,-148.062,0.1394,0.4299,-0.3474,0.8214
1781857664541,145225,-0.80225,-0.51367,0.60498,1.12848,-55.438,-89.062,-145.875,0.1334,0.4285,-0.3522,0.8211
1781857664541,145225,-0.73535,-0.48218,0.69092,1.1183,-112.062,-70.688,-296.0,0.0413,0.4381,-0.4136,0.7968
1781857664599,145283,-0.79785,-0.44458,0.70923,1.15638,-111.5,-81.0,-299.375,0.0305,0.4379,-0.4219,0.7932
1781857664599,145283,-0.84082,-0.40796,0.73096,1.18647,-114.0,-90.562,-301.812,0.0195,0.4373,-0.43,0.7894
1781857664600,145284,-1.05469,-0.27466,0.61646,1.25213,-64.125,-125.312,-262.438,-0.0846,0.4158,-0.4959,0.7575
1781857664659,145343,-1.04297,-0.29541,0.5874,1.23292,-66.625,-118.5,-250.188,-0.0936,0.4124,-0.5024,0.7539
1781857664659,145343,-1.0188,-0.31055,0.58081,1.21315,-73.188,-109.188,-232.25,-0.1024,0.4095,-0.5082,0.7505
1781857664660,145344,-1.25806,0.12817,0.51538,1.36556,62.5,-126.0,9.688,-0.1484,0.3879,-0.5222,0.7446
1781857664722,145406,-1.33545,-0.02637,0.59912,1.46392,75.625,-104.125,-4.875,-0.1481,0.383,-0.5225,0.747
1781857664723,145407,-1.28345,-0.08325,0.60181,1.41998,81.188,-96.875,-27.562,-0.1478,0.3781,-0.5238,0.7487
1781857664723,145407,-1.0647,0.05005,0.67627,1.26231,-27.312,-36.25,-188.938,-0.1735,0.3406,-0.5529,0.7402
1781857664782,145466,-1.07129,0.04346,0.71167,1.28687,-24.25,-38.812,-197.5,-0.1798,0.3377,-0.561,0.734
1781857664783,145467,-1.05957,0.0127,0.76074,1.30445,-18.875,-44.438,-201.688,-0.1839,0.3353,-0.5665,0.7297
1781857664783,145467,-1.14771,0.04053,0.85986,1.43465,-40.125,-146.625,-84.812,-0.2321,0.3001,-0.5885,0.7138
1781857664839,145523,-1.17651,0.03687,0.84741,1.4504,-40.938,-177.375,-97.312,-0.2384,0.2952,-0.5891,0.7133
1781857664839,145523,-1.18774,0.01929,0.86304,1.46831,-42.562,-199.188,-110.438,-0.2454,0.2893,-0.5897,0.7128
1781857664902,145586,-0.91504,-0.05322,1.25073,1.55063,-52.812,-36.5,-259.688,-0.3068,0.2452,-0.6166,0.6821
1781857664904,145588,-0.90088,-0.12524,1.28638,1.57545,-46.875,-27.938,-284.562,-0.3115,0.242,-0.6238,0.6746
1781857664908,145592,-0.86865,-0.1853,1.30493,1.57852,-44.125,-20.375,-307.5,-0.3159,0.2386,-0.6317,0.6663
1781857664908,145592,-0.2356,-0.60303,1.49976,1.63353,19.875,82.188,-13.875,-0.3402,0.2079,-0.69,0.6038
1781857664961,145645,-0.33838,-0.60425,1.48706,1.64042,42.062,99.125,27.812,-0.3358,0.2097,-0.6913,0.6043
1781857664961,145645,-0.3855,-0.65063,1.58105,1.75262,66.5,114.125,54.0,-0.3301,0.2114,-0.6922,0.6057
1781857664964,145648,-0.3855,-0.65063,1.58105,1.75262,66.5,114.125,54.0,-0.3301,0.2114,-0.6922,0.6057
1781857665019,145703,0.58643,-1.54126,2.36279,2.88135,174.062,343.0,-4.125,-0.219,0.2344,-0.7158,0.6201
1781857665019,145703,0.61084,-1.42285,2.36206,2.82435,127.062,339.875,-63.688,-0.2054,0.2385,-0.7217,0.6163
1781857665020,145704,1.58423,-0.58228,2.41138,2.94339,-9.875,367.625,-152.25,-0.1137,0.311,-0.7889,0.5174
1781857665080,145764,1.69678,-0.55078,2.0686,2.73158,9.438,373.312,-125.875,-0.0984,0.321,-0.7963,0.5028
1781857665080,145764,1.77344,-0.57959,1.82568,2.61039,17.438,389.25,-111.312,-0.0872,0.3276,-0.8008,0.4934
1781857665080,145764,1.97021,-0.2417,-0.23389,1.99872,-93.688,345.562,-194.812,0.0005,0.4039,-0.819,0.4071
1781857665142,145826,1.96167,-0.37158,-0.5686,2.07594,-99.75,331.812,-176.375,0.0131,0.4229,-0.8217,0.3816
1781857665143,145827,1.9563,-0.3645,-0.55762,2.06662,-114.438,248.625,-160.375,0.0186,0.4403,-0.82,0.3649
1781857665143,145827,1.9563,-0.3645,-0.55762,2.06662,-114.438,248.625,-160.375,0.0186,0.4403,-0.82,0.3649
1781857665199,145883,1.31519,-0.19824,-0.73901,1.52156,-49.0,-123.875,-12.0,-0.0029,0.4674,-0.8152,0.3417
1781857665199,145883,1.08569,-0.07764,-0.45483,1.17967,-19.875,-132.625,18.688,-0.0079,0.4662,-0.8146,0.3447
1781857665200,145884,1.08569,-0.07764,-0.45483,1.17967,-19.875,-132.625,18.688,-0.0079,0.4662,-0.8146,0.3447
1781857665261,145945,1.03711,-1.27734,-0.11792,1.64958,40.875,-316.875,149.875,-0.0634,0.4321,-0.7984,0.4143
1781857665265,145949,0.98315,-1.4248,0.13306,1.73619,48.688,-366.812,165.625,-0.0722,0.4246,-0.7954,0.4262
1781857665266,145950,0.98315,-1.4248,0.13306,1.73619,48.688,-366.812,165.625,-0.0722,0.4246,-0.7954,0.4262
1781857665381,146065,0.98315,-1.4248,0.13306,1.73619,48.688,-366.812,165.625,-0.0722,0.4246,-0.7954,0.4262
1781857665381,146065,-0.84644,-1.85669,3.06396,3.68125,24.062,-476.875,221.0,-0.1976,0.2994,-0.731,0.5802
1781857665383,146067,-0.84644,-1.85669,3.06396,3.68125,24.062,-476.875,221.0,-0.1976,0.2994,-0.731,0.5802
1781857665383,146067,-0.85303,0.08008,1.29492,1.5527,117.688,-188.562,150.5,-0.2408,0.2166,-0.6652,0.6725
1781857665439,146123,-0.84399,0.25293,1.20239,1.49065,124.875,-186.188,165.438,-0.2405,0.2094,-0.6598,0.6802
1781857665439,146123,-1.30029,2.41406,0.60181,2.80725,325.875,-77.188,104.25,-0.1517,0.1285,-0.5793,0.7903
1781857665440,146124,-1.30029,2.41406,0.60181,2.80725,325.875,-77.188,104.25,-0.1517,0.1285,-0.5793,0.7903
1781857665505,146189,-0.45947,0.86255,-0.01221,0.97737,442.375,-16.562,-225.688,0.0625,0.0075,-0.6032,0.7949
1781857665509,146193,-0.90625,0.75464,-0.10181,1.18369,395.562,-102.75,-218.562,0.0746,-0.0048,-0.611,0.788
1781857665509,146193,-0.15991,0.8999,1.04834,1.39083,197.75,76.062,-262.25,0.1593,-0.0653,-0.6417,0.7472
1781857665619,146303,-0.15991,0.8999,1.04834,1.39083,197.75,76.062,-262.25,0.1593,-0.0653,-0.6417,0.7472
1781857665619,146303,-0.09204,1.21558,1.37598,1.83832,88.438,146.25,-329.188,0.1769,-0.0598,-0.652,0.7347
1781857665620,146304,0.82861,1.15259,2.71558,3.06421,-97.562,334.75,-542.938,0.2362,0.1067,-0.7626,0.5924
1781857665680,146364,0.82861,1.15259,2.71558,3.06421,-97.562,334.75,-542.938,0.2362,0.1067,-0.7626,0.5924
1781857665680,146364,0.98633,0.62622,2.57275,2.82561,-16.062,275.562,-580.625,0.2437,0.1282,-0.7784,0.5639
1781857665683,146367,1.1792,-0.41772,0.71313,1.43999,-3.125,25.75,-234.625,0.2736,0.3007,-0.8626,0.3007
1781857665743,146427,1.05469,-0.40991,0.64648,1.3032,20.312,-45.125,-242.062,0.2692,0.3026,-0.8663,0.2919
1781857665743,146427,0.9375,-0.3208,0.39331,1.06607,59.625,-142.562,-255.938,0.2575,0.3032,-0.873,0.2818
1781857665743,146427,0.53638,-0.40527,0.28149,0.72882,203.688,-163.688,-27.75,0.1885,0.2407,-0.9241,0.2287
1781857665799,146483,0.42432,-0.40015,0.24561,0.63284,220.25,-143.875,-12.938,0.1843,0.2309,-0.9277,0.2278
1781857665799,146483,0.31616,-0.41138,0.18091,0.54947,237.75,-122.438,-1.812,0.1806,0.2213,-0.9301,0.2303
1781857665803,146487,0.27246,0.37671,2.38989,2.43469,332.312,68.75,243.688,0.2106,0.0654,-0.9409,0.2564
1781857665859,146543,0.1709,0.6438,2.51685,2.6035,183.25,103.375,322.938,0.2198,0.0515,-0.9314,0.285
1781857665860,146544,-0.073,0.59082,2.3916,2.46458,119.25,122.562,384.438,0.2268,0.044,-0.926,0.2983
1781857665864,146548,-2.67358,2.11865,2.54443,4.25569,125.125,75.125,230.75,0.2946,-0.0232,-0.8515,0.4327
1781857665919,146603,-2.67358,2.11865,2.54443,4.25569,125.125,75.125,230.75,0.2946,-0.0232,-0.8515,0.4327
1781857665919,146603,-2.75195,2.16821,2.23291,4.15455,124.625,72.375,196.625,0.3002,-0.0289,-0.8463,0.4389
1781857665920,146604,-2.75195,2.16821,2.23291,4.15455,124.625,72.375,196.625,0.3002,-0.0289,-0.8463,0.4389
1781857666039,146723,-1.38062,0.42871,0.11646,1.45033,48.625,51.938,159.5,0.3656,-0.0772,-0.783,0.497
1781857666040,146724,-1.39648,0.26367,-0.15186,1.42925,12.938,19.562,136.438,0.3677,-0.0814,-0.7789,0.5012
1781857666042,146726,-1.09253,-0.4646,-0.61353,1.33637,132.562,51.375,67.0,0.4197,-0.0895,-0.7539,0.4971
1781857666042,146726,-1.09253,-0.4646,-0.61353,1.33637,132.562,51.375,67.0,0.4197,-0.0895,-0.7539,0.4971
1781857666098,146782,-1.05347,-0.42676,-0.60229,1.28634,130.938,49.812,20.25,0.4267,-0.0943,-0.7501,0.496
1781857666100,146784,-0.10425,-1.12036,-0.97314,1.48764,46.062,-56.5,-377.812,0.4604,-0.0787,-0.7817,0.413
1781857666100,146784,-0.30054,-0.41699,-0.21265,0.55626,9.875,100.625,-216.812,0.466,-0.0296,-0.8399,0.2763
1781857666159,146843,-0.30054,-0.41699,-0.21265,0.55626,9.875,100.625,-216.812,0.466,-0.0296,-0.8399,0.2763
1781857666159,146843,-0.33252,-0.36646,-0.3584,0.61099,19.562,124.25,-142.438,0.4779,-0.0184,-0.8387,0.2599
1781857666160,146844,-5.83716,-0.16187,1.33105,5.98918,-106.5,-190.812,-421.875,0.4756,0.0252,-0.8585,0.1896
1781857666222,146906,-6.79248,0.0083,1.56885,6.97131,-154.938,-179.562,-472.25,0.4682,0.0388,-0.8651,0.1754
1781857666222,146906,-7.99365,0.55762,2.20459,8.31081,-204.812,-91.5,-505.25,0.4562,0.0683,-0.8759,0.1403
1781857666222,146906,-3.77417,2.29761,2.5752,5.11419,-130.625,459.562,-511.688,-0.5277,-0.2049,0.8242,0.0083
1781857666278,146962,-3.11499,2.46753,2.36279,4.62327,-122.938,445.812,-529.938,-0.5386,-0.2196,0.8128,0.027
1781857666279,146963,-2.22339,2.55566,1.98291,3.92515,-106.562,411.125,-553.812,-0.5506,-0.2467,0.7958,0.0494
1781857666280,146964,0.5498,2.11304,0.71826,2.2985,-33.062,104.062,-563.625,-0.5474,-0.3745,0.7187,0.2079
1781857666340,147024,0.7207,2.1853,0.6167,2.38228,8.375,49.25,-514.375,-0.5342,-0.3978,0.7055,0.2418
1781857666340,147024,0.95972,2.29248,0.60913,2.55882,31.25,31.375,-464.938,-0.5259,-0.4082,0.7005,0.2564
1781857666341,147025,0.95972,2.29248,0.60913,2.55882,31.25,31.375,-464.938,-0.5259,-0.4082,0.7005,0.2564
1781857666463,147147,1.44434,2.28125,0.59839,2.76555,194.5,128.562,-78.125,-0.4884,-0.4254,0.6689,0.3645
1781857666463,147147,1.5769,2.20166,0.64746,2.78445,226.812,123.938,-24.688,-0.4873,-0.418,0.6698,0.3728
1781857666464,147148,1.29932,0.7937,0.80908,1.72418,445.375,-51.938,53.625,-0.4454,-0.2876,0.7244,0.4403
1781857666465,147149,1.22949,0.83984,0.89941,1.73952,439.25,-76.75,29.812,-0.4346,-0.2744,0.7319,0.4469
1781857666519,147203,1.05688,0.8208,0.92334,1.62582,412.438,-92.812,15.0,-0.4233,-0.2623,0.739,0.4533
1781857666521,147205,0.17676,1.46167,1.15039,1.86845,274.0,-117.438,216.625,-0.3359,-0.1343,0.7935,0.4891
1781857666521,147205,-1.02637,0.76733,2.11938,2.4767,215.125,-62.688,303.438,-0.2403,0.0058,0.8644,0.4414
1781857666579,147263,-1.07715,0.78711,1.99243,2.39783,213.125,-30.188,318.062,-0.2316,0.0221,0.8736,0.4271
1781857666582,147266,-1.11499,0.71436,2.14771,2.52312,193.562,-17.75,329.0,-0.2216,0.0448,0.8833,0.4104
1781857666582,147266,-1.8728,0.72705,2.65918,3.33275,175.812,-63.438,310.625,-0.1796,0.1195,0.9211,0.3237
1781857666638,147322,-2.03882,0.65552,2.73193,3.4713,171.625,-65.625,304.25,-0.1734,0.1279,0.9248,0.3133
1781857666639,147323,-2.18848,0.62744,2.8103,3.61675,168.625,-64.688,298.438,-0.1673,0.1361,0.9281,0.303
1781857666640,147324,-2.21973,0.51587,2.50537,3.38677,78.812,-5.438,225.875,-0.1329,0.192,0.9506,0.2041
1781857666698,147382,-2.12207,0.48511,2.34277,3.19798,92.562,-6.812,221.812,-0.1305,0.1968,0.9517,0.1956
1781857666700,147384,-2.05176,0.45605,2.26953,3.09329,99.875,-5.562,216.25,-0.1281,0.2019,0.9526,0.1874
1781857666700,147384,-1.71606,-0.17261,1.98804,2.63191,117.375,54.812,303.812,-0.1162,0.2553,0.9561,0.0828
1781857666759,147443,-1.72534,-0.20776,1.92188,2.59106,102.062,74.938,339.438,-0.1157,0.2611,0.9558,0.0693
1781857666759,147443,-1.73877,-0.36694,1.82251,2.54549,92.125,89.875,369.312,-0.1154,0.2664,0.9553,0.0541
1781857666761,147445,-0.92163,-1.17651,0.58154,1.60368,8.062,150.938,254.0,0.1244,-0.3151,-0.9327,0.1225
1781857666819,147503,-0.86865,-1.0791,0.44604,1.45533,-21.812,128.75,194.125,0.1272,-0.3145,-0.9312,0.1327
1781857666819,147503,-0.84375,-0.97803,0.33789,1.33515,-50.812,103.625,128.562,0.1296,-0.3125,-0.9304,0.14
1781857666821,147505,-0.89795,-1.02979,-0.57861,1.48377,-6.375,95.688,-14.25,0.1552,-0.2814,-0.9304,0.1759
1781857666883,147567,-0.84351,-1.02832,-0.53882,1.43502,2.562,119.375,-4.688,0.1602,-0.2802,-0.9297,0.1768
1781857666885,147569,-0.84131,-1.01221,-0.53906,1.42231,12.25,137.438,2.438,0.1659,-0.2793,-0.9287,0.1782
1781857666885,147569,-0.51025,-0.51416,-0.00757,0.72441,50.875,150.062,-144.812,0.2551,-0.2606,-0.9099,0.1973
1781857666939,147623,-0.4375,-0.55005,0.04248,0.70411,51.562,144.25,-160.188,0.2631,-0.2593,-0.909,0.1921
1781857666939,147623,-0.43945,-0.44775,0.08594,0.63324,39.938,130.75,-171.812,0.2706,-0.2578,-0.9084,0.1865
1781857666940,147624,-0.43945,-0.44775,0.08594,0.63324,39.938,130.75,-171.812,0.2706,-0.2578,-0.9084,0.1865
1781857666999,147683,-3.57031,1.07812,2.43433,4.4537,6.5,-59.938,-311.938,0.3172,-0.2283,-0.9111,0.1295
1781857666999,147683,-3.96191,1.29761,2.83105,5.03939,-11.938,-41.75,-341.188,0.3192,-0.2232,-0.9136,0.1158
1781857667001,147685,-3.35229,3.70288,3.22925,5.94788,-245.75,198.688,-518.688,-0.4023,0.0864,0.9113,0.0061
1781857667061,147745,-2.9707,3.75732,2.91602,5.60765,-245.438,192.0,-525.625,-0.4116,0.0691,0.9084,0.021
1781857667062,147746,-2.64624,3.71924,2.63867,5.27237,-239.625,183.938,-525.5,-0.4202,0.052,0.9051,0.036
1781857667119,147803,0.35693,2.74634,0.65381,2.84556,-211.375,132.25,-452.812,-0.4812,-0.1232,0.8533,0.1577
1781857667120,147804,0.51636,2.64258,0.51855,2.74203,-206.25,118.25,-435.062,-0.4844,-0.1381,0.8469,0.1697
1781857667120,147804,0.66919,2.5166,0.36279,2.6292,-198.625,105.062,-417.75,-0.487,-0.1527,0.8405,0.1812
1781857667179,147863,0.66919,2.5166,0.36279,2.6292,-198.625,105.062,-417.75,-0.487,-0.1527,0.8405,0.1812
1781857667182,147866,1.80103,1.55444,-0.78418,2.50498,-25.438,-59.875,-287.875,-0.4719,-0.2701,0.7913,0.2789
1781857667239,147923,1.80103,1.55444,-0.78418,2.50498,-25.438,-59.875,-287.875,-0.4719,-0.2701,0.7913,0.2789
1781857667239,147923,1.54395,0.99487,0.43823,1.88828,405.688,54.938,204.125,-0.4168,-0.1653,0.817,0.3623
1781857667240,147924,1.50903,0.90649,0.56006,1.84732,397.688,61.625,221.75,-0.4135,-0.1464,0.8222,0.3623
1781857667300,147984,1.50903,0.90649,0.56006,1.84732,397.688,61.625,221.75,-0.4135,-0.1464,0.8222,0.3623
1781857667307,147991,0.76489,0.74878,0.59521,1.22475,52.25,-164.875,322.938,-0.3589,0.008,0.8746,0.3254
1781857667307,147991,0.76489,0.74878,0.59521,1.22475,52.25,-164.875,322.938,-0.3589,0.008,0.8746,0.3254
1781857667359,148043,-0.02295,1.40479,1.32788,1.93319,-2.25,-66.125,429.812,-0.2868,0.0678,0.9341,0.2009
1781857667359,148043,-0.19458,1.63403,1.51929,2.23968,-33.125,-32.812,443.438,-0.2792,0.0805,0.9403,0.1763
1781857667363,148047,-0.19458,1.63403,1.51929,2.23968,-33.125,-32.812,443.438,-0.2792,0.0805,0.9403,0.1763
1781857667419,148103,-2.68652,2.55347,3.58179,5.1543,86.812,-323.438,217.312,-0.1766,0.1348,0.9738,0.045
1781857667419,148103,-2.75122,2.5022,3.6748,5.22823,93.062,-317.125,208.188,-0.1696,0.1374,0.9749,0.0419
1781857667420,148104,-2.75122,2.5022,3.6748,5.22823,93.062,-317.125,208.188,-0.1696,0.1374,0.9749,0.0419
1781857667479,148163,-1.8877,0.88477,2.1626,3.00384,89.688,24.688,178.875,0.1155,-0.1924,-0.9739,0.0304
1781857667480,148164,-1.80371,0.71069,2.01392,2.79541,95.375,9.25,162.438,0.1153,-0.1969,-0.9728,0.0369
1781857667480,148164,-1.15405,-0.51709,1.26978,1.79208,84.25,-101.25,24.375,0.0928,-0.2304,-0.9666,0.0618
1781857667539,148223,-1.15405,-0.51709,1.26978,1.79208,84.25,-101.25,24.375,0.0928,-0.2304,-0.9666,0.0618
1781857667539,148223,-1.04614,-0.71216,1.21484,1.75426,76.312,-89.312,30.188,0.0866,-0.2359,-0.9656,0.0657
1781857667540,148224,-0.32007,-1.1731,0.11279,1.2212,-25.125,82.438,134.062,0.087,-0.2434,-0.9598,0.1085
1781857667598,148282,-0.38745,-1.13794,-0.07129,1.2042,-34.0,83.438,142.438,0.0906,-0.2407,-0.9587,0.1207
1781857667599,148283,-0.44702,-1.11182,-0.19141,1.21351,-37.125,82.625,142.875,0.0926,-0.239,-0.958,0.1275
1781857667600,148284,-0.80371,-0.93921,-0.40259,1.30005,26.0,123.812,52.438,0.1237,-0.2279,-0.9491,0.1781
1781857667721,148405,-0.75928,-0.97437,-0.35034,1.28399,31.938,143.688,39.625,0.1329,-0.2274,-0.9467,0.185
1781857667721,148405,-0.68896,-0.96436,-0.31763,1.227,32.125,158.5,32.312,0.1393,-0.2274,-0.9453,0.1876
1781857667722,148406,-0.24268,-0.37207,-0.1394,0.46558,26.75,216.312,14.75,0.2222,-0.2156,-0.9247,0.2208
1781857667724,148408,-0.31958,-0.29907,-0.05444,0.44107,36.375,204.688,6.75,0.236,-0.2136,-0.9203,0.2269
1781857667781,148465,-0.38135,-0.26904,-0.01147,0.46684,42.062,198.375,0.0,0.2444,-0.2131,-0.9179,0.2283
1781857667782,148466,-1.41211,-0.07422,0.88086,1.66598,7.375,40.438,-137.312,0.2988,-0.2051,-0.9053,0.2211
1781857667782,148466,-5.61572,1.76489,4.75732,7.56857,-174.188,97.125,-347.875,0.3245,-0.1237,-0.9306,0.115
1781857667899,148583,-5.61572,1.76489,4.75732,7.56857,-174.188,97.125,-347.875,0.3245,-0.1237,-0.9306,0.115
1781857667900,148584,-4.82935,2.20581,4.47729,6.9451,-235.625,212.75,-406.812,0.3445,-0.0865,-0.9304,0.0892
1781857667900,148584,-1.56226,2.81519,2.02734,3.80474,-212.625,280.375,-488.375,-0.4628,-0.0917,0.8806,0.0427
1781857667901,148585,-1.20874,2.73828,1.77271,3.47875,-209.688,248.125,-516.938,-0.474,-0.1182,0.8702,0.0623
1781857668021,148705,-0.97412,2.70337,1.61548,3.2965,-211.0,224.75,-536.688,-0.4801,-0.1351,0.863,0.0784
1781857668025,148709,0.46948,2.23291,0.27856,2.29867,-126.0,57.688,-491.062,-0.4844,-0.2805,0.8007,0.2127
1781857668025,148709,0.46948,2.23291,0.27856,2.29867,-126.0,57.688,-491.062,-0.4844,-0.2805,0.8007,0.2127
1781857668025,148709,1.38354,1.34058,-0.4375,1.97554,123.188,-15.25,-163.0,-0.445,-0.3612,0.7426,0.3461
1781857668138,148822,1.36719,1.19775,-0.29492,1.84141,165.75,-29.188,-122.0,-0.4353,-0.3563,0.7427,0.3629
1781857668139,148823,1.22778,1.05688,0.13745,1.62584,239.0,-22.312,52.875,-0.3901,-0.3005,0.767,0.411
1781857668139,148823,0.59668,0.85254,0.66968,1.23746,271.125,-65.75,289.312,-0.3372,-0.1444,0.844,0.391
1781857668141,148825,0.52417,0.86914,0.75488,1.26491,263.5,-67.625,296.812,-0.3316,-0.1312,0.8516,0.3837
1781857668199,148883,0.44824,0.89844,0.82397,1.29886,256.0,-70.375,306.188,-0.3272,-0.1157,0.856,0.3829
1781857668200,148884,-0.50513,0.79688,1.89771,2.1193,98.812,-23.5,356.5,-0.2826,0.0042,0.9129,0.2943
1781857668261,148945,-2.15259,0.96558,3.49097,4.21341,40.5,-153.688,194.0,-0.2086,0.0715,0.9588,0.1782
1781857668261,148945,-2.15259,0.96558,3.49097,4.21341,40.5,-153.688,194.0,-0.2086,0.0715,0.9588,0.1782
1781857668263,148947,-2.34839,0.98828,3.4917,4.32245,31.875,-129.438,191.812,-0.1992,0.0756,0.962,0.1699
1781857668263,148947,-1.98926,0.35522,2.57446,3.2728,43.75,38.75,177.062,-0.1839,0.1068,0.9716,0.1024
1781857668498,149182,-1.83472,0.20337,2.28491,2.93741,30.688,33.688,159.375,-0.1853,0.111,0.9719,0.0924
1781857668499,149183,-1.65723,0.07275,1.90698,2.5275,17.625,18.25,131.875,-0.1867,0.1133,0.9724,0.0808
1781857668499,149183,-0.73633,-0.67188,0.53442,1.13102,42.75,-77.562,-15.188,-0.1688,0.1226,0.9755,0.0678
1781857668502,149186,-0.64331,-0.80518,0.44531,1.1227,48.5,-66.062,-25.625,-0.1633,0.125,0.9759,0.0711
1781857668562,149246,-0.47339,-0.89697,0.42603,1.10007,46.125,-60.062,-32.375,-0.1603,0.1259,0.9764,0.0698
1781857668564,149248,0.10034,-1.17334,-0.42456,1.25182,-45.625,-109.5,24.5,-0.1384,0.1182,0.981,0.0657
1781857668564,149248,0.10034,-1.17334,-0.42456,1.25182,-45.625,-109.5,24.5,-0.1384,0.1182,0.981,0.0657
1781857668619,149303,-0.92578,-0.07959,1.2124,1.52752,-24.438,-13.562,-196.0,-0.2056,0.0907,0.9732,0.0462
1781857668620,149304,-1.03027,-0.18921,2.08862,2.33658,-21.5,-6.0,-222.562,-0.2078,0.0818,0.972,0.0722
1781857668620,149304,-1.30859,-0.11084,2.93823,3.21837,-92.625,-81.0,-152.0,-0.202,0.0458,0.9689,0.1346
1781857668678,149362,-1.49316,-0.07397,2.9895,3.34247,-88.812,-90.812,-146.938,-0.1993,0.0402,0.9689,0.1401
1781857668679,149363,-1.64478,-0.0979,3.03809,3.45613,-82.812,-96.75,-145.812,-0.1963,0.0349,0.9689,0.1457
1781857668690,149374,-1.16406,0.45264,2.42358,2.72648,176.25,-47.5,-202.062,-0.189,0.0195,0.9583,0.2133
1781857668798,149482,-1.18896,0.77344,2.71753,3.06542,143.562,-90.188,-222.812,-0.1843,0.0241,0.9567,0.2234
1781857668799,149483,-1.01001,1.07983,2.73291,3.10724,44.5,-120.062,-228.438,-0.1788,0.0249,0.9554,0.2333
1781857668800,149484,-1.04785,0.74707,1.73291,2.15849,-164.938,-30.312,-169.688,-0.1574,-0.0635,0.939,0.2988
1781857668800,149484,-1.04785,0.74707,1.73291,2.15849,-164.938,-30.312,-169.688,-0.1574,-0.0635,0.939,0.2988
1781857668858,149542,-1.08618,0.84888,1.62085,2.1278,-178.625,2.438,-154.75,-0.1597,-0.0748,0.9353,0.3065
1781857669100,149784,-0.49243,0.8855,0.44189,1.10538,-110.5,-34.75,-208.062,-0.1779,-0.1403,0.9048,0.3602
1781857669401,150085,-0.09888,0.65234,0.02173,0.66015,40.688,7.125,-81.25,-0.1239,-0.1767,0.872,0.4392
1781857669403,150087,-0.00977,0.22656,-0.18115,0.29024,30.75,47.938,-77.5,-0.124,-0.1754,0.8706,0.4424
1781857669404,150088,-0.06738,0.55566,0.03882,0.56108,6.062,89.312,-83.5,-0.126,-0.1734,0.8687,0.4462
1781857669404,150088,-0.06738,0.55566,0.03882,0.56108,6.062,89.312,-83.5,-0.126,-0.1734,0.8687,0.4462
1781857669523,150207,0.15381,0.71558,0.06592,0.73488,127.875,252.312,138.875,-0.1847,-0.1021,0.8695,0.4463
1781857669523,150207,-0.46655,-0.22241,0.9541,1.0851,-1.188,-44.188,18.562,-0.3933,0.0968,0.887,0.2211
1781857669523,150207,-0.71802,-0.29053,1.24365,1.46514,64.562,-120.0,-51.188,-0.167,0.0487,0.9565,0.2337
1781857669523,150207,-0.68506,-0.34009,0.93262,1.20613,93.688,-77.312,-85.688,-0.1512,0.053,0.9564,0.2436
1781857669578,150262,-0.58374,-0.1228,0.94312,1.11593,167.375,-55.75,-122.0,-0.1437,0.0619,0.954,0.2551
1781857669701,150385,-0.40796,0.12695,1.12134,1.19998,201.812,-30.25,-109.625,-0.1349,0.0789,0.95,0.2701
1781857669703,150387,-0.31665,0.32861,1.17236,1.25805,52.062,-89.5,-62.438,-0.102,0.1124,0.9351,0.32
1781857669703,150387,-0.38135,0.24658,1.18018,1.26453,51.625,-102.812,-59.375,-0.0934,0.1134,0.9337,0.3262
1781857669703,150387,-0.41504,0.21167,1.16089,1.25089,55.688,-107.688,-62.938,-0.0888,0.1138,0.933,0.3294
1781857670241,150925,-0.41504,0.21167,1.16089,1.25089,55.688,-107.688,-62.938,-0.0888,0.1138,0.933,0.3294
1781857670242,150926,-0.18579,0.39673,0.65576,0.78863,261.938,-35.5,-96.625,-0.0264,0.1756,0.9079,0.3794
1781857670242,150926,-0.43579,0.31616,0.93896,1.08237,-121.812,-41.625,-58.188,-0.0062,0.2105,0.8665,0.4523
1781857670244,150928,-0.39185,0.31323,0.92651,1.05361,-195.125,38.438,-55.812,-0.0145,0.1981,0.8673,0.4561
1781857670301,150985,-0.33545,0.29492,0.96411,1.06255,-218.625,72.188,-61.125,-0.0216,0.1914,0.8679,0.4577
1781857670600,151284,0.06104,0.41162,0.58105,0.71469,-159.312,4.0,-88.375,-0.0816,0.1312,0.8676,0.4725
1781857670600,151284,0.10034,0.17822,0.83521,0.85988,38.875,-89.25,67.875,-0.0171,-0.0791,0.844,0.53
1781857670606,151290,0.34009,0.19702,0.58887,0.70798,35.688,-6.625,125.062,0.0062,-0.0783,0.8654,0.4946
1781857670606,151290,0.27832,0.18408,0.56689,0.65781,28.062,15.938,123.25,0.0061,-0.077,0.8681,0.4901
1781857670661,151345,0.14526,0.24438,0.71143,0.76613,-16.938,52.0,119.438,0.0015,-0.0743,0.8743,0.4794
1781857670721,151405,0.11279,0.25879,0.80371,0.85185,-41.875,57.0,120.938,-0.0014,-0.0743,0.8767,0.4751
1781857670962,151646,0.79736,-0.11304,0.82568,1.15339,105.375,-83.562,25.5,0.225,-0.2393,0.8697,0.368
1781857670962,151646,0.91748,0.0437,0.9021,1.28743,102.5,-124.062,20.062,0.2501,-0.2301,0.8707,0.3552
1781857670962,151646,0.86938,0.03931,0.90137,1.25293,80.938,-99.688,27.5,0.2553,-0.2286,0.8707,0.3522
1781857671020,151704,0.4165,0.23975,0.44727,0.65651,7.5,136.5,63.062,0.238,-0.2258,0.8825,0.3367
1781857671021,151705,0.40601,-0.04688,0.54907,0.68448,23.5,155.875,98.375,0.2315,-0.2238,0.8855,0.3345
1781857671258,151942,0.38843,-0.61523,0.77197,1.06082,1.688,-10.625,-45.25,0.1881,-0.2113,0.9108,0.3003
1781857671498,152182,0.88892,-0.26562,0.78174,1.2132,-257.688,-43.375,80.188,0.2343,-0.2708,0.898,0.2554
1781857671499,152183,0.83398,-0.66846,0.82178,1.34821,-105.625,-16.688,42.312,0.2326,-0.3054,0.8889,0.2493
1781857671501,152185,0.82324,-0.81201,0.84375,1.43143,-73.75,9.75,41.938,0.2309,-0.309,0.8884,0.2485
1781857671501,152185,0.89331,-0.34595,0.92578,1.3322,15.312,48.188,-58.0,0.2177,-0.3081,0.8913,0.2508
1781857671620,152304,0.88599,-0.3833,0.89185,1.31426,13.312,9.625,-110.75,0.2185,-0.3064,0.8906,0.2547
1781857671681,152365,0.32739,0.25073,0.78857,0.88989,35.938,-67.625,45.938,0.0226,-0.147,0.9463,0.2866
1781857671681,152365,0.32739,0.25073,0.78857,0.88989,35.938,-67.625,45.938,0.0226,-0.147,0.9463,0.2866
1781857671683,152367,0.62451,-0.21167,0.96167,1.16603,21.188,-147.312,17.062,0.1995,-0.1849,0.9093,0.3144
1781857671685,152369,0.62866,-0.32397,0.9314,1.16948,-54.312,-33.688,47.438,0.2074,-0.1968,0.9041,0.3172
1781857672046,152730,0.70386,-0.53369,0.76172,1.16639,-74.812,8.562,61.5,0.2052,-0.2042,0.9041,0.314
1781857672047,152731,0.42041,-0.50073,1.00537,1.19927,54.625,62.25,-68.562,0.1656,-0.2067,0.9017,0.3414
1781857672401,153085,0.42041,-0.50073,1.00537,1.19927,54.625,62.25,-68.562,0.1656,-0.2067,0.9017,0.3414
1781857672403,153087,0.21948,0.35962,-0.26807,0.49936,-88.5,106.812,-71.75,0.1774,-0.1623,0.8635,0.4429
1781857672404,153088,0.01245,0.20679,0.54248,0.58069,-94.0,170.875,-47.25,0.1696,-0.1622,0.8631,0.4469
1781857672698,153382,0.47607,0.00244,0.71948,0.86273,19.25,-35.812,-147.062,0.1845,-0.1512,0.8284,0.5064
1781857672762,153446,0.58911,0.46265,1.07544,1.3106,-84.188,45.062,63.562,0.2068,-0.1734,0.7341,0.6229
1781857672824,153508,0.44336,0.20874,1.1499,1.24997,-95.75,77.188,134.5,0.186,-0.1809,0.7445,0.6149
1781857672825,153509,0.46558,-0.21753,0.87207,1.01222,-57.5,-1.25,-61.0,0.0944,-0.1721,0.7825,0.5906
1781857672825,153509,0.3291,-0.17017,0.78613,0.86906,-41.312,36.0,-73.5,0.0873,-0.1778,0.7711,0.6049
1781857672826,153510,0.41528,-0.10718,1.15674,1.23369,7.562,38.188,-98.875,0.081,-0.1715,0.7589,0.6228
1781857672882,153566,0.25171,-0.33936,0.86011,0.95828,-43.75,12.375,-92.438,-0.0153,-0.158,0.6548,0.7388
1781857672882,153566,0.13867,-0.26562,0.65454,0.71987,21.938,178.25,-99.0,-0.0371,-0.1312,0.6114,0.7793
1781857672938,153622,0.06836,-0.18042,0.33838,0.38952,-78.0,135.0,-127.312,-0.087,-0.0822,0.5631,0.8175
1781857672939,153623,0.01245,-0.16504,0.33813,0.37647,-89.875,131.75,-126.25,-0.0929,-0.0801,0.5578,0.8207
1781857672999,153683,-0.0564,-0.13159,0.33984,0.36877,-100.688,132.812,-122.625,-0.0991,-0.0782,0.5526,0.8237
1781857672999,153683,0.11157,0.00635,0.64038,0.65006,-71.438,78.75,-90.312,-0.1564,-0.057,0.5051,0.8467
1781857673000,153684,0.11157,0.00635,0.64038,0.65006,-71.438,78.75,-90.312,-0.1564,-0.057,0.5051,0.8467
1781857673118,153802,0.09644,0.00171,0.66626,0.6732,-74.875,64.812,-88.812,-0.1602,-0.0567,0.5012,0.8483
1781857673118,153802,-0.17871,-0.18945,1.17261,1.20118,-46.312,-33.625,-102.562,-0.1826,-0.0734,0.4611,0.8651
1781857673179,153863,-0.17871,-0.18945,1.17261,1.20118,-46.312,-33.625,-102.562,-0.1826,-0.0734,0.4611,0.8651
1781857673180,153864,-0.40356,-0.33911,1.43237,1.52629,22.0,-25.562,-4.812,-0.1806,-0.09,0.4317,0.879
1781857673182,153866,-0.43213,-0.32373,1.49536,1.58986,24.812,-33.625,4.75,-0.179,-0.0905,0.4322,0.879
1781857673188,153872,-0.48608,-0.3313,1.78467,1.87912,83.438,43.625,101.375,-0.1528,-0.0878,0.4615,0.8693
1781857673242,153926,-0.48608,-0.3313,1.78467,1.87912,83.438,43.625,101.375,-0.1528,-0.0878,0.4615,0.8693
1781857673242,153926,-0.46899,-0.26611,1.30542,1.41241,148.375,150.625,158.375,-0.132,0.0128,0.5165,0.8458
1781857673242,153926,-0.46899,-0.26611,1.30542,1.41241,148.375,150.625,158.375,-0.132,0.0128,0.5165,0.8458
1781857673299,153983,-0.33325,-0.13501,0.81885,0.89431,30.562,1.75,176.438,-0.1196,0.0703,0.5759,0.8055
1781857673299,153983,-0.3335,-0.14233,0.84375,0.91836,32.375,-0.312,177.875,-0.1181,0.072,0.582,0.8012
1781857673299,153983,-0.49536,-0.10767,0.94214,1.06986,-1.938,-23.562,153.062,-0.1121,0.0759,0.6347,0.7606
1781857673418,154102,-0.5083,-0.13599,0.88696,1.03129,12.0,-36.125,159.812,-0.1098,0.0759,0.6426,0.7543
1781857673418,154102,-0.49365,-0.13477,0.84131,0.98471,18.0,-43.312,162.562,-0.1077,0.0758,0.6479,0.7501
1781857673419,154103,-0.3313,-0.21729,0.63647,0.74971,17.188,-58.312,143.625,-0.0795,0.0729,0.6958,0.7099
1781857673479,154163,-0.29688,-0.23975,0.60083,0.71177,6.5,-58.125,141.125,-0.0772,0.0718,0.7003,0.7059
1781857673479,154163,-0.27026,-0.25415,0.56812,0.67852,-4.562,-57.125,137.875,-0.0752,0.0704,0.7046,0.7019
1781857673549,154233,-0.1167,-0.23389,0.5603,0.61827,-24.812,-25.25,121.562,-0.0689,0.0545,0.7413,0.6652
1781857673550,154234,0.01611,-0.23438,0.66846,0.70854,-38.562,-7.25,77.625,-0.0768,0.0274,0.7728,0.6292
1781857673550,154234,-0.05884,-0.1936,0.74854,0.7754,-43.125,4.5,59.812,-0.0789,0.0249,0.7766,0.6244
1781857673550,154234,-0.07422,-0.21094,0.76709,0.79902,-42.25,11.938,46.75,-0.0804,0.0239,0.7779,0.6226
1781857673718,154402,-0.04346,-0.3335,0.89404,0.95521,-11.875,17.75,11.562,-0.0945,0.0204,0.7836,0.6135
1781857673718,154402,-0.02905,-0.31006,0.88672,0.93981,-13.938,18.938,3.875,-0.0955,0.0203,0.7837,0.6132
1781857673722,154406,-0.02905,-0.31006,0.88672,0.93981,-13.938,18.938,3.875,-0.0955,0.0203,0.7837,0.6132
1781857673722,154406,-0.38623,-0.64551,0.90015,1.17308,-101.562,110.25,-77.812,-0.1303,0.0156,0.7713,0.6226
1781857673842,154526,-0.31763,-0.56494,1.12085,1.29474,-90.812,85.688,-91.938,-0.1359,0.0143,0.7684,0.6249
1781857673898,154582,-0.48535,-0.16553,1.37061,1.46339,-34.0,30.688,43.438,-0.17,0.0012,0.7564,0.6314
1781857673898,154582,-0.17627,-0.0127,0.86475,0.88262,-7.875,13.938,-38.75,-0.2145,0.0227,0.7485,0.6269
1781857673899,154583,-0.19604,-0.00684,0.86841,0.89029,10.25,7.812,-15.75,-0.2149,0.023,0.747,0.6285
1781857673900,154584,-0.21655,0.01099,0.85205,0.87921,22.0,7.625,-5.688,-0.2145,0.0239,0.7467,0.6289
1781857673959,154643,-0.12451,-0.16211,0.71948,0.74796,46.312,13.062,66.438,-0.2083,0.0439,0.7514,0.6244
1781857673959,154643,-0.05859,-0.08984,0.81201,0.81907,-30.438,-81.875,17.875,-0.1864,0.0519,0.7703,0.6074
1781857674022,154706,-0.27441,-0.2312,0.70264,0.78896,-44.562,-63.188,3.562,-0.1586,-0.0114,0.7876,0.5951
1781857674078,154762,-0.24609,-0.26001,0.81665,0.89168,-30.562,-37.812,-20.25,-0.1572,-0.0164,0.7875,0.5955
1781857674079,154763,-0.25757,-0.25732,0.83667,0.91245,-30.188,-30.5,-22.125,-0.1571,-0.0173,0.7874,0.5957
1781857674083,154767,-0.30566,-0.18115,1.19873,1.25028,-52.625,0.938,1.438,-0.1672,-0.0305,0.7832,0.5979
1781857674083,154767,-0.30859,-0.16553,1.27368,1.32094,-53.562,-0.562,8.625,-0.1685,-0.0321,0.7833,0.5973
1781857674138,154822,-0.25977,-0.12769,1.42749,1.45654,-80.625,-5.188,31.688,-0.1708,-0.0354,0.7841,0.5955
1781857674139,154823,-0.47876,-0.38477,1.57178,1.68752,11.312,91.125,-69.625,-0.2091,-0.0591,0.7784,0.5888
1781857674141,154825,-0.53003,-0.22314,1.08765,1.23032,18.875,-51.75,51.438,-0.1901,-0.0695,0.8013,0.5628
1781857674198,154882,-0.52368,-0.16895,1.10229,1.23201,23.562,-37.375,48.0,-0.1883,-0.0691,0.8029,0.5612
1781857674199,154883,-0.51367,-0.07666,1.12012,1.23467,29.188,-20.562,47.938,-0.1853,-0.0706,0.8132,0.5469
1781857674199,154883,-0.50024,-0.05469,0.76709,0.91742,56.125,26.625,33.062,-0.1816,-0.0565,0.8372,0.5125
1781857674260,154944,-0.50024,-0.05469,0.76709,0.91742,56.125,26.625,33.062,-0.1816,-0.0565,0.8372,0.5125
1781857674262,154946,-0.4646,-0.04688,0.74902,0.88266,68.188,20.688,35.125,-0.1811,-0.0532,0.838,0.5118
1781857674262,154946,-0.49512,-0.04346,0.64136,0.8114,67.688,-46.25,91.812,-0.1536,-0.0213,0.8783,0.452
1781857674502,155186,-0.44116,-0.13867,0.77686,0.90408,50.812,-37.688,105.375,-0.1512,-0.0194,0.8806,0.4484
1781857674560,155244,-0.52271,-0.17114,0.83911,1.0033,33.0,-47.125,102.125,-0.1479,-0.019,0.8886,0.4335
1781857674560,155244,-0.34326,-0.05664,0.86011,0.9278,54.438,-60.75,118.812,-0.1197,-0.0098,0.9177,0.3782
1781857674560,155244,-0.30713,-0.08911,0.83325,0.89251,57.688,-56.562,118.062,-0.1166,-0.0079,0.92,0.3739
1781857674678,155362,-0.26855,-0.09326,0.78613,0.83596,64.125,-48.5,119.812,-0.1137,-0.0057,0.9221,0.3695
1781857674678,155362,-0.52197,-0.18701,0.56128,0.78896,131.125,73.312,112.312,-0.1027,0.0479,0.9465,0.3016
1781857674682,155366,-0.24121,-0.0354,1.00073,1.03,-23.5,-5.125,103.0,-0.1027,0.0911,0.9782,0.1549
1781857674682,155366,-0.08423,0.16064,1.00439,1.02064,-32.25,-28.25,99.25,-0.0964,0.0855,0.983,0.13
1781857674741,155425,-0.10327,0.19165,0.96924,0.99339,-36.75,-18.875,102.25,-0.0953,0.0844,0.9838,0.1256
1781857674798,155482,-0.00879,0.15601,0.91333,0.9266,-46.938,-3.688,74.375,-0.0925,0.0767,0.9878,0.0979
1781857674798,155482,-0.2793,0.28662,1.03003,1.10504,44.25,4.875,219.562,-0.0871,0.0726,0.9933,0.0172
1781857674799,155483,-0.30737,0.23096,1.08301,1.14923,47.562,2.0,212.438,-0.0863,0.0769,0.9932,0.0037
1781857674800,155484,-0.3645,0.21899,1.06836,1.14987,31.812,6.812,196.688,0.0856,-0.0815,-0.9928,0.0136
1781857674860,155544,-0.23022,0.39673,0.98608,1.08755,71.75,63.125,227.688,0.0924,-0.1036,-0.9868,0.0827
1781857674860,155544,-0.2666,0.4126,0.97803,1.09446,76.062,67.938,228.625,0.0935,-0.1057,-0.986,0.0875
1781857674861,155545,-0.28662,0.28589,0.89307,0.98054,55.312,-51.875,126.938,0.1004,-0.1426,-0.9699,0.1691
1781857674919,155603,-0.3418,0.29175,0.8479,0.95962,59.188,-58.812,116.125,0.0979,-0.1459,-0.9689,0.1734
1781857675038,155722,-0.36157,0.28931,0.82324,0.94454,67.812,-58.812,102.312,0.0953,-0.1495,-0.968,0.1771
1781857675041,155725,-0.36157,0.28931,0.82324,0.94454,67.812,-58.812,102.312,0.0953,-0.1495,-0.968,0.1771
1781857675041,155725,-0.20508,0.34814,0.89795,0.98467,25.0,-4.688,58.938,0.094,-0.1814,-0.9558,0.2111
1781857675041,155725,-0.198,0.36377,0.86353,0.95771,13.875,-8.125,50.812,0.0935,-0.1824,-0.9551,0.2132
1781857675158,155842,-0.198,0.36377,0.86353,0.95771,13.875,-8.125,50.812,0.0935,-0.1824,-0.9551,0.2132
1781857675159,155843,-0.26245,0.38379,0.92773,1.03772,-22.875,-3.688,-1.938,0.09,-0.1818,-0.9527,0.2259
1781857675159,155843,-0.26245,0.38379,0.92773,1.03772,-22.875,-3.688,-1.938,0.09,-0.1818,-0.9527,0.2259
1781857675218,155902,-0.14575,0.27246,0.58301,0.65983,-9.0,-28.625,-1.938,0.0375,-0.1658,-0.9533,0.2493
1781857675218,155902,-0.12891,0.28491,0.59863,0.67539,-49.875,-41.812,5.438,0.0355,-0.1646,-0.9536,0.2493
1781857675219,155903,0.073,0.07886,0.59814,0.60772,-223.5,-7.5,-16.375,-0.0062,-0.0897,-0.9628,0.2543
1781857675220,155904,-0.2251,-0.26587,0.74121,0.81899,58.625,-44.312,9.125,-0.0258,-0.052,-0.9643,0.258
1781857675278,155962,-0.22217,-0.30762,0.65918,0.7606,73.312,-29.438,-6.188,-0.0263,-0.0551,-0.9641,0.2579
1781857675278,155962,-0.18774,-0.3335,0.58423,0.69842,86.688,-7.312,-26.0,-0.0259,-0.0585,-0.9642,0.2571
1781857675280,155964,-0.18774,-0.3335,0.58423,0.69842,86.688,-7.312,-26.0,-0.0259,-0.0585,-0.9642,0.2571
1781857675338,156022,-0.18774,-0.3335,0.58423,0.69842,86.688,-7.312,-26.0,-0.0259,-0.0585,-0.9642,0.2571
1781857675338,156022,-0.40894,0.01831,1.03394,1.11202,140.938,61.062,54.375,0.0117,-0.1177,-0.9577,0.2621
1781857675339,156023,-0.40894,0.01831,1.03394,1.11202,140.938,61.062,54.375,0.0117,-0.1177,-0.9577,0.2621
1781857675521,156205,0.04395,-0.08936,0.88818,0.89375,-17.688,24.25,5.812,0.03,-0.1287,-0.9501,0.2819
1781857675522,156206,-0.00562,-0.02783,0.94092,0.94135,-15.312,16.125,3.875,0.0305,-0.1278,-0.9502,0.2822
1781857675523,156207,-0.22852,0.17676,1.09106,1.12866,-34.5,-16.25,-3.312,0.0276,-0.125,-0.9494,0.2863
1781857675523,156207,-0.22852,0.17676,1.09106,1.12866,-34.5,-16.25,-3.312,0.0276,-0.125,-0.9494,0.2863
1781857675639,156323,-0.17627,0.08447,1.04053,1.05873,-60.0,-14.812,-25.062,0.0254,-0.1209,-0.9501,0.2858
1781857675640,156324,0.43237,0.27271,1.14771,1.2564,-11.625,28.25,-18.812,0.0383,-0.0901,-0.9603,0.261
1781857675640,156324,0.43237,0.27271,1.14771,1.2564,-11.625,28.25,-18.812,0.0383,-0.0901,-0.9603,0.261
1781857675640,156324,0.13208,0.06372,1.00293,1.01359,1.125,-37.812,-17.938,0.0132,-0.0808,-0.9662,0.244
1781857675698,156382,0.11963,0.06787,0.98242,0.992,-0.312,-51.75,-16.938,0.0112,-0.0813,-0.9664,0.2431
1781857675698,156382,-0.04077,0.25269,0.98096,1.0138,14.438,-49.812,-45.438,-0.0147,-0.0874,-0.9692,0.229
1781857675699,156383,0.12646,0.27881,0.91479,0.96466,-0.438,37.25,-26.625,0.0058,-0.1012,-0.9729,0.2073
1781857675764,156448,0.17578,0.28271,0.98926,1.04377,-9.5,23.562,-21.5,0.0082,-0.1002,-0.9733,0.2056
1781857675765,156449,0.18042,0.26978,1.01587,1.06645,-13.0,12.312,-19.75,0.0092,-0.0991,-0.9735,0.2053
1781857675765,156449,-0.02612,0.21582,0.95776,0.98213,-12.125,4.0,-22.125,0.0094,-0.0946,-0.9752,0.1996
1781857675818,156502,-0.02612,0.21582,0.95776,0.98213,-12.125,4.0,-22.125,0.0094,-0.0946,-0.9752,0.1996
1781857675819,156503,-0.05518,0.20874,0.92261,0.94753,-7.938,7.25,-16.188,0.01,-0.0938,-0.9755,0.1983
1781857675819,156503,0.10864,0.21631,0.9231,0.95431,-25.438,22.625,4.5,0.0178,-0.0851,-0.9763,0.1977
1781857675942,156626,0.10864,0.21631,0.9231,0.95431,-25.438,22.625,4.5,0.0178,-0.0851,-0.9763,0.1977
1781857675944,156628,0.06494,0.22876,0.97046,0.99917,-25.125,17.625,14.0,0.0189,-0.0827,-0.9764,0.1982
1781857675944,156628,-0.06641,0.09326,1.0564,1.06258,-7.062,4.562,-21.5,0.022,-0.0742,-0.9766,0.2003
1781857675944,156628,-0.04956,0.13037,1.03687,1.0462,-6.438,7.125,-27.25,0.0223,-0.0738,-0.9768,0.1992
1781857676118,156802,-0.02734,0.17822,1.03564,1.05122,-5.875,14.875,-31.062,0.0232,-0.0732,-0.9775,0.1961
1781857676119,156803,0.02002,0.1814,1.02563,1.04174,5.062,22.562,7.875,0.035,-0.0732,-0.9779,0.192
1781857676119,156803,-0.0022,0.1377,1.00415,1.01355,-8.188,6.188,0.25,0.0383,-0.0673,-0.9774,0.1961
1781857676123,156807,-0.00293,0.15356,1.00684,1.01848,-5.438,4.562,-0.312,0.0385,-0.067,-0.9774,0.1961
1781857676239,156923,-0.01392,0.18188,1.01318,1.02947,-2.312,2.75,0.562,0.0386,-0.0667,-0.9776,0.1954
1781857676239,156923,-0.03271,0.14844,0.98096,0.99266,-2.688,-1.0,5.5,0.0443,-0.0679,-0.9763,0.2
1781857676239,156923,0.02734,0.17554,0.9519,0.96834,-4.5,9.375,0.938,0.0494,-0.0639,-0.9775,0.1945
1781857676241,156925,0.02734,0.17554,0.9519,0.96834,-4.5,9.375,0.938,0.0494,-0.0639,-0.9775,0.1945
1781857676298,156982,0.0022,0.18213,0.96777,0.98476,-7.875,3.312,3.0,0.0498,-0.0631,-0.9774,0.1948
1781857676298,156982,0.03223,0.29688,1.11328,1.15264,4.625,-12.688,4.812,0.0463,-0.0621,-0.9776,0.1952
1781857676299,156983,0.14893,0.36694,0.95508,1.03392,20.312,6.688,-18.938,0.0452,-0.0697,-0.978,0.1909
1781857676362,157046,0.14893,0.36694,0.95508,1.03392,20.312,6.688,-18.938,0.0452,-0.0697,-0.978,0.1909
1781857676363,157047,0.14551,0.36621,0.86108,0.94697,23.312,6.562,-20.688,0.0463,-0.0715,-0.9782,0.189
1781857676366,157050,0.13623,0.20972,0.66577,0.71119,52.375,-42.625,38.625,0.0408,-0.0871,-0.9769,0.19
1781857676419,157103,0.00269,0.07837,0.49927,0.50539,42.5,-31.062,37.812,0.0397,-0.0893,-0.9765,0.1914
1781857676478,157162,-0.05615,0.0188,0.44946,0.45335,26.438,-14.438,34.812,0.0391,-0.0907,-0.9761,0.1928
1781857676479,157163,-0.00464,0.00586,0.00122,0.00757,-24.25,33.812,15.0,0.0489,-0.0802,-0.9754,0.1987
1781857676479,157163,-0.00513,0.00317,0.0,0.00603,-24.25,34.0,15.125,0.0501,-0.0789,-0.9753,0.1995
1781857676480,157164,-0.00439,0.00635,0.00171,0.00791,-24.25,34.25,15.062,0.0512,-0.0776,-0.9752,0.2003
1781857676540,157224,-0.00317,0.0022,0.00488,0.00622,-24.0,34.938,15.188,0.0632,-0.0646,-0.9741,0.2069
1781857676541,157225,-0.00317,0.00439,0.00171,0.00568,-24.0,35.125,15.312,0.0657,-0.0621,-0.9737,0.2085
1781857676541,157225,-0.00439,0.00366,0.00684,0.00891,-25.0,35.5,15.312,0.0775,-0.0496,-0.9723,0.2145
1781857676598,157282,-0.00659,0.00391,0.00586,0.00965,-25.0,35.438,15.188,0.0794,-0.0476,-0.972,0.2156
1781857676598,157282,-0.00635,0.00537,0.00781,0.01141,-25.188,35.312,15.188,0.0805,-0.0463,-0.9717,0.2164
1781857676599,157283,-0.01221,0.00269,0.0105,0.01632,-26.25,32.25,15.125,0.0916,-0.0333,-0.97,0.2222
1781857676660,157344,-0.01221,0.00488,0.01025,0.01667,-26.0,31.625,15.312,0.0927,-0.032,-0.9697,0.223
1781857676660,157344,-0.01221,-0.00195,0.01196,0.0172,-25.875,30.812,15.375,0.0942,-0.03,-0.9694,0.2241
1781857676660,157344,-0.01123,0.00366,0.02466,0.02734,-24.5,26.562,15.125,0.1038,-0.0173,-0.9676,0.2292
1781857676778,157462,-0.00928,0.00146,0.02222,0.02412,-24.25,25.562,15.062,0.1054,-0.0148,-0.967,0.2307
1781857676778,157462,-0.00684,0.00342,0.02588,0.02698,-24.25,24.938,15.25,0.1062,-0.0137,-0.9668,0.2315
1781857676779,157463,-0.00708,0.00244,0.03345,0.03428,-23.25,19.25,15.188,0.1119,-0.0041,-0.9647,0.2378
1781857676780,157464,-0.0061,0.00024,0.03271,0.03328,-23.0,18.438,15.125,0.1124,-0.0031,-0.9645,0.2385
1781857676842,157526,-0.00635,0.00342,0.03345,0.03422,-22.812,17.875,15.125,0.1129,-0.002,-0.9642,0.2393
1781857676842,157526,-0.00684,0.00244,0.04077,0.04141,-22.125,10.25,15.125,0.1163,0.0078,-0.962,0.2466
1781857676842,157526,-0.00684,0.00024,0.04883,0.0493,-21.812,1.562,14.938,0.1162,0.0181,-0.9597,0.2549
1781857676898,157582,-0.00781,-0.00049,0.04761,0.04825,-21.875,0.375,14.875,0.1159,0.0197,-0.9593,0.2564
1781857676898,157582,-0.0083,0.00049,0.04883,0.04953,-21.812,-0.312,14.875,0.1156,0.0206,-0.9591,0.257
1781857676899,157583,-0.00757,0.0,0.06372,0.06417,-23.812,-7.125,15.0,0.1119,0.028,-0.9576,0.2636
1781857676959,157643,-0.00366,0.00073,0.06274,0.06286,-24.188,-7.812,15.125,0.111,0.0292,-0.9573,0.2647
1781857676961,157645,-0.00659,-0.00366,0.06104,0.0615,-24.312,-8.438,15.0,0.1104,0.03,-0.9572,0.2655
1781857676961,157645,-0.0083,0.00293,0.0752,0.07571,-27.0,-14.812,15.0,0.1027,0.0388,-0.9556,0.273
1781857677018,157702,-0.00928,0.00391,0.07373,0.07441,-26.688,-15.375,15.0,0.1018,0.0396,-0.9555,0.2738
1781857677018,157702,-0.00586,0.0022,0.07812,0.07838,-26.688,-15.875,15.0,0.1009,0.0405,-0.9553,0.2745
1781857677019,157703,0.00024,0.00952,0.10059,0.10104,-24.688,-25.0,14.938,0.0895,0.0481,-0.9539,0.2822
1781857677078,157762,0.00073,0.00293,0.10059,0.10063,-23.812,-25.5,15.125,0.0881,0.0487,-0.9537,0.283
1781857677078,157762,0.00049,0.00903,0.10083,0.10124,-23.438,-26.062,14.938,0.0869,0.0493,-0.9536,0.2837
1781857677079,157763,0.00342,0.01514,0.11816,0.11918,-18.625,-29.438,14.812,0.0739,0.0537,-0.9523,0.2908
1781857677140,157824,0.00708,0.01025,0.11841,0.11906,-17.812,-30.0,14.875,0.0724,0.054,-0.9522,0.2915
1781857677140,157824,0.00244,0.01221,0.11523,0.1159,-17.062,-30.562,14.688,0.071,0.0543,-0.952,0.2922
1781857677141,157825,0.0,0.01367,0.13403,0.13473,-9.625,-32.812,14.25,0.058,0.0551,-0.9509,0.2987
1781857677198,157882,0.00464,0.01343,0.14014,0.14085,-9.0,-33.312,14.312,0.0566,0.0551,-0.9508,0.2993
1781857677199,157883,0.00464,0.0166,0.14038,0.14144,-8.062,-33.625,14.062,0.0551,0.0549,-0.9506,0.3
1781857677199,157883,0.00464,0.0166,0.14038,0.14144,-8.062,-33.625,14.062,0.0551,0.0549,-0.9506,0.3
1781857677264,157948,0.00342,0.01733,0.17432,0.17521,3.562,-35.812,13.688,0.0384,0.0499,-0.9493,0.3075
1781857677264,157948,0.00342,0.0127,0.16943,0.16994,4.312,-36.188,13.562,0.037,0.0493,-0.9492,0.3081
1781857677264,157948,0.00342,0.0127,0.16943,0.16994,4.312,-36.188,13.562,0.037,0.0493,-0.9492,0.3081
1781857677318,158002,0.00342,0.0188,0.18384,0.18483,11.188,-31.0,12.938,0.0233,0.0404,-0.9479,0.3146
1781857677318,158002,0.00537,0.02026,0.1897,0.19085,12.125,-30.5,12.875,0.0223,0.0394,-0.9478,0.3153
1781857677319,158003,0.00537,0.02026,0.1897,0.19085,12.125,-30.5,12.875,0.0223,0.0394,-0.9478,0.3153
