t_ms_abs,t_ms_rel,ax_g,ay_g,az_g,resultant_g,gx_dps,gy_dps,gz_dps,qx,qy,qz,qw
1781788894060,0,0.00562,-0.02246,1.00439,1.00466,0.062,0.0,0.0,-0.0101,-0.0035,-0.0061,0.9998
1781788894073,13,0.00635,-0.01953,1.00757,1.00778,0.062,0.188,-0.125,-0.0101,-0.0035,-0.0061,0.9998
1781788894074,14,0.00757,-0.01904,1.00269,1.00289,0.062,0.062,-0.062,-0.0101,-0.0035,-0.0061,0.9998
1781788894089,29,0.00537,-0.02002,1.00244,1.00266,0.062,0.0,0.0,-0.0101,-0.0035,-0.0061,0.9998
1781788894089,29,0.00562,-0.02026,1.00537,1.00559,0.062,0.0,0.0,-0.0101,-0.0035,-0.0061,0.9998
1781788894089,29,0.00562,-0.02026,1.00537,1.00559,0.062,0.0,0.0,-0.0101,-0.0035,-0.0061,0.9998
1781788894142,82,0.00781,-0.01855,1.00684,1.00704,0.062,-0.062,-0.062,-0.0101,-0.0035,-0.0061,0.9998
1781788894142,82,0.0083,-0.02173,1.00513,1.0054,0.0,-0.062,-0.125,-0.0101,-0.0035,-0.0061,0.9998
1781788894142,82,0.00586,-0.01831,1.00586,1.00604,0.0,0.188,0.062,-0.0101,-0.0035,-0.0061,0.9998
1781788894142,82,0.00586,-0.01831,1.00586,1.00604,0.0,0.188,0.062,-0.0101,-0.0035,-0.0061,0.9998
1781788894143,83,0.00781,-0.02075,1.00317,1.00342,0.125,0.062,0.062,-0.0101,-0.0035,-0.0061,0.9998
1781788894143,83,0.00659,-0.02246,1.00098,1.00125,0.062,-0.062,0.0,-0.0101,-0.0035,-0.0061,0.9998
1781788894143,83,0.00732,-0.01953,1.00366,1.00388,0.062,0.0,0.0,-0.0101,-0.0035,-0.0061,0.9998
1781788894143,83,0.00732,-0.01953,1.00366,1.00388,0.062,0.0,0.0,-0.0101,-0.0035,-0.0061,0.9998
1781788894149,89,0.00586,-0.02148,1.00415,1.0044,0.062,0.0,0.0,-0.0101,-0.0034,-0.0061,0.9998
1781788894150,90,0.00879,-0.02344,1.00293,1.00324,0.062,-0.062,-0.062,-0.0101,-0.0035,-0.0061,0.9998
1781788894150,90,0.00659,-0.01758,1.0022,1.00237,0.0,0.0,-0.188,-0.0101,-0.0035,-0.0062,0.9998
1781788894174,114,0.00391,-0.02002,1.00562,1.00582,0.0,0.125,0.0,-0.0101,-0.0034,-0.0062,0.9998
1781788894174,114,0.00732,-0.02393,1.00415,1.00446,0.0,-0.125,-0.062,-0.0101,-0.0034,-0.0062,0.9998
1781788894174,114,0.00684,-0.01953,1.00439,1.00461,0.062,0.0,-0.062,-0.0101,-0.0034,-0.0062,0.9998
1781788894179,119,0.0105,-0.02124,1.00293,1.00321,0.062,0.0,-0.125,-0.0101,-0.0034,-0.0062,0.9998
1781788894180,120,0.0105,-0.02124,1.00293,1.00321,0.062,0.0,-0.125,-0.0101,-0.0034,-0.0062,0.9998
1781788894193,133,0.00854,-0.02148,1.00488,1.00515,0.062,0.0,0.0,-0.0101,-0.0035,-0.0062,0.9998
1781788894194,134,0.00513,-0.02075,1.00366,1.00389,0.062,0.062,0.0,-0.0101,-0.0034,-0.0062,0.9998
1781788894195,135,0.00562,-0.02222,1.00586,1.00612,0.062,-0.062,0.062,-0.0101,-0.0034,-0.0062,0.9998
1781788894208,148,0.00562,-0.02222,1.00586,1.00612,0.062,-0.062,0.062,-0.0101,-0.0034,-0.0062,0.9998
1781788894209,149,0.00684,-0.02173,1.00439,1.00465,0.062,0.125,-0.062,-0.0101,-0.0034,-0.0062,0.9998
1781788894210,150,0.00781,-0.02295,1.00366,1.00395,0.062,0.125,0.0,-0.0101,-0.0034,-0.0062,0.9998
1781788894223,163,0.00781,-0.02295,1.00366,1.00395,0.062,0.125,0.0,-0.0101,-0.0034,-0.0062,0.9998
1781788894224,164,0.00757,-0.02222,1.00366,1.00394,0.188,0.0,0.0,-0.0101,-0.0034,-0.0062,0.9998
1781788894225,165,0.00635,-0.02197,1.00317,1.00343,-0.062,-0.125,0.0,-0.0101,-0.0034,-0.0062,0.9998
1781788894240,180,0.00439,-0.02417,1.00293,1.00323,0.062,0.0,0.0,-0.0101,-0.0034,-0.0062,0.9998
1781788894240,180,0.00854,-0.02051,1.00342,1.00366,0.062,0.0,-0.062,-0.0101,-0.0034,-0.0062,0.9998
1781788894240,180,0.00488,-0.02026,1.00415,1.00437,-0.125,0.0,0.0,-0.0101,-0.0034,-0.0062,0.9998
1781788894253,193,0.00513,-0.02148,1.00391,1.00415,0.125,0.125,-0.062,-0.0101,-0.0034,-0.0062,0.9998
1781788894254,194,0.00684,-0.02075,1.00317,1.00341,0.062,-0.125,0.0,-0.0101,-0.0034,-0.0062,0.9998
1781788894255,195,0.00684,-0.02075,1.00317,1.00341,0.062,-0.125,0.0,-0.0101,-0.0034,-0.0062,0.9998
1781788894268,208,0.00781,-0.01636,1.00537,1.00553,0.062,-0.125,-0.188,-0.0101,-0.0034,-0.0062,0.9998
1781788894269,209,0.00854,-0.01953,1.00049,1.00072,0.062,0.0,0.0,-0.0101,-0.0034,-0.0062,0.9998
1781788894270,210,0.00635,-0.01953,1.00024,1.00045,0.188,0.0,-0.125,-0.0101,-0.0034,-0.0062,0.9998
1781788894283,223,0.0083,-0.02441,1.00317,1.00351,0.062,-0.062,0.0,-0.0101,-0.0034,-0.0062,0.9998
1781788894284,224,0.00732,-0.02344,1.00488,1.00518,0.125,0.062,-0.062,-0.0101,-0.0034,-0.0062,0.9998
1781788894285,225,0.00659,-0.0188,1.00757,1.00777,0.062,0.0,-0.125,-0.0101,-0.0034,-0.0062,0.9998
1781788894299,239,0.00781,-0.01929,1.0061,1.00632,0.0,0.0,0.0,-0.0101,-0.0034,-0.0062,0.9998
1781788894299,239,0.00415,-0.02051,1.00195,1.00217,0.125,-0.125,0.125,-0.0101,-0.0034,-0.0062,0.9998
1781788894299,239,0.0083,-0.02197,1.00195,1.00223,0.0,0.062,-0.125,-0.0101,-0.0034,-0.0062,0.9998
1781788894315,255,0.00439,-0.01929,1.00342,1.00361,0.25,0.062,0.0,-0.0101,-0.0034,-0.0062,0.9998
1781788894315,255,0.00757,-0.02026,1.00562,1.00585,0.125,-0.062,-0.062,-0.0101,-0.0034,-0.0062,0.9998
1781788894315,255,0.00757,-0.02026,1.00562,1.00585,0.125,-0.062,-0.062,-0.0101,-0.0034,-0.0062,0.9998
1781788894331,271,0.00684,-0.02319,1.00684,1.00713,0.062,0.062,0.0,-0.0101,-0.0034,-0.0062,0.9998
1781788894331,271,0.00537,-0.01929,1.00635,1.00655,0.0,0.0,-0.125,-0.0101,-0.0034,-0.0062,0.9998
1781788894343,283,0.00732,-0.01855,1.00098,1.00118,0.0,0.0,-0.125,-0.0101,-0.0034,-0.0062,0.9998
1781788894344,284,0.00806,-0.02173,1.00366,1.00393,0.062,-0.125,0.0,-0.0101,-0.0034,-0.0062,0.9998
1781788894345,285,0.00586,-0.02271,1.00537,1.00564,0.062,0.0,0.0,-0.0101,-0.0034,-0.0062,0.9998
1781788894358,298,0.00513,-0.02295,1.00928,1.00955,0.25,0.062,0.0,-0.0101,-0.0034,-0.0062,0.9998
1781788894359,299,0.00513,-0.02295,1.00928,1.00955,0.25,0.062,0.0,-0.0101,-0.0034,-0.0062,0.9998
1781788894995,935,0.00684,-0.01953,1.00391,1.00412,0.0,0.0,-0.188,-0.0101,-0.0034,-0.0062,0.9998
1781788894995,935,0.00684,-0.01953,1.00391,1.00412,0.0,0.0,-0.188,-0.0101,-0.0034,-0.0062,0.9998
1781788894996,936,0.00659,-0.02075,1.00635,1.00658,0.062,-0.062,0.062,-0.0101,-0.0034,-0.0062,0.9998
1781788894996,936,0.00659,-0.02075,1.00635,1.00658,0.062,-0.062,0.062,-0.0101,-0.0034,-0.0062,0.9998
1781788894996,936,0.00757,-0.02197,1.00586,1.00613,0.062,-0.062,-0.125,-0.0101,-0.0034,-0.0062,0.9998
1781788894996,936,0.00684,-0.02026,1.00146,1.00169,0.0,0.062,0.0,-0.0101,-0.0034,-0.0062,0.9998
1781788894996,936,0.00684,-0.02026,1.00146,1.00169,0.0,0.062,0.0,-0.0101,-0.0034,-0.0062,0.9998
1781788894997,937,0.00513,-0.02271,1.00513,1.0054,0.062,-0.062,-0.062,-0.0101,-0.0034,-0.0062,0.9998
1781788894997,937,0.00708,-0.02246,1.00317,1.00345,0.0,0.188,-0.062,-0.0101,-0.0034,-0.0062,0.9998
1781788894998,938,0.00684,-0.02075,1.00293,1.00317,0.062,0.0,-0.125,-0.0101,-0.0034,-0.0062,0.9998
1781788894998,938,0.00586,-0.02002,1.00781,1.00803,0.062,0.062,0.0,-0.0101,-0.0034,-0.0062,0.9998
1781788894998,938,0.00659,-0.02271,1.00537,1.00565,0.062,-0.188,-0.062,-0.0101,-0.0034,-0.0062,0.9998
1781788894998,938,0.00635,-0.021,1.00342,1.00366,0.062,-0.062,0.0,-0.0101,-0.0034,-0.0062,0.9998
1781788894999,939,0.00781,-0.02026,1.00391,1.00414,0.062,0.0,-0.062,-0.0101,-0.0034,-0.0062,0.9998
1781788894999,939,0.0105,-0.02173,1.00439,1.00468,0.062,-0.062,-0.125,-0.0101,-0.0034,-0.0062,0.9998
1781788894999,939,0.00342,-0.02344,1.00513,1.00541,0.062,0.062,0.0,-0.0101,-0.0034,-0.0063,0.9998
1781788894999,939,0.00806,-0.01953,1.00488,1.0051,0.062,0.0,-0.125,-0.0101,-0.0034,-0.0063,0.9998
1781788894999,939,0.00488,-0.02417,1.00708,1.00738,0.188,0.0,0.0,-0.0101,-0.0034,-0.0063,0.9998
1781788894999,939,0.00903,-0.02271,1.00342,1.00372,0.062,0.062,0.0,-0.0101,-0.0034,-0.0063,0.9998
1781788894999,939,0.00513,-0.02197,1.00464,1.00489,0.062,-0.062,0.0,-0.0101,-0.0034,-0.0063,0.9998
1781788894999,939,0.00952,-0.02002,1.00684,1.00708,0.188,0.0,-0.062,-0.0101,-0.0034,-0.0063,0.9998
1781788895000,940,0.00952,-0.02002,1.00684,1.00708,0.188,0.0,-0.062,-0.0101,-0.0034,-0.0063,0.9998
1781788895000,940,0.00562,-0.02173,1.00317,1.00342,0.0,0.0,-0.062,-0.0101,-0.0034,-0.0063,0.9998
1781788895000,940,0.00977,-0.01904,1.00806,1.00828,0.062,0.062,-0.125,-0.0101,-0.0034,-0.0063,0.9998
1781788895000,940,0.00659,-0.02075,1.00659,1.00683,0.0,0.0,0.0,-0.0101,-0.0034,-0.0063,0.9998
1781788895000,940,0.00659,-0.02075,1.00659,1.00683,0.0,0.0,0.0,-0.0101,-0.0034,-0.0063,0.9998
1781788895000,940,0.00464,-0.01904,1.00098,1.00117,0.062,0.0,0.0,-0.0101,-0.0034,-0.0063,0.9998
1781788895001,941,0.00732,-0.02295,1.00415,1.00444,0.0,0.0,0.0,-0.0101,-0.0034,-0.0063,0.9998
1781788895001,941,0.00708,-0.01904,1.00122,1.00143,0.062,0.125,-0.062,-0.0101,-0.0034,-0.0063,0.9998
1781788895001,941,0.00708,-0.01904,1.00122,1.00143,0.062,0.125,-0.062,-0.0101,-0.0034,-0.0063,0.9998
1781788895001,941,0.00317,-0.02197,1.00171,1.00195,0.0,-0.125,-0.062,-0.0101,-0.0034,-0.0063,0.9998
1781788895001,941,0.00708,-0.01978,1.00269,1.00291,0.062,0.0,-0.062,-0.0101,-0.0034,-0.0063,0.9998
1781788895001,941,0.00806,-0.021,1.00366,1.00391,0.062,0.062,-0.062,-0.0101,-0.0034,-0.0063,0.9998
1781788895002,942,0.00806,-0.021,1.00366,1.00391,0.062,0.062,-0.062,-0.0101,-0.0034,-0.0063,0.9998
1781788895002,942,0.00757,-0.02222,1.00659,1.00687,0.062,-0.125,0.0,-0.0101,-0.0034,-0.0063,0.9998
1781788895002,942,0.00586,-0.02393,1.00684,1.00714,0.062,0.062,-0.062,-0.0101,-0.0034,-0.0063,0.9998
1781788895002,942,0.00586,-0.02393,1.00684,1.00714,0.062,0.062,-0.062,-0.0101,-0.0034,-0.0063,0.9998
1781788895002,942,0.00977,-0.02124,1.00146,1.00174,0.0,-0.062,-0.125,-0.0101,-0.0034,-0.0063,0.9998
1781788895002,942,0.00659,-0.02026,1.00439,1.00462,-0.062,0.188,0.0,-0.0101,-0.0034,-0.0063,0.9998
1781788895003,943,0.00562,-0.02148,1.00317,1.00342,0.062,0.0,-0.062,-0.0101,-0.0034,-0.0063,0.9998
1781788895003,943,0.00635,-0.01978,1.00464,1.00485,0.125,-0.125,-0.062,-0.0101,-0.0034,-0.0063,0.9998
1781788895003,943,0.00684,-0.02246,1.00562,1.00589,0.062,0.0,-0.062,-0.0101,-0.0034,-0.0063,0.9998
1781788895003,943,0.00732,-0.02222,1.00537,1.00564,0.188,0.062,0.0,-0.0101,-0.0034,-0.0064,0.9998
1781788895003,943,0.00391,-0.02026,1.00708,1.00729,0.062,0.062,-0.125,-0.0101,-0.0034,-0.0064,0.9998
1781788895003,943,0.00708,-0.02002,1.00537,1.0056,0.062,0.0,-0.125,-0.0101,-0.0034,-0.0064,0.9998
1781788895003,943,0.00562,-0.01904,1.00073,1.00093,0.0,0.0,0.0,-0.0101,-0.0034,-0.0064,0.9998
1781788895003,943,0.00806,-0.02075,1.00439,1.00464,0.25,-0.125,-0.062,-0.0101,-0.0034,-0.0064,0.9998
1781788895004,944,0.00659,-0.02295,1.00293,1.00321,0.0,-0.062,-0.062,-0.0101,-0.0034,-0.0064,0.9998
1781788895004,944,0.00635,-0.01782,1.00415,1.00433,0.0,-0.062,-0.062,-0.0101,-0.0034,-0.0064,0.9998
1781788895004,944,0.00684,-0.02197,1.00488,1.00515,0.062,0.0,-0.062,-0.0101,-0.0034,-0.0064,0.9998
1781788895004,944,0.00586,-0.02075,1.00464,1.00487,0.062,0.0,0.0,-0.0101,-0.0034,-0.0064,0.9998
1781788895004,944,0.00732,-0.02222,1.00269,1.00296,0.062,0.0,0.0,-0.0101,-0.0034,-0.0064,0.9998
1781788895004,944,0.00757,-0.02026,1.00635,1.00658,0.062,-0.062,0.0,-0.0101,-0.0034,-0.0064,0.9998
1781788895004,944,0.00562,-0.021,1.00537,1.00561,0.125,0.0,0.0,-0.0101,-0.0034,-0.0064,0.9998
1781788895004,944,0.0061,-0.02148,1.00342,1.00367,0.062,-0.062,0.062,-0.0101,-0.0034,-0.0064,0.9998
1781788895004,944,0.00488,-0.01831,1.00635,1.00653,0.125,0.125,0.0,-0.0101,-0.0034,-0.0064,0.9998
1781788895004,944,0.00806,-0.02319,1.00269,1.00299,0.0,0.0,-0.062,-0.0101,-0.0034,-0.0064,0.9998
1781788895004,944,0.00806,-0.02319,1.00269,1.00299,0.0,0.0,-0.062,-0.0101,-0.0034,-0.0064,0.9998
1781788895004,944,0.00879,-0.01514,1.00244,1.00259,0.062,-0.062,0.0,-0.0101,-0.0034,-0.0064,0.9998
1781788895005,945,0.00659,-0.02075,1.00684,1.00707,0.0,0.0,-0.062,-0.0101,-0.0034,-0.0064,0.9998
1781788895005,945,0.00635,-0.02026,1.00171,1.00193,0.062,-0.125,0.0,-0.0101,-0.0034,-0.0064,0.9998
1781788895005,945,0.00635,-0.02026,1.00171,1.00193,0.062,-0.125,0.0,-0.0101,-0.0034,-0.0064,0.9998
1781788895005,945,0.00513,-0.02148,1.00586,1.0061,0.062,0.0,-0.062,-0.0101,-0.0034,-0.0064,0.9998
1781788895005,945,0.00854,-0.02026,1.00635,1.00659,0.062,0.0,0.0,-0.0101,-0.0034,-0.0064,0.9998
1781788895006,946,0.00537,-0.02173,1.00439,1.00464,0.062,-0.125,0.0,-0.0101,-0.0034,-0.0064,0.9998
1781788895006,946,0.00537,-0.02173,1.00439,1.00464,0.062,-0.125,0.0,-0.0101,-0.0034,-0.0064,0.9998
1781788895006,946,0.00269,-0.021,1.00098,1.0012,0.062,0.062,0.0,-0.0101,-0.0034,-0.0064,0.9998
1781788895006,946,0.00317,-0.021,1.00366,1.00389,0.062,0.062,-0.188,-0.0101,-0.0034,-0.0064,0.9998
1781788895006,946,0.00513,-0.02246,1.00488,1.00515,0.062,0.062,-0.062,-0.0101,-0.0034,-0.0064,0.9998
1781788895006,946,0.00513,-0.02246,1.00488,1.00515,0.062,0.062,-0.062,-0.0101,-0.0034,-0.0064,0.9998
1781788895006,946,0.00781,-0.0188,1.00342,1.00362,0.125,0.0,-0.125,-0.0101,-0.0034,-0.0064,0.9998
1781788895006,946,0.00879,-0.02075,1.00464,1.00489,0.125,0.0,0.062,-0.0101,-0.0034,-0.0064,0.9998
1781788895006,946,0.00684,-0.02222,1.00488,1.00515,0.062,0.0,0.0,-0.0101,-0.0034,-0.0064,0.9998
1781788895006,946,0.00732,-0.021,1.00366,1.00391,0.062,-0.125,0.0,-0.0101,-0.0034,-0.0064,0.9998
1781788895006,946,0.00439,-0.02124,1.00488,1.00512,0.062,-0.125,0.0,-0.0101,-0.0034,-0.0064,0.9998
1781788895006,946,0.00977,-0.02246,1.00269,1.00298,0.062,0.125,-0.188,-0.0101,-0.0034,-0.0064,0.9998
1781788895006,946,0.00806,-0.01953,1.00195,1.00218,0.0,-0.062,-0.062,-0.0101,-0.0034,-0.0064,0.9998
1781788895006,946,0.00684,-0.02051,1.00586,1.00609,0.062,0.0,-0.125,-0.0101,-0.0034,-0.0064,0.9998
1781788895007,947,0.00513,-0.02051,1.0022,1.00242,0.062,0.125,0.0,-0.0101,-0.0034,-0.0064,0.9998
1781788895007,947,0.00513,-0.02051,1.0022,1.00242,0.062,0.125,0.0,-0.0101,-0.0034,-0.0064,0.9998
1781788895007,947,0.00586,-0.02148,1.00244,1.00269,0.062,0.062,0.0,-0.0101,-0.0033,-0.0064,0.9998
1781788895007,947,0.00879,-0.01978,1.00439,1.00463,0.125,0.062,0.0,-0.0101,-0.0033,-0.0064,0.9998
1781788895007,947,0.00732,-0.01904,1.00635,1.00655,0.062,0.0,-0.125,-0.0101,-0.0033,-0.0064,0.9998
1781788895007,947,0.00732,-0.01904,1.00635,1.00655,0.062,0.0,-0.125,-0.0101,-0.0033,-0.0064,0.9998
1781788895007,947,0.00537,-0.02124,1.00415,1.00439,0.0,0.0,-0.25,-0.0101,-0.0033,-0.0064,0.9998
1781788895007,947,0.00708,-0.02148,1.00537,1.00563,0.062,0.0,-0.062,-0.0101,-0.0033,-0.0064,0.9998
1781788895007,947,0.00684,-0.02002,1.00488,1.00511,0.125,0.0,-0.062,-0.0101,-0.0033,-0.0064,0.9998
1781788895007,947,0.00586,-0.0188,1.00488,1.00508,0.062,0.125,0.0,-0.0101,-0.0033,-0.0064,0.9998
1781788895007,947,0.00537,-0.02319,1.00513,1.00541,0.0,-0.062,0.0,-0.0101,-0.0033,-0.0065,0.9998
1781788895007,947,0.00488,-0.02271,1.00537,1.00564,0.125,0.0,0.0,-0.0101,-0.0033,-0.0065,0.9998
1781788895007,947,0.00635,-0.02148,1.00391,1.00416,0.062,-0.062,0.0,-0.0101,-0.0033,-0.0065,0.9998
1781788895008,948,0.00684,-0.01904,1.00635,1.00655,0.062,0.0,-0.062,-0.0101,-0.0033,-0.0065,0.9998
1781788895008,948,0.01123,-0.0188,1.00415,1.00439,0.062,0.188,0.0,-0.0101,-0.0033,-0.0065,0.9998
1781788895008,948,0.00488,-0.0249,1.00195,1.00227,0.0,0.062,0.0,-0.0101,-0.0033,-0.0065,0.9998
1781788895008,948,0.0061,-0.02026,1.00195,1.00218,0.0,0.125,0.0,-0.0101,-0.0033,-0.0065,0.9998
1781788895008,948,0.0061,-0.02026,1.00195,1.00218,0.0,0.125,0.0,-0.0101,-0.0033,-0.0065,0.9998
1781788895008,948,0.00439,-0.01953,1.00488,1.00508,0.188,0.125,0.062,-0.0101,-0.0033,-0.0065,0.9998
1781788895008,948,0.00586,-0.02002,1.00464,1.00486,0.062,-0.062,0.0,-0.0101,-0.0033,-0.0065,0.9998
1781788895008,948,0.00464,-0.02173,1.00366,1.00391,0.062,0.0,-0.062,-0.0101,-0.0033,-0.0065,0.9998
1781788895008,948,0.00464,-0.02173,1.00366,1.00391,0.062,0.0,-0.062,-0.0101,-0.0033,-0.0065,0.9998
1781788895008,948,0.00757,-0.01782,1.00171,1.0019,0.188,-0.062,-0.125,-0.0101,-0.0033,-0.0065,0.9998
1781788895008,948,0.00708,-0.02075,1.00586,1.0061,0.0,0.0,0.125,-0.0101,-0.0033,-0.0065,0.9998
1781788895008,948,0.00757,-0.02075,1.0022,1.00244,0.062,0.125,0.0,-0.0101,-0.0033,-0.0065,0.9998
1781788895009,949,0.00635,-0.02173,1.00366,1.00392,0.062,0.0,-0.125,-0.0101,-0.0033,-0.0065,0.9998
1781788895009,949,0.00781,-0.02173,1.00269,1.00295,0.062,0.0,-0.062,-0.0101,-0.0033,-0.0065,0.9998
1781788895009,949,0.00928,-0.02148,1.00366,1.00393,0.062,0.0,-0.062,-0.0101,-0.0033,-0.0065,0.9998
1781788895009,949,0.00635,-0.02148,1.00513,1.00538,0.062,0.0,-0.188,-0.0101,-0.0033,-0.0065,0.9998
1781788895009,949,0.00586,-0.01855,1.0061,1.00629,0.062,-0.062,0.0,-0.0101,-0.0033,-0.0065,0.9998
1781788895009,949,0.00757,-0.02124,1.00293,1.00318,0.0,-0.125,0.0,-0.0101,-0.0033,-0.0065,0.9998
1781788895009,949,0.00391,-0.02075,1.00391,1.00413,0.188,0.062,-0.062,-0.0101,-0.0033,-0.0065,0.9998
1781788895009,949,0.00366,-0.01929,1.00806,1.00825,0.062,-0.062,-0.062,-0.0101,-0.0033,-0.0065,0.9998
1781788895009,949,0.00366,-0.01929,1.00806,1.00825,0.062,-0.062,-0.062,-0.0101,-0.0033,-0.0065,0.9998
1781788895009,949,0.00562,-0.02246,1.00244,1.00271,0.062,0.0,-0.062,-0.0101,-0.0033,-0.0065,0.9998
1781788895009,949,0.00586,-0.02197,1.00562,1.00587,0.0,0.0,0.0,-0.0101,-0.0033,-0.0065,0.9998
1781788895010,950,0.00659,-0.02271,1.00366,1.00394,0.0,0.0,0.0,-0.0101,-0.0033,-0.0065,0.9998
1781788895010,950,0.00513,-0.02197,1.00562,1.00587,0.062,0.0,0.0,-0.0101,-0.0033,-0.0065,0.9998
1781788895010,950,0.00684,-0.01978,1.00659,1.00681,0.062,-0.062,-0.188,-0.0101,-0.0033,-0.0065,0.9998
1781788895010,950,0.00342,-0.02173,1.00391,1.00415,0.125,0.0,-0.188,-0.0101,-0.0033,-0.0065,0.9998
1781788895010,950,0.00732,-0.02319,1.00439,1.00469,0.062,0.0,-0.125,-0.0101,-0.0033,-0.0065,0.9998
1781788895010,950,0.00732,-0.01831,1.00659,1.00678,0.0,0.0,0.0,-0.0101,-0.0033,-0.0065,0.9998
1781788895010,950,0.00586,-0.02173,1.00537,1.00562,0.0,0.0,-0.125,-0.0101,-0.0033,-0.0065,0.9998
1781788895010,950,0.00586,-0.02173,1.00537,1.00562,0.0,0.0,-0.125,-0.0101,-0.0033,-0.0065,0.9998
1781788895010,950,0.00684,-0.01758,1.00317,1.00335,0.062,0.0,0.0,-0.0101,-0.0033,-0.0065,0.9998
1781788895010,950,0.00708,-0.02173,1.00269,1.00295,0.062,0.0,-0.125,-0.0101,-0.0033,-0.0065,0.9998
1781788895018,958,0.00781,-0.01831,1.00488,1.00508,0.062,-0.125,-0.125,-0.0101,-0.0033,-0.0065,0.9998
1781788895018,958,0.00684,-0.0188,1.00635,1.00655,0.062,0.0,-0.062,-0.0101,-0.0033,-0.0065,0.9998
1781788895019,959,0.00684,-0.0188,1.00635,1.00655,0.062,0.0,-0.062,-0.0101,-0.0033,-0.0065,0.9998
1781788895033,973,0.00562,-0.02515,1.00415,1.00448,0.0,0.062,-0.062,-0.0101,-0.0033,-0.0065,0.9998
1781788895033,973,0.00928,-0.01953,1.00024,1.00048,0.188,-0.125,0.0,-0.0101,-0.0033,-0.0065,0.9998
1781788895035,975,0.0061,-0.02051,1.00708,1.00731,0.062,0.125,0.0,-0.0101,-0.0033,-0.0065,0.9998
1781788895049,989,0.0061,-0.02051,1.00708,1.00731,0.062,0.125,0.0,-0.0101,-0.0033,-0.0065,0.9998
1781788895049,989,0.00513,-0.02026,1.00562,1.00583,0.062,0.0,0.062,-0.0101,-0.0033,-0.0065,0.9998
1781788895065,1005,0.00513,-0.02026,1.00562,1.00583,0.062,0.0,0.062,-0.0101,-0.0033,-0.0065,0.9998
1781788895065,1005,0.00635,-0.01953,1.00415,1.00436,0.062,0.0,-0.062,-0.0101,-0.0033,-0.0065,0.9998
1781788895065,1005,0.00635,-0.01953,1.00415,1.00436,0.062,0.0,-0.062,-0.0101,-0.0033,-0.0065,0.9998
1781788895078,1018,0.00635,-0.02222,1.00342,1.00368,0.062,0.0,-0.062,-0.0101,-0.0032,-0.0065,0.9998
1781788895081,1021,0.0061,-0.02002,1.00513,1.00534,0.062,0.0,0.062,-0.0101,-0.0032,-0.0065,0.9998
1781788895081,1021,0.00781,-0.0166,1.00024,1.00041,0.062,0.062,0.062,-0.0101,-0.0033,-0.0065,0.9998
1781788895093,1033,0.00659,-0.02173,1.00708,1.00734,0.0,0.0,0.0,-0.0101,-0.0032,-0.0065,0.9998
1781788895094,1034,0.0061,-0.02051,1.00317,1.0034,0.125,0.0,0.0,-0.0101,-0.0032,-0.0065,0.9998
1781788895108,1048,0.00854,-0.02222,1.00439,1.00468,0.125,-0.062,-0.125,-0.0101,-0.0033,-0.0065,0.9998
1781788895109,1049,0.0083,-0.02002,1.00317,1.00341,0.062,0.188,0.0,-0.0101,-0.0033,-0.0065,0.9998
1781788895109,1049,0.00562,-0.02271,1.00317,1.00345,0.062,-0.062,0.0,-0.0101,-0.0033,-0.0065,0.9998
1781788895123,1063,0.00757,-0.02075,1.00439,1.00464,-0.062,0.0,0.062,-0.0101,-0.0033,-0.0065,0.9998
1781788895123,1063,0.00684,-0.021,1.00391,1.00415,0.25,0.0,-0.188,-0.0101,-0.0033,-0.0065,0.9998
1781788895124,1064,0.00562,-0.02026,1.00488,1.0051,0.062,0.0,0.0,-0.0101,-0.0032,-0.0065,0.9998
1781788895139,1079,0.0061,-0.02271,1.0061,1.00638,0.062,0.0,0.0,-0.0101,-0.0032,-0.0065,0.9998
1781788895139,1079,0.00464,-0.02026,1.00586,1.00607,0.062,0.062,0.0,-0.0101,-0.0032,-0.0065,0.9998
1781788895140,1080,0.00659,-0.01929,1.00684,1.00704,0.062,0.062,-0.188,-0.0101,-0.0032,-0.0065,0.9998
1781788895171,1111,0.00659,-0.01929,1.00684,1.00704,0.062,0.062,-0.188,-0.0101,-0.0032,-0.0065,0.9998
1781788895176,1116,0.00562,-0.02051,1.00464,1.00486,0.062,-0.062,-0.125,-0.0101,-0.0032,-0.0065,0.9998
1781788895187,1127,0.00562,-0.02051,1.00464,1.00486,0.062,-0.062,-0.125,-0.0101,-0.0032,-0.0065,0.9998
1781788895187,1127,0.00806,-0.02002,1.00269,1.00292,0.0,0.062,-0.125,-0.0101,-0.0032,-0.0066,0.9998
1781788895192,1132,0.00562,-0.021,1.00732,1.00756,0.0,0.0,0.0,-0.0101,-0.0032,-0.0066,0.9998
1781788895208,1148,0.00732,-0.01904,1.00195,1.00216,-0.062,0.062,-0.125,-0.0101,-0.0032,-0.0066,0.9998
1781788895234,1174,0.00732,-0.01904,1.00195,1.00216,-0.062,0.062,-0.125,-0.0101,-0.0032,-0.0066,0.9998
1781788895235,1175,0.00708,-0.021,1.00562,1.00586,0.0,0.0,0.125,-0.0101,-0.0032,-0.0066,0.9998
1781788895236,1176,0.00708,-0.021,1.00562,1.00586,0.0,0.0,0.125,-0.0101,-0.0032,-0.0066,0.9998
1781788895238,1178,0.00708,-0.021,1.00342,1.00366,0.0,0.188,-0.062,-0.0101,-0.0032,-0.0066,0.9998
1781788895238,1178,0.00537,-0.02026,1.00293,1.00315,0.0,0.0,-0.125,-0.0101,-0.0032,-0.0066,0.9998
1781788895238,1178,0.00806,-0.02026,1.00464,1.00488,0.0,0.0,-0.062,-0.0101,-0.0032,-0.0066,0.9998
1781788895238,1178,0.00806,-0.02026,1.00464,1.00488,0.0,0.0,-0.062,-0.0101,-0.0032,-0.0066,0.9998
1781788895244,1184,0.00439,-0.02124,1.00293,1.00316,0.062,0.062,0.0,-0.0101,-0.0032,-0.0066,0.9998
1781788895244,1184,0.00659,-0.01953,1.00488,1.00509,0.0,0.0,0.0,-0.0101,-0.0032,-0.0066,0.9998
1781788895245,1185,0.00586,-0.02124,1.0061,1.00634,0.0,-0.188,-0.25,-0.0101,-0.0032,-0.0066,0.9998
1781788895258,1198,0.00586,-0.02124,1.0061,1.00634,0.0,-0.188,-0.25,-0.0101,-0.0032,-0.0066,0.9998
1781788895259,1199,0.00513,-0.02173,1.00269,1.00293,0.0,-0.062,0.125,-0.0101,-0.0032,-0.0066,0.9998
1781788895259,1199,0.00659,-0.02075,1.00513,1.00536,-0.062,-0.062,-0.062,-0.0101,-0.0032,-0.0066,0.9998
1781788895274,1214,0.00659,-0.02026,1.00562,1.00584,0.0,0.125,0.0,-0.0101,-0.0032,-0.0066,0.9998
1781788895337,1277,0.00659,-0.02026,1.00562,1.00584,0.0,0.125,0.0,-0.0101,-0.0032,-0.0066,0.9998
1781788895337,1277,0.00391,-0.02319,1.00269,1.00296,0.0,-0.062,0.0,-0.0101,-0.0032,-0.0066,0.9998
1781788895338,1278,0.00366,-0.02222,1.00684,1.00709,0.0,0.0,-0.062,-0.0101,-0.0032,-0.0066,0.9998
1781788895395,1335,0.00537,-0.01733,1.00635,1.00651,0.0,0.0,-0.062,-0.0101,-0.0032,-0.0066,0.9998
1781788895396,1336,0.00439,-0.021,1.00562,1.00584,0.0,-0.125,0.0,-0.0101,-0.0032,-0.0066,0.9998
1781788895398,1338,0.00439,-0.021,1.00562,1.00584,0.0,-0.125,0.0,-0.0101,-0.0032,-0.0066,0.9998
1781788895492,1432,0.00732,-0.01807,1.00171,1.0019,0.0,0.062,-0.062,-0.0101,-0.0032,-0.0067,0.9998
1781788895493,1433,0.0061,-0.01733,1.00439,1.00456,0.0,0.0,-0.062,-0.01,-0.0032,-0.0067,0.9998
1781788895496,1436,0.00708,-0.02148,1.00415,1.00441,0.0,0.0,-0.062,-0.0101,-0.0032,-0.0067,0.9998
1781788895522,1462,0.0061,-0.02197,1.00391,1.00417,0.0,0.125,0.0,-0.0101,-0.0032,-0.0067,0.9998
1781788895575,1515,0.00757,-0.02197,1.00439,1.00466,0.0,0.0,0.0,-0.0101,-0.0032,-0.0067,0.9998
1781788895575,1515,0.00757,-0.02197,1.00439,1.00466,0.0,0.0,0.0,-0.0101,-0.0032,-0.0067,0.9998
1781788895576,1516,0.00708,-0.02051,1.0,1.00024,0.0,0.125,0.188,-0.0101,-0.0032,-0.0067,0.9998
1781788895634,1574,0.00464,-0.02026,1.00562,1.00583,-0.062,0.0,-0.125,-0.0101,-0.0032,-0.0067,0.9998
1781788895634,1574,0.00635,-0.02124,1.00366,1.00391,0.0,0.125,-0.062,-0.0101,-0.0032,-0.0067,0.9998
1781788895635,1575,0.00635,-0.02124,1.00366,1.00391,0.0,0.125,-0.062,-0.0101,-0.0032,-0.0067,0.9998
1781788895700,1640,0.00537,-0.02148,1.00439,1.00464,0.125,0.0,0.062,-0.0101,-0.0032,-0.0067,0.9998
1781788895703,1643,0.00781,-0.02051,1.00342,1.00366,-0.125,0.0,-0.188,-0.0101,-0.0032,-0.0067,0.9998
1781788895703,1643,0.01025,-0.02319,1.00293,1.00325,0.062,-0.062,0.0,-0.0101,-0.0033,-0.0067,0.9998
1781788895754,1694,0.00659,-0.02124,1.00391,1.00415,0.0,0.0,0.0,-0.0101,-0.0033,-0.0067,0.9998
1781788895754,1694,0.00513,-0.02295,1.00513,1.0054,0.0,0.0,-0.125,-0.0101,-0.0033,-0.0068,0.9998
1781788895754,1694,0.00586,-0.02222,1.00244,1.0027,0.0,-0.062,-0.125,-0.0101,-0.0033,-0.0068,0.9998
1781788895814,1754,0.00513,-0.02026,1.00342,1.00364,0.062,0.0,0.062,-0.0101,-0.0033,-0.0068,0.9998
1781788895814,1754,0.00854,-0.02197,1.00635,1.00662,0.0,-0.062,0.0,-0.0101,-0.0033,-0.0068,0.9998
1781788895815,1755,0.00537,-0.02026,1.00342,1.00364,0.0,0.062,-0.062,-0.0101,-0.0033,-0.0068,0.9998
1781788895874,1814,0.00537,-0.02026,1.00342,1.00364,0.0,0.062,-0.062,-0.0101,-0.0033,-0.0068,0.9998
1781788895875,1815,0.00684,-0.01807,1.00342,1.0036,0.125,0.062,0.0,-0.0101,-0.0033,-0.0068,0.9998
1781788895875,1815,0.00732,-0.02124,1.00488,1.00513,0.0,0.062,0.0,-0.0101,-0.0033,-0.0068,0.9998
1781788895937,1877,0.00732,-0.02124,1.00488,1.00513,0.0,0.062,0.0,-0.0101,-0.0033,-0.0068,0.9998
1781788895938,1878,0.00977,-0.02124,1.00366,1.00393,0.0,0.0,-0.062,-0.0101,-0.0033,-0.0068,0.9998
1781788895938,1878,0.00684,-0.02197,1.00244,1.00271,0.0,0.0,0.0,-0.0101,-0.0033,-0.0068,0.9998
1781788896003,1943,0.0061,-0.01904,1.00391,1.00411,0.0,0.062,0.0,-0.0101,-0.0033,-0.0068,0.9998
1781788896003,1943,0.00708,-0.02026,1.00317,1.0034,0.0,-0.062,-0.062,-0.0101,-0.0033,-0.0068,0.9998
1781788896004,1944,0.00488,-0.02124,1.00317,1.00341,0.125,-0.125,-0.125,-0.0101,-0.0033,-0.0068,0.9998
1781788896054,1994,0.00488,-0.02124,1.00317,1.00341,0.125,-0.125,-0.125,-0.0101,-0.0033,-0.0068,0.9998
1781788896054,1994,0.00513,-0.01904,1.00391,1.0041,-0.188,0.0,0.0,-0.0101,-0.0033,-0.0068,0.9998
1781788896055,1995,0.00562,-0.01953,1.00366,1.00387,0.0,0.0,0.0,-0.0101,-0.0033,-0.0068,0.9998
1781788896114,2054,0.00781,-0.02051,1.00513,1.00537,0.0,0.0,-0.062,-0.0101,-0.0033,-0.0068,0.9998
1781788896119,2059,0.00586,-0.02051,1.00293,1.00316,0.0,0.0,0.0,-0.0101,-0.0033,-0.0068,0.9998
1781788896119,2059,0.00684,-0.01953,1.0022,1.00241,0.0,0.0,0.0,-0.0101,-0.0033,-0.0068,0.9998
1781788896173,2113,0.00586,-0.01978,1.00439,1.00461,0.062,-0.062,-0.062,-0.0101,-0.0033,-0.0068,0.9998
1781788896174,2114,0.00439,-0.02051,1.00366,1.00388,0.125,0.062,0.0,-0.0101,-0.0033,-0.0068,0.9998
1781788896175,2115,0.00659,-0.02026,1.00513,1.00535,0.0,0.0,0.0,-0.0101,-0.0032,-0.0068,0.9998
1781788896237,2177,0.0083,-0.02173,1.00513,1.0054,0.125,0.0,0.0,-0.0101,-0.0032,-0.0068,0.9998
1781788896237,2177,0.00757,-0.01855,1.00757,1.00777,0.0,0.0,0.0,-0.0101,-0.0032,-0.0068,0.9998
1781788896237,2177,0.00879,-0.02344,1.00464,1.00495,-0.062,-0.062,0.0,-0.0101,-0.0032,-0.0068,0.9998
1781788896298,2238,0.00537,-0.02075,1.00586,1.00609,0.0,0.0,0.125,-0.0101,-0.0032,-0.0068,0.9998
1781788896298,2238,0.00659,-0.02148,1.00269,1.00294,0.0,-0.062,-0.188,-0.0101,-0.0032,-0.0068,0.9998
1781788896299,2239,0.00757,-0.021,1.00635,1.0066,0.0,0.0,0.125,-0.0101,-0.0033,-0.0068,0.9998
1781788896355,2295,0.00659,-0.02026,1.00464,1.00486,0.0,-0.125,-0.125,-0.0101,-0.0033,-0.0068,0.9998
1781788896357,2297,0.00635,-0.02148,1.00488,1.00513,0.0,0.0,0.0,-0.0101,-0.0033,-0.0068,0.9998
1781788896358,2298,0.00659,-0.0188,1.00269,1.00288,0.0,0.062,0.0,-0.0101,-0.0032,-0.0069,0.9998
1781788896421,2361,0.00562,-0.02197,1.00684,1.00709,0.0,0.0,0.0,-0.0101,-0.0032,-0.0068,0.9998
1781788896421,2361,0.0083,-0.02295,1.00488,1.00518,0.0,-0.125,0.062,-0.0101,-0.0032,-0.0068,0.9998
1781788896421,2361,0.00708,-0.02173,1.00562,1.00587,0.0,-0.125,0.0,-0.0101,-0.0033,-0.0069,0.9998
1781788896475,2415,0.00684,-0.01807,1.00195,1.00214,0.0,0.0,-0.25,-0.0101,-0.0033,-0.0069,0.9998
1781788896475,2415,0.00708,-0.01855,1.0061,1.0063,0.0,0.0,0.062,-0.0101,-0.0033,-0.0069,0.9998
1781788896476,2416,0.00732,-0.02051,1.00098,1.00121,0.0,0.062,0.0,-0.0101,-0.0033,-0.0069,0.9998
1781788896543,2483,0.00562,-0.02246,1.00073,1.001,0.0,0.0,0.0,-0.0102,-0.0033,-0.0069,0.9998
1781788896543,2483,0.00757,-0.01978,1.00806,1.00828,0.0,-0.062,0.0,-0.0101,-0.0033,-0.0069,0.9998
1781788896544,2484,0.00879,-0.02026,1.00293,1.00317,0.0,0.0,0.0,-0.0101,-0.0033,-0.0069,0.9998
1781788896598,2538,0.00684,-0.02124,1.00562,1.00586,0.0,0.0,0.0,-0.0101,-0.0033,-0.0069,0.9998
1781788896653,2593,0.00439,-0.021,1.00415,1.00438,0.0,0.0,0.0,-0.0101,-0.0033,-0.0069,0.9998
1781788896716,2656,0.00659,-0.01978,1.00439,1.00461,0.0,-0.062,0.0,-0.0101,-0.0033,-0.0069,0.9998
1781788896716,2656,0.00757,-0.02588,1.00439,1.00476,0.0,-0.062,0.0,-0.0102,-0.0033,-0.0069,0.9998
1781788896716,2656,0.00635,-0.02026,1.00415,1.00437,0.0,-0.062,0.0,-0.0101,-0.0033,-0.0069,0.9998
1781788896777,2717,0.0061,-0.02051,1.0061,1.00633,0.0,-0.188,-0.125,-0.0102,-0.0033,-0.0069,0.9998
1781788896778,2718,0.00635,-0.02222,1.00537,1.00564,0.0,0.0,-0.062,-0.0102,-0.0032,-0.0069,0.9998
1781788896781,2721,0.00757,-0.02197,1.00684,1.0071,0.0,-0.125,0.062,-0.0103,-0.0033,-0.0069,0.9998
1781788896833,2773,0.00415,-0.01953,1.00488,1.00508,0.062,-0.062,-0.062,-0.0103,-0.0033,-0.0069,0.9998
1781788896834,2774,0.00562,-0.02173,1.00537,1.00562,0.0,0.125,0.0,-0.0103,-0.0033,-0.0069,0.9998
1781788896834,2774,0.00806,-0.02002,1.00586,1.00609,0.0,0.062,0.125,-0.0103,-0.0033,-0.0069,0.9998
1781788896898,2838,0.00342,-0.02173,1.00464,1.00488,0.0,0.0,-0.062,-0.0103,-0.0033,-0.0069,0.9998
1781788896899,2839,0.00732,-0.01978,1.00488,1.0051,-0.062,0.0,0.0,-0.0103,-0.0033,-0.0069,0.9998
1781788896899,2839,0.00781,-0.01929,1.00586,1.00607,-0.062,0.0,-0.062,-0.0102,-0.0033,-0.0069,0.9998
1781788896953,2893,0.00293,-0.02148,1.00635,1.00658,0.0,-0.062,0.0,-0.0102,-0.0033,-0.0069,0.9998
1781788896954,2894,0.00708,-0.02075,1.00317,1.00341,0.0,0.0,-0.062,-0.0102,-0.0033,-0.0069,0.9998
1781788896954,2894,0.00879,-0.02246,1.00513,1.00542,0.0,0.062,0.062,-0.0103,-0.0033,-0.0069,0.9998
1781788897020,2960,0.00342,-0.02197,1.00391,1.00415,0.0,0.125,0.0,-0.0103,-0.0033,-0.0069,0.9998
1781788897020,2960,0.00513,-0.02051,1.00269,1.00291,0.0,0.0,-0.062,-0.0103,-0.0032,-0.0069,0.9998
1781788897021,2961,0.00391,-0.01733,1.00659,1.00675,0.062,-0.062,0.0,-0.0103,-0.0033,-0.0069,0.9998
1781788897075,3015,0.00659,-0.02197,1.00391,1.00417,0.0,0.188,0.062,-0.0103,-0.0033,-0.0069,0.9998
1781788897075,3015,0.0061,-0.02075,1.00366,1.0039,0.0,-0.062,0.0,-0.0103,-0.0033,-0.0069,0.9998
1781788897075,3015,0.00659,-0.01953,1.00586,1.00607,0.0,0.0,0.0,-0.0103,-0.0033,-0.0069,0.9998
1781788897134,3074,0.00903,-0.02026,1.00537,1.00562,0.0,-0.188,0.125,-0.0103,-0.0033,-0.0069,0.9998
1781788897134,3074,0.00684,-0.01929,1.00513,1.00534,0.062,-0.062,-0.062,-0.0103,-0.0033,-0.0069,0.9998
1781788897134,3074,0.00366,-0.02246,1.00098,1.00124,0.0,-0.062,0.0,-0.0103,-0.0033,-0.0069,0.9998
1781788897195,3135,0.00513,-0.01978,1.00244,1.00265,0.0,0.062,0.188,-0.0103,-0.0033,-0.0069,0.9998
1781788897202,3142,0.00708,-0.02002,1.00464,1.00486,0.0,0.0,0.0,-0.0103,-0.0033,-0.0069,0.9998
1781788897202,3142,0.00732,-0.02271,1.00415,1.00443,0.0,0.0,0.062,-0.0103,-0.0033,-0.0069,0.9998
1781788897254,3194,0.00757,-0.021,1.00513,1.00537,0.062,0.0,0.0,-0.0103,-0.0033,-0.0069,0.9998
1781788897254,3194,0.00952,-0.02319,1.00317,1.00349,0.0,0.0,0.0,-0.0103,-0.0033,-0.0069,0.9998
1781788897256,3196,0.00806,-0.02026,1.00293,1.00317,0.125,-0.062,0.0,-0.0103,-0.0034,-0.0069,0.9998
1781788897317,3257,0.00854,-0.02026,1.00513,1.00537,0.0,0.0,0.0,-0.0103,-0.0034,-0.0069,0.9998
1781788897317,3257,0.00732,-0.02075,1.00269,1.00293,0.062,0.0,0.0,-0.0103,-0.0034,-0.0069,0.9998
1781788897318,3258,0.00537,-0.01978,1.00195,1.00216,0.062,0.125,-0.062,-0.0103,-0.0034,-0.007,0.9998
1781788897376,3316,0.00562,-0.02026,1.00366,1.00388,0.0,0.0,0.188,-0.0103,-0.0034,-0.0069,0.9998
1781788897377,3317,0.00537,-0.02344,1.00171,1.002,0.0,-0.125,0.0,-0.0103,-0.0034,-0.0069,0.9998
1781788897384,3324,0.00537,-0.02344,1.00171,1.002,0.0,-0.125,0.0,-0.0103,-0.0034,-0.0069,0.9998
1781788897433,3373,0.0083,-0.02124,1.00439,1.00465,0.0,0.0,-0.188,-0.0103,-0.0034,-0.007,0.9998
1781788897436,3376,0.00635,-0.02393,1.00269,1.00299,0.062,0.0,-0.062,-0.0103,-0.0034,-0.007,0.9998
1781788897436,3376,0.00635,-0.0188,1.00317,1.00337,0.0,0.0,0.062,-0.0103,-0.0034,-0.007,0.9998
1781788897496,3436,0.00586,-0.02026,1.00269,1.00291,0.0,-0.125,-0.062,-0.0103,-0.0034,-0.007,0.9998
1781788897554,3494,0.00708,-0.021,1.00488,1.00513,0.0,0.0,0.0,-0.0103,-0.0034,-0.007,0.9998
1781788897559,3499,0.00708,-0.021,1.00488,1.00513,0.0,0.0,0.0,-0.0103,-0.0034,-0.007,0.9998
1781788897559,3499,0.00708,-0.02051,1.00073,1.00097,-0.062,-0.188,0.0,-0.0103,-0.0034,-0.007,0.9998
1781788897615,3555,0.01001,-0.02148,1.00146,1.00175,0.0,0.0,0.0,-0.0103,-0.0034,-0.007,0.9998
1781788897615,3555,0.00928,-0.02222,1.00635,1.00664,0.0,0.062,0.125,-0.0103,-0.0034,-0.007,0.9998
1781788897617,3557,0.00684,-0.02075,1.00488,1.00512,-0.062,-0.188,0.0,-0.0103,-0.0034,-0.007,0.9998
1781788897675,3615,0.00708,-0.02295,1.00659,1.00688,0.0,0.0,0.0,-0.0103,-0.0034,-0.007,0.9998
1781788897675,3615,0.00439,-0.02319,1.00586,1.00614,0.0,-0.125,0.0,-0.0103,-0.0034,-0.007,0.9998
1781788897677,3617,0.00537,-0.01855,1.00415,1.00434,-0.062,0.0,0.125,-0.0103,-0.0034,-0.007,0.9998
1781788897733,3673,0.00903,-0.01929,1.00464,1.00486,0.062,-0.062,-0.125,-0.0103,-0.0034,-0.007,0.9998
1781788897739,3679,0.00488,-0.02124,1.00415,1.00439,0.0,-0.062,0.125,-0.0103,-0.0034,-0.007,0.9998
1781788897739,3679,0.00635,-0.02197,1.00513,1.00539,0.0,0.0,0.0,-0.0103,-0.0034,-0.007,0.9998
1781788897794,3734,0.00464,-0.0188,1.00439,1.00458,0.0,0.0,0.0,-0.0103,-0.0034,-0.007,0.9998
1781788897794,3734,0.0083,-0.0188,1.00537,1.00558,0.0,-0.062,0.0,-0.0103,-0.0034,-0.007,0.9998
1781788897794,3734,0.00659,-0.02075,1.00366,1.0039,0.0,-0.188,0.0,-0.0103,-0.0034,-0.007,0.9998
1781788897854,3794,0.00732,-0.01831,1.00366,1.00386,0.0,-0.062,0.062,-0.0103,-0.0034,-0.007,0.9998
1781788897854,3794,0.00757,-0.01953,1.00269,1.0029,0.0,0.062,0.0,-0.0103,-0.0034,-0.007,0.9998
1781788897854,3794,0.00757,-0.01953,1.00269,1.0029,0.0,0.062,0.0,-0.0103,-0.0034,-0.007,0.9998
1781788897915,3855,0.00293,-0.02173,1.00342,1.00366,0.0,0.0,0.062,-0.0103,-0.0034,-0.007,0.9998
1781788897915,3855,0.00806,-0.02002,1.00513,1.00536,0.0,0.0,0.0,-0.0103,-0.0034,-0.007,0.9998
1781788897917,3857,0.00513,-0.01953,1.00708,1.00728,0.0,0.0,0.125,-0.0103,-0.0034,-0.007,0.9998
1781788897974,3914,0.00488,-0.02075,1.0022,1.00242,0.188,0.0,0.062,-0.0103,-0.0034,-0.007,0.9998
1781788897974,3914,0.00732,-0.01636,1.00317,1.00333,0.0,-0.062,0.0,-0.0103,-0.0034,-0.0069,0.9998
1781788897974,3914,0.00732,-0.01636,1.00317,1.00333,0.0,-0.062,0.0,-0.0103,-0.0034,-0.0069,0.9998
1781788898035,3975,0.00342,-0.02124,1.00952,1.00975,0.0,0.0,0.0,-0.0103,-0.0034,-0.007,0.9998
1781788898035,3975,0.00757,-0.01782,1.01147,1.01166,0.125,-0.062,0.0,-0.0103,-0.0034,-0.0069,0.9998
1781788898036,3976,0.00659,-0.01758,1.00293,1.00311,0.0,-0.062,0.0,-0.0103,-0.0034,-0.007,0.9998
1781788898095,4035,0.00635,-0.02075,1.00903,1.00927,0.188,0.062,0.062,-0.0103,-0.0033,-0.007,0.9998
1781788898096,4036,0.00586,-0.01904,1.01123,1.01143,0.0,0.0,0.0,-0.0103,-0.0033,-0.007,0.9998
1781788898096,4036,0.0083,-0.0188,1.00586,1.00607,0.0,0.0,0.0,-0.0103,-0.0033,-0.007,0.9998
1781788898153,4093,0.0083,-0.02124,1.00562,1.00587,0.0,0.0,0.0,-0.0103,-0.0033,-0.007,0.9998
1781788898153,4093,0.00732,-0.02124,1.00537,1.00562,0.0,-0.062,0.0,-0.0103,-0.0033,-0.007,0.9998
1781788898154,4094,0.00439,-0.02246,1.00146,1.00173,0.0,-0.188,0.0,-0.0103,-0.0033,-0.007,0.9998
1781788898213,4153,0.0061,-0.02271,1.00439,1.00467,0.0,-0.062,0.062,-0.0103,-0.0033,-0.007,0.9998
1781788898218,4158,0.00635,-0.01929,1.00684,1.00704,0.0,0.0,0.062,-0.0103,-0.0033,-0.007,0.9998
1781788898218,4158,0.00732,-0.01978,0.99951,0.99973,0.0,0.0,0.0,-0.0103,-0.0033,-0.007,0.9998
1781788898274,4214,0.00708,-0.01758,1.00439,1.00457,-0.125,0.0,0.0,-0.0103,-0.0033,-0.007,0.9998
1781788898274,4214,0.01025,-0.01978,1.00317,1.00342,0.0,-0.125,0.062,-0.0103,-0.0034,-0.007,0.9998
1781788898274,4214,0.00635,-0.02393,1.00342,1.00372,0.0,0.0,0.0,-0.0103,-0.0033,-0.007,0.9998
1781788898333,4273,0.00342,-0.02124,1.00586,1.00609,0.0,-0.062,0.0,-0.0103,-0.0033,-0.0069,0.9998
1781788898333,4273,0.00708,-0.01831,1.00537,1.00556,0.0,-0.062,0.0,-0.0103,-0.0033,-0.0069,0.9998
1781788898334,4274,0.00635,-0.02417,1.00317,1.00349,-0.062,0.0,0.0,-0.0103,-0.0033,-0.0069,0.9998
1781788898393,4333,0.00537,-0.02197,1.00269,1.00294,0.0,0.062,-0.062,-0.0103,-0.0032,-0.0069,0.9998
1781788898394,4334,0.0061,-0.01904,1.00537,1.00557,0.0,0.0,-0.062,-0.0103,-0.0032,-0.0069,0.9998
1781788898395,4335,0.00659,-0.02026,1.0022,1.00242,0.0,-0.062,0.0,-0.0103,-0.0032,-0.0069,0.9998
1781788898458,4398,0.00781,-0.02319,1.00464,1.00494,0.0,0.0,0.062,-0.0103,-0.0032,-0.0069,0.9998
1781788898458,4398,0.00635,-0.01953,1.0061,1.00631,0.0,0.0,0.0,-0.0103,-0.0032,-0.0069,0.9998
1781788898458,4398,0.00952,-0.01807,1.00269,1.00289,0.0,0.125,-0.188,-0.0103,-0.0032,-0.0069,0.9998
1781788898515,4455,0.00952,-0.01807,1.00269,1.00289,0.0,0.125,-0.188,-0.0103,-0.0032,-0.0069,0.9998
1781788898516,4456,0.00171,-0.02026,1.00732,1.00753,-0.125,0.125,0.0,-0.0103,-0.0032,-0.0069,0.9998
1781788898516,4456,0.00879,-0.03369,1.00317,1.00378,-0.812,0.312,0.25,-0.0103,-0.0032,-0.007,0.9998
1781788898578,4518,0.01416,-0.01221,0.99731,0.99749,0.375,-0.25,-0.5,-0.0103,-0.0032,-0.007,0.9998
1781788898581,4521,0.00806,-0.02515,0.99585,0.9962,-0.062,0.0,0.188,-0.0103,-0.0032,-0.007,0.9998
1781788898585,4525,0.00757,-0.02417,1.00146,1.00179,0.0,0.062,0.0,-0.0103,-0.0032,-0.007,0.9998
1781788898640,4580,0.00659,-0.01782,1.01001,1.01019,0.0,0.0,-0.062,-0.0103,-0.0032,-0.007,0.9998
1781788898641,4581,0.0083,-0.02075,1.00195,1.0022,0.0,0.062,0.0,-0.0103,-0.0032,-0.007,0.9998
1781788898641,4581,0.00903,-0.02148,1.00342,1.00369,0.062,0.062,0.0,-0.0103,-0.0032,-0.007,0.9998
1781788898717,4657,0.00415,-0.01758,1.0061,1.00627,0.0,0.125,-0.062,-0.0103,-0.0032,-0.007,0.9998
1781788898717,4657,0.00635,-0.02441,1.00439,1.00471,0.0,0.0,0.0,-0.0103,-0.0032,-0.007,0.9998
1781788898717,4657,0.0083,-0.02197,1.0083,1.00857,0.0,0.125,0.0,-0.0103,-0.0032,-0.007,0.9998
1781788898783,4723,0.00684,-0.02148,1.00415,1.0044,-0.062,0.062,0.125,-0.0103,-0.0032,-0.007,0.9998
1781788898783,4723,0.00757,-0.02051,1.00562,1.00585,0.062,0.0,0.0,-0.0103,-0.0032,-0.007,0.9998
1781788898783,4723,0.00659,-0.02148,1.00513,1.00538,0.062,0.062,-0.062,-0.0103,-0.0032,-0.007,0.9998
1781788898818,4758,0.00659,-0.02148,1.00513,1.00538,0.062,0.062,-0.062,-0.0103,-0.0032,-0.007,0.9998
1781788898819,4759,0.00635,-0.02319,1.00586,1.00615,0.0,-0.062,0.0,-0.0103,-0.0032,-0.007,0.9998
1781788898820,4760,0.00732,-0.01929,1.00293,1.00314,0.0,0.0,0.0,-0.0103,-0.0032,-0.007,0.9998
1781788898878,4818,0.00708,-0.01978,1.00366,1.00388,0.062,-0.062,-0.062,-0.0103,-0.0032,-0.007,0.9998
1781788898882,4822,0.00586,-0.021,1.00684,1.00707,0.0,0.0,0.0,-0.0103,-0.0032,-0.007,0.9998
1781788898882,4822,0.00952,-0.02075,1.00317,1.00343,-0.125,0.188,-0.062,-0.0103,-0.0032,-0.007,0.9998
1781788898933,4873,0.00391,-0.02173,1.00439,1.00464,0.062,-0.062,0.0,-0.0103,-0.0032,-0.007,0.9998
1781788898934,4874,0.0083,-0.02002,1.00073,1.00097,0.0,0.312,0.0,-0.0103,-0.0032,-0.007,0.9998
1781788898934,4874,0.00781,-0.01953,1.00781,1.00803,0.0,0.0,0.0,-0.0103,-0.0032,-0.007,0.9998
1781788899007,4947,0.00537,-0.02148,1.00195,1.0022,0.0,-0.062,0.0,-0.0103,-0.0032,-0.007,0.9998
1781788899008,4948,0.00732,-0.01807,1.00342,1.00361,0.0,0.062,0.0,-0.0103,-0.0032,-0.007,0.9998
1781788899008,4948,0.00757,-0.01831,1.0061,1.0063,0.0,0.062,0.0,-0.0103,-0.0031,-0.007,0.9998
1781788899055,4995,0.00586,-0.01978,1.00586,1.00607,0.125,-0.062,-0.062,-0.0103,-0.0031,-0.007,0.9998
1781788899055,4995,0.00537,-0.02002,1.00732,1.00754,-0.062,0.062,0.0,-0.0103,-0.0031,-0.007,0.9998
1781788899061,5001,0.00684,-0.021,1.00415,1.00439,0.0,-0.188,-0.062,-0.0103,-0.0031,-0.007,0.9998
1781788899115,5055,0.00806,-0.02002,1.00195,1.00219,0.0,0.0,-0.062,-0.0103,-0.0031,-0.007,0.9998
1781788899123,5063,0.00781,-0.02026,1.00586,1.00609,0.0,0.0,0.125,-0.0103,-0.0031,-0.007,0.9998
1781788899123,5063,0.00854,-0.01978,1.00513,1.00536,0.0,0.0,0.125,-0.0103,-0.0032,-0.007,0.9998
1781788899173,5113,0.00781,-0.02222,1.00562,1.00589,0.0,0.0,0.0,-0.0103,-0.0032,-0.007,0.9998
1781788899174,5114,0.00488,-0.02173,1.00513,1.00537,0.0,0.0,0.0,-0.0103,-0.0032,-0.007,0.9998
1781788899174,5114,-5.26562,1.20288,0.55811,5.43003,-10.5,-89.438,106.625,-0.0108,-0.0007,-0.0274,0.9995
1781788899239,5179,-0.28027,-0.44971,1.51611,1.60605,-7.75,-58.312,48.625,-0.0092,-0.0039,-0.0228,0.9996
1781788899239,5179,0.27783,0.33521,0.83496,0.94165,32.188,-21.438,-124.375,-0.0106,-0.0078,-0.0279,0.9995
1781788899239,5179,-0.32935,0.06201,1.34888,1.38989,-4.25,-15.062,-81.438,-0.0051,-0.0073,-0.0632,0.9979
1781788899295,5235,0.05396,-0.18481,0.99536,1.01381,7.375,-54.312,-122.438,-0.0055,-0.0095,-0.0684,0.9975
1781788899296,5236,0.12305,-0.07739,1.02734,1.03758,-6.562,-27.312,-118.812,-0.0057,-0.0111,-0.0736,0.9971
1781788899296,5236,0.13818,-0.00854,1.09497,1.10369,-30.562,72.0,-58.812,-0.0136,0.0051,-0.105,0.9943
1781788899353,5293,0.21216,0.04224,1.10376,1.12476,-20.938,73.188,-33.812,-0.0142,0.0081,-0.1068,0.9941
1781788899353,5293,-0.00098,0.17944,1.41919,1.43049,3.125,61.0,-4.5,-0.0137,0.011,-0.1072,0.994
1781788899354,5294,0.07739,-0.09229,1.1665,1.17271,53.375,8.938,-34.938,0.004,0.0126,-0.1063,0.9941
1781788899413,5353,0.1499,-0.04102,1.20459,1.21457,53.25,9.375,-40.688,0.0063,0.0126,-0.1081,0.994
1781788899413,5353,0.26562,-0.03735,1.21167,1.24101,62.375,7.188,-32.375,0.0088,0.0125,-0.1097,0.9938
1781788899421,5361,0.2478,0.03613,1.21167,1.23728,102.438,26.125,36.062,0.0446,0.0068,-0.1101,0.9928
1781788899474,5414,0.33765,0.19116,1.29639,1.35321,117.062,32.562,59.125,0.0524,0.0075,-0.1069,0.9927
1781788899475,5415,0.24756,0.15137,1.26831,1.30108,128.0,27.188,68.312,0.0578,0.0079,-0.1041,0.9927
1781788899475,5415,0.47705,0.2605,1.17871,1.298,159.562,-72.375,-46.812,0.1137,-0.0119,-0.1106,0.9872
1781788899568,5508,0.4082,0.27441,1.12598,1.22872,162.938,-84.812,-48.5,0.1234,-0.0181,-0.1141,0.9855
1781788899568,5508,0.38184,0.27734,1.09106,1.18876,162.875,-87.875,-50.0,0.1267,-0.0203,-0.1153,0.9849
1781788899568,5508,0.38184,0.27734,1.09106,1.18876,162.875,-87.875,-50.0,0.1267,-0.0203,-0.1153,0.9849
1781788899593,5533,0.35962,0.41846,0.72729,0.9129,165.688,-53.25,-14.188,0.1914,-0.0631,-0.1381,0.9696
1781788899594,5534,0.23022,0.46167,0.82886,0.97629,160.562,-56.375,-6.625,0.2013,-0.0679,-0.1385,0.9672
1781788899595,5535,0.23022,0.46167,0.82886,0.97629,160.562,-56.375,-6.625,0.2013,-0.0679,-0.1385,0.9672
1781788899656,5596,0.02979,0.42041,0.59985,0.73311,125.0,-107.375,-98.0,0.2607,-0.1078,-0.1763,0.9429
1781788899661,5601,-0.07983,0.40283,0.52002,0.66262,115.875,-110.125,-98.5,0.2651,-0.1119,-0.1809,0.9403
1781788899661,5601,-0.22485,0.52246,0.46216,0.73288,74.875,-33.25,-12.062,0.2969,-0.1302,-0.2102,0.9222
1781788899715,5655,-0.23438,0.61157,0.56274,0.8635,84.0,-33.25,7.375,0.3014,-0.1333,-0.2102,0.9203
1781788899715,5655,-0.22192,0.63989,0.61646,0.91582,87.0,-16.75,14.375,0.3046,-0.1349,-0.2095,0.9191
1781788899716,5656,-0.19897,0.49902,0.6604,0.85132,97.75,-6.812,53.562,0.3403,-0.1485,-0.1895,0.9088
1781788899773,5713,-0.14819,0.521,0.66577,0.85828,86.312,-0.125,56.5,0.345,-0.1508,-0.1856,0.9075
1781788899773,5713,-0.14478,0.55469,0.67383,0.88469,81.562,2.188,62.438,0.3478,-0.1522,-0.1827,0.9067
1781788899774,5714,-0.14478,0.55469,0.67383,0.88469,81.562,2.188,62.438,0.3478,-0.1522,-0.1827,0.9067
1781788899836,5776,0.17554,0.83032,0.70801,1.10523,69.312,14.25,43.25,0.3744,-0.1599,-0.1511,0.9006
1781788899838,5778,0.14355,0.81812,0.72607,1.10322,72.688,15.25,44.562,0.377,-0.1603,-0.1487,0.8999
1781788899838,5778,0.14355,0.81812,0.72607,1.10322,72.688,15.25,44.562,0.377,-0.1603,-0.1487,0.8999
1781788899895,5835,0.14355,0.81812,0.72607,1.10322,72.688,15.25,44.562,0.377,-0.1603,-0.1487,0.8999
1781788899896,5836,0.14624,0.72192,0.66431,0.9919,58.312,45.0,0.812,0.4015,-0.159,-0.1282,0.8926
1781788899899,5839,0.14624,0.72192,0.66431,0.9919,58.312,45.0,0.812,0.4015,-0.159,-0.1282,0.8926
1781788899959,5899,-0.06152,0.7229,0.59985,0.94138,28.688,36.375,29.312,0.4241,-0.1473,-0.1097,0.8867
1781788899962,5902,-0.10425,0.73022,0.64575,0.98035,26.812,42.625,27.375,0.4252,-0.1462,-0.1078,0.8865
1781788899962,5902,0.17969,0.823,0.68457,1.08547,7.938,45.75,-44.688,0.4325,-0.1269,-0.1064,0.8861
1781788900016,5956,0.21387,0.82788,0.64844,1.07312,9.562,35.875,-42.0,0.4336,-0.1236,-0.1077,0.8859
1781788900016,5956,0.22534,0.82397,0.62061,1.05587,10.562,31.125,-43.375,0.4344,-0.1217,-0.1086,0.8857
1781788900017,5957,0.15723,0.76904,0.51074,0.93649,15.562,6.125,-43.625,0.4424,-0.1105,-0.1198,0.8818
1781788900078,6018,0.29858,0.76538,0.49756,0.96048,19.688,26.562,-45.125,0.4436,-0.1083,-0.1215,0.8812
1781788900089,6029,0.15674,0.78149,0.50464,0.94338,5.938,52.125,-25.312,0.4443,-0.106,-0.1217,0.8811
1781788900089,6029,0.01587,1.11938,0.97778,1.48638,41.375,-60.0,-15.938,0.4537,-0.0944,-0.1298,0.8765
1781788900145,6085,0.01587,1.11938,0.97778,1.48638,41.375,-60.0,-15.938,0.4537,-0.0944,-0.1298,0.8765
1781788900145,6085,-0.00537,0.89795,0.8252,1.21954,54.312,-66.875,9.0,0.4559,-0.0989,-0.1314,0.8746
1781788900146,6086,0.09424,0.94971,0.62524,1.14094,54.438,-9.5,8.875,0.4728,-0.114,-0.1387,0.8625
1781788900193,6133,0.09424,0.94971,0.62524,1.14094,54.438,-9.5,8.875,0.4728,-0.114,-0.1387,0.8625
1781788900194,6134,0.08179,0.90405,0.56616,1.06983,62.312,-24.688,18.562,0.4769,-0.1169,-0.1378,0.86
1781788900195,6135,0.22192,0.81934,0.44043,0.95632,19.438,-2.125,-3.375,0.4914,-0.1271,-0.1312,0.8514
1781788900253,6193,-0.01782,0.87183,0.42847,0.97159,18.125,4.562,22.125,0.4932,-0.1278,-0.1292,0.8506
1781788900320,6260,0.19629,0.92114,0.46411,1.04997,15.312,5.5,39.812,0.4937,-0.1286,-0.1277,0.8504
1781788900321,6261,0.00586,0.77002,0.60547,0.97957,-310.312,175.5,72.625,0.4485,-0.114,-0.116,0.8787
1781788900322,6262,0.00586,0.77002,0.60547,0.97957,-310.312,175.5,72.625,0.4485,-0.114,-0.116,0.8787
1781788900375,6315,0.05396,0.85425,0.45117,0.96758,-286.312,140.312,60.312,0.4334,-0.1058,-0.1101,0.8881
1781788900376,6316,-0.17041,0.39746,0.52124,0.67728,-989.625,158.438,216.875,0.2169,-0.0261,-0.0617,0.9738
1781788900376,6316,-2.88965,-5.03271,-3.50513,6.77969,442.5,-5.938,276.75,0.3314,0.2195,-0.0642,0.9152
1781788900436,6376,-0.01904,1.09766,1.92188,2.21333,39.875,99.625,159.188,0.3444,0.2055,-0.0684,0.9133
1781788900493,6433,-0.01758,-0.08423,0.03809,0.0941,41.438,-6.062,29.062,0.3451,0.2061,-0.0645,0.9132
1781788900493,6433,-0.41748,0.19214,1.38916,1.46321,-112.75,-70.625,-6.0,0.2919,0.2006,-0.0521,0.9336
1781788900494,6434,-0.29712,0.17676,0.24609,0.42436,-28.938,13.688,-9.875,0.2902,0.2004,-0.0523,0.9342
1781788900554,6494,-0.44409,0.59546,0.97974,1.2295,47.312,56.75,28.875,0.2927,0.2031,-0.0505,0.9329
1781788900554,6494,-0.42407,0.52588,0.71313,0.98232,-31.688,13.25,-0.688,0.2828,0.2091,-0.0477,0.9348
1781788900554,6494,-0.40161,0.47119,0.75977,0.98008,-13.5,7.625,-7.625,0.2703,0.2149,-0.0439,0.9373
1781788900618,6558,-0.39697,0.47095,0.76636,0.9832,-9.75,7.438,-8.25,0.2698,0.2153,-0.044,0.9374
1781788900618,6558,-0.40283,0.47266,0.77563,0.99362,-5.188,8.562,-9.188,0.2692,0.2161,-0.0444,0.9373
1781788900619,6559,-0.45532,0.44214,0.74438,0.97822,-8.062,9.062,-1.812,0.2661,0.2208,-0.0453,0.9371
1781788900674,6614,-0.46069,0.44604,0.75146,0.98787,-8.312,8.125,-1.812,0.2658,0.2212,-0.0452,0.9371
1781788900674,6614,-0.46265,0.43896,0.73999,0.97689,-7.375,7.188,-2.062,0.2654,0.2216,-0.0451,0.9371
1781788900674,6614,-0.45288,0.44189,0.73193,0.96752,16.375,-4.875,-0.125,0.267,0.2218,-0.0465,0.9365
1781788900735,6675,-0.44751,0.45117,0.73438,0.97115,18.062,-5.375,0.688,0.2677,0.2216,-0.0467,0.9364
1781788900737,6677,-0.44531,0.46729,0.73462,0.97792,18.625,-5.938,1.312,0.2684,0.2213,-0.0469,0.9362
1781788900742,6682,-0.42456,0.48486,0.74316,0.98369,16.812,-12.625,5.312,0.2752,0.2169,-0.0479,0.9353
1781788900794,6734,-0.40967,0.49561,0.73853,0.97922,19.125,-13.188,5.062,0.276,0.2162,-0.048,0.9351
1781788900795,6735,-0.40771,0.50977,0.76123,1.00278,22.375,-12.688,3.938,0.2778,0.2149,-0.0484,0.9349
1781788900798,6738,-0.39893,0.52612,0.76367,1.00953,32.188,-12.562,6.438,0.2877,0.2092,-0.0507,0.9331
1781788900855,6795,-0.39478,0.53174,0.76343,1.01065,31.812,-12.438,7.188,0.289,0.2085,-0.0509,0.9328
1781788900855,6795,-0.40039,0.53711,0.77466,1.02416,31.562,-11.812,8.5,0.2904,0.2078,-0.051,0.9326
1781788900856,6796,-0.39526,0.56226,0.73804,1.0085,33.438,-12.75,2.812,0.3029,0.2015,-0.0529,0.9298
1781788900917,6857,-0.39648,0.56494,0.75073,1.01978,34.875,-12.312,1.438,0.3043,0.2009,-0.0533,0.9295
1781788900919,6859,-0.38281,0.58594,0.75098,1.02656,36.375,-12.438,0.562,0.3057,0.2003,-0.0537,0.9291
1781788900920,6860,-0.37524,0.58862,0.68262,0.97635,47.0,-10.562,0.688,0.3223,0.194,-0.059,0.9245
1781788900979,6919,-0.3916,0.59375,0.68066,0.98448,49.688,-10.375,1.625,0.3243,0.1934,-0.0595,0.924
1781788900979,6919,-0.39233,0.60303,0.6709,0.9837,51.188,-11.125,1.875,0.3263,0.1928,-0.06,0.9233
1781788900980,6920,-0.40112,0.60449,0.70923,1.01455,19.375,-10.25,-2.188,0.3388,0.187,-0.0644,0.9197
1781788901033,6973,-0.40576,0.6106,0.71143,1.02157,19.875,-12.0,-4.125,0.3395,0.1865,-0.0649,0.9195
1781788901033,6973,-0.38574,0.60352,0.70239,1.00319,21.438,-13.188,-5.562,0.3402,0.186,-0.0654,0.9193
1781788901034,6974,-0.3689,0.63623,0.66919,0.99433,36.188,-15.188,-4.0,0.3515,0.1794,-0.0728,0.9158
1781788901098,7038,-0.34961,0.61279,0.66357,0.96854,34.125,-18.062,-3.188,0.3527,0.1787,-0.0734,0.9154
1781788901098,7038,-0.33179,0.61401,0.70117,0.98931,37.0,-17.75,-0.125,0.3541,0.1779,-0.074,0.915
1781788901098,7038,-0.37256,0.6145,0.68115,0.99014,8.5,-0.875,6.312,0.3607,0.1742,-0.0756,0.913
1781788901154,7094,-0.37036,0.6189,0.68799,0.99676,11.312,-0.812,8.0,0.3611,0.174,-0.0754,0.9129
1781788901154,7094,-0.37012,0.6333,0.69946,1.01356,13.938,-0.312,8.938,0.3617,0.1738,-0.0751,0.9127
1781788901155,7095,-0.3645,0.68579,0.6731,1.02773,2.188,1.188,6.875,0.3654,0.1732,-0.0725,0.9116
1781788901223,7163,-0.37402,0.69287,0.67358,1.03618,-0.312,2.062,6.688,0.3655,0.1731,-0.0722,0.9116
1781788901224,7164,-0.38672,0.68335,0.67236,1.03373,-3.625,2.75,6.375,0.3654,0.1732,-0.0718,0.9116
1781788901224,7164,-0.36841,0.65698,0.67212,1.0095,-2.875,1.938,2.5,0.3643,0.173,-0.069,0.9124
1781788901274,7214,-0.3645,0.64722,0.67627,1.00454,-1.688,2.375,3.438,0.3641,0.1732,-0.0686,0.9124
1781788901275,7215,-0.36426,0.64307,0.66602,0.99488,-2.375,2.5,4.562,0.3641,0.1732,-0.0682,0.9124
1781788901276,7216,-0.37036,0.64526,0.64429,0.98419,25.125,-5.125,23.562,0.3693,0.17,-0.0638,0.9113
1781788901335,7275,-0.36108,0.63647,0.64038,0.9724,26.562,-5.125,22.25,0.3704,0.1693,-0.0632,0.911
1781788901336,7276,-0.35425,0.63306,0.62695,0.95881,25.875,-5.688,22.812,0.3716,0.1687,-0.0626,0.9107
1781788901337,7277,-0.33813,0.71875,0.70459,1.06178,-1.875,5.125,19.5,0.3845,0.1643,-0.0546,0.9066
1781788901393,7333,-0.3457,0.72192,0.68555,1.05388,-16.188,4.688,14.625,0.3842,0.1643,-0.0538,0.9068
1781788901393,7333,-0.37402,0.68213,0.67676,1.03111,-22.375,3.0,13.375,0.3834,0.1643,-0.0531,0.9072
1781788901395,7335,-0.37891,1.05908,0.83301,1.39969,-0.125,9.875,17.312,0.3515,0.1599,-0.0416,0.9214
1781788901455,7395,-0.40991,0.52563,0.71655,0.97866,-25.938,-17.688,79.5,0.3508,0.1587,-0.0387,0.922
1781788901456,7396,-0.24878,0.71631,0.80591,1.10656,24.0,21.5,83.188,0.3518,0.1574,-0.0356,0.9219
1781788901461,7401,-0.32349,0.76636,0.68726,1.07901,-24.812,7.562,-1.75,0.3504,0.1592,-0.0023,0.9229
1781788901516,7456,-0.29028,0.64404,0.68726,0.98558,-36.188,10.125,6.75,0.348,0.1596,-0.0015,0.9237
1781788901516,7456,-0.27148,0.65063,0.68896,0.98575,-42.625,10.75,5.75,0.3464,0.1599,-0.0008,0.9242
1781788901517,7457,-0.32275,0.71875,0.68433,1.04359,-7.875,-4.0,12.062,0.3442,0.1623,0.0031,0.9246
1781788901573,7513,-0.25732,0.63892,0.66406,0.95677,-31.812,-8.688,14.5,0.3432,0.1617,0.0037,0.9251
1781788901573,7513,-0.27954,0.70972,0.69434,1.03148,-49.625,-12.562,31.625,0.3417,0.1608,0.0049,0.9258
1781788901579,7519,-0.27954,0.70972,0.69434,1.03148,-49.625,-12.562,31.625,0.3417,0.1608,0.0049,0.9258
1781788901633,7573,-0.29468,1.05664,0.92847,1.43714,-6.562,23.438,45.5,0.3391,0.154,0.0182,0.9278
1781788901633,7573,-0.36011,0.41309,0.92993,1.07939,-99.125,36.0,55.688,0.3363,0.1549,0.0213,0.9286
1781788901635,7575,-0.26611,0.49487,0.66528,0.87081,0.375,-1.0,17.25,0.3294,0.1557,0.0283,0.9307
1781788901693,7633,-0.26465,0.96826,0.95654,1.38656,10.438,-16.875,12.062,0.3305,0.1548,0.0289,0.9304
1781788901693,7633,-0.34863,0.64526,0.76611,1.06058,-0.875,14.062,19.938,0.3303,0.1549,0.0296,0.9305
1781788901694,7634,-0.34863,0.64526,0.76611,1.06058,-0.875,14.062,19.938,0.3303,0.1549,0.0296,0.9305
1781788901755,7695,-0.32007,0.63477,0.74658,1.0309,-22.625,-7.0,21.812,0.3284,0.15,0.0376,0.9316
1781788901755,7695,-0.27002,0.63013,0.76953,1.03061,-27.625,-10.688,22.312,0.3275,0.1492,0.0385,0.9321
1781788901756,7696,-0.10181,0.68188,0.84131,1.08772,10.812,16.25,21.812,0.3234,0.1412,0.0491,0.9343
1781788901815,7755,-0.48511,0.66113,0.92749,1.23801,-18.125,-1.0,52.625,0.3232,0.1412,0.051,0.9342
1781788901815,7755,-0.24756,0.78784,0.67188,1.06461,-16.875,-9.938,23.875,0.3223,0.1398,0.0525,0.9346
1781788901815,7755,-0.24756,0.78784,0.67188,1.06461,-16.875,-9.938,23.875,0.3223,0.1398,0.0525,0.9346
1781788901873,7813,-0.2002,0.62769,0.76733,1.01137,-0.438,-6.125,-3.812,0.3203,0.138,0.0519,0.9357
1781788901873,7813,-0.28516,0.59619,0.73657,0.98959,-2.375,-6.062,-17.062,0.32,0.1381,0.0513,0.9357
1781788901874,7814,-0.27441,0.60815,0.7688,1.01794,-3.5,-6.812,5.812,0.3203,0.1364,0.0505,0.9359
1781788901933,7873,-0.27441,0.60815,0.7688,1.01794,-3.5,-6.812,5.812,0.3203,0.1364,0.0505,0.9359
1781788901934,7874,-0.01294,0.70898,0.96582,1.19818,0.938,-24.875,-29.562,0.3201,0.1341,0.0469,0.9365
1781788901934,7874,-0.25439,0.59155,0.79224,1.02093,9.188,22.75,23.625,0.3159,0.1344,0.0466,0.9379
1781788901994,7934,-0.2793,0.58374,0.83423,1.05579,9.062,10.0,13.5,0.3163,0.1347,0.0474,0.9378
1781788901994,7934,-0.21509,0.58545,0.68579,0.927,12.0,6.812,1.062,0.3168,0.1349,0.0476,0.9375
1781788901998,7938,-0.22534,0.62842,0.78784,1.03266,7.125,8.25,15.25,0.3214,0.1375,0.0523,0.9353
1781788902053,7993,-0.21289,0.60889,0.75781,0.99516,10.938,11.188,15.438,0.3218,0.1376,0.053,0.9351
1781788902054,7994,-0.25439,0.61841,0.75757,1.01047,10.688,4.188,17.312,0.3224,0.1378,0.0537,0.9349
1781788902054,7994,-0.22778,0.66309,0.79321,1.05866,15.312,31.125,35.125,0.3269,0.1409,0.0653,0.9321
1781788902113,8053,-0.23218,0.61548,0.73145,0.98373,15.812,25.5,32.812,0.3276,0.1416,0.0668,0.9316
1781788902114,8054,-0.20801,0.63623,0.7688,1.01937,21.75,23.062,28.188,0.3286,0.1422,0.0682,0.9311
1781788902115,8055,-0.23022,0.63721,0.72778,0.99434,11.0,26.188,16.312,0.3392,0.1469,0.0759,0.926
1781788902173,8113,-0.23022,0.63721,0.72778,0.99434,11.0,26.188,16.312,0.3392,0.1469,0.0759,0.926
1781788902173,8113,-0.23828,0.65308,0.74023,1.0155,23.0,21.188,6.438,0.3402,0.1481,0.0768,0.9253
1781788902175,8115,-0.18335,0.70068,0.74683,1.04035,52.875,22.438,17.812,0.3536,0.1591,0.0853,0.9177
1781788902233,8173,-0.18335,0.70068,0.74683,1.04035,52.875,22.438,17.812,0.3536,0.1591,0.0853,0.9177
1781788902233,8173,-0.2168,0.75684,0.71143,1.0611,50.938,34.5,20.562,0.3557,0.1602,0.0861,0.9166
1781788902293,8233,-0.26782,0.7605,0.70361,1.07012,34.375,-2.0,8.938,0.3746,0.1776,0.0897,0.9054
1781788902296,8236,-0.26782,0.7605,0.70361,1.07012,34.375,-2.0,8.938,0.3746,0.1776,0.0897,0.9054
1781788902299,8239,-0.28052,0.78076,0.56323,1.00275,28.25,42.875,29.312,0.3779,0.1792,0.092,0.9035
1781788902360,8300,-0.47974,0.58472,0.4353,0.87266,1.312,-18.188,3.438,0.3837,0.1756,0.1022,0.9007
1781788902360,8300,-0.21753,0.76245,0.65601,1.02907,10.062,-12.625,-0.625,0.384,0.1751,0.1021,0.9006
1781788902360,8300,0.25342,0.22534,-0.20703,0.39732,14.625,-54.938,-174.0,0.3911,0.1823,0.1015,0.8962
1781788902415,8355,-0.8291,0.81909,1.35645,1.78837,119.0,99.625,-115.438,0.3924,0.1897,0.0966,0.8947
1781788902415,8355,-0.10645,0.2605,0.01929,0.28207,98.125,-37.375,-124.875,0.3957,0.1904,0.091,0.8937
1781788902415,8355,-1.37451,0.8667,1.64111,2.30948,50.25,183.562,29.312,0.4114,0.1702,0.0889,0.8908
1781788902475,8415,-0.11597,0.92676,0.21973,0.95948,59.438,158.5,43.5,0.4149,0.1655,0.0886,0.8901
1781788902477,8417,-0.09033,0.92114,2.22974,2.41421,0.438,-233.938,12.0,0.4146,0.1625,0.0886,0.8909
1781788902477,8417,-0.20093,0.66968,0.63452,0.94417,33.688,-31.125,68.0,0.4354,0.1324,0.1004,0.8847
1781788902536,8476,-0.20093,0.66968,0.63452,0.94417,33.688,-31.125,68.0,0.4354,0.1324,0.1004,0.8847
1781788902537,8477,-0.1582,0.64233,0.6145,0.9029,20.0,-63.75,51.312,0.4383,0.1263,0.1023,0.8839
1781788902537,8477,-0.01636,0.75244,0.64722,0.99264,-7.25,-58.062,60.0,0.4436,0.0969,0.1116,0.8838
1781788902594,8534,0.03003,0.76123,0.66919,1.014,-8.688,-69.562,61.125,0.4438,0.0931,0.1127,0.884
1781788902595,8535,0.07983,0.7793,0.69165,1.04502,-10.875,-80.438,63.375,0.444,0.0888,0.1138,0.8842
1781788902596,8536,0.21289,0.83154,0.75952,1.14615,-73.375,-169.0,129.75,0.4355,0.0208,0.1313,0.8902
1781788902653,8593,0.1731,0.85913,0.71094,1.12849,-76.188,-179.688,132.188,0.4337,0.0111,0.1331,0.8909
1781788902654,8594,0.09399,0.90479,0.64771,1.11669,-76.0,-183.0,135.5,0.432,0.0013,0.1348,0.8916
1781788902654,8594,0.07397,0.86499,0.61499,1.0639,-89.938,-168.75,159.938,0.4101,-0.0844,0.1543,0.8948
1781788902713,8653,0.10352,0.8396,0.59985,1.03705,-88.312,-166.562,163.875,0.4072,-0.0942,0.1572,0.8946
1781788902714,8654,0.10498,0.82471,0.55737,1.00091,-85.0,-160.438,167.062,0.4044,-0.1038,0.1604,0.8942
1781788902715,8655,0.19678,0.45264,0.38184,0.62402,-45.875,-76.188,80.25,0.3776,-0.1791,0.1953,0.8871
1781788902781,8721,0.2959,0.39062,0.55054,0.73704,-46.25,-67.688,70.875,0.3757,-0.1833,0.1966,0.8867
1781788902781,8721,0.39648,0.36475,0.50146,0.73601,-51.062,-65.5,66.5,0.3739,-0.1875,0.1977,0.8864
1781788902782,8722,0.59473,0.54614,0.43359,0.9165,5.875,-77.188,1.375,0.3348,-0.2326,0.1726,0.8965
1781788902833,8773,0.66113,0.57471,0.51855,1.01798,18.812,-72.688,22.938,0.3359,-0.2357,0.1724,0.8953
1781788902835,8775,0.53979,0.40186,0.48999,0.83244,44.688,-60.125,58.312,0.3383,-0.2414,0.175,0.8924
1781788902835,8775,0.68481,0.4519,0.92188,1.23412,-94.75,-4.562,-39.25,0.3353,-0.2469,0.1799,0.8911
1781788902893,8833,0.77832,0.54224,0.8291,1.25985,-105.25,-6.0,-44.438,0.3319,-0.2474,0.177,0.8928
1781788902894,8834,0.80054,0.63428,0.76831,1.27807,-109.0,-3.0,-35.438,0.3283,-0.2479,0.1743,0.8945
1781788902894,8834,0.51025,0.56665,0.979,1.24093,13.312,-0.688,-124.312,0.3134,-0.2416,0.1596,0.9042
1781788902957,8897,0.64966,0.52905,0.93335,1.25423,12.375,-17.312,-140.125,0.3153,-0.2404,0.1543,0.9049
1781788902963,8903,0.65747,0.57764,0.99072,1.32192,3.875,-54.625,-125.375,0.3172,-0.2402,0.1488,0.9052
1781788902965,8905,0.53345,0.53491,0.79834,1.09911,-40.0,25.188,20.625,0.3139,-0.2407,0.1336,0.9085
1781788903014,8954,0.57495,0.51611,0.76123,1.08463,-45.625,20.438,19.625,0.3118,-0.2405,0.1342,0.9092
1781788903015,8955,0.58594,0.53711,0.77466,1.10991,-49.625,18.562,26.938,0.3096,-0.2404,0.1349,0.9099
1781788903017,8957,0.33838,0.35742,0.63696,0.80497,-16.875,14.5,-20.812,0.2843,-0.2528,0.1582,0.9111
1781788903073,9013,0.33838,0.35742,0.63696,0.80497,-16.875,14.5,-20.812,0.2843,-0.2528,0.1582,0.9111
1781788903073,9013,0.37939,0.37329,0.66284,0.85009,-10.0,12.688,-61.375,0.2843,-0.2517,0.1562,0.9117
1781788903074,9014,0.54565,0.51782,0.7749,1.07998,-17.062,4.812,-42.812,0.2853,-0.233,0.1046,0.9237
1781788903135,9075,0.55518,0.5437,0.78198,1.10242,-11.125,0.625,-31.438,0.2852,-0.2326,0.1032,0.924
1781788903135,9075,0.56226,0.57275,0.78931,1.12569,-8.438,-3.75,-24.625,0.2852,-0.2324,0.102,0.9241
1781788903135,9075,0.74072,0.37451,0.96094,1.26978,-28.375,-93.0,-56.562,0.2851,-0.2467,0.0907,0.9216
1781788903194,9134,0.82788,0.37744,0.99146,1.34567,-32.875,-109.125,-64.625,0.2848,-0.2503,0.0867,0.9212
1781788903194,9134,0.91113,0.41528,0.98633,1.40551,-37.5,-125.375,-61.25,0.2844,-0.2546,0.0823,0.9205
1781788903194,9134,0.77124,0.38403,0.87671,1.22919,-44.25,-221.875,56.375,0.267,-0.328,0.0616,0.9039
1781788903253,9193,0.81787,0.39746,0.87964,1.26517,-38.812,-225.438,52.062,0.2652,-0.3375,0.0606,0.901
1781788903253,9193,0.8772,0.41211,0.89648,1.32022,-35.5,-231.625,50.0,0.2636,-0.347,0.0594,0.898
1781788903254,9194,0.78687,0.43066,0.854,1.23853,-109.312,-370.375,72.125,0.2372,-0.4707,0.0409,0.8486
1781788903319,9259,0.73486,0.41479,0.77905,1.14848,-125.938,-371.938,63.312,0.2295,-0.492,0.0351,0.8389
1781788903319,9259,0.68066,0.43555,0.74316,1.09786,-132.688,-367.0,63.75,0.224,-0.5059,0.031,0.8323
1781788903319,9259,0.68066,0.43555,0.74316,1.09786,-132.688,-367.0,63.75,0.224,-0.5059,0.031,0.8323
1781788903376,9316,0.4873,0.44116,0.21802,0.69255,-46.375,-261.188,62.062,0.1785,-0.6176,0.0018,0.7659
1781788903377,9317,0.49854,0.44971,0.14185,0.68622,-36.0,-240.312,50.812,0.1759,-0.6259,0.0006,0.7596
1781788903378,9318,0.49854,0.44971,0.14185,0.68622,-36.0,-240.312,50.812,0.1759,-0.6259,0.0006,0.7596
1781788903433,9373,0.66504,0.2522,-0.10742,0.71932,-3.5,-104.375,14.625,0.1719,-0.6906,0.0031,0.7024
1781788903433,9373,0.6814,0.24585,-0.10278,0.73165,-13.562,-102.75,8.062,0.1713,-0.6937,0.0023,0.6994
1781788903434,9374,0.80688,0.19165,-0.20581,0.85449,-7.75,-55.125,20.5,0.1604,-0.7227,-0.0074,0.6721
1781788903494,9434,0.81543,0.19019,-0.20581,0.86224,-5.5,-58.625,16.062,0.1597,-0.7245,-0.0075,0.6702
1781788903494,9434,0.82422,0.16724,-0.21997,0.86931,-2.75,-61.0,14.938,0.1591,-0.7264,-0.0075,0.6683
1781788903494,9434,1.00269,0.23877,-0.13452,1.03946,-43.938,-71.75,31.75,0.1472,-0.7416,-0.0133,0.6541
1781788903553,9493,0.96973,0.25757,-0.14941,1.01441,-40.875,-71.0,32.688,0.145,-0.7438,-0.0141,0.6521
1781788903553,9493,0.95264,0.27051,-0.15991,1.00313,-36.625,-64.875,30.688,0.1429,-0.7459,-0.0149,0.6502
1781788903554,9494,0.80713,0.26489,-0.22681,0.87924,-4.812,-18.875,-5.0,0.1364,-0.7552,-0.0215,0.6406
1781788903614,9554,0.81787,0.26074,-0.22241,0.88677,-1.875,-7.812,-3.25,0.1364,-0.7555,-0.0218,0.6403
1781788903615,9555,0.81274,0.26172,-0.19849,0.87661,0.125,3.188,-0.688,0.1365,-0.7554,-0.0219,0.6403
1781788903615,9555,0.85669,0.26318,-0.19116,0.91637,16.938,45.312,-7.0,0.1382,-0.7495,-0.0195,0.6469
1781788903676,9616,0.84668,0.29932,-0.16553,0.91316,25.25,53.625,-12.188,0.1403,-0.7466,-0.0182,0.6499
1781788903677,9617,0.84985,0.29639,-0.15723,0.91368,28.375,54.75,-14.812,0.1416,-0.745,-0.0174,0.6514
1781788903677,9617,0.84985,0.29639,-0.15723,0.91368,28.375,54.75,-14.812,0.1416,-0.745,-0.0174,0.6514
1781788903732,9672,0.86743,0.19482,-0.13452,0.89916,46.25,102.312,-25.375,0.16,-0.7231,-0.0072,0.6717
1781788903733,9673,0.89697,0.19458,-0.13159,0.92722,44.812,104.625,-22.5,0.1621,-0.72,-0.0057,0.6746
1781788903734,9674,0.89697,0.19458,-0.13159,0.92722,44.812,104.625,-22.5,0.1621,-0.72,-0.0057,0.6746
1781788903798,9738,1.02612,0.21021,0.00342,1.04744,26.062,92.062,-17.562,0.1779,-0.6856,0.0086,0.7057
1781788903799,9739,1.02271,0.22168,0.00977,1.0465,27.0,91.562,-19.562,0.1793,-0.6826,0.0095,0.7082
1781788903800,9740,1.02271,0.22168,0.00977,1.0465,27.0,91.562,-19.562,0.1793,-0.6826,0.0095,0.7082
1781788903853,9793,0.85059,0.27197,0.08154,0.89672,44.375,129.5,-40.75,0.2003,-0.643,0.0191,0.7387
1781788903853,9793,0.84082,0.27612,0.09863,0.89048,45.625,134.062,-43.875,0.2029,-0.6384,0.02,0.7421
1781788903856,9796,0.65918,0.37964,0.17603,0.78079,65.875,183.438,-52.188,0.2302,-0.5855,0.0309,0.7765
1781788903913,9853,0.63721,0.40088,0.1853,0.77529,74.562,200.625,-60.188,0.2356,-0.5747,0.0335,0.7828
1781788903913,9853,0.59058,0.3833,0.19141,0.72961,79.812,213.062,-63.812,0.2395,-0.5668,0.0354,0.7873
1781788903914,9854,0.86475,0.43628,0.49634,1.08834,70.25,270.688,-118.312,0.2846,-0.4691,0.0469,0.8346
1781788903973,9913,0.85059,0.46924,0.53687,1.10991,65.375,269.5,-114.312,0.2886,-0.4578,0.0474,0.8394
1781788903974,9914,0.81958,0.47583,0.54736,1.09441,61.5,267.812,-112.812,0.2926,-0.4465,0.0479,0.8441
1781788903974,9914,0.44165,0.58521,0.70801,1.01921,68.062,314.562,-149.312,0.3291,-0.3262,0.0491,0.8847
1781788904036,9976,0.44165,0.58521,0.70801,1.01921,68.062,314.562,-149.312,0.3291,-0.3262,0.0491,0.8847
1781788904036,9976,0.43286,0.57788,0.74854,1.04001,68.312,319.5,-146.875,0.3348,-0.3045,0.0488,0.8903
1781788904036,9976,0.50977,0.60425,0.91333,1.20795,44.688,270.688,-123.125,0.3681,-0.1471,0.0496,0.9166
1781788904093,10033,0.51465,0.6272,0.93237,1.23594,38.75,258.5,-117.688,0.3698,-0.1349,0.0493,0.9179
1781788904093,10033,0.52979,0.6272,0.92896,1.23976,28.562,245.0,-108.312,0.371,-0.1234,0.0491,0.919
1781788904094,10034,0.229,0.65942,0.80591,1.06619,-20.875,131.688,-43.75,0.3673,-0.0452,0.0535,0.9273
1781788904154,10094,0.229,0.65942,0.80591,1.06619,-20.875,131.688,-43.75,0.3673,-0.0452,0.0535,0.9273
1781788904154,10094,0.17456,0.69165,0.80444,1.07517,-21.375,114.312,-38.125,-0.0344,-0.3644,-0.9293,0.0476
1781788904155,10095,0.10083,0.6958,0.81689,1.07779,-22.125,69.812,-45.062,-0.0033,-0.3543,-0.9349,0.0147
1781788904213,10153,0.06592,0.68359,0.82251,1.07153,-24.938,61.312,-34.562,-0.002,-0.3522,-0.9358,0.0003
1781788904214,10154,0.07104,0.65063,0.82373,1.0521,-26.938,57.938,-30.062,-0.0006,0.3511,0.9362,0.0
1781788904215,10155,-0.00903,0.62695,0.79858,1.01533,-31.125,34.25,-4.312,-0.0074,0.3408,0.9395,0.0294
1781788904275,10215,-0.02808,0.625,0.81177,1.02488,-34.062,31.938,-1.625,-0.0088,0.3395,0.94,0.0289
1781788904392,10332,-0.02539,0.60669,0.80371,1.00731,-37.875,29.312,-2.25,-0.0054,0.3381,0.9401,0.0414
1781788904393,10333,-0.00635,0.58911,0.82251,1.01174,-55.312,3.562,3.562,-0.0087,0.3182,0.9463,0.054
1781788904394,10334,0.00391,0.5625,0.83008,1.00272,-63.062,-3.938,7.375,-0.0087,0.3132,0.948,0.0535
1781788904453,10393,0.01904,0.54785,0.84229,1.00496,-64.375,-8.25,10.562,-0.0084,0.3106,0.9489,0.0532
1781788904453,10393,-0.22778,0.5918,0.81982,1.03645,-70.75,2.25,23.062,-0.0026,0.2846,0.9574,0.0463
1781788904456,10396,0.25586,0.28687,1.03418,1.10331,-162.062,-140.75,43.188,0.0623,0.174,0.9816,0.0443
1781788904515,10455,0.25586,0.28687,1.03418,1.10331,-162.062,-140.75,43.188,0.0623,0.174,0.9816,0.0443
1781788904517,10457,0.21851,0.34863,1.05371,1.13119,-158.688,-145.25,28.25,0.0774,0.1562,0.9836,0.0443
1781788904520,10460,0.10718,0.4314,1.05151,1.14161,-114.938,-114.375,-26.688,0.1281,0.0977,0.9843,0.071
1781788904573,10513,0.11011,0.448,1.05176,1.14849,-108.875,-113.438,-25.25,0.1324,0.0929,0.984,0.0732
1781788904574,10514,0.10327,0.44946,1.05811,1.15424,-103.0,-112.375,-22.0,0.1376,0.0869,0.9828,0.0861
1781788904574,10514,0.11865,0.41235,0.9585,1.05016,-20.062,-54.062,-9.938,0.169,0.0556,0.9766,0.12
1781788904639,10579,0.13208,0.39819,0.95215,1.04048,-9.938,-52.0,-6.375,0.171,0.0549,0.9762,0.1205
1781788904642,10582,0.13086,0.38306,0.95044,1.03305,2.812,-46.375,-4.188,0.1744,0.0533,0.9746,0.1289
1781788904642,10582,0.13086,0.38306,0.95044,1.03305,2.812,-46.375,-4.188,0.1744,0.0533,0.9746,0.1289
1781788904693,10633,0.13086,0.38306,0.95044,1.03305,2.812,-46.375,-4.188,0.1744,0.0533,0.9746,0.1289
1781788904693,10633,0.39331,0.11475,0.92822,1.01462,28.375,-27.75,-0.938,0.1871,0.0591,0.9695,0.1461
1781788904697,10637,0.45337,0.06177,0.89185,1.00237,4.812,-57.875,14.25,0.2105,0.0545,0.9628,0.1599
1781788904753,10693,0.46436,0.07275,0.88574,1.00273,10.375,-55.5,-6.188,0.2141,0.0543,0.962,0.1599
1781788904753,10693,0.51416,0.13501,0.91992,1.06247,13.375,-53.438,-20.875,0.218,0.0531,0.9597,0.1685
1781788904754,10694,0.34204,0.15039,0.86646,0.94359,22.875,-40.688,-23.438,0.2362,0.058,0.9534,0.1777
1781788904816,10756,0.33008,0.16016,0.87134,0.94543,26.75,-36.0,-24.688,0.2377,0.059,0.9528,0.1785
1781788904816,10756,0.34863,0.1853,0.86914,0.95461,27.062,-31.812,-26.688,0.2392,0.0601,0.9522,0.1794
1781788904816,10756,0.44189,0.26929,0.88574,1.02583,39.875,-13.312,-14.125,0.2491,0.073,0.9479,0.1839
1781788904874,10814,0.448,0.27563,0.88721,1.03141,41.188,-11.125,-18.125,0.2499,0.0748,0.9475,0.1843
1781788904874,10814,0.44702,0.28149,0.88037,1.0267,42.562,-7.875,-21.125,0.2508,0.0776,0.9469,0.1848
1781788904874,10814,0.396,0.22559,0.83472,0.95103,36.375,0.75,-23.188,0.2542,0.095,0.9432,0.1909
1781788904932,10872,0.39209,0.22607,0.83398,0.94888,33.625,2.562,-24.125,0.2543,0.0967,0.9429,0.1915
1781788904933,10873,0.41504,0.22852,0.8291,0.95493,31.25,3.25,-24.688,0.2543,0.0982,0.9426,0.1921
1781788904934,10874,0.41284,0.32593,0.83521,0.98703,24.875,2.875,-4.875,0.2552,0.1107,0.9404,0.1949
1781788904993,10933,0.39844,0.32446,0.83374,0.97936,23.812,3.625,-4.375,0.2552,0.1118,0.9403,0.1948
1781788904994,10934,0.38013,0.31299,0.83057,0.96556,23.125,4.688,-4.938,0.2552,0.1128,0.9402,0.1947
1781788904994,10934,0.39648,0.32959,0.84619,0.99089,13.875,17.375,-6.688,0.2502,0.1234,0.9398,0.1967
1781788905053,10993,0.40454,0.3291,0.85083,0.99793,12.25,17.562,-5.188,0.2496,0.1241,0.9399,0.1967
1781788905053,10993,0.4248,0.32739,0.86108,1.01445,9.312,16.062,-0.062,0.2484,0.1253,0.9401,0.1964
1781788905054,10994,0.4314,0.30566,0.8457,0.99737,5.5,7.5,3.562,0.2468,0.1254,0.9394,0.2016
1781788905118,11058,0.42773,0.32715,0.85425,1.00981,3.438,6.688,3.625,0.2464,0.1259,0.9395,0.2012
1781788905118,11058,0.4104,0.33105,0.84814,0.99869,0.875,5.562,4.688,0.2467,0.1247,0.9387,0.2055
1781788905118,11058,0.40967,0.3645,0.86304,1.02251,2.0,9.75,4.25,0.2453,0.1234,0.9378,0.2119
1781788905173,11113,0.41187,0.35645,0.86084,1.01869,2.375,9.875,4.5,0.2449,0.1236,0.9379,0.2117
1781788905173,11113,0.41455,0.35303,0.85938,1.01735,2.938,9.625,4.5,0.2446,0.1237,0.9381,0.2114
1781788905174,11114,0.39648,0.31519,0.84888,0.9885,1.812,12.062,1.125,0.241,0.1255,0.9395,0.2081
1781788905233,11173,0.41016,0.31812,0.84888,0.995,0.75,11.75,-2.062,0.2405,0.1257,0.9396,0.2081
1781788905233,11173,0.41406,0.3269,0.84863,0.99925,0.188,11.0,-3.062,0.2401,0.1258,0.9396,0.2082
1781788905234,11174,0.38916,0.3291,0.85327,0.99389,0.0,6.0,-4.375,0.2368,0.1266,0.9402,0.2092
1781788905293,11233,0.3772,0.3291,0.85693,0.99243,0.0,6.125,-4.562,0.2365,0.1267,0.9402,0.2094
1781788905295,11235,0.3645,0.33057,0.85718,0.98838,-0.438,6.312,-6.5,0.2362,0.1268,0.9402,0.2095
1781788905296,11236,0.3562,0.33984,0.84985,0.98215,-0.438,6.625,-0.25,0.2332,0.1271,0.9407,0.2103
1781788905352,11292,0.36353,0.33691,0.85376,0.9872,0.688,6.812,-2.312,0.2329,0.1272,0.9408,0.2103
1781788905353,11293,0.35864,0.34595,0.86743,1.00037,0.562,7.625,-4.5,0.2326,0.1273,0.9408,0.2105
1781788905353,11293,0.35864,0.34595,0.86743,1.00037,0.562,7.625,-4.5,0.2326,0.1273,0.9408,0.2105
1781788905421,11361,0.35913,0.33398,0.86328,0.99286,0.812,5.25,1.0,0.2296,0.1265,0.9399,0.2183
1781788905422,11362,0.3606,0.33936,0.86157,0.99373,2.0,5.688,1.75,0.2293,0.1267,0.94,0.2182
1781788905422,11362,0.3606,0.33936,0.86157,0.99373,2.0,5.688,1.75,0.2293,0.1267,0.94,0.2182
1781788905474,11414,0.39062,0.32788,0.86255,1.00204,-0.188,5.125,-0.875,0.2274,0.126,0.939,0.2246
1781788905474,11414,0.39355,0.3269,0.86353,1.00371,0.188,4.812,-0.75,0.2272,0.126,0.939,0.2246
1781788905474,11414,0.35376,0.33667,0.86841,0.99631,-2.375,6.0,-1.938,0.2259,0.1248,0.9384,0.2294
1781788905533,11473,0.35889,0.34082,0.87085,1.00167,-1.062,6.125,-2.062,0.2255,0.1248,0.9384,0.2294
1781788905533,11473,0.36182,0.34326,0.87231,1.00482,-0.875,5.812,-1.812,0.2254,0.1248,0.9385,0.2295
1781788905534,11474,0.34546,0.35083,0.87549,1.00444,-0.062,5.438,6.812,0.2243,0.1245,0.939,0.2285
1781788905596,11536,0.33594,0.35498,0.87646,1.00352,-0.5,5.688,3.562,0.224,0.1245,0.9392,0.2283
1781788905596,11536,0.34448,0.36816,0.88208,1.01601,-4.625,5.438,0.438,0.2238,0.1244,0.9392,0.2283
1781788905597,11537,0.34448,0.36816,0.88208,1.01601,-4.625,5.438,0.438,0.2238,0.1244,0.9392,0.2283
1781788905653,11593,0.33105,0.32959,0.85376,0.97321,6.5,6.688,7.375,0.2219,0.1257,0.9398,0.2268
1781788905654,11594,0.3269,0.32764,0.84961,0.9675,7.062,7.375,5.188,0.2216,0.126,0.94,0.2265
1781788905654,11594,0.3269,0.32764,0.84961,0.9675,7.062,7.375,5.188,0.2216,0.126,0.94,0.2265
1781788905713,11653,0.39111,0.30713,0.82935,0.96701,1.0,4.875,10.062,0.2197,0.1282,0.9403,0.2257
1781788905714,11654,0.38916,0.3042,0.82568,0.96215,0.625,4.688,8.438,0.2196,0.1281,0.9404,0.2252
1781788905714,11654,0.38916,0.3042,0.82568,0.96215,0.625,4.688,8.438,0.2196,0.1281,0.9404,0.2252
1781788905773,11713,0.24634,0.40723,0.80249,0.93301,5.375,12.062,1.25,0.2185,0.1278,0.9398,0.2289
1781788905773,11713,0.23779,0.41895,0.8064,0.93933,7.875,15.5,2.0,0.2179,0.1283,0.94,0.2286
1781788905833,11773,0.354,0.37354,0.86816,1.00924,22.938,24.312,10.188,0.2106,0.1369,0.9414,0.2247
1781788905833,11773,0.354,0.37354,0.86816,1.00924,22.938,24.312,10.188,0.2106,0.1369,0.9414,0.2247
1781788905833,11773,0.36646,0.36914,0.8645,1.00892,23.062,22.375,12.375,0.21,0.1379,0.9415,0.2239
1781788905837,11777,0.36646,0.36914,0.8645,1.00892,23.062,22.375,12.375,0.21,0.1379,0.9415,0.2239
1781788905898,11838,0.13501,0.45093,0.85913,0.97963,15.188,26.375,7.188,0.2035,0.1464,0.9433,0.2169
1781788905899,11839,0.12427,0.45264,0.86108,0.98071,18.5,32.25,11.312,0.2024,0.1474,0.9436,0.2161
1781788905899,11839,0.39795,0.30469,0.90649,1.03582,19.75,46.75,4.375,0.1868,0.1594,0.9472,0.2057
1781788905954,11894,0.39795,0.30469,0.90649,1.03582,19.75,46.75,4.375,0.1868,0.1594,0.9472,0.2057
1781788905954,11894,0.40796,0.2981,0.90381,1.03545,18.938,45.312,6.062,0.1858,0.1603,0.9476,0.2038
1781788905955,11895,0.40796,0.2981,0.90381,1.03545,18.938,45.312,6.062,0.1858,0.1603,0.9476,0.2038
1781788906013,11953,0.2959,0.35327,0.89404,1.00582,39.188,44.062,39.5,0.1697,0.1735,0.9531,0.18
1781788906013,11953,0.35083,0.32544,0.90405,1.02289,42.312,41.438,39.562,0.1681,0.176,0.9536,0.1767
1781788906014,11954,0.23706,0.41455,0.93994,1.0543,24.188,20.25,79.438,0.1658,0.1859,0.9566,0.1506
1781788906073,12013,0.22534,0.42188,0.93433,1.04963,24.125,22.5,78.938,0.1657,0.1865,0.957,0.147
1781788906073,12013,0.20972,0.42822,0.92749,1.04288,24.312,24.188,77.438,0.1654,0.1871,0.9575,0.1435
1781788906074,12014,0.35205,0.36816,0.91821,1.05005,13.562,23.875,46.25,0.1616,0.1929,0.9612,0.1121
1781788906133,12073,0.35571,0.37769,0.92383,1.05955,11.688,21.875,41.188,0.1611,0.1932,0.9614,0.1101
1781788906133,12073,0.3584,0.39209,0.91846,1.06101,10.188,18.438,34.688,0.1607,0.1935,0.9617,0.1083
1781788906133,12073,0.24463,0.41284,0.86938,0.99303,10.188,2.25,43.125,0.1625,0.1951,0.9628,0.0906
1781788906193,12133,0.20874,0.40405,0.85791,0.971,10.125,3.75,37.688,0.1627,0.1953,0.9629,0.0889
1781788906193,12133,0.18286,0.40967,0.84692,0.95841,10.375,6.062,30.5,0.1628,0.1956,0.963,0.0875
1781788906193,12133,0.32446,0.31909,0.87891,0.98973,13.375,27.812,10.75,0.1558,0.2008,0.9639,0.0781
1781788906255,12195,0.35938,0.31592,0.89038,1.01081,9.438,24.875,9.75,0.1545,0.2014,0.9641,0.077
1781788906255,12195,0.38428,0.34741,0.89526,1.03434,7.875,22.688,10.625,0.1538,0.2017,0.9642,0.0763
1781788906255,12195,0.03687,0.47119,1.00171,1.10761,15.812,65.938,-4.0,0.139,0.2067,0.966,0.0684
1781788906313,12253,0.23608,0.45703,0.87598,1.01585,10.875,47.25,-17.0,0.137,0.2074,0.9661,0.0686
1781788906313,12253,0.25317,0.38745,0.86963,0.98512,17.688,61.75,-14.062,0.1333,0.2088,0.9663,0.0687
1781788906314,12254,0.33276,0.39966,0.91821,1.05526,-7.0,66.562,-24.625,0.1013,0.2162,0.9685,0.0688
1781788906373,12313,0.27759,0.36987,0.91724,1.02722,-7.5,53.062,-15.25,0.0952,0.2158,0.9692,0.0694
1781788906373,12313,0.28223,0.37524,0.96289,1.07127,-5.188,37.188,-11.25,0.0933,0.2156,0.9694,0.0695
1781788906376,12316,0.00391,0.53955,0.86279,1.01762,-20.5,-37.625,4.5,0.1016,0.2098,0.9697,0.0715
1781788906433,12373,-0.11792,0.34009,0.91431,0.98261,-5.688,-43.062,-5.312,0.103,0.2088,0.9697,0.0721
1781788906433,12373,0.06519,0.52368,0.83813,0.99044,-5.625,-29.75,-14.938,0.1056,0.2086,0.9694,0.0736
1781788906434,12374,0.03442,0.6604,1.29565,1.45466,-22.875,-25.688,9.688,0.1057,0.2035,0.9699,0.08
1781788906493,12433,0.03442,0.6604,1.29565,1.45466,-22.875,-25.688,9.688,0.1057,0.2035,0.9699,0.08
1781788906493,12433,0.25439,0.22412,0.50586,0.60897,16.438,-110.188,-4.375,0.1142,0.2022,0.9691,0.0821
1781788906495,12435,0.39771,0.42896,0.729,0.93468,19.875,-5.062,-38.75,0.1098,0.2075,0.9679,0.0883
1781788906554,12494,0.19336,0.43408,0.99561,1.1032,14.25,28.5,-25.312,0.1083,0.2083,0.9678,0.0894
1781788906554,12494,0.22974,0.39111,0.85767,0.97023,4.438,32.562,-18.438,0.1067,0.2094,0.9676,0.0909
1781788906554,12494,-0.0332,0.39111,0.84619,0.9328,20.938,-36.438,12.875,0.1033,0.2122,0.9675,0.0891
1781788906613,12553,0.06763,0.43701,1.23389,1.31074,-1.375,12.938,-2.875,0.103,0.2123,0.9676,0.0889
1781788906615,12555,0.19897,0.40869,0.77319,0.89691,21.125,-36.375,-1.312,0.1048,0.213,0.9672,0.0892
1781788906615,12555,0.01709,0.62817,1.13892,1.30078,-41.812,-83.062,37.875,0.116,0.2132,0.9659,0.0889
1781788906675,12615,0.37378,0.3313,0.68262,0.84583,-67.25,-145.375,-13.5,0.1222,0.2098,0.9658,0.0903
1781788906675,12615,0.20947,0.80811,0.85815,1.19722,-36.375,57.0,-36.25,0.1292,0.2078,0.965,0.0932
1781788906675,12615,0.09644,0.56616,0.86572,1.0389,12.0,7.75,-18.188,0.1477,0.1995,0.9639,0.0952
1781788906732,12672,0.14087,0.48267,0.80273,0.9472,10.188,5.625,-23.625,0.1472,0.2001,0.9638,0.096
1781788906733,12673,0.13965,0.46729,0.86304,0.99131,11.938,32.0,-24.0,0.146,0.2009,0.9637,0.0967
1781788906735,12675,0.25952,0.41699,0.58838,0.76644,8.438,-11.938,-25.75,0.1514,0.2092,0.9598,0.1081
1781788906794,12734,0.12793,0.40332,0.92773,1.01967,4.062,10.75,-22.375,0.1504,0.2095,0.9599,0.1089
1781788906805,12745,0.51123,0.29834,0.51733,0.78613,22.125,-33.125,-37.5,0.1514,0.2111,0.9592,0.1104
1781788906805,12745,0.43433,0.41284,0.94678,1.12048,4.875,-20.188,-7.438,0.1528,0.2268,0.9547,0.1166
1781788906853,12793,0.22778,0.45068,0.92993,1.05819,6.562,-9.688,5.875,0.1537,0.2273,0.9544,0.1165
1781788906853,12793,0.28711,0.46289,0.88745,1.04128,-5.5,1.625,8.562,0.1541,0.2269,0.9545,0.1161
1781788906857,12797,0.22412,0.44702,0.86108,0.99575,-1.438,2.625,14.562,0.1516,0.2236,0.9561,0.1123
1781788906912,12852,0.22754,0.44531,0.85254,0.98838,2.188,-1.312,25.75,0.1519,0.2235,0.9562,0.1113
1781788906913,12853,0.22729,0.44849,0.8479,0.98577,7.375,-4.938,36.438,0.1524,0.2236,0.9563,0.1099
1781788906915,12855,0.26172,0.4458,0.85156,0.99619,13.312,22.75,8.438,0.1517,0.2279,0.9561,0.1039
1781788906972,12912,0.25952,0.46118,0.86816,1.01673,12.5,18.75,15.688,0.1511,0.2283,0.9561,0.103
1781788906973,12913,0.24487,0.48486,0.87061,1.02616,9.688,14.812,14.062,0.1506,0.2288,0.9562,0.1022
1781788906974,12914,0.23413,0.46729,0.85498,1.00208,1.625,18.062,-3.938,0.1449,0.2298,0.9571,0.0994
1781788907039,12979,0.23413,0.46729,0.85498,1.00208,1.625,18.062,-3.938,0.1449,0.2298,0.9571,0.0994
1781788907039,12979,0.22754,0.46875,0.85303,0.99958,3.875,13.188,-2.125,0.1443,0.23,0.9572,0.0994
1781788907039,12979,0.19043,0.47998,0.82617,0.97427,-12.562,-28.312,-5.188,0.1442,0.2294,0.9573,0.0993
1781788907093,13033,0.20483,0.46558,0.82397,0.96832,-16.375,-29.25,-3.812,0.1453,0.2286,0.9573,0.0998
1781788907093,13033,0.20825,0.45459,0.82935,0.96842,-16.938,-29.438,-3.438,0.1464,0.2279,0.9573,0.1004
1781788907093,13033,0.5896,0.01685,-0.75708,0.95973,37.125,28.625,1.562,0.1553,0.2256,0.9561,0.1033
1781788907154,13094,-0.06226,0.58203,0.96631,1.12977,5.75,-52.375,10.938,0.1535,0.2268,0.9561,0.1027
1781788907154,13094,0.21558,0.46338,0.87109,1.00995,17.438,-9.562,6.75,0.1549,0.2271,0.9559,0.1025
1781788907154,13094,0.24121,0.45459,0.81738,0.96589,27.562,-8.375,-16.438,0.1545,0.2415,0.9526,0.1
1781788907214,13154,0.24829,0.53711,0.98291,1.14728,27.625,-6.0,-13.625,0.1546,0.2427,0.9523,0.1005
1781788907215,13155,0.26294,0.50879,0.83032,1.00868,16.688,-17.0,-11.5,0.1553,0.2435,0.9519,0.101
1781788907215,13155,0.30762,0.51001,0.79077,0.98998,10.812,10.688,10.312,0.1555,0.2479,0.9508,0.1012
1781788907272,13212,0.35791,0.55811,0.71606,0.97587,12.312,15.25,23.812,0.1553,0.2484,0.9508,0.1002
1781788907273,13213,0.24316,0.49561,0.84863,1.01239,13.062,14.562,26.938,0.1547,0.2488,0.9509,0.0989
1781788907274,13214,0.1499,0.24878,-0.14551,0.32486,311.688,-108.375,-49.375,0.1632,0.2733,0.9432,0.0939
1781788907335,13275,1.47583,1.64697,1.22705,2.52908,62.812,-174.75,-45.312,0.1682,0.2813,0.9397,0.0962
1781788907335,13275,0.0459,0.38672,0.47192,0.61186,-25.688,86.812,3.812,0.1646,0.2801,0.9407,0.0959
1781788907336,13276,0.23291,0.573,0.79492,1.00721,-7.25,0.938,0.312,0.1624,0.2767,0.942,0.0966
1781788907394,13334,0.25146,0.55371,0.78125,0.99004,-6.062,-7.562,-0.375,0.1629,0.2761,0.9421,0.0969
1781788907394,13334,0.29126,0.54321,0.77881,0.9932,-7.75,-11.188,0.25,0.1638,0.2754,0.9421,0.0974
1781788907395,13335,0.26001,0.55566,0.79248,1.00219,-3.25,-1.062,7.625,0.1657,0.2731,0.9426,0.0956
1781788907454,13394,0.24487,0.54883,0.80078,1.00121,-2.625,-0.375,6.812,0.1657,0.273,0.9427,0.0953
1781788907456,13396,0.24634,0.55029,0.79956,1.0014,-2.0,-0.812,6.125,0.1658,0.2728,0.9428,0.0951
1781788907457,13397,0.24634,0.55029,0.79956,1.0014,-2.0,-0.812,6.125,0.1658,0.2728,0.9428,0.0951
1781788907517,13457,0.25977,0.53833,0.79785,0.99692,-8.688,-10.188,6.812,0.17,0.2702,0.9429,0.094
1781788907517,13457,0.26147,0.53882,0.79663,0.99665,-10.5,-8.125,5.25,0.1704,0.2697,0.9429,0.0939
1781788907518,13458,0.2439,0.55469,0.80884,1.01063,6.875,-0.312,-5.688,0.1703,0.2686,0.9431,0.0961
1781788907573,13513,0.2666,0.54663,0.80957,1.01256,6.875,-2.062,-4.438,0.1704,0.2689,0.9429,0.0963
1781788907573,13513,0.25854,0.54492,0.80444,1.00544,5.875,-0.875,-3.625,0.1704,0.2692,0.9429,0.0964
1781788907573,13513,0.25854,0.54492,0.80444,1.00544,5.875,-0.875,-3.625,0.1704,0.2692,0.9429,0.0964
1781788907634,13574,0.26929,0.52539,0.7915,0.98744,-11.188,5.312,-8.312,0.1681,0.2683,0.9435,0.0968
1781788907639,13579,0.26245,0.52368,0.78809,0.98194,-11.75,5.562,-7.0,0.1677,0.2679,0.9436,0.0971
1781788907639,13579,0.26245,0.52368,0.78809,0.98194,-11.75,5.562,-7.0,0.1677,0.2679,0.9436,0.0971
1781788907693,13633,0.43335,0.49243,0.78955,1.02648,-25.0,12.875,-50.188,0.1649,0.2615,0.9453,0.1025
1781788907694,13634,0.23926,0.49805,0.83618,1.00224,-14.375,8.438,-17.125,0.164,0.2611,0.9456,0.1033
1781788907694,13634,0.30176,0.56055,0.83496,1.04997,4.125,0.062,1.75,0.1582,0.2601,0.9468,0.1033
1781788907753,13693,0.22192,0.52563,0.82202,1.00063,3.5,-0.938,3.812,0.1582,0.2602,0.9468,0.1032
1781788907753,13693,0.19263,0.50024,0.83398,0.9914,5.812,-5.375,3.125,0.1584,0.2603,0.9467,0.103
1781788907753,13693,0.26074,0.50464,0.77319,0.95941,-4.625,-7.688,12.75,0.1636,0.2602,0.9458,0.1035
1781788907818,13758,0.24292,0.52075,0.75928,0.95221,-4.875,-26.438,16.938,0.1652,0.2593,0.9459,0.103
1781788907826,13766,0.21338,0.51904,0.79761,0.97525,-9.188,-17.562,14.75,0.1662,0.2588,0.9459,0.1026
1781788907826,13766,0.27856,0.4978,0.78394,0.96952,-11.875,-21.375,20.75,0.1776,0.2512,0.9456,0.1044
1781788907874,13814,0.3374,0.4895,0.80176,0.99813,-3.938,-11.875,16.938,0.179,0.2503,0.9456,0.1049
1781788907875,13815,0.30005,0.48096,0.81152,0.98991,1.625,-14.0,22.125,0.1798,0.2501,0.9456,0.1041
1781788907875,13815,0.30005,0.48096,0.81152,0.98991,1.625,-14.0,22.125,0.1798,0.2501,0.9456,0.1041
1781788907992,13932,0.17236,0.49561,0.86963,1.01567,94.688,28.312,0.0,0.1732,0.2667,0.9436,0.0907
1781788907993,13933,0.17041,0.55664,0.85156,1.03153,86.375,31.875,-5.438,0.1716,0.2725,0.9424,0.0889
1781788907994,13934,0.29126,0.77612,0.76172,1.1258,44.188,5.438,-30.75,0.1677,0.3005,0.9343,0.0924
1781788907996,13936,0.29126,0.77612,0.76172,1.1258,44.188,5.438,-30.75,0.1677,0.3005,0.9343,0.0924
1781788908052,13992,0.28345,0.6228,0.72778,0.99895,-3.188,15.75,-1.75,0.1656,0.3018,0.9344,0.0908
1781788908052,13992,0.27393,0.65405,0.48389,0.85847,-1.625,16.812,-22.875,0.1611,0.3003,0.9355,0.0921
1781788908053,13993,0.17993,0.61768,0.82324,1.04481,-1.375,35.375,-14.938,0.1431,0.3026,0.9362,0.1065
1781788908114,14054,0.45312,0.55469,0.27319,0.76657,-7.875,9.25,-24.0,0.1419,0.3025,0.9365,0.1054
1781788908177,14117,0.02808,0.72144,0.99658,1.23062,-6.75,25.875,-24.75,0.1397,0.3026,0.9367,0.106
1781788908177,14117,0.16431,0.47827,0.76709,0.91879,-67.562,34.625,-13.625,0.1301,0.2834,0.9421,0.122
1781788908177,14117,0.16431,0.47827,0.76709,0.91879,-67.562,34.625,-13.625,0.1301,0.2834,0.9421,0.122
1781788908232,14172,0.10522,0.54443,0.82642,0.99521,-45.625,22.875,-13.0,0.1268,0.2794,0.9437,0.1229
1781788908233,14173,0.15601,0.45508,0.77417,0.91147,0.0,-5.625,10.375,0.1288,0.2732,0.9448,0.1264
1781788908233,14173,0.19336,0.55933,0.76904,0.97039,18.062,-10.938,51.375,0.1361,0.285,0.9417,0.1154
1781788908292,14232,0.19336,0.55933,0.76904,0.97039,18.062,-10.938,51.375,0.1361,0.285,0.9417,0.1154
1781788908293,14233,0.2561,0.56494,0.7959,1.00906,22.188,-3.875,55.812,0.1381,0.2855,0.9414,0.1137
1781788908298,14238,0.16016,0.56323,0.81323,1.00211,3.688,11.0,1.562,0.1324,0.2877,0.9424,0.1065
1781788908352,14292,0.17017,0.54443,0.80347,0.98535,2.375,9.375,2.312,0.1323,0.2878,0.9424,0.1063
1781788908353,14293,0.18408,0.53809,0.79541,0.9778,-1.312,6.875,8.188,0.1315,0.288,0.9427,0.1043
1781788908353,14293,0.23901,0.60645,0.81494,1.04357,-27.312,15.062,4.875,0.1312,0.2798,0.9455,0.1015
1781788908421,14361,0.23901,0.60645,0.81494,1.04357,-27.312,15.062,4.875,0.1312,0.2798,0.9455,0.1015
1781788908421,14361,0.19409,0.5979,0.82104,1.03406,-24.062,19.938,6.938,0.1296,0.2774,0.9464,0.1014
1781788908422,14362,0.20142,0.52148,0.85449,1.02111,-3.875,16.75,-14.125,0.1254,0.2755,0.9473,0.104
1781788908474,14414,0.05981,0.66479,1.44507,1.59178,-6.375,-5.625,-21.812,0.1246,0.2752,0.9473,0.1049
1781788908474,14414,0.31763,0.53394,0.08154,0.6266,35.125,-86.75,-11.312,0.1281,0.2763,0.9464,0.1065
1781788908475,14415,0.24561,0.4856,0.82812,0.99092,-20.625,-6.938,-2.375,0.1296,0.2734,0.947,0.1072
1781788908532,14472,0.24561,0.4856,0.82812,0.99092,-20.625,-6.938,-2.375,0.1296,0.2734,0.947,0.1072
1781788908532,14472,0.23315,0.55664,0.91431,1.09552,-20.188,-7.938,-0.562,0.1297,0.2725,0.9472,0.1074
1781788908533,14473,0.09668,0.61304,0.97925,1.15935,-3.75,25.75,0.562,0.1359,0.2697,0.9474,0.1049
1781788908592,14532,0.27051,0.21436,0.7644,0.83871,3.688,8.125,1.062,0.1347,0.2692,0.9477,0.1049
1781788908593,14533,0.0686,0.56616,0.93164,1.09234,-5.188,-5.312,7.062,0.1334,0.2695,0.9478,0.1045
1781788908594,14534,0.23169,0.53662,0.74438,0.94644,15.188,23.875,12.688,0.1299,0.2707,0.9484,0.1005
1781788908653,14593,0.23169,0.53662,0.74438,0.94644,15.188,23.875,12.688,0.1299,0.2707,0.9484,0.1005
1781788908653,14593,0.14185,0.55786,0.80151,0.98679,20.188,21.812,5.812,0.129,0.2716,0.9484,0.0998
1781788908653,14593,0.1145,0.57764,0.77612,0.97424,0.0,8.188,-0.188,0.1224,0.2838,0.9462,0.0947
1781788908713,14653,0.09399,0.56665,0.82153,1.00242,-8.688,12.312,-5.25,0.1218,0.2835,0.9464,0.0948
1781788908714,14654,0.12915,0.56738,0.81738,1.00335,-11.812,13.312,-9.562,0.1213,0.2831,0.9464,0.0957
1781788908714,14654,0.13818,0.5603,0.82495,1.00677,-14.562,15.938,-11.938,0.1134,0.2773,0.9488,0.0991
1781788908772,14712,0.13818,0.5603,0.82495,1.00677,-14.562,15.938,-11.938,0.1134,0.2773,0.9488,0.0991
1781788908772,14712,0.11816,0.55225,0.82593,1.00055,-14.688,14.188,-12.062,0.1125,0.2769,0.949,0.0995
1781788908773,14713,0.15967,0.5,0.78784,0.94667,-16.625,44.438,-37.188,0.0974,0.2708,0.9521,0.1024
1781788908839,14779,0.28906,0.5647,0.81177,1.03025,-2.625,23.188,-36.0,0.0958,0.2708,0.9522,0.1035
1781788908841,14781,0.31787,0.58057,0.85645,1.0824,5.438,18.812,-26.438,0.0924,0.2714,0.9522,0.1038
1781788908841,14781,0.04419,0.5415,0.83643,0.99739,0.125,-20.125,-3.062,0.0963,0.275,0.9509,0.1035
1781788908892,14832,0.14453,0.54907,0.83276,1.0079,-3.625,-19.0,-5.688,0.0971,0.2748,0.9508,0.104
1781788908953,14893,0.18311,0.56616,0.84106,1.03027,-5.25,-12.625,-4.75,0.0986,0.2743,0.9506,0.1056
1781788909015,14955,0.15063,0.54932,0.85156,1.0245,-0.688,12.812,12.062,0.1029,0.2686,0.9525,0.0996
1781788909016,14956,0.16992,0.53516,0.84497,1.01452,2.438,13.188,10.188,0.1025,0.2686,0.9525,0.0989
1781788909016,14956,0.15234,0.5144,0.83325,0.99102,5.688,11.75,14.438,0.101,0.2692,0.9528,0.0958
1781788909072,15012,0.14771,0.52368,0.83325,0.99517,5.875,8.875,15.875,0.101,0.2693,0.9529,0.0954
1781788909072,15012,0.12842,0.54883,0.84985,1.01978,1.75,1.375,19.125,0.101,0.2694,0.9529,0.0946
1781788909073,15013,0.21411,0.65259,0.85547,1.09706,5.375,22.938,-18.062,0.0902,0.2708,0.9543,0.0872
1781788909133,15073,0.21411,0.65259,0.85547,1.09706,5.375,22.938,-18.062,0.0902,0.2708,0.9543,0.0872
1781788909134,15074,0.16602,0.63354,0.87695,1.09453,-1.125,22.25,-6.312,0.0892,0.271,0.9544,0.0873
1781788909134,15074,0.11646,0.51538,0.81836,0.97411,1.25,1.312,5.0,0.0867,0.2676,0.9562,0.0791
1781788909193,15133,0.13354,0.48242,0.80249,0.94581,8.688,2.25,3.312,0.0867,0.268,0.9562,0.0787
1781788909193,15133,0.12842,0.48462,0.81274,0.95493,14.625,0.5,5.625,0.0867,0.2685,0.9561,0.0785
1781788909199,15139,0.06958,0.52954,0.84448,0.9992,9.188,-17.5,14.438,0.0941,0.2748,0.954,0.0729
1781788909252,15192,0.11084,0.54565,0.84644,1.01315,7.312,-9.25,12.375,0.0949,0.275,0.9539,0.0725
1781788909252,15192,0.14966,0.52686,0.77588,0.94972,6.812,3.312,14.062,0.0952,0.2752,0.9538,0.072
1781788909254,15194,0.15454,0.58105,0.89331,1.07681,18.75,30.25,26.125,0.0821,0.2761,0.956,0.0531
1781788909318,15258,0.14795,0.54443,0.84814,1.01865,30.875,27.188,23.875,0.0812,0.2773,0.9558,0.0517
1781788909318,15258,0.1106,0.58618,0.84839,1.03711,34.5,19.812,19.438,0.0806,0.2787,0.9555,0.0505
1781788909319,15259,0.13184,0.63159,0.80981,1.03542,23.062,12.625,8.438,0.0754,0.2956,0.9514,0.0408
1781788909373,15313,0.11377,0.57373,0.7688,0.966,23.0,-0.562,0.562,0.0752,0.2968,0.951,0.0405
1781788909373,15313,0.16772,0.63501,0.88525,1.10229,33.375,-10.125,-9.688,0.0756,0.2981,0.9505,0.0407
1781788909373,15313,0.15381,0.69849,0.76465,1.04701,137.938,-1.875,78.062,0.0814,0.3297,0.9401,0.0233
1781788909433,15373,0.16309,0.92114,0.90381,1.30076,129.312,1.812,81.688,0.0825,0.3349,0.9383,0.0196
1781788909436,15376,-0.12134,0.81665,1.0564,1.34075,94.562,-15.438,77.812,0.0839,0.3388,0.9369,0.0162
1781788909436,15376,0.14282,0.64258,0.74487,0.99405,-22.062,-26.0,-5.812,0.1004,0.3432,0.9335,0.0222
1781788909494,15434,0.15479,0.63867,0.73901,0.98894,-25.5,-22.25,-7.938,0.1011,0.3422,0.9337,0.023
1781788909494,15434,0.16309,0.61572,0.73901,0.97563,-26.438,-18.5,-9.688,0.1018,0.3412,0.934,0.0238
1781788909495,15435,0.16309,0.61572,0.73901,0.97563,-26.438,-18.5,-9.688,0.1018,0.3412,0.934,0.0238
1781788909556,15496,0.1731,0.64404,0.73926,0.99562,0.125,-19.938,8.312,0.1098,0.3374,0.9343,0.0316
1781788909556,15496,0.17798,0.65356,0.7439,1.00608,-4.062,-20.938,9.812,0.1112,0.3372,0.9342,0.0315
1781788909556,15496,0.20508,0.64526,0.76489,1.02151,-49.188,-5.312,-8.875,0.119,0.3254,0.9371,0.0401
1781788909618,15558,0.2168,0.62207,0.76807,1.01188,-49.625,-4.312,-9.125,0.119,0.3234,0.9378,0.0408
1781788909618,15558,0.21338,0.61597,0.77979,1.01637,-48.625,-4.0,-7.875,0.119,0.3215,0.9384,0.0415
1781788909673,15613,0.21338,0.61597,0.77979,1.01637,-48.625,-4.0,-7.875,0.119,0.3215,0.9384,0.0415
1781788909732,15672,0.21582,0.57471,0.80103,1.00921,-32.625,-9.625,-2.688,0.1238,0.3046,0.9431,0.0479
1781788909732,15672,0.22339,0.57788,0.80835,1.01847,-26.812,-6.062,-4.5,0.1241,0.3029,0.9436,0.0484
1781788909733,15673,0.22339,0.57788,0.80835,1.01847,-26.812,-6.062,-4.5,0.1241,0.3029,0.9436,0.0484
1781788909734,15674,0.20825,0.55371,0.77222,0.97277,-4.5,0.5,-2.625,0.1221,0.298,0.9453,0.0493
1781788909798,15738,0.20825,0.55371,0.77222,0.97277,-4.5,0.5,-2.625,0.1221,0.298,0.9453,0.0493
1781788909798,15738,0.23291,0.61987,0.80371,1.04136,-13.375,5.125,-2.062,0.1218,0.2964,0.9458,0.0504
1781788909799,15739,0.23291,0.61987,0.80371,1.04136,-13.375,5.125,-2.062,0.1218,0.2964,0.9458,0.0504
1781788909852,15792,0.19849,0.52563,0.77173,0.9546,-15.188,-21.625,-1.625,0.1253,0.2861,0.9484,0.0513
1781788909852,15792,0.18359,0.52832,0.76807,0.95013,-12.188,-18.812,-0.5,0.1265,0.2853,0.9486,0.0518
1781788909854,15794,0.18359,0.52832,0.76807,0.95013,-12.188,-18.812,-0.5,0.1265,0.2853,0.9486,0.0518
1781788909913,15853,0.19165,0.5376,0.81665,0.99632,3.312,-9.875,-0.062,0.1314,0.2848,0.9479,0.053
1781788909914,15854,0.18726,0.53882,0.82446,1.00256,-0.188,-12.125,-0.938,0.1318,0.2848,0.9479,0.0532
1781788909915,15855,0.27246,0.61353,0.77856,1.02801,-22.438,-13.438,-14.125,0.1336,0.2797,0.9489,0.0576
1781788909978,15918,0.2251,0.53418,0.7915,0.98107,-14.625,-12.812,-3.062,0.1341,0.2783,0.9492,0.0574
1781788909978,15918,0.23022,0.53345,0.79468,0.98442,-8.938,-11.75,-2.5,0.1345,0.2779,0.9493,0.0578
1781788909978,15918,0.23022,0.53345,0.79468,0.98442,-8.938,-11.75,-2.5,0.1345,0.2779,0.9493,0.0578
1781788910096,16036,0.26416,0.5647,0.81299,1.02451,13.688,-5.562,-0.25,0.1365,0.2808,0.9483,0.0552
1781788910098,16038,0.2583,0.55981,0.81909,1.02519,15.5,-5.5,-0.25,0.1362,0.2823,0.948,0.0525
1781788910098,16038,0.23145,0.58105,0.83325,1.04187,-7.062,-5.5,-0.688,0.1388,0.285,0.9469,0.0516
1781788910101,16041,0.21558,0.56372,0.81934,1.01763,-10.688,-4.875,-0.938,0.1387,0.2844,0.9472,0.0505
1781788910154,16094,0.22461,0.55957,0.81494,1.01375,-10.625,-5.062,-2.75,0.1389,0.284,0.9472,0.0508
1781788910154,16094,0.24487,0.53662,0.79736,0.99182,-3.625,-1.938,-2.688,0.1401,0.2813,0.9477,0.0541
1781788910155,16095,0.23706,0.54492,0.8147,1.0084,12.062,4.875,0.062,0.1395,0.2846,0.9468,0.0535
1781788910213,16153,0.24219,0.55688,0.81982,1.02024,14.0,5.25,0.0,0.1394,0.2852,0.9467,0.0533
1781788910213,16153,0.2373,0.55908,0.8147,1.01618,15.312,5.562,-0.438,0.1392,0.2858,0.9465,0.0532
1781788910214,16154,0.24561,0.56348,0.81885,1.02388,26.188,8.562,-5.812,0.1369,0.2921,0.945,0.0521
1781788910272,16212,0.24561,0.56348,0.81885,1.02388,26.188,8.562,-5.812,0.1369,0.2921,0.945,0.0521
1781788910273,16213,0.2583,0.57788,0.82324,1.03846,31.688,6.688,-6.062,0.1365,0.2933,0.9446,0.052
1781788910273,16213,0.19727,0.57983,0.79004,0.99964,10.438,28.5,-4.938,0.1297,0.3057,0.9415,0.0551
1781788910332,16272,0.18945,0.58911,0.79712,1.00913,8.625,26.062,-1.938,0.1278,0.3065,0.9416,0.0541
1781788910333,16273,0.12256,0.49634,0.86841,1.00772,16.875,25.25,-0.312,0.1267,0.3069,0.9416,0.0538
1781788910334,16274,0.12134,0.5625,0.7627,0.95542,-25.375,80.5,5.125,0.109,0.302,0.9456,0.0499
1781788910392,16332,0.17969,0.54468,0.80005,0.9844,-23.188,61.25,5.688,0.1064,0.301,0.9462,0.049
1781788910393,16333,-0.02368,0.50464,0.77808,0.9277,-28.125,80.625,20.562,0.1036,0.3,0.947,0.0476
1781788910393,16333,0.09546,0.59424,0.80518,1.00526,4.188,5.25,0.0,0.0795,0.2872,0.954,0.0273
1781788910452,16392,0.14844,0.57275,0.7915,0.98821,2.438,6.0,-2.688,0.0792,0.2874,0.954,0.0274
1781788910453,16393,0.13623,0.56274,0.80908,0.99491,-0.938,4.562,-3.875,0.0789,0.2874,0.954,0.0275
1781788910455,16395,0.12256,0.53931,0.82007,0.98913,-2.125,-1.188,-2.125,0.0778,0.2861,0.9545,0.0284
1781788910522,16462,0.13867,0.52441,0.8335,0.99446,0.25,-0.562,-1.5,0.0778,0.2861,0.9545,0.0285
1781788910522,16462,0.11816,0.5564,0.84302,1.01697,-0.875,-0.5,-1.062,0.0778,0.2861,0.9545,0.0286
1781788910522,16462,0.14893,0.53418,0.85693,1.02072,-0.375,3.5,-1.188,0.0772,0.2856,0.9547,0.0291
1781788910572,16512,0.15015,0.53638,0.854,1.01959,0.0,3.688,-1.312,0.077,0.2856,0.9547,0.0291
1781788910572,16512,0.15308,0.55029,0.84375,1.01891,0.375,4.25,-1.25,0.0765,0.2857,0.9547,0.0287
1781788910573,16513,0.17236,0.56543,0.86719,1.04949,3.688,7.938,-3.312,0.0744,0.2862,0.9547,0.0289
1781788910634,16574,0.17236,0.56543,0.86719,1.04949,3.688,7.938,-3.312,0.0744,0.2862,0.9547,0.0289
1781788910634,16574,0.17334,0.56445,0.86377,1.0463,4.938,11.625,-4.812,0.0731,0.2868,0.9547,0.0276
1781788910634,16574,0.09814,0.56787,0.80786,0.99235,4.875,14.625,-9.688,0.0664,0.2892,0.9544,0.0286
1781788910693,16633,0.08496,0.57373,0.81689,1.00185,3.812,16.125,-9.562,0.0656,0.2894,0.9544,0.0288
1781788910693,16633,0.05737,0.56177,0.82471,0.99951,0.625,16.75,-9.188,0.0643,0.2896,0.9544,0.0292
1781788910693,16633,0.05933,0.52759,0.85449,1.00599,5.312,16.812,-6.25,0.0568,0.291,0.9545,0.0281
1781788910758,16698,0.05933,0.52759,0.85449,1.00599,5.312,16.812,-6.25,0.0568,0.291,0.9545,0.0281
1781788910758,16698,0.05347,0.52466,0.84863,0.99915,7.312,15.75,-5.312,0.056,0.2913,0.9545,0.0282
1781788910759,16699,0.02222,0.5564,0.80469,0.97857,7.0,6.625,-2.938,0.052,0.2971,0.9528,0.0314
1781788910813,16753,0.0166,0.5481,0.79468,0.9655,7.125,4.938,-2.312,0.0516,0.2974,0.9527,0.0315
1781788910814,16754,0.02124,0.54346,0.78564,0.95553,9.312,0.562,-0.688,0.0515,0.298,0.9525,0.0315
1781788910814,16754,0.11304,0.59204,0.81421,1.01303,13.312,-8.5,-0.375,0.0555,0.3037,0.9504,0.0333
1781788910872,16812,0.10986,0.59644,0.80957,1.01154,9.812,-5.688,0.125,0.0558,0.3041,0.9503,0.0333
1781788910872,16812,0.10742,0.5896,0.79175,0.99299,6.062,-1.125,1.312,0.0566,0.3046,0.95,0.0349
1781788910873,16813,0.11304,0.60059,0.7832,0.99342,3.125,-2.375,1.125,0.0585,0.3057,0.9495,0.0374
1781788910934,16874,0.11377,0.59766,0.78052,0.98962,2.875,-3.0,0.812,0.0587,0.3059,0.9494,0.0374
1781788910935,16875,0.10571,0.59546,0.78613,0.99184,2.75,-4.438,0.25,0.0591,0.3061,0.9493,0.0375
1781788910936,16876,0.10767,0.59326,0.80542,1.00611,-1.812,1.625,0.438,0.0607,0.3068,0.9489,0.0392
1781788910993,16933,0.09937,0.59253,0.79785,0.99877,-2.938,2.125,0.688,0.0607,0.3068,0.9489,0.0391
1781788910993,16933,0.09546,0.58765,0.79492,0.99315,-2.312,1.5,0.625,0.0606,0.3067,0.949,0.0391
1781788910994,16934,0.04785,0.56543,0.80957,0.98864,-4.438,2.375,1.625,0.059,0.305,0.9497,0.0375
1781788911052,16992,0.04736,0.5752,0.80054,0.98689,-2.625,1.188,2.125,0.0589,0.3049,0.9497,0.0374
1781788911052,16992,0.04834,0.57495,0.80322,0.98898,-0.688,-0.312,2.562,0.0589,0.3049,0.9497,0.0373
1781788911053,16993,0.0437,0.59497,0.81714,1.01174,-4.812,4.375,4.938,0.0578,0.3048,0.95,0.0333
1781788911117,17057,0.05298,0.58276,0.79761,0.98924,-7.062,5.188,4.312,0.0576,0.3046,0.95,0.0331
1781788911118,17058,0.06348,0.56738,0.79565,0.97929,-7.562,5.375,4.75,0.0574,0.3043,0.9501,0.0328
1781788911118,17058,0.06348,0.56738,0.79565,0.97929,-7.562,5.375,4.75,0.0574,0.3043,0.9501,0.0328
1781788911175,17115,0.08325,0.5708,0.82422,1.00602,-23.25,28.062,19.0,0.0513,0.2979,0.9528,0.0255
1781788911175,17115,0.08447,0.56519,0.82617,1.00455,-24.062,28.062,18.812,0.0504,0.2969,0.9531,0.0244
1781788911175,17115,0.104,0.56519,0.83398,1.01281,-4.75,8.188,10.188,0.0451,0.2913,0.9553,0.0178
1781788911232,17172,0.10278,0.57227,0.84058,1.02207,-4.438,7.375,8.562,0.0447,0.2909,0.9555,0.0169
1781788911233,17173,0.09839,0.57715,0.84497,1.02799,-5.375,7.312,6.5,0.0442,0.2905,0.9556,0.0157
1781788911233,17173,0.07788,0.5603,0.86255,1.0315,-0.688,1.812,3.125,0.0435,0.2885,0.9562,0.0158
1781788911294,17234,0.0835,0.56372,0.86475,1.03563,1.375,0.375,2.75,0.0436,0.2886,0.9562,0.0156
1781788911294,17234,0.08374,0.56006,0.85938,1.02918,3.062,-0.625,1.875,0.0437,0.2886,0.9562,0.0156
1781788911296,17236,0.08105,0.57471,0.80786,0.99474,3.062,-5.312,-2.562,0.0443,0.2913,0.9554,0.013
1781788911353,17293,0.0752,0.57544,0.81641,1.00165,2.812,-4.5,-3.062,0.0446,0.2916,0.9553,0.0134
1781788911354,17294,0.06445,0.57349,0.82446,1.00637,1.375,-4.125,-3.625,0.0445,0.2917,0.9553,0.0129
1781788911354,17294,0.0752,0.54004,0.83398,0.99641,3.188,-4.875,-2.438,0.0462,0.2921,0.955,0.0161
1781788911415,17355,0.08301,0.53955,0.83521,0.99778,4.438,-5.312,-2.5,0.0463,0.2923,0.955,0.0162
1781788911415,17355,0.08838,0.54688,0.82715,0.99552,5.438,-5.312,-2.438,0.0466,0.2926,0.9548,0.0164
1781788911415,17355,0.08569,0.56763,0.82031,1.00123,10.312,-7.875,-5.375,0.0495,0.2965,0.9534,0.0191
1781788911475,17415,0.08032,0.5603,0.81372,0.99123,8.875,-7.875,-5.125,0.0499,0.2971,0.9533,0.0195
1781788911475,17415,0.07886,0.55859,0.81274,0.98934,8.625,-8.188,-4.75,0.0502,0.2974,0.9531,0.0198
1781788911475,17415,0.12622,0.5625,0.81763,1.00043,15.625,-13.875,-3.562,0.0551,0.3018,0.9514,0.0245
1781788911532,17472,0.12354,0.5791,0.81763,1.00952,15.75,-12.875,-4.125,0.0556,0.3024,0.9511,0.0248
1781788911533,17473,0.12354,0.57642,0.81494,1.00581,14.562,-12.875,-4.625,0.0562,0.303,0.9509,0.0251
1781788911533,17473,0.07812,0.58301,0.77808,0.9754,11.812,-17.625,-7.25,0.0617,0.3077,0.9488,0.032
1781788911593,17533,0.0769,0.58203,0.78174,0.97764,11.062,-19.438,-6.375,0.0631,0.3086,0.9484,0.033
1781788911593,17533,0.07202,0.58252,0.78589,0.98089,10.375,-20.375,-5.375,0.0638,0.309,0.9482,0.0335
1781788911593,17533,0.07202,0.58252,0.78589,0.98089,10.375,-20.375,-5.375,0.0638,0.309,0.9482,0.0335
1781788911655,17595,0.12915,0.58789,0.84326,1.03604,-2.812,-3.5,-0.125,0.0713,0.3115,0.9467,0.0385
1781788911713,17653,0.1084,0.573,0.84082,1.02326,-5.562,-0.188,1.375,0.0714,0.3111,0.9468,0.0384
1781788911714,17654,0.1084,0.573,0.84082,1.02326,-5.562,-0.188,1.375,0.0714,0.3111,0.9468,0.0384
1781788911715,17655,0.12158,0.58838,0.82129,1.01759,10.0,-9.188,-3.375,0.0726,0.3121,0.9464,0.0371
1781788911715,17655,0.12915,0.60156,0.82202,1.02678,11.188,-9.938,-3.312,0.0731,0.3128,0.9461,0.0374
1781788911772,17712,0.12915,0.60156,0.82202,1.02678,11.188,-9.938,-3.312,0.0731,0.3128,0.9461,0.0374
1781788911832,17772,0.11694,0.62549,0.77441,1.00231,11.938,-5.312,-6.375,0.0769,0.3171,0.9442,0.0431
1781788911833,17773,0.06909,0.64307,0.79614,1.02574,13.75,-9.375,0.0,0.083,0.3228,0.9412,0.0522
1781788911833,17773,0.14404,0.66089,0.77515,1.02877,8.438,-10.438,-3.125,0.0839,0.3236,0.9409,0.0525
1781788911834,17774,0.1145,0.66797,0.79004,1.04089,5.0,-6.25,-4.188,0.0849,0.324,0.9405,0.0543
1781788911892,17832,0.1145,0.66797,0.79004,1.04089,5.0,-6.25,-4.188,0.0849,0.324,0.9405,0.0543
1781788911893,17833,0.1145,0.63623,0.78442,1.01647,6.688,-7.812,-6.25,0.086,0.3257,0.9398,0.0559
1781788911894,17834,0.12036,0.62524,0.76904,0.99842,3.938,-5.0,-5.188,0.0901,0.3286,0.9379,0.0632
1781788911954,17894,0.12231,0.61694,0.76025,0.98669,3.562,-5.875,-6.125,0.0903,0.3287,0.9378,0.0635
1781788912073,18013,0.13257,0.61328,0.75586,0.98235,4.188,-6.875,-6.312,0.0905,0.3289,0.9378,0.0639
1781788912073,18013,0.12549,0.60596,0.76416,0.9833,-0.625,-3.375,-4.125,0.0919,0.3298,0.9371,0.0663
1781788912073,18013,0.12549,0.60596,0.76416,0.9833,-0.625,-3.375,-4.125,0.0919,0.3298,0.9371,0.0663
1781788912076,18016,0.11841,0.60498,0.76685,0.98391,-2.375,-1.625,-2.5,0.0924,0.3295,0.937,0.0679
1781788912132,18072,0.14771,0.62427,0.76489,0.99829,3.375,-11.562,-6.188,0.0935,0.3291,0.937,0.0695
1781788912132,18072,0.14307,0.65698,0.74634,1.00455,15.875,-37.188,-17.875,0.1031,0.3321,0.934,0.0801
1781788912133,18073,0.0896,0.63721,0.78735,1.01685,24.375,-59.188,-17.625,0.1206,0.3368,0.9288,0.0956
1781788912192,18132,0.0896,0.63721,0.78735,1.01685,24.375,-59.188,-17.625,0.1206,0.3368,0.9288,0.0956
1781788912192,18132,0.09839,0.59814,0.78833,0.99445,35.188,-72.812,-18.25,0.1262,0.3386,0.9269,0.0999
1781788912193,18133,0.8313,0.82666,0.77295,1.40423,58.562,-91.812,-32.75,0.162,0.3548,0.9122,0.1243
1781788912253,18193,0.04517,0.79517,0.71777,1.07216,58.438,-65.125,-40.75,0.1663,0.3581,0.9094,0.1298
1781788912255,18195,0.23022,0.76782,0.76196,1.10596,50.5,-70.688,-41.75,0.1676,0.359,0.9086,0.1309
1781788912255,18195,0.27075,0.76904,0.56982,0.9947,124.688,-119.312,-56.125,0.2038,0.3883,0.8832,0.1652
1781788912312,18252,0.17651,0.78833,0.55957,0.98272,125.375,-113.875,-59.812,0.208,0.3928,0.8796,0.1683
1781788912313,18253,0.073,0.75171,0.59131,0.95919,120.5,-119.188,-63.5,0.2136,0.3964,0.8754,0.1749
1781788912313,18253,0.1377,0.98608,0.57886,1.15169,84.375,-45.25,28.062,0.2719,0.4354,0.8348,0.1983
1781788912374,18314,0.1377,0.98608,0.57886,1.15169,84.375,-45.25,28.062,0.2719,0.4354,0.8348,0.1983
1781788912374,18314,0.31177,0.90259,0.3689,1.02369,50.75,-11.25,7.5,0.2789,0.4368,0.8305,0.2035
1781788912374,18314,0.2627,0.85229,0.49707,1.02103,44.25,-30.938,1.188,0.2881,0.4436,0.8229,0.2069
1781788912433,18373,0.2627,0.85229,0.49707,1.02103,44.25,-30.938,1.188,0.2881,0.4436,0.8229,0.2069
1781788912433,18373,0.27954,0.8772,0.49316,1.04443,30.438,-29.75,-6.125,0.2919,0.4457,0.8199,0.2087
1781788912436,18376,0.30908,0.87817,0.40234,1.0142,24.25,-37.438,-18.812,0.3013,0.4509,0.8113,0.2178
1781788912492,18432,0.30908,0.87817,0.40234,1.0142,24.25,-37.438,-18.812,0.3013,0.4509,0.8113,0.2178
1781788912492,18432,0.32275,0.91162,0.41333,1.0517,29.188,-40.938,-25.062,0.3047,0.4529,0.8079,0.2214
1781788912493,18433,0.16064,0.89526,0.40161,0.99428,4.688,-26.438,-10.75,0.3262,0.4683,0.7868,0.2345
1781788912552,18492,0.18921,0.93872,0.39429,1.0356,-0.062,-25.125,-6.5,0.3269,0.4681,0.7863,0.2352
1781788912552,18492,0.23193,0.9292,0.375,1.02851,-0.75,-27.125,-4.812,0.3283,0.4677,0.7856,0.2368
1781788912553,18493,0.35645,0.86328,0.34302,0.99497,12.812,-19.438,-16.125,0.3331,0.4683,0.7814,0.2427
1781788912613,18553,0.35645,0.86328,0.34302,0.99497,12.812,-19.438,-16.125,0.3331,0.4683,0.7814,0.2427
1781788912619,18559,0.32812,0.86304,0.35742,0.99008,16.312,-20.75,-18.188,0.3336,0.4689,0.7806,0.2435
1781788912620,18560,0.23413,0.91602,0.29956,0.99179,11.875,-14.438,-10.5,0.3394,0.4752,0.7714,0.2522
1781788912673,18613,0.23218,0.9187,0.30786,0.99634,11.062,-13.938,-9.25,0.3395,0.4754,0.7711,0.2525
1781788912673,18613,0.24268,0.92163,0.31714,1.00443,7.812,-13.0,-2.812,0.3404,0.4759,0.7702,0.2532
1781788912674,18614,0.33862,0.91821,0.27783,1.01734,12.5,-27.812,-8.562,0.3467,0.4766,0.7658,0.257
1781788912732,18672,0.33862,0.91821,0.27783,1.01734,12.5,-27.812,-8.562,0.3467,0.4766,0.7658,0.257
1781788912732,18672,0.28589,1.08374,0.36938,1.18011,18.375,-12.562,-28.0,0.3483,0.4786,0.763,0.2592
1781788912733,18673,0.15845,0.8877,-0.28638,0.94611,78.5,-115.688,-12.25,0.3543,0.4874,0.753,0.2639
1781788912792,18732,0.49634,0.93091,0.34302,1.10933,67.188,-134.75,-7.625,0.3599,0.4874,0.7496,0.2659
1781788912792,18732,0.14355,0.85425,0.25024,0.90165,53.938,-51.875,-15.0,0.3655,0.4897,0.7441,0.2694
1781788912793,18733,0.4292,0.99585,0.23145,1.10883,0.25,-15.688,-5.125,0.3719,0.4936,0.7372,0.2726
1781788912851,18791,0.44922,1.01123,0.22827,1.12982,2.438,-44.625,-16.562,0.3736,0.4932,0.7358,0.2745
1781788912852,18792,0.4353,1.11206,0.28979,1.22888,4.312,-66.312,-27.875,0.376,0.4927,0.7338,0.2777
1781788912853,18793,0.02197,0.7168,-0.0376,0.71812,10.75,-18.562,-44.875,0.3895,0.4943,0.7144,0.3054
1781788912913,18853,0.02197,0.7168,-0.0376,0.71812,10.75,-18.562,-44.875,0.3895,0.4943,0.7144,0.3054
1781788912913,18853,0.02124,0.92944,0.33716,0.98893,20.75,-70.062,-36.375,0.3904,0.4947,0.7127,0.3075
1781788912914,18854,0.15576,0.8811,0.27466,0.93597,-43.125,-47.25,-5.875,0.4092,0.4847,0.6978,0.3322
1781788912972,18912,0.15576,0.8811,0.27466,0.93597,-43.125,-47.25,-5.875,0.4092,0.4847,0.6978,0.3322
1781788912972,18912,0.18115,0.87085,0.26343,0.92768,-34.562,-44.25,0.0,0.41,0.483,0.6978,0.3339
1781788912977,18917,0.31836,0.94702,0.24023,1.02758,-3.625,-69.125,8.812,0.4202,0.4667,0.6972,0.3453
1781788913034,18974,0.25244,0.97974,0.20557,1.03241,-3.562,-79.812,5.25,0.4226,0.4654,0.6959,0.3468
1781788913035,18975,0.28271,0.92627,0.32593,1.02183,0.0,-88.125,6.75,0.4266,0.4631,0.6937,0.3493
1781788913035,18975,0.17554,0.78296,0.27637,0.84866,-49.812,-110.125,55.25,0.4514,0.4464,0.6817,0.3633
1781788913093,19033,0.07715,0.80859,0.26636,0.85482,-61.0,-114.125,66.688,0.4549,0.4417,0.6816,0.3648
1781788913093,19033,0.22876,0.71509,0.36255,0.83374,-81.688,-119.75,84.5,0.4586,0.4359,0.6821,0.3662
1781788913094,19034,0.49268,1.43848,-0.23535,1.53861,63.875,-177.0,-200.438,0.5018,0.42,0.6281,0.4207
1781788913152,19092,0.69482,1.17725,-0.17871,1.37863,132.375,-135.5,-177.688,0.5047,0.4241,0.6196,0.4257
1781788913152,19092,0.57764,1.21313,0.0022,1.34364,185.688,-86.438,-151.438,0.5075,0.4303,0.6115,0.4279
1781788913153,19093,0.34448,1.03955,0.44995,1.18397,105.688,74.875,-5.0,0.5263,0.4703,0.5709,0.4191
1781788913215,19155,0.17529,0.89307,0.15332,0.92293,82.938,48.438,-0.625,0.5263,0.477,0.57,0.4125
1781788913215,19155,0.05908,0.87915,0.17798,0.89893,89.438,37.75,-11.125,0.5283,0.4782,0.5676,0.4121
1781788913215,19155,-0.11206,1.07446,-0.56592,1.21955,47.375,-27.812,1.5,0.5363,0.4992,0.5513,0.3988
1781788913273,19213,-0.11206,1.07446,-0.56592,1.21955,47.375,-27.812,1.5,0.5363,0.4992,0.5513,0.3988
1781788913273,19213,-0.00098,1.08984,-0.36597,1.14965,39.5,-36.062,0.062,0.5378,0.4995,0.5496,0.3986
1781788913273,19213,0.11011,1.1062,-0.10425,1.11654,115.938,-133.188,-195.312,0.553,0.5216,0.5043,0.4091
1781788913333,19273,0.15283,1.16675,-0.10034,1.18099,107.75,-133.5,-160.562,0.5541,0.5256,0.4957,0.4131
1781788913334,19274,0.10425,1.229,-0.17627,1.24595,90.188,-122.25,-121.375,0.5554,0.5286,0.4882,0.4165
1781788913334,19274,-0.06055,0.94507,-0.5791,1.11004,37.625,22.312,-65.938,0.5562,0.5463,0.4537,0.4313
1781788913393,19333,0.0708,0.94971,-0.57007,1.10993,48.938,36.75,-71.5,0.5548,0.5494,0.4522,0.4306
1781788913393,19333,0.12549,0.95923,-0.48315,1.08134,56.062,35.062,-81.75,0.5534,0.553,0.4503,0.4299
1781788913393,19333,-0.06152,0.97192,-0.05884,0.97564,27.0,53.938,0.5,0.542,0.582,0.428,0.4288
1781788913452,19392,-0.10278,0.99805,0.05029,1.00459,20.688,45.938,20.062,0.5415,0.5839,0.4298,0.4252
1781788913452,19392,-0.16333,1.03735,-0.02271,1.05038,27.312,33.875,32.438,0.542,0.585,0.4315,0.4212
1781788913453,19393,-0.14185,0.86084,-0.40454,0.96168,37.938,23.562,27.75,0.551,0.5883,0.4324,0.4037
1781788913518,19458,-0.09888,0.91357,-0.3999,1.00216,38.125,24.062,17.438,0.5521,0.5892,0.4323,0.4009
1781788913518,19458,-0.04346,0.84106,-0.32349,0.90218,37.812,20.562,11.875,0.5527,0.59,0.4321,0.3992
1781788913519,19459,-0.10254,1.09985,-0.61548,1.26452,-106.25,-51.688,-154.125,0.5308,0.5997,0.4205,0.426
1781788913572,19512,-0.18286,1.05103,-0.4563,1.1603,-113.375,-12.0,-203.25,0.5242,0.6016,0.4194,0.4326
1781788913572,19512,-0.05493,0.95142,-0.49512,1.07394,-124.125,0.688,-223.5,0.5162,0.6044,0.4183,0.4391
1781788913573,19513,-0.05493,0.95142,-0.49512,1.07394,-124.125,0.688,-223.5,0.5162,0.6044,0.4183,0.4391
1781788913635,19575,-0.24512,1.2605,-0.17651,1.29618,-13.062,-25.5,-94.5,0.4467,0.6348,0.414,0.4752
1781788913636,19576,-0.37622,1.17334,-0.13843,1.23993,-4.5,-31.188,-87.875,0.4445,0.6358,0.4118,0.4779
1781788913636,19576,-0.37622,1.17334,-0.13843,1.23993,-4.5,-31.188,-87.875,0.4445,0.6358,0.4118,0.4779
1781788913692,19632,-0.30298,0.9873,-0.12183,1.03991,-10.562,-55.75,-55.125,0.4303,0.635,0.3931,0.5068
1781788913693,19633,-0.25098,0.90967,-0.10571,0.94956,-14.875,-46.625,-61.25,0.4287,0.6346,0.3903,0.5107
1781788913694,19634,-0.25098,0.90967,-0.10571,0.94956,-14.875,-46.625,-61.25,0.4287,0.6346,0.3903,0.5107
