t_ms_abs,t_ms_rel,ax_g,ay_g,az_g,resultant_g,gx_dps,gy_dps,gz_dps,qx,qy,qz,qw
1782310089774,0,0.98047,-0.12427,0.00024,0.98831,3.688,-2.812,5.688,0.3924,-0.5933,0.4668,0.5252
1782310090025,251,0.98193,-0.12305,0.01074,0.98967,2.938,-1.312,6.062,0.3923,-0.5935,0.4671,0.5249
1782310090041,267,0.98486,-0.11646,0.02515,0.99204,2.875,-0.438,5.938,0.3922,-0.5935,0.4673,0.5247
1782310090041,267,0.9873,-0.11523,0.03784,0.99472,2.938,0.062,6.312,0.3923,-0.5933,0.4678,0.5243
1782310090041,267,0.95337,-0.14111,0.01709,0.96391,-1.875,-2.938,2.375,0.3924,-0.5932,0.4697,0.5227
1782310090042,268,0.95093,-0.1394,0.01074,0.96115,-2.812,-3.812,0.562,0.3924,-0.5933,0.4696,0.5226
1782310090046,272,0.95532,-0.13184,0.00464,0.96439,-3.125,-4.938,-0.75,0.3925,-0.5935,0.4694,0.5225
1782310090323,549,0.96558,-0.10498,-0.0105,0.97133,0.188,0.625,-1.188,0.3933,-0.5945,0.4669,0.523
1782310090323,549,0.97363,-0.11523,-0.00464,0.98044,0.062,1.75,-0.562,0.3933,-0.5944,0.4669,0.5231
1782310090323,549,0.98071,-0.11743,0.00586,0.98773,0.062,2.188,-0.562,0.3933,-0.5944,0.467,0.5232
1782310090324,550,0.98022,-0.10986,0.00024,0.98636,-0.875,-4.062,-3.062,0.3939,-0.5942,0.4663,0.5234
1782310090324,550,0.97583,-0.10767,-0.01001,0.9818,-1.125,-3.062,-2.75,0.3941,-0.5943,0.466,0.5234
1782310090324,550,0.97583,-0.10767,-0.01001,0.9818,-1.125,-3.062,-2.75,0.3941,-0.5943,0.466,0.5234
1782310090324,550,1.01221,-0.10352,0.0061,1.01751,0.0,0.812,0.938,0.3947,-0.5937,0.4653,0.5243
1782310090324,550,1.01001,-0.11011,0.00024,1.01599,-0.375,-0.062,1.0,0.3947,-0.5937,0.4653,0.5243
1782310090324,550,0.98901,-0.11304,-0.00732,0.99548,0.375,-1.375,1.812,0.3951,-0.5942,0.4652,0.5235
1782310090324,550,0.98511,-0.10718,-0.01147,0.99099,0.25,-1.062,2.0,0.3951,-0.5942,0.4652,0.5235
1782310090324,550,0.98438,-0.1123,-0.01245,0.99084,0.375,-0.562,2.25,0.395,-0.5943,0.4652,0.5234
1782310090418,644,0.99585,-0.10254,-0.01294,1.0012,1.562,-1.5,-0.875,0.3949,-0.5941,0.4661,0.5231
1782310090457,683,1.00146,-0.09814,-0.0166,1.00639,1.188,-2.125,-0.938,0.395,-0.5941,0.466,0.523
1782310090458,684,1.00366,-0.08887,-0.01172,1.00766,1.562,-2.625,-0.625,0.3952,-0.594,0.466,0.523
1782310090467,693,1.00366,-0.08887,-0.01172,1.00766,1.562,-2.625,-0.625,0.3952,-0.594,0.466,0.523
1782310090494,720,1.00366,-0.08887,-0.01172,1.00766,1.562,-2.625,-0.625,0.3952,-0.594,0.466,0.523
1782310090495,721,0.97803,-0.12402,0.00732,0.98589,3.188,1.625,1.375,0.3966,-0.5934,0.4672,0.5216
1782310090536,762,0.9917,-0.08838,-0.01221,0.99571,2.938,-6.125,-0.938,0.3973,-0.5935,0.4672,0.5209
1782310090540,766,0.98828,-0.08496,-0.01343,0.99202,3.438,-5.25,-0.188,0.3975,-0.5935,0.4672,0.5208
1782310090541,767,0.9856,-0.08252,-0.0127,0.98913,3.562,-4.5,0.438,0.3977,-0.5935,0.4672,0.5206
1782310090556,782,0.98657,-0.11743,-0.00098,0.99353,3.562,-1.875,0.062,0.3975,-0.5937,0.4671,0.5206
1782310090563,789,0.98682,-0.10742,-0.00195,0.99265,3.188,-2.625,-0.688,0.3977,-0.5936,0.4672,0.5205
1782310090564,790,0.99048,-0.09961,-0.00415,0.99548,3.25,-3.125,-0.938,0.3979,-0.5936,0.4672,0.5203
1782310090564,790,0.98706,-0.11353,-0.02222,0.99382,8.188,2.0,2.125,0.4001,-0.5924,0.4689,0.5186
1782310090566,792,0.98706,-0.11353,-0.02222,0.99382,8.188,2.0,2.125,0.4001,-0.5924,0.4689,0.5186
1782310090566,792,1.00708,-0.11353,-0.00293,1.01346,8.25,2.375,2.5,0.4002,-0.5921,0.4693,0.5184
1782310090567,793,0.94458,-0.09937,-0.01343,0.94989,7.0,-3.25,2.0,0.4016,-0.5917,0.4706,0.5166
1782310090567,793,0.9397,-0.09888,-0.01782,0.94506,7.312,-1.25,2.5,0.4017,-0.5917,0.4709,0.5162
1782310090567,793,0.9502,-0.09863,-0.00879,0.95535,7.625,0.812,2.312,0.4021,-0.5913,0.4714,0.5158
1782310090577,803,0.93042,-0.08667,-0.03784,0.93521,11.0,-1.75,-6.0,0.4053,-0.589,0.4733,0.5143
1782310090590,816,0.92798,-0.0874,-0.0415,0.93301,11.75,-0.625,-6.25,0.4057,-0.5887,0.4735,0.5142
1782310090604,830,0.91748,-0.02124,-0.07837,0.92107,22.188,4.188,-6.875,0.4095,-0.5832,0.476,0.5151
1782310090659,885,0.90479,-0.01733,-0.08423,0.90887,25.5,3.125,-8.875,0.4102,-0.5825,0.4765,0.5149
1782310090682,908,0.88623,-0.03052,-0.11182,0.89378,30.375,-0.25,-12.375,0.4122,-0.5808,0.4774,0.5144
1782310090683,909,0.88623,-0.03052,-0.11182,0.89378,30.375,-0.25,-12.375,0.4122,-0.5808,0.4774,0.5144
1782310090701,927,0.64453,0.20996,-0.30273,0.74239,48.062,-5.688,-29.875,0.4282,-0.5713,0.4788,0.5106
1782310090712,938,0.60596,0.23706,-0.26709,0.70336,47.312,-4.875,-25.125,0.4301,-0.57,0.4792,0.5101
1782310090728,954,0.60596,0.23706,-0.26709,0.70336,47.312,-4.875,-25.125,0.4301,-0.57,0.4792,0.5101
1782310090748,974,0.42944,0.3999,-0.23242,0.63116,70.75,-29.188,-112.0,0.4631,-0.5503,0.4728,0.5088
1782310090749,975,0.47412,0.43384,-0.21411,0.67738,75.75,-29.938,-122.938,0.4682,-0.547,0.4711,0.5091
1782310090757,983,0.67578,0.73291,-0.14038,1.00675,112.75,26.625,-106.062,0.516,-0.5068,0.4574,0.517
1782310090773,999,0.63696,0.64233,0.50122,1.03418,145.312,16.75,-74.938,0.5549,-0.448,0.478,0.5124
1782310090774,1000,0.65161,0.58691,0.56445,1.04291,148.5,10.5,-86.375,0.566,-0.4343,0.4813,0.509
1782310090777,1003,0.6084,0.60693,0.58887,1.04177,149.062,4.0,-92.375,0.5722,-0.427,0.4817,0.5079
1782310090778,1004,0.57397,0.52637,0.64404,1.01059,132.75,9.938,-129.5,0.6128,-0.3771,0.4821,0.4995
1782310090859,1085,0.59644,0.52588,0.66528,1.03677,125.0,15.5,-134.75,0.6172,-0.3706,0.4818,0.4993
1782310090859,1085,0.60596,0.52515,0.68896,1.05718,116.562,19.25,-138.688,0.6213,-0.3639,0.4813,0.4996
1782310090890,1116,0.68188,0.55347,0.87622,1.24058,19.375,10.188,-220.875,0.6518,-0.3027,0.4583,0.5227
1782310090914,1140,0.68457,0.58496,0.88525,1.26273,3.062,6.375,-238.562,0.656,-0.2922,0.4511,0.5297
1782310090940,1166,0.6853,0.61084,0.89062,1.27905,-7.938,4.125,-250.375,0.6585,-0.2851,0.4457,0.5348
1782310090941,1167,0.74048,1.11865,0.875,1.60166,-90.125,-8.0,-353.0,0.6739,-0.2107,0.3614,0.6087
1782310090941,1167,0.75366,1.17603,0.86694,1.64397,-94.5,-5.562,-361.312,0.6745,-0.2018,0.3511,0.6171
1782310090941,1167,0.76416,1.22852,0.85693,1.68153,-97.562,-2.938,-368.375,0.6748,-0.1926,0.3405,0.6255
1782310090942,1168,1.00513,1.4895,0.76855,1.95437,-116.75,75.188,-301.875,0.6603,-0.0972,0.2399,0.7048
1782310091015,1241,1.04224,1.49707,0.77588,1.98229,-118.25,84.5,-281.0,0.6569,-0.088,0.2332,0.7114
1782310091015,1241,1.05981,1.48999,0.78516,1.98991,-118.562,92.188,-259.688,0.6531,-0.0792,0.2274,0.7178
1782310091025,1251,1.07983,1.20093,0.77515,1.7914,-156.75,137.562,-78.062,0.6044,-0.0142,0.2112,0.7679
1782310091053,1279,1.06812,1.18677,0.77856,1.77636,-164.125,140.188,-60.938,0.5944,-0.0074,0.2135,0.7752
1782310091055,1281,1.05493,1.18311,0.77905,1.76622,-167.75,140.375,-52.0,0.5875,-0.0031,0.2153,0.7799
1782310091056,1282,0.9458,1.15137,0.72095,1.65528,-186.75,113.312,-24.75,0.513,0.0343,0.2463,0.8214
1782310091119,1345,0.94287,1.16577,0.70215,1.65561,-185.812,104.312,-21.938,0.4977,0.0385,0.2502,0.8295
1782310091137,1363,0.9375,1.16504,0.67944,1.64252,-182.938,96.125,-19.0,0.4862,0.0433,0.2567,0.834
1782310091139,1365,0.81055,1.0415,0.5769,1.44032,-164.562,47.938,0.312,0.4237,0.0523,0.278,0.8603
1782310091207,1433,0.79565,1.0293,0.56421,1.41804,-163.312,44.812,1.812,0.4174,0.0518,0.2793,0.863
1782310091208,1434,0.77222,1.01709,0.5481,1.38968,-162.125,39.375,5.062,0.4045,0.0522,0.2857,0.8671
1782310091216,1442,0.68896,0.94653,0.50757,1.27601,-145.688,32.188,30.062,0.3502,0.0455,0.3075,0.8834
1782310091243,1469,0.68262,0.93237,0.51318,1.26437,-143.438,30.5,31.875,0.3447,0.0441,0.3095,0.885
1782310091244,1470,0.67261,0.9043,0.52563,1.24356,-139.438,26.188,35.062,0.3338,0.0422,0.316,0.887
1782310091244,1470,0.64795,0.85254,0.59473,1.22489,-119.812,-5.438,42.75,0.2924,0.0267,0.3377,0.8941
1782310091293,1519,0.64136,0.84253,0.59448,1.21433,-115.938,-10.25,44.438,0.2884,0.024,0.3394,0.8949
1782310091295,1521,0.63867,0.83643,0.58887,1.20594,-111.938,-14.375,46.812,0.2846,0.0212,0.3411,0.8955
1782310091298,1524,0.42529,0.78345,0.54907,1.04697,-85.75,-21.938,78.562,0.251,-0.0117,0.372,0.8934
1782310091351,1577,0.40259,0.79639,0.52905,1.03741,-82.0,-17.438,81.938,0.2484,-0.0145,0.3748,0.893
1782310091366,1592,0.37427,0.80688,0.50488,1.02276,-77.5,-11.5,85.5,0.2457,-0.0166,0.3798,0.8915
1782310091377,1603,0.22827,0.65942,0.51514,0.86736,-26.125,64.375,130.875,0.2241,-0.0244,0.421,0.8784
1782310091408,1634,0.21973,0.63623,0.53394,0.85916,-23.25,70.188,132.562,0.2221,-0.0234,0.4266,0.8763
1782310091409,1635,0.21875,0.60156,0.57349,0.85943,-21.188,79.188,135.312,0.2175,-0.0215,0.4359,0.8729
1782310091422,1648,0.21875,0.60156,0.57349,0.85943,-21.188,79.188,135.312,0.2175,-0.0215,0.4359,0.8729
1782310091474,1700,0.23242,0.53418,0.74268,0.9439,-17.125,76.375,157.5,0.1951,-0.0085,0.489,0.85
1782310091622,1848,0.21704,0.52295,0.7522,0.94148,-15.812,71.625,157.625,0.1931,-0.0075,0.4952,0.8469
1782310091623,1849,0.21704,0.52295,0.7522,0.94148,-15.812,71.625,157.625,0.1931,-0.0075,0.4952,0.8469
1782310091623,1849,0.21704,0.52295,0.7522,0.94148,-15.812,71.625,157.625,0.1931,-0.0075,0.4952,0.8469
1782310091635,1861,-0.05005,0.38794,0.75562,0.85086,23.188,31.812,117.125,0.1823,-0.0002,0.5504,0.8146
1782310091635,1861,-0.0481,0.24048,0.9248,0.95677,13.25,35.0,92.25,0.1813,0.0082,0.5858,0.7897
1782310091636,1862,-0.0481,0.24048,0.9248,0.95677,13.25,35.0,92.25,0.1813,0.0082,0.5858,0.7897
1782310091636,1862,-0.03345,0.16284,0.93799,0.95261,4.75,36.188,77.562,0.1793,0.0106,0.5945,0.7836
1782310091636,1862,0.03906,0.24146,1.15015,1.17587,21.188,-2.0,14.625,0.1767,0.0135,0.6059,0.7754
1782310091653,1879,0.04126,0.22998,1.1499,1.1734,25.875,-4.75,9.938,0.1776,0.014,0.6062,0.775
1782310091657,1883,0.05933,0.18555,1.15479,1.17111,29.625,-5.875,3.062,0.1795,0.0148,0.6053,0.7752
1782310091719,1945,0.23169,0.26343,1.23853,1.28726,3.875,13.938,6.938,0.1814,0.0189,0.6044,0.7753
1782310091721,1947,0.25317,0.26294,1.24341,1.29588,4.188,13.75,9.375,0.1812,0.0194,0.6048,0.7751
1782310091726,1952,0.271,0.24048,1.25049,1.30192,4.062,11.625,13.25,0.1807,0.0201,0.6054,0.7747
1782310091726,1952,0.2373,0.18701,1.21973,1.25659,-17.625,17.562,37.062,0.1757,0.0205,0.6148,0.7684
1782310091767,1993,0.22998,0.18726,1.21631,1.25195,-21.0,20.938,37.938,0.1739,0.0202,0.617,0.7671
1782310091775,2001,0.22144,0.19287,1.20972,1.24485,-23.0,23.062,38.125,0.1725,0.0202,0.619,0.7658
1782310091790,2016,0.21436,0.16528,1.15894,1.19013,-37.688,42.125,42.188,0.1531,0.0203,0.6365,0.7554
1782310091855,2081,0.21436,0.16528,1.15894,1.19013,-37.688,42.125,42.188,0.1531,0.0203,0.6365,0.7554
1782310091855,2081,0.24316,0.15503,1.13647,1.17249,-43.0,34.125,37.188,0.1472,0.0198,0.6406,0.7531
1782310091860,2086,0.22144,0.19556,1.04248,1.08353,-54.062,21.625,44.062,0.1268,0.0125,0.6545,0.7451
1782310091886,2112,0.22144,0.19556,1.04248,1.08353,-54.062,21.625,44.062,0.1268,0.0125,0.6545,0.7451
1782310091887,2113,0.1748,0.15234,1.03198,1.05771,-59.312,24.312,50.5,0.1196,0.0092,0.6608,0.7408
1782310091891,2117,0.22314,0.16602,1.07568,1.11105,-86.438,16.438,50.938,0.0921,-0.0043,0.6788,0.7283
1782310092104,2330,0.20923,0.17188,1.07129,1.10498,-86.625,13.688,49.125,0.0891,-0.0066,0.6804,0.7272
1782310092147,2373,0.20605,0.18091,1.0354,1.07109,-81.938,2.562,46.312,0.0835,-0.0112,0.684,0.7244
1782310092147,2373,0.19141,0.05103,0.98926,1.0089,-87.688,-20.312,27.0,0.061,-0.0399,0.6954,0.7147
1782310092155,2381,0.19141,0.05103,0.98926,1.0089,-87.688,-20.312,27.0,0.061,-0.0399,0.6954,0.7147
1782310092205,2431,0.20508,-0.00269,0.96997,0.99142,-93.062,-26.5,24.5,0.0568,-0.0468,0.6967,0.7134
1782310092220,2446,0.17554,-0.01172,0.95215,0.96827,-116.125,-28.625,15.188,0.0332,-0.0854,0.6987,0.7094
1782310092224,2450,0.17261,-0.01294,0.95044,0.96607,-116.062,-28.375,13.312,0.0305,-0.0897,0.6987,0.709
1782310092243,2469,0.18921,-0.00171,0.93384,0.95282,-112.5,-30.938,6.812,0.0255,-0.0982,0.6988,0.7079
1782310092271,2497,0.12817,-0.02148,0.82422,0.8344,-73.188,-68.875,-22.0,0.0135,-0.136,0.6941,0.7066
1782310092281,2507,0.09595,-0.0542,0.79932,0.80688,-69.062,-73.875,-30.5,0.0136,-0.1401,0.6928,0.7071
1782310092308,2534,0.04297,-0.08765,0.76953,0.7757,-63.0,-83.0,-45.812,0.0144,-0.1465,0.6895,0.709
1782310092315,2541,0.1853,0.02173,0.64087,0.66747,-41.312,-78.125,-86.625,0.031,-0.1863,0.6582,0.7286
1782310092323,2549,0.21875,0.01172,0.63672,0.67335,-39.562,-74.688,-74.25,0.0325,-0.1896,0.6553,0.7302
1782310092324,2550,0.23511,-0.02515,0.6377,0.68013,-38.688,-70.562,-56.375,0.0341,-0.1945,0.6503,0.7334
1782310092340,2566,0.03149,-0.21997,0.70312,0.7374,-56.625,-68.625,-42.75,0.0394,-0.226,0.6329,0.7393
1782310092340,2566,0.05713,-0.16943,0.68091,0.70399,-57.312,-63.5,-49.75,0.0397,-0.2294,0.6307,0.74
1782310092341,2567,0.09058,-0.13525,0.66455,0.6842,-56.312,-58.438,-54.25,0.0396,-0.2327,0.627,0.7422
1782310092341,2567,0.49048,-0.21411,0.91919,1.06364,-4.375,-50.375,-33.125,0.0443,-0.2543,0.6065,0.7519
1782310092346,2572,0.46021,-0.17114,0.77881,0.92067,-12.188,-59.125,-28.5,0.0465,-0.2574,0.6046,0.7521
1782310092347,2573,0.21045,-0.07129,0.69214,0.72693,-4.688,-50.688,-25.125,0.0479,-0.2602,0.6011,0.7539
1782310092347,2573,0.3335,-0.21851,0.80103,0.89477,-13.875,53.0,-33.125,0.0499,-0.2565,0.5841,0.7683
1782310092375,2601,0.3335,-0.21851,0.80103,0.89477,-13.875,53.0,-33.125,0.0499,-0.2565,0.5841,0.7683
1782310092386,2612,0.36304,-0.19751,0.84497,0.94063,-18.188,68.438,-29.312,0.048,-0.2547,0.5831,0.7698
1782310092392,2618,0.29199,-0.05249,0.99976,1.04285,15.25,21.375,2.062,0.0247,-0.2291,0.5773,0.7832
1782310092461,2687,0.29199,-0.05249,0.99976,1.04285,15.25,21.375,2.062,0.0247,-0.2291,0.5773,0.7832
1782310092464,2690,0.32275,-0.03516,0.97827,1.03074,27.5,9.812,-9.625,0.0256,-0.2269,0.5764,0.7845
1782310092466,2692,0.35913,-0.10181,1.00049,1.06786,55.75,10.125,5.062,0.0365,-0.2175,0.5745,0.7881
1782310092498,2724,0.3501,-0.10498,1.01025,1.07434,63.875,16.375,14.938,0.0381,-0.2155,0.5754,0.7879
1782310092498,2724,0.32251,-0.10645,1.03442,1.08875,75.75,25.188,26.188,0.04,-0.2117,0.5758,0.7885
1782310092500,2726,0.21729,-0.05957,1.03955,1.06369,130.688,64.938,58.625,0.0601,-0.1635,0.5999,0.7808
1782310092572,2798,0.2019,-0.073,1.03003,1.05217,132.312,60.062,63.375,0.0619,-0.1584,0.6006,0.7811
1782310092576,2802,0.09351,-0.06519,0.92798,0.93495,134.312,50.688,68.75,0.0657,-0.1507,0.6055,0.7785
1782310092590,2816,0.19263,-0.02686,0.96826,0.9876,50.188,2.75,76.938,0.0881,-0.1202,0.6271,0.7644
1782310092610,2836,0.19263,-0.02686,0.96826,0.9876,50.188,2.75,76.938,0.0881,-0.1202,0.6271,0.7644
1782310092675,2901,0.13208,0.0022,0.90869,0.91824,21.562,-5.875,77.375,0.0894,-0.1192,0.6319,0.7604
1782310092676,2902,0.08813,-0.12109,0.87793,0.89061,-36.812,3.0,21.062,0.0833,-0.1235,0.645,0.7494
1782310092724,2950,0.08813,-0.12109,0.87793,0.89061,-36.812,3.0,21.062,0.0833,-0.1235,0.645,0.7494
1782310092732,2958,0.10889,-0.11475,0.84937,0.86398,-32.5,2.062,21.062,0.0813,-0.1248,0.6461,0.7484
1782310092732,2958,0.16431,-0.1123,1.04297,1.06179,97.188,-51.062,44.812,0.0954,-0.1213,0.6578,0.737
1782310092742,2968,0.16431,-0.1123,1.04297,1.06179,97.188,-51.062,44.812,0.0954,-0.1213,0.6578,0.737
1782310092743,2969,0.10181,-0.12476,1.03857,1.05098,89.062,-47.438,50.5,0.1031,-0.1196,0.6605,0.7339
1782310092753,2979,0.13403,-0.10425,1.0542,1.06779,8.312,-22.625,20.75,0.126,-0.1194,0.6718,0.7199
1782310092833,3059,0.17261,-0.10278,1.01245,1.03219,-21.938,1.438,21.312,0.1256,-0.1206,0.6749,0.7169
1782310092883,3109,0.14331,-0.09351,0.99658,1.01116,-33.938,10.562,22.625,0.1242,-0.1213,0.6755,0.7164
1782310093243,3469,0.28516,-0.08862,1.08301,1.12342,-137.688,-3.438,112.062,0.0903,-0.1406,0.6948,0.6994
1782310093243,3469,0.2146,-0.14355,1.05762,1.08868,-150.062,-14.188,116.438,0.0858,-0.1455,0.6989,0.6948
1782310093282,3508,0.13232,-0.18945,1.00049,1.02683,-164.25,-18.0,120.5,0.0807,-0.1511,0.7013,0.6917
1782310093285,3511,0.42456,-0.21997,0.80518,0.93646,-173.062,56.0,233.125,0.0097,-0.2037,0.7459,0.6338
1782310093285,3511,0.42456,-0.21997,0.80518,0.93646,-173.062,56.0,233.125,0.0097,-0.2037,0.7459,0.6338
1782310093285,3511,0.46802,-0.44336,1.09351,1.2694,-154.438,60.812,250.812,-0.007,-0.211,0.7563,0.619
1782310093291,3517,0.00513,-0.40845,0.96948,1.05202,42.0,-43.125,-23.375,-0.0227,-0.2089,0.7744,0.5966
1782310093321,3547,0.00513,-0.40845,0.96948,1.05202,42.0,-43.125,-23.375,-0.0227,-0.2089,0.7744,0.5966
1782310093321,3547,0.10034,-0.44263,0.9314,1.0361,15.25,-41.938,-22.688,-0.0186,-0.2095,0.7728,0.5985
1782310093321,3547,0.20728,-0.31543,1.01636,1.08418,11.062,-124.562,-24.875,0.0102,-0.2292,0.7637,0.6032
1782310093321,3547,0.20728,-0.31543,1.01636,1.08418,11.062,-124.562,-24.875,0.0102,-0.2292,0.7637,0.6032
1782310093321,3547,0.3728,-0.37573,0.95703,1.09364,16.062,22.625,32.062,0.035,-0.2304,0.7684,0.5958
1782310093321,3547,0.38379,-0.37012,0.89648,1.04305,12.75,31.375,41.188,0.0341,-0.2293,0.7695,0.5949
1782310093321,3547,0.38379,-0.37012,0.89648,1.04305,12.75,31.375,41.188,0.0341,-0.2293,0.7695,0.5949
1782310093321,3547,0.38379,-0.37012,0.89648,1.04305,12.75,31.375,41.188,0.0341,-0.2293,0.7695,0.5949
1782310093322,3548,0.26978,-0.36865,1.07495,1.16799,-1.0,75.562,27.062,0.0083,-0.2129,0.7808,0.5871
1782310093359,3585,0.26978,-0.36865,1.07495,1.16799,-1.0,75.562,27.062,0.0083,-0.2129,0.7808,0.5871
1782310093360,3586,0.27563,-0.32642,1.10889,1.18834,18.438,2.0,45.0,-0.0155,-0.1975,0.7971,0.5703
1782310093393,3619,0.31201,-0.32275,1.10303,1.19088,24.25,-4.312,37.375,-0.0151,-0.1968,0.7982,0.5689
1782310093414,3640,0.30762,-0.26514,0.83398,0.92761,61.75,-33.75,22.062,0.0011,-0.1883,0.8061,0.5608
1782310093466,3692,0.27002,-0.28687,0.79541,0.88763,63.125,-25.312,12.25,0.0057,-0.1854,0.8074,0.5598
1782310093467,3693,0.30591,-0.25928,0.77148,0.86948,64.188,-20.062,6.5,0.0079,-0.1838,0.8081,0.5593
1782310093474,3700,0.30591,-0.25928,0.77148,0.86948,64.188,-20.062,6.5,0.0079,-0.1838,0.8081,0.5593
1782310093475,3701,0.30591,-0.25928,0.77148,0.86948,64.188,-20.062,6.5,0.0079,-0.1838,0.8081,0.5593
1782310093475,3701,0.32666,0.04004,0.90186,0.96003,56.188,-31.812,49.812,0.0316,-0.1597,0.8207,0.5474
1782310093475,3701,0.27246,-0.10107,0.62817,0.69213,43.812,-69.375,13.75,0.0662,-0.1563,0.8301,0.5308
1782310093476,3702,0.2915,-0.08911,0.6626,0.72935,34.625,-56.812,12.312,0.069,-0.1564,0.8302,0.5303
1782310093476,3702,0.30713,-0.04932,0.73877,0.80159,27.312,-46.125,12.562,0.0714,-0.1564,0.8305,0.5296
1782310093476,3702,0.28833,0.02197,0.89575,0.94127,30.688,24.375,38.938,0.078,-0.1504,0.8371,0.5199
1782310093476,3702,0.30835,-0.02002,0.93237,0.98224,28.312,30.0,44.25,0.0769,-0.1481,0.8381,0.5191
1782310093476,3702,0.32056,-0.05444,0.94458,0.99898,23.75,31.688,44.5,0.0761,-0.1467,0.8394,0.5176
1782310093488,3714,0.10767,-0.06885,0.91333,0.92223,25.562,14.438,-18.312,0.0714,-0.1383,0.843,0.5147
1782310093660,3886,0.05444,-0.09082,0.93384,0.93982,37.312,21.938,-14.688,0.0715,-0.1356,0.843,0.5154
1782310093670,3896,0.04492,-0.08521,0.93701,0.94195,40.938,25.188,-12.0,0.0715,-0.1345,0.843,0.5156
1782310093670,3896,0.03149,-0.08228,0.94434,0.94844,49.938,44.125,18.188,0.0682,-0.1063,0.848,0.5144
1782310093674,3900,0.03052,-0.09863,0.97119,0.97666,45.562,49.25,26.125,0.067,-0.1022,0.8496,0.5129
1782310093676,3902,0.08813,-0.14624,1.00977,1.0241,40.938,49.75,36.25,0.0654,-0.0985,0.8511,0.5112
1782310094036,4262,0.08813,-0.14624,1.00977,1.0241,40.938,49.75,36.25,0.0654,-0.0985,0.8511,0.5112
1782310094039,4265,0.10474,-0.09619,1.02148,1.03133,63.625,-59.188,55.25,0.0737,-0.0795,0.8671,0.486
1782310094042,4268,0.10205,-0.09619,1.02881,1.03832,60.875,-68.062,52.562,0.0771,-0.0787,0.8682,0.4836
1782310094043,4269,0.10205,-0.09619,1.02881,1.03832,60.875,-68.062,52.562,0.0771,-0.0787,0.8682,0.4836
1782310094048,4274,0.1897,-0.12939,1.02954,1.05484,62.375,-99.562,35.312,0.1176,-0.0775,0.8746,0.4636
1782310094049,4275,0.22412,-0.11475,1.04517,1.07507,67.375,-93.562,31.188,0.1269,-0.0768,0.875,0.4605
1782310094052,4278,0.22412,-0.11475,1.04517,1.07507,67.375,-93.562,31.188,0.1269,-0.0768,0.875,0.4605
1782310094052,4278,0.33057,-0.08936,0.93213,0.99304,52.812,-56.5,18.25,0.1639,-0.0704,0.8776,0.4447
1782310094052,4278,0.33936,-0.08716,0.91943,0.98393,45.188,-50.938,3.812,0.1696,-0.069,0.8776,0.4428
1782310094052,4278,0.32275,-0.06348,0.95947,1.01429,-1.625,-25.25,-54.312,0.1865,-0.0651,0.8704,0.4506
1782310094073,4299,0.28564,-0.03418,0.96704,1.00892,-8.062,-26.562,-41.125,0.1889,-0.0656,0.8685,0.4532
1782310094074,4300,0.28052,-0.0481,0.96436,1.00548,-11.75,-26.125,-34.188,0.1897,-0.0662,0.8676,0.4545
1782310094074,4300,0.33179,-0.08618,0.85156,0.91797,-36.5,-23.125,19.312,0.1929,-0.0769,0.866,0.4545
1782310094074,4300,0.34058,-0.10596,0.88916,0.95803,-45.188,-26.812,20.75,0.1929,-0.08,0.8667,0.4526
1782310094189,4415,0.35229,-0.07056,0.89331,0.96285,-49.375,-30.875,19.312,0.1931,-0.0826,0.8667,0.4522
1782310094224,4450,0.35229,-0.07056,0.89331,0.96285,-49.375,-30.875,19.312,0.1931,-0.0826,0.8667,0.4522
1782310094229,4455,0.45459,-0.22974,1.02832,1.14755,-27.875,-103.125,-19.5,0.2124,-0.1159,0.8597,0.4496
1782310094229,4455,0.47241,-0.22852,1.02686,1.15318,-25.188,-106.0,-23.312,0.2158,-0.1188,0.8582,0.4501
1782310094230,4456,0.47241,-0.22852,1.02686,1.15318,-25.188,-106.0,-23.312,0.2158,-0.1188,0.8582,0.4501
1782310094235,4461,0.43921,-0.07422,0.80859,0.92316,4.625,-55.125,24.875,0.2604,-0.1419,0.8409,0.4525
1782310094238,4464,0.49219,-0.11353,0.82251,0.96523,6.938,-38.562,32.25,0.2619,-0.1428,0.841,0.451
1782310094238,4464,0.61377,-0.11011,0.88184,1.08004,1.312,55.562,25.688,0.2553,-0.1419,0.8489,0.4402
1782310094291,4517,0.65869,-0.05713,0.90747,1.12278,-1.438,57.938,27.188,0.252,-0.1405,0.8508,0.439
1782310094291,4517,0.6748,-0.01709,0.91309,1.13551,-2.438,54.938,30.25,0.2498,-0.1399,0.8519,0.4382
1782310094292,4518,0.6748,-0.01709,0.91309,1.13551,-2.438,54.938,30.25,0.2498,-0.1399,0.8519,0.4382
1782310094302,4528,0.6748,-0.01709,0.91309,1.13551,-2.438,54.938,30.25,0.2498,-0.1399,0.8519,0.4382
1782310094307,4533,0.60815,-0.12402,0.90405,1.0966,24.438,47.062,25.625,0.2326,-0.1307,0.8655,0.4235
1782310094309,4535,0.60815,-0.12402,0.90405,1.0966,24.438,47.062,25.625,0.2326,-0.1307,0.8655,0.4235
1782310094310,4536,0.61328,0.0896,0.85474,1.0558,100.25,-59.438,1.938,0.2498,-0.1046,0.8679,0.416
1782310094310,4536,0.60449,0.12842,0.7998,1.01073,94.25,-68.062,12.438,0.2561,-0.101,0.8677,0.4135
1782310094310,4536,0.60449,0.12842,0.7998,1.01073,94.25,-68.062,12.438,0.2561,-0.101,0.8677,0.4135
1782310094326,4552,0.48413,0.13916,0.69336,0.85703,52.25,-22.25,52.188,0.2862,-0.0899,0.8706,0.3896
1782310094337,4563,0.47632,0.18384,0.68286,0.85263,51.812,-11.062,51.5,0.2887,-0.0877,0.8723,0.3844
1782310094337,4563,0.32422,0.21655,0.64795,0.75621,13.625,-1.125,90.688,0.2918,-0.0808,0.8834,0.3573
1782310094337,4563,0.34644,0.18066,0.68579,0.78928,7.938,0.188,99.25,0.2915,-0.0816,0.8849,0.3536
1782310094375,4601,0.34448,0.17236,0.6814,0.78274,2.375,0.938,109.188,0.2911,-0.0827,0.8865,0.3496
1782310094380,4606,0.65381,0.14136,0.75269,1.00697,-30.5,-57.875,72.188,0.2892,-0.101,0.8995,0.311
1782310094383,4609,0.74072,0.08521,0.8479,1.1291,27.125,-92.188,-52.125,0.3259,-0.1183,0.8867,0.3056
1782310094570,4796,0.76318,0.09473,0.80615,1.11413,19.438,-83.0,-47.375,0.3316,-0.1176,0.884,0.3073
1782310094571,4797,0.80493,0.09985,0.74634,1.10223,3.875,-71.438,-38.0,0.3379,-0.1181,0.8804,0.3107
1782310094776,5002,0.50684,0.11328,0.73291,0.89826,-23.5,-35.375,10.875,0.3521,-0.128,0.8717,0.3155
1782310094776,5002,0.63916,0.18677,0.75879,1.00954,-19.625,-27.438,15.188,0.3529,-0.1292,0.8713,0.3152
1782310094776,5002,0.46606,0.11353,0.72339,0.86798,-14.062,-18.312,20.438,0.3533,-0.1304,0.8712,0.3146
1782310094776,5002,0.71094,0.08887,0.82373,1.09173,-57.875,84.562,48.75,0.3217,-0.1377,0.8854,0.3054
1782310094776,5002,0.70532,0.09082,0.83667,1.09806,-58.625,64.312,47.625,0.318,-0.1396,0.8867,0.3048
1782310094776,5002,0.68262,0.12476,0.84131,1.09057,-55.75,42.375,49.5,0.3152,-0.1417,0.8876,0.3041
1782310094780,5006,0.45898,0.01636,0.77271,0.89889,-15.75,-6.062,26.312,0.3109,-0.1612,0.8903,0.2906
1782310094802,5028,0.47266,-0.03564,0.82178,0.94868,-13.062,-5.25,12.438,0.3108,-0.1619,0.8903,0.2901
1782310094857,5083,0.52466,0.02002,0.80542,0.96144,-13.188,-5.625,-9.438,0.3109,-0.1626,0.8901,0.2905
1782310094858,5084,0.47729,0.00269,0.79907,0.93077,-16.438,52.562,-61.25,0.3026,-0.1594,0.8882,0.3064
1782310094858,5084,0.42676,0.05078,0.7937,0.90259,-14.375,62.188,-68.125,0.3005,-0.1582,0.888,0.3096
1782310094859,5085,0.38867,0.09033,0.77832,0.87465,-9.812,71.562,-76.438,0.2982,-0.1566,0.8878,0.3131
1782310094859,5085,0.59497,0.07666,0.90039,1.08193,36.938,21.375,-100.75,0.2788,-0.1292,0.882,0.3568
1782310094859,5085,0.46118,0.12915,0.95972,1.07258,103.125,-65.688,-23.5,0.3132,-0.094,0.8679,0.3734
1782310094878,5104,0.45728,0.12671,0.95581,1.06711,98.812,-71.938,-16.062,0.3174,-0.0911,0.8671,0.3725
1782310094886,5112,0.43481,0.12183,0.93433,1.03773,94.562,-76.875,-12.5,0.3217,-0.0886,0.8663,0.3714
1782310094891,5117,0.55859,0.12988,0.94019,1.10129,85.438,-29.875,-32.062,0.3596,-0.0669,0.853,0.3718
1782310094894,5120,0.63721,0.11792,0.93579,1.13826,81.188,-14.0,-33.5,0.3627,-0.0621,0.8522,0.3717
1782310094906,5132,0.68726,0.12134,0.94189,1.17227,76.625,-6.312,-26.938,0.3642,-0.059,0.8518,0.3715
1782310094926,5152,0.76636,0.26489,0.92261,1.22828,30.25,1.812,32.062,0.3698,-0.0493,0.8534,0.3636
1782310094942,5168,0.76636,0.26489,0.92261,1.22828,30.25,1.812,32.062,0.3698,-0.0493,0.8534,0.3636
1782310094955,5181,0.78564,0.43091,0.93335,1.29385,48.125,2.938,27.812,0.3706,-0.0475,0.8543,0.3611
1782310094956,5182,0.88525,0.23828,0.99072,1.3498,32.938,59.688,-81.125,0.3721,-0.0139,0.8523,0.367
1782310094966,5192,0.72217,0.46899,0.77319,1.15728,11.5,89.562,-29.812,0.3414,0.0167,0.8534,0.3933
1782310095017,5243,0.72217,0.46899,0.77319,1.15728,11.5,89.562,-29.812,0.3414,0.0167,0.8534,0.3933
1782310095017,5243,0.71021,0.40601,0.76758,1.12179,10.688,114.375,-27.188,0.3325,0.0228,0.8555,0.3959
1782310095021,5247,0.71021,0.40601,0.76758,1.12179,10.688,114.375,-27.188,0.3325,0.0228,0.8555,0.3959
1782310095122,5348,0.52905,0.44458,0.78027,1.04229,34.062,120.5,-2.188,0.2938,0.0498,0.8676,0.3978
1782310095136,5362,0.51172,0.45337,0.78003,1.03723,39.188,105.75,-2.5,0.2905,0.0532,0.8688,0.3972
1782310095143,5369,0.42529,0.22461,0.83252,0.96146,-20.875,-31.562,-84.188,0.283,0.0745,0.8635,0.4105
1782310095143,5369,0.43091,0.2561,0.84033,0.97848,-43.188,-43.125,-95.688,0.2835,0.0734,0.8615,0.4146
1782310095191,5417,0.48804,0.28027,0.86499,1.03196,-62.25,-57.312,-107.625,0.2841,0.0716,0.8591,0.4192
1782310095201,5427,0.41138,0.51245,0.34473,0.74208,61.312,-64.0,-76.562,0.3085,0.0577,0.8243,0.4709
1782310095202,5428,0.37378,0.54199,0.34302,0.74238,62.875,-59.0,-63.75,0.3118,0.0597,0.822,0.4726
1782310095202,5428,0.21094,0.53149,0.30957,0.65024,51.25,-40.125,-19.0,0.319,0.063,0.8163,0.4771
1782310095203,5429,0.19165,0.32715,0.74219,0.83343,-32.25,-17.438,29.875,0.3255,0.0568,0.815,0.4757
1782310095267,5493,0.20435,0.3479,0.76538,0.86522,-42.312,-12.125,24.25,0.3251,0.0549,0.8154,0.4755
1782310095269,5495,0.20337,0.32983,0.75464,0.84831,-51.875,-9.125,21.188,0.3244,0.0527,0.8159,0.4754
1782310095320,5546,0.49976,0.46899,0.50684,0.85241,17.562,-121.062,-26.812,0.333,0.0302,0.8086,0.4839
1782310095374,5600,0.5166,0.48608,0.58984,0.92253,25.188,-134.312,-25.75,0.3379,0.0288,0.8062,0.4846
1782310095375,5601,0.53613,0.47095,0.66797,0.97745,28.062,-142.938,-20.438,0.3433,0.0271,0.8036,0.4851
1782310095382,5608,0.38208,0.39038,0.77173,0.94549,-43.062,-34.0,29.812,0.3724,0.0021,0.7905,0.486
1782310095387,5613,0.42773,0.44385,0.74512,0.96704,-47.062,-21.625,16.375,0.3723,-0.0024,0.7905,0.4862
1782310095389,5615,0.44604,0.45117,0.72559,0.96384,-49.0,-10.0,10.688,0.3711,-0.0069,0.7899,0.4879
1782310095390,5616,0.51562,0.39014,0.73657,0.98011,-15.125,-10.812,-2.688,0.3635,-0.0203,0.7897,0.4935
1782310095465,5691,0.51392,0.41797,0.75586,1.00506,-9.125,-15.562,-6.5,0.3637,-0.0208,0.7893,0.4939
1782310095481,5707,0.49805,0.41724,0.78638,1.02007,-0.188,-18.188,-13.875,0.3647,-0.0216,0.7879,0.4954
1782310095485,5711,0.57617,0.45312,0.81982,1.09972,30.812,-76.875,-50.625,0.3809,-0.0239,0.7697,0.5115
1782310095490,5716,0.55225,0.43164,0.83862,1.09297,37.375,-78.438,-46.688,0.3842,-0.0236,0.7675,0.5124
1782310095492,5718,0.55298,0.37134,0.81299,1.05102,35.25,-78.188,-39.438,0.3908,-0.0241,0.7618,0.5157
1782310095497,5723,0.52417,0.4209,0.71387,0.98057,4.688,-28.5,-33.062,0.4084,-0.0264,0.7465,0.5243
1782310095566,5792,0.59888,0.3894,0.71826,1.01301,-6.875,-24.562,-35.625,0.4096,-0.0264,0.7447,0.526
1782310095571,5797,0.5376,0.43481,0.75879,1.02657,-3.812,-19.375,-36.125,0.4101,-0.0264,0.7435,0.5272
1782310095571,5797,0.47388,0.61426,0.71094,1.05229,-16.812,33.0,-65.75,0.4052,-0.0183,0.7325,0.5465
1782310095618,5844,0.61426,0.50024,0.75171,1.09207,-24.938,31.438,-85.312,0.403,-0.0162,0.7305,0.5509
1782310095643,5869,0.56274,0.53638,0.80493,1.11906,-25.0,26.812,-90.438,0.4016,-0.0147,0.7289,0.5541
1782310095646,5872,0.29321,0.62158,0.80713,1.06009,-35.188,-12.25,-88.562,0.3945,-0.0155,0.7044,0.5895
1782310095671,5897,0.51929,0.65796,0.81909,1.17196,-35.812,-6.062,-88.312,0.393,-0.0146,0.6983,0.5978
1782310095673,5899,0.47632,0.76465,0.8855,1.2632,-27.688,-6.625,-87.0,0.3924,-0.014,0.6959,0.6011
1782310095676,5902,0.62915,0.8584,0.64722,1.24562,-28.188,-61.625,-96.562,0.3983,-0.0133,0.6679,0.6284
1782310095855,6081,0.66577,0.83154,0.6272,1.23616,-37.188,-62.188,-98.5,0.3994,-0.0142,0.6641,0.6317
1782310095946,6172,0.64111,0.8457,0.57178,1.20547,-47.625,-62.438,-99.562,0.4001,-0.0153,0.6603,0.6351
1782310095985,6211,0.42676,0.81274,0.53467,1.06233,-82.062,-58.562,-105.0,0.3992,-0.0308,0.6184,0.676
1782310096009,6235,0.44116,0.81665,0.51001,1.05908,-90.125,-55.062,-102.125,0.3984,-0.0329,0.6143,0.6801
1782310096021,6247,0.45312,0.78003,0.52832,1.04541,-96.375,-54.75,-99.062,0.3973,-0.0352,0.6103,0.6842
1782310096049,6275,0.45312,0.78003,0.52832,1.04541,-96.375,-54.75,-99.062,0.3973,-0.0352,0.6103,0.6842
1782310096050,6276,0.3396,0.66724,0.49487,0.89746,-92.875,-71.438,-80.188,0.3884,-0.0635,0.5702,0.7209
1782310096068,6294,0.51685,0.64844,0.61426,1.03195,-133.312,-92.562,-79.562,0.3839,-0.0757,0.5568,0.7325
1782310096074,6300,0.55249,0.64233,0.53174,1.00029,-74.188,-74.25,-73.875,0.3783,-0.1043,0.5204,0.7582
1782310096075,6301,0.56323,0.56909,0.4873,0.93731,-72.25,-54.375,-72.812,0.3775,-0.1079,0.5148,0.7619
1782310096076,6302,0.63135,0.5437,0.52612,0.9854,-79.312,-40.25,-67.125,0.3751,-0.1123,0.5073,0.7675
1782310096083,6309,0.38135,0.42554,0.57178,0.80836,-58.5,-51.812,-78.062,0.3638,-0.1357,0.473,0.7907
1782310096092,6318,0.44702,0.42114,0.62231,0.87433,-56.625,-51.5,-82.375,0.3634,-0.1373,0.4692,0.7929
1782310096111,6337,0.55493,0.44604,0.59082,0.92518,-60.125,-55.062,-87.375,0.3624,-0.1409,0.4602,0.7979
1782310096117,6343,0.40503,0.40234,0.67017,0.88037,-36.062,-92.812,-51.688,0.3601,-0.1637,0.421,0.816
1782310096122,6348,0.40503,0.40234,0.67017,0.88037,-36.062,-92.812,-51.688,0.3601,-0.1637,0.421,0.816
1782310096123,6349,0.35205,0.47998,0.74268,0.95178,-34.188,-84.0,-72.625,0.3618,-0.1692,0.4126,0.8185
1782310096123,6349,0.49463,0.49756,0.64868,0.95552,-46.75,-50.188,-61.75,0.3652,-0.1862,0.3765,0.8306
1782310096184,6410,0.47412,0.4895,0.63794,0.93347,-48.812,-35.562,-54.062,0.364,-0.1888,0.3704,0.8333
1782310096240,6466,0.44141,0.48218,0.65698,0.9268,-54.5,-23.0,-51.375,0.3623,-0.1906,0.3653,0.8359
1782310096241,6467,0.42822,0.41968,0.67603,0.90362,-82.562,8.0,-28.312,0.3414,-0.1966,0.3461,0.8513
1782310096242,6468,0.40845,0.42456,0.67627,0.8969,-80.062,6.062,-28.0,0.3372,-0.1973,0.3437,0.8538
1782310096276,6502,0.42651,0.3916,0.69702,0.90614,-76.188,4.0,-30.75,0.3317,-0.1986,0.3395,0.8573
1782310096325,6551,0.62256,0.52612,0.85645,1.18232,-75.188,40.312,-34.75,0.3081,-0.2003,0.3214,0.8726
1782310096326,6552,0.7981,0.53052,1.27319,1.59356,-125.625,-107.562,156.75,0.2498,-0.2268,0.3273,0.8825
1782310096332,6558,0.72339,0.55933,1.24805,1.54718,-123.312,-141.125,187.75,0.2453,-0.2354,0.3314,0.88
1782310096336,6562,0.82642,0.51538,1.26562,1.59699,-120.188,-179.312,222.0,0.2388,-0.2503,0.3387,0.8748
1782310096337,6563,0.4895,-0.29077,0.66772,0.8775,-63.75,-185.875,203.0,0.216,-0.3416,0.3889,0.8278
1782310096337,6563,0.61743,-0.42798,0.44604,0.87369,-76.812,-157.562,171.5,0.212,-0.3551,0.3944,0.8204
1782310096337,6563,0.5249,-0.48145,0.37012,0.80268,-68.375,-114.562,143.75,0.2061,-0.3701,0.4004,0.8124
1782310096410,6636,1.04395,0.28076,1.302,1.69229,-29.0,2.25,-4.812,0.1861,-0.3843,0.4008,0.8104
1782310096413,6639,0.9751,0.31836,1.18066,1.56401,-26.0,-16.938,3.625,0.1854,-0.3851,0.4003,0.8104
1782310096419,6645,1.0188,0.27808,0.91846,1.39959,-4.625,-65.562,-4.875,0.1854,-0.3883,0.3979,0.8101
1782310096452,6678,1.29712,-0.11743,0.24854,1.32593,18.438,-83.562,-8.75,0.2118,-0.4179,0.3854,0.7947
1782310096453,6679,1.37061,-0.104,0.14893,1.38259,4.75,-68.625,17.25,0.2132,-0.4206,0.3851,0.7931
1782310096454,6680,1.11084,-0.04858,0.12402,1.1188,-15.0,-28.625,89.188,0.2109,-0.426,0.3862,0.7903
1782310096454,6680,0.58398,-0.11157,0.51294,0.78523,-14.75,78.062,82.312,0.1752,-0.4184,0.4175,0.7872
1782310096604,6830,0.62451,-0.15186,0.52466,0.82966,-10.812,75.562,68.812,0.1721,-0.4166,0.4202,0.7874
1782310096608,6834,0.6687,-0.13037,0.54248,0.87088,-8.938,68.625,60.938,0.1686,-0.4152,0.4211,0.7884
1782310096618,6844,0.87964,-0.07495,0.65186,1.09741,-41.125,149.562,-65.25,0.1333,-0.3931,0.4219,0.8059
1782310096618,6844,1.03125,-0.04443,0.63184,1.21024,-37.375,126.438,-65.562,0.1309,-0.389,0.4196,0.8095
1782310096619,6845,1.01636,0.03442,0.65015,1.20701,-31.188,78.875,-39.625,0.1269,-0.385,0.4143,0.8147
1782310096619,6845,-0.25098,-0.66821,0.61328,0.94107,29.375,-39.875,97.75,0.1201,-0.3862,0.4309,0.8065
1782310096627,6853,-0.25098,-0.66821,0.61328,0.94107,29.375,-39.875,97.75,0.1201,-0.3862,0.4309,0.8065
1782310096636,6862,0.67432,0.13403,0.87158,1.1101,-21.5,-18.25,33.125,0.1199,-0.3881,0.4342,0.8038
1782310096636,6862,0.65942,-0.14233,0.49487,0.83665,-13.0,-1.75,32.375,0.1113,-0.4012,0.4371,0.7971
1782310096755,6981,0.65942,-0.14233,0.49487,0.83665,-13.0,-1.75,32.375,0.1113,-0.4012,0.4371,0.7971
1782310096765,6991,0.64258,-0.14941,0.52026,0.84018,-8.125,8.625,17.0,0.11,-0.4013,0.438,0.7967
1782310096768,6994,0.62012,-0.04932,0.64575,0.89665,4.312,2.625,-81.5,0.1165,-0.4003,0.4213,0.8052
1782310096770,6996,0.66528,-0.04102,0.61792,0.9089,-4.25,-6.5,-84.188,0.1201,-0.3997,0.4138,0.8089
1782310096770,6996,0.59082,-0.03369,0.50073,0.7752,0.438,3.25,-74.0,0.1213,-0.3992,0.4111,0.8103
1782310096772,6998,0.54834,-0.08301,0.74634,0.92983,2.188,13.25,-43.125,0.1316,-0.3911,0.3942,0.821
1782310096821,7047,0.54834,-0.08301,0.74634,0.92983,2.188,13.25,-43.125,0.1316,-0.3911,0.3942,0.821
1782310096836,7062,0.55786,-0.06226,0.68921,0.88887,-8.438,17.125,-42.062,0.1318,-0.3904,0.3927,0.822
1782310096837,7063,0.60059,-0.08984,0.68188,0.91309,-8.062,1.125,-49.312,0.133,-0.3857,0.3694,0.8348
1782310096973,7199,0.65796,-0.08472,0.64917,0.92818,-10.125,-3.875,-53.125,0.1342,-0.3854,0.3638,0.8372
1782310096978,7204,0.64722,-0.0835,0.64575,0.91807,-7.0,-6.438,-51.25,0.1348,-0.3854,0.3618,0.8379
1782310096979,7205,0.57959,-0.04272,0.75122,0.94978,-18.5,-13.312,-25.312,0.1413,-0.3906,0.3473,0.8406
1782310096980,7206,0.56592,-0.05396,0.74194,0.93469,-26.688,-8.25,-24.938,0.1409,-0.3911,0.3459,0.841
1782310096980,7206,0.54224,-0.06494,0.74805,0.92619,-28.75,-8.125,-23.062,0.1405,-0.3915,0.3447,0.8414
1782310096980,7206,0.56958,-0.05151,0.68384,0.89147,-70.562,11.0,-37.938,0.126,-0.3975,0.3267,0.848
1782310097039,7265,0.56958,-0.05151,0.68384,0.89147,-70.562,11.0,-37.938,0.126,-0.3975,0.3267,0.848
1782310097072,7298,0.52051,-0.08936,0.72852,0.89981,-73.438,23.188,-55.25,0.1205,-0.3972,0.3187,0.852
1782310097081,7307,0.52051,-0.08936,0.72852,0.89981,-73.438,23.188,-55.25,0.1205,-0.3972,0.3187,0.852
1782310097085,7311,0.6355,-0.14478,0.68237,0.94364,-116.188,109.375,-161.062,0.0913,-0.3782,0.2578,0.8843
1782310097086,7312,0.62598,-0.0918,0.79663,1.0173,-105.5,109.312,-157.25,0.0874,-0.3727,0.2472,0.89
1782310097086,7312,0.55762,0.0105,0.90356,1.06182,-36.875,38.062,-173.312,0.0884,-0.3496,0.1765,0.9157
1782310097139,7365,0.60352,0.04492,0.95947,1.13439,-67.312,66.062,-162.062,0.0885,-0.3447,0.1622,0.9202
1782310097140,7366,0.64282,-0.03394,1.00562,1.194,-96.875,89.562,-147.875,0.0866,-0.3414,0.1553,0.9228
1782310097150,7376,0.52148,0.11719,0.62329,0.82108,-44.562,130.125,-177.875,0.0578,-0.2959,0.0971,0.9484
1782310097172,7398,0.1394,-0.02246,0.31323,0.34358,0.0,144.375,-192.25,0.0588,-0.2897,0.0899,0.9509
1782310097241,7467,0.50586,-0.27295,0.70752,0.91158,13.125,153.188,-238.562,0.0619,-0.2797,0.0749,0.955
1782310097247,7473,0.47363,0.43652,1.02905,1.21401,61.75,114.25,-121.188,0.1041,-0.2068,-0.0029,0.9727
1782310097301,7527,0.45581,0.40161,0.99951,1.16965,65.375,97.875,-120.938,0.1094,-0.1997,-0.0109,0.9736
1782310097310,7536,0.4314,0.40479,0.96533,1.13218,64.75,88.5,-124.5,0.1132,-0.1954,-0.015,0.9739
1782310097331,7557,0.58081,0.4292,0.76611,1.05284,9.312,147.25,-81.188,0.1386,-0.155,-0.046,0.9769
1782310097334,7560,0.58081,0.4292,0.76611,1.05284,9.312,147.25,-81.188,0.1386,-0.155,-0.046,0.9769
1782310097340,7566,0.58301,0.47534,0.76562,1.07332,26.625,146.188,-75.125,0.1431,-0.1358,-0.0554,0.9786
1782310097414,7640,0.28638,0.42871,0.76929,0.92607,52.5,66.875,-36.5,0.1669,-0.1028,-0.0682,0.9781
1782310097415,7641,0.28638,0.42871,0.76929,0.92607,52.5,66.875,-36.5,0.1669,-0.1028,-0.0682,0.9781
1782310097415,7641,0.23096,0.38867,0.76147,0.88558,41.5,69.75,-56.875,0.173,-0.0949,-0.0703,0.9777
1782310097415,7641,0.08496,0.38184,0.67041,0.77619,50.688,46.375,-106.562,0.1954,-0.0682,-0.0931,0.9738
1782310097422,7648,0.10815,0.43066,0.66821,0.80229,60.188,37.062,-122.688,0.1999,-0.0642,-0.0976,0.9727
1782310097458,7684,0.08203,0.54858,0.6438,0.84979,66.5,30.812,-132.875,0.2033,-0.062,-0.1025,0.9716
1782310097458,7684,-0.19702,0.51416,0.7915,0.96418,-65.938,-17.125,13.125,0.2104,-0.0638,-0.113,0.9689
1782310097555,7781,-0.19702,0.51416,0.7915,0.96418,-65.938,-17.125,13.125,0.2104,-0.0638,-0.113,0.9689
1782310097555,7781,-0.09058,0.36182,0.68872,0.78323,-92.938,26.375,12.25,0.2036,-0.0621,-0.1112,0.9706
1782310097557,7783,0.00757,0.30078,0.88818,0.93776,-142.625,152.0,65.75,0.1507,-0.0023,-0.0896,0.9844
1782310097558,7784,-0.01831,0.29468,0.89331,0.94084,-133.0,137.812,71.562,0.1456,0.0032,-0.0885,0.9853
1782310097569,7795,-0.09082,0.32373,0.90674,0.96707,-119.75,121.875,76.75,0.1409,0.0085,-0.0846,0.9863
1782310097570,7796,-0.0647,0.3042,0.81519,0.8725,76.938,-53.875,46.812,0.1431,0.0132,-0.0632,0.9875
1782310097625,7851,-0.0647,0.3042,0.81519,0.8725,76.938,-53.875,46.812,0.1431,0.0132,-0.0632,0.9875
1782310097634,7860,-0.04272,0.18555,0.79077,0.81337,82.375,-80.812,41.25,0.1512,0.005,-0.0582,0.9867
1782310097664,7890,0.10449,0.37671,0.82935,0.91687,33.5,-75.5,43.938,0.1712,-0.0337,-0.0377,0.9838
1782310097673,7899,0.10449,0.37671,0.82935,0.91687,33.5,-75.5,43.938,0.1712,-0.0337,-0.0377,0.9838
1782310097674,7900,0.08667,0.38037,0.89111,0.97276,38.688,-92.0,48.0,0.1733,-0.0394,-0.0343,0.9833
1782310097706,7932,0.13599,0.3457,0.94238,1.01296,-30.938,-5.5,51.312,0.1778,-0.0682,-0.01,0.9815
1782310097707,7933,0.14404,0.34644,0.92554,0.9987,-49.25,0.375,50.812,0.1749,-0.0688,-0.0068,0.9821
1782310097709,7935,0.15015,0.34668,0.91113,0.98635,-59.812,3.125,49.062,0.1724,-0.0691,-0.0049,0.9825
1782310097722,7948,0.3042,0.41772,0.93115,1.06493,-24.688,-57.688,-10.688,0.1497,-0.0755,-0.001,0.9857
1782310097767,7993,0.33691,0.34351,0.92603,1.04357,-23.75,-61.375,1.562,0.1483,-0.0791,-0.0004,0.9857
1782310097803,8029,0.26978,0.35083,0.90576,1.0081,-20.75,-65.5,6.562,0.1474,-0.0819,-0.0006,0.9856
1782310097807,8033,0.26978,0.35083,0.90576,1.0081,-20.75,-65.5,6.562,0.1474,-0.0819,-0.0006,0.9856
1782310097848,8074,0.26978,0.35083,0.90576,1.0081,-20.75,-65.5,6.562,0.1474,-0.0819,-0.0006,0.9856
1782310097849,8075,0.24902,0.26904,0.79712,0.87738,-27.25,-21.625,68.75,0.1398,-0.1041,0.0111,0.9845
1782310097849,8075,0.24902,0.26904,0.79712,0.87738,-27.25,-21.625,68.75,0.1398,-0.1041,0.0111,0.9845
1782310097925,8151,0.14551,0.08057,0.74683,0.76513,-75.25,31.75,32.75,0.1137,-0.1067,0.0417,0.9868
1782310097926,8152,0.15234,0.02417,0.74878,0.7645,-91.75,38.25,25.562,0.1059,-0.1043,0.0426,0.9879
1782310098037,8263,0.32642,0.02124,0.55396,0.64333,-116.75,88.438,32.062,0.0535,-0.0786,0.0495,0.9941
1782310098038,8264,0.31006,0.00708,0.53784,0.62085,-113.0,89.25,34.125,0.0483,-0.0753,0.0501,0.9946
1782310098088,8314,0.29614,-0.00537,0.53174,0.60867,-109.625,91.0,34.062,0.0433,-0.0718,0.0514,0.9951
1782310098088,8314,0.29614,-0.00537,0.53174,0.60867,-109.625,91.0,34.062,0.0433,-0.0718,0.0514,0.9951
1782310098088,8314,0.26514,-0.24731,0.90918,0.97881,-184.0,72.438,-5.125,-0.0263,-0.0305,0.0572,0.9974
1782310098089,8315,0.27124,-0.26172,0.97729,1.04746,-194.188,62.188,-10.562,-0.0347,-0.0283,0.0565,0.9973
1782310098089,8315,0.37622,-0.35156,1.17407,1.28202,-223.5,-25.688,-48.875,-0.1223,-0.0326,0.0414,0.991
1782310098089,8315,0.35425,-0.40601,1.14233,1.26303,-223.875,-31.625,-47.625,-0.1362,-0.036,0.0415,0.989
1782310098089,8315,0.32446,-0.41797,1.13208,1.24963,-223.75,-33.5,-49.25,-0.1456,-0.0382,0.0393,0.9877
1782310098089,8315,0.20508,-0.89966,1.43896,1.7094,-273.688,-8.5,-100.938,-0.238,-0.0604,0.015,0.9692
1782310098152,8378,0.16626,-0.979,1.51172,1.8087,-294.75,19.625,-115.562,-0.2609,-0.0632,0.0084,0.9631
1782310098153,8379,0.19604,-0.95483,1.49976,1.78869,-301.875,32.438,-124.062,-0.2728,-0.0635,0.0022,0.9598
1782310098153,8379,0.19604,-0.95483,1.49976,1.78869,-301.875,32.438,-124.062,-0.2728,-0.0635,0.0022,0.9598
1782310098675,8901,0.23975,-0.87964,0.69751,1.14794,-214.125,-10.062,-129.812,-0.3864,-0.0787,-0.0438,0.9178
1782310098675,8901,0.32275,-0.94165,0.63306,1.17968,-208.75,-7.625,-126.0,-0.3903,-0.0798,-0.0465,0.9159
1782310098675,8901,0.32275,-0.94165,0.63306,1.17968,-208.75,-7.625,-126.0,-0.3903,-0.0798,-0.0465,0.9159
1782310098675,8901,0.26929,-0.9585,0.31299,1.04365,-145.0,17.0,-69.812,-0.4603,-0.1158,-0.0844,0.876
1782310098675,8901,0.27734,-0.9021,0.31177,0.99393,-142.25,29.5,-68.688,-0.4653,-0.1157,-0.0881,0.873
1782310098972,9198,0.27734,-0.9021,0.31177,0.99393,-142.25,29.5,-68.688,-0.4653,-0.1157,-0.0881,0.873
1782310098973,9199,0.61621,-0.7876,0.32544,1.05164,-37.312,58.438,-93.562,-0.4896,-0.104,-0.1323,0.8554
1782310098975,9201,0.6106,-0.8147,0.35425,1.07799,-34.812,53.938,-103.688,-0.4902,-0.104,-0.1374,0.8543
1782310099017,9243,0.6106,-0.8147,0.35425,1.07799,-34.812,53.938,-103.688,-0.4902,-0.104,-0.1374,0.8543
1782310099018,9244,0.46729,-0.85889,0.39136,1.05319,-83.688,78.375,-120.562,-0.4998,-0.1036,-0.1948,0.8374
1782310099018,9244,0.50195,-0.75439,0.39282,0.98761,-74.812,69.312,-123.562,-0.5023,-0.1029,-0.2043,0.8337
1782310099025,9251,0.50195,-0.75439,0.39282,0.98761,-74.812,69.312,-123.562,-0.5023,-0.1029,-0.2043,0.8337
1782310099052,9278,0.62598,-0.76904,0.2627,1.02581,43.062,-5.0,-117.688,-0.4937,-0.1249,-0.2489,0.8237
1782310099052,9278,0.6333,-0.7793,0.33472,1.0585,37.75,-11.875,-120.812,-0.4918,-0.1282,-0.2526,0.8231
1782310099056,9282,0.6333,-0.7793,0.33472,1.0585,37.75,-11.875,-120.812,-0.4918,-0.1282,-0.2526,0.8231
1782310099056,9282,0.6333,-0.7793,0.33472,1.0585,37.75,-11.875,-120.812,-0.4918,-0.1282,-0.2526,0.8231
1782310099057,9283,0.54224,-0.96338,0.43774,1.18901,88.625,35.625,-55.75,-0.4702,-0.1628,-0.2833,0.8197
1782310099057,9283,0.52466,-0.75293,0.41699,1.00799,68.75,55.25,-28.875,-0.4329,-0.1697,-0.3041,0.8313
1782310099057,9283,0.49292,-0.76392,0.36865,0.98104,71.0,59.812,-19.812,-0.4296,-0.1689,-0.3054,0.8327
1782310099070,9296,0.48999,-0.88721,0.40186,1.09029,74.875,68.375,-13.875,-0.4262,-0.1677,-0.3065,0.8342
1782310099074,9300,0.48999,-0.88721,0.40186,1.09029,74.875,68.375,-13.875,-0.4262,-0.1677,-0.3065,0.8342
1782310099074,9300,0.42285,-0.71899,0.81201,1.16409,13.375,175.312,3.312,-0.385,-0.1231,-0.3296,0.853
1782310099075,9301,0.45093,-0.7605,0.82202,1.20723,-1.062,177.0,5.062,-0.3825,-0.1166,-0.3323,0.8541
1782310099075,9301,0.45093,-0.7605,0.82202,1.20723,-1.062,177.0,5.062,-0.3825,-0.1166,-0.3323,0.8541
1782310099075,9301,0.5022,-0.53638,0.52319,0.90202,41.5,159.375,-34.562,-0.3529,-0.0533,-0.3731,0.8563
1782310099075,9301,0.49121,-0.49634,0.52979,0.87654,45.0,154.562,-29.75,-0.3487,-0.0489,-0.3765,0.8568
1782310099075,9301,0.49121,-0.49634,0.52979,0.87654,45.0,154.562,-29.75,-0.3487,-0.0489,-0.3765,0.8568
1782310099075,9301,0.5376,-0.5,1.0354,1.26928,36.438,134.25,12.938,-0.2996,0.0045,-0.3992,0.8663
1782310099080,9306,0.55493,-0.48389,1.06494,1.29468,29.688,116.875,11.312,-0.2964,0.0084,-0.4004,0.8669
1782310099080,9306,0.38477,-0.41968,0.8374,1.01263,60.75,-77.938,-23.062,-0.2786,0.0003,-0.4056,0.8704
1782310099089,9315,0.32642,-0.55981,0.72534,0.97265,47.75,-76.5,-35.0,-0.2775,-0.0081,-0.4055,0.8708
1782310099090,9316,0.31372,-0.5752,0.70068,0.95929,42.938,-71.625,-39.562,-0.2774,-0.01,-0.4058,0.8707
1782310099090,9316,0.31372,-0.5752,0.70068,0.95929,42.938,-71.625,-39.562,-0.2774,-0.01,-0.4058,0.8707
1782310099091,9317,0.43994,-0.44849,0.91797,1.11237,-18.875,0.688,-28.75,-0.2806,-0.0205,-0.419,0.8632
1782310099091,9317,0.41553,-0.43774,0.90918,1.09128,-18.125,-1.625,-25.812,-0.2813,-0.0206,-0.4199,0.8624
1782310099091,9317,0.41553,-0.43774,0.90918,1.09128,-18.125,-1.625,-25.812,-0.2813,-0.0206,-0.4199,0.8624
1782310099091,9317,0.41553,-0.43774,0.90918,1.09128,-18.125,-1.625,-25.812,-0.2813,-0.0206,-0.4199,0.8624
1782310099091,9317,0.53809,-0.51001,0.76831,1.06769,34.75,-9.0,4.875,-0.283,-0.0269,-0.4245,0.8595
1782310099098,9324,0.30737,-0.5376,0.91553,1.1053,-24.75,-6.312,-10.625,-0.2799,-0.024,-0.4245,0.8606
1782310099099,9325,0.28027,-0.55249,0.89795,1.09092,-22.938,-14.562,-22.75,-0.282,-0.0244,-0.4255,0.8594
1782310099099,9325,0.28491,-0.51538,0.84692,1.03153,-26.188,-20.312,-38.312,-0.2844,-0.0255,-0.4278,0.8574
1782310099104,9330,0.32544,-0.51025,0.85449,1.0471,-14.375,-29.812,-63.125,-0.2938,-0.0357,-0.4388,0.8483
1782310099105,9331,0.36743,-0.51074,0.83643,1.04665,-16.5,-26.625,-64.438,-0.2948,-0.0372,-0.4408,0.8468
1782310099113,9339,0.40234,-0.50854,0.81274,1.03973,-18.938,-22.25,-64.25,-0.2958,-0.0386,-0.4429,0.8453
1782310099119,9345,0.46729,-0.37036,0.69019,0.91208,-25.938,15.375,-60.125,-0.305,-0.0411,-0.466,0.8294
1782310099119,9345,0.45532,-0.37183,0.698,0.91257,-21.125,15.625,-59.188,-0.3054,-0.0409,-0.4683,0.8279
1782310099120,9346,0.45312,-0.37256,0.70825,0.91964,-15.438,15.312,-58.688,-0.3056,-0.0408,-0.4707,0.8265
1782310099155,9381,0.43457,-0.36133,0.74219,0.93288,35.0,-0.125,-61.312,-0.2982,-0.0494,-0.4927,0.8159
1782310099211,9437,0.43018,-0.37183,0.75098,0.94196,37.125,-0.812,-60.688,-0.2969,-0.051,-0.4947,0.815
1782310099236,9462,0.42358,-0.38745,0.76123,0.95342,39.312,-1.688,-60.5,-0.2954,-0.0527,-0.4967,0.8142
1782310099236,9462,0.40918,-0.35864,0.82349,0.98701,34.125,27.375,-59.375,-0.276,-0.0639,-0.5176,0.8071
1782310099237,9463,0.38721,-0.35669,0.80127,0.95875,35.125,26.438,-63.375,-0.2731,-0.0647,-0.5212,0.8058
1782310099237,9463,0.37109,-0.35718,0.80054,0.95192,35.188,26.062,-65.812,-0.2711,-0.0653,-0.5236,0.8048
1782310099237,9463,0.39136,-0.40527,0.97974,1.13018,3.188,21.125,-101.812,-0.254,-0.0722,-0.5516,0.791
1782310099365,9591,0.39136,-0.40527,0.97974,1.13018,3.188,21.125,-101.812,-0.254,-0.0722,-0.5516,0.791
1782310099368,9594,0.41284,-0.41138,1.00513,1.16188,-4.312,13.688,-97.5,-0.2534,-0.0726,-0.5551,0.7888
1782310099496,9722,0.44067,-0.28735,0.81738,0.97204,-3.75,0.062,-27.188,-0.2589,-0.0774,-0.5745,0.7723
1782310099499,9725,0.47241,-0.28638,0.84424,1.00892,-2.375,0.625,-29.25,-0.2589,-0.0778,-0.576,0.7712
1782310099519,9745,0.46777,-0.28003,0.85498,1.01401,-2.125,0.438,-29.938,-0.2589,-0.0781,-0.577,0.7705
1782310099520,9746,0.47778,-0.31396,0.87451,1.0448,6.625,7.0,-32.438,-0.2561,-0.0805,-0.5881,0.7628
1782310099521,9747,0.49487,-0.33594,0.90015,1.08075,5.125,5.125,-30.75,-0.2556,-0.0808,-0.5892,0.762
1782310099522,9748,0.49463,-0.33789,0.91333,1.09225,1.875,2.188,-28.938,-0.2554,-0.0811,-0.5902,0.7614
1782310099528,9754,0.35059,-0.40747,0.89893,1.04739,-20.562,-0.125,-40.062,-0.2595,-0.0806,-0.6019,0.7507
1782310099529,9755,0.3728,-0.39429,0.90283,1.05335,-23.625,1.062,-46.438,-0.26,-0.0805,-0.6035,0.7493
1782310099529,9755,0.396,-0.35352,0.89062,1.03682,-25.625,0.812,-51.125,-0.2606,-0.0803,-0.6052,0.7478
1782310099529,9755,0.5127,-0.35913,0.87646,1.07704,-42.312,-3.062,-68.062,-0.2687,-0.0758,-0.6285,0.7257
1782310099529,9755,0.47705,-0.35303,0.84961,1.03636,-44.75,-5.562,-72.188,-0.27,-0.0756,-0.6308,0.7233
1782310099530,9756,0.44727,-0.35742,0.83228,1.01019,-45.938,-7.875,-76.812,-0.2714,-0.0754,-0.6332,0.7207
1782310099540,9766,0.44727,-0.35742,0.83228,1.01019,-45.938,-7.875,-76.812,-0.2714,-0.0754,-0.6332,0.7207
1782310099591,9817,0.45581,-0.30762,0.74365,0.92488,-72.875,-2.562,-118.562,-0.2892,-0.0759,-0.6664,0.6828
1782310099607,9833,0.48438,-0.27881,0.75024,0.93553,-77.125,2.5,-119.312,-0.291,-0.0751,-0.6701,0.6785
1782310099618,9844,0.57178,-0.11572,0.73193,0.93597,-40.812,-16.0,-137.625,-0.3076,-0.0712,-0.7075,0.6321
1782310099638,9864,0.51978,-0.08691,0.71606,0.88908,-28.812,-17.625,-141.625,-0.3085,-0.0726,-0.7111,0.6274
1782310099651,9877,0.50586,-0.06226,0.70264,0.86803,-16.812,-17.5,-146.562,-0.309,-0.0745,-0.7149,0.6226
1782310099653,9879,0.625,0.05054,0.73853,0.96882,-0.062,-2.875,-126.875,-0.3037,-0.101,-0.7519,0.5761
1782310099770,9996,0.60791,0.03833,0.73242,0.95261,-3.312,0.562,-110.812,-0.3033,-0.1024,-0.7548,0.5723
1782310099773,9999,0.60132,0.03442,0.71948,0.93831,-6.438,4.312,-93.125,-0.3029,-0.1035,-0.7572,0.5692
1782310099773,9999,0.52173,0.1272,0.70801,0.88863,27.125,55.188,-12.438,-0.2902,-0.1001,-0.771,0.5577
1782310099794,10020,0.55322,0.12817,0.72607,0.92177,34.188,56.188,-8.062,-0.2875,-0.1001,-0.7718,0.558
1782310099808,10034,0.55811,0.11646,0.71289,0.91283,38.188,56.875,-1.875,-0.2847,-0.1001,-0.7724,0.5585
1782310099813,10039,0.41895,-0.15283,0.90186,1.0061,26.875,111.5,54.062,-0.252,-0.0855,-0.7753,0.5725
1782310099815,10041,0.46021,-0.28149,0.78564,0.95303,28.062,111.312,54.625,-0.248,-0.083,-0.775,0.575
1782310099816,10042,0.48804,-0.3584,0.79712,1.00102,18.562,110.562,48.125,-0.2441,-0.0803,-0.7749,0.5773
1782310099816,10042,0.46777,-0.10425,0.96753,1.07972,59.688,98.125,-75.062,-0.2,-0.064,-0.7896,0.5763
1782310099891,10117,0.46875,-0.0896,0.98364,1.0933,63.812,90.562,-80.5,-0.1951,-0.0646,-0.7921,0.5744
1782310099908,10134,0.47412,-0.0686,0.99414,1.10354,67.125,82.125,-83.25,-0.1904,-0.0656,-0.7947,0.5724
1782310099936,10162,0.37622,-0.04395,1.00171,1.07093,25.0,61.062,-8.5,-0.1549,-0.0709,-0.8082,0.5634
1782310099936,10162,0.37842,-0.06982,0.95996,1.03421,22.062,58.688,-5.125,-0.1497,-0.0698,-0.8092,0.5637
1782310099942,10168,0.38232,-0.07056,0.88867,0.96999,24.375,56.125,-11.125,-0.1448,-0.0685,-0.811,0.5624
1782310099944,10170,0.31079,-0.09155,0.99756,1.04886,35.625,34.688,-40.375,-0.1245,-0.0713,-0.8185,0.5561
1782310100054,10280,0.30469,-0.05005,1.02075,1.06643,31.125,35.625,-42.375,-0.1213,-0.0721,-0.8201,0.5543
1782310100107,10333,0.29517,-0.02075,1.01855,1.06066,30.188,35.812,-43.0,-0.1192,-0.0725,-0.8212,0.5531
1782310100112,10338,0.30957,0.10156,0.94092,0.99573,56.125,15.625,-45.75,-0.0952,-0.0841,-0.8308,0.5416
1782310100163,10389,0.30859,0.09717,0.9646,1.01741,58.75,14.375,-48.438,-0.0922,-0.087,-0.8322,0.5396
1782310100183,10409,0.34399,0.15356,0.98486,1.05445,58.375,17.5,-46.438,-0.0888,-0.0901,-0.8327,0.5388
1782310100184,10410,0.24194,0.13477,0.95337,0.99278,40.312,36.875,-62.125,-0.0706,-0.1023,-0.8411,0.5263
1782310100202,10428,0.22559,0.1626,0.94092,0.98115,36.938,41.438,-60.25,-0.0679,-0.103,-0.8424,0.5244
1782310100224,10450,0.20557,0.19971,0.93359,0.97659,35.562,46.188,-57.812,-0.0653,-0.1035,-0.8436,0.5225
1782310100233,10459,0.18066,0.19971,0.93604,0.97401,77.75,46.188,-27.5,-0.0271,-0.1168,-0.8488,0.5147
1782310100238,10464,0.18237,0.19482,0.93335,0.97075,74.5,41.625,-23.0,-0.0238,-0.1185,-0.849,0.5141
1782310100239,10465,0.18896,0.18994,0.93579,0.97339,70.438,37.125,-18.5,-0.0208,-0.1204,-0.8491,0.5136
1782310100249,10475,0.15967,0.25488,0.92651,0.9741,19.625,28.5,-4.938,-0.0014,-0.1292,-0.8485,0.5129
1782310100251,10477,0.17383,0.26465,0.94165,0.99346,18.25,31.375,-5.938,0.0,-0.1293,-0.8485,0.5128
1782310100251,10477,0.19409,0.2666,0.96729,1.02196,16.062,33.812,-5.625,0.0015,-0.1292,-0.8486,0.5128
1782310100256,10482,0.19409,0.2666,0.96729,1.02196,16.062,33.812,-5.625,0.0015,-0.1292,-0.8486,0.5128
1782310100297,10523,0.08789,0.27246,0.93311,0.97604,11.625,32.875,1.188,0.0187,-0.1235,-0.8501,0.5114
1782310100307,10533,0.09497,0.27417,0.91748,0.96227,13.312,29.312,2.125,0.0201,-0.1234,-0.85,0.5115
1782310100321,10547,0.13892,0.35889,0.97534,1.04852,8.062,15.188,31.438,0.0285,-0.1217,-0.8485,0.514
1782310100350,10576,0.10791,0.31665,0.95801,1.01474,7.75,14.188,37.062,0.029,-0.1217,-0.8477,0.5153
1782310100354,10580,0.07837,0.28491,0.94678,0.99182,7.0,15.375,38.375,0.0295,-0.1217,-0.8467,0.5168
1782310100377,10603,0.10742,0.2439,0.92139,0.95916,20.312,28.0,19.438,0.0419,-0.1216,-0.8403,0.5263
1782310100407,10633,0.09106,0.25635,0.91431,0.95392,19.438,24.375,19.062,0.0432,-0.1218,-0.8398,0.5271
1782310100408,10634,0.09204,0.2876,0.91724,0.96567,20.625,19.375,18.312,0.0443,-0.1221,-0.8392,0.5278
1782310100412,10638,0.03589,0.26978,0.92822,0.9673,6.438,15.0,21.125,0.0518,-0.1301,-0.8352,0.5316
1782310100601,10827,-0.16113,0.24023,0.81543,0.86522,-4.25,29.125,24.938,0.053,-0.1292,-0.8343,0.533
1782310100605,10831,-0.05396,0.27319,0.79004,0.83768,-12.125,52.625,26.875,0.0554,-0.1267,-0.8337,0.5343
1782310100620,10846,0.07739,0.32251,0.91504,0.97329,2.125,12.188,48.188,0.0662,-0.1156,-0.8262,0.5471
1782310100640,10866,0.07129,0.30396,0.91602,0.96776,3.312,8.375,50.375,0.0664,-0.1157,-0.8251,0.5488
1782310100649,10875,0.04883,0.31616,0.8916,0.94726,2.625,6.875,52.875,0.0665,-0.1157,-0.8237,0.5509
1782310100665,10891,-0.0022,0.25439,0.97656,1.00915,-6.375,81.625,1.188,0.0778,-0.1057,-0.8151,0.564
1782310100667,10893,-0.0022,0.25439,0.97656,1.00915,-6.375,81.625,1.188,0.0778,-0.1057,-0.8151,0.564
1782310100668,10894,-0.03149,0.32373,0.93335,0.9884,3.562,70.938,-23.375,0.0861,-0.1,-0.8151,0.5638
1782310100668,10894,-0.03711,0.31226,1.07227,1.11743,-2.375,55.062,-13.375,0.1067,-0.0871,-0.8179,0.5584
1782310100668,10894,-0.0542,0.3064,1.05762,1.10244,-1.75,55.625,-7.438,0.1104,-0.0842,-0.8178,0.5582
1782310100669,10895,-0.04858,0.30298,1.0249,1.06985,1.0,57.375,-5.562,0.1126,-0.0828,-0.8171,0.559
1782310100669,10895,-0.10303,0.28271,0.90601,0.95467,-14.0,54.562,4.0,0.1311,-0.0712,-0.8152,0.5594
1782310100731,10957,-0.06323,0.29419,0.96484,1.01067,-18.562,52.312,6.75,0.1325,-0.0695,-0.8148,0.5599
1782310100733,10959,-0.06787,0.31519,0.96631,1.01868,-22.875,48.688,11.312,0.1336,-0.0676,-0.8143,0.5605
1782310100733,10959,-0.06787,0.31519,0.96631,1.01868,-22.875,48.688,11.312,0.1336,-0.0676,-0.8143,0.5605
1782310100847,11073,-0.15527,0.23438,0.98315,1.02256,36.188,21.312,-15.562,0.1426,-0.0607,-0.8137,0.56
1782310100866,11092,-0.15454,0.19263,0.99756,1.02767,34.438,24.062,-17.938,0.145,-0.0616,-0.8144,0.5583
1782310100867,11093,-0.14136,0.23633,0.93262,0.97243,-11.188,9.188,-18.812,0.1531,-0.059,-0.8179,0.5513
1782310100884,11110,-0.15234,0.24561,0.92578,0.96985,-14.375,6.125,-18.688,0.1531,-0.0582,-0.8183,0.5507
1782310100884,11110,-0.16113,0.24927,0.91968,0.96639,-16.438,4.188,-18.125,0.1529,-0.0575,-0.8187,0.5502
1782310100884,11110,-0.1792,0.27759,0.93799,0.99448,44.125,29.562,-31.688,0.1645,-0.0556,-0.8226,0.5413
1782310100904,11130,-0.18701,0.27026,0.93994,0.99574,46.375,27.312,-32.062,0.1666,-0.0563,-0.823,0.5399
1782310100914,11140,-0.17407,0.27222,0.94165,0.99554,47.75,24.5,-31.938,0.1697,-0.0574,-0.8229,0.5389
1782310100915,11141,-0.19214,0.26514,0.93115,0.98704,30.625,-8.75,-11.562,0.1821,-0.0675,-0.8254,0.5297
1782310100959,11185,-0.19214,0.26514,0.93115,0.98704,30.625,-8.75,-11.562,0.1821,-0.0675,-0.8254,0.5297
1782310101029,11255,-0.21021,0.26367,0.93286,0.99194,8.125,-15.0,-11.312,0.182,-0.07,-0.8266,0.5277
1782310101030,11256,-0.20679,0.37964,0.95581,1.04903,-19.125,26.625,-19.938,0.184,-0.0633,-0.8299,0.5227
1782310101033,11259,-0.21582,0.37891,0.93701,1.03351,-19.812,24.75,-21.438,0.1845,-0.0619,-0.8302,0.5221
1782310101034,11260,-0.26562,0.40698,0.86133,0.98898,-19.188,27.438,-19.125,0.1854,-0.0599,-0.831,0.5208
1782310101034,11260,-0.26562,0.40698,0.86133,0.98898,-19.188,27.438,-19.125,0.1854,-0.0599,-0.831,0.5208
1782310101118,11344,-0.24463,0.16333,0.9458,0.99048,-35.312,53.125,-9.688,0.1975,-0.0398,-0.8273,0.5241
1782310101123,11349,-0.26074,0.17432,0.93359,0.98487,-37.5,50.938,-16.25,0.1986,-0.0372,-0.8273,0.524
1782310101132,11358,-0.4353,0.35132,0.69263,0.89031,65.5,124.875,-56.375,0.2245,-0.0178,-0.8306,0.509
1782310101135,11361,-0.3938,0.34204,0.72827,0.89579,78.812,138.75,-61.688,0.231,-0.017,-0.8306,0.5062
1782310101147,11373,-0.36279,0.30151,0.80884,0.93635,96.375,150.312,-72.188,0.2454,-0.0153,-0.8297,0.501
1782310101151,11377,-0.48877,0.40991,0.85205,1.06438,86.438,11.438,-21.375,0.291,-0.0277,-0.8302,0.4743
1782310101207,11433,-0.48877,0.40991,0.85205,1.06438,86.438,11.438,-21.375,0.291,-0.0277,-0.8302,0.4743
1782310101211,11437,-0.52124,0.36279,0.84985,1.06092,63.5,3.812,-15.125,0.2927,-0.0297,-0.8304,0.4728
1782310101222,11448,-0.34937,0.34766,0.79492,0.93532,1.25,-19.188,-21.125,0.2828,-0.0292,-0.8381,0.4653
1782310101257,11483,-0.34937,0.34766,0.79492,0.93532,1.25,-19.188,-21.125,0.2828,-0.0292,-0.8381,0.4653
1782310101268,11494,-0.36572,0.33545,0.83594,0.97215,2.25,-18.688,-25.75,0.2821,-0.0294,-0.8388,0.4644
1782310101271,11497,-0.48486,0.33545,0.8772,1.05693,6.625,-8.438,-44.938,0.2764,-0.0256,-0.8508,0.4461
1782310101354,11580,-0.48975,0.33838,0.87231,1.05607,8.625,-4.5,-41.562,0.2764,-0.0255,-0.8516,0.4444
1782310101355,11581,-0.49878,0.34424,0.85962,1.05177,12.062,1.062,-36.688,0.2768,-0.0253,-0.8525,0.4423
1782310101370,11596,-0.58301,0.32275,0.86841,1.09463,16.312,33.625,-17.75,0.2869,-0.0253,-0.8547,0.4315
1782310101386,11612,-0.58301,0.32275,0.86841,1.09463,16.312,33.625,-17.75,0.2869,-0.0253,-0.8547,0.4315
1782310101406,11632,-0.54419,0.31836,0.8667,1.07176,17.312,40.312,-19.375,0.2904,-0.025,-0.8549,0.4288
1782310101406,11632,-0.61719,0.33423,0.84521,1.09864,20.438,70.812,-6.812,0.311,-0.0206,-0.8505,0.4233
1782310101434,11660,-0.59058,0.33984,0.81812,1.0647,24.938,75.25,-5.0,0.3157,-0.0198,-0.8492,0.4226
1782310101437,11663,-0.57153,0.3269,0.81885,1.05073,28.312,78.0,-0.562,0.3206,-0.0191,-0.8475,0.4222
1782310101453,11679,-0.53638,0.28174,0.7666,0.97712,5.625,51.438,-5.375,0.3469,-0.0145,-0.838,0.4207
1782310101537,11763,-0.53003,0.29639,0.75293,0.96731,3.125,45.562,-8.812,0.3487,-0.0136,-0.8374,0.4204
1782310101537,11763,-0.5271,0.30957,0.74438,0.96321,1.062,39.875,-11.375,0.3502,-0.0124,-0.8366,0.4208
1782310101537,11763,-0.55859,0.33472,0.71069,0.96392,6.062,15.625,-14.75,0.3588,-0.0069,-0.8379,0.411
1782310101551,11777,-0.55859,0.33472,0.71069,0.96392,6.062,15.625,-14.75,0.3588,-0.0069,-0.8379,0.411
1782310101584,11810,-0.61279,0.32153,0.7334,1.00835,8.062,18.25,-9.438,0.3607,-0.0062,-0.8375,0.4102
1782310101588,11814,-0.64575,0.36133,0.72144,1.03345,22.125,34.688,-27.375,0.3718,-0.0034,-0.8368,0.4016
1782310101815,12041,-0.64575,0.36133,0.72144,1.03345,22.125,34.688,-27.375,0.3718,-0.0034,-0.8368,0.4016
1782310101816,12042,-0.60303,0.33569,0.70337,0.98542,25.5,33.375,-31.062,0.3751,-0.0025,-0.8363,0.3997
1782310101980,12206,-0.60474,0.24902,0.72778,0.97846,5.0,11.188,-31.25,0.3842,-0.0004,-0.8383,0.3865
1782310101980,12206,-0.60889,0.2561,0.70532,0.96634,-0.188,7.688,-26.812,0.3847,0.0003,-0.8388,0.385
1782310101981,12207,-0.49829,0.33618,0.69824,0.92133,-2.812,5.0,-19.562,0.3849,0.0014,-0.8388,0.3847
1782310101981,12207,-0.66797,0.39209,0.76953,1.09183,28.938,19.25,45.75,0.3858,-0.0026,-0.8334,0.3954
1782310101981,12207,-0.69922,0.32471,0.77979,1.09655,34.25,25.375,41.562,0.3879,-0.0045,-0.8315,0.3973
1782310102146,12372,-0.68652,0.35034,0.75708,1.08038,35.75,28.625,36.438,0.3894,-0.0059,-0.8304,0.3981
1782310102155,12381,-0.68652,0.35034,0.75708,1.08038,35.75,28.625,36.438,0.3894,-0.0059,-0.8304,0.3981
1782310102200,12426,-0.68652,0.35034,0.75708,1.08038,35.75,28.625,36.438,0.3894,-0.0059,-0.8304,0.3981
1782310102201,12427,-0.55054,0.41602,0.63379,0.93694,-8.062,16.625,-30.438,0.4046,-0.0084,-0.8229,0.3986
1782310102201,12427,-0.68042,0.37695,0.65771,1.01865,-18.25,-7.688,2.688,0.4024,-0.0053,-0.8264,0.3935
1782310102201,12427,-0.68042,0.37695,0.65771,1.01865,-18.25,-7.688,2.688,0.4024,-0.0053,-0.8264,0.3935
1782310102204,12430,-0.66553,0.41992,0.66504,1.03031,-12.562,-5.938,-5.062,0.4014,-0.0043,-0.8265,0.3942
1782310102204,12430,-0.64697,0.36597,0.6853,1.01101,-2.0,-8.0,0.312,0.3997,-0.001,-0.8283,0.3922
1782310102204,12430,-0.64697,0.36597,0.6853,1.01101,-2.0,-8.0,0.312,0.3997,-0.001,-0.8283,0.3922
1782310102204,12430,-0.68872,0.34058,0.68726,1.03085,-2.688,-11.188,2.312,0.3988,-0.0017,-0.829,0.3916
1782310102205,12431,-0.6958,0.3894,0.6792,1.04742,15.875,12.688,-7.312,0.3975,-0.0014,-0.8298,0.3913
1782310102205,12431,-0.65356,0.302,0.67383,0.9861,12.5,15.125,-4.375,0.3991,-0.002,-0.8298,0.3897
1782310102205,12431,-0.63428,0.29224,0.68237,0.97639,9.938,14.938,-3.812,0.3994,-0.002,-0.8297,0.3896
1782310102205,12431,-0.71558,0.41211,0.71851,1.0946,24.125,-3.0,-23.812,0.4013,-0.0021,-0.8302,0.3866
1782310102206,12432,-0.71558,0.41211,0.71851,1.0946,24.125,-3.0,-23.812,0.4013,-0.0021,-0.8302,0.3866
1782310102206,12432,-0.75391,0.3606,0.75122,1.12372,17.875,-10.938,-18.062,0.4014,-0.0034,-0.8314,0.3839
1782310102228,12454,-0.57324,0.32153,0.64893,0.92363,6.375,-19.625,-29.188,0.3972,-0.0005,-0.8383,0.3731
1782310102229,12455,-0.57324,0.32153,0.64893,0.92363,6.375,-19.625,-29.188,0.3972,-0.0005,-0.8383,0.3731
1782310102229,12455,-0.57373,0.31104,0.69556,0.95379,5.75,-21.562,-27.125,0.3958,-0.0009,-0.8402,0.3704
1782310102229,12455,-0.65308,0.27393,0.67432,0.97788,-7.75,-31.188,3.125,0.3851,-0.0004,-0.8463,0.3678
1782310102230,12456,-0.65308,0.27393,0.67432,0.97788,-7.75,-31.188,3.125,0.3851,-0.0004,-0.8463,0.3678
1782310102230,12456,-0.69043,0.29858,0.69336,1.02303,2.812,-27.438,16.875,0.383,-0.0018,-0.8471,0.3681
1782310102230,12456,-0.60425,0.31885,0.74146,1.00824,73.562,5.688,19.438,0.3864,-0.0229,-0.846,0.3665
1782310102251,12477,-0.58032,0.37329,0.69189,0.97715,68.375,9.812,14.062,0.3892,-0.0277,-0.8445,0.3665
1782310102251,12477,-0.57007,0.38208,0.68384,0.96881,65.938,9.938,13.438,0.3906,-0.0302,-0.844,0.3659
1782310102257,12483,-0.64209,0.33618,0.71753,1.01988,16.625,-32.625,-8.375,0.393,-0.0446,-0.8438,0.3623
1782310102267,12493,-0.64893,0.34863,0.71289,1.02512,13.438,-34.5,-9.875,0.392,-0.0457,-0.8447,0.3611
1782310102268,12494,-0.64893,0.36572,0.7002,1.02232,11.688,-34.5,-10.312,0.391,-0.0465,-0.8455,0.3604
1782310102268,12494,-0.64893,0.36572,0.7002,1.02232,11.688,-34.5,-10.312,0.391,-0.0465,-0.8455,0.3604
1782310102335,12561,-0.58911,0.47461,0.60254,0.96714,11.438,-25.5,2.75,0.3832,-0.0559,-0.851,0.3543
1782310102348,12574,-0.61865,0.42993,0.61255,0.97097,13.938,-26.125,2.75,0.3825,-0.0568,-0.8514,0.3541
1782310102352,12578,-0.60303,0.35327,0.71924,1.00287,-3.688,-19.562,-6.0,0.3756,-0.0629,-0.8565,0.3482
1782310102388,12614,-0.59351,0.36084,0.7041,0.98905,-3.625,-19.312,-7.0,0.3745,-0.063,-0.8571,0.3476
1782310102392,12618,-0.59009,0.37183,0.68384,0.97678,-1.75,-19.062,-7.062,0.3738,-0.0631,-0.8576,0.3473
1782310102395,12621,-0.59009,0.37183,0.68384,0.97678,-1.75,-19.062,-7.062,0.3738,-0.0631,-0.8576,0.3473
1782310102454,12680,-0.58276,0.41309,0.66602,0.97664,15.0,-16.688,-2.0,0.3713,-0.0713,-0.8591,0.3444
1782310102462,12688,-0.57422,0.41895,0.66748,0.97508,12.938,-18.562,-2.688,0.3709,-0.072,-0.8594,0.3441
1782310102465,12691,-0.64062,0.38989,0.76416,1.07068,8.188,-31.25,-7.312,0.3625,-0.0777,-0.8637,0.3411
1782310102520,12746,-0.62744,0.39429,0.76099,1.06219,8.25,-29.25,-7.75,0.3616,-0.0783,-0.8643,0.3404
1782310102530,12756,-0.62329,0.38696,0.76074,1.05686,9.375,-28.375,-7.375,0.3607,-0.079,-0.8648,0.3399
1782310102531,12757,-0.52539,0.39062,0.71411,0.9688,12.75,-10.5,3.062,0.3545,-0.0862,-0.8686,0.3349
1782310102601,12827,-0.52539,0.39062,0.71411,0.9688,12.75,-10.5,3.062,0.3545,-0.0862,-0.8686,0.3349
1782310102610,12836,-0.84424,0.18311,0.41895,0.9601,-3.25,-12.188,-3.625,0.3539,-0.0866,-0.869,0.3344
1782310102633,12859,-0.59888,0.38989,0.65112,0.96676,-0.125,26.5,-14.0,0.3543,-0.0822,-0.8714,0.3289
1782310102639,12865,-0.59888,0.38989,0.65112,0.96676,-0.125,26.5,-14.0,0.3543,-0.0822,-0.8714,0.3289
1782310102647,12873,-0.58765,0.43018,0.68652,1.00085,5.875,25.438,-15.875,0.3565,-0.0814,-0.8711,0.3275
1782310102648,12874,-0.60986,0.35571,0.64551,0.95663,-1.0,-6.75,-30.125,0.3586,-0.081,-0.8742,0.3167
1782310102778,13004,-0.54663,0.37622,0.67212,0.94451,-7.375,-6.0,-30.188,0.3583,-0.0804,-0.8752,0.3146
1782310102783,13009,-0.53003,0.3894,0.68896,0.95249,-10.25,-9.938,-29.875,0.3579,-0.0797,-0.8757,0.3136
1782310102905,13131,-0.53003,0.3894,0.68896,0.95249,-10.25,-9.938,-29.875,0.3579,-0.0797,-0.8757,0.3136
1782310102906,13132,-0.53003,0.3894,0.68896,0.95249,-10.25,-9.938,-29.875,0.3579,-0.0797,-0.8757,0.3136
1782310102906,13132,-0.56934,0.30054,0.7373,0.97882,2.375,-59.5,33.875,0.3446,-0.0827,-0.8802,0.3154
1782310102906,13132,-0.56934,0.30054,0.7373,0.97882,2.375,-59.5,33.875,0.3446,-0.0827,-0.8802,0.3154
1782310102921,13147,-0.52832,0.39502,0.78345,1.02419,7.375,-16.688,7.688,0.3342,-0.0968,-0.8809,0.3203
1782310102922,13148,-0.54663,0.39331,0.77686,1.02811,8.688,-19.188,4.25,0.3337,-0.0974,-0.8811,0.3203
1782310102922,13148,-0.54663,0.39331,0.77686,1.02811,8.688,-19.188,4.25,0.3337,-0.0974,-0.8811,0.3203
1782310102922,13148,-0.46655,0.479,0.71021,0.97545,7.938,-51.375,5.312,0.3214,-0.1046,-0.8843,0.3217
1782310102922,13148,-0.48975,0.51221,0.70923,1.00261,20.375,-56.875,7.562,0.3177,-0.1076,-0.8854,0.3213
1782310102922,13148,-0.51538,0.42114,0.75171,1.00401,43.125,4.188,38.312,0.3112,-0.1273,-0.8854,0.3206
1782310102948,13174,-0.44702,0.40503,0.81372,1.01292,36.25,5.375,36.938,0.3123,-0.1307,-0.8835,0.3233
1782310102948,13174,-0.45898,0.41016,0.85059,1.04995,32.938,1.312,34.5,0.3127,-0.1325,-0.8828,0.3242
1782310102949,13175,-0.51196,0.44238,0.75903,1.01682,-0.25,8.562,11.938,0.3145,-0.1403,-0.879,0.3294
1782310103055,13281,-0.50293,0.49146,0.73755,1.01904,-7.25,9.312,13.5,0.315,-0.1399,-0.8784,0.3308
1782310103059,13285,-0.50903,0.51245,0.71558,1.01675,-8.0,8.875,14.125,0.3152,-0.1397,-0.8781,0.3314
1782310103062,13288,-0.50903,0.51245,0.71558,1.01675,-8.0,8.875,14.125,0.3152,-0.1397,-0.8781,0.3314
1782310103062,13288,-0.45166,0.49585,0.84692,1.08034,7.875,-10.5,-7.812,0.3138,-0.14,-0.8773,0.3347
1782310103063,13289,-0.44824,0.46973,0.85547,1.07396,11.0,-11.562,-11.25,0.3135,-0.1404,-0.8775,0.3341
1782310103063,13289,-0.44824,0.46973,0.85547,1.07396,11.0,-11.562,-11.25,0.3135,-0.1404,-0.8775,0.3341
1782310103200,13426,-0.39893,0.44482,0.76587,0.97137,-31.188,-14.875,3.375,0.3093,-0.1384,-0.88,0.3325
1782310103204,13430,-0.40601,0.45874,0.74463,0.96424,-32.5,-18.062,3.062,0.3082,-0.1375,-0.8803,0.333
1782310103212,13438,-0.40601,0.45874,0.74463,0.96424,-32.5,-18.062,3.062,0.3082,-0.1375,-0.8803,0.333
1782310103213,13439,-0.54028,0.40625,0.73022,0.99507,1.5,-0.75,7.062,0.299,-0.1339,-0.8835,0.3344
1782310103213,13439,-0.55347,0.39355,0.75293,1.01396,1.0,4.0,7.438,0.2991,-0.134,-0.8834,0.3347
1782310103214,13440,-0.55347,0.39355,0.75293,1.01396,1.0,4.0,7.438,0.2991,-0.134,-0.8834,0.3347
1782310103231,13457,-0.4978,0.39404,0.6748,0.92651,4.188,26.062,0.438,0.3092,-0.1304,-0.8782,0.3404
1782310103234,13460,-0.48022,0.396,0.69141,0.93031,6.125,24.812,-3.5,0.3102,-0.1302,-0.8779,0.3403
1782310103234,13460,-0.53076,0.4624,0.76172,1.03718,8.812,20.312,-25.375,0.3212,-0.1267,-0.876,0.3364
1782310103321,13547,-0.5459,0.43848,0.79614,1.06024,16.562,16.812,-29.438,0.3229,-0.1261,-0.8759,0.3353
1782310103333,13559,-0.50977,0.42773,0.85229,1.0813,22.25,13.562,-31.375,0.3244,-0.1263,-0.876,0.3333
1782310103338,13564,-0.50977,0.42773,0.85229,1.0813,22.25,13.562,-31.375,0.3244,-0.1263,-0.876,0.3333
1782310103349,13575,-0.50977,0.42773,0.85229,1.0813,22.25,13.562,-31.375,0.3244,-0.1263,-0.876,0.3333
1782310103351,13577,-0.61304,0.41235,0.93408,1.19095,30.25,-46.812,-45.938,0.3242,-0.1322,-0.8813,0.3169
1782310103351,13577,-0.60889,0.45435,0.79858,1.10223,-2.625,-13.562,-31.25,0.3146,-0.1396,-0.8914,0.2943
1782310103419,13645,-0.59766,0.47803,0.79639,1.10451,-9.938,-3.75,-34.5,0.3145,-0.1389,-0.892,0.293
1782310103420,13646,-0.57886,0.5542,0.82397,1.14941,-14.938,3.375,-32.875,0.3146,-0.138,-0.8925,0.2919
1782310103431,13657,-0.64062,0.42603,0.89404,1.17949,-33.562,55.5,-18.188,0.3268,-0.1218,-0.8917,0.2882
1782310103487,13713,-0.64941,0.44409,0.89893,1.19458,-34.562,59.562,-21.688,0.3287,-0.1195,-0.8912,0.2882
1782310103503,13729,-0.67261,0.44287,0.91187,1.21657,-33.938,64.25,-24.75,0.3308,-0.117,-0.8908,0.2881
1782310103503,13729,-0.67261,0.44287,0.91187,1.21657,-33.938,64.25,-24.75,0.3308,-0.117,-0.8908,0.2881
1782310103538,13764,-0.60522,0.47021,0.97534,1.24043,14.188,-5.125,-40.688,0.348,-0.1016,-0.8886,0.2805
1782310103631,13857,-0.63281,0.4231,0.92407,1.19723,15.5,-11.25,-43.812,0.348,-0.1016,-0.8895,0.2777
1782310103633,13859,-0.56177,0.33398,0.85815,1.07868,29.0,-21.875,-112.312,0.3472,-0.0997,-0.9006,0.241
1782310103633,13859,-0.56494,0.41113,0.87256,1.11783,32.5,-24.5,-118.688,0.3471,-0.0996,-0.902,0.236
1782310103634,13860,-0.58838,0.51685,0.854,1.15872,38.312,-26.688,-118.0,0.347,-0.0996,-0.9034,0.2308
1782310103635,13861,-0.67212,0.54248,0.79028,1.17071,43.688,-48.5,-26.375,0.3392,-0.1087,-0.9127,0.1996
1782310103723,13949,-0.64917,0.44971,0.77808,1.10863,43.625,-49.125,-22.938,0.3378,-0.1104,-0.9134,0.1978
1782310103771,13997,-0.63477,0.39941,0.76831,1.07367,43.562,-50.062,-25.438,0.3364,-0.1121,-0.9141,0.196
1782310103789,14015,-0.63477,0.39941,0.76831,1.07367,43.562,-50.062,-25.438,0.3364,-0.1121,-0.9141,0.196
1782310103813,14039,-0.69946,0.47241,0.78906,1.15544,51.25,-65.938,-49.875,0.3162,-0.1323,-0.9244,0.1663
1782310103836,14062,-0.67798,0.45264,0.82715,1.16134,50.625,-56.625,-49.562,0.3137,-0.1349,-0.9257,0.1618
1782310103879,14105,-0.61621,0.32007,0.7168,0.99798,102.375,-27.188,-18.062,0.3046,-0.1629,-0.9286,0.135
1782310103900,14126,-0.62231,0.3103,0.70728,0.99187,103.625,-25.562,-18.5,0.3043,-0.1668,-0.9283,0.1327
1782310103930,14156,-0.61401,0.32666,0.70508,0.99038,104.125,-23.375,-19.062,0.3041,-0.1708,-0.9279,0.1304
1782310103930,14156,-0.61401,0.32666,0.70508,0.99038,104.125,-23.375,-19.062,0.3041,-0.1708,-0.9279,0.1304
1782310103932,14158,-0.46826,0.58521,0.55005,0.92967,125.0,-49.625,31.625,0.2967,-0.2185,-0.9222,0.1162
1782310103951,14177,-0.47852,0.53979,0.53296,0.89688,123.812,-50.312,32.188,0.2943,-0.2268,-0.9212,0.1151
1782310103983,14209,-0.4707,0.4043,0.56934,0.84212,41.5,-50.875,-62.375,0.281,-0.2654,-0.9175,0.0927
1782310104033,14259,-0.44287,0.43408,0.57764,0.84748,19.625,-54.5,-81.875,0.2792,-0.2659,-0.9184,0.0869
1782310104034,14260,-0.45605,0.4668,0.57104,0.86716,7.375,-55.375,-93.375,0.2782,-0.2655,-0.9193,0.0826
1782310104034,14260,-0.73169,0.34009,0.61157,1.01245,-42.188,-47.5,-171.812,0.2719,-0.2401,-0.9313,0.028
1782310104034,14260,-0.73169,0.34009,0.61157,1.01245,-42.188,-47.5,-171.812,0.2719,-0.2401,-0.9313,0.028
1782310104034,14260,-0.60522,0.27393,0.63232,0.91715,-34.5,-41.062,-167.875,0.2719,-0.2367,-0.9324,0.0212
1782310104034,14260,-0.49292,0.33569,0.56079,0.81862,-17.25,-64.312,-56.688,-0.2598,0.2152,0.9408,0.0284
1782310104044,14270,-0.49561,0.35938,0.61499,0.86775,-20.562,-61.062,-43.562,-0.2568,0.2131,0.942,0.0318
1782310104045,14271,-0.46924,0.37158,0.66772,0.89672,-19.312,-59.5,-36.812,-0.2548,0.2119,0.9428,0.0336
1782310104052,14278,-0.4126,0.27002,0.56567,0.75042,27.438,-34.688,-26.625,-0.2365,0.2107,0.9468,0.0541
1782310104067,14293,-0.44727,0.31665,0.58521,0.80174,40.5,-26.062,-23.25,-0.235,0.2125,0.9467,0.0566
1782310104068,14294,-0.46436,0.34326,0.62915,0.85398,45.5,-21.562,-17.438,-0.2342,0.214,0.9464,0.058
1782310104069,14295,-0.48755,0.24219,0.65601,0.85247,-12.062,-16.875,36.875,-0.2245,0.222,0.947,0.0572
1782310104198,14424,-0.48755,0.24219,0.65601,0.85247,-12.062,-16.875,36.875,-0.2245,0.222,0.947,0.0572
1782310104209,14435,-0.45752,0.2561,0.66064,0.84342,2.5,-17.625,31.125,-0.223,0.2222,0.9474,0.0554
1782310104219,14445,-0.42993,0.42822,0.79663,1.00141,-27.875,-91.812,106.375,-0.1918,0.2367,0.9515,0.0385
1782310104219,14445,-0.43384,0.44019,0.78638,1.00019,-37.75,-101.0,109.562,-0.1868,0.236,0.9529,0.0348
1782310104219,14445,-0.42676,0.44946,0.77588,0.99304,-45.688,-109.375,112.688,-0.1814,0.235,0.9543,0.031
1782310104222,14448,-0.42676,0.44946,0.77588,0.99304,-45.688,-109.375,112.688,-0.1814,0.235,0.9543,0.031
1782310104302,14528,-0.36523,0.35742,0.80151,0.95056,-82.625,-151.75,160.188,0.1072,-0.2124,-0.9712,0.0014
1782310104310,14536,-0.32178,0.38086,0.82471,0.96371,-67.75,-144.75,158.312,0.096,-0.2089,-0.973,0.0098
1782310104314,14540,-0.00366,0.53345,1.0481,1.17605,82.0,-138.188,87.625,0.0191,-0.2236,-0.9734,0.0432
1782310104315,14541,0.02734,0.60986,1.03979,1.20575,80.062,-127.688,97.688,0.0129,-0.2274,-0.9725,0.0458
1782310104315,14541,0.02856,0.64111,1.01709,1.20263,76.5,-116.875,110.375,0.0071,-0.231,-0.9716,0.049
1782310104316,14542,0.10571,-0.15796,0.51709,0.55092,-11.625,-47.938,23.812,-0.0374,-0.2532,-0.963,0.0825
1782310104384,14610,0.10571,-0.15796,0.51709,0.55092,-11.625,-47.938,23.812,-0.0374,-0.2532,-0.963,0.0825
1782310104396,14622,0.11035,-0.04565,0.47534,0.49011,-28.188,-38.062,-8.25,-0.0382,-0.2528,-0.9631,0.0821
1782310104397,14623,0.11035,-0.04565,0.47534,0.49011,-28.188,-38.062,-8.25,-0.0382,-0.2528,-0.9631,0.0821
1782310104432,14658,0.02002,0.58813,0.87793,1.05691,-68.5,-37.75,-37.312,-0.0342,-0.229,-0.9712,0.0545
1782310104437,14663,-0.02319,0.50464,0.87793,1.0129,-70.0,-44.688,-40.938,-0.0364,-0.2249,-0.9722,0.0512
1782310104437,14663,0.03247,0.44238,0.84326,0.95281,18.438,-49.75,-22.5,-0.0574,-0.2183,-0.9736,0.0313
1782310104546,14772,0.01392,0.52783,0.84326,0.99493,10.812,-43.125,-14.875,-0.0599,-0.2194,-0.9732,0.0297
1782310104553,14779,-0.06787,0.60986,0.77051,0.985,8.875,-32.562,-3.688,-0.0621,-0.2202,-0.973,0.0274
1782310104555,14781,-0.13208,0.19214,0.88916,0.91922,-10.812,-8.5,-11.812,-0.0671,-0.219,-0.973,0.0256
1782310104567,14793,-0.16797,0.17651,0.89453,0.92712,-13.438,-7.688,-22.562,-0.0671,-0.2185,-0.9731,0.0247
1782310104567,14793,-0.16504,0.1709,0.91455,0.94491,-16.312,-6.875,-33.375,-0.067,-0.2178,-0.9733,0.0233
1782310104567,14793,0.10278,0.55273,0.94531,1.09986,14.688,-23.562,-53.938,-0.0655,-0.2132,-0.9747,0.0
1782310104654,14880,0.08472,0.53271,0.9231,1.06915,28.625,-25.25,-49.125,0.0661,0.2144,0.9744,0.0021
1782310104672,14898,0.06128,0.48315,0.90308,1.02603,41.562,-26.188,-43.0,0.0667,0.2161,0.9739,0.0041
1782310104680,14906,-0.06909,0.16968,0.80908,0.82956,-17.062,0.0,-52.5,0.0689,0.2258,0.9714,0.021
1782310104697,14923,-0.05933,0.23022,0.79395,0.82878,-27.688,8.688,-54.0,0.0677,0.2246,0.9717,0.0244
1782310104699,14925,-0.06885,0.24805,0.79663,0.83719,-33.812,14.812,-54.812,0.0665,0.2233,0.972,0.0266
1782310104737,14963,0.0874,0.46411,0.93066,1.04363,-21.688,8.188,-49.375,0.0526,0.2091,0.9754,0.0435
1782310104755,14981,0.09375,0.46606,0.91675,1.03268,-14.562,1.25,-51.812,0.052,0.2086,0.9755,0.0456
1782310104765,14991,0.08276,0.47144,0.89502,1.01497,-7.188,-6.25,-53.562,0.0516,0.2083,0.9754,0.0479
1782310104766,14992,-0.00024,0.42505,0.87207,0.97014,47.25,-20.625,-56.0,0.0567,0.2235,0.9703,0.0714
1782310104800,15026,-0.01611,0.41382,0.87402,0.96717,41.75,-18.125,-57.062,0.057,0.2254,0.9697,0.0739
1782310104810,15036,-0.0061,0.43677,0.87769,0.98038,34.625,-16.375,-59.188,0.0572,0.227,0.9691,0.0764
1782310104819,15045,0.03882,0.53564,0.8938,1.04273,-11.688,-2.25,-40.438,0.0573,0.2283,0.9667,0.0985
1782310104886,15112,0.03833,0.51782,0.90845,1.04637,-9.688,-0.25,-37.25,0.0569,0.228,0.9667,0.1001
1782310104893,15119,0.03467,0.52881,0.91309,1.05573,-3.875,1.062,-33.062,0.0559,0.2278,0.9666,0.1024
1782310104893,15119,0.01172,0.3623,0.86353,0.93653,14.75,1.688,-36.25,0.0527,0.2332,0.964,0.1157
1782310104910,15136,-0.00488,0.35059,0.8645,0.9329,11.0,2.562,-35.375,0.0523,0.2337,0.9637,0.1171
1782310104913,15139,-0.02271,0.34448,0.86597,0.93225,7.312,4.562,-34.375,0.0518,0.2341,0.9634,0.1185
1782310104971,15197,-0.05151,0.45312,0.96265,1.06521,-18.125,20.75,-30.938,0.0379,0.232,0.9629,0.1318
1782310104978,15204,-0.03174,0.46484,0.95801,1.0653,-15.688,15.0,-30.062,0.0368,0.2315,0.9629,0.1329
1782310104979,15205,-0.05371,0.48169,0.95386,1.06993,-12.375,4.875,-26.375,0.035,0.2307,0.9631,0.1336
1782310104979,15205,-0.05542,0.38379,0.88086,0.96243,-4.875,0.0,-39.125,0.03,0.2283,0.9619,0.1467
1782310105030,15256,-0.05469,0.38794,0.88794,0.97053,-6.5,-1.0,-38.25,0.0294,0.228,0.9616,0.1491
1782310105031,15257,-0.0708,0.35962,0.89819,0.9701,-11.625,-0.875,-36.812,0.0282,0.2272,0.9615,0.1511
1782310105032,15258,-0.06885,0.39697,0.94995,1.03186,-24.25,-10.375,-11.0,0.0253,0.2189,0.9621,0.16
1782310105100,15326,-0.0708,0.39038,0.94385,1.02385,-23.125,-11.375,-10.062,0.0254,0.2185,0.9622,0.1603
1782310105101,15327,-0.07886,0.37451,0.92432,1.00042,-20.875,-12.812,-9.438,0.0256,0.2175,0.9623,0.1608
1782310105109,15335,-0.08472,0.32715,0.95239,1.01057,-14.062,-13.938,-2.438,0.0314,0.2106,0.9626,0.1669
1782310105178,15404,-0.08594,0.34912,0.99512,1.05808,-16.812,-9.188,1.0,0.0319,0.2091,0.9628,0.1672
1782310105183,15409,-0.06934,0.36133,0.99756,1.06325,-18.062,-8.625,4.125,0.0322,0.2079,0.9631,0.167
1782310105184,15410,-0.08496,0.28271,0.99292,1.03587,-12.5,-0.875,15.75,0.0339,0.202,0.965,0.163
1782310105232,15458,-0.09131,0.2854,0.99146,1.03575,-13.25,0.438,17.0,0.0339,0.2014,0.9652,0.1624
1782310105235,15461,-0.0957,0.28784,0.98901,1.03448,-14.25,1.625,18.0,0.0338,0.2008,0.9655,0.1617
1782310105239,15465,-0.0459,0.26758,0.99146,1.02796,-28.5,-11.125,16.75,0.0338,0.191,0.9688,0.1533
1782310105266,15492,-0.05981,0.26782,0.9812,1.01885,-30.188,-11.125,15.938,0.0341,0.1896,0.9692,0.1528
1782310105267,15493,-0.06641,0.26562,0.97192,1.00975,-32.188,-10.812,15.625,0.0343,0.1882,0.9696,0.1519
1782310105267,15493,-0.09204,0.32153,1.01001,1.06394,-34.938,2.062,11.062,0.0339,0.1746,0.9729,0.147
1782310105536,15762,-0.08545,0.31445,1.01196,1.06313,-35.312,3.375,10.75,0.0336,0.1731,0.9732,0.1466
1782310105866,16092,-0.07544,0.30566,1.0083,1.05631,-35.062,5.0,10.375,0.0332,0.1716,0.9736,0.1462
1782310105866,16092,0.00879,0.2749,0.92114,0.96133,-46.438,1.5,26.5,0.029,0.1553,0.978,0.1353
1782310105867,16093,0.01318,0.25806,0.91528,0.95106,-49.875,4.75,23.25,0.0287,0.1533,0.9785,0.1343
1782310105867,16093,0.0105,0.26416,0.91333,0.95082,-52.062,8.625,21.5,0.0281,0.1511,0.9791,0.1326
1782310105867,16093,-0.02759,0.38232,1.0188,1.08852,-36.5,11.0,19.75,0.0205,0.1337,0.9833,0.1212
1782310105867,16093,0.00317,0.39355,1.0376,1.10973,-30.625,12.562,23.688,0.02,0.1325,0.9836,0.1202
1782310105867,16093,0.02563,0.39966,1.05737,1.13067,-24.188,14.562,28.312,0.0195,0.1315,0.9838,0.1193
1782310105867,16093,-0.01074,0.31665,0.86987,0.92577,-47.438,23.25,54.438,0.0153,0.1221,0.987,0.1023
1782310105867,16093,-0.01074,0.29517,0.85791,0.90733,-65.062,35.938,63.562,0.0128,0.1175,0.9882,0.097
1782310105867,16093,0.0083,0.26172,0.87793,0.91615,-75.625,42.812,64.125,0.0103,0.1132,0.9891,0.093
1782310105867,16093,0.07153,0.19751,0.86426,0.88942,-59.188,-0.875,12.25,-0.0005,0.0845,0.9935,0.0741
1782310105867,16093,0.07153,0.19751,0.86426,0.88942,-59.188,-0.875,12.25,-0.0005,0.0845,0.9935,0.0741
1782310105867,16093,0.05347,0.18823,0.87036,0.89209,-54.812,-8.812,1.625,-0.0003,0.0822,0.9938,0.074
1782310105868,16094,-0.05176,0.31177,0.87305,0.92849,-40.0,25.688,53.438,0.002,0.0647,0.9959,0.0623
1782310105868,16094,-0.13062,0.36401,0.84692,0.93104,-40.562,34.188,57.125,0.0006,0.0632,0.9961,0.0599
1782310105868,16094,-0.06982,0.32568,0.94702,1.00389,-40.25,43.062,60.375,-0.0017,0.061,0.9965,0.0562
1782310105868,16094,0.0293,0.29688,1.00024,1.04378,-52.875,15.25,54.562,-0.0238,0.0439,0.9982,0.0283
1782310105868,16094,-0.03687,0.29614,0.97656,1.02114,-49.062,5.062,53.438,-0.0241,0.0419,0.9984,0.026
1782310106054,16280,-0.09229,0.13037,0.95068,0.96401,-16.625,28.375,69.938,0.0296,-0.0303,-0.999,0.0011
1782310106055,16281,-0.09229,0.13037,0.95068,0.96401,-16.625,28.375,69.938,0.0296,-0.0303,-0.999,0.0011
1782310106056,16282,-0.05054,0.18726,1.00635,1.02487,-12.125,28.0,68.75,0.0307,-0.0299,-0.999,0.0042
1782310106056,16282,-0.07812,0.16211,1.00366,1.01966,0.625,-9.812,42.375,0.0309,-0.0344,-0.9984,0.0289
1782310106056,16282,-0.08057,0.19946,1.0144,1.03696,-1.062,-8.312,46.125,0.0305,-0.0345,-0.9984,0.0308
1782310106056,16282,-0.03857,0.20679,1.06055,1.08121,0.75,-6.125,51.875,0.0297,-0.0348,-0.9983,0.0343
1782310106056,16282,-0.09546,0.11426,0.98242,0.99364,-26.438,-0.562,67.875,0.0243,-0.0321,-0.9975,0.0565
1782310106235,16461,-0.08691,0.13208,1.00317,1.01555,-30.062,5.312,72.812,0.0244,-0.031,-0.9974,0.0595
1782310106580,16806,-0.05078,0.08936,1.02197,1.02713,-29.312,13.062,76.125,0.0247,-0.0292,-0.9972,0.0629
1782310106605,16831,-0.10303,0.04468,0.89844,0.90543,-26.375,-16.688,62.188,0.0231,-0.0178,-0.995,0.0942
1782310107287,17513,-0.12354,0.05176,0.88794,0.89799,-22.375,-15.812,56.312,0.0224,-0.017,-0.9948,0.0966
1782310107288,17514,-0.13989,0.02173,0.85156,0.86325,-27.125,-8.25,55.938,0.0216,-0.0156,-0.9946,0.0996
1782310107288,17514,-0.16089,0.03735,0.95508,0.96926,-45.562,29.438,65.375,0.0274,0.0034,-0.9914,0.1271
1782310107288,17514,-0.15112,0.04053,0.96704,0.97962,-41.812,28.688,66.375,0.0285,0.0053,-0.991,0.1299
1782310107288,17514,-0.14233,0.03931,0.96191,0.97318,-36.438,28.25,65.688,0.03,0.0078,-0.9904,0.1343
1782310107288,17514,-0.19019,0.02734,1.02881,1.0466,23.875,10.062,56.625,0.0397,0.0106,-0.9861,0.1603
1782310107534,17760,-0.1875,0.05688,0.9624,0.98214,30.812,6.25,51.312,0.0412,0.0075,-0.9849,0.1673
1782310107534,17760,-0.16064,0.06812,0.94385,0.95984,31.375,5.812,48.625,0.0417,0.0062,-0.9846,0.1693
1782310107534,17760,-0.14087,0.09937,0.96973,0.98493,24.438,2.938,43.25,0.0454,-0.0053,-0.9816,0.1848
1782310107534,17760,-0.14014,0.10181,0.98047,0.99565,22.312,3.125,43.75,0.0455,-0.0058,-0.9815,0.1857
1782310107534,17760,-0.14551,0.09619,1.02954,1.04421,12.375,3.5,44.125,0.0461,-0.0073,-0.9806,0.19
1782310107535,17761,-0.14746,0.05884,1.02515,1.03737,-0.875,-1.875,41.812,0.046,-0.0081,-0.9774,0.2058
1782310107536,17762,-0.14819,0.0603,1.01343,1.02598,0.25,0.125,41.312,0.046,-0.0082,-0.977,0.2075
1782310107569,17795,-0.14941,0.05566,0.99463,1.00733,1.688,2.688,41.625,0.0462,-0.0083,-0.9766,0.2094
1782310107986,18212,-0.14941,0.05566,0.99463,1.00733,1.688,2.688,41.625,0.0462,-0.0083,-0.9766,0.2094
1782310108009,18235,-0.14941,0.05566,0.99463,1.00733,1.688,2.688,41.625,0.0462,-0.0083,-0.9766,0.2094
1782310108009,18235,-0.14453,0.01587,1.01733,1.02767,-29.25,45.75,50.188,0.0573,-0.0006,-0.9707,0.233
1782310108010,18236,-0.21606,-0.0166,0.99072,1.01414,-38.875,36.625,45.188,0.0709,0.0198,-0.9635,0.2568
1782310108010,18236,-0.21948,-0.01245,1.00244,1.02626,-35.188,38.312,44.312,0.0728,0.0226,-0.9624,0.2603
1782310108010,18236,-0.20923,-0.00635,1.01636,1.03769,-31.562,38.438,43.938,0.0741,0.0242,-0.9617,0.2622
1782310108010,18236,-0.17456,-0.05884,1.06006,1.07595,-32.125,24.312,31.125,0.0853,0.0367,-0.9566,0.2758
1782310108145,18371,-0.17456,-0.05884,1.06006,1.07595,-32.125,24.312,31.125,0.0853,0.0367,-0.9566,0.2758
1782310108146,18372,-0.23022,-0.02246,1.01514,1.04116,-36.438,7.625,29.938,0.0858,0.0396,-0.9557,0.2783
1782310108146,18372,-0.29639,-0.05591,0.98926,1.03422,-33.125,59.688,40.75,0.0942,0.0566,-0.9488,0.2957
1782310108147,18373,-0.29639,-0.05591,0.98926,1.03422,-33.125,59.688,40.75,0.0942,0.0566,-0.9488,0.2957
1782310108353,18579,-0.30225,-0.07861,0.97021,1.01924,-31.688,62.688,37.25,0.0987,0.0606,-0.947,0.2991
1782310108407,18633,-0.25537,0.00903,0.9353,0.96958,-20.75,7.25,15.25,0.1108,0.0758,-0.9409,0.3107
1782310108408,18634,-0.25537,0.00903,0.9353,0.96958,-20.75,7.25,15.25,0.1108,0.0758,-0.9409,0.3107
1782310108408,18634,-0.271,0.00977,0.92432,0.96328,-15.188,-0.188,13.938,0.1107,0.077,-0.9405,0.3114
1782310108409,18635,-0.29102,-0.11182,1.01025,1.05726,-13.75,-22.75,-21.062,0.1062,0.08,-0.9406,0.312
1782310108409,18635,-0.27319,-0.10278,1.00342,1.04501,-16.0,-28.875,-26.0,0.1049,0.0804,-0.941,0.3112
1782310108409,18635,-0.26611,-0.09204,0.98608,1.02549,-18.375,-36.188,-31.125,0.1032,0.0808,-0.9416,0.3098
1782310108409,18635,-0.17188,0.01587,0.86792,0.88492,7.562,-84.375,-72.25,0.0701,0.0778,-0.9515,0.2886
1782310108409,18635,-0.17188,0.01587,0.86792,0.88492,7.562,-84.375,-72.25,0.0701,0.0778,-0.9515,0.2886
1782310108409,18635,-0.18066,0.00928,0.86182,0.8806,16.688,-77.75,-72.0,0.0636,0.0751,-0.9541,0.2825
1782310108409,18635,-0.11401,-0.02222,0.93335,0.94055,22.875,-81.625,-42.75,0.0368,0.0556,-0.963,0.2608
1782310108409,18635,-0.16064,-0.0022,0.95312,0.96656,22.25,-76.125,-45.938,0.0324,0.0529,-0.9644,0.2567
1782310108410,18636,-0.16211,0.01343,0.96338,0.97702,23.125,-69.938,-48.25,0.0297,0.0512,-0.9651,0.2548
1782310108410,18636,-0.01514,-0.13306,1.17261,1.18023,5.562,30.125,-19.125,0.0249,0.0435,-0.9683,0.2444
1782310108415,18641,-0.01514,-0.13306,1.17261,1.18023,5.562,30.125,-19.125,0.0249,0.0435,-0.9683,0.2444
1782310108419,18645,-0.10352,-0.17651,1.21265,1.22979,-13.062,0.25,-19.938,0.026,0.0445,-0.9687,0.2423
1782310108421,18647,-0.18555,-0.13452,1.00049,1.0264,-42.188,-6.0,-64.312,0.0162,0.059,-0.9723,0.225
1782310108440,18666,-0.1582,-0.12256,1.00391,1.02366,-43.938,-6.125,-71.0,0.0151,0.0617,-0.9733,0.2203
1782310108643,18869,-0.12769,-0.13037,1.03174,1.04775,-46.0,-11.062,-73.75,0.0136,0.0645,-0.9741,0.2158
1782310109192,19418,-0.07788,-0.25073,1.03906,1.07172,-40.062,-69.5,-64.875,-0.0076,0.0774,-0.9782,0.1922
1782310109192,19418,-0.07788,-0.25073,1.03906,1.07172,-40.062,-69.5,-64.875,-0.0076,0.0774,-0.9782,0.1922
1782310109712,19938,-0.0979,-0.18628,0.94507,0.96822,-33.0,-62.688,-66.625,-0.0141,0.0793,-0.979,0.1868
1782310109715,19941,0.14404,-0.07202,0.51807,0.54252,42.438,76.875,-47.625,-0.0239,0.0814,-0.9831,0.1616
1782310110112,20338,0.05151,-0.05786,0.81006,0.81376,46.688,92.688,-48.062,-0.0161,0.0784,-0.984,0.1588
1782310110114,20340,-0.00269,-0.05811,0.92969,0.93151,44.938,86.688,-51.75,-0.0123,0.0771,-0.9845,0.1564
1782310110253,20479,-0.00269,-0.05811,0.92969,0.93151,44.938,86.688,-51.75,-0.0123,0.0771,-0.9845,0.1564
1782310110264,20490,0.01807,0.05078,1.00806,1.0095,19.125,0.688,-43.562,-0.0017,0.067,-0.9885,0.135
1782310110330,20556,-0.00415,0.05225,0.97412,0.97553,20.812,2.312,-42.0,-0.0017,0.0661,-0.9888,0.1333
1782310110334,20560,-0.09521,-0.21313,1.01807,1.04449,32.75,20.0,-47.062,0.0045,0.0556,-0.9918,0.1145
1782310110334,20560,-0.0813,-0.18213,1.03564,1.05467,25.875,17.875,-51.375,0.0057,0.054,-0.9921,0.1126
1782310110536,20762,-0.0874,-0.15381,1.03564,1.05064,20.938,16.312,-52.938,0.0064,0.0532,-0.9924,0.1103
1782310110719,20945,-0.17017,-0.02002,1.07324,1.08683,27.625,11.438,-36.125,0.0125,0.0463,-0.9946,0.0912
1782310110762,20988,-0.20044,-0.05078,1.04004,1.0604,34.375,10.312,-30.062,0.0138,0.0437,-0.9951,0.0865
1782310110771,20997,-0.19312,-0.05591,1.03271,1.0521,36.812,10.0,-30.312,0.0144,0.0422,-0.9952,0.0852
1782310110828,21054,-0.14307,0.12012,0.98267,1.00027,48.375,3.0,11.875,0.0173,0.0244,-0.9963,0.0791
1782310110867,21093,-0.11768,0.14917,0.93164,0.95082,48.625,0.062,24.0,0.0179,0.0201,-0.9963,0.081
1782310110881,21107,-0.13403,0.1355,0.91528,0.93491,48.25,0.0,31.438,0.0181,0.018,-0.9962,0.0822
1782310110917,21143,-0.20361,0.01782,0.97388,0.9951,61.75,4.938,17.312,0.0221,-0.0015,-0.9952,0.0939
1782310110927,21153,-0.17969,0.05396,0.99097,1.00857,74.438,1.625,7.438,0.0231,-0.0074,-0.9951,0.095
1782310110953,21179,-0.17114,0.08716,0.99561,1.01397,80.562,-1.562,6.0,0.0234,-0.0108,-0.995,0.0952
1782310111018,21244,-0.17114,0.08716,0.99561,1.01397,80.562,-1.562,6.0,0.0234,-0.0108,-0.995,0.0952
1782310111020,21246,-0.08179,0.26685,1.03369,1.07071,204.75,-11.375,54.188,0.026,-0.0664,-0.9918,0.1052
1782310111032,21258,-0.03076,0.3623,1.06689,1.12715,216.188,-7.0,63.0,0.0267,-0.0848,-0.99,0.1083
1782310111033,21259,-0.03076,0.3623,1.06689,1.12715,216.188,-7.0,63.0,0.0267,-0.0848,-0.99,0.1083
1782310111033,21259,-0.13647,0.30688,0.92773,0.98665,69.875,-31.562,45.75,0.0261,-0.1576,-0.9786,0.1291
1782310111037,21263,-0.09644,0.32495,0.95166,1.01022,48.75,-37.75,44.312,0.024,-0.1614,-0.9777,0.1314
1782310111113,21339,-0.09644,0.32495,0.95166,1.01022,48.75,-37.75,44.312,0.024,-0.1614,-0.9777,0.1314
1782310111114,21340,-0.04346,0.17358,0.93726,0.95419,-30.312,16.875,31.562,0.0139,-0.1607,-0.976,0.1453
1782310111114,21340,-0.06104,0.16479,0.93262,0.94903,-32.938,21.375,24.312,0.0145,-0.1591,-0.9761,0.1466
1782310111114,21340,-0.16626,0.15723,0.92529,0.95317,-48.562,59.875,-15.625,0.0286,-0.1409,-0.9787,0.1458
1782310111114,21340,-0.17188,0.1228,0.94482,0.96815,-46.125,64.625,-20.938,0.0338,-0.1359,-0.9793,0.1455
1782310111114,21340,-0.17529,0.09082,0.94946,0.96977,-40.5,63.625,-25.812,0.0376,-0.1325,-0.9797,0.1446
1782310111157,21383,-0.25146,0.09424,1.13525,1.16658,-1.375,17.875,-59.062,0.0562,-0.1199,-0.9824,0.1312
1782310111169,21395,-0.27856,0.08374,1.12378,1.16081,8.312,7.0,-61.062,0.0575,-0.1198,-0.9827,0.1277
1782310111233,21459,-0.29053,0.09668,1.11426,1.15556,13.562,0.0,-62.062,0.0581,-0.1201,-0.983,0.1251
1782310111234,21460,-0.21704,0.15283,0.99414,1.02897,20.375,-27.938,-77.312,0.0551,-0.1276,-0.9856,0.0952
1782310111239,21465,-0.21948,0.19067,0.95264,0.99602,11.562,-25.188,-77.312,0.0537,-0.129,-0.9863,0.0863
1782310111299,21525,-0.22583,0.19946,0.93652,0.9838,8.0,-21.938,-75.562,0.0532,-0.1292,-0.9866,0.0829
1782310111307,21533,-0.22583,0.19946,0.93652,0.9838,8.0,-21.938,-75.562,0.0532,-0.1292,-0.9866,0.0829
1782310111313,21539,-0.12476,0.22192,0.9646,0.99763,-12.312,-13.812,-71.312,0.0523,-0.1246,-0.9894,0.0504
1782310111316,21542,-0.11694,0.23169,0.93799,0.97323,-9.0,-15.625,-74.312,0.0521,-0.124,-0.9897,0.0472
1782310111319,21545,-0.11133,0.2478,0.95435,0.99226,2.625,-17.938,-76.812,0.0494,-0.1241,-0.9908,0.016
1782310111420,21646,-0.11011,0.25903,0.95898,0.99943,0.0,-18.938,-74.625,0.049,-0.124,-0.9909,0.0122
1782310111420,21646,-0.11279,0.27197,0.95264,0.9971,-1.25,-19.688,-72.688,0.0485,-0.1239,-0.991,0.009
1782310111474,21700,-0.11279,0.27197,0.95264,0.9971,-1.25,-19.688,-72.688,0.0485,-0.1239,-0.991,0.009
1782310111651,21877,-0.10596,0.27417,0.92578,0.97132,9.625,-17.688,-67.812,-0.0429,0.1235,0.9909,0.0274
1782310111662,21888,-0.09985,0.27588,0.94678,0.9912,11.562,-16.188,-64.688,-0.0425,0.1239,0.9909,0.0302
1782310111715,21941,-0.09985,0.27588,0.94678,0.9912,11.562,-16.188,-64.688,-0.0425,0.1239,0.9909,0.0302
1782310111751,21977,-0.08643,0.26221,1.01416,1.05107,36.938,-37.0,-40.5,-0.0329,0.1333,0.9889,0.0548
1782310111878,22104,-0.08618,0.2644,0.99194,1.03018,39.312,-35.5,-37.375,-0.0308,0.1355,0.9885,0.0576
1782310111879,22105,-0.08618,0.2644,0.99194,1.03018,39.312,-35.5,-37.375,-0.0308,0.1355,0.9885,0.0576
1782310111879,22105,-0.08618,0.2644,0.99194,1.03018,39.312,-35.5,-37.375,-0.0308,0.1355,0.9885,0.0576
1782310111880,22106,-0.06665,0.2373,1.05908,1.08738,14.562,-21.625,-25.875,-0.0217,0.1448,0.9865,0.0725
1782310111883,22109,-0.08081,0.23413,0.98755,1.01814,-23.0,-22.812,-4.312,-0.0086,0.1394,0.9865,0.0845
1782310111884,22110,-0.06372,0.22681,0.97876,1.00671,-20.5,-23.0,-5.875,-0.0077,0.1384,0.9866,0.0848
1782310111885,22111,-0.04565,0.22778,0.97876,1.00595,-17.875,-23.125,-8.125,-0.0068,0.1375,0.9867,0.0853
1782310111885,22111,-0.04565,0.22778,0.97876,1.00595,-17.875,-23.125,-8.125,-0.0068,0.1375,0.9867,0.0853
1782310111886,22112,-0.04443,0.27417,0.88062,0.92338,-17.562,-10.625,5.438,-0.0001,0.13,0.987,0.0934
1782310111889,22115,-0.04297,0.24927,0.88672,0.92209,-18.562,-8.938,7.375,0.0001,0.1292,0.9871,0.0932
1782310111889,22115,-0.04297,0.24927,0.88672,0.92209,-18.562,-8.938,7.375,0.0001,0.1292,0.9871,0.0932
1782310111892,22118,-0.07031,0.2312,0.85132,0.88495,0.625,-4.625,-1.125,0.0021,0.1224,0.9879,0.0938
1782310111893,22119,-0.07275,0.22534,0.84863,0.88105,4.688,-3.875,-1.25,0.0023,0.1226,0.9879,0.0939
1782310111893,22119,-0.15039,0.28174,0.91846,0.9724,-3.562,5.25,15.938,0.0018,0.1246,0.9877,0.0936
1782310111893,22119,-0.1333,0.26514,0.93359,0.97962,1.5,8.188,18.938,0.0015,0.1246,0.9877,0.0928
1782310111897,22123,-0.0791,0.29102,0.9624,1.00855,4.562,8.25,20.625,0.0014,0.1249,0.9878,0.0919
1782310111898,22124,-0.0791,0.29102,0.9624,1.00855,4.562,8.25,20.625,0.0014,0.1249,0.9878,0.0919
1782310111898,22124,-0.06055,0.23413,1.05664,1.08396,10.062,1.25,37.562,0.0,0.1259,0.9888,0.0787
1782310111898,22124,-0.07153,0.21533,1.0603,1.08431,11.375,-0.562,37.125,0.0002,0.1263,0.9889,0.0772
1782310111941,22167,-0.07153,0.21533,1.0603,1.08431,11.375,-0.562,37.125,0.0002,0.1263,0.9889,0.0772
1782310111951,22177,-0.12036,0.23657,0.9873,1.02236,-2.75,-2.25,9.875,0.002,0.1275,0.989,0.0731
1782310111951,22177,-0.10986,0.23755,0.98071,1.01503,-2.5,-0.188,12.875,0.002,0.1274,0.9891,0.0726
1782310111952,22178,-0.10986,0.23755,0.98071,1.01503,-2.5,-0.188,12.875,0.002,0.1274,0.9891,0.0726
1782310111952,22178,-0.07422,0.17578,1.03882,1.0562,10.125,-11.875,13.625,0.003,0.1262,0.9897,0.0664
1782310111968,22194,-0.05713,0.18677,1.02979,1.04815,14.875,-14.812,11.5,0.0037,0.1267,0.9896,0.0659
1782310111969,22195,-0.05713,0.18677,1.02979,1.04815,14.875,-14.812,11.5,0.0037,0.1267,0.9896,0.0659
1782310111969,22195,-0.07642,0.23096,0.95117,0.98179,7.375,-8.375,1.75,0.0106,0.1335,0.9887,0.0667
1782310111970,22196,-0.07471,0.22925,0.94873,0.97889,5.188,-6.5,2.312,0.0109,0.1337,0.9886,0.0666
1782310111984,22210,-0.08813,0.29419,0.90039,0.95132,-7.125,8.875,23.188,0.01,0.1317,0.9891,0.0625
1782310111984,22210,-0.09106,0.27295,0.90747,0.952,-8.062,8.0,24.562,0.0093,0.1311,0.9894,0.0604
1782310111998,22224,-0.08862,0.24487,0.93335,0.969,-9.25,5.0,20.5,0.009,0.1306,0.9895,0.0592
1782310111998,22224,-0.12793,0.23486,0.91406,0.95238,-5.875,1.562,4.562,0.0087,0.1272,0.9901,0.0568
1782310111999,22225,-0.13281,0.22583,0.91577,0.95251,-5.938,2.375,4.0,0.0086,0.127,0.9902,0.0567
1782310111999,22225,-0.13428,0.21875,0.91528,0.95059,-6.25,3.188,3.0,0.0084,0.1267,0.9902,0.0565
1782310111999,22225,-0.08838,0.22485,1.02905,1.05703,-5.25,8.5,1.5,0.0043,0.1251,0.9904,0.0575
1782310112000,22226,-0.08838,0.22485,1.02905,1.05703,-5.25,8.5,1.5,0.0043,0.1251,0.9904,0.0575
1782310112000,22226,-0.09229,0.23218,1.04443,1.0739,-7.0,4.875,2.688,0.004,0.1248,0.9904,0.0574
1782310112002,22228,-0.08228,0.17285,0.96411,0.98293,1.625,-2.688,-7.875,0.0056,0.1238,0.9904,0.0588
1782310112002,22228,-0.0791,0.17871,0.96655,0.98611,0.312,-1.312,-8.938,0.0056,0.1238,0.9904,0.0592
1782310112003,22229,-0.07715,0.19019,0.97461,0.99599,-0.688,-0.312,-9.938,0.0055,0.1237,0.9904,0.0596
1782310112003,22229,-0.02979,0.24951,0.9895,1.02091,3.438,-4.875,-7.688,0.0053,0.1237,0.9901,0.0646
1782310112022,22248,-0.02686,0.25171,0.9917,1.0235,3.812,-5.375,-7.0,0.0055,0.1239,0.9901,0.065
1782310112060,22286,-0.02759,0.25342,0.98706,1.01945,4.438,-5.938,-6.875,0.0057,0.1241,0.99,0.0653
1782310112064,22290,-0.02759,0.25342,0.98706,1.01945,4.438,-5.938,-6.875,0.0057,0.1241,0.99,0.0653
1782310112081,22307,-0.05371,0.23584,0.96924,0.99897,-3.812,2.0,-3.438,0.007,0.125,0.9896,0.0686
1782310112086,22312,-0.05371,0.23755,0.97388,1.00387,-5.625,3.25,-2.875,0.0068,0.1248,0.9897,0.0687
1782310112096,22322,-0.09741,0.23975,0.97949,1.0131,-12.125,9.5,2.062,0.0025,0.1203,0.9902,0.0696
1782310112116,22342,-0.10352,0.22852,0.96997,1.00189,-11.438,9.625,2.375,0.002,0.1198,0.9902,0.0695
1782310112118,22344,-0.11182,0.2019,0.96045,0.98779,-11.0,9.688,2.062,0.0015,0.1194,0.9903,0.0693
1782310112119,22345,-0.09351,0.23999,0.9812,1.01444,-6.188,2.688,-6.625,-0.0029,0.1148,0.9909,0.0699
1782310112122,22348,-0.08936,0.23462,0.96606,0.99815,-4.188,2.188,-6.0,-0.003,0.1146,0.9909,0.0701
1782310112124,22350,-0.08862,0.23071,0.9519,0.98346,-2.375,2.062,-4.938,-0.0032,0.1145,0.9909,0.0704
1782310112131,22357,-0.09204,0.21387,0.96216,0.98993,-6.125,14.625,-9.0,-0.0077,0.1137,0.9908,0.072
1782310112132,22358,-0.08911,0.22046,0.97339,1.00201,-6.5,15.188,-8.688,-0.0084,0.1135,0.9908,0.0723
1782310112132,22358,-0.08569,0.22632,0.97827,1.00776,-6.938,15.25,-8.125,-0.0092,0.1132,0.9908,0.0726
1782310112133,22359,-0.0957,0.21924,0.97852,1.00734,-3.125,11.438,-5.25,-0.0157,0.1115,0.9909,0.0726
1782310112134,22360,-0.10156,0.21118,0.97461,1.00239,-3.25,11.875,-4.875,-0.0162,0.1113,0.9909,0.0728
1782310112141,22367,-0.10645,0.19849,0.96802,0.99388,-3.5,12.75,-5.188,-0.0169,0.1112,0.9909,0.0729
1782310112141,22367,-0.1001,0.21191,0.97925,1.0069,-10.312,11.875,-6.562,-0.0233,0.1074,0.9909,0.0758
1782310112142,22368,-0.10571,0.20288,0.97144,0.99801,-10.0,11.938,-5.625,-0.0239,0.107,0.991,0.076
1782310112143,22369,-0.10522,0.20361,0.96631,0.99312,-9.625,11.875,-5.0,-0.0245,0.1066,0.991,0.0761
1782310112147,22373,-0.12158,0.17651,0.97876,1.00195,-5.562,16.125,-5.938,-0.0324,0.104,0.9912,0.0746
1782310112148,22374,-0.12451,0.18213,1.00757,1.03144,-7.438,14.062,-6.312,-0.0335,0.1036,0.9912,0.0749
1782310112149,22375,-0.1272,0.18701,1.01904,1.04384,-8.562,11.5,-6.375,-0.0344,0.103,0.9912,0.0744
1782310112150,22376,-0.14038,0.18604,0.96387,0.99165,-5.625,8.812,-5.125,-0.0381,0.1008,0.9912,0.0759
1782310112150,22376,-0.14087,0.18042,0.96558,0.99234,-6.125,9.875,-4.5,-0.0388,0.1005,0.9912,0.0761
1782310112151,22377,-0.14819,0.17456,0.97021,0.99686,-7.0,10.625,-4.312,-0.0399,0.0999,0.9912,0.0756
1782310112151,22377,-0.14771,0.17896,0.9646,0.99212,-9.375,4.688,-5.562,-0.0438,0.0966,0.9914,0.0753
1782310112153,22379,-0.14893,0.17773,0.96265,0.99018,-8.438,4.625,-5.938,-0.0441,0.0963,0.9914,0.0755
1782310112153,22379,-0.14844,0.17822,0.96436,0.99186,-8.438,4.625,-5.875,-0.0444,0.0959,0.9914,0.0758
1782310112163,22389,-0.14453,0.16895,0.91528,0.9419,-4.188,10.0,-3.188,-0.0473,0.0936,0.9913,0.0775
1782310112165,22391,-0.1438,0.16992,0.93066,0.95691,-5.562,11.375,-2.625,-0.0478,0.0933,0.9913,0.0776
1782310112165,22391,-0.13965,0.17163,0.94946,0.9749,-7.125,11.5,-1.938,-0.0483,0.0931,0.9913,0.0776
1782310112165,22391,-0.15356,0.16553,0.97681,1.00257,-5.688,8.25,-0.062,-0.0529,0.0902,0.9914,0.0776
1782310112169,22395,-0.15137,0.16968,0.97437,1.00055,-4.875,7.688,0.688,-0.0533,0.09,0.9914,0.0776
1782310112171,22397,-0.15601,0.16821,0.97095,0.99769,-4.062,7.188,1.25,-0.0537,0.0898,0.9914,0.0775
1782310112176,22402,-0.18433,0.14868,1.0,1.02766,-3.5,5.5,-2.062,-0.0563,0.0891,0.9911,0.0803
1782310112180,22406,-0.1853,0.15698,1.01001,1.0388,-4.625,4.438,-1.875,-0.0567,0.0889,0.9911,0.0804
1782310112182,22408,-0.18677,0.16626,1.01562,1.04595,-5.25,2.938,-1.625,-0.0568,0.0886,0.9911,0.0805
1782310112183,22409,-0.18457,0.14453,0.9707,0.99861,-1.562,-0.625,0.125,-0.057,0.0878,0.991,0.0818
1782310112186,22412,-0.18628,0.14526,0.97021,0.99855,-2.562,-0.438,0.0,-0.057,0.0877,0.991,0.0818
1782310112191,22417,-0.18994,0.14282,0.96631,0.9951,-3.375,0.0,0.0,-0.057,0.0876,0.991,0.0818
1782310112192,22418,-0.17554,0.15479,0.97339,1.00113,-2.875,-2.25,-0.5,-0.0573,0.0853,0.9912,0.0825
1782310112193,22419,-0.17554,0.15479,0.97339,1.00113,-2.875,-2.25,-0.5,-0.0573,0.0853,0.9912,0.0825
1782310112194,22420,-0.17749,0.15356,0.97974,1.00746,-1.562,-2.938,-0.25,-0.0571,0.0852,0.9912,0.0825
1782310112194,22420,-0.16528,0.14746,0.95557,0.98091,-1.125,-2.25,-1.312,-0.0556,0.085,0.9912,0.0834
1782310112196,22422,-0.16602,0.14697,0.96484,0.98999,-1.125,-1.438,-1.062,-0.0555,0.0849,0.9912,0.0835
1782310112196,22422,-0.16309,0.1499,0.96631,0.99137,-1.562,-1.312,-0.562,-0.0555,0.0848,0.9912,0.0836
1782310112197,22423,-0.16553,0.16821,0.98071,1.00871,3.875,-8.562,2.125,-0.054,0.0845,0.9915,0.0814
1782310112197,22423,-0.16553,0.16821,0.98071,1.00871,3.875,-8.562,2.125,-0.054,0.0845,0.9915,0.0814
1782310112199,22425,-0.16528,0.16431,0.98145,1.00874,4.75,-9.188,2.688,-0.0537,0.0847,0.9915,0.0814
1782310112201,22427,-0.16821,0.14307,0.97876,1.00336,-9.5,-4.75,8.688,-0.051,0.0836,0.992,0.079
1782310112202,22428,-0.17773,0.1333,0.97656,1.00151,-8.688,-4.938,8.188,-0.0505,0.0826,0.9921,0.0781
1782310112202,22428,-0.18115,0.13086,0.97314,0.99847,-6.875,-5.188,7.25,-0.0502,0.0822,0.9921,0.0789
1782310112206,22432,-0.18286,0.12695,0.94214,0.96808,8.5,-4.188,8.875,-0.0482,0.0846,0.9922,0.0767
1782310112211,22437,-0.18481,0.12158,0.95312,0.97845,6.062,-4.562,7.25,-0.048,0.0848,0.9922,0.0764
1782310112215,22441,-0.18652,0.11816,0.9646,0.98955,3.188,-5.188,5.375,-0.0477,0.085,0.9921,0.0773
1782310112222,22448,-0.16528,0.13745,0.98047,1.00376,-0.125,-1.25,3.688,-0.0463,0.0847,0.9923,0.0764
1782310112223,22449,-0.16479,0.14111,0.97852,1.00228,-0.375,-0.938,3.312,-0.0463,0.0847,0.9923,0.0762
1782310112227,22453,-0.16797,0.14624,0.97461,0.99973,0.188,-1.562,3.188,-0.0462,0.0847,0.9923,0.0761
1782310112229,22455,-0.16064,0.14087,0.95093,0.97464,0.812,-4.0,6.75,-0.045,0.0853,0.9924,0.075
1782310112229,22455,-0.15576,0.12988,0.95898,0.98019,0.25,-3.875,3.688,-0.0447,0.0853,0.9924,0.0747
1782310112229,22455,-0.15649,0.12866,0.96509,0.98612,0.188,-4.188,2.438,-0.0446,0.0853,0.9924,0.0746
1782310112229,22455,-0.14307,0.13818,1.01367,1.033,-0.125,-4.688,5.562,-0.0436,0.0853,0.9926,0.0737
1782310112230,22456,-0.14038,0.13574,1.00952,1.02823,0.438,-7.875,5.562,-0.0432,0.0852,0.9926,0.0734
1782310112231,22457,-0.15112,0.13672,0.99927,1.01984,3.0,-10.938,4.875,-0.0423,0.0853,0.9926,0.0736
1782310112231,22457,-0.13452,0.13257,0.96484,0.98315,10.062,-16.062,6.5,-0.0366,0.0877,0.9927,0.0722
1782310112231,22457,-0.12817,0.1416,0.94214,0.9613,9.0,-12.938,3.688,-0.0354,0.0885,0.9927,0.0719
1782310112232,22458,-0.12744,0.14136,0.93677,0.95591,7.5,-11.375,2.312,-0.0348,0.0888,0.9927,0.073
1782310112233,22459,-0.11963,0.18628,0.99194,1.01634,3.875,-10.062,8.688,-0.0313,0.0901,0.9927,0.0727
1782310112233,22459,-0.12158,0.18042,0.99268,1.01624,4.438,-10.375,9.0,-0.0311,0.0902,0.9927,0.0725
1782310112234,22460,-0.12305,0.16846,0.9873,1.0091,4.25,-12.312,7.25,-0.03,0.0905,0.9927,0.0726
1782310112234,22460,-0.14502,0.17651,0.91211,0.94028,0.875,-6.0,7.125,-0.026,0.0911,0.9928,0.0722
1782310112234,22460,-0.1543,0.16187,0.89722,0.92467,-0.438,-0.5,8.688,-0.0258,0.0911,0.9928,0.0715
1782310112234,22460,-0.15796,0.14771,0.896,0.92173,-1.188,1.875,8.812,-0.0259,0.0911,0.9929,0.0714
1782310112234,22460,-0.15088,0.16724,0.99536,1.02053,4.5,-3.812,6.062,-0.028,0.0906,0.9931,0.0681
1782310112235,22461,-0.15771,0.15576,0.98682,1.01141,7.688,-5.062,5.75,-0.0278,0.0909,0.9931,0.0679
1782310112236,22462,-0.16602,0.13452,0.97339,0.99657,11.625,-6.062,4.062,-0.0275,0.0915,0.9931,0.0674
1782310112242,22468,-0.14209,0.18945,0.98853,1.0165,1.625,7.688,-0.5,-0.0281,0.0942,0.9927,0.0675
1782310112243,22469,-0.13794,0.19629,0.99341,1.02197,0.875,8.25,0.375,-0.0285,0.0943,0.9927,0.0675
1782310112243,22469,-0.13306,0.19995,1.00073,1.02915,0.438,8.062,1.375,-0.0288,0.0944,0.9927,0.0673
1782310112243,22469,-0.13721,0.18042,0.91235,0.94009,1.875,10.625,4.375,-0.0318,0.0954,0.9926,0.0665
1782310112243,22469,-0.13672,0.17969,0.91797,0.94533,0.688,13.375,4.438,-0.0326,0.0956,0.9926,0.0662
1782310112243,22469,-0.13843,0.18555,0.95068,0.97846,0.562,13.812,3.75,-0.0336,0.0957,0.9926,0.0658
1782310112246,22472,-0.13843,0.18555,0.95068,0.97846,0.562,13.812,3.75,-0.0336,0.0957,0.9926,0.0658
1782310112246,22472,-0.13843,0.18555,0.95068,0.97846,0.562,13.812,3.75,-0.0336,0.0957,0.9926,0.0658
1782310112247,22473,-0.14575,0.18921,0.96411,0.99325,5.562,8.875,9.25,-0.0382,0.0972,0.9925,0.062
1782310112247,22473,-0.17529,0.16675,0.98242,1.01177,-1.688,20.75,4.562,-0.0459,0.0986,0.9923,0.0576
1782310112248,22474,-0.17383,0.17749,0.99146,1.02211,-1.875,19.688,4.625,-0.0468,0.0986,0.9923,0.0573
1782310112248,22474,-0.17432,0.18188,0.99658,1.02793,-2.062,18.188,5.188,-0.048,0.0986,0.9923,0.0571
1782310112248,22474,-0.19263,0.15869,0.95532,0.98738,1.062,13.5,3.375,-0.0538,0.0993,0.992,0.0556
1782310112249,22475,-0.19263,0.15869,0.95532,0.98738,1.062,13.5,3.375,-0.0538,0.0993,0.992,0.0556
1782310112249,22475,-0.19238,0.1687,0.94019,0.97439,1.188,15.312,2.812,-0.0555,0.0994,0.992,0.0541
1782310112249,22475,-0.18433,0.177,1.00317,1.03521,1.0,17.875,0.0,-0.0631,0.1001,0.9916,0.051
1782310112251,22477,-0.18848,0.17969,1.00879,1.04186,1.5,16.125,0.375,-0.0642,0.1002,0.9915,0.0509
1782310112251,22477,-0.18384,0.18237,1.00977,1.04244,1.125,14.75,0.25,-0.0653,0.1003,0.9915,0.0498
1782310112251,22477,-0.20703,0.15332,0.9624,0.99628,-1.062,12.25,1.062,-0.0706,0.0999,0.9912,0.0485
1782310112252,22478,-0.20972,0.15332,0.9646,0.99897,-0.812,12.625,0.0,-0.0712,0.0998,0.9912,0.0484
1782310112252,22478,-0.20972,0.15698,0.96875,1.00354,-1.062,12.938,-1.812,-0.072,0.0998,0.9911,0.0488
1782310112256,22482,-0.20288,0.18774,0.94556,0.98513,-1.812,6.875,3.438,-0.0764,0.0991,0.9909,0.0473
1782310112259,22485,-0.21069,0.17407,0.9458,0.98449,-2.938,6.688,3.375,-0.0767,0.0991,0.9909,0.0471
1782310112259,22485,-0.21826,0.16528,0.94116,0.98017,-3.875,7.062,3.688,-0.0771,0.0988,0.9909,0.0461
1782310112260,22486,-0.23438,0.14868,0.91699,0.95808,-0.688,12.0,1.438,-0.0814,0.0974,0.9908,0.0447
1782310112260,22486,-0.23706,0.14551,0.9231,0.9641,0.812,13.125,-0.812,-0.0823,0.0974,0.9907,0.0446
1782310112260,22486,-0.22827,0.14917,0.93018,0.96933,1.875,14.25,-3.0,-0.0833,0.0974,0.9907,0.0437
1782310112261,22487,-0.23242,0.17847,0.97949,1.02239,4.5,1.312,0.125,-0.0879,0.0979,0.9902,0.0444
1782310112263,22489,-0.23242,0.17847,0.97949,1.02239,4.5,1.312,0.125,-0.0879,0.0979,0.9902,0.0444
1782310112263,22489,-0.22876,0.15942,0.96606,1.00549,6.625,0.0,-0.5,-0.088,0.0982,0.9902,0.044
1782310112263,22489,-0.24829,0.18408,0.948,0.99711,1.625,5.625,-4.188,-0.0895,0.1,0.9898,0.0455
1782310112263,22489,-0.24268,0.19287,0.95117,1.00041,1.438,5.812,-3.75,-0.09,0.1002,0.9898,0.0457
1782310112267,22493,-0.23633,0.19043,0.95972,1.00657,1.188,5.625,-3.188,-0.0902,0.1003,0.9896,0.0468
1782310112267,22493,-0.24805,0.1748,0.90967,0.95895,0.625,1.812,-3.5,-0.0914,0.1008,0.9894,0.0478
1782310112267,22493,-0.25464,0.17969,0.89697,0.94957,1.062,3.5,-3.875,-0.0917,0.1008,0.9894,0.048
1782310112267,22493,-0.25928,0.18115,0.89624,0.95041,1.25,5.25,-3.875,-0.0921,0.101,0.9893,0.049
1782310112267,22493,-0.28442,0.17432,0.95801,1.01443,4.438,7.688,-3.75,-0.0963,0.1019,0.9887,0.051
1782310112273,22499,-0.28442,0.17432,0.95801,1.01443,4.438,7.688,-3.75,-0.0963,0.1019,0.9887,0.051
1782310112276,22502,-0.2832,0.17554,0.96533,1.02121,7.188,4.562,-5.375,-0.0971,0.1026,0.9885,0.0519
1782310112277,22503,-0.28589,0.18774,0.93018,0.99107,7.375,7.938,-7.562,-0.0994,0.1055,0.9879,0.0543
1782310112278,22504,-0.2854,0.19019,0.92676,0.98818,7.312,9.625,-7.125,-0.0999,0.1058,0.9877,0.0545
1782310112279,22505,-0.28247,0.18726,0.92139,0.98174,7.375,11.75,-6.75,-0.1007,0.1063,0.9876,0.0551
1782310112279,22505,-0.24097,0.19458,0.96826,1.01659,9.625,8.438,-6.625,-0.1062,0.1091,0.9865,0.0587
1782310112279,22505,-0.24097,0.19458,0.96826,1.01659,9.625,8.438,-6.625,-0.1062,0.1091,0.9865,0.0587
1782310112279,22505,-0.23706,0.19092,0.95532,1.00264,10.938,7.25,-6.562,-0.1068,0.1101,0.9862,0.0603
1782310112279,22505,-0.22559,0.19141,0.96777,1.01198,5.688,9.688,-1.812,-0.1112,0.1145,0.9851,0.062
1782310112280,22506,-0.22729,0.1936,0.96802,1.01302,5.125,7.938,-0.938,-0.1118,0.1151,0.9849,0.0634
1782310112281,22507,-0.22437,0.1936,0.96753,1.0119,5.75,7.062,-0.188,-0.112,0.1153,0.9849,0.0634
1782310112289,22515,-0.24951,0.19873,0.95337,1.00532,6.375,2.75,2.312,-0.1134,0.1173,0.9845,0.0629
1782310112289,22515,-0.25317,0.19971,0.94556,0.99903,5.125,2.688,3.062,-0.1137,0.1178,0.9844,0.0628
1782310112289,22515,-0.25806,0.20435,0.94678,1.00237,4.312,2.688,3.25,-0.1138,0.1181,0.9844,0.0627
1782310112290,22516,-0.2959,0.20605,0.96387,1.02911,-0.812,-0.625,6.0,-0.1143,0.1187,0.9844,0.0604
1782310112290,22516,-0.29907,0.20483,0.96191,1.02794,-1.375,-1.312,5.938,-0.1143,0.1187,0.9844,0.0602
1782310112290,22516,-0.30518,0.21094,0.95825,1.02756,-1.875,-1.75,6.25,-0.1143,0.1185,0.9844,0.0596
1782310112290,22516,-0.32544,0.17822,0.92529,0.99691,1.438,0.188,4.312,-0.1137,0.1188,0.9844,0.0598
1782310112290,22516,-0.32544,0.17822,0.92529,0.99691,1.438,0.188,4.312,-0.1137,0.1188,0.9844,0.0598
1782310112291,22517,-0.323,0.15918,0.94238,1.00883,-0.062,1.5,2.625,-0.1139,0.1188,0.9844,0.0595
1782310112291,22517,-0.29492,0.19116,0.9375,1.00121,6.062,-10.062,-1.438,-0.112,0.1186,0.9847,0.0601
1782310112291,22517,-0.29224,0.18726,0.94092,1.0029,5.125,-8.75,-2.25,-0.1112,0.119,0.9846,0.0611
1782310112291,22517,-0.29199,0.18701,0.94141,1.00324,4.0,-8.625,-2.938,-0.1109,0.1192,0.9846,0.0613
1782310112296,22522,-0.27148,0.19482,0.95044,1.00747,-6.375,-6.125,-3.875,-0.1082,0.1185,0.9849,0.0642
1782310112297,22523,-0.2749,0.2019,0.96118,1.0199,-7.25,-6.062,-3.5,-0.1077,0.1178,0.9849,0.0651
1782310112297,22523,-0.27979,0.19995,0.97339,1.03235,-6.625,-6.625,-2.938,-0.1076,0.1175,0.985,0.0652
1782310112297,22523,-0.27759,0.16675,0.95093,1.00455,-0.75,-14.688,-2.938,-0.1036,0.1158,0.9855,0.0671
1782310112297,22523,-0.27759,0.16675,0.95093,1.00455,-0.75,-14.688,-2.938,-0.1036,0.1158,0.9855,0.0671
1782310112297,22523,-0.28174,0.15845,0.95435,1.0076,0.125,-14.438,-3.938,-0.1027,0.1157,0.9855,0.0684
1782310112297,22523,-0.23486,0.19189,0.97681,1.02281,-0.188,-15.0,0.75,-0.0971,0.1154,0.9858,0.072
1782310112301,22527,-0.23486,0.19189,0.97681,1.02281,-0.188,-15.0,0.75,-0.0971,0.1154,0.9858,0.072
1782310112301,22527,-0.21973,0.19409,0.96826,1.01167,0.312,-20.188,-0.125,-0.0953,0.1151,0.9861,0.0715
1782310112301,22527,-0.20898,0.17896,0.93262,0.97236,-4.938,-18.062,1.875,-0.0856,0.1144,0.9871,0.0715
1782310112301,22527,-0.19922,0.18677,0.93408,0.97318,-6.812,-16.125,2.375,-0.0852,0.1139,0.9873,0.0699
1782310112302,22528,-0.19678,0.198,0.94092,0.98146,-9.188,-14.312,3.5,-0.0846,0.1135,0.9874,0.0698
1782310112302,22528,-0.22461,0.11548,0.97437,1.00657,-11.75,-17.438,6.312,-0.0783,0.1079,0.9886,0.0685
1782310112302,22528,-0.22461,0.11548,0.97437,1.00657,-11.75,-17.438,6.312,-0.0783,0.1079,0.9886,0.0685
1782310112303,22529,-0.22217,0.10962,0.96655,0.9978,-9.625,-17.938,2.562,-0.0772,0.1071,0.9888,0.0687
1782310112307,22533,-0.12988,0.15771,0.99902,1.0197,27.5,-19.75,30.562,-0.0692,0.1121,0.9891,0.0646
1782310112308,22534,-0.12988,0.15771,0.99902,1.0197,27.5,-19.75,30.562,-0.0692,0.1121,0.9891,0.0646
1782310112308,22534,-0.125,0.15479,1.00732,1.02678,26.0,-25.688,32.062,-0.0674,0.1137,0.9891,0.0628
1782310112308,22534,-0.125,0.15479,1.00732,1.02678,26.0,-25.688,32.062,-0.0674,0.1137,0.9891,0.0628
1782310112310,22536,-0.11963,0.22021,0.97412,1.00584,4.312,-32.938,21.062,-0.0468,0.1209,0.9898,0.0567
1782310112312,22538,-0.12695,0.23096,0.98633,1.02093,4.938,-31.0,23.688,-0.0447,0.1212,0.99,0.0556
1782310112313,22539,-0.05615,0.23608,0.99609,1.02522,12.25,-38.438,53.125,-0.0306,0.1246,0.9908,0.0417
1782310112313,22539,-0.05615,0.23608,0.99609,1.02522,12.25,-38.438,53.125,-0.0306,0.1246,0.9908,0.0417
1782310112314,22540,-0.06201,0.24219,0.96338,0.99529,13.438,-41.188,57.0,-0.0266,0.1257,0.9909,0.0383
1782310112314,22540,-0.12573,0.26294,0.89478,0.94105,13.25,-30.0,49.812,-0.0074,0.1314,0.991,0.0209
1782310112323,22549,-0.11255,0.3064,0.90967,0.96646,13.438,-25.562,50.625,-0.0045,0.1326,0.9909,0.0183
1782310112326,22552,-0.10742,0.3125,0.91919,0.97678,12.25,-24.562,51.812,-0.0032,0.1331,0.9909,0.0162
1782310112326,22552,-0.07544,0.28638,0.94409,0.98945,-3.75,-35.562,52.812,-0.0095,-0.1325,-0.991,0.0
1782310112327,22553,-0.07544,0.28638,0.94409,0.98945,-3.75,-35.562,52.812,-0.0095,-0.1325,-0.991,0.0
1782310112332,22558,-0.07788,0.27466,0.91675,0.96017,6.312,-40.875,52.75,-0.0134,-0.1326,-0.991,0.0034
1782310112333,22559,-0.04785,0.2915,0.86792,0.91681,25.375,-6.25,54.0,-0.0289,-0.1381,-0.9897,0.0211
1782310112333,22559,-0.02148,0.33203,0.89795,0.95761,29.438,1.188,59.0,-0.0294,-0.1404,-0.9892,0.0261
1782310112334,22560,-0.02954,0.35571,0.90503,0.97287,33.438,2.5,62.0,-0.0297,-0.1417,-0.989,0.0287
1782310112334,22560,-0.02954,0.35571,0.90503,0.97287,33.438,2.5,62.0,-0.0297,-0.1417,-0.989,0.0287
1782310112334,22560,-0.01245,0.4314,0.95679,1.04962,72.688,-33.125,68.5,-0.0366,-0.1629,-0.9842,0.0575
1782310112334,22560,-0.03198,0.35107,0.92627,0.99108,69.625,-39.562,60.062,-0.04,-0.1688,-0.9827,0.0631
1782310112336,22562,0.09009,0.4397,0.8938,1.00017,15.438,-6.562,40.438,-0.0533,-0.1844,-0.9783,0.0766
1782310112336,22562,0.09009,0.47559,0.89209,1.01495,13.25,-3.062,44.25,-0.054,-0.1852,-0.978,0.0784
1782310112341,22567,0.07886,0.4873,0.89893,1.02555,12.688,-1.125,49.0,-0.0544,-0.1857,-0.9777,0.0804
1782310112342,22568,0.07886,0.4873,0.89893,1.02555,12.688,-1.125,49.0,-0.0544,-0.1857,-0.9777,0.0804
1782310112342,22568,0.04492,0.27808,0.99536,1.03445,-9.438,25.938,58.312,-0.0554,-0.187,-0.9744,0.1105
1782310112344,22570,0.07812,0.32983,1.021,1.07579,-11.312,25.25,54.312,-0.0548,-0.1864,-0.9743,0.113
1782310112350,22576,0.07812,0.32983,1.021,1.07579,-11.312,25.25,54.312,-0.0548,-0.1864,-0.9743,0.113
1782310112350,22576,-0.08496,0.2688,0.98145,1.02113,47.625,-5.125,70.5,-0.0556,-0.1965,-0.9682,0.1437
1782310112350,22576,-0.09375,0.24146,0.97192,1.00584,44.625,-3.062,68.438,-0.0558,-0.1973,-0.9678,0.1452
1782310112351,22577,-0.00977,0.34009,0.92725,0.9877,-8.188,55.062,64.25,-0.0475,-0.1977,-0.9642,0.1696
1782310112351,22577,-0.0105,0.36353,0.91577,0.98534,-6.875,58.312,70.5,-0.0446,-0.1964,-0.9636,0.1752
1782310112351,22577,-0.03491,0.36499,0.90283,0.97444,-3.875,59.375,72.125,-0.0427,-0.1956,-0.9632,0.1786
1782310112351,22577,-0.03491,0.36499,0.90283,0.97444,-3.875,59.375,72.125,-0.0427,-0.1956,-0.9632,0.1786
1782310112352,22578,-0.0625,0.26123,0.93896,0.97662,5.25,82.438,66.562,-0.0144,-0.1903,-0.957,0.218
1782310112352,22578,-0.02271,0.23877,1.01074,1.03881,-1.312,78.438,63.375,-0.0116,-0.1894,-0.9564,0.2213
1782310112352,22578,-0.11401,0.3772,0.89624,0.97904,6.312,57.688,83.188,0.0099,-0.1766,-0.9503,0.2557
1782310112405,22631,-0.146,0.34326,0.81372,0.89514,15.688,62.562,89.062,0.013,-0.1764,-0.9487,0.2616
1782310112407,22633,-0.16919,0.18311,0.75073,0.79104,17.812,70.25,89.688,0.0153,-0.1763,-0.9475,0.2658
1782310112407,22633,-0.16919,0.18311,0.75073,0.79104,17.812,70.25,89.688,0.0153,-0.1763,-0.9475,0.2658
1782310112465,22691,0.0022,0.43408,1.20923,1.28478,-33.688,73.562,78.438,0.0474,-0.1541,-0.94,0.3005
1782310112468,22694,-0.01758,0.41431,1.19556,1.26543,-33.875,62.938,84.5,0.049,-0.152,-0.939,0.3043
1782310112469,22695,-0.1272,0.42651,0.79492,0.91104,-8.312,42.562,123.312,0.0551,-0.1395,-0.9247,0.3496
1782310112527,22753,-0.11523,0.43359,0.81348,0.92899,-8.625,46.75,131.062,0.056,-0.1389,-0.9227,0.3549
1782310112540,22766,-0.11157,0.42529,0.82642,0.9361,-11.375,49.0,138.875,0.057,-0.1381,-0.9205,0.3606
1782310112541,22767,0.02539,0.32837,0.99805,1.05099,-38.875,31.75,142.0,0.0607,-0.1249,-0.9004,0.412
1782310112585,22811,0.05762,0.33154,1.01831,1.07247,-33.062,23.062,138.438,0.06,-0.1228,-0.8972,0.4197
1782310112590,22816,0.07104,0.33008,1.01855,1.07305,-30.312,20.75,137.0,0.0598,-0.1222,-0.896,0.4224
1782310112591,22817,0.07104,0.33008,1.01855,1.07305,-30.312,20.75,137.0,0.0598,-0.1222,-0.896,0.4224
1782310112648,22874,0.02515,0.40259,0.88672,0.97416,41.562,1.438,108.125,0.0629,-0.1295,-0.8681,0.4747
1782310112649,22875,0.03027,0.38965,0.89087,0.97283,44.562,-3.688,110.75,0.0631,-0.1315,-0.8657,0.4786
1782310112650,22876,0.03027,0.38965,0.89087,0.97283,44.562,-3.688,110.75,0.0631,-0.1315,-0.8657,0.4786
1782310112708,22934,0.16772,0.39722,0.93994,1.03412,36.625,-32.625,70.75,0.0603,-0.1572,-0.8434,0.51
1782310112768,22994,0.16357,0.41211,0.95044,1.04877,31.875,-33.375,70.625,0.0593,-0.1593,-0.8417,0.5122
1782310112770,22996,0.16357,0.41211,0.95044,1.04877,31.875,-33.375,70.625,0.0593,-0.1593,-0.8417,0.5122
1782310112829,23055,0.34473,0.44019,0.84521,1.0134,12.25,31.312,57.0,0.0436,-0.1939,-0.798,0.5687
1782310112830,23056,0.33252,0.49585,0.86743,1.05303,10.188,41.188,61.562,0.0462,-0.1931,-0.794,0.5744
1782310112847,23073,0.32324,0.5271,0.89111,1.08462,8.5,44.688,66.938,0.048,-0.1923,-0.791,0.5787
1782310112898,23124,0.36914,0.55518,0.89575,1.11663,8.562,46.0,71.5,0.0492,-0.1918,-0.789,0.5814
1782310112900,23126,0.57642,0.59717,0.87549,1.20638,14.438,38.25,85.25,0.05,-0.1917,-0.7868,0.5844
1782310112901,23127,0.11816,0.53174,1.05249,1.18509,-2.938,47.75,98.562,0.0645,-0.1872,-0.7553,0.6246
1782310112958,23184,0.10303,0.5376,1.01953,1.15718,-3.938,42.75,91.562,0.0651,-0.1862,-0.7526,0.6279
1782310112960,23186,0.08936,0.51807,0.99194,1.12264,-3.75,37.938,84.875,0.0656,-0.1853,-0.7503,0.6311
1782310112960,23186,0.03564,0.39111,0.90723,0.98859,-7.688,2.375,73.812,0.0662,-0.1781,-0.7319,0.6542
1782310113009,23235,0.03564,0.39111,0.90723,0.98859,-7.688,2.375,73.812,0.0662,-0.1781,-0.7319,0.6542
1782310113013,23239,-0.00122,0.34277,0.93262,0.99362,3.062,-1.375,78.375,0.0654,-0.1782,-0.7287,0.6578
1782310113015,23241,-0.00122,0.34277,0.93262,0.99362,3.062,-1.375,78.375,0.0654,-0.1782,-0.7287,0.6578
1782310113109,23335,-0.39917,-0.24194,1.23584,1.32105,17.688,35.812,72.562,0.0669,-0.1838,-0.702,0.6846
1782310113118,23344,-0.39551,-0.27197,1.27881,1.36592,6.125,45.688,65.188,0.0679,-0.1826,-0.6999,0.687
1782310113119,23345,-0.39551,-0.27197,1.27881,1.36592,6.125,45.688,65.188,0.0679,-0.1826,-0.6999,0.687
1782310113128,23354,-0.34985,-0.2583,1.54297,1.60308,-65.188,44.562,3.688,0.0693,-0.1425,-0.6928,0.7033
1782310113131,23357,-0.34595,-0.1936,1.54761,1.59758,-62.688,42.062,0.5,0.0686,-0.139,-0.6931,0.7038
1782310113136,23362,0.0459,0.38501,1.53906,1.58715,-65.438,29.0,-56.625,0.0662,-0.1071,-0.7053,0.6974
1782310113193,23419,0.10034,0.46802,1.50708,1.58127,-80.938,27.5,-62.188,0.0646,-0.1023,-0.7084,0.6952
1782310113194,23420,0.1228,0.49463,1.49609,1.58051,-86.125,27.688,-64.25,0.0639,-0.1006,-0.7095,0.6944
1782310113195,23421,0.19189,0.85522,1.16138,1.455,-173.062,83.812,-70.25,0.0436,-0.0467,-0.7343,0.6756
1782310113245,23471,0.20874,0.86841,1.15454,1.45968,-174.875,89.812,-68.125,0.0416,-0.0389,-0.7365,0.6739
1782310113246,23472,0.24976,0.89722,1.14185,1.4735,-176.75,95.188,-63.75,0.0388,-0.027,-0.7393,0.6715
1782310113246,23472,0.34497,0.99536,0.75391,1.29543,-77.188,57.812,-3.812,0.0295,0.0312,-0.7506,0.6593
1782310113307,23533,0.30103,0.91431,0.61279,1.14109,-82.75,58.438,8.625,0.0292,0.035,-0.7502,0.6594
1782310113308,23534,0.29688,0.99878,0.59888,1.20181,-96.125,62.0,21.0,0.0288,0.0392,-0.7495,0.66
1782310113308,23534,0.22168,0.65698,0.56152,0.89223,-107.125,45.188,47.562,0.02,0.085,-0.7362,0.6709
1782310113366,23592,0.22949,0.66187,0.56885,0.9024,-105.125,42.688,51.5,0.0186,0.0892,-0.7344,0.6724
1782310113368,23594,0.23682,0.67432,0.57056,0.91451,-101.875,39.188,56.125,0.0173,0.0932,-0.7324,0.6741
1782310113374,23600,0.23804,0.6582,0.52246,0.87342,-18.562,3.938,107.25,0.0106,0.1132,-0.7048,0.7001
1782310113425,23651,0.24023,0.63965,0.52246,0.86013,-8.25,-0.438,121.188,0.0111,0.1132,-0.6995,0.7053
1782310113426,23652,0.22998,0.60693,0.51807,0.83045,-3.188,-2.062,131.125,0.0117,0.113,-0.6956,0.7092
1782310113427,23653,-0.06445,0.55591,0.63647,0.84752,24.375,-7.875,194.625,0.0231,0.1076,-0.6408,0.7597
1782310113491,23717,-0.10107,0.57275,0.66309,0.88201,29.562,-13.25,201.375,0.0249,0.106,-0.6344,0.7651
1782310113495,23721,-0.125,0.60205,0.68579,0.92108,35.75,-19.312,209.0,0.0267,0.1041,-0.6278,0.7708
1782310113495,23721,-0.35767,0.55054,0.82739,1.05622,100.875,-82.812,263.875,0.048,0.0663,-0.5433,0.8353
1782310113566,23792,-0.40527,0.5166,0.8584,1.08073,110.188,-90.188,266.625,0.0508,0.0601,-0.5343,0.8414
1782310113574,23800,-0.4563,0.48804,0.88989,1.11279,119.5,-97.062,268.438,0.0537,0.0535,-0.5252,0.8474
1782310113578,23804,-0.54004,0.46265,1.01367,1.23823,130.812,-46.25,297.625,0.0888,-0.0144,-0.4205,0.9027
1782310113617,23843,-0.53613,0.44727,1.02783,1.24255,128.125,-33.812,300.75,0.093,-0.0191,-0.409,0.9075
1782310113618,23844,-0.53345,0.42358,1.05322,1.2543,124.312,-23.312,303.375,0.0973,-0.0233,-0.3973,0.9121
1782310113618,23844,-0.4895,0.27222,1.01392,1.15834,90.312,5.25,298.688,0.1359,-0.0501,-0.2739,0.9507
1782310113679,23905,-0.53662,0.3064,1.02368,1.19573,85.312,5.125,295.812,0.1389,-0.0523,-0.2617,0.9536
1782310113680,23906,-0.61182,0.35205,1.01318,1.23483,80.0,9.0,293.688,0.1417,-0.0543,-0.2496,0.9562
1782310113681,23907,-0.71851,0.62622,1.36572,1.66541,93.188,108.938,256.125,0.1721,-0.046,-0.1298,0.9753
1782310113725,23951,-0.7041,0.6189,1.40308,1.68743,103.312,99.812,242.875,0.1764,-0.0438,-0.1187,0.976
1782310113746,23972,-0.72119,0.5896,1.40649,1.687,113.062,87.75,225.312,0.181,-0.042,-0.1083,0.9764
1782310113750,23976,-0.51318,0.41626,1.01172,1.20839,26.75,14.875,78.062,0.2138,-0.0437,-0.0526,0.9744
1782310113789,24015,-0.51318,0.41626,1.01172,1.20839,26.75,14.875,78.062,0.2138,-0.0437,-0.0526,0.9744
1782310113797,24023,-0.42041,0.42358,1.0332,1.19318,31.062,8.125,71.875,0.2154,-0.0438,-0.0479,0.9743
1782310113798,24024,-0.04175,0.42407,0.97559,1.06459,11.062,-22.375,129.438,0.2277,-0.0541,-0.0106,0.9721
1782310113849,24075,-0.04175,0.42407,0.97559,1.06459,11.062,-22.375,129.438,0.2277,-0.0541,-0.0106,0.9721
1782310113850,24076,0.04004,0.46631,0.96289,1.07061,12.25,-29.375,135.375,0.2279,-0.0566,-0.0053,0.9719
1782310113851,24077,-0.00342,0.33667,0.80591,0.87341,-7.125,-25.125,12.0,0.2321,-0.0803,0.0328,0.9687
1782310113907,24133,-0.00342,0.33667,0.80591,0.87341,-7.125,-25.125,12.0,0.2321,-0.0803,0.0328,0.9687
1782310113908,24134,-0.06348,0.37109,0.82422,0.90613,-6.875,-13.5,-2.438,0.2315,-0.0817,0.0325,0.9688
1782310113909,24135,0.12012,0.46338,0.9314,1.04721,-5.562,-24.625,27.438,0.231,-0.0823,0.0314,0.9688
1782310113965,24191,0.13794,0.44702,0.94312,1.05277,-9.375,-29.5,37.125,0.2306,-0.0838,0.0326,0.9688
1782310113966,24192,0.33105,0.5188,1.0249,1.19548,-10.875,-37.312,43.125,0.2301,-0.0858,0.0339,0.9687
1782310113966,24192,0.1748,0.36646,0.91895,1.00465,-105.0,-42.0,-35.875,0.208,-0.1094,0.0393,0.9711
1782310114024,24250,0.23315,0.40845,0.89697,1.01279,-116.312,-44.125,-49.5,0.2014,-0.1118,0.0351,0.9724
1782310114025,24251,0.21533,0.37988,0.87158,0.97485,-120.938,-45.75,-56.0,0.1968,-0.1134,0.0319,0.9733
1782310114026,24252,0.19604,0.3689,0.92944,1.01901,-33.562,-6.5,32.312,0.161,-0.1235,0.0189,0.9789
1782310114113,24339,0.20654,0.35669,0.97656,1.05998,-27.938,0.062,40.938,0.1596,-0.1238,0.0204,0.9791
1782310114125,24351,0.24927,0.40625,0.96167,1.07331,-24.812,6.875,51.5,0.1584,-0.124,0.0223,0.9792
1782310114125,24351,0.26465,0.27173,0.7605,0.84985,28.688,43.812,-21.938,0.1602,-0.1138,0.0415,0.9795
1782310114145,24371,0.25293,0.32544,0.78101,0.8831,30.438,47.562,-40.688,0.1622,-0.1105,0.0399,0.9796
1782310114148,24374,0.25098,0.33691,0.7998,0.90343,31.812,50.062,-48.75,0.1638,-0.108,0.0392,0.9797
1782310114148,24374,0.36987,0.33618,0.93555,1.0607,18.438,29.938,-58.312,0.1765,-0.0872,0.0233,0.9801
1782310114207,24433,0.37305,0.3374,0.87866,1.01245,15.188,22.25,-66.062,0.1779,-0.085,0.0197,0.9801
1782310114209,24435,0.3606,0.33008,0.78857,0.92781,13.75,17.0,-71.062,0.1795,-0.0826,0.0139,0.9801
1782310114210,24436,0.17651,0.31812,0.81543,0.89291,-5.688,42.438,-52.812,0.1831,-0.0679,-0.0075,0.9806
1782310114272,24498,0.18848,0.33398,0.82983,0.91416,-4.062,44.625,-50.5,0.183,-0.0657,-0.0093,0.9808
1782310114273,24499,0.20483,0.35913,0.8623,0.95629,-0.125,46.125,-44.812,0.1832,-0.0623,-0.0115,0.9809
1782310114278,24504,0.11719,0.26953,0.87964,0.92744,6.562,45.688,-29.0,0.1856,-0.0415,-0.0214,0.9815
1782310114331,24557,0.11206,0.27441,0.87402,0.92291,6.25,44.5,-27.75,0.1859,-0.0394,-0.0222,0.9815
1782310114332,24558,0.12988,0.30493,0.88647,0.9464,8.25,42.062,-27.062,0.1866,-0.0356,-0.0245,0.9814
1782310114333,24559,0.08887,0.34204,1.10254,1.15779,4.125,37.5,-31.75,0.1926,-0.0186,-0.03,0.9805
1782310114393,24619,0.104,0.34546,1.09424,1.15218,-4.75,32.938,-33.375,0.1925,-0.017,-0.0311,0.9805
1782310114394,24620,0.14355,0.34546,1.09204,1.15434,-26.312,19.125,-33.75,0.1911,-0.0144,-0.0333,0.9808
1782310114395,24621,0.0791,0.13501,0.90625,0.91966,-53.562,-9.312,-6.062,0.1697,-0.0137,-0.0385,0.9846
1782310114445,24671,0.06909,0.10669,0.91309,0.92189,-49.688,-8.438,-5.688,0.1675,-0.014,-0.0388,0.9849
1782310114447,24673,0.09595,0.06958,0.93091,0.93842,-45.438,-7.062,-3.25,0.1644,-0.0142,-0.0384,0.9854
1782310114447,24673,0.0271,0.03711,1.09106,1.09203,12.25,-14.75,16.812,0.1566,-0.0177,-0.0354,0.9868
1782310114505,24731,0.01685,0.04492,1.12817,1.12919,10.875,-19.125,9.25,0.1569,-0.0185,-0.035,0.9867
1782310114506,24732,0.01392,0.104,1.14795,1.15274,4.875,-24.062,-4.5,0.1571,-0.02,-0.0359,0.9866
1782310114507,24733,0.08447,0.27124,1.25464,1.2864,-2.5,-0.688,-15.312,0.1557,-0.0253,-0.0426,0.9865
1782310114565,24791,0.09058,0.2356,1.20361,1.22979,-3.875,4.625,-15.25,0.1553,-0.0249,-0.0439,0.9865
1782310114566,24792,0.07202,0.22241,1.16821,1.19137,-6.062,5.438,-15.125,0.1551,-0.0245,-0.0448,0.9865
1782310114566,24792,-0.12378,0.13086,0.89648,0.9144,-1.312,23.25,-23.938,0.151,-0.0181,-0.053,0.9868
1782310114625,24851,-0.13159,0.13159,0.90332,0.92229,0.438,25.0,-23.812,0.151,-0.0175,-0.0534,0.9868
1782310114625,24851,-0.14819,0.12866,0.91479,0.9356,3.188,26.938,-23.812,0.1511,-0.0161,-0.0543,0.9868
1782310114626,24852,0.00781,0.14282,1.10938,1.11856,-50.625,-41.188,-36.5,0.1422,-0.0129,-0.0703,0.9871
1782310114723,24949,0.01367,0.14551,1.09863,1.10831,-52.812,-45.75,-36.0,0.1409,-0.0136,-0.0712,0.9873
1782310114729,24955,-0.00049,0.11865,1.04346,1.05018,-58.812,-60.188,-33.5,0.1357,-0.0173,-0.0736,0.9877
1782310114746,24972,-0.00049,0.11865,1.04346,1.05018,-58.812,-60.188,-33.5,0.1357,-0.0173,-0.0736,0.9877
1782310114747,24973,-0.01807,0.11621,1.02954,1.03624,-54.375,-59.438,-42.25,0.111,-0.0399,-0.0916,0.9887
1782310114747,24973,-0.03003,0.12842,1.03442,1.04279,-54.375,-44.312,-42.875,0.1062,-0.043,-0.0951,0.9888
1782310114747,24973,0.12012,0.06006,0.9978,1.0068,-71.125,-10.188,-2.188,0.0779,-0.0462,-0.109,0.9898
1782310114812,25038,0.12012,0.06006,0.9978,1.0068,-71.125,-10.188,-2.188,0.0779,-0.0462,-0.109,0.9898
1782310114817,25043,0.12524,0.05176,0.96436,0.97383,-69.125,-10.188,7.875,0.0733,-0.0464,-0.1094,0.9901
1782310114817,25043,0.09253,-0.05566,0.97705,0.983,-78.5,18.875,73.75,0.0461,-0.0435,-0.0974,0.9931
1782310114878,25104,0.08423,-0.02783,0.97729,0.98131,-81.0,21.125,80.625,0.0426,-0.0425,-0.0942,0.9937
1782310114907,25133,0.0769,-0.0061,0.9917,0.9947,-77.688,35.25,94.125,0.0357,-0.0397,-0.0878,0.9946
1782310114909,25135,0.14453,-0.04297,0.948,0.95992,-33.688,63.562,91.812,0.0144,-0.012,-0.0556,0.9982
1782310114934,25160,0.18164,-0.0603,0.948,0.96713,-26.812,49.688,91.75,0.0133,-0.0098,-0.0516,0.9984
1782310114944,25170,0.18115,-0.08398,0.93799,0.95901,-19.312,18.625,89.5,0.0113,-0.0074,-0.0457,0.9988
1782310114944,25170,0.22437,-0.15405,0.96387,1.00156,3.062,-39.438,55.375,0.009,-0.0167,-0.0153,0.9996
1782310114989,25215,0.22437,-0.15405,0.96387,1.00156,3.062,-39.438,55.375,0.009,-0.0167,-0.0153,0.9996
1782310114990,25216,0.22461,-0.17432,0.97632,1.01688,-1.812,-49.562,45.125,0.0087,-0.0197,-0.0114,0.9996
1782310114992,25218,0.05713,-0.02075,0.89087,0.89294,5.5,-21.75,13.312,0.008,-0.0381,-0.0031,0.9992
1782310115048,25274,0.06592,-0.02124,0.89111,0.8938,6.562,-14.25,10.0,0.0083,-0.0388,-0.0026,0.9992
1782310115051,25277,0.09546,-0.00562,0.91675,0.92172,7.062,1.625,2.062,0.0088,-0.0391,-0.0031,0.9991
1782310115051,25277,0.08936,0.07617,1.00171,1.00857,1.438,-23.562,-13.375,0.0104,-0.0419,-0.0074,0.999
1782310115105,25331,0.08936,0.07617,1.00171,1.00857,1.438,-23.562,-13.375,0.0104,-0.0419,-0.0074,0.999
1782310115108,25334,0.05298,0.13354,0.96704,0.97765,6.688,-14.938,-14.25,0.0111,-0.0437,-0.0089,0.9988
1782310115111,25337,0.05615,0.11987,0.85107,0.8613,7.938,-26.625,-12.062,0.0167,-0.0505,-0.012,0.9984
1782310115165,25391,0.05615,0.11987,0.85107,0.8613,7.938,-26.625,-12.062,0.0167,-0.0505,-0.012,0.9984
1782310115166,25392,0.0271,0.17334,0.91064,0.92739,-2.188,-30.062,-2.938,0.0171,-0.0529,-0.0133,0.9983
1782310115166,25392,-0.14673,0.19043,0.97412,1.00335,-69.562,-57.0,10.562,-0.0001,-0.0711,-0.0108,0.9973
1782310115225,25451,-0.14673,0.19043,0.97412,1.00335,-69.562,-57.0,10.562,-0.0001,-0.0711,-0.0108,0.9973
1782310115227,25453,-0.07349,0.20068,1.02222,1.04432,-68.625,-32.188,-5.5,-0.0072,-0.0751,-0.0123,0.997
1782310115227,25453,-0.01929,0.10596,1.10986,1.11507,-23.625,25.5,-34.812,-0.0247,-0.0715,-0.0227,0.9968
1782310115301,25527,-0.01929,0.10596,1.10986,1.11507,-23.625,25.5,-34.812,-0.0247,-0.0715,-0.0227,0.9968
1782310115307,25533,-0.00317,0.13403,1.12939,1.13732,-18.125,24.688,-40.0,-0.0252,-0.0704,-0.0245,0.9968
1782310115327,25553,0.02197,0.01221,1.0874,1.08769,47.375,34.938,-19.688,-0.0171,-0.0576,-0.0437,0.9971
1782310115345,25571,0.03394,-0.01245,1.05908,1.0597,48.5,36.375,-16.625,-0.015,-0.0561,-0.0443,0.9973
1782310115351,25577,0.01685,-0.01733,0.99512,0.99541,45.125,38.438,-6.188,-0.0109,-0.0529,-0.0473,0.9973
1782310115351,25577,-0.08423,0.00122,0.91089,0.91478,26.5,31.5,19.5,0.0034,-0.0366,-0.0451,0.9982
1782310115405,25631,-0.08423,0.00122,0.91089,0.91478,26.5,31.5,19.5,0.0034,-0.0366,-0.0451,0.9982
1782310115405,25631,-0.06543,-0.00391,0.95288,0.95513,23.312,23.25,20.25,0.0055,-0.0344,-0.0456,0.9982
1782310115406,25632,-0.01709,0.09521,0.96924,0.97406,5.688,-2.125,13.125,0.0098,-0.0318,-0.0421,0.9985
1782310115465,25691,-0.02881,0.07446,1.0188,1.02192,4.25,-8.25,14.0,0.0103,-0.0322,-0.0417,0.9985
1782310115465,25691,-0.00781,0.0625,1.02466,1.02659,2.688,-11.125,13.688,0.0104,-0.0327,-0.0411,0.9985
1782310115467,25693,0.02612,0.02979,1.05151,1.05226,-9.562,19.75,-10.688,0.0108,-0.0313,-0.0416,0.9985
1782310115526,25752,0.02441,0.07935,1.07837,1.08156,-18.188,21.812,-10.125,0.0097,-0.0294,-0.0438,0.9985
1782310115527,25753,0.0,0.10547,1.07349,1.07866,-23.625,23.5,-6.875,0.0089,-0.0283,-0.0441,0.9985
1782310115528,25754,-0.04443,0.04272,1.09473,1.09646,-37.188,32.75,-2.812,-0.0023,-0.0169,-0.0468,0.9987
1782310115585,25811,-0.05566,0.00928,1.08447,1.08594,-41.312,32.938,-3.562,-0.0039,-0.0153,-0.0469,0.9987
1782310115589,25815,-0.03784,-0.01343,1.06152,1.06228,-47.812,32.125,-4.25,-0.0068,-0.013,-0.0487,0.9986
1782310115590,25816,0.04395,-0.05054,1.03516,1.03732,-21.812,-15.812,4.875,-0.0246,-0.0095,-0.0486,0.9984
1782310115658,25884,0.02954,-0.06665,1.01611,1.01872,-15.938,-15.312,5.688,-0.0254,-0.0101,-0.0484,0.9984
1782310115658,25884,0.01685,-0.06641,1.00049,1.00283,-9.625,-11.188,6.188,-0.0262,-0.0108,-0.0492,0.9983
1782310115659,25885,0.05347,-0.04419,1.02734,1.02968,30.75,-12.438,-3.312,-0.0214,-0.012,-0.05,0.9984
1782310115709,25935,0.05347,-0.04419,1.02734,1.02968,30.75,-12.438,-3.312,-0.0214,-0.012,-0.05,0.9984
1782310115710,25936,0.11304,-0.06616,1.06128,1.06933,27.875,-21.812,7.125,-0.019,-0.0137,-0.0502,0.9984
1782310115710,25936,0.06714,0.04028,0.93555,0.93882,-17.0,-45.688,33.0,-0.0201,-0.0301,-0.0383,0.9985
1782310115777,26003,0.06714,0.04028,0.93555,0.93882,-17.0,-45.688,33.0,-0.0201,-0.0301,-0.0383,0.9985
1782310115777,26003,0.05176,-0.08008,0.9707,0.97537,-14.438,-42.188,34.562,-0.0209,-0.0318,-0.0368,0.9985
1782310115779,26005,0.02417,-0.06128,1.06909,1.07112,-3.25,-51.125,49.938,-0.0254,-0.0512,-0.0188,0.9981
1782310115824,26050,0.02417,-0.06128,1.06909,1.07112,-3.25,-51.125,49.938,-0.0254,-0.0512,-0.0188,0.9981
1782310115825,26051,0.06665,-0.04126,1.14478,1.14746,-7.875,-55.688,48.188,-0.0262,-0.0556,-0.0153,0.9979
1782310115896,26122,0.10083,-0.00146,1.08594,1.09061,-34.312,-85.875,32.875,-0.0401,-0.0872,0.0015,0.9953
1782310115900,26126,0.10083,-0.00146,1.08594,1.09061,-34.312,-85.875,32.875,-0.0401,-0.0872,0.0015,0.9953
1782310115923,26149,0.11914,-0.01855,1.08813,1.09479,-32.375,-76.25,33.75,-0.0422,-0.0922,0.0048,0.9948
1782310115978,26204,0.25513,-0.13208,1.02539,1.06488,-38.25,-24.125,43.438,-0.0582,-0.1087,0.017,0.9921
1782310115979,26205,0.27368,-0.08887,1.00562,1.04598,-33.188,-32.312,54.125,-0.0625,-0.1115,0.0214,0.9915
1782310115985,26211,0.15015,-0.17383,0.86694,0.89685,23.625,-15.375,46.938,-0.0624,-0.1245,0.0476,0.989
1782310116005,26231,0.15015,-0.17383,0.86694,0.89685,23.625,-15.375,46.938,-0.0624,-0.1245,0.0476,0.989
1782310116009,26235,0.16284,-0.20654,0.88452,0.9228,22.938,-4.75,40.188,-0.0615,-0.1246,0.0496,0.989
1782310116011,26237,0.16284,-0.20654,0.88452,0.9228,22.938,-4.75,40.188,-0.0615,-0.1246,0.0496,0.989
1782310116078,26304,0.23145,-0.18433,0.90259,0.94985,23.938,16.625,9.938,-0.0538,-0.1163,0.0601,0.9898
1782310116082,26308,0.26611,-0.19727,0.87598,0.93652,19.5,11.312,5.625,-0.0521,-0.1152,0.0607,0.99
1782310116082,26308,0.23999,-0.09229,0.83472,0.87342,-4.562,0.0,-4.312,-0.0508,-0.1151,0.0607,0.9901
1782310116125,26351,0.23999,-0.09229,0.83472,0.87342,-4.562,0.0,-4.312,-0.0508,-0.1151,0.0607,0.9901
1782310116125,26351,0.24902,-0.06274,0.86499,0.90231,-3.375,5.812,-1.438,-0.0511,-0.1148,0.0601,0.9902
1782310116126,26352,0.18701,-0.11914,0.85083,0.87925,-21.875,14.812,-22.562,-0.056,-0.1096,0.0563,0.9907
1782310116187,26413,0.18701,-0.11914,0.85083,0.87925,-21.875,14.812,-22.562,-0.056,-0.1096,0.0563,0.9907
1782310116188,26414,0.16406,-0.15723,0.82715,0.8578,-18.375,16.812,-23.812,-0.0576,-0.1084,0.0543,0.9909
1782310116188,26414,0.16406,-0.15723,0.82715,0.8578,-18.375,16.812,-23.812,-0.0576,-0.1084,0.0543,0.9909
1782310116246,26472,0.16406,-0.15723,0.82715,0.8578,-18.375,16.812,-23.812,-0.0576,-0.1084,0.0543,0.9909
1782310116247,26473,0.12402,-0.1355,0.92017,0.93833,-27.75,7.812,-20.688,-0.0618,-0.1002,0.0435,0.992
1782310116247,26473,0.17432,-0.13501,0.96265,0.98758,11.688,43.25,-48.625,-0.0669,-0.0897,0.0273,0.9932
1782310116304,26530,0.17529,-0.13135,1.01782,1.04112,14.5,43.125,-49.812,-0.0662,-0.088,0.025,0.9935
1782310116307,26533,0.23975,-0.08252,1.0459,1.0762,16.0,41.625,-48.312,-0.0649,-0.0856,0.0218,0.9939
1782310116315,26541,0.16602,-0.08276,0.95532,0.97316,3.062,25.062,-9.375,-0.0605,-0.0733,0.0121,0.9953
1782310116365,26591,0.18701,-0.06519,0.99316,1.01271,4.375,19.375,-8.812,-0.0603,-0.0724,0.0114,0.9954
1782310116366,26592,0.177,-0.05664,0.98511,1.00249,5.688,12.812,-7.125,-0.06,-0.0718,0.0111,0.9954
1782310116372,26598,0.17139,0.02344,0.96924,0.98456,26.188,-1.812,6.5,-0.0529,-0.0721,0.0098,0.9959
1782310116426,26652,0.16772,-0.08301,0.98438,1.00201,29.125,0.625,14.25,-0.0512,-0.0721,0.0107,0.9959
1782310116429,26655,0.13818,-0.11938,0.98047,0.99733,27.562,3.312,16.188,-0.0501,-0.0719,0.0115,0.996
1782310116429,26655,0.07812,-0.07715,0.94165,0.94803,-14.938,25.688,-6.188,-0.0491,-0.0647,0.0131,0.9965
1782310116491,26717,0.07812,-0.07715,0.94165,0.94803,-14.938,25.688,-6.188,-0.0491,-0.0647,0.0131,0.9965
1782310116492,26718,0.09033,-0.12573,0.98389,0.996,-15.688,24.312,-10.125,-0.0505,-0.0626,0.0124,0.9966
1782310116493,26719,0.09033,-0.12573,0.98389,0.996,-15.688,24.312,-10.125,-0.0505,-0.0626,0.0124,0.9966
1782310116606,26832,0.073,-0.21802,1.01489,1.04061,-21.75,21.75,-28.812,-0.0604,-0.0533,0.001,0.9967
1782310116608,26834,0.08179,-0.1543,0.94189,0.95794,-20.438,15.875,-35.562,-0.062,-0.052,-0.0006,0.9967
1782310116609,26835,0.08179,-0.1543,0.94189,0.95794,-20.438,15.875,-35.562,-0.062,-0.052,-0.0006,0.9967
1782310116610,26836,0.18726,-0.1145,0.98267,1.00688,25.438,-3.875,-30.0,-0.0592,-0.0546,-0.0125,0.9966
1782310116666,26892,0.15234,-0.11523,0.93872,0.95796,27.125,3.188,-25.438,-0.0568,-0.0548,-0.0145,0.9967
1782310116667,26893,0.0874,-0.16919,0.97095,0.98945,41.438,37.312,-47.0,-0.0398,-0.0414,-0.0266,0.9979
1782310116667,26893,0.01099,0.04688,0.88477,0.88608,96.438,7.625,-24.312,-0.004,-0.036,-0.0504,0.998
1782310116726,26952,-0.05054,0.07275,0.89526,0.89963,97.75,11.375,-12.375,0.0001,-0.0356,-0.0509,0.998
1782310116727,26953,-0.03979,0.04858,0.92212,0.92426,99.0,13.688,-5.25,0.0043,-0.0352,-0.051,0.998
1782310116727,26953,0.13062,0.02417,0.97974,0.9887,115.5,-2.312,-121.0,0.0424,-0.0359,-0.0704,0.9959
1782310116790,27016,0.17139,0.10669,0.97095,0.99172,123.75,-5.438,-132.625,0.0504,-0.0364,-0.0769,0.995
1782310116792,27018,0.18799,0.17261,0.96436,0.99756,131.562,-7.688,-134.375,0.0562,-0.0369,-0.0824,0.9942
1782310116793,27019,0.18799,0.17261,0.96436,0.99756,131.562,-7.688,-134.375,0.0562,-0.0369,-0.0824,0.9942
1782310116847,27073,-0.09058,0.28101,0.95874,1.00317,123.375,-29.062,47.625,0.1329,-0.0475,-0.0988,0.9849
1782310116847,27073,-0.11987,0.24951,0.92871,0.96909,109.688,-31.625,48.75,0.1374,-0.0494,-0.0967,0.9844
1782310116853,27079,0.11914,0.34863,0.93823,1.00797,12.938,-46.438,30.562,0.1549,-0.0671,-0.0823,0.9821
1782310116909,27135,0.10742,0.34131,0.90894,0.97683,5.438,-41.312,28.438,0.1552,-0.0701,-0.0803,0.982
1782310116911,27137,0.10522,0.32227,0.91309,0.97399,1.5,-32.312,23.938,0.155,-0.0717,-0.0794,0.982
1782310116914,27140,0.10522,0.32227,0.91309,0.97399,1.5,-32.312,23.938,0.155,-0.0717,-0.0794,0.982
1782310116968,27194,0.08984,0.33057,0.9812,1.03928,-32.625,-7.25,-9.312,0.143,-0.0647,-0.0831,0.984
1782310116971,27197,0.10352,0.3457,0.97852,1.04294,-28.125,-14.812,-2.875,0.1417,-0.0651,-0.0835,0.9841
1782310116973,27199,0.10352,0.3457,0.97852,1.04294,-28.125,-14.812,-2.875,0.1417,-0.0651,-0.0835,0.9841
1782310117039,27265,0.14722,0.23364,0.98657,1.02449,-37.188,-16.688,39.188,0.1273,-0.0748,-0.0773,0.9859
1782310117125,27351,0.12842,0.23315,0.98242,1.01784,-38.5,-13.25,42.5,0.1256,-0.0755,-0.0758,0.9862
1782310117146,27372,0.12842,0.23315,0.98242,1.01784,-38.5,-13.25,42.5,0.1256,-0.0755,-0.0758,0.9862
1782310117147,27373,0.09375,0.1875,0.96411,0.98664,-34.25,-3.062,39.25,0.1095,-0.0789,-0.061,0.9889
1782310117148,27374,0.09277,0.20142,1.01147,1.03549,-32.875,-0.312,35.375,0.1063,-0.0792,-0.0587,0.9893
1782310117149,27375,0.09277,0.20142,1.01147,1.03549,-32.875,-0.312,35.375,0.1063,-0.0792,-0.0587,0.9893
1782310117156,27382,0.11768,0.15527,0.95508,0.97475,-28.75,-7.0,22.688,0.0921,-0.0791,-0.0421,0.9916
1782310117157,27383,0.12158,0.09961,0.96948,0.98214,-39.562,-7.688,22.188,0.0895,-0.0795,-0.041,0.9918
1782310117158,27384,0.12158,0.09961,0.96948,0.98214,-39.562,-7.688,22.188,0.0895,-0.0795,-0.041,0.9918
1782310117207,27433,0.10474,0.13721,0.98169,0.99675,-91.312,12.062,28.625,0.054,-0.0806,-0.0319,0.9947
1782310117208,27434,0.20654,0.04932,0.99268,1.01514,-88.812,12.25,21.75,0.05,-0.0801,-0.0311,0.9949
1782310117208,27434,0.20654,0.04932,0.99268,1.01514,-88.812,12.25,21.75,0.05,-0.0801,-0.0311,0.9949
1782310117264,27490,0.06616,0.03784,0.98804,0.99098,-0.938,26.625,-6.375,0.0272,-0.0703,-0.0306,0.9966
1782310117265,27491,0.05347,0.05469,0.97974,0.98272,6.438,27.312,-11.125,0.0275,-0.069,-0.031,0.9967
1782310117266,27492,0.0918,0.05981,1.03442,1.04021,14.938,-6.125,33.5,0.0362,-0.0642,-0.0317,0.9967
1782310117324,27550,0.15186,0.02246,1.02271,1.03417,-7.062,-13.0,42.062,0.0361,-0.0656,-0.0277,0.9967
1782310117325,27551,0.14551,0.0332,1.00488,1.0159,-14.562,-14.5,39.375,0.0354,-0.0662,-0.026,0.9968
1782310117328,27554,0.14551,0.0332,1.00488,1.0159,-14.562,-14.5,39.375,0.0354,-0.0662,-0.026,0.9968
1782310117390,27616,0.14624,0.021,0.91919,0.93099,-11.062,1.938,16.188,0.0249,-0.0693,-0.0191,0.997
1782310117396,27622,0.15674,0.01465,0.92285,0.93618,-8.062,6.438,16.5,0.0245,-0.0691,-0.0184,0.997
1782310117397,27623,0.11279,0.02686,0.98071,0.98754,3.5,-1.375,36.625,0.0247,-0.0637,-0.0054,0.9976
1782310117445,27671,0.1167,0.0188,0.98169,0.98878,-3.562,-4.312,37.938,0.0245,-0.064,-0.003,0.9976
1782310117474,27700,0.11475,0.01807,0.98291,0.98975,-9.25,-4.312,38.688,0.0241,-0.0642,-0.0014,0.9976
1782310117480,27706,0.11475,0.01807,0.98291,0.98975,-9.25,-4.312,38.688,0.0241,-0.0642,-0.0014,0.9976
1782310117505,27731,0.13013,-0.02441,0.97241,0.98138,-39.812,4.438,47.188,0.0091,-0.0645,0.013,0.9977
1782310117507,27733,0.13135,-0.01294,0.96802,0.97698,-39.25,3.562,48.125,0.0073,-0.0644,0.0149,0.9977
1782310117507,27733,0.09375,-0.01147,0.99634,1.00081,-23.125,-1.875,42.25,-0.009,-0.0673,0.0348,0.997
1782310117574,27800,0.08569,0.01172,1.00439,1.00811,-19.312,1.375,36.375,-0.0099,-0.0672,0.0363,0.997
1782310117575,27801,0.09619,0.03467,1.03271,1.03776,-14.688,4.0,30.938,-0.0106,-0.0671,0.0377,0.9969
1782310117575,27801,0.09619,0.03467,1.03271,1.03776,-14.688,4.0,30.938,-0.0106,-0.0671,0.0377,0.9969
1782310117624,27850,0.05127,0.01758,1.01514,1.01659,-7.0,13.938,21.438,-0.0138,-0.0609,0.0461,0.9969
1782310117631,27857,0.04028,0.01709,0.99634,0.9973,-7.875,13.438,22.5,-0.0142,-0.0603,0.047,0.9969
1782310117636,27862,0.04028,0.01709,0.99634,0.9973,-7.875,13.438,22.5,-0.0142,-0.0603,0.047,0.9969
1782310117692,27918,0.03857,-0.02026,0.94336,0.94437,14.062,5.0,21.125,-0.0123,-0.0528,0.0595,0.9967
1782310117694,27920,0.04858,-0.01685,0.92017,0.92161,14.625,2.938,18.75,-0.0118,-0.0526,0.0604,0.9967
1782310117695,27921,0.09058,0.00708,0.98706,0.99123,25.062,61.938,-7.188,-0.0046,-0.0391,0.0608,0.9973
1782310117747,27973,0.09131,0.01343,1.00073,1.00498,27.0,61.812,-6.375,-0.0036,-0.0364,0.0606,0.9974
1782310117752,27978,0.09351,0.0127,1.01758,1.02195,28.812,59.812,-5.625,-0.0025,-0.0338,0.0604,0.9975
1782310117755,27981,-0.17822,0.05249,1.02002,1.0368,15.25,24.062,-7.688,0.0043,-0.0167,0.0617,0.9979
1782310117805,28031,-0.14795,0.00684,1.04199,1.05246,8.75,26.562,-11.25,0.0047,-0.0155,0.0613,0.9979
1782310117807,28033,-0.10767,0.01416,1.0437,1.04933,-1.875,25.25,-9.312,0.0047,-0.0144,0.0609,0.9979
1782310117810,28036,-0.10767,0.01416,1.0437,1.04933,-1.875,25.25,-9.312,0.0047,-0.0144,0.0609,0.9979
1782310117875,28101,-0.0083,0.02002,0.99243,0.99267,-15.5,0.5,-3.0,-0.0021,-0.0148,0.0606,0.998
1782310117877,28103,-0.00952,0.0144,0.95923,0.95939,-14.0,1.938,-1.375,-0.0028,-0.0147,0.0605,0.998
1782310117879,28105,-0.03101,0.03516,0.98755,0.98866,8.312,6.312,-4.312,-0.0003,-0.0125,0.0624,0.9979
1782310117990,28216,-0.02759,0.03442,1.00879,1.00975,5.125,4.562,-3.0,0.0,-0.0123,0.0623,0.9979
1782310117992,28218,-0.0564,0.0437,1.02441,1.02689,1.312,0.0,-2.125,0.0,-0.0121,0.0622,0.9979
1782310117996,28222,0.00122,0.01221,0.98804,0.98812,-13.75,-11.75,-2.75,-0.0032,-0.0155,0.0618,0.9979
1782310117997,28223,0.01294,0.01001,0.98413,0.98427,-11.938,-10.938,-5.125,-0.0037,-0.016,0.0615,0.9979
1782310118046,28272,0.11865,0.03223,0.96948,0.97725,-8.375,-12.25,-3.938,-0.0042,-0.0169,0.0612,0.9979
1782310118050,28276,-0.03247,0.00586,0.95435,0.95492,3.875,9.0,12.75,-0.0033,-0.0164,0.0671,0.9975
1782310118053,28279,0.07837,0.0166,0.91528,0.91878,-11.125,-10.688,9.25,-0.0083,-0.019,0.0705,0.9972
1782310118107,28333,0.06641,0.01099,0.91309,0.91557,-9.062,-9.625,13.688,-0.0087,-0.0194,0.071,0.9971
1782310118108,28334,0.05371,0.00146,0.90967,0.91126,-7.062,-7.938,17.75,-0.009,-0.0198,0.0717,0.9971
1782310118109,28335,-0.03369,-0.03052,0.87354,0.87472,-13.625,-0.812,27.875,-0.0132,-0.0195,0.0819,0.9963
1782310118164,28390,-0.03931,-0.04077,0.88672,0.88853,-11.938,-1.688,25.062,-0.0137,-0.0196,0.083,0.9962
1782310118225,28451,-0.04492,-0.05469,0.89697,0.89976,-9.875,-1.875,21.188,-0.0142,-0.0197,0.0839,0.9961
1782310118243,28469,-0.07568,-0.17822,0.92114,0.94127,-7.812,23.812,-3.812,-0.0189,-0.0147,0.0858,0.9959
1782310118304,28530,-0.09985,-0.17749,0.95044,0.97201,-4.75,24.25,-3.875,-0.0193,-0.0136,0.0856,0.996
1782310118304,28530,-0.12842,-0.17603,0.9751,0.99915,-1.438,22.75,-3.688,-0.0195,-0.0126,0.0855,0.996
1782310118309,28535,-0.15649,-0.08521,1.10596,1.12022,3.938,-37.125,2.188,-0.0158,-0.0147,0.0848,0.996
1782310118318,28544,-0.13379,-0.06909,1.12207,1.13213,1.375,-37.438,1.562,-0.0156,-0.0161,0.085,0.996
1782310118320,28546,0.00342,-0.03516,1.13428,1.13483,11.125,-15.438,-2.375,-0.0145,-0.0323,0.0875,0.9954
1782310118346,28572,-0.00708,-0.0293,1.12866,1.12906,14.062,-10.688,-0.062,-0.0139,-0.0327,0.0875,0.9954
1782310118359,28585,-0.01123,-0.00781,1.12427,1.12435,16.625,-5.938,1.688,-0.0131,-0.0329,0.0875,0.9954
1782310118360,28586,-0.10913,-0.11035,1.0166,1.02838,8.812,-2.125,11.062,-0.0073,-0.0314,0.0922,0.9951
1782310118405,28631,-0.10913,-0.11035,1.0166,1.02838,8.812,-2.125,11.062,-0.0073,-0.0314,0.0922,0.9951
1782310118406,28632,-0.10376,-0.10522,0.99902,1.00989,10.312,-1.375,12.688,-0.007,-0.0314,0.0928,0.9951
1782310118407,28633,-0.0957,-0.10278,0.93872,0.94917,15.812,-0.125,1.875,-0.0004,-0.0299,0.0979,0.9946
1782310118468,28694,-0.10352,-0.09326,0.92725,0.93766,14.875,-0.125,0.562,0.0001,-0.0298,0.098,0.9946
1782310118474,28700,-0.11377,-0.08887,0.8999,0.91141,14.125,0.562,-0.375,0.0006,-0.0296,0.098,0.9946
1782310118476,28702,-0.05933,-0.01001,0.83203,0.8342,11.688,4.375,21.188,0.0043,-0.0272,0.1031,0.9942
1782310118527,28753,-0.02661,-0.04541,0.85962,0.86123,11.625,1.188,20.062,0.0048,-0.027,0.104,0.9941
1782310118533,28759,-0.03442,-0.03687,0.87109,0.87255,11.438,-1.25,17.438,0.0052,-0.0269,0.1047,0.994
1782310118543,28769,-0.09717,-0.00635,0.88208,0.88744,0.688,7.875,7.25,0.0086,-0.0267,0.1107,0.9934
1782310118588,28814,-0.1084,-0.02197,0.88647,0.89334,-2.375,9.75,8.625,0.0084,-0.0263,0.111,0.9934
1782310118588,28814,-0.12622,-0.03394,0.89697,0.90644,-7.25,10.75,7.812,0.008,-0.0255,0.1125,0.9932
1782310118589,28815,-0.15869,-0.07373,0.97632,0.99188,-18.312,11.438,5.625,0.0018,-0.022,0.1137,0.9932
1782310118655,28881,-0.15967,-0.05396,0.99292,1.00712,-21.5,12.062,4.812,0.0009,-0.0215,0.114,0.9932
1782310118660,28886,-0.17114,-0.0459,0.9873,1.00307,-24.312,12.5,5.5,-0.0001,-0.0209,0.1141,0.9932
1782310118660,28886,-0.2002,-0.14453,1.16699,1.19283,-37.625,12.812,-0.5,-0.017,-0.0147,0.1155,0.9929
1782310118707,28933,-0.19727,-0.15674,1.18311,1.20964,-37.688,9.438,-1.938,-0.0187,-0.0144,0.1154,0.9929
1782310118709,28935,-0.1875,-0.15894,1.2207,1.2452,-38.938,-1.75,-5.75,-0.0221,-0.0143,0.1154,0.9929
1782310118711,28937,0.01978,0.0415,1.3291,1.32989,-43.438,-40.938,-10.562,-0.0355,-0.025,0.1116,0.9927
1782310118790,29016,0.05835,0.06055,1.34204,1.34467,-42.562,-41.062,-9.812,-0.0369,-0.0269,0.1113,0.9926
1782310118798,29024,0.08496,0.07056,1.34253,1.34706,-42.375,-40.438,-10.0,-0.0385,-0.0289,0.1109,0.9926
1782310118799,29025,0.33179,-0.09424,1.19067,1.23962,-51.312,-24.5,-64.625,-0.0579,-0.0491,0.0965,0.9923
1782310118855,29081,0.31592,-0.09204,1.15332,1.19934,-53.062,-20.625,-70.25,-0.0599,-0.0505,0.0936,0.9924
1782310118858,29084,0.31445,-0.06616,1.0686,1.11587,-55.562,-10.812,-74.062,-0.0628,-0.0523,0.0914,0.9924
1782310118859,29085,0.1311,0.07593,0.91235,0.92484,-27.812,30.688,-62.125,-0.0773,-0.0511,0.0652,0.9935
1782310118898,29124,0.13501,0.05835,0.90698,0.91883,-26.125,31.25,-63.188,-0.0783,-0.0501,0.0624,0.9936
1782310118899,29125,0.14575,0.05859,0.91821,0.93155,-24.812,26.062,-67.875,-0.0805,-0.0479,0.0552,0.994
1782310118909,29135,0.21631,0.13135,0.86768,0.90383,-17.75,39.625,-71.25,-0.0851,-0.0426,0.0335,0.9948
1782310118961,29187,0.18677,0.09888,0.90527,0.92961,-18.312,45.938,-65.688,-0.086,-0.0403,0.029,0.9949
1782310118966,29192,0.24121,0.28662,0.99609,1.0642,-18.812,44.188,-56.875,-0.0864,-0.0388,0.0263,0.9951
1782310118967,29193,0.09302,-0.10669,0.91211,0.92303,-45.0,25.562,-42.625,-0.1004,-0.0274,0.0122,0.9944
1782310119012,29238,0.06226,-0.12451,0.9104,0.92098,-43.562,24.875,-45.75,-0.1022,-0.0266,0.0102,0.9943
1782310119013,29239,0.05347,-0.13794,0.91553,0.92741,-41.0,24.688,-50.188,-0.1039,-0.0258,0.0079,0.9941
1782310119014,29240,0.0896,-0.2373,0.85156,0.88853,-65.562,19.25,-33.688,-0.1206,-0.0191,-0.0089,0.9924
1782310119067,29293,0.08447,-0.22681,0.83862,0.87285,-71.25,16.5,-29.188,-0.1249,-0.0183,-0.011,0.9918
1782310119071,29297,0.06006,-0.26465,0.82666,0.87007,-73.438,15.375,-27.0,-0.128,-0.0177,-0.0123,0.9915
1782310119073,29299,-0.09302,-0.25317,0.84033,0.88255,21.5,-8.688,-68.25,-0.1484,-0.0114,-0.0316,0.9883
1782310119139,29365,-0.06689,-0.24878,0.83911,0.87776,41.188,-12.0,-62.75,-0.1468,-0.0123,-0.0342,0.9884
1782310119142,29368,-0.0686,-0.2959,0.89038,0.94077,66.375,-8.438,-52.375,-0.1419,-0.014,-0.0381,0.989
1782310119142,29368,0.02466,-0.26001,0.94653,0.9819,18.438,8.5,-65.312,-0.1245,-0.0163,-0.0584,0.9902
1782310119188,29414,0.03174,-0.24951,0.94385,0.97679,14.688,9.0,-65.938,-0.1237,-0.0163,-0.0612,0.9902
1782310119246,29472,0.0459,-0.23535,0.94116,0.97123,10.125,10.438,-63.562,-0.1229,-0.0163,-0.065,0.9901
1782310119247,29473,-0.03979,-0.31177,0.91748,0.96982,-3.75,20.812,-45.125,-0.1229,-0.0115,-0.0834,0.9887
1782310119248,29474,-0.06079,-0.30566,0.89966,0.95211,-4.188,21.0,-47.062,-0.123,-0.0108,-0.0855,0.9885
1782310119306,29532,-0.06812,-0.27539,0.90991,0.95311,-4.938,21.188,-47.938,-0.1231,-0.01,-0.0877,0.9884
1782310119306,29532,-0.12427,-0.25684,0.89819,0.94242,-32.812,23.75,-46.0,-0.1304,0.0003,-0.1044,0.9858
1782310119307,29533,-0.08496,-0.25195,1.03174,1.06545,-79.5,-13.875,-121.312,-0.1624,-0.0032,-0.1554,0.9743
1782310119389,29615,-0.08496,-0.25195,1.03174,1.06545,-79.5,-13.875,-121.312,-0.1624,-0.0032,-0.1554,0.9743
1782310119394,29620,-0.09717,-0.26855,1.03442,1.07312,-79.375,-4.5,-111.625,-0.1657,-0.0038,-0.1594,0.9731
1782310119395,29621,-0.05078,-0.22681,1.19775,1.22009,23.5,55.875,-24.75,-0.1756,0.0078,-0.1848,0.9668
1782310119424,29650,-0.05078,-0.22681,1.19775,1.22009,23.5,55.875,-24.75,-0.1756,0.0078,-0.1848,0.9668
1782310119428,29654,0.0127,-0.27954,1.3269,1.35609,32.188,57.0,-21.938,-0.1739,0.0097,-0.1862,0.9669
1782310119429,29655,0.17944,-0.21118,1.28247,1.31207,-7.062,60.812,-48.562,-0.157,0.0369,-0.2059,0.9651
1782310119486,29712,0.08447,-0.22485,1.2041,1.22782,-7.0,49.5,-44.625,-0.1568,0.0388,-0.2081,0.9645
1782310119487,29713,-0.00464,-0.24878,1.1394,1.16625,-2.062,42.75,-44.812,-0.1566,0.0404,-0.2102,0.9641
1782310119487,29713,0.07349,-0.26147,0.75562,0.80295,9.938,15.562,-20.0,-0.1512,0.0474,-0.229,0.9603
1782310119546,29772,0.06812,-0.25366,0.71802,0.76455,14.0,14.5,-15.312,-0.1506,0.0477,-0.2298,0.9602
1782310119548,29774,0.0542,-0.28516,0.67578,0.73548,22.625,12.188,-6.5,-0.1492,0.0482,-0.2311,0.9601
1782310119548,29774,0.0459,-0.37354,0.65625,0.75651,49.062,15.562,22.125,-0.1298,0.0496,-0.2286,0.9634
1782310119604,29830,0.00415,-0.35107,0.64087,0.73074,44.75,13.25,18.812,-0.1279,0.0499,-0.228,0.9638
1782310119606,29832,0.02954,-0.31543,0.65088,0.72389,40.5,11.0,10.25,-0.1251,0.0501,-0.2278,0.9642
1782310119607,29833,0.12427,-0.20947,0.74146,0.78044,43.688,-7.938,-57.0,-0.1093,0.0455,-0.2379,0.9639
1782310119664,29890,0.13354,-0.19727,0.75391,0.79065,44.188,-8.188,-62.875,-0.1076,0.0443,-0.2404,0.9636
1782310119665,29891,0.16357,-0.18115,0.80127,0.83762,44.875,-7.625,-70.812,-0.1052,0.0426,-0.2448,0.9628
1782310119666,29892,0.36792,-0.09717,1.11841,1.18138,23.938,-8.5,-68.25,-0.0935,0.0316,-0.27,0.9577
1782310119725,29951,0.36548,-0.1189,1.10278,1.16783,18.5,-11.625,-61.062,-0.0927,0.03,-0.2738,0.9567
1782310119727,29953,0.34912,-0.13037,1.07593,1.13864,17.5,-13.312,-58.5,-0.0922,0.0288,-0.2752,0.9564
1782310119728,29954,0.16992,-0.22852,0.82715,0.8748,30.875,-0.062,-63.875,-0.0845,0.0189,-0.2971,0.9508
1782310119792,30018,0.1748,-0.22534,0.83252,0.88001,32.062,4.188,-66.125,-0.0833,0.0183,-0.2998,0.9501
1782310119798,30024,0.19189,-0.21118,0.86743,0.91316,33.25,10.125,-68.75,-0.0812,0.0177,-0.3033,0.9492
1782310119799,30025,0.15747,-0.19165,1.03711,1.06636,2.25,-24.5,-75.875,-0.0751,0.0126,-0.3314,0.9403
1782310120005,30231,0.13989,-0.19751,1.02075,1.04905,3.688,-28.438,-75.562,-0.0755,0.0111,-0.3344,0.9392
1782310120007,30233,0.12451,-0.21631,1.00024,1.03091,6.562,-29.688,-75.188,-0.0759,0.0087,-0.3374,0.9381
1782310120094,30320,0.12451,-0.21631,1.00024,1.03091,6.562,-29.688,-75.188,-0.0759,0.0087,-0.3374,0.9381
1782310120095,30321,0.20093,-0.13672,0.9458,0.97653,27.688,21.875,-66.375,-0.0688,0.0,-0.3653,0.9282
1782310120113,30339,0.21313,-0.12402,0.9519,0.98332,27.375,25.938,-63.188,-0.0673,0.0004,-0.3681,0.9273
1782310120114,30340,0.1062,-0.14673,0.99585,1.01219,27.938,65.188,-68.688,-0.0507,0.0116,-0.3901,0.9192
1782310120114,30340,0.1062,-0.14673,0.99585,1.01219,27.938,65.188,-68.688,-0.0507,0.0116,-0.3901,0.9192
1782310120115,30341,0.05786,-0.14966,0.98267,0.99568,27.562,62.812,-72.625,-0.0454,0.0164,-0.3972,0.9163
1782310120137,30363,0.06396,-0.09277,0.99512,1.00148,33.188,22.688,-87.125,-0.0277,0.0238,-0.4294,0.9023
1782310120140,30366,0.08081,-0.03442,0.99219,0.99607,30.938,21.625,-84.938,-0.0261,0.0239,-0.4327,0.9007
1782310120141,30367,0.11035,-0.00659,1.00122,1.0073,31.375,18.688,-83.312,-0.0247,0.0239,-0.4363,0.899
1782310120141,30367,0.14258,-0.01318,1.15894,1.16775,9.125,-29.375,-76.312,-0.0185,0.0139,-0.4635,0.8856
1782310120173,30399,0.14258,0.00098,1.14038,1.14926,0.375,-30.25,-76.375,-0.0198,0.0106,-0.4701,0.8822
1782310120179,30405,0.15063,0.0127,1.13916,1.14915,-2.5,-31.5,-76.0,-0.0205,0.0093,-0.4729,0.8807
1782310120215,30441,0.15942,0.01318,1.22095,1.23138,1.0,-40.188,-101.312,-0.0276,-0.002,-0.4981,0.8666
1782310120216,30442,0.15942,0.01318,1.22095,1.23138,1.0,-40.188,-101.312,-0.0276,-0.002,-0.4981,0.8666
1782310120220,30446,0.25366,0.11768,1.29248,1.32238,9.562,-53.375,-110.75,-0.0299,-0.0084,-0.509,0.8601
1782310120221,30447,0.25366,0.11768,1.29248,1.32238,9.562,-53.375,-110.75,-0.0299,-0.0084,-0.509,0.8601
1782310120222,30448,0.1731,-0.07959,0.96143,0.98013,-11.562,-23.625,-52.812,-0.0384,-0.0356,-0.5357,0.8426
1782310120226,30452,0.16113,-0.01318,0.97583,0.98913,-17.312,-5.5,-60.5,-0.0395,-0.0359,-0.5388,0.8406
1782310120227,30453,-0.08496,0.25024,1.25366,1.28121,33.5,45.375,5.562,-0.0303,-0.0278,-0.5489,0.8347
1782310120364,30590,-0.08496,0.25024,1.25366,1.28121,33.5,45.375,5.562,-0.0303,-0.0278,-0.5489,0.8347
1782310120376,30602,-0.1814,0.17334,1.30005,1.32404,37.625,49.5,-1.875,-0.0264,-0.0264,-0.5488,0.8349
1782310120377,30603,-0.31885,0.37622,1.04419,1.15479,-12.75,153.188,-89.312,0.0072,0.0139,-0.567,0.8234
1782310120377,30603,-0.31885,0.37622,1.04419,1.15479,-12.75,153.188,-89.312,0.0072,0.0139,-0.567,0.8234
1782310120378,30604,-0.29883,0.40698,0.89526,1.02782,-8.5,162.188,-116.25,0.0162,0.0285,-0.5772,0.8158
1782310120380,30606,-0.79736,0.57788,0.92822,1.35326,74.125,155.812,-98.5,0.0713,0.0836,-0.609,0.7853
1782310120389,30615,-0.71924,0.52466,0.98584,1.32833,86.625,131.688,-128.188,0.0839,0.0895,-0.6162,0.7778
1782310120390,30616,-0.66797,0.47681,0.97314,1.273,88.125,122.75,-149.812,0.0897,0.0918,-0.6207,0.7733
1782310120390,30616,0.35229,0.24121,1.19409,1.26813,12.5,28.125,-334.188,0.1156,0.1118,-0.6848,0.7106
1782310120526,30752,0.38696,0.20557,1.17554,1.25455,0.812,-0.125,-342.438,0.1141,0.1133,-0.695,0.7006
1782310120553,30779,0.29932,0.19434,1.08057,1.13798,-11.875,-33.062,-345.75,0.1099,0.1149,-0.7098,0.686
1782310120593,30819,0.27686,0.20117,0.84229,0.90916,-8.375,-56.812,-311.062,0.0698,0.1126,-0.796,0.5904
1782310120604,30830,0.29785,0.19165,0.81665,0.89015,3.938,-36.75,-312.062,0.0618,0.1116,-0.815,0.565
1782310120605,30831,0.28955,0.17822,0.82861,0.89565,10.0,-26.812,-312.125,0.0593,0.1113,-0.8226,0.5543
1782310120605,30831,0.27588,0.17236,0.94165,0.99625,34.188,78.188,-296.688,0.0611,0.1129,-0.8811,0.455
1782310120925,31151,0.20557,0.22632,0.98462,1.031,44.438,94.875,-293.875,0.0662,0.1144,-0.8916,0.4328
1782310120927,31153,0.1936,0.23608,0.9978,1.04347,48.188,98.438,-292.625,0.0678,0.1147,-0.8942,0.427
1782310120943,31169,0.021,0.1897,1.11987,1.13602,114.062,97.312,-300.5,0.1052,0.1053,-0.9351,0.3214
1782310120944,31170,0.0354,0.146,1.20532,1.21465,98.062,77.375,-294.938,0.1134,0.101,-0.944,0.2923
1782310120953,31179,0.02515,0.12183,1.21704,1.22338,91.938,66.875,-293.25,0.1159,0.0994,-0.9477,0.2798
1782310121003,31229,0.04321,0.01196,1.23022,1.23104,83.75,-45.625,-285.625,0.1112,0.0806,-0.9768,0.1636
1782310121107,31333,0.04468,-0.01709,1.21387,1.21481,80.938,-47.5,-283.062,0.1075,0.0767,-0.9807,0.1438
1782310121110,31336,0.04688,-0.01782,1.2063,1.20734,79.562,-46.438,-281.875,0.1063,0.0755,-0.9818,0.1378
1782310121163,31389,0.20483,-0.22583,1.18921,1.22767,28.688,-17.938,-263.25,0.0895,0.0628,-0.9935,0.0299
1782310121213,31439,0.20483,-0.22583,1.18921,1.22767,28.688,-17.938,-263.25,0.0895,0.0628,-0.9935,0.0299
1782310121340,31566,0.23535,-0.22705,1.08374,1.132,13.875,-16.312,-257.5,0.0856,0.0631,-0.9942,0.0002
1782310121345,31571,0.23535,-0.22705,1.08374,1.132,13.875,-16.312,-257.5,0.0856,0.0631,-0.9942,0.0002
1782310121356,31582,0.2207,-0.39111,0.87769,0.98591,4.5,13.5,-182.562,-0.0777,-0.0687,0.988,0.1132
1782310121358,31584,0.20459,-0.40698,0.88379,0.99427,4.625,14.562,-177.375,-0.0776,-0.0691,0.9871,0.1208
1782310121359,31585,0.04565,-0.47583,0.80542,0.93659,-9.625,31.438,-150.812,-0.0813,-0.075,0.9755,0.1899
1782310121364,31590,0.02368,-0.51904,0.79932,0.95335,-10.0,33.125,-150.375,-0.0828,-0.0762,0.9731,0.2006
1782310121364,31590,0.01758,-0.54663,0.81104,0.97821,-9.688,33.438,-151.562,-0.0838,-0.077,0.9716,0.207
1782310121442,31668,0.01758,-0.54663,0.81104,0.97821,-9.688,33.438,-151.562,-0.0838,-0.077,0.9716,0.207
1782310121479,31705,0.15625,-0.54053,0.97876,1.12896,-26.812,-16.625,-106.562,-0.0869,-0.0915,0.9503,0.2843
1782310121481,31707,0.17505,-0.54272,0.99243,1.1446,-29.188,-21.5,-95.5,-0.0859,-0.0935,0.949,0.288
1782310121530,31756,0.15942,-0.57812,1.01709,1.18072,-106.0,-104.375,-82.375,-0.0665,-0.1251,0.9374,0.3175
1782310121539,31765,0.15942,-0.57812,1.01709,1.18072,-106.0,-104.375,-82.375,-0.0665,-0.1251,0.9374,0.3175
1782310121539,31765,0.10889,-0.53345,0.93433,1.08139,-125.75,-100.938,-73.0,-0.061,-0.1378,0.9336,0.3247
1782310121547,31773,0.09302,-0.45947,0.69214,0.83596,-88.312,-74.5,-26.25,-0.0426,-0.2018,0.9168,0.3416
1782310121610,31836,0.09277,-0.50562,0.75537,0.9137,-77.312,-73.5,-14.75,-0.0402,-0.2082,0.9149,0.3431
1782310121610,31836,0.10474,-0.53589,0.80103,0.96943,-70.625,-73.062,-6.812,-0.0383,-0.2122,0.9143,0.3427
1782310121610,31836,0.12012,-0.51807,1.29224,1.39739,-43.812,-48.062,72.438,-0.0269,-0.2386,0.9128,0.33
1782310121613,31839,0.12012,-0.51807,1.29224,1.39739,-43.812,-48.062,72.438,-0.0269,-0.2386,0.9128,0.33
1782310121628,31854,0.08643,-0.4873,1.31372,1.40385,-39.875,-29.938,84.0,-0.0274,-0.2424,0.9136,0.325
1782310121629,31855,0.03125,-0.35815,0.74902,0.83083,5.75,52.562,92.188,-0.0489,-0.2437,0.9226,0.2947
1782310121629,31855,0.01294,-0.38452,0.64624,0.7521,7.188,52.562,87.625,-0.0552,-0.2413,0.9241,0.2906
1782310121637,31863,0.01221,-0.3938,0.60986,0.72606,6.562,50.688,84.562,-0.058,-0.2403,0.9251,0.2878
1782310121638,31864,-0.07373,-0.53174,0.48633,0.72436,-2.312,14.562,31.5,-0.0772,-0.2358,0.9296,0.2722
1782310121665,31891,-0.12109,-0.54175,0.48633,0.73802,2.0,8.188,18.5,-0.0788,-0.2355,0.9297,0.2715
1782310121675,31901,-0.12769,-0.53784,0.50562,0.74915,5.375,8.0,14.625,-0.0793,-0.2352,0.9299,0.2709
1782310121675,31901,-0.12769,-0.53784,0.50562,0.74915,5.375,8.0,14.625,-0.0793,-0.2352,0.9299,0.2709
1782310121709,31935,-0.12769,-0.53784,0.50562,0.74915,5.375,8.0,14.625,-0.0793,-0.2352,0.9299,0.2709
1782310121710,31936,0.10156,-0.5022,0.99854,1.12232,26.25,-30.875,-5.875,-0.0769,-0.2266,0.9308,0.276
1782310121710,31936,0.10156,-0.5022,0.99854,1.12232,26.25,-30.875,-5.875,-0.0769,-0.2266,0.9308,0.276
1782310121712,31938,0.37354,-0.40918,1.0498,1.18703,-3.438,-60.25,-18.938,-0.0537,-0.226,0.9294,0.2863
1782310121712,31938,0.40137,-0.38696,1.05688,1.19492,-9.75,-67.938,-8.562,-0.0496,-0.2277,0.9293,0.2861
1782310121712,31938,0.40137,-0.38696,1.05688,1.19492,-9.75,-67.938,-8.562,-0.0496,-0.2277,0.9293,0.2861
1782310121712,31938,0.17993,-0.34424,0.67725,0.78073,-11.438,-109.312,3.375,-0.0107,-0.2489,0.9273,0.2791
1782310121712,31938,0.16626,-0.34424,0.65552,0.75885,-6.938,-107.812,2.312,-0.0065,-0.2505,0.9273,0.2779
1782310121713,31939,0.16626,-0.34424,0.65552,0.75885,-6.938,-107.812,2.312,-0.0065,-0.2505,0.9273,0.2779
1782310121745,31971,0.16309,-0.41577,0.67798,0.81186,18.25,-71.0,0.438,0.0227,-0.2559,0.9264,0.2749
1782310121762,31988,0.15381,-0.47778,0.70386,0.86449,14.562,-64.062,-3.0,0.0292,-0.2564,0.9261,0.2749
1782310121763,31989,0.15381,-0.47778,0.70386,0.86449,14.562,-64.062,-3.0,0.0292,-0.2564,0.9261,0.2749
1782310121763,31989,0.25879,-0.44189,0.95312,1.08198,27.5,-25.0,-8.312,0.0502,-0.2545,0.9241,0.2802
1782310121763,31989,0.26855,-0.44141,0.98999,1.11671,29.188,-21.125,-7.312,0.0515,-0.2536,0.9243,0.2802
1782310121763,31989,0.23804,-0.47974,1.07129,1.1977,27.375,16.25,9.5,0.0543,-0.2435,0.9269,0.2799
1782310121764,31990,0.19165,-0.46313,1.04297,1.15715,27.562,26.625,9.562,0.0534,-0.2414,0.9277,0.2792
1782310121764,31990,0.15137,-0.42578,1.01025,1.10671,28.25,38.562,9.75,0.0516,-0.2391,0.9285,0.2791
1782310121773,31999,0.02271,-0.42944,0.90015,0.9976,29.438,72.562,-9.875,0.0298,-0.2186,0.934,0.2806
1782310121777,32003,0.03125,-0.43628,0.89307,0.99443,25.375,70.688,-17.562,0.0261,-0.2158,0.9342,0.2824
1782310121779,32005,0.04614,-0.43872,0.88647,0.99017,22.312,69.75,-22.438,0.0238,-0.214,0.9343,0.2839
1782310121782,32008,0.04614,-0.43872,0.88647,0.99017,22.312,69.75,-22.438,0.0238,-0.214,0.9343,0.2839
1782310121788,32014,0.22632,-0.40161,0.90015,1.01133,2.375,52.938,-41.938,0.0034,-0.2023,0.9312,0.3028
1782310121792,32018,0.23608,-0.38818,0.91431,1.02097,0.062,47.938,-44.125,0.0019,-0.2017,0.9306,0.3049
1782310121894,32120,0.26685,-0.37793,0.91724,1.02731,-7.5,10.438,-25.5,-0.0033,-0.2001,0.9245,0.324
1782310121897,32123,0.25146,-0.38623,0.88354,0.99652,-7.188,11.062,-23.875,-0.0038,-0.2004,0.9238,0.3259
1782310121922,32148,0.24365,-0.37695,0.86279,0.97255,-6.938,12.125,-23.75,-0.0041,-0.2005,0.9233,0.327
1782310121939,32165,0.24365,-0.37695,0.86279,0.97255,-6.938,12.125,-23.75,-0.0041,-0.2005,0.9233,0.327
1782310122070,32296,0.05908,-0.36914,0.83813,0.91772,4.688,28.562,-13.25,-0.0106,-0.1985,0.9199,0.3377
1782310122075,32301,0.0481,-0.35596,0.823,0.89797,5.812,32.062,-13.562,-0.0117,-0.1979,0.9197,0.3385
1782310122080,32306,0.15796,-0.47534,0.91064,1.03931,-2.25,47.625,-11.812,-0.0299,-0.1879,0.9187,0.3457
1782310122082,32308,0.15796,-0.47534,0.91064,1.03931,-2.25,47.625,-11.812,-0.0299,-0.1879,0.9187,0.3457
1782310122085,32311,-0.00684,-0.35815,1.02734,1.088,-33.875,53.75,-39.062,-0.052,-0.1905,0.9112,0.3613
1782310122087,32313,-0.01196,-0.38574,1.0437,1.11277,-39.375,49.312,-39.062,-0.0554,-0.1916,0.9097,0.364
1782310122095,32321,0.02295,-0.42212,0.81494,0.91806,-54.688,51.25,-49.562,-0.0815,-0.2067,0.8958,0.3845
1782310122109,32335,0.02759,-0.42188,0.80103,0.90576,-49.75,45.812,-49.625,-0.0837,-0.2081,0.8944,0.3867
1782310122148,32374,0.02856,-0.43506,0.79004,0.90236,-43.625,39.938,-48.562,-0.0856,-0.2093,0.893,0.3887
1782310122208,32434,0.08154,-0.43921,0.9104,1.01409,18.25,-18.0,-9.375,-0.0845,-0.2154,0.8867,0.4
1782310122212,32438,0.08154,-0.43921,0.9104,1.01409,18.25,-18.0,-9.375,-0.0845,-0.2154,0.8867,0.4
1782310122212,32438,0.0415,-0.29761,0.73584,0.79483,40.812,29.438,32.188,-0.0797,-0.2041,0.8909,0.3977
1782310122213,32439,0.1084,-0.35913,0.77808,0.86379,44.812,28.062,39.438,-0.0803,-0.2018,0.8917,0.3966
1782310122214,32440,-0.17407,-0.30371,0.93677,1.00004,48.0,23.5,44.875,-0.0806,-0.1829,0.9023,0.3817
1782310122214,32440,-0.19116,-0.28052,0.95215,1.01085,56.125,38.812,47.375,-0.0823,-0.1773,0.9044,0.379
1782310122215,32441,-0.19653,-0.28442,0.96338,1.02353,61.188,45.812,50.125,-0.0842,-0.1723,0.9057,0.3778
1782310122224,32450,-0.05151,-0.33203,1.02148,1.07532,65.5,6.312,34.562,-0.0895,-0.1453,0.9129,0.3706
1782310122248,32474,-0.03809,-0.32349,1.00586,1.05728,63.75,-1.75,28.812,-0.0887,-0.1426,0.9137,0.3696
1782310122269,32495,-0.03369,-0.30615,0.98755,1.03447,61.75,-9.562,23.625,-0.0875,-0.1403,0.9145,0.3688
1782310122269,32495,-0.20996,-0.23413,0.90332,0.9565,10.0,-16.625,23.375,-0.0728,-0.1279,0.9197,0.3635
1782310122319,32545,-0.20996,-0.23413,0.90332,0.9565,10.0,-16.625,23.375,-0.0728,-0.1279,0.9197,0.3635
1782310122325,32551,-0.22949,-0.22974,0.89209,0.94935,6.812,-11.25,22.375,-0.0725,-0.1277,0.9202,0.3626
1782310122330,32556,-0.15112,-0.25854,0.92261,0.96999,-8.438,-2.5,3.938,-0.0772,-0.1277,0.9213,0.3589
1782310122369,32595,-0.14697,-0.29321,0.94458,0.9999,-6.75,-3.0,6.188,-0.0772,-0.128,0.9213,0.3586
1782310122373,32599,-0.14429,-0.31372,0.9668,1.02662,-4.812,-3.438,7.062,-0.0773,-0.1282,0.9214,0.3583
1782310122495,32721,-0.14429,-0.31372,0.9668,1.02662,-4.812,-3.438,7.062,-0.0773,-0.1282,0.9214,0.3583
1782310122522,32748,-0.18408,-0.29736,0.9812,1.04166,-0.062,5.375,11.188,-0.0785,-0.1284,0.9232,0.3533
1782310122528,32754,-0.15283,-0.29028,0.98853,1.04154,0.0,5.562,10.5,-0.079,-0.1281,0.9234,0.3527
1782310122593,32819,-0.12158,-0.43066,1.0874,1.17588,-19.062,-0.25,-14.562,-0.0839,-0.1292,0.9221,0.3546
1782310122602,32828,-0.12793,-0.45068,1.05493,1.15428,-24.25,-3.562,-20.0,-0.0841,-0.1303,0.9217,0.3552
1782310122625,32851,-0.14307,-0.42139,1.00171,1.09611,-31.688,-7.0,-28.25,-0.0843,-0.1323,0.9209,0.3565
1782310122631,32857,-0.14307,-0.42139,1.00171,1.09611,-31.688,-7.0,-28.25,-0.0843,-0.1323,0.9209,0.3565
1782310122636,32862,-0.25952,-0.48169,0.78418,0.9562,-49.188,10.062,1.25,-0.0915,-0.1504,0.913,0.3677
1782310122662,32888,-0.24756,-0.51587,0.78223,0.96917,-47.312,7.562,-5.375,-0.0927,-0.1522,0.9126,0.3676
1782310122678,32904,0.14917,-0.66357,0.86011,1.09652,-50.125,-7.625,-27.625,-0.0999,-0.17,0.9038,0.3796
1782310122712,32938,0.14331,-0.69189,0.9209,1.16074,-56.062,-12.062,-28.312,-0.1002,-0.1726,0.9029,0.3804
1782310122713,32939,0.13428,-0.72705,0.96777,1.21787,-63.5,-16.5,-28.75,-0.1004,-0.1755,0.902,0.3811
1782310122762,32988,0.02466,-0.63403,0.85767,1.06686,-146.375,18.375,6.188,-0.1132,-0.2246,0.8902,0.3796
1782310122787,33013,0.02686,-0.62793,0.85156,1.05838,-147.25,22.0,8.688,-0.1148,-0.2272,0.8895,0.3792
1782310122795,33021,0.03784,-0.60815,0.8374,1.03562,-147.562,28.312,13.188,-0.1183,-0.2323,0.8881,0.3782
1782310122802,33028,-0.12329,-0.62061,0.71118,0.95191,-127.688,33.688,16.375,-0.1561,-0.2805,0.8749,0.3623
1782310122805,33031,-0.14648,-0.62695,0.70068,0.95156,-126.812,34.562,15.938,-0.1596,-0.2846,0.8734,0.3613
1782310122843,33069,-0.17627,-0.62744,0.69287,0.95122,-126.188,36.25,15.75,-0.1631,-0.2886,0.8718,0.3602
1782310122858,33084,-0.16748,-0.6377,0.66333,0.93526,-113.125,31.25,30.0,-0.1972,-0.3245,0.8571,0.3477
1782310122904,33130,-0.22437,-0.73096,0.66797,1.0153,-115.938,18.688,17.312,-0.2313,-0.3671,0.8402,0.325
1782310122905,33131,-0.24097,-0.69312,0.67236,0.99526,-114.875,17.812,14.75,-0.2338,-0.3707,0.8384,0.3236
1782310122905,33131,-0.24902,-0.69092,0.68262,1.00267,-112.25,18.438,11.375,-0.2362,-0.3743,0.8366,0.3223
1782310122906,33132,-0.15918,-0.73828,0.6394,0.98956,-60.312,33.125,26.688,-0.2559,-0.4003,0.8188,0.3219
1782310122909,33135,-0.15918,-0.73828,0.6394,0.98956,-60.312,33.125,26.688,-0.2559,-0.4003,0.8188,0.3219
1782310122913,33139,-0.1731,-0.7478,0.63843,0.99838,-53.188,32.562,29.562,-0.2583,-0.4014,0.8179,0.3208
1782310122914,33140,-0.18848,-0.80103,0.69482,1.07701,-19.5,28.188,9.375,-0.2783,-0.4068,0.8092,0.3195
1782310122980,33206,-0.21802,-0.79346,0.67627,1.06511,-13.938,26.625,9.938,-0.2796,-0.4068,0.8087,0.3194
1782310123006,33232,-0.22925,-0.78247,0.67798,1.06041,-6.5,26.25,8.562,-0.2808,-0.4066,0.8084,0.3195
1782310123009,33235,-0.17358,-0.75195,0.71167,1.04978,34.125,1.688,1.312,-0.2832,-0.3945,0.8099,0.3285
1782310123040,33266,-0.18799,-0.74365,0.69653,1.0361,33.625,2.688,4.562,-0.2828,-0.3933,0.8105,0.3289
1782310123085,33311,-0.19531,-0.74707,0.68726,1.03372,32.688,4.75,8.125,-0.2826,-0.3919,0.8112,0.3291
1782310123088,33314,-0.20703,-0.76953,0.64697,1.02645,-18.562,21.812,10.25,-0.2919,-0.3832,0.8113,0.331
1782310123131,33357,-0.20703,-0.76953,0.64697,1.02645,-18.562,21.812,10.25,-0.2919,-0.3832,0.8113,0.331
1782310123170,33396,-0.19409,-0.75757,0.64282,1.01232,-20.562,18.625,8.125,-0.2929,-0.3834,0.8109,0.3308
1782310123173,33399,-0.19434,-0.65356,0.49829,0.84451,-14.75,-7.562,1.25,-0.2987,-0.3887,0.8071,0.3286
1782310123180,33406,-0.19971,-0.63306,0.4917,0.82609,-11.312,-7.688,1.438,-0.2985,-0.3897,0.807,0.3279
1782310123276,33502,-0.18604,-0.6228,0.48877,0.81326,-8.625,-5.688,3.188,-0.2991,-0.3899,0.8063,0.3288
1782310123379,33605,-0.2146,-0.70264,0.521,0.90066,-10.5,-8.375,1.688,-0.2998,-0.3913,0.806,0.3272
1782310123394,33620,-0.21631,-0.70532,0.53955,0.91399,-10.938,-9.812,-1.188,-0.2996,-0.3918,0.8059,0.3269
1782310123400,33626,-0.21362,-0.71631,0.56079,0.93446,-11.062,-12.062,-4.25,-0.2993,-0.3923,0.8059,0.3267
1782310123411,33637,-0.20947,-0.70557,0.57617,0.93471,-7.812,-25.875,-0.25,-0.2936,-0.3992,0.8048,0.3262
1782310123411,33637,-0.20337,-0.69189,0.56885,0.91851,-4.062,-26.25,1.438,-0.2927,-0.3996,0.8051,0.3258
1782310123468,33694,-0.16675,-0.7207,0.65479,0.98791,2.125,-30.938,15.688,-0.2863,-0.3983,0.8091,0.3232
1782310123469,33695,-0.16138,-0.72876,0.66064,0.99678,-4.625,-37.938,20.938,-0.2839,-0.399,0.8109,0.32
1782310123476,33702,-0.17627,-0.7251,0.6543,0.99245,-7.625,-39.062,24.0,-0.2835,-0.3991,0.8112,0.3193
1782310123492,33718,-0.20654,-0.64331,0.56348,0.87978,-22.75,-38.688,43.688,-0.2806,-0.4045,0.8159,0.3027
1782310123493,33719,-0.20508,-0.67627,0.56567,0.9052,-20.375,-37.938,45.438,-0.28,-0.4058,0.8173,0.2977
1782310123494,33720,-0.20703,-0.70337,0.58813,0.93994,-19.438,-37.5,47.0,-0.2796,-0.4068,0.8186,0.2931
1782310123495,33721,-0.2627,-0.81812,0.53979,1.01474,-26.062,-47.875,44.688,-0.2785,-0.4115,0.8228,0.2753
1782310123495,33721,-0.26416,-0.83008,0.52271,1.01589,-23.875,-52.062,38.25,-0.2769,-0.4135,0.824,0.2702
1782310123497,33723,-0.28076,-0.83057,0.50586,1.01221,-23.75,-55.375,33.062,-0.2762,-0.4147,0.8245,0.2677
1782310123497,33723,-0.23975,-1.05322,0.72656,1.30178,-18.062,-62.5,28.0,-0.2647,-0.4235,0.8299,0.248
1782310123519,33745,-0.23975,-1.05322,0.72656,1.30178,-18.062,-62.5,28.0,-0.2647,-0.4235,0.8299,0.248
1782310123524,33750,-0.24609,-1.07471,0.74585,1.33111,-18.375,-60.125,26.312,-0.2632,-0.4245,0.8306,0.2458
1782310123528,33754,-0.38135,-0.99194,0.63062,1.23574,-33.125,-15.625,-6.312,-0.2572,-0.4353,0.8298,0.2355
1782310123569,33795,-0.3689,-0.96997,0.58374,1.19066,-29.125,-11.25,-11.625,-0.257,-0.4365,0.8293,0.2353
1782310123585,33811,-0.31299,-0.96216,0.55518,1.1541,-24.375,-10.938,-13.125,-0.2565,-0.4377,0.8288,0.2353
1782310123696,33922,-0.23169,-1.06689,0.42505,1.17158,-12.438,7.125,-12.75,-0.2573,-0.4399,0.8262,0.2394
1782310123696,33922,-0.22388,-1.02246,0.34912,1.10337,-23.875,12.562,-17.812,-0.2579,-0.4416,0.8249,0.2404
1782310123746,33972,-0.24609,-1.00513,0.33105,1.08648,-28.125,17.562,-22.812,-0.2581,-0.4421,0.8243,0.2408
1782310123749,33975,0.22021,-0.69824,0.01929,0.7324,-33.938,137.562,-86.125,-0.2825,-0.4562,0.7979,0.274
1782310123751,33977,0.21045,-0.75757,-0.17017,0.80446,-8.875,115.062,-109.312,-0.2875,-0.4575,0.7915,0.2852
1782310123752,33978,0.36841,-0.65991,-0.13721,0.76814,19.5,75.875,-110.938,-0.2885,-0.4578,0.7878,0.2938
1782310123752,33978,0.28369,-0.83081,0.17676,0.89553,82.938,-98.375,-17.625,-0.2596,-0.4464,0.796,0.3152
1782310123753,33979,0.24243,-0.71094,0.12036,0.76072,55.688,-97.562,7.375,-0.2532,-0.4453,0.7993,0.3136
1782310123755,33981,0.21582,-0.59839,0.08008,0.64114,42.875,-97.625,24.062,-0.2496,-0.4449,0.8015,0.3116
1782310123756,33982,-0.03198,-0.10571,0.27393,0.29536,92.562,-106.5,100.5,-0.2252,-0.4293,0.8274,0.2832
1782310123903,34129,-0.11963,-0.14868,0.37988,0.42512,93.875,-102.438,115.875,-0.2182,-0.4211,0.8375,0.271
1782310123910,34136,-0.17871,-0.19141,0.42627,0.50028,89.312,-95.75,123.812,-0.2157,-0.4155,0.8427,0.2655
1782310123913,34139,-0.3269,-0.27734,0.46411,0.63181,37.312,-52.562,102.312,-0.2073,-0.3901,0.8688,0.2229
1782310123913,34139,-0.3269,-0.27734,0.46411,0.63181,37.312,-52.562,102.312,-0.2073,-0.3901,0.8688,0.2229
1782310123943,34169,-0.2998,-0.23389,0.46191,0.59829,34.125,-49.438,93.5,-0.2067,-0.3883,0.8708,0.2188
1782310123947,34173,-0.11255,-0.23901,0.55371,0.6135,66.625,-92.438,-9.688,-0.1867,-0.3706,0.8869,0.2025
1782310123948,34174,-0.11963,-0.25854,0.57153,0.63859,67.688,-96.875,-19.25,-0.1821,-0.3688,0.8886,0.2022
1782310124041,34267,-0.12207,-0.2644,0.59155,0.65935,67.5,-99.875,-28.562,-0.1774,-0.3673,0.8903,0.2021
1782310124084,34310,-0.12207,-0.2644,0.59155,0.65935,67.5,-99.875,-28.562,-0.1774,-0.3673,0.8903,0.2021
1782310124091,34317,-0.06934,-0.1521,0.58057,0.60416,74.562,-57.062,-48.812,-0.1296,-0.3486,0.9021,0.2183
1782310124114,34340,0.03833,-0.14185,0.66553,0.68156,91.875,-61.938,-57.0,-0.1229,-0.343,0.9035,0.225
1782310124134,34360,0.12402,-0.53198,0.94629,1.09263,100.0,-112.5,-97.375,-0.0766,-0.3161,0.9118,0.2504
1782310124185,34411,0.06592,-0.4563,0.86719,0.98213,90.938,-117.438,-108.438,-0.0662,-0.3128,0.9125,0.2546
1782310124188,34414,0.03442,-0.3335,0.79614,0.86386,87.0,-117.5,-123.688,-0.0531,-0.3088,0.912,0.2643
1782310124196,34422,0.31177,-0.19922,1.06641,1.12877,151.062,-85.562,-110.875,0.0056,-0.2813,0.9102,0.3036
1782310124204,34430,0.31177,-0.19922,1.06641,1.12877,151.062,-85.562,-110.875,0.0056,-0.2813,0.9102,0.3036
1782310124206,34432,0.43237,-0.30859,1.24756,1.35594,165.938,-75.0,-99.312,0.0153,-0.2731,0.911,0.3082
1782310124251,34477,0.4187,-0.55249,1.42212,1.58208,152.125,-53.562,-59.125,0.0698,-0.2168,0.9118,0.3413
1782310124273,34499,0.45483,-0.51855,1.48584,1.63813,157.438,-52.0,-57.0,0.0772,-0.2086,0.9124,0.3432
1782310124274,34500,0.47754,-0.58154,1.56274,1.73447,161.25,-42.688,-44.875,0.0851,-0.1977,0.9113,0.3507
1782310124296,34522,0.47754,-0.58154,1.56274,1.73447,161.25,-42.688,-44.875,0.0851,-0.1977,0.9113,0.3507
1782310124303,34529,0.42236,-0.54053,1.48364,1.63455,93.312,24.312,72.438,0.0988,-0.1548,0.9193,0.3477
1782310124308,34534,0.40356,-0.57861,1.44507,1.60807,90.438,23.312,77.75,0.0986,-0.1513,0.9211,0.3445
1782310124308,34534,0.25,-0.55225,1.16577,1.31396,112.875,-65.188,-25.188,0.1166,-0.118,0.9273,0.3353
1782310124309,34535,0.22241,-0.54126,1.09253,1.23938,113.312,-69.125,-34.375,0.1231,-0.1127,0.9269,0.3358
1782310124310,34536,0.20068,-0.52588,1.03564,1.17872,112.0,-68.312,-37.812,0.127,-0.1097,0.9252,0.34
1782310124336,34562,0.41138,-0.48169,0.98804,1.17366,42.812,-30.938,21.188,0.1548,-0.0855,0.9216,0.3452
1782310124370,34596,0.43457,-0.47949,0.97632,1.17131,35.875,-33.312,24.812,0.1565,-0.0848,0.9219,0.3438
1782310124371,34597,0.41504,-0.47681,0.93066,1.12505,30.125,-36.312,28.5,0.158,-0.0848,0.9215,0.3442
1782310124375,34601,0.09766,-0.21094,0.81934,0.85168,52.688,-42.625,50.312,0.1773,-0.084,0.923,0.3306
1782310124447,34673,0.15308,-0.24048,0.95972,1.00116,63.125,-35.188,52.75,0.181,-0.0818,0.9233,0.3282
1782310124464,34690,0.17627,-0.29785,1.04517,1.10098,64.875,-32.438,56.562,0.1829,-0.0803,0.9241,0.3254
1782310124475,34701,0.05908,-0.43896,1.08154,1.16872,8.688,5.938,73.062,0.1881,-0.0763,0.9296,0.3071
1782310124526,34752,0.06396,-0.38647,1.06714,1.13677,3.25,12.688,71.812,0.1873,-0.0766,0.9307,0.3043
1782310124527,34753,0.08252,-0.27222,1.08423,1.12092,-3.188,25.062,65.812,0.1846,-0.0778,0.9321,0.3015
1782310124528,34754,0.44336,-0.22168,1.21729,1.31435,17.75,17.062,-12.188,0.1721,-0.0742,0.9367,0.2954
1782310124640,34866,0.44531,-0.22192,1.19824,1.29743,17.375,13.75,-19.562,0.1718,-0.0733,0.9367,0.296
1782310124696,34922,0.45044,-0.21826,1.18164,1.28328,15.375,11.312,-28.188,0.1713,-0.072,0.9361,0.2982
1782310124711,34937,0.45044,-0.21826,1.18164,1.28328,15.375,11.312,-28.188,0.1713,-0.072,0.9361,0.2982
1782310124730,34956,0.40039,-0.06567,1.15137,1.22077,-32.25,50.438,17.375,0.1877,-0.0605,0.9225,0.3315
1782310124840,35066,0.50098,0.06543,1.08887,1.20037,-50.312,61.312,33.312,0.1818,-0.0628,0.924,0.3303
1782310125027,35253,0.52783,0.11646,0.98364,1.12237,12.312,0.062,-1.188,0.1677,-0.0676,0.9263,0.3303
1782310125028,35254,0.50879,0.10327,0.97168,1.10168,15.875,-0.062,-1.875,0.168,-0.067,0.9263,0.3303
1782310125078,35304,0.4939,0.08472,0.96973,1.09155,17.375,0.625,-1.5,0.1681,-0.0667,0.9253,0.333
1782310125140,35366,0.54712,-0.04248,0.96851,1.11317,20.688,-3.25,-7.5,0.1705,-0.0595,0.9235,0.3382
1782310125141,35367,0.54712,-0.04248,0.96851,1.11317,20.688,-3.25,-7.5,0.1705,-0.0595,0.9235,0.3382
1782310125143,35369,0.54858,-0.05103,0.9585,1.10556,19.375,-7.688,-5.438,0.1716,-0.0584,0.9227,0.3399
1782310125505,35731,0.3811,-0.11548,0.97485,1.05305,-6.125,-32.438,20.812,0.1797,-0.0618,0.9216,0.3381
1782310125510,35736,0.27124,0.17603,0.78247,0.84665,-13.812,-15.375,46.312,0.1895,-0.0747,0.921,0.3316
1782310125512,35738,0.27124,0.17603,0.78247,0.84665,-13.812,-15.375,46.312,0.1895,-0.0747,0.921,0.3316
1782310125610,35836,0.21558,0.20728,0.79053,0.84521,-6.812,-5.188,62.125,0.1895,-0.077,0.9222,0.3278
1782310125746,35972,0.17383,0.05591,0.9458,0.96327,16.0,23.312,59.5,0.1816,-0.0771,0.9332,0.3
1782310125747,35973,0.18433,0.03149,0.95801,0.97609,16.812,21.25,50.375,0.1807,-0.0765,0.9341,0.2979
1782310125747,35973,0.31982,0.16553,0.896,0.96566,19.688,3.375,-19.375,0.1774,-0.067,0.9361,0.2957
1782310125747,35973,0.28467,0.14258,0.91162,0.96562,41.188,-0.875,-26.812,0.1786,-0.063,0.9357,0.2973
1782310125747,35973,0.29297,0.14771,0.92578,0.9822,44.5,-0.688,-27.5,0.179,-0.062,0.9356,0.2977
1782310125844,36070,0.26855,-0.10352,1.1394,1.17519,35.25,2.562,-19.375,0.1829,-0.0447,0.9336,0.3045
1782310125844,36070,0.26123,-0.12476,1.14722,1.18318,30.812,2.562,-23.25,0.1832,-0.0433,0.9334,0.3051
1782310125864,36090,0.42139,0.15527,0.99976,1.09599,0.25,19.312,-16.25,0.1776,-0.0361,0.9291,0.3221
1782310125989,36215,0.40063,0.11011,1.02197,1.1032,6.25,18.25,-8.5,0.1766,-0.0351,0.9295,0.3217
1782310125989,36215,0.38354,0.06665,1.03247,1.10342,7.812,17.875,-4.438,0.176,-0.0345,0.9295,0.3218
1782310126061,36287,0.28442,0.02734,0.96997,1.01118,-5.812,7.062,-17.062,0.1703,-0.0338,0.9291,0.3259
1782310126062,36288,0.2207,0.07617,0.85669,0.88793,-1.312,12.938,-32.125,0.1514,-0.037,0.9286,0.3364
1782310126109,36335,0.2207,0.07617,0.85669,0.88793,-1.312,12.938,-32.125,0.1514,-0.037,0.9286,0.3364
1782310126116,36342,0.21631,0.08252,0.87036,0.90063,2.5,14.562,-32.875,0.1507,-0.0361,0.9282,0.338
1782310126141,36367,0.32007,0.02124,0.95459,1.00704,0.125,22.125,-12.562,0.143,-0.0303,0.9264,0.3466
1782310126141,36367,0.32007,0.02124,0.95459,1.00704,0.125,22.125,-12.562,0.143,-0.0303,0.9264,0.3466
1782310126143,36369,0.31299,0.021,0.97485,1.02408,1.438,17.875,-11.375,0.1415,-0.0295,0.9264,0.3474
1782310126143,36369,0.27271,0.03589,1.02295,1.05929,6.312,2.5,-14.812,0.1375,-0.0256,0.9246,0.3539
1782310126200,36426,0.27271,0.03589,1.02295,1.05929,6.312,2.5,-14.812,0.1375,-0.0256,0.9246,0.3539
1782310126200,36426,0.25049,0.05029,1.01953,1.05105,9.25,-4.188,-19.25,0.1379,-0.0247,0.9244,0.3544
1782310126208,36434,0.23999,0.14087,1.052,1.08818,4.188,-1.188,-24.562,0.1414,-0.02,0.9203,0.364
1782310126229,36455,0.22534,0.13574,1.02661,1.05978,0.625,0.312,-19.562,0.1414,-0.0193,0.9197,0.3654
1782310126229,36455,0.23071,0.1438,1.00977,1.04573,0.438,1.0,-18.938,0.1414,-0.0191,0.9194,0.3662
1782310126229,36455,0.28857,0.08569,1.07764,1.11889,7.938,-2.25,-19.938,0.1428,-0.0151,0.9167,0.3725
1782310126230,36456,0.26538,0.13184,0.94751,0.99277,6.562,-8.062,-3.188,0.1474,-0.013,0.9129,0.3803
1782310126253,36479,0.26538,0.13184,0.94751,0.99277,6.562,-8.062,-3.188,0.1474,-0.013,0.9129,0.3803
1782310126254,36480,0.26318,0.11987,0.95166,0.99463,5.688,-5.875,0.625,0.1479,-0.0126,0.913,0.3796
1782310126259,36485,0.20044,0.02539,0.94507,0.96643,-4.562,-7.625,4.25,0.149,-0.0147,0.9139,0.3769
1782310126260,36486,0.16699,-0.00024,0.94238,0.95706,-4.875,-6.062,3.875,0.1492,-0.0155,0.9136,0.3777
1782310126261,36487,0.15283,-0.00073,0.93188,0.94433,-7.625,-1.688,5.062,0.1491,-0.0161,0.9136,0.3775
1782310126261,36487,0.15283,-0.00073,0.93188,0.94433,-7.625,-1.688,5.062,0.1491,-0.0161,0.9136,0.3775
1782310126261,36487,0.19067,-0.06372,0.90869,0.93066,-17.5,12.125,20.0,0.1414,-0.0213,0.9174,0.3711
1782310126261,36487,0.16821,-0.08643,0.90503,0.92458,-19.375,10.875,19.812,0.1406,-0.022,0.9177,0.3704
1782310126261,36487,0.07983,-0.00854,0.82886,0.83274,-23.75,16.5,2.375,0.1316,-0.0303,0.9202,0.367
1782310126261,36487,0.07983,-0.00854,0.82886,0.83274,-23.75,16.5,2.375,0.1316,-0.0303,0.9202,0.367
1782310126336,36562,0.10278,0.03735,0.81909,0.82636,-21.5,18.938,-0.938,0.13,-0.0309,0.9208,0.3659
1782310126336,36562,0.26001,0.0564,0.93115,0.96841,-0.188,11.312,-8.562,0.1206,-0.0294,0.9212,0.3684
1782310126337,36563,0.26001,0.0564,0.93115,0.96841,-0.188,11.312,-8.562,0.1206,-0.0294,0.9212,0.3684
1782310126356,36582,0.25049,0.05981,0.93042,0.9654,-1.125,8.938,-10.75,0.1202,-0.0291,0.9213,0.3682
1782310126399,36625,0.22729,0.05054,1.03784,1.06364,13.312,7.625,-4.25,0.1191,-0.0252,0.9197,0.373
1782310126426,36652,0.14648,0.00977,1.14893,1.15827,-8.875,16.188,-0.5,0.1132,-0.0227,0.9193,0.3759
1782310126427,36653,0.12573,-0.03198,1.15332,1.16059,-11.688,16.25,-1.375,0.1118,-0.0228,0.9199,0.375
1782310126427,36653,0.11914,-0.05029,1.1499,1.15715,-14.438,16.062,-2.875,0.1109,-0.0231,0.9199,0.3752
1782310126443,36669,0.11914,-0.05029,1.1499,1.15715,-14.438,16.062,-2.875,0.1109,-0.0231,0.9199,0.3752
1782310126454,36680,0.13794,0.12158,1.08374,1.09923,-24.25,26.062,-19.438,0.099,-0.0286,0.9168,0.3854
1782310126454,36680,0.14941,0.12817,1.07471,1.09259,-23.938,28.125,-16.562,0.0975,-0.029,0.9166,0.3863
1782310126470,36696,0.14941,0.12817,1.07471,1.09259,-23.938,28.125,-16.562,0.0975,-0.029,0.9166,0.3863
1782310126473,36699,0.06445,0.05103,1.0918,1.09489,-11.125,22.188,-17.625,0.0823,-0.0305,0.916,0.3911
1782310126478,36704,0.06714,0.05396,1.08569,1.0891,-9.188,21.188,-20.938,0.0813,-0.0304,0.9158,0.392
1782310126492,36718,0.06396,0.05493,1.14551,1.14861,-2.812,22.75,-9.375,0.0732,-0.0272,0.913,0.4001
1782310126493,36719,0.07007,0.05981,1.14722,1.15091,-2.5,23.125,-5.375,0.0717,-0.0266,0.9127,0.4011
1782310126494,36720,0.06567,0.05225,1.15356,1.15661,-2.125,22.562,-3.125,0.0708,-0.0263,0.9127,0.4013
1782310126495,36721,0.01929,-0.00635,1.18115,1.18132,1.25,17.875,-13.562,0.0636,-0.0206,0.9111,0.4066
1782310126497,36723,0.05151,0.03345,1.15039,1.15203,8.5,19.125,18.562,0.0545,-0.0147,0.9128,0.4042
1782310126497,36723,0.03735,0.01416,1.15967,1.16036,10.0,19.312,20.5,0.0539,-0.014,0.9132,0.4035
1782310126497,36723,0.03003,-0.00854,1.17627,1.17668,11.0,19.812,22.562,0.0532,-0.0133,0.9136,0.4025
1782310126498,36724,0.03003,-0.00854,1.17627,1.17668,11.0,19.812,22.562,0.0532,-0.0133,0.9136,0.4025
1782310126502,36728,0.02148,-0.05884,1.14746,1.14917,-9.25,18.5,17.938,0.0447,-0.0106,0.9178,0.3941
1782310126502,36728,0.02686,-0.04736,1.13452,1.13583,-9.688,17.688,19.0,0.0438,-0.0108,0.9182,0.3934
1782310126503,36729,0.02686,-0.04736,1.13452,1.13583,-9.688,17.688,19.0,0.0438,-0.0108,0.9182,0.3934
1782310126503,36729,-0.06519,-0.00952,0.99707,0.99924,-10.312,29.25,57.5,0.0312,-0.0122,0.9263,0.3749
1782310126505,36731,-0.0813,-0.01514,1.00269,1.00609,-10.188,30.062,58.188,0.0297,-0.0122,0.9273,0.3727
1782310126506,36732,-0.16528,-0.12573,0.94336,0.96595,-28.125,39.938,39.375,0.0098,-0.0138,0.9364,0.3502
1782310126512,36738,-0.15063,-0.10132,0.88989,0.90822,-30.375,42.688,33.125,0.0054,-0.015,0.9374,0.3475
1782310126593,36819,-0.12744,-0.07666,0.85278,0.86565,-30.562,45.188,29.688,0.0009,-0.0161,0.9385,0.3444
1782310126711,36937,-0.10254,-0.15527,0.82349,0.84425,-31.875,60.125,16.375,-0.0195,-0.0195,0.9423,0.3333
1782310126725,36951,-0.04346,-0.073,0.70142,0.70655,-34.0,46.438,-25.0,-0.0523,-0.0291,0.9424,0.3287
1782310126771,36997,-0.02734,-0.07129,0.70825,0.71235,-33.0,47.312,-28.0,-0.0569,-0.0306,0.9414,0.3308
1782310126772,36998,-0.02002,-0.05127,0.7312,0.73327,-32.812,49.562,-30.0,-0.0615,-0.0322,0.9415,0.3295
1782310126828,37054,0.12036,-0.05298,0.77979,0.7908,-32.625,44.5,-30.875,-0.0761,-0.0368,0.9384,0.3348
1782310126829,37055,0.05518,-0.02368,0.8772,0.87925,-31.625,18.312,-79.875,-0.0936,-0.0509,0.9304,0.3503
1782310126834,37060,0.24487,0.24585,0.79834,0.87049,-14.25,12.812,-48.625,-0.0993,-0.0642,0.9143,0.3872
1782310126835,37061,0.23853,0.23779,0.7959,0.86423,-10.875,11.062,-42.938,-0.0996,-0.0646,0.9135,0.3889
1782310126836,37062,0.22461,0.22705,0.79956,0.86099,-7.188,8.75,-38.688,-0.0998,-0.0648,0.9128,0.3904
1782310126837,37063,0.22461,0.22705,0.79956,0.86099,-7.188,8.75,-38.688,-0.0998,-0.0648,0.9128,0.3904
1782310126837,37063,0.04053,0.22437,0.78345,0.81595,29.25,-36.062,-65.688,-0.09,-0.0629,0.9061,0.4084
1782310126838,37064,0.01562,0.23438,0.77612,0.81089,32.5,-40.75,-72.125,-0.0877,-0.0624,0.9051,0.4111
1782310126845,37071,-0.02954,0.27466,0.87769,0.92014,77.562,-50.188,-91.875,-0.0545,-0.0499,0.8883,0.453
1782310126879,37105,-0.04224,0.27173,0.89453,0.93584,80.812,-49.812,-91.938,-0.0508,-0.0479,0.8868,0.4566
1782310126892,37118,-0.03955,0.27832,0.91064,0.95304,84.25,-49.125,-92.125,-0.047,-0.0458,0.8853,0.4601
1782310126892,37118,-0.08936,0.27637,1.03027,1.07043,121.25,-33.438,-83.312,-0.0086,-0.0151,0.8672,0.4974
1782310126936,37162,-0.09106,0.27295,1.0459,1.08476,123.812,-30.688,-83.125,-0.0047,-0.0112,0.8655,0.5005
1782310126938,37164,-0.08716,0.27002,1.06494,1.10209,125.875,-28.562,-83.375,-0.0009,-0.007,0.8638,0.5035
1782310126939,37165,-0.00293,0.21216,1.21436,1.23276,141.562,-34.625,-103.438,0.039,0.0371,0.8394,0.5406
1782310126985,37211,0.00293,0.21533,1.22681,1.24557,144.75,-37.125,-107.812,0.0479,0.0461,0.8339,0.5477
1782310126991,37217,0.00488,0.1936,1.24536,1.26033,146.5,-38.75,-111.0,0.057,0.0549,0.8259,0.5581
1782310126996,37222,0.0249,0.15479,1.24658,1.2564,131.938,-35.125,-107.562,0.0923,0.0885,0.7966,0.5906
1782310127087,37313,0.02563,0.15698,1.23901,1.24918,129.25,-32.562,-104.625,0.0963,0.0924,0.7933,0.5938
1782310127093,37319,0.0332,0.16748,1.23828,1.25,126.688,-29.375,-100.812,0.1,0.0963,0.79,0.5969
1782310127093,37319,0.0332,0.16748,1.23828,1.25,126.688,-29.375,-100.812,0.1,0.0963,0.79,0.5969
1782310127173,37399,0.14014,0.08252,1.23926,1.24989,91.938,-10.25,-52.0,0.1326,0.1318,0.7582,0.6244
1782310127239,37465,0.15479,0.0957,1.22632,1.23975,89.75,-10.375,-47.688,0.135,0.1346,0.7564,0.6255
1782310127243,37469,0.08887,0.07764,1.15991,1.1659,56.125,-4.75,4.875,0.1583,0.1553,0.741,0.6336
1782310127255,37481,0.06152,0.06006,1.1543,1.1575,51.938,-1.438,10.312,0.1597,0.1567,0.7409,0.633
1782310127258,37484,0.04175,0.03711,1.14136,1.14273,47.312,2.375,15.438,0.161,0.158,0.741,0.6323
1782310127328,37554,0.10083,0.0293,1.06616,1.07132,11.75,2.562,35.25,0.1663,0.1641,0.7456,0.6239
1782310127352,37578,0.0354,-0.02295,1.07153,1.07236,-28.438,-12.5,14.875,0.1685,0.1549,0.754,0.6154
1782310127354,37580,0.13672,0.28296,0.88403,0.93823,-6.25,-86.0,-52.188,0.1746,0.126,0.7487,0.6267
1782310127355,37581,0.12939,0.27954,0.88525,0.93731,1.75,-84.875,-54.125,0.177,0.1242,0.7467,0.6289
1782310127355,37581,0.10474,0.24561,0.90283,0.94149,5.938,-82.625,-51.562,0.1794,0.1224,0.7446,0.6309
1782310127355,37581,0.10474,0.24561,0.90283,0.94149,5.938,-82.625,-51.562,0.1794,0.1224,0.7446,0.6309
1782310127411,37637,0.17285,0.25879,0.98901,1.03682,-50.375,-43.375,-21.688,0.1871,0.0999,0.7338,0.6452
1782310127493,37719,0.16162,0.27173,0.95557,1.00651,-51.062,-41.625,-16.688,0.187,0.0973,0.7332,0.6464
1782310127493,37719,0.10474,0.40063,0.94824,1.03471,-35.5,-27.062,10.75,0.1818,0.0698,0.737,0.647
1782310127496,37722,0.09448,0.32153,0.95483,1.01193,-38.688,-13.562,21.312,0.1809,0.0653,0.738,0.6466
1782310127517,37743,0.09009,0.30469,0.95044,1.00214,-44.062,-7.688,25.375,0.1799,0.0639,0.7396,0.6452
1782310127519,37745,0.25879,0.40479,0.91577,1.03415,-59.375,12.062,34.688,0.1638,0.0487,0.7506,0.6381
1782310127524,37750,0.25684,0.39502,0.90698,1.02207,-57.812,8.625,33.5,0.162,0.0468,0.7517,0.6373
1782310127553,37779,0.25195,0.38892,0.89453,1.00743,-57.375,5.688,32.938,0.1603,0.045,0.7528,0.6367
1782310127558,37784,0.1604,0.34155,0.92261,0.99679,-80.625,10.438,43.688,0.1414,0.0225,0.7659,0.6266
1782310127589,37815,0.17285,0.34204,0.92358,0.99993,-82.438,14.188,46.75,0.1389,0.02,0.7673,0.6256
1782310127591,37817,0.18115,0.34692,0.93286,1.01163,-84.125,17.125,49.625,0.1362,0.0174,0.7687,0.6245
1782310127592,37818,0.17627,0.27783,0.91626,0.97355,-68.688,22.188,70.438,0.1082,-0.0068,0.7886,0.6051
1782310127645,37871,0.15918,0.25806,0.92822,0.97649,-67.75,26.5,75.188,0.1056,-0.0087,0.7906,0.6029
1782310127651,37877,0.13452,0.2334,0.94873,0.98624,-67.312,31.25,80.75,0.1029,-0.0105,0.7927,0.6005
1782310127658,37884,0.16846,0.11914,1.01245,1.03326,-80.75,70.75,97.0,0.0631,-0.0268,0.8197,0.5685
1782310127713,37939,0.15039,0.12354,0.99878,1.01757,-78.562,72.625,97.125,0.0585,-0.028,0.8221,0.5654
1782310127721,37947,0.12769,0.12769,0.98389,1.00032,-76.438,74.938,97.125,0.054,-0.0291,0.8245,0.5623
1782310127777,38003,0.13525,-0.0376,0.94971,0.96003,-55.938,51.938,82.688,0.0121,-0.0378,0.8478,0.5285
1782310127794,38020,0.11621,-0.01611,0.93994,0.94723,-53.5,43.125,77.0,0.0076,-0.0392,0.8504,0.5244
1782310127803,38029,0.10693,0.01001,0.93921,0.94533,-52.0,36.875,73.438,0.005,-0.0402,0.852,0.5218
1782310127833,38059,0.03198,0.08496,0.91675,0.92123,-19.062,0.25,42.0,-0.009,-0.0493,0.8627,0.5029
1782310127851,38077,0.02856,0.08203,0.92285,0.92693,-16.062,-2.875,38.75,-0.0093,-0.0498,0.8635,0.5015
1782310127861,38087,0.13159,0.11426,1.0188,1.0336,23.125,-49.25,29.062,0.0016,-0.0532,0.8692,0.4913
1782310127890,38116,0.3728,0.17798,1.12329,1.19684,28.188,-62.0,31.125,0.0046,-0.0534,0.8699,0.4901
1782310127893,38119,0.27466,0.16333,1.10449,1.14979,32.375,-81.625,38.875,0.0081,-0.0538,0.8707,0.4885
1782310127911,38137,-0.02026,-0.08618,1.29541,1.29843,26.312,-32.625,44.75,0.0303,-0.0516,0.8785,0.4736
1782310127960,38186,-0.01416,-0.11133,1.29175,1.29662,26.312,-37.938,47.625,0.0321,-0.0514,0.8795,0.4718
1782310127973,38199,-0.03687,-0.11694,1.27881,1.28467,26.875,-38.375,43.375,0.0339,-0.0512,0.8804,0.4699
1782310127974,38200,-0.11865,-0.16016,1.3418,1.35652,18.0,-9.188,34.375,0.049,-0.0466,0.8853,0.4598
1782310128021,38247,-0.11865,-0.20288,1.36963,1.38965,12.125,-3.25,38.875,0.0494,-0.0462,0.8864,0.4577
1782310128028,38254,-0.10254,-0.23413,1.37183,1.39544,7.375,0.438,38.938,0.0493,-0.046,0.8872,0.4562
1782310128028,38254,-0.01758,-0.03833,1.13721,1.13799,8.688,-9.688,40.188,0.0477,-0.0479,0.8954,0.4398
1782310128090,38316,-0.02368,-0.04712,1.13892,1.14014,14.188,-9.0,42.562,0.0481,-0.0476,0.8962,0.4382
1782310128121,38347,-0.02539,-0.05566,1.14746,1.14909,16.812,-6.938,44.062,0.0485,-0.0472,0.897,0.4365
1782310128134,38360,-0.01636,-0.05957,1.01587,1.01775,35.875,-13.688,27.438,0.0556,-0.0391,0.9053,0.419
1782310128141,38367,-0.03369,-0.06128,0.97729,0.97979,31.312,-13.875,27.5,0.0566,-0.0382,0.9058,0.4179
1782310128141,38367,-0.04395,-0.04395,0.93213,0.9342,26.562,-11.75,29.312,0.0574,-0.0374,0.9063,0.4167
1782310128142,38368,-0.08228,0.10938,0.79785,0.80951,20.312,28.375,66.688,0.0548,-0.0293,0.9163,0.3953
1782310128193,38419,-0.07397,0.125,0.79053,0.80376,25.0,28.75,68.25,0.054,-0.028,0.9176,0.3926
1782310128194,38420,-0.06641,0.13696,0.79175,0.80625,35.562,27.5,68.625,0.053,-0.0255,0.9194,0.3886
1782310128202,38428,-0.05493,0.11865,0.81982,0.83018,120.625,-12.5,31.25,0.0621,0.0073,0.9293,0.3638
1782310128254,38480,-0.04077,0.10425,0.82031,0.82791,122.938,-17.875,23.688,0.0646,0.0118,0.9296,0.3624
1782310128259,38485,-0.03052,0.11353,0.80957,0.81806,125.062,-23.25,15.562,0.0674,0.0164,0.9297,0.3614
1782310128271,38497,-0.10522,0.07495,0.94336,0.95216,176.0,-33.562,-27.312,0.1062,0.0747,0.9238,0.3598
1782310128323,38549,-0.09644,0.05078,0.97217,0.97826,169.125,-28.375,-23.438,0.1098,0.081,0.9227,0.3601
1782310128355,38581,-0.09106,0.03662,0.99316,0.998,160.938,-23.688,-19.875,0.113,0.087,0.9218,0.3602
1782310128362,38588,0.18359,0.26685,0.93994,0.99418,80.625,-30.0,-71.688,0.1371,0.1363,0.9109,0.3642
1782310128371,38597,0.16284,0.27344,0.92871,0.98173,75.062,-29.062,-74.438,0.1389,0.1392,0.9091,0.3668
1782310128372,38598,0.11304,0.31763,0.91943,0.97929,73.812,-19.875,-69.812,0.142,0.1451,0.9059,0.3713
1782310128372,38598,0.28638,0.39551,0.99683,1.11001,59.625,30.688,-57.0,0.143,0.1742,0.8947,0.3852
1782310128470,38696,0.31372,0.40308,1.01465,1.13596,59.688,33.062,-52.75,0.1424,0.1773,0.8936,0.3866
1782310128495,38721,0.32983,0.38208,1.05713,1.17145,58.438,36.812,-43.625,0.1408,0.1835,0.8921,0.3878
1782310128505,38731,0.22729,0.15674,1.15747,1.18994,13.312,29.688,-48.875,0.1304,0.2024,0.887,0.3936
1782310128510,38736,0.22729,0.15674,1.15747,1.18994,13.312,29.688,-48.875,0.1304,0.2024,0.887,0.3936
1782310128776,39002,0.26074,0.18433,1.11768,1.1624,4.562,20.812,-59.625,0.1262,0.2051,0.8853,0.3975
1782310128810,39036,0.25879,0.0752,0.99756,1.03332,-21.812,-5.562,-72.812,0.1173,0.2062,0.878,0.4154
1782310128811,39037,0.12402,0.05786,0.9021,0.91242,-48.312,-16.25,-52.938,0.1081,0.1857,0.8694,0.4446
1782310128812,39038,0.09033,0.10156,0.88379,0.89418,-52.875,-4.062,-36.688,0.1061,0.1818,0.8685,0.4484
1782310128812,39038,0.08887,0.13721,0.88159,0.89662,-56.188,2.5,-27.188,0.1047,0.1799,0.8685,0.4496
1782310128812,39038,0.17358,0.19971,0.99609,1.03064,-56.312,29.062,43.0,0.0874,0.1629,0.8782,0.4407
1782310128819,39045,-0.00952,0.3396,0.80029,0.86942,-42.562,34.0,126.812,0.0357,0.0979,0.9343,0.3405
1782310128848,39074,-0.00952,0.3396,0.80029,0.86942,-42.562,34.0,126.812,0.0357,0.0979,0.9343,0.3405
1782310128884,39110,-0.04614,0.31592,0.81665,0.87684,-43.875,45.812,145.438,0.0314,0.0948,0.94,0.3261
1782310128885,39111,-0.07324,0.36865,0.80664,0.88991,-65.75,69.188,177.812,0.0063,0.0808,0.9627,0.2576
1782310128929,39155,-0.07324,0.36865,0.80664,0.88991,-65.75,69.188,177.812,0.0063,0.0808,0.9627,0.2576
1782310128929,39155,-0.08936,0.38135,0.78613,0.8783,-66.312,69.0,179.625,0.0033,0.079,0.9649,0.2501
1782310128929,39155,-0.16724,0.3855,0.84766,0.9461,-44.062,64.25,197.062,-0.0252,0.0645,0.9839,0.1641
1782310128972,39198,-0.19238,0.354,0.87036,0.95909,-43.812,62.812,195.375,-0.0288,0.0628,0.9859,0.1515
1782310128986,39212,-0.2229,0.29468,0.87378,0.94869,-43.75,60.562,186.312,-0.0338,0.0606,0.9885,0.134
1782310128988,39214,-0.22925,0.18701,0.88843,0.9364,-47.375,34.562,83.125,-0.0512,0.0493,0.9941,0.081
1782310129023,39249,-0.22241,0.15601,0.87939,0.9204,-51.562,26.938,65.438,-0.0532,0.0465,0.9945,0.0762
1782310129041,39267,-0.21143,0.14038,0.85938,0.89607,-54.75,17.812,46.938,-0.0554,0.0422,0.9951,0.0689
1782310129044,39270,-0.21021,0.15454,0.74023,0.78486,-20.188,15.188,35.562,-0.0615,0.0262,0.9963,0.0512
1782310129087,39313,-0.19897,0.16162,0.72485,0.76884,-7.25,17.875,44.125,-0.0622,0.026,0.9964,0.0494
1782310129100,39326,-0.19556,0.15894,0.74414,0.78565,13.0,19.188,58.375,-0.0635,0.0266,0.9966,0.0438
1782310129116,39342,-0.21191,0.02515,0.88818,0.91346,38.812,-4.312,64.312,-0.0662,0.0419,0.9968,0.0092
1782310129155,39381,-0.21191,0.02515,0.88818,0.91346,38.812,-4.312,64.312,-0.0662,0.0419,0.9968,0.0092
1782310129159,39385,-0.22729,0.02026,0.90552,0.93383,38.062,-6.0,59.938,-0.0659,0.0437,0.9968,0.0067
1782310129175,39401,-0.23047,0.19092,0.97192,1.01695,39.062,-11.375,64.062,0.0596,-0.0611,-0.996,0.0231
1782310129211,39437,-0.21875,0.21411,1.0166,1.06168,44.562,-10.938,66.062,0.0588,-0.0642,-0.9957,0.027
1782310129212,39438,-0.22241,0.19043,1.04736,1.08752,49.938,-10.375,68.188,0.0581,-0.0674,-0.9954,0.0326
1782310129222,39448,-0.27808,0.01978,1.25854,1.28905,35.812,-0.375,76.938,0.0548,-0.0872,-0.9926,0.0627
1782310129268,39494,-0.26855,0.03833,1.25317,1.28219,30.75,1.938,75.375,0.0546,-0.0894,-0.9921,0.0673
1782310129269,39495,-0.26245,0.05347,1.25586,1.2841,27.75,2.875,74.188,0.0549,-0.0905,-0.9916,0.0731
1782310129270,39496,-0.25391,0.12915,1.30518,1.33591,22.562,-4.625,61.875,0.0532,-0.1016,-0.988,0.1019
1782310129341,39567,-0.2832,0.09033,1.29761,1.33122,19.062,-2.875,61.75,0.0528,-0.1029,-0.9876,0.1057
1782310129356,39582,-0.29639,0.05615,1.29639,1.33102,16.812,-1.125,61.562,0.0528,-0.1036,-0.9871,0.1096
1782310129356,39582,-0.30493,-0.04712,1.24219,1.27994,-19.688,9.375,26.812,0.0546,-0.1021,-0.9837,0.1369
1782310129417,39643,-0.30493,-0.04712,1.24219,1.27994,-19.688,9.375,26.812,0.0546,-0.1021,-0.9837,0.1369
1782310129445,39671,-0.25684,-0.01367,1.18286,1.2105,-25.188,7.0,12.312,0.0554,-0.0992,-0.9832,0.1417
1782310129455,39681,-0.17114,-0.00073,1.06763,1.08126,-37.938,-3.125,-26.375,0.0551,-0.0868,-0.984,0.1447
1782310129456,39682,-0.17114,-0.00073,1.06763,1.08126,-37.938,-3.125,-26.375,0.0551,-0.0868,-0.984,0.1447
1782310129456,39682,-0.16113,0.04248,1.05273,1.06584,-46.688,0.375,-27.0,0.0549,-0.0818,-0.9843,0.1458
1782310129467,39693,-0.01196,0.22827,0.94458,0.97184,-60.812,20.75,-0.375,0.058,-0.0556,-0.9857,0.147
1782310129516,39742,-0.00073,0.22925,0.92432,0.95233,-57.0,21.562,5.375,0.0592,-0.0504,-0.9854,0.151
1782310129520,39746,-0.0105,0.22925,0.92139,0.94954,-54.062,22.062,7.938,0.0599,-0.0468,-0.9854,0.1517
1782310129522,39748,0.03467,0.25562,0.96191,0.9959,-48.5,40.688,17.312,0.0686,-0.0272,-0.9835,0.1648
1782310129569,39795,0.03467,0.25562,0.96191,0.9959,-48.5,40.688,17.312,0.0686,-0.0272,-0.9835,0.1648
1782310129639,39865,0.06738,0.26758,0.98242,1.02044,-45.5,39.5,17.875,0.0712,-0.0228,-0.9825,0.1701
1782310129644,39870,0.06958,0.20435,0.97241,0.99608,-28.0,21.875,22.5,0.0804,-0.0065,-0.979,0.1867
1782310129650,39876,0.06958,0.20435,0.97241,0.99608,-28.0,21.875,22.5,0.0804,-0.0065,-0.979,0.1867
1782310129650,39876,0.0625,0.18018,0.99072,1.00891,-26.312,19.438,20.438,0.0809,-0.0054,-0.9788,0.1876
1782310129691,39917,0.08789,0.15796,0.95142,0.96844,-40.938,13.625,1.75,0.0849,0.0126,-0.975,0.2043
1782310129705,39931,0.09351,0.16382,0.93994,0.95868,-40.562,12.0,1.062,0.085,0.0143,-0.975,0.2045
1782310129733,39959,0.05469,0.17554,0.8667,0.88599,-35.188,1.125,18.438,0.082,0.0311,-0.9717,0.2185
1782310129770,39996,0.05469,0.17554,0.8667,0.88599,-35.188,1.125,18.438,0.082,0.0311,-0.9717,0.2185
1782310129781,40007,0.03467,0.17676,0.84644,0.86539,-36.0,2.938,22.312,0.0816,0.0333,-0.9708,0.2224
1782310129782,40008,0.01489,0.25269,0.79419,0.83355,-29.0,14.562,36.812,0.0831,0.0488,-0.9651,0.243
1782310129807,40033,0.01489,0.25269,0.79419,0.83355,-29.0,14.562,36.812,0.0831,0.0488,-0.9651,0.243
1782310129807,40033,0.01465,0.25122,0.78784,0.82705,-23.75,11.812,37.75,0.0834,0.0504,-0.9637,0.2482
1782310129807,40033,-0.1355,0.20605,0.75171,0.79113,-6.938,10.562,44.375,0.0863,0.0546,-0.9566,0.2727
1782310129869,40095,-0.1355,0.20605,0.75171,0.79113,-6.938,10.562,44.375,0.0863,0.0546,-0.9566,0.2727
1782310129995,40221,-0.14868,0.21143,0.75269,0.79583,-4.062,12.938,43.625,0.0875,0.0552,-0.9541,0.2806
1782310130026,40252,-0.16187,0.21997,0.78101,0.82738,20.438,2.375,33.312,0.0933,0.0513,-0.947,0.3027
1782310130026,40252,-0.16357,0.22046,0.78101,0.82785,21.938,1.312,32.562,0.0935,0.0507,-0.9468,0.3034
1782310130034,40260,-0.15967,0.22095,0.78369,0.82975,24.688,-1.188,30.75,0.0938,0.0498,-0.9456,0.3071
1782310130036,40262,-0.21411,0.23218,0.89575,0.9498,49.688,-21.5,7.562,0.0938,0.0312,-0.9426,0.3187
1782310130038,40264,-0.20093,0.24707,0.92627,0.97949,52.5,-21.562,5.625,0.0935,0.0265,-0.9418,0.3215
1782310130038,40264,-0.19824,0.25391,0.94067,0.9943,53.625,-21.25,5.5,0.0935,0.0239,-0.9418,0.3215
1782310130044,40270,-0.18066,0.28711,1.07397,1.12627,68.062,-19.312,14.5,0.0944,-0.0022,-0.94,0.3276
1782310130051,40277,-0.18066,0.28711,1.07397,1.12627,68.062,-19.312,14.5,0.0944,-0.0022,-0.94,0.3276
1782310130055,40281,-0.19092,0.27881,1.10986,1.16016,70.938,-19.625,15.25,0.0949,-0.0084,-0.939,0.3301
1782310130059,40285,-0.16504,0.3291,1.30811,1.35893,78.188,-21.75,13.375,0.0982,-0.0433,-0.9351,0.3372
1782310130165,40391,-0.16504,0.3291,1.30811,1.35893,78.188,-21.75,13.375,0.0982,-0.0433,-0.9351,0.3372
1782310130174,40400,-0.17285,0.32788,1.32153,1.37252,79.375,-23.25,15.75,0.0986,-0.0485,-0.9343,0.3389
1782310130205,40431,-0.34399,0.0542,1.25757,1.30489,80.25,-17.5,29.062,0.1022,-0.0844,-0.9269,0.3508
1782310130208,40434,-0.36523,-0.02271,1.21338,1.26736,72.438,-16.125,26.438,0.1032,-0.0905,-0.9254,0.353
1782310130404,40630,-0.36499,-0.04053,1.20581,1.26049,70.312,-16.0,25.188,0.1034,-0.092,-0.9251,0.3533
1782310130404,40630,-0.43359,-0.14648,1.00708,1.10619,24.188,-13.688,-12.25,0.1044,-0.1102,-0.9229,0.3535
1782310130404,40630,-0.43359,-0.14648,1.00708,1.10619,24.188,-13.688,-12.25,0.1044,-0.1102,-0.9229,0.3535
1782310130431,40657,-0.36646,-0.08984,0.99219,1.06151,14.125,-8.75,-19.25,0.1045,-0.1114,-0.9233,0.3521
1782310130559,40785,-0.36646,-0.08984,0.99219,1.06151,14.125,-8.75,-19.25,0.1045,-0.1114,-0.9233,0.3521
1782310130563,40789,-0.23242,0.07764,1.01782,1.0469,-2.062,7.188,-10.438,0.1064,-0.1105,-0.9258,0.3451
1782310130565,40791,-0.25049,0.05664,1.02979,1.06133,-7.188,9.75,-6.625,0.1071,-0.1095,-0.9261,0.3444
1782310130567,40793,-0.19775,0.12134,1.04712,1.07252,-18.938,5.25,-45.75,0.1096,-0.1022,-0.929,0.3381
1782310130568,40794,-0.16895,0.14673,1.0498,1.07338,-22.5,4.375,-51.812,0.1097,-0.1004,-0.9302,0.3353
1782310130570,40796,-0.1748,0.15723,1.06812,1.09369,-25.25,5.125,-57.312,0.1098,-0.099,-0.931,0.3333
1782310130571,40797,-0.03564,0.06665,0.96606,0.96901,-34.625,-12.562,-74.438,0.1062,-0.0842,-0.9412,0.3092
1782310130575,40801,-0.03613,0.07153,0.9458,0.94919,-37.375,-12.812,-72.188,0.1055,-0.0824,-0.942,0.3073
1782310130660,40886,-0.03125,0.07617,0.92065,0.92432,-39.812,-12.812,-69.062,0.1047,-0.0806,-0.9431,0.3046
1782310130660,40886,0.04004,0.21802,0.76172,0.79332,-42.5,4.812,-21.938,0.0983,-0.0623,-0.9495,0.2908
1782310130691,40917,0.04004,0.21802,0.76172,0.79332,-42.5,4.812,-21.938,0.0983,-0.0623,-0.9495,0.2908
1782310130819,41045,0.052,0.24634,0.75635,0.79715,-41.25,9.812,-6.938,0.0982,-0.0595,-0.9495,0.2916
1782310130820,41046,-0.01929,0.20239,0.86426,0.88785,-24.312,39.375,106.062,0.1044,-0.0452,-0.9401,0.3209
1782310130820,41046,-0.2041,0.14941,0.9397,0.97315,-5.312,29.25,128.688,0.1174,-0.038,-0.9108,0.3935
1782310130826,41052,-0.21191,0.15234,0.94238,0.97785,-4.438,29.312,129.812,0.1182,-0.038,-0.9085,0.3986
1782310130832,41058,-0.21289,0.14453,0.93994,0.97452,-3.688,28.5,130.875,0.1191,-0.038,-0.9062,0.4037
1782310130936,41162,-0.24854,0.08667,1.01221,1.04587,-9.625,24.0,128.562,0.1248,-0.0375,-0.8857,0.4454
1782310130961,41187,-0.25269,0.08423,1.01001,1.04454,-10.625,22.938,126.75,0.1253,-0.0371,-0.8826,0.4514
1782310130961,41187,-0.25171,0.08301,1.00146,1.03594,-11.0,22.062,124.625,0.1257,-0.0369,-0.8801,0.4561
1782310130966,41192,-0.27246,0.10913,0.95728,1.00126,-12.438,15.312,112.438,0.1282,-0.0347,-0.8563,0.4988
1782310131006,41232,-0.28955,0.10229,0.95117,0.99951,-13.312,16.5,111.0,0.1286,-0.0341,-0.8513,0.5073
1782310131024,41250,-0.28687,0.11768,0.94531,0.99486,-14.625,18.125,110.375,0.1289,-0.0336,-0.8476,0.5134
1782310131025,41251,-0.22046,0.16626,0.98364,1.02166,-15.25,22.688,110.062,0.1315,-0.0289,-0.8239,0.5502
1782310131191,41417,-0.22046,0.16138,0.98511,1.0223,-14.375,21.125,109.0,0.132,-0.028,-0.8189,0.5576
1782310131193,41419,-0.22192,0.15381,0.98657,1.02285,-13.25,20.0,107.438,0.1323,-0.0277,-0.8163,0.5614
1782310131194,41420,-0.22192,0.15381,0.98657,1.02285,-13.25,20.0,107.438,0.1323,-0.0277,-0.8163,0.5614
1782310131214,41440,-0.16626,0.17847,0.9812,1.01106,-7.75,9.312,92.25,0.134,-0.0244,-0.7846,0.6047
1782310131223,41449,-0.1499,0.19653,1.00513,1.03508,-5.938,7.938,91.375,0.134,-0.0245,-0.781,0.6093
1782310131223,41449,-0.1499,0.19653,1.00513,1.03508,-5.938,7.938,91.375,0.134,-0.0245,-0.781,0.6093
1782310131223,41449,-0.14087,0.35522,1.12988,1.19275,11.0,11.188,132.5,0.1354,-0.028,-0.7462,0.6509
1782310131228,41454,-0.15698,0.34106,1.14355,1.20361,13.5,13.375,138.312,0.136,-0.0289,-0.7424,0.6552
1782310131232,41458,-0.15698,0.34106,1.14355,1.20361,13.5,13.375,138.312,0.136,-0.0289,-0.7424,0.6552
1782310131236,41462,-0.16406,0.0813,1.20215,1.21601,5.938,26.5,147.062,0.1452,-0.0346,-0.691,0.707
1782310131245,41471,-0.16016,0.07422,1.20508,1.21794,3.0,26.5,145.0,0.1458,-0.0347,-0.6865,0.7113
1782310131246,41472,-0.11011,0.1687,1.10718,1.12536,-20.312,31.125,134.0,0.1473,-0.0302,-0.639,0.7542
1782310131282,41508,-0.11011,0.1687,1.10718,1.12536,-20.312,31.125,134.0,0.1473,-0.0302,-0.639,0.7542
1782310131388,41614,-0.10083,0.1665,1.11743,1.13426,-19.188,31.375,128.062,0.1474,-0.0288,-0.6317,0.7603
1782310131389,41615,-0.10083,0.1665,1.11743,1.13426,-19.188,31.375,128.062,0.1474,-0.0288,-0.6317,0.7603
1782310131408,41634,0.1394,0.20825,1.08569,1.11424,-44.375,50.438,113.625,0.1464,-0.0118,-0.5814,0.8001
1782310131409,41635,0.14355,0.21484,1.07739,1.10794,-45.75,50.75,115.75,0.1461,-0.0108,-0.5793,0.8017
1782310131410,41636,0.17578,0.18457,0.9751,1.00786,-48.062,42.062,115.938,0.1394,0.0092,-0.5329,0.8344
1782310131410,41636,0.21826,0.31543,0.85181,0.93419,-53.062,38.375,114.0,0.1255,0.033,-0.476,0.8696
1782310131410,41636,0.19189,0.27563,0.82153,0.88753,-50.312,38.062,117.062,0.123,0.0372,-0.4645,0.876
1782310131424,41650,0.15576,0.27173,0.7998,0.85894,-48.375,37.812,116.25,0.1212,0.0405,-0.4555,0.8809
1782310131466,41692,0.15576,0.27173,0.7998,0.85894,-48.375,37.812,116.25,0.1212,0.0405,-0.4555,0.8809
1782310131475,41701,0.14429,0.14355,0.84351,0.86772,-40.438,26.375,73.375,0.1146,0.0521,-0.423,0.8972
1782310131504,41730,0.15796,0.16016,0.85278,0.88195,-42.062,22.812,64.312,0.113,0.0539,-0.4188,0.8992
1782310131505,41731,0.15796,0.16016,0.85278,0.88195,-42.062,22.812,64.312,0.113,0.0539,-0.4188,0.8992
1782310131566,41792,0.20483,0.2981,0.83813,0.91284,-25.688,-0.75,35.0,0.1004,0.0605,-0.397,0.9102
1782310131567,41793,0.19458,0.30542,0.85449,0.92806,-23.25,-0.938,37.938,0.0991,0.0606,-0.3948,0.9113
1782310131595,41821,0.19458,0.30542,0.85449,0.92806,-23.25,-0.938,37.938,0.0991,0.0606,-0.3948,0.9113
1782310131636,41862,0.21484,0.34692,1.02051,1.09907,-2.375,-0.25,41.5,0.0953,0.0603,-0.3713,0.9215
1782310131637,41863,0.20435,0.36475,1.01953,1.10193,0.562,-1.938,41.062,0.0955,0.0599,-0.3698,0.9221
1782310131637,41863,0.20435,0.36475,1.01953,1.10193,0.562,-1.938,41.062,0.0955,0.0599,-0.3698,0.9221
1782310131643,41869,0.12427,0.13452,1.07495,1.09044,4.25,-17.625,25.375,0.0963,0.0518,-0.3494,0.9304
1782310131643,41869,0.125,0.12549,1.06738,1.08198,2.438,-18.688,24.25,0.0961,0.0509,-0.3485,0.9309
1782310131644,41870,0.05322,0.09302,1.00415,1.00985,-22.188,-15.812,49.75,0.0886,0.0408,-0.3283,0.9394
1782310131647,41873,0.0498,0.11328,0.99585,1.00351,-26.625,-12.438,56.062,0.0875,0.0404,-0.3261,0.9403
1782310131650,41876,0.03784,0.13818,0.99487,1.00513,-30.375,-9.0,62.312,0.0863,0.04,-0.3237,0.9412
1782310131662,41888,0.03784,0.13818,0.99487,1.00513,-30.375,-9.0,62.312,0.0863,0.04,-0.3237,0.9412
1782310131663,41889,-0.04761,0.26489,0.96924,1.00591,-41.562,13.375,97.812,0.0729,0.0439,-0.2855,0.9545
1782310131674,41900,-0.06982,0.26147,0.96436,1.00161,-41.562,14.438,99.125,0.0716,0.0447,-0.2813,0.9558
1782310131690,41916,-0.17578,0.21606,0.93408,0.97472,-26.688,23.438,64.125,0.061,0.0564,-0.2382,0.9675
1782310131715,41941,-0.17114,0.20728,0.93848,0.97622,-24.562,21.812,57.438,0.0604,0.0574,-0.2357,0.9681
1782310131722,41948,-0.17065,0.19946,0.93994,0.97591,-22.375,19.562,50.5,0.0598,0.0584,-0.2334,0.9686
1782310131733,41959,-0.17065,0.19946,0.93994,0.97591,-22.375,19.562,50.5,0.0598,0.0584,-0.2334,0.9686
1782310131758,41984,-0.08813,0.20508,0.94019,0.96632,-7.562,-8.875,-13.0,0.0549,0.0624,-0.2191,0.9721
1782310131758,41984,-0.06592,0.22876,0.94678,0.97625,-4.125,-14.562,-19.312,0.0545,0.0617,-0.2202,0.9719
1782310131760,41986,-0.1355,0.3042,0.96411,1.02,19.688,-19.312,6.812,0.0561,0.0513,-0.2197,0.9725
1782310131760,41986,-0.16162,0.28271,0.98267,1.03522,21.562,-18.75,11.812,0.0569,0.0503,-0.2193,0.9726
1782310131760,41986,-0.20337,0.25684,0.97437,1.02797,23.5,-17.75,15.562,0.0578,0.0494,-0.2188,0.9727
1782310131788,42014,-0.24316,0.07251,0.99023,1.02222,25.0,-5.375,9.0,0.068,0.0442,-0.21,0.9742
1782310131815,42041,-0.23877,0.0708,1.00195,1.03244,24.0,-6.25,5.188,0.069,0.0438,-0.2098,0.9742
1782310131822,42048,-0.23877,0.0708,1.00195,1.03244,24.0,-6.25,5.188,0.069,0.0438,-0.2098,0.9742
1782310131844,42070,-0.15308,0.19653,1.00146,1.03198,14.5,-2.188,4.062,0.0769,0.0393,-0.2095,0.9739
1782310131850,42076,-0.15405,0.20117,0.9978,1.02947,14.938,0.375,8.688,0.0779,0.039,-0.2091,0.9739
1782310131850,42076,-0.14136,0.12939,1.04663,1.06403,12.875,11.5,21.5,0.0854,0.0413,-0.2,0.9751
1782310131923,42149,-0.14404,0.12646,1.0354,1.05299,12.875,10.5,19.562,0.0861,0.0416,-0.1991,0.9752
1782310131934,42160,-0.14136,0.12134,1.03149,1.04818,12.938,9.375,17.625,0.0867,0.0418,-0.1984,0.9753
1782310131935,42161,-0.12671,0.08862,1.02539,1.03698,8.562,-4.75,-7.562,0.091,0.0416,-0.1964,0.9753
1782310131969,42195,-0.13037,0.09375,1.01978,1.03235,7.062,-4.562,-8.625,0.0912,0.0414,-0.1967,0.9752
1782310131971,42197,-0.13452,0.10522,1.01172,1.02603,5.938,-4.625,-9.312,0.0914,0.0412,-0.1972,0.9751
1782310131988,42214,-0.10449,0.15747,0.9917,1.00955,2.75,5.375,-5.75,0.0925,0.0418,-0.2009,0.9743
1782310132035,42261,-0.09863,0.15503,0.98877,1.0057,3.188,6.062,-5.375,0.0927,0.0419,-0.2011,0.9742
1782310132037,42263,-0.09399,0.14722,0.98706,1.00239,3.375,5.625,-5.562,0.0928,0.0422,-0.2013,0.9741
1782310132038,42264,-0.0979,0.13916,0.97632,0.99104,3.812,0.375,-11.062,0.0944,0.0434,-0.2041,0.9733
1782310132108,42334,-0.10059,0.14331,0.97778,0.99333,3.688,0.188,-11.188,0.0945,0.0435,-0.2045,0.9732
1782310132113,42339,-0.09668,0.14038,0.9834,0.99806,4.25,0.0,-11.25,0.0946,0.0435,-0.205,0.9731
1782310132118,42344,-0.0918,0.13159,0.98438,0.99737,-1.5,3.312,-8.125,0.095,0.0444,-0.2086,0.9722
1782310132148,42374,-0.0918,0.1355,0.9873,1.00077,-1.562,3.125,-7.938,0.095,0.0446,-0.2089,0.9722
1782310132156,42382,-0.08716,0.13794,0.98633,0.99974,-0.688,2.5,-8.0,0.0949,0.0447,-0.2094,0.9721
1782310132156,42382,-0.1106,0.14331,0.99707,1.01337,-0.062,0.312,-3.5,0.0949,0.0452,-0.2121,0.9714
1782310132221,42447,-0.11646,0.14111,0.99707,1.01372,-0.25,0.875,-3.25,0.0948,0.0452,-0.2122,0.9714
1782310132224,42450,-0.1228,0.13843,0.99829,1.0153,-1.062,1.188,-3.188,0.0947,0.0453,-0.2124,0.9714
1782310132225,42451,-0.1228,0.13843,0.99829,1.0153,-1.062,1.188,-3.188,0.0947,0.0453,-0.2124,0.9714
1782310132274,42500,-0.09863,0.16138,0.96899,0.98728,-5.938,3.938,-2.312,0.0928,0.0478,-0.2125,0.9714
1782310132292,42518,-0.09619,0.16113,0.96899,0.98699,-5.25,3.0,-2.625,0.0926,0.048,-0.2126,0.9714
1782310132293,42519,-0.13892,0.18896,0.94727,0.97587,-4.062,4.688,-2.375,0.091,0.0493,-0.2135,0.9713
1782310132325,42551,-0.14014,0.18799,0.94946,0.97798,-3.812,5.688,-1.75,0.091,0.0496,-0.2135,0.9713
1782310132332,42558,-0.13599,0.19214,0.95337,0.982,-3.438,6.75,-1.062,0.0908,0.0499,-0.2135,0.9713
1782310132340,42566,-0.13135,0.18872,0.94849,0.97596,-0.5,4.625,2.625,0.0911,0.0531,-0.2126,0.9713
1782310132386,42612,-0.14185,0.18579,0.94946,0.97781,-0.188,3.938,2.938,0.0911,0.0533,-0.2125,0.9713
1782310132387,42613,-0.15845,0.18018,0.94019,0.97032,0.062,3.125,2.438,0.0912,0.0534,-0.2124,0.9713
1782310132387,42613,-0.15308,0.19604,0.94873,0.98079,4.0,0.562,-4.188,0.092,0.0551,-0.2115,0.9714
1782310132449,42675,-0.15503,0.1936,0.95386,0.98558,6.125,-0.812,-4.938,0.0924,0.055,-0.2118,0.9713
1782310132450,42676,-0.16943,0.19019,0.95752,0.99082,7.438,-1.312,-5.438,0.0927,0.0549,-0.212,0.9712
1782310132450,42676,-0.18237,0.1582,0.96118,0.99104,4.25,3.938,-5.25,0.095,0.0556,-0.2108,0.9712
1782310132508,42734,-0.17725,0.17627,0.95679,0.98891,4.812,4.562,-5.25,0.0953,0.0558,-0.211,0.9711
1782310132661,42887,-0.17139,0.18726,0.95459,0.98777,5.0,5.312,-4.938,0.0955,0.056,-0.2112,0.971
1782310132663,42889,-0.15381,0.16772,0.9707,0.99702,10.438,3.812,-3.375,0.0993,0.0571,-0.2134,0.9701
1782310132663,42889,-0.15137,0.15503,0.97583,0.9996,8.188,4.5,-0.875,0.1,0.0573,-0.2136,0.97
1782310132670,42896,-0.15088,0.15479,0.97534,0.99901,7.562,4.75,-0.25,0.1002,0.0573,-0.2136,0.97
1782310132670,42896,-0.13794,0.15967,0.96533,0.98812,4.812,0.125,4.938,0.1024,0.0581,-0.2112,0.9702
1782310132672,42898,-0.14136,0.15918,0.96045,0.98376,4.312,0.0,5.938,0.1025,0.0581,-0.2109,0.9703
1782310132673,42899,-0.14014,0.16577,0.96558,0.98968,3.938,-0.125,7.0,0.1027,0.0579,-0.2107,0.9703
1782310132673,42899,-0.21021,0.13428,0.98804,1.01904,4.375,3.5,5.188,0.105,0.0576,-0.2069,0.9709
1782310132687,42913,-0.20312,0.13281,0.98438,1.01385,3.312,4.312,4.625,0.1052,0.0578,-0.2066,0.9709
1782310132690,42916,-0.19312,0.13989,0.99072,1.01901,2.375,4.75,3.875,0.1053,0.0579,-0.2064,0.971
1782310132690,42916,-0.13623,0.16626,0.97949,1.0028,3.0,-5.812,-3.688,0.1061,0.0575,-0.2066,0.9708
1782310132777,43003,-0.1438,0.16846,0.97705,1.00184,2.938,-5.625,-2.375,0.1062,0.0573,-0.2067,0.9708
1782310132781,43007,-0.15234,0.17358,0.9856,1.0123,2.438,-5.062,-0.875,0.1062,0.057,-0.2068,0.9708
1782310132860,43086,-0.15674,0.16211,0.98853,1.01392,-5.812,5.375,7.375,0.1059,0.0575,-0.2093,0.9703
1782310132861,43087,-0.14697,0.16846,0.98853,1.01349,-5.688,4.5,6.5,0.1056,0.0578,-0.2089,0.9704
1782310132890,43116,-0.14624,0.17407,0.98584,1.01171,-5.5,3.125,5.75,0.1054,0.0579,-0.2086,0.9705
1782310132903,43129,-0.18652,0.16968,0.97266,1.00481,-4.188,1.625,6.062,0.1044,0.0579,-0.2067,0.971
1782310132910,43136,-0.18652,0.16968,0.97266,1.00481,-4.188,1.625,6.062,0.1044,0.0579,-0.2067,0.971
1782310132914,43140,-0.18652,0.17139,0.97095,1.00345,-4.875,3.438,7.25,0.1043,0.0581,-0.2063,0.9711
1782310132915,43141,-0.13989,0.19214,0.96729,0.99606,-1.938,-1.5,4.5,0.1025,0.0599,-0.2011,0.9722
1782310132940,43166,-0.14038,0.19751,0.97852,1.00808,-0.938,-3.375,4.25,0.1024,0.0596,-0.2007,0.9724
1782310132951,43177,-0.15625,0.19702,0.96875,1.00085,-0.875,-3.125,5.25,0.1024,0.0595,-0.2007,0.9724
1782310132957,43183,-0.17334,0.21851,0.95288,0.99286,-0.562,6.062,17.5,0.1025,0.0602,-0.1959,0.9733
1782310132988,43214,-0.16235,0.20801,0.9585,0.99416,0.5,5.625,18.375,0.1027,0.0604,-0.1947,0.9735
1782310132993,43219,-0.16162,0.19629,0.96533,0.99825,2.188,3.75,18.875,0.1031,0.0606,-0.1934,0.9737
1782310132998,43224,-0.20581,0.17236,0.96582,1.00243,-1.188,3.75,15.875,0.104,0.0612,-0.187,0.9748
1782310133071,43297,-0.20703,0.17407,0.96265,0.99993,-1.875,4.312,15.688,0.104,0.0614,-0.1863,0.9749
1782310133085,43311,-0.20312,0.18506,0.96045,0.99898,-2.375,4.75,15.375,0.104,0.0617,-0.1855,0.975
1782310133121,43347,-0.18921,0.17993,0.96606,1.00072,-2.25,5.812,14.375,0.104,0.0635,-0.1786,0.9763
1782310133145,43371,-0.18433,0.18262,0.96753,1.00172,-2.188,6.188,14.125,0.104,0.0637,-0.178,0.9763
1782310133146,43372,-0.17676,0.18921,0.96484,0.99898,-2.438,5.562,14.0,0.104,0.064,-0.1774,0.9764
1782310133148,43374,-0.17676,0.18921,0.96484,0.99898,-2.438,5.562,14.0,0.104,0.064,-0.1774,0.9764
1782310133170,43396,-0.19629,0.18799,0.98218,1.01909,-2.688,10.625,14.188,0.1042,0.067,-0.1706,0.9774
1782310133176,43402,-0.17944,0.19067,0.98364,1.01789,-3.188,10.5,13.312,0.1041,0.0679,-0.1687,0.9777
1782310133231,43457,-0.15674,0.19751,0.98071,1.01261,-0.25,1.938,6.562,0.104,0.0699,-0.1643,0.9783
1782310133231,43457,-0.16382,0.1936,0.97705,1.00943,0.0,2.0,6.562,0.104,0.07,-0.164,0.9783
1782310133269,43495,-0.17358,0.19434,0.96875,1.00318,-0.75,3.312,7.688,0.104,0.0703,-0.1622,0.9786
1782310133293,43519,-0.20435,0.17773,0.96094,0.99837,-3.125,9.875,17.188,0.1037,0.0729,-0.1546,0.9797
1782310133340,43566,-0.20459,0.18628,0.95703,0.99622,-3.5,10.75,17.375,0.1037,0.0734,-0.1538,0.9798
1782310133342,43568,-0.20239,0.19678,0.948,0.98914,-3.5,11.438,16.5,0.1036,0.0743,-0.1517,0.9801
1782310133346,43572,-0.19312,0.18481,0.9519,0.98872,-0.25,7.062,7.125,0.1042,0.0776,-0.1477,0.9804
1782310133354,43580,-0.2002,0.18677,0.95654,0.99495,-0.312,6.812,6.062,0.1043,0.0779,-0.1473,0.9804
1782310133355,43581,-0.19751,0.18848,0.94653,0.98512,-0.312,6.812,3.75,0.1043,0.0785,-0.147,0.9804
1782310133355,43581,-0.14502,0.2229,0.92798,0.96533,4.062,5.938,5.25,0.1051,0.0809,-0.1449,0.9804
1782310133455,43681,-0.14355,0.21289,0.93457,0.9692,5.438,5.125,6.875,0.1055,0.0811,-0.1445,0.9804
1782310133480,43706,-0.15234,0.20728,0.93628,0.97098,6.062,4.375,8.688,0.1059,0.0814,-0.1431,0.9805
1782310133503,43729,-0.20654,0.1665,0.96606,1.00182,6.562,7.562,5.375,0.1094,0.0832,-0.1389,0.9806
1782310133511,43737,-0.20215,0.16699,0.96484,0.99983,6.625,7.5,4.5,0.1097,0.0834,-0.1386,0.9806
1782310133551,43777,-0.18921,0.17261,0.97314,1.00628,6.938,6.875,3.75,0.1102,0.0838,-0.1386,0.9805
1782310133554,43780,-0.19824,0.14771,0.99316,1.02347,5.688,4.375,4.25,0.113,0.0851,-0.1376,0.9802
1782310133555,43781,-0.19922,0.14941,0.9939,1.02462,4.5,4.812,4.438,0.1132,0.0852,-0.1374,0.9802
1782310133556,43782,-0.20044,0.15015,0.99756,1.02852,2.875,5.312,4.75,0.1134,0.0856,-0.1361,0.9804
1782310133558,43784,-0.2002,0.16333,0.99585,1.02882,-1.562,1.625,-0.375,0.1134,0.0871,-0.135,0.9804
1782310133696,43922,-0.20752,0.1687,0.99292,1.02831,-3.125,2.375,0.25,0.1133,0.0872,-0.135,0.9804
1782310133698,43924,-0.20898,0.17505,0.99268,1.02943,-4.0,3.0,0.5,0.1131,0.0874,-0.135,0.9804
1782310133843,44069,-0.23193,0.16895,0.97778,1.01901,-8.188,8.312,1.312,0.111,0.09,-0.1332,0.9806
1782310133852,44078,-0.22583,0.17188,0.96802,1.00876,-10.188,8.688,0.625,0.1105,0.0906,-0.133,0.9807
1782310133853,44079,-0.20752,0.19043,0.96484,1.00511,-10.5,8.25,-1.938,0.1098,0.0914,-0.1339,0.9805
1782310133854,44080,-0.18164,0.22754,0.94189,0.98586,-5.812,-1.625,-6.0,0.1066,0.0932,-0.1354,0.9805
1782310133855,44081,-0.19604,0.23047,0.93945,0.98697,-5.25,-1.438,-5.375,0.1064,0.0932,-0.1356,0.9805
1782310133855,44081,-0.20435,0.22168,0.93555,0.98293,-4.75,-0.812,-5.125,0.1062,0.0932,-0.136,0.9805
1782310133858,44084,-0.21582,0.22559,0.92139,0.97285,-3.312,7.312,1.938,0.1044,0.0957,-0.135,0.9805
1782310133859,44085,-0.20776,0.21924,0.9209,0.96917,-3.125,6.938,1.75,0.1043,0.096,-0.1348,0.9805
1782310133859,44085,-0.19897,0.22583,0.92188,0.96977,-2.625,6.0,1.875,0.1041,0.0966,-0.1334,0.9807
1782310133859,44085,-0.23657,0.21045,0.93555,0.98768,2.062,2.125,-3.375,0.1051,0.0979,-0.1329,0.9805
1782310133900,44126,-0.2395,0.21094,0.93237,0.98548,2.062,2.875,-3.688,0.1052,0.098,-0.133,0.9805
1782310133917,44143,-0.24121,0.20874,0.93237,0.98543,2.25,3.312,-3.625,0.1054,0.0982,-0.1336,0.9804
1782310133922,44148,-0.21533,0.21533,0.94995,0.99757,2.812,0.0,-11.125,0.1065,0.0998,-0.1359,0.9798
1782310134004,44230,-0.21411,0.21973,0.9519,1.00012,3.25,-0.312,-11.938,0.1066,0.0998,-0.1364,0.9797
1782310134072,44298,-0.21265,0.22485,0.94556,0.99492,4.188,-0.438,-12.25,0.1068,0.0999,-0.1368,0.9796
1782310134103,44329,-0.22485,0.20679,0.92139,0.97071,4.562,0.812,-10.875,0.108,0.1005,-0.1401,0.979
1782310134109,44335,-0.22705,0.20776,0.9187,0.96888,4.938,0.688,-11.625,0.1082,0.1006,-0.1406,0.9788
1782310134110,44336,-0.23438,0.20703,0.91626,0.96816,5.812,0.438,-12.688,0.1083,0.1008,-0.1403,0.9789
1782310134110,44336,-0.22559,0.20508,0.92993,0.97863,7.438,-0.062,-14.375,0.1105,0.1014,-0.1439,0.978
1782310134116,44342,-0.22559,0.20508,0.92993,0.97863,7.438,-0.062,-14.375,0.1105,0.1014,-0.1439,0.978
1782310134154,44380,-0.22656,0.20874,0.9231,0.97315,8.125,-0.562,-14.625,0.1115,0.1015,-0.1458,0.9777
1782310134155,44381,-0.22485,0.19531,0.93506,0.98135,11.312,-3.312,-21.375,0.1143,0.1013,-0.151,0.9766
1782310134157,44383,-0.21875,0.19897,0.93945,0.98489,10.875,-3.812,-22.5,0.1149,0.1012,-0.1522,0.9763
1782310134168,44394,-0.21045,0.20044,0.94067,0.98454,10.75,-4.375,-22.562,0.1152,0.1011,-0.1532,0.9761
1782310134168,44394,-0.25195,0.18628,0.92578,0.97737,13.812,-6.312,-27.125,0.119,0.099,-0.1635,0.9742
1782310134169,44395,-0.25195,0.18628,0.92578,0.97737,13.812,-6.312,-27.125,0.119,0.099,-0.1635,0.9742
1782310134182,44408,-0.25977,0.18262,0.91943,0.97272,13.312,-4.688,-26.75,0.1198,0.0987,-0.1665,0.9736
1782310134184,44410,-0.24341,0.16528,0.89526,0.94237,7.375,-5.062,-34.062,0.1226,0.0983,-0.1795,0.971
1782310134236,44462,-0.24341,0.16528,0.89526,0.94237,7.375,-5.062,-34.062,0.1226,0.0983,-0.1795,0.971
1782310134257,44483,-0.24561,0.17041,0.88843,0.93737,7.562,-6.375,-36.188,0.1228,0.0982,-0.1818,0.9706
1782310134257,44483,-0.23364,0.23364,0.84985,0.91182,6.875,-7.312,-39.125,0.1232,0.0969,-0.1983,0.9674
1782310134258,44484,-0.23779,0.24146,0.85083,0.91584,8.938,-7.0,-37.875,0.1235,0.0967,-0.2007,0.9669
1782310134262,44488,-0.23682,0.24536,0.85815,0.92342,10.125,-6.75,-36.688,0.1237,0.0966,-0.2025,0.9665
1782310134263,44489,-0.20532,0.33594,0.99097,1.06632,18.5,-7.25,-20.625,0.1284,0.0944,-0.2167,0.963
1782310134306,44532,-0.20532,0.33594,0.99097,1.06632,18.5,-7.25,-20.625,0.1284,0.0944,-0.2167,0.963
1782310134400,44626,-0.19946,0.35107,1.01245,1.09,22.062,-10.0,-17.688,0.13,0.0934,-0.219,0.9624
1782310134414,44640,-0.31201,0.23999,1.04907,1.12049,31.75,-11.375,0.625,0.1401,0.0863,-0.2251,0.9602
1782310134414,44640,-0.31201,0.23999,1.04907,1.12049,31.75,-11.375,0.625,0.1401,0.0863,-0.2251,0.9602
1782310134515,44741,-0.3313,0.18726,1.0459,1.11298,30.438,-10.188,0.375,0.143,0.0847,-0.2256,0.9598
1782310134516,44742,-0.32153,0.11987,0.98682,1.04478,17.562,-15.188,-18.875,0.1505,0.0791,-0.232,0.9577
1782310134517,44743,-0.32153,0.11987,0.98682,1.04478,17.562,-15.188,-18.875,0.1505,0.0791,-0.232,0.9577
1782310134519,44745,-0.31226,0.1333,0.95947,1.01777,15.188,-16.375,-22.5,0.1515,0.0774,-0.2357,0.9567
1782310134519,44745,-0.27808,0.20801,0.88721,0.95275,6.688,-3.688,-4.75,0.1535,0.0735,-0.2426,0.955
1782310134519,44745,-0.26831,0.22144,0.89209,0.95752,7.375,-1.0,0.188,0.1541,0.0731,-0.2442,0.9545
1782310134567,44793,-0.25952,0.22632,0.89648,0.96034,7.562,0.312,2.812,0.1544,0.073,-0.2442,0.9545
1782310134571,44797,-0.29785,0.19458,0.95337,1.01759,12.188,-2.875,11.688,0.1584,0.0718,-0.2407,0.9548
1782310134571,44797,-0.29785,0.19458,0.95337,1.01759,12.188,-2.875,11.688,0.1584,0.0718,-0.2407,0.9548
1782310134609,44835,-0.32227,0.20215,0.96533,1.03759,7.875,-4.875,2.5,0.1629,0.0686,-0.2402,0.9544
1782310134613,44839,-0.32397,0.21094,0.97095,1.04508,7.562,-3.938,3.125,0.1631,0.0684,-0.2401,0.9544
1782310134669,44895,-0.31421,0.16138,1.00928,1.06931,4.875,3.562,12.625,0.1657,0.0679,-0.2394,0.9542
1782310134671,44897,-0.31421,0.16138,1.00928,1.06931,4.875,3.562,12.625,0.1657,0.0679,-0.2394,0.9542
1782310134671,44897,-0.31787,0.13501,1.01221,1.0695,2.875,2.812,10.625,0.166,0.0681,-0.2382,0.9544
1782310134739,44965,-0.30908,0.15479,0.95532,1.01594,-10.625,-0.75,-7.75,0.1636,0.0691,-0.2384,0.9547
1782310134758,44984,-0.27002,0.1748,0.92554,0.97984,-12.438,0.5,-7.938,0.1623,0.0696,-0.2397,0.9545
1782310134798,45024,-0.18823,0.25024,0.87793,0.9321,-10.312,3.25,9.062,0.1574,0.0714,-0.2412,0.9548
1782310134799,45025,-0.18823,0.25024,0.87793,0.9321,-10.312,3.25,9.062,0.1574,0.0714,-0.2412,0.9548
1782310134801,45027,-0.18164,0.25977,0.87598,0.93157,-9.438,4.688,14.688,0.1569,0.0715,-0.2416,0.9548
1782310134802,45028,-0.1875,0.20898,0.89722,0.94012,6.562,5.0,30.25,0.1579,0.0721,-0.2327,0.9568
1782310134858,45084,-0.1875,0.20898,0.89722,0.94012,6.562,5.0,30.25,0.1579,0.0721,-0.2327,0.9568
1782310134869,45095,-0.19604,0.18433,0.92749,0.96574,7.75,3.562,29.688,0.1588,0.0718,-0.2313,0.957
1782310134881,45107,-0.19604,0.18433,0.92749,0.96574,7.75,3.562,29.688,0.1588,0.0718,-0.2313,0.957
1782310134922,45148,-0.16479,0.16016,0.96948,0.99634,3.062,-2.562,23.25,0.1615,0.0689,-0.2207,0.9593
1782310134922,45148,-0.15747,0.16406,0.97559,1.00174,2.5,-3.062,23.688,0.1616,0.0686,-0.2198,0.9595
1782310134941,45167,-0.16382,0.15576,1.01733,1.04214,-3.5,0.438,38.375,0.1619,0.0655,-0.2109,0.9617
1782310135021,45247,-0.16382,0.15576,1.01733,1.04214,-3.5,0.438,38.375,0.1619,0.0655,-0.2109,0.9617
1782310135034,45260,-0.17285,0.1499,1.00708,1.03274,-6.375,3.625,43.0,0.1616,0.0654,-0.207,0.9626
1782310135059,45285,-0.11792,0.17627,1.00073,1.02295,-19.625,9.625,56.125,0.1572,0.0667,-0.1876,0.9672
1782310135063,45289,-0.1145,0.1731,1.01514,1.03614,-21.75,8.625,57.625,0.1563,0.0668,-0.1851,0.9678
1782310135063,45289,-0.11743,0.17578,1.01221,1.03405,-22.875,8.0,58.812,0.1555,0.0669,-0.1826,0.9684
1782310135069,45295,-0.18579,0.21899,0.97485,1.01627,-29.875,11.562,62.125,0.147,0.0676,-0.1611,0.9735
1782310135099,45325,-0.17578,0.22803,0.96997,1.0118,-29.812,13.375,62.312,0.1452,0.0682,-0.157,0.9744
1782310135105,45331,-0.16895,0.22632,0.97388,1.01401,-29.812,14.062,62.812,0.1442,0.0686,-0.1542,0.9749
1782310135106,45332,-0.17285,0.20703,0.99609,1.03196,-35.875,11.0,60.75,0.1336,0.0723,-0.1272,0.9801
1782310135149,45375,-0.17285,0.21265,0.99512,1.03216,-36.438,9.562,57.5,0.1317,0.0726,-0.1243,0.9807
1782310135151,45377,-0.177,0.22241,0.99146,1.0314,-36.688,8.812,55.188,0.1304,0.0729,-0.1218,0.9811
1782310135158,45384,-0.16577,0.25488,0.99072,1.03633,-37.312,6.125,41.312,0.1175,0.0749,-0.1025,0.9848
1782310135233,45459,-0.15552,0.25439,0.98584,1.02994,-37.812,6.312,41.75,0.1154,0.0751,-0.1006,0.9852
1782310135237,45463,-0.1543,0.25122,0.99072,1.03366,-38.75,6.5,41.812,0.1133,0.0755,-0.0977,0.9857
1782310135237,45463,-0.19531,0.22119,1.00098,1.04357,-46.188,2.938,29.25,0.0987,0.0772,-0.0816,0.9887
1782310135355,45581,-0.19531,0.22119,1.00098,1.04357,-46.188,2.938,29.25,0.0987,0.0772,-0.0816,0.9887
1782310135357,45583,-0.19995,0.22485,0.99951,1.04382,-47.188,2.938,26.875,0.0969,0.0774,-0.081,0.9888
1782310135370,45596,-0.19995,0.22485,0.99951,1.04382,-47.188,2.938,26.875,0.0969,0.0774,-0.081,0.9888
1782310135375,45601,-0.08667,0.28857,0.9541,1.00055,-45.0,-2.0,5.125,0.0763,0.0796,-0.0728,0.9911
1782310135380,45606,-0.09521,0.30054,0.94458,0.9958,-43.312,-6.062,4.062,0.071,0.0794,-0.0717,0.9916
1782310135382,45608,-0.12256,0.35645,0.88037,0.95767,-35.5,1.375,12.438,0.0563,0.0791,-0.065,0.9931
1782310135393,45619,-0.12769,0.34912,0.87061,0.94665,-34.375,3.812,15.25,0.0544,0.0794,-0.0645,0.9932
1782310135396,45622,-0.12964,0.35327,0.87427,0.95182,-33.812,6.188,16.875,0.0532,0.0797,-0.0637,0.9933
1782310135396,45622,-0.12964,0.35327,0.87427,0.95182,-33.812,6.188,16.875,0.0532,0.0797,-0.0637,0.9933
1782310135459,45685,-0.12964,0.35327,0.87427,0.95182,-33.812,6.188,16.875,0.0532,0.0797,-0.0637,0.9933
1782310135512,45738,-0.12817,0.2981,0.8938,0.95088,-11.812,-0.812,25.0,0.045,0.082,-0.0516,0.9941
1782310135520,45746,-0.19727,0.29272,0.88574,0.95349,3.375,-4.688,13.875,0.0445,0.08,-0.0429,0.9948
1782310135556,45782,-0.18188,0.28882,0.88843,0.95174,5.562,-4.375,12.688,0.045,0.0797,-0.0419,0.9948
1782310135567,45793,-0.17163,0.28638,0.89185,0.9523,7.062,-4.562,12.062,0.0454,0.0795,-0.0415,0.9948
1782310135635,45861,-0.17163,0.28638,0.89185,0.9523,7.062,-4.562,12.062,0.0454,0.0795,-0.0415,0.9948
1782310135641,45867,-0.17163,0.28638,0.89185,0.9523,7.062,-4.562,12.062,0.0454,0.0795,-0.0415,0.9948
1782310135642,45868,-0.16748,0.25757,0.88794,0.93959,14.0,-8.312,4.75,0.0516,0.0756,-0.0383,0.9949
1782310135645,45871,-0.16382,0.24243,0.91919,0.96463,22.688,-8.938,14.688,0.0623,0.0709,-0.0349,0.9948
1782310135649,45875,-0.18018,0.23779,0.92505,0.97197,25.625,-7.688,12.625,0.0651,0.0698,-0.0337,0.9948
1782310135650,45876,-0.19312,0.21704,0.92065,0.9654,27.938,-7.312,12.688,0.0675,0.0692,-0.0325,0.9947
1782310135650,45876,-0.18799,0.22998,0.92993,0.97622,32.562,-4.188,11.188,0.0756,0.0676,-0.0298,0.9943
1782310135824,46050,-0.20142,0.22168,0.93506,0.98186,35.438,-3.375,9.5,0.0778,0.0673,-0.029,0.9941
1782310135840,46066,-0.22314,0.2146,0.96021,1.00888,38.25,0.062,6.375,0.0795,0.0673,-0.0288,0.994
1782310135859,46085,-0.198,0.14185,1.04004,1.06818,33.688,-12.625,-3.75,0.0958,0.0635,-0.0284,0.9929
1782310135870,46096,-0.18726,0.12891,1.03271,1.05744,31.125,-14.875,-7.312,0.0984,0.0624,-0.0292,0.9927
1782310135885,46111,-0.19312,0.11572,1.02759,1.05196,31.688,-15.5,-9.0,0.0996,0.0618,-0.0297,0.9926
1782310135886,46112,-0.11304,0.14819,1.04272,1.05925,29.75,-22.438,-13.812,0.1094,0.0561,-0.0349,0.9917
1782310135886,46112,-0.08887,0.16064,1.04541,1.06141,30.0,-24.812,-14.0,0.1112,0.0546,-0.036,0.9915
1782310135904,46130,-0.08496,0.16357,1.05029,1.06634,30.5,-27.375,-13.375,0.1124,0.0535,-0.0368,0.9915
1782310135906,46132,-0.08496,0.16357,1.05029,1.06634,30.5,-27.375,-13.375,0.1124,0.0535,-0.0368,0.9915
1782310135915,46141,-0.20435,0.13086,1.03882,1.06679,6.875,-13.75,0.5,0.121,0.042,-0.0391,0.9909
1782310135917,46143,-0.20483,0.14087,1.0249,1.05462,5.875,-11.5,0.5,0.1212,0.0416,-0.0391,0.9909
1782310135918,46144,-0.20483,0.14087,1.0249,1.05462,5.875,-11.5,0.5,0.1212,0.0416,-0.0391,0.9909
1782310135923,46149,-0.12891,0.12061,1.02319,1.03831,2.5,-2.375,-1.375,0.1232,0.0402,-0.0391,0.9907
1782310135938,46164,-0.12476,0.11792,1.02612,1.04038,1.75,-3.125,-2.125,0.1232,0.0401,-0.0393,0.9907
1782310135946,46172,-0.1438,0.16479,0.96826,0.99265,-6.375,-0.188,-7.875,0.1211,0.0395,-0.041,0.9909
1782310135988,46214,-0.12524,0.1748,0.94873,0.97279,-9.5,2.0,-5.562,0.1201,0.0399,-0.041,0.991
1782310136006,46232,-0.1228,0.17798,0.94531,0.96973,-9.438,2.375,-4.375,0.1197,0.04,-0.0412,0.991
1782310136006,46232,-0.1228,0.17798,0.94531,0.96973,-9.438,2.375,-4.375,0.1197,0.04,-0.0412,0.991
1782310136048,46274,-0.14038,0.13672,0.96948,0.98909,-8.375,3.125,-1.188,0.1164,0.0419,-0.0395,0.9914
1782310136049,46275,-0.13696,0.14111,0.97046,0.99018,-9.625,3.75,-1.375,0.116,0.0421,-0.0395,0.9915
1782310136051,46277,-0.07642,0.16504,0.99976,1.01617,-13.875,-2.5,-10.812,0.1101,0.0437,-0.0431,0.992
1782310136133,46359,-0.07397,0.16577,0.99463,1.01106,-14.688,-3.438,-10.938,0.1094,0.0436,-0.0435,0.992
1782310136289,46515,-0.07617,0.16602,0.99194,1.00862,-15.438,-4.25,-10.812,0.1087,0.0435,-0.044,0.9921
1782310136290,46516,-0.07617,0.16602,0.99194,1.00862,-15.438,-4.25,-10.812,0.1087,0.0435,-0.044,0.9921
1782310136298,46524,-0.05908,0.23779,0.98828,1.0182,-18.5,-3.688,-3.062,0.1004,0.0424,-0.0469,0.9929
1782310136298,46524,-0.05127,0.23901,0.98462,1.01451,-18.375,-4.062,-1.438,0.0996,0.0423,-0.047,0.9929
1782310136298,46524,-0.11328,0.25439,0.9436,0.98383,-19.625,1.125,17.75,0.0918,0.0404,-0.043,0.9939
1782310136306,46532,-0.10449,0.25684,0.93115,0.97156,-18.438,4.625,22.312,0.0903,0.0406,-0.0411,0.9941
1782310136317,46543,-0.09106,0.2395,0.93945,0.97377,-16.938,6.25,25.312,0.0891,0.041,-0.0392,0.9943
1782310136318,46544,-0.09106,0.2395,0.93945,0.97377,-16.938,6.25,25.312,0.0891,0.041,-0.0392,0.9943
1782310136320,46546,-0.11694,0.22412,0.89697,0.93191,-16.0,0.562,27.75,0.0838,0.0418,-0.0287,0.9951
1782310136357,46583,-0.18262,0.25854,0.88892,0.9436,-6.688,15.375,26.938,0.0785,0.0454,-0.017,0.9956
1782310136359,46585,-0.17749,0.26685,0.90991,0.9647,-4.562,14.688,24.125,0.0783,0.0465,-0.0147,0.9956
1782310136387,46613,-0.1792,0.27148,0.93701,0.99187,-1.5,12.75,19.562,0.0783,0.0476,-0.0138,0.9956
1782310136418,46644,-0.17871,0.27173,1.00195,1.05341,9.438,2.375,-12.812,0.0805,0.0502,-0.0147,0.9953
1782310136449,46675,-0.16577,0.26855,1.00439,1.0528,11.188,1.125,-17.0,0.0809,0.0503,-0.0154,0.9952
1782310136451,46677,-0.15454,0.2666,1.00806,1.05411,12.25,0.312,-21.25,0.0814,0.0504,-0.0162,0.9952
1782310136453,46679,-0.06885,0.22729,1.01587,1.04326,21.375,-19.875,-49.188,0.0883,0.0473,-0.0344,0.9943
1782310136505,46731,-0.06885,0.22729,1.01587,1.04326,21.375,-19.875,-49.188,0.0883,0.0473,-0.0344,0.9943
1782310136540,46766,-0.0708,0.22607,1.01709,1.04431,21.562,-21.25,-49.438,0.0891,0.0465,-0.0366,0.9941
1782310136553,46779,-0.10571,0.26978,1.01685,1.05733,20.062,-16.375,-22.188,0.0968,0.0387,-0.0547,0.9929
1782310136554,46780,-0.12109,0.25488,1.00977,1.04846,22.062,-13.875,-15.312,0.098,0.0379,-0.056,0.9928
1782310136555,46781,-0.13257,0.24536,1.01025,1.04804,23.0,-11.875,-10.625,0.0989,0.0374,-0.0566,0.9927
1782310136555,46781,-0.2041,0.09814,0.99536,1.0208,15.875,11.438,10.625,0.1072,0.0376,-0.0556,0.9919
1782310136589,46815,-0.18335,0.09375,0.99194,1.01309,12.812,12.812,8.938,0.1081,0.0383,-0.0549,0.9918
1782310136604,46830,-0.16211,0.09375,0.9856,1.00323,11.375,12.75,7.5,0.1086,0.0388,-0.0545,0.9917
1782310136607,46833,-0.11011,0.1189,0.93652,0.95044,6.0,-1.125,-10.062,0.1119,0.0411,-0.0549,0.9912
1782310136654,46880,-0.12036,0.12964,0.93433,0.95093,3.625,1.062,-8.438,0.1123,0.0412,-0.0557,0.9912
1782310136671,46897,-0.12354,0.13428,0.93701,0.95461,2.375,2.625,-7.125,0.1123,0.0415,-0.0554,0.9912
1782310136676,46902,-0.09595,0.18018,0.98828,1.00914,-0.75,5.812,-4.875,0.1121,0.0442,-0.0567,0.991
1782310136708,46934,-0.09595,0.18018,0.98828,1.00914,-0.75,5.812,-4.875,0.1121,0.0442,-0.0567,0.991
1782310136708,46934,-0.09888,0.17334,1.0022,1.02188,-0.25,4.375,-7.438,0.112,0.0444,-0.0569,0.991
1782310136711,46937,-0.05322,0.20142,1.03076,1.0516,0.0,-8.562,-35.688,0.1109,0.0445,-0.0675,0.9904
1782310136765,46991,-0.04297,0.2002,1.02979,1.04995,0.062,-9.875,-36.75,0.1108,0.0442,-0.069,0.9904
1782310136770,46996,-0.03857,0.19849,1.03394,1.05353,0.25,-11.125,-37.812,0.1107,0.0439,-0.0707,0.9902
1782310136788,47014,-0.0166,0.16333,0.99512,1.00857,-6.438,-18.25,-34.75,0.1087,0.0391,-0.0864,0.9894
1782310136866,47092,-0.021,0.17529,0.97852,0.99432,-8.438,-18.312,-31.375,0.1079,0.0381,-0.0886,0.9894
1782310136887,47113,-0.0249,0.19482,0.97119,0.99085,-9.625,-17.5,-27.625,0.1072,0.0372,-0.0905,0.9893
1782310136922,47148,-0.0249,0.19482,0.97119,0.99085,-9.625,-17.5,-27.625,0.1072,0.0372,-0.0905,0.9893
1782310136941,47167,-0.10962,0.23779,0.94873,0.9842,-8.062,-0.438,14.875,0.1035,0.0336,-0.0947,0.9894
1782310136946,47172,-0.12183,0.24023,0.94775,0.98528,-8.188,1.312,18.125,0.1032,0.0337,-0.0939,0.9896
1782310136951,47177,-0.19995,0.20996,0.95508,0.99812,-5.875,7.0,24.938,0.1006,0.036,-0.0834,0.9907
1782310136951,47177,-0.20825,0.20654,0.95215,0.9963,-5.562,6.812,23.375,0.1005,0.0363,-0.0824,0.9907
1782310136952,47178,-0.21875,0.20117,0.95703,1.00211,-5.25,6.625,21.688,0.1003,0.0366,-0.0815,0.9909
1782310136954,47180,-0.22852,0.19531,0.9585,1.00453,-2.312,0.688,-8.125,0.0987,0.0392,-0.0784,0.9912
1782310137042,47268,-0.22363,0.19482,0.96265,1.0073,-2.062,-0.125,-11.062,0.0986,0.0393,-0.0788,0.9911
1782310137134,47360,-0.21826,0.19946,0.96143,1.00587,-2.0,-1.312,-13.938,0.0985,0.0394,-0.0794,0.9911
1782310137136,47362,-0.15845,0.23047,0.93188,0.97295,0.375,-4.312,-25.812,0.0982,0.0388,-0.0915,0.9901
1782310137149,47375,-0.15527,0.23022,0.92822,0.96887,0.5,-3.625,-25.25,0.0982,0.0387,-0.0926,0.99
1782310137241,47467,-0.14844,0.229,0.9314,0.97056,1.125,-3.562,-25.188,0.0982,0.0387,-0.0937,0.9899
1782310137286,47512,-0.11841,0.22119,0.94678,0.97946,5.938,-3.062,-26.188,0.0996,0.0384,-0.1051,0.9886
1782310137291,47517,-0.1106,0.21753,0.94409,0.97512,7.0,-3.25,-26.062,0.1,0.0383,-0.1068,0.9884
1782310137315,47541,-0.10864,0.2085,0.94653,0.97529,7.688,-3.5,-26.188,0.1003,0.0383,-0.1079,0.9882
1782310137324,47550,-0.0874,0.17944,0.96606,0.98646,6.5,-6.812,-30.562,0.103,0.037,-0.1199,0.9866
1782310137335,47561,-0.0874,0.17944,0.96606,0.98646,6.5,-6.812,-30.562,0.103,0.037,-0.1199,0.9866
1782310137336,47562,-0.0835,0.18774,0.96948,0.99101,6.625,-7.312,-30.938,0.1032,0.0368,-0.1212,0.9865
1782310137338,47564,-0.06567,0.20312,0.97021,0.99342,9.5,-8.875,-23.562,0.1058,0.034,-0.1325,0.9848
1782310137356,47582,-0.06763,0.20312,0.97363,0.99689,9.562,-7.875,-20.812,0.1065,0.0333,-0.1344,0.9845
1782310137363,47589,-0.073,0.19336,0.97852,1.00011,9.062,-6.438,-17.25,0.1071,0.0328,-0.1365,0.9842
1782310137365,47591,-0.073,0.17554,0.99512,1.01312,6.438,-3.0,-7.125,0.1091,0.0316,-0.1411,0.9833
1782310137366,47592,-0.07886,0.17407,0.99634,1.0145,5.0,-2.5,-4.375,0.1096,0.0313,-0.1416,0.9832
1782310137369,47595,-0.09351,0.17993,0.99854,1.01892,4.375,-2.688,-2.375,0.1099,0.0311,-0.1419,0.9832
1782310137370,47596,-0.13184,0.17212,1.00098,1.02419,1.812,-1.125,-5.375,0.1109,0.0307,-0.1434,0.9829
1782310137371,47597,-0.12915,0.17505,0.99683,1.02029,1.5,-1.5,-5.938,0.111,0.0307,-0.1437,0.9828
1782310137372,47598,-0.12769,0.17432,0.99585,1.01902,1.5,-2.312,-7.062,0.111,0.0305,-0.1449,0.9826
1782310137380,47606,-0.15479,0.1936,0.97241,1.0035,-0.75,-2.875,-3.562,0.1109,0.0297,-0.1478,0.9822
1782310137433,47659,-0.16357,0.1936,0.96265,0.99546,-0.25,-2.562,-3.688,0.1108,0.0297,-0.148,0.9822
1782310137486,47712,-0.17065,0.19067,0.96265,0.99608,0.188,-1.938,-3.875,0.1108,0.0297,-0.1481,0.9822
1782310137522,47748,-0.15552,0.19092,0.97974,1.01021,-0.438,3.188,-8.5,0.1109,0.031,-0.1516,0.9816
1782310137523,47749,-0.14014,0.19507,0.97461,1.00377,0.062,1.625,-10.625,0.1109,0.0313,-0.1524,0.9815
1782310137525,47751,-0.13379,0.19995,0.97534,1.00457,0.312,0.188,-12.25,0.1109,0.0316,-0.1536,0.9813
1782310137527,47753,-0.14111,0.20874,0.96094,0.99342,0.812,-0.312,-11.25,0.1109,0.0319,-0.1576,0.9806
1782310137585,47811,-0.14502,0.21021,0.96313,0.99641,0.875,1.188,-9.812,0.111,0.0321,-0.1583,0.9805
1782310137600,47826,-0.13843,0.21191,0.96362,0.99631,0.625,2.25,-8.812,0.111,0.0322,-0.1586,0.9804
1782310137615,47841,-0.10425,0.2229,0.99023,1.02035,0.812,3.688,-4.688,0.1113,0.0346,-0.16,0.9801
1782310137642,47868,-0.10571,0.22339,0.98682,1.0173,1.312,1.688,-5.562,0.1115,0.0349,-0.1605,0.98
1782310137653,47879,-0.10278,0.23071,0.98584,1.01768,1.625,1.125,-5.375,0.1116,0.0351,-0.1602,0.9801
1782310137655,47881,-0.12646,0.22119,0.95825,0.99154,1.312,5.125,1.25,0.1124,0.0361,-0.162,0.9796
1782310137666,47892,-0.12646,0.22119,0.95825,0.99154,1.312,5.125,1.25,0.1124,0.0361,-0.162,0.9796
1782310137681,47907,-0.11646,0.21313,0.96118,0.99139,1.812,5.188,1.438,0.1127,0.0366,-0.1618,0.9796
1782310137684,47910,-0.1311,0.2312,0.93018,0.96741,2.125,0.188,-0.188,0.1136,0.0374,-0.1619,0.9794
1782310137724,47950,-0.13574,0.23682,0.92773,0.96705,2.125,0.25,0.312,0.1137,0.0374,-0.1619,0.9794
1782310137756,47982,-0.13647,0.22949,0.92505,0.96281,2.5,0.688,1.25,0.1138,0.0374,-0.1619,0.9794
1782310137763,47989,-0.15649,0.21729,0.94507,0.98227,2.0,3.062,6.375,0.1151,0.0383,-0.1593,0.9796
1782310137791,48017,-0.16064,0.21826,0.94604,0.98409,2.375,2.688,6.438,0.1152,0.0384,-0.1589,0.9797
1782310137798,48024,-0.16626,0.21558,0.94849,0.98679,3.0,2.5,5.875,0.1154,0.0385,-0.1586,0.9797
1782310137802,48028,-0.17871,0.19507,0.96289,0.99857,8.438,-0.688,0.312,0.1183,0.0387,-0.1567,0.9797
1782310137907,48133,-0.1853,0.19604,0.9624,0.99949,7.938,-0.375,0.25,0.1186,0.0386,-0.1567,0.9796
1782310137917,48143,-0.18335,0.19531,0.95508,0.99194,7.562,0.5,0.75,0.1193,0.0387,-0.1565,0.9796
1782310137917,48143,-0.15747,0.17114,0.96533,0.99295,9.125,2.688,1.375,0.1224,0.0393,-0.1553,0.9794
1782310137919,48145,-0.15747,0.17114,0.96533,0.99295,9.125,2.688,1.375,0.1224,0.0393,-0.1553,0.9794
1782310137940,48166,-0.1377,0.17603,0.97412,0.99943,7.375,3.375,3.625,0.1235,0.0396,-0.1552,0.9793
1782310137941,48167,-0.15063,0.18604,1.00269,1.03087,6.5,4.875,9.812,0.1266,0.0403,-0.1527,0.9792
1782310137966,48192,-0.15063,0.18604,1.00269,1.03087,6.5,4.875,9.812,0.1266,0.0403,-0.1527,0.9792
1782310137969,48195,-0.13599,0.1875,1.00708,1.03337,6.0,5.125,9.375,0.1271,0.0407,-0.1513,0.9793
1782310137983,48209,-0.11279,0.18579,1.03296,1.05558,4.0,-1.0,10.375,0.129,0.0408,-0.1481,0.9796
1782310138057,48283,-0.11279,0.18579,1.03296,1.05558,4.0,-1.0,10.375,0.129,0.0408,-0.1481,0.9796
1782310138064,48290,-0.13281,0.18188,1.02759,1.05198,3.375,-1.062,12.625,0.1292,0.0406,-0.1472,0.9797
1782310138065,48291,-0.14722,0.17505,1.03955,1.06442,-0.062,2.938,18.5,0.1295,0.0412,-0.1385,0.9809
1782310138102,48328,-0.14258,0.17041,1.04492,1.06828,-0.812,1.688,17.75,0.1295,0.0412,-0.1373,0.981
1782310138102,48328,-0.13086,0.16821,1.04834,1.06978,-1.938,-0.375,16.375,0.1293,0.0411,-0.1361,0.9813
1782310138117,48343,-0.12427,0.18433,1.02002,1.04396,-5.062,-3.688,19.688,0.1278,0.0395,-0.1304,0.9823
1782310138145,48371,-0.12842,0.18091,1.01147,1.03552,-5.5,-2.625,22.562,0.1275,0.0392,-0.1291,0.9825
1782310138165,48391,-0.13403,0.17676,1.01416,1.03814,-6.375,-1.375,25.25,0.127,0.0391,-0.1267,0.9829
1782310138187,48413,-0.13452,0.11841,0.99854,1.01449,-15.062,4.188,39.438,0.1237,0.0391,-0.1134,0.9849
1782310138233,48459,-0.13745,0.1272,0.98706,1.00467,-18.062,4.125,41.125,0.1227,0.0393,-0.1108,0.9854
1782310138246,48472,-0.14429,0.14282,0.96436,0.9855,-19.125,4.5,42.5,0.1212,0.0395,-0.1067,0.986
1782310138250,48476,-0.18115,0.11694,0.89282,0.91849,-28.25,16.188,50.438,0.1127,0.0427,-0.0866,0.9888
1782310138263,48489,-0.17334,0.11548,0.88721,0.91133,-28.875,17.0,51.312,0.1116,0.0433,-0.0843,0.9891
1782310138264,48490,-0.16675,0.12207,0.87842,0.9024,-29.812,17.562,52.375,0.1099,0.0442,-0.082,0.9894
1782310138268,48494,-0.22266,0.12305,0.8374,0.87519,-29.188,11.812,37.188,0.0997,0.0486,-0.064,0.9916
1782310138334,48560,-0.21875,0.12012,0.84058,0.87684,-28.875,12.562,34.625,0.0986,0.0491,-0.0624,0.9918
1782310138355,48581,-0.20874,0.08618,0.86011,0.88926,-27.312,12.688,30.125,0.0963,0.0502,-0.0595,0.9922
1782310138369,48595,-0.26196,-0.18896,1.04834,1.09697,-11.062,-14.625,0.125,0.0879,0.0504,-0.0527,0.9934
1782310138384,48610,-0.29761,-0.27271,1.07837,1.15144,-9.312,-18.125,-2.562,0.0872,0.0498,-0.0529,0.9934
1782310138385,48611,-0.33008,-0.36792,1.177,1.27658,-13.625,-20.438,-8.438,0.0855,0.0486,-0.0526,0.9937
1782310138386,48612,-0.34595,-0.44263,1.22607,1.34865,-76.312,-4.438,-39.062,0.0642,0.0485,-0.064,0.9946
1782310138454,48680,-0.35669,-0.42432,1.1936,1.31604,-76.0,-10.125,-24.125,0.0607,0.0486,-0.0651,0.9948
1782310138471,48697,-0.34351,-0.38867,1.22388,1.32927,-73.438,-10.688,8.125,0.0538,0.0484,-0.0646,0.9952
1782310138472,48698,-0.31567,-0.30273,1.30127,1.37281,-85.062,14.188,56.25,0.0227,0.053,-0.0476,0.9971
1782310138654,48880,-0.29736,-0.30469,1.30713,1.37472,-84.0,10.125,55.125,0.0191,0.0536,-0.0451,0.9973
1782310138670,48896,-0.24268,-0.27271,1.35034,1.39881,-82.75,3.0,52.375,0.0122,0.0544,-0.0424,0.9974
1782310138671,48897,-0.323,-0.11108,1.17236,1.2211,-84.188,-7.0,31.25,-0.0198,0.0531,-0.0281,0.9979
1782310138671,48897,-0.30493,-0.08374,1.14722,1.19,-82.375,-4.375,28.75,-0.025,0.053,-0.026,0.9979
1782310138672,48898,-0.30054,-0.07886,1.12231,1.16453,-81.188,-3.562,27.062,-0.0282,0.0532,-0.0277,0.9977
1782310138720,48946,-0.1687,0.15039,0.88379,0.91223,-62.5,4.5,-14.125,-0.0572,0.0546,-0.0269,0.9964
1782310138819,49045,-0.10913,0.16748,0.823,0.84693,-59.812,5.688,-19.75,-0.0597,0.0549,-0.0275,0.9962
1782310138821,49047,-0.05151,0.21753,0.74121,0.77419,-53.125,1.562,-23.75,-0.0629,0.0551,-0.0305,0.9959
1782310138852,49078,0.16431,0.47559,0.75317,0.90579,23.062,-45.0,-17.062,-0.0691,0.0455,-0.0416,0.9956
1782310138936,49162,0.16431,0.47559,0.75317,0.90579,23.062,-45.0,-17.062,-0.0691,0.0455,-0.0416,0.9956
1782310138939,49165,0.0835,0.40161,0.78662,0.88715,44.562,-48.375,-15.5,-0.065,0.04,-0.0437,0.996
1782310138940,49166,0.15234,0.3645,0.86841,0.95405,59.0,-0.312,-9.312,-0.0427,0.0282,-0.051,0.9973
1782310138940,49166,0.15234,0.3645,0.86841,0.95405,59.0,-0.312,-9.312,-0.0427,0.0282,-0.051,0.9973
1782310139055,49281,0.18896,0.37646,0.86523,0.96232,59.0,6.625,-6.375,-0.0387,0.0281,-0.0515,0.9974
1782310139055,49281,0.4502,0.33911,0.84106,1.01245,42.688,37.062,32.438,-0.01,0.0371,-0.0534,0.9978
1782310139056,49282,0.47559,0.35938,0.85376,1.04127,41.375,40.5,30.5,-0.0079,0.0385,-0.0522,0.9978
1782310139056,49282,0.91992,0.58984,1.07202,1.53081,47.562,38.438,18.312,-0.0043,0.04,-0.0536,0.9977
1782310139056,49282,0.35449,0.40601,0.72632,0.90446,14.562,21.812,58.438,0.0137,0.042,-0.0427,0.998
1782310139056,49282,0.33398,0.38599,0.77271,0.92607,14.688,27.938,59.812,0.0151,0.0433,-0.0389,0.9981
1782310139056,49282,0.33594,0.39917,0.77368,0.93315,10.562,32.188,65.25,0.0166,0.0449,-0.038,0.9981
1782310139056,49282,0.22021,0.55225,0.72192,0.93522,5.312,37.562,90.438,0.0216,0.0581,-0.0057,0.998
1782310139056,49282,0.177,0.52563,0.71631,0.90593,15.875,40.812,95.875,0.0237,0.0611,0.0004,0.9978
1782310139056,49282,0.15967,0.4939,0.70898,0.87868,20.062,42.688,99.25,0.0249,0.0627,0.0045,0.9976
1782310139056,49282,0.02954,0.54272,0.79004,0.95895,29.875,51.75,138.812,0.0403,0.0806,0.0485,0.9946
1782310139057,49283,-0.00049,0.55103,0.79614,0.96823,32.438,50.875,142.438,0.0423,0.0826,0.0534,0.9941
1782310139057,49283,-0.02808,0.55811,0.80054,0.97629,36.125,49.625,145.688,0.0444,0.0845,0.0595,0.9935
1782310139150,49376,-0.23267,0.47827,0.93433,1.0751,66.5,27.688,135.0,0.07,0.0983,0.1111,0.9863
1782310139266,49492,-0.23267,0.47827,0.93433,1.0751,66.5,27.688,135.0,0.07,0.0983,0.1111,0.9863
1782310139266,49492,-0.26489,0.46289,0.96924,1.10628,73.438,16.688,121.75,0.0787,0.1007,0.1243,0.9839
1782310139334,49560,-0.21729,0.4436,1.12793,1.23135,104.938,-31.625,54.062,0.1207,0.1005,0.1563,0.975
1782310139381,49607,-0.21729,0.4436,1.12793,1.23135,104.938,-31.625,54.062,0.1207,0.1005,0.1563,0.975
1782310139515,49741,-0.25195,0.42773,1.14771,1.25047,110.25,-42.438,47.25,0.1305,0.0985,0.1603,0.9733
1782310139650,49876,-0.38232,0.35645,1.19385,1.30327,123.188,-33.312,27.375,0.1826,0.0889,0.172,0.9638
1782310139823,50049,-0.37817,0.32056,1.23364,1.32953,123.25,-29.188,28.75,0.1902,0.0888,0.1759,0.9616
1782310139823,50049,-0.38159,0.28955,1.24316,1.33225,119.75,-26.188,31.25,0.1953,0.0885,0.1765,0.9605
1782310139823,50049,-0.38159,0.28955,1.24316,1.33225,119.75,-26.188,31.25,0.1953,0.0885,0.1765,0.9605
1782310139929,50155,-0.45776,0.13159,1.23462,1.32331,66.25,-9.625,9.312,0.2346,0.0902,0.1954,0.9478
1782310139935,50161,-0.44873,0.12842,1.25439,1.33841,63.688,-15.5,6.312,0.2371,0.0903,0.1953,0.9472
1782310139936,50162,-0.44873,0.12842,1.25439,1.33841,63.688,-15.5,6.312,0.2371,0.0903,0.1953,0.9472
1782310139936,50162,-0.42847,0.16943,1.25659,1.3384,28.625,-20.062,-33.25,0.2534,0.0928,0.1929,0.9432
1782310139936,50162,-0.42407,0.1687,1.25073,1.3314,26.5,-19.812,-34.875,0.2539,0.0928,0.192,0.9433
1782310140088,50314,-0.39136,0.14478,1.0957,1.17247,4.938,-11.25,-41.438,0.2557,0.0946,0.1797,0.9451
1782310140148,50374,-0.39136,0.14478,1.0957,1.17247,4.938,-11.25,-41.438,0.2557,0.0946,0.1797,0.9451
1782310140148,50374,-0.3916,0.11035,1.06445,1.13955,-1.562,-7.625,-39.5,0.2547,0.0959,0.1781,0.9455
1782310140156,50382,-0.36597,0.14331,0.99121,1.06629,-36.875,10.938,-28.562,0.2424,0.101,0.1701,0.9497
1782310140571,50797,-0.36597,0.14331,0.99121,1.06629,-36.875,10.938,-28.562,0.2424,0.101,0.1701,0.9497
1782310140589,50815,-0.37183,0.16235,0.97314,1.05433,-44.688,17.438,-21.0,0.2379,0.1033,0.1726,0.9501
1782310140620,50846,-0.37183,0.16235,0.97314,1.05433,-44.688,17.438,-21.0,0.2379,0.1033,0.1726,0.9501
1782310140635,50861,-0.37183,0.16235,0.97314,1.05433,-44.688,17.438,-21.0,0.2379,0.1033,0.1726,0.9501
1782310140636,50862,-0.25073,0.30737,0.98901,1.06559,-68.812,48.562,7.062,0.207,0.1162,0.1816,0.9542
1782310140641,50867,-0.18555,0.34033,1.08154,1.1489,-87.625,21.812,-0.188,0.1673,0.1265,0.1942,0.9581
1782310140672,50898,-0.17358,0.35571,1.0647,1.13589,-91.688,13.75,-3.562,0.1594,0.1267,0.1967,0.959
1782310140764,50990,-0.18091,0.36401,1.05762,1.13305,-93.312,9.562,-5.875,0.1555,0.1264,0.197,0.9596
1782310140787,51013,-0.18091,0.36401,1.05762,1.13305,-93.312,9.562,-5.875,0.1555,0.1264,0.197,0.9596
1782310140820,51046,-0.27124,0.5022,0.99976,1.15122,-93.438,-9.625,-26.688,0.1121,0.1173,0.1981,0.9666
1782310140820,51046,-0.26562,0.52026,0.99609,1.15474,-91.438,-8.062,-27.188,0.1065,0.1159,0.197,0.9675
1782310140828,51054,-0.19604,0.49146,1.00781,1.13826,-85.0,-16.625,-32.25,0.0763,0.1076,0.1911,0.9725
1782310140831,51057,-0.19604,0.49146,1.00781,1.13826,-85.0,-16.625,-32.25,0.0763,0.1076,0.1911,0.9725
1782310140831,51057,-0.22803,0.48267,0.97876,1.11487,-84.688,-20.0,-35.062,0.0695,0.1051,0.1895,0.9736
1782310140885,51111,-0.25049,0.50903,0.73145,0.92568,-69.375,-21.438,-41.938,0.038,0.0914,0.1762,0.9793
1782310140887,51113,-0.24023,0.50879,0.69043,0.89066,-61.812,-19.062,-38.5,0.0303,0.088,0.1721,0.9806
1782310140949,51175,-0.24097,0.5144,0.68481,0.88974,-60.5,-18.562,-37.438,0.0292,0.0874,0.1714,0.9808
1782310140951,51177,-0.36035,0.46289,0.58398,0.82774,-27.562,1.25,-14.562,0.0153,0.0825,0.1631,0.9829
1782310140985,51211,-0.36035,0.46289,0.58398,0.82774,-27.562,1.25,-14.562,0.0153,0.0825,0.1631,0.9829
1782310141030,51256,-0.37451,0.45288,0.57104,0.81942,-21.562,8.875,-7.562,0.0136,0.083,0.1609,0.9833
1782310141030,51256,-0.42261,0.32666,0.66016,0.84919,18.688,24.562,-0.812,0.0144,0.093,0.1575,0.9829
1782310141036,51262,-0.42041,0.33179,0.68091,0.8663,22.438,24.438,-5.0,0.016,0.0957,0.1572,0.9827
1782310141037,51263,-0.40869,0.33862,0.68481,0.8664,24.562,23.562,-7.25,0.0169,0.097,0.1569,0.9826
1782310141038,51264,-0.45264,0.39771,0.79883,1.00059,50.938,14.312,-20.062,0.0317,0.1077,0.148,0.9825
1782310141040,51266,-0.45264,0.39771,0.79883,1.00059,50.938,14.312,-20.062,0.0317,0.1077,0.148,0.9825
1782310141041,51267,-0.3938,0.35205,0.95605,1.09227,73.438,10.5,-36.688,0.0681,0.126,0.1278,0.9813
1782310141046,51272,-0.38989,0.35327,0.97144,1.10477,75.688,7.875,-39.812,0.0711,0.127,0.1257,0.9812
1782310141103,51329,-0.38989,0.35327,0.97144,1.10477,75.688,7.875,-39.812,0.0711,0.127,0.1257,0.9812
1782310141106,51332,-0.32617,0.23926,1.06909,1.14306,80.5,-20.875,-79.25,0.1034,0.1311,0.0951,0.9813
1782310141213,51439,-0.3125,0.24414,1.06738,1.13867,79.938,-25.062,-84.312,0.1079,0.1306,0.0891,0.9814
1782310141287,51513,-0.25366,0.21997,1.073,1.1243,73.312,-37.875,-100.875,0.1331,0.1247,0.0494,0.9819
1782310141289,51515,-0.24438,0.22217,1.07202,1.12174,72.0,-38.5,-101.625,0.1367,0.1235,0.0433,0.9818
1782310141294,51520,-0.23242,0.2229,1.07031,1.11771,71.188,-38.312,-101.688,0.1391,0.1226,0.0384,0.9818
1782310141300,51526,-0.19336,0.18091,1.03223,1.06565,44.688,-25.188,-85.938,0.1562,0.1166,0.0016,0.9807
1782310141300,51526,-0.1814,0.19287,1.0144,1.04839,37.875,-21.062,-79.375,0.1586,0.1159,-0.0053,0.9804
1782310141302,51528,-0.16821,0.20996,1.01196,1.04711,35.312,-18.75,-75.688,0.1596,0.1156,-0.0088,0.9802
1782310141328,51554,-0.16821,0.20996,1.01196,1.04711,35.312,-18.75,-75.688,0.1596,0.1156,-0.0088,0.9802
1782310141406,51632,-0.16821,0.20996,1.01196,1.04711,35.312,-18.75,-75.688,0.1596,0.1156,-0.0088,0.9802
1782310141420,51646,-0.1416,0.23291,0.99487,1.03153,20.688,-9.125,-46.125,0.1679,0.1143,-0.0358,0.9784
1782310141421,51647,-0.1416,0.23291,0.99487,1.03153,20.688,-9.125,-46.125,0.1679,0.1143,-0.0358,0.9784
1782310141469,51695,-0.20361,0.23413,0.95898,1.00793,13.562,-11.0,-37.312,0.1727,0.1122,-0.0571,0.9768
1782310141550,51776,-0.20557,0.23535,0.94531,0.99562,13.25,-10.25,-36.0,0.173,0.112,-0.0587,0.9766
1782310141551,51777,-0.23169,0.19824,0.95312,1.00071,12.438,-6.25,-22.5,0.1763,0.1103,-0.0725,0.9754
1782310141551,51777,-0.23706,0.19312,0.96191,1.00934,10.625,-5.062,-19.75,0.1768,0.1101,-0.0748,0.9751
1782310141553,51779,-0.23828,0.19507,0.96191,1.01,9.125,-4.375,-18.0,0.177,0.11,-0.0756,0.975
1782310141554,51780,-0.23828,0.19507,0.96191,1.01,9.125,-4.375,-18.0,0.177,0.11,-0.0756,0.975
1782310141555,51781,-0.3042,0.13892,0.95923,1.01585,-1.062,2.375,-11.438,0.1776,0.1108,-0.0814,0.9743
1782310141556,51782,-0.29956,0.13843,0.95923,1.01441,-3.5,3.0,-11.625,0.1773,0.111,-0.0819,0.9743
1782310141556,51782,-0.25171,0.20508,0.95312,1.0069,-16.438,-3.125,-14.188,0.1718,0.1127,-0.0877,0.9746
1782310141578,51804,-0.25635,0.22632,0.94092,1.00113,-17.75,-4.5,-12.5,0.1696,0.1129,-0.0881,0.9749
1782310141622,51848,-0.25879,0.23682,0.93555,0.99915,-18.312,-4.25,-11.375,0.1688,0.1129,-0.0885,0.975
1782310141629,51855,-0.33228,0.24927,0.92969,1.01827,-22.312,-1.812,-5.0,0.1611,0.1128,-0.0905,0.9762
1782310141638,51864,-0.34058,0.24805,0.92993,1.02093,-24.188,0.25,-4.5,0.1597,0.1129,-0.0919,0.9763
1782310141638,51864,-0.33618,0.25513,0.91992,1.01211,-25.812,1.5,-4.438,0.1586,0.1131,-0.0919,0.9764
1782310141644,51870,-0.22754,0.30347,0.88403,0.96197,-19.188,-7.125,-13.938,0.1484,0.1149,-0.095,0.9775
1782310141644,51870,-0.23413,0.31396,0.87231,0.9562,-15.562,-12.062,-14.875,0.1468,0.1145,-0.096,0.9777
1782310141664,51890,-0.23853,0.30981,0.86523,0.94947,-13.25,-13.938,-15.062,0.1461,0.1141,-0.0966,0.9778
1782310141680,51906,-0.23853,0.30981,0.86523,0.94947,-13.25,-13.938,-15.062,0.1461,0.1141,-0.0966,0.9778
1782310141689,51915,-0.23853,0.30981,0.86523,0.94947,-13.25,-13.938,-15.062,0.1461,0.1141,-0.0966,0.9778
1782310141689,51915,-0.27124,0.29858,0.8623,0.95199,-2.875,-7.875,-14.125,0.1423,0.1097,-0.1032,0.9782
1782310141701,51927,-0.27124,0.29858,0.8623,0.95199,-2.875,-7.875,-14.125,0.1423,0.1097,-0.1032,0.9782
1782310141710,51936,-0.19507,0.24121,0.89282,0.94518,8.188,-6.688,0.938,0.1434,0.1072,-0.1035,0.9783
1782310141711,51937,-0.19141,0.23804,0.90234,0.95264,7.25,-6.562,1.062,0.1437,0.1069,-0.1035,0.9782
1782310141711,51937,-0.21411,0.31079,0.89819,0.97426,-1.312,-6.375,20.062,0.1443,0.1035,-0.1002,0.9789
1782310141714,51940,-0.22339,0.30591,0.90356,0.97975,-0.812,-5.812,22.062,0.1444,0.1032,-0.0993,0.979
1782310141720,51946,-0.23315,0.30566,0.90698,0.98509,-0.375,-5.125,23.438,0.1444,0.1029,-0.0984,0.9791
1782310141728,51954,-0.23315,0.30566,0.90698,0.98509,-0.375,-5.125,23.438,0.1444,0.1029,-0.0984,0.9791
1782310141732,51958,-0.21533,0.27026,0.92407,0.98657,0.0,5.5,21.438,0.1468,0.1013,-0.0906,0.9797
1782310141752,51978,-0.1958,0.28638,0.94141,1.0033,-1.562,6.438,23.688,0.1469,0.1014,-0.0895,0.9797
1782310141753,51979,-0.23145,0.31421,0.94629,1.0236,-5.625,-3.062,28.688,0.1464,0.1007,-0.0742,0.9811
1782310141757,51983,-0.23145,0.31689,0.94263,1.02105,-5.438,-4.0,27.5,0.1463,0.1004,-0.0731,0.9813
1782310141764,51990,-0.22974,0.31714,0.95288,1.03021,-4.812,-4.688,26.125,0.1462,0.1,-0.072,0.9815
1782310141772,51998,-0.22974,0.31714,0.95288,1.03021,-4.812,-4.688,26.125,0.1462,0.1,-0.072,0.9815
1782310141781,52007,-0.2207,0.33911,0.93408,1.01794,2.438,-8.062,36.125,0.1472,0.0961,-0.0596,0.9825
1782310141783,52009,-0.23633,0.32129,0.93018,1.01208,2.188,-8.5,38.375,0.1474,0.0956,-0.0581,0.9826
1782310141783,52009,-0.31665,0.28638,0.85791,0.95827,4.562,-7.5,26.562,0.1498,0.0902,-0.0399,0.9837
1782310141784,52010,-0.30615,0.2981,0.85449,0.95538,6.062,-7.188,25.312,0.1501,0.0899,-0.0388,0.9837
1782310141787,52013,-0.30103,0.30566,0.84814,0.95047,7.312,-6.812,24.812,0.1505,0.0894,-0.0379,0.9837
1782310141788,52014,-0.32568,0.27319,0.92163,1.01494,12.688,-6.812,31.75,0.1561,0.0856,-0.0241,0.9837
1782310141789,52015,-0.33032,0.27563,0.92578,1.02086,11.188,-6.625,30.375,0.1569,0.085,-0.0223,0.9836
1782310141789,52015,-0.32861,0.28345,0.92627,1.02289,10.75,-6.375,29.875,0.1572,0.0848,-0.0218,0.9836
1782310141790,52016,-0.32861,0.28345,0.92627,1.02289,10.75,-6.375,29.875,0.1572,0.0848,-0.0218,0.9836
1782310141790,52016,-0.32617,0.31274,0.97681,1.07627,22.125,-3.062,20.875,0.1649,0.0816,-0.0111,0.9827
1782310141790,52016,-0.33081,0.30664,0.97583,1.07504,22.0,-0.875,21.25,0.1658,0.0814,-0.0103,0.9826
1782310141790,52016,-0.23486,0.22095,0.98315,1.03468,11.562,8.375,9.062,0.1739,0.0834,-0.0042,0.9811
1782310141799,52025,-0.18262,0.29907,0.92578,0.98988,0.375,-1.438,-8.688,0.1755,0.0857,-0.0019,0.9807
1782310141799,52025,-0.18799,0.31177,0.91602,0.98571,-0.75,-1.375,-9.125,0.1754,0.0858,-0.0023,0.9807
1782310141799,52025,-0.19165,0.32544,0.90552,0.98113,-1.062,-0.375,-9.312,0.1754,0.0858,-0.0026,0.9807
1782310141802,52028,-0.19165,0.32544,0.90552,0.98113,-1.062,-0.375,-9.312,0.1754,0.0858,-0.0026,0.9807
1782310141803,52029,-0.11621,0.354,0.91528,0.98821,1.938,4.188,-1.75,0.1754,0.0886,-0.005,0.9804
1782310141804,52030,-0.11548,0.34668,0.91772,0.98779,2.438,2.5,0.125,0.1755,0.0888,-0.005,0.9804
1782310141805,52031,-0.18848,0.34912,0.89453,0.97857,4.625,-0.188,9.312,0.1772,0.088,-0.0038,0.9801
1782310141805,52031,-0.1958,0.35034,0.89673,0.98245,4.312,1.625,11.25,0.1774,0.088,-0.0034,0.9801
1782310141805,52031,-0.20605,0.34546,0.896,0.98215,3.938,3.188,13.25,0.1776,0.0881,-0.0028,0.9801
1782310141805,52031,-0.19263,0.36597,0.89844,0.98906,0.938,8.875,20.25,0.1787,0.0909,0.0054,0.9796
1782310141806,52032,-0.19312,0.37109,0.89917,0.99172,2.438,7.625,20.188,0.1788,0.0911,0.0063,0.9795
1782310141808,52034,-0.19702,0.36841,0.89331,0.98618,3.938,6.312,20.062,0.1791,0.0912,0.0072,0.9794
1782310141809,52035,-0.27295,0.31128,0.89795,0.98879,7.875,2.188,17.125,0.1829,0.0917,0.0164,0.9786
1782310141811,52037,-0.27173,0.31152,0.90039,0.99075,7.375,2.562,16.125,0.1832,0.0917,0.017,0.9785
1782310141813,52039,-0.27588,0.31567,0.90503,0.99741,7.125,2.938,15.062,0.1835,0.0918,0.0177,0.9785
1782310141814,52040,-0.23169,0.37256,0.91895,1.01831,7.312,-0.375,9.188,0.1859,0.093,0.0247,0.9777
1782310141815,52041,-0.23584,0.36426,0.91748,1.01493,9.812,-1.375,8.562,0.1865,0.0929,0.0252,0.9776
1782310141820,52046,-0.24146,0.35474,0.9187,1.01398,10.625,-1.812,8.25,0.1869,0.0928,0.0255,0.9775
1782310141868,52094,-0.2627,0.30103,0.93481,1.01661,0.062,5.875,8.938,0.1893,0.0938,0.0309,0.9768
1782310141868,52094,-0.25366,0.30957,0.92651,1.00926,-1.312,6.688,8.625,0.1893,0.094,0.0313,0.9768
1782310141869,52095,-0.24561,0.31714,0.92944,1.0123,-2.312,7.062,8.062,0.1892,0.0942,0.0317,0.9768
1782310141869,52095,-0.20679,0.33154,0.92847,1.00734,-0.625,-0.25,7.125,0.1887,0.0957,0.036,0.9766
1782310141869,52095,-0.22046,0.32837,0.92285,1.00403,-1.188,-0.125,7.5,0.1886,0.0956,0.0363,0.9766
1782310141869,52095,-0.22559,0.3269,0.91772,0.99998,-1.438,0.375,7.5,0.1885,0.0956,0.0366,0.9766
1782310141869,52095,-0.19824,0.31885,0.92554,0.99879,-3.938,-0.812,1.5,0.1866,0.0964,0.0415,0.9767
1782310141902,52128,-0.19727,0.3186,0.92896,1.00169,-5.25,-1.562,0.562,0.1864,0.0964,0.0416,0.9768
1782310141920,52146,-0.18945,0.31641,0.92554,0.99631,-6.375,-2.25,0.125,0.1861,0.0963,0.0416,0.9768
1782310141921,52147,-0.1958,0.37549,0.88354,0.97978,-8.312,-6.938,1.438,0.1826,0.094,0.0408,0.9777
1782310141923,52149,-0.20312,0.37427,0.8855,0.98257,-7.812,-5.875,3.188,0.182,0.0934,0.041,0.9779
1782310141933,52159,-0.19727,0.36353,0.8894,0.98087,-7.75,-4.25,4.688,0.1812,0.0933,0.0429,0.978
1782310141933,52159,-0.18701,0.37939,0.88403,0.98001,-7.875,-5.562,6.812,0.1784,0.0921,0.047,0.9784
1782310141934,52160,-0.19067,0.37598,0.88696,0.98205,-7.125,-6.375,6.75,0.1782,0.0917,0.0473,0.9785
1782310141935,52161,-0.19043,0.37085,0.88696,0.98005,-6.438,-6.625,6.812,0.1779,0.0914,0.0476,0.9785
1782310141998,52224,-0.23364,0.36987,0.87036,0.97412,-4.75,-3.688,7.188,0.1756,0.0888,0.0532,0.9789
1782310142001,52227,-0.22925,0.36865,0.87671,0.9783,-4.688,-3.312,7.188,0.1755,0.0886,0.0535,0.9789
1782310142052,52278,-0.21777,0.36938,0.87378,0.97332,-4.25,-3.188,7.188,0.1752,0.0885,0.054,0.979
1782310142082,52308,-0.22803,0.36328,0.88477,0.98325,-0.438,-7.0,7.938,0.1748,0.0866,0.0576,0.979
1782310142163,52389,-0.23804,0.36523,0.88599,0.98744,-0.5,-6.875,7.25,0.1748,0.0861,0.058,0.979
1782310142331,52557,-0.24927,0.36548,0.88867,0.9927,-0.375,-6.062,5.438,0.1748,0.0858,0.059,0.979
1782310142332,52558,-0.21118,0.3667,0.90308,0.99731,1.0,-1.438,1.625,0.1752,0.0851,0.0606,0.9789
1782310142332,52558,-0.20801,0.36255,0.91016,1.00155,1.312,-2.188,1.562,0.1753,0.085,0.0606,0.9788
1782310142332,52558,-0.19897,0.3562,0.91382,1.00077,1.188,-4.438,0.562,0.1754,0.0848,0.0606,0.9788
1782310142332,52558,-0.21973,0.36646,0.90942,1.0048,4.938,-8.75,-3.25,0.1766,0.0828,0.0598,0.9789
1782310142332,52558,-0.22681,0.35791,0.91382,1.00728,5.188,-8.375,-3.688,0.1769,0.0823,0.0594,0.9789
1782310142364,52590,-0.22705,0.35132,0.91089,1.00235,4.875,-7.688,-3.75,0.1771,0.0821,0.0592,0.9789
1782310142365,52591,-0.20459,0.36279,0.91235,1.00292,6.938,-4.688,-1.625,0.179,0.0811,0.0593,0.9786
1782310142366,52592,-0.20337,0.35547,0.91675,1.00407,7.375,-4.75,-1.688,0.1795,0.0809,0.059,0.9785
1782310142382,52608,-0.20386,0.3479,0.9187,1.0033,7.438,-4.875,-1.5,0.1798,0.0808,0.0589,0.9785
1782310142438,52664,-0.18896,0.35474,0.91138,0.99607,6.438,-3.312,-6.0,0.1818,0.0803,0.0579,0.9782
1782310142454,52680,-0.18311,0.35254,0.92041,1.00248,6.75,-3.438,-5.938,0.182,0.0802,0.0576,0.9782
1782310142535,52761,-0.17773,0.34473,0.92285,1.00104,6.5,-3.438,-5.75,0.1823,0.0801,0.0573,0.9782
1782310142545,52771,-0.18115,0.30103,0.94897,1.01192,4.688,-3.75,-3.562,0.1846,0.0792,0.0541,0.978
1782310142573,52799,-0.17847,0.29956,0.95654,1.01811,1.5,-3.188,-3.312,0.1846,0.0791,0.0538,0.978
1782310142594,52820,-0.17773,0.3103,0.95532,1.02005,-0.188,-3.0,-2.875,0.1846,0.079,0.0537,0.978
1782310142599,52825,-0.15552,0.34424,0.94312,1.01595,0.312,-4.688,-4.5,0.1845,0.0775,0.048,0.9785
1782310142599,52825,-0.15552,0.34424,0.94312,1.01595,0.312,-4.688,-4.5,0.1845,0.0775,0.048,0.9785
1782310142599,52825,-0.14941,0.34668,0.95776,1.02947,0.375,-5.188,-3.938,0.1845,0.0771,0.0476,0.9785
1782310142599,52825,-0.17407,0.35107,0.9165,0.99676,-4.562,-6.312,-0.938,0.1836,0.074,0.0415,0.9792
1782310142599,52825,-0.17529,0.36182,0.91553,0.99992,-4.75,-5.625,0.125,0.1834,0.0737,0.0414,0.9793
1782310142599,52825,-0.17798,0.3645,0.91455,1.00047,-4.062,-4.062,2.0,0.183,0.0734,0.0415,0.9794
1782310142630,52856,-0.19946,0.34204,0.92432,1.00556,-5.812,-2.062,4.25,0.1814,0.0723,0.0422,0.9797
1782310142635,52861,-0.19482,0.35278,0.92676,1.01059,-4.75,-3.0,1.812,0.181,0.0722,0.0424,0.9798
1782310142637,52863,-0.19263,0.35156,0.9209,1.00437,-4.5,-3.5,0.812,0.1807,0.0718,0.0417,0.9799
1782310142638,52864,-0.19507,0.37109,0.90356,0.99608,-2.125,-2.375,3.438,0.1796,0.0708,0.0417,0.9802
1782310142645,52871,-0.19531,0.36523,0.90576,0.99596,-2.312,-0.875,5.188,0.1794,0.0706,0.0421,0.9802
1782310142699,52925,-0.19336,0.36279,0.90942,0.99802,-2.312,0.0,6.062,0.1793,0.0707,0.0426,0.9802
1782310142719,52945,-0.19019,0.35303,0.92065,1.00419,-2.312,-0.25,0.438,0.1781,0.0711,0.0444,0.9804
1782310142769,52995,-0.19019,0.35303,0.92065,1.00419,-2.312,-0.25,0.438,0.1781,0.0711,0.0444,0.9804
1782310142815,53041,-0.18628,0.35303,0.92676,1.00907,-2.0,-0.375,-0.75,0.178,0.0711,0.0443,0.9804
1782310142815,53041,-0.16943,0.36523,0.91162,0.99657,-0.688,3.125,3.062,0.177,0.0717,0.0447,0.9805
1782310142846,53072,-0.16724,0.3606,0.90869,0.99183,-0.5,3.25,3.375,0.177,0.0718,0.0448,0.9805
1782310143117,53343,-0.1665,0.35596,0.91187,0.99294,-0.438,3.25,3.812,0.177,0.0721,0.045,0.9804
1782310143122,53348,-0.15186,0.35425,0.91284,0.99087,-3.438,0.125,-1.312,0.176,0.073,0.0452,0.9805
1782310143248,53474,-0.15039,0.36157,0.91187,0.9924,-3.312,-0.188,-1.562,0.1759,0.073,0.0452,0.9805
1782310143263,53489,-0.14746,0.36743,0.91382,0.9959,-2.188,-1.188,-1.5,0.1757,0.073,0.0451,0.9806
1782310143414,53640,-0.18091,0.34302,0.91699,0.99562,-0.75,-2.812,2.812,0.1755,0.0721,0.0452,0.9807
1782310143419,53645,-0.16943,0.33398,0.92432,0.9973,0.25,0.0,4.812,0.1755,0.0715,0.0485,0.9806
1782310143498,53724,-0.15356,0.33472,0.92261,0.99339,-0.188,-1.688,3.875,0.1755,0.0712,0.0476,0.9807
1782310143663,53889,-0.14844,0.34546,0.92261,0.99629,-0.125,-3.438,3.562,0.1756,0.0709,0.0478,0.9807
1782310143664,53890,-0.14844,0.34546,0.92261,0.99629,-0.125,-3.438,3.562,0.1756,0.0709,0.0478,0.9807
1782310143717,53943,-0.15479,0.35083,0.9231,0.99958,0.0,-4.25,3.438,0.1755,0.0709,0.049,0.9806
1782310143784,54010,-0.19263,0.33032,0.9104,0.98744,-0.625,1.5,8.125,0.176,0.07,0.0501,0.9805
1782310143860,54086,-0.18945,0.33276,0.91211,0.98922,-1.0,1.875,7.812,0.176,0.07,0.0505,0.9805
1782310143861,54087,-0.18579,0.33667,0.91724,0.99458,-1.062,1.125,7.438,0.176,0.0699,0.0498,0.9805
1782310143863,54089,-0.19995,0.34644,0.93262,1.01478,0.5,-3.812,2.0,0.176,0.0692,0.0506,0.9805
1782310143920,54146,-0.19995,0.34644,0.93262,1.01478,0.5,-3.812,2.0,0.176,0.0692,0.0506,0.9805
1782310143921,54147,-0.20337,0.34375,0.92578,1.00826,1.375,-3.25,1.312,0.1763,0.0687,0.0494,0.9806
1782310143931,54157,-0.18677,0.31372,0.94312,1.01133,-1.562,1.562,4.938,0.1765,0.0686,0.0499,0.9805
1782310144018,54244,-0.18677,0.31274,0.93677,1.0051,-2.5,1.875,5.062,0.1764,0.0687,0.0502,0.9805
1782310144036,54262,-0.18286,0.32056,0.93848,1.00844,-3.562,1.375,5.062,0.1761,0.069,0.0516,0.9805
1782310144041,54267,-0.17432,0.34009,0.92358,0.99952,-2.062,-0.25,1.438,0.1748,0.0693,0.0534,0.9806
1782310144042,54268,-0.17334,0.33789,0.92432,0.99929,-2.0,-0.375,1.188,0.1747,0.0693,0.0534,0.9806
1782310144044,54270,-0.17432,0.33862,0.9231,0.99858,-2.188,-0.188,0.812,0.1746,0.0693,0.0535,0.9807
1782310144048,54274,-0.14551,0.34961,0.92041,0.99527,-4.375,0.25,1.875,0.173,0.0699,0.0545,0.9808
1782310144064,54290,-0.13574,0.34155,0.92041,0.99108,-3.75,-1.188,1.375,0.1728,0.0698,0.0546,0.9808
1782310144094,54320,-0.13379,0.34106,0.92163,0.99178,-3.688,-2.688,0.625,0.1726,0.0697,0.0541,0.9809
1782310144096,54322,-0.15527,0.34351,0.90674,0.98198,-2.375,-3.375,4.5,0.1718,0.0678,0.0539,0.9812
1782310144097,54323,-0.16235,0.34521,0.9021,0.97944,-3.875,-1.938,5.812,0.1716,0.0677,0.0542,0.9813
1782310144131,54357,-0.16357,0.35181,0.89868,0.97885,-4.688,-1.062,6.375,0.1715,0.0675,0.0537,0.9813
1782310144133,54359,-0.15405,0.35669,0.90601,0.98581,-1.875,-4.062,3.75,0.1703,0.0667,0.0553,0.9815
1782310144173,54399,-0.15894,0.35938,0.90601,0.98756,-0.938,-5.562,3.438,0.1703,0.0664,0.0555,0.9815
1782310144179,54405,-0.1626,0.35767,0.89966,0.98171,-0.188,-6.438,3.312,0.1704,0.0659,0.0549,0.9815
1782310144187,54413,-0.21143,0.33618,0.9104,0.99325,-1.312,-2.188,3.312,0.1705,0.064,0.0547,0.9816
1782310144195,54421,-0.20483,0.3396,0.91016,0.99281,-1.438,-2.5,2.875,0.1704,0.0639,0.0548,0.9816
1782310144196,54422,-0.19409,0.33813,0.91528,0.99486,-0.875,-2.812,1.875,0.1704,0.0637,0.0549,0.9817
1782310144226,54452,-0.19922,0.34277,0.92065,1.00239,0.562,-8.125,-3.188,0.1705,0.0617,0.0534,0.9819
1782310144299,54525,-0.21167,0.33081,0.90771,0.98903,0.562,-6.625,-3.062,0.1705,0.0614,0.0532,0.9819
1782310144445,54671,-0.21582,0.32251,0.89624,0.97665,-0.188,-4.625,-2.812,0.1706,0.0612,0.0524,0.9819
1782310144448,54674,-0.16357,0.33789,0.91406,0.98814,1.438,-4.188,-2.938,0.1705,0.0609,0.0518,0.982
1782310144637,54863,-0.16357,0.33789,0.91406,0.98814,1.438,-4.188,-2.938,0.1705,0.0609,0.0518,0.982
1782310144637,54863,-0.16162,0.33472,0.91431,0.98698,1.812,-6.375,-4.25,0.1705,0.0606,0.0515,0.982
1782310144750,54976,-0.18701,0.32007,0.93311,1.00405,4.5,-3.062,-1.938,0.1721,0.0587,0.0494,0.982
1782310144751,54977,-0.18237,0.31323,0.94019,1.00764,3.0,-2.625,-2.938,0.1724,0.0585,0.0489,0.9819
1782310144790,55016,-0.17529,0.3125,0.94409,1.0098,2.188,-2.562,-3.5,0.1724,0.0585,0.0487,0.9819
1782310144864,55090,-0.15088,0.34448,0.93237,1.00536,3.25,-7.375,-5.688,0.1732,0.0567,0.0426,0.9822
1782310145018,55244,-0.15088,0.34448,0.93237,1.00536,3.25,-7.375,-5.688,0.1732,0.0567,0.0426,0.9822
1782310145018,55244,-0.14673,0.34888,0.92969,1.00378,3.938,-7.312,-4.812,0.1735,0.0562,0.0412,0.9822
1782310145038,55264,-0.1792,0.29565,0.9397,1.00128,3.562,-7.188,-2.438,0.1754,0.0534,0.0384,0.9822
1782310145114,55340,-0.1792,0.29565,0.9397,1.00128,3.562,-7.188,-2.438,0.1754,0.0534,0.0384,0.9822
1782310145115,55341,-0.17944,0.30249,0.9375,1.0013,1.125,-6.25,-1.5,0.1754,0.0532,0.039,0.9822
1782310145116,55342,-0.15503,0.31616,0.93066,0.99505,-1.875,-5.875,-3.188,0.175,0.0513,0.0361,0.9824
1782310145116,55342,-0.15698,0.3186,0.92798,0.99363,-2.062,-5.875,-3.562,0.1749,0.0509,0.0344,0.9826
1782310145117,55343,-0.1626,0.32349,0.92603,0.99429,-2.625,-5.312,-3.75,0.1748,0.0507,0.0342,0.9826
1782310145147,55373,-0.13135,0.34863,0.91357,0.98661,-0.812,-3.562,-2.75,0.174,0.0496,0.0317,0.9829
1782310145162,55388,-0.13135,0.34863,0.91357,0.98661,-0.812,-3.562,-2.75,0.174,0.0496,0.0317,0.9829
1782310145172,55398,-0.12207,0.34302,0.9231,0.99231,0.0,-4.75,-2.5,0.1741,0.0491,0.0297,0.983
1782310145174,55400,-0.12207,0.34302,0.9231,0.99231,0.0,-4.75,-2.5,0.1741,0.0491,0.0297,0.983
1782310145228,55454,-0.13745,0.35522,0.89526,0.97292,-1.562,-3.875,-2.562,0.1738,0.0462,0.0244,0.9833
1782310145272,55498,-0.12866,0.35742,0.89502,0.9723,-1.375,-3.438,-2.25,0.1738,0.0461,0.0242,0.9833
1782310145298,55524,-0.10205,0.36108,0.896,0.9714,3.625,-4.188,-3.562,0.1738,0.0452,0.0233,0.9833
1782310145298,55524,-0.10205,0.36108,0.896,0.9714,3.625,-4.188,-3.562,0.1738,0.0452,0.0233,0.9833
1782310145299,55525,-0.09961,0.34595,0.8999,0.96924,4.875,-5.062,-5.0,0.1741,0.0451,0.0227,0.9833
1782310145301,55527,-0.07031,0.33838,0.9082,0.97174,5.062,-3.688,-4.625,0.1766,0.0435,0.0191,0.983
1782310145302,55528,-0.07031,0.33838,0.9082,0.97174,5.062,-3.688,-4.625,0.1766,0.0435,0.0191,0.983
1782310145308,55534,-0.06396,0.34497,0.90894,0.9743,4.625,-3.562,-3.812,0.177,0.0434,0.0187,0.983
1782310145333,55559,-0.04224,0.37378,0.9043,0.97942,11.0,-10.812,1.25,0.1791,0.0405,0.0166,0.9827
1782310145337,55563,-0.04224,0.37378,0.9043,0.97942,11.0,-10.812,1.25,0.1791,0.0405,0.0166,0.9827
1782310145338,55564,-0.05957,0.34351,0.9082,0.97282,11.625,-11.062,1.25,0.1798,0.0397,0.0156,0.9827
1782310145341,55567,-0.02319,0.36987,0.91577,0.98792,8.688,-11.875,3.438,0.1835,0.0353,0.0166,0.9821
1782310145348,55574,-0.01416,0.37549,0.9165,0.99054,9.125,-14.125,4.5,0.1843,0.034,0.0159,0.9821
1782310145353,55579,-0.00928,0.38037,0.91455,0.99054,9.25,-15.312,5.062,0.1847,0.0333,0.016,0.982
1782310145364,55590,-0.02783,0.41846,0.93115,1.02124,21.875,-22.875,19.625,0.1912,0.0241,0.0165,0.981
1782310145364,55590,-0.04126,0.40381,0.93896,1.02294,23.438,-22.562,22.688,0.1926,0.0225,0.0173,0.9808
1782310145366,55592,-0.04663,0.40063,0.94385,1.02642,24.125,-22.438,24.875,0.1937,0.0214,0.0181,0.9805
1782310145366,55592,-0.146,0.34277,0.98022,1.04864,28.938,-13.688,40.938,0.2041,0.012,0.0282,0.9784
1782310145366,55592,-0.146,0.34277,0.98022,1.04864,28.938,-13.688,40.938,0.2041,0.012,0.0282,0.9784
1782310145367,55593,-0.18384,0.30737,0.98315,1.04635,27.0,-6.875,44.125,0.2069,0.0102,0.0312,0.9777
1782310145369,55595,-0.19971,0.3418,1.01367,1.08823,11.25,22.75,53.875,0.2134,0.0108,0.0512,0.9755
1782310145369,55595,-0.20825,0.32593,1.00903,1.08062,11.0,26.5,54.625,0.2139,0.0116,0.054,0.9752
1782310145370,55596,-0.21216,0.31348,1.01172,1.08021,10.062,28.688,54.5,0.2142,0.0124,0.0565,0.975
1782310145370,55596,-0.2085,0.28491,1.08081,1.13701,-1.375,35.375,33.688,0.2139,0.0227,0.0758,0.9735
1782310145410,55636,-0.20557,0.28442,1.08301,1.13845,-2.562,34.438,29.0,0.2136,0.0239,0.0768,0.9735
1782310145411,55637,-0.19653,0.2832,1.08765,1.14097,-3.688,33.438,23.812,0.2133,0.0251,0.0781,0.9734
1782310145411,55637,-0.07568,0.34302,1.04541,1.10285,-10.312,22.375,-16.562,0.2087,0.0355,0.0786,0.9741
1782310145412,55638,-0.07568,0.34302,1.04541,1.10285,-10.312,22.375,-16.562,0.2087,0.0355,0.0786,0.9741
1782310145412,55638,-0.03613,0.34473,1.02393,1.08101,-11.625,20.812,-20.375,0.2072,0.0379,0.0762,0.9745
1782310145413,55639,-0.03613,0.34473,1.02393,1.08101,-11.625,20.812,-20.375,0.2072,0.0379,0.0762,0.9745
1782310145413,55639,0.0647,0.35864,0.91284,0.9829,-11.562,14.625,-18.562,0.2004,0.0472,0.0686,0.976
1782310145415,55641,0.06006,0.35376,0.91187,0.97993,-11.25,15.562,-17.812,0.1999,0.0479,0.0679,0.9761
1782310145522,55748,0.1062,0.35498,0.8772,0.95224,-26.75,48.125,18.188,0.1917,0.0593,0.0695,0.9771
1782310145527,55753,0.11206,0.36646,0.87329,0.95367,-26.188,50.688,22.75,0.1905,0.061,0.0704,0.9771
1782310145529,55755,0.11255,0.3772,0.87378,0.95835,-24.875,52.438,26.5,0.1894,0.0628,0.072,0.9771
1782310145529,55755,0.08984,0.32666,0.98828,1.04474,-9.812,50.312,43.938,0.1826,0.0797,0.0895,0.9758
1782310145531,55757,0.08984,0.32666,0.98828,1.04474,-9.812,50.312,43.938,0.1826,0.0797,0.0895,0.9758
1782310145533,55759,0.03369,0.28979,1.00073,1.04239,-7.688,48.25,40.625,0.1817,0.083,0.0942,0.9752
1782310145555,55781,0.0647,0.30103,0.95923,1.00744,-15.562,37.375,2.375,0.1754,0.0982,0.1068,0.9736
1782310145565,55791,0.09937,0.33301,0.98682,1.04622,-14.562,31.938,-6.25,0.1739,0.1008,0.1072,0.9736
1782310145574,55800,0.09985,0.34448,0.98438,1.04768,-14.812,28.75,-9.562,0.1731,0.1019,0.1072,0.9736
1782310145575,55801,0.15112,0.52905,0.90698,1.06082,-21.375,30.812,49.625,0.1635,0.1107,0.1152,0.9734
1782310145575,55801,0.08936,0.52197,0.89282,1.03806,-18.812,32.312,60.562,0.1625,0.1118,0.119,0.973
1782310145576,55802,0.04761,0.51953,0.89062,1.03217,-17.875,34.438,66.25,0.1621,0.1126,0.122,0.9726
1782310145576,55802,-0.15308,0.3855,0.96606,1.05134,-22.188,62.688,63.812,0.1564,0.1256,0.1515,0.9678
1782310145578,55804,-0.13037,0.39258,0.97412,1.05831,-27.0,66.312,57.25,0.1542,0.1298,0.1576,0.9666
1782310145582,55808,-0.11108,0.40991,0.97314,1.06178,-29.312,67.312,55.562,0.1529,0.1319,0.1605,0.966
1782310145582,55808,-0.11108,0.40991,0.97314,1.06178,-29.312,67.312,55.562,0.1529,0.1319,0.1605,0.966
1782310145582,55808,-0.18286,0.34644,0.88403,0.96694,-21.938,60.812,51.5,0.1411,0.1536,0.1904,0.9592
1782310145582,55808,-0.18506,0.36768,0.91016,0.99891,-24.062,61.688,47.562,0.1394,0.1566,0.1941,0.9582
1782310145583,55809,-0.18506,0.36768,0.91016,0.99891,-24.062,61.688,47.562,0.1394,0.1566,0.1941,0.9582
1782310145583,55809,-0.18506,0.36768,0.91016,0.99891,-24.062,61.688,47.562,0.1394,0.1566,0.1941,0.9582
1782310145591,55817,-0.21069,0.53857,0.88281,1.05537,-13.938,56.062,50.938,0.1269,0.1787,0.2204,0.9503
1782310145602,55828,-0.00269,0.33496,1.06372,1.11522,-9.188,53.5,88.938,0.1264,0.2023,0.2512,0.9379
1782310145604,55830,-0.08203,0.40039,1.17847,1.24733,-29.188,43.25,108.125,0.1249,0.205,0.2642,0.934
1782310145615,55841,-0.19458,0.54199,1.10352,1.24474,-43.875,38.062,110.0,0.124,0.2056,0.2691,0.9326
1782310145626,55852,-0.19458,0.54199,1.10352,1.24474,-43.875,38.062,110.0,0.124,0.2056,0.2691,0.9326
1782310145637,55863,-0.54858,0.07617,1.03564,1.17443,-10.625,55.562,158.312,0.1255,0.2142,0.327,0.9117
1782310145649,55875,-0.52979,0.04688,1.02173,1.15187,-17.875,57.812,160.438,0.1253,0.2154,0.3336,0.9091
1782310145651,55877,-0.52979,0.04688,1.02173,1.15187,-17.875,57.812,160.438,0.1253,0.2154,0.3336,0.9091
1782310145651,55877,-0.3335,-0.00781,0.74219,0.81371,-16.938,-1.812,139.312,0.1239,0.2183,0.4034,0.8798
1782310145653,55879,-0.32544,0.02734,0.6897,0.76312,-10.438,-3.062,130.562,0.1246,0.2173,0.4084,0.8776
1782310145653,55879,-0.48535,0.06055,0.63843,0.80425,19.75,7.0,97.938,0.1424,0.2082,0.4478,0.8577
1782310145654,55880,-0.48096,0.04785,0.64697,0.80758,17.375,14.25,101.062,0.1436,0.2084,0.4513,0.8555
1782310145654,55880,-0.48853,0.00415,0.67041,0.82954,9.75,25.062,108.062,0.1447,0.2091,0.457,0.8522
1782310145672,55898,-0.57031,-0.09644,0.88281,1.05542,-30.875,56.75,97.625,0.1383,0.2139,0.4957,0.8301
1782310145679,55905,-0.42065,-0.1145,0.94214,1.03812,-38.062,56.0,82.312,0.1355,0.2149,0.5012,0.827
1782310145681,55907,-0.38818,-0.10547,0.94556,1.02757,-43.938,53.125,79.375,0.1334,0.2154,0.5047,0.8251
1782310145682,55908,-0.38818,-0.10547,0.94556,1.02757,-43.938,53.125,79.375,0.1334,0.2154,0.5047,0.8251
1782310145683,55909,-0.33521,0.25342,1.04077,1.1224,-69.875,48.312,55.938,0.1044,0.2159,0.5366,0.8088
1782310145684,55910,-0.33374,0.28687,1.07202,1.15884,-64.5,46.438,53.5,0.1015,0.2158,0.5393,0.8075
1782310145685,55911,-0.33374,0.28687,1.07202,1.15884,-64.5,46.438,53.5,0.1015,0.2158,0.5393,0.8075
1782310145685,55911,-0.33374,0.28687,1.07202,1.15884,-64.5,46.438,53.5,0.1015,0.2158,0.5393,0.8075
1782310145685,55911,-0.19092,0.18604,1.34766,1.37377,-73.688,43.5,78.875,0.0734,0.2145,0.572,0.7881
1782310145686,55912,-0.33594,0.2085,1.46924,1.52151,-88.0,-33.875,-14.875,0.044,0.1859,0.5889,0.7851
1782310145687,55913,-0.3042,0.28857,1.47778,1.53611,-83.938,-35.438,-16.75,0.0419,0.1826,0.589,0.786
1782310145694,55920,-0.25854,0.34009,1.46875,1.52962,-77.938,-37.125,-17.0,0.0401,0.1793,0.589,0.7868
1782310145694,55920,-0.25854,0.34009,1.46875,1.52962,-77.938,-37.125,-17.0,0.0401,0.1793,0.589,0.7868
1782310145699,55925,-0.30249,0.13525,1.55566,1.59056,-62.25,-38.375,41.375,0.0316,0.1492,0.5921,0.7911
1782310145712,55938,-0.33472,0.12354,1.59131,1.63082,-66.5,-34.812,47.625,0.0305,0.1463,0.594,0.7904
1782310145712,55938,-0.33472,0.12354,1.59131,1.63082,-66.5,-34.812,47.625,0.0305,0.1463,0.594,0.7904
1782310145712,55938,-0.28809,0.31738,1.35889,1.42489,-89.125,-0.438,50.812,0.0074,0.1167,0.6138,0.7806
1782310145713,55939,-0.26172,0.33887,1.32812,1.39543,-93.312,-2.812,42.312,0.0047,0.1143,0.6157,0.7794
1782310145713,55939,-0.09741,0.35059,0.95117,1.01839,-77.188,-32.938,13.375,-0.0179,0.0823,0.6167,0.7825
1782310145719,55945,-0.09082,0.24707,0.65332,0.70436,-63.812,-54.75,30.375,-0.0305,0.0402,0.6173,0.785
1782310145719,55945,-0.09082,0.24707,0.65332,0.70436,-63.812,-54.75,30.375,-0.0305,0.0402,0.6173,0.785
1782310145719,55945,-0.10815,0.22046,0.62817,0.67446,-64.5,-52.688,30.062,-0.0311,0.0369,0.6185,0.7842
1782310145843,56069,-0.10815,0.22046,0.62817,0.67446,-64.5,-52.688,30.062,-0.0311,0.0369,0.6185,0.7842
1782310145846,56072,0.1499,0.33569,0.62769,0.72743,-109.625,-57.438,-2.188,-0.0566,-0.005,0.6149,0.7864
1782310145847,56073,0.12598,0.40161,0.57935,0.71611,-100.75,-63.375,0.938,-0.0582,-0.0097,0.6151,0.7861
1782310145847,56073,0.12598,0.40161,0.57935,0.71611,-100.75,-63.375,0.938,-0.0582,-0.0097,0.6151,0.7861
1782310145851,56077,-0.15796,0.30249,0.68164,0.76229,-13.938,-95.438,-17.75,-0.0484,-0.051,0.6025,0.7949
1782310145853,56079,-0.14429,0.33569,0.67627,0.76867,-15.938,-82.5,-12.625,-0.0465,-0.0541,0.6022,0.7951
1782310145855,56081,-0.14429,0.33569,0.67627,0.76867,-15.938,-82.5,-12.625,-0.0465,-0.0541,0.6022,0.7951
1782310145867,56093,0.11475,0.34985,0.86963,0.94436,-57.375,-12.562,46.0,-0.062,-0.0745,0.6005,0.7936
1782310145900,56126,0.16406,0.34326,0.88916,0.96713,-53.125,-14.938,45.688,-0.0626,-0.0754,0.6011,0.7929
1782310145917,56143,0.01489,0.06982,1.20239,1.20451,-9.062,-62.312,37.875,-0.0631,-0.0996,0.6076,0.7853
1782310145918,56144,-0.00244,0.07202,1.19824,1.2004,-5.062,-63.0,33.125,-0.0624,-0.1005,0.6082,0.7847
1782310145919,56145,-0.02002,0.06055,1.20044,1.20213,2.938,-63.688,22.812,-0.0608,-0.1024,0.6093,0.7838
1782310145919,56145,0.0708,0.06104,1.13916,1.14299,1.188,-57.625,-43.938,-0.0427,-0.1202,0.5892,0.7976
1782310145919,56145,0.04639,0.02466,1.14014,1.14135,8.375,-55.938,-42.562,-0.0399,-0.1228,0.5873,0.7988
1782310145920,56146,0.02881,0.00391,1.15186,1.15223,10.875,-56.0,-43.5,-0.0389,-0.1236,0.5866,0.7993
1782310145920,56146,0.27905,0.05347,0.88794,0.93229,74.312,-146.188,45.188,-0.0013,-0.1448,0.5686,0.8096
1782310145965,56191,0.22705,0.10718,0.83325,0.87026,87.062,-151.375,67.438,0.0079,-0.1495,0.5725,0.806
1782310145970,56196,0.19702,0.12354,0.83838,0.87003,93.5,-148.375,72.875,0.0143,-0.1522,0.5754,0.8033
1782310145971,56197,0.19702,0.12354,0.83838,0.87003,93.5,-148.375,72.875,0.0143,-0.1522,0.5754,0.8033
1782310146010,56236,-0.0625,-0.21289,0.89844,0.92543,-13.5,-72.0,-7.875,0.0542,-0.1784,0.5817,0.7916
1782310146020,56246,-0.05078,-0.22485,0.95605,0.98345,-33.375,-50.875,-15.188,0.0549,-0.1821,0.5806,0.7915
1782310146037,56263,0.4292,-0.07324,0.76709,0.88205,-69.312,-61.188,-66.188,0.0449,-0.212,0.5582,0.8007
1782310146116,56342,0.5459,-0.01343,0.67261,0.86637,-66.938,-61.375,-61.625,0.0447,-0.2157,0.5553,0.8018
1782310146117,56343,0.57178,0.00806,0.62329,0.84587,-61.125,-56.562,-48.562,0.0446,-0.2191,0.5528,0.8026
1782310146124,56350,0.19312,-0.23877,0.88599,0.9377,-45.375,32.062,63.812,0.0333,-0.2324,0.5492,0.8019
1782310146161,56387,0.19507,-0.27954,0.89673,0.95933,-52.125,35.938,68.438,0.03,-0.2325,0.551,0.8007
1782310146453,56679,0.20703,-0.29346,0.90332,0.97209,-59.0,37.75,68.188,0.0264,-0.2326,0.5529,0.7995
1782310146594,56820,0.03784,-0.23486,0.79688,0.83163,-85.188,73.312,18.438,-0.017,-0.234,0.5618,0.7932
1782310146810,57036,0.10156,-0.24121,0.82788,0.86826,-88.562,76.875,1.75,-0.0218,-0.2334,0.561,0.7937
1782310146811,57037,0.13525,-0.25659,0.83423,0.88322,-93.562,76.062,-11.75,-0.0267,-0.233,0.5598,0.7946
1782310146813,57039,0.31592,-0.14966,1.07935,1.13455,-104.5,68.0,-43.188,-0.0755,-0.2346,0.5325,0.8096
1782310146900,57126,0.27441,-0.17529,1.10815,1.155,-100.688,72.938,-41.5,-0.0801,-0.2344,0.5298,0.811
1782310147113,57339,0.11548,-0.29541,0.91772,0.97099,-34.312,77.688,-45.438,-0.1277,-0.2197,0.501,0.8271
1782310147150,57376,0.1001,-0.25708,0.84961,0.89328,-22.625,71.75,-46.25,-0.1307,-0.2169,0.4976,0.8294
1782310147212,57438,0.09521,-0.21558,0.80103,0.83498,-9.312,68.062,-47.438,-0.1333,-0.2138,0.4934,0.8324
1782310147213,57439,0.03931,-0.21484,0.85059,0.87818,94.25,116.188,30.125,-0.1328,-0.1795,0.4859,0.8449
1782310147214,57440,0.02441,-0.21631,0.90356,0.92941,96.312,124.375,33.125,-0.132,-0.1728,0.4871,0.8457
1782310147221,57447,-0.25488,-0.12134,0.8208,0.86799,14.375,141.562,1.0,-0.1513,-0.0965,0.4873,0.8544
1782310147225,57451,-0.22534,-0.07471,0.81567,0.84952,17.938,132.125,-3.125,-0.1533,-0.0911,0.4865,0.8552
1782310147228,57454,-0.18286,-0.03687,0.81421,0.83531,22.312,121.438,-6.312,-0.155,-0.0861,0.4855,0.8559
1782310147252,57478,0.00342,-0.32251,0.93408,0.9882,-14.938,76.625,-19.812,-0.1691,-0.0525,0.4738,0.8626
1782310147286,57512,-0.03809,-0.33813,0.81934,0.88719,-13.125,76.312,-4.438,-0.1732,-0.0477,0.4718,0.8631
1782310147361,57587,-0.09521,-0.32031,0.75317,0.82397,-6.875,81.0,8.938,-0.1761,-0.0437,0.4722,0.8624
1782310147362,57588,-0.06934,-0.11743,0.59375,0.60921,49.375,51.062,-3.25,-0.1823,-0.0161,0.4713,0.8626
1782310147386,57612,-0.03711,-0.10693,0.58887,0.59965,58.312,42.625,-4.625,-0.181,-0.0133,0.4708,0.8632
1782310147397,57623,-0.0332,-0.10229,0.59375,0.60341,67.0,34.375,-4.438,-0.1793,-0.0108,0.4704,0.8638
1782310147398,57624,0.0,-0.24121,0.81812,0.85294,85.375,-10.688,-7.75,-0.1489,0.005,0.4733,0.8681
1782310147503,57729,-0.07861,-0.2605,0.83887,0.8819,81.312,-5.5,-6.812,-0.1442,0.007,0.4728,0.8691
1782310147593,57819,-0.11646,-0.26294,0.85522,0.90228,79.125,0.0,-4.75,-0.1412,0.0086,0.4727,0.8697
1782310147593,57819,-0.12354,-0.20215,1.0769,1.10265,70.5,34.812,-36.0,-0.1196,0.0316,0.4705,0.8735
1782310147599,57825,-0.04395,-0.15918,1.18481,1.19626,65.562,24.875,-42.688,-0.1166,0.0348,0.4679,0.8752
1782310147651,57877,-0.03247,-0.14307,1.22046,1.22925,64.5,16.938,-46.125,-0.1146,0.0365,0.4661,0.8764
1782310147703,57929,-0.11426,-0.26978,1.3479,1.37937,69.0,-5.25,-50.688,-0.0881,0.0468,0.4543,0.8851
1782310147746,57972,-0.14209,-0.25293,1.33252,1.36373,67.25,-7.75,-52.438,-0.0856,0.0476,0.4522,0.8864
1782310147746,57972,-0.17554,-0.23535,1.31592,1.34828,66.375,-10.188,-55.312,-0.083,0.0483,0.4501,0.8877
1782310147747,57973,-0.25684,-0.10913,1.22485,1.25624,68.312,-28.125,-80.938,-0.0557,0.0502,0.4346,0.8973
1782310147752,57978,-0.25684,-0.10913,1.22485,1.25624,68.312,-28.125,-80.938,-0.0557,0.0502,0.4346,0.8973
1782310147753,57979,-0.25317,-0.18677,1.25269,1.29159,50.875,-25.438,-78.188,-0.0508,0.0499,0.4284,0.9006
1782310147763,57989,-0.12158,-0.00415,1.11816,1.12476,17.062,23.312,-47.562,-0.0464,0.0524,0.4171,0.906
1782310147825,58051,-0.13623,0.03223,1.05908,1.06829,22.812,29.75,-41.188,-0.046,0.0545,0.4144,0.9072
1782310147827,58053,-0.15503,0.04077,1.02637,1.03881,26.25,34.938,-37.625,-0.0457,0.0562,0.4129,0.9078
1782310147828,58054,-0.29199,-0.19775,1.03882,1.09705,-6.125,71.75,-17.75,-0.0528,0.0831,0.4084,0.9074
1782310147833,58059,-0.27905,-0.21118,1.04224,1.09942,-12.062,65.562,-14.875,-0.0545,0.0855,0.4077,0.9074
1782310147833,58059,-0.27441,-0.22314,1.03125,1.09022,-18.0,58.875,-13.625,-0.0564,0.0875,0.4071,0.9073
1782310147833,58059,-0.18604,-0.24023,0.80273,0.85831,-61.5,-2.5,-51.75,-0.0799,0.0863,0.4086,0.905
1782310147833,58059,-0.21509,-0.20361,0.75439,0.81045,-64.625,-8.188,-69.5,-0.0839,0.0839,0.4053,0.9063
1782310147836,58062,-0.24829,-0.15698,0.69263,0.75235,-61.75,-15.0,-89.562,-0.0881,0.0808,0.4055,0.9061
1782310147837,58063,-0.11987,-0.05591,0.5918,0.6064,21.375,-46.0,-81.188,-0.095,0.0617,0.3798,0.918
1782310147842,58068,-0.09741,-0.09204,0.69702,0.70979,29.188,-43.625,-57.0,-0.0925,0.0593,0.3761,0.9199
1782310147842,58068,-0.09351,-0.1272,0.7522,0.76859,26.438,-39.938,-46.0,-0.091,0.0579,0.3743,0.9209
1782310147843,58069,-0.26758,-0.12793,0.8689,0.91812,10.875,-10.688,28.375,-0.0834,0.0481,0.3837,0.9183
1782310147844,58070,-0.32837,-0.16797,0.91699,0.98839,13.688,-1.125,34.875,-0.0825,0.0485,0.3857,0.9176
1782310147846,58072,-0.35938,-0.18994,0.93652,1.02093,14.5,5.062,37.625,-0.0822,0.049,0.389,0.9161
1782310147846,58072,-0.13452,-0.1814,1.29175,1.31134,-1.5,48.5,67.062,-0.0841,0.0628,0.4074,0.9071
1782310147865,58091,-0.10425,-0.19312,1.32764,1.34566,-3.5,46.688,73.25,-0.0848,0.0647,0.4099,0.9057
1782310147870,58096,-0.08862,-0.2002,1.35449,1.37207,-4.688,42.812,78.188,-0.0855,0.0665,0.4127,0.9042
1782310147873,58099,-0.26587,-0.31763,1.29346,1.35817,-16.562,-12.312,62.375,-0.0911,0.0725,0.4431,0.8887
1782310147878,58104,-0.39551,-0.34766,1.23633,1.3438,-8.375,-20.062,54.188,-0.0912,0.0711,0.4478,0.8865
1782310147881,58107,-0.39722,-0.35352,1.22339,1.33396,-6.188,-20.438,44.75,-0.0912,0.0703,0.4516,0.8847
1782310147882,58108,-0.21753,-0.07349,1.13867,1.16159,-21.188,-27.688,31.188,-0.0917,0.0589,0.4657,0.8781
1782310147882,58108,-0.21655,-0.05786,1.14355,1.16531,-19.375,-27.188,34.375,-0.0917,0.0576,0.4671,0.8774
1782310147883,58109,-0.24683,-0.06006,1.1521,1.17977,-15.688,-25.438,40.438,-0.0919,0.0558,0.4708,0.8756
1782310147925,58151,-0.29321,-0.30688,1.16968,1.24431,-9.062,-3.312,23.0,-0.0895,0.0509,0.4835,0.8691
1782310148002,58228,-0.26465,-0.29175,1.1311,1.19772,-15.688,2.188,24.5,-0.09,0.0507,0.4844,0.8686
1782310148002,58228,-0.23828,-0.26953,1.10986,1.16671,-22.438,7.188,25.25,-0.0911,0.0504,0.4867,0.8672
1782310148003,58229,-0.23828,-0.26953,1.10986,1.16671,-22.438,7.188,25.25,-0.0911,0.0504,0.4867,0.8672
1782310148018,58244,-0.14697,-0.12964,0.75122,0.77636,-29.062,-5.875,30.812,-0.1071,0.044,0.5012,0.8574
1782310148019,58245,-0.17383,-0.11035,0.69263,0.72259,-21.375,-8.375,32.312,-0.1085,0.0426,0.5053,0.8549
1782310148019,58245,-0.16553,-0.03101,0.52222,0.5487,-23.375,7.062,43.0,-0.113,0.0394,0.5176,0.8471
1782310148020,58246,-0.15308,-0.01587,0.52246,0.54466,-26.688,12.125,49.688,-0.1141,0.0394,0.5193,0.8459
1782310148020,58246,-0.16284,0.02539,0.54688,0.57117,-32.188,24.812,63.75,-0.1168,0.0405,0.5216,0.8441
1782310148020,58246,-0.13989,0.14819,0.71924,0.74755,-26.812,72.188,51.25,-0.1378,0.0554,0.5357,0.8311
1782310148020,58246,-0.14282,0.12476,0.78149,0.80417,-24.375,73.062,51.812,-0.14,0.0577,0.5372,0.8296
1782310148022,58248,-0.13477,0.07544,0.87061,0.8842,-21.688,71.375,50.812,-0.1445,0.0625,0.5393,0.8271
1782310148023,58249,-0.052,0.20312,1.05835,1.07892,3.188,18.0,-10.688,-0.1555,0.0753,0.5426,0.8219
1782310148023,58249,-0.02832,0.21777,1.05591,1.0785,11.625,7.0,-17.625,-0.155,0.0762,0.5413,0.8227
1782310148023,58249,-0.02295,0.19653,1.0686,1.08676,13.688,1.062,-20.0,-0.1542,0.0767,0.5399,0.8237
1782310148023,58249,-0.27856,0.10498,1.03345,1.07547,37.875,-15.375,-48.125,-0.1439,0.0764,0.5273,0.8337
1782310148023,58249,-0.29712,0.12866,1.02612,1.07599,41.875,-14.875,-49.938,-0.1421,0.0765,0.5255,0.8352
1782310148023,58249,-0.32812,-0.05664,1.30103,1.34296,28.562,-3.25,-35.938,-0.1217,0.0817,0.5037,0.8512
1782310148023,58249,-0.34839,-0.07666,0.93359,0.99942,41.0,-41.062,-73.75,-0.1029,0.0793,0.4787,0.8682
1782310148023,58249,-0.27808,-0.04443,0.93213,0.97374,32.938,-41.5,-70.688,-0.099,0.0772,0.4733,0.8718
1782310148023,58249,-0.25439,-0.02148,0.95337,0.98696,29.312,-41.125,-65.625,-0.0972,0.0759,0.4709,0.8734
1782310148024,58250,-0.32812,-0.20972,0.96582,1.04137,3.625,-16.625,-9.312,-0.0834,0.0699,0.4595,0.8814
1782310148024,58250,-0.21924,-0.07935,0.67993,0.7188,-7.312,-44.062,-25.625,-0.0839,0.0547,0.4481,0.8882
1782310148024,58250,-0.23804,-0.08179,0.63428,0.6824,-9.688,-33.062,-20.688,-0.0833,0.0515,0.4461,0.8895
1782310148024,58250,-0.23145,-0.06421,0.62012,0.66501,-11.0,-25.312,-16.5,-0.0832,0.0502,0.4455,0.8898
1782310148026,58252,-0.33105,-0.11426,0.71191,0.79339,-14.0,55.375,38.312,-0.0889,0.0546,0.4444,0.8896
1782310148026,58252,-0.34961,-0.13037,0.74805,0.83594,-14.438,68.625,40.25,-0.0914,0.0582,0.4464,0.8881
1782310148036,58262,-0.36523,-0.13257,0.77734,0.86904,-14.688,75.125,39.875,-0.0933,0.0611,0.4456,0.8881
1782310148050,58276,-0.1416,-0.26318,1.20117,1.23779,12.938,24.438,21.438,-0.105,0.0861,0.449,0.883
1782310148082,58308,-0.12378,-0.29443,1.23535,1.27597,1.375,3.0,30.188,-0.1045,0.0877,0.4489,0.8829
1782310148084,58310,-0.15967,-0.28052,1.20996,1.25227,-4.75,-5.375,32.062,-0.1044,0.0876,0.4508,0.882
1782310148085,58311,-0.21997,-0.31152,1.05469,1.12152,-11.0,-38.562,-13.125,-0.1035,0.0791,0.4525,0.8821
1782310148085,58311,-0.19824,-0.28955,1.04883,1.10598,-11.125,-39.875,-17.062,-0.1032,0.0773,0.4521,0.8825
1782310148087,58313,-0.18286,-0.27246,1.04053,1.09104,-10.375,-40.875,-18.75,-0.1029,0.0756,0.4503,0.8836
1782310148100,58326,-0.13062,-0.25049,1.18555,1.21874,8.312,-23.0,39.75,-0.0926,0.0603,0.4533,0.8843
1782310148146,58372,-0.19189,-0.24756,1.17871,1.21962,2.312,-7.5,49.375,-0.0914,0.06,0.4547,0.8838
1782310148146,58372,-0.24292,-0.26758,1.16357,1.2184,-0.875,-0.562,51.312,-0.0914,0.0601,0.4566,0.8828
1782310148147,58373,-0.39014,-0.08057,0.86279,0.95032,-18.188,10.5,22.375,-0.0971,0.0643,0.4634,0.8783
1782310148213,58439,-0.32666,0.03516,0.90088,0.95892,-15.312,12.312,26.0,-0.0983,0.0651,0.4633,0.8782
1782310148242,58468,-0.27173,0.0647,0.9519,0.99204,-13.188,16.25,32.812,-0.0989,0.0655,0.4644,0.8775
1782310148280,58506,-0.22412,-0.22656,1.12939,1.17349,-5.562,42.938,89.25,-0.1052,0.0803,0.4804,0.8668
1782310148287,58513,-0.22412,-0.22656,1.12939,1.17349,-5.562,42.938,89.25,-0.1052,0.0803,0.4804,0.8668
1782310148469,58695,-0.2439,-0.22192,1.08179,1.13093,-10.062,37.875,88.25,-0.1062,0.0833,0.4816,0.8658
1782310148478,58704,-0.26685,-0.03052,0.68677,0.73742,-39.875,22.125,36.812,-0.1195,0.0891,0.4996,0.8532
1782310148487,58713,-0.25464,-0.03174,0.66357,0.71146,-41.625,25.25,35.812,-0.1214,0.0893,0.501,0.8521
1782310148498,58724,-0.24194,-0.02051,0.64404,0.68829,-43.438,27.438,35.812,-0.1233,0.0897,0.5012,0.8516
1782310148515,58741,-0.17065,0.10034,0.71655,0.74339,-26.062,29.375,68.188,-0.1405,0.0967,0.5141,0.8405
1782310148515,58741,-0.29785,0.14771,0.84351,0.90667,28.062,-7.688,-2.375,-0.1342,0.105,0.52,0.8369
1782310148561,58787,-0.38574,0.18164,1.35059,1.41629,81.812,-28.312,-45.875,-0.0894,0.1251,0.4734,0.8672
1782310148561,58787,-0.49536,-0.00586,1.56445,1.64101,72.25,-5.0,-32.312,-0.0833,0.127,0.4679,0.8705
1782310148566,58792,-0.52734,-0.08862,1.63525,1.72046,64.25,9.438,-31.75,-0.0812,0.1284,0.4664,0.8713
1782310148566,58792,-0.52734,-0.08862,1.63525,1.72046,64.25,9.438,-31.75,-0.0812,0.1284,0.4664,0.8713
1782310148726,58952,-0.34888,0.04614,1.32666,1.37254,29.438,16.062,-77.438,-0.0761,0.1472,0.4373,0.8838
1782310148746,58972,-0.26123,0.0,1.17212,1.20088,16.562,-5.625,-96.125,-0.0748,0.1481,0.423,0.8907
1782310148748,58974,-0.31494,-0.00562,0.88745,0.94169,9.938,-58.562,-101.125,-0.0715,0.1342,0.3889,0.9085
1782310148748,58974,-0.31836,-0.02588,0.87891,0.93515,8.875,-60.062,-99.688,-0.0703,0.1307,0.382,0.9121
1782310148766,58992,-0.29834,-0.0271,0.87329,0.92324,6.125,-59.25,-98.312,-0.0692,0.127,0.3764,0.915
1782310148899,59125,-0.28052,-0.0354,0.68896,0.74472,-44.5,-2.25,-64.562,-0.0755,0.1124,0.3424,0.9296
1782310149026,59252,-0.22095,-0.17236,0.75977,0.8098,-30.25,7.438,-54.938,-0.1184,0.0909,0.2702,0.9511
1782310149028,59254,-0.18091,-0.17114,0.78906,0.82743,-22.75,12.5,-55.875,-0.1204,0.0906,0.2668,0.9518
1782310149032,59258,-0.16675,-0.18188,0.7981,0.83537,-20.0,14.125,-54.5,-0.121,0.0906,0.2657,0.952
1782310149033,59259,0.0376,-0.27954,1.05688,1.09387,-2.375,27.688,18.0,-0.1262,0.098,0.2493,0.955
1782310149063,59289,-0.01538,-0.31494,1.06445,1.11017,-0.688,28.0,25.25,-0.126,0.0997,0.2458,0.9558
1782310149099,59325,-0.23779,-0.17627,1.18384,1.22028,18.312,-5.938,63.062,-0.1163,0.1019,0.2493,0.9559
1782310149178,59404,-0.20508,-0.11621,0.625,0.66797,-5.75,-35.375,68.312,-0.1154,0.1047,0.2897,0.9442
1782310149184,59410,-0.21118,-0.12183,0.63916,0.68408,-7.5,-24.812,75.125,-0.1148,0.1034,0.2944,0.943
1782310149185,59411,-0.24097,-0.16284,0.66064,0.72182,-11.375,-6.438,84.812,-0.1142,0.1034,0.2969,0.9423
1782310149186,59412,-0.24097,-0.16284,0.66064,0.72182,-11.375,-6.438,84.812,-0.1142,0.1034,0.2969,0.9423
1782310149186,59412,-0.23682,-0.15088,0.60474,0.66675,-11.0,34.5,81.75,-0.1187,0.1154,0.3159,0.9342
1782310149187,59413,-0.23145,-0.14453,0.59741,0.65678,-7.188,33.5,75.938,-0.1192,0.117,0.3188,0.9329
1782310149187,59413,-0.24756,-0.09375,0.69971,0.74811,-3.75,44.062,70.75,-0.1215,0.132,0.3306,0.9264
1782310149307,59533,-0.28125,-0.11304,0.73633,0.79628,-0.188,50.562,74.125,-0.1213,0.1361,0.3299,0.9261
1782310149309,59535,-0.29053,-0.12329,0.75171,0.81528,0.812,52.375,74.5,-0.1215,0.1373,0.3312,0.9254
1782310149337,59563,-0.27905,-0.07422,1.01074,1.05118,14.75,41.75,32.375,-0.1206,0.1622,0.3358,0.9199
1782310149344,59570,-0.27026,-0.05981,1.03784,1.07412,17.312,35.5,23.312,-0.119,0.1665,0.3323,0.9205
1782310149368,59594,-0.24512,-0.04468,1.02417,1.05404,17.562,32.812,19.75,-0.1186,0.168,0.3329,0.9201
1782310149380,59606,-0.30786,0.00806,1.0061,1.05218,45.812,1.5,3.188,-0.1074,0.1784,0.326,0.922
1782310149385,59611,-0.30615,0.00146,1.38184,1.41535,17.125,34.688,-3.062,-0.0892,0.2017,0.3068,0.9257
1782310149423,59649,-0.27002,-0.01294,1.36841,1.39486,17.375,25.188,-7.062,-0.0889,0.2028,0.3063,0.9257
1782310149427,59653,-0.25415,-0.02783,1.3418,1.36594,17.625,13.312,-11.5,-0.0885,0.2036,0.3057,0.9257
1782310149491,59717,-0.25415,-0.02783,1.3418,1.36594,17.625,13.312,-11.5,-0.0885,0.2036,0.3057,0.9257
1782310149611,59837,-0.18433,-0.0415,1.10352,1.11958,2.0,-58.438,-19.312,-0.0807,0.1909,0.2905,0.934
1782310149685,59911,-0.19409,-0.04907,1.03027,1.04954,1.125,-63.062,-13.5,-0.0793,0.1858,0.2897,0.9354
1782310149702,59928,-0.19409,-0.04907,1.03027,1.04954,1.125,-63.062,-13.5,-0.0793,0.1858,0.2897,0.9354
1782310149702,59928,-0.2168,-0.13818,0.8313,0.87015,-6.5,-65.062,5.812,-0.0706,0.1584,0.2832,0.9431
1782310149702,59928,-0.22559,-0.16064,0.80786,0.85401,-7.5,-66.438,4.625,-0.0701,0.1557,0.2836,0.9435
1782310149727,59953,-0.22046,-0.07593,0.62646,0.66845,-4.812,-69.0,-2.062,-0.0645,0.1246,0.2783,0.9501
1782310149727,59953,-0.0979,-0.15576,0.89917,0.9178,-21.75,-17.438,7.125,-0.0692,0.1065,0.2695,0.9545
1782310149729,59955,-0.11279,-0.35938,1.0271,1.09399,-25.062,-11.812,44.0,-0.0747,0.0936,0.2702,0.9552
1782310150460,60686,-0.12231,-0.36572,1.05103,1.11954,-25.188,-8.375,47.312,-0.0756,0.093,0.2722,0.9547
1782310150477,60703,-0.12793,-0.37231,1.06909,1.13927,-25.688,-5.312,50.875,-0.0764,0.0925,0.2743,0.954
1782310150649,60875,-0.05981,-0.55273,1.22192,1.34245,-49.875,15.0,90.562,-0.0886,0.0949,0.2897,0.9481
1782310150697,60923,-0.05054,-0.55591,1.22217,1.34361,-50.562,12.125,89.875,-0.0906,0.0949,0.2935,0.9468
1782310150753,60979,-0.03564,-0.53149,1.22095,1.33209,-50.5,8.438,90.188,-0.0925,0.0949,0.2973,0.9454
1782310150801,61027,0.02051,-0.26807,1.43188,1.4569,-14.375,21.625,156.312,-0.1018,0.0977,0.3287,0.9337
1782310150813,61039,-0.08765,-0.27515,1.24976,1.28269,9.25,-43.5,-17.938,-0.0365,0.2412,0.5525,0.7968
1782310150814,61040,-0.16528,-0.2417,1.2854,1.31833,-66.688,-11.562,83.0,-0.0266,0.2196,0.5632,0.796
1782310150915,61141,0.06885,0.24902,1.21655,1.24368,-99.5,37.438,159.75,-0.075,0.1967,0.6303,0.747
1782310150932,61158,0.00684,0.24414,1.2439,1.26765,-98.688,34.562,167.562,-0.0776,0.1956,0.6364,0.742
1782310150932,61158,-0.08398,0.23462,1.26294,1.28729,-97.438,33.125,173.938,-0.08,0.1945,0.6425,0.7367
1782310150935,61161,-0.08398,0.23462,1.26294,1.28729,-97.438,33.125,173.938,-0.08,0.1945,0.6425,0.7367
1782310151036,61262,-0.3667,-0.00293,1.22266,1.27647,-122.438,18.562,137.062,-0.1052,0.182,0.6956,0.6868
1782310151049,61275,-0.17261,0.02515,0.86108,0.87857,-75.438,-67.5,155.938,-0.1146,0.1398,0.7571,0.6276
1782310151419,61645,-0.18115,-0.01978,1.01758,1.03377,-185.125,39.875,168.312,-0.204,-0.0435,0.9145,0.3463
1782310151503,61729,-0.0127,-0.06616,0.97437,0.9767,-148.688,14.188,156.312,-0.2161,-0.06,0.9209,0.3184
1782310151506,61732,-0.0249,-0.10498,0.95996,0.966,-141.375,10.438,157.688,-0.2188,-0.064,0.9226,0.311
1782310151517,61743,-0.10474,-0.12061,1.13062,1.14185,-95.0,-21.062,184.375,-0.2337,-0.0875,0.9357,0.2487
1782310151533,61759,-0.09375,-0.22363,1.64624,1.664,-106.812,-0.562,174.188,-0.2368,-0.1022,0.952,0.1641
1782310151534,61760,-0.12183,-0.21143,1.65259,1.67051,-119.25,1.688,169.438,-0.2401,-0.1094,0.9537,0.1439
1782310151536,61762,-0.53564,-0.41821,1.30444,1.47084,42.188,-138.562,-118.25,-0.0548,-0.0375,0.9951,0.0721
1782310151773,61999,-0.38647,-0.46924,1.46118,1.58259,61.062,-85.0,-74.562,-0.0279,-0.0282,0.9946,0.0947
1782310151791,62017,-0.34888,-0.55347,1.46558,1.60498,52.562,-71.562,-29.938,-0.0211,-0.0246,0.9947,0.0968
1782310151792,62018,-0.36792,-0.75488,1.25513,1.51015,39.75,-60.125,-19.0,-0.0106,-0.0198,0.9948,0.0979
1782310151793,62019,-0.29858,-0.75439,1.12427,1.38645,50.062,-69.188,-34.75,-0.0049,-0.0171,0.9947,0.1004
1782310151794,62020,-0.1875,-0.84619,0.9314,1.27228,51.625,-75.312,-36.938,0.0014,-0.014,0.9946,0.1024
1782310151794,62020,0.06934,-0.59985,0.25439,0.65524,47.438,-39.0,3.625,0.026,-0.0041,0.994,0.1052
1782310151794,62020,0.09253,-0.43091,1.84155,1.89356,-121.625,92.375,53.375,0.0368,0.0521,-0.9979,0.0056
1782310151829,62055,0.17114,-0.37036,1.78418,1.83023,-128.5,84.562,55.0,0.0422,0.0601,-0.9971,0.009
1782310151903,62129,0.20776,-0.28296,1.66382,1.70045,-130.375,71.188,58.688,0.0466,0.0685,-0.9963,0.0168
1782310151906,62132,-0.14746,-0.46606,1.91846,1.97976,-105.562,54.0,119.375,0.0634,0.1123,-0.9896,0.0632
1782310151931,62157,-0.14746,-0.46606,1.91846,1.97976,-105.562,54.0,119.375,0.0634,0.1123,-0.9896,0.0632
1782310151997,62223,-0.13184,-0.49707,1.99731,2.06245,-117.5,71.5,119.062,0.0704,0.124,-0.9865,0.0792
1782310152007,62233,0.30542,-0.09448,1.1416,1.18552,-88.438,-50.062,62.438,0.0729,0.1632,-0.9761,0.1221
1782310152027,62253,0.26562,-0.0293,0.97095,1.00705,-80.0,-62.375,59.312,0.0703,0.166,-0.9755,0.1253
1782310152059,62285,0.30859,0.41675,0.24292,0.57264,83.375,-45.875,17.562,0.0573,0.1336,-0.971,0.1892
1782310152062,62288,0.30859,0.41675,0.24292,0.57264,83.375,-45.875,17.562,0.0573,0.1336,-0.971,0.1892
1782310152063,62289,0.0188,0.41602,0.15942,0.44592,91.125,-63.938,9.188,0.052,0.1207,-0.9717,0.1956
1782310152063,62289,-0.14331,0.30078,0.49878,0.59982,81.0,4.812,-16.25,0.0473,0.0864,-0.9744,0.2013
1782310152102,62328,-0.04272,0.20068,0.70874,0.73784,65.0,13.938,-12.438,0.0487,0.082,-0.975,0.2001
1782310152131,62357,0.06274,0.09888,0.92578,0.93316,35.062,18.125,-9.938,0.0502,0.0786,-0.9742,0.2052
1782310152131,62357,-0.44531,0.21362,0.69385,0.85168,44.0,3.875,-88.688,0.0499,0.0775,-0.9753,0.2002
1782310152243,62469,-0.43555,0.16138,0.77368,0.9024,52.5,7.0,-93.562,0.0502,0.0765,-0.9758,0.1982
1782310152277,62503,-0.40845,-0.09253,1.05908,1.13888,62.125,20.75,-99.125,0.0513,0.0736,-0.9764,0.1961
1782310152277,62503,-0.39917,-0.07373,2.01416,2.05466,-26.875,93.438,-34.875,0.0807,0.0825,-0.9779,0.1735
1782310152278,62504,-0.4082,-0.10718,1.99414,2.03831,-16.688,85.062,-30.375,0.0841,0.084,-0.9778,0.172
1782310152278,62504,-0.45288,-0.07764,1.85718,1.91318,1.438,64.062,-31.562,0.0882,0.0855,-0.9771,0.1733
1782310152279,62505,-0.23389,-0.39478,0.86914,0.98283,116.375,-116.438,-88.312,0.0755,0.0598,-0.9835,0.1522
1782310152313,62539,-0.24536,-0.56445,0.76855,0.98462,12.0,57.438,53.562,0.0559,0.0269,-0.988,0.1405
1782310152325,62551,-0.20581,-0.52051,0.74976,0.93564,1.875,51.5,50.75,0.0582,0.0271,-0.9876,0.1426
1782310152333,62559,-0.12549,-0.46094,0.65918,0.81408,-9.125,38.125,38.438,0.0598,0.0279,-0.9868,0.1475
1782310152444,62670,0.08276,-0.146,0.59521,0.61842,22.438,-95.75,25.812,0.036,0.0264,-0.9866,0.156
1782310152457,62683,-0.03418,-0.2373,0.65137,0.69409,19.688,-86.5,31.188,0.0325,0.025,-0.9866,0.1574
1782310152458,62684,-0.24658,-0.35913,1.27271,1.3452,-131.062,86.75,67.812,0.0467,0.0528,-0.9794,0.1885
1782310152458,62684,-0.20312,-0.37622,1.25146,1.32248,-143.188,83.688,55.625,0.0503,0.0628,-0.9773,0.1956
1782310152529,62755,-0.16064,-0.37402,1.28369,1.34668,-144.938,84.75,50.625,0.0527,0.0695,-0.9763,0.1978
1782310152611,62837,0.04004,-0.52539,1.98975,2.05833,-115.0,16.938,57.5,0.0646,0.122,-0.9642,0.2258
1782310152626,62852,-0.21802,-0.21411,1.93433,1.95832,-121.188,91.0,121.5,0.0816,0.1776,-0.9393,0.2814
1782310152627,62853,-0.19971,-0.1709,1.80981,1.8288,-119.5,80.75,118.125,0.0843,0.1828,-0.9367,0.286
1782310152627,62853,-0.17676,-0.146,1.60083,1.61716,-108.875,59.625,106.625,0.0869,0.1902,-0.9321,0.2952
1782310152628,62854,-0.05933,0.01099,0.33813,0.34347,-25.312,-86.438,1.812,0.0733,0.2067,-0.9194,0.326
1782310152628,62854,-0.05933,0.01099,0.33813,0.34347,-25.312,-86.438,1.812,0.0733,0.2067,-0.9194,0.326
1782310152747,62973,0.07837,0.14819,0.29858,0.34242,14.438,-85.375,10.375,0.0601,0.2026,-0.9189,0.3327
1782310152762,62988,0.08521,0.31982,0.40771,0.52514,42.562,-5.562,73.625,0.0544,0.1812,-0.911,0.3661
1782310152816,63042,-0.25635,0.30371,0.01807,0.39785,55.938,-80.812,-33.812,0.0382,0.1437,-0.905,0.3982
1782310152877,63103,-0.25635,0.30371,0.01807,0.39785,55.938,-80.812,-33.812,0.0382,0.1437,-0.905,0.3982
1782310152891,63117,-0.29712,0.33813,0.07983,0.45715,51.375,-60.938,-51.438,0.0325,0.1359,-0.9052,0.4012
1782310152900,63126,-0.13916,0.29565,0.49756,0.59526,7.625,37.75,-57.5,0.029,0.1249,-0.9092,0.3957
1782310152913,63139,0.04272,0.01685,2.04224,2.04276,28.875,81.062,-81.0,0.0748,0.128,-0.9163,0.3718
1782310152913,63139,0.04272,0.01685,2.04224,2.04276,28.875,81.062,-81.0,0.0748,0.128,-0.9163,0.3718
1782310152994,63220,0.02441,0.05859,2.19531,2.19623,21.562,22.062,-86.75,0.0767,0.1282,-0.9155,0.3731
1782310152994,63220,-0.40576,-0.41724,1.73706,1.83197,14.062,-119.75,-159.875,0.0368,0.109,-0.9348,0.3357
1782310153010,63236,-0.40576,-0.41724,1.73706,1.83197,14.062,-119.75,-159.875,0.0368,0.109,-0.9348,0.3357
1782310153026,63252,-0.27417,-0.37524,1.56299,1.63062,1.25,-94.375,-156.562,0.0268,0.1062,-0.9383,0.3276
1782310153027,63253,0.07324,-0.37061,0.92285,0.99718,63.188,-10.625,-48.312,0.0082,0.0925,-0.9511,0.2941
1782310153046,63272,0.03955,-0.37109,0.85986,0.93735,76.625,-11.5,-31.938,0.008,0.0881,-0.9504,0.2976
1782310153046,63272,0.00903,-0.37769,0.85327,0.93317,82.375,-12.625,-20.938,0.0084,0.0848,-0.9511,0.2966
1782310153095,63321,-0.21704,-0.43408,0.51001,0.70402,32.188,-16.875,-16.312,0.0085,0.0621,-0.95,0.3057
1782310153096,63322,-0.21704,-0.43408,0.51001,0.70402,32.188,-16.875,-16.312,0.0085,0.0621,-0.95,0.3057
1782310153146,63372,-0.11938,-0.27856,0.46948,0.5588,16.812,-2.562,-11.562,0.0081,0.0603,-0.949,0.3091
1782310153146,63372,-0.021,-0.33984,0.71191,0.78914,30.0,6.062,18.5,0.0156,0.056,-0.9444,0.3233
1782310153146,63372,0.1001,-0.28149,1.09399,1.13405,-31.562,50.438,2.5,0.0252,0.0719,-0.9419,0.3267
1782310153146,63372,0.12305,-0.28345,1.12451,1.16619,-31.25,49.375,16.312,0.028,0.0759,-0.9403,0.3303
1782310153164,63390,0.12476,-0.25781,1.11841,1.1545,-31.375,46.562,23.375,0.0294,0.0778,-0.9398,0.331
1782310153273,63499,-0.17407,-0.16064,1.07715,1.10289,-29.062,22.812,29.812,0.0369,0.0919,-0.9321,0.3479
1782310153274,63500,-0.17407,-0.16064,1.07715,1.10289,-29.062,22.812,29.812,0.0369,0.0919,-0.9321,0.3479
1782310153282,63508,-0.20923,-0.15479,1.0293,1.06169,-26.5,22.25,22.188,0.0378,0.0949,-0.9299,0.353
1782310153282,63508,-0.09058,-0.04443,0.6814,0.68883,7.812,-12.875,2.562,0.037,0.0968,-0.9269,0.3605
1782310153429,63655,-0.07129,-0.01318,0.62183,0.62604,8.812,-7.938,15.062,0.0363,0.0961,-0.9253,0.3648
1782310153515,63741,-0.05005,-0.01001,0.62036,0.62246,10.75,-3.812,23.375,0.0364,0.0956,-0.925,0.3656
1782310153523,63749,-0.23071,-0.13599,0.7561,0.80213,13.375,30.125,44.25,0.0466,0.0932,-0.9151,0.3892
1782310153526,63752,-0.22046,-0.16626,0.76904,0.81711,9.75,28.5,39.188,0.0484,0.0935,-0.9119,0.3964
1782310153534,63760,-0.21533,-0.16357,0.74951,0.7968,5.375,27.125,36.625,0.0497,0.0936,-0.9113,0.3977
1782310153534,63760,-0.09155,-0.03882,0.66772,0.67508,-22.75,45.938,39.938,0.0606,0.1016,-0.9024,0.4142
1782310153542,63768,-0.09155,-0.03882,0.66772,0.67508,-22.75,45.938,39.938,0.0606,0.1016,-0.9024,0.4142
1782310153543,63769,-0.11475,-0.00342,0.76733,0.77587,-37.562,84.812,31.875,0.0941,0.1462,-0.8798,0.4421
1782310153555,63781,-0.12305,-0.01367,0.81274,0.82212,-31.25,81.312,31.375,0.0968,0.1488,-0.8787,0.4429
1782310153560,63786,-0.12305,-0.01367,0.81274,0.82212,-31.25,81.312,31.375,0.0968,0.1488,-0.8787,0.4429
1782310153561,63787,-0.12305,-0.01367,0.81274,0.82212,-31.25,81.312,31.375,0.0968,0.1488,-0.8787,0.4429
1782310153567,63793,-0.29443,0.09766,1.04248,1.08765,12.75,32.875,-14.812,0.1196,0.1663,-0.8674,0.4532
1782310153568,63794,-0.21704,-0.00073,1.17822,1.19804,8.438,2.25,-24.312,0.1216,0.161,-0.8709,0.4478
1782310153582,63808,-0.25049,0.02075,1.1626,1.18946,7.062,6.25,-25.438,0.1215,0.161,-0.8709,0.4479
1782310153621,63847,-0.26709,0.03564,1.15356,1.18461,7.5,8.062,-26.625,0.1218,0.1609,-0.8713,0.4469
1782310153628,63854,-0.29614,0.16016,0.89087,0.95237,62.75,-44.188,-75.375,0.1204,0.1498,-0.8807,0.4326
1782310153629,63855,-0.28857,0.15894,0.87939,0.93907,72.938,-53.562,-77.75,0.1182,0.1453,-0.8823,0.4315
1782310153746,63972,-0.29492,0.13818,0.8811,0.93937,76.125,-57.5,-76.312,0.1171,0.1417,-0.8845,0.4286
1782310153855,64081,-0.29492,0.13818,0.8811,0.93937,76.125,-57.5,-76.312,0.1171,0.1417,-0.8845,0.4286
1782310153964,64190,-0.38232,-0.08838,0.97656,1.05245,37.312,-25.375,-71.062,0.1064,0.1147,-0.8987,0.4095
1782310153991,64217,-0.35449,-0.08276,0.8811,0.95334,23.25,-18.875,-71.5,0.1049,0.1128,-0.9005,0.4065
1782310153991,64217,-0.12671,0.0791,0.66187,0.67852,56.062,-78.75,-78.188,0.0897,0.0994,-0.9144,0.3816
1782310154015,64241,-0.12939,0.02856,0.64966,0.66304,71.938,-85.375,-68.375,0.0844,0.0923,-0.9164,0.3799
1782310154063,64289,-0.28906,-0.25122,0.66821,0.77018,-2.75,-15.938,-62.375,0.0681,0.0698,-0.9285,0.358
1782310154114,64340,-0.25415,-0.23999,0.63721,0.72679,-6.812,-15.938,-62.438,0.067,0.0702,-0.9285,0.358
1782310154249,64475,-0.22339,-0.23682,0.60205,0.68443,-9.875,-17.0,-61.5,0.0661,0.0706,-0.9295,0.3557
1782310154265,64491,-0.22339,-0.23682,0.60205,0.68443,-9.875,-17.0,-61.5,0.0661,0.0706,-0.9295,0.3557
1782310154333,64559,-0.22339,-0.23682,0.60205,0.68443,-9.875,-17.0,-61.5,0.0661,0.0706,-0.9295,0.3557
1782310154345,64571,-0.24658,-0.43506,0.49854,0.70613,6.312,-20.375,-3.438,0.0513,0.0714,-0.9337,0.3469
1782310154543,64769,-0.24658,-0.43506,0.49854,0.70613,6.312,-20.375,-3.438,0.0513,0.0714,-0.9337,0.3469
1782310154547,64773,-0.28076,-0.50342,0.83569,1.0152,-15.812,10.5,10.75,0.0549,0.0742,-0.9301,0.3553
1782310154578,64804,-0.28076,-0.50342,0.83569,1.0152,-15.812,10.5,10.75,0.0549,0.0742,-0.9301,0.3553
1782310154578,64804,-0.30737,-0.33643,1.10352,1.19391,-32.812,26.312,23.688,0.0554,0.0903,-0.922,0.3721
1782310154578,64804,-0.32642,-0.33765,1.17603,1.26633,-32.0,30.438,22.062,0.0561,0.0921,-0.9214,0.373
1782310154662,64888,-0.32642,-0.33765,1.17603,1.26633,-32.0,30.438,22.062,0.0561,0.0921,-0.9214,0.373
1782310154667,64893,-0.17114,-0.37207,1.49878,1.55373,-96.312,-14.375,10.688,0.0494,0.1177,-0.9149,0.3828
1782310154675,64901,-0.2168,-0.29785,1.43726,1.48372,-92.125,-10.688,10.562,0.0476,0.1211,-0.9142,0.3834
1782310154676,64902,-0.2168,-0.29785,1.43726,1.48372,-92.125,-10.688,10.562,0.0476,0.1211,-0.9142,0.3834
1782310154700,64926,0.06128,-0.37231,2.05396,2.08833,-24.562,-17.0,9.125,0.0474,0.1277,-0.9122,0.3861
1782310154815,65041,0.06836,-0.33496,2.03906,2.06752,-30.062,-20.312,13.312,0.0468,0.128,-0.9121,0.3864
1782310154822,65048,-0.31299,-0.09717,1.04541,1.09558,0.938,-36.562,31.25,0.027,0.128,-0.9054,0.4036
1782310154822,65048,-0.33521,-0.07935,1.05933,1.11393,7.562,-21.062,30.562,0.0261,0.127,-0.9046,0.4057
1782310154822,65048,0.05151,0.21191,0.98047,1.00443,-21.25,-11.188,14.375,0.027,0.1277,-0.8985,0.4188
1782310154823,65049,-0.00537,0.30298,0.76562,0.82341,4.312,-27.188,6.875,0.0255,0.127,-0.8981,0.4199
1782310154925,65151,-0.04541,0.33716,0.63574,0.72104,27.0,-38.812,0.125,0.0241,0.1247,-0.898,0.421
1782310154925,65151,-0.04541,0.33716,0.63574,0.72104,27.0,-38.812,0.125,0.0241,0.1247,-0.898,0.421
1782310155159,65385,-0.42993,0.07275,0.15454,0.46262,40.75,-34.125,-27.75,0.0168,0.1002,-0.9018,0.4197
1782310155159,65385,-0.42505,0.10669,0.16699,0.46897,26.938,-24.75,-25.188,0.0164,0.0986,-0.9024,0.4188
1782310155159,65385,-0.3125,0.12891,0.48901,0.59448,-9.75,39.062,-49.312,0.0209,0.1022,-0.9051,0.4119
1782310155163,65389,-0.19019,0.05225,1.95776,1.96767,-3.938,80.75,-76.938,0.0559,0.1047,-0.919,0.3757
1782310155171,65397,-0.1604,0.05835,2.16211,2.16884,-12.188,71.25,-74.875,0.0594,0.1071,-0.9204,0.3709
1782310155172,65398,-0.15771,0.0835,2.25391,2.26096,-8.375,63.688,-76.438,0.0614,0.1085,-0.9215,0.3676
1782310155172,65398,-0.34106,-0.3374,2.09473,2.14897,91.562,-9.625,-107.812,0.0731,0.0948,-0.9327,0.3399
1782310155173,65399,-0.03906,-0.51733,0.875,1.01724,38.062,-40.875,-105.562,0.0504,0.0653,-0.957,0.2776
1782310155173,65399,0.00146,-0.61768,0.46826,0.77511,104.0,-9.375,39.438,0.0536,0.0352,-0.9612,0.268
1782310155211,65437,-0.1792,-0.70483,0.42114,0.84039,101.812,-16.125,32.188,0.0546,0.0291,-0.9608,0.2698
1782310155212,65438,-0.26245,-0.72876,0.38037,0.86293,81.75,-26.375,7.625,0.0551,0.0198,-0.9608,0.2708
1782310155212,65438,0.05298,-0.40527,0.26709,0.48825,-39.75,48.625,32.562,0.0566,0.0167,-0.9604,0.272
1782310155212,65438,0.08789,-0.37183,0.25391,0.45875,-47.312,59.812,40.188,0.0583,0.0193,-0.9598,0.2736
1782310155247,65473,0.08789,-0.35303,0.27612,0.45672,-54.125,69.125,49.25,0.0604,0.0222,-0.959,0.2756
1782310155267,65493,0.08789,-0.35303,0.27612,0.45672,-54.125,69.125,49.25,0.0604,0.0222,-0.959,0.2756
1782310155328,65554,-0.25635,-0.57959,1.61426,1.73421,-1.5,23.5,22.938,0.0796,0.0419,-0.9525,0.2907
1782310155390,65616,-0.34424,-0.69702,1.69678,1.86639,-9.75,16.562,13.875,0.0802,0.0427,-0.9522,0.2913
1782310155391,65617,-0.34424,-0.69702,1.69678,1.86639,-9.75,16.562,13.875,0.0802,0.0427,-0.9522,0.2913
1782310155391,65617,-0.00732,-0.17896,2.30933,2.31627,-113.5,132.25,151.625,0.0885,0.0805,-0.9462,0.3004
1782310155391,65617,-0.00732,-0.17896,2.30933,2.31627,-113.5,132.25,151.625,0.0885,0.0805,-0.9462,0.3004
1782310155398,65624,0.05322,0.11548,1.35913,1.36506,-55.188,-122.812,55.0,0.1144,0.1519,-0.9114,0.3646
1782310155411,65637,-0.04907,0.01831,0.96411,0.96553,-25.688,-175.125,53.062,0.1026,0.1484,-0.9132,0.3651
1782310155459,65685,0.05835,0.125,0.40942,0.43204,5.375,-45.0,140.75,0.0656,0.1289,-0.9076,0.3939
1782310155459,65685,0.02515,0.14258,0.43896,0.46222,11.375,-17.438,150.812,0.0655,0.1269,-0.9041,0.4025
1782310155459,65685,0.01685,0.18872,0.51245,0.54636,23.375,6.812,152.875,0.0682,0.1241,-0.9006,0.4106
1782310155460,65686,0.08667,0.27808,0.3269,0.43784,38.5,-124.75,70.0,0.0651,0.102,-0.8891,0.4411
1782310155463,65689,-0.41284,0.57568,-0.00073,0.70841,45.625,15.188,37.25,0.0324,0.0667,-0.8857,0.4581
1782310155464,65690,-0.39697,0.46387,0.26245,0.66456,53.75,43.625,29.75,0.0375,0.0637,-0.8846,0.4602
1782310155464,65690,-0.45386,0.32764,0.53931,0.7773,41.188,63.875,19.75,0.0443,0.0623,-0.8842,0.4605
1782310155511,65737,-0.59863,0.37085,0.80615,1.0704,10.125,68.375,-64.188,0.0701,0.0671,-0.8867,0.4519
1782310155544,65770,-0.59863,0.37085,0.80615,1.0704,10.125,68.375,-64.188,0.0701,0.0671,-0.8867,0.4519
1782310155555,65781,-0.59961,0.37378,0.79199,1.06136,13.0,73.562,-73.125,0.0731,0.0682,-0.8878,0.4489
1782310155591,65817,-0.78467,0.19189,2.61353,2.73552,41.0,232.625,-9.438,0.1531,0.0808,-0.8895,0.4226
1782310155631,65857,-0.92529,0.13477,2.62231,2.78403,31.25,218.812,-14.25,0.1622,0.0837,-0.8883,0.4211
1782310155633,65859,-1.01489,0.11938,2.58179,2.77667,26.375,195.188,-25.625,0.1703,0.0864,-0.8874,0.4193
1782310155646,65872,-0.51587,0.14307,1.04492,1.17407,58.125,-171.188,-171.625,0.1651,0.0781,-0.9092,0.3737
1782310155646,65872,-0.25269,-0.57983,0.80786,1.02601,73.625,62.625,2.25,0.1498,0.031,-0.9343,0.3215
1782310155648,65874,-0.20508,-0.71509,0.86938,1.14422,61.562,64.375,9.562,0.153,0.0296,-0.934,0.3212
1782310155649,65875,-0.20508,-0.71509,0.86938,1.14422,61.562,64.375,9.562,0.153,0.0296,-0.934,0.3212
1782310155649,65875,-0.51245,-0.43066,0.82788,1.06464,-74.312,65.875,21.938,0.1342,0.0339,-0.9316,0.3359
1782310155649,65875,-0.29419,-0.00781,0.79297,0.84582,-85.75,85.438,22.0,0.1401,0.0471,-0.9289,0.3392
1782310155649,65875,-0.31226,-0.31274,1.32349,1.39533,5.562,9.625,-15.438,0.1546,0.0673,-0.9233,0.3448
1782310155723,65949,-0.28003,-0.37183,1.36133,1.43871,3.188,3.938,-16.875,0.1546,0.0675,-0.9235,0.3441
1782310155729,65955,-0.20215,-0.32666,1.41919,1.47026,-26.125,9.312,0.125,0.1541,0.0694,-0.9234,0.3444
1782310155729,65955,-0.61206,0.03687,1.75537,1.85938,-87.625,129.25,102.812,0.1694,0.0934,-0.9106,0.3649
1782310155729,65955,-0.71948,0.02905,1.86328,1.99758,-96.062,136.562,105.312,0.1778,0.1031,-0.9045,0.3733
1782310155729,65955,-0.7207,-0.03003,1.91211,2.04364,-101.812,130.75,95.188,0.1837,0.1109,-0.8999,0.3792
1782310155730,65956,-0.05591,0.25488,1.34277,1.36789,-62.25,-30.438,20.5,0.1869,0.1417,-0.8868,0.3978
1782310155733,65959,0.02002,0.27441,1.15283,1.18521,-43.062,-51.688,25.125,0.1831,0.1426,-0.8864,0.4002
1782310155816,66042,0.05005,0.28003,1.03687,1.07518,-31.125,-61.5,29.875,0.1803,0.1425,-0.8862,0.4019
1782310155816,66042,-0.29053,0.19458,0.63477,0.72471,25.188,-28.375,110.438,0.1674,0.1222,-0.8767,0.4339
1782310155816,66042,-0.32324,0.20801,0.65991,0.7637,22.375,-31.875,107.188,0.1673,0.1199,-0.8749,0.438
1782310155816,66042,-0.3252,0.22681,0.66089,0.7707,20.75,-36.062,101.562,0.167,0.1176,-0.8734,0.4418
1782310155829,66055,0.12012,0.35205,0.46313,0.59402,-11.5,-23.125,59.375,0.1604,0.1025,-0.8621,0.4694
1782310155834,66060,0.15503,0.31421,0.40503,0.53555,-15.188,-24.062,55.938,0.1594,0.1021,-0.861,0.4718
1782310155838,66064,0.14697,0.32739,0.31812,0.47957,-20.562,-25.5,54.812,0.1584,0.1017,-0.86,0.474
1782310155843,66069,-0.39014,0.14648,0.70483,0.81881,67.688,-60.0,-40.688,0.1458,0.0786,-0.8617,0.4794
1782310155858,66084,-0.3645,0.11816,0.75415,0.84591,56.938,-50.875,-42.125,0.1449,0.0756,-0.863,0.4777
1782310155858,66084,-0.33105,0.10498,0.7915,0.86434,42.875,-40.625,-41.625,0.1442,0.0733,-0.8643,0.476
1782310155859,66085,-0.41235,0.37476,0.71826,0.90905,-32.062,14.938,-67.688,0.1369,0.0845,-0.8717,0.4626
1782310155864,66090,-0.45239,0.36841,0.69702,0.90897,-11.0,13.375,-78.625,0.137,0.0858,-0.873,0.4598
1782310155864,66090,-0.47021,0.31177,0.71631,0.91181,10.0,12.688,-87.688,0.1374,0.0863,-0.8746,0.4566
1782310155864,66090,-0.46973,0.31543,1.85425,1.93866,-21.875,30.812,-53.0,0.1489,0.0937,-0.8875,0.4256
1782310155872,66098,-0.51685,0.33667,1.87305,1.972,-15.0,16.75,-48.25,0.1492,0.0948,-0.8882,0.4238
1782310155873,66099,-0.5708,0.30005,1.8645,1.97287,-5.25,-1.375,-43.938,0.1491,0.0953,-0.8889,0.4222
1782310155874,66100,-0.5708,0.30005,1.8645,1.97287,-5.25,-1.375,-43.938,0.1491,0.0953,-0.8889,0.4222
1782310155922,66148,-0.4021,-0.13232,1.23169,1.3024,33.312,-108.875,-97.25,0.1102,0.0714,-0.912,0.3883
1782310155931,66157,-0.33276,-0.14111,1.18774,1.24152,31.812,-95.125,-88.625,0.1066,0.0689,-0.9141,0.3848
1782310156042,66268,-0.37549,-0.28906,0.61694,0.77792,42.188,36.5,21.312,0.1024,0.0595,-0.9176,0.3791
1782310156043,66269,-0.38574,-0.31787,0.64868,0.81892,52.812,39.562,18.0,0.1048,0.0583,-0.9172,0.3795
1782310156048,66274,-0.39746,-0.37891,0.71582,0.90219,60.562,38.812,13.562,0.1074,0.0568,-0.917,0.3797
1782310156064,66290,-0.32495,-0.36865,0.63257,0.80102,-81.062,-31.812,-18.562,0.1097,0.0607,-0.9175,0.3771
1782310156067,66293,-0.28784,-0.18872,0.43677,0.55609,-86.25,-34.312,-14.938,0.1057,0.0651,-0.9178,0.3768
1782310156082,66308,-0.29907,-0.10181,0.29712,0.43369,-80.562,-29.062,-9.75,0.1033,0.0679,-0.9179,0.3769
1782310156086,66312,-0.50049,-0.63281,0.9895,1.27673,-7.188,105.438,69.812,0.1187,0.0763,-0.9091,0.3916
1782310156087,66313,-0.51099,-0.67554,1.04468,1.34492,-25.312,112.75,66.25,0.1229,0.0789,-0.9074,0.3939
1782310156154,66380,-0.49194,-0.68701,1.06079,1.35619,-43.875,115.438,61.0,0.1268,0.0823,-0.9055,0.3961
1782310156165,66391,-0.02588,-0.58643,0.68457,0.90178,-92.562,57.375,-10.312,0.141,0.1251,-0.8958,0.4022
1782310156172,66398,0.07959,-0.60522,0.7417,0.9606,-91.5,67.75,-5.125,0.1421,0.1347,-0.8944,0.402
1782310156173,66399,0.18042,-0.52661,0.80908,0.98208,-87.438,78.438,21.5,0.1442,0.144,-0.8922,0.4028
1782310156238,66464,-0.3877,-0.36108,1.39771,1.49475,-24.5,79.062,104.312,0.1677,0.1717,-0.8687,0.4329
1782310156243,66469,-0.43262,-0.39526,1.49146,1.60245,-24.0,76.938,101.5,0.1707,0.1733,-0.8662,0.4362
1782310156261,66487,0.12622,-0.01929,1.39502,1.40085,-120.625,47.375,57.688,0.1905,0.2136,-0.8369,0.4663
1782310156316,66542,0.15039,-0.02515,1.33496,1.34364,-117.062,33.562,54.188,0.1897,0.2178,-0.8345,0.4689
1782310156317,66543,0.10132,-0.07178,1.2019,1.2083,-105.312,6.062,52.312,0.187,0.2251,-0.8302,0.4742
1782310156325,66551,-0.22534,-0.11938,0.99243,1.02467,17.25,-89.25,22.375,0.1687,0.2241,-0.8234,0.4929
1782310156430,66656,-0.24341,-0.13086,1.00098,1.03843,17.375,-91.75,23.875,0.1674,0.2227,-0.8236,0.4937
1782310156511,66737,-0.25269,-0.1106,1.01001,1.047,15.812,-92.688,25.312,0.1646,0.2199,-0.8239,0.4954
1782310156512,66738,-0.10815,0.22192,0.61426,0.66201,6.5,-90.75,12.75,0.1355,0.1989,-0.8244,0.512
1782310156513,66739,-0.13696,0.22314,0.54468,0.60434,19.75,-98.438,7.5,0.1326,0.196,-0.8249,0.5131
1782310156513,66739,-0.13696,0.20264,0.46973,0.52959,41.5,-114.125,-0.25,0.1282,0.1905,-0.8262,0.5143
1782310156514,66740,-0.04736,0.31055,0.823,0.88092,69.562,-69.625,-3.062,0.1025,0.1359,-0.8409,0.5135
1782310156517,66743,-0.26611,0.0415,0.40479,0.4862,-65.125,-60.938,-84.5,0.0839,0.1378,-0.8425,0.5136
1782310156562,66788,-0.22974,0.05615,0.3374,0.41203,-56.5,-68.125,-93.188,0.0797,0.1388,-0.8444,0.5109
1782310156562,66788,-0.21509,0.11743,0.27515,0.36846,-39.625,-75.312,-96.875,0.0756,0.1391,-0.8465,0.5081
1782310156566,66792,-0.26807,-0.14404,0.77319,0.83092,34.25,-59.688,-67.562,0.0571,0.1204,-0.8624,0.488
1782310156573,66799,-0.30811,-0.22437,0.83325,0.91629,26.0,-58.438,-77.5,0.0532,0.1163,-0.866,0.4831
1782310156574,66800,-0.29175,-0.25903,0.88428,0.96652,25.938,-56.0,-84.25,0.0513,0.1145,-0.868,0.4803
1782310156578,66804,-0.17334,-0.11279,0.76611,0.79353,51.312,-9.938,-94.312,0.0433,0.0985,-0.886,0.4508
1782310156649,66875,-0.12476,-0.1084,0.75293,0.77086,59.75,-3.312,-88.938,0.0441,0.0953,-0.889,0.4455
1782310156657,66883,-0.11035,-0.0874,0.74561,0.75878,66.875,2.312,-77.938,0.0454,0.0919,-0.8917,0.4407
1782310156662,66888,0.0293,-0.52417,1.05566,1.179,48.812,-14.0,-27.25,0.059,0.0673,-0.9002,0.4259
1782310156693,66919,-0.00342,-0.51562,1.00049,1.12555,40.25,-25.062,-31.875,0.0587,0.0656,-0.9009,0.4246
1782310156726,66952,-0.05103,-0.44385,0.89697,1.00208,32.875,-41.812,-43.75,0.0573,0.0629,-0.9023,0.4224
1782310156727,66953,0.02173,-0.07495,0.65234,0.65699,78.188,-64.375,-40.312,0.04,0.0314,-0.9147,0.4006
1782310156749,66975,0.03003,-0.10962,0.68018,0.68961,74.75,-58.25,-27.625,0.0389,0.0275,-0.9154,0.3994
1782310157178,67404,0.08472,-0.10669,0.69458,0.70781,62.125,-50.625,-9.375,0.0374,0.0223,-0.9161,0.3984
1782310157227,67453,-0.06909,-0.11133,0.91309,0.92244,17.312,-25.438,38.375,0.0277,0.0042,-0.9162,0.3995
1782310157253,67479,-0.06592,-0.12134,0.93018,0.94037,17.062,-23.562,36.5,0.0274,0.0037,-0.9159,0.4002
1782310157665,67891,-0.0188,-0.14111,1.01074,1.02072,13.75,-21.5,29.938,0.0265,0.002,-0.919,0.3932
1782310157966,68192,0.18677,0.12036,1.09814,1.12039,2.375,-78.312,12.25,0.0061,-0.007,-0.9227,0.385
1782310158023,68249,0.17676,0.19922,1.02393,1.058,9.75,-79.438,17.125,0.003,-0.0088,-0.9225,0.3856
1782310158255,68481,0.00562,-0.02051,0.56128,0.56168,144.0,-17.875,38.5,-0.0054,0.0189,-0.9085,0.4172
1782310158264,68490,-0.3374,0.03809,0.72363,0.79933,-38.375,-74.688,153.438,0.024,0.0111,-0.8668,0.4978
1782310158265,68491,-0.22852,-0.14795,0.66162,0.71544,57.062,-23.812,84.438,0.021,0.007,-0.8617,0.5067
1782310158371,68597,-0.26221,-0.26514,0.49512,0.61984,24.75,39.562,-130.188,0.2023,0.0518,-0.9296,0.3031
1782310158691,68917,-0.20337,0.51025,0.99316,1.13494,-0.25,92.312,93.938,0.1239,-0.107,-0.9688,0.1853
1782310158755,68981,-0.18555,0.48047,0.93018,1.06326,-72.312,104.188,64.375,0.1616,-0.0869,-0.9591,0.2149
1782310158805,69031,-0.18555,0.48047,0.93018,1.06326,-72.312,104.188,64.375,0.1616,-0.0869,-0.9591,0.2149
1782310158820,69046,-0.38599,-0.42456,0.95435,1.11356,-40.5,10.5,35.812,0.1641,0.0314,-0.9292,0.3294
1782310158843,69069,-0.4978,-0.15259,0.87061,1.01442,-9.812,-24.25,36.5,0.1615,0.033,-0.9285,0.3322
1782310158861,69087,-0.6731,-0.42627,1.39526,1.60671,-37.625,5.562,-5.812,0.1436,0.0357,-0.9315,0.3319
1782310158881,69107,-0.6731,-0.42627,1.39526,1.60671,-37.625,5.562,-5.812,0.1436,0.0357,-0.9315,0.3319
1782310158888,69114,-0.19067,-0.47192,0.76489,0.91876,-47.312,5.688,-55.688,0.069,0.0152,-0.9833,0.1671
1782310158888,69114,-0.2124,-0.17505,1.26636,1.29593,-63.375,-16.75,-37.062,0.0524,0.0844,-0.9879,0.1187
1782310158927,69153,-0.20581,-0.07275,1.22583,1.24511,-54.25,-14.875,-33.562,0.0506,0.0881,-0.9875,0.1198
1782310158932,69158,-0.17285,0.20752,1.18652,1.21687,-34.5,-17.188,-34.5,0.0496,0.0895,-0.9876,0.1186
1782310158933,69159,-0.17285,0.20752,1.18652,1.21687,-34.5,-17.188,-34.5,0.0496,0.0895,-0.9876,0.1186
1782310158999,69225,0.0752,0.0791,1.30957,1.31411,63.25,-44.875,0.438,0.0383,0.0775,-0.9892,0.1174
1782310159014,69240,0.11938,0.06836,1.27295,1.28036,64.688,-47.312,8.875,0.0366,0.0744,-0.9894,0.1177
1782310159057,69283,-0.11963,-0.25562,1.00415,1.04306,4.812,20.438,54.875,0.0281,0.0526,-0.9888,0.1359
1782310159090,69316,-0.13086,-0.2854,1.08716,1.13159,-12.312,37.688,52.688,0.0302,0.0535,-0.9879,0.1416
1782310159131,69357,-0.12109,-0.27319,1.13086,1.16968,-20.188,45.812,48.125,0.032,0.0545,-0.9875,0.1436
1782310159179,69405,-0.05347,0.30737,1.26904,1.30683,-33.438,4.125,35.625,0.0427,0.0674,-0.9833,0.1627
1782310159181,69407,-0.06177,0.25024,1.17334,1.20132,-20.875,-0.562,46.875,0.0424,0.0696,-0.9817,0.1716
1782310159192,69418,-0.07251,0.19531,1.12622,1.14533,-19.0,1.312,49.688,0.0424,0.0702,-0.9813,0.1737
1782310159193,69419,-0.0979,-0.05713,1.12695,1.13264,-82.438,28.562,71.0,0.0464,0.0837,-0.9743,0.2035
1782310159193,69419,-0.12549,0.06299,0.89087,0.90187,-58.5,-44.875,81.125,0.0374,0.1227,-0.9569,0.2603
1782310159206,69432,-0.22705,-0.05127,0.80933,0.84214,-53.5,-47.562,70.812,0.0354,0.1244,-0.9558,0.2637
1782310159207,69433,-0.19385,-0.07544,0.76245,0.79032,-49.938,-47.562,56.562,0.0332,0.1258,-0.9549,0.2665
1782310159244,69470,-0.01123,-0.01514,0.79956,0.79978,-5.812,-86.188,60.625,0.0037,0.1241,-0.946,0.2991
1782310159279,69505,-0.02051,-0.04492,0.79126,0.7928,-3.312,-84.125,65.438,0.0006,0.1231,-0.9451,0.3021
1782310159299,69525,-0.03882,-0.11597,0.79297,0.80234,-0.625,-80.5,67.312,-0.0021,0.1221,-0.9443,0.3052
1782310159322,69548,-0.11108,-0.11182,0.53027,0.5532,-14.312,-45.375,28.688,-0.0219,0.1188,-0.932,0.3413
1782310159494,69720,-0.13501,-0.10718,0.49976,0.52865,-14.938,-46.062,24.625,-0.0237,0.1188,-0.9315,0.3425
1782310159810,70036,-0.17529,-0.11328,0.48633,0.52922,-14.625,-43.312,21.812,-0.0255,0.1188,-0.9311,0.3436
1782310159824,70050,-0.29688,-0.22803,0.9541,1.02491,-58.062,20.938,23.25,-0.0308,0.1264,-0.9225,0.363
1782310159866,70092,-0.32007,-0.22803,0.96045,1.03774,-61.625,20.375,19.875,-0.0307,0.1292,-0.9219,0.3637
1782310159988,70214,-0.33423,-0.24512,0.95801,1.04383,-60.25,18.438,13.875,-0.0307,0.132,-0.9213,0.3641
1782310159991,70217,-0.26587,-0.14453,1.03198,1.07543,3.125,69.5,-58.0,-0.0193,0.1461,-0.9199,0.363
1782310159992,70218,-0.65479,-0.19849,1.37524,1.53604,69.812,44.75,11.875,0.0742,0.137,-0.917,0.3668
1782310159997,70223,-0.12915,-0.12378,1.0498,1.06493,11.125,-5.562,-31.625,0.0854,0.055,-0.9506,0.2929
1782310160241,70467,-0.10718,-0.01123,1.11328,1.11848,-38.125,18.938,4.938,0.0714,0.069,-0.9551,0.2785
1782310160243,70469,-0.13574,0.04053,1.13281,1.14163,-46.812,22.5,8.688,0.0718,0.0709,-0.9549,0.2789
1782310160244,70470,-0.13574,0.04053,1.13281,1.14163,-46.812,22.5,8.688,0.0718,0.0709,-0.9549,0.2789
1782310160477,70703,-0.36865,0.03516,1.35791,1.4075,31.562,54.062,68.75,0.1073,0.1036,-0.9401,0.3063
1782310160609,70835,-0.24121,0.05103,0.85815,0.89286,-15.688,16.688,69.438,0.1116,0.1035,-0.9378,0.3118
1782310160701,70927,-0.26147,0.07593,0.78638,0.83218,-14.75,-9.875,65.125,0.1132,0.1017,-0.9314,0.3303
1782310160999,71225,-0.1731,-0.20972,0.94971,0.98787,-50.0,-24.312,44.375,0.0624,0.1437,-0.8934,0.4207
1782310161005,71231,-0.19043,-0.21118,0.91357,0.9568,-46.188,-27.125,46.188,0.0571,0.148,-0.8905,0.4263
1782310161006,71232,-0.19824,-0.24365,0.87671,0.93128,-42.938,-27.875,45.375,0.0547,0.1497,-0.8889,0.4293
1782310161007,71233,-0.3418,-0.21582,0.92212,1.00683,38.625,-7.312,28.562,0.0532,0.1309,-0.8775,0.4581
1782310161365,71591,-0.39209,0.03979,0.88062,0.96478,31.188,-10.25,54.875,0.0906,0.1048,-0.8663,0.4797
1782310161507,71733,-0.25586,-0.13428,0.97266,1.01467,-79.875,0.875,-18.25,0.0782,0.1079,-0.8528,0.5048
1782310161510,71736,-0.2002,-0.06885,0.92627,0.95016,-39.188,-17.125,79.75,0.0418,0.1372,-0.7995,0.5831
1782310161550,71776,-0.2002,-0.06885,0.92627,0.95016,-39.188,-17.125,79.75,0.0418,0.1372,-0.7995,0.5831
1782310161564,71790,-0.27124,-0.14966,0.87622,0.92937,-33.375,-31.5,96.938,0.0335,0.1395,-0.7834,0.6046
1782310161589,71815,-0.23853,-0.18262,0.89722,0.94618,-32.812,-34.562,103.062,0.0277,0.1401,-0.7707,0.6207
1782310161593,71819,-0.41919,-0.15991,1.08472,1.17384,-2.25,-17.812,69.5,0.0098,0.1286,-0.6693,0.7315
1782310161594,71820,-0.41919,-0.15991,1.08472,1.17384,-2.25,-17.812,69.5,0.0098,0.1286,-0.6693,0.7315
1782310161597,71823,-0.4292,-0.04712,1.07837,1.1616,-2.75,-11.562,49.875,0.0093,0.1275,-0.663,0.7375
1782310161628,71854,-0.35132,0.21582,1.15405,1.22549,33.062,-15.062,53.188,0.0121,0.1217,-0.6506,0.7493
1782310161678,71904,-0.16357,0.05005,1.01538,1.02969,16.0,-33.875,-17.062,0.025,0.094,-0.6242,0.7751
1782310161743,71969,-0.24121,0.18872,1.03979,1.08396,12.938,-29.062,0.5,0.0242,0.0903,-0.6238,0.7758
1782310161768,71994,-0.27905,0.229,1.03369,1.09491,11.438,-22.688,7.375,0.0242,0.0892,-0.6237,0.7761
1782310161862,72088,-0.30469,0.08301,1.04199,1.08879,-1.188,39.812,8.125,0.0297,0.0929,-0.6184,0.7797
1782310161864,72090,-0.28271,0.07617,1.02759,1.06849,0.0,40.688,4.188,0.0308,0.0942,-0.6181,0.7797
1782310161964,72190,-0.24146,0.08496,1.00171,1.0339,1.188,36.938,0.0,0.033,0.0968,-0.6173,0.7799
1782310161969,72195,-0.3208,0.27539,0.91333,1.00644,9.75,-0.438,21.0,0.0394,0.0993,-0.6141,0.7818
1782310161980,72206,-0.30737,0.28638,0.9292,1.01976,10.312,-3.438,26.625,0.0402,0.0986,-0.6129,0.7828
1782310161980,72206,-0.30615,0.28149,0.92993,1.01869,10.938,-5.0,29.625,0.0406,0.0981,-0.6116,0.7838
1782310161984,72210,-0.22168,-0.05933,0.92529,0.95332,-6.0,2.312,13.688,0.0451,0.0971,-0.603,0.7904
1782310161985,72211,-0.20874,-0.06055,0.92212,0.94739,-9.312,-3.0,11.562,0.0448,0.0972,-0.6025,0.7907
1782310161985,72211,-0.17212,-0.06372,0.94092,0.95865,-12.5,-14.875,6.875,0.0435,0.0971,-0.6014,0.7917
1782310161986,72212,-0.26514,-0.00977,1.19409,1.22321,13.562,27.438,19.625,0.0513,0.1062,-0.5893,0.7991
1782310161986,72212,-0.26514,-0.00977,1.19409,1.22321,13.562,27.438,19.625,0.0513,0.1062,-0.5893,0.7991
1782310162108,72334,-0.27319,0.00806,1.20679,1.23735,18.438,20.312,13.938,0.055,0.1072,-0.5874,0.8002
1782310162120,72346,-0.32812,0.06689,1.06934,1.12055,13.562,-0.875,13.562,0.0626,0.1058,-0.583,0.803
1782310162123,72349,-0.34131,0.09033,1.06396,1.12101,13.062,-4.562,12.125,0.0633,0.1051,-0.5824,0.8034
1782310162240,72466,-0.34473,0.10645,1.052,1.11215,13.125,-8.25,10.0,0.0637,0.1045,-0.582,0.8038
1782310162241,72467,-0.3772,0.15381,0.91821,1.00451,4.062,-21.625,2.188,0.0625,0.0946,-0.5805,0.8062
1782310162246,72472,-0.37988,0.15454,0.91187,0.99985,3.375,-22.125,-0.25,0.0622,0.0938,-0.5805,0.8063
1782310162247,72473,-0.37524,0.15771,0.90259,0.99012,3.625,-21.562,-0.875,0.0619,0.093,-0.5806,0.8063
1782310162247,72473,-0.39673,0.12646,1.04883,1.12846,-19.438,-29.938,-16.5,0.0554,0.0871,-0.5828,0.8059
1782310162254,72480,-0.42017,0.12793,1.05518,1.14294,-23.562,-33.312,-20.5,0.0532,0.0864,-0.5838,0.8054
1782310162254,72480,-0.44971,0.11255,1.04907,1.14693,-24.875,-35.062,-26.125,0.0515,0.086,-0.5844,0.8051
1782310162254,72480,-0.31836,0.22363,1.00293,1.07575,-1.938,-24.688,-18.438,0.0383,0.0799,-0.5939,0.7995
1782310162278,72504,-0.25464,0.1958,0.95312,1.00579,11.125,-15.188,-17.125,0.0377,0.078,-0.5949,0.799
1782310162278,72504,-0.23486,0.17554,0.94458,0.98904,16.125,-10.375,-16.125,0.0379,0.0772,-0.5955,0.7986
1782310162288,72514,-0.0708,0.13379,1.03784,1.04882,13.438,-15.125,-11.062,0.0439,0.0695,-0.5994,0.7961
1782310162295,72521,-0.0708,0.13379,1.03784,1.04882,13.438,-15.125,-11.062,0.0439,0.0695,-0.5994,0.7961
1782310162326,72552,-0.0813,0.19214,0.99707,1.01866,0.5,-21.188,-9.562,0.0433,0.0679,-0.6,0.7957
1782310162326,72552,-0.14014,0.32495,0.93018,0.99522,-18.875,-3.312,8.688,0.0366,0.0662,-0.6005,0.7959
1782310162326,72552,-0.14014,0.32495,0.93018,0.99522,-18.875,-3.312,8.688,0.0366,0.0662,-0.6005,0.7959
1782310162328,72554,-0.14941,0.33691,0.91382,0.98534,-14.875,1.75,11.562,0.036,0.0667,-0.5999,0.7963
1782310162328,72554,-0.06104,0.23267,0.98535,1.01429,2.812,-0.625,30.5,0.0422,0.0673,-0.5921,0.8018
1782310162361,72587,-0.06738,0.23145,0.97876,1.00801,-2.375,-3.938,32.5,0.0423,0.0671,-0.591,0.8026
1782310162365,72591,-0.09692,0.24634,0.98169,1.01676,-10.5,-6.938,35.062,0.0419,0.0669,-0.5893,0.8038
1782310162498,72724,-0.1001,0.36206,0.89233,0.96817,6.25,-17.562,49.188,0.0365,0.0626,-0.5765,0.8137
1782310162498,72724,-0.1001,0.36206,0.89233,0.96817,6.25,-17.562,49.188,0.0365,0.0626,-0.5765,0.8137
1782310162508,72734,-0.05981,0.23242,0.84302,0.87652,28.812,-18.938,63.0,0.0556,0.042,-0.5532,0.83
1782310162574,72800,-0.07593,0.23779,0.83203,0.86867,22.938,-18.0,62.438,0.0562,0.0405,-0.5511,0.8314
1782310162574,72800,-0.06836,0.05908,0.87891,0.88354,-66.312,11.75,59.375,0.0488,0.0435,-0.5292,0.8458
1782310162578,72804,-0.06787,0.05176,0.90381,0.90783,-70.375,12.0,56.438,0.0468,0.0454,-0.5282,0.8464
1782310162779,73005,-0.39233,-0.11938,1.31104,1.37368,-29.688,25.375,6.312,0.015,0.0848,-0.5065,0.8577
1782310162786,73012,-0.39087,-0.1853,1.30444,1.37429,-32.312,21.312,2.375,0.0141,0.0873,-0.5071,0.8572
1782310162871,73097,-0.38843,-0.09277,1.05444,1.12753,-7.188,-1.75,-7.75,0.0059,0.0954,-0.5117,0.8537
1782310162887,73113,-0.24023,-0.3833,0.98389,1.0829,59.0,28.188,4.188,0.0223,0.0935,-0.5108,0.8542
1782310162887,73113,-0.24023,-0.3833,0.98389,1.0829,59.0,28.188,4.188,0.0223,0.0935,-0.5108,0.8542
1782310162922,73148,-0.22681,-0.36304,1.01172,1.09855,52.25,23.25,3.062,0.0261,0.0932,-0.5112,0.8538
1782310163014,73240,-0.05176,0.09033,0.84229,0.8487,8.375,-53.438,3.875,0.0602,0.0471,-0.5209,0.85
1782310163030,73256,-0.0708,0.09619,0.91479,0.92255,1.375,-43.25,8.875,0.0585,0.0435,-0.5213,0.8501
1782310163036,73262,-0.24341,0.16724,0.9104,0.9571,-42.75,-0.5,20.688,0.0324,0.0508,-0.5194,0.8522
1782310163037,73263,-0.24341,0.16724,0.9104,0.9571,-42.75,-0.5,20.688,0.0324,0.0508,-0.5194,0.8522
1782310163044,73270,-0.24438,0.16406,0.9187,0.9647,-33.188,7.938,20.875,0.0309,0.0523,-0.5192,0.8523
1782310163046,73272,-0.07446,-0.02515,0.95483,0.95806,17.875,-15.438,29.5,0.0313,0.0546,-0.5094,0.858
1782310163049,73275,-0.37036,-0.021,0.97998,1.04784,-4.125,-27.812,20.75,0.0334,0.0424,-0.5065,0.8604
1782310163114,73340,-0.4834,-0.00342,1.09058,1.19292,-14.312,-9.625,26.375,0.0318,0.0418,-0.5041,0.8619
1782310163122,73348,-0.41333,0.00366,1.19604,1.26545,-10.812,-2.0,22.25,0.0314,0.0419,-0.5032,0.8624
1782310163145,73371,-0.43921,0.30737,1.32959,1.43359,68.562,5.875,30.438,0.0445,0.0397,-0.4981,0.8649
1782310163286,73512,-0.43921,0.30737,1.32959,1.43359,68.562,5.875,30.438,0.0445,0.0397,-0.4981,0.8649
1782310163288,73514,-0.49316,0.30249,1.34937,1.46816,69.312,-12.562,37.812,0.0513,0.0357,-0.4948,0.8666
1782310163290,73516,-0.35449,0.10425,0.93506,1.00542,3.562,-38.062,37.938,0.0588,0.0183,-0.484,0.8728
1782310163349,73575,-0.35449,0.10425,0.93506,1.00542,3.562,-38.062,37.938,0.0588,0.0183,-0.484,0.8728
1782310163357,73583,-0.38062,0.06982,0.83862,0.9236,-6.688,-41.688,40.625,0.0571,0.0155,-0.4814,0.8743
1782310163369,73595,-0.20166,0.10059,1.04346,1.06752,1.625,48.312,86.688,0.0488,0.0144,-0.4541,0.8894
1782310163374,73600,-0.20166,0.10059,1.04346,1.06752,1.625,48.312,86.688,0.0488,0.0144,-0.4541,0.8894
1782310163404,73630,-0.19531,0.03687,0.94604,0.96669,-13.75,-54.0,25.062,0.0552,0.0164,-0.3916,0.9182
1782310163410,73636,-0.2312,0.03955,0.90625,0.93611,-2.75,-53.0,21.438,0.0535,0.0134,-0.3905,0.9188
1782310163414,73640,-0.2312,0.03955,0.90625,0.93611,-2.75,-53.0,21.438,0.0535,0.0134,-0.3905,0.9188
1782310163462,73688,-0.09644,-0.11597,1.01001,1.02121,81.312,-29.625,-45.5,0.0673,-0.005,-0.3959,0.9157
1782310163485,73711,-0.12769,-0.10229,1.01245,1.02558,84.188,-45.25,-54.438,0.0723,-0.0104,-0.4002,0.9134
1782310163490,73716,-0.12769,-0.10229,1.01245,1.02558,84.188,-45.25,-54.438,0.0723,-0.0104,-0.4002,0.9134
1782310163523,73749,0.02466,0.08521,1.11304,1.11657,44.75,-64.688,-60.938,0.0902,-0.0457,-0.4249,0.8994
1782310163527,73753,0.0144,0.08643,1.12061,1.12403,35.812,-64.812,-57.312,0.0906,-0.0485,-0.4274,0.8981
1782310163529,73755,0.0144,0.08643,1.12061,1.12403,35.812,-64.812,-57.312,0.0906,-0.0485,-0.4274,0.8981
1782310163595,73821,-0.02026,0.03271,0.95947,0.96024,-9.812,-29.938,-80.5,0.0861,-0.0643,-0.453,0.8849
1782310163605,73831,-0.00098,0.05103,0.97192,0.97326,-11.0,-29.312,-83.625,0.0853,-0.0649,-0.4562,0.8832
1782310163635,73861,-0.06152,0.1731,1.07495,1.09053,43.125,-23.062,-141.5,0.0875,-0.0732,-0.5003,0.8582
1782310163671,73897,-0.0686,0.16187,1.06519,1.0796,33.812,-11.062,-132.688,0.0889,-0.0739,-0.5052,0.8551
1782310163691,73917,-0.05298,0.14844,1.0564,1.06809,18.562,6.062,-118.938,0.0902,-0.0739,-0.5095,0.8524
1782310163741,73967,0.02686,0.03247,1.12061,1.1214,-25.875,13.062,-117.688,0.0936,-0.0556,-0.5445,0.8316
1782310163747,73973,-0.12695,0.14429,1.08081,1.09776,-28.5,17.25,-122.875,0.093,-0.0521,-0.553,0.8262
1782310163758,73984,-0.1897,0.20459,1.0813,1.11672,-29.062,31.125,-133.25,0.0928,-0.0477,-0.5616,0.8207
1782310163758,73984,-0.06177,0.45508,1.01123,1.11063,-5.0,55.625,-119.75,0.0982,-0.0289,-0.5899,0.8008
1782310163787,74013,0.06177,0.50073,1.03809,1.1542,11.812,33.25,-105.875,0.1004,-0.0266,-0.595,0.7968
1782310163789,74015,0.04102,0.41943,1.0918,1.17031,18.875,14.312,-98.438,0.1015,-0.026,-0.5983,0.7942
1782310163794,74020,0.04102,0.41943,1.0918,1.17031,18.875,14.312,-98.438,0.1015,-0.026,-0.5983,0.7942
1782310163830,74056,-0.17358,0.2124,0.89331,0.93448,-9.375,-20.0,-50.062,0.1033,-0.0386,-0.6272,0.7708
1782310163846,74072,-0.17212,0.21411,0.86597,0.9085,-16.188,-14.25,-47.312,0.1025,-0.0385,-0.6289,0.7696
1782310163851,74077,-0.17212,0.21411,0.86597,0.9085,-16.188,-14.25,-47.312,0.1025,-0.0385,-0.6289,0.7696
1782310163883,74109,-0.17212,0.21411,0.86597,0.9085,-16.188,-14.25,-47.312,0.1025,-0.0385,-0.6289,0.7696
1782310163890,74116,-0.03882,0.13232,0.95557,0.96547,-47.812,2.188,-22.688,0.0913,-0.025,-0.642,0.7607
1782310163890,74116,-0.03882,0.13232,0.95557,0.96547,-47.812,2.188,-22.688,0.0913,-0.025,-0.642,0.7607
1782310163957,74183,-0.23877,0.00073,0.81909,0.85318,-14.0,-0.688,-11.062,0.074,-0.0171,-0.6466,0.7589
1782310163963,74189,-0.27588,-0.00024,0.80933,0.85506,-12.062,2.062,-13.188,0.0737,-0.0166,-0.647,0.7586
1782310163973,74199,-0.27588,-0.00024,0.80933,0.85506,-12.062,2.062,-13.188,0.0737,-0.0166,-0.647,0.7586
1782310164003,74229,-0.31177,0.04761,0.95093,1.00187,-2.25,27.0,-2.438,0.0791,-0.0081,-0.6514,0.7545
1782310164252,74478,-0.30005,0.0188,1.01123,1.05497,-6.312,28.125,-1.25,0.08,-0.0064,-0.6513,0.7544
1782310164278,74504,-0.3457,-0.02759,0.89307,0.95804,-35.0,-8.562,2.25,0.0728,0.0031,-0.6485,0.7575
1782310164284,74510,-0.33276,-0.00049,0.88623,0.94664,-31.125,-1.188,-6.375,0.0711,0.0045,-0.6487,0.7575
1782310164290,74516,-0.29126,0.03809,0.90381,0.95035,-24.75,3.562,-11.875,0.0704,0.0054,-0.649,0.7573
1782310164309,74535,-0.20679,0.08789,0.92261,0.94958,-0.625,4.688,3.375,0.0706,0.0105,-0.6508,0.7557
1782310164317,74543,-0.25195,0.04639,1.04785,1.07871,-17.688,13.25,8.688,0.072,0.0195,-0.6486,0.7573
1782310164318,74544,-0.25195,0.04639,1.04785,1.07871,-17.688,13.25,8.688,0.072,0.0195,-0.6486,0.7573
1782310164362,74588,-0.21167,-0.04541,0.97876,1.00242,3.688,-11.438,18.688,0.0602,0.0261,-0.6358,0.7689
1782310164409,74635,-0.22827,0.00977,0.94434,0.97159,4.562,-17.5,13.625,0.0597,0.0249,-0.6348,0.7698
1782310164414,74640,-0.10376,-0.04468,1.02979,1.03597,2.188,5.625,12.562,0.0623,0.0218,-0.632,0.772
1782310164437,74663,-0.10376,-0.04468,1.02979,1.03597,2.188,5.625,12.562,0.0623,0.0218,-0.632,0.772
1782310164437,74663,-0.09106,-0.03882,1.06006,1.06467,-0.562,0.0,15.188,0.0623,0.0218,-0.6315,0.7724
1782310164526,74752,-0.17139,-0.02051,0.98657,1.00156,-3.625,-31.812,18.312,0.0546,0.0152,-0.626,0.7776
1782310164558,74784,-0.16406,0.0022,1.00171,1.01506,0.062,-34.312,20.312,0.0527,0.0131,-0.6249,0.7787
1782310164560,74786,-0.13647,0.03394,1.04614,1.05555,2.688,-35.188,22.938,0.0511,0.0106,-0.6235,0.7799
1782310164596,74822,-0.13184,-0.08301,1.00781,1.01978,15.875,-34.75,13.688,0.0465,-0.0025,-0.6176,0.785
1782310164604,74830,-0.1062,-0.05225,0.99243,0.99946,12.812,-37.75,15.312,0.0459,-0.004,-0.6171,0.7853
1782310164605,74831,-0.14795,0.03442,0.95605,0.96804,-1.75,-15.062,4.062,0.0355,-0.019,-0.6126,0.7892
1782310164693,74919,-0.12134,0.00537,0.9707,0.97827,-3.438,-9.688,1.875,0.035,-0.0192,-0.6126,0.7893
1782310164754,74980,-0.11548,-0.01196,0.98682,0.99363,-5.0,-8.125,-0.5,0.0347,-0.0193,-0.6126,0.7893
1782310164761,74987,-0.21069,0.0437,0.8562,0.88282,6.125,-3.375,-37.0,0.0302,-0.0223,-0.6206,0.7831
1782310164769,74995,-0.19336,0.07495,0.85352,0.87835,5.75,2.0,-33.562,0.0307,-0.0225,-0.6223,0.7817
1782310164771,74997,-0.16626,0.11401,0.87354,0.8965,3.938,9.25,-25.312,0.0316,-0.0221,-0.6245,0.7799
1782310164890,75116,0.01953,-0.00366,1.01587,1.01606,-3.875,-25.312,5.562,0.0311,-0.0223,-0.6267,0.7781
1782310164890,75116,-0.0332,0.04565,0.95923,0.96089,-20.188,35.75,-37.312,0.0274,-0.0148,-0.6365,0.7705
1782310164891,75117,-0.01904,0.05786,0.96533,0.96725,-21.0,33.625,-38.25,0.0276,-0.0131,-0.6377,0.7695
1782310164940,75166,-0.02368,0.07544,0.95898,0.96223,-22.25,31.125,-38.562,0.0278,-0.0114,-0.639,0.7685
1782310164958,75184,-0.15796,0.09424,1.0542,1.07013,0.25,30.625,-54.875,0.0303,0.0007,-0.6518,0.7576
1782310165025,75251,-0.1355,0.09741,1.05371,1.06684,7.125,32.0,-56.625,0.0319,0.0021,-0.6545,0.7553
1782310165025,75251,-0.09863,0.09448,1.05249,1.06132,11.312,31.062,-57.312,0.0332,0.0029,-0.6563,0.7537
1782310165025,75251,-0.06348,0.01709,0.95508,0.95734,36.5,11.375,-46.188,0.0436,0.0003,-0.6708,0.7402
1782310165039,75265,-0.04736,0.02173,0.97046,0.97186,37.5,12.875,-50.125,0.0451,-0.0001,-0.6723,0.7387
1782310165040,75266,-0.01758,0.0332,0.97388,0.9746,37.25,13.062,-53.625,0.0466,-0.0007,-0.674,0.7371
1782310165041,75267,0.09399,0.02173,1.01978,1.02433,17.188,14.125,-46.312,0.059,-0.0054,-0.6912,0.7201
1782310165042,75268,0.0542,0.14526,0.98975,1.00182,-13.25,-23.562,-17.75,0.0546,-0.0054,-0.7045,0.7075
1782310165042,75268,0.06982,0.14551,1.021,1.03368,-11.5,-13.875,-17.25,0.0532,-0.0057,-0.7053,0.7067
1782310165043,75269,0.05811,0.18311,1.03979,1.05739,-7.25,-5.0,-15.875,0.052,-0.0057,-0.707,0.7051
1782310165045,75271,-0.00415,0.10449,0.94824,0.95399,-3.625,16.75,-34.188,0.0535,-0.0047,-0.7149,0.697
1782310165104,75330,0.00928,0.11108,0.95874,0.9652,-5.438,17.375,-31.875,0.0537,-0.0043,-0.7153,0.6965
1782310165242,75468,0.06299,0.16089,0.93506,0.95089,-11.688,15.875,-22.688,0.054,-0.0032,-0.7164,0.6954
1782310165276,75502,-0.00464,0.02759,0.9458,0.94621,38.875,-79.625,46.938,0.0447,-0.0161,-0.7109,0.7014
1782310165277,75503,-0.00464,0.02759,0.9458,0.94621,38.875,-79.625,46.938,0.0447,-0.0161,-0.7109,0.7014
1782310165280,75506,-0.14111,0.02686,0.88892,0.90045,38.0,-77.938,44.312,0.0422,-0.0231,-0.7084,0.7039
1782310165293,75519,-0.11938,0.13037,0.7749,0.79481,-1.75,38.688,-10.625,0.0452,-0.036,-0.7068,0.7049
1782310165293,75519,-0.06519,0.14575,0.71265,0.73032,-9.0,42.25,1.188,0.0468,-0.0338,-0.7068,0.7048
1782310165293,75519,-0.26147,0.08228,0.98145,1.01901,9.812,31.062,61.562,0.0601,0.0401,-0.6762,0.733
1782310165372,75598,-0.40039,0.04199,0.90381,0.98942,18.375,40.125,48.0,0.0628,0.0411,-0.6737,0.7351
1782310165379,75605,-0.5,0.01855,0.75244,0.90361,19.375,65.75,27.25,0.0676,0.0436,-0.6712,0.7367
1782310165386,75612,-0.5,0.01855,0.75244,0.90361,19.375,65.75,27.25,0.0676,0.0436,-0.6712,0.7367
1782310165455,75681,-0.29346,0.08008,1.08521,1.12704,-25.125,150.312,24.625,0.1008,0.0835,-0.6625,0.7373
1782310165574,75800,-0.24585,0.07178,1.14893,1.17713,-18.125,127.562,31.062,0.104,0.0881,-0.661,0.7377
1782310165575,75801,-0.58496,0.10059,0.79541,0.99246,40.938,63.188,-48.875,0.132,0.1057,-0.6586,0.733
1782310165575,75801,-0.58496,0.10059,0.79541,0.99246,40.938,63.188,-48.875,0.132,0.1057,-0.6586,0.733
1782310165575,75801,-0.61426,0.10229,0.74805,0.97332,41.875,62.312,-46.688,0.1365,0.1075,-0.6607,0.7302
1782310165600,75826,-0.51392,0.22852,1.1377,1.26913,155.125,-2.312,-41.188,0.1773,0.0933,-0.6643,0.72
1782310165620,75846,-0.78711,0.20288,1.03979,1.3198,44.188,49.688,-37.0,0.2154,0.0711,-0.6943,0.6827
1782310165627,75853,-0.17676,0.12134,1.21509,1.23386,18.312,25.125,-40.375,0.2465,0.0903,-0.6881,0.6763
1782310165688,75914,-0.20557,-0.0083,1.11646,1.13526,29.938,-32.625,-33.625,0.2465,0.0892,-0.69,0.6744
1782310165688,75914,-0.3584,-0.1167,0.92822,1.00183,30.25,-86.5,-29.938,0.2438,0.0844,-0.6932,0.6727
1782310165689,75915,0.03247,-0.04785,1.25732,1.25865,-74.312,-16.188,64.0,0.2226,0.0789,-0.6973,0.6766
1782310165689,75915,-0.33691,0.15161,0.89917,0.97211,-62.562,27.812,44.312,0.2082,0.0989,-0.6724,0.7031
1782310165754,75980,-0.35059,0.12622,0.89453,0.96903,-54.812,21.188,40.062,0.2073,0.1008,-0.6708,0.7047
1782310165756,75982,-0.34985,0.0437,0.89014,0.95742,-53.438,-0.375,32.688,0.2054,0.103,-0.669,0.7066
1782310165757,75983,-0.41724,-0.09399,0.8645,0.96451,-87.75,-111.25,-25.812,0.1629,0.1006,-0.6718,0.7154
1782310165824,76050,-0.39771,-0.07593,0.85718,0.948,-96.375,-119.375,-28.812,0.1564,0.1,-0.673,0.7158
1782310165826,76052,-1.41357,3.12988,4.83398,5.92973,-227.812,-142.312,-73.438,0.1446,0.1005,-0.6741,0.7172
1782310165827,76053,-0.38525,0.05908,1.0415,1.11204,-47.5,39.5,-2.625,0.1256,0.1452,-0.6777,0.7096
1782310165861,76087,-0.38525,0.05908,1.0415,1.11204,-47.5,39.5,-2.625,0.1256,0.1452,-0.6777,0.7096
1782310165865,76091,-0.32739,0.04858,1.07104,1.12101,-40.5,23.125,6.0,0.1251,0.1471,-0.6773,0.7098
1782310165866,76092,-0.76221,0.12207,0.71362,1.05125,68.562,55.938,-74.438,0.1232,0.1486,-0.678,0.709
1782310165921,76147,-0.76221,0.12207,0.71362,1.05125,68.562,55.938,-74.438,0.1232,0.1486,-0.678,0.709
1782310165923,76149,0.26196,-0.14478,1.54907,1.57772,83.938,24.562,-94.25,0.1304,0.1469,-0.6835,0.7028
1782310165925,76151,-0.23413,-0.11865,0.95923,0.99449,-6.562,-2.938,10.125,0.1351,0.1445,-0.6907,0.6953
1782310165982,76208,-0.12231,-0.13159,0.98438,1.00064,-15.688,-9.375,23.688,0.1345,0.1445,-0.6901,0.6961
1782310165993,76219,0.00854,0.07153,1.42651,1.42833,-50.562,-18.25,18.688,0.1309,0.1447,-0.6879,0.6989
1782310166173,76399,-0.4375,-0.03906,0.89697,0.99874,4.062,2.938,2.438,0.1277,0.1469,-0.6829,0.7039
1782310166176,76402,-0.4375,-0.03906,0.89697,0.99874,4.062,2.938,2.438,0.1277,0.1469,-0.6829,0.7039
1782310166176,76402,-0.43164,-0.03467,0.90576,1.00395,2.375,1.0,1.375,0.1279,0.147,-0.6823,0.7044
1782310166189,76415,-0.42578,-0.0437,0.8938,0.991,-2.312,-2.875,-0.188,0.1281,0.1469,-0.6821,0.7046
1782310166300,76526,-0.41846,-0.04541,0.8938,0.98795,-0.5,-1.688,0.375,0.128,0.1469,-0.6821,0.7046
1782310166302,76528,-0.42725,-0.03882,0.90137,0.99826,1.312,0.188,1.312,0.1281,0.1469,-0.6821,0.7047
1782310166303,76529,-0.43237,-0.03638,0.90454,1.00322,0.125,-0.875,0.438,0.1279,0.1467,-0.6815,0.7052
1782310166358,76584,-0.42651,-0.03711,0.89941,0.99611,0.062,-0.812,0.562,0.1278,0.1467,-0.6815,0.7053
1782310166360,76586,-0.43042,-0.03979,0.90063,0.99899,0.312,-0.625,0.75,0.1278,0.1467,-0.6815,0.7053
1782310166365,76591,-0.42651,-0.0415,0.90161,0.99827,0.062,-0.625,0.625,0.1278,0.1466,-0.6813,0.7055
1782310166408,76634,-0.42871,-0.03906,0.89966,0.99735,0.125,-0.812,0.5,0.1278,0.1466,-0.6812,0.7056
1782310166423,76649,-0.42847,-0.03931,0.90039,0.99791,0.0,-0.812,0.5,0.1278,0.1466,-0.6811,0.7057
1782310166424,76650,-0.42651,-0.04126,0.90112,0.99781,0.062,-0.938,0.625,0.1278,0.1466,-0.6811,0.7057
1782310166425,76651,-0.43286,-0.0376,0.90063,0.99996,0.062,-0.75,0.5,0.1277,0.1465,-0.681,0.7059
1782310166460,76686,-0.42847,-0.03979,0.90015,0.99772,0.062,-0.688,0.688,0.1277,0.1465,-0.681,0.7059
1782310166461,76687,-0.42773,-0.03882,0.89819,0.99559,0.25,-0.812,0.688,0.1277,0.1465,-0.6809,0.7059
1782310166600,76826,-0.42871,-0.03809,0.8999,0.99753,0.188,-0.812,0.562,0.1276,0.1464,-0.6808,0.7061
1782310166602,76828,-0.42871,-0.03809,0.8999,0.99753,0.188,-0.812,0.562,0.1276,0.1464,-0.6808,0.7061
1782310166602,76828,-0.42676,-0.03589,0.896,0.99309,0.0,-0.812,0.625,0.1276,0.1464,-0.6807,0.7061
1782310166603,76829,-0.42676,-0.03589,0.896,0.99309,0.0,-0.812,0.625,0.1276,0.1464,-0.6807,0.7061
1782310166705,76931,-0.43286,-0.0415,0.90039,0.9999,0.125,-0.875,0.562,0.1275,0.1464,-0.6806,0.7063
1782310166707,76933,-0.43115,-0.0415,0.8999,0.99872,0.062,-0.812,0.688,0.1275,0.1464,-0.6806,0.7063
1782310166707,76933,-0.43262,-0.0354,0.9021,1.0011,-0.438,-1.125,0.25,0.1273,0.1463,-0.6803,0.7066
1782310166889,77115,-0.42847,-0.04053,0.89893,0.99665,-0.812,-1.0,0.25,0.1271,0.1463,-0.6802,0.7067
1782310167389,77615,-0.43115,-0.03979,0.89673,0.99579,-0.375,-0.75,0.5,0.1271,0.1464,-0.6802,0.7067
1782310167391,77617,-0.42944,-0.04468,0.90356,1.00142,-7.188,-11.5,-3.438,0.1241,0.1464,-0.6796,0.7078
1782310167394,77620,-0.42944,-0.04468,0.90356,1.00142,-7.188,-11.5,-3.438,0.1241,0.1464,-0.6796,0.7078
1782310167395,77621,-0.75903,0.01709,0.6936,1.02835,-5.625,-12.688,-7.125,0.1233,0.1465,-0.6799,0.7076
1782310167450,77676,-0.2959,-0.03809,0.96924,1.01412,25.375,-0.25,-60.0,0.1323,0.142,-0.7014,0.6856
1782310167453,77679,-0.44385,0.0188,0.89478,0.99899,19.75,16.312,-11.062,0.1386,0.1436,-0.7001,0.6854
1782310167454,77680,-0.44385,0.0188,0.89478,0.99899,19.75,16.312,-11.062,0.1386,0.1436,-0.7001,0.6854
1782310167489,77715,-0.79419,-0.15698,1.18188,1.43256,11.438,-73.25,-36.312,0.1793,0.2099,-0.6436,0.7137
1782310167567,77793,-0.64526,-0.09937,1.31958,1.47225,1.312,-91.438,-40.438,0.1651,0.1973,-0.6549,0.7103
1782310167570,77796,-0.67578,0.02905,1.23999,1.41248,8.0,-82.938,-52.562,0.1536,0.1865,-0.6641,0.7073
1782310167573,77799,-0.78149,0.07422,1.23096,1.45996,21.375,-89.062,-58.562,0.1505,0.1823,-0.6686,0.7048
1782310167585,77811,-0.85889,0.10303,1.19019,1.47135,30.812,-90.938,-57.75,0.1484,0.1791,-0.6711,0.7037
1782310167607,77833,-0.85889,0.10303,1.19019,1.47135,30.812,-90.938,-57.75,0.1484,0.1791,-0.6711,0.7037
1782310167608,77834,-0.76758,-0.02344,0.90625,1.18786,60.25,-57.375,-55.688,0.1357,0.1427,-0.6951,0.6912
1782310167635,77861,-0.76758,-0.02344,0.90625,1.18786,60.25,-57.375,-55.688,0.1357,0.1427,-0.6951,0.6912
1782310167847,78073,-0.62842,0.11816,0.70337,0.95058,52.062,-67.312,23.188,0.1381,0.1049,-0.7132,0.679
1782310167849,78075,-0.58325,0.28662,0.79346,1.02563,57.188,-56.5,37.438,0.1383,0.0993,-0.7127,0.6804
1782310167849,78075,-0.58325,0.28662,0.79346,1.02563,57.188,-56.5,37.438,0.1383,0.0993,-0.7127,0.6804
1782310167849,78075,-0.58325,0.28662,0.79346,1.02563,57.188,-56.5,37.438,0.1383,0.0993,-0.7127,0.6804
1782310167849,78075,-0.26343,-0.08276,0.62915,0.68708,81.125,-11.875,1.5,0.1569,0.0696,-0.7119,0.6808
1782310167849,78075,-0.23438,0.20581,0.55249,0.63446,-19.625,-82.125,132.5,0.1469,0.0382,-0.6991,0.6986
1782310167849,78075,-0.23438,0.20581,0.55249,0.63446,-19.625,-82.125,132.5,0.1469,0.0382,-0.6991,0.6986
1782310167850,78076,-0.27148,0.06274,0.84302,0.88787,-43.375,-25.875,88.312,0.1233,0.0233,-0.6622,0.7386
1782310167850,78076,-0.21313,0.06226,0.79419,0.82464,-45.25,-34.312,84.312,0.121,0.0231,-0.6596,0.7412
1782310167944,78170,-0.21313,0.06226,0.79419,0.82464,-45.25,-34.312,84.312,0.121,0.0231,-0.6596,0.7412
1782310167945,78171,-0.10815,0.03711,0.76367,0.77218,-85.125,31.375,62.688,0.095,0.0313,-0.6408,0.761
1782310167950,78176,-0.10815,0.03711,0.76367,0.77218,-85.125,31.375,62.688,0.095,0.0313,-0.6408,0.761
1782310167961,78187,-0.3186,-0.06592,0.71338,0.78407,-52.312,84.0,-28.0,0.0874,0.0686,-0.6265,0.7713
1782310167961,78187,-0.29272,0.16821,0.8418,0.90698,-26.875,101.375,-45.812,0.09,0.0769,-0.6294,0.7678
1782310167962,78188,-0.37378,-0.18677,0.88745,0.9809,12.562,142.312,-23.812,0.1261,0.1134,-0.6311,0.7567
1782310168020,78246,-0.48486,-0.02466,1.00854,1.11931,19.812,125.938,-15.75,0.1322,0.1194,-0.6309,0.7549
1782310168021,78247,-0.49683,0.03467,1.08813,1.19669,25.438,106.312,-11.188,0.1359,0.1224,-0.6308,0.7539
1782310168022,78248,-0.49683,0.03467,1.08813,1.19669,25.438,106.312,-11.188,0.1359,0.1224,-0.6308,0.7539
1782310168081,78307,-0.3855,0.14526,0.91724,1.0055,-23.312,12.0,-32.5,0.1532,0.1459,-0.6392,0.7392
1782310168082,78308,-0.52783,0.14307,0.69531,0.88461,2.625,8.062,-34.312,0.1533,0.1466,-0.6401,0.7382
1782310168084,78310,-0.52783,0.14307,0.69531,0.88461,2.625,8.062,-34.312,0.1533,0.1466,-0.6401,0.7382
1782310168144,78370,0.02051,0.02588,1.14502,1.1455,32.25,-16.0,19.062,0.1663,0.1443,-0.6446,0.7319
1782310168156,78382,-0.22363,0.09204,0.94165,0.97221,24.438,-47.875,28.562,0.1663,0.1422,-0.6442,0.7327
1782310168159,78385,-0.4397,-0.02881,0.63745,0.77492,-74.625,-4.312,-14.438,0.1408,0.1332,-0.648,0.7364
1782310168261,78487,-0.38477,0.01367,0.80078,0.88853,-74.125,6.0,-13.375,0.1362,0.1376,-0.648,0.7365
1782310168261,78487,-0.31201,0.0376,0.7439,0.80756,-65.812,12.875,-7.188,0.1323,0.142,-0.6482,0.7361
1782310168262,78488,-0.31201,0.0376,0.7439,0.80756,-65.812,12.875,-7.188,0.1323,0.142,-0.6482,0.7361
1782310168264,78490,-0.37744,0.00244,1.28052,1.33499,-12.375,63.688,-16.5,0.1367,0.1641,-0.6459,0.7327
1782310168378,78604,-0.35083,0.04443,1.24878,1.29789,-7.875,42.938,-17.375,0.1376,0.1659,-0.6462,0.7319
1782310168386,78612,-0.03491,-0.03101,0.88794,0.88917,-48.938,-161.125,94.062,0.1077,0.1519,-0.6411,0.7444
1782310168386,78612,-0.5769,-0.20923,0.82837,1.03092,16.938,-22.625,52.562,0.075,0.1079,-0.6166,0.7761
1782310168902,79128,-0.43188,-0.3418,0.83252,0.99822,21.125,24.0,18.25,0.0759,0.1079,-0.6158,0.7766
1782310168968,79194,-0.46899,-0.35181,0.89844,1.07281,11.875,46.812,-3.5,0.0775,0.1091,-0.6157,0.7764
1782310168975,79201,-0.46899,-0.35181,0.89844,1.07281,11.875,46.812,-3.5,0.0775,0.1091,-0.6157,0.7764
1782310169155,79381,-0.13892,0.0459,0.89136,0.90329,28.688,65.625,-14.0,0.0914,0.1296,-0.6188,0.7692
1782310169206,79432,-0.17871,0.01709,0.93042,0.94758,40.062,56.438,-8.062,0.0954,0.1311,-0.6192,0.7681
1782310169223,79449,-0.44556,-0.03076,0.91431,1.01756,37.625,45.438,-33.188,0.1245,0.1386,-0.6237,0.7589
1782310169295,79521,-0.49609,0.0166,0.88013,1.01045,30.5,-50.125,-10.0,0.1279,0.1295,-0.6328,0.7524
1782310169304,79530,-0.50537,-0.01782,0.79663,0.94358,26.75,-46.25,-0.25,0.1273,0.1263,-0.6337,0.7524
1782310169424,79650,-0.50537,-0.01782,0.79663,0.94358,26.75,-46.25,-0.25,0.1273,0.1263,-0.6337,0.7524
1782310169444,79670,-0.63452,-0.02515,1.04004,1.21858,70.688,14.375,30.375,0.1257,0.1204,-0.6276,0.7587
1782310169444,79670,-0.44336,0.02075,0.96289,1.06026,82.125,3.438,27.125,0.1301,0.1173,-0.6269,0.759
1782310169444,79670,-0.44336,0.02075,0.96289,1.06026,82.125,3.438,27.125,0.1301,0.1173,-0.6269,0.759
1782310169444,79670,-0.27686,0.01733,0.92188,0.96271,-6.0,-30.812,43.188,0.1396,0.1054,-0.6188,0.7656
1782310169444,79670,-0.36816,-0.01025,0.91748,0.98864,-8.25,-32.688,43.5,0.1387,0.1044,-0.6176,0.7669
1782310169476,79702,-0.46777,0.04028,1.02075,1.12355,40.438,-23.312,29.688,0.1455,0.0896,-0.6104,0.7733
1782310169478,79704,-0.60229,0.03564,1.00269,1.17022,25.938,-35.562,13.25,0.1458,0.0878,-0.6101,0.7736
1782310169524,79750,-0.57837,0.08472,0.92554,1.09468,10.062,-35.562,9.938,0.1454,0.0863,-0.6101,0.7739
1782310169560,79786,-0.27808,0.16943,0.92139,0.97724,-4.25,-16.0,-8.438,0.1363,0.0813,-0.6121,0.7745
1782310169561,79787,-0.30762,0.06104,0.88794,0.9417,0.0,-11.875,-4.188,0.1359,0.081,-0.6123,0.7744
1782310169577,79803,-0.32349,0.21802,0.97363,1.04887,13.188,-26.188,16.125,0.1714,0.0712,-0.6174,0.7642
1782310169605,79831,-0.39722,0.18701,0.94873,1.04539,11.312,-32.812,21.938,0.1709,0.0692,-0.6168,0.765
1782310169605,79831,-0.31763,0.13794,0.85767,0.92494,-11.375,-23.062,19.5,0.1611,0.0476,-0.6065,0.7769
1782310169673,79899,-0.30713,0.16479,0.83374,0.90366,-14.438,-23.875,16.438,0.1593,0.0465,-0.6057,0.7781
1782310169674,79900,-0.28467,0.17432,0.89062,0.95112,-17.5,-24.938,13.812,0.1571,0.0455,-0.6055,0.7787
1782310169675,79901,-0.22241,0.27881,0.93335,0.99917,1.25,-15.188,13.125,0.1504,0.0435,-0.6054,0.7802
1782310169675,79901,-0.27197,0.17432,0.89502,0.95153,5.688,2.25,2.812,0.1505,0.0357,-0.603,0.7825
1782310169691,79917,-0.26953,0.17407,0.90918,0.96413,3.5,2.625,4.25,0.1507,0.0357,-0.6028,0.7825
1782310169692,79918,-0.2771,0.16895,0.90918,0.96537,0.812,2.562,5.625,0.1508,0.0357,-0.6026,0.7827
1782310169699,79925,-0.24805,0.18994,0.92529,0.97661,-8.188,-21.312,19.875,0.1481,0.0332,-0.5981,0.7868
1782310169702,79928,-0.26831,0.1936,0.98169,1.03595,-8.5,-25.688,20.938,0.1465,0.0318,-0.597,0.788
1782310169721,79947,-0.31665,0.19238,0.93921,1.00965,-6.812,-21.938,11.375,0.1444,0.0302,-0.5964,0.7889
1782310169722,79948,-0.26465,0.16626,0.97974,1.02838,-3.875,-8.062,-0.062,0.142,0.0278,-0.5961,0.7896
1782310169722,79948,-0.25342,0.15308,0.99146,1.03472,-6.062,-7.0,-1.375,0.1416,0.0278,-0.5962,0.7896
1782310169722,79948,-0.24365,0.1604,0.99121,1.03324,-8.375,-6.062,-2.188,0.1411,0.0278,-0.5963,0.7896
1782310169723,79949,-0.04004,0.19678,0.8916,0.91393,-31.438,-12.0,17.875,0.1291,0.0269,-0.5957,0.7922
1782310169733,79959,-0.32397,0.17334,0.97852,1.04523,-24.062,-10.125,22.312,0.1282,0.0274,-0.5948,0.793
1782310169735,79961,-0.30029,0.10791,0.9856,1.03597,-37.0,-29.312,10.5,0.1254,0.0272,-0.5945,0.7936
1782310169739,79965,-0.27954,0.09546,0.99902,1.04178,-61.75,-36.688,13.812,0.1008,0.0321,-0.5942,0.7972
1782310169741,79967,-0.26978,0.11646,0.89819,0.94503,-58.312,-36.938,10.938,0.0964,0.0324,-0.5937,0.7981
1782310169765,79991,-0.26953,0.06128,0.95825,0.99732,-32.125,-14.438,-7.562,0.0768,0.035,-0.5933,0.8004
1782310169773,79999,-0.31421,0.07349,0.8999,0.95601,-29.312,-7.0,-17.688,0.0749,0.0358,-0.5939,0.8001
1782310169773,79999,-0.323,0.02173,0.84863,0.90828,-20.375,3.188,-27.312,0.0741,0.0366,-0.5948,0.7994
1782310169775,80001,-0.21704,0.09717,0.92896,0.95891,35.125,116.625,-50.625,0.0986,0.0668,-0.6135,0.7805
1782310169777,80003,-0.27173,0.15088,1.04053,1.08596,-19.438,-27.438,0.562,0.1109,0.0853,-0.6209,0.7712
1782310169777,80003,-0.24048,0.15234,0.98853,1.0287,-6.062,-34.25,12.438,0.1098,0.0844,-0.6207,0.7716
1782310169778,80004,-0.22119,0.14575,0.95996,0.99584,7.062,-43.188,30.062,0.1085,0.0821,-0.6199,0.7727
1782310169778,80004,-0.2522,0.03271,0.98608,1.01835,72.312,67.125,28.625,0.1137,0.0671,-0.6084,0.7824
1782310169791,80017,-0.44727,0.09106,1.08203,1.17436,59.25,30.5,-4.938,0.1207,0.067,-0.6078,0.7818
1782310169793,80019,-0.37842,0.18921,1.11426,1.19188,31.438,4.812,0.875,0.1242,0.0658,-0.6077,0.7814
1782310169793,80019,-0.35156,0.17651,1.02344,1.09644,-12.188,-19.062,25.75,0.1199,0.0635,-0.6025,0.7863
1782310169793,80019,-0.38721,0.16553,1.04883,1.13021,-13.25,-19.812,26.125,0.119,0.0631,-0.6017,0.7871
1782310169802,80028,-0.39307,0.15479,1.05688,1.13818,-12.25,-16.5,23.875,0.1183,0.0628,-0.6009,0.7879
1782310169845,80071,-0.24683,0.15649,1.00586,1.04746,19.312,-11.5,23.312,0.1193,0.0577,-0.5948,0.7927
1782310169873,80099,-0.29443,0.14233,0.9729,1.02639,18.375,-16.0,26.812,0.1196,0.0567,-0.5941,0.7933
1782310169876,80102,-0.34058,0.10913,0.95166,1.01664,21.062,-17.0,26.812,0.12,0.0555,-0.5933,0.7939
1782310169882,80108,-0.23657,0.12402,0.95044,0.98726,-3.75,0.25,7.0,0.1257,0.0496,-0.5907,0.7954
1782310169891,80117,-0.24365,0.14062,0.95166,0.99237,-6.25,-1.312,8.5,0.1256,0.0496,-0.5905,0.7955
1782310169911,80137,-0.26733,0.1416,0.94336,0.99068,-9.062,-3.562,9.125,0.1253,0.0497,-0.5902,0.7957
1782310169923,80149,-0.04639,-0.29932,1.61401,1.64219,21.0,-26.312,7.125,0.126,0.0451,-0.5852,0.7996
1782310169941,80167,-0.11768,0.00562,1.07495,1.08139,24.188,-22.875,14.312,0.1256,0.0426,-0.5852,0.7999
1782310169942,80168,-0.38672,0.23584,0.86108,0.97295,9.875,-31.938,23.312,0.1256,0.0411,-0.5855,0.7997
1782310169943,80169,-0.32251,0.08789,0.87549,0.93713,-13.875,-20.312,9.25,0.1197,0.0307,-0.5818,0.8037
1782310170022,80248,-0.32251,0.08789,0.87549,0.93713,-13.875,-20.312,9.25,0.1197,0.0307,-0.5818,0.8037
1782310170023,80249,-0.31763,0.06885,0.89331,0.9506,-14.062,-17.062,6.25,0.1188,0.0304,-0.5816,0.804
1782310170026,80252,-0.20874,0.15088,0.89893,0.9351,6.5,29.438,-37.125,0.1223,0.0402,-0.5936,0.7943
1782310170122,80348,-0.21143,0.15234,0.9043,0.9411,6.875,28.5,-34.938,0.1232,0.0412,-0.5946,0.7933
1782310170153,80379,-0.18945,0.15576,0.92163,0.95371,6.562,26.938,-31.812,0.1241,0.0421,-0.5955,0.7924
1782310170156,80382,-0.18945,0.15576,0.92163,0.95371,6.562,26.938,-31.812,0.1241,0.0421,-0.5955,0.7924
1782310170156,80382,-0.32568,0.08301,0.91357,0.97343,-18.812,-7.125,-13.188,0.1249,0.0467,-0.5997,0.7888
1782310170157,80383,-0.32764,0.08667,0.89087,0.95316,-22.125,-6.188,-18.25,0.1241,0.0472,-0.6003,0.7885
1782310170158,80384,-0.20557,0.22778,0.93555,0.98458,-11.938,24.812,-70.875,0.1174,0.0578,-0.6122,0.7797
1782310170183,80409,-0.11255,0.45459,1.23267,1.31863,-1.688,16.562,-64.438,0.1176,0.0585,-0.6142,0.778
1782310170185,80411,-0.08691,0.26245,1.03296,1.06932,2.75,18.75,-72.625,0.1179,0.0594,-0.6165,0.7761
1782310170185,80411,-0.31104,-0.04712,0.81616,0.87469,17.438,-1.875,-25.688,0.1171,0.0595,-0.6283,0.7666
1782310170246,80472,-0.3833,-0.12695,0.86914,0.95835,21.25,8.875,-42.312,0.1178,0.0596,-0.6296,0.7655
1782310170274,80500,-0.23877,-0.00317,0.91577,0.94639,21.875,12.25,-53.188,0.1187,0.0595,-0.6312,0.764
1782310170275,80501,-0.69946,0.07324,0.84497,1.09936,-4.812,63.062,-39.25,0.1289,0.0614,-0.6403,0.7546
1782310170303,80529,-0.4248,0.12915,1.06128,1.15041,-13.625,87.25,-49.812,0.1333,0.0691,-0.6427,0.7511
1782310170370,80596,-0.33423,0.08472,1.17749,1.22694,-20.562,81.312,-62.625,0.1356,0.0744,-0.6448,0.7483
1782310170438,80664,-0.20923,0.0957,1.0293,1.0547,-22.75,-6.688,-29.0,0.1345,0.0897,-0.6567,0.7365
1782310170561,80787,-0.23975,0.06348,1.00269,1.03291,-22.312,-20.0,-14.75,0.132,0.0902,-0.6579,0.7357
1782310170561,80787,-0.28906,-0.19702,1.14062,1.19306,-25.125,-31.75,-17.875,0.1287,0.0903,-0.6588,0.7356
1782310170562,80788,-0.52368,-0.00098,0.88599,1.02918,-47.25,20.688,-69.375,0.1098,0.0984,-0.6737,0.724
1782310170563,80789,-0.44336,0.04053,0.92725,1.02859,-46.125,28.25,-70.875,0.1088,0.1008,-0.6755,0.7221
1782310170659,80885,-0.27686,0.05054,0.97461,1.01443,-17.062,-17.938,28.312,0.1188,0.1024,-0.6837,0.7125
1782310170661,80887,-0.32007,0.03296,0.87598,0.93321,-72.938,19.625,-16.688,0.0948,0.1248,-0.6771,0.7188
1782310170665,80891,-0.33691,0.03027,0.84717,0.91221,16.062,-62.812,15.188,0.1,0.1286,-0.676,0.7185
1782310170669,80895,-0.3833,-0.00317,0.8064,0.89287,20.5,-67.5,20.375,0.0988,0.1261,-0.6752,0.7198
1782310170669,80895,-0.42627,-0.04443,0.78662,0.8958,27.75,-70.625,22.312,0.0977,0.1232,-0.675,0.7207
1782310170669,80895,-0.40601,0.06104,0.9126,1.0007,81.438,-67.938,-8.438,0.0946,0.0866,-0.6787,0.723
1782310170761,80987,-0.39307,0.02563,0.99683,1.07184,85.0,-66.312,-7.562,0.0952,0.0822,-0.6795,0.7227
1782310170824,81050,-0.3855,0.04248,1.02979,1.1004,87.812,-66.125,-8.312,0.096,0.0778,-0.6796,0.723
1782310170824,81050,-0.23193,0.07642,0.95654,0.98722,35.5,-30.125,-14.5,0.1049,0.0474,-0.6866,0.7177
1782310170850,81076,-0.2395,0.07178,0.96533,0.99718,22.312,-29.812,-13.875,0.1049,0.045,-0.6875,0.717
1782310170851,81077,-0.24048,0.0896,0.9978,1.03027,1.625,-28.688,-8.375,0.104,0.0434,-0.6882,0.7166
1782310170851,81077,-0.28809,0.02979,0.96045,1.00317,11.562,-10.688,-4.938,0.0941,0.038,-0.6908,0.7157
1782310170851,81077,-0.17432,0.04712,1.021,1.03685,-0.062,-19.562,-0.188,0.0925,0.0366,-0.6939,0.713
1782310170872,81098,-0.09131,0.01733,1.00952,1.01379,-11.812,-36.75,7.25,0.0902,0.0352,-0.6934,0.7139
1782310170877,81103,-0.08813,0.05127,0.96362,0.969,-15.375,-44.25,11.125,0.0885,0.0343,-0.6932,0.7143
1782310170936,81162,-0.24414,-0.00464,1.00317,1.03246,2.188,-56.0,53.0,0.075,0.0221,-0.6859,0.7233
1782310171025,81251,-0.25879,-0.00879,0.95581,0.99026,-0.312,-53.312,53.875,0.0735,0.0203,-0.6844,0.7249
1782310171028,81254,-0.2688,-0.03589,0.95044,0.98837,-3.125,-45.812,51.812,0.0722,0.0189,-0.683,0.7264
1782310171036,81262,-0.14966,0.11768,0.9104,0.93009,30.312,-4.562,42.375,0.0703,0.0065,-0.6728,0.7363
1782310171166,81392,-0.16235,0.03394,1.01123,1.02474,22.562,-2.375,50.812,0.0723,0.0042,-0.6702,0.7385
1782310171202,81428,-0.09644,0.09399,0.99146,1.00056,6.188,-41.375,54.188,0.0701,-0.0056,-0.6574,0.7501
1782310171206,81432,-0.07031,0.12183,0.99194,1.00186,5.312,-49.812,55.188,0.069,-0.0075,-0.6558,0.7515
1782310171206,81432,0.06055,0.09204,1.02759,1.03348,-74.562,13.75,16.062,0.0576,-0.0259,-0.6266,0.7766
1782310171271,81497,0.06055,0.09204,1.02759,1.03348,-74.562,13.75,16.062,0.0576,-0.0259,-0.6266,0.7766
1782310171274,81500,0.08936,0.10278,0.94604,0.95579,-70.688,4.875,13.0,0.0519,-0.0205,-0.6262,0.7775
1782310171285,81511,-0.00513,0.14087,1.12329,1.1321,-7.25,25.438,0.625,0.0668,0.0386,-0.6212,0.7797
1782310171294,81520,-0.00513,0.14087,1.12329,1.1321,-7.25,25.438,0.625,0.0668,0.0386,-0.6212,0.7797
1782310171421,81647,0.01123,0.17749,1.17285,1.18626,-10.812,-6.438,21.562,0.0663,0.0394,-0.6201,0.7806
1782310171435,81661,-0.20215,0.05029,0.95825,0.98063,1.25,-26.25,-18.375,0.0606,0.0264,-0.618,0.7832
1782310171441,81667,-0.10034,-0.34692,1.12866,1.18503,30.938,17.062,-3.5,0.0683,0.0153,-0.619,0.7821
1782310171451,81677,-0.08789,-0.37378,1.07397,1.14055,-7.812,7.125,-21.688,0.0691,0.0161,-0.6201,0.7811
1782310171582,81808,-0.08862,-0.30444,0.97656,1.02675,-24.438,1.188,-27.062,0.0684,0.0169,-0.621,0.7805
1782310171592,81818,-0.15698,-0.00342,0.71655,0.73355,-96.188,17.938,-4.5,0.0505,0.0335,-0.6256,0.7777
1782310171601,81827,-0.15698,-0.00342,0.71655,0.73355,-96.188,17.938,-4.5,0.0505,0.0335,-0.6256,0.7777
1782310171603,81829,0.00146,-0.23804,0.96899,0.9978,-1.438,-0.438,-32.625,0.0453,0.0572,-0.6325,0.7709
1782310171620,81846,0.02515,-0.28662,1.02856,1.06804,-21.125,-3.75,-19.375,0.0444,0.0576,-0.6332,0.7704
1782310171622,81848,-0.26343,0.01318,0.90552,0.94315,-53.625,-4.375,-17.125,0.023,0.0692,-0.6354,0.7686
1782310171624,81850,-0.26343,0.01318,0.90552,0.94315,-53.625,-4.375,-17.125,0.023,0.0692,-0.6354,0.7686
1782310171684,81910,-0.34448,-0.0188,0.85889,0.92559,52.0,26.938,-43.188,0.0043,0.058,-0.6763,0.7342
1782310171699,81925,-0.31763,-0.01147,0.94189,0.99407,51.875,34.562,-49.75,0.0081,0.0573,-0.6787,0.732
1782310171743,81969,-0.31763,-0.01147,0.94189,0.99407,51.875,34.562,-49.75,0.0081,0.0573,-0.6787,0.732
1782310171750,81976,-0.22485,-0.0332,1.02905,1.05385,72.312,99.562,-87.562,0.0465,0.0658,-0.6983,0.7111
1782310171750,81976,-0.15552,-0.07275,1.02783,1.04207,62.438,98.438,-78.25,0.0535,0.0676,-0.702,0.7068
1782310171753,81979,-0.12134,-0.13745,1.04883,1.06473,-4.625,-4.312,-62.438,0.0697,0.0768,-0.7183,0.6878
1782310171804,82030,0.0354,0.1106,1.01001,1.01666,-6.25,-13.188,-59.5,0.069,0.0765,-0.7204,0.6857
1782310171813,82039,-0.06836,-0.03833,1.10742,1.11019,-6.688,-24.438,-52.062,0.0679,0.0764,-0.7221,0.6841
1782310171818,82044,-0.06836,-0.03833,1.10742,1.11019,-6.688,-24.438,-52.062,0.0679,0.0764,-0.7221,0.6841
1782310171867,82093,-0.47607,0.19067,0.80566,0.95503,17.5,-105.5,-35.312,0.0426,0.0557,-0.7345,0.6748
1782310171868,82094,-0.52515,0.19189,0.80103,0.97686,30.25,-84.812,-30.438,0.0385,0.0489,-0.7372,0.6726
1782310171877,82103,-0.52515,0.19189,0.80103,0.97686,30.25,-84.812,-30.438,0.0385,0.0489,-0.7372,0.6726
1782310171950,82176,-0.19702,-0.16724,0.97925,1.01278,4.062,45.812,-29.625,0.0513,0.04,-0.7465,0.662
1782310171960,82186,-0.16162,-0.15649,0.98755,1.01285,-8.688,43.0,-24.562,0.0524,0.0416,-0.7471,0.6611
1782310171970,82196,-0.25708,0.18066,0.74829,0.81158,-34.0,-18.188,-17.938,0.0437,0.0576,-0.7491,0.6583
1782310171988,82214,-0.25708,0.18066,0.74829,0.81158,-34.0,-18.188,-17.938,0.0437,0.0576,-0.7491,0.6583
1782310171992,82218,-0.2627,0.1814,0.72412,0.79137,-14.75,-20.25,-19.125,0.042,0.0578,-0.7506,0.6568
1782310172000,82226,-0.25439,0.01953,0.8208,0.85954,18.125,-4.375,24.25,0.0394,0.0511,-0.7504,0.6577
1782310172097,82323,-0.25439,0.01953,0.8208,0.85954,18.125,-4.375,24.25,0.0394,0.0511,-0.7504,0.6577
1782310172098,82324,-0.22534,-0.07007,0.85693,0.88883,30.5,0.375,18.438,0.041,0.0494,-0.7501,0.658
1782310172122,82348,-0.21851,-0.07349,0.90771,0.93653,-13.938,2.25,2.25,0.0435,0.0474,-0.7475,0.661
1782310172123,82349,-0.25024,-0.04834,0.9353,0.9694,-17.25,4.562,-0.938,0.0431,0.0484,-0.7476,0.6608
1782310172123,82349,-0.27051,-0.02808,0.94995,0.98811,-18.375,7.75,-3.125,0.0429,0.0492,-0.7476,0.6607
1782310172192,82418,-0.27051,-0.02808,0.94995,0.98811,-18.375,7.75,-3.125,0.0429,0.0492,-0.7476,0.6607
1782310172235,82461,-0.19702,-0.02759,1.05078,1.06945,0.125,53.938,-4.938,0.0544,0.0618,-0.7495,0.6567
1782310172253,82479,-0.18262,-0.03662,1.04297,1.05947,-0.062,53.062,-4.25,0.0569,0.0641,-0.7495,0.6563
1782310172254,82480,-0.15112,-0.08838,1.16089,1.17402,-6.875,22.875,-0.438,0.0681,0.0746,-0.7495,0.654
1782310172257,82483,-0.13916,-0.10596,1.16479,1.17785,-12.188,15.875,1.062,0.0684,0.0759,-0.7491,0.6544
1782310172287,82513,-0.13086,-0.10938,1.16455,1.17697,-15.938,11.312,1.875,0.0684,0.0767,-0.749,0.6544
1782310172305,82531,-0.24731,-0.05786,1.06567,1.09552,-3.688,-20.438,2.188,0.0595,0.08,-0.7475,0.6566
1782310172351,82577,-0.24731,-0.05786,1.06567,1.09552,-3.688,-20.438,2.188,0.0595,0.08,-0.7475,0.6566
1782310172352,82578,-0.21655,-0.0752,1.0603,1.0848,-33.812,-26.625,7.75,0.043,0.0768,-0.7489,0.6566
1782310172488,82714,-0.21021,-0.06763,1.06323,1.08592,-36.375,-25.875,9.938,0.0404,0.0773,-0.7484,0.6572
1782310172492,82718,-0.19165,-0.0874,0.9668,0.98948,-24.875,-30.125,10.625,0.0243,0.079,-0.7461,0.6605
1782310172502,82728,-0.22266,0.00391,0.85034,0.87902,-16.688,-33.75,-1.688,0.0213,0.0784,-0.7458,0.661
1782310172507,82733,-0.23145,0.18066,0.75122,0.80656,-8.5,-35.812,-6.875,0.0201,0.0777,-0.7459,0.661
1782310172516,82742,-0.19312,0.04541,0.93799,0.95874,19.875,-10.438,9.875,0.0156,0.0693,-0.7466,0.6613
1782310172517,82743,-0.14478,0.04688,0.94482,0.957,35.0,-6.875,15.375,0.017,0.0669,-0.746,0.6622
1782310172519,82745,-0.10864,0.00977,0.97974,0.98579,47.938,-9.625,19.25,0.0184,0.0645,-0.7454,0.663
1782310172520,82746,-0.0918,-0.07837,0.96729,0.97479,89.812,-72.75,19.688,0.0245,0.0308,-0.7424,0.6686
1782310172551,82777,-0.10352,-0.08643,0.97266,0.98196,87.125,-73.438,21.062,0.0247,0.026,-0.7416,0.6696
1782310172603,82829,-0.10938,-0.0752,0.95166,0.96087,83.25,-75.562,21.375,0.0248,0.0213,-0.7412,0.6703
1782310172604,82830,-0.10938,-0.0752,0.95166,0.96087,83.25,-75.562,21.375,0.0248,0.0213,-0.7412,0.6703
1782310172604,82830,-0.13745,0.00513,0.92261,0.93281,43.938,-51.812,20.375,0.0226,-0.0225,-0.7347,0.6775
1782310172664,82890,-0.17969,0.03906,0.91602,0.93429,40.312,-48.812,14.812,0.0221,-0.0265,-0.734,0.6782
1782310172692,82918,-0.13892,-0.07251,0.96582,0.97845,20.5,20.438,7.25,0.0278,-0.043,-0.7338,0.6773
1782310172693,82919,-0.10693,-0.0647,0.96265,0.97073,6.625,29.438,7.938,0.0295,-0.0423,-0.7339,0.6771
1782310172752,82978,-0.08569,-0.06494,0.97632,0.98222,-0.25,33.312,5.75,0.0305,-0.0413,-0.7337,0.6774
1782310172752,82978,-0.08569,-0.06494,0.97632,0.98222,-0.25,33.312,5.75,0.0305,-0.0413,-0.7337,0.6774
1782310172793,83019,-0.15381,0.10449,0.9397,0.95792,-43.688,13.75,-0.938,0.0278,-0.023,-0.7342,0.6778
1782310172840,83066,-0.13135,0.01587,0.90503,0.91465,-22.75,3.25,4.75,0.0276,0.0838,-0.7446,0.6615
1782310172872,83098,-0.14868,0.00122,0.85571,0.86853,-10.938,-1.562,6.5,0.027,0.0844,-0.7442,0.6618
1782310172873,83099,-0.14868,0.00122,0.85571,0.86853,-10.938,-1.562,6.5,0.027,0.0844,-0.7442,0.6618
1782310172882,83108,-0.14111,-0.03491,0.92554,0.93689,12.438,-9.75,7.75,0.0269,0.0837,-0.7437,0.6626
1782310172883,83109,-0.15259,-0.03174,0.94409,0.95687,16.625,-15.25,10.375,0.027,0.0828,-0.7434,0.6629
1782310172884,83110,-0.15259,-0.03174,0.94409,0.95687,16.625,-15.25,10.375,0.027,0.0828,-0.7434,0.6629
1782310173006,83232,-0.28589,-0.12305,0.98755,1.03544,48.0,-3.562,2.812,0.0326,0.0658,-0.7417,0.6665
1782310173006,83232,-0.27295,-0.14233,1.03711,1.08183,41.625,0.938,4.25,0.0345,0.0638,-0.7418,0.6666
1782310173007,83233,-0.27295,-0.14233,1.03711,1.08183,41.625,0.938,4.25,0.0345,0.0638,-0.7418,0.6666
1782310173017,83243,-0.27295,-0.14233,1.03711,1.08183,41.625,0.938,4.25,0.0345,0.0638,-0.7418,0.6666
1782310173018,83244,-0.12964,-0.17065,0.97217,0.99551,-22.25,-1.125,0.938,0.036,0.0664,-0.7399,0.6683
1782310173021,83247,-0.13892,0.01147,0.98022,0.99008,58.75,-39.188,16.5,0.0279,0.0543,-0.7373,0.6727
1782310173100,83326,-0.10156,0.01831,1.02075,1.02595,64.0,-39.062,27.438,0.0292,0.048,-0.7363,0.6741
1782310173126,83352,-0.14136,-0.00488,1.00781,1.01769,62.625,-40.75,38.312,0.0305,0.0418,-0.7346,0.6763
1782310173147,83373,-0.17651,-0.19214,1.04639,1.07843,46.438,-30.375,-2.5,0.0349,0.0173,-0.7313,0.6807
1782310173191,83417,-0.17798,-0.17896,1.06372,1.09325,35.312,-24.25,-2.375,0.0352,0.0155,-0.7315,0.6806
1782310173229,83455,-0.17822,-0.15332,1.05981,1.08557,24.688,-17.125,-0.188,0.0354,0.0142,-0.7316,0.6806
1782310173466,83692,-0.17822,-0.15332,1.05981,1.08557,24.688,-17.125,-0.188,0.0354,0.0142,-0.7316,0.6806
1782310173467,83693,-0.05786,0.14551,0.92285,0.93604,0.312,11.0,1.062,0.0359,0.0164,-0.7311,0.681
1782310173475,83701,-0.02588,0.18823,0.97437,0.99272,11.0,8.625,2.688,0.0365,0.0164,-0.731,0.681
1782310173476,83702,-0.02588,0.18823,0.97437,0.99272,11.0,8.625,2.688,0.0365,0.0164,-0.731,0.681
1782310173514,83740,-0.1062,-0.04419,1.0376,1.04396,53.5,-23.875,2.75,0.0457,-0.0023,-0.7302,0.6816
1782310173559,83785,-0.11914,-0.02466,0.99658,1.00398,40.375,-22.188,-0.062,0.0472,-0.0074,-0.7302,0.6814
1782310173597,83823,-0.07056,0.12085,1.01636,1.02595,13.188,8.562,1.938,0.052,-0.0177,-0.7305,0.6806
1782310173610,83836,-0.09424,0.01025,0.97754,0.98213,-8.125,-20.062,1.688,0.0528,-0.0235,-0.7305,0.6803
1782310173612,83838,-0.1189,0.01221,0.97168,0.979,-23.312,-15.062,5.312,0.0507,-0.0233,-0.7304,0.6806
1782310173620,83846,-0.14966,0.0293,0.96387,0.97586,-37.562,-7.562,7.625,0.0483,-0.0218,-0.7302,0.681
1782310173645,83871,-0.09668,0.16821,1.01343,1.03183,-25.562,20.562,5.75,0.0421,-0.0086,-0.7291,0.6828
1782310173733,83959,-0.12549,-0.03223,1.01196,1.02022,-5.312,-7.312,0.375,0.0408,-0.0045,-0.7275,0.6848
1782310173734,83960,-0.1272,-0.05054,0.98755,0.99699,-15.625,-8.062,-3.312,0.0397,-0.0041,-0.7276,0.6846
1782310173750,83976,-0.11377,0.00024,0.95947,0.96619,-26.688,-6.125,-3.938,0.038,-0.003,-0.7279,0.6845
1782310173752,83978,-0.16675,0.104,0.94263,0.9629,-14.188,-16.625,5.125,0.0302,0.001,-0.7275,0.6853
1782310173759,83985,-0.15723,0.10767,0.94824,0.9672,-4.812,-13.188,2.125,0.0292,0.0007,-0.7274,0.6854
1782310173760,83986,-0.14917,0.10913,0.96045,0.97807,0.375,-10.875,1.875,0.0289,0.0004,-0.7274,0.6855
1782310173764,83990,-0.07153,-0.10474,0.98315,0.9913,8.312,7.625,1.0,0.0317,-0.0037,-0.7266,0.6862
1782310173764,83990,-0.16016,0.10645,0.97021,0.98909,4.938,-9.5,3.812,0.0278,-0.0021,-0.7276,0.6853
1782310173764,83990,-0.17847,0.08423,0.99146,1.01091,10.625,-6.625,2.25,0.0279,-0.0026,-0.7275,0.6854
1782310173764,83990,-0.17725,0.07007,1.00732,1.02519,18.875,-3.0,-2.062,0.0285,-0.0034,-0.7277,0.6851
1782310173771,83997,-0.12598,-0.05078,0.93677,0.94657,10.188,-4.438,1.812,0.034,-0.0087,-0.7285,0.684
1782310173805,84031,-0.13403,-0.05273,0.92407,0.93523,4.812,-3.438,2.938,0.0341,-0.009,-0.7283,0.6841
1782310173882,84108,-0.19092,0.14673,1.00293,1.03143,-16.438,-0.812,14.125,0.0322,-0.0008,-0.7247,0.6881
1782310173952,84178,-0.19312,0.16309,0.98682,1.01868,-10.375,-4.875,11.875,0.0319,-0.0006,-0.7244,0.6885
1782310174017,84243,-0.20337,0.14575,0.97437,1.00598,-3.5,-4.875,11.125,0.0316,-0.0006,-0.7241,0.6889
1782310174025,84251,-0.13745,-0.03784,1.00342,1.0135,-9.438,14.375,14.125,0.037,0.0021,-0.7216,0.6912
1782310174025,84251,-0.16943,-0.03491,1.01123,1.02592,-13.312,12.0,15.75,0.0371,0.0029,-0.7211,0.6917
1782310174116,84342,-0.19873,-0.02075,1.02222,1.04157,-17.625,9.5,15.875,0.0369,0.0038,-0.7206,0.6921
1782310174117,84343,-0.44604,-0.00635,0.90503,1.009,-46.375,59.5,1.188,0.0345,0.0228,-0.7164,0.6962
1782310174146,84372,-0.34888,-0.05615,0.86792,0.9371,-45.062,76.438,-19.438,0.0361,0.03,-0.7169,0.6954
1782310174148,84374,-0.29077,-0.0564,0.85498,0.90483,-46.938,84.938,-23.688,0.0373,0.0339,-0.7174,0.6947
1782310174153,84379,-0.06421,-0.19482,1.14771,1.1659,-66.812,68.812,3.125,0.0471,0.0783,-0.7149,0.693
1782310174159,84385,-0.07251,-0.15771,1.16187,1.17476,-68.875,60.688,2.312,0.0469,0.0822,-0.7145,0.693
1782310174159,84385,-0.07617,-0.1228,1.15991,1.16888,-70.812,55.188,4.875,0.0465,0.0859,-0.714,0.6931
1782310174160,84386,-0.1106,-0.06201,0.9436,0.95208,-25.688,-30.938,3.812,0.0364,0.1065,-0.7095,0.6955
1782310174161,84387,-0.302,0.04102,0.89038,0.9411,58.5,-47.875,-1.688,0.0236,0.0814,-0.7075,0.7014
1782310174188,84414,-0.28687,0.01367,0.90234,0.94694,66.125,-37.812,2.625,0.0254,0.0736,-0.708,0.7017
1782310174188,84414,-0.28491,0.00439,0.90796,0.95162,67.375,-35.938,0.188,0.0264,0.0706,-0.708,0.702
1782310174220,84446,-0.21875,-0.04395,0.97827,1.00339,44.0,-24.625,-23.25,0.0327,0.0491,-0.7121,0.6994
1782310174222,84448,-0.18457,-0.04272,0.95728,0.97585,42.875,-24.938,-25.812,0.0332,0.0471,-0.713,0.6986
1782310174232,84458,-0.15991,-0.01196,0.90991,0.92393,42.812,-26.062,-26.375,0.0336,0.0451,-0.7139,0.6978
1782310174233,84459,-0.2146,0.07397,0.74146,0.77543,42.312,-6.062,-15.375,0.0425,0.0263,-0.7216,0.6904
1782310174236,84462,-0.23315,0.07446,0.74048,0.77988,43.438,0.0,-16.438,0.0438,0.025,-0.7221,0.6898
1782310174237,84463,-0.25146,0.08203,0.75269,0.79781,45.062,7.625,-18.062,0.0453,0.0238,-0.7226,0.6892
1782310174237,84463,-0.15063,-0.07642,0.94946,0.96437,12.938,72.25,-20.0,0.0701,0.0276,-0.7261,0.6833
1782310174264,84490,-0.13721,-0.10596,0.95581,0.9714,7.375,73.25,-22.938,0.0725,0.0296,-0.7265,0.6825
1782310174293,84519,-0.14795,-0.14917,0.9585,0.98126,1.188,73.312,-26.75,0.0747,0.0318,-0.727,0.6816
1782310174493,84719,-0.14966,0.00317,1.03833,1.04906,-26.0,72.188,-14.75,0.0912,0.0645,-0.7316,0.6723
1782310174516,84742,-0.15186,-0.00562,1.0835,1.0941,-20.75,67.625,-15.75,0.0926,0.0672,-0.7318,0.6717
1782310174585,84811,-0.15088,0.00293,1.11792,1.12806,-17.25,61.562,-15.25,0.0939,0.0696,-0.7319,0.6711
1782310174588,84814,-0.27441,0.00317,1.15381,1.186,2.375,19.312,14.062,0.1019,0.0812,-0.7291,0.6716
1782310174619,84845,-0.26318,-0.00098,1.09961,1.13067,7.688,17.0,16.812,0.1033,0.0817,-0.7282,0.6724
1782310174630,84856,-0.25586,-0.02612,1.04541,1.07658,8.875,13.938,20.312,0.1049,0.0819,-0.7272,0.6732
1782310174630,84856,-0.12524,-0.18188,1.19141,1.2117,5.25,-15.375,34.875,0.1026,0.0834,-0.7134,0.688
1782310174632,84858,-0.12524,-0.18188,1.19141,1.2117,5.25,-15.375,34.875,0.1026,0.0834,-0.7134,0.688
1782310174632,84858,-0.20337,-0.14185,1.15918,1.1854,-8.625,-35.312,22.375,0.0999,0.0811,-0.7114,0.6907
1782310174633,84859,-0.23071,0.09766,1.1106,1.13851,7.875,-10.625,15.312,0.0911,0.074,-0.7098,0.6944
1782310174634,84860,-0.23071,0.09766,1.1106,1.13851,7.875,-10.625,15.312,0.0911,0.074,-0.7098,0.6944
1782310174702,84928,-0.22974,0.08887,1.10767,1.13473,19.125,-1.938,31.188,0.0922,0.0718,-0.7082,0.6961
1782310174714,84940,-0.23657,-0.10571,1.19653,1.22426,14.375,-6.5,-1.0,0.0989,0.0654,-0.7045,0.6995
1782310174723,84949,-0.24048,0.11597,1.07861,1.11116,0.625,-45.375,-6.438,0.0832,0.0573,-0.708,0.6988
1782310174740,84966,-0.24048,0.11597,1.07861,1.11116,0.625,-45.375,-6.438,0.0832,0.0573,-0.708,0.6988
1782310174747,84973,-0.21143,0.073,1.06006,1.0834,12.625,-48.375,-9.25,0.0802,0.0532,-0.7091,0.6984
1782310174748,84974,-0.22534,0.01929,0.94629,0.97294,1.375,-62.062,12.562,0.0679,0.0357,-0.7108,0.699
1782310174802,85028,-0.24829,0.00806,0.94775,0.97977,0.0,-62.562,12.25,0.0661,0.0339,-0.7106,0.6995
1782310174808,85034,-0.26978,-0.00635,0.94653,0.98425,-2.25,-60.875,7.0,0.0633,0.0313,-0.7103,0.7002
1782310174813,85039,-0.15332,0.02905,0.95215,0.96485,-44.562,-27.438,-3.062,0.0479,0.027,-0.7125,0.6993
1782310174863,85089,-0.15405,0.05566,0.94067,0.95482,-48.625,-30.562,-1.188,0.0456,0.0276,-0.7126,0.6994
1782310174868,85094,-0.16919,0.08569,0.92944,0.94859,-50.0,-34.312,-0.75,0.0432,0.0281,-0.7126,0.6995
1782310174870,85096,-0.15381,0.0957,0.80762,0.82769,4.688,-10.188,-8.375,0.0277,0.0269,-0.7158,0.697
1782310174928,85154,-0.14795,0.03833,0.81372,0.82795,7.625,-10.938,-8.0,0.0275,0.0264,-0.7161,0.6968
1782310174931,85157,-0.11719,-0.0564,0.82495,0.83514,9.438,-13.125,-10.312,0.0273,0.0253,-0.7168,0.6961
1782310174932,85158,-0.18652,-0.0437,0.8894,0.9098,-48.125,-2.812,9.562,0.0178,0.0293,-0.7178,0.6952
1782310175042,85268,-0.18652,-0.0437,0.8894,0.9098,-48.125,-2.812,9.562,0.0178,0.0293,-0.7178,0.6952
1782310175083,85309,-0.25122,-0.04102,1.02417,1.05533,-54.375,3.875,6.5,0.0144,0.0336,-0.7175,0.6954
1782310175083,85309,-0.22241,-0.06152,0.94165,0.96951,-37.812,25.0,-29.438,0.0064,0.0519,-0.7194,0.6925
1782310175087,85313,-0.18384,-0.03516,0.92993,0.94858,-33.25,26.188,-33.0,0.0062,0.0537,-0.7202,0.6914
1782310175110,85336,-0.14795,0.00464,0.92188,0.93369,-30.688,26.75,-31.75,0.0061,0.0554,-0.7211,0.6904
1782310175115,85341,-0.1123,-0.07251,0.88647,0.89649,7.188,10.75,8.312,0.0091,0.0666,-0.7221,0.6884
1782310175121,85347,-0.15674,-0.06104,0.90503,0.92053,13.312,-26.0,-1.625,0.0086,0.0592,-0.7205,0.6907
1782310175175,85401,-0.15674,-0.06104,0.90503,0.92053,13.312,-26.0,-1.625,0.0086,0.0592,-0.7205,0.6907
1782310175202,85428,-0.17578,-0.03345,0.90942,0.92686,27.5,-25.75,-1.875,0.0083,0.0557,-0.7209,0.6906
1782310175236,85462,-0.15063,-0.10156,0.98242,0.99908,34.625,-34.312,-4.375,0.0105,0.0392,-0.7211,0.6915
1782310175239,85465,-0.16528,-0.11523,1.00342,1.02345,31.375,-34.625,-4.875,0.0103,0.0363,-0.7214,0.6914
1782310175240,85466,-0.18506,-0.12769,1.01294,1.03759,28.562,-31.0,-11.25,0.01,0.0327,-0.7213,0.6917
1782310175241,85467,-0.12354,-0.11646,0.92212,0.93762,30.438,7.0,-27.812,0.0183,0.0194,-0.7296,0.6832
1782310175367,85593,-0.10596,-0.10498,0.93799,0.94978,22.188,6.5,-24.938,0.0192,0.0189,-0.7304,0.6824
1782310175380,85606,-0.09814,-0.10474,0.9585,0.96919,7.375,4.625,-19.188,0.0199,0.0186,-0.7311,0.6816
1782310175383,85609,-0.09424,-0.01831,0.95093,0.95576,-12.188,4.0,-33.688,0.0188,0.0242,-0.7364,0.6757
1782310175384,85610,-0.10693,0.00171,0.92334,0.92951,-7.875,0.5,-36.25,0.0186,0.0245,-0.7374,0.6746
1782310175402,85628,-0.12354,0.01855,0.89722,0.90588,1.812,-3.625,-39.5,0.0184,0.0247,-0.7388,0.673
1782310175402,85628,-0.13159,-0.00903,0.95923,0.96826,20.312,9.5,-7.875,0.0224,0.0211,-0.7448,0.6663
1782310175404,85630,-0.1084,-0.01489,1.0481,1.0538,-19.625,9.875,-15.438,0.0278,0.0221,-0.7511,0.6591
1782310175481,85707,-0.1084,-0.01489,1.0481,1.0538,-19.625,9.875,-15.438,0.0278,0.0221,-0.7511,0.6591
1782310175504,85730,-0.10278,0.02856,1.05933,1.06469,-19.625,14.125,-13.125,0.0277,0.0236,-0.7518,0.6582
1782310175507,85733,-0.03955,-0.01001,1.00781,1.00864,4.438,4.75,-15.312,0.0301,0.0291,-0.7554,0.6538
1782310175547,85773,-0.04102,-0.01904,1.00928,1.01029,3.688,1.062,-14.375,0.0302,0.0291,-0.7557,0.6533
1782310175547,85773,-0.04761,-0.0105,1.00977,1.01095,3.25,-1.875,-12.438,0.0303,0.0289,-0.7564,0.6527
1782310175553,85779,-0.11938,-0.07788,1.07959,1.08896,-9.5,-1.188,-12.5,0.0277,0.0293,-0.7576,0.6513
1782310175581,85807,-0.11938,-0.07788,1.07959,1.08896,-9.5,-1.188,-12.5,0.0277,0.0293,-0.7576,0.6513
1782310175604,85830,-0.09692,-0.06079,1.10059,1.10652,-13.625,-1.312,-12.938,0.0272,0.0297,-0.758,0.6508
1782310175611,85837,-0.09619,0.02808,1.01392,1.01886,22.125,3.188,-14.812,0.0269,0.0321,-0.7614,0.6467
1782310175654,85880,-0.09619,0.02808,1.01392,1.01886,22.125,3.188,-14.812,0.0269,0.0321,-0.7614,0.6467
1782310175679,85905,-0.08008,-0.0144,1.06616,1.06926,17.75,6.562,-8.125,0.0287,0.0309,-0.7621,0.6459
1782310175680,85906,-0.02197,-0.07031,1.05762,1.06018,-4.5,-17.125,-0.75,0.0294,0.0284,-0.7641,0.6436
1782310175741,85967,-0.03711,-0.05469,1.05542,1.05749,-9.0,-18.312,4.812,0.0286,0.0281,-0.764,0.6437
1782310175775,86001,-0.04932,-0.04956,1.04126,1.0436,-13.125,-19.812,8.688,0.0276,0.028,-0.7642,0.6437
1782310175815,86041,-0.05225,0.03882,0.85083,0.85332,-23.375,-12.188,5.312,0.0187,0.0261,-0.7647,0.6434
1782310175839,86065,-0.02734,0.03931,0.80786,0.80928,-24.438,-4.562,8.125,0.0178,0.0266,-0.7645,0.6437
1782310175850,86076,0.00098,0.04443,0.74707,0.74839,-23.875,3.438,10.375,0.0172,0.0274,-0.7644,0.6437
1782310175850,86076,-0.11816,0.06543,0.01709,0.13614,25.188,34.812,95.625,0.0258,0.0316,-0.7516,0.6582
1782310175867,86093,0.03296,-0.03613,0.05981,0.07726,28.062,39.0,95.25,0.0278,0.0317,-0.7489,0.6611
1782310175869,86095,-0.00586,-0.00415,0.00464,0.00855,27.312,36.312,95.875,0.0518,0.0324,-0.7182,0.6929
1782310175942,86168,-0.01196,-0.0022,0.0061,0.0136,27.5,36.125,96.0,0.056,0.0325,-0.7127,0.6983
1782310175949,86175,-0.0105,-0.00659,0.00732,0.0144,27.188,36.062,95.812,0.059,0.0325,-0.7084,0.7024
1782310175976,86202,-0.0127,-0.00366,0.0061,0.01456,27.562,34.938,96.312,0.0743,0.0325,-0.6871,0.7219
1782310176008,86234,-0.01465,-0.00317,0.00586,0.01609,27.5,34.688,96.375,0.0794,0.0323,-0.6806,0.7275
1782310176079,86305,-0.01416,-0.00171,0.01172,0.01846,27.875,32.875,96.75,0.0989,0.0316,-0.6499,0.7528
1782310176083,86309,-0.01465,-0.00269,0.01538,0.02141,26.562,29.875,97.062,0.1224,0.0296,-0.6094,0.7827
1782310176084,86310,-0.01465,-0.00269,0.01538,0.02141,26.562,29.875,97.062,0.1224,0.0296,-0.6094,0.7827
1782310176084,86310,-0.01147,-0.00317,0.01929,0.02267,26.375,29.312,97.125,0.1259,0.0291,-0.6034,0.7868
1782310176124,86350,-0.02002,-0.00366,0.02661,0.0335,23.5,26.25,96.688,0.1425,0.0269,-0.5696,0.8089
1782310176141,86367,-0.01782,-0.00098,0.02246,0.02869,22.875,25.688,96.5,0.1456,0.0265,-0.5624,0.8134
1782310176144,86370,-0.01758,-0.00098,0.03198,0.03651,17.625,22.688,95.938,0.1601,0.0239,-0.5256,0.835
1782310176199,86425,-0.01807,-0.00391,0.03247,0.03736,17.188,22.125,96.125,0.1613,0.0237,-0.522,0.837
1782310176207,86433,-0.0166,-0.00366,0.03735,0.04104,16.125,21.625,96.125,0.163,0.0233,-0.5167,0.84
1782310176213,86439,-0.0166,-0.00366,0.03735,0.04104,16.125,21.625,96.125,0.163,0.0233,-0.5167,0.84
1782310176249,86475,-0.01538,-0.00098,0.04321,0.04588,8.0,18.688,95.5,0.173,0.0211,-0.4791,0.8602
1782310176249,86475,-0.02148,-0.0022,0.0459,0.05073,7.375,18.438,95.188,0.1734,0.0211,-0.4772,0.8611
1782310176249,86475,-0.01831,0.00537,0.04883,0.05243,-2.188,16.125,94.375,0.1785,0.0198,-0.441,0.8792
1782310176305,86531,-0.01831,0.00537,0.04883,0.05243,-2.188,16.125,94.375,0.1785,0.0198,-0.441,0.8792
1782310176323,86549,-0.02148,0.00757,0.05298,0.05767,-4.125,15.938,94.25,0.1788,0.0198,-0.4355,0.8819
1782310176325,86551,-0.02148,0.00439,0.06396,0.06761,-18.75,14.375,93.0,0.1779,0.0206,-0.397,0.9
1782310176402,86628,-0.02148,0.00439,0.06396,0.06761,-18.75,14.375,93.0,0.1779,0.0206,-0.397,0.9
1782310176402,86628,-0.02197,0.00244,0.0686,0.07207,-21.0,14.188,92.812,0.1772,0.0209,-0.3915,0.9026
1782310176435,86661,-0.02173,0.00537,0.07373,0.07705,-39.0,13.938,91.688,0.1681,0.0245,-0.3527,0.9201
1782310176435,86661,-0.02393,0.00366,0.07788,0.08156,-41.875,14.312,91.562,0.1661,0.0253,-0.3471,0.9225
1782310176439,86665,-0.0271,0.0061,0.07642,0.08131,-43.938,14.438,91.438,0.1647,0.0259,-0.3434,0.9241
1782310176440,86666,-0.02563,-0.0022,0.09009,0.09369,-64.812,16.125,90.812,0.1472,0.0331,-0.3075,0.9394
1782310176483,86709,-0.02734,-0.0022,0.09424,0.09815,-68.5,16.438,90.688,0.1436,0.0346,-0.3018,0.9417
1782310176502,86728,-0.02954,-0.00415,0.09766,0.10211,-70.625,16.938,90.5,0.1411,0.0356,-0.298,0.9433
1782310176503,86729,-0.04077,-0.0105,0.11108,0.11879,-94.562,20.25,89.5,0.1128,0.0476,-0.2611,0.9574
1782310176546,86772,-0.04102,-0.01636,0.11621,0.12432,-99.25,21.312,89.562,0.1057,0.0507,-0.2532,0.9602
1782310176615,86841,-0.0459,-0.0127,0.11719,0.1265,-101.75,21.625,89.5,0.1019,0.0523,-0.2493,0.9615
1782310176685,86911,-0.05615,-0.02881,0.13159,0.14594,-121.25,26.812,88.188,0.0665,0.0676,-0.2152,0.9719
1782310176699,86925,-0.05615,-0.02881,0.13159,0.14594,-121.25,26.812,88.188,0.0665,0.0676,-0.2152,0.9719
1782310176701,86927,-0.06323,-0.02319,0.12598,0.14285,-125.375,28.75,88.0,0.055,0.0728,-0.205,0.9744
1782310176701,86927,-0.06323,-0.02319,0.12598,0.14285,-125.375,28.75,88.0,0.055,0.0728,-0.205,0.9744
1782310176702,86928,-0.07715,-0.01074,0.12598,0.14812,-143.562,50.438,87.375,-0.0026,0.1025,-0.1569,0.9822
1782310176703,86929,-0.07715,-0.01074,0.12598,0.14812,-143.562,50.438,87.375,-0.0026,0.1025,-0.1569,0.9822
1782310176733,86959,-0.10498,-0.01343,0.12061,0.16046,-147.938,80.812,87.562,-0.0693,0.1492,-0.1027,0.9809
1782310176744,86970,-0.10718,-0.01758,0.12061,0.16231,-147.312,83.25,87.875,-0.0745,0.1536,-0.0984,0.9803
1782310176745,86971,-0.09399,0.00635,0.11963,0.15227,-129.562,104.625,95.188,-0.1199,0.1993,-0.0564,0.9708
1782310176790,87016,-0.08276,0.00586,0.13135,0.15536,-125.875,105.938,97.0,-0.1261,0.207,-0.0496,0.9688
1782310176800,87026,-0.09009,0.00781,0.12866,0.15726,-123.375,106.062,98.125,-0.1301,0.2122,-0.0451,0.9674
1782310176807,87033,-5.75049,-1.33545,4.72754,7.56315,434.812,139.688,379.5,-0.1469,0.2651,0.0035,0.9528
1782310176928,87154,0.15576,1.19312,6.427,6.53866,-38.125,-171.625,354.562,-0.1421,0.2623,0.0154,0.9542
1782310176929,87155,3.86377,-1.1189,2.27344,4.62052,209.688,-225.562,298.375,-0.1336,0.2541,0.0269,0.9574
1782310176939,87165,-2.39648,1.14453,7.98926,8.41911,1948.125,-1480.438,579.062,0.5636,-0.2651,0.0057,0.7822
1782310176940,87166,-2.2356,1.12744,7.98926,8.37241,1948.125,-1455.875,601.688,0.6171,-0.3234,0.0108,0.7171
1782310176946,87172,-2.07397,1.11865,7.98926,8.32953,1948.125,-1426.875,539.938,0.6638,-0.3781,0.0173,0.6448
1782310177000,87226,-2.07397,1.11865,7.98926,8.32953,1948.125,-1426.875,539.938,0.6638,-0.3781,0.0173,0.6448
1782310177001,87227,-0.74487,1.85718,7.98926,8.23603,1948.125,-713.25,135.062,-0.7313,0.5482,-0.1674,0.3693
1782310177002,87228,-0.69482,1.99634,7.98926,8.26417,1948.125,-624.625,99.312,-0.6991,0.525,-0.1907,0.446
1782310177012,87238,-1.04907,3.64966,7.98926,8.84584,1948.125,414.5,-60.0,-0.0573,0.2058,-0.4777,0.8519
1782310177036,87262,-1.16626,3.7854,7.98926,8.91727,1948.125,514.188,-53.562,0.0246,0.1815,-0.496,0.8486
1782310177037,87263,-1.29126,3.90747,7.98926,8.98688,1948.125,612.25,-43.25,0.1082,0.1596,-0.5098,0.8382
1782310177038,87264,-2.75195,4.51978,7.98926,9.58279,1948.125,1369.812,199.688,0.8015,0.041,-0.3643,0.4722
1782310177107,87333,-2.75195,4.51978,7.98926,9.58279,1948.125,1369.812,199.688,0.8015,0.041,-0.3643,0.4722
1782310177107,87333,-3.02271,4.52173,7.98926,9.66494,1948.125,1465.938,264.25,0.8811,0.0257,-0.288,0.374
1782310177109,87335,-4.71289,4.0127,7.98926,10.1065,1948.125,1823.188,843.875,-0.779,0.168,-0.4381,0.4155
1782310177178,87404,-4.90967,3.89624,7.98926,10.1545,1948.125,1826.438,938.062,-0.6517,0.2041,-0.5192,0.5136
1782310177188,87414,-5.02979,3.81519,7.98926,10.18247,1948.125,1821.875,1001.625,-0.5528,0.2265,-0.5621,0.5717
1782310177203,87429,-5.89185,3.20044,7.98926,10.43,1948.125,1517.938,1589.438,0.5502,0.2287,-0.4074,0.6919
1782310177206,87432,-5.94531,3.16016,7.98926,10.44804,1948.125,1459.562,1645.562,0.6422,0.1983,-0.3423,0.6564
1782310177240,87466,-5.99512,3.12817,7.98926,10.46686,1948.125,1397.0,1700.062,0.7236,0.162,-0.2725,0.6129
1782310177240,87466,-5.99512,3.12817,7.98926,10.46686,1948.125,1397.0,1700.062,0.7236,0.162,-0.2725,0.6129
1782310177288,87514,-6.021,2.91309,7.98926,10.41954,1948.125,426.938,2047.938,-0.7497,0.4257,-0.4118,0.2947
1782310177295,87521,-5.99048,2.90137,7.98926,10.39866,1948.125,329.125,2047.938,-0.6749,0.4585,-0.4298,0.3862
1782310177310,87536,-5.28882,2.65479,7.98926,9.94222,1948.125,-573.75,2030.812,0.2615,0.2831,-0.2012,0.9004
1782310177321,87547,-5.12988,2.56763,7.98926,9.83548,1948.125,-700.25,1984.438,0.3942,0.1829,-0.1303,0.891
1782310177323,87549,-5.0249,2.50049,7.98926,9.76373,1948.125,-780.312,1949.188,0.474,0.1101,-0.084,0.8694
1782310177323,87549,-5.0249,2.50049,7.98926,9.76373,1948.125,-780.312,1949.188,0.474,0.1101,-0.084,0.8694
1782310177384,87610,-3.56323,1.58301,7.98926,8.88993,1948.125,-1400.938,1366.062,-0.7644,0.6102,-0.1989,0.0582
1782310177384,87610,-3.41504,1.51001,7.98926,8.81878,1948.125,-1425.0,1305.812,-0.732,0.629,-0.1987,0.1696
1782310177385,87611,-0.1792,-3.02271,6.71313,7.36444,1948.125,-100.062,1944.562,-0.2277,0.4221,-0.1052,0.871
1782310177447,87673,-4.72559,0.26953,6.64526,8.15864,1327.562,-794.25,1557.438,-0.0452,0.3953,-0.0188,0.9171
1782310177452,87678,-4.24243,2.30884,2.04248,5.24411,1206.562,-904.562,1461.0,0.0288,0.3634,0.025,0.9307
1782310177486,87712,-4.24243,2.30884,2.04248,5.24411,1206.562,-904.562,1461.0,0.0288,0.3634,0.025,0.9307
1782310177511,87737,-1.40161,0.80493,2.76782,3.20519,1281.125,-987.5,1156.188,0.6558,-0.057,0.2443,0.7118
1782310177512,87738,-1.37598,0.78369,2.78418,3.20299,1271.188,-1029.188,1130.25,0.7188,-0.1293,0.256,0.6331
1782310177513,87739,-1.229,0.62573,2.87402,3.18778,1213.625,-1255.062,954.188,-0.8499,0.4963,-0.1743,0.0287
1782310177569,87795,-1.21021,0.59155,2.88013,3.17957,1205.938,-1284.5,924.938,-0.8254,0.527,-0.1403,0.1445
1782310177570,87796,-1.19556,0.56885,2.88647,3.17564,1201.0,-1303.188,905.25,-0.8024,0.5419,-0.1154,0.221
1782310177571,87797,-1.06616,0.31909,2.89136,3.09814,1165.25,-1456.188,688.562,-0.2922,0.4071,0.1699,0.8484
1782310177653,87879,-1.05298,0.2937,2.88696,3.087,1163.812,-1467.188,667.688,-0.2265,0.3692,0.1918,0.8806
1782310177654,87880,-1.04102,0.2688,2.88379,3.0777,1162.125,-1477.25,646.625,-0.1597,0.3281,0.2115,0.9066
1782310177660,87886,-0.82568,0.04907,2.84448,2.9623,1178.375,-1546.875,420.438,0.5084,-0.19,0.2606,0.7982
1782310177685,87911,-0.61816,0.48145,3.4751,3.56234,1185.062,-1590.375,439.125,0.5593,-0.2377,0.2501,0.7535
1782310177688,87914,-0.32495,2.198,7.25342,7.5861,1379.75,-2013.938,807.75,0.608,-0.2957,0.2387,0.6969
1782310177689,87915,-0.77417,0.93481,0.44702,1.29346,-118.188,-608.062,1394.125,0.391,-0.7445,0.3834,0.3815
1782310177785,88011,-0.74854,0.94312,0.46216,1.28972,-129.0,-612.75,1390.5,0.3543,-0.7779,0.3909,0.341
1782310177791,88017,-0.73877,0.9436,0.46997,1.28726,-139.562,-616.812,1386.75,0.3161,-0.8083,0.3962,0.2991
1782310177791,88017,-0.73877,0.9436,0.46997,1.28726,-139.562,-616.812,1386.75,0.3161,-0.8083,0.3962,0.2991
1782310177800,88026,-0.73877,0.9436,0.46997,1.28726,-139.562,-616.812,1386.75,0.3161,-0.8083,0.3962,0.2991
1782310177806,88032,-0.66113,0.96606,0.44189,1.25125,-255.562,-643.125,1352.25,0.1271,0.9193,-0.3253,0.1809
1782310177807,88033,-0.66113,0.96606,0.44189,1.25125,-255.562,-643.125,1352.25,0.1271,0.9193,-0.3253,0.1809
1782310177885,88111,-0.55933,0.97266,0.37451,1.18287,-400.188,-619.562,1321.5,0.5483,0.5243,0.0116,0.6512
1782310177890,88116,-0.55347,0.97241,0.36792,1.17783,-411.062,-615.25,1319.562,0.5655,0.4751,0.0429,0.6726
1782310177902,88128,-1.67896,1.69458,1.10205,2.62774,160.125,-1308.875,2047.938,0.7722,-0.0973,0.303,0.5498
1782310177934,88160,-4.33984,4.28687,1.76636,6.35071,314.312,-1290.125,1894.375,0.7836,-0.186,0.3015,0.5101
1782310177936,88162,-2.12671,1.67236,2.11548,3.43438,456.938,-1010.438,1862.562,0.7874,-0.3014,0.3145,0.4358
1782310177936,88162,-0.40967,0.43042,0.68677,0.90815,-37.438,-886.938,704.375,-0.6325,0.752,-0.1839,0.0191
1782310178035,88261,-0.50049,0.53979,0.56152,0.92583,-56.438,-892.438,706.0,-0.6162,0.7698,-0.1571,0.0516
1782310178073,88299,-0.44946,0.48535,0.65967,0.93421,-62.625,-893.125,703.125,-0.5986,0.7858,-0.1301,0.084
1782310178073,88299,-0.43262,0.48145,0.66382,0.92715,-128.812,-896.438,684.688,-0.3592,0.838,0.1612,0.3775
1782310178074,88300,-0.42725,0.4856,0.65698,0.92194,-142.625,-895.875,681.625,-0.3009,0.824,0.22,0.4263
1782310178079,88305,-0.42383,0.48389,0.65942,0.9212,-149.75,-895.312,680.438,-0.2709,0.8141,0.2489,0.449
1782310178080,88306,-0.40698,0.50146,0.63672,0.90692,-215.625,-885.688,670.75,0.0249,0.6249,0.4952,0.6027
1782310178139,88365,-0.40186,0.50439,0.63159,0.90267,-229.625,-882.562,669.25,0.086,0.5657,0.5374,0.6193
1782310178139,88365,-0.39893,0.50854,0.62817,0.90131,-243.75,-878.812,668.188,0.1452,0.5008,0.5751,0.6301
1782310178186,88412,0.53662,2.18311,1.00293,2.46167,-846.312,-926.688,17.375,0.1503,0.2044,0.6184,0.7436
1782310178191,88417,-0.28174,0.44067,1.14087,1.25505,-859.062,-864.938,106.062,0.1448,0.1533,0.6232,0.7529
1782310178196,88422,-0.49634,0.49219,0.71973,1.0033,-888.312,-883.5,106.938,0.1405,0.1007,0.6257,0.7604
1782310178201,88427,-0.35889,0.52612,0.94287,1.13781,-941.312,-803.312,166.688,0.0562,-0.408,0.5698,0.7109
1782310178235,88461,-0.35083,0.52466,0.94067,1.13279,-946.688,-794.25,172.625,0.044,-0.4541,0.556,0.6945
1782310178236,88462,-0.34375,0.52954,0.93628,1.12925,-953.25,-785.25,178.375,0.0311,-0.4991,0.5408,0.6762
1782310178236,88462,-0.15186,0.19775,0.4668,0.52922,-674.062,-501.5,41.188,-0.0714,-0.8253,0.3284,0.4535
1782310178298,88524,-0.15503,0.21582,0.44458,0.51794,-677.25,-498.875,43.625,-0.0789,-0.8436,0.307,0.4332
1782310178360,88586,-0.15234,0.21265,0.45386,0.52385,-679.375,-495.875,46.375,-0.0865,-0.8608,0.285,0.4124
1782310178371,88597,-0.1272,0.21362,0.44824,0.51257,-700.0,-459.438,73.562,-0.164,-0.9677,0.0468,0.1849
1782310178372,88598,-0.12524,0.21289,0.44629,0.51008,-702.25,-455.625,76.062,-0.1716,-0.9716,0.0216,0.161
1782310178372,88598,-0.12573,0.21631,0.44775,0.51291,-703.938,-451.562,78.625,-0.179,-0.9741,-0.0035,0.137
1782310178471,88697,0.04688,0.16846,1.09595,1.10981,-840.375,-551.5,113.688,0.2642,0.9161,0.2715,0.1303
1782310178472,88698,-0.10864,0.31616,0.72607,0.79934,-873.5,-532.188,154.375,0.271,0.9005,0.2995,0.1604
1782310178473,88699,3.9519,-5.22656,-7.33569,9.83599,-537.812,729.5,-369.625,0.2889,0.6499,0.5685,0.4132
1782310178484,88710,0.29663,-2.05127,3.24756,3.85258,696.75,187.75,324.438,0.2877,0.663,0.5652,0.3974
1782310178525,88751,-1.03467,1.26416,3.0686,3.47634,-404.0,-258.25,128.75,0.2963,0.6544,0.5684,0.4008
1782310178529,88755,-0.00928,-0.0061,-0.01978,0.02268,-123.688,36.312,167.125,0.33,0.5924,0.6381,0.3644
1782310178530,88756,-0.36548,1.23901,0.70361,1.47098,-146.25,-200.0,413.312,0.3333,0.5009,0.7266,0.3313
1782310178605,88831,1.08203,-0.68628,-1.02075,1.6382,-169.625,34.625,54.0,0.3366,0.4934,0.7306,0.3305
1782310178891,89117,-0.0647,-0.06445,0.2583,0.27397,-168.062,-17.312,171.812,0.3392,0.4813,0.739,0.3269
1782310178897,89123,1.81421,0.12305,-1.26758,2.21659,-332.5,-80.75,125.812,0.3477,0.3971,0.7908,0.3093
1782310178897,89123,1.21606,-0.85132,-2.00293,2.49305,-263.938,-1.062,134.5,0.3498,0.3728,0.8029,0.3062
1782310178898,89124,0.49341,-0.88257,-0.45703,1.10962,-240.562,-50.125,210.562,0.3507,0.3608,0.8089,0.3036
1782310178910,89136,0.23096,-0.47461,-0.44385,0.68964,-301.625,-76.375,230.25,0.3596,0.2332,0.8588,0.2801
1782310178920,89146,-0.08398,-1.0896,-1.90259,2.19411,-304.0,-80.438,240.0,0.3629,0.2094,0.8652,0.2749
1782310178920,89146,-0.21338,-0.16284,-0.53638,0.59979,-214.5,-110.75,203.625,0.3719,0.0751,0.8956,0.2317
1782310178920,89146,-0.12964,-0.16235,-0.44727,0.49317,-210.062,-77.0,191.188,0.375,0.0571,0.8971,0.226
1782310178920,89146,-0.10254,-0.1499,-0.39038,0.43056,-212.438,-60.0,188.0,0.3758,0.0454,0.8983,0.2222
1782310178920,89146,-0.10254,-0.1499,-0.39038,0.43056,-212.438,-60.0,188.0,0.3758,0.0454,0.8983,0.2222
1782310178921,89147,-0.1665,-0.12134,-0.51343,0.55322,-275.562,-52.125,215.438,0.3691,-0.0827,0.9071,0.1841
1782310178921,89147,-0.15137,-0.12207,-0.49927,0.5358,-282.812,-31.312,215.5,0.367,-0.1044,0.9069,0.1779
1782310178921,89147,-0.11792,0.22314,-0.31738,0.4055,-201.25,-33.875,168.25,0.3528,-0.2516,0.8922,0.1265
1782310178921,89147,-0.25781,0.35352,-0.74634,0.86514,-229.312,-3.312,196.312,0.3491,-0.2685,0.8895,0.1206
1782310178921,89147,-0.36035,0.40381,-0.91309,1.06144,-218.125,9.0,195.938,0.3437,-0.2857,0.8871,0.1145
1782310178921,89147,-0.24194,0.37964,-0.64795,0.78899,-219.375,4.375,189.438,0.3161,-0.3885,0.862,0.0765
1782310178966,89192,-0.25488,0.39355,-0.67725,0.82372,-227.312,15.312,199.875,0.3117,-0.3994,0.859,0.0725
1782310178970,89196,-0.26514,0.39575,-0.6814,0.8314,-233.562,23.875,207.812,0.3068,-0.4106,0.8558,0.0685
1782310178971,89197,0.08765,0.03906,0.07397,0.12116,-154.25,-56.375,84.188,0.2923,-0.4983,0.8148,0.0456
1782310179018,89244,0.0293,0.96655,-0.4895,1.08383,-190.125,-66.438,61.438,0.2931,-0.5054,0.8103,0.0444
1782310179021,89247,0.14673,1.1958,-0.99561,1.56292,-173.312,-67.5,57.75,0.2946,-0.5128,0.805,0.0437
1782310179022,89248,0.00513,0.65234,-0.38745,0.75874,-147.875,-121.25,-44.125,0.3226,-0.562,0.7604,0.0396
1782310179165,89391,0.00854,0.73926,-0.45068,0.86585,-151.625,-131.25,-63.125,0.3307,-0.5685,0.752,0.041
1782310179166,89392,-0.00293,0.6875,-0.41089,0.80093,-152.5,-137.062,-74.438,0.3366,-0.5726,0.7462,0.0423
1782310179166,89392,-0.28467,0.04907,-0.03467,0.29094,163.062,-39.438,-116.625,0.4114,-0.5813,0.6991,0.0618
1782310179186,89412,0.01782,-0.00562,-0.00024,0.01869,156.5,-44.75,-123.375,0.421,-0.5676,0.7046,0.0615
1782310179198,89424,-0.00952,0.00366,-0.00684,0.01228,156.688,-44.0,-123.5,0.428,-0.5574,0.7086,0.0613
1782310179212,89438,-0.34668,0.33936,-0.354,0.60056,73.625,-49.375,-263.938,0.506,-0.4876,0.7062,0.0845
1782310179215,89441,-0.38843,0.52832,-0.47144,0.80762,47.125,-78.188,-269.938,0.5141,-0.4805,0.7046,0.09
1782310179238,89464,-0.62939,0.59521,-0.76514,1.15579,29.75,-106.0,-276.875,0.523,-0.4742,0.7015,0.0954
1782310179238,89464,-0.26587,-0.10376,0.08521,0.29785,84.75,-228.375,-398.938,0.6453,-0.3932,0.6391,0.1422
1782310179249,89475,-0.38452,0.07788,-0.00806,0.39241,78.0,-230.875,-419.5,0.6589,-0.3811,0.6314,0.1474
1782310179305,89531,-0.65015,0.46826,-0.16284,0.81761,92.188,-233.688,-458.25,0.6798,-0.3608,0.6189,0.1562
1782310179307,89533,-0.35913,0.14307,-0.06445,0.39191,161.75,186.312,-414.688,0.7249,-0.2035,0.6226,0.2129
1782310179314,89540,-2.5708,-0.55469,-0.21362,2.63862,193.688,65.125,-382.938,0.7266,-0.1665,0.6267,0.2265
1782310179315,89541,-2.56201,-1.32764,-1.71484,3.35666,181.125,-240.812,-364.188,0.744,-0.148,0.61,0.2284
1782310179399,89625,-0.82617,-0.53345,-0.2334,1.01074,121.75,-7.562,-328.5,0.7728,-0.0109,0.5751,0.2677
1782310179400,89626,-0.77954,-0.43457,-0.31982,0.94806,112.062,-11.375,-319.062,0.7745,0.0021,0.5709,0.2717
1782310179404,89630,-0.27539,-0.23438,0.00366,0.36164,26.688,7.125,28.812,0.775,0.0067,0.5765,0.2583
1782310179445,89671,-0.27539,-0.23438,0.00366,0.36164,26.688,7.125,28.812,0.775,0.0067,0.5765,0.2583
1782310179448,89674,-0.81323,-0.83081,-0.3772,1.22224,-9.938,-6.562,45.938,0.7755,0.0049,0.5764,0.2568
1782310179448,89674,-0.84155,-0.43677,-0.27222,0.98645,-32.812,2.5,94.562,0.7744,-0.025,0.5818,0.2468
1782310179493,89719,-0.85156,-0.42969,-0.27295,0.99211,-35.812,4.188,100.188,0.7739,-0.0291,0.5828,0.2455
1782310179521,89747,-0.84497,-0.40967,-0.28271,0.98068,-38.188,6.25,106.125,0.7734,-0.0335,0.5839,0.244
1782310179541,89767,-0.86011,-0.30518,-0.27612,0.9535,-73.062,23.75,188.938,0.7612,-0.0971,0.6007,0.2236
1782310179563,89789,-0.83667,-0.23022,-0.27783,0.91116,-77.312,26.5,199.125,0.7592,-0.1052,0.6029,0.2211
1782310179590,89816,-0.92505,-0.29126,-0.31567,1.0199,-83.188,34.5,220.25,0.7543,-0.1224,0.6077,0.2154
1782310179610,89836,-0.63477,0.13623,-0.48169,0.8084,-78.562,-38.0,208.875,0.7299,-0.2129,0.6223,0.1852
1782310179634,89860,-0.67261,0.1792,-0.47095,0.84042,-71.812,-50.25,187.812,0.729,-0.2211,0.6215,0.182
1782310179735,89961,-0.61914,0.18579,-0.43164,0.77728,-67.0,-81.938,156.062,0.7288,-0.2324,0.6189,0.1776
1782310179736,89962,-0.81348,0.11182,-0.13501,0.83215,-45.312,0.0,124.125,0.7338,-0.2852,0.597,0.1533
1782310179737,89963,-0.9375,0.20508,-0.30225,1.00614,-61.625,6.875,124.812,0.732,-0.2906,0.597,0.1519
1782310179737,89963,-0.98218,0.38086,-0.39087,1.12362,-56.0,1.375,110.125,0.7294,-0.2982,0.5968,0.1506
1782310179749,89975,-0.97119,0.2583,-0.1687,1.01901,-20.188,-2.062,47.688,0.7286,-0.3218,0.5883,0.1386
1782310179750,89976,-0.98145,0.31689,-0.24927,1.06104,-19.125,9.0,43.625,0.7275,-0.3246,0.5883,0.138
1782310179750,89976,-0.7561,0.45166,-0.2876,0.9265,1.188,8.188,7.875,0.7269,-0.3258,0.5884,0.1378
1782310179750,89976,-0.94165,0.28516,-0.26904,1.02,20.0,22.938,-60.688,0.7316,-0.3105,0.5892,0.1444
1782310179984,90210,-0.96265,0.28418,-0.27588,1.04094,23.938,22.625,-67.5,0.7322,-0.3077,0.5897,0.1456
1782310179985,90211,-0.93823,0.27075,-0.27954,1.01574,27.625,22.438,-73.75,0.7329,-0.3047,0.59,0.1469
1782310179986,90212,-0.95459,0.19165,-0.32642,1.0269,50.312,41.062,-129.312,0.7405,-0.2632,0.5961,0.164
1782310179987,90213,-0.96655,0.16455,-0.31836,1.03085,52.562,39.625,-135.0,0.7415,-0.2574,0.5968,0.1661
1782310179988,90214,-0.95361,0.12891,-0.29248,1.00575,56.188,40.812,-141.0,0.7429,-0.2484,0.5978,0.1694
1782310179989,90215,-0.91455,-0.0022,-0.36841,0.98597,74.438,57.312,-170.688,0.7491,-0.185,0.6068,0.1904
1782310179990,90216,-0.87915,-0.02368,-0.36401,0.95182,75.188,54.5,-173.188,0.7497,-0.1771,0.6075,0.1928
1782310179990,90216,-0.35498,-0.08569,-0.38599,0.53136,74.75,-23.562,-159.188,0.7523,-0.1662,0.6065,0.1954
1782310179990,90216,-0.88745,-0.30029,-0.34131,0.99711,29.438,16.5,-59.562,0.7685,-0.1224,0.594,0.2033
1782310179990,90216,-0.82324,-0.33154,-0.35693,0.95658,22.688,12.0,-45.938,0.7687,-0.1201,0.594,0.2036
1782310179990,90216,-0.77197,-0.32812,-0.39282,0.92623,13.562,2.125,-31.875,0.7691,-0.1186,0.5938,0.2039
1782310179993,90219,-0.83105,-0.27173,-0.35376,0.9432,-31.0,16.062,79.062,0.7679,-0.1314,0.5942,0.1994
1782310180090,90316,-0.83936,-0.27295,-0.3606,0.95345,-36.0,11.875,91.25,0.7669,-0.1351,0.595,0.1983
1782310180132,90358,-0.83887,-0.25854,-0.34814,0.94432,-41.812,7.562,103.188,0.7659,-0.1394,0.5957,0.197
1782310180132,90358,-0.89209,0.01953,-0.35791,0.96141,-40.5,1.688,124.562,0.7534,-0.1909,0.6025,0.1805
1782310180135,90361,-1.0061,0.03784,-0.38184,1.07679,-38.062,5.375,121.25,0.7522,-0.1958,0.603,0.1787
1782310180239,90465,-0.86743,0.09595,-0.43604,0.97559,-36.5,-4.375,104.812,0.75,-0.2048,0.6038,0.1752
1782310180273,90499,-0.88208,-0.06104,-0.0022,0.88419,-4.562,-22.562,17.875,0.7567,-0.2254,0.5905,0.1662
1782310180274,90500,-0.88208,-0.06104,-0.0022,0.88419,-4.562,-22.562,17.875,0.7567,-0.2254,0.5905,0.1662
1782310180280,90506,-1.05762,0.00391,-0.12476,1.06496,-5.875,8.812,15.875,0.7567,-0.2265,0.5902,0.1657
1782310180350,90576,-1.07056,0.03027,-0.2644,1.10314,16.312,19.688,-42.125,0.758,-0.2188,0.5903,0.1697
1782310180350,90576,-1.07056,0.03027,-0.2644,1.10314,16.312,19.688,-42.125,0.758,-0.2188,0.5903,0.1697
1782310180350,90576,-0.96704,0.06958,-0.32373,1.02216,18.188,28.375,-46.438,0.7581,-0.2157,0.5911,0.1709
1782310180351,90577,-0.92871,-0.04175,-0.56152,1.08607,37.0,19.188,-76.312,0.7597,-0.1837,0.5969,0.1807
1782310180351,90577,-0.92871,-0.04175,-0.56152,1.08607,37.0,19.188,-76.312,0.7597,-0.1837,0.5969,0.1807
1782310180351,90577,-0.45312,-0.12695,-0.29541,0.55561,32.625,-7.312,-75.25,0.7612,-0.1788,0.5961,0.1816
1782310180351,90577,-0.82983,-0.2356,-0.3728,0.93974,6.125,-9.5,-2.125,0.7712,-0.1591,0.5878,0.1851
1782310180351,90577,-0.82983,-0.2356,-0.3728,0.93974,6.125,-9.5,-2.125,0.7712,-0.1591,0.5878,0.1851
1782310180421,90647,-0.95972,-0.21948,-0.25098,1.01598,-5.188,-12.25,11.25,0.7717,-0.1597,0.587,0.1846
1782310180421,90647,-0.98169,-0.03857,-0.36719,1.04882,-11.75,4.125,43.688,0.7691,-0.1757,0.5876,0.1791
1782310180421,90647,-0.93555,-0.0332,-0.36377,1.00433,-11.375,3.0,40.438,0.7687,-0.1774,0.5878,0.1784
1782310180466,90692,-0.94604,-0.02661,-0.3728,1.01719,-10.5,0.938,36.688,0.7685,-0.1789,0.5878,0.1778
1782310180473,90699,-0.96191,-0.01001,-0.3623,1.02793,0.062,-5.0,-2.875,0.7693,-0.1855,0.5855,0.1749
1782310180518,90744,-0.96973,-0.01343,-0.34473,1.02927,3.812,-1.25,-11.875,0.7701,-0.1848,0.5847,0.1751
1782310180519,90745,-0.96631,-0.02051,-0.34131,1.02502,5.5,1.188,-14.875,0.7704,-0.1842,0.5845,0.1752
1782310180533,90759,-0.92651,-0.11157,-0.38965,1.01128,13.188,-8.188,-24.938,0.7736,-0.1744,0.5825,0.1773
1782310180533,90759,-0.91943,-0.12891,-0.33154,0.98584,10.812,-9.312,-22.125,0.7742,-0.1735,0.582,0.1773
1782310180534,90760,-0.98682,-0.12671,-0.32153,1.04559,7.938,-7.062,-18.875,0.7748,-0.1728,0.5814,0.1774
1782310180535,90761,-0.93726,-0.07007,-0.36304,1.00755,-7.188,2.125,19.688,0.7759,-0.1757,0.5796,0.1758
1782310180596,90822,-0.93726,-0.07007,-0.36304,1.00755,-7.188,2.125,19.688,0.7759,-0.1757,0.5796,0.1758
1782310180606,90832,-0.92773,-0.06177,-0.36206,0.99779,-7.0,1.5,19.188,0.7758,-0.1765,0.5795,0.1755
1782310180610,90836,-0.94897,-0.04468,-0.36108,1.01633,2.938,-0.312,-6.812,0.7769,-0.1796,0.5776,0.174
1782310180640,90866,-0.94897,-0.04468,-0.36108,1.01633,2.938,-0.312,-6.812,0.7769,-0.1796,0.5776,0.174
1782310180640,90866,-0.93066,-0.05591,-0.36182,1.00008,4.0,-0.562,-9.438,0.7773,-0.179,0.5772,0.174
1782310180663,90889,-0.92773,-0.09619,-0.35596,0.99832,0.062,-1.062,0.625,0.78,-0.1765,0.5744,0.1739
1782310180703,90929,-0.93115,-0.09424,-0.35571,1.00122,-0.5,-0.938,2.75,0.7802,-0.1766,0.5742,0.1738
1782310180704,90930,-0.93311,-0.08984,-0.35107,1.00101,-1.5,-0.812,4.375,0.7803,-0.1768,0.574,0.1737
1782310180705,90931,-0.9375,-0.05811,-0.36108,1.00631,-0.812,-0.5,2.75,0.7813,-0.1797,0.5721,0.1722
1782310180804,91030,-0.9375,-0.05811,-0.36108,1.00631,-0.812,-0.5,2.75,0.7813,-0.1797,0.5721,0.1722
1782310180814,91040,-0.93628,-0.05786,-0.35913,1.00446,0.25,-0.875,-0.188,0.7817,-0.1799,0.5715,0.1719
1782310180814,91040,-0.9314,-0.08032,-0.35571,1.00024,0.938,-1.0,-1.75,0.7839,-0.1791,0.569,0.1715
1782310180815,91041,-0.9314,-0.08032,-0.35571,1.00024,0.938,-1.0,-1.75,0.7839,-0.1791,0.569,0.1715
1782310180838,91064,-0.93628,-0.08276,-0.35449,1.00456,0.375,-1.0,-0.188,0.7842,-0.1791,0.5686,0.1713
1782310180839,91065,-0.93872,-0.06445,-0.35913,1.00714,-0.562,-0.5,2.438,0.7858,-0.1806,0.5662,0.1701
1782310180934,91160,-0.93774,-0.06445,-0.35913,1.00622,-0.438,-0.688,2.125,0.786,-0.1807,0.566,0.17
1782310180939,91165,-0.93701,-0.0647,-0.3562,1.00452,-0.375,-0.562,1.5,0.7861,-0.1809,0.5658,0.1699
1782310180948,91174,-0.93579,-0.0708,-0.35815,1.00448,0.438,-0.875,-0.938,0.7879,-0.181,0.5635,0.1691
1782310180973,91199,-0.93579,-0.0708,-0.35815,1.00448,0.438,-0.875,-0.938,0.7879,-0.181,0.5635,0.1691
1782310181015,91241,-0.93652,-0.07251,-0.35815,1.00529,0.438,-0.812,-0.562,0.7883,-0.1811,0.563,0.169
1782310181037,91263,-0.93481,-0.07104,-0.35742,1.00333,-0.062,-0.75,1.688,0.79,-0.1819,0.5607,0.168
1782310181037,91263,-0.93481,-0.07104,-0.35742,1.00333,-0.062,-0.75,1.688,0.79,-0.1819,0.5607,0.168
1782310181050,91276,-0.93506,-0.06958,-0.35767,1.00355,-0.25,-0.812,1.5,0.7903,-0.1821,0.5602,0.1678
1782310181050,91276,-0.93408,-0.07007,-0.35718,1.00249,0.125,-1.0,0.062,0.7921,-0.1827,0.5578,0.1669
1782310181054,91280,-0.93335,-0.06934,-0.35693,1.00167,0.625,-0.812,0.062,0.7923,-0.1827,0.5574,0.1667
1782310181055,91281,-0.93823,-0.07422,-0.35767,1.00683,0.188,-0.812,-0.062,0.7925,-0.1828,0.5572,0.1666
1782310181056,91282,-0.93945,-0.07324,-0.35889,1.00833,-0.25,-0.75,0.875,0.7943,-0.1834,0.5548,0.1657
1782310181140,91366,-0.93433,-0.07129,-0.35767,1.00299,-0.125,-0.938,1.125,0.7944,-0.1835,0.5545,0.1656
1782310181152,91378,-0.93457,-0.07178,-0.35718,1.00307,0.062,-0.688,1.062,0.7946,-0.1836,0.5543,0.1655
1782310181156,91382,-0.93555,-0.06885,-0.35571,1.00326,0.125,-0.75,0.438,0.7962,-0.1843,0.552,0.1646
1782310181163,91389,-0.93604,-0.07227,-0.35645,1.00422,0.062,-0.625,0.375,0.7965,-0.1843,0.5516,0.1644
1782310181187,91413,-0.93555,-0.07251,-0.35645,1.00378,0.312,-0.75,0.312,0.7967,-0.1844,0.5514,0.1644
1782310181188,91414,-0.93457,-0.07178,-0.35938,1.00386,0.062,-0.75,0.688,0.7983,-0.1849,0.549,0.1635
1782310181252,91478,-0.93481,-0.07031,-0.35645,1.00293,0.0,-0.812,0.688,0.7986,-0.1851,0.5487,0.1633
1782310181253,91479,-0.93726,-0.0708,-0.35889,1.00612,0.062,-0.875,0.812,0.7988,-0.1851,0.5484,0.1632
1782310181254,91480,-0.93481,-0.07104,-0.35889,1.00385,0.062,-0.812,0.625,0.8004,-0.1858,0.546,0.1623
1782310181289,91515,-0.93481,-0.07104,-0.35889,1.00385,0.062,-0.812,0.625,0.8004,-0.1858,0.546,0.1623
1782310181306,91532,-0.93872,-0.06812,-0.35425,1.00565,0.062,-0.812,0.625,0.8007,-0.1859,0.5457,0.1622
1782310181320,91546,-0.93481,-0.06885,-0.35352,1.00179,0.062,-0.938,0.75,0.8026,-0.1867,0.5429,0.1611
1782310181342,91568,-0.93481,-0.06885,-0.35352,1.00179,0.062,-0.938,0.75,0.8026,-0.1867,0.5429,0.1611
1782310181347,91573,-0.93091,-0.07227,-0.35693,0.99961,0.062,-0.688,0.688,0.8028,-0.1867,0.5426,0.161
1782310181348,91574,-0.93457,-0.06958,-0.35791,1.00318,0.0,-0.812,0.625,0.8048,-0.1874,0.5398,0.1599
1782310181437,91663,-0.93384,-0.06934,-0.35864,1.00274,0.125,-0.875,0.5,0.8049,-0.1875,0.5396,0.1598
1782310181457,91683,-0.93481,-0.07153,-0.35449,1.00232,0.062,-0.812,0.75,0.8051,-0.1876,0.5393,0.1597
1782310181464,91690,-0.93921,-0.0708,-0.35669,1.00715,0.062,-0.875,0.75,0.8068,-0.1882,0.5368,0.1588
1782310181545,91771,-0.93921,-0.0708,-0.35669,1.00715,0.062,-0.875,0.75,0.8068,-0.1882,0.5368,0.1588
1782310181604,91830,-0.93359,-0.07251,-0.35718,1.00221,0.062,-0.812,0.5,0.8071,-0.1884,0.5363,0.1586
1782310181616,91842,-0.93506,-0.07129,-0.35718,1.00349,0.0,-0.812,0.688,0.809,-0.189,0.5336,0.1575
1782310181650,91876,-0.93408,-0.07153,-0.35596,1.00216,0.25,-0.812,0.5,0.8092,-0.1891,0.5333,0.1574
1782310181662,91888,-0.9353,-0.07056,-0.36035,1.0048,0.062,-0.812,0.625,0.8093,-0.1892,0.533,0.1573
1782310181671,91897,-0.93604,-0.06958,-0.35693,1.0042,0.312,-0.812,0.5,0.811,-0.1898,0.5305,0.1563
1782310181672,91898,-0.93604,-0.06958,-0.35693,1.0042,0.312,-0.812,0.5,0.811,-0.1898,0.5305,0.1563
1782310181700,91926,-0.93604,-0.06958,-0.35522,1.00359,0.125,-0.75,0.5,0.8114,-0.19,0.53,0.1561
1782310181702,91928,-0.90894,-0.07568,-0.34131,0.97385,0.438,-0.75,0.375,0.8132,-0.1907,0.5272,0.1551
1782310181786,92012,-0.90894,-0.07568,-0.34131,0.97385,0.438,-0.75,0.375,0.8132,-0.1907,0.5272,0.1551
1782310181794,92020,-0.93213,-0.07056,-0.35278,0.99915,0.125,-0.75,0.688,0.8178,-0.1924,0.5203,0.1524
1782310181795,92021,-0.93481,-0.07202,-0.35571,1.00279,0.125,-0.75,0.5,0.818,-0.1925,0.5199,0.1523
1782310181820,92046,-0.93408,-0.07129,-0.35767,1.00275,0.188,-0.875,0.625,0.8197,-0.1931,0.5174,0.1513
1782310181821,92047,-0.93481,-0.0686,-0.35669,1.0029,0.0,-0.688,0.562,0.82,-0.1932,0.5169,0.1511
1782310181821,92047,-0.93628,-0.06714,-0.35327,1.00296,0.125,-0.938,0.625,0.8201,-0.1934,0.5166,0.151
1782310181822,92048,-0.9375,-0.06763,-0.35645,1.00525,0.062,-0.875,0.562,0.8219,-0.194,0.5138,0.15
1782310181939,92165,-0.93433,-0.07129,-0.35498,1.00203,0.062,-0.625,0.688,0.8221,-0.1941,0.5136,0.1499
1782310181945,92171,-0.9375,-0.06958,-0.3562,1.0053,0.062,-0.75,0.562,0.8223,-0.1942,0.5133,0.1497
1782310181950,92176,-0.9375,-0.06958,-0.3562,1.0053,0.062,-0.75,0.562,0.8223,-0.1942,0.5133,0.1497
1782310181955,92181,-0.93384,-0.06812,-0.35596,1.0017,0.062,-0.75,0.5,0.8242,-0.1949,0.5103,0.1486
1782310181964,92190,-0.93481,-0.0708,-0.35669,1.00305,0.062,-0.812,0.625,0.8243,-0.195,0.51,0.1485
1782310181965,92191,-0.93604,-0.06812,-0.3562,1.00384,0.0,-0.75,0.562,0.826,-0.1956,0.5073,0.1475
1782310182022,92248,-0.93506,-0.07129,-0.35791,1.00375,0.125,-0.75,0.5,0.8262,-0.1957,0.5071,0.1473
1782310182025,92251,-0.93384,-0.06958,-0.35498,1.00145,0.062,-0.812,0.625,0.8264,-0.1958,0.5068,0.1472
1782310182026,92252,-0.93188,-0.06934,-0.35718,1.00039,0.25,-0.75,0.125,0.8291,-0.1966,0.5024,0.1457
1782310182169,92395,-0.93481,-0.0708,-0.35645,1.00297,0.125,-0.75,0.125,0.8293,-0.1967,0.5021,0.1456
1782310182170,92396,-0.93506,-0.07153,-0.35571,1.00299,0.188,-0.562,0.125,0.8301,-0.1969,0.5007,0.1452
1782310182170,92396,-0.93506,-0.07153,-0.35571,1.00299,0.188,-0.562,0.125,0.8301,-0.1969,0.5007,0.1452
1782310182170,92396,-0.9353,-0.06909,-0.35718,1.00356,0.125,-0.75,0.188,0.8339,-0.1979,0.4946,0.1431
1782310182171,92397,-0.93945,-0.06958,-0.35571,1.00694,0.125,-0.625,0.188,0.8341,-0.198,0.4943,0.143
1782310182171,92397,-0.93945,-0.06958,-0.35571,1.00694,0.125,-0.625,0.188,0.8341,-0.198,0.4943,0.143
1782310182182,92408,-0.93311,-0.06934,-0.35474,1.00067,0.125,-0.625,0.312,0.837,-0.1989,0.4896,0.1413
1782310182182,92408,-0.9353,-0.06934,-0.35742,1.00366,0.312,-0.812,0.375,0.8372,-0.1989,0.4893,0.1412
1782310182183,92409,-0.93213,-0.06982,-0.35596,1.00022,0.188,-0.688,0.062,0.8399,-0.1997,0.4848,0.1397
1782310182250,92476,-0.93726,-0.06885,-0.3584,1.00581,0.125,-0.688,0.25,0.84,-0.1997,0.4844,0.1395
1782310182267,92493,-0.93677,-0.07007,-0.35718,1.005,0.125,-0.75,0.188,0.8402,-0.1998,0.4841,0.1394
1782310182268,92494,-0.93506,-0.06934,-0.35645,1.0031,0.188,-0.625,0.0,0.8461,-0.2014,0.4741,0.1361
1782310182299,92525,-0.93359,-0.07104,-0.35718,1.00211,0.375,-0.562,-0.062,0.8466,-0.2015,0.4732,0.1358
1782310182472,92698,-0.93677,-0.06885,-0.35303,1.00345,0.188,-0.812,0.0,0.8468,-0.2015,0.4728,0.1357
1782310182517,92743,-0.93726,-0.07056,-0.35498,1.00471,0.25,-0.625,0.0,0.8519,-0.2029,0.4638,0.1327
1782310182532,92758,-0.93555,-0.06812,-0.35596,1.0033,0.188,-0.562,0.125,0.8528,-0.2031,0.4624,0.1322
1782310182535,92761,-0.93286,-0.07153,-0.35767,1.00163,0.188,-0.75,0.0,0.853,-0.2031,0.462,0.1321
1782310182546,92772,-0.93286,-0.07153,-0.35767,1.00163,0.188,-0.75,0.0,0.853,-0.2031,0.462,0.1321
1782310182547,92773,-0.93701,-0.07007,-0.35547,1.00462,0.188,-0.812,-0.062,0.8583,-0.2045,0.4523,0.1289
1782310182554,92780,-0.93506,-0.07104,-0.35889,1.00408,0.188,-0.625,0.0,0.8596,-0.2049,0.45,0.1282
1782310182578,92804,-0.93433,-0.07129,-0.35962,1.00368,0.0,-0.812,0.125,0.8648,-0.2063,0.44,0.1249
1782310182587,92813,-0.93115,-0.07227,-0.35547,0.99931,0.062,-0.688,0.062,0.865,-0.2064,0.4397,0.1248
1782310182588,92814,-0.92944,-0.07129,-0.35547,0.99765,0.188,-0.562,0.0,0.8655,-0.2065,0.4387,0.1245
1782310182589,92815,-0.93506,-0.06787,-0.35645,1.003,0.25,-0.688,-0.062,0.8718,-0.2081,0.4265,0.1204
1782310182592,92818,-0.93433,-0.07056,-0.35474,1.00189,0.375,-0.5,-0.312,0.8723,-0.2083,0.4255,0.1201
1782310182622,92848,-0.93408,-0.07056,-0.35864,1.00305,0.25,-0.625,-0.125,0.8724,-0.2083,0.4251,0.12
1782310182661,92887,-0.93408,-0.07056,-0.35864,1.00305,0.25,-0.625,-0.125,0.8724,-0.2083,0.4251,0.12
1782310182668,92894,-0.93481,-0.06885,-0.35596,1.00266,0.062,-0.562,0.0,0.8787,-0.2099,0.4125,0.1159
1782310182669,92895,-0.93359,-0.07153,-0.35645,1.00188,0.188,-0.625,0.062,0.8792,-0.21,0.4115,0.1156
1782310182669,92895,-0.93677,-0.06885,-0.35693,1.00483,0.188,-0.688,-0.125,0.8856,-0.2117,0.3979,0.1112
1782310182760,92986,-0.92993,-0.07056,-0.35449,0.9977,0.188,-0.5,-0.125,0.8864,-0.212,0.3962,0.1106
1782310182787,93013,-0.93555,-0.0708,-0.35669,1.00374,0.188,-0.75,0.0,0.8868,-0.2121,0.3952,0.1102
1782310182789,93015,-0.93555,-0.0708,-0.35669,1.00374,0.188,-0.75,0.0,0.8868,-0.2121,0.3952,0.1102
1782310182790,93016,-0.93164,-0.07007,-0.35547,0.99961,0.188,-0.75,-0.125,0.8937,-0.2139,0.3798,0.1052
1782310182972,93198,-0.93481,-0.06787,-0.3562,1.00267,0.188,-0.562,0.0,0.8944,-0.2141,0.3781,0.1047
1782310182983,93209,-0.93579,-0.07007,-0.35791,1.00435,0.188,-0.438,-0.188,0.9011,-0.2159,0.3623,0.0996
1782310182984,93210,-0.68457,-0.03271,0.04175,0.68662,-61.438,-29.438,14.875,0.9048,-0.2191,0.3507,0.1006
1782310182984,93210,-1.14453,0.06177,-0.39087,1.21101,-67.312,-32.25,16.375,0.9052,-0.221,0.3478,0.1025
1782310183043,93269,-3.10718,0.80664,-2.74536,4.22401,-64.375,8.438,50.0,0.9062,-0.2239,0.3427,0.1051
1782310183044,93270,-0.78296,-0.48486,-0.19092,0.94051,-69.188,13.0,-40.875,0.9035,-0.2349,0.34,0.113
1782310183044,93270,-1.04663,0.13281,0.01465,1.05512,153.688,-74.688,-5.438,0.8765,-0.3605,0.314,0.0539
1782310183088,93314,-1.13086,0.06226,-0.23999,1.15772,188.062,-49.25,-72.812,0.8832,-0.3462,0.315,0.026
1782310183155,93381,-0.91016,-0.01685,-0.19971,0.93197,182.375,-47.438,-70.125,0.8851,-0.3411,0.3156,0.0193
1782310183162,93388,-1.08252,0.20068,-0.24365,1.1276,13.062,-47.812,-33.125,-0.8939,0.3226,-0.3109,0.0021
1782310183312,93538,-0.94507,0.24487,-0.19238,0.99505,7.5,-59.875,-39.312,-0.8953,0.321,-0.3086,0.0027
1782310183314,93540,-0.95776,0.40991,-0.33179,1.09335,1.625,-73.375,-42.188,-0.8969,0.3194,-0.3055,0.0031
1782310183315,93541,-1.30054,0.21289,-0.07983,1.32026,-27.5,-454.125,-14.562,-0.9305,0.3107,-0.1912,0.0304
1782310183315,93541,-1.15405,0.03613,0.12451,1.16131,-21.688,-431.812,-16.625,-0.934,0.3101,-0.1732,0.0354
1782310183384,93610,-1.44946,0.00903,0.06372,1.45089,-23.188,-429.938,4.25,-0.9371,0.3096,-0.1552,0.0404
1782310183385,93611,-0.84497,-0.13403,0.67163,1.08767,72.125,-361.75,-149.75,-0.9561,0.2733,0.0,0.1045
1782310183385,93611,-0.83643,0.177,0.89087,1.23474,-35.062,-445.75,15.188,-0.9475,0.215,0.1806,0.152
1782310183419,93645,-0.85498,0.09448,0.90552,1.24895,-23.125,-457.0,18.75,-0.9437,0.2125,0.1997,0.1552
1782310183420,93646,-0.78784,0.03296,0.86938,1.17371,-13.25,-460.438,15.25,-0.9395,0.21,0.2187,0.1588
1782310183428,93654,-0.43164,-0.08447,0.43091,0.61574,17.5,-357.375,-101.188,-0.884,0.166,0.3837,0.2086
1782310183435,93661,-0.45825,-0.08911,0.36035,0.58973,14.812,-344.812,-110.562,-0.8787,0.159,0.3959,0.2136
1782310183436,93662,-0.49707,-0.17261,0.34644,0.62999,0.75,-290.562,-113.688,-0.8663,0.1411,0.4228,0.2247
1782310183436,93662,-0.49707,-0.17261,0.34644,0.62999,0.75,-290.562,-113.688,-0.8663,0.1411,0.4228,0.2247
1782310183481,93707,-0.4668,0.00269,0.31421,0.56271,-46.938,9.25,-77.812,-0.8484,0.0946,0.4657,0.2326
1782310183482,93708,-0.39136,-0.00659,0.33936,0.51805,-38.938,41.375,-87.0,-0.8497,0.091,0.464,0.2327
1782310183485,93711,1.82886,1.98047,-4.8252,5.52716,-125.312,216.0,111.188,-0.884,0.058,0.4011,0.2326
1782310183635,93861,-0.28394,3.48535,1.99292,4.02492,155.125,-210.062,47.0,-0.8709,0.0523,0.4196,0.2501
1782310183657,93883,-1.79858,0.37671,0.41138,1.88309,-19.688,-26.562,50.375,-0.8721,0.0537,0.4155,0.2523
1782310183676,93902,-0.37476,-0.15527,0.91187,0.99803,8.0,-0.312,-29.312,-0.8704,0.0479,0.415,0.2601
1782310183689,93915,-0.31055,-0.26904,0.91431,1.00239,-0.75,-3.688,-8.875,-0.8701,0.0472,0.4152,0.2608
1782310183691,93917,-0.31006,-0.08936,0.94824,1.00164,-1.938,-3.25,-0.812,-0.8698,0.0472,0.4159,0.2608
1782310183691,93917,-0.2959,-0.0957,0.94165,0.99168,-0.625,-1.938,-1.375,-0.8677,0.0458,0.4198,0.2619
1782310183692,93918,-0.26733,-0.21265,0.7854,0.85647,-17.0,-23.188,-127.312,-0.8546,-0.034,0.3871,0.344
1782310183744,93970,-0.22021,-0.3623,1.13477,1.21139,1.75,3.375,-77.75,-0.854,-0.0385,0.3853,0.347
1782310183747,93973,-0.31152,-0.18896,0.64307,0.73911,36.312,2.812,-53.812,-0.8538,-0.0402,0.3843,0.3485
1782310183756,93982,-0.31299,-0.0708,0.96582,1.01773,0.562,-4.062,0.188,-0.8506,-0.0411,0.3852,0.3552
1782310183801,94027,-0.31201,-0.07178,0.94336,0.99621,-0.938,-0.375,-1.062,-0.8502,-0.0411,0.3858,0.3555
1782310183813,94039,-0.3186,-0.08838,0.95044,1.00631,-2.312,-0.062,-1.5,-0.8499,-0.0411,0.3861,0.3557
1782310183814,94040,-0.31689,-0.08154,0.94702,1.00196,1.5,0.062,0.438,-0.8475,-0.0408,0.3895,0.3579
1782310183884,94110,-0.31226,-0.07788,0.94434,0.99767,-0.125,-0.938,-0.312,-0.8469,-0.0408,0.3904,0.3583
1782310183902,94128,-0.31104,-0.08081,0.94507,0.99822,-0.5,-0.812,-0.625,-0.8467,-0.0407,0.3907,0.3586
1782310183927,94153,-0.31177,-0.08521,0.94385,0.99765,0.438,-0.438,0.0,-0.8427,-0.04,0.3961,0.362
1782310183928,94154,-0.31226,-0.08301,0.9458,0.99947,0.188,-0.75,-0.188,-0.8425,-0.04,0.3964,0.3623
1782310183943,94169,-0.30981,-0.08325,0.94385,0.99688,-0.062,-0.875,-0.188,-0.8422,-0.04,0.3967,0.3624
1782310183948,94174,-0.31323,-0.08521,0.94312,0.99742,0.125,-0.5,-0.125,-0.8339,-0.0384,0.4078,0.3696
1782310184000,94226,-0.31152,-0.08276,0.94116,0.99482,0.125,-0.688,-0.375,-0.8331,-0.0383,0.4088,0.3702
1782310184428,94654,-0.3103,-0.07983,0.94238,0.99536,0.062,-0.75,-0.25,-0.8329,-0.0382,0.4091,0.3704
1782310184434,94660,-0.31104,-0.08569,0.94507,0.99862,0.188,-0.625,-0.188,-0.8256,-0.0369,0.4183,0.3764
1782310184436,94662,-0.30713,-0.08301,0.94214,0.99441,0.125,-0.562,-0.125,-0.8245,-0.0366,0.4199,0.3773
1782310184436,94662,-0.30981,-0.08276,0.94434,0.9973,0.188,-0.75,-0.25,-0.8237,-0.0365,0.4208,0.3779
1782310184437,94663,-0.31299,-0.08521,0.9436,0.9978,0.188,-0.375,-0.125,-0.8154,-0.0349,0.431,0.3845
1782310184437,94663,-0.31152,-0.08423,0.94702,1.00049,0.25,-0.5,-0.125,-0.8046,-0.033,0.4439,0.3927
1782310184437,94663,-0.31006,-0.08423,0.9436,0.9968,0.438,-0.562,-0.188,-0.8032,-0.0327,0.4454,0.3937
1782310184438,94664,-0.31274,-0.0835,0.94336,0.99735,0.188,-0.625,-0.188,-0.8023,-0.0325,0.4465,0.3944
1782310184534,94760,-0.31445,-0.08398,0.94336,0.99793,0.5,-0.625,0.0,-0.793,-0.0308,0.4571,0.4012
1782310184538,94764,-0.31348,-0.08667,0.94287,0.99739,0.188,-0.375,-0.062,-0.7924,-0.0307,0.4578,0.4016
1782310184540,94766,-0.30713,-0.08228,0.94678,0.99874,0.188,-0.688,-0.062,-0.7916,-0.0306,0.4588,0.4022
1782310184602,94828,-0.30908,-0.08472,0.94702,0.99978,0.125,-0.562,0.0,-0.7672,-0.0263,0.4848,0.4187
1782310184619,94845,-0.3103,-0.08374,0.94116,0.99453,0.125,-0.562,-0.25,-0.765,-0.0259,0.4871,0.4201
1782310184637,94863,-0.31152,-0.0835,0.94287,0.9965,0.188,-0.438,-0.188,-0.7637,-0.0256,0.4885,0.421
1782310184645,94871,-0.31226,-0.08276,0.94287,0.99667,0.188,-0.375,-0.438,-0.7535,-0.0239,0.4986,0.4274
1782310184650,94876,-0.3147,-0.08594,0.94092,0.99587,0.188,-0.5,-0.188,-0.7521,-0.0237,0.5,0.4282
1782310184650,94876,-0.31274,-0.08496,0.94336,0.99747,0.062,-0.625,-0.188,-0.7507,-0.0234,0.5014,0.4291
1782310184650,94876,-0.31543,-0.07983,0.94409,0.99859,0.375,-0.562,-0.25,-0.7412,-0.0218,0.5106,0.4349
1782310184650,94876,-0.31177,-0.08398,0.94434,0.99801,0.188,-0.562,-0.188,-0.726,-0.0193,0.5249,0.4437
1782310184650,94876,-0.31177,-0.08398,0.94434,0.99801,0.188,-0.562,-0.188,-0.726,-0.0193,0.5249,0.4437
1782310184651,94877,-0.31299,-0.08374,0.94458,0.9986,0.312,-0.5,-0.188,-0.7238,-0.0189,0.5269,0.4449
1782310184651,94877,-0.31299,-0.08643,0.94409,0.99837,0.188,-0.562,-0.062,-0.7122,-0.017,0.5371,0.4512
1782310184651,94877,-0.31299,-0.08398,0.94458,0.99862,0.188,-0.438,-0.188,-0.7108,-0.0168,0.5384,0.452
1782310184651,94877,-0.31323,-0.08521,0.94385,0.99811,0.062,-0.562,-0.188,-0.7084,-0.0164,0.5405,0.4533
1782310184654,94880,-0.31079,-0.08374,0.94678,1.0,0.0,-0.625,-0.25,-0.6979,-0.0147,0.5494,0.4588
1782310184667,94893,-0.31421,-0.08545,0.94238,0.99705,0.188,-0.5,-0.188,-0.6965,-0.0145,0.5507,0.4595
1782310184670,94896,-0.31348,-0.08154,0.94263,0.99673,0.188,-0.562,0.0,-0.6837,-0.0125,0.5612,0.466
1782310185002,95228,-0.3103,-0.08398,0.9436,0.99685,0.188,-0.562,-0.125,-0.6822,-0.0122,0.5624,0.4667
1782310185002,95228,-0.31079,-0.08374,0.94434,0.99769,0.25,-0.625,-0.188,-0.6813,-0.0121,0.5632,0.4671
1782310185002,95228,-0.31177,-0.08228,0.9436,0.99717,0.125,-0.562,-0.25,-0.6702,-0.0104,0.572,0.4725
1782310185002,95228,-0.31372,-0.08618,0.94458,0.99904,0.188,-0.5,-0.125,-0.6687,-0.0101,0.5731,0.4732
1782310185004,95230,-0.31177,-0.08472,0.94409,0.99784,0.188,-0.5,0.0,-0.6564,-0.0083,0.5826,0.4788
1782310185010,95236,-0.31152,-0.08228,0.94238,0.99594,0.188,-0.5,-0.188,-0.6542,-0.0079,0.5842,0.4799
1782310185016,95242,-0.31201,-0.08203,0.94385,0.99746,0.188,-0.75,-0.312,-0.6533,-0.0078,0.5849,0.4802
1782310185017,95243,-0.31323,-0.08081,0.94604,0.99982,0.188,-0.5,0.0,-0.642,-0.006,0.5933,0.4852
1782310185018,95244,-0.31128,-0.0835,0.94458,0.99805,0.062,-0.562,-0.25,-0.6406,-0.0057,0.5944,0.4858
1782310185019,95245,-0.31421,-0.08179,0.94531,0.99951,0.312,-0.5,-0.062,-0.6383,-0.0054,0.596,0.4868
1782310185019,95245,-0.3125,-0.08472,0.94653,1.00038,0.188,-0.562,-0.062,-0.6275,-0.0039,0.6038,0.4915
1782310185019,95245,-0.3125,-0.08472,0.94653,1.00038,0.188,-0.562,-0.062,-0.6275,-0.0039,0.6038,0.4915
1782310185020,95246,-0.30884,-0.08325,0.94409,0.9968,0.25,-0.625,0.0,-0.6264,-0.0037,0.6045,0.4919
1782310185020,95246,-0.31421,-0.08374,0.9458,1.00014,0.062,-0.438,-0.25,-0.6151,-0.002,0.6123,0.4965
1782310185020,95246,-0.31445,-0.08105,0.94604,1.00022,0.062,-0.375,-0.188,-0.6137,-0.0018,0.6132,0.4971
1782310185063,95289,-0.30884,-0.0813,0.9436,0.99618,0.125,-0.562,-0.188,-0.6127,-0.0017,0.6138,0.4974
1782310185064,95290,-0.31323,-0.08716,0.94336,0.99782,0.188,-0.5,-0.188,-0.6022,-0.0001,0.6209,0.5015
1782310185066,95292,-0.31323,-0.08716,0.94336,0.99782,0.188,-0.5,-0.188,-0.6022,-0.0001,0.6209,0.5015
1782310185067,95293,-0.31519,-0.08252,0.94312,0.99781,0.125,-0.5,-0.062,-0.6007,0.0,0.6219,0.5021
1782310185125,95351,-0.31055,-0.08301,0.9458,0.99893,0.188,-0.5,-0.188,-0.5864,0.002,0.6311,0.5075
1782310185127,95353,-0.31201,-0.08691,0.94458,0.99857,0.188,-0.625,-0.188,-0.5856,0.0021,0.6316,0.5078
1782310185128,95354,-0.31201,-0.08643,0.94556,0.99945,0.188,-0.5,-0.188,-0.5747,0.0036,0.6384,0.5117
1782310185308,95534,-0.31201,-0.08643,0.94556,0.99945,0.188,-0.5,-0.188,-0.5747,0.0036,0.6384,0.5117
1782310185330,95556,-0.31201,-0.08276,0.94434,0.99799,0.188,-0.438,-0.375,-0.5726,0.0039,0.6397,0.5125
1782310185330,95556,-0.31152,-0.08398,0.94482,0.99839,0.188,-0.5,-0.062,-0.5587,0.0059,0.6481,0.5173
1782310185332,95558,-0.31152,-0.08398,0.94482,0.99839,0.188,-0.5,-0.062,-0.5587,0.0059,0.6481,0.5173
1782310185332,95558,-0.31226,-0.08716,0.94653,1.00051,0.25,-0.438,-0.125,-0.5573,0.0061,0.6489,0.5177
1782310185334,95560,-0.3125,-0.08496,0.94336,0.9974,0.312,-0.5,-0.125,-0.5449,0.0078,0.6561,0.5219
1782310185334,95560,-0.31006,-0.08374,0.94458,0.99769,0.125,-0.5,-0.25,-0.5322,0.0095,0.6632,0.5259
1782310185378,95604,-0.31006,-0.08374,0.94458,0.99769,0.125,-0.5,-0.25,-0.5322,0.0095,0.6632,0.5259
1782310185420,95646,-0.31104,-0.08496,0.9458,0.99925,0.312,-0.625,-0.25,-0.5316,0.0095,0.6635,0.5261
1782310185421,95647,-0.30908,-0.0874,0.94287,0.99608,0.188,-0.5,-0.125,-0.5211,0.011,0.6693,0.5292
1782310185429,95655,-0.31079,-0.08594,0.94653,0.99995,0.25,-0.438,-0.125,-0.5198,0.0112,0.6699,0.5297
1782310185481,95707,-0.30811,-0.08569,0.94287,0.99563,0.188,-0.5,-0.188,-0.5185,0.0114,0.6707,0.5301
1782310185483,95709,-0.31152,-0.08838,0.94336,0.99739,0.312,-0.625,-0.125,-0.509,0.0126,0.6757,0.5328
1782310185483,95709,-0.3125,-0.08594,0.94434,0.99841,0.188,-0.625,-0.25,-0.4995,0.0138,0.6806,0.5356
1782310185551,95777,-0.3125,-0.08594,0.94434,0.99841,0.188,-0.625,-0.25,-0.4995,0.0138,0.6806,0.5356
1782310185554,95780,-0.30957,-0.08423,0.94409,0.99711,0.188,-0.625,-0.062,-0.4981,0.014,0.6813,0.536
1782310185554,95780,-0.31372,-0.08716,0.9458,1.00028,0.188,-0.5,-0.25,-0.4892,0.0151,0.6857,0.5385
1782310185605,95831,-0.31372,-0.08716,0.9458,1.00028,0.188,-0.5,-0.25,-0.4892,0.0151,0.6857,0.5385
1782310185613,95839,-0.31348,-0.08643,0.94434,0.99876,0.188,-0.562,-0.188,-0.4877,0.0153,0.6865,0.5389
1782310185615,95841,-0.31348,-0.08667,0.94604,1.00039,0.562,-0.5,-0.25,-0.4775,0.0167,0.6914,0.5416
1782310185668,95894,-0.31201,-0.08398,0.9436,0.99739,0.188,-0.375,-0.438,-0.4763,0.0169,0.692,0.5419
1782310185669,95895,-0.30957,-0.0835,0.94409,0.99705,0.312,-0.375,-0.188,-0.4755,0.017,0.6924,0.5421
1782310185733,95959,-0.31396,-0.08179,0.94312,0.99736,0.188,-0.5,-0.375,-0.4673,0.018,0.6962,0.5443
1782310185742,95968,-0.31201,-0.08545,0.94775,1.00144,0.25,-0.562,-0.312,-0.4655,0.0183,0.6971,0.5447
1782310185743,95969,-0.30957,-0.08472,0.94385,0.99693,0.25,-0.375,-0.062,-0.4643,0.0184,0.6976,0.5451
1782310185743,95969,-0.30981,-0.08643,0.94482,0.99807,0.188,-0.438,-0.25,-0.4545,0.0197,0.7022,0.5474
1782310185788,96014,-0.31348,-0.08569,0.94531,0.99961,0.125,-0.5,-0.188,-0.4534,0.0199,0.7026,0.5477
1782310185789,96015,-0.31299,-0.08252,0.94653,1.00035,0.25,-0.5,-0.125,-0.4522,0.0201,0.7032,0.548
1782310185791,96017,-0.30981,-0.08643,0.94727,1.00039,0.188,-0.5,-0.125,-0.4414,0.0215,0.708,0.5506
1782310185845,96071,-0.31152,-0.08716,0.94604,0.99982,0.188,-0.688,-0.25,-0.4401,0.0217,0.7086,0.5509
1782310185846,96072,-0.31079,-0.08496,0.94312,0.99664,0.062,-0.438,-0.25,-0.439,0.0218,0.7091,0.5512
1782310185846,96072,-0.30933,-0.0835,0.94556,0.99837,0.188,-0.562,-0.375,-0.4301,0.023,0.7129,0.5532
1782310185899,96125,-0.31201,-0.08276,0.9458,0.99937,0.188,-0.438,-0.188,-0.429,0.0231,0.7133,0.5534
1782310185900,96126,-0.31128,-0.08374,0.94556,0.999,0.188,-0.312,-0.125,-0.4279,0.0233,0.7138,0.5537
1782310185901,96127,-0.31177,-0.08618,0.94946,1.00305,0.188,-0.562,-0.188,-0.4185,0.0245,0.7177,0.5557
1782310185959,96185,-0.31055,-0.08301,0.9436,0.99685,0.312,-0.375,-0.375,-0.4168,0.0247,0.7185,0.5561
1782310185962,96188,-0.31079,-0.08423,0.94678,1.00004,0.188,-0.438,-0.188,-0.4157,0.0248,0.7189,0.5563
1782310185962,96188,-0.31079,-0.08521,0.94434,0.99781,0.188,-0.5,-0.25,-0.4063,0.0261,0.7227,0.5583
1782310186019,96245,-0.31079,-0.08252,0.94678,0.9999,0.188,-0.5,-0.375,-0.4056,0.0261,0.723,0.5584
1782310186020,96246,-0.31421,-0.08813,0.94775,1.00236,0.25,-0.375,-0.188,-0.4046,0.0263,0.7233,0.5586
1782310186021,96247,-0.31445,-0.08496,0.9436,0.99824,0.25,-0.562,-0.438,-0.397,0.0272,0.7263,0.5602
1782310186079,96305,-0.31445,-0.08643,0.94653,1.00113,0.188,-0.312,-0.188,-0.3959,0.0274,0.7268,0.5604
1782310186081,96307,-0.30981,-0.08472,0.94238,0.99561,0.312,-0.625,-0.188,-0.3953,0.0275,0.727,0.5606
1782310186081,96307,-0.31006,-0.08325,0.94458,0.99765,0.188,-0.438,-0.25,-0.3872,0.0285,0.7301,0.5621
1782310186204,96430,-0.30933,-0.08545,0.94336,0.99645,0.25,-0.562,-0.375,-0.3864,0.0286,0.7304,0.5623
1782310186206,96432,-0.31226,-0.08203,0.94629,0.99985,0.188,-0.312,-0.188,-0.3855,0.0287,0.7307,0.5624
1782310186319,96545,-0.31104,-0.08618,0.94531,0.99889,0.25,-0.562,-0.25,-0.3759,0.0299,0.7343,0.5643
1782310186320,96546,-0.31104,-0.08618,0.94531,0.99889,0.25,-0.562,-0.25,-0.3759,0.0299,0.7343,0.5643
1782310186320,96546,-0.31348,-0.08374,0.94604,1.00014,0.312,-0.5,-0.188,-0.3749,0.03,0.7346,0.5645
1782310186324,96550,-0.31201,-0.08374,0.94604,0.99968,0.188,-0.438,-0.188,-0.3666,0.0311,0.7376,0.5659
1782310186379,96605,-0.31372,-0.08594,0.94556,0.99994,0.188,-0.312,-0.188,-0.3571,0.0323,0.7409,0.5676
1782310186380,96606,-0.31421,-0.08569,0.94434,0.99892,0.188,-0.5,-0.125,-0.3558,0.0325,0.7413,0.5678
1782310186380,96606,-0.31421,-0.08569,0.94434,0.99892,0.188,-0.5,-0.125,-0.3558,0.0325,0.7413,0.5678
1782310186442,96668,-0.31299,-0.0835,0.94824,1.00204,0.188,-0.562,-0.188,-0.3388,0.0346,0.7471,0.5706
1782310186443,96669,-0.3125,-0.08325,0.9458,0.99956,0.188,-0.312,-0.438,-0.3368,0.0349,0.7478,0.5709
1782310186443,96669,-0.3125,-0.08325,0.9458,0.99956,0.188,-0.312,-0.438,-0.3368,0.0349,0.7478,0.5709
1782310186504,96730,-0.3125,-0.08398,0.94287,0.99685,0.125,-0.375,-0.25,-0.3306,0.0357,0.7497,0.5719
1782310186504,96730,-0.30835,-0.08569,0.94604,0.99871,0.188,-0.25,-0.312,-0.3292,0.0358,0.7501,0.5722
1782310186507,96733,-0.31299,-0.08569,0.94385,0.99808,0.188,-0.312,-0.438,-0.3225,0.0367,0.7522,0.5732
1782310186559,96785,-0.32007,-0.08789,0.97095,1.02612,0.688,-0.312,-0.188,-0.3218,0.0368,0.7524,0.5733
1782310186560,96786,-0.31079,-0.0835,0.93921,0.99281,-0.125,-0.5,-0.25,-0.3212,0.0368,0.7526,0.5734
1782310186561,96787,-0.31177,-0.08472,0.94482,0.99853,0.312,-0.375,-0.312,-0.3156,0.0375,0.7543,0.5742
1782310186685,96911,-0.31274,-0.08154,0.94336,0.99719,0.188,-0.5,-0.125,-0.3149,0.0376,0.7545,0.5743
1782310186686,96912,-0.31348,-0.08423,0.94312,0.99742,0.188,-0.312,-0.562,-0.3142,0.0377,0.7548,0.5744
1782310186687,96913,-0.31348,-0.08203,0.9436,0.99769,0.188,-0.5,-0.312,-0.307,0.0386,0.7569,0.5754
1782310186687,96913,-0.31201,-0.08691,0.94727,1.00111,0.188,-0.375,-0.312,-0.3063,0.0387,0.7571,0.5755
1782310186829,97055,-0.31567,-0.08496,0.94507,1.00001,0.188,-0.438,-0.312,-0.3056,0.0388,0.7573,0.5756
1782310186831,97057,-0.31348,-0.08472,0.94409,0.99838,0.188,-0.5,-0.375,-0.3001,0.0395,0.7589,0.5764
1782310186832,97058,-0.31348,-0.08472,0.94409,0.99838,0.188,-0.5,-0.375,-0.3001,0.0395,0.7589,0.5764
1782310186833,97059,-0.31079,-0.08667,0.94824,1.00163,0.188,-0.375,-0.188,-0.2928,0.0404,0.7609,0.5773
1782310186919,97145,-0.3125,-0.08252,0.94434,0.99812,0.188,-0.375,-0.438,-0.2922,0.0404,0.7611,0.5775
1782310186919,97145,-0.31421,-0.08398,0.94409,0.99854,0.188,-0.438,-0.5,-0.2872,0.0411,0.7625,0.5781
1782310186921,97147,-0.3147,-0.08325,0.94653,1.00094,0.25,-0.562,-0.312,-0.2808,0.0418,0.7642,0.5789
1782310186922,97148,-0.31226,-0.08228,0.94507,0.99872,0.25,-0.312,-0.375,-0.2803,0.0419,0.7643,0.579
1782310186979,97205,-0.31372,-0.08374,0.948,1.00207,0.188,-0.375,-0.5,-0.2797,0.042,0.7645,0.5791
1782310186980,97206,-0.30981,-0.08521,0.94751,1.00051,0.125,-0.438,-0.312,-0.2753,0.0426,0.7656,0.5796
1782310186980,97206,-0.3103,-0.08374,0.94312,0.99638,0.188,-0.312,-0.312,-0.2686,0.0434,0.7673,0.5804
1782310187041,97267,-0.31494,-0.08569,0.94507,0.99984,0.188,-0.375,-0.312,-0.2675,0.0435,0.7676,0.5805
1782310187041,97267,-0.31128,-0.08472,0.94775,1.00115,0.25,-0.438,-0.188,-0.2667,0.0436,0.7678,0.5806
1782310187042,97268,-0.30933,-0.08496,0.94678,0.99965,0.125,-0.438,-0.438,-0.2627,0.0441,0.7688,0.5811
1782310187099,97325,-0.31299,-0.08618,0.94458,0.99881,0.312,-0.5,-0.062,-0.2624,0.0442,0.7689,0.5811
1782310187100,97326,-0.3103,-0.08252,0.94385,0.99697,0.188,-0.5,-0.5,-0.2621,0.0442,0.769,0.5812
1782310187101,97327,-0.31226,-0.08081,0.94385,0.99744,0.188,-0.375,-0.438,-0.2576,0.0447,0.77,0.5817
1782310187159,97385,-0.31299,-0.08374,0.94556,0.99953,0.188,-0.375,-0.375,-0.257,0.0449,0.7702,0.5818
1782310187160,97386,-0.31616,-0.08569,0.94531,1.00046,0.188,-0.375,-0.375,-0.2565,0.0449,0.7703,0.5819
1782310187161,97387,-0.31152,-0.08472,0.94751,1.001,0.0,-0.375,-0.25,-0.2524,0.0454,0.7713,0.5823
1782310187219,97445,-0.31299,-0.08716,0.94434,0.99867,0.188,-0.312,-0.312,-0.252,0.0454,0.7714,0.5823
1782310187220,97446,-0.31079,-0.08276,0.94409,0.99737,0.188,-0.25,-0.25,-0.2515,0.0455,0.7715,0.5823
1782310187220,97446,-0.31079,-0.08276,0.9458,0.99899,0.438,-0.375,-0.125,-0.2474,0.046,0.7725,0.5828
1782310187281,97507,-0.31641,-0.08691,0.94409,0.99949,0.062,-0.562,-0.375,-0.2471,0.046,0.7725,0.5829
1782310187281,97507,-0.31421,-0.08447,0.94507,0.99951,0.188,-0.438,-0.25,-0.2464,0.0462,0.7727,0.583
1782310187282,97508,-0.31274,-0.08789,0.94629,1.0005,0.188,-0.438,-0.312,-0.2426,0.0466,0.7736,0.5833
1782310187341,97567,-0.31274,-0.08447,0.94092,0.99512,0.188,-0.5,-0.312,-0.242,0.0466,0.7737,0.5834
1782310187342,97568,-0.30884,-0.08472,0.94458,0.99739,0.25,-0.438,-0.312,-0.2416,0.0467,0.7738,0.5834
1782310187345,97571,-0.30957,-0.08667,0.94531,0.99848,0.188,-0.438,-0.188,-0.2381,0.0471,0.7746,0.5838
1782310187404,97630,-0.31177,-0.08496,0.94214,0.99602,0.188,-0.5,-0.312,-0.2379,0.0471,0.7746,0.5839
1782310187408,97634,-0.31226,-0.08447,0.9436,0.99751,0.188,-0.562,-0.562,-0.2377,0.0471,0.7747,0.5839
1782310187409,97635,-0.31226,-0.0835,0.94702,1.00066,0.25,-0.375,-0.375,-0.2341,0.0476,0.7755,0.5842
1782310187467,97693,-0.31152,-0.08203,0.94458,0.998,0.25,-0.438,-0.25,-0.2337,0.0477,0.7755,0.5843
1782310187519,97745,-0.31274,-0.08545,0.9436,0.99774,0.125,-0.312,-0.188,-0.2333,0.0477,0.7756,0.5844
1782310187522,97748,-0.31055,-0.08203,0.9397,0.99308,0.188,-0.375,-0.125,-0.23,0.0482,0.7763,0.5847
1782310187523,97749,-0.30518,-0.08325,0.92456,0.97718,-0.188,-0.5,-0.312,-0.2296,0.0482,0.7764,0.5847
1782310187579,97805,-0.3186,-0.08301,0.95654,1.01162,0.75,-0.125,-0.25,-0.2296,0.0482,0.7764,0.5847
1782310187580,97806,-0.31445,-0.08643,0.94727,1.00183,0.125,-0.562,-0.188,-0.2265,0.0486,0.777,0.585
1782310187584,97810,-0.31299,-0.08569,0.94458,0.99877,0.0,-0.438,-0.125,-0.2227,0.049,0.7778,0.5854
1782310187643,97869,-0.31396,-0.08521,0.94604,1.00041,0.125,-0.375,-0.062,-0.2221,0.0491,0.778,0.5855
1782310187644,97870,-0.3103,-0.08203,0.94287,0.996,0.188,-0.438,-0.062,-0.2218,0.0492,0.778,0.5855
1782310187645,97871,-0.31006,-0.08398,0.94873,1.00164,0.188,-0.25,-0.25,-0.2192,0.0494,0.7785,0.5858
1782310187699,97925,-0.31006,-0.08398,0.94873,1.00164,0.188,-0.25,-0.25,-0.2192,0.0494,0.7785,0.5858
1782310187700,97926,-0.30981,-0.08545,0.94092,0.99429,0.125,-0.438,-0.125,-0.2189,0.0495,0.7786,0.5858
1782310187701,97927,-0.31274,-0.0874,0.94556,0.99976,0.125,-0.375,-0.312,-0.2158,0.0499,0.7792,0.5861
1782310187759,97985,-0.30957,-0.08398,0.94409,0.99709,0.125,-0.5,-0.312,-0.2155,0.0499,0.7792,0.5861
1782310187760,97986,-0.31128,-0.08765,0.94482,0.99863,0.125,-0.375,-0.125,-0.2152,0.05,0.7793,0.5862
1782310187761,97987,-0.3103,-0.08228,0.94702,0.99995,0.125,-0.562,-0.25,-0.2125,0.0504,0.7799,0.5864
1782310187819,98045,-0.31177,-0.08521,0.9436,0.99742,0.125,-0.312,-0.438,-0.2122,0.0504,0.7799,0.5864
1782310187820,98046,-0.3103,-0.08447,0.94727,1.00037,0.125,-0.625,-0.25,-0.212,0.0504,0.7799,0.5865
1782310187821,98047,-0.31641,-0.08521,0.94312,0.99842,0.188,-0.438,-0.125,-0.2091,0.0508,0.7805,0.5867
1782310187879,98105,-0.31201,-0.08594,0.94702,1.00079,0.062,-0.438,-0.312,-0.2088,0.0508,0.7805,0.5868
1782310187880,98106,-0.31323,-0.08472,0.94556,0.99969,0.125,-0.438,-0.375,-0.2083,0.0509,0.7806,0.5869
1782310187890,98116,-0.3125,-0.08643,0.94653,1.00052,0.062,-0.312,0.0,-0.2061,0.0512,0.781,0.587
1782310187946,98172,-0.31201,-0.08203,0.94702,1.00046,0.125,-0.438,-0.25,-0.2059,0.0512,0.7811,0.587
1782310188008,98234,-0.31201,-0.08643,0.94482,0.99875,0.25,-0.375,-0.188,-0.2056,0.0512,0.7811,0.5871
1782310188012,98238,-0.31445,-0.08691,0.94556,1.00026,0.125,-0.5,-0.25,-0.2033,0.0515,0.7816,0.5873
1782310188014,98240,-0.30957,-0.08325,0.94653,0.99934,0.125,-0.438,-0.25,-0.203,0.0516,0.7816,0.5874
1782310188031,98257,-0.31396,-0.08203,0.9502,1.00408,0.125,-0.438,-0.375,-0.2028,0.0516,0.7816,0.5874
1782310188064,98290,-0.31104,-0.08765,0.94507,0.99879,0.188,-0.438,-0.25,-0.2007,0.0518,0.7821,0.5875
1782310188064,98290,-0.31421,-0.08423,0.94434,0.9988,0.062,-0.438,-0.375,-0.2004,0.0519,0.7821,0.5876
1782310188065,98291,-0.30981,-0.08423,0.94458,0.99765,0.125,-0.375,-0.25,-0.1979,0.0522,0.7825,0.5878
1782310188119,98345,-0.30981,-0.08423,0.94458,0.99765,0.125,-0.375,-0.25,-0.1979,0.0522,0.7825,0.5878
1782310188120,98346,-0.30811,-0.08594,0.94531,0.99796,0.125,-0.375,-0.312,-0.1978,0.0522,0.7825,0.5878
1782310188121,98347,0.4165,-0.74536,1.03662,1.34299,23.125,-2.062,-55.375,-0.1913,0.0556,0.7705,0.6054
1782310188179,98405,0.42505,-0.94946,1.06812,1.49098,17.188,-1.875,-43.562,-0.1907,0.0551,0.7685,0.608
1782310188180,98406,0.32446,-0.81665,1.0083,1.33748,-2.188,3.062,-36.938,-0.1907,0.0546,0.7675,0.6094
1782310188181,98407,-0.54395,0.64502,1.16772,1.44066,70.312,-135.125,7.75,-0.1731,0.0445,0.76,0.6248
1782310188247,98473,-0.46143,0.33032,1.18506,1.31392,121.312,-137.5,48.875,-0.1657,0.0446,0.7617,0.6246
1782310188260,98486,-0.39014,-0.0249,1.42456,1.47723,140.562,-154.062,77.688,-0.1569,0.0455,0.7644,0.6236
1782310188260,98486,-0.46411,-0.53955,1.31177,1.4924,35.875,-116.75,146.812,-0.0776,0.0411,0.8092,0.5807
1782310188302,98528,-0.34937,-0.55688,1.30273,1.45921,16.625,-111.812,143.375,-0.0731,0.0394,0.8131,0.576
1782310188360,98586,-0.21216,-0.48535,1.25586,1.363,-12.562,-113.375,126.562,-0.0652,0.0342,0.8202,0.5671
1782310188360,98586,-0.56055,-0.29126,1.18701,1.34463,11.188,-113.375,93.188,-0.0336,0.0094,0.8416,0.5387
1782310188362,98588,-0.59058,-0.39478,1.16333,1.36307,13.875,-104.0,90.0,-0.0298,0.0075,0.8438,0.5355
1782310188419,98645,-0.63306,-0.47656,1.13452,1.38384,13.688,-94.25,89.062,-0.0264,0.0059,0.846,0.5324
1782310188420,98646,-0.50659,-0.86792,1.07178,1.46923,-23.375,50.812,35.625,-0.0262,0.002,0.8605,0.5086
1782310188426,98652,-0.27222,-1.0437,1.30298,1.6915,-93.938,70.5,95.438,-0.0727,-0.0078,0.8722,0.4833
1782310188480,98706,-0.2666,-1.01953,1.28735,1.66367,-101.0,74.312,105.438,-0.0777,-0.01,0.874,0.4793
1782310188480,98706,-0.23267,-1.00024,1.32715,1.67808,-107.188,79.75,114.25,-0.0856,-0.0134,0.8769,0.4725
1782310188482,98708,0.1582,-0.99878,1.61475,1.90526,-161.75,93.0,77.562,-0.1398,-0.0394,0.889,0.434
1782310188549,98775,0.21021,-0.93188,1.68408,1.93616,-168.25,89.875,70.062,-0.1463,-0.0439,0.8895,0.4304
1782310188552,98778,0.20605,-0.84033,1.68628,1.8953,-174.062,85.062,63.375,-0.1527,-0.0487,0.8897,0.4271
1782310188564,98790,0.22998,-0.3916,1.80103,1.8574,-194.25,54.875,86.375,-0.208,-0.0998,0.8911,0.3906
1782310188599,98825,0.23071,-0.34497,1.7627,1.8109,-194.188,46.562,87.812,-0.2182,-0.1113,0.8914,0.381
1782310188601,98827,0.22607,-0.29932,1.74609,1.78593,-190.25,36.5,82.625,-0.2275,-0.1229,0.8915,0.3715
1782310188601,98827,0.15381,-0.12646,1.44263,1.45631,-171.75,28.5,91.062,-0.2644,-0.1738,0.8908,0.3256
1782310188659,98885,0.16479,-0.14355,1.40845,1.4253,-167.25,28.938,90.25,-0.2682,-0.1787,0.8906,0.3206
1782310188660,98886,0.177,-0.15088,1.32983,1.35002,-162.312,28.438,89.25,-0.2737,-0.1857,0.8901,0.3131
1782310188663,98889,0.15576,-0.03101,1.11621,1.12745,-139.625,27.0,76.688,-0.3032,-0.2241,0.8853,0.2719
1782310188719,98945,0.15479,-0.01367,1.1106,1.12142,-134.5,27.438,77.875,-0.3062,-0.2277,0.8846,0.2676
1782310188720,98946,0.15625,-0.00903,1.10425,1.11529,-129.062,27.875,79.25,-0.3092,-0.2311,0.884,0.2633
1782310188721,98947,0.21167,-0.1377,0.88892,0.92409,-94.938,20.75,91.688,-0.3355,-0.255,0.8794,0.2209
1782310188779,99005,0.2019,-0.125,0.8291,0.86244,-93.75,19.25,95.75,-0.3379,-0.2569,0.8791,0.2163
1782310188780,99006,0.18628,-0.12671,0.78442,0.81613,-91.25,17.938,98.562,-0.3403,-0.2587,0.8788,0.2116
1782310188780,99006,0.15625,-0.07886,0.61865,0.64293,-63.25,-7.688,117.938,-0.3594,-0.2704,0.8785,0.1604
1782310188840,99066,0.08789,-0.06226,0.55396,0.56433,-48.25,-14.375,115.562,-0.3616,-0.2709,0.8793,0.1498
1782310188842,99068,0.0542,-0.09717,0.53174,0.54326,-39.375,-16.375,112.062,-0.3624,-0.2707,0.8798,0.1448
1782310188842,99068,-0.12402,-0.28931,0.53882,0.62403,-30.375,2.375,72.312,-0.3694,-0.268,0.8827,0.1107
1782310188898,99124,-0.10547,-0.198,0.55933,0.60264,-27.688,1.688,77.5,-0.3708,-0.2676,0.8828,0.1058
1782310188899,99125,-0.08276,-0.10962,0.5564,0.5731,-21.688,-2.188,89.5,-0.3722,-0.2669,0.8831,0.1005
1782310188900,99126,-0.09961,-0.45117,0.53125,0.70406,16.688,-41.688,167.562,-0.3767,-0.2441,0.8921,0.049
1782310188966,99192,-0.10474,-0.46436,0.52734,0.71041,15.938,-44.812,167.75,-0.3767,-0.2409,0.8933,0.0425
1782310188969,99195,-0.11206,-0.46558,0.52832,0.71305,14.625,-49.75,166.562,-0.3762,-0.2363,0.8952,0.0327
1782310188970,99196,-0.23413,-0.46655,0.54907,0.7576,28.938,-63.125,148.0,0.3681,0.2081,-0.9058,0.0224
1782310189027,99253,-0.229,-0.4751,0.54883,0.76117,30.875,-64.812,145.875,0.3668,0.2047,-0.9069,0.028
1782310189027,99253,-0.23315,-0.48315,0.54419,0.76416,32.375,-66.625,144.562,0.3654,0.2012,-0.9081,0.0336
1782310189028,99254,-0.28662,-0.49194,0.50024,0.75789,26.625,-85.75,127.688,0.3453,0.1654,-0.9193,0.0898
1782310189080,99306,-0.2915,-0.47168,0.48926,0.73948,25.188,-87.438,127.562,0.3428,0.1622,-0.9203,0.095
1782310189082,99308,-0.30615,-0.44604,0.48999,0.72991,23.5,-89.375,127.812,0.3389,0.1577,-0.9216,0.1028
1782310189084,99310,-0.36792,-0.3335,0.44385,0.66603,11.0,-87.188,137.375,0.3112,0.1264,-0.9279,0.1613
1782310189168,99394,-0.36792,-0.3335,0.44385,0.66603,11.0,-87.188,137.375,0.3112,0.1264,-0.9279,0.1613
1782310189169,99395,-0.34229,-0.31177,0.54395,0.71431,10.438,-89.125,133.625,0.307,0.1223,-0.9283,0.1697
1782310189169,99395,-0.35205,-0.15332,0.8313,0.9157,8.938,-105.625,172.188,0.2755,0.0948,-0.9287,0.2288
1782310189201,99427,-0.34351,-0.16699,0.87964,0.95898,11.625,-105.938,175.625,0.2719,0.0913,-0.9283,0.236
1782310189203,99429,-0.31348,-0.2002,0.97852,1.04683,14.812,-107.125,178.688,0.2666,0.0859,-0.9276,0.2469
1782310189203,99429,-0.29077,-0.17676,1.04688,1.10079,-18.5,-108.75,214.5,0.2311,0.0554,-0.9174,0.3187
1782310189259,99485,-0.27319,-0.17529,0.97974,1.03211,-22.812,-106.0,215.375,0.225,0.0515,-0.9145,0.3319
1782310189261,99487,-0.25806,-0.19336,0.92627,0.9808,-28.25,-103.5,211.0,0.2189,0.0479,-0.9113,0.345
1782310189261,99487,-0.31299,-0.04639,0.90356,0.95736,-80.438,-79.562,120.312,0.1791,0.0407,-0.893,0.4107
1782310189319,99545,-0.3313,0.01562,0.90845,0.9671,-85.812,-76.5,112.812,0.1749,0.0417,-0.8914,0.4158
1782310189319,99545,-0.37817,0.11694,0.92578,1.00685,-91.938,-71.875,103.062,0.1687,0.0436,-0.889,0.423
1782310189321,99547,-0.53516,0.57544,0.95532,1.237,-54.5,-27.438,97.438,0.14,0.0571,-0.8744,0.4608
1782310189379,99605,-0.48364,0.52637,0.96753,1.20295,-44.062,-22.125,109.375,0.1379,0.0579,-0.8713,0.4672
1782310189380,99606,-0.45776,0.47974,0.97119,1.17597,-39.5,-21.062,117.625,0.1367,0.0582,-0.869,0.4718
1782310189380,99606,-0.25146,0.27368,0.9541,1.02393,-42.625,-18.125,161.75,0.1259,0.0591,-0.8368,0.5292
1782310189443,99669,-0.23511,0.26782,0.96729,1.03085,-43.938,-18.25,160.0,0.1248,0.0593,-0.8332,0.5352
1782310189443,99669,-0.21924,0.26538,0.99683,1.05459,-44.938,-18.375,157.188,0.1229,0.0596,-0.8277,0.5441
1782310189444,99670,-0.20972,0.20605,0.99731,1.03974,-29.562,0.938,111.188,0.1146,0.062,-0.7961,0.5908
1782310189501,99727,-0.20166,0.21045,0.98779,1.0299,-30.062,3.5,106.188,0.1143,0.0624,-0.7933,0.5946
1782310189502,99728,-0.19678,0.20386,0.99634,1.03584,-30.625,5.75,102.688,0.114,0.063,-0.7905,0.5982
1782310189502,99728,-0.15308,0.26196,1.00537,1.05015,-31.5,13.75,88.375,0.1126,0.0704,-0.7669,0.6278
1782310189582,99808,-0.1521,0.27295,1.00952,1.05677,-31.625,13.812,88.312,0.1125,0.0712,-0.7644,0.6307
1782310189619,99845,-0.17725,0.32495,0.98462,1.0519,-25.375,18.312,89.188,0.1126,0.0728,-0.7592,0.6367
1782310189624,99850,-0.08154,0.31006,1.04639,1.0944,-3.812,17.125,83.125,0.1176,0.0767,-0.7372,0.6607
1782310189652,99878,-0.06836,0.30566,1.05322,1.09881,-2.688,15.812,86.312,0.1182,0.0767,-0.7347,0.6633
1782310189683,99909,-0.04883,0.30322,1.07959,1.12243,-2.25,13.188,93.312,0.1192,0.0765,-0.7307,0.6676
1782310189684,99910,-0.06177,0.28882,1.07617,1.11596,12.938,-22.062,123.25,0.1225,0.0661,-0.6986,0.7017
1782310189733,99959,-0.12671,0.1604,1.10938,1.12805,47.188,-29.438,102.0,0.1258,0.0378,-0.6592,0.7402
1782310189795,100021,-0.09253,0.12622,1.0271,1.03896,45.375,-33.625,97.938,0.1268,0.0321,-0.6535,0.7454
1782310189796,100022,-0.14111,0.17065,1.0293,1.05285,37.938,-39.062,97.25,0.1272,0.0292,-0.6506,0.7479
1782310189796,100022,-0.28125,0.11426,1.01099,1.05558,14.875,-59.25,85.812,0.1197,0.0057,-0.6275,0.7692
1782310189802,100028,-0.30664,0.09521,1.00952,1.05935,15.875,-55.688,80.312,0.1187,0.0031,-0.6251,0.7713
1782310189803,100029,-0.34448,0.08228,1.00586,1.06639,15.125,-50.25,71.625,0.1174,-0.0003,-0.6218,0.7741
1782310189803,100029,-0.30884,0.25781,0.98364,1.06273,37.062,25.25,9.0,0.1209,-0.0121,-0.6093,0.7834
1782310189859,100085,-0.30884,0.25781,0.98364,1.06273,37.062,25.25,9.0,0.1209,-0.0121,-0.6093,0.7834
1782310189860,100086,-0.25684,0.22168,1.02197,1.07682,38.188,22.25,6.562,0.1237,-0.0124,-0.6088,0.7834
1782310189860,100086,-0.07568,-0.05298,0.94409,0.9486,16.938,14.125,41.562,0.1374,-0.0149,-0.5982,0.7892
1782310189918,100144,-0.0918,-0.10522,0.93848,0.94881,6.625,11.125,35.938,0.1384,-0.0149,-0.5955,0.7911
1782310189922,100148,-0.11304,-0.11182,0.93604,0.94945,1.625,11.875,31.938,0.1387,-0.0147,-0.5943,0.7919
1782310189922,100148,0.03198,0.08301,0.95508,0.95921,-30.938,5.125,23.75,0.1347,-0.0077,-0.5867,0.7983
1782310189979,100205,0.03149,0.12231,0.95874,0.96702,-30.188,3.438,26.25,0.1332,-0.0067,-0.5854,0.7996
1782310190041,100267,0.01318,0.15186,0.9646,0.97657,-29.25,2.75,28.062,0.1317,-0.0057,-0.5839,0.8009
1782310190043,100269,-0.03345,0.24219,1.00562,1.03491,-8.312,11.0,-3.812,0.1268,-0.0012,-0.5801,0.8045
1782310190044,100270,-0.01587,0.24438,1.01978,1.04877,-6.312,11.438,-6.938,0.1268,-0.0006,-0.5803,0.8043
1782310190099,100325,0.00098,0.24146,1.02124,1.0494,-4.125,11.125,-8.875,0.127,-0.0002,-0.5805,0.8041
1782310190100,100326,0.22046,0.22437,1.10156,1.14559,15.625,-16.625,7.562,0.1279,-0.0025,-0.5819,0.803
1782310190101,100327,0.1748,0.08057,1.10547,1.1221,19.688,-96.25,32.688,0.1168,-0.0365,-0.5762,0.8079
1782310190233,100459,0.13306,0.08643,1.11035,1.12163,18.938,-107.562,34.188,0.1127,-0.0449,-0.5748,0.809
1782310190234,100460,0.11157,0.10596,1.10864,1.11927,19.75,-112.188,35.125,0.1105,-0.0494,-0.5741,0.8096
1782310190235,100461,-0.04053,0.18115,1.09277,1.10842,30.562,-132.562,57.188,0.0908,-0.0928,-0.5649,0.8147
1782310190241,100467,-0.05737,0.19312,1.09106,1.1095,31.688,-134.875,64.062,0.0872,-0.1011,-0.5623,0.8159
1782310190242,100468,-0.06128,0.20044,1.08374,1.10382,32.0,-136.562,69.562,0.0848,-0.1068,-0.5603,0.8168
1782310190243,100469,-0.04761,0.29175,1.07178,1.1118,31.688,-144.625,115.812,0.0605,-0.1597,-0.5326,0.8288
1782310190316,100542,-0.04321,0.30298,1.0708,1.11368,32.438,-145.188,119.188,0.0576,-0.1658,-0.5286,0.8304
1782310190326,100552,-0.04126,0.31567,1.05933,1.10613,33.812,-145.625,122.688,0.0548,-0.1719,-0.5244,0.832
1782310190327,100553,-0.04126,0.31567,1.05933,1.10613,33.812,-145.625,122.688,0.0548,-0.1719,-0.5244,0.832
1782310190341,100567,0.06616,0.60327,1.08569,1.2438,86.625,-141.438,165.812,0.0264,-0.2523,-0.4567,0.8525
1782310190342,100568,0.06909,0.56396,1.07617,1.21695,90.25,-139.5,170.375,0.0252,-0.2592,-0.4498,0.8542
1782310190343,100569,-0.0144,0.2832,0.78271,0.83249,66.625,-95.938,133.562,0.0142,-0.3157,-0.3839,0.8675
1782310190402,100628,-0.00024,0.27686,0.74536,0.79512,62.75,-83.688,118.875,0.0136,-0.3199,-0.3786,0.8683
1782310190403,100629,0.01953,0.28442,0.7356,0.78891,60.0,-71.438,103.75,0.0133,-0.3236,-0.3739,0.869
1782310190406,100632,0.37524,0.35791,0.85352,0.9987,54.125,10.25,18.812,0.0244,-0.3386,-0.3504,0.8728
1782310190459,100685,0.37524,0.35791,0.85352,0.9987,54.125,10.25,18.812,0.0244,-0.3386,-0.3504,0.8728
1782310190461,100687,0.47095,0.36353,0.96802,1.13623,55.25,10.375,18.125,0.0284,-0.3393,-0.3474,0.8735
1782310190462,100688,0.60254,0.18604,1.03882,1.21524,23.875,2.125,40.5,0.0389,-0.342,-0.3253,0.8806
1782310190523,100749,0.625,0.19604,1.00098,1.19625,16.688,-1.125,28.5,0.0392,-0.3425,-0.3223,0.8815
1782310190524,100750,0.61963,0.21387,0.97217,1.17252,14.125,-3.062,22.375,0.0394,-0.3428,-0.3211,0.8818
1782310190524,100750,0.63135,0.32788,0.83667,1.09824,7.0,-0.375,-20.188,0.0433,-0.3455,-0.321,0.8806
1782310190616,100842,0.64526,0.36792,0.81519,1.10284,2.5,0.75,-20.75,0.0443,-0.3455,-0.3224,0.88
1782310190616,100842,0.66138,0.39819,0.8064,1.11636,1.125,-0.562,-20.5,0.0447,-0.3455,-0.3232,0.8797
1782310190616,100842,0.61816,0.37378,0.72046,1.02024,27.25,-35.375,4.375,0.0476,-0.3531,-0.3252,0.8758
1782310190646,100872,0.5603,0.30127,0.67773,0.92953,29.375,-37.375,8.812,0.0482,-0.3558,-0.3242,0.8751
1782310190652,100878,0.51636,0.24512,0.65063,0.86604,29.938,-37.812,9.812,0.0486,-0.3576,-0.3235,0.8746
1782310190658,100884,0.65308,0.02197,0.71069,0.96544,-80.812,-76.562,34.125,0.0311,-0.3746,-0.3152,0.8713
1782310190725,100951,0.65991,0.08032,0.69678,0.96303,-88.75,-82.75,26.312,0.0263,-0.3765,-0.3156,0.8705
1782310190727,100953,0.67847,0.125,0.67383,0.96436,-91.938,-88.312,18.125,0.0214,-0.3785,-0.3164,0.8695
1782310190727,100953,0.39087,0.0874,0.45728,0.60788,-8.438,-69.25,-0.812,-0.0112,-0.4049,-0.3239,0.8548
1782310190768,100994,0.35986,0.05737,0.49683,0.61614,7.125,-49.062,-10.625,-0.0121,-0.4078,-0.3242,0.8533
1782310190784,101010,0.35742,0.03784,0.51611,0.62893,15.188,-35.875,-17.625,-0.0119,-0.4094,-0.3245,0.8525
1782310190786,101012,0.35742,0.03784,0.51611,0.62893,15.188,-35.875,-17.625,-0.0119,-0.4094,-0.3245,0.8525
1782310190827,101053,0.35742,0.03784,0.51611,0.62893,15.188,-35.875,-17.625,-0.0119,-0.4094,-0.3245,0.8525
1782310190832,101058,0.92554,0.17261,0.55591,1.09337,-21.75,-56.625,-34.0,-0.009,-0.4165,-0.3374,0.844
1782310190832,101058,0.57837,0.45947,0.39819,0.83915,28.438,-79.438,35.0,-0.0231,-0.4489,-0.3392,0.8262
1782310190880,101106,0.54346,0.3501,0.42505,0.77368,29.188,-67.25,44.875,-0.0239,-0.4517,-0.337,0.8256
1782310190881,101107,0.56348,0.29053,0.4397,0.77153,24.938,-57.438,54.062,-0.0249,-0.4541,-0.3347,0.8252
1782310190881,101107,0.73755,0.22949,0.56543,0.95727,-41.938,-38.0,12.125,-0.0413,-0.4683,-0.3263,0.8199
1782310190939,101165,0.59937,0.198,0.48486,0.79595,-58.125,-34.062,-0.062,-0.0474,-0.4697,-0.328,0.8181
1782310190940,101166,0.5459,0.21729,0.45898,0.74558,-64.938,-26.688,-14.0,-0.0498,-0.4698,-0.3296,0.8173
1782310190940,101166,0.66553,0.44507,0.59888,0.99984,-71.312,31.438,-59.062,-0.0612,-0.4564,-0.3599,0.8113
1782310190999,101225,0.69019,0.43799,0.65503,1.0475,-75.375,32.125,-58.5,-0.062,-0.4542,-0.3635,0.8109
1782310190999,101225,0.7168,0.44238,0.6792,1.08204,-79.688,31.125,-56.75,-0.0631,-0.452,-0.3671,0.8104
1782310191000,101226,0.7168,0.44238,0.6792,1.08204,-79.688,31.125,-56.75,-0.0631,-0.452,-0.3671,0.8104
1782310191059,101285,0.81445,0.45361,0.68896,1.15921,-130.312,8.0,-4.812,-0.0928,-0.4273,-0.4024,0.8041
1782310191060,101286,0.80835,0.46265,0.67236,1.14871,-128.312,8.812,-1.562,-0.097,-0.4248,-0.4049,0.8037
1782310191061,101287,0.80835,0.46265,0.67236,1.14871,-128.312,8.812,-1.562,-0.097,-0.4248,-0.4049,0.8037
1782310191128,101354,0.73535,0.27612,0.62134,1.00152,-67.938,63.688,-74.25,-0.114,-0.397,-0.4373,0.7987
1782310191129,101355,0.71655,0.26416,0.65088,1.00343,-67.25,69.875,-71.812,-0.1138,-0.3938,-0.4412,0.7982
1782310191132,101358,0.77271,0.17065,0.91724,1.21142,-92.562,93.0,-25.688,-0.1151,-0.3461,-0.4759,0.8001
1782310191180,101406,0.77759,0.16431,0.8938,1.19604,-85.125,87.062,-26.438,-0.1159,-0.3414,-0.4785,0.8005
1782310191181,101407,0.78198,0.16724,0.8728,1.18374,-74.75,82.938,-30.125,-0.1163,-0.3372,-0.481,0.8007
1782310191182,101408,0.98145,-0.14014,1.06055,1.45177,-16.938,-46.438,-70.125,-0.1096,-0.3195,-0.5032,0.7952
1782310191247,101473,0.94238,0.00879,0.81885,1.24847,-45.625,-64.188,-57.375,-0.1131,-0.3231,-0.5077,0.7904
1782310191247,101473,0.9353,0.03271,0.76099,1.20622,-55.625,-58.438,-49.125,-0.1156,-0.3242,-0.5098,0.7882
1782310191248,101474,0.65771,-0.01733,0.66235,0.93359,-33.5,-38.188,-82.688,-0.132,-0.3381,-0.5365,0.7617
1782310191299,101525,0.68872,-0.0271,0.6897,0.97507,-32.125,-33.0,-80.688,-0.1328,-0.3389,-0.5394,0.7592
1782310191306,101532,0.7002,-0.04517,0.71826,1.0041,-31.75,-28.812,-76.688,-0.1334,-0.3395,-0.5421,0.7568
1782310191311,101537,0.63965,-0.13037,0.92212,1.1298,-74.312,65.312,-98.375,-0.1405,-0.3308,-0.5718,0.7373
1782310191361,101587,0.62915,-0.09155,0.87354,1.08041,-64.875,74.312,-109.0,-0.1394,-0.3274,-0.5765,0.7354
1782310191362,101588,0.60913,-0.0708,0.83887,1.03911,-49.938,73.875,-118.938,-0.1376,-0.3244,-0.5813,0.7332
1782310191363,101589,0.54956,-0.13452,0.85059,1.02157,-31.625,58.0,-88.188,-0.116,-0.3046,-0.6191,0.7143
1782310191426,101652,0.50098,-0.11011,0.84937,0.99224,-30.0,55.938,-75.812,-0.1138,-0.3013,-0.6237,0.712
1782310191427,101653,0.46167,-0.10791,0.85669,0.97913,-28.75,58.312,-67.188,-0.1123,-0.299,-0.6265,0.7108
1782310191427,101653,0.46167,-0.10791,0.85669,0.97913,-28.75,58.312,-67.188,-0.1123,-0.299,-0.6265,0.7108
1782310191479,101705,-0.02124,-0.38818,0.72168,0.81973,5.125,85.5,-5.812,-0.0908,-0.2761,-0.638,0.7128
1782310191480,101706,-0.05933,-0.4021,0.6897,0.80056,-5.875,97.625,-20.062,-0.0883,-0.273,-0.6389,0.7136
1782310191480,101706,-0.05933,-0.4021,0.6897,0.80056,-5.875,97.625,-20.062,-0.0883,-0.273,-0.6389,0.7136
1782310191539,101765,0.1792,-0.00879,0.76489,0.78565,-9.625,121.625,-105.625,-0.0505,-0.2349,-0.6741,0.6983
1782310191541,101767,0.15845,0.01733,0.76685,0.78324,-3.75,119.188,-100.438,-0.0419,-0.2277,-0.6808,0.6947
1782310191541,101767,0.15845,0.01733,0.76685,0.78324,-3.75,119.188,-100.438,-0.0419,-0.2277,-0.6808,0.6947
1782310191599,101825,0.06689,0.07153,1.17676,1.18083,-50.375,63.812,-23.125,-0.0057,-0.1865,-0.7081,0.6808
1782310191609,101835,-0.01636,-0.22778,1.05835,1.08271,-62.062,60.125,-26.75,-0.0054,-0.1807,-0.7098,0.6806
1782310191610,101836,0.02246,0.07764,0.96509,0.96847,-38.688,12.375,-66.75,-0.0068,-0.1539,-0.7319,0.6636
1782310191659,101885,-0.00024,0.14355,1.07739,1.08691,-30.125,7.75,-55.438,-0.0072,-0.1522,-0.7347,0.6608
1782310191663,101889,-0.05005,0.13965,0.86865,0.88123,-30.25,17.5,-43.938,-0.0071,-0.1506,-0.7363,0.6595
1782310191667,101893,-0.03784,0.03369,0.97095,0.97227,-41.188,35.062,-16.25,-0.0051,-0.1339,-0.7435,0.655
1782310191725,101951,-0.06274,0.04492,1.00073,1.0037,-41.812,34.875,-15.75,-0.005,-0.1303,-0.7445,0.6546
1782310191725,101951,-0.05957,0.06641,1.01465,1.01856,-41.312,35.438,-17.062,-0.0048,-0.1279,-0.7452,0.6542
1782310191725,101951,-0.08813,0.00073,1.00586,1.00971,-29.25,46.312,-15.438,0.0006,-0.1053,-0.7513,0.6513
1782310191835,102061,-0.0813,-0.00513,0.99097,0.99431,-34.125,45.5,-15.625,0.0012,-0.1029,-0.7518,0.6511
1782310191865,102091,-0.0979,0.00317,0.96265,0.96762,-38.875,45.5,-16.25,0.0018,-0.1003,-0.7525,0.6507
1782310191866,102092,-0.11353,0.02344,0.96436,0.9713,-61.875,67.625,1.25,0.0066,-0.0675,-0.7583,0.6482
1782310191877,102103,-0.10742,0.00977,0.98218,0.98809,-63.5,68.062,7.125,0.0071,-0.0635,-0.7583,0.6486
1782310191878,102104,-0.11133,-0.01318,0.96924,0.9757,-65.688,68.125,10.625,0.0075,-0.0594,-0.7582,0.6491
1782310191878,102104,-0.16528,0.1626,0.99194,1.01868,-72.0,102.688,33.375,0.011,-0.0143,-0.7521,0.6586
1782310192118,102344,0.16211,0.14136,1.11523,1.13578,-57.625,92.062,7.25,0.0122,-0.01,-0.7517,0.6591
1782310192128,102354,0.24097,-0.01538,1.08057,1.10722,-57.625,83.812,12.562,0.0131,-0.0057,-0.7514,0.6595
1782310192146,102372,-0.09424,-0.15991,0.78857,0.81012,-50.25,47.625,41.812,0.021,0.0297,-0.7428,0.6683
1782310192148,102374,-0.11182,-0.18359,0.78662,0.81546,-53.438,44.5,44.125,0.0209,0.0341,-0.7408,0.6704
1782310192148,102374,-0.08032,-0.18115,0.78711,0.81167,-55.188,41.688,47.062,0.0207,0.0371,-0.7394,0.6718
1782310192148,102374,-0.03076,-0.34546,0.91382,0.97742,-62.375,54.062,29.25,0.0181,0.0689,-0.725,0.6848
1782310192148,102374,-0.02441,-0.34863,0.93604,0.99915,-62.812,53.0,22.0,0.0179,0.0724,-0.7241,0.6854
1782310192148,102374,-0.02173,-0.33203,0.95508,1.01138,-62.812,51.125,18.312,0.0177,0.0758,-0.7233,0.6859
1782310192148,102374,-0.23511,-0.23193,0.96753,1.02234,-55.438,67.625,20.25,0.0222,0.1151,-0.7127,0.6915
1782310192148,102374,-0.25879,-0.23145,1.03711,1.09368,-54.75,70.5,18.688,0.0228,0.1188,-0.7117,0.6918
1782310192148,102374,-0.24683,-0.24585,1.00781,1.06632,-53.5,71.062,13.625,0.0234,0.1226,-0.7109,0.6919
1782310192149,102375,-0.3667,-0.12646,0.98633,1.05986,-40.938,71.188,-20.375,0.0305,0.161,-0.7075,0.6873
1782310192182,102408,-0.37305,-0.12866,0.96826,1.04558,-37.688,72.875,-19.75,0.0315,0.1643,-0.7077,0.6862
1782310192184,102410,-0.40942,-0.11719,0.96216,1.05219,-35.062,75.812,-19.938,0.0327,0.1676,-0.7079,0.6852
1782310192225,102451,-0.46704,-0.14258,0.84521,0.97613,-23.75,93.875,-25.75,0.05,0.2016,-0.7113,0.6713
1782310192257,102483,-0.46924,-0.14722,0.83789,0.97156,-24.062,94.75,-25.062,0.052,0.2051,-0.7116,0.6697
1782310192260,102486,-0.4812,-0.14575,0.8252,0.96631,-23.5,95.375,-23.25,0.0541,0.2086,-0.7118,0.6683
1782310192261,102487,-0.60303,-0.29053,0.75537,1.00928,-21.062,103.688,-10.625,0.0775,0.2445,-0.7112,0.6544
1782310192263,102489,-0.59009,-0.32666,0.81641,1.05898,-21.75,103.25,-13.125,0.0799,0.2481,-0.7109,0.653
1782310192264,102490,-0.61353,-0.37891,0.80151,1.07815,-25.375,104.375,-15.5,0.0822,0.2518,-0.7107,0.6514
1782310192266,102492,-0.68408,-0.50513,0.89575,1.23511,-67.5,107.375,-45.312,0.0961,0.2965,-0.7098,0.6315
1782310192333,102559,-0.68457,-0.48877,0.91772,1.24489,-69.0,106.375,-51.312,0.0968,0.3017,-0.7098,0.6289
1782310192337,102563,-0.66748,-0.46997,0.92334,1.23246,-71.0,108.25,-55.438,0.0975,0.307,-0.7099,0.6261
1782310192345,102571,-0.60425,-0.34155,0.97705,1.1985,-54.875,136.938,-88.125,0.1092,0.3639,-0.7138,0.5881
1782310192400,102626,-0.60059,-0.33936,0.9812,1.19943,-52.062,136.062,-89.0,0.1107,0.3692,-0.7145,0.5836
1782310192401,102627,-0.58813,-0.34033,0.9834,1.19532,-48.25,135.188,-89.688,0.1121,0.3743,-0.7154,0.579
1782310192401,102627,-0.53613,-0.35327,0.96777,1.16138,12.375,103.688,-101.125,0.1282,0.4129,-0.729,0.5305
1782310192805,103031,-0.53345,-0.35376,0.95557,1.15014,18.938,98.125,-101.312,0.1298,0.415,-0.731,0.5255
1782310192811,103037,-0.52393,-0.34741,0.94312,1.13343,25.438,92.562,-100.75,0.1315,0.4168,-0.7332,0.5206
1782310192817,103043,-0.53564,-0.43652,0.79126,1.0505,67.75,56.5,-87.438,0.1473,0.4204,-0.7584,0.4757
1782310192817,103043,-0.53003,-0.44312,0.78149,1.04308,69.625,53.625,-85.375,0.1489,0.4197,-0.761,0.4714
1782310192818,103044,-0.52734,-0.45483,0.76733,1.03622,70.5,50.5,-83.625,0.1504,0.4189,-0.7636,0.4674
1782310192829,103055,-0.53491,-0.50024,0.69019,1.00635,62.0,21.25,-57.938,0.1624,0.4067,-0.7887,0.4311
1782310192830,103056,-0.54053,-0.50146,0.68164,1.00413,60.25,19.938,-54.125,0.1632,0.4054,-0.7907,0.4285
1782310192832,103058,-0.53857,-0.50659,0.67285,0.99971,58.375,19.188,-50.625,0.164,0.4041,-0.7925,0.426
1782310192843,103069,-0.49878,-0.56201,0.66553,1.00378,48.125,17.5,-39.062,0.1716,0.3931,-0.8069,0.4058
1782310192843,103069,-0.49268,-0.56396,0.66919,1.00429,47.062,17.0,-39.0,0.1723,0.392,-0.8082,0.4039
1782310192843,103069,-0.48999,-0.56763,0.66919,1.00504,46.625,16.625,-39.062,0.1729,0.391,-0.8096,0.4019
1782310192843,103069,-0.4939,-0.56372,0.67969,1.01178,41.125,0.375,-28.562,0.1773,0.3798,-0.8221,0.385
1782310192843,103069,-0.49121,-0.56421,0.67993,1.0109,41.125,-0.562,-27.312,0.1774,0.3785,-0.8233,0.3837
1782310192843,103069,-0.49561,-0.57031,0.67896,1.01581,41.062,-1.625,-26.5,0.1776,0.3773,-0.8243,0.3825
1782310192843,103069,-0.54004,-0.59839,0.6521,1.0368,43.25,-0.75,-20.375,0.1791,0.3641,-0.8348,0.3716
1782310192844,103070,-0.5415,-0.60132,0.65039,1.03818,43.062,0.125,-20.438,0.1795,0.3627,-0.8358,0.3706
1782310192844,103070,-0.54297,-0.60596,0.6499,1.04133,42.812,0.938,-20.062,0.1798,0.3615,-0.8368,0.3695
1782310192950,103176,-0.53711,-0.58813,0.63745,1.02016,38.312,5.625,-18.625,0.1847,0.3492,-0.846,0.3577
1782310192951,103177,-0.54272,-0.58716,0.63062,1.01832,38.375,5.375,-18.312,0.1852,0.3481,-0.8468,0.3566
1782310192951,103177,-0.53955,-0.58984,0.62207,1.01291,38.625,5.375,-18.375,0.1857,0.347,-0.8476,0.3555
1782310192987,103213,-0.52222,-0.56104,0.59033,0.96745,32.125,-0.125,-9.875,0.1899,0.3358,-0.8551,0.3461
1782310192995,103221,-0.52344,-0.56421,0.58813,0.96862,31.0,-0.438,-8.812,0.1902,0.3348,-0.8556,0.3455
1782310193061,103287,-0.51953,-0.56738,0.58569,0.96688,29.438,-0.75,-6.938,0.1906,0.3333,-0.8564,0.3447
1782310193100,103326,-0.52368,-0.60913,0.57471,0.98771,17.625,3.312,3.688,0.1935,0.3264,-0.8596,0.3419
1782310193101,103327,-0.51636,-0.61621,0.57788,0.99009,15.125,4.0,5.062,0.1939,0.3259,-0.8597,0.3418
1782310193101,103327,-0.5083,-0.62646,0.57959,0.99335,12.312,4.938,6.562,0.1943,0.3255,-0.8598,0.3419
1782310193123,103349,-0.44702,-0.62769,0.62769,0.99389,-8.688,6.312,6.625,0.1973,0.3266,-0.8578,0.3439
1782310193124,103350,-0.4458,-0.62354,0.63403,0.99475,-9.5,6.688,5.438,0.1975,0.3271,-0.8576,0.3441
1782310193199,103425,-0.44678,-0.62012,0.64111,0.99759,-10.0,6.875,3.375,0.1976,0.3278,-0.8572,0.3442
1782310193199,103425,-0.46606,-0.58789,0.61987,0.97317,-12.812,6.562,-15.938,0.1968,0.3338,-0.856,0.3419
1782310193200,103426,-0.46606,-0.58789,0.61987,0.97317,-12.812,6.562,-15.938,0.1968,0.3338,-0.856,0.3419
1782310193200,103426,-0.4729,-0.57837,0.61694,0.9689,-12.625,7.188,-18.062,0.1966,0.3345,-0.856,0.3412
1782310193263,103489,-0.55518,-0.5271,0.61963,0.98489,-11.25,15.188,-33.375,0.1578,0.3623,-0.8184,0.4169
1782310193264,103490,-0.56982,-0.52197,0.62207,0.99203,-11.875,15.938,-31.75,0.1575,0.3641,-0.8189,0.4143
1782310193267,103493,-0.5708,-0.52368,0.62622,0.99609,-12.188,16.188,-30.312,0.1446,0.3704,-0.8043,0.4414
1782310193267,103493,-0.55469,-0.52344,0.67627,1.01932,-19.938,9.75,-9.688,0.1166,0.3876,-0.7724,0.4891
1782310193268,103494,-0.54736,-0.52563,0.68506,1.02235,-21.0,7.062,-5.062,0.1162,0.389,-0.7721,0.4887
1782310193332,103558,-0.54053,-0.5271,0.69238,1.0244,-22.062,5.188,-2.625,0.1158,0.3898,-0.7717,0.4886
1782310193333,103559,-0.51904,-0.55811,0.7002,1.03497,-17.25,-2.312,0.0,0.0693,0.406,-0.7125,0.5678
1782310193333,103559,-0.51733,-0.55835,0.70142,1.03507,-16.0,-2.062,-1.812,0.0687,0.4064,-0.7123,0.5678
1782310193333,103559,-0.52075,-0.5564,0.69946,1.03441,-14.75,-1.688,-3.188,0.0682,0.4069,-0.7121,0.5678
1782310193333,103559,-0.55713,-0.52612,0.66504,1.01463,-6.625,0.938,-10.375,0.0208,0.4146,-0.6499,0.6364
1782310193361,103587,-0.55957,-0.52319,0.66382,1.01366,-6.438,1.75,-9.562,0.0203,0.4149,-0.6502,0.636
1782310193382,103608,-0.55835,-0.52295,0.66528,1.01382,-6.188,2.25,-8.875,0.0058,0.4156,-0.6281,0.6577
1782310193383,103609,-0.55713,-0.51318,0.68311,1.01999,-5.688,1.75,0.188,-0.0239,0.417,-0.5828,0.6968
1782310193384,103610,-0.55713,-0.51318,0.68311,1.01999,-5.688,1.75,0.188,-0.0239,0.417,-0.5828,0.6968
1782310193384,103610,-0.55249,-0.5188,0.68604,1.02228,-5.438,1.312,1.438,-0.024,0.4172,-0.5827,0.6968
1782310193384,103610,-0.54004,-0.5293,0.70288,1.0324,-0.312,-6.125,6.312,-0.064,0.4129,-0.5123,0.7501
1782310193446,103672,-0.54199,-0.52856,0.69531,1.0279,0.5,-6.25,6.062,-0.0641,0.4127,-0.5122,0.7503
1782310193446,103672,-0.54248,-0.52441,0.69287,1.02438,1.438,-6.438,5.562,-0.0641,0.4125,-0.512,0.7506
1782310193446,103672,-0.54688,-0.52417,0.65649,1.0024,7.875,-4.812,6.125,-0.0974,0.403,-0.4453,0.7935
1782310193488,103714,-0.5459,-0.52905,0.64844,0.99919,8.5,-4.312,6.188,-0.0969,0.4025,-0.4452,0.7938
1782310193491,103717,-0.54346,-0.53247,0.64771,0.9992,8.625,-3.812,6.5,-0.0966,0.4023,-0.4451,0.794
1782310193494,103720,-0.5354,-0.55493,0.6416,1.00312,8.625,-1.125,4.25,-0.1229,0.3923,-0.3848,0.8262
1782310193535,103761,-0.53589,-0.54712,0.64038,0.9983,8.375,-0.688,4.562,-0.1221,0.3919,-0.3848,0.8265
1782310193540,103766,-0.53467,-0.54883,0.63745,0.99671,8.125,-0.25,5.062,-0.1304,0.3889,-0.3659,0.8352
1782310193545,103771,-0.53467,-0.54883,0.63745,0.99671,8.125,-0.25,5.062,-0.1304,0.3889,-0.3659,0.8352
1782310193591,103817,-0.53467,-0.54883,0.63745,0.99671,8.125,-0.25,5.062,-0.1304,0.3889,-0.3659,0.8352
1782310193649,103875,-0.50757,-0.55542,0.65771,0.99935,4.812,-3.312,7.188,-0.1435,0.3824,-0.3306,0.8507
1782310193661,103887,-0.5249,-0.55737,0.63281,0.99329,6.5,-2.375,1.062,-0.1613,0.372,-0.2847,0.8685
1782310193662,103888,-0.52319,-0.55566,0.6394,0.99565,6.875,-1.75,0.562,-0.161,0.3719,-0.2848,0.8685
1782310193663,103889,-0.52588,-0.55469,0.6355,0.99403,6.812,-1.25,0.125,-0.1666,0.3691,-0.2711,0.8731
1782310193663,103889,-0.52417,-0.55444,0.63062,0.98987,4.188,-0.188,-0.062,-0.1756,0.3635,-0.2468,0.8808
1782310193771,103997,-0.52368,-0.55884,0.63013,0.99177,4.125,-0.188,-0.188,-0.1755,0.3635,-0.2468,0.8808
1782310193805,104031,-0.52539,-0.55957,0.63232,0.99448,3.5,-0.125,-0.438,-0.1803,0.3611,-0.2352,0.884
1782310193813,104039,-0.52783,-0.55884,0.63525,0.99722,0.938,0.062,-3.562,-0.1892,0.3563,-0.2139,0.8895
1782310193814,104040,-0.52783,-0.55884,0.63525,0.99722,0.938,0.062,-3.562,-0.1892,0.3563,-0.2139,0.8895
1782310193814,104040,-0.54053,-0.54932,0.63892,1.00107,0.125,0.0,-4.125,-0.1936,0.354,-0.2044,0.8917
1782310193814,104040,-0.54395,-0.54419,0.63989,1.00074,-0.938,1.625,-2.688,-0.2018,0.3499,-0.1867,0.8954
1782310193834,104060,-0.54419,-0.54541,0.64062,1.002,-1.25,1.5,-2.75,-0.2019,0.35,-0.1868,0.8953
1782310193835,104061,-0.53906,-0.54468,0.64038,0.99867,-1.438,1.438,-3.375,-0.2051,0.3483,-0.1793,0.8967
1782310193838,104064,-0.53931,-0.54077,0.64453,0.99935,-1.188,2.562,-4.688,-0.2113,0.3459,-0.168,0.8984
1782310193878,104104,-0.53784,-0.53955,0.64478,0.99806,-1.375,2.375,-4.938,-0.2114,0.346,-0.1682,0.8984
1782310194004,104230,-0.54028,-0.54053,0.64258,0.99849,-1.625,2.625,-4.438,-0.2142,0.3446,-0.162,0.8994
1782310194008,104234,-0.53906,-0.5332,0.6543,1.0015,-2.625,1.25,-2.312,-0.2203,0.3422,-0.1509,0.9007
1782310194011,104237,-0.53906,-0.5332,0.6543,1.0015,-2.625,1.25,-2.312,-0.2203,0.3422,-0.1509,0.9007
1782310194015,104241,-0.53955,-0.53149,0.65576,1.00181,-2.562,0.938,-2.062,-0.2205,0.3423,-0.151,0.9006
1782310194090,104316,-0.54199,-0.52686,0.64819,0.99573,-2.312,2.562,-1.375,-0.2279,0.3391,-0.1358,0.9025
1782310194091,104317,-0.53979,-0.53003,0.65186,0.99861,-1.938,3.0,-1.688,-0.2303,0.3378,-0.1301,0.9031
1782310194091,104317,-0.5376,-0.52954,0.64966,0.99573,-1.75,3.125,-2.062,-0.2304,0.3379,-0.1303,0.9031
1782310194091,104317,-0.53442,-0.52466,0.6582,0.99705,-2.062,0.75,0.562,-0.2335,0.3369,-0.1246,0.9034
1782310194092,104318,-0.53394,-0.52734,0.65747,0.99772,-1.688,0.688,0.688,-0.2335,0.337,-0.1246,0.9034
1782310194092,104318,-0.52637,-0.53125,0.66089,0.99803,-1.688,0.375,0.938,-0.2352,0.336,-0.1205,0.9039
1782310194092,104318,-0.52881,-0.52686,0.66187,0.99764,0.812,0.812,-0.875,-0.2374,0.3348,-0.1158,0.9044
1782310194120,104346,-0.52881,-0.52686,0.66187,0.99764,0.812,0.812,-0.875,-0.2374,0.3348,-0.1158,0.9044
1782310194121,104347,-0.52856,-0.52808,0.66089,0.99751,1.125,0.375,-0.25,-0.2384,0.3341,-0.1132,0.9047
1782310194179,104405,-0.52686,-0.53491,0.65845,0.99863,0.562,-3.062,1.875,-0.2398,0.3325,-0.1089,0.9055
1782310194180,104406,-0.53052,-0.53564,0.65552,0.99903,0.562,-2.938,1.625,-0.2398,0.3324,-0.1088,0.9055
1782310194193,104419,-0.53198,-0.53369,0.65259,0.99685,0.625,-2.312,1.438,-0.2412,0.3312,-0.105,0.906
1782310194194,104420,-0.53198,-0.5249,0.64795,0.98912,2.125,-0.062,-1.562,-0.2422,0.3299,-0.1017,0.9066
1782310194240,104466,-0.53198,-0.5249,0.64795,0.98912,2.125,-0.062,-1.562,-0.2422,0.3299,-0.1017,0.9066
1782310194248,104474,-0.53027,-0.52563,0.64771,0.98843,2.188,-0.375,-1.5,-0.2429,0.3292,-0.0998,0.9069
1782310194248,104474,-0.54126,-0.52148,0.6521,0.99506,1.375,-2.25,1.562,-0.2439,0.3277,-0.0964,0.9075
1782310194298,104524,-0.54126,-0.52148,0.6521,0.99506,1.375,-2.25,1.562,-0.2439,0.3277,-0.0964,0.9075
1782310194306,104532,-0.54028,-0.52612,0.64502,0.99235,1.188,-2.75,2.75,-0.2441,0.3273,-0.0952,0.9077
1782310194306,104532,-0.52881,-0.54395,0.65503,1.00229,2.688,-1.625,0.562,-0.2451,0.3254,-0.0901,0.9086
1782310194400,104626,-0.52832,-0.5415,0.65186,0.99863,2.812,-1.562,-0.125,-0.245,0.3253,-0.0902,0.9087
1782310194473,104699,-0.53003,-0.54028,0.65479,1.00079,2.875,-1.75,-0.688,-0.2452,0.325,-0.0894,0.9088
1782310194475,104701,-0.5376,-0.54297,0.64453,0.99962,1.125,-1.875,1.25,-0.2455,0.3238,-0.087,0.9094
1782310194497,104723,-0.53711,-0.53833,0.64526,0.99732,1.188,-2.188,1.25,-0.2454,0.3237,-0.087,0.9094
1782310194513,104739,-0.53589,-0.54321,0.64307,0.99789,1.188,-2.188,1.375,-0.2462,0.323,-0.0848,0.9097
1782310194513,104739,-0.53735,-0.5459,0.63745,0.99654,0.625,-1.0,0.625,-0.246,0.3225,-0.0845,0.91
1782310194514,104740,-0.54077,-0.54492,0.63525,0.99645,0.375,-0.938,0.5,-0.246,0.3225,-0.0845,0.91
1782310194514,104740,-0.5437,-0.54468,0.63745,0.99931,0.125,-0.938,0.312,-0.2464,0.3222,-0.0837,0.91
1782310194515,104741,-0.54053,-0.53784,0.63672,0.99341,-1.812,-1.0,1.875,-0.247,0.3219,-0.0829,0.9101
1782310194545,104771,-0.54175,-0.54053,0.64111,0.99834,-2.0,-0.938,1.938,-0.247,0.3219,-0.0828,0.9101
1782310194548,104774,-0.53613,-0.54028,0.64258,0.99612,-2.5,-0.688,2.0,-0.2474,0.3218,-0.082,0.9101
1782310194549,104775,-0.53613,-0.53979,0.646,0.99806,-1.625,1.375,-1.25,-0.2502,0.3207,-0.0768,0.9102
1782310194599,104825,-0.53101,-0.53589,0.64575,0.99305,-1.5,1.375,-1.438,-0.2503,0.3207,-0.0769,0.9102
1782310194603,104829,-0.53394,-0.5332,0.64819,0.99476,-1.438,1.312,-1.562,-0.2504,0.3207,-0.0769,0.9101
1782310194609,104835,-0.53467,-0.53394,0.64941,0.99634,-2.812,-1.375,1.25,-0.2517,0.3207,-0.0764,0.9098
1782310194662,104888,-0.5376,-0.53076,0.65234,0.99813,-3.312,-0.812,1.125,-0.2515,0.3211,-0.0778,0.9096
1782310194671,104897,-0.54102,-0.52979,0.64746,0.99629,-2.938,-0.75,0.938,-0.2516,0.3211,-0.0777,0.9096
1782310194681,104907,-0.53003,-0.53052,0.66113,0.99974,-1.75,0.438,0.0,-0.2525,0.3213,-0.0773,0.9092
1782310194727,104953,-0.53003,-0.53052,0.66113,0.99974,-1.75,0.438,0.0,-0.2525,0.3213,-0.0773,0.9092
1782310194816,105042,-0.53052,-0.52979,0.66309,1.00091,-1.688,0.375,-0.188,-0.2528,0.3213,-0.0773,0.9092
1782310194824,105050,-0.53052,-0.52979,0.66309,1.00091,-1.688,0.375,-0.188,-0.2528,0.3213,-0.0773,0.9092
1782310194825,105051,-0.53394,-0.52954,0.6582,0.99937,-0.938,-0.625,0.562,-0.2536,0.3212,-0.077,0.9091
1782310194829,105055,-0.53394,-0.52588,0.65991,0.99856,-0.75,-1.062,0.688,-0.2536,0.3212,-0.0769,0.9091
1782310194860,105086,-0.53638,-0.52637,0.64893,0.99291,-0.375,-0.688,0.625,-0.254,0.3206,-0.0764,0.9092
1782310194867,105093,-0.53638,-0.52637,0.64893,0.99291,-0.375,-0.688,0.625,-0.254,0.3206,-0.0764,0.9092
1782310194870,105096,-0.53687,-0.53003,0.6543,0.99863,0.125,-0.125,0.0,-0.2548,0.3201,-0.0746,0.9093
1782310194932,105158,-0.53687,-0.52759,0.65576,0.9983,0.25,-0.938,1.125,-0.2552,0.3195,-0.0735,0.9095
1782310194942,105168,-0.53369,-0.52466,0.65454,0.99424,0.312,-1.062,0.938,-0.2551,0.3195,-0.0734,0.9095
1782310194943,105169,-0.5459,-0.52734,0.64258,0.99449,1.938,-0.25,1.25,-0.2548,0.3188,-0.0729,0.9099
1782310194959,105185,-0.5459,-0.52734,0.64258,0.99449,1.938,-0.25,1.25,-0.2548,0.3188,-0.0729,0.9099
1782310194960,105186,-0.53809,-0.53003,0.64307,0.99197,1.812,0.062,1.312,-0.2543,0.3191,-0.0739,0.9098
1782310194983,105209,-0.53247,-0.53149,0.65137,0.99513,1.188,0.0,-0.25,-0.2536,0.3194,-0.0751,0.9098
1782310195037,105263,-0.53662,-0.53125,0.64966,0.99612,0.5,-0.25,-0.25,-0.2532,0.3197,-0.0763,0.9097
1782310195045,105271,-0.5354,-0.53223,0.64941,0.99582,0.562,-0.375,-0.188,-0.2532,0.3197,-0.0764,0.9097
1782310195046,105272,-0.53247,-0.53003,0.65332,0.99563,1.375,-0.125,-0.75,-0.2541,0.319,-0.0744,0.9099
1782310195125,105351,-0.53247,-0.53003,0.65332,0.99563,1.375,-0.125,-0.75,-0.2541,0.319,-0.0744,0.9099
1782310195130,105356,-0.52808,-0.53223,0.65747,0.9972,1.375,0.0,-1.062,-0.2543,0.3188,-0.0738,0.9099
1782310195133,105359,-0.53198,-0.5293,0.65112,0.99354,1.312,0.0,-2.062,-0.2543,0.3185,-0.0745,0.91
1782310195144,105370,-0.53247,-0.53125,0.65015,0.99421,1.562,0.062,-2.375,-0.2546,0.3182,-0.0739,0.91
1782310195154,105380,-0.53491,-0.53027,0.65137,0.99579,1.438,0.0,-2.562,-0.2546,0.3182,-0.074,0.9101
1782310195157,105383,-0.53491,-0.53027,0.65137,0.99579,1.438,0.0,-2.562,-0.2546,0.3182,-0.074,0.9101
1782310195198,105424,-0.5481,-0.52905,0.64868,1.00055,1.5,0.688,-2.312,-0.255,0.3176,-0.074,0.9102
1782310195199,105425,-0.5437,-0.53247,0.64941,1.00043,1.5,0.875,-2.25,-0.255,0.3176,-0.0742,0.9102
1782310195200,105426,-0.54321,-0.52686,0.64941,0.99719,0.875,0.125,-1.062,-0.2557,0.3169,-0.0727,0.9103
1782310195259,105485,-0.54199,-0.5293,0.65015,0.9983,0.75,0.0,-1.125,-0.2557,0.317,-0.0731,0.9102
1782310195277,105503,-0.54102,-0.53052,0.64795,0.99699,1.062,0.25,-1.0,-0.2557,0.317,-0.0732,0.9102
1782310195282,105508,-0.55566,-0.52515,0.65186,1.00472,1.625,1.062,-2.312,-0.2553,0.3174,-0.0753,0.91
1782310195341,105567,-0.55566,-0.52515,0.65186,1.00472,1.625,1.062,-2.312,-0.2553,0.3174,-0.0753,0.91
1782310195348,105574,-0.55493,-0.52466,0.64697,1.00089,1.375,1.375,-0.688,-0.2554,0.3174,-0.0751,0.91
1782310195349,105575,-0.53662,-0.5376,0.65723,1.00445,0.438,0.062,-0.188,-0.2554,0.3178,-0.075,0.9099
1782310195378,105604,-0.54541,-0.53589,0.65601,1.00747,0.562,0.062,-0.625,-0.2552,0.318,-0.0759,0.9098
1782310195448,105674,-0.54614,-0.53931,0.6499,1.00573,0.75,0.375,-0.75,-0.2552,0.318,-0.0759,0.9098
1782310195448,105674,-0.54492,-0.52881,0.64795,0.99821,1.312,1.0,-0.688,-0.2557,0.3179,-0.0747,0.9098
1782310195449,105675,-0.54907,-0.52661,0.64575,0.99789,1.312,0.938,-0.875,-0.2556,0.3181,-0.0751,0.9097
1782310195466,105692,-0.55103,-0.52124,0.64258,0.9941,1.312,1.25,-0.562,-0.2556,0.3181,-0.0752,0.9097
1782310195466,105692,-0.5354,-0.53125,0.64648,0.99339,0.125,3.312,0.0,-0.2556,0.3191,-0.0753,0.9094
1782310195499,105725,-0.5354,-0.53125,0.64648,0.99339,0.125,3.312,0.0,-0.2556,0.3191,-0.0753,0.9094
1782310195554,105780,-0.53271,-0.53174,0.65112,0.99523,0.125,2.938,0.0,-0.2555,0.3193,-0.0755,0.9092
1782310195557,105783,-0.53564,-0.52417,0.65991,0.99857,0.625,0.375,1.188,-0.2561,0.3195,-0.0739,0.9092
1782310195565,105791,-0.53564,-0.52417,0.65991,0.99857,0.625,0.375,1.188,-0.2561,0.3195,-0.0739,0.9092
1782310195584,105810,-0.53418,-0.52441,0.65942,0.99759,1.125,0.312,0.938,-0.2562,0.3194,-0.0733,0.9092
1782310195647,105873,-0.53027,-0.52637,0.64893,0.98963,2.0,-0.438,1.812,-0.256,0.3191,-0.0717,0.9096
1782310195688,105914,-0.53027,-0.52637,0.64893,0.98963,2.0,-0.438,1.812,-0.256,0.3191,-0.0717,0.9096
1782310195693,105919,-0.53003,-0.53369,0.64624,0.99166,1.375,-0.688,2.25,-0.2557,0.3192,-0.072,0.9096
1782310195696,105922,-0.53003,-0.5354,0.6394,0.98814,0.75,-0.188,-0.375,-0.256,0.3186,-0.0701,0.9099
1782310195707,105933,-0.53198,-0.53223,0.64209,0.98922,0.812,-0.188,-0.75,-0.2553,0.3191,-0.0723,0.9097
1782310195711,105937,-0.53491,-0.53247,0.64429,0.99235,0.812,-0.188,-0.938,-0.2553,0.3191,-0.0723,0.9097
1782310195711,105937,-0.53491,-0.53247,0.64429,0.99235,0.812,-0.188,-0.938,-0.2553,0.3191,-0.0723,0.9097
1782310195745,105971,-0.53491,-0.53247,0.64429,0.99235,0.812,-0.188,-0.938,-0.2553,0.3191,-0.0723,0.9097
1782310195746,105972,-0.53394,-0.53223,0.65332,0.99759,-0.812,-0.312,0.25,-0.2554,0.3194,-0.0736,0.9094
1782310195746,105972,-0.54272,-0.52417,0.64941,0.99551,0.5,-0.25,-2.438,-0.2563,0.3189,-0.0734,0.9094
1782310195799,106025,-0.54761,-0.51929,0.64917,0.99547,0.5,-0.25,-2.25,-0.2563,0.3189,-0.0735,0.9094
1782310195853,106079,-0.54736,-0.51807,0.64917,0.9947,0.375,-0.312,-2.25,-0.2564,0.3188,-0.0736,0.9094
1782310195858,106084,-0.54956,-0.52637,0.64868,0.99993,-0.312,-0.875,-0.562,-0.2572,0.3182,-0.0723,0.9095
1782310195859,106085,-0.54663,-0.53076,0.65234,1.00302,-0.25,-0.875,-0.25,-0.257,0.3183,-0.0729,0.9094
1782310195863,106089,-0.54248,-0.53223,0.65723,1.00474,-0.562,-0.688,-0.125,-0.257,0.3183,-0.0729,0.9094
1782310195863,106089,-0.54248,-0.53223,0.65723,1.00474,-0.562,-0.688,-0.125,-0.257,0.3183,-0.0729,0.9094
1782310195976,106202,-0.59277,-0.5188,0.60815,0.99518,1.438,3.062,0.625,-0.2583,0.3173,-0.0714,0.9095
1782310195992,106218,-0.61743,-0.53271,0.62183,1.02551,1.688,6.812,0.625,-0.2582,0.3176,-0.0715,0.9094
1782310196015,106241,-0.61743,-0.53271,0.62183,1.02551,1.688,6.812,0.625,-0.2582,0.3176,-0.0715,0.9094
1782310196023,106249,-0.62354,-0.48706,0.62231,1.00663,8.812,34.312,-9.25,-0.2551,0.3285,-0.0767,0.906
1782310196025,106251,-0.57642,-0.48706,0.64966,0.99576,10.562,33.375,-9.562,-0.2547,0.3296,-0.0775,0.9056
1782310196026,106252,-0.56079,-0.50537,0.61084,0.97109,6.312,26.625,4.938,-0.2493,0.3416,-0.0833,0.9022
1782310196041,106267,-0.55005,-0.50439,0.61914,0.96969,4.5,24.125,4.938,-0.2485,0.3437,-0.0839,0.9016
1782310196043,106269,-0.56152,-0.51514,0.62183,0.98354,3.75,23.25,5.625,-0.2482,0.3446,-0.0841,0.9013
1782310196045,106271,-0.56152,-0.51514,0.62183,0.98354,3.75,23.25,5.625,-0.2482,0.3446,-0.0841,0.9013
1782310196100,106326,-0.56152,-0.51514,0.62183,0.98354,3.75,23.25,5.625,-0.2482,0.3446,-0.0841,0.9013
1782310196113,106339,-0.58643,-0.51318,0.60767,0.98819,-0.375,24.562,-8.438,-0.2459,0.3549,-0.0891,0.8975
1782310196133,106359,-0.55298,-0.53345,0.61255,0.98264,-1.0,27.125,-6.5,-0.245,0.3671,-0.098,0.8919
1782310196159,106385,-0.55298,-0.53345,0.61255,0.98264,-1.0,27.125,-6.5,-0.245,0.3671,-0.098,0.8919
1782310196160,106386,-0.56274,-0.53027,0.60278,0.98041,-0.875,26.312,-7.625,-0.2451,0.3685,-0.0988,0.8911
1782310196161,106387,-0.56274,-0.53027,0.60278,0.98041,-0.875,26.312,-7.625,-0.2451,0.3685,-0.0988,0.8911
1782310196327,106553,-0.61255,-0.52515,0.52612,0.96322,8.188,37.188,-9.0,-0.2433,0.3828,-0.1077,0.8846
1782310196330,106556,-0.66577,-0.5083,0.58179,1.01985,9.938,39.75,-13.0,-0.2429,0.384,-0.1086,0.884
1782310196341,106567,-0.60742,-0.50562,0.53613,0.95501,7.25,47.5,-12.562,-0.2377,0.4039,-0.1237,0.8745
1782310196342,106568,-0.62817,-0.49829,0.58862,0.99467,6.688,45.125,-9.875,-0.2373,0.4054,-0.1246,0.8738
1782310196342,106568,-0.60474,-0.49854,0.54883,0.9568,6.688,46.5,-11.125,-0.2371,0.407,-0.1256,0.873
1782310196342,106568,-0.63477,-0.5105,0.54248,0.97869,16.812,42.812,-18.938,-0.2313,0.4219,-0.1393,0.8654
1782310196343,106569,-0.63257,-0.5105,0.55591,0.98478,18.438,43.75,-17.375,-0.2307,0.4232,-0.1408,0.8646
1782310196369,106595,-0.63135,-0.51221,0.55249,0.98296,19.375,45.875,-16.938,-0.23,0.4246,-0.1422,0.8639
1782310196370,106596,-0.66235,-0.51343,0.52808,0.99055,9.75,3.875,-3.375,-0.2246,0.4313,-0.152,0.8603
1782310196399,106625,-0.66675,-0.51343,0.52734,0.9931,8.375,1.25,-2.0,-0.2243,0.4313,-0.1524,0.8603
1782310196507,106733,-0.66675,-0.51538,0.52637,0.9936,6.938,-1.438,-0.25,-0.2241,0.4313,-0.1525,0.8604
1782310196509,106735,-0.66675,-0.51538,0.52637,0.9936,6.938,-1.438,-0.25,-0.2241,0.4313,-0.1525,0.8604
1782310196510,106736,-0.58252,-0.51807,0.55127,0.95479,-6.312,-38.562,11.812,-0.2249,0.4247,-0.1472,0.8644
1782310196511,106737,-0.56641,-0.52075,0.56421,0.95411,-7.375,-43.562,12.75,-0.2252,0.4232,-0.1463,0.8652
1782310196512,106738,-0.56641,-0.52075,0.56421,0.95411,-7.375,-43.562,12.75,-0.2252,0.4232,-0.1463,0.8652
1782310196520,106746,-0.63013,-0.54028,0.5293,0.98444,-1.688,-70.875,16.125,-0.2296,0.3991,-0.1332,0.8776
1782310196527,106753,-0.65625,-0.55469,0.52759,1.00831,-3.125,-71.375,16.25,-0.2298,0.3966,-0.1318,0.8788
1782310196529,106755,-0.65625,-0.55469,0.52759,1.00831,-3.125,-71.375,16.25,-0.2298,0.3966,-0.1318,0.8788
1782310196578,106804,-0.65332,-0.57739,0.52515,1.01784,-18.688,-51.312,13.375,-0.2383,0.3698,-0.1137,0.8907
1782310196580,106806,-0.6228,-0.5813,0.55005,1.01407,-18.312,-49.312,9.312,-0.2391,0.3681,-0.1126,0.8913
1782310196580,106806,-0.6228,-0.5813,0.55005,1.01407,-18.312,-49.312,9.312,-0.2391,0.3681,-0.1126,0.8913
1782310196658,106884,-0.6272,-0.59546,0.58228,1.04259,-24.812,-18.062,-12.062,-0.2498,0.3561,-0.1008,0.8947
1782310196677,106903,-0.61377,-0.62036,0.59839,1.05813,-23.25,-16.875,-20.438,-0.2511,0.3554,-0.101,0.8945
1782310196687,106913,-0.61377,-0.62036,0.59839,1.05813,-23.25,-16.875,-20.438,-0.2511,0.3554,-0.101,0.8945
1782310196699,106925,-0.63037,-0.54785,0.58301,1.01853,-7.062,-0.062,-29.312,-0.2636,0.3475,-0.1059,0.8934
1782310196705,106931,-0.62866,-0.54932,0.58911,1.02177,-5.562,3.125,-28.562,-0.2643,0.3473,-0.1069,0.8933
1782310196711,106937,-0.62866,-0.54932,0.58911,1.02177,-5.562,3.125,-28.562,-0.2643,0.3473,-0.1069,0.8933
1782310196760,106986,-0.58447,-0.52734,0.62793,1.00697,-19.438,-17.938,7.0,-0.2703,0.3443,-0.1092,0.8923
1782310196763,106989,-0.5813,-0.5166,0.5979,0.98095,-21.688,-21.312,13.688,-0.2713,0.3435,-0.1077,0.8925
1782310196770,106996,-0.55664,-0.5813,0.60107,1.00451,-3.562,3.438,-7.5,-0.2752,0.3424,-0.1021,0.8924
1782310196855,107081,-0.5708,-0.59595,0.62622,1.03592,-1.25,5.438,-14.312,-0.2755,0.3425,-0.1029,0.8922
1782310196856,107082,-0.57056,-0.5979,0.64038,1.04552,-1.688,6.375,-16.0,-0.2756,0.3425,-0.1032,0.8921
1782310196857,107083,-0.62817,-0.53101,0.57861,1.00566,1.188,23.062,-23.375,-0.2781,0.346,-0.1152,0.8885
1782310196881,107107,-0.61768,-0.52808,0.57764,0.99703,-0.125,24.75,-18.438,-0.2783,0.347,-0.1167,0.8878
1782310196882,107108,-0.61011,-0.52588,0.58862,0.99763,-1.25,25.062,-14.562,-0.2784,0.3478,-0.1176,0.8874
1782310196883,107109,-0.52075,-0.5498,0.67285,1.01301,-17.625,-4.062,14.312,-0.2795,0.3547,-0.1207,0.8839
1782310196942,107168,-0.51953,-0.55029,0.67334,1.01297,-18.25,-8.75,16.812,-0.28,0.3546,-0.1198,0.8839
1782310196943,107169,-0.51514,-0.55371,0.66187,1.00501,-18.562,-13.062,19.0,-0.2804,0.3545,-0.1187,0.8839
1782310196945,107171,-0.53125,-0.57153,0.60815,0.9893,4.688,-15.875,-2.125,-0.2816,0.3495,-0.1132,0.8862
1782310197000,107226,-0.53467,-0.57666,0.61035,0.99546,6.062,-15.125,-3.875,-0.2815,0.3488,-0.1133,0.8865
1782310197007,107233,-0.53125,-0.56763,0.61279,0.98992,6.875,-14.688,-5.188,-0.2814,0.3482,-0.1134,0.8868
1782310197007,107233,-0.51001,-0.58667,0.68335,1.03502,2.312,-42.875,-1.312,-0.281,0.3378,-0.1124,0.8911
1782310197061,107287,-0.49487,-0.57031,0.677,1.01414,-0.25,-54.812,1.625,-0.2814,0.3339,-0.1112,0.8926
1782310197066,107292,-0.49146,-0.5481,0.65771,0.98718,-2.438,-65.75,8.188,-0.2827,0.3287,-0.1073,0.8946
1782310197073,107299,-0.49146,-0.5481,0.65771,0.98718,-2.438,-65.75,8.188,-0.2827,0.3287,-0.1073,0.8946
1782310197122,107348,-0.50464,-0.55908,0.60889,0.96849,-2.125,-79.125,25.25,-0.2845,0.3044,-0.0908,0.9044
1782310197123,107349,-0.51392,-0.55933,0.60254,0.96955,-1.25,-77.688,25.688,-0.2846,0.3018,-0.0888,0.9055
1782310197124,107350,-0.49292,-0.59351,0.63672,1.00032,-12.062,-70.25,26.125,-0.2869,0.2753,-0.0666,0.915
1782310197179,107405,-0.48999,-0.58667,0.63794,0.99561,-12.875,-69.75,26.375,-0.2872,0.273,-0.0646,0.9157
1782310197181,107407,-0.49243,-0.57959,0.63306,0.98953,-13.0,-68.875,26.438,-0.2877,0.2706,-0.0625,0.9165
1782310197183,107409,-0.49341,-0.58618,0.62988,0.99187,-7.438,-34.625,20.125,-0.2916,0.2529,-0.0414,0.9215
1782310197239,107465,-0.48413,-0.58594,0.63672,0.99152,-7.062,-30.75,18.312,-0.2917,0.2519,-0.0402,0.9217
1782310197239,107465,-0.47217,-0.57959,0.64038,0.98436,-6.25,-27.562,16.5,-0.2919,0.251,-0.0391,0.9219
1782310197240,107466,-0.4502,-0.55737,0.70117,1.00249,-5.812,-24.75,16.312,-0.2944,0.2426,-0.0248,0.9239
1782310197298,107524,-0.45117,-0.5498,0.70386,1.00063,-5.812,-26.5,17.188,-0.2945,0.2418,-0.0237,0.9241
1782310197299,107525,-0.45605,-0.54224,0.70776,1.00146,-5.875,-28.0,18.625,-0.2946,0.2409,-0.0226,0.9244
1782310197302,107528,-0.42773,-0.47852,0.82959,1.04888,-0.312,-58.25,43.75,-0.294,0.2276,-0.0014,0.9282
1782310197359,107585,-0.41479,-0.46094,0.85791,1.05855,0.875,-65.312,47.688,-0.2934,0.2257,0.0011,0.9288
1782310197361,107587,-0.39966,-0.45166,0.88403,1.07016,1.938,-73.5,52.562,-0.2928,0.2234,0.004,0.9296
1782310197361,107587,-0.29688,-0.43701,0.92578,1.06592,7.438,-169.188,71.375,-0.2849,0.179,0.0518,0.9401
1782310197424,107650,-0.30151,-0.46265,0.93164,1.08301,10.5,-174.312,65.875,-0.2836,0.1729,0.0565,0.9414
1782310197426,107652,-0.30835,-0.46924,0.92603,1.08296,13.0,-177.375,58.75,-0.2822,0.1665,0.061,0.9427
1782310197426,107652,-0.34961,-0.45752,0.8252,1.00623,41.938,-162.0,25.5,-0.2614,0.0936,0.108,0.9545
1782310197479,107705,-0.36865,-0.44824,0.80957,0.99611,45.188,-152.688,23.125,-0.2588,0.0879,0.1106,0.9554
1782310197479,107705,-0.37476,-0.45215,0.78906,0.98362,48.125,-142.375,20.625,-0.2561,0.0826,0.1129,0.9564
1782310197480,107706,-0.24072,-0.44531,0.83936,0.98019,50.75,-67.062,19.25,-0.2315,0.0463,0.1425,0.9611
1782310197539,107765,-0.24072,-0.44531,0.83936,0.98019,50.75,-67.062,19.25,-0.2315,0.0463,0.1425,0.9611
1782310197539,107765,-0.20947,-0.44604,0.83789,0.97205,47.688,-63.938,20.062,-0.2279,0.043,0.1445,0.9618
1782310197540,107766,-0.12891,-0.40967,0.80078,0.90868,27.125,-42.0,18.562,-0.2102,0.0221,0.1702,0.9623
1782310197598,107824,-0.16406,-0.40479,0.81421,0.92396,25.312,-37.875,17.75,-0.2076,0.0197,0.1724,0.9626
1782310197599,107825,-0.15649,-0.42578,0.84131,0.95581,25.688,-33.812,17.0,-0.2058,0.0169,0.1793,0.9617
1782310197600,107826,-0.13525,-0.44043,0.89551,1.00708,17.375,-22.375,-2.125,-0.1963,0.007,0.1932,0.9612
1782310197659,107885,-0.14087,-0.43774,0.88037,0.99323,16.562,-19.875,-4.312,-0.1954,0.0064,0.1932,0.9613
1782310197660,107886,-0.14673,-0.42896,0.875,0.98548,16.0,-16.812,-6.75,-0.1947,0.0057,0.1932,0.9615
1782310197662,107888,-0.16748,-0.3855,0.8938,0.98769,17.062,16.25,-16.125,-0.1889,0.0053,0.1973,0.9619
1782310197733,107959,-0.16235,-0.38184,0.89722,0.98852,16.562,17.438,-18.25,-0.1881,0.0064,0.196,0.9623
1782310197736,107962,-0.16284,-0.38232,0.89941,0.99077,16.0,17.875,-18.75,-0.1876,0.0072,0.1951,0.9625
1782310197737,107963,-0.17554,-0.38037,0.87695,0.97187,2.125,22.125,-7.125,-0.1856,0.0136,0.1985,0.9622
1782310197779,108005,-0.17432,-0.3855,0.87451,0.97148,-0.188,23.25,-5.688,-0.1859,0.015,0.1979,0.9622
1782310197780,108006,-0.17139,-0.3772,0.87622,0.96923,-2.938,24.938,-4.0,-0.1867,0.0165,0.1994,0.9617
1782310197782,108008,-0.25708,-0.31299,0.89526,0.98262,4.438,39.125,2.875,-0.1892,0.0269,0.2002,0.9608
1782310197841,108067,-0.27271,-0.3103,0.88672,0.97823,6.312,43.688,3.938,-0.1893,0.0288,0.2,0.9608
1782310197842,108068,-0.27808,-0.31372,0.87427,0.96959,8.625,49.0,4.062,-0.1894,0.0309,0.1998,0.9608
1782310197843,108069,-0.18286,-0.3623,0.92188,1.00725,3.375,65.062,8.0,-0.1915,0.0632,0.1951,0.9597
1782310197903,108129,-0.17554,-0.35815,0.92383,1.00625,1.312,59.5,10.312,-0.1919,0.0658,0.195,0.9595
1782310197908,108134,-0.16748,-0.35815,0.92285,1.00398,-0.562,53.5,13.25,-0.1923,0.0681,0.1948,0.9592
1782310197911,108137,-0.21289,-0.36719,0.89917,0.99431,-12.0,5.938,24.125,-0.1967,0.0785,0.2001,0.9565
1782310197959,108185,-0.2229,-0.37036,0.89648,0.99525,-12.375,3.938,23.562,-0.1972,0.0787,0.2011,0.9562
1782310197960,108186,-0.23022,-0.36963,0.88818,0.98919,-12.062,2.562,22.625,-0.1976,0.079,0.202,0.9559
1782310197961,108187,-0.26294,-0.36108,0.87256,0.98024,-6.562,18.062,9.375,-0.2018,0.0833,0.2062,0.9537
1782310198020,108246,-0.2561,-0.36597,0.88062,0.98743,-6.062,19.375,8.5,-0.2022,0.0841,0.2064,0.9535
1782310198021,108247,-0.25146,-0.36646,0.8877,0.99274,-6.062,20.062,7.75,-0.2026,0.0849,0.2066,0.9533
1782310198021,108247,-0.24341,-0.36768,0.91699,1.0175,-8.812,9.125,4.75,-0.2072,0.0926,0.2034,0.9523
1782310198078,108304,-0.24341,-0.36768,0.91699,1.0175,-8.812,9.125,4.75,-0.2072,0.0926,0.2034,0.9523
1782310198079,108305,-0.24414,-0.37109,0.90991,1.01255,-8.938,7.688,4.375,-0.2077,0.0929,0.2035,0.9522
1782310198079,108305,-0.271,-0.35059,0.90308,1.00594,-7.125,4.188,1.812,-0.2114,0.0946,0.2023,0.9514
1782310198140,108366,-0.26831,-0.35498,0.90332,1.00697,-6.25,3.875,1.625,-0.2116,0.0947,0.2023,0.9514
1782310198142,108368,-0.26367,-0.35645,0.90039,1.00363,-5.625,3.938,1.0,-0.2119,0.0949,0.2023,0.9513
1782310198142,108368,-0.27661,-0.36255,0.89038,1.00037,-1.188,6.812,-4.75,-0.2137,0.0971,0.1999,0.9512
1782310198199,108425,-0.27905,-0.36279,0.89062,1.00134,-1.5,5.875,-4.688,-0.2138,0.0972,0.1997,0.9512
1782310198206,108432,-0.2854,-0.36401,0.89062,1.00357,-1.812,4.875,-4.375,-0.2139,0.0974,0.1994,0.9512
1782310198214,108440,-0.30542,-0.36206,0.87134,0.99177,-3.438,3.5,-2.562,-0.2156,0.0986,0.1966,0.9512
1782310198265,108491,-0.30371,-0.36401,0.87012,0.99088,-3.562,3.875,-2.812,-0.2158,0.0988,0.1965,0.9512
1782310198281,108507,-0.30469,-0.35913,0.87231,0.99133,-3.562,4.562,-2.375,-0.2161,0.0989,0.1967,0.9511
1782310198288,108514,-0.30859,-0.36426,0.88379,1.00449,-2.062,7.188,-4.812,-0.2176,0.1013,0.193,0.9512
1782310198323,108549,-0.31396,-0.36157,0.88062,1.00239,-1.812,7.562,-5.0,-0.2178,0.1016,0.1926,0.9512
1782310198329,108555,-0.3208,-0.35889,0.87817,1.00145,-1.0,8.125,-4.562,-0.2182,0.1021,0.1927,0.9511
1782310198330,108556,-0.30811,-0.36816,0.88257,1.00469,-0.312,9.188,-3.812,-0.2194,0.105,0.1916,0.9507
1782310198383,108609,-0.30103,-0.36499,0.89209,1.00978,0.0,8.125,-3.562,-0.2195,0.1053,0.1914,0.9507
1782310198385,108611,-0.29907,-0.36255,0.89355,1.00961,0.125,5.625,-1.938,-0.2194,0.1063,0.1892,0.9511
1782310198386,108612,-0.29907,-0.36255,0.89355,1.00961,0.125,5.625,-1.938,-0.2194,0.1063,0.1892,0.9511
1782310198443,108669,-0.32471,-0.37109,0.8667,0.99715,0.438,-3.562,3.188,-0.219,0.1065,0.1887,0.9512
1782310198444,108670,-0.33057,-0.36987,0.86206,0.9946,0.5,-2.938,3.562,-0.2191,0.106,0.1907,0.9509
1782310198444,108670,-0.3064,-0.38232,0.85718,0.98732,-0.438,0.312,4.062,-0.2188,0.1066,0.1905,0.9509
1782310198501,108727,-0.30249,-0.38062,0.85986,0.98779,-1.062,0.0,3.875,-0.2188,0.1067,0.1907,0.9508
1782310198509,108735,-0.30103,-0.37256,0.85889,0.98342,-1.562,-0.25,3.562,-0.219,0.1066,0.1914,0.9507
1782310198535,108761,-0.31226,-0.37622,0.86768,0.99595,-0.312,1.625,1.875,-0.2196,0.1069,0.1934,0.9501
1782310198559,108785,-0.30615,-0.38086,0.86963,0.99752,-0.75,1.5,2.188,-0.2196,0.107,0.1934,0.9501
1782310198560,108786,-0.3064,-0.38135,0.86865,0.99693,-1.062,1.125,2.125,-0.2196,0.1075,0.1923,0.9503
1782310198560,108786,-0.30298,-0.37427,0.87134,0.99554,-1.125,0.188,2.562,-0.2198,0.1083,0.1911,0.9504
1782310198620,108846,-0.30518,-0.37305,0.87036,0.9949,-0.562,0.125,2.438,-0.2199,0.1084,0.1912,0.9503
1782310198621,108847,-0.30469,-0.36963,0.87109,0.99411,-0.25,0.438,1.812,-0.2198,0.1088,0.1902,0.9505
1782310198622,108848,-0.30664,-0.36914,0.86938,0.99303,0.062,-0.312,1.062,-0.2196,0.1094,0.1884,0.9508
1782310198680,108906,-0.30664,-0.36914,0.86938,0.99303,0.062,-0.312,1.062,-0.2196,0.1094,0.1884,0.9508
1782310198681,108907,-0.31299,-0.37598,0.86328,0.99226,0.0,0.25,0.812,-0.2194,0.1099,0.1869,0.9511
1782310198681,108907,-0.32788,-0.37378,0.86108,0.99432,-1.062,2.0,0.25,-0.2199,0.1101,0.1885,0.9506
1782310198761,108987,-0.32983,-0.36914,0.8562,0.989,0.0,2.562,-0.125,-0.22,0.1102,0.1885,0.9506
1782310198762,108988,-0.32251,-0.37085,0.86768,0.9972,0.0,3.125,-0.062,-0.2201,0.1104,0.1888,0.9505
1782310198763,108989,-0.31934,-0.36841,0.86792,0.99548,-1.188,-0.562,2.688,-0.2202,0.1116,0.1869,0.9508
1782310198805,109031,-0.31812,-0.37329,0.86523,0.99457,-1.625,-0.812,2.438,-0.2202,0.1116,0.187,0.9507
1782310198806,109032,-0.31714,-0.37012,0.86206,0.99031,-1.688,-1.0,2.625,-0.2203,0.1117,0.1866,0.9508
1782310198806,109032,-0.32251,-0.37012,0.85669,0.98738,-1.25,1.375,-0.125,-0.2209,0.112,0.1867,0.9506
1782310198913,109139,-0.32227,-0.36768,0.85986,0.98914,-1.312,1.438,0.0,-0.221,0.1121,0.1867,0.9506
1782310198915,109141,-0.3208,-0.37036,0.85864,0.98861,-1.062,1.062,0.125,-0.2212,0.112,0.1873,0.9504
1782310198921,109147,-0.31909,-0.3728,0.854,0.98494,-2.0,-0.5,2.5,-0.2216,0.1126,0.1857,0.9505
1782310198922,109148,-0.31421,-0.37793,0.86035,0.99084,-1.562,-0.438,2.375,-0.2217,0.1126,0.1859,0.9504
1782310198923,109149,-0.3125,-0.37964,0.85938,0.99011,-1.75,-0.438,2.25,-0.2218,0.1126,0.186,0.9504
1782310198923,109149,-0.31494,-0.38354,0.86499,0.99725,-2.062,0.0,0.625,-0.2227,0.1125,0.1885,0.9497
1782310198980,109206,-0.3103,-0.38354,0.86475,0.99558,-2.062,0.062,0.5,-0.2227,0.1125,0.1885,0.9497
1782310198981,109207,-0.31079,-0.3811,0.86475,0.9948,-1.688,0.0,1.062,-0.223,0.1124,0.189,0.9496
1782310198981,109207,-0.31177,-0.38501,0.85913,0.99173,-2.188,-0.375,-0.938,-0.2239,0.1124,0.1888,0.9494
1782310199043,109269,-0.31177,-0.38501,0.85913,0.99173,-2.188,-0.375,-0.938,-0.2239,0.1124,0.1888,0.9494
1782310199044,109270,-0.31543,-0.3811,0.8623,0.99413,-2.375,-0.375,-1.625,-0.2239,0.1126,0.1878,0.9496
1782310199045,109271,-0.32397,-0.37476,0.8606,0.99299,-2.312,0.5,-1.062,-0.2252,0.1121,0.1894,0.949
1782310199099,109325,-0.32153,-0.37231,0.86206,0.99254,-2.25,-0.125,-0.25,-0.2256,0.1119,0.1901,0.9488
1782310199099,109325,-0.3252,-0.36841,0.86328,0.99334,-2.062,-0.562,0.062,-0.2257,0.1119,0.1901,0.9487
1782310199100,109326,-0.32788,-0.37915,0.86401,0.99889,-2.875,-1.688,1.75,-0.226,0.1123,0.1875,0.9492
1782310199158,109384,-0.32544,-0.38086,0.86548,1.00001,-2.625,-1.562,1.5,-0.2261,0.1122,0.1876,0.9491
1782310199159,109385,-0.32227,-0.37915,0.86548,0.99833,-2.625,-1.562,1.688,-0.2263,0.1121,0.1879,0.949
1782310199159,109385,-0.31958,-0.38306,0.86475,0.99833,-1.5,-1.375,-0.625,-0.227,0.1113,0.189,0.9487
1782310199221,109447,-0.32349,-0.38184,0.86206,0.99679,-1.188,-1.625,-0.938,-0.2271,0.1113,0.189,0.9487
1782310199221,109447,-0.32227,-0.37988,0.86084,0.99459,-0.938,-1.5,-1.125,-0.2272,0.1111,0.1893,0.9487
1782310199222,109448,-0.33276,-0.37671,0.86279,0.99852,-1.312,-0.688,0.438,-0.228,0.1101,0.1918,0.9481
1782310199281,109507,-0.33276,-0.37671,0.86279,0.99852,-1.312,-0.688,0.438,-0.228,0.1101,0.1918,0.9481
1782310199281,109507,-0.3291,-0.37866,0.86426,0.99932,-1.438,-0.562,0.5,-0.2282,0.1099,0.1926,0.9479
1782310199282,109508,-0.32568,-0.3811,0.86743,1.00187,-1.0,-1.812,1.0,-0.2288,0.1091,0.1945,0.9475
1782310199338,109564,-0.32568,-0.3811,0.86743,1.00187,-1.0,-1.812,1.0,-0.2288,0.1091,0.1945,0.9475
1782310199339,109565,-0.3291,-0.38232,0.86548,1.00176,-1.125,-1.938,0.625,-0.2289,0.1089,0.1951,0.9473
1782310199339,109565,-0.32422,-0.37891,0.86792,1.00099,-0.25,1.125,0.75,-0.2289,0.1098,0.1929,0.9477
1782310199398,109624,-0.32422,-0.37891,0.86792,1.00099,-0.25,1.125,0.75,-0.2289,0.1098,0.1929,0.9477
1782310199399,109625,-0.32642,-0.38062,0.86792,1.00235,-0.188,0.562,0.625,-0.229,0.1098,0.1932,0.9476
1782310199401,109627,-0.32349,-0.3811,0.85938,0.99419,0.125,-1.438,1.062,-0.2288,0.1098,0.1934,0.9476
1782310199458,109684,-0.32349,-0.3811,0.85938,0.99419,0.125,-1.438,1.062,-0.2288,0.1098,0.1934,0.9476
1782310199459,109685,-0.33032,-0.37939,0.85938,0.99578,0.625,-1.312,0.75,-0.2288,0.1098,0.1934,0.9476
1782310199460,109686,-0.31885,-0.38599,0.85815,0.99352,0.75,-0.688,1.312,-0.2281,0.1106,0.1918,0.948
1782310199519,109745,-0.31885,-0.38599,0.85815,0.99352,0.75,-0.688,1.312,-0.2281,0.1106,0.1918,0.948
1782310199521,109747,-0.32007,-0.38696,0.8584,0.9945,0.25,-0.875,1.812,-0.228,0.1105,0.1922,0.9479
1782310199521,109747,-0.31738,-0.39404,0.85498,0.99347,0.688,-0.375,0.812,-0.2277,0.1108,0.1915,0.9481
1782310199578,109804,-0.31738,-0.39404,0.85498,0.99347,0.688,-0.375,0.812,-0.2277,0.1108,0.1915,0.9481
1782310199580,109806,-0.31323,-0.39136,0.854,0.99025,0.25,-0.25,0.438,-0.2278,0.1105,0.1926,0.9479
1782310199582,109808,-0.31323,-0.39136,0.854,0.99025,0.25,-0.25,0.438,-0.2278,0.1105,0.1926,0.9479
1782310199640,109866,-0.31616,-0.38916,0.8623,0.99748,0.25,0.875,-0.562,-0.2282,0.1107,0.1939,0.9475
1782310199640,109866,-0.32178,-0.38794,0.86255,0.99902,0.062,0.438,-1.062,-0.2282,0.1107,0.1939,0.9475
1782310199641,109867,-0.31641,-0.38623,0.8623,0.99642,-0.812,-1.812,0.812,-0.2283,0.1107,0.1941,0.9475
1782310199714,109940,-0.3147,-0.38159,0.86377,0.99536,-0.188,-2.188,0.25,-0.2283,0.1105,0.1939,0.9475
1782310199715,109941,-0.31836,-0.38037,0.86499,0.99712,-0.375,-1.938,0.375,-0.2283,0.1105,0.1939,0.9475
1782310199715,109941,-0.32471,-0.38623,0.85205,0.99025,0.688,-0.188,0.375,-0.228,0.1106,0.1932,0.9478
1782310199758,109984,-0.32715,-0.38599,0.85669,0.99495,0.312,-0.375,0.062,-0.228,0.1106,0.1932,0.9478
1782310199759,109985,-0.32739,-0.38623,0.85278,0.99176,0.188,-0.25,0.0,-0.228,0.1108,0.1929,0.9478
1782310199761,109987,-0.31958,-0.38135,0.86523,0.99809,-0.062,-0.562,1.375,-0.2278,0.1119,0.1906,0.9482
1782310199823,110049,-0.32275,-0.38159,0.86353,0.99773,0.0,-1.0,1.812,-0.2279,0.1118,0.1907,0.9481
1782310199823,110049,-0.31763,-0.38452,0.86646,0.99975,-0.125,-1.312,1.875,-0.2278,0.1118,0.1908,0.9481
1782310199823,110049,-0.32422,-0.38696,0.85522,0.99311,0.688,-0.812,-0.75,-0.2274,0.1118,0.1896,0.9485
1782310199879,110105,-0.32422,-0.38696,0.85522,0.99311,0.688,-0.812,-0.75,-0.2274,0.1118,0.1896,0.9485
1782310199880,110106,-0.32837,-0.38379,0.8584,0.99598,1.188,0.0,-0.875,-0.2272,0.1123,0.1874,0.9489
1782310199885,110111,-0.32129,-0.38086,0.85767,0.99191,0.0,-1.312,0.562,-0.227,0.1124,0.1871,0.949
1782310199938,110164,-0.323,-0.38184,0.85815,0.99325,0.125,-1.875,1.438,-0.2271,0.112,0.1886,0.9487
1782310199939,110165,-0.32056,-0.38232,0.85376,0.98885,0.0,-1.812,1.438,-0.2271,0.112,0.1887,0.9487
1782310199940,110166,-0.31543,-0.38818,0.85767,0.99286,0.062,-0.062,-0.062,-0.2271,0.1119,0.1887,0.9487
1782310199998,110224,-0.31519,-0.3894,0.85962,0.99495,0.125,-0.125,-0.312,-0.2269,0.1124,0.187,0.949
1782310200001,110227,-0.31934,-0.3877,0.86182,0.99751,0.25,-0.062,-0.188,-0.2269,0.1125,0.187,0.949
1782310200001,110227,-0.31836,-0.38818,0.85864,0.99464,-0.25,-1.438,0.375,-0.2272,0.1121,0.1892,0.9486
1782310200058,110284,-0.31982,-0.38354,0.8562,0.99119,-0.125,-1.375,0.5,-0.2271,0.1123,0.1881,0.9488
1782310200059,110285,-0.31836,-0.38574,0.85767,0.99285,0.0,-1.25,0.25,-0.2271,0.1123,0.1881,0.9488
1782310200061,110287,-0.32422,-0.38208,0.85596,0.99185,-0.062,-1.438,0.0,-0.2271,0.1116,0.189,0.9487
1782310200119,110345,-0.32642,-0.38354,0.85376,0.99124,-0.25,-1.062,0.0,-0.2273,0.1112,0.1903,0.9484
1782310200119,110345,-0.32495,-0.38257,0.84961,0.98681,0.0,-0.75,-0.125,-0.2273,0.1112,0.1904,0.9484
1782310200119,110345,-0.32007,-0.38525,0.85889,0.99426,-0.625,0.062,-0.375,-0.2277,0.1112,0.1909,0.9483
1782310200178,110404,-0.32007,-0.38525,0.85889,0.99426,-0.625,0.062,-0.375,-0.2277,0.1112,0.1909,0.9483
1782310200179,110405,-0.32642,-0.38184,0.86084,0.99669,-0.562,0.0,-0.312,-0.2277,0.1114,0.1902,0.9483
1782310200179,110405,-0.31689,-0.3894,0.86377,0.99907,-0.562,0.375,0.688,-0.2278,0.1123,0.1883,0.9486
1782310200240,110466,-0.31689,-0.3894,0.86377,0.99907,-0.562,0.375,0.688,-0.2278,0.1123,0.1883,0.9486
1782310200241,110467,-0.31592,-0.38696,0.8623,0.99655,-1.25,-0.125,0.562,-0.2279,0.1123,0.1884,0.9486
1782310200241,110467,-0.31836,-0.3833,0.86377,0.99718,-0.25,0.75,-0.875,-0.2282,0.1124,0.1881,0.9485
