t_ms_abs,t_ms_rel,ax_g,ay_g,az_g,resultant_g,gx_dps,gy_dps,gz_dps,qx,qy,qz,qw
1782933079453,0,0.30566,-0.06177,-0.94629,0.99635,0.125,-0.812,0.312,0.4016,-0.9026,0.093,0.1229
1782933079454,1,0.3042,-0.06494,-0.94629,0.9961,-0.125,-0.125,-0.312,0.4016,-0.9026,0.093,0.1229
1782933079466,13,0.30737,-0.06714,-0.94238,0.99351,-0.562,0.375,-0.562,0.4016,-0.9026,0.093,0.123
1782933079467,14,0.30908,-0.06421,-0.94531,0.99663,-0.625,0.125,-0.938,0.4016,-0.9026,0.093,0.123
1782933079468,15,0.30859,-0.06348,-0.94922,1.00014,-0.938,0.5,-1.0,0.4017,-0.9025,0.0929,0.1231
1782933079482,29,0.30762,-0.06787,-0.9458,0.99688,-0.75,0.562,-0.812,0.4017,-0.9025,0.0929,0.1231
1782933079482,29,0.30933,-0.06689,-0.94604,0.99757,-0.75,0.438,-0.438,0.4017,-0.9025,0.0929,0.1232
1782933079483,30,0.31299,-0.06982,-0.94922,1.00193,-0.312,-0.125,-0.125,0.4017,-0.9025,0.0928,0.1232
1782933079496,43,0.31201,-0.07104,-0.94849,1.00101,-0.875,0.062,0.562,0.4017,-0.9025,0.0928,0.1232
1782933079497,44,0.3042,-0.05371,-0.94897,0.99798,0.688,-0.438,0.0,0.4017,-0.9025,0.0928,0.1232
1782933079497,44,0.3042,-0.05371,-0.94897,0.99798,0.688,-0.438,0.0,0.4017,-0.9025,0.0928,0.1232
1782933079511,58,0.31201,-0.06348,-0.94775,0.9998,0.125,1.5,1.0,0.4017,-0.9025,0.0929,0.1232
1782933079512,59,0.30664,-0.06616,-0.93506,0.98628,0.875,-0.375,0.688,0.4017,-0.9025,0.0929,0.1232
1782933079527,74,0.31274,-0.06152,-0.94971,1.00177,1.25,-1.375,0.938,0.4016,-0.9025,0.093,0.1232
1782933079527,74,0.30762,-0.06055,-0.94336,0.99409,0.75,-0.688,0.438,0.4016,-0.9026,0.093,0.1231
1782933079528,75,0.30835,-0.06201,-0.9458,0.99673,0.75,-0.812,0.5,0.4016,-0.9026,0.093,0.1231
1782933079542,89,0.31177,-0.06763,-0.94312,0.99562,0.188,-0.75,0.312,0.4016,-0.9026,0.093,0.123
1782933079542,89,0.30493,-0.06567,-0.94336,0.99359,0.125,-1.0,0.188,0.4016,-0.9026,0.093,0.123
1782933079543,90,0.30762,-0.05811,-0.94775,0.99812,0.125,-0.938,-0.125,0.4016,-0.9026,0.093,0.1229
1782933079557,104,0.30811,-0.05933,-0.95093,1.00136,0.0,-0.312,-0.125,0.4016,-0.9026,0.093,0.123
1782933079557,104,0.31104,-0.06226,-0.94727,0.99897,-0.312,0.188,-0.125,0.4016,-0.9026,0.093,0.123
1782933079558,105,0.30933,-0.0647,-0.94727,0.99859,-0.125,-0.062,-0.062,0.4016,-0.9026,0.093,0.1231
1782933079572,119,0.3103,-0.06104,-0.95166,1.00283,-0.062,-0.312,-0.062,0.4016,-0.9026,0.093,0.1231
1782933079573,120,0.30737,-0.06641,-0.94507,0.99601,0.125,-0.188,0.0,0.4016,-0.9026,0.093,0.1231
1782933079573,120,0.30615,-0.06567,-0.9502,1.00046,0.125,-0.188,0.188,0.4016,-0.9026,0.093,0.1231
1782933079587,134,0.30615,-0.06567,-0.9502,1.00046,0.125,-0.188,0.188,0.4016,-0.9026,0.093,0.1231
1782933079588,135,0.31006,-0.06567,-0.94678,0.99842,0.375,-0.25,0.375,0.4016,-0.9026,0.093,0.1232
1782933079588,135,0.30664,-0.06738,-0.94727,0.99794,0.625,-0.688,0.25,0.4016,-0.9026,0.093,0.1231
1782933079602,149,0.30664,-0.06738,-0.94727,0.99794,0.625,-0.688,0.25,0.4016,-0.9026,0.093,0.1231
1782933079602,149,0.30811,-0.06274,-0.94897,0.99971,0.562,-1.188,0.562,0.4016,-0.9026,0.093,0.1231
1782933079603,150,0.30859,-0.06323,-0.9436,0.99479,0.625,-0.875,0.25,0.4016,-0.9026,0.093,0.123
1782933079616,163,0.31079,-0.06299,-0.94409,0.99592,0.5,-1.062,0.312,0.4016,-0.9026,0.093,0.123
1782933079617,164,0.30737,-0.06323,-0.94971,1.00021,0.375,-0.812,0.25,0.4016,-0.9026,0.093,0.1229
1782933079618,165,0.30737,-0.06323,-0.94971,1.00021,0.375,-0.812,0.25,0.4016,-0.9026,0.093,0.1229
1782933079631,178,0.30737,-0.06226,-0.94458,0.99528,0.188,-0.688,0.062,0.4016,-0.9026,0.093,0.1229
1782933079632,179,0.30811,-0.06689,-0.94531,0.9965,0.438,-0.375,0.125,0.4016,-0.9026,0.0931,0.1229
1782933079633,180,0.3042,-0.06567,-0.94678,0.99662,0.312,-0.062,0.0,0.4016,-0.9026,0.0931,0.1229
1782933079647,194,0.30908,-0.06885,-0.94775,0.99925,0.5,-0.25,0.188,0.4016,-0.9026,0.0931,0.1229
1782933079647,194,0.31055,-0.06738,-0.94946,1.00123,0.125,-0.312,0.188,0.4016,-0.9026,0.0932,0.1229
1782933079648,195,0.30884,-0.06519,-0.94775,0.99893,0.125,0.0,0.25,0.4016,-0.9026,0.0932,0.1229
1782933079662,209,0.30835,-0.06665,-0.94678,0.99796,0.125,0.188,0.125,0.4016,-0.9026,0.0932,0.123
1782933079662,209,0.30835,-0.06665,-0.94678,0.99796,0.125,0.188,0.125,0.4016,-0.9026,0.0932,0.123
1782933079663,210,0.30859,-0.06421,-0.94629,0.9974,0.125,-0.25,0.125,0.4016,-0.9026,0.0932,0.1231
1782933079677,224,0.30786,-0.06348,-0.94678,0.9976,0.0,-0.062,0.0,0.4016,-0.9026,0.0932,0.1231
1782933079678,225,0.30957,-0.06274,-0.94775,0.999,0.0,-0.125,0.062,0.4016,-0.9026,0.0932,0.1231
1782933079692,239,0.30737,-0.06348,-0.94824,0.99883,-0.188,0.0,-0.125,0.4016,-0.9026,0.0932,0.1232
1782933079692,239,0.30908,-0.06201,-0.94458,0.99579,0.0,0.062,-0.188,0.4016,-0.9026,0.0932,0.1232
1782933079693,240,0.30786,-0.06421,-0.94775,0.99856,0.062,-0.188,0.062,0.4016,-0.9026,0.0932,0.1232
1782933079707,254,0.31104,-0.06299,-0.94556,0.9974,-0.312,0.0,-0.062,0.4016,-0.9025,0.0932,0.1233
1782933079707,254,0.30786,-0.06396,-0.95044,1.0011,-0.125,-0.188,0.0,0.4016,-0.9025,0.0931,0.1233
1782933079708,255,0.30762,-0.06079,-0.9458,0.99643,-0.062,-0.125,-0.125,0.4016,-0.9025,0.0931,0.1234
1782933079722,269,0.30811,-0.06567,-0.94604,0.99711,-0.062,0.062,-0.125,0.4016,-0.9025,0.0931,0.1234
1782933079737,284,0.30811,-0.06299,-0.94678,0.99764,0.0,-0.125,0.0,0.4016,-0.9025,0.0931,0.1234
1782933079737,284,0.30811,-0.06616,-0.94727,0.99831,0.125,-0.312,0.0,0.4016,-0.9025,0.0931,0.1234
1782933079738,285,0.30811,-0.06616,-0.94727,0.99831,0.125,-0.312,0.0,0.4016,-0.9025,0.0931,0.1234
1782933079752,299,0.30884,-0.06567,-0.94775,0.99896,0.0,-0.125,0.062,0.4016,-0.9025,0.0931,0.1235
1782933079753,300,0.30786,-0.06519,-0.9436,0.99469,0.062,-0.375,0.0,0.4016,-0.9025,0.0931,0.1235
1782933079754,301,0.30811,-0.06445,-0.94287,0.99403,0.188,-0.188,0.0,0.4016,-0.9025,0.0931,0.1235
1782933079766,313,0.30908,-0.06372,-0.94922,1.0003,0.188,0.062,0.0,0.4016,-0.9025,0.0932,0.1235
1782933079769,316,0.31079,-0.06494,-0.94629,0.99813,0.375,-0.5,0.125,0.4016,-0.9025,0.0932,0.1236
1782933079769,316,0.30859,-0.0625,-0.948,0.99892,0.125,-0.375,0.25,0.4016,-0.9025,0.0932,0.1236
1782933079782,329,0.30859,-0.0625,-0.948,0.99892,0.125,-0.375,0.25,0.4016,-0.9025,0.0932,0.1236
1782933079783,330,0.3125,-0.06177,-0.94775,0.99985,0.125,-0.312,0.062,0.4016,-0.9025,0.0932,0.1236
1782933079783,330,0.30615,-0.06372,-0.94629,0.99662,0.125,-0.312,0.125,0.4016,-0.9025,0.0932,0.1237
1782933079796,343,0.30737,-0.06445,-0.94556,0.99635,0.0,-0.312,0.0,0.4016,-0.9025,0.0932,0.1237
1782933079797,344,0.30664,-0.06494,-0.94507,0.99569,-0.062,-0.25,-0.062,0.4016,-0.9025,0.0932,0.1237
1782933079798,345,0.30664,-0.06494,-0.94507,0.99569,-0.062,-0.25,-0.062,0.4016,-0.9025,0.0932,0.1237
1782933079812,359,0.30664,-0.06494,-0.94507,0.99569,-0.062,-0.25,-0.062,0.4016,-0.9025,0.0932,0.1237
1782933079812,359,0.30908,-0.06445,-0.94287,0.99433,-0.25,-0.25,-0.25,0.4016,-0.9025,0.0931,0.1237
1782933079813,360,0.30566,-0.06055,-0.94775,0.99766,-0.312,-0.062,-0.312,0.4016,-0.9025,0.0931,0.1238
1782933079827,374,0.30835,-0.06641,-0.94678,0.99794,0.0,-0.062,-0.125,0.4016,-0.9025,0.0931,0.1239
1782933079828,375,0.30957,-0.06372,-0.94946,1.00068,-0.125,-0.125,-0.125,0.4017,-0.9025,0.0931,0.1239
1782933079828,375,0.30737,-0.06519,-0.94507,0.99593,-0.188,-0.125,-0.125,0.4017,-0.9025,0.0931,0.1239
1782933079842,389,0.30957,-0.06372,-0.94775,0.99906,-0.062,-0.062,-0.188,0.4017,-0.9024,0.0931,0.1239
1782933079843,390,0.30737,-0.06274,-0.94507,0.99578,0.0,0.0,-0.25,0.4017,-0.9024,0.0931,0.1239
1782933079843,390,0.30957,-0.06396,-0.948,0.99931,-0.125,0.0,-0.25,0.4017,-0.9024,0.0931,0.124
1782933079857,404,0.30908,-0.06592,-0.95044,1.0016,-0.25,0.062,-0.062,0.4017,-0.9024,0.0931,0.124
1782933079858,405,0.30908,-0.06396,-0.94678,0.998,0.0,-0.125,0.0,0.4017,-0.9024,0.0931,0.124
1782933079858,405,0.30981,-0.06348,-0.94678,0.9982,0.0,-0.25,0.062,0.4017,-0.9024,0.0931,0.124
1782933079872,419,0.3103,-0.06274,-0.94775,0.99923,0.188,-0.25,0.0,0.4017,-0.9024,0.0931,0.1241
1782933079872,419,0.31104,-0.06616,-0.94336,0.99552,0.0,-0.188,0.0,0.4017,-0.9024,0.0931,0.1241
1782933079872,419,0.30957,-0.05981,-0.94336,0.99466,-0.125,-0.312,-0.25,0.4017,-0.9024,0.0931,0.1241
1782933079887,434,0.3103,-0.06274,-0.94482,0.99645,0.125,-0.375,0.0,0.4017,-0.9024,0.0931,0.1242
1782933079888,435,0.30933,-0.06372,-0.94775,0.99899,0.312,-0.375,0.0,0.4017,-0.9024,0.0931,0.1242
1782933079888,435,0.31226,-0.06079,-0.94727,0.99926,0.125,-0.375,0.062,0.4017,-0.9024,0.0931,0.1242
1782933079902,449,0.31226,-0.06079,-0.94727,0.99926,0.125,-0.375,0.062,0.4017,-0.9024,0.0931,0.1242
1782933079903,450,0.30493,-0.06567,-0.94824,0.99823,0.125,-0.375,0.062,0.4017,-0.9024,0.0931,0.1242
1782933079903,450,0.30615,-0.06689,-0.94897,0.99937,0.188,-0.062,0.188,0.4017,-0.9024,0.0931,0.1242
1782933079917,464,0.30981,-0.06421,-0.94849,0.99987,0.125,-0.188,0.062,0.4017,-0.9024,0.0931,0.1242
1782933079919,466,0.30981,-0.06494,-0.94604,0.99759,0.125,-0.25,0.125,0.4017,-0.9024,0.0932,0.1243
1782933079920,467,0.30981,-0.06494,-0.94604,0.99759,0.125,-0.25,0.125,0.4017,-0.9024,0.0932,0.1243
1782933079932,479,0.31274,-0.06372,-0.94189,0.9945,0.312,-0.375,0.0,0.4017,-0.9024,0.0932,0.1243
1782933079933,480,0.31055,-0.06226,-0.94409,0.9958,0.25,-0.75,0.0,0.4017,-0.9024,0.0932,0.1243
1782933079933,480,0.30859,-0.06665,-0.94727,0.99849,0.125,-0.312,0.0,0.4017,-0.9024,0.0932,0.1243
1782933079947,494,0.30859,-0.06665,-0.94727,0.99849,0.125,-0.312,0.0,0.4017,-0.9024,0.0932,0.1243
1782933079947,494,0.30713,-0.06543,-0.94629,0.99703,0.188,-0.25,0.125,0.4017,-0.9024,0.0932,0.1243
1782933079948,495,0.31226,-0.06592,-0.94775,1.00004,0.125,-0.375,0.062,0.4017,-0.9024,0.0932,0.1243
1782933079962,509,0.31226,-0.06592,-0.94775,1.00004,0.125,-0.375,0.062,0.4017,-0.9024,0.0932,0.1243
1782933079963,510,0.31543,-0.06421,-0.94458,0.99792,0.312,-0.062,0.125,0.4017,-0.9024,0.0932,0.1243
1782933079963,510,0.31543,-0.06421,-0.94458,0.99792,0.312,-0.062,0.125,0.4017,-0.9024,0.0932,0.1243
1782933079977,524,0.30908,-0.06543,-0.94336,0.99486,0.25,-0.562,0.125,0.4017,-0.9024,0.0932,0.1244
1782933079977,524,0.30957,-0.06104,-0.94604,0.99727,0.25,-0.75,0.312,0.4017,-0.9024,0.0932,0.1244
1782933079978,525,0.30518,-0.06299,-0.94775,0.99766,0.125,-0.562,0.062,0.4017,-0.9024,0.0932,0.1243
1782933079992,539,0.30835,-0.06787,-0.94507,0.99642,0.0,-0.25,0.0,0.4017,-0.9024,0.0932,0.1244
1782933079992,539,0.30713,-0.06714,-0.94727,0.99808,0.125,-0.188,0.062,0.4017,-0.9024,0.0932,0.1244
1782933079993,540,0.31104,-0.0647,-0.94849,1.00028,0.062,-0.125,-0.062,0.4017,-0.9024,0.0932,0.1244
1782933080007,554,0.31104,-0.0647,-0.94849,1.00028,0.062,-0.125,-0.062,0.4017,-0.9024,0.0932,0.1244
1782933080008,555,0.30811,-0.06494,-0.94897,0.99985,0.0,-0.062,0.0,0.4017,-0.9024,0.0932,0.1244
1782933080008,555,0.31079,-0.0625,-0.94336,0.9952,0.125,0.0,-0.062,0.4017,-0.9023,0.0932,0.1245
1782933080022,569,0.30981,-0.0625,-0.94238,0.99397,0.312,-0.25,0.0,0.4017,-0.9023,0.0932,0.1245
1782933080022,569,0.30786,-0.06543,-0.94727,0.99819,0.125,-0.562,0.312,0.4017,-0.9023,0.0932,0.1245
1782933080036,583,0.30786,-0.06543,-0.94727,0.99819,0.125,-0.562,0.312,0.4017,-0.9023,0.0932,0.1245
1782933080037,584,0.30908,-0.06421,-0.94458,0.99593,0.062,-0.375,0.125,0.4017,-0.9023,0.0932,0.1245
1782933080038,585,0.30859,-0.06421,-0.95068,1.00157,0.125,-0.188,0.0,0.4017,-0.9023,0.0932,0.1245
1782933080052,599,0.30688,-0.0647,-0.94775,0.99829,0.125,-0.188,0.125,0.4017,-0.9023,0.0932,0.1245
1782933080053,600,0.30762,-0.06421,-0.9458,0.99664,0.062,0.062,0.062,0.4017,-0.9023,0.0932,0.1246
1782933080054,601,0.30981,-0.06177,-0.94458,0.99601,-0.062,0.188,0.0,0.4017,-0.9023,0.0932,0.1246
1782933080067,614,0.30933,-0.06372,-0.94385,0.99529,0.0,0.0,-0.125,0.4017,-0.9023,0.0932,0.1246
1782933080068,615,0.31104,-0.06177,-0.94434,0.99616,-0.062,-0.438,0.0,0.4017,-0.9023,0.0932,0.1246
1782933080068,615,0.3103,-0.06226,-0.94775,0.9992,0.125,-0.688,0.125,0.4017,-0.9023,0.0932,0.1246
1782933080082,629,0.30835,-0.0625,-0.94556,0.99653,0.125,-0.625,0.125,0.4017,-0.9023,0.0932,0.1246
1782933080082,629,0.30762,-0.0625,-0.94897,0.99954,0.125,-0.5,0.062,0.4017,-0.9023,0.0932,0.1246
1782933080083,630,0.30762,-0.0625,-0.94897,0.99954,0.125,-0.5,0.062,0.4017,-0.9023,0.0932,0.1246
1782933080097,644,0.3103,-0.06543,-0.94678,0.99848,0.0,-0.062,0.125,0.4017,-0.9023,0.0932,0.1247
1782933080097,644,0.31104,-0.06592,-0.94434,0.99643,0.125,-0.312,0.125,0.4017,-0.9023,0.0932,0.1247
1782933080099,646,0.30884,-0.06372,-0.94531,0.99652,0.125,-0.5,0.25,0.4017,-0.9023,0.0932,0.1247
1782933080111,658,0.30884,-0.06372,-0.94531,0.99652,0.125,-0.5,0.25,0.4017,-0.9023,0.0932,0.1247
1782933080112,659,0.31177,-0.06543,-0.9458,0.99801,0.25,-0.312,0.0,0.4017,-0.9023,0.0932,0.1247
1782933080113,660,0.31055,-0.06494,-0.94775,0.99944,0.25,-0.5,0.188,0.4017,-0.9023,0.0933,0.1247
1782933080126,673,0.3064,-0.06372,-0.94629,0.9967,0.375,-0.5,0.188,0.4017,-0.9023,0.0933,0.1247
1782933080127,674,0.3064,-0.06372,-0.94629,0.9967,0.375,-0.5,0.188,0.4017,-0.9023,0.0933,0.1247
1782933080128,675,0.30835,-0.06299,-0.94849,0.99934,0.5,-0.5,0.125,0.4017,-0.9023,0.0933,0.1247
1782933080142,689,0.30811,-0.0647,-0.948,0.99891,0.125,-0.188,0.125,0.4017,-0.9023,0.0933,0.1247
1782933080142,689,0.30884,-0.06592,-0.94678,0.99806,0.125,-0.125,0.0,0.4017,-0.9023,0.0933,0.1247
1782933080143,690,0.31055,-0.06519,-0.94458,0.99645,0.125,-0.375,0.0,0.4017,-0.9023,0.0933,0.1247
1782933080157,704,0.30859,-0.06152,-0.94775,0.99862,0.25,-0.688,0.188,0.4017,-0.9023,0.0933,0.1247
1782933080157,704,0.30835,-0.0647,-0.94531,0.99643,0.438,-0.562,0.438,0.4017,-0.9023,0.0933,0.1247
1782933080158,705,0.30713,-0.06641,-0.94678,0.99756,0.375,-0.625,0.188,0.4017,-0.9023,0.0933,0.1246
1782933080172,719,0.30713,-0.06641,-0.94678,0.99756,0.375,-0.625,0.188,0.4017,-0.9023,0.0933,0.1246
1782933080172,719,0.30566,-0.06323,-0.9458,0.99597,-0.062,-0.312,-0.062,0.4017,-0.9023,0.0933,0.1246
1782933080173,720,0.30859,-0.06274,-0.94482,0.99592,-0.25,-0.062,-0.188,0.4017,-0.9023,0.0933,0.1247
1782933080187,734,0.30957,-0.0625,-0.9458,0.99713,-0.25,0.25,-0.312,0.4017,-0.9023,0.0933,0.1248
1782933080187,734,0.30957,-0.0625,-0.9458,0.99713,-0.25,0.25,-0.312,0.4017,-0.9023,0.0933,0.1248
1782933080202,749,0.31055,-0.0686,-0.94409,0.99622,-0.312,0.188,-0.625,0.4018,-0.9022,0.0933,0.1248
1782933080203,750,0.31055,-0.06421,-0.94629,0.99801,-0.188,-0.062,-0.438,0.4018,-0.9022,0.0933,0.1248
1782933080203,750,0.31445,-0.06177,-0.94629,0.99908,0.0,-0.25,-0.25,0.4018,-0.9022,0.0933,0.1249
1782933080217,764,0.31445,-0.06177,-0.94629,0.99908,0.0,-0.25,-0.25,0.4018,-0.9022,0.0933,0.1249
1782933080217,764,0.31201,-0.06543,-0.95044,1.00248,-0.188,-0.312,0.0,0.4018,-0.9022,0.0933,0.1249
1782933080218,765,0.31055,-0.06616,-0.94727,0.99907,0.188,-0.375,0.188,0.4018,-0.9022,0.0933,0.1249
1782933080231,778,0.30835,-0.06567,-0.94775,0.99881,0.188,-0.375,0.375,0.4018,-0.9022,0.0933,0.1249
1782933080232,779,0.30688,-0.06323,-0.9458,0.99635,0.188,-0.375,0.438,0.4018,-0.9022,0.0933,0.1249
1782933080246,793,0.3103,-0.06177,-0.9458,0.99732,0.562,-0.5,0.5,0.4018,-0.9022,0.0933,0.1249
1782933080247,794,0.31201,-0.06201,-0.948,0.99995,0.438,-0.5,0.688,0.4017,-0.9022,0.0933,0.1249
1782933080248,795,0.30884,-0.05396,-0.95044,1.00081,0.938,-0.625,0.438,0.4017,-0.9022,0.0933,0.1249
1782933080262,809,0.31079,-0.05615,-0.95239,1.00339,1.25,-1.312,0.188,0.4017,-0.9022,0.0933,0.1248
1782933080262,809,0.31396,-0.06421,-0.94727,1.00001,0.75,-0.75,0.5,0.4017,-0.9022,0.0934,0.1248
1782933080263,810,0.30762,-0.07129,-0.93774,0.98948,0.875,-1.562,0.688,0.4017,-0.9023,0.0934,0.1247
1782933080277,824,0.30762,-0.07129,-0.93774,0.98948,0.875,-1.562,0.688,0.4017,-0.9023,0.0934,0.1247
1782933080277,824,0.30688,-0.06665,-0.94434,0.99519,0.938,-2.625,0.562,0.4017,-0.9023,0.0934,0.1245
1782933080277,824,0.30811,-0.0647,-0.94775,0.99867,0.25,-1.375,0.312,0.4017,-0.9023,0.0934,0.1244
1782933080291,838,0.30493,-0.0625,-0.948,0.99779,0.188,-0.562,-0.062,0.4017,-0.9023,0.0934,0.1244
1782933080292,839,0.30835,-0.06592,-0.94775,0.99883,0.125,0.312,-0.188,0.4017,-0.9023,0.0934,0.1245
1782933080292,839,0.30811,-0.06494,-0.94507,0.99615,0.0,0.0,-0.062,0.4017,-0.9023,0.0934,0.1245
1782933080306,853,0.31055,-0.06616,-0.94678,0.9986,0.125,-0.125,-0.25,0.4017,-0.9023,0.0934,0.1245
1782933080307,854,0.30933,-0.0625,-0.94727,0.99845,0.188,-0.125,-0.062,0.4017,-0.9023,0.0934,0.1245
1782933080307,854,0.30981,-0.06641,-0.94434,0.99608,0.25,-0.25,0.0,0.4017,-0.9023,0.0935,0.1245
1782933080321,868,0.31128,-0.06592,-0.94556,0.99766,0.5,-0.688,0.062,0.4017,-0.9023,0.0935,0.1245
1782933080322,869,0.31299,-0.06641,-0.95044,1.00285,0.438,-0.938,0.062,0.4017,-0.9023,0.0935,0.1245
1782933080323,870,0.31299,-0.06641,-0.95044,1.00285,0.438,-0.938,0.062,0.4017,-0.9023,0.0935,0.1245
1782933080337,884,0.31274,-0.06665,-0.94507,0.9977,0.75,-0.812,0.438,0.4017,-0.9023,0.0935,0.1244
1782933080337,884,0.31201,-0.06592,-0.9436,0.99603,1.0,-0.875,0.562,0.4017,-0.9023,0.0935,0.1244
1782933080337,884,0.3103,-0.06299,-0.94482,0.99646,0.812,-1.125,0.5,0.4017,-0.9023,0.0935,0.1243
1782933080352,899,0.30762,-0.06885,-0.94629,0.99741,0.938,-1.625,0.688,0.4017,-0.9024,0.0935,0.1243
1782933080353,900,0.30884,-0.06616,-0.95068,1.00177,0.875,-1.0,0.688,0.4017,-0.9024,0.0936,0.1242
1782933080353,900,0.30737,-0.07056,-0.94507,0.9963,1.062,-0.812,0.562,0.4017,-0.9024,0.0936,0.1242
1782933080367,914,0.31177,-0.06055,-0.94556,0.99747,1.188,-1.312,0.875,0.4016,-0.9024,0.0936,0.1241
1782933080367,914,0.31177,-0.06055,-0.94556,0.99747,1.188,-1.312,0.875,0.4016,-0.9024,0.0936,0.1241
1782933080391,938,0.30469,-0.06616,-0.94556,0.99564,1.062,-1.0,0.5,0.4016,-0.9024,0.0937,0.124
1782933080391,938,0.31177,-0.06738,-0.95215,1.00416,0.5,-0.75,0.375,0.4016,-0.9024,0.0937,0.1239
1782933080391,938,0.30493,-0.06787,-0.94482,0.99512,0.375,0.125,0.312,0.4016,-0.9024,0.0937,0.124
1782933080391,938,0.30493,-0.06787,-0.94482,0.99512,0.375,0.125,0.312,0.4016,-0.9024,0.0937,0.124
1782933080397,944,0.3042,-0.06665,-0.94531,0.99528,0.5,-0.5,0.125,0.4016,-0.9024,0.0938,0.124
1782933080402,949,0.31055,-0.06689,-0.94946,1.00119,0.188,-0.062,0.25,0.4016,-0.9024,0.0938,0.124
1782933080403,950,0.30737,-0.06323,-0.94385,0.99465,0.125,-0.125,0.125,0.4016,-0.9024,0.0938,0.124
1782933080412,959,0.31177,-0.06665,-0.94727,0.99948,0.125,-0.438,0.125,0.4016,-0.9024,0.0938,0.124
1782933080412,959,0.31006,-0.06665,-0.9458,0.99756,0.062,0.0,0.062,0.4016,-0.9024,0.0938,0.124
1782933080412,959,0.30762,-0.06787,-0.94263,0.99388,0.125,-0.438,0.125,0.4016,-0.9024,0.0938,0.124
1782933080426,973,0.30908,-0.06689,-0.94775,0.99912,0.25,-0.5,0.25,0.4016,-0.9024,0.0938,0.124
1782933080429,976,0.31177,-0.07056,-0.95044,1.00275,0.125,-0.312,0.125,0.4016,-0.9024,0.0938,0.124
1782933080429,976,0.30713,-0.06689,-0.94678,0.99759,0.062,-0.312,0.25,0.4016,-0.9024,0.0938,0.1241
1782933080443,990,0.30542,-0.06665,-0.94727,0.99752,0.125,-0.062,0.125,0.4016,-0.9024,0.0938,0.1241
1782933080445,992,0.30737,-0.06909,-0.94727,0.99828,0.25,-0.188,0.312,0.4016,-0.9024,0.0938,0.1241
1782933080447,994,0.30762,-0.06567,-0.9502,1.00091,0.188,-0.125,0.312,0.4015,-0.9024,0.0938,0.1241
1782933080456,1003,0.30786,-0.06787,-0.9458,0.99696,0.125,-0.125,0.188,0.4015,-0.9024,0.0938,0.1242
1782933080475,1022,0.30786,-0.06348,-0.94629,0.99713,0.375,-0.062,0.25,0.4015,-0.9024,0.0939,0.1242
1782933080487,1034,0.30981,-0.06641,-0.9436,0.99538,0.375,0.0,0.188,0.4015,-0.9024,0.0939,0.1242
1782933080488,1035,0.30981,-0.06641,-0.9436,0.99538,0.375,0.0,0.188,0.4015,-0.9024,0.0939,0.1242
1782933080488,1035,0.31201,-0.0603,-0.94482,0.99683,1.125,-0.562,0.125,0.4015,-0.9024,0.0939,0.1242
1782933080489,1036,0.31348,-0.07031,-0.94604,0.9991,0.5,-1.125,0.625,0.4015,-0.9024,0.0939,0.1242
1782933080507,1054,0.30957,-0.06616,-0.95508,1.00618,1.0,-1.312,1.0,0.4014,-0.9025,0.094,0.1239
1782933080507,1054,0.30713,-0.06934,-0.94775,0.99868,0.875,-0.5,0.688,0.4014,-0.9025,0.094,0.1239
1782933080508,1055,0.30493,-0.06714,-0.94214,0.99253,0.875,-0.188,0.438,0.4014,-0.9025,0.0941,0.1239
1782933080517,1064,0.30786,-0.06885,-0.94434,0.99564,0.875,-0.5,0.312,0.4014,-0.9025,0.0941,0.1238
1782933080518,1065,0.30786,-0.06421,-0.94531,0.99625,0.562,-0.125,0.125,0.4014,-0.9025,0.0941,0.1238
1782933080518,1065,0.3103,-0.06348,-0.94165,0.99349,0.375,-0.25,0.562,0.4014,-0.9025,0.0941,0.1238
1782933080550,1097,0.30884,-0.06641,-0.9458,0.99716,0.375,-0.375,0.312,0.4014,-0.9025,0.0941,0.1238
1782933080550,1097,0.30566,-0.06836,-0.9458,0.99631,0.188,-0.312,0.125,0.4014,-0.9025,0.0942,0.1238
1782933080551,1098,0.30713,-0.06714,-0.94409,0.99506,0.125,-0.188,0.062,0.4014,-0.9025,0.0942,0.1238
1782933080551,1098,0.30688,-0.07007,-0.94507,0.99611,0.062,-0.312,0.062,0.4014,-0.9025,0.0942,0.1239
1782933080552,1099,0.30737,-0.06372,-0.94531,0.99607,0.0,-0.062,0.0,0.4014,-0.9025,0.0942,0.1239
1782933080552,1099,0.30591,-0.06592,-0.94849,0.99878,0.0,0.0,-0.062,0.4014,-0.9025,0.0942,0.1239
1782933080561,1108,0.30591,-0.06592,-0.94849,0.99878,0.0,0.0,-0.062,0.4014,-0.9025,0.0942,0.1239
1782933080562,1109,0.30981,-0.06299,-0.94775,0.99909,0.0,-0.25,0.188,0.4014,-0.9025,0.0941,0.1239
1782933080562,1109,0.30786,-0.06738,-0.94897,0.99993,0.0,-0.5,-0.062,0.4014,-0.9025,0.0941,0.1239
1782933080576,1123,0.30786,-0.06738,-0.94897,0.99993,0.0,-0.5,-0.062,0.4014,-0.9025,0.0941,0.1239
1782933080577,1124,0.30884,-0.06787,-0.94727,0.99865,0.125,-0.188,-0.188,0.4014,-0.9025,0.0941,0.124
1782933080591,1138,0.30884,-0.06616,-0.9458,0.99714,0.125,0.0,-0.125,0.4014,-0.9025,0.0941,0.124
1782933080592,1139,0.30884,-0.06616,-0.9458,0.99714,0.125,0.0,-0.125,0.4014,-0.9025,0.0941,0.124
1782933080592,1139,0.31128,-0.06641,-0.94507,0.99723,0.125,0.062,-0.062,0.4014,-0.9024,0.0941,0.124
1782933080607,1154,0.30713,-0.06763,-0.94458,0.99556,0.125,-0.25,-0.125,0.4014,-0.9024,0.0942,0.124
1782933080607,1154,0.31055,-0.06445,-0.94678,0.99849,0.125,-0.562,-0.125,0.4014,-0.9024,0.0941,0.124
1782933080608,1155,0.31055,-0.06445,-0.94678,0.99849,0.125,-0.562,-0.125,0.4014,-0.9024,0.0941,0.124
1782933080622,1169,0.3103,-0.06665,-0.94678,0.99856,0.125,-0.5,0.0,0.4014,-0.9024,0.0941,0.1241
1782933080622,1169,0.31104,-0.06763,-0.94629,0.99839,0.125,-0.438,0.0,0.4014,-0.9024,0.0942,0.1241
1782933080622,1169,0.30786,-0.06714,-0.94727,0.9983,0.125,-0.438,0.0,0.4014,-0.9024,0.0942,0.1241
1782933080636,1183,0.30786,-0.06714,-0.94727,0.9983,0.125,-0.438,0.0,0.4014,-0.9024,0.0942,0.1241
1782933080637,1184,0.30884,-0.0647,-0.94507,0.99636,0.188,-0.312,0.0,0.4014,-0.9024,0.0942,0.1241
1782933080638,1185,0.30981,-0.07275,-0.94873,1.00068,0.062,-0.312,0.0,0.4014,-0.9024,0.0942,0.1241
1782933080652,1199,0.30859,-0.06982,-0.94946,1.00079,0.188,-0.25,0.062,0.4014,-0.9024,0.0942,0.1241
1782933080653,1200,0.30737,-0.06689,-0.94775,0.99859,0.125,-0.062,-0.062,0.4014,-0.9024,0.0942,0.1242
1782933080653,1200,0.31104,-0.06836,-0.94775,0.99982,0.125,-0.25,0.0,0.4014,-0.9024,0.0942,0.1242
1782933080711,1258,0.30811,-0.0647,-0.94678,0.99775,0.125,-0.25,0.0,0.4015,-0.9024,0.0942,0.1242
1782933080712,1259,0.31152,-0.06543,-0.94727,0.99932,0.062,-0.25,0.0,0.4015,-0.9024,0.0942,0.1242
1782933080712,1259,0.31152,-0.06543,-0.94727,0.99932,0.062,-0.25,0.0,0.4015,-0.9024,0.0942,0.1242
1782933080771,1318,0.30542,-0.07104,-0.94531,0.99596,0.125,-0.25,-0.125,0.4015,-0.9024,0.0942,0.1242
1782933080772,1319,0.30713,-0.06812,-0.94727,0.99814,0.0,-0.25,-0.188,0.4015,-0.9024,0.0942,0.1242
1782933080773,1320,0.30981,-0.06519,-0.9458,0.99738,-0.062,0.0,-0.25,0.4016,-0.9023,0.0941,0.1245
1782933080831,1378,0.30786,-0.06616,-0.94556,0.99661,0.125,-0.312,0.188,0.4016,-0.9023,0.0941,0.1245
1782933080832,1379,0.30762,-0.06543,-0.94629,0.99718,0.125,-0.438,0.125,0.4016,-0.9023,0.0941,0.1245
1782933080832,1379,0.30981,-0.06226,-0.94434,0.99581,-0.312,0.062,-0.375,0.4016,-0.9022,0.0942,0.1246
1782933080892,1439,0.30859,-0.06299,-0.94165,0.99293,-0.438,-0.062,-0.438,0.4016,-0.9022,0.0941,0.1246
1782933080892,1439,0.30957,-0.06445,-0.94678,0.99819,-0.062,-0.625,-0.438,0.4017,-0.9022,0.0941,0.1247
1782933080893,1440,0.30908,-0.06274,-0.94971,1.00071,0.0,0.062,-0.562,0.4019,-0.9022,0.0939,0.1248
1782933080952,1499,0.31055,-0.06812,-0.94629,0.99827,-0.062,0.438,0.0,0.4019,-0.9022,0.0939,0.1249
1782933080953,1500,0.31055,-0.06885,-0.94775,0.99971,0.312,-0.938,0.438,0.4019,-0.9022,0.0939,0.1248
1782933080953,1500,0.30981,-0.06738,-0.9458,0.99753,-0.188,0.938,-0.062,0.4018,-0.9022,0.0939,0.1249
1782933081012,1559,0.30981,-0.06738,-0.9458,0.99753,-0.188,0.938,-0.062,0.4018,-0.9022,0.0939,0.1249
1782933081012,1559,0.31177,-0.06348,-0.94287,0.99511,-0.125,0.0,-0.438,0.4019,-0.9021,0.0939,0.1249
1782933081013,1560,0.30688,-0.06543,-0.94849,0.99904,0.0,-0.25,0.312,0.4019,-0.9021,0.0939,0.125
1782933081071,1618,0.30688,-0.06543,-0.94849,0.99904,0.0,-0.25,0.312,0.4019,-0.9021,0.0939,0.125
1782933081072,1619,0.30884,-0.0686,-0.9458,0.99731,0.125,-0.062,0.375,0.4019,-0.9021,0.0939,0.125
1782933081072,1619,0.30737,-0.06445,-0.94067,0.99171,-0.125,0.188,-0.312,0.4019,-0.9021,0.0939,0.1253
1782933081131,1678,0.30737,-0.06445,-0.94067,0.99171,-0.125,0.188,-0.312,0.4019,-0.9021,0.0939,0.1253
1782933081132,1679,0.30908,-0.0647,-0.9436,0.99504,0.062,-0.438,-0.25,0.4019,-0.902,0.0939,0.1253
1782933081132,1679,0.30688,-0.05957,-0.9502,1.0003,0.062,-0.75,-0.5,0.402,-0.902,0.0938,0.1252
1782933081191,1738,0.30933,-0.06372,-0.95142,1.00247,0.0,-0.188,-0.312,0.402,-0.902,0.0938,0.1252
1782933081251,1798,0.30591,-0.06763,-0.95093,1.00121,0.0,0.5,-0.312,0.402,-0.902,0.0938,0.1253
1782933081252,1799,0.30664,-0.06494,-0.94995,1.00033,-0.25,0.0,0.0,0.402,-0.902,0.0938,0.1253
1782933081253,1800,0.31006,-0.06641,-0.94556,0.99731,0.125,0.438,0.0,0.402,-0.902,0.0938,0.1253
1782933081311,1858,0.31396,-0.06592,-0.94897,1.00173,-0.188,-0.375,0.062,0.402,-0.902,0.0938,0.1254
1782933081312,1859,0.30737,-0.06201,-0.9436,0.99434,0.125,-0.625,0.0,0.402,-0.902,0.0938,0.1256
1782933081312,1859,0.31201,-0.0625,-0.94824,1.00021,0.125,-0.438,-0.25,0.4021,-0.9019,0.0938,0.1258
1782933081371,1918,0.31152,-0.0647,-0.94775,0.99973,0.125,-0.562,0.0,0.4021,-0.9019,0.0938,0.1258
1782933081371,1918,0.31128,-0.06421,-0.94312,0.99524,-0.125,-0.438,0.0,0.4021,-0.9019,0.0938,0.1259
1782933081372,1919,0.30859,-0.06348,-0.94409,0.99527,-0.125,0.188,-0.5,0.4023,-0.9018,0.0938,0.126
1782933081431,1978,0.31128,-0.0647,-0.94434,0.99642,-0.312,0.188,-0.562,0.4023,-0.9018,0.0937,0.126
1782933081431,1978,0.30908,-0.06641,-0.9436,0.99515,-0.75,0.25,-0.75,0.4023,-0.9018,0.0937,0.1261
1782933081432,1979,0.31421,-0.06934,-0.94824,1.00135,-0.375,-0.312,0.0,0.4025,-0.9017,0.0935,0.1263
1782933081491,2038,0.30957,-0.06616,-0.94629,0.99784,0.0,-0.375,0.0,0.4025,-0.9017,0.0935,0.1263
1782933081492,2039,0.31445,-0.06763,-0.94946,1.00246,0.188,0.0,0.188,0.4025,-0.9017,0.0936,0.1264
1782933081492,2039,0.31079,-0.06421,-0.94482,0.99669,0.75,-0.688,0.438,0.4023,-0.9018,0.0938,0.126
1782933081551,2098,0.31177,-0.06372,-0.9436,0.99581,0.5,-0.938,0.188,0.4023,-0.9018,0.0938,0.126
1782933081552,2099,0.31274,-0.06763,-0.94727,0.99985,0.375,-1.25,0.438,0.4023,-0.9018,0.0938,0.1259
1782933081552,2099,0.3125,-0.06274,-0.94727,0.99946,-0.625,1.0,-0.75,0.4024,-0.9017,0.0936,0.1263
1782933081611,2158,0.31494,-0.06104,-0.94775,1.00057,-0.5,0.312,-0.062,0.4024,-0.9017,0.0936,0.1264
1782933081611,2158,0.31592,-0.06519,-0.9458,0.9993,0.0,0.25,0.0,0.4024,-0.9017,0.0936,0.1264
1782933081612,2159,0.30591,-0.0647,-0.94263,0.99314,0.812,-0.812,0.688,0.4022,-0.9018,0.0938,0.1259
1782933081671,2218,0.3103,-0.06567,-0.9436,0.99548,0.625,-0.75,0.625,0.4022,-0.9019,0.0938,0.1259
1782933081672,2219,0.31177,-0.06909,-0.94312,0.99572,0.25,-0.75,0.375,0.4022,-0.9019,0.0938,0.1259
1782933081672,2219,0.30835,-0.06738,-0.94727,0.99847,-0.812,-0.688,-0.188,0.4022,-0.9019,0.0935,0.1259
1782933081731,2278,0.30737,-0.06787,-0.9502,1.00098,-0.875,0.0,-0.25,0.4022,-0.9019,0.0935,0.1259
1782933081731,2278,0.30884,-0.06421,-0.95312,1.00396,-0.562,0.062,-0.25,0.4022,-0.9019,0.0935,0.126
1782933081733,2280,0.3103,-0.06323,-0.94727,0.9988,0.5,-0.562,0.312,0.4021,-0.9019,0.0936,0.1259
1782933081791,2338,0.31372,-0.06274,-0.94629,0.99891,0.375,-0.375,0.438,0.4021,-0.9019,0.0936,0.1259
1782933081792,2339,0.31226,-0.06372,-0.94458,0.99689,0.125,-0.5,0.312,0.4021,-0.9019,0.0936,0.1259
1782933081792,2339,0.3103,-0.06616,-0.94531,0.99713,-0.125,-0.062,0.125,0.4021,-0.9019,0.0936,0.126
1782933081851,2398,0.30957,-0.06421,-0.94214,0.99377,0.062,-0.25,-0.062,0.4021,-0.9019,0.0936,0.126
1782933081852,2399,0.31006,-0.06299,-0.94604,0.99755,0.125,-0.5,0.062,0.4021,-0.9019,0.0936,0.126
1782933081852,2399,0.30933,-0.0625,-0.94849,0.99961,0.562,-0.688,0.5,0.4019,-0.902,0.0937,0.1258
1782933081911,2458,0.31006,-0.06494,-0.94922,1.00069,0.5,-0.875,0.812,0.4019,-0.902,0.0937,0.1257
1782933081911,2458,0.31152,-0.06348,-0.9458,0.9978,0.0,-0.188,0.562,0.4019,-0.902,0.0937,0.1257
1782933081912,2459,0.31177,-0.07031,-0.94238,0.9951,0.062,-0.25,-0.125,0.4019,-0.902,0.0937,0.1259
1782933081971,2518,0.30908,-0.06274,-0.94482,0.99607,0.125,-0.25,-0.062,0.4019,-0.902,0.0937,0.1259
1782933081971,2518,0.30884,-0.06226,-0.94507,0.9962,0.125,-0.5,0.125,0.4019,-0.902,0.0937,0.1259
1782933081972,2519,0.31201,-0.06494,-0.94116,0.99365,0.125,-0.188,0.188,0.4019,-0.902,0.0937,0.1259
1782933082032,2579,0.31104,-0.0647,-0.94678,0.99866,0.125,-0.312,0.062,0.4019,-0.902,0.0937,0.1259
1782933082032,2579,0.31299,-0.06226,-0.94189,0.99448,0.062,-0.25,0.188,0.4019,-0.902,0.0937,0.1259
1782933082032,2579,0.31201,-0.06934,-0.94922,1.00159,0.562,-1.0,0.562,0.4018,-0.902,0.0938,0.1257
1782933082091,2638,0.30786,-0.06885,-0.94727,0.99842,0.375,-0.812,0.375,0.4018,-0.902,0.0938,0.1257
1782933082092,2639,0.30762,-0.06543,-0.94458,0.99556,0.188,-1.0,0.562,0.4018,-0.902,0.0938,0.1257
1782933082092,2639,0.30811,-0.06396,-0.94263,0.99377,0.0,-0.25,-0.062,0.4018,-0.902,0.0938,0.1259
1782933082152,2699,0.31152,-0.06396,-0.94238,0.99459,0.0,-0.312,-0.188,0.4018,-0.902,0.0938,0.1259
1782933082152,2699,0.3125,-0.06299,-0.94458,0.99692,0.125,-0.562,-0.125,0.4018,-0.902,0.0938,0.1259
1782933082152,2699,0.31079,-0.06177,-0.94458,0.99631,0.188,-0.438,0.188,0.4018,-0.902,0.0938,0.126
1782933082212,2759,0.31177,-0.06519,-0.948,1.00008,0.188,-0.375,0.25,0.4018,-0.902,0.0938,0.126
1782933082212,2759,0.30835,-0.0647,-0.94482,0.99597,0.188,-0.438,0.438,0.4018,-0.902,0.0938,0.126
1782933082212,2759,0.30835,-0.0647,-0.94482,0.99597,0.188,-0.438,0.438,0.4018,-0.902,0.0938,0.126
1782933082271,2818,0.30933,-0.06445,-0.94995,1.00112,0.125,-0.25,0.0,0.4018,-0.902,0.0938,0.126
1782933082272,2819,0.31177,-0.06787,-0.94629,0.99863,0.0,0.062,0.062,0.4018,-0.902,0.0938,0.126
1782933082272,2819,0.31274,-0.0625,-0.94604,0.99835,0.125,-0.625,0.188,0.4018,-0.902,0.0939,0.126
1782933082331,2878,0.31226,-0.06299,-0.94629,0.99847,0.375,-0.312,0.312,0.4017,-0.902,0.0939,0.126
1782933082332,2879,0.30908,-0.0625,-0.93945,0.99096,0.312,-0.375,0.125,0.4017,-0.902,0.0939,0.126
1782933082334,2881,0.30957,-0.06274,-0.94775,0.999,0.0,-0.312,-0.062,0.4018,-0.902,0.0939,0.1261
1782933082391,2938,0.30713,-0.06323,-0.94824,0.99874,0.125,-0.312,0.062,0.4018,-0.902,0.0939,0.1261
1782933082392,2939,0.31152,-0.06616,-0.94775,0.99983,0.375,-0.438,0.25,0.4018,-0.902,0.0939,0.1261
1782933082392,2939,0.31152,-0.06616,-0.94775,0.99983,0.375,-0.438,0.25,0.4018,-0.902,0.0939,0.1261
1782933082451,2998,0.31006,-0.06812,-0.94434,0.99627,0.125,-1.0,0.0,0.4018,-0.902,0.0939,0.1262
1782933082452,2999,0.31079,-0.06689,-0.94775,0.99965,0.125,-0.625,0.188,0.4018,-0.902,0.0939,0.1262
1782933082452,2999,0.31421,-0.06323,-0.94946,1.0021,0.062,-0.438,0.125,0.4018,-0.902,0.0939,0.1263
1782933082512,3059,0.31128,-0.06543,-0.94727,0.99925,-0.125,-0.375,0.125,0.4017,-0.902,0.0939,0.1263
1782933082512,3059,0.30957,-0.06738,-0.94556,0.99722,0.0,0.0,0.0,0.4018,-0.902,0.0939,0.1263
1782933082512,3059,0.31226,-0.06299,-0.94336,0.99569,0.0,-0.188,0.062,0.4018,-0.9019,0.094,0.1264
1782933082571,3118,0.31152,-0.06641,-0.94385,0.99615,0.125,0.188,-0.312,0.4018,-0.9019,0.094,0.1265
1782933082572,3119,0.31152,-0.06372,-0.94775,0.99967,-0.062,0.062,0.0,0.4018,-0.9019,0.094,0.1265
1782933082572,3119,0.31177,-0.06543,-0.94775,0.99986,0.125,-0.375,-0.125,0.4019,-0.9019,0.0939,0.1267
1782933082632,3179,0.31226,-0.06226,-0.94922,1.0012,0.062,-0.5,0.062,0.4019,-0.9019,0.0939,0.1267
1782933082632,3179,0.31128,-0.06421,-0.94922,1.00102,0.125,-0.625,0.125,0.4019,-0.9019,0.0939,0.1267
1782933082632,3179,0.30908,-0.06641,-0.94727,0.99863,0.25,0.0,-0.062,0.4019,-0.9019,0.094,0.1265
1782933082692,3239,0.30859,-0.06445,-0.94336,0.99464,0.125,-0.312,0.0,0.4019,-0.9019,0.094,0.1265
1782933082692,3239,0.31104,-0.06445,-0.9458,0.99772,0.125,-0.25,0.0,0.4019,-0.9019,0.094,0.1265
1782933082693,3240,0.30908,-0.0647,-0.94629,0.99759,-0.188,0.312,-0.188,0.4019,-0.9019,0.094,0.1266
1782933082752,3299,0.31128,-0.06543,-0.94775,0.9997,-0.062,0.438,-0.188,0.4019,-0.9019,0.094,0.1267
1782933082752,3299,0.31201,-0.06177,-0.94458,0.99669,0.0,0.25,-0.062,0.4019,-0.9018,0.094,0.1267
1782933082753,3300,0.3125,-0.06372,-0.9458,0.99813,0.5,-0.5,0.438,0.4019,-0.9019,0.0941,0.1265
1782933082812,3359,0.3125,-0.06372,-0.9458,0.99813,0.5,-0.5,0.438,0.4019,-0.9019,0.0941,0.1265
1782933082812,3359,0.30884,-0.06421,-0.94556,0.99679,0.375,-0.438,0.25,0.4019,-0.9019,0.0941,0.1265
1782933082812,3359,0.31201,-0.06641,-0.94458,0.99699,-0.125,0.0,0.0,0.4019,-0.9019,0.0941,0.1266
1782933082872,3419,0.31201,-0.06641,-0.94458,0.99699,-0.125,0.0,0.0,0.4019,-0.9019,0.0941,0.1266
1782933082872,3419,0.31128,-0.0647,-0.94629,0.99827,0.0,-0.188,-0.25,0.4019,-0.9019,0.0941,0.1266
1782933082931,3478,0.31323,-0.06592,-0.94678,0.99943,0.0,-0.062,-0.125,0.402,-0.9018,0.0941,0.1269
1782933082932,3479,0.31323,-0.06592,-0.94678,0.99943,0.0,-0.062,-0.125,0.402,-0.9018,0.0941,0.1269
1782933082933,3480,0.31006,-0.06274,-0.94629,0.99777,0.25,-0.625,0.062,0.402,-0.9018,0.0941,0.1269
1782933082992,3539,0.31226,-0.06445,-0.94678,0.99903,0.062,-0.125,0.125,0.402,-0.9017,0.0941,0.1269
1782933082992,3539,0.31226,-0.06665,-0.94775,1.00009,0.125,-0.562,0.188,0.402,-0.9017,0.0941,0.1269
1782933082992,3539,0.31274,-0.06714,-0.94946,1.00189,0.312,0.125,0.312,0.4019,-0.9018,0.0942,0.127
1782933083052,3599,0.31055,-0.06787,-0.94727,0.99918,0.125,0.0,0.5,0.4019,-0.9018,0.0942,0.127
1782933083052,3599,0.31104,-0.06592,-0.95068,1.00244,0.625,-0.062,0.688,0.4019,-0.9018,0.0942,0.127
1782933083052,3599,0.3103,-0.06323,-0.948,0.99949,0.062,0.25,-0.188,0.4017,-0.9019,0.0945,0.1268
1782933083111,3658,0.31104,-0.06274,-0.94678,0.99854,0.0,0.438,-0.625,0.4018,-0.9018,0.0945,0.1269
1782933083112,3659,0.31055,-0.06396,-0.94263,0.99453,-0.312,0.812,-0.625,0.4018,-0.9018,0.0945,0.127
1782933083112,3659,0.31299,-0.06982,-0.94629,0.99915,-0.75,0.312,-0.75,0.4021,-0.9017,0.0942,0.1273
1782933083171,3718,0.31543,-0.06323,-0.94507,0.99832,-0.938,0.25,-0.875,0.4021,-0.9016,0.0942,0.1273
1782933083171,3718,0.31445,-0.06396,-0.94556,0.99853,-0.938,0.438,-0.688,0.4022,-0.9016,0.0942,0.1273
1782933083172,3719,0.31372,-0.06689,-0.94678,0.99964,0.312,-0.938,0.25,0.4022,-0.9016,0.0941,0.1275
1782933083231,3778,0.31177,-0.06299,-0.94922,1.00109,0.312,-1.062,0.188,0.4022,-0.9016,0.0941,0.1275
1782933083231,3778,0.31274,-0.06348,-0.94678,0.99911,0.312,-1.0,0.0,0.4022,-0.9016,0.0941,0.1274
1782933083233,3780,0.30884,-0.06836,-0.94336,0.99498,0.625,-0.625,0.438,0.4022,-0.9017,0.0942,0.127
1782933083291,3838,0.31396,-0.06909,-0.94629,0.9994,0.312,-0.438,0.25,0.4022,-0.9017,0.0942,0.127
1782933083292,3839,0.3103,-0.06738,-0.94604,0.99791,0.125,0.0,0.188,0.4021,-0.9017,0.0942,0.127
1782933083292,3839,0.31128,-0.06567,-0.94678,0.9988,-0.25,0.312,0.0,0.4021,-0.9016,0.0943,0.1272
1782933083352,3899,0.31128,-0.06494,-0.94629,0.99829,-0.062,-0.062,0.0,0.4021,-0.9016,0.0943,0.1273
1782933083352,3899,0.31177,-0.06274,-0.94507,0.99714,-0.125,-0.188,-0.125,0.4022,-0.9016,0.0943,0.1273
1782933083352,3899,0.3125,-0.06641,-0.94629,0.99876,0.688,-1.0,0.5,0.4021,-0.9017,0.0943,0.1271
1782933083411,3958,0.3125,-0.06641,-0.94629,0.99876,0.688,-1.0,0.5,0.4021,-0.9017,0.0943,0.1271
1782933083411,3958,0.3125,-0.06836,-0.94482,0.9975,1.312,-0.875,0.562,0.4021,-0.9017,0.0944,0.1271
1782933083412,3959,0.31274,-0.06323,-0.94409,0.99655,0.312,-0.438,0.188,0.402,-0.9017,0.0946,0.1265
1782933083472,4019,0.3147,-0.06689,-0.94531,0.99856,0.125,-0.188,0.062,0.402,-0.9017,0.0946,0.1266
1782933083472,4019,0.31323,-0.06909,-0.94312,0.99617,-0.125,-0.25,0.188,0.402,-0.9017,0.0946,0.1266
1782933083472,4019,0.3103,-0.06519,-0.94556,0.99731,0.375,-1.188,0.188,0.402,-0.9017,0.0946,0.1267
1782933083531,4078,0.31348,-0.06274,-0.94946,1.00184,0.438,-1.312,0.125,0.402,-0.9018,0.0946,0.1266
1782933083532,4079,0.3125,-0.06226,-0.94849,1.00058,0.625,-0.312,0.125,0.402,-0.9018,0.0946,0.1265
1782933083533,4080,0.31445,-0.06641,-0.948,1.001,0.125,-0.188,0.062,0.402,-0.9018,0.0947,0.1264
1782933083592,4139,0.30664,-0.07104,-0.94727,0.9982,0.125,0.062,-0.125,0.402,-0.9018,0.0947,0.1264
1782933083592,4139,0.30933,-0.0686,-0.94897,1.00047,0.062,-0.062,0.0,0.402,-0.9018,0.0947,0.1265
1782933083592,4139,0.30957,-0.06689,-0.94971,1.00113,0.188,-1.438,0.25,0.402,-0.9018,0.0947,0.1264
1782933083651,4198,0.30884,-0.06201,-0.94995,1.00082,0.312,-0.75,0.0,0.402,-0.9018,0.0947,0.1264
1782933083652,4199,0.31226,-0.06226,-0.94678,0.99889,0.125,0.0,0.0,0.402,-0.9018,0.0947,0.1264
1782933083652,4199,0.31226,-0.06738,-0.94727,0.99968,0.125,-0.125,-0.062,0.402,-0.9017,0.0947,0.1264
1782933083712,4259,0.31445,-0.06519,-0.94556,0.99861,0.125,-0.125,0.062,0.402,-0.9017,0.0947,0.1264
1782933083712,4259,0.31055,-0.06274,-0.94629,0.99792,0.438,-0.75,0.0,0.402,-0.9017,0.0947,0.1264
1782933083712,4259,0.31421,-0.06787,-0.94336,0.99663,0.125,-0.312,0.125,0.402,-0.9018,0.0947,0.1262
1782933083772,4319,0.30933,-0.06689,-0.94067,0.99248,0.438,-0.625,0.438,0.402,-0.9018,0.0947,0.1262
1782933083772,4319,0.31226,-0.06738,-0.94727,0.99968,0.562,-1.125,0.375,0.402,-0.9018,0.0947,0.1262
1782933083772,4319,0.31152,-0.06982,-0.94458,0.99707,0.375,-0.062,0.312,0.402,-0.9018,0.0948,0.1262
1782933083832,4379,0.31226,-0.06689,-0.94238,0.99502,0.125,-0.188,0.125,0.402,-0.9018,0.0949,0.1262
1782933083833,4380,0.31274,-0.0686,-0.94556,0.9983,0.312,-0.438,0.125,0.402,-0.9018,0.0949,0.1262
1782933083833,4380,0.31201,-0.06543,-0.94458,0.99693,-0.188,-0.062,-0.125,0.402,-0.9018,0.0949,0.1263
1782933083892,4439,0.3147,-0.06934,-0.94531,0.99873,-0.438,-0.062,-0.312,0.402,-0.9017,0.0949,0.1263
1782933083892,4439,0.30884,-0.06885,-0.94043,0.99224,-0.312,-0.125,-0.312,0.402,-0.9017,0.0948,0.1264
1782933083892,4439,0.30908,-0.06909,-0.94556,0.99719,-0.188,-0.312,0.0,0.4021,-0.9017,0.0947,0.1267
1782933083951,4498,0.31445,-0.06445,-0.94336,0.99647,-0.062,-0.75,0.0,0.4021,-0.9017,0.0947,0.1267
1782933083951,4498,0.3147,-0.06641,-0.94629,0.99946,0.062,-0.812,0.0,0.4021,-0.9017,0.0946,0.1266
1782933083952,4499,0.31201,-0.06592,-0.94922,1.00136,0.125,-0.062,0.062,0.4021,-0.9017,0.0946,0.1267
1782933084011,4558,0.31104,-0.06738,-0.94727,0.9993,0.125,-0.25,0.125,0.4021,-0.9017,0.0946,0.1267
1782933084011,4558,0.31055,-0.06689,-0.94312,0.99518,0.062,-0.125,0.125,0.4021,-0.9017,0.0946,0.1267
1782933084013,4560,0.31055,-0.06519,-0.94678,0.99854,-0.438,0.062,-0.188,0.4022,-0.9017,0.0946,0.1268
1782933084072,4619,0.3125,-0.06641,-0.94775,1.00015,-0.188,0.625,-0.438,0.4022,-0.9016,0.0946,0.1269
1782933084072,4619,0.3125,-0.06543,-0.94312,0.9957,-0.312,0.438,-0.375,0.4022,-0.9016,0.0946,0.127
1782933084072,4619,0.31396,-0.07056,-0.94434,0.99766,0.375,-1.062,0.562,0.4022,-0.9016,0.0947,0.127
1782933084132,4679,0.30957,-0.06372,-0.94409,0.99559,0.188,-0.688,0.312,0.4022,-0.9016,0.0947,0.1269
1782933084191,4738,0.30859,-0.06494,-0.94312,0.99444,0.312,-0.812,0.25,0.4022,-0.9016,0.0947,0.1268
1782933084192,4739,0.30859,-0.06494,-0.94312,0.99444,0.312,-0.812,0.25,0.4022,-0.9016,0.0947,0.1268
1782933084192,4739,0.31177,-0.06665,-0.94482,0.99716,-0.125,-0.938,0.062,0.4022,-0.9016,0.0946,0.1268
1782933084252,4799,0.31079,-0.06885,-0.94409,0.99631,-0.062,-0.688,-0.125,0.4022,-0.9016,0.0946,0.1268
1782933084252,4799,0.31348,-0.06982,-0.94946,1.00231,-0.125,-0.688,0.312,0.4022,-0.9016,0.0946,0.127
1782933084252,4799,0.31104,-0.07007,-0.94507,0.9974,-0.25,-0.312,0.5,0.4022,-0.9016,0.0946,0.127
1782933084312,4859,0.31006,-0.06738,-0.93823,0.99043,0.125,-0.312,0.125,0.4022,-0.9016,0.0946,0.1271
1782933084312,4859,0.30957,-0.05688,-0.94629,0.99726,0.0,-0.562,-0.438,0.4022,-0.9016,0.0946,0.127
1782933084312,4859,0.31348,-0.06104,-0.94409,0.99665,0.125,-0.625,0.0,0.4023,-0.9016,0.0946,0.1273
1782933084371,4918,0.31226,-0.06616,-0.94336,0.9959,0.25,-0.625,0.188,0.4023,-0.9016,0.0946,0.1273
1782933084372,4919,0.31152,-0.06348,-0.94434,0.99642,0.438,-1.125,0.125,0.4023,-0.9016,0.0946,0.1272
1782933084372,4919,0.31274,-0.06714,-0.94263,0.99542,-0.125,-0.25,-0.188,0.4024,-0.9015,0.0945,0.1273
1782933084432,4979,0.3125,-0.06812,-0.94458,0.99726,-0.062,-0.75,0.0,0.4024,-0.9015,0.0945,0.1273
1782933084433,4980,0.31152,-0.06763,-0.94824,1.00039,0.0,-1.062,-0.062,0.4024,-0.9015,0.0944,0.1273
1782933084433,4980,0.31152,-0.06763,-0.94824,1.00039,0.0,-1.062,-0.062,0.4024,-0.9015,0.0944,0.1273
1782933084492,5039,0.31445,-0.06494,-0.94849,1.00136,0.312,-0.688,0.562,0.4024,-0.9015,0.0945,0.1274
1782933084492,5039,0.31421,-0.06421,-0.94995,1.00262,0.438,-0.562,0.5,0.4024,-0.9015,0.0945,0.1274
1782933084492,5039,0.31421,-0.06421,-0.94995,1.00262,0.438,-0.562,0.5,0.4024,-0.9015,0.0945,0.1274
1782933084551,5098,0.31177,-0.06787,-0.94434,0.99679,0.312,-0.062,0.062,0.4021,-0.9016,0.0948,0.1273
1782933084552,5099,0.31348,-0.06226,-0.94629,0.9988,0.438,-0.125,0.5,0.4021,-0.9016,0.0948,0.1273
1782933084553,5100,0.31274,-0.06616,-0.94409,0.99674,-0.938,1.375,-1.062,0.4022,-0.9016,0.0948,0.1275
1782933084611,5158,0.31543,-0.07031,-0.93945,0.99348,-1.375,0.875,-0.938,0.4023,-0.9015,0.0947,0.1276
1782933084611,5158,0.31519,-0.06689,-0.94507,0.99849,-1.5,0.438,-0.688,0.4023,-0.9015,0.0947,0.1276
1782933084612,5159,0.31519,-0.06689,-0.94507,0.99849,-1.5,0.438,-0.688,0.4023,-0.9015,0.0947,0.1276
1782933084671,5218,0.3147,-0.07056,-0.94775,1.00112,0.125,-1.25,0.125,0.4024,-0.9014,0.0944,0.1278
1782933084671,5218,0.31519,-0.06396,-0.95068,1.00361,0.188,-0.875,0.25,0.4024,-0.9014,0.0944,0.1278
1782933084672,5219,0.31519,-0.06396,-0.95068,1.00361,0.188,-0.875,0.25,0.4024,-0.9014,0.0944,0.1278
1782933084733,5280,0.31177,-0.06567,-0.94678,0.99895,0.25,-1.062,0.0,0.4024,-0.9015,0.0944,0.1276
1782933084733,5280,0.30933,-0.06909,-0.94971,1.0012,0.125,-0.75,0.312,0.4024,-0.9015,0.0944,0.1276
1782933084734,5281,0.31201,-0.06519,-0.9458,0.99807,0.062,0.75,0.0,0.4024,-0.9014,0.0945,0.1277
1782933084792,5339,0.31274,-0.06738,-0.94727,0.99983,-0.188,0.312,-0.062,0.4024,-0.9014,0.0946,0.1278
1782933084792,5339,0.31494,-0.06592,-0.94165,0.99511,-0.188,0.312,0.062,0.4024,-0.9014,0.0946,0.1278
1782933084792,5339,0.31836,-0.06836,-0.94141,0.99613,-0.375,0.125,-0.062,0.4025,-0.9014,0.0944,0.1281
1782933084851,5398,0.31836,-0.06836,-0.94141,0.99613,-0.375,0.125,-0.062,0.4025,-0.9014,0.0944,0.1281
1782933084852,5399,0.31128,-0.05957,-0.94629,0.99795,0.0,-0.562,-0.438,0.4025,-0.9014,0.0944,0.1281
1782933084852,5399,0.31519,-0.06616,-0.94604,0.99936,0.188,-0.625,0.0,0.4025,-0.9013,0.0944,0.1281
1782933084911,5458,0.31299,-0.06836,-0.94678,0.99951,0.062,-0.5,0.188,0.4025,-0.9013,0.0944,0.1281
1782933084912,5459,0.31348,-0.06689,-0.94775,1.00049,-0.25,0.125,-0.188,0.4025,-0.9013,0.0944,0.1281
1782933084912,5459,0.31592,-0.05542,-0.95312,1.00564,-0.625,0.062,-0.25,0.4026,-0.9013,0.0942,0.1283
1782933084971,5518,0.31592,-0.06641,-0.94629,0.99984,-0.812,1.375,-0.125,0.4026,-0.9013,0.0942,0.1284
1782933084971,5518,0.3125,-0.06934,-0.93848,0.99157,-0.25,0.562,-0.125,0.4026,-0.9013,0.0942,0.1284
1782933084972,5519,0.32227,-0.06079,-0.94995,1.00497,-0.062,0.125,-0.375,0.4027,-0.9013,0.0942,0.1286
1782933085032,5579,0.323,-0.06104,-0.94922,1.00453,-0.062,0.125,-0.125,0.4027,-0.9012,0.0942,0.1286
1782933085032,5579,0.31226,-0.06177,-0.94165,0.994,-0.062,-0.625,0.0,0.4027,-0.9012,0.0942,0.1286
1782933085033,5580,0.31689,-0.06055,-0.94531,0.99885,-0.312,-0.312,-0.188,0.4028,-0.9011,0.0941,0.1289
1782933085092,5639,0.31689,-0.06055,-0.94531,0.99885,-0.312,-0.312,-0.188,0.4028,-0.9011,0.0941,0.1289
1782933085092,5639,0.31494,-0.06274,-0.94263,0.99583,-0.125,0.0,-0.062,0.4028,-0.9011,0.0941,0.1289
1782933085092,5639,0.31689,-0.06665,-0.94629,1.00016,0.0,-0.438,0.0,0.4028,-0.9011,0.0939,0.1291
1782933085151,5698,0.31396,-0.06396,-0.94678,0.99953,0.0,-0.562,0.062,0.4028,-0.9011,0.0939,0.1291
1782933085151,5698,0.31641,-0.06299,-0.94873,1.00208,0.062,-0.5,0.0,0.4028,-0.9011,0.0939,0.1291
1782933085152,5699,0.31934,-0.05957,-0.95386,1.00766,0.0,0.0,0.0,0.4029,-0.9011,0.0939,0.1292
1782933085212,5759,0.31934,-0.05957,-0.95386,1.00766,0.0,0.0,0.0,0.4029,-0.9011,0.0939,0.1292
1782933085212,5759,0.31226,-0.06543,-0.93774,0.99053,0.188,-0.938,0.188,0.4029,-0.9011,0.094,0.1293
1782933085212,5759,0.31299,-0.06274,-0.93604,0.98897,0.0,0.312,-0.062,0.4028,-0.9011,0.094,0.1293
1782933085271,5818,0.3147,-0.05835,-0.94165,0.99456,-0.062,-0.25,-0.062,0.4028,-0.9011,0.0939,0.1293
1782933085272,5819,0.31934,-0.06079,-0.94458,0.99895,0.125,-0.312,0.0,0.4029,-0.9011,0.0939,0.1293
1782933085332,5879,0.31445,-0.06396,-0.94336,0.99644,-0.188,-0.062,-0.125,0.4029,-0.9011,0.0939,0.1293
1782933085334,5881,0.31445,-0.06421,-0.94336,0.99646,-0.188,0.0,-0.188,0.4029,-0.901,0.0939,0.1293
1782933085334,5881,0.31592,-0.06226,-0.9436,0.99703,-0.188,-0.062,-0.312,0.4029,-0.901,0.0939,0.1293
1782933085392,5939,0.31787,-0.05713,-0.9563,1.00936,-0.188,0.0,0.062,0.403,-0.901,0.0938,0.1295
1782933085392,5939,0.31543,-0.06763,-0.94312,0.99677,-0.375,1.0,0.188,0.4029,-0.901,0.0938,0.1295
1782933085392,5939,0.31543,-0.06763,-0.94312,0.99677,-0.375,1.0,0.188,0.4029,-0.901,0.0938,0.1295
1782933085451,5998,0.31812,-0.06445,-0.94092,0.99533,0.125,-0.125,-0.125,0.403,-0.901,0.0939,0.1295
1782933085451,5998,0.31519,-0.05981,-0.94604,0.99896,0.125,-0.25,0.0,0.403,-0.901,0.0939,0.1296
1782933085452,5999,0.3147,-0.06226,-0.94434,0.99734,0.0,-0.562,0.375,0.4029,-0.901,0.0939,0.1296
1782933085512,6059,0.31226,-0.06079,-0.9458,0.99787,0.062,0.0,0.125,0.4029,-0.901,0.0939,0.1296
1782933085512,6059,0.31396,-0.06201,-0.94678,0.9994,-0.188,-0.125,0.0,0.4029,-0.901,0.0939,0.1296
1782933085512,6059,0.31543,-0.06177,-0.94678,0.99985,0.125,-0.75,0.0,0.4029,-0.9009,0.0938,0.1298
1782933085571,6118,0.31934,-0.06274,-0.94629,1.00069,0.125,-0.812,0.062,0.4029,-0.9009,0.0938,0.1298
1782933085572,6119,0.31616,-0.06177,-0.94971,1.00286,0.125,-0.5,-0.125,0.4029,-0.9009,0.0938,0.1298
1782933085572,6119,0.31567,-0.06519,-0.94312,0.99668,0.312,-0.75,0.438,0.4029,-0.901,0.0938,0.1296
1782933085640,6187,0.31714,-0.06543,-0.94312,0.99716,0.5,-0.625,0.125,0.4029,-0.901,0.0939,0.1296
1782933085640,6187,0.31348,-0.05884,-0.94238,0.99489,0.25,-0.812,0.0,0.4029,-0.901,0.0939,0.1296
1782933085640,6187,0.31641,-0.06201,-0.94482,0.99832,0.0,-0.062,0.188,0.4029,-0.901,0.0939,0.1296
1782933085691,6238,0.31812,-0.05933,-0.94482,0.9987,0.125,0.0,0.375,0.4029,-0.901,0.0939,0.1296
1782933085691,6238,0.31958,-0.06445,-0.94556,1.00018,0.062,-0.125,0.125,0.4028,-0.901,0.0939,0.1296
1782933085692,6239,0.31396,-0.06543,-0.94409,0.99707,0.188,-0.438,0.25,0.4028,-0.901,0.094,0.1298
1782933085751,6298,0.31299,-0.06372,-0.94434,0.9969,0.062,-0.125,0.0,0.4028,-0.901,0.094,0.1298
1782933085751,6298,0.31592,-0.06177,-0.94531,0.99862,0.125,-0.062,0.062,0.4028,-0.901,0.094,0.1298
1782933085752,6299,0.32104,-0.05469,-0.94824,1.0026,-0.5,-1.062,0.25,0.4028,-0.9009,0.094,0.13
1782933085812,6359,0.31201,-0.06348,-0.93799,0.99056,-0.375,0.0,-0.562,0.4028,-0.9009,0.0939,0.13
1782933085812,6359,0.3147,-0.06714,-0.93872,0.99234,-0.688,0.5,-0.562,0.4029,-0.9009,0.0939,0.13
1782933085812,6359,0.31445,-0.06226,-0.94019,0.99333,0.125,-0.75,0.5,0.403,-0.9008,0.0937,0.1305
1782933085871,6418,0.31445,-0.06226,-0.94019,0.99333,0.125,-0.75,0.5,0.403,-0.9008,0.0937,0.1305
1782933085878,6425,0.3208,-0.06494,-0.94141,0.99669,0.5,-1.062,0.625,0.403,-0.9009,0.0938,0.1304
1782933085879,6426,0.31641,-0.06494,-0.94531,0.99897,-0.062,0.0,-0.188,0.403,-0.9009,0.0938,0.1301
1782933085932,6479,0.31665,-0.05737,-0.94409,0.99743,0.125,-0.312,-0.125,0.403,-0.9009,0.0938,0.1301
1782933085932,6479,0.31738,-0.06226,-0.94824,1.00188,0.125,-0.438,0.0,0.403,-0.9009,0.0938,0.1301
1782933085933,6480,0.31738,-0.0647,-0.94312,0.99719,0.125,-0.25,0.188,0.403,-0.9009,0.0938,0.1301
1782933085991,6538,0.31519,-0.06274,-0.94238,0.99567,0.25,-0.25,0.0,0.403,-0.9009,0.0938,0.1301
1782933085992,6539,0.31787,-0.06201,-0.94141,0.99556,0.188,-0.125,0.25,0.403,-0.9009,0.0938,0.1301
1782933085992,6539,0.31641,-0.06226,-0.94238,0.99603,0.188,-0.125,0.0,0.4029,-0.9009,0.0939,0.1303
1782933086051,6598,0.31885,-0.05884,-0.94678,1.00076,0.188,-0.25,0.188,0.4029,-0.9009,0.0939,0.1303
1782933086051,6598,0.31714,-0.06274,-0.94141,0.99537,0.125,-0.25,0.125,0.4029,-0.9009,0.0939,0.1303
1782933086052,6599,0.31592,-0.0603,-0.94727,1.00038,0.0,-0.562,0.062,0.4029,-0.9009,0.0939,0.1303
1782933086111,6658,0.31372,-0.06274,-0.94824,1.00076,0.188,-0.062,0.25,0.4029,-0.9009,0.0939,0.1303
1782933086111,6658,0.31445,-0.06177,-0.94507,0.99792,0.0,-0.188,0.188,0.4029,-0.9009,0.0939,0.1304
1782933086112,6659,0.31519,-0.06543,-0.94531,0.99862,0.0,-0.5,0.0,0.4029,-0.9009,0.0939,0.1302
1782933086171,6718,0.31567,-0.06226,-0.9436,0.99695,0.188,-0.438,0.0,0.4029,-0.9009,0.0939,0.1302
1782933086172,6719,0.31396,-0.0603,-0.94385,0.99652,0.125,-0.562,0.0,0.4029,-0.9009,0.0939,0.1302
1782933086172,6719,0.31689,-0.05957,-0.94678,1.00018,0.75,-1.188,0.375,0.4029,-0.9009,0.094,0.13
1782933086233,6780,0.31396,-0.06372,-0.94629,0.99905,0.875,-0.75,0.562,0.4028,-0.9009,0.094,0.13
1782933086233,6780,0.31714,-0.06055,-0.94458,0.99824,1.312,-0.875,0.312,0.4028,-0.9009,0.0941,0.1299
1782933086234,6781,0.31592,-0.0647,-0.94629,0.99973,2.125,-1.938,0.938,0.4026,-0.9011,0.0946,0.129
1782933086291,6838,0.31763,-0.08105,-0.94336,0.99869,-0.812,-2.25,1.438,0.4026,-0.9012,0.0946,0.129
1782933086292,6839,0.29688,-0.06934,-0.93066,0.97932,1.312,0.375,0.0,0.4026,-0.9012,0.0946,0.1289
1782933086292,6839,0.29688,-0.06934,-0.93066,0.97932,1.312,0.375,0.0,0.4026,-0.9012,0.0946,0.1289
1782933086351,6898,0.32202,-0.05908,-0.94507,1.00017,0.0,-0.125,-0.438,0.4027,-0.9011,0.0947,0.129
1782933086352,6899,0.32129,-0.05957,-0.95093,1.00551,0.312,-0.625,0.062,0.4027,-0.9011,0.0947,0.129
1782933086352,6899,0.32129,-0.05957,-0.95093,1.00551,0.312,-0.625,0.062,0.4027,-0.9011,0.0947,0.129
1782933086411,6958,0.32129,-0.05957,-0.95093,1.00551,0.312,-0.625,0.062,0.4027,-0.9011,0.0947,0.129
1782933086411,6958,0.31665,-0.06323,-0.94604,0.99963,1.0,-0.5,0.438,0.4025,-0.9013,0.0949,0.1282
1782933086412,6959,0.31665,-0.06323,-0.94604,0.99963,1.0,-0.5,0.438,0.4025,-0.9013,0.0949,0.1282
1782933086472,7019,0.31592,-0.06592,-0.94775,1.00119,0.375,0.688,-0.188,0.4026,-0.9013,0.095,0.128
1782933086473,7020,0.31665,-0.06616,-0.94946,1.00305,0.25,0.0,-0.188,0.4026,-0.9013,0.095,0.1281
1782933086473,7020,0.31226,-0.06592,-0.94775,1.00004,0.625,-0.562,0.25,0.4025,-0.9013,0.0953,0.1275
1782933086532,7079,0.31323,-0.07104,-0.94214,0.99538,0.875,-0.5,0.375,0.4025,-0.9013,0.0953,0.1275
1782933086533,7080,0.31201,-0.06812,-0.94531,0.9978,1.125,-1.062,0.312,0.4025,-0.9013,0.0954,0.1274
1782933086533,7080,0.31519,-0.07739,-0.93921,0.9937,0.125,0.812,0.625,0.4025,-0.9014,0.0957,0.127
1782933086591,7138,0.31226,-0.07837,-0.93506,0.98893,-0.062,-0.125,0.938,0.4025,-0.9014,0.0957,0.127
1782933086592,7139,0.31299,-0.06665,-0.94409,0.99685,-0.688,-1.688,1.125,0.4024,-0.9014,0.0956,0.1269
1782933086592,7139,0.31885,-0.07178,-0.93506,0.99053,0.312,-1.25,1.125,0.4023,-0.9014,0.0953,0.1278
1782933086651,7198,0.31128,-0.06372,-0.9458,0.99774,1.562,-3.688,1.375,0.4022,-0.9014,0.0953,0.1276
1782933086651,7198,0.31201,-0.06226,-0.94971,1.00159,1.5,-2.5,1.188,0.4022,-0.9015,0.0953,0.1274
1782933086652,7199,0.31714,-0.06885,-0.94482,0.999,0.25,0.438,0.062,0.402,-0.9015,0.0955,0.1273
1782933086711,7258,0.31665,-0.06274,-0.9458,0.99937,0.125,0.0,0.312,0.402,-0.9015,0.0955,0.1273
1782933086711,7258,0.31665,-0.06396,-0.9458,0.99945,0.25,-0.438,0.125,0.402,-0.9015,0.0955,0.1274
1782933086712,7259,0.31299,-0.06982,-0.94629,0.99915,0.562,-0.438,0.375,0.402,-0.9016,0.0957,0.127
1782933086771,7318,0.31323,-0.06982,-0.94385,0.99692,0.875,-0.375,0.5,0.402,-0.9016,0.0957,0.127
1782933086771,7318,0.31372,-0.06885,-0.94312,0.99631,0.875,-0.438,0.375,0.402,-0.9016,0.0957,0.127
1782933086772,7319,0.31372,-0.06885,-0.94312,0.99631,0.875,-0.438,0.375,0.402,-0.9016,0.0957,0.127
1782933086833,7380,0.31372,-0.06885,-0.94312,0.99631,0.875,-0.438,0.375,0.402,-0.9016,0.0957,0.127
1782933086833,7380,0.30884,-0.06982,-0.94678,0.99832,-0.062,-0.875,-0.375,0.4021,-0.9016,0.0957,0.1267
1782933086834,7381,0.31201,-0.06836,-0.94409,0.99666,0.125,-0.688,0.0,0.4022,-0.9016,0.0956,0.1267
1782933086891,7438,0.31274,-0.07129,-0.94507,0.99802,0.375,-1.188,-0.125,0.4023,-0.9016,0.0956,0.1266
1782933086891,7438,0.31177,-0.06812,-0.94458,0.99703,0.125,-1.062,0.062,0.4023,-0.9016,0.0956,0.1265
1782933086892,7439,0.31372,-0.06689,-0.9458,0.99872,-0.25,-0.438,-0.5,0.4024,-0.9014,0.0955,0.1267
1782933087011,7558,0.31592,-0.07031,-0.94775,1.00149,-0.125,-0.312,-0.5,0.4025,-0.9014,0.0955,0.1267
1782933087012,7559,0.3147,-0.06885,-0.94556,0.99893,-0.125,-0.438,-0.312,0.4025,-0.9014,0.0955,0.1267
1782933087037,7584,0.31104,-0.06909,-0.93896,0.99155,-1.312,0.875,-0.875,0.4026,-0.9014,0.0953,0.127
1782933087037,7584,0.31006,-0.06396,-0.94531,0.99691,-1.5,0.75,-1.062,0.4026,-0.9014,0.0952,0.127
1782933087071,7618,0.31445,-0.06641,-0.94629,0.99938,-1.875,1.5,-1.188,0.4027,-0.9013,0.0952,0.1272
1782933087132,7679,0.31567,-0.06836,-0.94629,0.99989,-0.312,-0.125,0.062,0.4027,-0.9013,0.0949,0.1276
1782933087133,7680,0.31592,-0.06763,-0.94385,0.99761,0.188,-0.75,0.438,0.4027,-0.9013,0.0948,0.1278
1782933087133,7680,0.31372,-0.06201,-0.94873,1.00118,0.188,-0.688,0.375,0.4027,-0.9013,0.0948,0.1278
1782933087191,7738,0.31299,-0.06567,-0.94482,0.99748,0.188,-1.0,0.312,0.4027,-0.9013,0.0948,0.1278
1782933087191,7738,0.31372,-0.07178,-0.93262,0.98659,-0.625,-0.938,-0.188,0.4027,-0.9013,0.0947,0.1277
1782933087192,7739,0.31445,-0.06055,-0.94458,0.99738,0.188,-0.562,0.125,0.4027,-0.9013,0.0946,0.1278
1782933087251,7798,0.31592,-0.06543,-0.94678,1.00024,-0.125,-0.5,0.312,0.4027,-0.9013,0.0946,0.1278
1782933087251,7798,0.31201,-0.06104,-0.94312,0.99526,0.25,0.062,0.0,0.4027,-0.9013,0.0946,0.1278
1782933087252,7799,0.31372,-0.0752,-0.94775,1.00115,0.125,-1.438,0.25,0.4025,-0.9014,0.0947,0.1276
1782933087311,7858,0.31055,-0.07471,-0.94629,0.99874,0.375,0.812,0.562,0.4025,-0.9014,0.0947,0.1276
1782933087311,7858,0.31641,-0.06445,-0.95068,1.00402,0.125,-0.5,0.625,0.4025,-0.9014,0.0948,0.1276
1782933087312,7859,0.31494,-0.0686,-0.93677,0.99067,1.25,-2.125,0.75,0.4024,-0.9014,0.095,0.1275
1782933087371,7918,0.30908,-0.07227,-0.94043,0.99255,0.75,-2.875,0.625,0.4024,-0.9014,0.095,0.1274
1782933087371,7918,0.30908,-0.06665,-0.94775,0.9991,0.438,-1.25,-0.062,0.4024,-0.9014,0.095,0.1272
1782933087372,7919,0.31177,-0.06836,-0.94141,0.99405,0.125,-0.562,0.188,0.4024,-0.9014,0.095,0.1272
1782933087433,7980,0.31543,-0.06543,-0.94434,0.99778,-0.125,-0.688,-0.062,0.4024,-0.9014,0.095,0.1272
1782933087434,7981,0.31519,-0.0686,-0.94019,0.99399,0.125,-1.125,0.0,0.4024,-0.9014,0.095,0.1272
1782933087435,7982,0.30762,-0.07202,-0.94775,0.99902,0.0,-0.5,-0.062,0.4024,-0.9016,0.0949,0.1267
1782933087491,8038,0.30933,-0.06714,-0.94824,0.99968,0.0,0.812,-0.312,0.4024,-0.9015,0.0949,0.1267
1782933087491,8038,0.31226,-0.07227,-0.94458,0.99748,-0.25,0.812,-0.375,0.4024,-0.9015,0.0949,0.1268
1782933087492,8039,0.31616,-0.06274,-0.9519,1.00499,0.0,0.375,0.562,0.4024,-0.9015,0.0951,0.1271
1782933087551,8098,0.32007,-0.06055,-0.94629,1.00079,0.5,1.938,0.812,0.4023,-0.9015,0.0951,0.1271
1782933087552,8099,0.31836,-0.06689,-0.93945,0.99418,0.312,0.5,1.25,0.4022,-0.9015,0.0952,0.1272
1782933087552,8099,0.31348,-0.07104,-0.94971,1.00263,0.938,-1.312,0.25,0.402,-0.9017,0.0955,0.1265
1782933087611,8158,0.3103,-0.07129,-0.948,1.00004,1.125,-1.062,0.125,0.402,-0.9017,0.0955,0.1265
1782933087612,8159,0.31079,-0.06714,-0.9502,1.00199,0.938,-0.188,0.062,0.402,-0.9017,0.0956,0.1265
1782933087612,8159,0.32593,-0.07178,-0.94604,1.00318,-2.188,-0.562,0.0,0.402,-0.9016,0.0953,0.127
1782933087671,8218,0.31714,-0.05176,-0.95166,1.00445,-1.812,-1.062,0.812,0.402,-0.9017,0.0952,0.127
1782933087672,8219,0.31714,-0.04858,-0.95239,1.00498,-2.375,-1.562,0.688,0.4019,-0.9017,0.0951,0.127
1782933087672,8219,0.31665,-0.07104,-0.94214,0.99646,-0.125,-2.062,-0.25,0.4017,-0.9018,0.0945,0.1271
1782933087733,8280,0.31104,-0.06396,-0.94946,1.00115,0.0,-2.5,0.0,0.4017,-0.9019,0.0944,0.127
1782933087734,8281,0.31079,-0.06152,-0.94775,0.9993,0.062,-1.812,0.188,0.4017,-0.9019,0.0944,0.127
1782933087735,8282,0.30933,-0.06885,-0.94336,0.99517,1.0,-1.5,-0.312,0.4019,-0.9018,0.0947,0.1266
1782933087791,8338,0.31494,-0.07593,-0.94287,0.99697,1.375,-0.25,-0.062,0.4019,-0.9018,0.0947,0.1266
1782933087792,8339,0.31689,-0.07422,-0.94629,1.0007,1.188,-0.688,0.0,0.4019,-0.9018,0.0947,0.1265
1782933087792,8339,0.30835,-0.08154,-0.94727,0.99952,0.812,-0.938,0.188,0.4017,-0.9019,0.0952,0.1259
1782933087851,8398,0.31177,-0.07153,-0.95361,1.00583,0.938,0.0,0.375,0.4017,-0.9019,0.0952,0.1258
1782933087851,8398,0.3103,-0.06909,-0.94067,0.99293,0.062,2.875,0.188,0.4016,-0.9019,0.0953,0.126
1782933087852,8399,0.31641,-0.06421,-0.94727,1.00078,2.062,-1.188,1.375,0.4013,-0.902,0.0958,0.1259
1782933087911,8458,0.31494,-0.06348,-0.9458,0.99888,1.188,-1.875,1.438,0.4013,-0.9021,0.0958,0.1258
1782933087911,8458,0.31323,-0.06641,-0.94336,0.99622,1.125,-1.188,1.562,0.4012,-0.9021,0.0958,0.1257
1782933087912,8459,0.31348,-0.0647,-0.94312,0.99596,-0.312,0.75,0.062,0.4009,-0.9022,0.096,0.1256
1782933087970,8517,0.31201,-0.06909,-0.94775,1.00018,-0.625,0.188,-0.312,0.4009,-0.9022,0.096,0.1257
1782933087971,8518,0.3125,-0.07251,-0.94434,0.99734,-0.375,0.25,-0.188,0.4009,-0.9022,0.096,0.1257
1782933087972,8519,0.31226,-0.06909,-0.9458,0.99841,-0.812,0.0,-0.438,0.4011,-0.9021,0.0957,0.126
1782933088033,8580,0.31079,-0.06738,-0.94531,0.99737,-1.062,0.375,-0.5,0.4011,-0.9021,0.0957,0.126
1782933088033,8580,0.31006,-0.06494,-0.94775,0.99929,-1.125,0.562,-0.688,0.4011,-0.9021,0.0957,0.1261
1782933088033,8580,0.31641,-0.06665,-0.9502,1.00371,-0.5,-1.812,-0.062,0.4012,-0.902,0.0952,0.1264
1782933088093,8640,0.31152,-0.06543,-0.95093,1.00279,-0.562,-1.5,0.125,0.4012,-0.9021,0.0951,0.1264
1782933088093,8640,0.31055,-0.06201,-0.94849,0.99996,-0.562,-0.688,-0.188,0.4012,-0.9021,0.0951,0.1263
1782933088094,8641,0.31323,-0.0686,-0.94507,0.99799,0.188,-0.75,0.375,0.4013,-0.902,0.095,0.1265
1782933088151,8698,0.31299,-0.06445,-0.94727,0.99972,0.625,-0.5,0.562,0.4013,-0.902,0.095,0.1265
1782933088153,8700,0.31616,-0.06592,-0.94727,1.00081,0.938,-0.812,0.375,0.4012,-0.9021,0.095,0.1264
1782933088154,8701,0.31152,-0.07007,-0.948,1.00033,1.5,-0.312,0.438,0.401,-0.9022,0.0957,0.126
1782933088213,8760,0.31079,-0.07031,-0.94897,1.00104,1.438,0.312,0.625,0.401,-0.9022,0.0957,0.126
1782933088219,8766,0.3103,-0.06885,-0.94482,0.99685,1.188,0.438,0.375,0.4009,-0.9022,0.0958,0.126
1782933088220,8767,0.3103,-0.06885,-0.94482,0.99685,1.188,0.438,0.375,0.4009,-0.9022,0.0958,0.126
1782933088273,8820,0.3103,-0.06885,-0.94482,0.99685,1.188,0.438,0.375,0.4009,-0.9022,0.0958,0.126
1782933088278,8825,0.31616,-0.07031,-0.93652,0.99094,0.375,0.688,0.312,0.4009,-0.9022,0.0962,0.1262
1782933088278,8825,0.31616,-0.07031,-0.93652,0.99094,0.375,0.688,0.312,0.4009,-0.9022,0.0962,0.1262
1782933088334,8881,0.31616,-0.06665,-0.94165,0.99554,-1.062,0.188,-0.062,0.4007,-0.9022,0.0961,0.1262
1782933088334,8881,0.31177,-0.06958,-0.9458,0.99829,-1.125,-0.25,0.062,0.4007,-0.9022,0.0961,0.1262
1782933088336,8883,0.31104,-0.07031,-0.94556,0.99788,-1.0,-0.188,-0.312,0.4007,-0.9022,0.0957,0.1263
1782933088392,8939,0.31421,-0.07446,-0.93555,0.98971,-0.5,0.5,-0.312,0.4008,-0.9022,0.0957,0.1264
1782933088393,8940,0.31592,-0.07153,-0.94287,0.99696,-0.562,-1.25,-0.5,0.4008,-0.9022,0.0957,0.1264
1782933088395,8942,0.31592,-0.07153,-0.94287,0.99696,-0.562,-1.25,-0.5,0.4008,-0.9022,0.0957,0.1264
1782933088456,9003,0.31812,-0.07495,-0.93164,0.9873,1.75,2.125,0.812,0.4008,-0.9022,0.0956,0.1267
1782933088457,9004,0.31641,-0.06396,-0.95483,1.00792,-0.125,-4.5,0.0,0.4008,-0.9022,0.0955,0.1264
1782933088459,9006,0.30933,-0.06934,-0.94312,0.99497,0.062,1.625,0.062,0.4007,-0.9022,0.0958,0.1266
1782933088513,9060,0.3125,-0.07056,-0.94434,0.9972,0.0,1.0,0.0,0.4007,-0.9022,0.0958,0.1267
1782933088516,9063,0.31445,-0.06494,-0.94189,0.99511,0.375,0.625,0.0,0.4007,-0.9022,0.0958,0.1267
1782933088517,9064,0.31567,-0.07178,-0.94312,0.99713,-0.062,0.188,0.125,0.4006,-0.9021,0.096,0.127
1782933088573,9120,0.31567,-0.06665,-0.94214,0.99585,-0.25,0.125,0.125,0.4006,-0.9021,0.096,0.1271
1782933088574,9121,0.31665,-0.07153,-0.94507,0.99927,-0.438,0.25,0.125,0.4006,-0.9021,0.096,0.1272
1782933088575,9122,0.31665,-0.07153,-0.94507,0.99927,-0.438,0.25,0.125,0.4006,-0.9021,0.096,0.1272
1782933088633,9180,0.31738,-0.06787,-0.94165,0.99601,-0.75,1.188,-0.312,0.4007,-0.902,0.0959,0.1278
1782933088635,9182,0.31738,-0.06543,-0.94092,0.99516,-0.688,0.938,-0.5,0.4007,-0.902,0.0959,0.1279
1782933088636,9183,0.31689,-0.07617,-0.94116,0.99599,-0.688,1.0,-0.75,0.4008,-0.9019,0.0957,0.1285
1782933088693,9240,0.32031,-0.06812,-0.94604,1.00111,1.375,0.938,-0.375,0.4008,-0.9019,0.0957,0.1285
1782933088694,9241,0.32886,-0.05566,-0.95459,1.01118,1.938,-1.688,0.25,0.4009,-0.9019,0.0958,0.1284
1782933088695,9242,0.32886,-0.05566,-0.95459,1.01118,1.938,-1.688,0.25,0.4009,-0.9019,0.0958,0.1284
1782933088753,9300,0.31909,-0.05981,-0.95752,1.01106,-0.625,-0.5,-0.562,0.4008,-0.902,0.0959,0.1279
1782933088755,9302,0.32104,-0.07031,-0.948,1.00335,-0.812,0.938,0.125,0.4008,-0.902,0.0959,0.1279
1782933088756,9303,0.31299,-0.07471,-0.94678,0.99997,3.75,-9.938,1.562,0.4008,-0.902,0.0961,0.1273
1782933088811,9358,0.30005,-0.06738,-0.94629,0.995,2.25,-1.688,1.375,0.4007,-0.9022,0.0961,0.1268
1782933088811,9358,0.30762,-0.07227,-0.94141,0.99303,3.75,-0.812,1.312,0.4006,-0.9022,0.0963,0.1267
1782933088812,9359,0.30762,-0.07227,-0.94141,0.99303,3.75,-0.812,1.312,0.4006,-0.9022,0.0963,0.1267
1782933088877,9424,0.30762,-0.07227,-0.94141,0.99303,3.75,-0.812,1.312,0.4006,-0.9022,0.0963,0.1267
1782933088877,9424,0.31079,-0.06885,-0.94336,0.99562,0.0,0.125,-0.562,0.4003,-0.9025,0.0972,0.1251
1782933088878,9425,0.31836,-0.07495,-0.94556,1.00053,0.0,-0.688,0.125,0.4005,-0.9023,0.0969,0.1257
1782933088933,9480,0.31519,-0.07129,-0.93994,0.99394,0.125,-1.25,0.75,0.4005,-0.9023,0.0969,0.1257
1782933088934,9481,0.31177,-0.08228,-0.93652,0.99047,-0.312,-1.062,0.5,0.4005,-0.9024,0.0969,0.1256
1782933088937,9484,0.30933,-0.05981,-0.94189,0.99319,-2.375,0.188,-0.562,0.4006,-0.9023,0.0964,0.126
1782933088991,9538,0.30859,-0.07056,-0.93311,0.98534,-2.312,0.875,-1.0,0.4006,-0.9023,0.0963,0.1261
1782933088991,9538,0.3125,-0.07349,-0.93433,0.98794,-2.25,0.812,-1.5,0.4006,-0.9022,0.0963,0.1262
1782933088992,9539,0.31372,-0.07373,-0.94678,1.00012,0.75,-1.75,0.438,0.4008,-0.9022,0.0959,0.1264
1782933089056,9603,0.31226,-0.08057,-0.92456,0.97919,1.375,1.75,1.875,0.4006,-0.9022,0.096,0.1264
1782933089059,9606,0.30884,-0.04761,-0.95508,1.0049,0.25,-5.0,0.0,0.4006,-0.9023,0.0959,0.1262
1782933089062,9609,0.31519,-0.07593,-0.93262,0.98737,0.688,-2.125,0.5,0.4006,-0.9023,0.0961,0.1261
1782933089121,9668,0.31372,-0.06689,-0.94507,0.99802,0.625,-2.625,0.125,0.4006,-0.9023,0.096,0.126
1782933089124,9671,0.31152,-0.06152,-0.95386,1.00532,0.5,-0.625,0.062,0.4006,-0.9024,0.096,0.1259
1782933089125,9672,0.31763,-0.06982,-0.93921,0.99392,0.938,-2.25,0.0,0.4006,-0.9023,0.0963,0.1259
1782933089172,9719,0.31128,-0.05835,-0.9436,0.99533,1.312,-0.562,0.312,0.4006,-0.9024,0.0963,0.1258
1782933089174,9721,0.31567,-0.06665,-0.94775,1.00116,0.375,-0.75,0.562,0.4006,-0.9024,0.0963,0.1257
1782933089175,9722,0.31689,-0.07373,-0.94775,1.00204,0.25,-1.625,-0.125,0.4006,-0.9024,0.0963,0.1253
1782933089233,9780,0.31689,-0.07373,-0.94775,1.00204,0.25,-1.625,-0.125,0.4006,-0.9024,0.0963,0.1253
1782933089236,9783,0.31226,-0.06909,-0.94458,0.99725,0.125,-0.938,0.0,0.4006,-0.9024,0.0963,0.1253
1782933089237,9784,0.31421,-0.07935,-0.94727,1.00117,0.188,-1.125,0.25,0.4005,-0.9025,0.0962,0.125
1782933089292,9839,0.31177,-0.07373,-0.9458,0.99859,0.125,-0.312,0.25,0.4005,-0.9025,0.0962,0.125
1782933089293,9840,0.3125,-0.06934,-0.94556,0.99827,0.25,-0.312,0.188,0.4005,-0.9025,0.0963,0.125
1782933089294,9841,0.31421,-0.07227,-0.94312,0.99671,0.812,-0.812,0.688,0.4004,-0.9025,0.0964,0.125
1782933089354,9901,0.31445,-0.07373,-0.94312,0.99689,0.75,-0.812,0.812,0.4003,-0.9025,0.0964,0.125
1782933089355,9902,0.31152,-0.07178,-0.94189,0.99466,1.0,-1.125,0.812,0.4003,-0.9025,0.0964,0.1249
1782933089356,9903,0.31177,-0.0708,-0.94409,0.99675,0.688,0.25,0.188,0.4002,-0.9026,0.0968,0.1248
1782933089413,9960,0.31299,-0.07104,-0.94238,0.99553,0.938,0.125,0.25,0.4002,-0.9026,0.0969,0.1248
1782933089415,9962,0.31055,-0.06641,-0.94092,0.99307,0.75,0.125,0.062,0.4002,-0.9026,0.0969,0.1248
1782933089416,9963,0.30664,-0.05322,-0.95264,1.00219,-0.062,3.875,0.0,0.4,-0.9027,0.0971,0.1245
1782933089473,10020,0.32202,-0.07959,-0.92529,0.98295,0.062,2.688,0.25,0.4,-0.9027,0.0972,0.1248
1782933089475,10022,0.32251,-0.07959,-0.93066,0.98817,0.312,-1.062,0.188,0.4,-0.9027,0.0972,0.1248
1782933089475,10022,0.31201,-0.07935,-0.94312,0.99656,-0.875,1.312,-0.5,0.3999,-0.9027,0.0969,0.1246
1782933089534,10081,0.31079,-0.0752,-0.94727,0.99978,-0.812,0.875,-0.562,0.3999,-0.9027,0.0969,0.1247
1782933089535,10082,0.31079,-0.07739,-0.94995,1.00249,-0.812,0.875,-0.312,0.3999,-0.9027,0.0969,0.1248
1782933089536,10083,0.31592,-0.06836,-0.94507,0.99882,0.188,-0.188,-0.562,0.4001,-0.9025,0.0971,0.1251
1782933089593,10140,0.31567,-0.0708,-0.94604,0.99983,0.312,-0.5,-0.375,0.4001,-0.9025,0.0971,0.1251
1782933089594,10141,0.31812,-0.07324,-0.94092,0.99594,0.188,-0.438,-0.125,0.4001,-0.9025,0.0971,0.1252
1782933089598,10145,0.31812,-0.07056,-0.9458,1.00036,-0.5,0.25,-0.125,0.4001,-0.9025,0.097,0.1252
1782933089652,10199,0.31812,-0.07056,-0.9458,1.00036,-0.5,0.25,-0.125,0.4001,-0.9025,0.097,0.1252
1782933089654,10201,0.31592,-0.07251,-0.94458,0.99865,-1.438,-0.375,-0.438,0.4001,-0.9025,0.0969,0.1253
1782933089655,10202,0.31641,-0.06909,-0.94214,0.99625,-1.062,0.75,-0.438,0.4002,-0.9025,0.0966,0.1256
1782933089711,10258,0.31665,-0.06641,-0.94727,1.001,-1.0,0.062,-0.562,0.4003,-0.9025,0.0965,0.1256
1782933089711,10258,0.31763,-0.0708,-0.94629,1.00068,-0.875,0.125,-0.312,0.4003,-0.9025,0.0965,0.1256
1782933089712,10259,0.30469,-0.07153,-0.93604,0.98698,-0.625,0.438,-0.438,0.4003,-0.9025,0.0962,0.1256
1782933089770,10317,0.31348,-0.07349,-0.9458,0.9991,-0.5,0.062,-0.25,0.4003,-0.9025,0.0962,0.1256
1782933089771,10318,0.31445,-0.07788,-0.94531,0.99928,-1.0,0.625,-0.375,0.4003,-0.9025,0.0961,0.1257
1782933089772,10319,0.31665,-0.06982,-0.94946,1.0033,-0.188,1.312,0.125,0.4003,-0.9024,0.0961,0.1263
1782933089832,10379,0.31763,-0.07104,-0.94214,0.99678,-0.438,1.188,0.25,0.4003,-0.9024,0.0961,0.1264
1782933089833,10380,0.31738,-0.07129,-0.94458,0.99902,0.0,0.75,0.25,0.4003,-0.9024,0.0961,0.1264
1782933089834,10381,0.32764,-0.07275,-0.94409,1.00197,4.438,-5.875,4.188,0.3999,-0.9025,0.0971,0.1258
1782933089892,10439,0.302,-0.07422,-0.92163,0.97268,6.125,-3.125,3.312,0.3998,-0.9026,0.0973,0.1255
1782933089893,10440,0.302,-0.07422,-0.92261,0.97361,5.188,-5.812,2.5,0.3997,-0.9027,0.0975,0.1253
1782933089894,10441,0.302,-0.07422,-0.92261,0.97361,5.188,-5.812,2.5,0.3997,-0.9027,0.0975,0.1253
1782933089952,10499,0.31445,-0.07324,-0.9375,0.99154,-0.938,0.188,-0.812,0.3997,-0.9027,0.0979,0.1246
1782933089953,10500,0.31372,-0.07129,-0.94287,0.99625,-1.625,1.0,-1.062,0.3997,-0.9027,0.0979,0.1248
1782933089955,10502,0.31714,-0.07056,-0.94678,1.00097,0.062,-1.312,-0.125,0.3999,-0.9027,0.0973,0.1249
1782933090014,10561,0.31787,-0.07324,-0.95142,1.00579,0.0,-1.312,0.0,0.3999,-0.9027,0.0973,0.1249
1782933090073,10620,0.31665,-0.07275,-0.94727,1.00144,0.062,-1.312,0.25,0.3999,-0.9027,0.0973,0.1249
1782933090075,10622,0.31567,-0.07275,-0.9458,0.99974,-0.438,0.125,-0.75,0.4002,-0.9025,0.0971,0.1251
1782933090076,10623,0.31689,-0.07007,-0.94385,0.99809,0.0,-0.062,-0.625,0.4002,-0.9025,0.097,0.1252
1782933090133,10680,0.31323,-0.07397,-0.94287,0.99629,-0.438,0.062,-0.812,0.4002,-0.9025,0.097,0.1252
1782933090137,10684,0.31519,-0.07104,-0.94385,0.99762,0.562,-0.188,0.0,0.4003,-0.9025,0.0972,0.1253
1782933090138,10685,0.31763,-0.06787,-0.94727,1.00141,0.125,-0.062,-0.25,0.4003,-0.9024,0.0973,0.1256
1782933090193,10740,0.31543,-0.06909,-0.948,1.00149,0.0,-0.312,0.0,0.4003,-0.9024,0.0973,0.1256
1782933090193,10740,0.31689,-0.07129,-0.94727,1.00141,0.188,-0.938,0.0,0.4003,-0.9024,0.0973,0.1256
1782933090194,10741,0.31494,-0.07446,-0.94482,0.99871,-0.938,-0.375,-0.25,0.4004,-0.9024,0.0971,0.1254
1782933090252,10799,0.31201,-0.07642,-0.94238,0.99563,-1.375,-0.188,-0.312,0.4004,-0.9024,0.0971,0.1254
1782933090255,10802,0.31348,-0.07666,-0.93799,0.99195,-1.188,0.0,-0.312,0.4004,-0.9024,0.0971,0.1254
1782933090255,10802,0.31274,-0.06689,-0.94312,0.99587,-1.688,0.812,-0.5,0.4003,-0.9024,0.0964,0.1259
1782933090311,10858,0.31372,-0.0708,-0.93896,0.99251,-1.625,0.938,-0.562,0.4003,-0.9024,0.0964,0.1259
1782933090312,10859,0.31592,-0.06567,-0.94629,0.99979,-1.312,0.438,-0.812,0.4004,-0.9024,0.0963,0.126
1782933090313,10860,0.31592,-0.06567,-0.94629,0.99979,-1.312,0.438,-0.812,0.4004,-0.9024,0.0963,0.126
1782933090373,10920,0.31909,-0.06372,-0.94556,0.99998,-0.5,0.688,-0.312,0.4005,-0.9024,0.0961,0.1264
1782933090374,10921,0.31982,-0.06567,-0.94312,0.99803,-0.375,0.438,-0.438,0.4005,-0.9023,0.0961,0.1264
1782933090375,10922,0.32129,-0.06421,-0.94922,1.00418,0.125,-0.5,-0.312,0.4007,-0.9022,0.0958,0.1267
1782933090432,10979,0.32056,-0.06836,-0.9458,1.00098,0.438,-0.375,-0.125,0.4007,-0.9022,0.0958,0.1267
1782933090433,10980,0.31738,-0.07007,-0.94287,0.99732,0.438,-0.688,0.0,0.4007,-0.9022,0.0958,0.1267
1782933090434,10981,0.31689,-0.05981,-0.9375,0.99141,-0.5,0.25,-1.0,0.4006,-0.9022,0.096,0.1265
1782933090492,11039,0.31885,-0.0708,-0.93311,0.98862,-0.562,1.062,0.0,0.4006,-0.9022,0.096,0.1267
1782933090492,11039,0.31885,-0.06543,-0.94897,1.00324,-0.75,-0.812,-0.312,0.4007,-0.9022,0.0958,0.1265
1782933090493,11040,0.31421,-0.07349,-0.94458,0.99818,-0.875,-0.25,-0.312,0.4008,-0.9022,0.0955,0.1266
1782933090553,11100,0.31812,-0.07886,-0.94482,1.00005,-0.688,-0.188,-0.25,0.4008,-0.9022,0.0955,0.1266
1782933090555,11102,0.31567,-0.06299,-0.94775,1.00092,-0.25,-0.75,-0.188,0.4008,-0.9022,0.0954,0.1267
1782933090556,11103,0.31567,-0.07129,-0.94678,1.00056,0.562,-0.688,0.188,0.4009,-0.9022,0.0954,0.1267
1782933090613,11160,0.31738,-0.07031,-0.94824,1.00241,0.375,-0.5,0.0,0.4009,-0.9022,0.0954,0.1267
1782933090618,11165,0.31421,-0.0686,-0.9458,0.99899,0.688,-0.312,0.188,0.4009,-0.9022,0.0954,0.1267
1782933090619,11166,0.31494,-0.06812,-0.94727,1.00057,0.562,0.0,0.188,0.4008,-0.9022,0.0956,0.1267
1782933090671,11218,0.31494,-0.06812,-0.94727,1.00057,0.562,0.0,0.188,0.4008,-0.9022,0.0956,0.1267
1782933090671,11218,0.31738,-0.06934,-0.94458,0.99888,0.625,0.0,0.312,0.4008,-0.9022,0.0957,0.1267
1782933090672,11219,0.31787,-0.06494,-0.94629,1.00036,0.125,0.438,0.0,0.4007,-0.9022,0.0958,0.1268
1782933090735,11282,0.31543,-0.07031,-0.94263,0.99649,0.125,0.438,0.188,0.4006,-0.9022,0.0959,0.1269
1782933090736,11283,0.31689,-0.06616,-0.94043,0.99459,0.0,0.188,0.062,0.4006,-0.9022,0.0959,0.1269
1782933090737,11284,0.31689,-0.06616,-0.94043,0.99459,0.0,0.188,0.062,0.4006,-0.9022,0.0959,0.1269
1782933090791,11338,0.31689,-0.06616,-0.94043,0.99459,0.0,0.188,0.062,0.4006,-0.9022,0.0959,0.1269
1782933090791,11338,0.31641,-0.06934,-0.94336,0.99742,-0.375,-0.188,0.0,0.4006,-0.9022,0.0958,0.127
1782933090792,11339,0.31689,-0.06885,-0.94263,0.99685,-0.125,-0.438,-0.562,0.4008,-0.902,0.0957,0.1274
1782933090854,11401,0.31519,-0.06934,-0.94727,1.00074,-0.188,-0.562,-0.438,0.4008,-0.902,0.0957,0.1274
1782933090855,11402,0.31738,-0.06787,-0.94824,1.00225,-0.125,-0.125,-0.438,0.4008,-0.902,0.0957,0.1274
1782933090858,11405,0.31812,-0.06885,-0.94507,0.99955,-0.188,-0.25,-0.062,0.4009,-0.902,0.0956,0.1278
1782933090911,11458,0.32056,-0.06836,-0.94409,0.99937,-0.062,-0.5,0.125,0.4009,-0.902,0.0956,0.1278
1782933090911,11458,0.31812,-0.06689,-0.94507,0.99942,0.0,-0.75,0.312,0.4009,-0.902,0.0956,0.1278
1782933090916,11463,0.31592,-0.06812,-0.94629,0.99996,0.375,-0.125,0.438,0.4008,-0.902,0.0957,0.1278
1782933090972,11519,0.31226,-0.0708,-0.94019,0.99322,0.375,-0.562,0.375,0.4008,-0.902,0.0957,0.1278
1782933090974,11521,0.31567,-0.06885,-0.94727,1.00085,0.312,-0.625,0.188,0.4008,-0.902,0.0957,0.1277
1782933090975,11522,0.31738,-0.06592,-0.9436,0.99773,0.125,0.5,0.0,0.4008,-0.902,0.0958,0.1279
1782933091034,11581,0.31958,-0.05981,-0.9458,1.00012,0.25,0.062,0.0,0.4008,-0.902,0.0958,0.1281
1782933091038,11585,0.31348,-0.06592,-0.94214,0.99511,0.375,0.0,0.125,0.4008,-0.902,0.0958,0.1281
1782933091040,11587,0.31787,-0.06592,-0.94263,0.99696,0.438,-0.875,0.0,0.4008,-0.902,0.0959,0.1281
1782933091092,11639,0.31787,-0.06592,-0.94263,0.99696,0.438,-0.875,0.0,0.4008,-0.902,0.0959,0.1281
1782933091093,11640,0.31616,-0.06812,-0.94507,0.99888,0.188,-0.75,0.125,0.4008,-0.902,0.0959,0.128
1782933091095,11642,0.31592,-0.07007,-0.94604,0.99985,-0.062,-0.688,0.0,0.4008,-0.9019,0.0959,0.1281
1782933091211,11758,0.31592,-0.07007,-0.94604,0.99985,-0.062,-0.688,0.0,0.4008,-0.9019,0.0959,0.1281
1782933091211,11758,0.31909,-0.06714,-0.94507,0.99974,0.0,-0.062,-0.062,0.4008,-0.9019,0.0959,0.1281
1782933091212,11759,0.31641,-0.06738,-0.93823,0.99244,0.125,0.562,0.312,0.4007,-0.9019,0.0959,0.1283
1782933091218,11765,0.31641,-0.06738,-0.93823,0.99244,0.125,0.562,0.312,0.4007,-0.9019,0.0959,0.1283
1782933091273,11820,0.31665,-0.06592,-0.93921,0.99334,0.062,0.25,-0.188,0.4007,-0.9019,0.096,0.1284
1782933091275,11822,0.32104,-0.0625,-0.94531,1.00029,-0.5,1.75,-0.75,0.4008,-0.9018,0.096,0.1289
1782933091276,11823,0.31421,-0.06836,-0.94507,0.99828,-0.188,-0.875,0.125,0.4008,-0.9018,0.0958,0.129
1782933091336,11883,0.31763,-0.06714,-0.94556,0.99974,-0.5,-0.25,0.0,0.4008,-0.9018,0.0958,0.129
1782933091337,11884,0.31592,-0.07104,-0.94556,0.99947,-0.75,0.125,-0.125,0.4008,-0.9018,0.0958,0.129
1782933091339,11886,0.32007,-0.06104,-0.94897,1.00335,-0.438,-0.25,-0.25,0.4009,-0.9017,0.0955,0.1294
1782933091392,11939,0.31519,-0.06177,-0.94409,0.99723,-0.062,-0.188,-0.188,0.4009,-0.9017,0.0955,0.1294
1782933091393,11940,0.31958,-0.06958,-0.9436,0.99868,0.0,0.125,-0.25,0.401,-0.9017,0.0954,0.1294
1782933091394,11941,0.32007,-0.05884,-0.94409,0.99861,0.188,-0.188,-0.062,0.401,-0.9017,0.0955,0.1296
1782933091453,12000,0.31958,-0.06055,-0.94629,1.00063,0.188,0.188,-0.125,0.4011,-0.9017,0.0955,0.1296
1782933091454,12001,0.31958,-0.07397,-0.93408,0.99,0.688,-0.75,0.25,0.401,-0.9017,0.0956,0.1296
1782933091456,12003,0.31323,-0.06348,-0.94946,1.00181,-0.062,-0.062,-0.625,0.4011,-0.9016,0.0956,0.1293
1782933091511,12058,0.32056,-0.07202,-0.94678,1.00217,-0.625,0.625,-0.5,0.4012,-0.9016,0.0956,0.1293
1782933091511,12058,0.32031,-0.07251,-0.94336,0.99889,0.062,0.375,-0.125,0.4012,-0.9016,0.0957,0.1295
1782933091513,12060,0.3208,-0.06177,-0.93579,0.99118,1.062,-1.625,0.812,0.401,-0.9017,0.0961,0.1293
1782933091572,12119,0.31714,-0.0647,-0.93799,0.99226,0.625,-1.188,0.688,0.4009,-0.9017,0.0961,0.1292
1782933091574,12121,0.31885,-0.06323,-0.94141,0.99595,0.438,-0.438,0.188,0.4009,-0.9017,0.0961,0.1292
1782933091575,12122,0.31885,-0.0686,-0.94727,1.00184,0.5,-1.188,0.188,0.4009,-0.9017,0.0961,0.1293
1782933091637,12184,0.31909,-0.0647,-0.94287,0.9975,0.125,-1.062,0.25,0.4009,-0.9017,0.0961,0.1292
1782933091639,12186,0.31372,-0.06934,-0.93945,0.99287,-0.062,-0.562,0.0,0.4009,-0.9017,0.0961,0.1292
1782933091640,12187,0.32227,-0.06519,-0.94043,0.99625,0.5,-0.875,0.0,0.4012,-0.9016,0.096,0.1293
1782933091692,12239,0.32397,-0.06567,-0.93701,0.99361,0.75,-1.125,0.125,0.4012,-0.9016,0.096,0.1293
1782933091692,12239,0.31885,-0.06909,-0.93945,0.99449,0.75,-1.5,0.0,0.4012,-0.9016,0.096,0.1292
1782933091693,12240,0.31665,-0.06689,-0.94385,0.99779,-0.812,0.375,-0.438,0.4013,-0.9016,0.0958,0.1291
1782933091753,12300,0.31958,-0.06494,-0.93652,0.99167,-0.5,0.375,-0.312,0.4013,-0.9016,0.0958,0.1292
1782933091754,12301,0.3186,-0.06519,-0.93262,0.98769,-0.375,0.375,-0.688,0.4014,-0.9016,0.0958,0.1292
1782933091756,12303,0.31812,-0.07031,-0.94385,0.9985,0.812,-1.062,0.125,0.4016,-0.9014,0.0957,0.1292
1782933091813,12360,0.32178,-0.06812,-0.9458,1.00136,1.188,-1.125,0.188,0.4016,-0.9015,0.0957,0.1292
1782933091815,12362,0.32153,-0.07056,-0.94409,0.99983,1.062,-0.938,0.625,0.4016,-0.9015,0.0958,0.1291
1782933091815,12362,0.32007,-0.06323,-0.93799,0.99311,1.188,-1.562,1.188,0.4012,-0.9016,0.0962,0.1289
1782933091871,12418,0.3208,-0.06421,-0.94556,1.00056,0.875,-2.75,1.0,0.4011,-0.9017,0.0962,0.1287
1782933091872,12419,0.31738,-0.07153,-0.94434,0.99881,0.812,-1.375,1.25,0.4011,-0.9017,0.0963,0.1286
1782933091872,12419,0.31665,-0.06836,-0.94409,0.99812,-0.062,-0.25,-0.375,0.4011,-0.9017,0.0962,0.1287
1782933091931,12478,0.31958,-0.06494,-0.9458,1.00044,0.0,-0.625,-0.312,0.4011,-0.9017,0.0962,0.1287
1782933091931,12478,0.3186,-0.06738,-0.94434,0.99891,0.125,-0.562,-0.25,0.4012,-0.9017,0.0962,0.1287
1782933091932,12479,0.32153,-0.07495,-0.93481,0.9914,0.125,0.0,-0.062,0.4011,-0.9017,0.0963,0.1287
1782933091991,12538,0.31665,-0.05981,-0.94897,1.00219,0.5,-2.188,0.062,0.4011,-0.9017,0.0963,0.1286
1782933092052,12599,0.31812,-0.06299,-0.95361,1.00724,0.188,-0.562,0.438,0.4011,-0.9017,0.0963,0.1286
1782933092053,12600,0.31689,-0.06592,-0.94629,1.00011,0.562,-1.25,0.312,0.4011,-0.9017,0.0963,0.1287
1782933092055,12602,0.32007,-0.06445,-0.95068,1.00518,0.75,-1.188,0.25,0.4011,-0.9017,0.0963,0.1286
1782933092057,12604,0.31763,-0.06958,-0.9458,1.00013,0.75,-0.688,0.438,0.4011,-0.9017,0.0963,0.1286
1782933092111,12658,0.3186,-0.0752,-0.93677,0.99232,0.312,0.938,0.938,0.401,-0.9017,0.0965,0.1283
1782933092190,12737,0.31177,-0.04785,-0.94336,0.9947,0.812,-3.312,-0.438,0.401,-0.9017,0.0965,0.1282
1782933092245,12792,0.31665,-0.0791,-0.92969,0.98532,0.0,3.312,0.312,0.4009,-0.9018,0.0966,0.1281
1782933092289,12836,0.32056,-0.06909,-0.9397,0.99527,0.375,-2.188,0.438,0.4009,-0.9018,0.0966,0.1281
1782933092292,12839,0.32178,-0.06616,-0.95825,1.013,0.562,-1.438,0.625,0.4009,-0.9019,0.0965,0.128
1782933092296,12843,0.32178,-0.06616,-0.95825,1.013,0.562,-1.438,0.625,0.4009,-0.9019,0.0965,0.128
1782933092299,12846,0.32007,-0.07007,-0.94043,0.99587,0.375,-0.625,0.0,0.4007,-0.9019,0.0968,0.1278
1782933092303,12850,0.31616,-0.07056,-0.9502,1.0039,0.375,-0.938,0.188,0.4007,-0.9019,0.0968,0.1278
1782933092305,12852,0.32202,-0.06348,-0.94678,1.00206,0.75,-2.312,0.938,0.4006,-0.9019,0.0971,0.1278
1782933092325,12872,0.31226,-0.06934,-0.94946,1.00189,0.188,-1.5,-0.125,0.4006,-0.9019,0.097,0.1277
1782933092332,12879,0.31372,-0.07617,-0.9375,0.99153,1.188,2.188,0.25,0.4006,-0.9019,0.0971,0.1278
1782933092334,12881,0.31372,-0.07617,-0.9375,0.99153,1.188,2.188,0.25,0.4006,-0.9019,0.0971,0.1278
1782933092392,12939,0.32153,-0.07104,-0.94507,1.00079,-0.188,-0.5,0.312,0.4006,-0.9019,0.0972,0.1276
1782933092394,12941,0.31836,-0.06982,-0.94214,0.99692,0.125,-0.062,-0.312,0.4006,-0.9019,0.0972,0.1276
1782933092402,12949,0.31665,-0.06665,-0.93823,0.99246,0.125,-0.5,0.0,0.4007,-0.9019,0.0972,0.1278
1782933092494,13041,0.32031,-0.073,-0.94434,0.99985,0.312,-0.625,-0.062,0.4007,-0.9019,0.0972,0.1277
1782933092509,13056,0.32153,-0.06714,-0.94336,0.99891,0.25,-0.5,-0.062,0.4007,-0.9019,0.0972,0.1277
1782933092536,13083,0.32153,-0.06714,-0.94336,0.99891,0.25,-0.5,-0.062,0.4007,-0.9019,0.0972,0.1277
1782933092575,13122,0.32153,-0.06714,-0.94336,0.99891,0.25,-0.5,-0.062,0.4007,-0.9019,0.0972,0.1277
1782933092753,13300,0.31543,-0.07178,-0.94141,0.99544,0.125,-0.312,0.375,0.4007,-0.9019,0.0972,0.1276
1782933092790,13337,0.31909,-0.06641,-0.94336,0.99808,0.0,-1.188,0.188,0.4007,-0.9019,0.0972,0.1279
1782933092794,13341,0.31763,-0.07422,-0.94629,1.00093,0.125,-0.062,0.188,0.4006,-0.9019,0.0972,0.1278
1782933092810,13357,0.31372,-0.07349,-0.94189,0.99548,-0.125,-0.062,0.0,0.4006,-0.9019,0.0972,0.1279
1782933092811,13358,0.32104,-0.0686,-0.94727,1.00254,-0.438,-0.125,-0.25,0.4006,-0.9019,0.0972,0.128
1782933092823,13370,0.31567,-0.06567,-0.94238,0.99601,-0.875,0.688,-0.25,0.4006,-0.9019,0.0971,0.1281
1782933092828,13375,0.31689,-0.06787,-0.93823,0.99262,-1.0,0.688,-0.438,0.4007,-0.9019,0.0971,0.1281
1782933092835,13382,0.31592,-0.06958,-0.93677,0.99105,0.062,-0.25,0.0,0.4009,-0.9017,0.0968,0.1284
1782933092840,13387,0.31592,-0.06958,-0.93677,0.99105,0.062,-0.25,0.0,0.4009,-0.9017,0.0968,0.1284
1782933092861,13408,0.31787,-0.06812,-0.94238,0.99688,0.125,-0.125,0.0,0.4009,-0.9017,0.0968,0.1284
1782933092875,13422,0.31665,-0.06787,-0.94922,1.00294,-0.062,-0.188,0.0,0.4009,-0.9017,0.0968,0.1286
1782933092889,13436,0.31714,-0.06934,-0.94678,1.00089,0.0,0.312,0.0,0.4009,-0.9017,0.0968,0.1286
1782933092891,13438,0.31763,-0.07104,-0.94312,0.9977,-0.188,0.438,0.0,0.4009,-0.9017,0.0968,0.1287
1782933092892,13439,0.32031,-0.06836,-0.94824,1.00321,0.0,0.0,-0.375,0.401,-0.9016,0.0968,0.129
1782933092892,13439,0.31909,-0.06836,-0.94434,0.99913,0.188,-0.625,0.0,0.401,-0.9016,0.0968,0.129
1782933092909,13456,0.3186,-0.06909,-0.94336,0.9981,0.438,-0.875,0.125,0.401,-0.9016,0.0968,0.129
1782933092911,13458,0.32007,-0.0708,-0.94189,0.9973,0.125,-0.125,-0.125,0.4011,-0.9016,0.0968,0.1289
1782933092921,13468,0.32129,-0.07031,-0.93848,0.99444,-0.125,-0.062,0.062,0.4011,-0.9016,0.0968,0.1289
1782933092927,13474,0.31934,-0.0686,-0.94312,0.99808,0.062,-0.125,-0.188,0.4011,-0.9016,0.0968,0.1289
1782933092935,13482,0.32007,-0.06665,-0.94043,0.99564,0.0,-0.25,0.0,0.4011,-0.9016,0.0967,0.1292
1782933092936,13483,0.31836,-0.06616,-0.94385,0.99829,0.125,-0.5,0.0,0.4011,-0.9016,0.0967,0.1292
1782933092937,13484,0.32007,-0.06738,-0.94189,0.99707,0.188,-0.562,0.0,0.4011,-0.9016,0.0967,0.1292
1782933092938,13485,0.32178,-0.06934,-0.94165,0.99752,0.062,-0.125,0.188,0.401,-0.9016,0.0968,0.1292
1782933092952,13499,0.31616,-0.06885,-0.94434,0.99824,0.125,-0.125,0.25,0.401,-0.9016,0.0968,0.1292
1782933093012,13559,0.31909,-0.06934,-0.94604,1.00081,0.0,0.0,0.062,0.401,-0.9016,0.0968,0.1292
1782933093018,13565,0.31958,-0.07007,-0.94189,0.99709,0.0,-0.188,0.0,0.4009,-0.9016,0.0968,0.1294
1782933093019,13566,0.31885,-0.0647,-0.9397,0.99443,0.0,-0.062,-0.125,0.4009,-0.9016,0.0968,0.1295
1782933093072,13619,0.3147,-0.06787,-0.9436,0.99701,0.0,0.0,-0.188,0.4009,-0.9016,0.0968,0.1295
1782933093074,13621,0.31836,-0.06665,-0.94531,0.9997,0.0,-0.188,0.0,0.4011,-0.9015,0.0968,0.1296
1782933093076,13623,0.31641,-0.06763,-0.94263,0.99661,-0.125,-0.25,-0.062,0.4011,-0.9015,0.0968,0.1296
1782933093156,13703,0.31641,-0.06763,-0.94263,0.99661,-0.125,-0.25,-0.062,0.4011,-0.9015,0.0968,0.1296
1782933093173,13720,0.31958,-0.07056,-0.94409,0.99921,-0.375,0.375,0.0,0.401,-0.9015,0.0968,0.1297
1782933093177,13724,0.31836,-0.06738,-0.94629,1.00068,-0.062,-0.375,0.125,0.4011,-0.9015,0.0966,0.1299
1782933093194,13741,0.31689,-0.0686,-0.94531,0.99937,0.125,-0.375,-0.188,0.401,-0.9015,0.0967,0.1299
1782933093199,13746,0.31714,-0.06519,-0.94678,1.00061,0.062,-0.25,-0.062,0.4011,-0.9015,0.0966,0.1299
1782933093199,13746,0.31714,-0.06812,-0.94482,0.99895,0.062,0.0,-0.062,0.4011,-0.9014,0.0966,0.1301
1782933093252,13799,0.31738,-0.0647,-0.94287,0.99696,0.062,-0.125,-0.062,0.4011,-0.9014,0.0966,0.1301
1782933093253,13800,0.3186,-0.06665,-0.93994,0.9947,0.125,-0.438,0.0,0.4011,-0.9014,0.0966,0.1301
1782933093254,13801,0.32007,-0.07031,-0.94189,0.99727,0.125,-0.438,0.062,0.4011,-0.9014,0.0967,0.1301
1782933093312,13859,0.3186,-0.06812,-0.94263,0.99735,0.312,-0.625,-0.062,0.4011,-0.9014,0.0967,0.1301
1782933093313,13860,0.32031,-0.06641,-0.94531,1.00031,0.188,-0.75,0.0,0.4011,-0.9014,0.0966,0.1301
1782933093316,13863,0.32031,-0.06592,-0.94678,1.00167,0.0,0.25,-0.125,0.4011,-0.9014,0.0968,0.1301
1782933093373,13920,0.31909,-0.06372,-0.9436,0.99813,-0.188,0.438,0.062,0.4011,-0.9014,0.0968,0.1302
1782933093375,13922,0.32031,-0.06787,-0.93872,0.99418,-0.125,0.375,0.0,0.4011,-0.9014,0.0968,0.1303
1782933093379,13926,0.32227,-0.06616,-0.94531,1.00092,0.062,0.062,0.0,0.4011,-0.9014,0.0968,0.1304
1782933093432,13979,0.3186,-0.06714,-0.94019,0.99497,0.125,-0.062,0.0,0.4011,-0.9014,0.0968,0.1304
1782933093435,13982,0.3186,-0.0625,-0.94312,0.99744,0.188,-0.625,0.0,0.4011,-0.9014,0.0968,0.1304
1782933093436,13983,0.32056,-0.06934,-0.94019,0.99575,0.125,-0.5,0.0,0.4011,-0.9014,0.0967,0.1303
1782933093492,14039,0.31958,-0.06763,-0.94141,0.99647,0.125,-0.438,-0.062,0.4011,-0.9014,0.0967,0.1303
1782933093493,14040,0.32153,-0.06738,-0.93896,0.99477,0.188,-0.125,0.0,0.4011,-0.9014,0.0967,0.1303
1782933093498,14045,0.32129,-0.07227,-0.94458,1.00034,0.125,-0.375,0.312,0.4011,-0.9014,0.0967,0.1302
1782933093552,14099,0.32129,-0.07227,-0.94458,1.00034,0.125,-0.375,0.312,0.4011,-0.9014,0.0967,0.1302
1782933093553,14100,0.31909,-0.06543,-0.94482,0.99939,-0.062,-0.25,0.25,0.4011,-0.9014,0.0967,0.1303
1782933093556,14103,0.31982,-0.06543,-0.94629,1.00101,0.062,-0.375,0.062,0.4011,-0.9014,0.0966,0.1304
1782933093614,14161,0.32202,-0.06543,-0.94434,0.99988,-0.062,-0.125,0.188,0.4011,-0.9014,0.0966,0.1305
1782933093617,14164,0.31958,-0.06787,-0.94116,0.99625,0.125,-0.188,0.0,0.4011,-0.9014,0.0966,0.1305
1782933093619,14166,0.32153,-0.06543,-0.94287,0.99833,0.062,0.188,-0.438,0.4011,-0.9013,0.0966,0.1308
1782933093733,14280,0.31958,-0.06641,-0.94482,0.99961,-0.625,-0.312,-0.312,0.4011,-0.9013,0.0966,0.1308
1782933093737,14284,0.32178,-0.06982,-0.94336,0.99917,-0.125,0.188,-0.562,0.4012,-0.9013,0.0966,0.1309
1782933093737,14284,0.31567,-0.06934,-0.94116,0.99511,-0.062,-0.188,0.0,0.4013,-0.9013,0.0966,0.131
1782933093738,14285,0.31812,-0.07153,-0.94287,0.99766,-0.188,-0.25,-0.062,0.4013,-0.9013,0.0966,0.1311
1782933093792,14339,0.32153,-0.06885,-0.94556,1.0011,-0.188,0.0,-0.125,0.4013,-0.9013,0.0965,0.1311
1782933093793,14340,0.31934,-0.06079,-0.9436,0.99803,-0.5,0.0,-0.312,0.4013,-0.9012,0.0963,0.1314
1782933093794,14341,0.32178,-0.06299,-0.93945,0.99503,0.125,0.25,-0.062,0.4014,-0.9011,0.0963,0.1315
1782933093852,14399,0.32178,-0.06299,-0.93945,0.99503,0.125,0.25,-0.062,0.4014,-0.9011,0.0963,0.1315
1782933093853,14400,0.31934,-0.06348,-0.94238,0.99704,0.062,0.0,-0.188,0.4014,-0.9011,0.0963,0.1315
1782933093854,14401,0.31982,-0.0686,-0.9458,1.00076,0.062,-0.688,0.125,0.4014,-0.9011,0.0963,0.1316
1782933093913,14460,0.31909,-0.0647,-0.94287,0.9975,0.125,-0.188,0.312,0.4014,-0.9011,0.0963,0.1316
1782933093916,14463,0.31958,-0.06543,-0.94043,0.9954,0.25,-0.312,0.125,0.4014,-0.9011,0.0963,0.1316
1782933093917,14464,0.323,-0.0647,-0.94165,0.99761,0.188,-0.25,0.188,0.4014,-0.9011,0.0964,0.1317
1782933093973,14520,0.32227,-0.06299,-0.94287,0.99841,0.0,-0.375,0.312,0.4014,-0.9011,0.0964,0.1317
1782933093975,14522,0.31982,-0.06494,-0.94873,1.00329,0.188,-0.75,0.312,0.4014,-0.9011,0.0964,0.1317
1782933093976,14523,0.31836,-0.06714,-0.94678,1.00113,0.125,0.312,0.062,0.4013,-0.9011,0.0964,0.1315
1782933094033,14580,0.32153,-0.06934,-0.94629,1.00183,0.5,0.562,0.062,0.4013,-0.9011,0.0964,0.1316
1782933094035,14582,0.32056,-0.06616,-0.93823,0.99369,0.312,0.438,0.062,0.4013,-0.9011,0.0965,0.1316
1782933094037,14584,0.31958,-0.06567,-0.94043,0.99542,0.188,-0.25,-0.062,0.4013,-0.9011,0.0966,0.1315
1782933094093,14640,0.3186,-0.06812,-0.94336,0.99804,0.125,0.0,0.062,0.4013,-0.9011,0.0966,0.1315
1782933094094,14641,0.32056,-0.06494,-0.94263,0.99776,0.25,-0.125,0.125,0.4013,-0.9011,0.0966,0.1315
1782933094099,14646,0.31909,-0.06714,-0.94385,0.99859,-0.125,-0.5,-0.375,0.4014,-0.9011,0.0965,0.1315
1782933094153,14700,0.32104,-0.06763,-0.94482,1.00016,-0.188,-0.438,0.125,0.4014,-0.9011,0.0965,0.1315
1782933094154,14701,0.31763,-0.06909,-0.94434,0.99872,-0.062,-0.312,0.062,0.4014,-0.9011,0.0965,0.1315
1782933094156,14703,0.31982,-0.06812,-0.9458,1.00073,0.062,-0.5,-0.25,0.4014,-0.9011,0.0964,0.1315
1782933094213,14760,0.32007,-0.07178,-0.94507,1.00038,-0.062,-0.75,-0.25,0.4014,-0.9011,0.0964,0.1315
1782933094219,14766,0.31909,-0.06738,-0.94824,1.00276,0.125,-0.875,-0.25,0.4014,-0.9011,0.0964,0.1315
1782933094220,14767,0.31909,-0.06738,-0.94824,1.00276,0.125,-0.875,-0.25,0.4014,-0.9011,0.0964,0.1315
1782933094276,14823,0.32104,-0.07275,-0.94604,1.00167,0.25,-1.125,0.25,0.4015,-0.9011,0.0964,0.1313
1782933094279,14826,0.31836,-0.06812,-0.94946,1.00373,0.375,-0.688,0.375,0.4015,-0.9011,0.0964,0.1313
1782933094280,14827,0.31836,-0.06812,-0.94946,1.00373,0.375,-0.688,0.375,0.4015,-0.9011,0.0964,0.1313
1782933094334,14881,0.32251,-0.06396,-0.94263,0.99833,-0.25,0.188,0.0,0.4014,-0.9011,0.0963,0.1315
1782933094338,14885,0.3252,-0.06323,-0.93848,0.99524,-0.062,0.0,0.062,0.4014,-0.9011,0.0963,0.1315
1782933094338,14885,0.32446,-0.06763,-0.93799,0.99482,0.0,0.312,-0.125,0.4014,-0.9011,0.0963,0.1316
1782933094453,15000,0.32373,-0.06445,-0.94214,0.99829,0.125,-0.562,-0.062,0.4015,-0.9011,0.0963,0.1316
1782933094454,15001,0.32129,-0.06543,-0.94409,0.99941,0.188,-0.688,0.0,0.4015,-0.9011,0.0963,0.1316
1782933094455,15002,0.32007,-0.06689,-0.94336,0.99842,-0.125,-0.25,-0.125,0.4016,-0.9011,0.0964,0.1317
1782933094512,15059,0.31885,-0.06689,-0.94336,0.99803,0.0,-0.062,-0.25,0.4016,-0.9011,0.0964,0.1317
1782933094513,15060,0.3208,-0.06714,-0.94507,1.00029,-0.125,-0.25,0.0,0.4016,-0.901,0.0964,0.1317
1782933094513,15060,0.3208,-0.06714,-0.94507,1.00029,-0.125,-0.25,0.0,0.4016,-0.901,0.0964,0.1317
1782933094572,15119,0.32007,-0.06348,-0.94312,0.99797,0.25,-0.312,0.125,0.4016,-0.901,0.0964,0.1318
1782933094574,15121,0.32397,-0.06787,-0.94043,0.99698,0.625,-0.688,0.188,0.4016,-0.901,0.0964,0.1318
1782933094575,15122,0.31909,-0.06494,-0.94409,0.99867,0.125,-0.25,0.062,0.4016,-0.901,0.0964,0.1317
1782933094633,15180,0.31934,-0.06787,-0.94409,0.99894,0.125,-0.375,0.0,0.4016,-0.901,0.0964,0.1317
1782933094635,15182,0.31982,-0.06177,-0.94482,0.99939,0.062,-0.438,0.062,0.4016,-0.901,0.0964,0.1317
1782933094637,15184,0.31982,-0.06177,-0.94482,0.99939,0.062,-0.438,0.062,0.4016,-0.901,0.0964,0.1317
1782933094690,15237,0.31982,-0.06177,-0.94482,0.99939,0.062,-0.438,0.062,0.4016,-0.901,0.0964,0.1317
1782933094691,15238,0.32031,-0.06641,-0.94189,0.99708,0.25,-0.25,0.062,0.4016,-0.901,0.0965,0.1318
1782933094691,15238,0.3208,-0.06616,-0.94165,0.99699,0.062,-0.125,0.0,0.4016,-0.901,0.0965,0.1318
1782933094754,15301,0.3208,-0.06616,-0.94165,0.99699,0.062,-0.125,0.0,0.4016,-0.901,0.0965,0.1318
1782933094756,15303,0.31934,-0.06396,-0.93896,0.99384,0.0,-0.375,-0.062,0.4016,-0.901,0.0965,0.1318
1782933094758,15305,0.3208,-0.06787,-0.94287,0.99826,0.312,-0.562,0.312,0.4016,-0.901,0.0965,0.1317
1782933094812,15359,0.31787,-0.06836,-0.94385,0.99828,0.438,-0.5,0.062,0.4016,-0.901,0.0966,0.1317
1782933094814,15361,0.3186,-0.06689,-0.94312,0.99773,0.75,-0.25,0.25,0.4016,-0.901,0.0966,0.1316
1782933094814,15361,0.32031,-0.0647,-0.94458,0.99951,0.25,0.0,0.188,0.4014,-0.9011,0.0967,0.1315
1782933094870,15417,0.32031,-0.0647,-0.94458,0.99951,0.25,0.0,0.188,0.4014,-0.9011,0.0967,0.1315
1782933094871,15418,0.32104,-0.0647,-0.94482,0.99997,0.25,-0.375,0.062,0.4014,-0.9011,0.0968,0.1315
1782933094872,15419,0.31738,-0.06665,-0.94409,0.99824,0.562,-0.75,0.0,0.4015,-0.9011,0.0968,0.1313
1782933094931,15478,0.31738,-0.06665,-0.94409,0.99824,0.562,-0.75,0.0,0.4015,-0.9011,0.0968,0.1313
1782933094932,15479,0.32056,-0.06982,-0.94531,1.00062,0.625,-1.125,0.25,0.4015,-0.9011,0.0969,0.1312
1782933094932,15479,0.3208,-0.06079,-0.95435,1.00866,0.125,-0.125,0.375,0.4014,-0.9012,0.0969,0.1308
1782933094995,15542,0.3208,-0.06079,-0.95435,1.00866,0.125,-0.125,0.375,0.4014,-0.9012,0.0969,0.1308
1782933095050,15597,0.31689,-0.07544,-0.93872,0.99363,0.312,-0.75,0.5,0.4014,-0.9012,0.097,0.1308
1782933095051,15598,0.31641,-0.06372,-0.9519,1.00513,0.375,1.688,0.938,0.4012,-0.9013,0.0971,0.1306
1782933095052,15599,0.31543,-0.07178,-0.92334,0.97837,0.562,1.5,0.688,0.4011,-0.9013,0.0972,0.1306
1782933095113,15660,0.32007,-0.07227,-0.93018,0.98636,0.5,-1.5,0.062,0.4011,-0.9013,0.0972,0.1306
1782933095114,15661,0.31787,-0.06885,-0.94141,0.99601,0.125,1.375,-0.312,0.4011,-0.9013,0.0974,0.1303
1782933095114,15661,0.31934,-0.07349,-0.94409,0.99934,0.125,0.125,0.0,0.4011,-0.9013,0.0974,0.1303
1782933095170,15717,0.31641,-0.07104,-0.94189,0.99615,-0.312,0.25,-0.125,0.4011,-0.9013,0.0974,0.1303
1782933095171,15718,0.31934,-0.06714,-0.94214,0.99705,0.125,0.375,0.0,0.4011,-0.9013,0.0974,0.1304
1782933095172,15719,0.32104,-0.06641,-0.93823,0.99386,0.062,-0.625,-0.375,0.4011,-0.9013,0.0974,0.1303
1782933095233,15780,0.32446,-0.06421,-0.94629,1.00243,0.0,-1.25,0.75,0.4011,-0.9013,0.0974,0.1303
1782933095235,15782,0.31445,-0.07153,-0.9458,0.99927,-0.188,-1.562,0.062,0.4011,-0.9014,0.0974,0.1302
1782933095236,15783,0.31934,-0.07007,-0.948,1.00279,0.125,-0.25,0.188,0.4011,-0.9014,0.0974,0.1302
1782933095290,15837,0.31934,-0.07007,-0.948,1.00279,0.125,-0.25,0.188,0.4011,-0.9014,0.0974,0.1302
1782933095291,15838,0.31982,-0.07031,-0.95093,1.00573,0.25,-0.312,0.125,0.4011,-0.9014,0.0974,0.1302
1782933095291,15838,0.3186,-0.07007,-0.94165,0.99655,0.25,0.125,0.312,0.4009,-0.9014,0.0976,0.1303
1782933095354,15901,0.3208,-0.07031,-0.93848,0.99428,0.375,-0.5,0.312,0.4009,-0.9014,0.0976,0.1303
1782933095354,15901,0.31885,-0.07056,-0.93896,0.99413,0.188,-0.875,0.188,0.4009,-0.9014,0.0976,0.1302
1782933095357,15904,0.32007,-0.06592,-0.93896,0.9942,-0.062,-0.125,-0.062,0.4009,-0.9014,0.0977,0.1304
1782933095410,15957,0.32031,-0.06665,-0.94141,0.99664,0.0,-0.562,0.0,0.4009,-0.9014,0.0977,0.1304
1782933095412,15959,0.31665,-0.07129,-0.93994,0.9944,-0.062,-0.625,0.0,0.4009,-0.9014,0.0976,0.1304
1782933095414,15961,0.31421,-0.08374,-0.94312,0.9976,-0.188,-0.688,-0.125,0.401,-0.9014,0.0975,0.1304
1782933095470,16017,0.31958,-0.06592,-0.9436,0.99843,-0.125,-4.688,0.312,0.4009,-0.9014,0.0975,0.1303
1782933095471,16018,0.31055,-0.05835,-0.95044,1.00159,0.125,1.938,-0.125,0.401,-0.9014,0.0974,0.1302
1782933095471,16018,0.3186,-0.07373,-0.94604,1.00097,0.25,-1.625,0.875,0.4009,-0.9014,0.0974,0.1301
1782933095531,16078,0.3186,-0.07373,-0.94604,1.00097,0.25,-1.625,0.875,0.4009,-0.9014,0.0974,0.1301
1782933095592,16139,0.31567,-0.07739,-0.94141,0.99594,0.625,-0.5,1.312,0.4009,-0.9015,0.0974,0.13
1782933095593,16140,0.31787,-0.07178,-0.93896,0.9939,0.0,0.938,0.438,0.4004,-0.9017,0.0976,0.1299
1782933095597,16144,0.31299,-0.0686,-0.94019,0.99329,0.0,0.625,0.0,0.4004,-0.9017,0.0976,0.1299
1782933095598,16145,0.31909,-0.07153,-0.94409,0.99912,-0.562,1.75,-0.312,0.4004,-0.9017,0.0976,0.13
1782933095652,16199,0.32666,-0.06323,-0.94482,1.00169,0.625,1.062,0.0,0.4005,-0.9015,0.0979,0.1307
1782933095653,16200,0.32104,-0.0625,-0.94238,0.99752,0.938,0.375,0.0,0.4005,-0.9015,0.0979,0.1307
1782933095654,16201,0.31519,-0.07397,-0.93945,0.99367,0.188,-2.0,1.0,0.4002,-0.9018,0.098,0.1296
1782933095711,16258,0.31421,-0.07593,-0.94067,0.99466,-0.562,-1.25,0.562,0.4001,-0.9018,0.098,0.1295
1782933095713,16260,0.31274,-0.07617,-0.94409,0.99745,-1.625,0.062,-0.25,0.4001,-0.9019,0.0979,0.1295
1782933095713,16260,0.3208,-0.06396,-0.94507,1.00008,-1.25,-1.062,-0.312,0.4003,-0.9017,0.0974,0.1303
1782933095770,16317,0.3208,-0.06519,-0.94409,0.99923,-1.438,-1.0,-0.188,0.4003,-0.9017,0.0974,0.1303
1782933095771,16318,0.3147,-0.06494,-0.94141,0.99474,-1.688,-0.625,-0.562,0.4003,-0.9017,0.0972,0.1303
1782933095771,16318,0.323,-0.07935,-0.93457,0.99199,-1.25,-0.312,-1.125,0.4008,-0.9015,0.0968,0.1307
1782933095831,16378,0.31543,-0.07544,-0.93408,0.98878,-0.125,-1.188,-0.875,0.4008,-0.9015,0.0967,0.1307
1782933095833,16380,0.31445,-0.07471,-0.94043,0.99442,-0.875,-1.938,-1.125,0.4009,-0.9015,0.0966,0.1306
1782933095836,16383,0.32397,-0.07129,-0.94043,0.99722,-1.25,0.5,-1.812,0.4016,-0.901,0.0964,0.1318
1782933095891,16438,0.31665,-0.05762,-0.94043,0.99398,-1.25,1.062,-2.25,0.4016,-0.901,0.0963,0.1318
1782933095953,16500,0.31714,-0.04248,-0.94629,0.99892,-0.312,2.125,-2.812,0.4017,-0.9009,0.0963,0.132
1782933095954,16501,0.32739,-0.05884,-0.93652,0.99384,0.688,-1.375,0.25,0.4024,-0.9006,0.0962,0.1323
1782933095954,16501,0.31152,-0.05762,-0.95117,1.00254,-1.125,-4.375,-2.562,0.4025,-0.9006,0.0961,0.1322
1782933096013,16560,0.31714,-0.06885,-0.94678,1.00085,-0.812,4.0,-1.812,0.4026,-0.9005,0.0961,0.1322
1782933096014,16561,0.32861,-0.05664,-0.94995,1.00678,-1.25,0.688,-0.875,0.4028,-0.9005,0.0957,0.1326
1782933096014,16561,0.32812,-0.05444,-0.94678,1.0035,-1.25,2.062,-2.312,0.4032,-0.9003,0.0948,0.1329
1782933096072,16619,0.32861,-0.05054,-0.948,1.00461,-1.125,1.375,-1.75,0.4033,-0.9003,0.0948,0.1331
1782933096073,16620,0.33374,-0.05444,-0.94873,1.00719,-1.125,1.438,-1.625,0.4033,-0.9002,0.0947,0.1332
1782933096074,16621,0.3269,-0.06177,-0.93799,0.99524,0.062,0.312,-1.25,0.4039,-0.9,0.0947,0.1334
1782933096133,16680,0.32544,-0.06152,-0.94019,0.99682,0.188,-0.188,-1.312,0.404,-0.8999,0.0947,0.1334
1782933096134,16681,0.32275,-0.06445,-0.94482,1.0005,0.0,-0.375,-0.938,0.4041,-0.8999,0.0946,0.1334
1782933096136,16683,0.32715,-0.0564,-0.94141,0.99823,-0.938,0.812,-0.875,0.4044,-0.8997,0.0944,0.1336
1782933096190,16737,0.32812,-0.05908,-0.94263,0.99985,-0.75,0.625,-0.625,0.4044,-0.8997,0.0944,0.1337
1782933096191,16738,0.32642,-0.05469,-0.94189,0.99835,-0.75,0.5,-0.875,0.4044,-0.8997,0.0944,0.1337
1782933096192,16739,0.32397,-0.05054,-0.94043,0.99595,-0.688,-1.188,-0.938,0.4046,-0.8996,0.0939,0.134
1782933096251,16798,0.32495,-0.05029,-0.94604,1.00156,-0.938,-0.562,-0.75,0.4046,-0.8996,0.0939,0.134
1782933096251,16798,0.32593,-0.05298,-0.93921,0.99557,-1.188,0.0,-0.875,0.4047,-0.8996,0.0939,0.134
1782933096252,16799,0.32617,-0.05786,-0.93823,0.99499,-1.688,0.438,-1.562,0.405,-0.8994,0.0932,0.1345
1782933096318,16865,0.32324,-0.06006,-0.94116,0.99693,-1.812,-0.062,-1.875,0.4052,-0.8994,0.0931,0.1345
1782933096320,16867,0.32056,-0.05933,-0.94482,0.99948,-1.312,0.875,-2.0,0.4052,-0.8993,0.093,0.1346
1782933096323,16870,0.3252,-0.0708,-0.9375,0.99482,-0.562,0.312,0.188,0.4055,-0.8991,0.0928,0.1352
1782933096372,16919,0.32544,-0.06689,-0.94458,1.00131,-0.188,-0.062,0.75,0.4054,-0.8992,0.0928,0.1352
1782933096373,16920,0.32349,-0.06812,-0.94189,0.99822,-0.625,0.312,0.938,0.4054,-0.8992,0.0928,0.1353
1782933096374,16921,0.32007,-0.0625,-0.94336,0.99814,0.312,1.75,2.375,0.4046,-0.8995,0.093,0.1356
1782933096433,16980,0.3269,-0.05933,-0.94141,0.99832,0.75,2.562,2.875,0.4044,-0.8995,0.0931,0.1358
1782933096434,16981,0.32739,-0.06348,-0.93945,0.99689,0.938,2.625,2.875,0.4043,-0.8995,0.0932,0.1358
1782933096435,16982,0.32739,-0.06348,-0.93945,0.99689,0.938,2.625,2.875,0.4043,-0.8995,0.0932,0.1358
1782933096492,17039,0.34399,-0.06299,-0.92578,0.98963,3.562,8.812,2.438,0.4033,-0.8997,0.0946,0.1363
1782933096494,17041,0.32227,-0.04419,-0.91943,0.97528,5.0,-3.375,2.625,0.4032,-0.8998,0.0949,0.1363
1782933096495,17042,0.32227,-0.04419,-0.91943,0.97528,5.0,-3.375,2.625,0.4032,-0.8998,0.0949,0.1363
1782933096552,17099,0.32056,-0.0625,-0.93457,0.98999,0.938,0.625,0.562,0.4031,-0.8997,0.0966,0.1356
1782933096555,17102,0.32666,-0.06079,-0.9353,0.99257,0.688,1.5,0.0,0.4031,-0.8997,0.0967,0.1357
1782933096555,17102,0.19629,-0.31714,-1.2019,1.25844,43.938,-36.0,5.312,0.4053,-0.8988,0.0997,0.1328
1782933096619,17166,0.22485,-0.11133,-1.16895,1.19557,41.75,-68.5,0.75,0.4058,-0.8991,0.1001,0.1297
1782933096620,17167,0.33154,-0.0415,-1.12061,1.16936,48.688,-50.562,9.312,0.406,-0.8992,0.1009,0.1267
1782933096623,17170,0.33154,-0.0415,-1.12061,1.16936,48.688,-50.562,9.312,0.406,-0.8992,0.1009,0.1267
1782933096672,17219,0.27637,-0.08398,-1.09204,1.12959,98.312,-163.25,82.312,0.3934,-0.9099,0.1137,0.0643
1782933096673,17220,0.15796,-0.1145,-1.08838,1.10573,104.625,-158.25,84.0,0.3912,-0.9113,0.1152,0.0558
1782933096674,17221,0.15796,-0.36377,-0.6062,0.7244,267.0,-209.875,140.5,-0.3576,0.9183,-0.1579,0.0606
1782933096733,17280,-0.03564,-0.30859,-0.91016,0.96171,270.0,-155.188,141.0,-0.35,0.9179,-0.1691,0.0784
1782933096735,17282,-0.04736,-0.57227,-0.72437,0.92436,287.188,-168.375,139.188,-0.3474,0.9175,-0.1735,0.0845
1782933096737,17284,-0.24902,-1.22266,-0.90601,1.542,287.625,-218.25,73.5,-0.3,0.89,-0.258,0.226
1782933096790,17337,-0.21191,-1.38525,-1.07202,1.76438,273.75,-202.5,62.5,-0.2971,0.8856,-0.2655,0.238
1782933096791,17338,-0.20825,-1.49658,-1.34814,2.02499,252.812,-189.0,48.062,-0.2947,0.8812,-0.2725,0.2491
1782933096792,17339,-0.88843,-0.75269,-1.1897,1.6647,-42.562,-10.125,-49.0,-0.3071,0.8557,-0.3059,0.2822
1782933096853,17400,-0.86328,-1.08667,-0.53809,1.4885,-39.062,2.625,-10.5,-0.3092,0.8565,-0.3041,0.2794
1782933096854,17401,-0.72339,-0.92993,-0.5957,1.3202,-22.625,-44.688,18.938,-0.3095,0.8566,-0.3024,0.2805
1782933096855,17402,-0.05933,-0.82031,-1.2041,1.45818,62.625,-64.0,38.125,-0.3013,0.8512,-0.3015,0.3058
1782933096913,17460,-0.05933,-0.82031,-1.2041,1.45818,62.625,-64.0,38.125,-0.3013,0.8512,-0.3015,0.3058
1782933096921,17468,-0.18652,-0.87744,-1.15039,1.4588,37.062,7.062,38.375,-0.2977,0.8508,-0.3034,0.3084
1782933096922,17469,-0.28784,-0.97217,-0.96704,1.40112,-58.188,-106.125,178.375,-0.2648,0.8621,-0.2829,0.3262
1782933096970,17517,-0.28784,-0.97217,-0.96704,1.40112,-58.188,-106.125,178.375,-0.2648,0.8621,-0.2829,0.3262
1782933096971,17518,-0.24927,-0.89746,-1.05981,1.41095,-62.875,-121.438,190.75,-0.258,0.8638,-0.2735,0.3348
1782933096972,17519,-0.00098,-1.01123,-0.93262,1.37563,-264.688,-101.125,195.438,-0.2139,0.8817,-0.1641,0.3867
1782933097030,17577,-0.00098,-1.01123,-0.93262,1.37563,-264.688,-101.125,195.438,-0.2139,0.8817,-0.1641,0.3867
1782933097031,17578,0.01538,-1.28271,-0.91748,1.57713,-304.688,-136.25,177.062,-0.2115,0.8847,-0.1344,0.3928
1782933097031,17578,-0.35181,-2.80225,-0.98828,2.99217,-741.5,63.438,-112.0,-0.2805,0.885,0.0512,0.3679
1782933097091,17638,-0.35181,-2.80225,-0.98828,2.99217,-741.5,63.438,-112.0,-0.2805,0.885,0.0512,0.3679
1782933097092,17639,-0.48926,-2.98462,-0.77832,3.123,-898.312,145.375,-195.562,-0.32,0.8782,0.1041,0.3395
1782933097092,17639,-0.75928,-3.89844,1.41919,4.21763,-1157.25,149.562,-525.125,-0.595,0.6861,0.4077,0.0935
1782933097152,17699,-0.64233,-3.8374,1.40674,4.13729,-1121.375,142.375,-532.188,-0.6172,0.652,0.4343,0.0709
1782933097153,17700,-0.45459,-4.01978,1.39404,4.27886,-1117.312,129.125,-533.188,-0.6376,0.6162,0.4595,0.0487
1782933097153,17700,-1.07422,-5.53491,0.31445,5.64695,-888.375,257.875,-1028.438,0.8193,-0.1156,-0.5504,0.1105
1782933097215,17762,-1.40112,-5.55444,0.38623,5.74144,-905.938,83.062,-1064.375,0.8225,0.0056,-0.5556,0.1212
1782933097219,17766,-1.51733,-5.49536,0.40137,5.7151,-915.062,2.25,-1060.938,0.8162,0.0662,-0.5597,0.1257
1782933097220,17767,-1.22754,-3.74707,0.79028,4.02143,-914.375,-302.375,-616.062,0.6383,0.5007,-0.5479,0.203
1782933097270,17817,-0.62891,-3.41455,0.68359,3.53864,-936.25,-425.5,-410.875,0.5648,0.5769,-0.5322,0.2542
1782933097271,17818,-0.46411,-3.38135,0.65161,3.4747,-954.062,-454.438,-367.438,0.5335,0.6026,-0.5239,0.2785
1782933097272,17819,-1.69336,-5.57104,0.67188,5.86135,-649.938,203.562,-830.938,0.2437,0.8066,-0.3866,0.3745
1782933097330,17877,-2.11963,-5.05737,0.66919,5.52428,-565.812,161.438,-878.0,0.2064,0.8269,-0.3792,0.3598
1782933097330,17877,-2.38428,-4.354,0.61133,5.00158,-486.562,20.5,-874.125,0.1679,0.8427,-0.3749,0.3478
1782933097331,17878,-1.49805,-2.87476,0.56372,3.29032,-504.625,-365.312,-262.312,-0.1267,0.8765,-0.2671,0.3795
1782933097392,17939,-1.36255,-2.58032,0.50854,2.96196,-451.812,-408.75,-268.938,-0.1488,0.8732,-0.2524,0.3891
1782933097394,17941,-0.47559,-1.87329,0.31104,1.95759,-398.0,-438.625,-212.438,-0.1818,0.8655,-0.2323,0.4044
1782933097399,17946,-0.98047,-2.67749,0.47827,2.8912,-586.375,-211.0,-58.5,-0.3218,0.8258,-0.0711,0.4574
1782933097453,18000,-0.93579,-2.67017,0.12354,2.8321,-698.0,-323.438,-89.75,-0.3391,0.82,-0.0454,0.4588
1782933097455,18002,-0.98242,-2.54248,0.29126,2.7412,-761.312,-153.938,-67.125,-0.3654,0.8125,-0.0051,0.4539
1782933097457,18004,-1.33203,-1.67188,0.70532,2.25099,-879.438,22.0,59.812,-0.5258,0.7446,0.2678,0.3115
1782933097512,18059,-1.24731,-1.76318,0.61108,2.24455,-911.688,20.938,83.562,-0.5354,0.7354,0.2967,0.2902
1782933097514,18061,-1.20728,-1.56396,0.63354,2.07482,-937.625,105.188,96.938,-0.5491,0.7204,0.3389,0.2536
1782933097516,18063,-0.5271,-1.58325,0.86475,1.87944,-1106.812,580.688,-12.25,0.611,-0.5565,-0.5586,0.0687
1782933097570,18117,-0.64795,-1.15454,0.93848,1.62282,-1107.5,604.812,-88.438,0.6229,-0.5252,-0.569,0.1098
1782933097571,18118,-0.63037,-0.98486,0.87939,1.46309,-1109.062,630.25,-113.0,0.6343,-0.4913,-0.5774,0.1503
1782933097571,18118,-2.30591,-2.67236,0.86133,3.63327,-652.375,663.375,-879.688,0.7559,0.0277,-0.5193,0.3972
1782933097632,18179,-2.56348,-2.39746,0.74951,3.58901,-577.875,583.188,-904.5,0.7568,0.0813,-0.5145,0.3945
1782933097633,18180,-2.8501,-1.97534,0.48438,3.50138,-517.188,441.625,-892.312,0.752,0.1559,-0.5106,0.3863
1782933097634,18181,-3.39062,-0.33032,0.27515,3.41777,-369.25,12.812,-201.75,0.6464,0.4462,-0.501,0.3629
1782933097692,18239,-3.44775,-0.03833,0.24194,3.45644,-360.562,-22.312,-86.312,0.6381,0.4566,-0.4964,0.371
1782933097695,18242,-3.43311,0.46704,0.13452,3.46734,-366.562,-24.25,33.062,0.6317,0.4634,-0.4899,0.3819
1782933097699,18246,-2.04883,-0.43994,0.88232,2.27371,-122.875,-288.312,838.688,0.6451,0.3688,-0.3753,0.5538
1782933097752,18299,-1.89844,-0.63818,1.04614,2.25959,-60.812,-348.438,894.75,0.6508,0.3378,-0.3626,0.575
1782933097753,18300,-1.65259,-0.76904,0.93066,2.04661,-15.75,-405.125,937.75,0.6564,0.3026,-0.3506,0.5953
1782933097756,18303,0.09619,-0.84033,0.34302,0.91273,552.688,-403.375,697.438,0.7216,-0.0966,-0.2401,0.6419
1782933097812,18359,0.10034,-0.5144,0.3064,0.60709,578.688,-353.625,647.0,0.7302,-0.1328,-0.2305,0.6291
1782933097813,18360,0.14551,-0.19946,0.14941,0.28858,599.25,-309.188,610.312,0.739,-0.1666,-0.2203,0.6143
1782933097814,18361,-0.03271,-0.23096,-0.20972,0.31368,615.125,4.938,528.0,0.8064,-0.3831,-0.0597,0.4462
1782933097873,18420,0.00244,-0.36426,-0.39038,0.53394,633.938,-41.875,592.0,0.8101,-0.4354,-0.009,0.3922
1782933097873,18420,0.03369,-0.53833,-0.38965,0.6654,650.312,-101.375,740.75,0.8039,-0.4842,0.0324,0.3435
1782933097874,18421,0.11182,-3.48389,-0.92969,3.60754,843.688,-694.0,561.875,0.7379,-0.6625,0.1245,0.0311
1782933097932,18479,0.11182,-3.48389,-0.92969,3.60754,843.688,-694.0,561.875,0.7379,-0.6625,0.1245,0.0311
1782933097935,18482,0.07275,-3.84937,-1.06738,3.99528,871.688,-738.312,514.625,-0.7266,0.6746,-0.1277,0.0211
1782933097936,18483,-1.36572,-0.86646,-1.83472,2.44584,614.125,34.438,48.312,-0.5905,0.6146,-0.2224,0.4731
1782933097994,18541,-1.40918,-0.76172,-1.67188,2.31542,528.375,129.625,95.5,-0.5759,0.6138,-0.2373,0.4847
1782933098003,18550,-1.41504,-0.82715,-1.52271,2.23722,444.312,205.375,148.938,-0.5605,0.6165,-0.2509,0.4925
1782933098007,18554,-0.6394,-1.52344,-0.78076,1.82737,-190.688,535.812,501.688,-0.38,0.772,-0.2824,0.4237
1782933098052,18599,-0.56738,-1.56836,-0.66724,1.79635,-227.875,555.25,503.562,-0.3605,0.7922,-0.2751,0.4079
1782933098054,18601,-0.49512,-1.52539,-0.53003,1.68905,-256.438,570.75,500.062,-0.341,0.8123,-0.2667,0.3905
1782933098056,18603,0.68652,-0.58423,-0.03101,0.902,62.062,224.438,458.75,-0.2274,0.9274,-0.1862,0.2307
1782933098112,18659,0.79639,-0.4751,-0.35962,0.99463,83.375,307.25,421.875,-0.2073,0.9337,-0.1879,0.2231
1782933098115,18662,0.81226,-0.64771,-0.41089,1.1172,101.125,418.125,406.062,-0.187,0.94,-0.1916,0.2111
1782933098116,18663,0.37305,-1.05981,-1.47534,1.85445,124.5,-30.0,225.688,-0.0347,0.9519,-0.2457,0.1795
1782933098173,18720,0.31226,-1.03247,-1.45654,1.81246,105.438,-84.375,207.0,-0.0261,0.9504,-0.2485,0.1845
1782933098174,18721,0.2876,-0.97876,-1.50806,1.82069,86.312,-133.5,188.25,-0.0189,0.9487,-0.2506,0.1912
1782933098175,18722,0.11523,-0.23218,-0.40503,0.48087,-126.312,-99.75,-61.438,-0.0221,0.9292,-0.2293,0.2886
1782933098232,18779,-0.1748,-0.17407,-0.41382,0.48177,-126.875,-371.125,-76.875,-0.0372,0.9241,-0.2199,0.3098
1782933098233,18780,-0.29297,-0.04175,-0.48267,0.56617,-125.5,-305.375,-83.812,-0.045,0.9208,-0.2153,0.3217
1782933098235,18782,-0.29297,-0.04175,-0.48267,0.56617,-125.5,-305.375,-83.812,-0.045,0.9208,-0.2153,0.3217
1782933098291,18838,-0.65137,-0.26221,-0.33301,0.77713,-101.562,109.688,-126.938,-0.0872,0.919,-0.1911,0.3335
1782933098352,18899,-0.60767,-0.21802,-0.38306,0.75069,-89.625,159.188,-128.5,-0.0923,0.9212,-0.1897,0.3264
1782933098353,18900,-0.27026,-0.54126,-0.62695,0.87125,49.688,200.688,-127.375,-0.0716,0.9504,-0.2218,0.2053
1782933098355,18902,-0.30664,-0.5874,-0.64575,0.92524,68.875,194.75,-122.562,-0.0742,0.9511,-0.2261,0.1962
1782933098415,18962,-0.31519,-0.58472,-0.74756,1.00004,85.688,154.188,-114.5,-0.0767,0.9513,-0.231,0.1885
1782933098416,18963,-0.34644,-0.3728,-1.1665,1.27268,84.25,-58.938,63.75,-0.0268,0.9469,-0.2844,0.1466
1782933098417,18964,-0.2041,-1.16333,-0.73242,1.38976,278.312,-265.688,142.875,0.0233,0.9043,-0.3491,0.2439
1782933098470,19017,-0.20312,-1.198,-0.80127,1.45551,299.438,-276.875,147.438,0.0278,0.8967,-0.3594,0.2562
1782933098471,19018,-0.2561,-1.27246,-0.84741,1.55011,314.812,-292.375,150.812,0.0324,0.8885,-0.3701,0.269
1782933098472,19019,-0.2561,-1.27246,-0.84741,1.55011,314.812,-292.375,150.812,0.0324,0.8885,-0.3701,0.269
1782933098532,19079,-0.88916,-2.27979,-1.38574,2.81217,56.188,-322.188,106.562,0.0367,0.796,-0.4368,0.4171
1782933098534,19081,-0.9917,-2.28467,-1.41113,2.8626,-5.812,-296.562,102.25,0.0345,0.7904,-0.4357,0.429
1782933098534,19081,-0.96118,-2.66846,-0.6897,2.91894,-914.438,55.375,155.25,-0.0229,0.8326,-0.2675,0.4843
1782933098592,19139,-0.94458,-2.89209,-0.25586,3.05318,-1003.25,93.812,136.0,-0.025,0.8453,-0.2377,0.4776
1782933098599,19146,-0.84741,-3.09473,-0.05957,3.20921,-1076.0,102.75,117.75,-0.0418,0.857,-0.198,0.4736
1782933098600,19147,-0.84741,-3.09473,-0.05957,3.20921,-1076.0,102.75,117.75,-0.0418,0.857,-0.198,0.4736
1782933098652,19199,-0.84741,-3.09473,-0.05957,3.20921,-1076.0,102.75,117.75,-0.0418,0.857,-0.198,0.4736
1782933098653,19200,-0.63525,-2.46436,1.02686,2.74428,-1169.375,160.25,-100.688,-0.2493,0.863,0.2744,0.3427
1782933098654,19201,-0.63525,-2.46436,1.02686,2.74428,-1169.375,160.25,-100.688,-0.2493,0.863,0.2744,0.3427
1782933098712,19259,-0.73071,-6.58276,0.56934,6.64762,-1351.125,630.625,-574.312,-0.5204,0.5565,0.6405,0.0947
1782933098770,19317,-1.02832,-6.94092,1.03003,7.09188,-1306.688,651.625,-700.125,-0.5595,0.5051,0.6531,0.0703
1782933098771,19318,-2.05981,-4.72559,1.01489,5.25395,-806.188,163.125,-881.75,-0.7612,-0.0004,0.6483,0.0124
1782933098771,19318,-2.05981,-4.72559,1.01489,5.25395,-806.188,163.125,-881.75,-0.7612,-0.0004,0.6483,0.0124
1782933098831,19378,-1.85059,-3.58862,0.79858,4.1159,-810.25,-171.0,-661.5,-0.7543,-0.1148,0.6462,0.0056
1782933098890,19437,-0.19043,-5.48584,0.20215,5.49287,-1208.438,-917.312,50.875,0.5211,0.3986,-0.7136,0.2449
1782933098891,19438,-2.07666,-2.9458,3.24072,4.84691,-729.5,-419.375,169.625,0.1137,0.7202,-0.4909,0.4766
1782933098892,19439,-1.97461,-2.96338,3.08911,4.71416,-455.75,-549.75,274.375,0.087,0.7171,-0.4542,0.5211
1782933098952,19499,-1.76611,-2.80811,2.63745,4.23801,-305.812,-522.562,284.938,0.0772,0.71,-0.44,0.5442
1782933098954,19501,-1.2688,-2.49878,0.19556,2.80927,369.25,-559.312,254.5,0.0871,0.5675,-0.4082,0.7095
1782933098956,19503,0.63428,-0.45435,1.30469,1.52018,182.25,-123.875,855.375,0.2564,0.3823,-0.1955,0.8659
1782933099012,19559,0.69141,-0.64014,1.49658,1.7685,197.188,-90.25,874.875,0.2734,0.3685,-0.1615,0.8735
1782933099015,19562,0.74927,-0.83374,1.66479,2.007,218.0,-92.812,889.938,0.2938,0.3524,-0.1328,0.8784
1782933099016,19563,1.78296,-2.04272,1.19189,2.9618,742.375,-733.875,863.688,0.528,0.124,0.0927,0.8348
1782933099071,19618,0.34668,-3.50195,1.17334,3.70952,814.625,-1091.188,833.25,0.5625,0.0729,0.096,0.8178
1782933099071,19618,0.82788,-3.00146,0.83716,3.22413,913.562,-1567.938,587.062,0.5993,0.0177,0.091,0.795
1782933099071,19618,-2.17798,-2.5647,0.46704,3.39697,342.938,727.438,-1425.438,0.8289,-0.0616,-0.4048,0.3807
1782933099133,19680,-2.17798,-2.5647,0.46704,3.39697,342.938,727.438,-1425.438,0.8289,-0.0616,-0.4048,0.3807
1782933099134,19681,-2.33911,-2.88354,-0.44531,3.73959,384.312,202.688,-1402.688,0.8551,0.0233,-0.4266,0.2935
1782933099136,19683,-2.99072,-2.8606,-2.30566,4.73746,133.5,-79.188,-969.688,-0.7772,-0.3744,0.4948,0.1031
1782933099190,19737,-3.23657,-2.67163,-1.97852,4.63978,51.688,-146.25,-882.125,-0.7592,-0.403,0.4959,0.1224
1782933099191,19738,-3.48804,-1.70068,-2.27539,4.49846,-85.438,-371.75,-640.062,-0.7308,-0.4368,0.502,0.1515
1782933099192,19739,-3.48804,-1.70068,-2.27539,4.49846,-85.438,-371.75,-640.062,-0.7308,-0.4368,0.502,0.1515
1782933099253,19800,-2.49927,-0.52026,-1.19189,2.81738,-617.375,-367.75,373.625,0.6853,0.5256,-0.5029,0.0303
1782933099253,19800,-2.29224,-0.50903,-0.73755,2.46119,-632.875,-336.562,496.062,0.6816,0.5306,-0.4918,0.1077
1782933099254,19801,-0.12036,-1.39771,0.90015,1.66684,-144.938,-455.938,838.188,0.6827,0.4056,-0.3814,0.4728
1782933099311,19858,-0.12036,-1.39771,0.90015,1.66684,-144.938,-455.938,838.188,0.6827,0.4056,-0.3814,0.4728
1782933099312,19859,0.28198,-1.73315,0.80615,1.93215,-44.688,-452.375,772.75,0.6751,0.3822,-0.3578,0.5194
1782933099313,19860,-0.56787,-0.40234,-0.15869,0.71382,290.688,-29.812,-81.562,0.7201,0.2744,-0.358,0.527
1782933099371,19918,-0.56787,-0.40234,-0.15869,0.71382,290.688,-29.812,-81.562,0.7201,0.2744,-0.358,0.527
1782933099372,19919,-1.15894,-0.21631,-0.31885,1.22131,318.438,-28.562,-72.875,0.7358,0.2549,-0.381,0.4981
1782933099372,19919,-2.34985,0.13013,-0.61938,2.43359,251.375,3.625,177.188,0.7885,0.1729,-0.4282,0.4058
1782933099432,19979,-2.16748,0.53613,-0.70068,2.34016,220.875,31.625,272.25,0.7975,0.1548,-0.4237,0.4003
1782933099433,19980,-1.91357,0.64966,-0.48364,2.07791,191.188,35.75,372.188,0.8081,0.1249,-0.419,0.3946
1782933099434,19981,-0.40625,0.99316,0.08789,1.07663,284.562,20.375,603.688,0.8546,-0.0526,-0.3328,0.3948
1782933099491,20038,-0.26099,0.58154,0.16162,0.65759,339.5,-38.562,658.938,0.8591,-0.0951,-0.3162,0.3907
1782933099491,20038,-0.02417,-0.14087,0.20215,0.24757,425.062,-155.25,686.0,0.863,-0.1531,-0.2947,0.3803
1782933099493,20040,0.28345,-1.177,-0.35791,1.26245,781.188,-220.625,431.875,0.86,-0.4032,-0.2248,0.2167
1782933099552,20099,0.30396,-1.03955,-0.57227,1.22497,791.812,-191.688,391.812,0.858,-0.4273,-0.2143,0.1875
1782933099554,20101,0.30566,-0.97827,-0.64136,1.20904,802.062,-132.562,364.188,0.8557,-0.4491,-0.2016,0.1584
1782933099556,20103,0.06543,-1.85303,-1.68408,2.50482,845.188,-163.875,244.062,-0.8131,0.5645,0.0449,0.1343
1782933099613,20160,0.01929,-1.79883,-1.93701,2.64351,796.688,-216.938,267.75,-0.7951,0.5773,0.0272,0.1835
1782933099614,20161,-0.1897,-1.7085,-2.06543,2.68718,756.625,-255.75,317.5,-0.7806,0.5861,0.0187,0.2155
1782933099617,20164,-1.31812,-0.62183,-1.24463,1.91656,322.125,-393.562,171.75,-0.6646,0.5752,0.0438,0.4747
1782933099671,20218,-1.30615,-0.59131,-1.11206,1.81448,306.312,-348.75,172.75,-0.6531,0.5733,0.0501,0.492
1782933099672,20219,-1.30542,-0.55151,-1.06104,1.77034,294.375,-316.125,179.375,-0.6416,0.5721,0.0557,0.5076
1782933099673,20220,-0.76831,-0.25317,-1.16943,1.42196,-10.688,-131.0,218.5,-0.5171,0.6023,0.0955,0.6004
1782933099731,20278,-0.6936,-0.31055,-1.14258,1.37223,-62.562,-112.688,200.562,-0.5103,0.6044,0.1091,0.6017
1782933099732,20279,-0.66455,-0.29224,-1.04907,1.27577,-105.5,-105.812,189.812,-0.4934,0.6164,0.1114,0.6033
1782933099733,20280,-0.19971,-0.54565,-0.49487,0.76323,-357.938,-121.0,117.5,-0.473,0.6284,0.1911,0.587
1782933099790,20337,-0.13599,-0.58936,-0.42188,0.73744,-386.75,-127.375,103.562,-0.4787,0.6242,0.2063,0.5817
1782933099790,20337,-0.04932,-0.66431,-0.33936,0.7476,-412.812,-131.562,86.188,-0.4854,0.619,0.2218,0.576
1782933099794,20341,-0.09814,-1.07422,0.25122,1.10756,-595.812,-193.312,-64.312,-0.5357,0.5577,0.3316,0.54
1782933099852,20399,-0.14233,-1.15063,0.28345,1.19355,-616.688,-185.875,-24.562,-0.548,0.5433,0.3492,0.5312
1782933099854,20401,-0.80371,-1.91895,0.38477,2.11574,-641.312,-165.0,27.562,-0.5596,0.5294,0.3677,0.5206
1782933099856,20403,-1.82471,-3.3894,0.56494,3.8906,-838.125,300.375,-247.188,-0.7319,0.3864,0.4188,0.3732
1782933099912,20459,-1.93579,-2.82373,0.32007,3.43848,-871.875,317.875,-166.75,-0.7749,0.3505,0.4196,0.3167
1782933099915,20462,-1.89209,-2.58545,0.29761,3.21763,-887.812,297.688,-103.375,-0.7823,0.3597,0.4108,0.2993
1782933099916,20463,-0.37476,-0.80591,0.29126,0.93529,-1076.125,-205.188,464.625,0.7961,-0.3087,-0.5192,0.0327
1782933099972,20519,-0.45679,-0.76025,0.50439,1.02032,-1063.812,-247.188,502.188,0.7816,-0.3016,-0.5402,0.0769
1782933099973,20520,-0.38989,-0.92847,0.26367,1.04096,-1109.938,-343.062,462.625,0.7319,-0.3101,-0.5895,0.1423
1782933099976,20523,-0.49805,-1.65894,2.01245,2.6552,-959.375,-644.75,443.375,0.484,-0.2039,-0.7569,0.3886
1782933100032,20579,-0.49268,-1.62524,2.16479,2.75145,-871.25,-703.5,510.562,0.4411,-0.1955,-0.7703,0.4165
1782933100033,20580,-0.43286,-1.48804,2.0376,2.55997,-776.375,-729.688,565.562,0.3972,-0.1915,-0.7803,0.4432
1782933100034,20581,1.02319,-0.60938,1.61694,2.00817,-109.25,-651.312,750.812,-0.0028,-0.2822,-0.7568,0.5894
1782933100093,20640,1.22559,-0.67163,1.40405,1.98104,-76.375,-645.5,731.5,-0.052,-0.3016,-0.7285,0.6126
1782933100097,20644,1.33081,-0.64087,1.28857,1.96015,-56.25,-615.5,711.438,-0.0828,-0.3142,-0.7084,0.6264
1782933100098,20645,1.79126,-0.70483,0.50854,1.99098,94.875,-646.812,473.0,-0.2957,-0.4484,-0.457,0.7087
1782933100151,20698,1.82056,-0.75317,0.4502,2.02099,110.625,-632.812,445.562,-0.3137,-0.4638,-0.4327,0.7063
1782933100152,20699,1.85522,-0.79175,0.38013,2.05261,125.75,-623.875,421.0,-0.3303,-0.479,-0.4085,0.7031
1782933100153,20700,2.14258,-1.13989,-0.26587,2.44145,210.562,-508.688,71.562,-0.3453,-0.6643,-0.1218,0.6514
1782933100213,20760,2.11572,-1.22363,-0.37134,2.47213,204.125,-482.688,22.375,-0.3433,-0.6782,-0.1075,0.6405
1782933100214,20761,2.08105,-1.29858,-0.4502,2.49394,196.188,-454.438,-22.875,-0.3398,-0.6918,-0.095,0.6298
1782933100215,20762,2.08105,-1.29858,-0.4502,2.49394,196.188,-454.438,-22.875,-0.3398,-0.6918,-0.095,0.6298
1782933100271,20818,1.65015,-1.47754,-1.13721,2.48985,-191.812,-485.5,-309.562,-0.2074,-0.8461,-0.027,0.4901
1782933100272,20819,1.58618,-1.4292,-1.14795,2.42412,-266.5,-478.312,-341.062,-0.2012,-0.8585,-0.0383,0.4699
1782933100274,20821,1.58618,-1.4292,-1.14795,2.42412,-266.5,-478.312,-341.062,-0.2012,-0.8585,-0.0383,0.4699
1782933100332,20879,-0.33813,-1.13184,0.03564,1.18181,-752.5,-276.312,-647.188,-0.0076,-0.9097,-0.35,0.2226
1782933100333,20880,-0.41797,-1.15356,0.12646,1.23345,-768.625,-238.812,-636.938,0.0062,-0.9001,-0.3852,0.2028
1782933100335,20882,-0.41797,-1.15356,0.12646,1.23345,-768.625,-238.812,-636.938,0.0062,-0.9001,-0.3852,0.2028
1782933100393,20940,-0.53589,-2.31348,0.55029,2.43766,-766.438,359.75,-797.188,0.2568,-0.645,-0.7129,0.0974
1782933100396,20943,-0.5686,-2.46631,0.61646,2.605,-739.375,408.75,-839.562,0.2887,-0.6102,-0.732,0.0908
1782933100398,20945,-0.5686,-2.46631,0.61646,2.605,-739.375,408.75,-839.562,0.2887,-0.6102,-0.732,0.0908
1782933100453,21000,-1.95605,-3.53369,0.60229,4.08361,-78.625,677.0,-1169.375,-0.6874,0.1857,0.6999,0.0537
1782933100454,21001,-2.10522,-3.59448,0.48315,4.19353,-2.188,652.75,-1164.312,-0.7155,0.1507,0.6768,0.084
1782933100456,21003,-2.10522,-3.59448,0.48315,4.19353,-2.188,652.75,-1164.312,-0.7155,0.1507,0.6768,0.084
1782933100511,21058,-3.04248,-1.72949,-0.49487,3.5345,233.125,256.062,-223.438,-0.8126,-0.0991,0.4355,0.3739
1782933100511,21058,-3.03491,-1.30664,-0.55396,3.35035,169.125,202.875,18.562,-0.8135,-0.0912,0.4244,0.3865
1782933100512,21059,-1.04932,-1.14478,-1.55566,2.19811,-556.875,565.062,1049.438,-0.88,0.1079,0.4139,0.2061
1782933100571,21118,-0.83398,-1.85474,-0.27417,2.05201,-657.438,445.25,1170.375,-0.8851,0.1912,0.3963,0.1511
1782933100572,21119,-0.45459,-2.1853,-0.31494,2.25419,-629.812,226.875,1233.5,-0.8825,0.2276,0.3977,0.1047
1782933100573,21120,-0.45459,-2.1853,-0.31494,2.25419,-629.812,226.875,1233.5,-0.8825,0.2276,0.3977,0.1047
1782933100631,21178,-0.85864,-0.90381,0.78174,1.47148,-401.312,-82.0,986.125,0.6013,-0.5911,-0.4728,0.2552
1782933100633,21180,-0.65967,-1.00562,0.76221,1.42387,-347.312,-123.25,955.125,0.5705,-0.6089,-0.4742,0.2804
1782933100634,21181,-0.0708,-1.31348,-0.07861,1.31773,-2.688,-223.938,1148.625,0.1835,-0.79,-0.3977,0.4287
1782933100690,21237,0.15698,-1.65649,-0.14941,1.67061,44.938,-296.938,1194.25,0.0884,-0.814,-0.3799,0.4301
1782933100691,21238,0.30151,-1.97632,-0.19824,2.00899,85.0,-344.312,1222.312,0.0413,-0.825,-0.3548,0.4376
1782933100693,21240,0.30151,-1.97632,-0.19824,2.00899,85.0,-344.312,1222.312,0.0413,-0.825,-0.3548,0.4376
1782933100752,21299,0.30151,-1.97632,-0.19824,2.00899,85.0,-344.312,1222.312,0.0413,-0.825,-0.3548,0.4376
1782933100754,21301,1.72974,-3.54639,-1.34521,4.16875,613.312,-503.375,872.625,-0.315,-0.8733,0.1469,0.341
1782933100756,21303,1.72974,-3.54639,-1.34521,4.16875,613.312,-503.375,872.625,-0.315,-0.8733,0.1469,0.341
1782933100811,21358,0.43164,-2.58301,-2.34961,3.51837,366.062,-215.812,195.875,-0.283,-0.7837,0.5361,0.1343
1782933100872,21419,0.39502,-2.4668,-2.48584,3.52428,283.688,-158.125,160.25,-0.2829,-0.7759,0.5487,0.1283
1782933100872,21419,0.42212,-2.62012,-1.79053,3.20144,-714.688,177.438,-96.0,-0.2907,-0.829,0.4665,0.1017
1782933100873,21420,0.42212,-2.62012,-1.79053,3.20144,-714.688,177.438,-96.0,-0.2907,-0.829,0.4665,0.1017
1782933100932,21479,0.30859,-2.82739,-1.19531,3.08515,-851.938,160.938,-154.688,-0.288,-0.8626,0.4042,0.0962
1782933100933,21480,-0.14136,-0.95972,0.90771,1.32853,-799.375,102.562,-287.125,-0.2152,-0.9744,0.0034,0.0635
1782933100936,21483,0.20996,-0.71362,-0.14258,0.75741,-745.125,213.688,-366.75,-0.0581,-0.9107,-0.4058,0.0499
1782933100990,21537,0.08447,-0.61011,0.16235,0.63697,-710.0,217.625,-382.312,-0.024,-0.884,-0.4639,0.0504
1782933100991,21538,0.03955,-0.48438,0.23999,0.54202,-678.375,208.062,-394.062,0.0015,-0.8622,-0.5039,0.049
1782933100993,21540,-0.46631,-0.11426,0.89062,1.01178,-485.125,238.625,-453.812,0.1358,-0.7472,-0.6492,0.0384
1782933101051,21598,-0.46631,-0.11426,0.89062,1.01178,-485.125,238.625,-453.812,0.1358,-0.7472,-0.6492,0.0384
1782933101053,21600,-0.59106,0.02417,0.97778,1.1428,-421.938,259.062,-464.938,0.1699,-0.7222,-0.6692,0.0371
1782933101053,21600,-1.14868,0.57568,0.70581,1.46596,-22.188,190.938,-423.875,0.3886,-0.5938,-0.7043,0.0062
1782933101112,21659,-1.14868,0.57568,0.70581,1.46596,-22.188,190.938,-423.875,0.3886,-0.5938,-0.7043,0.0062
1782933101114,21661,-0.56665,1.11743,0.54761,1.36734,7.062,181.312,-452.625,0.4224,-0.5759,-0.6997,0.0033
1782933101116,21663,-0.92651,0.66675,0.30957,1.18271,167.125,72.875,-138.0,-0.5296,0.5458,0.6486,0.0245
1782933101171,21718,-0.89404,0.61133,0.21069,1.10337,186.438,48.188,-124.562,-0.5458,0.5422,0.6379,0.0285
1782933101172,21719,-0.8916,0.59302,0.18823,1.08722,195.688,43.25,-119.0,-0.5495,0.5447,0.6323,0.0354
1782933101172,21719,-0.99512,0.69238,-0.0896,1.2156,248.5,10.25,-61.312,-0.5802,0.5645,0.5798,0.0902
1782933101232,21779,-0.99512,0.69238,-0.0896,1.2156,248.5,10.25,-61.312,-0.5802,0.5645,0.5798,0.0902
1782933101233,21780,-0.96997,0.64185,-0.17749,1.17657,248.938,7.438,-36.062,-0.5855,0.5697,0.5678,0.0997
1782933101235,21782,-0.91333,0.4231,-0.46045,1.10689,218.25,25.188,14.0,-0.584,0.612,0.5123,0.1467
1782933101290,21837,-0.91333,0.4231,-0.46045,1.10689,218.25,25.188,14.0,-0.584,0.612,0.5123,0.1467
1782933101291,21838,-0.91724,0.4248,-0.52246,1.13787,207.5,26.188,19.75,-0.5822,0.6198,0.5031,0.153
1782933101292,21839,-0.85376,0.47632,-0.7019,1.20352,100.188,-4.0,81.625,-0.5526,0.6732,0.4561,0.1821
1782933101352,21899,-0.81323,0.45898,-0.70093,1.16761,83.938,-9.812,87.688,-0.5476,0.6788,0.4534,0.1831
1782933101354,21901,-0.78931,0.46875,-0.69775,1.15308,73.625,-12.25,89.875,-0.5377,0.6874,0.4503,0.1878
1782933101357,21904,-0.57739,0.56323,-0.54272,0.97219,4.75,-10.75,74.375,-0.4861,0.7263,0.4447,0.1954
1782933101412,21959,-0.56421,0.58325,-0.53223,0.97045,0.625,-9.375,69.0,-0.4837,0.7277,0.4454,0.1943
1782933101415,21962,-0.53149,0.58545,-0.50269,0.93698,-5.312,-8.875,60.312,-0.4686,0.7371,0.4442,0.1986
1782933101416,21963,-0.51367,0.56055,-0.47339,0.89564,-34.875,11.562,-7.812,-0.4454,0.7491,0.4475,0.1999
1782933101471,22018,-0.53467,0.56543,-0.47192,0.91011,-40.125,15.375,-18.438,-0.447,0.7478,0.4487,0.1984
1782933101471,22018,-0.56689,0.57202,-0.45166,0.92335,-46.5,21.25,-30.25,-0.4428,0.7497,0.4486,0.2008
1782933101472,22019,-0.70166,0.52466,-0.37158,0.95167,-62.938,34.812,-54.25,-0.452,0.7421,0.453,0.1987
1782933101532,22079,-0.71387,0.53271,-0.36108,0.96113,-63.812,37.625,-54.938,-0.4549,0.7401,0.4539,0.1974
1782933101533,22080,-0.73047,0.53735,-0.34424,0.96997,-63.812,38.875,-54.188,-0.4509,0.7424,0.4529,0.2003
1782933101535,22082,-0.74219,0.56543,-0.32056,0.98657,-40.125,25.188,-34.812,-0.4642,0.7326,0.4577,0.1954
1782933101591,22138,-0.74487,0.5708,-0.31738,0.99064,-37.938,25.0,-34.062,-0.4661,0.7313,0.4581,0.1946
1782933101593,22140,-0.75122,0.59229,-0.32739,1.0111,-34.312,19.562,-32.625,-0.4666,0.7307,0.4583,0.195
1782933101595,22142,-0.79932,0.61035,-0.32471,1.05682,-24.688,4.125,-18.188,-0.4714,0.7256,0.4614,0.195
1782933101652,22199,-0.80566,0.62329,-0.31323,1.06569,-22.938,2.438,-13.062,-0.4728,0.7241,0.4627,0.1945
1782933101655,22202,-0.81958,0.65356,-0.29199,1.08817,-17.375,0.75,-7.812,-0.4719,0.7242,0.4631,0.1952
1782933101659,22206,-0.76636,0.63257,-0.3042,1.03923,9.188,-14.062,20.875,-0.4631,0.7271,0.4662,0.1979
1782933101711,22258,-0.76025,0.63257,-0.31226,1.03713,11.312,-15.0,21.625,-0.462,0.7276,0.4664,0.1982
1782933101712,22259,-0.74194,0.60693,-0.32837,1.01325,13.812,-14.125,22.875,-0.4584,0.7296,0.4663,0.1996
1782933101714,22261,-0.7207,0.6272,-0.37061,1.02476,16.625,-12.75,22.375,-0.4471,0.736,0.4658,0.2029
1782933101772,22319,-0.71069,0.61133,-0.37549,1.00985,16.75,-14.688,23.312,-0.4459,0.7366,0.4658,0.2032
1782933101831,22378,-0.70898,0.61401,-0.37842,1.01137,16.625,-14.875,22.5,-0.4447,0.7373,0.4658,0.2035
1782933101833,22380,-0.6543,0.61206,-0.39795,0.98035,12.188,-10.938,15.312,-0.4295,0.7456,0.4642,0.2091
1782933101835,22382,-0.65259,0.59448,-0.39575,0.96742,10.5,-8.562,13.75,-0.4288,0.746,0.4642,0.2093
1782933101895,22442,-0.65063,0.58398,-0.38208,0.95412,10.25,-7.75,10.875,-0.4281,0.7463,0.4642,0.2095
1782933101897,22444,-0.6604,0.61182,-0.39062,0.98134,-5.062,4.625,-4.625,-0.4233,0.7488,0.4635,0.2119
1782933101899,22446,-0.69995,0.60962,-0.4021,1.01156,-16.875,9.312,-11.125,-0.4302,0.7451,0.4649,0.2083
1782933101952,22499,-0.68945,0.60059,-0.39429,0.99575,-19.5,9.938,-11.875,-0.4316,0.744,0.4656,0.2075
1782933101953,22500,-0.68945,0.59692,-0.38794,0.99104,-22.375,12.562,-13.875,-0.4314,0.744,0.4658,0.2076
1782933101954,22501,-0.73755,0.59473,-0.32812,1.00267,-24.75,22.062,-18.75,-0.4412,0.738,0.4689,0.2014
1782933102011,22558,-0.73755,0.59473,-0.32812,1.00267,-24.75,22.062,-18.75,-0.4412,0.738,0.4689,0.2014
1782933102012,22559,-0.75024,0.59766,-0.32812,1.01377,-24.875,23.375,-18.375,-0.443,0.7369,0.4693,0.2002
1782933102013,22560,-0.75195,0.64673,-0.35742,1.05425,-3.938,4.625,7.0,-0.4475,0.7352,0.4702,0.1945
1782933102071,22618,-0.73657,0.63037,-0.36157,1.03471,-3.312,3.625,9.125,-0.4473,0.7353,0.4703,0.1942
1782933102072,22619,-0.7251,0.62451,-0.35962,1.02231,-2.375,2.75,9.938,-0.4471,0.7354,0.4705,0.1939
1782933102073,22620,-0.69507,0.6167,-0.34351,0.99068,7.188,-5.375,7.5,-0.4393,0.7394,0.471,0.1953
1782933102131,22678,-0.70215,0.62891,-0.3396,1.00193,7.812,-4.812,6.938,-0.4389,0.7396,0.471,0.1954
1782933102133,22680,-0.71118,0.62646,-0.3396,1.00676,9.0,-6.625,7.938,-0.4382,0.74,0.471,0.1957
1782933102136,22683,-0.71265,0.61963,-0.3938,1.02318,13.0,-7.188,13.062,-0.432,0.7437,0.4697,0.1984
1782933102190,22737,-0.70752,0.62402,-0.39282,1.02191,12.438,-7.75,13.75,-0.4312,0.7441,0.4696,0.1986
1782933102191,22738,-0.70215,0.62012,-0.39746,1.01761,12.188,-8.438,14.875,-0.4304,0.7446,0.4695,0.1988
1782933102193,22740,-0.66333,0.63159,-0.40283,1.00059,5.875,-2.938,7.688,-0.4243,0.7481,0.4692,0.1997
1782933102253,22800,-0.66309,0.63599,-0.40527,1.0042,4.688,-2.75,6.438,-0.424,0.7482,0.4692,0.1997
1782933102254,22801,-0.66113,0.63013,-0.40283,0.99821,3.75,-2.188,5.25,-0.4237,0.7484,0.4692,0.1997
1782933102255,22802,-0.66113,0.63013,-0.40283,0.99821,3.75,-2.188,5.25,-0.4237,0.7484,0.4692,0.1997
1782933102310,22857,-0.69092,0.61353,-0.41895,1.01455,-15.438,2.25,-7.5,-0.422,0.7483,0.4705,0.2006
1782933102311,22858,-0.69702,0.62646,-0.41992,1.02695,-17.312,1.375,-7.75,-0.4224,0.7478,0.471,0.2004
1782933102313,22860,-0.69556,0.67749,-0.34204,1.02946,-31.938,12.125,-6.625,-0.4263,0.742,0.4787,0.1955
1782933102371,22918,-0.69067,0.67847,-0.33984,1.02608,-31.812,13.938,-7.25,-0.4271,0.7413,0.4795,0.1946
1782933102371,22918,-0.69092,0.69092,-0.3291,1.03104,-30.875,14.812,-7.812,-0.4278,0.7407,0.4802,0.1937
1782933102372,22919,-0.69092,0.69092,-0.3291,1.03104,-30.875,14.812,-7.812,-0.4278,0.7407,0.4802,0.1937
1782933102432,22979,-0.67163,0.65161,-0.31177,0.98635,-20.812,13.625,-14.812,-0.4324,0.7365,0.4843,0.189
1782933102433,22980,-0.6792,0.63257,-0.31738,0.98091,-17.875,12.125,-16.625,-0.4333,0.7358,0.4846,0.1887
1782933102435,22982,-0.6792,0.63257,-0.31738,0.98091,-17.875,12.125,-16.625,-0.4333,0.7358,0.4846,0.1887
1782933102490,23037,-0.6792,0.63257,-0.31738,0.98091,-17.875,12.125,-16.625,-0.4333,0.7358,0.4846,0.1887
1782933102494,23041,-0.72437,0.61035,-0.33276,1.00398,-10.875,-0.375,-9.75,-0.4413,0.7293,0.4879,0.1872
1782933102494,23041,-0.71045,0.60693,-0.30176,0.98192,-2.188,2.5,-0.562,-0.4463,0.7243,0.4916,0.1848
1782933102552,23099,-0.70581,0.59399,-0.30005,0.97006,-0.062,5.062,-0.688,-0.4465,0.7243,0.4916,0.1846
1782933102553,23100,-0.7085,0.60107,-0.31543,0.9812,0.125,5.938,-1.188,-0.4466,0.7243,0.4915,0.1844
1782933102555,23102,-0.7085,0.60107,-0.31543,0.9812,0.125,5.938,-1.188,-0.4466,0.7243,0.4915,0.1844
1782933102614,23161,-0.7085,0.60107,-0.31543,0.9812,0.125,5.938,-1.188,-0.4466,0.7243,0.4915,0.1844
1782933102615,23162,-0.69531,0.57666,-0.354,0.97021,1.0,5.938,-2.125,-0.4489,0.7242,0.4905,0.182
1782933102616,23163,-0.69531,0.57666,-0.354,0.97021,1.0,5.938,-2.125,-0.4489,0.7242,0.4905,0.182
1782933102671,23218,-0.66846,0.62378,-0.32349,0.96984,-5.312,3.875,0.375,-0.4497,0.723,0.4923,0.1799
1782933102671,23218,-0.677,0.63184,-0.30444,0.9748,-4.5,4.312,-1.0,-0.4498,0.7228,0.4925,0.1796
1782933102671,23218,-0.71704,0.62012,-0.35327,1.01168,5.688,8.938,-10.0,-0.4525,0.7225,0.4906,0.1793
1782933102732,23279,-0.7229,0.60205,-0.3562,1.00595,6.0,7.562,-10.125,-0.4529,0.7227,0.4899,0.1796
1782933102734,23281,-0.72412,0.61182,-0.3645,1.01564,6.375,5.688,-9.562,-0.4533,0.7227,0.4896,0.1797
1782933102735,23282,-0.72681,0.61646,-0.36938,1.02211,-0.75,-3.625,-4.875,-0.4562,0.721,0.489,0.1806
1782933102791,23338,-0.72681,0.61646,-0.36938,1.02211,-0.75,-3.625,-4.875,-0.4562,0.721,0.489,0.1806
1782933102794,23341,-0.73169,0.62207,-0.35938,1.02542,-1.062,-2.5,-4.812,-0.456,0.721,0.489,0.181
1782933102795,23342,-0.74194,0.59961,-0.34888,1.01574,4.062,-0.688,-1.75,-0.4572,0.7195,0.4898,0.1819
1782933102852,23399,-0.75098,0.61646,-0.36401,1.03754,3.875,0.438,-0.25,-0.4579,0.7191,0.4898,0.1815
1782933102854,23401,-0.75073,0.61304,-0.36499,1.03568,3.562,0.062,0.938,-0.4578,0.7192,0.4898,0.1816
1782933102856,23403,-0.69287,0.61792,-0.35034,0.99229,-1.0,-3.812,8.188,-0.457,0.7192,0.4912,0.1799
1782933102913,23460,-0.69287,0.61792,-0.35034,0.99229,-1.0,-3.812,8.188,-0.457,0.7192,0.4912,0.1799
1782933102913,23460,-0.67993,0.60889,-0.35303,0.97861,0.125,-4.438,6.312,-0.4567,0.7191,0.4916,0.1796
1782933102914,23461,-0.69653,0.6084,-0.34888,0.98844,-1.688,-4.062,-3.5,-0.4547,0.7191,0.493,0.181
1782933102972,23519,-0.70801,0.60303,-0.34839,0.99313,-1.812,-2.438,-4.25,-0.4522,0.7204,0.4927,0.1832
1782933102974,23521,-0.70898,0.59863,-0.34082,0.98852,-2.375,-0.75,-4.5,-0.4522,0.7202,0.4928,0.1833
1782933102975,23522,-0.72437,0.60889,-0.34546,1.00737,-3.312,-0.312,1.312,-0.4499,0.7211,0.4929,0.1853
1782933103032,23579,-0.72437,0.60889,-0.34546,1.00737,-3.312,-0.312,1.312,-0.4499,0.7211,0.4929,0.1853
1782933103034,23581,-0.7146,0.59619,-0.34521,0.99261,-3.375,-1.188,2.312,-0.4498,0.7211,0.4931,0.1852
1782933103035,23582,-0.6897,0.60669,-0.31738,0.97185,-14.062,7.938,-5.375,-0.4489,0.7206,0.4952,0.1838
1782933103096,23643,-0.6897,0.60669,-0.31738,0.97185,-14.062,7.938,-5.375,-0.4489,0.7206,0.4952,0.1838
1782933103098,23645,-0.69116,0.61279,-0.30957,0.97419,-13.688,11.062,-7.0,-0.4509,0.7192,0.4959,0.1823
1782933103100,23647,-0.72021,0.62646,-0.32959,1.00984,-6.688,6.375,-3.062,-0.4559,0.716,0.4976,0.1781
1782933103153,23700,-0.71973,0.6228,-0.32593,1.00604,-5.625,6.5,-2.562,-0.4559,0.716,0.4976,0.1779
1782933103156,23703,-0.7229,0.63525,-0.33057,1.01755,-5.438,4.438,-1.438,-0.4561,0.7158,0.4977,0.1777
1782933103158,23705,-0.71167,0.60571,-0.33789,0.99374,0.438,-0.25,1.688,-0.4583,0.7143,0.4988,0.1751
1782933103210,23757,-0.71167,0.60571,-0.33789,0.99374,0.438,-0.25,1.688,-0.4583,0.7143,0.4988,0.1751
1782933103212,23759,-0.71094,0.59741,-0.33569,0.98743,0.625,-0.125,1.75,-0.4582,0.7144,0.4989,0.1751
1782933103215,23762,-0.72461,0.6106,-0.31885,0.99978,1.25,0.938,5.688,-0.4548,0.7161,0.499,0.1759
1782933103270,23817,-0.72461,0.6106,-0.31885,0.99978,1.25,0.938,5.688,-0.4548,0.7161,0.499,0.1759
1782933103270,23817,-0.72656,0.61816,-0.32666,1.00832,1.938,0.875,6.75,-0.4546,0.7163,0.4991,0.1757
1782933103271,23818,-0.67603,0.61938,-0.34229,0.97868,0.562,0.125,8.75,-0.4472,0.721,0.499,0.1759
1782933103332,23879,-0.67603,0.61938,-0.34229,0.97868,0.562,0.125,8.75,-0.4472,0.721,0.499,0.1759
1782933103333,23880,-0.6748,0.61865,-0.33936,0.97634,0.125,-0.188,7.812,-0.445,0.7222,0.4988,0.1767
1782933103335,23882,-0.68115,0.61938,-0.32764,0.97721,1.875,1.625,2.5,-0.4427,0.7235,0.4992,0.1761
1782933103391,23938,-0.68286,0.61816,-0.33496,0.98011,2.812,1.125,2.562,-0.4426,0.7236,0.4992,0.176
1782933103392,23939,-0.68457,0.61255,-0.3396,0.97938,3.25,2.125,2.312,-0.4438,0.723,0.4993,0.1751
1782933103393,23940,-0.69165,0.61206,-0.35889,0.99086,-1.688,1.688,2.938,-0.4428,0.7239,0.499,0.1746
1782933103450,23997,-0.69165,0.61206,-0.35889,0.99086,-1.688,1.688,2.938,-0.4428,0.7239,0.499,0.1746
1782933103451,23998,-0.69482,0.61426,-0.35254,0.99216,-2.312,3.188,2.25,-0.4417,0.7247,0.4989,0.175
1782933103452,23999,-0.67969,0.64429,-0.34692,0.99872,-7.562,4.562,2.625,-0.44,0.7254,0.4999,0.1736
1782933103511,24058,-0.67847,0.65039,-0.34204,1.00016,-7.688,5.688,2.75,-0.44,0.7253,0.5001,0.1732
1782933103512,24059,-0.68042,0.63892,-0.32544,0.98848,-6.938,5.75,1.75,-0.4394,0.7256,0.5003,0.173
1782933103515,24062,-0.69482,0.64526,-0.36523,1.01613,-1.125,1.312,1.5,-0.4395,0.7257,0.5006,0.1713
1782933103570,24117,-0.69336,0.64307,-0.36646,1.01419,-1.375,0.875,1.938,-0.4395,0.7257,0.5006,0.1713
1782933103571,24118,-0.68555,0.6521,-0.37329,1.01713,-1.938,-1.375,2.25,-0.4393,0.7257,0.5009,0.1711
1782933103572,24119,-0.67773,0.60669,-0.33569,0.96958,-7.375,4.75,-6.375,-0.4392,0.7248,0.5024,0.1707
1782933103633,24180,-0.68921,0.62085,-0.34033,0.98807,-7.125,4.438,-7.5,-0.4395,0.7246,0.5025,0.1705
1782933103636,24183,-0.69922,0.62305,-0.34082,0.99662,-7.188,4.875,-7.562,-0.4399,0.7243,0.5026,0.1704
1782933103637,24184,-0.69629,0.64868,-0.37329,1.02223,0.375,-1.188,8.562,-0.4385,0.725,0.5028,0.1703
1782933103692,24239,-0.68604,0.65161,-0.38232,1.0205,0.938,-2.125,9.375,-0.4382,0.7252,0.5029,0.1702
1782933103693,24240,-0.67529,0.64746,-0.38892,1.01315,0.75,-3.438,9.75,-0.4378,0.7253,0.5031,0.1701
1782933103695,24242,-0.6521,0.66138,-0.35156,0.9931,-4.875,-10.062,-0.125,-0.4353,0.7245,0.5063,0.1699
1782933103752,24299,-0.65845,0.66577,-0.3457,0.99816,-3.812,-11.75,-0.625,-0.4351,0.7243,0.5067,0.1702
1782933103754,24301,-0.6543,0.6748,-0.34766,1.00216,-2.75,-13.375,-0.938,-0.4348,0.7241,0.5071,0.1705
1782933103755,24302,-0.61279,0.71191,-0.35156,1.00296,9.875,-27.0,0.062,-0.4302,0.7236,0.5097,0.1766
1782933103814,24361,-0.6001,0.70142,-0.3584,0.99023,9.875,-26.562,-2.562,-0.4296,0.7236,0.51,0.1776
1782933103820,24367,-0.59131,0.69263,-0.354,0.97709,9.562,-25.5,-5.625,-0.429,0.7235,0.5101,0.1787
1782933103822,24369,-0.61377,0.65112,-0.33545,0.95561,10.938,-25.875,-41.0,-0.4342,0.7169,0.5109,0.1904
1782933103871,24418,-0.62427,0.6416,-0.32861,0.9536,10.25,-24.25,-44.812,-0.4349,0.7161,0.5107,0.1923
1782933103871,24418,-0.6311,0.62891,-0.32104,0.94704,9.688,-24.062,-48.312,-0.4357,0.7152,0.5104,0.1943
1782933103872,24419,-0.77856,0.47778,-0.32593,0.96988,-10.5,-5.875,-74.062,-0.4577,0.6978,0.5096,0.2089
1782933103933,24480,-0.79175,0.44824,-0.3252,0.9662,-14.0,-5.125,-73.25,-0.4598,0.696,0.5095,0.2105
1782933103935,24482,-0.80103,0.42188,-0.31665,0.95911,-17.625,-2.562,-74.312,-0.4621,0.6941,0.5093,0.2119
1782933103936,24483,-0.92725,0.34937,-0.30347,1.03631,-55.375,28.875,-70.625,-0.4943,0.6692,0.5111,0.2152
1782933103990,24537,-0.93945,0.30176,-0.28394,1.02677,-63.25,40.5,-68.25,-0.4993,0.6654,0.5116,0.2141
1782933103992,24539,-0.95947,0.29858,-0.26318,1.03875,-65.625,46.188,-66.812,-0.5028,0.6629,0.5119,0.213
1782933103992,24539,-1.052,0.12256,-0.27051,1.09312,-84.5,64.812,-11.812,-0.532,0.644,0.5148,0.1923
1782933104052,24599,-1.05029,0.07007,-0.27734,1.08855,-87.438,62.625,-3.0,-0.5343,0.6423,0.5156,0.1889
1782933104053,24600,-1.04785,0.0105,-0.28931,1.08711,-91.562,57.938,4.688,-0.5364,0.6408,0.5167,0.1853
1782933104054,24601,-1.1936,-0.13647,-0.34692,1.25046,-229.625,53.938,103.188,-0.5387,0.6278,0.545,0.1357
1782933104110,24657,-1.20435,-0.13159,-0.3103,1.25062,-252.188,57.375,122.312,-0.5384,0.6249,0.5509,0.126
1782933104112,24659,-1.20044,-0.146,-0.27734,1.24068,-275.438,61.312,143.438,-0.5377,0.6218,0.5574,0.1152
1782933104112,24659,-0.80469,-0.14014,0.26416,0.85846,-437.562,97.0,390.5,0.4754,-0.6049,-0.6378,0.0321
1782933104171,24718,-0.72778,-0.14258,0.28564,0.79472,-442.625,92.5,418.875,0.4666,-0.6007,-0.6466,0.0545
1782933104171,24718,-0.65112,-0.14087,0.33984,0.74786,-446.625,93.562,444.188,0.4567,-0.5965,-0.6552,0.0778
1782933104172,24719,0.05713,0.3689,0.55737,0.67083,-483.375,-21.562,635.375,0.2553,-0.5639,-0.7335,0.28
1782933104232,24779,0.14282,0.29175,0.60303,0.68495,-487.25,-37.062,649.125,0.2325,-0.5556,-0.7376,0.3047
1782933104233,24780,0.23169,0.19141,0.66528,0.73001,-489.25,-50.938,661.562,0.2086,-0.5468,-0.7408,0.3293
1782933104234,24781,1.04272,-0.49487,0.95117,1.49562,-296.188,-226.812,710.438,-0.0993,-0.4594,-0.7376,0.4846
1782933104293,24840,1.1123,-0.48828,0.93384,1.53222,-257.938,-239.375,717.062,-0.1405,-0.4483,-0.7207,0.5095
1782933104294,24841,1.14453,-0.46924,0.95874,1.56503,-245.75,-248.062,721.438,-0.154,-0.4449,-0.7144,0.5175
1782933104294,24841,1.24487,-0.9873,0.56274,1.68557,9.5,-527.5,603.875,-0.451,-0.3922,-0.5527,0.5805
1782933104352,24899,1.24854,-0.97241,0.49316,1.6576,40.625,-527.688,584.25,-0.4725,-0.3943,-0.5267,0.5861
1782933104353,24900,1.22876,-1.05249,0.43237,1.67467,74.0,-517.625,563.75,-0.4923,-0.3968,-0.5003,0.5913
1782933104354,24901,1.22876,-1.05249,0.43237,1.67467,74.0,-517.625,563.75,-0.4923,-0.3968,-0.5003,0.5913
1782933104410,24957,1.30054,-1.05493,-0.10864,1.67812,243.125,-275.75,333.25,-0.5982,-0.4102,-0.2694,0.6332
1782933104412,24959,1.30566,-1.06885,-0.1582,1.69476,241.375,-261.625,307.188,-0.6002,-0.412,-0.2497,0.6383
1782933104414,24961,1.30566,-1.06885,-0.1582,1.69476,241.375,-261.625,307.188,-0.6002,-0.412,-0.2497,0.6383
1782933104470,25017,1.30566,-1.06885,-0.1582,1.69476,241.375,-261.625,307.188,-0.6002,-0.412,-0.2497,0.6383
1782933104471,25018,1.37842,-0.97534,-0.68726,1.82309,89.5,-130.375,63.562,-0.5767,-0.4692,-0.0678,0.6651
1782933104471,25018,1.37842,-0.97534,-0.68726,1.82309,89.5,-130.375,63.562,-0.5767,-0.4692,-0.0678,0.6651
1782933104532,25079,0.90015,-0.75928,-0.29004,1.21281,-95.375,1.688,-150.75,-0.54,-0.5355,-0.0449,0.6475
1782933104533,25080,0.86963,-0.71851,-0.26099,1.15786,-96.312,14.938,-157.125,-0.5391,-0.5386,-0.0518,0.6453
1782933104535,25082,0.86963,-0.71851,-0.26099,1.15786,-96.312,14.938,-157.125,-0.5391,-0.5386,-0.0518,0.6453
1782933104590,25137,0.68872,-0.53687,-0.06323,0.87554,-76.688,70.75,-127.312,-0.5019,-0.5789,-0.102,0.6343
1782933104592,25139,0.71289,-0.51099,-0.0708,0.87996,-64.375,66.125,-101.062,-0.4888,-0.5883,-0.1028,0.6356
1782933104593,25140,0.89233,-0.48608,-0.06445,1.01818,-54.438,-5.812,-37.062,-0.4674,-0.6066,-0.1123,0.633
1782933104651,25198,0.88599,-0.47681,-0.08472,1.0097,-55.312,-5.812,-35.875,-0.4587,-0.6143,-0.105,0.6332
1782933104653,25200,0.86255,-0.47192,-0.03711,0.98391,-53.875,-1.875,-33.0,-0.4592,-0.6147,-0.1073,0.632
1782933104654,25201,0.91016,-0.55298,-0.19312,1.08235,-28.688,-81.188,37.312,-0.4542,-0.6369,-0.0912,0.616
1782933104710,25257,0.93604,-0.55591,-0.23022,1.11275,-30.0,-91.5,41.688,-0.45,-0.6443,-0.0809,0.6128
1782933104771,25318,0.95093,-0.56226,-0.26929,1.13707,-32.5,-97.938,41.0,-0.4523,-0.6459,-0.0789,0.6096
1782933104771,25318,0.89966,-0.43359,-0.33887,1.05462,-86.312,-32.5,-20.0,-0.4523,-0.6726,-0.0617,0.5822
1782933104772,25319,0.87964,-0.42993,-0.28198,1.01888,-95.75,-17.375,-29.562,-0.4464,-0.6794,-0.0589,0.5791
1782933104831,25378,0.86694,-0.41187,-0.27563,0.9986,-98.25,-16.812,-31.375,-0.4472,-0.6798,-0.0606,0.5779
1782933104832,25379,0.90552,-0.45703,-0.22583,1.03915,-93.312,-3.438,-43.5,-0.4426,-0.6959,-0.0827,0.5592
1782933104833,25380,0.99341,-0.40063,-0.25146,1.10027,-92.375,15.062,-68.312,-0.4277,-0.715,-0.1154,0.5406
1782933104890,25437,0.98193,-0.39575,-0.23364,1.08416,-89.062,21.625,-70.188,-0.4216,-0.7189,-0.1181,0.5396
1782933104892,25439,0.96704,-0.39746,-0.22168,1.06878,-87.625,21.125,-70.562,-0.4213,-0.7192,-0.1228,0.5383
1782933104894,25441,0.96704,-0.39746,-0.22168,1.06878,-87.625,21.125,-70.562,-0.4213,-0.7192,-0.1228,0.5383
1782933104952,25499,0.89771,-0.2998,-0.33325,1.0034,-70.25,-4.0,-74.812,-0.4081,-0.7311,-0.1554,0.5239
1782933104953,25500,0.87158,-0.27539,-0.42651,1.00866,-53.625,15.25,-80.938,-0.4017,-0.7352,-0.1644,0.5205
1782933104954,25501,0.81274,-0.16797,-0.51123,0.97474,-76.125,52.5,-77.375,-0.3825,-0.7384,-0.1976,0.5189
1782933105012,25559,0.82373,-0.1438,-0.4541,0.95153,-96.375,49.5,-70.062,-0.3786,-0.7382,-0.2064,0.5186
1782933105013,25560,0.84277,-0.1001,-0.42432,0.94886,-107.188,46.25,-68.188,-0.3784,-0.7373,-0.212,0.5177
1782933105015,25562,0.76538,-0.04346,-0.21216,0.79543,-99.875,30.25,-69.75,-0.3773,-0.7302,-0.2646,0.5042
1782933105071,25618,0.76538,-0.04346,-0.21216,0.79543,-99.875,30.25,-69.75,-0.3773,-0.7302,-0.2646,0.5042
1782933105071,25618,0.76147,-0.01172,-0.32251,0.82703,-92.438,36.438,-62.875,-0.377,-0.7285,-0.2747,0.5014
1782933105072,25619,0.8606,0.07764,-0.13379,0.87439,-164.438,18.688,-17.438,-0.3913,-0.7102,-0.3274,0.4847
1782933105132,25679,0.86792,0.07104,-0.10498,0.87713,-167.812,16.688,-15.438,-0.3941,-0.7077,-0.3331,0.4822
1782933105133,25680,0.86914,0.052,-0.07227,0.87369,-165.688,15.375,-14.0,-0.3976,-0.7047,-0.3392,0.4794
1782933105134,25681,0.81421,0.12842,-0.06836,0.82711,-96.438,15.75,-13.125,-0.4229,-0.6808,-0.3872,0.4553
1782933105190,25737,0.81128,0.12622,-0.06372,0.82351,-93.312,11.562,-9.188,-0.4243,-0.6791,-0.3905,0.4539
1782933105192,25739,0.8125,0.11499,-0.08984,0.8255,-86.812,8.125,-2.938,-0.4295,-0.6748,-0.3968,0.4499
1782933105193,25740,1.02295,0.03149,-0.14185,1.03322,-74.188,8.875,46.812,-0.4595,-0.648,-0.421,0.4376
1782933105251,25798,1.02295,0.03149,-0.14185,1.03322,-74.188,8.875,46.812,-0.4595,-0.648,-0.421,0.4376
1782933105251,25798,1.07812,0.02808,-0.14966,1.08882,-68.938,8.688,41.625,-0.4714,-0.6376,-0.4282,0.433
1782933105252,25799,0.91626,0.09058,-0.12598,0.92931,-67.812,42.438,-30.688,-0.4922,-0.6113,-0.4581,0.4169
1782933105310,25857,0.91626,0.09058,-0.12598,0.92931,-67.812,42.438,-30.688,-0.4922,-0.6113,-0.4581,0.4169
1782933105311,25858,0.84814,0.09863,-0.06982,0.85671,-75.5,42.75,-30.062,-0.4952,-0.6051,-0.4675,0.4121
1782933105312,25859,0.94678,0.05029,-0.06787,0.95054,-63.312,17.688,28.75,-0.5076,-0.5812,-0.4938,0.4005
1782933105370,25917,0.97729,0.03345,-0.08105,0.98122,-62.625,19.5,28.312,-0.509,-0.5789,-0.4952,0.4003
1782933105371,25918,1.00317,0.03223,-0.10815,1.0095,-60.0,28.625,22.625,-0.5167,-0.5701,-0.5018,0.3949
1782933105372,25919,0.8855,0.06348,0.02441,0.88811,-90.312,38.125,6.188,-0.5302,-0.5391,-0.5308,0.3824
1782933105432,25979,0.87451,0.05127,0.04956,0.87741,-93.75,37.062,7.25,-0.5311,-0.5361,-0.5337,0.3814
1782933105433,25980,0.854,0.03687,0.09863,0.86047,-91.312,37.625,17.625,-0.5358,-0.5269,-0.5414,0.3767
1782933105434,25981,0.92578,-0.02832,0.14575,0.93761,-78.5,34.25,75.375,-0.5568,-0.4863,-0.564,0.3674
1782933105492,26039,0.99585,-0.06519,0.02979,0.99843,-74.625,39.0,79.062,-0.5588,-0.4819,-0.5652,0.3684
1782933105493,26040,1.10107,-0.146,0.13867,1.11933,-62.562,71.0,78.875,-0.5599,-0.4773,-0.5668,0.3701
1782933105495,26042,1.15356,-0.0708,0.32593,1.20081,7.938,26.438,9.188,-0.5636,-0.4341,-0.5931,0.3765
1782933105551,26098,1.16577,-0.06006,-0.18945,1.18259,12.062,39.188,5.5,-0.5631,-0.434,-0.5932,0.3773
1782933105553,26100,0.65967,0.06421,0.28979,0.72337,2.0,-4.812,20.312,-0.5624,-0.4332,-0.5937,0.3784
1782933105554,26101,1.19751,-0.06299,0.25415,1.2258,-8.562,-10.125,10.938,-0.5808,-0.4041,-0.6009,0.3715
1782933105610,26157,1.14233,-0.04785,0.31396,1.18566,-7.438,-17.5,5.375,-0.5812,-0.4038,-0.6007,0.3713
1782933105611,26158,1.5271,-0.3147,-0.32056,1.5918,-55.688,-217.812,0.125,-0.5864,-0.4052,-0.597,0.3676
1782933105613,26160,0.79126,-0.02563,-0.08521,0.79625,-81.312,-6.75,-14.0,-0.6094,-0.3946,-0.6065,0.3236
1782933105670,26217,1.15161,0.06152,-0.08594,1.15645,-85.75,21.938,-25.688,-0.6101,-0.3927,-0.6083,0.3211
1782933105670,26217,0.93774,-0.13574,0.01001,0.94757,-79.812,48.562,-17.25,-0.6095,-0.3904,-0.6114,0.3193
1782933105671,26218,1.0105,0.05151,0.67358,1.21551,-83.625,-103.125,-4.938,-0.6302,-0.3573,-0.6293,0.2806
1782933105732,26279,1.14331,0.00244,0.24634,1.16955,-86.562,-98.188,-3.125,-0.6342,-0.3564,-0.6276,0.2765
1782933105733,26280,0.97217,0.1145,0.13892,0.9887,-71.875,-98.188,-17.5,-0.6375,-0.356,-0.6263,0.2726
1782933105735,26282,0.70654,0.16479,-0.12695,0.73653,-79.438,-85.812,-88.938,-0.6583,-0.3503,-0.6307,0.2141
1782933105792,26339,0.86914,0.1062,0.17285,0.8925,-73.188,-90.0,-84.438,-0.6597,-0.3511,-0.6306,0.2088
1782933105793,26340,0.74658,0.26245,0.41724,0.89462,-94.0,-102.688,-97.312,-0.6628,-0.3525,-0.6298,0.1987
1782933105793,26340,0.9375,0.13989,-0.12158,0.95564,-37.688,5.375,-51.688,-0.6777,-0.3566,-0.6303,0.1267
1782933105851,26398,0.9502,0.12793,-0.20093,0.9796,-29.562,14.625,-44.0,-0.6769,-0.357,-0.6313,0.1248
1782933105852,26399,0.91919,0.19678,-0.07324,0.94287,-29.125,12.625,-42.188,-0.6757,-0.3564,-0.6337,0.12
1782933105853,26400,0.99438,0.01196,-0.19653,1.01369,45.875,-5.625,15.812,-0.6753,-0.3571,-0.6344,0.1171
1782933105912,26459,0.93115,0.16113,-0.22095,0.97048,66.688,-18.688,18.25,-0.6757,-0.3584,-0.6329,0.119
1782933105913,26460,0.8501,0.21216,-0.17505,0.89349,117.312,-56.25,6.25,-0.6793,-0.3601,-0.6277,0.1211
1782933105915,26462,0.8501,0.21216,-0.17505,0.89349,117.312,-56.25,6.25,-0.6793,-0.3601,-0.6277,0.1211
1782933105970,26517,0.93188,0.18652,-0.18823,0.96882,24.812,-37.0,-2.062,-0.6982,-0.3562,-0.6107,0.1115
1782933105971,26518,0.93677,0.19971,-0.17944,0.97448,26.938,-37.562,-4.625,-0.6989,-0.3571,-0.6093,0.1116
1782933105971,26518,0.98291,0.16626,-0.20898,1.01854,-19.688,-9.75,17.375,-0.7065,-0.3513,-0.6035,0.1141
1782933106032,26579,0.95728,0.17944,-0.24902,1.00528,-37.75,6.5,17.75,-0.7072,-0.3484,-0.6044,0.1134
1782933106033,26580,0.96216,0.17725,-0.24561,1.00871,-30.438,3.812,13.938,-0.7086,-0.3441,-0.6058,0.111
1782933106034,26581,0.96313,0.21069,-0.19238,1.0045,-19.062,-5.75,9.875,-0.7109,-0.3367,-0.6077,0.1073
1782933106091,26638,0.96045,0.21118,-0.18213,1.00012,-20.25,-6.688,9.312,-0.7114,-0.3359,-0.6078,0.1069
1782933106094,26641,0.9541,0.22632,-0.18262,0.99744,-21.312,-11.812,9.625,-0.7119,-0.3351,-0.6078,0.1063
1782933106095,26642,0.96069,0.18994,-0.24561,1.00962,-17.812,3.75,6.562,-0.7207,-0.3177,-0.6085,0.0949
1782933106151,26698,0.96313,0.16895,-0.25171,1.00971,-18.0,8.125,6.438,-0.7207,-0.3166,-0.6092,0.0945
1782933106152,26699,0.95605,0.18604,-0.25317,1.00635,-17.062,7.0,5.125,-0.7207,-0.316,-0.6096,0.0942
1782933106152,26699,0.95605,0.18604,-0.25317,1.00635,-17.062,7.0,5.125,-0.7207,-0.316,-0.6096,0.0942
1782933106213,26760,0.54297,0.24316,-0.1106,0.60512,-74.188,9.625,20.938,-0.7219,-0.2973,-0.6185,0.0867
1782933106214,26761,1.01611,0.17773,-0.15918,1.04375,-64.625,-20.625,-1.562,-0.7226,-0.2955,-0.619,0.0845
1782933106216,26763,0.93506,0.1228,-0.21973,0.96835,-1.375,-16.5,-6.188,-0.7287,-0.2837,-0.6187,0.0742
1782933106270,26817,0.94043,0.11963,-0.21436,0.97194,0.125,-14.188,-7.562,-0.729,-0.2839,-0.6182,0.0738
1782933106271,26818,0.93604,0.12671,-0.2063,0.96684,0.375,-11.438,-9.375,-0.7292,-0.2843,-0.6179,0.0735
1782933106272,26819,0.93604,0.12671,-0.2063,0.96684,0.375,-11.438,-9.375,-0.7292,-0.2843,-0.6179,0.0735
1782933106332,26879,0.92847,0.14136,-0.16699,0.9539,15.062,-21.5,-21.625,-0.7316,-0.2888,-0.6135,0.0684
1782933106334,26881,0.98828,0.1499,-0.18628,1.01679,11.188,-21.062,-17.812,-0.7319,-0.2897,-0.6127,0.0681
1782933106335,26882,0.98828,0.1499,-0.18628,1.01679,11.188,-21.062,-17.812,-0.7319,-0.2897,-0.6127,0.0681
1782933106391,26938,1.03931,0.17847,-0.2478,1.08325,-12.312,-4.562,-3.938,-0.7384,-0.2905,-0.6057,0.0563
1782933106393,26940,1.01611,0.23169,-0.21313,1.06376,-13.562,8.938,5.5,-0.7384,-0.2901,-0.606,0.056
1782933106394,26941,0.87695,0.16113,-0.34644,0.95657,-7.562,-139.625,12.688,-0.7624,-0.2794,-0.5819,0.0424
1782933106451,26998,0.98877,0.03003,-0.01709,0.98937,-1.0,-121.062,-0.812,-0.7683,-0.2789,-0.5745,0.0396
1782933106451,26998,1.14087,0.06519,-0.23779,1.16721,13.312,-107.125,-5.75,-0.7756,-0.2714,-0.5688,0.0318
1782933106451,26998,1.14087,0.06519,-0.23779,1.16721,13.312,-107.125,-5.75,-0.7756,-0.2714,-0.5688,0.0318
1782933106511,27058,1.14087,0.06519,-0.23779,1.16721,13.312,-107.125,-5.75,-0.7756,-0.2714,-0.5688,0.0318
1782933106512,27059,0.97876,0.07983,-0.31738,1.03202,23.0,17.125,5.688,-0.7824,-0.2623,-0.5638,0.0287
1782933106513,27060,0.96558,0.07373,-0.15698,0.98103,23.625,37.625,-7.688,-0.7653,-0.2708,-0.5814,0.052
1782933106572,27119,0.97192,0.07129,-0.13794,0.98424,24.938,29.938,-9.125,-0.7643,-0.2716,-0.5823,0.0531
1782933106574,27121,0.96851,0.073,-0.15137,0.98298,26.0,19.75,-12.75,-0.7635,-0.2725,-0.5828,0.0539
1782933106574,27121,0.96851,0.073,-0.15137,0.98298,26.0,19.75,-12.75,-0.7635,-0.2725,-0.5828,0.0539
1782933106630,27177,0.96851,0.073,-0.15137,0.98298,26.0,19.75,-12.75,-0.7635,-0.2725,-0.5828,0.0539
1782933106630,27177,1.02466,0.14331,-0.31226,1.08073,26.25,6.062,5.625,-0.7551,-0.2891,-0.5841,0.0692
1782933106631,27178,0.99634,0.21924,-0.38184,1.08929,20.0,0.625,-14.625,-0.7513,-0.3034,-0.5804,0.08
1782933106691,27238,1.08594,0.19434,-0.38696,1.16909,18.625,-2.688,-17.688,-0.7493,-0.3092,-0.5794,0.0834
1782933106692,27239,1.14258,0.17383,-0.37061,1.2137,17.438,-5.188,-21.75,-0.7491,-0.3103,-0.5791,0.0835
1782933106693,27240,1.14258,0.17383,-0.37061,1.2137,17.438,-5.188,-21.75,-0.7491,-0.3103,-0.5791,0.0835
1782933106751,27298,0.90552,0.24951,-0.28906,0.98274,14.75,29.625,-54.625,-0.7341,-0.3411,-0.5799,0.09
1782933106751,27298,0.88428,0.25098,-0.24609,0.95158,15.562,36.625,-53.438,-0.7324,-0.343,-0.581,0.0897
1782933106752,27299,0.98071,0.2749,-0.23926,1.04623,18.25,32.5,-42.062,-0.7123,-0.3693,-0.5889,0.0958
1782933106811,27358,1.02905,0.229,-0.12061,1.0611,22.188,40.5,-51.188,-0.7056,-0.3785,-0.5903,0.1008
1782933106812,27359,0.99634,0.23169,-0.09839,1.02764,26.438,43.0,-56.438,-0.7034,-0.3806,-0.5915,0.101
1782933106814,27361,0.85815,0.34229,-0.21606,0.94882,25.5,18.625,-63.812,-0.6777,-0.4122,-0.5989,0.1087
1782933106870,27417,0.85815,0.34229,-0.21606,0.94882,25.5,18.625,-63.812,-0.6777,-0.4122,-0.5989,0.1087
1782933106870,27417,0.96216,0.30908,-0.1189,1.01756,22.375,13.812,-65.062,-0.6726,-0.4198,-0.5992,0.11
1782933106871,27418,0.87793,0.40552,-0.33936,1.02488,62.5,40.062,-124.688,-0.6429,-0.4647,-0.5988,0.1094
1782933106932,27479,0.75195,0.46143,-0.36963,0.95654,59.938,44.125,-126.062,-0.6337,-0.4766,-0.5986,0.1124
1782933106933,27480,0.66089,0.50317,-0.38184,0.9142,56.062,48.375,-120.875,-0.6297,-0.4812,-0.5993,0.1117
1782933106934,27481,1.03833,0.38184,-0.17725,1.12042,26.938,38.562,-65.25,-0.5946,-0.516,-0.605,0.1179
1782933106992,27539,1.10205,0.34863,-0.10352,1.16051,30.75,42.125,-72.688,-0.5884,-0.5221,-0.605,0.1218
1782933106993,27540,1.10864,0.34937,-0.1062,1.16723,38.0,48.125,-81.5,-0.5853,-0.5247,-0.6058,0.1218
1782933107050,27597,0.64282,0.54126,-0.17993,0.85939,25.188,37.75,-107.938,-0.5413,-0.5609,-0.6132,0.1264
1782933107050,27597,0.64282,0.54126,-0.17993,0.85939,25.188,37.75,-107.938,-0.5413,-0.5609,-0.6132,0.1264
1782933107051,27598,0.6897,0.51123,-0.12036,0.86691,11.188,-27.312,-88.625,-0.5309,-0.5719,-0.6129,0.1232
1782933107110,27657,0.81274,0.52905,-0.22437,0.99538,6.188,-52.125,-72.875,-0.5159,-0.5991,-0.6033,0.103
1782933107111,27658,0.80469,0.5415,-0.25073,1.00181,7.625,-47.938,-71.688,-0.5153,-0.6011,-0.6023,0.1001
1782933107111,27658,0.80469,0.5415,-0.25073,1.00181,7.625,-47.938,-71.688,-0.5153,-0.6011,-0.6023,0.1001
1782933107170,27717,0.69409,0.64966,-0.35742,1.01566,6.875,29.812,-40.688,-0.4893,-0.6288,-0.5971,0.0918
1782933107170,27717,0.67334,0.65747,-0.35059,1.00427,4.25,49.062,-31.938,-0.4834,-0.6317,-0.5984,0.0941
1782933107171,27718,0.7583,0.55908,-0.20825,0.96486,8.188,114.5,-13.312,-0.4555,-0.6347,-0.6135,0.1143
1782933107231,27778,0.80371,0.55273,-0.02344,0.97571,9.562,112.125,-16.625,-0.452,-0.6345,-0.6157,0.1173
1782933107233,27780,0.73438,0.6167,-0.05444,0.96052,20.375,97.625,-22.75,-0.4447,-0.6365,-0.6177,0.1232
1782933107234,27781,0.7605,0.63965,-0.15356,1.00553,-3.188,0.688,-4.938,-0.4301,-0.6398,-0.6226,0.1334
1782933107292,27839,0.76514,0.64062,-0.16309,1.01115,-5.75,-1.438,-3.875,-0.43,-0.6397,-0.6228,0.1331
1782933107292,27839,0.73584,0.65552,-0.16895,0.99986,-8.812,-5.312,-3.062,-0.4283,-0.6407,-0.6226,0.1344
1782933107293,27840,0.69897,0.64136,-0.09937,0.95382,-14.062,-25.625,12.0,-0.4335,-0.6378,-0.6229,0.1298
1782933107350,27897,0.69458,0.6499,-0.11084,0.95765,-14.25,-25.375,14.938,-0.4353,-0.637,-0.6228,0.1289
1782933107351,27898,0.70117,0.64502,-0.0896,0.95693,-18.688,-35.688,18.75,-0.4375,-0.6362,-0.6222,0.1281
1782933107352,27899,0.58789,0.68066,-0.22266,0.92655,-56.875,-148.125,52.938,-0.4713,-0.6263,-0.6118,0.1052
1782933107411,27958,0.54468,0.70044,-0.22583,0.91558,-63.938,-162.5,62.312,-0.4773,-0.6242,-0.6099,0.1012
1782933107412,27959,0.46094,0.73169,-0.15894,0.87926,-68.625,-179.25,83.312,-0.4904,-0.6193,-0.6058,0.0932
1782933107414,27961,0.28247,0.56592,-0.24121,0.67693,-66.875,-152.75,220.812,-0.5617,-0.582,-0.5831,0.0734
1782933107469,28016,0.39624,0.51807,-0.29321,0.7151,-62.625,-153.625,249.375,-0.5767,-0.5716,-0.5787,0.0743
1782933107469,28016,0.60181,0.46289,-0.3584,0.83958,-64.188,-172.625,272.938,-0.5997,-0.5545,-0.5718,0.0747
1782933107470,28017,1.0625,0.31299,-0.3916,1.17483,-44.875,-152.625,236.25,-0.6895,-0.4807,-0.5358,0.0792
1782933107531,28078,1.07324,0.28687,-0.54761,1.23855,-34.75,-164.188,217.875,-0.7061,-0.4666,-0.5262,0.081
1782933107532,28079,1.04321,0.29688,-0.62061,1.24963,-39.562,-175.5,200.75,-0.7189,-0.4558,-0.5183,0.0806
1782933107533,28080,0.86304,0.24609,-0.72974,1.15668,-48.5,-146.562,161.125,-0.7769,-0.405,-0.476,0.075
1782933107592,28139,0.92114,0.19653,-0.64648,1.14239,-58.0,-135.75,157.875,-0.7884,-0.3928,-0.4675,0.0731
1782933107593,28140,0.96143,0.15088,-0.58813,1.13711,-57.562,-130.875,149.5,-0.7955,-0.3856,-0.4614,0.0726
1782933107593,28140,1.09448,0.05225,-0.57812,1.23889,-27.875,-39.375,84.375,-0.8245,-0.3496,-0.4386,0.0728
1782933107651,28198,1.09424,0.0603,-0.57642,1.23825,-24.188,-27.375,74.625,-0.8263,-0.3464,-0.4378,0.073
1782933107710,28257,1.00854,0.14893,-0.69727,1.23512,-21.188,-18.375,56.125,-0.8282,-0.3437,-0.4361,0.0745
1782933107711,28258,1.00854,0.14893,-0.69727,1.23512,-21.188,-18.375,56.125,-0.8282,-0.3437,-0.4361,0.0745
1782933107712,28259,0.76343,0.1333,-0.57275,0.96366,-40.875,-46.375,69.375,-0.8347,-0.3258,-0.4368,0.0773
1782933107769,28316,0.82886,0.09399,-0.54761,0.99786,-40.0,-53.812,63.75,-0.8372,-0.3239,-0.4334,0.0777
1782933107770,28317,0.83691,0.08813,-0.64551,1.0606,-20.875,-34.375,39.25,-0.8493,-0.3104,-0.42,0.0748
1782933107771,28318,0.75049,0.0769,-0.62378,0.9789,-32.438,12.062,33.5,-0.8562,-0.2958,-0.4176,0.0687
1782933107831,28378,0.75049,0.0769,-0.62378,0.9789,-32.438,12.062,33.5,-0.8562,-0.2958,-0.4176,0.0687
1782933107833,28380,0.78882,0.05518,-0.63159,1.01202,-32.75,6.25,40.125,-0.8563,-0.2938,-0.4189,0.0693
1782933107834,28381,0.77124,0.05322,-0.67798,1.02825,-37.25,34.188,21.688,-0.8577,-0.2781,-0.427,0.066
1782933107891,28438,0.77856,0.06055,-0.66919,1.02841,-38.5,38.438,22.375,-0.8574,-0.2766,-0.4288,0.0654
1782933107892,28439,0.82251,0.05444,-0.71973,1.0943,-42.625,37.25,20.25,-0.8562,-0.2749,-0.4322,0.0651
1782933107892,28439,0.8208,0.01416,-0.56519,0.99667,-62.812,52.938,-2.75,-0.8489,-0.2668,-0.4526,0.0549
1782933107951,28498,0.81738,0.0293,-0.54517,0.98294,-62.25,46.188,-2.0,-0.8482,-0.2655,-0.4551,0.0532
1782933107952,28499,0.75562,0.06787,-0.50659,0.91225,-61.625,34.438,-5.625,-0.8464,-0.2645,-0.4592,0.0502
1782933107952,28499,0.75537,0.0896,-0.54224,0.93415,-46.125,0.688,6.062,-0.8471,-0.2526,-0.4662,0.0335
1782933108010,28557,0.75903,0.0752,-0.53247,0.93022,-46.688,2.562,10.25,-0.8472,-0.2513,-0.4667,0.0321
1782933108011,28558,0.77344,0.08105,-0.50537,0.92746,-45.5,2.875,14.375,-0.8473,-0.2499,-0.4674,0.0307
1782933108011,28558,0.73022,0.08301,-0.41479,0.8439,-34.5,-19.312,26.938,-0.8562,-0.221,-0.4666,0.0098
1782933108069,28616,0.74707,0.08667,-0.41846,0.86066,-20.0,-11.062,30.938,-0.8572,-0.2178,-0.4662,0.009
1782933108069,28616,0.74268,0.10376,-0.47632,0.88838,-8.062,-7.812,34.0,-0.8595,-0.2097,-0.4658,0.0065
1782933108070,28617,0.82642,0.04883,-0.56787,1.00391,7.812,4.875,43.312,-0.864,-0.1909,-0.4655,0.0097
1782933108131,28678,0.83276,0.05273,-0.57129,1.01126,8.875,6.625,42.438,-0.8642,-0.1894,-0.4657,0.0109
1782933108131,28678,0.84106,0.03784,-0.57251,1.01813,8.875,6.562,41.125,-0.8644,-0.1881,-0.4658,0.0122
1782933108131,28678,0.81006,0.01147,-0.5708,0.99103,7.562,-14.0,26.125,-0.8698,-0.1654,-0.4642,0.0162
1782933108191,28738,0.81958,0.00488,-0.57861,1.00326,5.75,-19.438,26.5,-0.8704,-0.1646,-0.4635,0.0169
1782933108192,28739,0.82397,0.00122,-0.56592,0.9996,4.188,-23.188,25.5,-0.871,-0.1636,-0.4627,0.0175
1782933108192,28739,0.91089,-0.01904,-0.67212,1.13218,-1.125,-22.688,12.125,-0.8811,-0.1386,-0.4519,0.0125
1782933108250,28797,0.90698,-0.01929,-0.66357,1.12397,-2.25,-19.0,8.5,-0.8815,-0.1381,-0.4511,0.0125
1782933108251,28798,0.89648,-0.00806,-0.64697,1.10558,-3.062,-15.438,4.375,-0.8818,-0.1379,-0.4505,0.0125
1782933108251,28798,0.89648,-0.00806,-0.64697,1.10558,-3.062,-15.438,4.375,-0.8818,-0.1379,-0.4505,0.0125
1782933108310,28857,0.85425,-0.00342,-0.58521,1.03548,8.062,-2.125,-3.562,-0.8845,-0.1306,-0.4476,0.0079
1782933108310,28857,0.85669,0.01611,-0.60767,1.05045,10.125,-1.0,-7.375,-0.8844,-0.1311,-0.4475,0.0082
1782933108312,28859,0.85669,0.01611,-0.60767,1.05045,10.125,-1.0,-7.375,-0.8844,-0.1311,-0.4475,0.0082
1782933108370,28917,0.85669,0.01611,-0.60767,1.05045,10.125,-1.0,-7.375,-0.8844,-0.1311,-0.4475,0.0082
1782933108431,28978,0.83105,0.00708,-0.57495,1.01057,32.188,73.375,-30.312,-0.8786,-0.1319,-0.4586,0.0084
1782933108431,28978,0.83105,0.00708,-0.57495,1.01057,32.188,73.375,-30.312,-0.8786,-0.1319,-0.4586,0.0084
1782933108432,28979,0.82495,0.0127,-0.49829,0.96384,34.5,73.312,-52.0,-0.8467,-0.1724,-0.5025,0.0263
1782933108491,29038,0.90869,0.00024,-0.51245,1.04323,32.062,60.812,-50.0,-0.8449,-0.1748,-0.5046,0.0269
1782933108492,29039,1.07227,-0.08276,-0.48584,1.18011,27.938,15.062,-116.125,-0.832,-0.2055,-0.5147,0.0194
1782933108492,29039,1.08105,-0.01733,-0.29907,1.12179,63.875,102.688,-135.75,-0.7929,-0.2697,-0.5459,0.0169
1782933108550,29097,1.11084,-0.00488,-0.30762,1.15266,72.188,106.625,-144.75,-0.7887,-0.276,-0.5488,0.0173
1782933108550,29097,1.11206,0.0061,-0.35034,1.16596,81.312,110.938,-154.125,-0.7842,-0.2828,-0.5517,0.0178
1782933108551,29098,1.03418,0.12036,-0.42407,1.12421,122.312,126.438,-238.625,-0.733,-0.3569,-0.5784,0.0242
1782933108610,29157,0.90747,0.19971,-0.4458,1.03059,126.5,125.938,-249.75,-0.7171,-0.3815,-0.5825,0.0264
1782933108610,29157,0.83765,0.22412,-0.44971,0.97679,125.688,125.5,-254.312,-0.7097,-0.3922,-0.5845,0.0261
1782933108611,29158,0.51831,0.4834,-0.29175,0.76645,137.5,153.75,-204.188,-0.6322,-0.4845,-0.6033,0.0346
1782933108670,29217,0.60815,0.45703,-0.25439,0.80215,139.938,176.0,-182.625,-0.6192,-0.4975,-0.6061,0.0385
1782933108670,29217,0.70044,0.42627,-0.19189,0.84211,143.75,184.375,-174.125,-0.6104,-0.5054,-0.6082,0.0416
1782933108670,29217,0.71558,0.56445,-0.35376,0.97765,137.875,103.5,-180.938,-0.5338,-0.5771,-0.6142,0.0666
1782933108731,29278,0.55054,0.63354,-0.28271,0.88566,124.312,77.75,-179.875,-0.5181,-0.5929,-0.6124,0.0684
1782933108732,29279,0.46509,0.68042,-0.27197,0.8679,119.625,72.75,-172.938,-0.5112,-0.5998,-0.6115,0.0683
1782933108733,29280,0.62671,0.75903,-0.3916,1.05936,80.562,36.062,-106.0,-0.4592,-0.6516,-0.5991,0.0737
1782933108790,29337,0.62671,0.75903,-0.3916,1.05936,80.562,36.062,-106.0,-0.4592,-0.6516,-0.5991,0.0737
1782933108791,29338,0.73364,0.71631,-0.35718,1.08577,68.562,24.688,-101.875,-0.4517,-0.6585,-0.5971,0.0748
1782933108791,29338,0.61133,0.79077,-0.32593,1.05132,40.188,23.75,-105.0,-0.4068,-0.6953,-0.5882,0.0687
1782933108851,29398,0.61133,0.79077,-0.32593,1.05132,40.188,23.75,-105.0,-0.4068,-0.6953,-0.5882,0.0687
1782933108852,29399,0.55786,0.75439,-0.28955,0.98191,32.125,29.375,-104.0,-0.3968,-0.7018,-0.5874,0.0681
1782933108852,29399,0.50586,0.80078,-0.30591,0.99535,33.25,46.438,-89.812,-0.353,-0.7268,-0.5854,0.0644
1782933108910,29457,0.50586,0.80078,-0.30591,0.99535,33.25,46.438,-89.812,-0.353,-0.7268,-0.5854,0.0644
1782933108910,29457,0.51221,0.823,-0.31787,1.02016,31.562,32.438,-93.875,-0.3383,-0.7343,-0.5846,0.0651
1782933108911,29458,0.44849,0.82788,-0.32861,0.99725,31.25,16.5,-73.75,-0.3029,-0.754,-0.5798,0.0571
1782933108970,29517,0.30908,0.94385,-0.43896,1.08585,29.812,40.25,-86.0,-0.294,-0.7584,-0.5786,0.0572
1782933108970,29517,0.17139,0.96631,-0.4563,1.08228,17.438,31.875,-78.938,-0.2904,-0.76,-0.5785,0.0563
1782933108970,29517,0.36548,0.87769,-0.27734,0.99037,4.25,6.75,-23.812,-0.2675,-0.7672,-0.5799,0.0568
1782933109031,29578,0.59399,0.77002,-0.31763,1.02306,-0.625,2.875,-29.75,-0.2647,-0.7683,-0.5798,0.0562
1782933109032,29579,0.47949,0.8772,-0.31519,1.04821,4.0,10.75,-43.812,-0.263,-0.7688,-0.58,0.0555
1782933109033,29580,0.36816,0.88037,-0.33252,1.01053,-13.188,-56.125,-0.375,-0.262,-0.7704,-0.5795,0.0415
1782933109091,29638,0.36816,0.88037,-0.33252,1.01053,-13.188,-56.125,-0.375,-0.262,-0.7704,-0.5795,0.0415
1782933109092,29639,0.37061,0.85791,-0.31128,0.98502,-17.125,-48.125,1.562,-0.2655,-0.7695,-0.5794,0.0372
1782933109093,29640,0.25513,0.91772,-0.25244,0.98541,-17.75,-56.75,20.062,-0.2767,-0.7654,-0.5801,0.0266
1782933109150,29697,0.25513,0.91772,-0.25244,0.98541,-17.75,-56.75,20.062,-0.2767,-0.7654,-0.5801,0.0266
1782933109150,29697,0.15674,0.94873,-0.2981,1.00674,-24.875,-65.938,27.375,-0.2797,-0.7646,-0.5799,0.0243
1782933109151,29698,0.03223,0.92163,-0.41992,1.0133,-74.75,-185.688,112.75,0.33,0.7446,0.5799,0.0064
1782933109209,29756,0.15747,0.85034,-0.41138,0.95766,-74.0,-177.125,124.562,0.3383,0.741,0.5797,0.0101
1782933109210,29757,0.24438,0.85352,-0.41748,0.98107,-75.125,-184.875,132.312,0.3463,0.7375,0.5794,0.0131
1782933109211,29758,0.28149,0.82593,-0.42993,0.97275,-113.562,-166.688,175.688,0.4304,0.6898,0.5803,0.0437
1782933109270,29817,0.30859,0.79053,-0.32104,0.90732,-116.875,-166.938,186.0,0.4443,0.6798,0.5814,0.0476
1782933109270,29817,0.35864,0.7522,-0.24658,0.86904,-113.938,-172.375,193.688,0.4584,0.6695,0.582,0.0509
1782933109271,29818,0.66016,0.56934,-0.44385,0.97824,-100.688,-113.75,259.625,0.5516,0.5957,0.5805,0.0609
1782933109331,29878,0.93164,0.44678,-0.47949,1.13907,-93.062,-91.375,251.812,0.5605,0.5869,0.5811,0.059
1782933109332,29879,0.88574,0.55469,-0.35522,1.10381,-96.25,-80.125,224.125,0.5733,0.5729,0.5827,0.058
1782933109333,29880,0.65283,0.52979,-0.23901,0.87407,-75.188,-83.438,213.875,0.6326,0.5011,0.5887,0.0422
1782933109390,29937,0.62646,0.53931,-0.19824,0.85006,-74.75,-91.562,213.5,0.6393,0.4932,0.5883,0.0408
1782933109391,29938,0.64258,0.45337,-0.10547,0.79346,-71.188,-119.562,221.312,0.655,0.475,0.5861,0.04
1782933109392,29939,1.19434,0.23657,-0.43408,1.29261,-37.812,-184.938,195.188,0.7342,0.3942,0.5515,0.0346
1782933109452,29999,1.19434,0.23657,-0.43408,1.29261,-37.812,-184.938,195.188,0.7342,0.3942,0.5515,0.0346
1782933109452,29999,1.17432,0.24048,-0.45044,1.28053,-25.625,-166.0,175.0,0.7482,0.3809,0.5419,0.0331
1782933109453,30000,0.83521,0.34912,-0.58716,1.07899,-9.688,-117.562,103.375,0.7944,0.338,0.5035,0.0289
1782933109510,30057,0.83521,0.34912,-0.58716,1.07899,-9.688,-117.562,103.375,0.7944,0.338,0.5035,0.0289
1782933109510,30057,0.79126,0.35742,-0.63721,1.07698,-15.125,-112.188,100.938,0.8003,0.3322,0.498,0.0288
1782933109511,30058,0.91357,0.20264,-0.57666,1.09919,15.375,-61.438,46.75,0.833,0.2988,0.4649,0.0227
1782933109569,30116,0.8645,0.22046,-0.58789,1.06845,15.125,-59.062,41.75,0.8347,0.2975,0.4626,0.022
1782933109570,30117,0.79956,0.22925,-0.55615,1.00058,13.75,-56.562,37.562,0.837,0.2965,0.4592,0.0208
1782933109571,30118,0.71729,0.23584,-0.63403,0.98596,17.0,-83.75,26.438,0.8531,0.2897,0.4333,0.0171
1782933109631,30178,0.71729,0.23584,-0.63403,0.98596,17.0,-83.75,26.438,0.8531,0.2897,0.4333,0.0171
1782933109632,30179,0.72339,0.20825,-0.60596,0.96636,17.812,-78.062,29.375,0.8549,0.2889,0.4302,0.0169
1782933109633,30180,0.76025,0.12891,-0.65454,1.01144,53.375,-54.688,8.938,0.871,0.2871,0.3982,0.0061
1782933109691,30238,0.75439,0.12036,-0.66577,1.01333,54.5,-52.875,5.625,0.8721,0.2877,0.3956,0.0045
1782933109691,30238,0.70386,0.14307,-0.68433,0.99207,54.812,-49.75,1.875,0.875,0.2858,0.3903,0.003
1782933109692,30239,0.69897,0.14111,-0.72534,1.01715,46.0,-44.688,-11.812,-0.8826,-0.2884,-0.3707,0.0062
1782933109750,30297,0.68042,0.1416,-0.70825,0.99229,44.188,-48.812,-14.438,-0.8832,-0.2896,-0.3684,0.0072
1782933109751,30298,0.66138,0.13379,-0.69287,0.96716,44.062,-50.812,-16.062,-0.8838,-0.2909,-0.366,0.008
1782933109751,30298,0.65576,0.12915,-0.78052,1.02758,51.312,9.875,-4.375,-0.8866,-0.3004,-0.3507,0.0211
1782933109810,30357,0.65112,0.12842,-0.78198,1.02564,51.0,10.625,-5.125,-0.8864,-0.3013,-0.3505,0.0231
1782933109811,30358,0.65454,0.12671,-0.79956,1.04104,47.938,7.438,-4.938,-0.8861,-0.3023,-0.3501,0.025
1782933109812,30359,0.69531,0.07178,-0.75195,1.02666,42.125,30.438,-10.188,-0.8792,-0.3192,-0.3504,0.0453
1782933109870,30417,0.68237,0.06006,-0.74512,1.01215,41.25,28.688,-10.75,-0.8785,-0.3202,-0.351,0.0471
1782933109870,30417,0.68579,0.06177,-0.75977,1.02537,37.812,19.0,-10.438,-0.878,-0.3211,-0.3513,0.0488
1782933109872,30419,0.69751,0.06812,-0.74414,1.02221,18.562,17.0,-7.875,-0.8741,-0.3298,-0.3513,0.0592
1782933109930,30477,0.70923,0.06055,-0.71338,1.00776,17.312,14.25,-8.5,-0.8737,-0.3303,-0.3516,0.06
1782933109930,30477,0.72778,0.05249,-0.71069,1.01858,16.125,6.938,-9.938,-0.8734,-0.3309,-0.3518,0.0607
1782933109931,30478,0.67773,0.08447,-0.72778,0.99806,13.938,14.062,-13.75,-0.867,-0.3458,-0.3519,0.0683
1782933109990,30537,0.67578,0.08838,-0.72583,0.99565,14.375,17.75,-13.312,-0.8665,-0.3464,-0.3523,0.0689
1782933109990,30537,0.67627,0.08472,-0.71899,0.99069,14.75,20.938,-12.375,-0.866,-0.3471,-0.3529,0.0696
1782933109991,30538,0.70239,0.0918,-0.7085,1.00187,10.938,21.625,-7.062,-0.8593,-0.3562,-0.3584,0.0777
1782933110050,30597,0.69971,0.08984,-0.70752,0.99912,10.5,20.875,-6.188,-0.8588,-0.3565,-0.359,0.0784
1782933110050,30597,0.70532,0.08594,-0.69824,0.99619,10.188,21.312,-4.438,-0.8584,-0.3567,-0.3597,0.079
1782933110051,30598,0.68701,0.10327,-0.69849,0.98516,9.062,8.188,-7.188,-0.8531,-0.3637,-0.3637,0.0863
1782933110110,30657,0.69604,0.09644,-0.68945,0.98444,7.75,6.938,-7.062,-0.8528,-0.364,-0.3639,0.0866
1782933110111,30658,0.70874,0.08105,-0.66528,0.97544,8.062,5.812,-7.688,-0.8507,-0.3684,-0.3639,0.0889
1782933110111,30658,0.71875,0.07202,-0.66187,0.97972,13.312,19.625,-0.062,-0.8485,-0.3695,-0.3668,0.0935
1782933110169,30716,0.72998,0.06274,-0.64771,0.97792,13.438,18.5,-0.125,-0.8482,-0.3696,-0.3673,0.0943
1782933110170,30717,0.71875,0.06152,-0.64355,0.96672,13.312,16.875,-0.75,-0.8478,-0.3698,-0.3677,0.0951
1782933110171,30718,0.74731,0.05396,-0.69165,1.01969,27.062,16.25,7.938,-0.8452,-0.3721,-0.3687,0.1054
1782933110230,30777,0.75439,0.05518,-0.70312,1.03273,26.812,16.875,7.062,-0.8449,-0.3721,-0.3688,0.1067
1782933110230,30777,0.76074,0.05054,-0.7019,1.03631,25.438,18.188,6.812,-0.8446,-0.3722,-0.369,0.108
1782933110230,30777,0.73145,0.05811,-0.69629,1.01154,4.25,7.5,2.75,-0.8424,-0.372,-0.3717,0.1167
1782933110290,30837,0.73999,0.04785,-0.67725,1.00426,2.562,5.875,2.375,-0.8424,-0.3718,-0.3718,0.117
1782933110291,30838,0.72925,0.04517,-0.66821,0.99013,1.25,4.75,1.562,-0.8423,-0.3718,-0.372,0.1172
1782933110292,30839,0.72559,0.03296,-0.65698,0.97938,2.0,4.062,4.438,-0.8403,-0.3728,-0.3741,0.1214
1782933110350,30897,0.72803,0.03198,-0.64941,0.97611,0.188,3.25,4.75,-0.8403,-0.3726,-0.3742,0.1216
1782933110350,30897,0.73022,0.03613,-0.64722,0.97643,-0.625,2.5,5.0,-0.8403,-0.3723,-0.3743,0.1217
1782933110351,30898,0.75439,0.02686,-0.67212,1.01073,-3.688,0.25,5.812,-0.8403,-0.3726,-0.3737,0.1226
1782933110410,30957,0.78345,0.01855,-0.68066,1.038,-5.688,-2.5,3.062,-0.8406,-0.3721,-0.3737,0.1224
1782933110411,30958,0.79712,0.00952,-0.66309,1.03691,-7.75,-9.062,-1.75,-0.8403,-0.3732,-0.3733,0.1224
1782933110411,30958,0.79712,0.00952,-0.66309,1.03691,-7.75,-9.062,-1.75,-0.8403,-0.3732,-0.3733,0.1224
1782933110469,31016,0.76074,0.03809,-0.70947,1.04092,-18.625,-13.812,-7.75,-0.8406,-0.3766,-0.3706,0.1176
1782933110529,31076,0.76318,0.03442,-0.69116,1.03021,-19.812,-14.0,-8.5,-0.8408,-0.3766,-0.3705,0.1166
1782933110530,31077,0.72046,0.09668,-0.72876,1.02932,-4.938,-8.125,-13.812,-0.8399,-0.3837,-0.3676,0.1097
1782933110530,31077,0.72778,0.104,-0.72363,1.03156,-3.0,-1.938,-12.062,-0.8393,-0.3851,-0.3674,0.1094
1782933110591,31138,0.7356,0.10571,-0.72778,1.04017,-2.25,-1.125,-11.875,-0.8391,-0.3855,-0.3675,0.1092
1782933110650,31197,0.72437,0.11768,-0.698,1.0128,-9.688,1.562,-15.625,-0.8348,-0.3947,-0.3682,0.107
1782933110651,31198,0.71313,0.11353,-0.60376,0.94126,-3.688,0.25,-12.75,-0.8319,-0.4003,-0.3703,0.1021
1782933110651,31198,0.71362,0.11304,-0.60693,0.94361,-2.125,0.125,-13.062,-0.8309,-0.402,-0.3704,0.1022
1782933110710,31257,0.71851,0.11011,-0.59521,0.9395,-0.938,1.688,-12.75,-0.8307,-0.4025,-0.3705,0.1019
1782933110711,31258,0.74341,0.11841,-0.62744,0.97998,0.688,7.188,-14.688,-0.8273,-0.4072,-0.3729,0.1015
1782933110711,31258,0.74341,0.11841,-0.62744,0.97998,0.688,7.188,-14.688,-0.8273,-0.4072,-0.3729,0.1015
1782933110769,31316,0.7793,0.17822,-0.68433,1.05232,-3.625,22.625,-26.125,-0.8196,-0.415,-0.3813,0.1014
1782933110771,31318,0.77026,0.17529,-0.6665,1.03356,-5.438,23.188,-29.5,-0.8187,-0.4159,-0.3823,0.1011
1782933110771,31318,0.66675,0.229,-0.63306,0.9475,-19.188,14.438,-27.25,-0.8125,-0.4222,-0.3899,0.0964
1782933110830,31377,0.71509,0.20044,-0.59204,0.94976,-17.375,15.312,-23.625,-0.8109,-0.4233,-0.3923,0.0945
1782933110830,31377,0.73584,0.1958,-0.59229,0.96468,-15.5,15.375,-23.562,-0.8103,-0.4238,-0.3933,0.0938
1782933110832,31379,0.77271,0.23926,-0.68848,1.06223,0.25,40.25,-37.625,-0.8005,-0.4328,-0.4037,0.0922
1782933110890,31437,0.77271,0.23926,-0.68848,1.06223,0.25,40.25,-37.625,-0.8005,-0.4328,-0.4037,0.0922
1782933110891,31438,0.74487,0.25732,-0.71094,1.06136,-0.75,43.5,-37.25,-0.7988,-0.4338,-0.4061,0.092
1782933110891,31438,0.66748,0.26392,-0.57227,0.91797,-13.75,37.812,-12.25,-0.7855,-0.4406,-0.4243,0.0927
1782933110950,31497,0.66748,0.26392,-0.57227,0.91797,-13.75,37.812,-12.25,-0.7855,-0.4406,-0.4243,0.0927
1782933110950,31497,0.70776,0.24292,-0.55298,0.93044,-14.5,34.375,-5.5,-0.7837,-0.4416,-0.4263,0.0935
1782933110950,31497,0.79858,0.17944,-0.54028,0.98073,-18.688,8.062,7.062,-0.7819,-0.4323,-0.4391,0.0928
1782933111010,31557,0.78027,0.18604,-0.53882,0.96631,-19.125,3.188,6.25,-0.7826,-0.4308,-0.4396,0.0919
1782933111010,31557,0.7644,0.18848,-0.54175,0.95568,-18.375,0.0,6.875,-0.7828,-0.4302,-0.44,0.0914
1782933111011,31558,0.84497,0.15625,-0.61548,1.05698,-14.938,3.188,14.375,-0.7887,-0.4174,-0.4428,0.0859
1782933111070,31617,0.84497,0.15625,-0.61548,1.05698,-14.938,3.188,14.375,-0.7887,-0.4174,-0.4428,0.0859
1782933111072,31619,0.83765,0.15234,-0.60522,1.04458,-14.188,4.5,13.438,-0.7897,-0.4151,-0.4432,0.085
1782933111072,31619,0.85278,0.10986,-0.59375,1.04491,2.062,49.375,10.812,-0.7912,-0.4017,-0.4528,0.0855
1782933111130,31677,0.89087,0.09106,-0.55347,1.05274,5.875,63.625,7.688,-0.7902,-0.3976,-0.4578,0.0874
1782933111131,31678,0.89502,0.09424,-0.53589,1.04743,8.312,67.812,5.75,-0.789,-0.3972,-0.4599,0.0889
1782933111132,31679,0.89624,0.06787,-0.4856,1.0216,4.75,30.75,-5.188,-0.7819,-0.3918,-0.4749,0.0965
1782933111190,31737,0.89624,0.06787,-0.4856,1.0216,4.75,30.75,-5.188,-0.7819,-0.3918,-0.4749,0.0965
1782933111191,31738,0.88843,0.05884,-0.47095,1.00726,2.438,19.375,-6.0,-0.7827,-0.3883,-0.4768,0.0952
1782933111191,31738,0.90894,0.07861,-0.53027,1.05524,0.75,-7.438,-11.562,-0.7838,-0.3844,-0.4787,0.0917
1782933111250,31797,0.91479,0.07031,-0.52588,1.05751,-0.5,-9.875,-12.938,-0.7838,-0.3848,-0.4785,0.0913
1782933111251,31798,0.96045,0.06372,-0.53394,1.10073,-4.562,-27.125,-16.062,-0.7866,-0.3809,-0.4779,0.0871
1782933111251,31798,0.73584,0.18921,-0.55591,0.94143,-49.75,-134.625,-68.375,-0.8023,-0.3825,-0.4551,0.0517
1782933111309,31856,0.61377,0.23804,-0.54663,0.85568,-53.75,-145.938,-70.188,-0.804,-0.3842,-0.4512,0.0461
1782933111310,31857,0.52563,0.30469,-0.66846,0.90331,-54.812,-140.812,-65.25,-0.8068,-0.3837,-0.4472,0.0393
1782933111311,31858,0.51343,0.33789,-0.38745,0.72657,-44.938,-85.0,3.812,0.8193,0.3791,0.4298,0.0049
1782933111371,31918,0.59326,0.32397,-0.40283,0.78688,-38.188,-81.812,11.062,0.8209,0.3779,0.4276,0.0075
1782933111372,31919,0.68945,0.33276,-0.4563,0.89122,-23.688,-85.625,16.375,0.8254,0.3735,0.4227,0.0126
1782933111375,31922,0.78955,0.34326,-0.7998,1.17512,23.875,-26.5,7.375,0.8424,0.3627,0.3979,0.0185
1782933111430,31977,0.79712,0.34131,-0.75659,1.15079,20.312,-19.438,-0.938,0.8427,0.363,0.3969,0.018
1782933111432,31979,0.77173,0.34668,-0.7561,1.13465,23.562,-15.188,-10.188,0.8436,0.363,0.3949,0.0178
1782933111433,31980,0.60718,0.3833,-0.7168,1.01459,12.75,19.188,-20.688,0.8398,0.3762,0.3909,0.0122
1782933111490,32037,0.59448,0.38867,-0.68066,0.98375,11.312,33.625,-18.25,0.8389,0.3771,0.3919,0.0116
1782933111490,32037,0.60498,0.37939,-0.65259,0.96737,12.312,42.188,-15.0,0.8378,0.3784,0.3931,0.0106
1782933111491,32038,0.75684,0.32178,-0.64575,1.04563,2.938,33.875,-28.0,-0.8242,-0.3934,-0.4071,0.0006
1782933111549,32096,0.75977,0.31177,-0.61108,1.02366,1.312,30.688,-29.875,-0.8231,-0.3944,-0.4083,0.0007
1782933111550,32097,0.77808,0.32129,-0.58862,1.02719,-2.312,21.125,-31.875,-0.8221,-0.3955,-0.4092,0.0006
1782933111550,32097,0.78296,0.33667,-0.66455,1.08074,-13.5,20.625,-14.0,-0.8096,-0.4128,-0.4171,0.0026
1782933111610,32157,0.81421,0.2981,-0.61621,1.06373,-15.125,23.5,-17.5,-0.8085,-0.4132,-0.4188,0.0021
1782933111610,32157,0.80493,0.323,-0.58105,1.04396,-11.125,33.062,-19.875,-0.8043,-0.4182,-0.4218,0.0036
1782933111611,32158,0.68042,0.46094,-0.63867,1.04083,11.062,72.938,-34.062,-0.7859,-0.4353,-0.4387,0.013
1782933111669,32216,0.68408,0.46411,-0.63159,1.04032,8.375,67.312,-24.0,-0.7822,-0.4374,-0.4431,0.0151
1782933111669,32216,0.71094,0.45557,-0.62354,1.04966,6.375,61.0,-20.438,-0.7792,-0.4407,-0.445,0.0175
1782933111672,32219,0.76147,0.43506,-0.48877,1.004,11.625,75.75,0.0,-0.7606,-0.4504,-0.4661,0.0332
1782933111730,32277,0.76147,0.43506,-0.48877,1.004,11.625,75.75,0.0,-0.7606,-0.4504,-0.4661,0.0332
1782933111730,32277,0.86279,0.3877,-0.43384,1.04064,13.688,72.438,-2.875,-0.7558,-0.4513,-0.4725,0.039
1782933111732,32279,0.8269,0.39966,-0.53955,1.06518,56.188,108.5,-24.562,-0.7354,-0.4637,-0.4899,0.062
1782933111790,32337,0.8269,0.39966,-0.53955,1.06518,56.188,108.5,-24.562,-0.7354,-0.4637,-0.4899,0.062
1782933111791,32338,0.86426,0.39258,-0.55908,1.10165,52.625,105.312,-21.375,-0.7326,-0.4652,-0.4923,0.0654
1782933111791,32338,0.74854,0.39795,-0.47607,0.97228,15.75,65.438,-39.688,-0.7091,-0.4787,-0.5109,0.0819
1782933111850,32397,0.72632,0.39453,-0.43384,0.93349,14.5,65.0,-42.125,-0.7067,-0.4801,-0.5128,0.0827
1782933111850,32397,0.70874,0.41211,-0.40503,0.91444,15.188,63.312,-42.438,-0.7044,-0.4815,-0.5145,0.0835
1782933111850,32397,0.70459,0.35156,-0.33398,0.85533,8.75,5.5,-26.5,-0.6923,-0.4882,-0.5244,0.0841
1782933111910,32457,0.69556,0.36279,-0.34302,0.8562,9.875,-5.0,-24.5,-0.6918,-0.4892,-0.5242,0.0838
1782933111911,32458,0.67676,0.37573,-0.3855,0.86475,11.75,-11.312,-21.625,-0.6915,-0.4902,-0.5237,0.0834
1782933111912,32459,0.92432,0.21606,-0.46558,1.05727,-5.562,-98.875,-2.875,-0.7106,-0.4813,-0.5093,0.0614
1782933111969,32516,0.95752,0.21094,-0.52783,1.11353,-9.625,-109.562,-7.5,-0.7128,-0.4815,-0.5062,0.0588
1782933111970,32517,0.97485,0.19995,-0.56494,1.14432,-15.125,-116.562,-12.938,-0.7152,-0.4818,-0.5029,0.0559
1782933111973,32520,0.97876,0.16919,-0.69946,1.21484,-82.188,-168.688,-112.625,0.7476,0.478,0.4606,0.0159
1782933112030,32577,0.91772,0.21069,-0.73438,1.19412,-91.688,-120.125,-134.125,0.7479,0.4822,0.4548,0.0321
1782933112031,32578,0.85376,0.23633,-0.73315,1.1499,-93.5,-62.062,-146.5,0.7482,0.4821,0.4533,0.0454
1782933112033,32580,0.63086,0.34351,-0.36084,0.80386,-104.0,-36.312,-190.75,0.7204,0.5046,0.4654,0.0972
1782933112090,32637,0.59448,0.36084,-0.43555,0.82056,-89.688,-9.0,-198.062,0.7162,0.5087,0.466,0.1044
1782933112090,32637,0.54614,0.47144,-0.50269,0.87933,-84.688,-28.688,-204.625,0.7117,0.5132,0.4662,0.1116
1782933112091,32638,0.14697,0.71509,-0.03735,0.73099,4.625,29.25,-146.875,0.6476,0.5624,0.4884,0.1599
1782933112150,32697,0.21387,0.73901,-0.17969,0.79004,28.062,-6.562,-121.5,0.6429,0.5685,0.4865,0.1629
1782933112150,32697,0.35059,0.68384,-0.27783,0.81715,48.812,20.938,-108.562,0.638,0.576,0.4835,0.1647
1782933112151,32698,0.33545,0.81445,-0.43433,0.98209,36.438,7.688,-68.75,0.6251,0.6005,0.4682,0.171
1782933112210,32757,0.40869,0.80127,-0.49097,1.02475,36.5,4.062,-67.375,0.6236,0.6029,0.4668,0.1713
1782933112211,32758,0.35889,0.77612,-0.3457,0.92232,40.562,28.0,-72.125,0.6215,0.6058,0.466,0.1711
1782933112212,32759,0.35889,0.77612,-0.3457,0.92232,40.562,28.0,-72.125,0.6215,0.6058,0.466,0.1711
1782933112269,32816,0.25513,0.86841,-0.46973,1.01974,54.812,-61.812,-69.562,0.6155,0.6317,0.4335,0.1836
1782933112270,32817,0.25781,0.87524,-0.51465,1.04756,60.125,-65.375,-56.125,0.6155,0.635,0.4279,0.1857
1782933112272,32819,0.25781,0.87524,-0.51465,1.04756,60.125,-65.375,-56.125,0.6155,0.635,0.4279,0.1857
1782933112330,32877,0.11499,0.87622,-0.69702,1.12553,-4.812,-0.625,-27.375,0.6024,0.6604,0.4077,0.1855
1782933112330,32877,0.16089,0.84155,-0.56006,1.0236,-7.125,3.625,-24.75,0.6016,0.6609,0.4079,0.1861
1782933112331,32878,0.16089,0.84155,-0.56006,1.0236,-7.125,3.625,-24.75,0.6016,0.6609,0.4079,0.1861
1782933112390,32937,0.28491,0.83643,-0.62183,1.08049,3.812,4.812,1.688,0.5921,0.6696,0.408,0.1851
1782933112390,32937,0.32812,0.82983,-0.66333,1.11188,0.062,10.312,0.75,0.5921,0.6696,0.4083,0.1848
1782933112391,32938,0.32812,0.82983,-0.66333,1.11188,0.062,10.312,0.75,0.5921,0.6696,0.4083,0.1848
1782933112450,32997,0.33643,0.76758,-0.48999,0.9708,-2.25,39.062,10.25,0.5836,0.6734,0.4179,0.1764
1782933112450,32997,0.32715,0.77612,-0.50513,0.98211,0.125,40.25,10.125,0.5831,0.6734,0.419,0.1751
1782933112451,32998,0.12744,0.7832,-0.58862,0.98799,-2.0,33.188,22.812,0.578,0.6743,0.4301,0.1611
1782933112509,33056,0.17554,0.78003,-0.57153,0.98281,-4.812,28.688,30.125,0.5776,0.6741,0.4318,0.1588
1782933112510,33057,0.23291,0.78516,-0.59937,1.01487,-5.188,26.438,33.25,0.5781,0.6734,0.4327,0.1575
1782933112511,33058,0.23291,0.78516,-0.59937,1.01487,-5.188,26.438,33.25,0.5781,0.6734,0.4327,0.1575
1782933112569,33116,0.40356,0.74609,-0.49463,0.98192,-20.938,15.688,38.562,0.5834,0.6613,0.4487,0.1438
1782933112570,33117,0.39014,0.74854,-0.48779,0.97492,-19.125,12.312,35.938,0.5841,0.66,0.4498,0.1432
1782933112572,33119,0.39014,0.74854,-0.48779,0.97492,-19.125,12.312,35.938,0.5841,0.66,0.4498,0.1432
1782933112629,33176,0.39014,0.74854,-0.48779,0.97492,-19.125,12.312,35.938,0.5841,0.66,0.4498,0.1432
1782933112630,33177,0.46436,0.76611,-0.53638,1.04415,-5.75,2.562,40.125,0.5979,0.6443,0.455,0.1416
1782933112631,33178,0.46436,0.76611,-0.53638,1.04415,-5.75,2.562,40.125,0.5979,0.6443,0.455,0.1416
1782933112689,33236,0.43018,0.79053,-0.4314,0.99805,-8.562,-3.062,0.0,0.613,0.6253,0.4602,0.1453
1782933112690,33237,0.40698,0.78589,-0.42212,0.98053,-6.312,-2.875,0.688,0.613,0.6251,0.4604,0.1456
1782933112691,33238,0.40698,0.78589,-0.42212,0.98053,-6.312,-2.875,0.688,0.613,0.6251,0.4604,0.1456
1782933112750,33297,0.40698,0.78589,-0.42212,0.98053,-6.312,-2.875,0.688,0.613,0.6251,0.4604,0.1456
1782933112750,33297,0.54175,0.75171,-0.51294,1.05909,11.75,42.312,37.375,0.6297,0.607,0.4627,0.1433
1782933112751,33298,0.37524,0.75171,-0.43286,0.94511,-10.188,23.875,5.812,0.6409,0.59,0.4696,0.1426
1782933112810,33357,0.35645,0.74976,-0.39844,0.92084,-9.562,20.938,8.312,0.6443,0.5853,0.47,0.1452
1782933112810,33357,0.3645,0.75488,-0.40625,0.93153,-7.938,18.062,9.938,0.6441,0.585,0.4708,0.1448
1782933112811,33358,0.3645,0.75488,-0.40625,0.93153,-7.938,18.062,9.938,0.6441,0.585,0.4708,0.1448
1782933112871,33418,0.44922,0.75586,-0.45166,0.98849,-14.375,-15.312,-10.625,0.6596,0.5635,0.471,0.1589
1782933112872,33419,0.43384,0.75732,-0.44922,0.98161,-13.938,-15.0,-9.562,0.6596,0.5633,0.4708,0.1604
1782933112875,33422,0.39404,0.75415,-0.40063,0.94049,-1.438,-2.062,1.062,0.6696,0.5493,0.4683,0.1739
1782933112932,33479,0.39404,0.75415,-0.40063,0.94049,-1.438,-2.062,1.062,0.6696,0.5493,0.4683,0.1739
1782933112932,33479,0.40259,0.75415,-0.41626,0.95084,-0.125,-1.188,4.312,0.6697,0.5492,0.4683,0.1739
1782933112933,33480,0.53979,0.7478,-0.47363,1.03678,-8.312,3.25,0.125,0.6818,0.5335,0.4666,0.1806
1782933112990,33537,0.53979,0.7478,-0.47363,1.03678,-8.312,3.25,0.125,0.6818,0.5335,0.4666,0.1806
1782933112991,33538,0.45288,0.77295,-0.44751,1.00141,-4.812,-0.375,-3.625,0.6867,0.5267,0.4651,0.1857
1782933112993,33540,0.41675,0.76172,-0.41235,0.96121,5.0,5.562,12.625,0.6913,0.5198,0.4646,0.1889
1782933113049,33596,0.41675,0.76172,-0.41235,0.96121,5.0,5.562,12.625,0.6913,0.5198,0.4646,0.1889
1782933113049,33596,0.42529,0.74854,-0.41602,0.95617,7.75,2.062,16.188,0.6956,0.5144,0.4636,0.1906
1782933113050,33597,0.41821,0.75562,-0.46265,0.97975,-5.562,-7.75,23.312,0.7071,0.4995,0.4615,0.1929
1782933113111,33658,0.41064,0.75488,-0.47656,0.98264,-5.062,-8.812,25.125,0.7077,0.4987,0.4616,0.1928
1782933113112,33659,0.43652,0.75195,-0.49658,1.00128,-6.5,-10.5,29.312,0.7135,0.4904,0.4597,0.1968
1782933113113,33660,0.57153,0.71533,-0.48975,1.03836,-4.312,0.0,27.938,0.7235,0.4752,0.4601,0.1968
1782933113170,33717,0.5542,0.73438,-0.52271,1.05815,-5.938,3.062,27.375,0.7263,0.4706,0.4603,0.1972
1782933113173,33720,0.55811,0.72363,-0.50391,1.04358,-7.75,3.062,26.438,0.7267,0.4696,0.4608,0.1968
1782933113175,33722,0.53979,0.69653,-0.41602,0.97447,-7.438,6.812,21.5,0.7313,0.459,0.4642,0.197
1782933113231,33778,0.53979,0.69653,-0.41602,0.97447,-7.438,6.812,21.5,0.7313,0.459,0.4642,0.197
1782933113232,33779,0.54858,0.7002,-0.41821,0.98291,-5.625,7.812,21.312,0.7315,0.4582,0.4647,0.1966
1782933113233,33780,0.57446,0.69312,-0.42432,0.99522,-2.688,11.188,10.875,0.7421,0.4363,0.4665,0.2024
1782933113293,33840,0.5752,0.69263,-0.44312,1.00347,-1.75,10.562,9.312,0.7421,0.436,0.467,0.202
1782933113295,33842,0.55762,0.70264,-0.46167,1.00885,-3.312,8.062,6.75,0.7435,0.4331,0.4669,0.2033
1782933113297,33844,0.52734,0.70337,-0.40747,0.96894,-1.812,11.562,14.062,0.7453,0.4265,0.4699,0.2039
1782933113350,33897,0.5415,0.69995,-0.40332,0.97253,0.125,12.375,14.062,0.7453,0.4261,0.4704,0.2033
1782933113351,33898,0.53418,0.69897,-0.41602,0.97313,1.812,12.875,13.312,0.7449,0.4265,0.4714,0.202
1782933113354,33901,0.61914,0.67383,-0.38696,0.99354,2.125,6.25,-0.75,0.7494,0.417,0.4723,0.2028
1782933113411,33958,0.57983,0.67822,-0.3894,0.97356,2.25,2.625,-1.062,0.7492,0.4172,0.4725,0.2025
1782933113412,33959,0.55127,0.67798,-0.38013,0.95292,3.625,4.812,-0.688,0.7513,0.4136,0.4715,0.2047
1782933113414,33961,0.52783,0.70459,-0.3877,0.96196,17.625,15.375,11.062,0.7543,0.4089,0.4718,0.2026
1782933113469,34016,0.54199,0.7124,-0.42578,0.99124,23.125,19.25,13.25,0.7543,0.4091,0.4722,0.2008
1782933113474,34021,0.62524,0.72095,-0.58374,1.11868,17.938,23.312,13.188,0.7587,0.4016,0.4711,0.2022
1782933113475,34022,0.58569,0.67773,-0.39233,0.97789,1.75,19.062,11.75,0.759,0.3969,0.4756,0.1997
1782933113531,34078,0.59351,0.66968,-0.40723,0.98314,2.25,17.0,11.375,0.7589,0.3967,0.4763,0.199
1782933113592,34139,0.60791,0.67798,-0.42603,1.00534,1.75,12.125,9.312,0.7596,0.3946,0.4769,0.199
1782933113594,34141,0.54956,0.68213,-0.37964,0.9547,7.688,25.875,26.125,0.7589,0.393,0.4815,0.1936
1782933113595,34142,0.55884,0.69434,-0.44897,0.99799,3.938,16.312,32.875,0.7592,0.3914,0.4835,0.1907
1782933113649,34196,0.58472,0.68164,-0.46094,1.00945,2.562,12.25,33.688,0.7611,0.3875,0.4833,0.1915
1782933113650,34197,0.66626,0.6438,-0.38647,1.00386,-3.5,5.75,29.188,0.7631,0.3796,0.4895,0.1834
1782933113651,34198,0.67554,0.60962,-0.3064,0.96014,10.562,5.812,29.062,0.766,0.3706,0.4956,0.1735
1782933113711,34258,0.69849,0.62134,-0.37207,1.00617,13.75,0.938,27.75,0.7667,0.3696,0.4957,0.1719
1782933113713,34260,0.71362,0.60938,-0.40112,1.02054,12.938,-0.312,25.938,0.7672,0.369,0.4957,0.1708
1782933113714,34261,0.69092,0.62085,-0.47607,1.04378,9.75,-10.625,15.312,0.7734,0.3621,0.4931,0.1654
1782933113773,34320,0.69116,0.61475,-0.46631,1.03589,6.938,-10.75,13.688,0.7739,0.3616,0.4927,0.165
1782933113776,34323,0.69287,0.6106,-0.44214,1.02391,5.75,-11.562,12.75,0.7744,0.3613,0.4923,0.1647
1782933113776,34323,0.66406,0.60645,-0.44751,1.0045,15.312,-13.438,13.688,0.7897,0.3353,0.4819,0.177
1782933113831,34378,0.70239,0.61377,-0.50391,1.06018,10.25,-5.188,12.812,0.7907,0.3347,0.4812,0.1758
1782933113832,34379,0.69214,0.604,-0.43604,1.01686,7.5,-1.562,10.125,0.7914,0.3339,0.481,0.1751
1782933113833,34380,0.60425,0.60205,-0.44214,0.96077,13.062,-15.125,10.875,0.7916,0.3389,0.4795,0.168
1782933113893,34440,0.61182,0.59888,-0.44702,0.96582,13.812,-9.688,14.625,0.7924,0.3385,0.4788,0.1672
1782933113896,34443,0.62646,0.5957,-0.4585,0.97854,13.938,-8.125,16.625,0.7929,0.3381,0.4785,0.1665
1782933113897,34444,0.62646,0.5957,-0.4585,0.97854,13.938,-8.125,16.625,0.7929,0.3381,0.4785,0.1665
1782933113952,34499,0.68066,0.54736,-0.35474,0.94273,19.375,-13.5,14.438,0.794,0.3425,0.4774,0.1547
1782933113954,34501,0.68823,0.55078,-0.37012,0.95604,23.062,-17.688,13.5,0.7947,0.3424,0.4767,0.1539
1782933113961,34508,0.72729,0.57861,-0.65503,1.13702,28.125,16.188,18.188,0.7918,0.3606,0.4758,0.1281
1782933114012,34559,0.71777,0.57275,-0.65356,1.12711,20.875,15.188,15.875,0.7919,0.3606,0.476,0.1267
1782933114012,34559,0.70337,0.56519,-0.64233,1.10759,15.625,15.0,13.5,0.7919,0.3605,0.4763,0.1256
1782933114013,34560,0.64941,0.51685,-0.43164,0.93551,0.312,16.625,12.062,0.7585,0.4215,0.4902,0.0806
1782933114070,34617,0.65234,0.50854,-0.41968,0.92752,1.312,21.125,14.188,0.7582,0.4209,0.4912,0.0797
1782933114072,34619,0.65503,0.5127,-0.41479,0.9295,2.812,21.438,15.625,0.7581,0.4205,0.492,0.0789
1782933114075,34622,0.75952,0.51807,-0.49756,1.04539,5.875,13.188,22.125,0.736,0.4533,0.5007,0.0432
1782933114131,34678,0.75415,0.51465,-0.47656,1.02991,5.0,10.562,20.125,0.7362,0.4528,0.501,0.0424
1782933114133,34680,0.73853,0.51514,-0.46313,1.01256,5.062,8.062,18.188,0.7363,0.4523,0.5012,0.0416
1782933114134,34681,0.72729,0.49316,-0.43799,0.98183,9.812,-0.562,22.562,-0.6989,-0.5104,-0.5007,0.0082
1782933114191,34738,0.74048,0.49463,-0.44507,0.99552,10.875,-0.562,21.938,-0.6994,-0.51,-0.5005,0.009
1782933114192,34739,0.73511,0.49951,-0.46118,1.00129,10.938,0.75,21.812,-0.6998,-0.5096,-0.5003,0.0098
1782933114193,34740,0.77002,0.48022,-0.4458,1.01108,14.312,23.312,14.438,-0.6632,-0.5529,-0.501,0.056
1782933114251,34798,0.82861,0.46021,-0.47241,1.05904,11.812,10.5,9.938,-0.663,-0.5526,-0.5014,0.0582
1782933114252,34799,0.83496,0.46851,-0.48145,1.07166,11.125,6.312,7.812,-0.663,-0.5526,-0.5013,0.0585
1782933114252,34799,0.83496,0.46851,-0.48145,1.07166,11.125,6.312,7.812,-0.663,-0.5526,-0.5013,0.0585
1782933114312,34859,0.76245,0.45581,-0.40894,0.97792,4.75,10.688,-3.062,-0.6234,-0.5962,-0.4967,0.0949
1782933114314,34861,0.75073,0.44946,-0.40649,0.9648,5.0,7.688,-3.938,-0.6231,-0.5963,-0.4968,0.0952
1782933114315,34862,0.75073,0.44946,-0.40649,0.9648,5.0,7.688,-3.938,-0.6231,-0.5963,-0.4968,0.0952
1782933114371,34918,0.75073,0.44946,-0.40649,0.9648,5.0,7.688,-3.938,-0.6231,-0.5963,-0.4968,0.0952
1782933114374,34921,0.77612,0.46704,-0.43774,1.00603,10.688,-4.188,-2.25,-0.5751,-0.6441,-0.4857,0.1344
1782933114375,34922,0.72998,0.46411,-0.42334,0.96306,8.75,0.562,-4.125,-0.5155,-0.6951,-0.4688,0.1763
1782933114431,34978,0.73169,0.46265,-0.42944,0.96635,12.188,-1.062,-4.25,-0.5151,-0.6956,-0.4682,0.1766
1782933114432,34979,0.72949,0.47803,-0.46753,0.98957,14.312,1.062,-3.125,-0.4942,-0.7111,-0.462,0.1906
1782933114433,34980,0.72949,0.47803,-0.46753,0.98957,14.312,1.062,-3.125,-0.4942,-0.7111,-0.462,0.1906
1782933114494,35041,0.73828,0.47461,-0.4751,0.99801,9.0,0.312,-3.312,-0.4708,-0.7279,-0.4536,0.2061
1782933114498,35045,0.72461,0.47998,-0.48096,0.99336,7.75,0.688,-3.25,-0.4706,-0.7281,-0.4534,0.2062
1782933114499,35046,0.75903,0.47266,-0.46973,1.01004,18.375,-1.188,0.375,-0.4542,-0.7398,-0.4458,0.2176
1782933114549,35096,0.75903,0.47266,-0.46973,1.01004,18.375,-1.188,0.375,-0.4542,-0.7398,-0.4458,0.2176
1782933114551,35098,0.77661,0.46875,-0.52222,1.04669,16.5,-3.25,-0.312,-0.4457,-0.7454,-0.4424,0.223
1782933114611,35158,0.75342,0.46802,-0.48608,1.01141,6.188,-4.75,3.75,-0.4199,-0.763,-0.4294,0.2382
1782933114612,35159,0.77051,0.45654,-0.47217,1.01245,6.125,-5.688,2.312,-0.4022,-0.7728,-0.4232,0.2482
1782933114614,35161,0.76489,0.44922,-0.46924,1.00351,5.812,-5.312,1.188,-0.4023,-0.7729,-0.4229,0.2482
1782933114671,35218,0.76489,0.44922,-0.46924,1.00351,5.812,-5.312,1.188,-0.4023,-0.7729,-0.4229,0.2482
1782933114672,35219,0.71313,0.44531,-0.46558,0.96105,7.562,-8.5,-1.938,-0.36,-0.7957,-0.4051,0.2699
1782933114672,35219,0.74219,0.4668,-0.52515,1.02202,2.562,-2.75,1.188,-0.3287,-0.8119,-0.3894,0.2843
1782933114731,35278,0.74219,0.4668,-0.52515,1.02202,2.562,-2.75,1.188,-0.3287,-0.8119,-0.3894,0.2843
1782933114732,35279,0.76172,0.44043,-0.50269,1.01336,4.438,-5.312,-0.125,-0.3143,-0.8179,-0.3838,0.291
1782933114734,35281,0.70703,0.4668,-0.51416,0.99104,2.688,-4.688,-1.188,-0.2904,-0.8281,-0.3732,0.3005
1782933114790,35337,0.72925,0.45532,-0.49243,0.99076,1.75,-5.125,0.5,-0.275,-0.8335,-0.3674,0.3073
1782933114792,35339,0.72852,0.45972,-0.49292,0.9925,2.375,-5.0,0.438,-0.2751,-0.8336,-0.3673,0.3071
1782933114792,35339,0.73706,0.4519,-0.51733,1.00752,0.062,0.0,3.812,-0.2455,-0.8433,-0.3547,0.3203
1782933114850,35397,0.73633,0.44385,-0.49805,0.9936,-0.438,0.5,3.312,-0.2373,-0.8456,-0.3514,0.3239
1782933114852,35399,0.72852,0.44653,-0.48975,0.98488,-0.312,0.5,3.0,-0.2373,-0.8455,-0.3514,0.324
1782933114852,35399,0.74072,0.44702,-0.49341,0.99597,2.875,-2.375,1.75,-0.2238,-0.8495,-0.345,0.3301
1782933114911,35458,0.74072,0.44702,-0.49341,0.99597,2.875,-2.375,1.75,-0.2238,-0.8495,-0.345,0.3301
1782933114913,35460,0.74146,0.44629,-0.51416,1.00663,2.75,-1.125,0.938,-0.2121,-0.8527,-0.34,0.3348
1782933114913,35460,0.71851,0.45288,-0.5144,0.99296,1.812,1.688,1.062,-0.1878,-0.8586,-0.3295,0.3446
1782933114970,35517,0.71851,0.45288,-0.5144,0.99296,1.812,1.688,1.062,-0.1878,-0.8586,-0.3295,0.3446
1782933115030,35577,0.73315,0.4375,-0.4917,0.98523,0.312,3.0,0.562,-0.1793,-0.8602,-0.326,0.3482
1782933115031,35578,0.73901,0.44482,-0.5188,1.00656,1.0,0.688,0.75,-0.168,-0.8623,-0.3207,0.3535
1782933115032,35579,0.73926,0.44727,-0.52148,1.00921,1.0,0.625,0.938,-0.168,-0.8623,-0.3207,0.3536
1782933115090,35637,0.73926,0.44604,-0.5249,1.01043,0.125,1.0,0.875,-0.1632,-0.8632,-0.3187,0.3555
1782933115091,35638,0.73071,0.45557,-0.51074,1.00117,1.562,-0.875,1.375,-0.1491,-0.8655,-0.3128,0.3612
1782933115091,35638,0.75269,0.43726,-0.48193,0.99498,-1.188,3.375,2.625,-0.1413,-0.866,-0.3093,0.3662
1782933115149,35696,0.75293,0.43701,-0.48584,0.99696,-0.688,2.938,1.625,-0.1414,-0.8659,-0.3094,0.3664
1782933115150,35697,0.75562,0.43262,-0.49707,1.0026,-1.062,2.562,1.188,-0.1337,-0.867,-0.3061,0.3693
1782933115151,35698,0.74097,0.44287,-0.5022,0.99869,1.438,-0.438,3.062,-0.1259,-0.8679,-0.3024,0.373
1782933115210,35757,0.75195,0.44409,-0.52368,1.01828,0.375,-2.312,2.75,-0.1233,-0.8684,-0.3008,0.3741
1782933115211,35758,0.75879,0.43408,-0.51025,1.0122,-0.312,-1.188,2.062,-0.1234,-0.8684,-0.3008,0.3741
1782933115213,35760,0.75732,0.43384,-0.51831,1.01508,1.312,0.625,1.562,-0.1081,-0.8706,-0.2936,0.3792
1782933115273,35820,0.7644,0.42871,-0.51587,1.01697,0.625,1.625,0.938,-0.1081,-0.8706,-0.2936,0.3793
1782933115273,35820,0.74438,0.43481,-0.49854,0.99584,0.125,0.812,-0.625,-0.0968,-0.8719,-0.2886,0.3832
1782933115277,35824,0.73535,0.43164,-0.47778,0.97741,0.312,1.0,0.0,-0.0966,-0.8717,-0.2888,0.3837
1782933115330,35877,0.7417,0.43335,-0.48999,0.98894,1.312,0.0,0.375,-0.0966,-0.8717,-0.2887,0.3837
1782933115331,35878,0.74268,0.44409,-0.51904,1.00906,1.25,0.75,0.562,-0.0907,-0.8723,-0.286,0.3856
1782933115332,35879,0.74268,0.42798,-0.46387,0.97464,-0.438,0.125,0.0,-0.0941,-0.8713,-0.2883,0.3854
1782933115390,35937,0.72827,0.43237,-0.46704,0.96719,0.062,0.25,-0.125,-0.0941,-0.8713,-0.2883,0.3856
1782933115391,35938,0.72705,0.43555,-0.47437,0.97125,0.75,-0.812,0.562,-0.0995,-0.8707,-0.2907,0.3837
1782933115392,35939,0.73975,0.44971,-0.49805,0.99876,-0.375,3.125,3.75,-0.0996,-0.8702,-0.29,0.3851
1782933115449,35996,0.7439,0.44214,-0.48096,0.99005,-0.5,2.938,4.625,-0.0998,-0.8701,-0.29,0.3855
1782933115450,35997,0.75342,0.43042,-0.45898,0.98161,0.5,1.938,4.125,-0.1025,-0.8697,-0.291,0.385
1782933115451,35998,0.75171,0.43506,-0.4502,0.97828,1.625,-11.375,4.438,-0.0989,-0.8709,-0.287,0.3861
1782933115511,36058,0.74463,0.43945,-0.46826,0.98329,2.812,-15.25,4.062,-0.0991,-0.8712,-0.2868,0.3856
1782933115512,36059,0.74097,0.45532,-0.53687,1.02205,2.938,-16.938,5.938,-0.0961,-0.8722,-0.2846,0.3856
1782933115513,36060,0.77368,0.43384,-0.44702,0.99329,-1.625,-27.75,0.188,-0.0925,-0.8767,-0.2804,0.3796
1782933115572,36119,0.75415,0.44263,-0.42773,0.97346,-0.375,-32.125,-1.188,-0.0928,-0.8771,-0.2804,0.3784
1782933115573,36120,0.76416,0.43481,-0.42822,0.97794,2.375,-33.938,-0.688,-0.0932,-0.8776,-0.2802,0.3772
1782933115575,36122,0.69092,0.43311,-0.45068,0.9317,8.25,-92.625,-7.75,-0.0976,-0.8875,-0.2773,0.3546
1782933115630,36177,0.72119,0.43262,-0.46484,0.96091,10.375,-120.375,-8.25,-0.0989,-0.8901,-0.2763,0.3483
1782933115631,36178,0.72998,0.427,-0.50439,0.98469,11.5,-136.625,-9.625,-0.0999,-0.8923,-0.2754,0.3431
1782933115631,36178,0.52271,0.41943,-0.53125,0.8552,51.25,-196.0,10.562,-0.1002,-0.9175,-0.2562,0.2868
1782933115691,36238,0.52271,0.41943,-0.53125,0.8552,51.25,-196.0,10.562,-0.1002,-0.9175,-0.2562,0.2868
1782933115691,36238,0.57812,0.44971,-0.8938,1.15557,45.938,-176.688,18.562,-0.1043,-0.9231,-0.2501,0.2723
1782933115693,36240,0.82056,0.24243,-0.93481,1.26727,11.625,-106.562,8.438,-0.1068,-0.9393,-0.2322,0.2283
1782933115749,36296,0.74365,0.21045,-0.91333,1.19644,3.188,-102.5,-18.062,-0.1074,-0.9404,-0.2314,0.2242
1782933115749,36296,0.48022,0.32788,-0.57495,0.81773,-17.562,-99.188,-42.625,-0.107,-0.9414,-0.2321,0.2197
1782933115750,36297,0.32251,0.39526,-0.76221,0.91717,28.438,-135.062,-10.312,-0.1068,-0.9551,-0.2194,0.1671
1782933115810,36357,0.33472,0.4043,-0.86084,1.00824,29.188,-145.688,-10.0,-0.1075,-0.9565,-0.2176,0.1613
1782933115811,36358,0.29834,0.43921,-0.98755,1.12123,25.875,-151.438,-8.75,-0.1083,-0.9578,-0.2158,0.155
1782933115812,36359,0.24048,0.39478,-0.82666,0.94713,-6.0,-119.125,-20.25,-0.1532,-0.9604,-0.215,0.088
1782933115870,36417,0.19751,0.40942,-0.82935,0.94576,1.062,-105.938,-15.75,-0.1536,-0.9611,-0.2141,0.0808
1782933115873,36420,0.14575,0.42725,-0.85474,0.96663,7.438,-94.5,-6.875,-0.1693,-0.9595,-0.2135,0.0692
1782933115873,36420,0.19922,0.39185,-0.94385,1.0412,-4.625,-104.938,1.812,-0.213,-0.9544,-0.2068,0.0294
1782933115931,36478,0.19067,0.38647,-0.92041,1.0163,-8.438,-103.062,1.0,-0.214,-0.9544,-0.2062,0.0252
1782933115932,36479,0.17212,0.37915,-0.89819,0.99001,-11.375,-103.0,-0.375,-0.2149,-0.9544,-0.2057,0.0208
1782933115932,36479,0.06421,0.37646,-0.74146,0.83403,8.062,-70.625,-2.562,0.2729,0.9407,0.1998,0.0217
1782933115990,36537,0.04028,0.39453,-0.77637,0.8718,12.062,-79.312,-1.938,0.2734,0.9407,0.1985,0.0247
1782933115991,36538,0.04126,0.39746,-0.79028,0.88556,12.688,-91.75,-0.75,0.2742,0.9407,0.197,0.0281
1782933115991,36538,0.04126,0.39746,-0.79028,0.88556,12.688,-91.75,-0.75,0.2742,0.9407,0.197,0.0281
1782933116050,36597,-0.06689,0.40137,-0.98413,1.06493,10.0,-130.812,7.188,0.3374,0.9213,0.1698,0.0916
1782933116050,36597,-0.04663,0.38696,-0.98022,1.05487,9.5,-116.812,12.125,0.3394,0.9204,0.1666,0.0985
1782933116051,36598,-0.14136,0.396,-0.93188,1.02235,10.625,-85.188,2.312,0.3944,0.8969,0.1437,0.1385
1782933116111,36658,-0.11304,0.37671,-0.93335,1.01283,10.25,-86.062,5.625,0.3952,0.8963,0.1419,0.1416
1782933116112,36659,-0.08813,0.36768,-0.9104,0.98579,8.812,-85.0,5.562,0.396,0.8958,0.1401,0.1446
1782933116113,36660,-0.08813,0.36768,-0.9104,0.98579,8.812,-85.0,5.562,0.396,0.8958,0.1401,0.1446
1782933116171,36718,-0.15479,0.35864,-0.94678,1.02419,3.125,-63.062,6.688,0.4323,0.8759,0.1183,0.178
1782933116172,36719,-0.15527,0.35425,-0.90332,0.98264,0.875,-61.5,5.812,0.4328,0.8753,0.1172,0.1802
1782933116172,36719,-0.15527,0.35425,-0.90332,0.98264,0.875,-61.5,5.812,0.4328,0.8753,0.1172,0.1802
1782933116230,36777,-0.2063,0.3562,-0.88306,0.97429,6.625,-48.688,3.188,0.4602,0.8583,0.0991,0.2037
1782933116230,36777,-0.19653,0.35474,-0.8855,0.97395,6.062,-50.75,3.75,0.4606,0.8578,0.098,0.2055
1782933116231,36778,-0.26587,0.36035,-0.86963,0.97816,14.062,-85.75,-2.625,0.4906,0.8358,0.0714,0.2354
1782933116289,36836,-0.28467,0.36255,-0.8916,1.00371,15.625,-83.125,-3.938,0.491,0.8347,0.0679,0.2394
1782933116290,36837,-0.3064,0.36743,-0.90698,1.02543,15.25,-82.375,-3.75,0.4913,0.8339,0.0656,0.242
1782933116291,36838,-0.3064,0.36743,-0.90698,1.02543,15.25,-82.375,-3.75,0.4913,0.8339,0.0656,0.242
1782933116349,36896,-0.30859,0.33179,-0.87524,0.98557,5.062,-63.625,3.562,0.5035,0.8215,0.0449,0.2631
1782933116349,36896,-0.32446,0.33862,-0.83618,0.95872,3.125,-71.938,0.062,0.5037,0.8207,0.0433,0.2655
1782933116350,36897,-0.32446,0.33862,-0.83618,0.95872,3.125,-71.938,0.062,0.5037,0.8207,0.0433,0.2655
1782933116410,36957,-0.42188,0.35132,-0.86182,1.02183,14.75,-98.188,-12.562,0.5096,0.8062,0.0144,0.2998
1782933116411,36958,-0.4729,0.3833,-0.91333,1.0976,14.5,-93.812,-12.562,0.5094,0.8052,0.0117,0.3027
1782933116412,36959,-0.50854,0.354,-0.84131,1.04486,1.625,-57.25,-6.125,0.5108,0.7955,-0.0078,0.3254
1782933116469,37016,-0.5354,0.35767,-0.84741,1.06428,0.875,-50.938,-3.0,0.5091,0.7955,-0.0091,0.328
1782933116530,37077,-0.52344,0.35425,-0.81738,1.03324,-0.188,-45.812,-0.375,0.509,0.7949,-0.0101,0.3297
1782933116530,37077,-0.52344,0.35425,-0.81738,1.03324,-0.188,-45.812,-0.375,0.509,0.7949,-0.0101,0.3297
1782933116531,37078,-0.50098,0.33081,-0.74561,0.95726,-1.688,-32.625,-9.812,0.5028,0.7946,-0.014,0.3395
1782933116590,37137,-0.52661,0.34131,-0.75171,0.97922,-2.562,-39.062,-6.562,0.4987,0.7961,-0.0142,0.3422
1782933116590,37137,-0.53125,0.34106,-0.74341,0.9753,-2.125,-29.312,-1.562,0.4928,0.7941,-0.0197,0.3547
1782933116591,37138,-0.58594,0.33423,-0.76172,1.01747,-0.125,-51.562,-4.75,0.4873,0.7887,-0.0321,0.3731
1782933116649,37196,-0.58447,0.34277,-0.77344,1.02825,-0.125,-52.375,-4.562,0.4871,0.788,-0.0332,0.3748
1782933116649,37196,-0.58667,0.34351,-0.80054,1.05026,-0.125,-49.938,-4.188,0.4869,0.7872,-0.0343,0.3765
1782933116650,37197,-0.62549,0.34448,-0.73413,1.02413,3.688,-42.625,-6.688,0.4803,0.7848,-0.0407,0.3892
1782933116710,37257,-0.62549,0.34448,-0.73413,1.02413,3.688,-42.625,-6.688,0.4803,0.7848,-0.0407,0.3892
1782933116711,37258,-0.63916,0.34253,-0.75854,1.0494,3.75,-33.75,-5.562,0.4779,0.7847,-0.0422,0.3922
1782933116712,37259,-0.61133,0.32275,-0.68823,0.97548,2.188,-13.562,4.0,0.4758,0.7829,-0.0453,0.3979
1782933116771,37318,-0.63013,0.33862,-0.70898,1.00716,2.562,-11.062,4.125,0.4752,0.783,-0.0452,0.3984
1782933116772,37319,-0.63452,0.33496,-0.68066,0.989,2.688,-8.75,5.188,0.4754,0.7828,-0.0454,0.3987
1782933116773,37320,-0.63647,0.33228,-0.66772,0.98049,7.438,0.562,5.25,0.4768,0.7821,-0.0457,0.3984
1782933116830,37377,-0.64331,0.33643,-0.70386,1.01116,11.062,2.562,7.312,0.4758,0.7828,-0.0452,0.3981
1782933116830,37377,-0.6355,0.33105,-0.72021,1.01595,12.5,7.625,8.25,0.4765,0.7827,-0.0454,0.3975
1782933116830,37377,-0.54443,0.29883,-0.72266,0.95286,8.812,14.688,6.25,0.4807,0.7842,-0.0437,0.3897
1782933116889,37436,-0.54443,0.29883,-0.72266,0.95286,8.812,14.688,6.25,0.4807,0.7842,-0.0437,0.3897
1782933116890,37437,-0.62524,0.3269,-0.6792,0.97934,9.625,7.875,2.75,0.4805,0.785,-0.0432,0.3883
1782933116891,37438,-0.62329,0.32642,-0.69727,0.99057,20.312,25.688,2.25,0.4841,0.7868,-0.0443,0.3799
1782933116949,37496,-0.63428,0.32544,-0.729,1.01964,23.25,27.938,6.5,0.4848,0.7877,-0.0443,0.3771
1782933116950,37497,-0.64282,0.32324,-0.73779,1.03055,23.625,28.562,8.062,0.4855,0.788,-0.0444,0.3757
1782933116950,37497,-0.56787,0.30078,-0.69971,0.95002,27.125,37.188,5.75,0.4924,0.7899,-0.0444,0.3624
1782933117010,37557,-0.56787,0.30078,-0.69971,0.95002,27.125,37.188,5.75,0.4924,0.7899,-0.0444,0.3624
1782933117011,37558,-0.55127,0.29565,-0.71289,0.94843,33.312,44.938,5.5,0.4904,0.793,-0.043,0.3584
1782933117012,37559,-0.48877,0.26318,-0.77808,0.95581,57.062,92.812,12.25,0.5037,0.7987,-0.0441,0.3258
1782933117070,37617,-0.48877,0.26318,-0.77808,0.95581,57.062,92.812,12.25,0.5037,0.7987,-0.0441,0.3258
1782933117071,37618,-0.49976,0.26587,-0.80542,0.98445,64.375,102.375,10.5,0.5075,0.7992,-0.0445,0.3185
1782933117072,37619,-0.56958,0.28149,-1.00439,1.18847,71.5,204.312,16.875,0.5241,0.815,-0.0323,0.2443
1782933117129,37676,-0.52783,0.23389,-1.00171,1.15617,66.125,198.188,28.438,0.5266,0.8186,-0.0272,0.2271
1782933117130,37677,-0.46484,0.21387,-1.02368,1.14444,60.625,182.75,31.938,0.5285,0.8197,-0.0249,0.2191
1782933117131,37678,-0.28076,0.2041,-0.91992,0.98323,16.688,91.625,24.188,0.535,0.8256,-0.0078,0.1782
1782933117189,37736,-0.23682,0.18262,-0.91162,0.95942,18.812,92.0,24.562,0.5366,0.8258,-0.0053,0.1726
1782933117190,37737,-0.20508,0.18921,-0.92236,0.96364,20.75,94.938,24.375,0.5338,0.8289,-0.002,0.1669
1782933117192,37739,-0.06348,0.12207,-0.99365,1.00313,13.312,71.938,32.625,0.5358,0.8342,0.0139,0.1285
1782933117249,37796,-0.06348,0.12207,-0.99365,1.00313,13.312,71.938,32.625,0.5358,0.8342,0.0139,0.1285
1782933117249,37796,-0.01318,0.10938,-0.97217,0.97839,2.062,41.812,20.75,0.5359,0.835,0.0172,0.1229
1782933117250,37797,-0.12427,0.17236,-0.87402,0.89948,10.312,23.062,18.188,0.5403,0.8332,0.0223,0.1146
1782933117309,37856,-0.12744,0.17383,-0.9187,0.94365,13.625,21.0,18.812,0.5414,0.8327,0.0225,0.1129
1782933117310,37857,-0.14868,0.17993,-0.95117,0.97939,13.938,20.062,19.938,0.5441,0.8312,0.0225,0.1108
1782933117310,37857,-0.14624,0.17651,-1.01611,1.04164,6.062,20.5,24.75,0.5607,0.8212,0.023,0.1021
1782933117371,37918,-0.15405,0.18335,-1.0083,1.03635,3.812,16.562,26.812,0.5617,0.8207,0.0233,0.1014
1782933117371,37918,-0.13794,0.18823,-1.02734,1.05351,0.625,9.188,31.125,0.5612,0.8211,0.0243,0.1004
1782933117371,37918,-0.1084,0.17358,-0.90479,0.92765,-0.188,2.125,37.875,0.574,0.8121,0.0273,0.0996
1782933117430,37977,-0.09009,0.16699,-0.91968,0.93905,1.812,0.0,38.062,0.5753,0.8112,0.0275,0.0994
1782933117431,37978,-0.01953,0.1355,-0.9624,0.97209,2.812,-2.875,36.125,0.5794,0.8084,0.0273,0.0992
1782933117432,37979,-0.13965,0.19482,-0.9751,1.00413,-5.875,-22.0,23.812,0.5966,0.7952,0.0244,0.1038
1782933117489,38036,-0.13452,0.18848,-0.94336,0.97136,-6.25,-23.938,27.5,0.598,0.7941,0.0241,0.1052
1782933117489,38036,-0.125,0.18677,-0.90967,0.93702,-6.438,-25.812,29.125,0.602,0.7909,0.0233,0.1063
1782933117490,38037,-0.13135,0.18555,-0.90625,0.93433,9.375,-28.875,38.5,0.627,0.7701,0.0151,0.1151
1782933117549,38096,-0.12573,0.18164,-0.91626,0.94251,11.062,-29.812,39.0,0.6284,0.7689,0.0141,0.1158
1782933117549,38096,-0.1228,0.17773,-0.94385,0.96826,11.438,-31.5,39.438,0.6298,0.7677,0.0131,0.1165
1782933117550,38097,-0.18433,0.17969,-1.01489,1.04703,0.312,-25.25,23.5,0.6624,0.7387,0.001,0.1237
1782933117610,38157,-0.16577,0.17944,-0.99561,1.02514,-2.25,-25.875,26.25,0.664,0.7369,0.0,0.1254
1782933117612,38159,-0.19849,0.18945,-0.94214,0.98128,-3.062,-25.0,27.938,0.6751,0.7266,-0.0025,0.1268
1782933117613,38160,-0.08228,0.13403,-0.97388,0.9865,1.688,-25.312,23.75,0.6931,0.7081,-0.0096,0.1333
1782933117671,38218,-0.12378,0.15503,-0.97534,0.99531,1.938,-25.188,19.75,0.694,0.707,-0.0106,0.1343
1782933117675,38222,-0.11963,0.15527,-0.98901,1.00825,2.875,-22.25,19.062,0.7039,0.697,-0.0136,0.1354
1782933117676,38223,-0.15527,0.16357,-0.94165,0.96828,6.062,-9.5,14.625,0.7231,0.6763,-0.0211,0.1384
1782933117730,38277,-0.16406,0.1626,-0.93799,0.96601,7.062,-9.875,13.0,0.7235,0.6758,-0.0215,0.1384
1782933117732,38279,-0.19019,0.17725,-0.97632,1.01034,8.312,-11.875,13.312,0.7389,0.6589,-0.0255,0.138
1782933117733,38280,-0.13599,0.1521,-0.96655,0.98785,3.812,-7.438,6.562,0.7615,0.6322,-0.0334,0.1379
1782933117790,38337,-0.15845,0.16479,-0.95972,0.98657,4.0,-6.812,5.5,0.7617,0.6319,-0.0336,0.138
1782933117849,38396,-0.17261,0.17041,-0.95435,0.98469,5.0,-6.375,6.188,0.7619,0.6317,-0.0339,0.138
1782933117850,38397,-0.19873,0.17822,-0.95508,0.99168,8.5,-2.375,9.0,0.7841,0.6041,-0.0409,0.1353
1782933117850,38397,-0.17749,0.17114,-0.95386,0.98521,7.688,-2.312,9.812,0.7844,0.6037,-0.0411,0.1351
1782933117910,38457,-0.16675,0.16333,-0.94263,0.9711,7.688,-1.438,8.938,0.7847,0.6033,-0.0413,0.1349
1782933117912,38459,-0.18164,0.1543,-0.99561,1.02374,4.812,-5.188,5.25,0.785,0.6035,-0.0432,0.1325
1782933117913,38460,-0.15527,0.13477,-0.94434,0.96646,7.688,2.625,2.438,0.7805,0.609,-0.0444,0.1334
1782933117972,38519,-0.1438,0.14062,-0.9729,0.99347,8.812,3.875,1.062,0.7806,0.6089,-0.0446,0.1328
1782933117975,38522,-0.14478,0.12988,-0.96753,0.98689,8.688,4.438,-0.438,0.7806,0.609,-0.0446,0.1324
1782933117976,38523,-0.18579,0.14551,-1.01611,1.04315,2.812,3.875,-1.312,0.7781,0.6132,-0.0438,0.1281
1782933118030,38577,-0.19312,0.14087,-1.01196,1.03981,1.875,2.625,-1.438,0.7781,0.6132,-0.0438,0.128
1782933118030,38577,-0.18921,0.14575,-1.0144,1.04214,0.125,0.312,-1.438,0.778,0.6133,-0.0438,0.1279
1782933118031,38578,-0.18115,0.15894,-0.97021,0.99969,3.188,3.812,0.688,0.7707,0.6224,-0.0422,0.1288
1782933118090,38637,-0.18408,0.15942,-0.97388,1.00386,2.875,4.125,0.625,0.7708,0.6224,-0.0422,0.1286
1782933118092,38639,-0.19214,0.15723,-0.96802,0.99935,3.25,4.812,1.438,0.7708,0.6224,-0.0421,0.1284
1782933118093,38640,-0.17871,0.14526,-0.97437,1.00122,-5.562,-7.562,2.25,0.7597,0.6358,-0.0396,0.1295
1782933118149,38696,-0.18604,0.15234,-0.97559,1.00479,-5.5,-8.625,2.438,0.7598,0.6357,-0.0397,0.1299
1782933118150,38697,-0.18726,0.15186,-0.97583,1.00517,-6.062,-9.562,2.875,0.7598,0.6355,-0.0398,0.1303
1782933118152,38699,-0.18726,0.15186,-0.97583,1.00517,-6.062,-9.562,2.875,0.7598,0.6355,-0.0398,0.1303
1782933118211,38758,-0.16626,0.14893,-0.94824,0.97416,-3.875,-8.875,3.938,0.7436,0.6535,-0.0375,0.1353
1782933118212,38759,-0.17432,0.14453,-0.94873,0.97538,-4.438,-9.688,3.375,0.7437,0.6533,-0.0376,0.1357
1782933118214,38761,-0.18018,0.1394,-0.95068,0.97759,-2.25,-17.562,-0.875,0.7406,0.6554,-0.0408,0.1416
1782933118273,38820,-0.19116,0.14478,-0.95654,0.98614,-3.062,-18.812,-2.562,0.7404,0.6553,-0.0416,0.1425
1782933118274,38821,-0.20508,0.146,-0.9541,0.98675,-3.562,-19.812,-3.375,0.7403,0.6553,-0.0421,0.1431
1782933118276,38823,-0.20508,0.146,-0.9541,0.98675,-3.562,-19.812,-3.375,0.7403,0.6553,-0.0421,0.1431
1782933118330,38877,-0.23438,0.17407,-0.98853,1.03074,-4.438,-15.812,-5.188,0.7392,0.6547,-0.0476,0.1498
1782933118330,38877,-0.25195,0.17651,-0.98462,1.03156,-5.688,-13.188,-4.75,0.739,0.6547,-0.0479,0.1503
1782933118331,38878,-0.23315,0.17212,-0.9751,1.01725,-16.438,-19.5,0.812,0.7318,0.6609,-0.0486,0.1583
1782933118390,38937,-0.21729,0.15747,-0.97339,1.0097,-16.812,-21.0,0.312,0.7246,0.6684,-0.0472,0.1604
1782933118391,38938,-0.20068,0.15479,-0.96045,0.99333,-17.938,-21.5,-1.5,0.7244,0.6683,-0.0473,0.1615
1782933118392,38939,-0.20068,0.15479,-0.96045,0.99333,-17.938,-21.5,-1.5,0.7244,0.6683,-0.0473,0.1615
1782933118448,38995,-0.20068,0.15479,-0.96045,0.99333,-17.938,-21.5,-1.5,0.7244,0.6683,-0.0473,0.1615
1782933118449,38996,-0.25586,0.15723,-0.8645,0.91518,-26.312,-67.688,-17.0,0.6907,0.6969,-0.049,0.1859
1782933118450,38997,-0.34546,0.19873,-0.93799,1.01915,2.375,-29.688,-21.688,0.7151,0.6658,-0.0723,0.1995
1782933118510,39057,-0.36816,0.22144,-0.92505,1.01995,2.562,-21.875,-12.5,0.6983,0.6827,-0.0701,0.2026
1782933118511,39058,-0.35327,0.22021,-0.92041,1.01017,4.375,-19.688,-11.375,0.6979,0.6829,-0.0709,0.2031
1782933118512,39059,-0.38501,0.23413,-0.9856,1.08372,-0.438,-26.688,-2.375,0.6633,0.7142,-0.0683,0.2118
1782933118572,39119,-0.37305,0.23682,-0.948,1.04592,-0.938,-18.875,-2.125,0.644,0.7313,-0.0639,0.2149
1782933118573,39120,-0.3623,0.23438,-0.93188,1.02694,1.25,-14.812,-1.688,0.6439,0.7311,-0.0643,0.2154
1782933118574,39121,-0.3623,0.23438,-0.93188,1.02694,1.25,-14.812,-1.688,0.6439,0.7311,-0.0643,0.2154
1782933118630,39177,-0.3623,0.23438,-0.93188,1.02694,1.25,-14.812,-1.688,0.6439,0.7311,-0.0643,0.2154
1782933118631,39178,-0.39868,0.24072,-0.96777,1.074,-4.062,-22.938,1.938,0.6098,0.7582,-0.0593,0.2225
1782933118690,39237,-0.32007,0.19458,-0.90234,0.977,0.625,-27.562,2.812,0.5515,0.799,-0.0466,0.2348
1782933118691,39238,-0.30884,0.18945,-0.88135,0.95292,-0.375,-28.938,-0.438,0.5304,0.8125,-0.0418,0.2377
1782933118692,39239,-0.26294,0.16602,-0.85522,0.91,-0.812,-30.562,-3.25,0.5303,0.8123,-0.0424,0.2388
1782933118749,39296,-0.39136,0.18115,-0.89941,0.99745,1.0,-17.0,-0.75,0.4933,0.8336,-0.0374,0.2454
1782933118750,39297,-0.39893,0.18262,-0.88647,0.9891,1.062,-16.812,-2.562,0.4785,0.8417,-0.0339,0.2471
1782933118750,39297,-0.49341,0.2146,-0.89966,1.04828,2.688,-14.375,-1.875,0.4541,0.8536,-0.0312,0.2528
1782933118810,39357,-0.48608,0.20361,-0.90942,1.05108,2.438,-14.062,1.875,0.4533,0.8538,-0.0315,0.2536
1782933118810,39357,-0.46436,0.19824,-0.93774,1.06503,1.562,-13.438,3.875,0.4534,0.8536,-0.0318,0.254
1782933118811,39358,-0.46436,0.19824,-0.93774,1.06503,1.562,-13.438,3.875,0.4534,0.8536,-0.0318,0.254
1782933118871,39418,-0.4624,0.19287,-0.88281,1.01507,0.25,-9.375,5.75,0.4378,0.86,-0.0289,0.2601
1782933118873,39420,-0.46216,0.19312,-0.89331,1.02415,0.125,-9.438,6.75,0.438,0.8598,-0.0291,0.2604
1782933118876,39423,-0.38232,0.16211,-0.8667,0.96105,4.938,3.625,-4.062,0.4144,0.871,-0.0225,0.2625
1782933118930,39477,-0.38232,0.16211,-0.8667,0.96105,4.938,3.625,-4.062,0.4144,0.871,-0.0225,0.2625
1782933118931,39478,-0.41504,0.1731,-0.8584,0.96906,5.312,2.25,-6.0,0.4138,0.8715,-0.0229,0.2617
1782933118931,39478,-0.43018,0.18652,-0.86938,0.98776,-0.5,7.438,4.375,0.4061,0.8754,-0.0208,0.2608
1782933118989,39536,-0.35376,0.15552,-0.7981,0.88673,-0.062,7.5,3.125,0.3914,0.8823,-0.0161,0.2604
1782933118990,39537,-0.32251,0.14404,-0.79053,0.86585,1.562,2.125,-2.375,0.3914,0.8824,-0.016,0.2602
1782933118992,39539,-0.46631,0.20361,-0.88623,1.02191,2.75,-6.062,-3.0,0.3728,0.8906,-0.0134,0.2598
1782933119048,39595,-0.46729,0.20801,-0.88306,1.0205,1.562,-9.062,1.125,0.3547,0.8978,-0.0086,0.2606
1782933119049,39596,-0.45117,0.19434,-0.86621,0.99581,1.5,-8.688,2.5,0.3548,0.8977,-0.0088,0.2609
1782933119050,39597,-0.37256,0.15894,-0.86938,0.95911,4.125,-2.25,-2.562,0.3358,0.9049,-0.0045,0.2609
1782933119109,39656,-0.42334,0.16968,-0.85693,0.97074,4.75,-2.625,-5.0,0.3357,0.905,-0.0047,0.261
1782933119110,39657,-0.43335,0.1814,-0.86597,0.98519,5.062,-3.375,-4.5,0.3218,0.9099,-0.0013,0.2611
1782933119112,39659,-0.40259,0.16724,-0.83325,0.9404,4.125,-7.375,-3.375,0.2904,0.9204,0.0046,0.2614
1782933119172,39719,-0.46924,0.18555,-0.88696,1.02045,5.188,-5.75,-0.062,0.2801,0.9234,0.0066,0.2619
1782933119174,39721,-0.42944,0.17432,-0.89087,1.00422,4.188,-4.312,0.75,0.2802,0.9233,0.0064,0.262
1782933119176,39723,-0.43726,0.16602,-0.88818,1.0038,6.75,2.125,-4.562,0.2545,0.9309,0.0122,0.2611
1782933119229,39776,-0.43726,0.16602,-0.88818,1.0038,6.75,2.125,-4.562,0.2545,0.9309,0.0122,0.2611
1782933119230,39777,-0.4729,0.17261,-0.8811,1.01477,3.562,0.812,-0.625,0.2451,0.9335,0.0143,0.2607
1782933119231,39778,-0.43481,0.14233,-0.91504,1.02304,1.438,-1.562,-2.562,0.2155,0.9408,0.0206,0.2603
1782933119290,39837,-0.43481,0.14233,-0.91504,1.02304,1.438,-1.562,-2.562,0.2155,0.9408,0.0206,0.2603
1782933119291,39838,-0.4187,0.12866,-0.927,1.02528,1.562,-3.062,-3.5,0.2086,0.9423,0.0222,0.2603
1782933119292,39839,-0.48218,0.1875,-0.88232,1.02281,1.312,-0.562,-1.625,0.184,0.9475,0.0283,0.2596
1782933119349,39896,-0.47754,0.18726,-0.875,1.01427,0.75,-0.375,0.312,0.184,0.9475,0.0283,0.2597
1782933119350,39897,-0.45825,0.17603,-0.87451,1.00287,1.125,0.375,1.5,0.1779,0.9487,0.0299,0.2593
1782933119350,39897,-0.44141,0.15796,-0.89014,1.00605,2.312,1.938,-1.062,0.1563,0.9528,0.0349,0.2573
1782933119411,39958,-0.44019,0.16431,-0.9043,1.01908,1.75,1.625,-0.5,0.1563,0.9529,0.0349,0.2572
1782933119472,40019,-0.43066,0.16138,-0.87476,0.98829,0.562,1.625,-0.688,0.1503,0.9539,0.0364,0.2568
1782933119473,40020,-0.48975,0.18237,-0.89209,1.03389,2.438,-1.25,-5.0,0.1336,0.9567,0.0398,0.2548
1782933119475,40022,-0.44507,0.17871,-0.93506,1.05089,0.25,-3.125,-2.062,0.1335,0.9567,0.0397,0.2549
1782933119530,40077,-0.43335,0.16528,-0.89233,1.00567,-0.625,-3.062,-1.625,0.127,0.9576,0.0413,0.2548
1782933119530,40077,-0.4563,0.16724,-0.88696,1.01137,0.812,-3.688,-1.75,0.1101,0.9595,0.0451,0.2547
1782933119531,40078,-0.45825,0.17114,-0.89746,1.02211,2.125,-4.0,-1.312,0.0888,0.9614,0.0498,0.2551
1782933119591,40138,-0.44287,0.16528,-0.92163,1.03579,0.312,-3.625,-0.625,0.0872,0.9616,0.0499,0.2553
1782933119592,40139,-0.43408,0.15039,-0.89478,1.00582,-1.938,-5.625,0.0,0.0872,0.9615,0.0499,0.2554
1782933119593,40140,-0.46387,0.16064,-0.87158,1.00032,-0.5,-10.562,-4.0,0.0813,0.9611,0.0516,0.2587
1782933119649,40196,-0.47778,0.17114,-0.89697,1.03059,0.562,-10.625,-2.688,0.0812,0.9609,0.0515,0.2591
1782933119649,40196,-0.45996,0.16357,-0.89014,1.01522,-1.0,-12.438,-2.062,0.0805,0.9608,0.0515,0.2598
1782933119651,40198,-0.48267,0.16821,-0.88794,1.02455,-5.375,-23.562,2.812,0.078,0.9591,0.0526,0.2665
1782933119710,40257,-0.48315,0.16772,-0.87256,1.0114,-6.312,-25.375,3.625,0.0782,0.9588,0.0528,0.2675
1782933119711,40258,-0.46118,0.15601,-0.86157,0.98961,-7.5,-28.625,3.688,0.0783,0.9584,0.0531,0.2686
1782933119712,40259,-0.51733,0.17798,-0.88452,1.04004,5.062,-23.438,-3.75,0.0745,0.956,0.0535,0.2783
1782933119771,40318,-0.51807,0.17651,-0.89307,1.04744,3.188,-15.125,-0.938,0.0746,0.9556,0.053,0.2798
1782933119772,40319,-0.53003,0.17896,-0.87817,1.04122,3.5,-6.812,1.625,0.0751,0.9553,0.0526,0.2806
1782933119772,40319,-0.4873,0.14136,-0.86621,1.00387,4.438,1.625,-1.312,0.0771,0.9554,0.0507,0.2802
1782933119828,40375,-0.43774,0.12378,-0.82422,0.94142,1.0,-3.125,-2.0,0.077,0.9554,0.0505,0.2802
1782933119828,40375,-0.45386,0.13623,-0.82983,0.9556,1.562,-6.562,-6.312,0.0822,0.9549,0.0487,0.2806
1782933119830,40377,-0.51001,0.15674,-0.8645,1.01589,3.438,11.125,1.875,0.0866,0.955,0.0452,0.2799
1782933119889,40436,-0.48901,0.14966,-0.84229,0.98538,2.75,11.875,2.062,0.0868,0.9551,0.0452,0.2791
1782933119890,40437,-0.48022,0.14722,-0.85059,0.98782,4.0,15.562,3.312,0.0904,0.9552,0.044,0.278
1782933119891,40438,-0.48706,0.15186,-0.84424,0.98642,1.375,9.812,2.312,0.098,0.9562,0.0416,0.2724
1782933119949,40496,-0.48999,0.14917,-0.85083,0.9931,2.0,6.188,3.062,0.0981,0.9562,0.0416,0.2721
1782933119949,40496,-0.47754,0.14917,-0.86133,0.99609,1.688,3.875,3.562,0.0983,0.9563,0.0416,0.2719
1782933119953,40500,-0.46997,0.15039,-0.87231,1.0022,0.125,2.562,2.312,0.1039,0.9561,0.04,0.2705
1782933120011,40558,-0.47241,0.14941,-0.88281,1.01235,0.312,3.625,2.75,0.104,0.9562,0.04,0.2703
1782933120012,40559,-0.45435,0.14844,-0.88916,1.00949,-0.625,3.438,3.062,0.1041,0.9562,0.0401,0.2702
1782933120014,40561,-0.49683,0.16699,-0.8894,1.03236,1.938,3.25,-1.0,0.1026,0.9567,0.0404,0.2689
1782933120074,40621,-0.49683,0.16699,-0.8894,1.03236,1.938,3.25,-1.0,0.1026,0.9567,0.0404,0.2689
1782933120075,40622,-0.49731,0.16333,-0.88379,1.02717,1.188,3.625,0.812,0.1027,0.9568,0.0404,0.2686
1782933120077,40624,-0.49731,0.16333,-0.88379,1.02717,1.188,3.625,0.812,0.1027,0.9568,0.0404,0.2686
1782933120128,40675,-0.44971,0.15015,-0.87231,0.99283,1.5,2.5,-1.625,0.0966,0.9577,0.0423,0.2673
1782933120129,40676,-0.4585,0.15454,-0.87183,0.99709,0.812,2.625,-2.125,0.0966,0.9577,0.0422,0.2672
1782933120130,40677,-0.45581,0.14893,-0.88062,1.00271,0.188,3.062,1.188,0.0933,0.9586,0.0424,0.2654
1782933120189,40736,-0.45972,0.1438,-0.87671,1.00032,-0.875,3.125,1.312,0.0933,0.9586,0.0425,0.2652
1782933120190,40737,-0.45776,0.14673,-0.8689,0.99301,-0.938,2.812,1.25,0.0934,0.9586,0.0426,0.2651
1782933120191,40738,-0.47168,0.15308,-0.87769,1.00809,0.625,0.688,-1.188,0.0845,0.9595,0.0449,0.2646
1782933120249,40796,-0.48462,0.15137,-0.86255,1.00088,0.875,0.812,-0.625,0.0845,0.9595,0.0449,0.2645
1782933120249,40796,-0.46924,0.15259,-0.87354,1.00327,1.062,1.625,0.25,0.0845,0.9595,0.0449,0.2645
1782933120250,40797,-0.44824,0.1416,-0.87231,0.99091,0.625,1.75,-0.562,0.0855,0.9597,0.0446,0.2637
1782933120310,40857,-0.4519,0.14307,-0.86938,0.9902,0.438,1.812,-0.75,0.0855,0.9597,0.0446,0.2636
1782933120310,40857,-0.45703,0.14404,-0.8728,0.99569,0.875,2.312,-0.875,0.0855,0.9597,0.0445,0.2634
1782933120311,40858,-0.45728,0.14526,-0.89966,1.0196,-0.562,1.25,2.188,0.0859,0.9598,0.0444,0.2628
1782933120370,40917,-0.44922,0.13184,-0.8667,0.98506,-1.5,1.812,1.5,0.086,0.9599,0.0445,0.2627
1782933120371,40918,-0.44629,0.14404,-0.87231,0.99038,-0.625,1.688,1.188,0.086,0.9599,0.0446,0.2626
1782933120372,40919,-0.4436,0.146,-0.8606,0.97915,0.938,4.188,-0.75,0.0829,0.9605,0.0455,0.2612
1782933120429,40976,-0.4436,0.146,-0.86597,0.98387,0.688,3.938,-1.312,0.0758,0.9612,0.0473,0.2606
1782933120430,40977,-0.45117,0.15088,-0.8623,0.98483,0.562,3.0,-1.438,0.0757,0.9613,0.0473,0.2604
1782933120431,40978,-0.45117,0.15088,-0.8623,0.98483,0.562,3.0,-1.438,0.0757,0.9613,0.0473,0.2604
1782933120489,41036,-0.46631,0.15991,-0.86694,0.9973,-0.875,-3.938,1.5,0.0714,0.9614,0.0484,0.261
1782933120490,41037,-0.45532,0.15552,-0.87817,1.00134,-0.312,-4.125,1.688,0.0715,0.9613,0.0484,0.2612
1782933120490,41037,-0.45532,0.15552,-0.87817,1.00134,-0.312,-4.125,1.688,0.0715,0.9613,0.0484,0.2612
1782933120548,41095,-0.44653,0.14819,-0.87329,0.99196,-0.062,0.562,0.75,0.0681,0.9616,0.0496,0.2609
1782933120548,41095,-0.44849,0.14502,-0.86987,0.98937,0.125,0.0,0.25,0.0682,0.9616,0.0497,0.2608
1782933120550,41097,-0.4646,0.15503,-0.86108,0.99063,0.688,1.188,-0.312,0.0603,0.9621,0.0519,0.2603
1782933120609,41156,-0.4646,0.15503,-0.86108,0.99063,0.688,1.188,-0.312,0.0603,0.9621,0.0519,0.2603
1782933120611,41158,-0.46802,0.17383,-0.87256,1.0053,1.625,1.0,-0.062,0.0628,0.962,0.051,0.2604
1782933120612,41159,-0.4541,0.15039,-0.87988,1.00151,0.125,-0.625,1.812,0.0601,0.9623,0.0517,0.2598
1782933120673,41220,-0.44214,0.14575,-0.87793,0.99373,0.0,-0.062,1.125,0.0541,0.9627,0.0533,0.2594
1782933120674,41221,-0.44507,0.14551,-0.88184,0.99845,0.0,0.562,0.688,0.0541,0.9627,0.0534,0.2593
1782933120674,41221,-0.45337,0.15308,-0.88428,1.00545,-0.812,1.75,0.875,0.0522,0.963,0.0541,0.2585
1782933120730,41277,-0.45337,0.15308,-0.88428,1.00545,-0.812,1.75,0.875,0.0522,0.963,0.0541,0.2585
1782933120731,41278,-0.44971,0.14917,-0.86426,0.98561,-1.375,2.188,0.5,0.0563,0.9628,0.0531,0.2586
1782933120732,41279,-0.46558,0.16333,-0.87158,1.00155,1.125,-1.062,-0.438,0.0569,0.9628,0.0531,0.2581
1782933120790,41337,-0.46436,0.16016,-0.88574,1.01283,1.312,0.375,0.062,0.0548,0.963,0.0535,0.2579
1782933120791,41338,-0.45752,0.15405,-0.88892,1.01155,0.688,1.625,0.125,0.0548,0.963,0.0535,0.2579
1782933120792,41339,-0.45752,0.15405,-0.88892,1.01155,0.688,1.625,0.125,0.0548,0.963,0.0535,0.2579
1782933120848,41395,-0.45752,0.15405,-0.88892,1.01155,0.688,1.625,0.125,0.0548,0.963,0.0535,0.2579
1782933120849,41396,-0.43921,0.13721,-0.86328,0.97826,0.875,0.438,-0.875,0.0548,0.9632,0.0537,0.2572
1782933120850,41397,-0.43921,0.13721,-0.86328,0.97826,0.875,0.438,-0.875,0.0548,0.9632,0.0537,0.2572
1782933120911,41458,-0.44653,0.15186,-0.88574,1.00349,0.25,-1.5,1.875,0.0636,0.9628,0.0512,0.2573
1782933120911,41458,-0.43726,0.14355,-0.87769,0.99103,0.25,0.125,0.562,0.0618,0.9629,0.0516,0.2571
1782933120913,41460,-0.44531,0.15308,-0.85962,0.98014,-0.125,-1.562,0.625,0.0606,0.963,0.0523,0.2568
1782933120971,41518,-0.44531,0.15308,-0.85962,0.98014,-0.125,-1.562,0.625,0.0606,0.963,0.0523,0.2568
1782933120972,41519,-0.42993,0.14502,-0.85791,0.97051,1.0,0.312,-1.25,0.0571,0.9633,0.0531,0.2567
1782933120973,41520,-0.45435,0.15503,-0.88501,1.00683,-0.688,-0.375,2.125,0.0637,0.9628,0.051,0.2569
1782933121029,41576,-0.44141,0.14868,-0.88647,1.00139,-0.938,0.188,1.375,0.0607,0.9631,0.052,0.2567
1782933121029,41576,-0.4458,0.15039,-0.87744,0.99562,-1.375,1.062,0.562,0.0607,0.9631,0.052,0.2567
1782933121030,41577,-0.45581,0.1543,-0.86719,0.99176,0.188,1.562,-1.0,0.0592,0.9633,0.0526,0.2559
1782933121090,41637,-0.45581,0.1543,-0.86719,0.99176,0.188,1.562,-1.0,0.0592,0.9633,0.0526,0.2559
1782933121091,41638,-0.45728,0.15698,-0.87598,1.00054,0.312,2.062,-0.562,0.0592,0.9634,0.0526,0.2559
1782933121092,41639,-0.44971,0.14941,-0.88477,1.00368,0.0,-0.312,0.875,0.0567,0.9636,0.0531,0.2553
1782933121149,41696,-0.44971,0.14941,-0.88477,1.00368,0.0,-0.312,0.875,0.0567,0.9636,0.0531,0.2553
1782933121151,41698,-0.43896,0.14258,-0.87427,0.98862,-0.688,-1.375,0.75,0.0568,0.9636,0.0531,0.2554
1782933121154,41701,-0.45947,0.15967,-0.87061,0.99728,-1.438,-0.188,1.062,0.0562,0.9636,0.0534,0.2553
1782933121210,41757,-0.4563,0.15796,-0.88037,1.0041,-1.25,-0.5,1.25,0.0563,0.9636,0.0535,0.2553
1782933121211,41758,-0.44971,0.15137,-0.86694,0.9883,-1.812,-0.312,1.375,0.0574,0.9636,0.0533,0.2553
1782933121211,41758,-0.46118,0.15674,-0.8811,1.00677,0.188,2.75,-0.688,0.0558,0.9638,0.0537,0.2546
1782933121270,41817,-0.45532,0.15625,-0.88062,1.0036,0.0,2.5,-0.375,0.0558,0.9639,0.0537,0.2545
1782933121270,41817,-0.45972,0.15088,-0.87329,0.99837,0.062,2.625,0.625,0.0594,0.9637,0.0527,0.2544
1782933121272,41819,-0.46655,0.1521,-0.86426,0.99386,0.312,-0.688,-1.375,0.0601,0.9636,0.0525,0.2546
1782933121330,41877,-0.46655,0.1521,-0.86426,0.99386,0.312,-0.688,-1.375,0.0601,0.9636,0.0525,0.2546
1782933121330,41877,-0.45605,0.15942,-0.87598,1.00037,0.125,-1.875,0.0,0.0619,0.9634,0.052,0.2549
1782933121331,41878,-0.43652,0.15845,-0.87793,0.99319,1.062,3.5,0.375,0.0643,0.9635,0.0512,0.2543
1782933121390,41937,-0.45996,0.15796,-0.87354,0.99979,1.312,3.938,-0.5,0.0644,0.9636,0.051,0.254
1782933121392,41939,-0.46143,0.16309,-0.89014,1.01581,1.375,4.312,1.438,0.0645,0.9637,0.051,0.2537
1782933121393,41940,-0.4436,0.1521,-0.88477,1.00137,1.188,0.75,-1.125,0.0632,0.964,0.0511,0.2527
1782933121448,41995,-0.4502,0.15137,-0.8916,1.01022,0.562,0.812,-1.375,0.0631,0.9641,0.051,0.2526
1782933121452,41999,-0.45239,0.15283,-0.89966,1.01853,-0.188,0.438,-1.312,0.0631,0.9641,0.051,0.2526
1782933121453,42000,-0.43872,0.15649,-0.87158,0.98824,0.062,-0.688,1.688,0.0648,0.9639,0.0512,0.2527
1782933121510,42057,-0.43335,0.15186,-0.87817,0.99098,0.375,-0.75,1.812,0.065,0.9639,0.0512,0.2527
1782933121511,42058,-0.42944,0.15283,-0.87402,0.98574,0.562,-0.312,1.062,0.0706,0.9635,0.0497,0.253
1782933121512,42059,-0.44629,0.1521,-0.87061,0.99009,-1.312,1.0,-0.312,0.0693,0.9636,0.05,0.2528
1782933121570,42117,-0.4397,0.14893,-0.85571,0.97353,-0.562,1.375,0.0,0.0693,0.9636,0.0501,0.2528
1782933121571,42118,-0.42554,0.14722,-0.86426,0.97453,0.125,1.438,-0.812,0.0692,0.9637,0.0501,0.2526
1782933121572,42119,-0.44849,0.15479,-0.87329,0.99385,-0.375,-1.125,0.0,0.0603,0.9644,0.0523,0.2516
1782933121629,42176,-0.4585,0.15771,-0.87573,1.001,-0.438,-1.688,0.125,0.0603,0.9644,0.0523,0.2517
1782933121630,42177,-0.44409,0.15137,-0.87671,0.99436,-0.562,-1.688,0.438,0.0599,0.9644,0.0524,0.2518
1782933121630,42177,-0.4314,0.14429,-0.85986,0.97277,-0.625,-0.688,-0.375,0.0611,0.9642,0.0523,0.2523
1782933121691,42238,-0.44727,0.15479,-0.86548,0.98644,0.188,0.5,-1.5,0.061,0.9642,0.0523,0.2523
1782933121692,42239,-0.44751,0.15552,-0.87231,0.99266,1.312,0.125,-1.312,0.061,0.9642,0.0523,0.2523
1782933121692,42239,-0.46289,0.15723,-0.88452,1.01063,0.188,0.812,-0.938,0.0595,0.9645,0.052,0.2514
1782933121752,42299,-0.44727,0.15405,-0.88867,1.00674,0.312,0.25,0.375,0.0595,0.9645,0.0521,0.2514
1782933121754,42301,-0.44629,0.15771,-0.88672,1.00515,0.125,0.688,0.438,0.0596,0.9645,0.0521,0.2513
1782933121755,42302,-0.43628,0.15405,-0.88477,0.99844,0.0,0.188,-0.625,0.0662,0.9643,0.0505,0.251
1782933121810,42357,-0.43213,0.15332,-0.87524,0.98807,-0.188,0.5,-2.0,0.0661,0.9643,0.0505,0.2509
1782933121811,42358,-0.45557,0.16235,-0.87427,0.99912,0.562,1.188,-2.062,0.0642,0.9645,0.0509,0.2507
1782933121812,42359,-0.44507,0.15161,-0.8855,1.00259,1.5,1.312,-0.25,0.0648,0.9646,0.0502,0.2503
1782933121871,42418,-0.46094,0.16064,-0.89746,1.02162,1.438,1.125,0.25,0.0648,0.9646,0.0501,0.2502
1782933121929,42476,-0.44775,0.15503,-0.89014,1.0084,0.562,1.562,0.938,0.0649,0.9646,0.0501,0.2501
1782933121930,42477,-0.44775,0.15503,-0.89014,1.0084,0.562,1.562,0.938,0.0649,0.9646,0.0501,0.2501
1782933121931,42478,-0.43945,0.14746,-0.88159,0.99602,-0.312,0.438,0.125,0.0631,0.965,0.0504,0.249
1782933121990,42537,-0.43774,0.15283,-0.88232,0.99673,-0.312,0.312,-0.312,0.0631,0.965,0.0504,0.2489
1782933121990,42537,-0.43726,0.14844,-0.88306,0.99651,1.0,2.688,-1.0,0.0722,0.9646,0.0476,0.2485
1782933121992,42539,-0.43726,0.14844,-0.88306,0.99651,1.0,2.688,-1.0,0.0722,0.9646,0.0476,0.2485
1782933122048,42595,-0.43994,0.15234,-0.86914,0.98598,0.25,0.625,-0.875,0.0723,0.9649,0.0473,0.2478
1782933122049,42596,-0.43896,0.15015,-0.86938,0.98542,0.688,-0.062,-1.062,0.0723,0.9649,0.0472,0.2478
1782933122051,42598,-0.43164,0.14941,-0.87354,0.98575,1.125,0.938,-0.062,0.0712,0.965,0.0472,0.2475
1782933122111,42658,-0.43457,0.14893,-0.88184,0.99432,1.562,1.938,-0.375,0.0712,0.965,0.0471,0.2474
1782933122112,42659,-0.43896,0.15015,-0.88428,0.99859,2.062,2.438,-0.188,0.0712,0.965,0.0471,0.2473
1782933122113,42660,-0.43896,0.15015,-0.88428,0.99859,2.062,2.438,-0.188,0.0712,0.965,0.0471,0.2473
1782933122172,42719,-0.42407,0.14771,-0.87476,0.98329,-0.125,2.812,-0.062,0.072,0.9655,0.0466,0.2454
1782933122173,42720,-0.42554,0.14868,-0.87573,0.98493,-0.062,2.75,-0.562,0.072,0.9655,0.0466,0.2453
1782933122175,42722,-0.43066,0.15381,-0.89917,1.00878,1.062,8.375,-1.875,0.0755,0.966,0.0451,0.2428
1782933122228,42775,-0.42798,0.15356,-0.91162,1.01872,1.0,9.0,-1.625,0.0753,0.9662,0.045,0.242
1782933122229,42776,-0.41528,0.14307,-0.89844,1.00006,0.375,11.375,-1.688,0.0733,0.9666,0.0454,0.241
1782933122229,42776,-0.41528,0.14307,-0.89844,1.00006,0.375,11.375,-1.688,0.0733,0.9666,0.0454,0.241
1782933122290,42837,-0.44214,0.16724,-0.92676,1.04036,2.125,15.312,1.188,0.074,0.9677,0.0447,0.2365
1782933122291,42838,-0.43896,0.17065,-0.93555,1.04741,2.438,17.25,0.062,0.074,0.9678,0.0447,0.2357
1782933122292,42839,-0.43896,0.17065,-0.93555,1.04741,2.438,17.25,0.062,0.074,0.9678,0.0447,0.2357
1782933122349,42896,-0.42456,0.16016,-0.93433,1.03869,-10.75,24.438,9.5,0.0863,0.9691,0.0454,0.226
1782933122410,42957,-0.40991,0.1543,-0.9248,1.02327,-9.312,25.812,10.375,0.0866,0.9693,0.046,0.2249
1782933122412,42959,-0.36182,0.17383,-0.90576,0.99072,-8.562,23.625,4.938,0.0991,0.9703,0.0482,0.215
1782933122413,42960,-0.36743,0.17529,-0.89062,0.97925,-8.188,22.812,4.062,0.0992,0.9704,0.0487,0.2141
1782933122471,43018,-0.37769,0.18628,-0.88501,0.9801,-7.438,22.125,3.938,0.0993,0.9706,0.0492,0.2131
1782933122472,43019,-0.34888,0.18237,-0.87671,0.96104,-3.75,11.062,4.375,0.1481,0.9658,0.0424,0.2078
1782933122473,43020,-0.34888,0.18237,-0.87671,0.96104,-3.75,11.062,4.375,0.1481,0.9658,0.0424,0.2078
1782933122529,43076,-0.38745,0.21533,-0.91089,1.01302,0.125,2.188,2.375,0.2299,0.9504,0.027,0.207
1782933122529,43076,-0.39087,0.22339,-0.94434,1.04616,0.188,0.5,3.875,0.2301,0.9504,0.0272,0.207
1782933122530,43077,-0.39087,0.22339,-0.94434,1.04616,0.188,0.5,3.875,0.2301,0.9504,0.0272,0.207
1782933122588,43135,-0.33545,0.19971,-0.89062,0.97243,-8.25,-1.188,6.75,0.3272,0.9212,0.0095,0.2097
1782933122589,43136,-0.3291,0.19336,-0.87842,0.95777,-7.0,-0.562,6.688,0.3273,0.9212,0.0099,0.2098
1782933122590,43137,-0.36646,0.20459,-0.90674,0.99916,-8.0,0.625,9.25,0.3911,0.8956,-0.0018,0.2111
1782933122652,43199,-0.36646,0.20459,-0.90674,0.99916,-8.0,0.625,9.25,0.3911,0.8956,-0.0018,0.2111
1782933122656,43203,-0.33179,0.19165,-0.8938,0.97247,-6.0,2.438,9.438,0.4224,0.8813,-0.0083,0.211
1782933122660,43207,-0.34595,0.19604,-0.91138,0.99435,-1.562,2.875,11.75,0.4853,0.8486,-0.0203,0.2088
1782933122711,43258,-0.3269,0.18848,-0.89722,0.97334,-1.625,3.062,11.812,0.5148,0.8311,-0.0274,0.2078
1782933122712,43259,-0.31812,0.18286,-0.89087,0.96348,-0.938,2.688,10.875,0.5153,0.8309,-0.0272,0.2078
1782933122713,43260,-0.33447,0.18457,-0.87354,0.95342,5.25,5.375,5.812,0.5734,0.7924,-0.0401,0.2034
1782933122772,43319,-0.33447,0.18457,-0.87354,0.95342,5.25,5.375,5.812,0.5734,0.7924,-0.0401,0.2034
1782933122773,43320,-0.32593,0.17725,-0.8811,0.95603,7.625,6.188,5.875,0.6001,0.7726,-0.0469,0.2011
1782933122776,43323,-0.31812,0.17456,-0.88501,0.95651,7.312,16.0,6.125,0.6522,0.7304,-0.0593,0.1932
1782933122829,43376,-0.31812,0.17456,-0.88501,0.95651,7.312,16.0,6.125,0.6522,0.7304,-0.0593,0.1932
1782933122830,43377,-0.29614,0.15991,-0.8584,0.92202,13.875,25.375,3.75,0.6749,0.7103,-0.0644,0.1888
1782933122831,43378,-0.36035,0.17358,-0.97437,1.05327,17.312,35.312,4.312,0.7189,0.6702,-0.0713,0.169
1782933122898,43445,-0.3147,0.15723,-0.9668,1.02881,14.938,38.0,6.312,0.738,0.6499,-0.0749,0.1646
1782933122900,43447,-0.32959,0.16064,-0.97388,1.04061,14.875,40.438,6.0,0.7384,0.6499,-0.074,0.163
1782933122906,43453,-0.26636,0.13892,-0.90112,0.94988,11.562,30.625,9.938,0.7773,0.6072,-0.0736,0.1466
1782933122952,43499,-0.26636,0.13892,-0.90112,0.94988,11.562,30.625,9.938,0.7773,0.6072,-0.0736,0.1466
1782933122953,43500,-0.25317,0.1438,-0.91626,0.96141,14.562,31.938,9.688,0.7921,0.5884,-0.0756,0.1424
1782933122954,43501,-0.21289,0.11694,-0.95825,0.98855,7.125,17.188,11.625,0.8234,0.5473,-0.0758,0.1287
1782933123010,43557,-0.20874,0.11938,-0.96606,0.99554,7.438,17.25,11.125,0.8358,0.5284,-0.0781,0.1262
1782933123012,43559,-0.20361,0.12573,-0.96216,0.99147,7.812,19.562,11.188,0.8361,0.5281,-0.0775,0.1256
1782933123012,43559,-0.26611,0.15234,-1.02563,1.07049,9.312,18.375,8.125,0.8608,0.4898,-0.0769,0.114
1782933123068,43615,-0.26611,0.15234,-1.02563,1.07049,9.312,18.375,8.125,0.8608,0.4898,-0.0769,0.114
1782933123069,43616,-0.23584,0.14209,-1.01514,1.05182,6.5,19.562,9.062,0.87,0.4737,-0.0778,0.1113
1782933123071,43618,-0.17651,0.12842,-0.95264,0.97733,-1.438,14.0,6.812,0.8897,0.4375,-0.0758,0.1055
1782933123128,43675,-0.17651,0.12842,-0.95264,0.97733,-1.438,14.0,6.812,0.8897,0.4375,-0.0758,0.1055
1782933123128,43675,-0.15381,0.12305,-0.94287,0.96323,-0.375,13.625,6.438,0.8969,0.4227,-0.0763,0.1038
1782933123129,43676,-0.14722,0.13062,-0.95312,0.97323,-3.0,8.688,6.812,0.9108,0.3934,-0.0745,0.0991
1782933123190,43737,-0.14722,0.13062,-0.95312,0.97323,-3.0,8.688,6.812,0.9108,0.3934,-0.0745,0.0991
1782933123191,43738,-0.13599,0.12964,-0.93262,0.95136,-3.438,5.062,6.125,0.9166,0.38,-0.075,0.0981
1782933123192,43739,-0.14575,0.13867,-0.91919,0.94095,3.562,6.25,1.688,0.9271,0.3543,-0.0755,0.0952
1782933123249,43796,-0.14526,0.13379,-0.94482,0.96524,5.0,6.75,0.75,0.9271,0.3543,-0.0752,0.0949
1782933123251,43798,-0.15771,0.14209,-0.95435,0.97767,5.5,9.5,0.188,0.9316,0.3425,-0.0758,0.0932
1782933123253,43800,-0.15771,0.14209,-0.95435,0.97767,5.5,9.5,0.188,0.9316,0.3425,-0.0758,0.0932
1782933123310,43857,-0.16284,0.14551,-0.96973,0.99402,2.938,9.625,-0.062,0.9392,0.3229,-0.0747,0.0883
1782933123310,43857,-0.16162,0.14355,-0.95654,0.98066,4.938,12.25,-0.125,0.9428,0.3126,-0.0751,0.087
1782933123311,43858,-0.14502,0.13306,-0.97778,0.99739,8.625,15.625,-2.625,0.9487,0.2967,-0.072,0.0809
1782933123368,43915,-0.15479,0.1355,-0.97754,0.99895,8.75,16.625,-2.875,0.9487,0.2968,-0.0715,0.0803
1782933123369,43916,-0.1582,0.12793,-0.99292,1.01355,8.75,16.562,-2.562,0.9515,0.2881,-0.0714,0.0787
1782933123370,43917,-0.13379,0.12378,-0.99023,1.00686,3.688,13.875,0.062,0.956,0.2752,-0.0678,0.0744
1782933123428,43975,-0.13379,0.12378,-0.99023,1.00686,3.688,13.875,0.062,0.956,0.2752,-0.0678,0.0744
1782933123429,43976,-0.13281,0.11743,-0.98657,1.00237,2.625,11.875,0.562,0.9561,0.2752,-0.0673,0.0741
1782933123430,43977,-0.10791,0.1167,-0.94946,0.96267,2.375,8.0,-2.25,0.9614,0.2573,-0.0648,0.0715
1782933123490,44037,-0.10791,0.1167,-0.94946,0.96267,2.375,8.0,-2.25,0.9614,0.2573,-0.0648,0.0715
1782933123491,44038,-0.11157,0.1228,-0.96289,0.97708,2.938,5.562,-0.625,0.9614,0.2575,-0.0643,0.0711
1782933123493,44040,-0.13452,0.12622,-0.98877,1.00583,1.812,0.5,-1.75,0.9661,0.2397,-0.0645,0.0684
1782933123549,44096,-0.12695,0.12427,-0.99585,1.01157,0.688,0.188,-1.25,0.9661,0.2398,-0.0645,0.0684
1782933123549,44096,-0.13159,0.12695,-1.00171,1.01826,0.25,0.5,-1.562,0.9674,0.2346,-0.0648,0.0679
1782933123551,44098,-0.09937,0.11475,-0.97607,0.9878,-1.312,-2.125,-1.562,0.9691,0.2277,-0.0654,0.0675
1782933123610,44157,-0.11475,0.11743,-0.96216,0.97607,-1.188,-1.812,-2.438,0.9691,0.2277,-0.0655,0.0676
1782933123610,44157,-0.12915,0.12939,-0.95728,0.97458,0.062,-1.25,-1.438,0.969,0.2279,-0.0656,0.0676
1782933123610,44157,-0.1377,0.12109,-0.94238,0.96005,-0.625,-2.875,-4.062,0.9722,0.2136,-0.0674,0.0664
1782933123668,44215,-0.16162,0.1355,-0.97095,0.99359,1.438,-6.875,0.125,0.9722,0.2137,-0.0678,0.0665
1782933123669,44216,-0.12305,0.12231,-0.98096,0.99618,0.938,-7.812,1.875,0.9722,0.2136,-0.068,0.0665
1782933123669,44216,-0.13306,0.12207,-0.98535,1.00176,0.25,-0.562,-1.25,0.9739,0.205,-0.0699,0.0659
1782933123728,44275,-0.12329,0.12085,-0.97876,0.99387,-0.062,-0.688,-1.438,0.9739,0.2051,-0.07,0.0659
1782933123728,44275,-0.13281,0.12012,-0.96436,0.98085,0.375,-0.688,-2.312,0.9741,0.2044,-0.0701,0.0657
1782933123729,44276,-0.12549,0.11475,-0.96436,0.97924,-0.812,-3.438,-1.5,0.9752,0.1987,-0.071,0.0651
1782933123789,44336,-0.10913,0.11182,-0.95605,0.96873,-0.5,-3.688,-1.562,0.9752,0.1988,-0.0711,0.0651
1782933123790,44337,-0.11548,0.1145,-0.96265,0.97629,0.25,-3.812,-2.5,0.9752,0.1986,-0.0714,0.0651
1782933123791,44338,-0.1311,0.11694,-0.96289,0.97878,-0.062,-4.0,-3.812,0.9754,0.1974,-0.0727,0.0648
1782933123848,44395,-0.13745,0.11914,-0.9707,0.9876,1.75,-3.75,-4.25,0.9753,0.1977,-0.073,0.0648
1782933123850,44397,-0.14624,0.12158,-0.98535,1.00353,0.75,-6.125,-4.312,0.9758,0.1948,-0.0737,0.0645
1782933123851,44398,-0.12402,0.11646,-0.96582,0.98069,1.312,-3.812,-3.312,0.9758,0.194,-0.0759,0.0646
1782933123910,44457,-0.13867,0.11646,-0.98584,1.00233,1.438,-4.062,-3.562,0.9758,0.1941,-0.0761,0.0646
1782933123911,44458,-0.13403,0.11841,-1.00098,1.01683,0.812,-4.875,-3.0,0.9757,0.1942,-0.0763,0.0646
1782933123912,44459,-0.13574,0.10986,-0.98218,0.99758,-0.062,-2.062,-2.625,0.9763,0.1909,-0.0776,0.0642
1782933123969,44516,-0.14746,0.11865,-0.97119,0.98946,-0.812,-7.375,-2.75,0.9763,0.191,-0.0778,0.0642
1782933123970,44517,-0.13037,0.11377,-0.95288,0.96846,-4.375,-2.0,-1.062,0.9763,0.1911,-0.0781,0.0645
1782933124029,44576,-0.14819,0.12573,-0.97656,0.99571,0.688,-4.75,-3.938,0.9765,0.1884,-0.0807,0.0646
1782933124029,44576,-0.15381,0.12646,-0.98413,1.00407,0.812,-4.438,-4.25,0.9765,0.1885,-0.0809,0.0646
1782933124030,44577,-0.16626,0.12695,-0.98706,1.00898,1.0,-4.375,-4.188,0.9764,0.1887,-0.0811,0.0646
1782933124088,44635,-0.16626,0.12695,-0.98706,1.00898,1.0,-4.375,-4.188,0.9764,0.1887,-0.0811,0.0646
1782933124089,44636,-0.16016,0.13428,-1.00659,1.02806,-1.0,-5.5,-3.062,0.9761,0.1898,-0.0827,0.0646
1782933124090,44637,-0.16016,0.13428,-1.00659,1.02806,-1.0,-5.5,-3.062,0.9761,0.1898,-0.0827,0.0646
1782933124149,44696,-0.11963,0.10205,-0.93774,0.95083,-4.438,-10.062,-4.875,0.9765,0.1847,-0.0871,0.0668
1782933124150,44697,-0.13696,0.104,-0.95337,0.96876,-3.875,-10.938,-6.25,0.9764,0.1849,-0.0875,0.067
1782933124151,44698,-0.17383,0.10229,-0.92822,0.94988,-9.438,-22.938,-8.438,0.9755,0.1855,-0.0939,0.0704
1782933124209,44756,-0.16748,0.10107,-0.91748,0.9381,-8.812,-23.5,-8.0,0.9754,0.1858,-0.0948,0.0709
1782933124210,44757,-0.16089,0.09644,-0.92627,0.94507,-8.75,-25.0,-7.75,0.9751,0.186,-0.0958,0.0714
1782933124211,44758,-0.16089,0.09644,-0.92627,0.94507,-8.75,-25.0,-7.75,0.9751,0.186,-0.0958,0.0714
1782933124268,44815,-0.18921,0.07129,-0.90723,0.92949,-5.5,-28.125,-14.312,0.9743,0.1818,-0.1089,0.0758
1782933124269,44816,-0.19824,0.07007,-0.89941,0.92366,-3.938,-22.938,-13.062,0.974,0.1824,-0.1099,0.0761
1782933124270,44817,-0.19824,0.07007,-0.89941,0.92366,-3.938,-22.938,-13.062,0.974,0.1824,-0.1099,0.0761
1782933124328,44875,-0.24658,0.0918,-0.92603,0.96268,-4.5,-27.938,-14.188,0.972,0.186,-0.1196,0.0784
1782933124328,44875,-0.24487,0.09204,-0.91821,0.95475,-4.5,-29.562,-14.812,0.9717,0.1865,-0.1208,0.0787
1782933124329,44876,-0.25244,0.14478,-0.91699,0.96206,-14.0,-20.25,-15.125,0.9683,0.1945,-0.131,0.0851
1782933124390,44937,-0.24805,0.14136,-0.90576,0.94969,-11.688,-21.25,-16.5,0.968,0.1951,-0.1318,0.0857
1782933124392,44939,-0.25537,0.14795,-0.91089,0.95751,-9.438,-22.438,-16.75,0.9677,0.1958,-0.1327,0.0862
1782933124393,44940,-0.25537,0.14795,-0.91089,0.95751,-9.438,-22.438,-16.75,0.9677,0.1958,-0.1327,0.0862
1782933124450,44997,-0.31104,0.20874,-0.98242,1.05141,-7.375,-18.5,-15.375,0.9627,0.2123,-0.1408,0.0906
1782933124453,45000,-0.31128,0.20752,-0.99927,1.06701,-7.75,-18.438,-14.688,0.9622,0.2131,-0.1419,0.0912
1782933124454,45001,-0.31128,0.20752,-0.99927,1.06701,-7.75,-18.438,-14.688,0.9622,0.2131,-0.1419,0.0912
1782933124510,45057,-0.39355,0.23169,-0.93335,1.03909,-6.438,-7.375,-14.375,0.9566,0.2335,-0.1448,0.0966
1782933124510,45057,-0.2334,0.17871,-1.02686,1.06811,-3.188,-12.25,-8.562,0.9475,0.2672,-0.1423,0.102
1782933124511,45058,-0.2334,0.17871,-1.02686,1.06811,-3.188,-12.25,-8.562,0.9475,0.2672,-0.1423,0.102
1782933124568,45115,-0.34009,0.20532,-1.05029,1.12291,-4.75,-6.938,-2.562,0.9545,0.2368,-0.1502,0.1001
1782933124568,45115,-0.31421,0.20557,-1.03491,1.10092,-5.938,-6.0,-1.625,0.9545,0.2368,-0.1503,0.1004
1782933124570,45117,-0.28003,0.18823,-0.896,0.95743,-4.875,-2.25,-2.125,0.9681,0.17,-0.158,0.0928
1782933124628,45175,-0.28003,0.18823,-0.896,0.95743,-4.875,-2.25,-2.125,0.9681,0.17,-0.158,0.0928
1782933124629,45176,-0.28979,0.18945,-0.91406,0.97743,-2.25,-3.938,-2.438,0.9735,0.1362,-0.1613,0.0874
1782933124629,45176,-0.3291,0.18994,-0.94165,1.01543,-1.125,0.125,0.5,0.9805,0.0687,-0.1666,0.0763
1782933124689,45236,-0.3291,0.18994,-0.94165,1.01543,-1.125,0.125,0.5,0.9805,0.0687,-0.1666,0.0763
1782933124690,45237,-0.32153,0.1814,-0.94189,1.01165,-1.5,-2.375,1.938,0.9823,0.0343,-0.1693,0.0706
1782933124692,45239,-0.30249,0.16187,-0.93604,0.99693,-1.688,-10.25,0.375,0.9818,-0.0352,-0.1762,0.0596
1782933124749,45296,-0.30249,0.16187,-0.93604,0.99693,-1.688,-10.25,0.375,0.9818,-0.0352,-0.1762,0.0596
1782933124749,45296,-0.27612,0.14526,-0.93384,0.98458,0.062,-10.312,-1.125,0.9798,-0.0695,-0.179,0.0534
1782933124752,45299,-0.33594,0.17114,-1.02515,1.09228,-4.938,-17.125,3.812,0.9716,-0.1376,-0.1879,0.04
1782933124810,45357,-0.33594,0.17114,-1.02515,1.09228,-4.938,-17.125,3.812,0.9716,-0.1376,-0.1879,0.04
1782933124869,45416,-0.28979,0.14575,-0.9646,1.01768,-11.25,-20.625,-0.062,0.9657,-0.1716,-0.1912,0.034
1782933124870,45417,-0.25415,0.12842,-0.90967,0.9532,-6.812,-21.875,-21.688,0.95,-0.2338,-0.2051,0.0227
1782933124872,45419,-0.25415,0.12842,-0.90967,0.9532,-6.812,-21.875,-21.688,0.95,-0.2338,-0.2051,0.0227
1782933124933,45480,-0.22852,0.11572,-0.94287,0.97704,-6.438,-15.25,-28.25,0.9415,-0.2648,-0.2073,0.0151
1782933124938,45485,-0.4707,0.18628,-0.94775,1.07447,-9.0,-1.062,-49.375,-0.9276,0.309,0.2097,0.0008
1782933124939,45486,-0.32153,0.15015,-0.74731,0.82728,-25.688,-15.188,-35.75,-0.896,0.3864,0.2175,0.0169
1782933124990,45537,-0.32153,0.15015,-0.74731,0.82728,-25.688,-15.188,-35.75,-0.896,0.3864,0.2175,0.0169
1782933124991,45538,-0.40503,0.18506,-0.70435,0.83331,-16.812,-15.0,-35.312,-0.883,0.4143,0.2188,0.0242
1782933124994,45541,-0.40503,0.18506,-0.70435,0.83331,-16.812,-15.0,-35.312,-0.883,0.4143,0.2188,0.0242
1782933125050,45597,-0.40503,0.18506,-0.70435,0.83331,-16.812,-15.0,-35.312,-0.883,0.4143,0.2188,0.0242
1782933125052,45599,-0.40747,0.18628,-0.84204,0.95382,2.0,-9.438,3.125,-0.8535,0.4699,0.2205,0.0426
1782933125053,45600,-0.39941,0.16479,-0.85962,0.9621,13.312,-10.625,9.5,-0.7965,0.5601,0.2161,0.0701
1782933125109,45656,-0.39941,0.16479,-0.85962,0.9621,13.312,-10.625,9.5,-0.7965,0.5601,0.2161,0.0701
1782933125110,45657,-0.41309,0.1709,-0.84692,0.95767,16.312,-8.5,11.25,-0.7753,0.5888,0.2135,0.0792
1782933125110,45657,-0.41455,0.15552,-0.948,1.0463,15.875,-11.875,17.375,-0.7269,0.6475,0.2048,0.1002
1782933125168,45715,-0.41455,0.15552,-0.948,1.0463,15.875,-11.875,17.375,-0.7269,0.6475,0.2048,0.1002
1782933125169,45716,-0.39087,0.14478,-0.93042,1.01952,13.812,-11.812,18.438,-0.7017,0.6744,0.2014,0.1093
1782933125170,45717,-0.47021,0.15161,-1.07153,1.17994,6.312,10.875,16.0,-0.6481,0.7264,0.1904,0.1254
1782933125228,45775,-0.4248,0.13623,-0.99268,1.08831,1.875,11.688,17.938,-0.6476,0.7271,0.1901,0.1249
1782933125290,45837,-0.39868,0.13159,-0.9397,1.02922,1.812,12.5,17.188,-0.6213,0.7498,0.1853,0.1311
1782933125349,45896,-0.44092,0.18677,-0.9397,1.05467,0.438,16.625,9.75,-0.5667,0.7935,0.1727,0.1386
1782933125350,45897,-0.46582,0.20483,-0.94727,1.0753,1.062,20.375,10.812,-0.5665,0.7938,0.1724,0.1378
1782933125350,45897,-0.52344,0.22705,-0.92969,1.09081,1.188,23.688,12.562,-0.5422,0.8108,0.1677,0.1422
1782933125410,45957,-0.42188,0.19678,-1.10254,1.19679,-2.375,64.188,37.25,-0.4862,0.8493,0.1528,0.1366
1782933125411,45958,-0.19873,0.14722,-0.84448,0.87995,-8.312,45.625,33.438,-0.3906,0.9029,0.1376,0.1141
1782933125411,45958,-0.19873,0.14722,-0.84448,0.87995,-8.312,45.625,33.438,-0.3906,0.9029,0.1376,0.1141
1782933125468,46015,-0.18848,0.18066,-0.8125,0.85342,-6.625,-14.375,3.062,-0.3828,0.9076,0.1405,0.0987
1782933125468,46015,-0.19214,0.18481,-0.82935,0.87115,-5.188,-16.688,1.25,-0.3827,0.9075,0.1409,0.0992
1782933125469,46016,-0.28613,0.22412,-0.93506,1.00321,-0.625,-6.188,-3.562,-0.4448,0.8782,0.1485,0.0923
1782933125528,46075,-0.2937,0.22681,-0.90845,0.98132,-1.125,-7.188,-3.125,-0.4449,0.8781,0.1487,0.0925
1782933125529,46076,-0.28711,0.22461,-0.89966,0.97071,1.25,-0.312,-0.375,-0.4752,0.862,0.152,0.0877
1782933125530,46077,-0.27832,0.20435,-0.93799,0.99952,-0.188,-3.312,-0.938,-0.534,0.8273,0.1558,0.0764
1782933125589,46136,-0.2771,0.20605,-0.93115,0.99312,-0.25,-4.5,-0.562,-0.5339,0.8273,0.156,0.0765
1782933125590,46137,-0.24121,0.19043,-0.93335,0.98264,0.375,-5.875,-0.375,-0.5624,0.8082,0.1587,0.0714
1782933125592,46139,-0.24292,0.18701,-0.94849,0.9968,1.875,-4.562,-2.25,-0.6172,0.767,0.1634,0.0623
1782933125650,46197,-0.24634,0.18335,-0.94214,0.99092,1.875,-5.0,-3.625,-0.6173,0.7669,0.1635,0.0625
1782933125651,46198,-0.26221,0.19531,-0.92285,0.97906,1.688,-6.375,-4.375,-0.6437,0.7448,0.1656,0.0572
1782933125652,46199,-0.27075,0.20386,-0.93335,0.99298,2.125,-6.188,0.625,-0.6937,0.6979,0.1707,0.0478
1782933125710,46257,-0.25,0.19482,-0.9209,0.97392,2.188,-5.812,0.125,-0.6936,0.6979,0.1708,0.048
1782933125711,46258,-0.229,0.18481,-0.91626,0.96236,2.75,-5.5,-1.0,-0.6936,0.6979,0.1709,0.0482
1782933125711,46258,-0.30908,0.21021,-0.92432,0.99704,7.438,-7.0,-6.438,-0.7634,0.6208,0.1743,0.0336
1782933125768,46315,-0.32202,0.21582,-0.95728,1.03279,6.875,-7.812,-3.125,-0.7635,0.6206,0.1745,0.0346
1782933125768,46315,-0.29517,0.20215,-0.95337,1.01828,4.938,-4.875,-0.938,-0.7846,0.5936,0.1757,0.0292
1782933125769,46316,-0.28052,0.19727,-0.91357,0.97582,0.062,-11.938,-1.312,-0.8238,0.5374,0.1788,0.0188
1782933125828,46375,-0.24023,0.18457,-0.90942,0.95855,0.875,-9.938,-1.125,-0.8237,0.5373,0.1791,0.0191
1782933125828,46375,-0.25488,0.18677,-0.87842,0.93352,2.75,-7.375,-3.062,-0.8237,0.5372,0.1793,0.0193
1782933125829,46376,-0.2959,0.19385,-0.89722,0.96444,5.188,-18.188,-7.875,-0.8721,0.4534,0.1833,0.0067
1782933125890,46437,-0.29468,0.19604,-0.89282,0.96041,6.438,-17.938,-7.812,-0.8721,0.4531,0.1838,0.0073
1782933125891,46438,-0.30225,0.19922,-0.89355,0.96409,7.438,-18.75,-7.75,-0.8721,0.4529,0.1844,0.008
1782933125891,46438,-0.33252,0.19531,-0.99512,1.06723,6.062,-8.062,-4.062,-0.873,0.4494,0.1882,0.0139
1782933125950,46497,-0.33081,0.19067,-0.95825,1.03152,4.125,-6.688,-4.375,-0.8731,0.4493,0.1884,0.0142
1782933125951,46498,-0.34277,0.19604,-0.95581,1.03416,4.0,-8.438,-4.312,-0.8731,0.4492,0.1887,0.0145
1782933125951,46498,-0.30566,0.16699,-0.9436,1.00583,5.438,-10.0,-2.688,-0.8223,0.5353,0.1886,0.0375
1782933126008,46555,-0.30835,0.1687,-0.96265,1.02481,3.938,-8.375,-2.75,-0.8223,0.5352,0.1888,0.0379
1782933126008,46555,-0.34009,0.17676,-0.92969,1.0056,2.625,-8.375,-2.875,-0.8223,0.5351,0.189,0.0382
1782933126009,46556,-0.32983,0.16382,-0.96802,1.03571,-0.875,-2.375,0.188,-0.7615,0.6181,0.185,0.06
1782933126070,46617,-0.34302,0.17261,-0.979,1.05162,-0.562,-3.188,-0.562,-0.7615,0.6181,0.1851,0.0601
1782933126072,46619,-0.34888,0.17065,-0.97827,1.05254,-1.812,-3.688,-0.125,-0.7615,0.6181,0.1853,0.0601
1782933126074,46621,-0.34351,0.18384,-0.93823,1.01591,-1.0,0.062,-1.562,-0.6925,0.694,0.1794,0.0792
1782933126128,46675,-0.33032,0.18872,-0.94043,1.01446,-0.875,0.75,-0.812,-0.6926,0.694,0.1795,0.0792
1782933126128,46675,-0.32812,0.17847,-0.92651,0.99897,-0.625,1.812,-1.312,-0.6926,0.694,0.1794,0.0791
1782933126130,46677,-0.32812,0.17847,-0.92651,0.99897,-0.625,1.812,-1.312,-0.6926,0.694,0.1794,0.0791
1782933126190,46737,-0.33081,0.17847,-0.9314,1.00439,2.5,1.188,3.125,-0.6206,0.7596,0.1692,0.0948
1782933126191,46738,-0.30566,0.16284,-0.95898,1.0196,0.75,-0.812,2.438,-0.6206,0.7597,0.1691,0.0948
1782933126192,46739,-0.30566,0.16284,-0.95898,1.0196,0.75,-0.812,2.438,-0.6206,0.7597,0.1691,0.0948
1782933126251,46798,-0.30249,0.16235,-0.92749,0.98899,-6.562,-13.75,3.188,-0.5523,0.8099,0.163,0.1102
1782933126252,46799,-0.29102,0.15918,-0.90771,0.96642,-8.0,-14.812,2.938,-0.5521,0.8099,0.1636,0.1105
1782933126252,46799,-0.29102,0.15918,-0.90771,0.96642,-8.0,-14.812,2.938,-0.5521,0.8099,0.1636,0.1105
1782933126309,46856,-0.30103,0.16211,-0.85474,0.92059,-5.188,-28.625,-5.938,-0.4824,0.85,0.1644,0.1326
1782933126310,46857,-0.31738,0.16064,-0.84253,0.91454,-3.0,-26.875,-6.625,-0.4824,0.8497,0.165,0.1336
1782933126312,46859,-0.31738,0.16064,-0.84253,0.91454,-3.0,-26.875,-6.625,-0.4824,0.8497,0.165,0.1336
1782933126370,46917,-0.41455,0.18872,-0.9585,1.06122,-12.562,-25.375,-0.625,-0.4208,0.879,0.1618,0.1542
1782933126371,46918,-0.3833,0.19019,-0.93433,1.02765,-13.75,-25.312,0.625,-0.4207,0.8788,0.1628,0.1549
1782933126372,46919,-0.42993,0.23657,-0.9231,1.04543,-10.375,-18.562,1.0,-0.3677,0.8994,0.1625,0.1709
1782933126428,46975,-0.49365,0.24805,-0.87524,1.03502,-11.438,-14.812,3.75,-0.3676,0.8992,0.1633,0.1713
1782933126428,46975,-0.37939,0.20752,-0.85474,0.9579,-10.0,-17.688,9.0,-0.3673,0.8992,0.164,0.1717
1782933126429,46976,-0.34644,0.18286,-0.87671,0.96025,1.812,-14.5,-0.625,-0.3214,0.9151,0.1587,0.1838
1782933126490,47037,-0.38916,0.19995,-0.88159,0.98419,2.562,-14.0,-0.938,-0.3095,0.919,0.1564,0.1867
1782933126490,47037,-0.37793,0.18677,-0.89062,0.98535,2.688,-13.312,-1.625,-0.3095,0.9189,0.1564,0.1873
1782933126492,47039,-0.37793,0.18677,-0.89062,0.98535,2.688,-13.312,-1.625,-0.3095,0.9189,0.1564,0.1873
1782933126551,47098,-0.43848,0.22144,-0.85913,0.98965,1.875,-6.5,-2.312,-0.2621,0.9326,0.1471,0.199
1782933126553,47100,-0.46313,0.22339,-0.87402,1.01405,1.312,-8.0,-0.875,-0.2621,0.9326,0.1472,0.1994
1782933126557,47104,-0.40063,0.19263,-0.87305,0.97971,4.25,-7.0,-5.25,-0.2478,0.9357,0.1446,0.2045
1782933126609,47156,-0.40991,0.19653,-0.87695,0.98777,3.312,-6.625,-5.125,-0.2381,0.9382,0.1423,0.2064
1782933126610,47157,-0.40161,0.19189,-0.87549,0.98214,3.688,-6.438,-5.062,-0.2382,0.9381,0.1422,0.2067
1782933126612,47159,-0.48022,0.2229,-0.89062,1.0361,-6.812,-40.375,9.875,-0.2113,0.9422,0.1395,0.2188
1782933126670,47217,-0.43774,0.20508,-0.8689,0.99431,-5.75,-35.625,9.875,-0.1953,0.9446,0.1378,0.2244
1782933126672,47219,-0.40381,0.19482,-0.84717,0.9585,-4.75,-32.062,9.688,-0.1947,0.9443,0.1383,0.2256
1782933126674,47221,-0.51147,0.21777,-0.91406,1.06983,3.875,-37.75,6.438,-0.1737,0.9457,0.1359,0.2381
1782933126729,47276,-0.51147,0.21777,-0.91406,1.06983,3.875,-37.75,6.438,-0.1737,0.9457,0.1359,0.2381
1782933126729,47276,-0.49463,0.21802,-0.90649,1.05542,-2.25,-39.0,3.688,-0.1601,0.9471,0.1335,0.2436
1782933126730,47277,-0.40894,0.17773,-0.82031,0.93366,5.438,-23.812,-6.312,-0.1531,0.9441,0.1349,0.2584
1782933126790,47337,-0.39478,0.16504,-0.81641,0.92175,7.5,-16.562,-9.562,-0.132,0.947,0.1286,0.2626
1782933126792,47339,-0.47168,0.19482,-0.80786,0.95555,8.75,-14.875,-14.188,-0.1323,0.9468,0.1282,0.2633
1782933126794,47341,-0.54541,0.22412,-0.77612,0.97471,-1.812,-38.562,9.375,-0.142,0.9423,0.1326,0.272
1782933126854,47401,-0.54541,0.22412,-0.77612,0.97471,-1.812,-38.562,9.375,-0.142,0.9423,0.1326,0.272
1782933126856,47403,-0.479,0.19702,-0.78076,0.93693,1.062,-37.312,11.188,-0.1368,0.9421,0.1322,0.2755
1782933126858,47405,-0.479,0.19702,-0.78076,0.93693,1.062,-37.312,11.188,-0.1368,0.9421,0.1322,0.2755
1782933126909,47456,-0.58521,0.21265,-0.81201,1.02326,3.0,-31.562,4.875,-0.135,0.9384,0.1322,0.2891
1782933126909,47456,-0.55322,0.21948,-0.80078,0.99773,2.5,-32.75,5.375,-0.1347,0.9382,0.1322,0.2897
1782933126910,47457,-0.52222,0.18872,-0.78687,0.96306,10.5,-40.188,-4.75,-0.125,0.9344,0.1294,0.3071
1782933126970,47517,-0.49512,0.17261,-0.77612,0.93664,10.25,-38.875,-6.625,-0.1249,0.9339,0.1291,0.3087
1782933126971,47518,-0.55371,0.18457,-0.76636,0.96331,10.0,-38.25,-12.062,-0.1145,0.9345,0.1251,0.3126
1782933126972,47519,-0.59717,0.17676,-0.78809,1.00446,8.938,-32.75,-9.938,-0.1145,0.9295,0.122,0.3284
1782933127028,47575,-0.66968,0.20239,-0.74463,1.02172,7.875,-32.625,-8.125,-0.1084,0.9293,0.1193,0.3321
1782933127029,47576,-0.71387,0.21582,-0.75366,1.06028,9.125,-36.938,-6.0,-0.1083,0.9287,0.119,0.3336
1782933127031,47578,-0.6731,0.18164,-0.71289,0.99713,2.062,-39.812,1.688,-0.104,0.9252,0.1177,0.3451
1782933127090,47637,-0.65186,0.18213,-0.73267,0.99745,3.188,-43.938,3.188,-0.1035,0.9246,0.1178,0.3468
1782933127092,47639,-0.62744,0.17236,-0.73486,0.98153,4.062,-43.5,3.375,-0.1052,0.9238,0.1187,0.3482
1782933127093,47640,-0.66333,0.1626,-0.79883,1.05099,8.75,-9.812,3.0,-0.1152,0.9187,0.1222,0.3571
1782933127150,47697,-0.73291,0.18628,-0.82202,1.11695,6.688,-6.562,3.125,-0.1148,0.9186,0.122,0.3576
1782933127153,47700,-0.74951,0.19849,-0.78809,1.10555,3.812,-3.188,7.938,-0.1131,0.9187,0.1214,0.358
1782933127155,47702,-0.65308,0.17188,-0.79443,1.04268,-6.125,29.688,10.375,-0.0997,0.9222,0.1184,0.3541
1782933127210,47757,-0.64844,0.16553,-0.79272,1.03744,-7.188,31.75,9.625,-0.0996,0.9227,0.1187,0.3527
1782933127211,47758,-0.5647,0.15552,-0.80371,0.9945,-12.562,40.625,5.438,-0.0827,0.9258,0.1131,0.3507
1782933127213,47760,-0.69336,0.2019,-0.85303,1.11766,-24.688,57.375,11.875,-0.0602,0.934,0.1087,0.3345
1782933127270,47817,-0.67114,0.20752,-0.8645,1.11394,-29.75,60.25,15.0,-0.0603,0.9348,0.1098,0.332
1782933127271,47818,-0.64893,0.19751,-0.86182,1.09675,-37.688,66.75,14.812,-0.0278,0.9379,0.1012,0.3301
1782933127273,47820,-0.5813,0.2251,-0.99414,1.17341,-94.75,98.938,13.562,0.0332,0.9458,0.1057,0.3049
1782933127328,47875,-0.5686,0.22095,-0.9873,1.16055,-97.688,110.125,11.875,0.0319,0.9467,0.1099,0.3006
1782933127329,47876,-0.51465,0.1875,-0.95312,1.0993,-101.5,131.812,8.688,0.0629,0.9468,0.106,0.2968
1782933127329,47876,-0.73877,0.50781,-0.83472,1.22491,-47.312,44.5,-43.188,0.1105,0.9492,0.1282,0.2648
1782933127389,47936,-0.73877,0.50781,-0.83472,1.22491,-47.312,44.5,-43.188,0.1105,0.9492,0.1282,0.2648
1782933127390,47937,-0.72046,0.50488,-0.94922,1.29421,-62.0,56.625,-9.0,0.1089,0.9496,0.1307,0.2629
1782933127392,47939,-0.31006,0.33472,-0.91821,1.02532,-28.375,70.125,14.625,0.2045,0.937,0.1278,0.2523
1782933127450,47997,-0.31006,0.33472,-0.91821,1.02532,-28.375,70.125,14.625,0.2045,0.937,0.1278,0.2523
1782933127451,47998,-0.25757,0.32324,-0.9043,0.99428,-36.375,65.875,4.312,0.2362,0.9309,0.1252,0.2487
1782933127453,48000,-0.36182,0.40747,-0.87744,1.03288,-35.125,27.75,18.875,0.2973,0.9125,0.1288,0.249
1782933127509,48056,-0.34521,0.41748,-0.91699,1.06505,-36.625,32.688,18.062,0.2974,0.9125,0.1308,0.2481
1782933127510,48057,-0.31152,0.40991,-0.88843,1.02683,-43.062,39.688,13.562,0.3292,0.9015,0.1254,0.251
1782933127511,48058,-0.33081,0.45679,-0.84082,1.01246,-51.375,58.562,-10.25,0.3834,0.8796,0.1293,0.2495
1782933127569,48116,-0.30884,0.46973,-0.8396,1.01042,-58.062,62.312,-13.062,0.3806,0.8807,0.1353,0.2468
1782933127571,48118,-0.26929,0.44678,-0.82178,0.97337,-62.438,63.75,-13.062,0.4091,0.8677,0.1314,0.2495
1782933127571,48118,-0.50195,0.50366,-0.98682,1.21632,-46.375,79.0,-86.375,0.4457,0.8472,0.1417,0.2515
1782933127629,48176,-0.40845,0.41943,-1.15747,1.29711,-65.625,82.875,-71.125,0.4418,0.8492,0.1445,0.2499
1782933127630,48177,-0.17041,0.37939,-1.11743,1.19232,-102.938,85.5,-80.312,0.4376,0.851,0.1488,0.2488
1782933127631,48178,-0.24414,0.51758,-0.72827,0.92621,-131.938,294.062,-40.0,0.4791,0.8253,0.2045,0.2174
1782933127693,48240,-0.10815,0.62158,-0.91113,1.10825,-146.375,299.938,-28.062,0.4741,0.8273,0.2153,0.2102
1782933127694,48241,-0.03735,0.5271,-0.87354,1.02093,-143.188,349.375,-24.125,0.4688,0.8294,0.2271,0.2012
1782933127695,48242,0.08179,0.48145,-0.28662,0.56625,-211.0,370.812,-189.25,0.4308,0.8147,0.3852,0.0446
1782933127751,48298,0.1416,0.61206,0.05884,0.63098,-193.188,246.75,-186.5,0.419,0.8152,0.3974,0.0415
1782933127754,48301,0.35669,0.50732,-0.12231,0.63211,-187.438,53.312,-177.812,0.4107,0.8153,0.4055,0.0442
1782933127755,48302,-0.25488,0.80713,-0.48071,0.9734,-76.375,69.312,-186.562,0.3975,0.7911,0.4447,0.1342
1782933127809,48356,-0.15527,0.80396,-0.5918,1.01029,-70.938,133.625,-167.25,0.385,0.7944,0.4494,0.1355
1782933127809,48356,-0.04297,0.82275,-0.61768,1.02971,-72.25,162.625,-161.438,0.376,0.7966,0.4534,0.1345
1782933127810,48357,-0.40967,0.82324,-0.18408,0.93778,-4.688,278.5,-146.625,0.3256,0.7969,0.4948,0.1181
1782933127870,48417,-0.4563,0.88721,-0.29541,1.04049,9.438,234.312,-116.312,0.3159,0.8001,0.4971,0.1125
1782933127871,48418,-0.32129,0.91602,-0.45215,1.07087,11.375,198.875,-83.312,0.3084,0.8026,0.499,0.1073
1782933127872,48419,0.68506,0.83887,-0.31763,1.12867,-10.375,207.812,-104.062,0.3082,0.7979,0.5092,0.0936
1782933127928,48475,0.65869,0.67432,-0.26514,0.97922,-14.5,178.812,-142.5,0.2997,0.8001,0.5116,0.0901
1782933127928,48475,0.51685,0.72168,-0.33984,0.9505,-19.312,135.312,-180.438,0.2905,0.8024,0.5134,0.0891
1782933127930,48477,0.23145,0.88477,-0.80444,1.21799,-85.375,177.75,-96.188,0.2554,0.8018,0.5267,0.1195
1782933127989,48536,0.07837,1.11279,-0.44849,1.20233,-102.25,197.938,-114.375,0.2465,0.8016,0.5318,0.1165
1782933127990,48537,-0.01245,0.96704,-0.5293,1.10249,-110.062,203.0,-115.125,0.2374,0.8013,0.5369,0.1137
1782933127991,48538,-0.36963,0.93091,0.31616,1.05032,9.188,138.062,69.938,0.2017,0.7827,0.5829,0.0814
1782933128051,48598,-0.11084,0.83423,0.2312,0.87274,67.875,74.0,115.688,0.2035,0.7836,0.5823,0.072
1782933128053,48600,0.01514,0.7627,0.10303,0.76978,95.938,31.375,127.25,0.207,0.7849,0.5801,0.0667
1782933128056,48603,0.01514,0.7627,0.10303,0.76978,95.938,31.375,127.25,0.207,0.7849,0.5801,0.0667
1782933128110,48657,-0.24634,0.74365,-0.19971,0.80844,81.0,125.188,119.0,0.2761,0.7853,0.5526,0.0383
1782933128110,48657,-0.29907,0.95288,-0.25586,1.03096,77.062,96.625,143.625,0.2783,0.7857,0.5513,0.031
1782933128111,48658,-0.29907,0.95288,-0.25586,1.03096,77.062,96.625,143.625,0.2783,0.7857,0.5513,0.031
1782933128169,48716,0.78857,0.86768,-0.50977,1.27851,-23.438,211.0,-54.0,-0.3409,-0.765,-0.5458,0.0173
1782933128170,48717,0.85181,0.92065,-0.27124,1.28326,-41.0,183.0,-79.125,-0.3341,-0.7648,-0.5501,0.0216
1782933128172,48719,0.85181,0.92065,-0.27124,1.28326,-41.0,183.0,-79.125,-0.3341,-0.7648,-0.5501,0.0216
1782933128229,48776,0.90039,0.37964,-0.30908,1.02487,-184.688,-380.812,-168.812,0.2501,0.7666,0.5911,0.011
1782933128289,48836,-0.16846,0.74121,-0.10278,0.76703,-98.812,-269.812,-250.938,0.2493,0.766,0.5916,0.0288
1782933128290,48837,-0.14575,0.98022,-0.49805,1.10911,-174.312,63.75,173.75,0.2119,0.7481,0.626,0.0567
1782933128291,48838,0.01123,0.98022,-0.3894,1.05479,-159.25,153.375,167.375,0.2134,0.7425,0.6328,0.0494
1782933128351,48898,0.32324,0.94751,-0.5144,1.12555,-166.875,173.375,166.375,0.2139,0.7369,0.6398,0.0407
1782933128352,48899,-0.03589,0.97656,0.30054,1.02239,-208.625,-6.5,55.688,-0.1813,-0.6719,-0.7177,0.0182
1782933128353,48900,-0.03589,0.97656,0.30054,1.02239,-208.625,-6.5,55.688,-0.1813,-0.6719,-0.7177,0.0182
1782933128409,48956,1.0166,0.78345,0.98486,1.61778,-105.438,-201.688,91.812,-0.2709,-0.5985,-0.7535,0.0173
1782933128409,48956,0.98511,0.76172,0.74438,1.45078,-46.562,-165.875,51.812,-0.2785,-0.5957,-0.7531,0.0142
1782933128410,48957,0.43481,0.85547,0.21802,0.98408,28.188,-169.062,111.875,-0.3203,-0.5932,-0.7384,0.0057
1782933128470,49017,-0.07031,0.73779,0.02197,0.74146,57.25,-53.062,110.812,-0.3381,-0.5924,-0.7311,0.0056
1782933128472,49019,-0.15796,0.94458,-0.86597,1.29116,16.688,-212.125,144.688,-0.3469,-0.5923,-0.7271,0.0058
1782933128473,49020,-0.15796,0.94458,-0.86597,1.29116,16.688,-212.125,144.688,-0.3469,-0.5923,-0.7271,0.0058
1782933128528,49075,0.68018,0.75488,0.06641,1.01828,-63.688,-29.062,154.125,-0.4233,-0.5335,-0.7319,0.018
1782933128528,49075,0.72876,0.71387,0.16089,1.03276,-52.938,2.062,151.062,-0.427,-0.5289,-0.7329,0.0217
1782933128530,49077,0.77979,0.68994,0.26172,1.07359,-9.0,-23.0,88.75,-0.4538,-0.4965,-0.7384,0.0446
1782933128589,49136,0.77979,0.68994,0.26172,1.07359,-9.0,-23.0,88.75,-0.4538,-0.4965,-0.7384,0.0446
1782933128654,49201,0.76465,0.68262,0.24341,1.05352,-3.312,-26.625,83.75,-0.4603,-0.4916,-0.7377,0.0442
1782933128656,49203,0.79297,0.62231,0.17188,1.02255,25.062,-7.312,55.125,-0.4832,-0.4782,-0.7307,0.0601
1782933128658,49205,0.81396,0.64258,0.17798,1.0522,31.438,7.375,52.312,-0.4856,-0.4773,-0.7294,0.0642
1782933128709,49256,0.82202,0.64355,0.18042,1.05945,34.25,9.562,51.125,-0.4862,-0.4772,-0.7288,0.0667
1782933128710,49257,0.80688,0.64722,0.01318,1.03447,41.438,-52.125,43.375,-0.4994,-0.4791,-0.7166,0.0858
1782933128712,49259,0.81104,0.63672,-0.08545,1.03465,28.75,-52.312,61.188,-0.53,-0.4841,-0.6888,0.1
1782933128770,49317,0.85059,0.63184,-0.10474,1.06475,26.312,-46.0,60.5,-0.5321,-0.4857,-0.6854,0.1051
1782933128771,49318,0.84961,0.6438,-0.10254,1.0709,22.562,-44.75,58.75,-0.5344,-0.4852,-0.6835,0.1063
1782933128772,49319,0.50415,0.34229,-0.2312,0.65175,-41.812,-146.625,51.5,-0.5608,-0.4805,-0.6641,0.1153
1782933128829,49376,0.50415,0.34229,-0.2312,0.65175,-41.812,-146.625,51.5,-0.5608,-0.4805,-0.6641,0.1153
1782933128831,49378,1.27173,0.38428,0.17749,1.34032,9.188,-9.25,101.125,-0.5707,-0.4757,-0.6585,0.1191
1782933128836,49383,0.61133,1.93506,-0.40918,2.07017,-111.438,-209.625,54.75,-0.5936,-0.4734,-0.6375,0.1296
1782933128890,49437,0.61133,1.93506,-0.40918,2.07017,-111.438,-209.625,54.75,-0.5936,-0.4734,-0.6375,0.1296
1782933128891,49438,1.1499,0.39258,0.42603,1.28759,-10.812,43.5,84.062,-0.5974,-0.4694,-0.6361,0.1337
1782933128892,49439,0.97705,0.46509,0.01855,1.08226,-16.062,-10.0,-12.625,-0.5859,-0.4698,-0.6423,0.1517
1782933128951,49498,0.97705,0.46509,0.01855,1.08226,-16.062,-10.0,-12.625,-0.5859,-0.4698,-0.6423,0.1517
1782933128952,49499,0.93213,0.43262,-0.0564,1.02918,6.688,-22.812,12.75,-0.5816,-0.4765,-0.6398,0.1585
1782933128953,49500,0.72681,0.40894,-0.02417,0.83431,-36.625,10.25,31.5,-0.5789,-0.4751,-0.6411,0.1674
1782933129009,49556,0.72681,0.40894,-0.02417,0.83431,-36.625,10.25,31.5,-0.5789,-0.4751,-0.6411,0.1674
1782933129010,49557,0.81445,0.43628,-0.03784,0.92472,-42.688,-31.938,32.5,-0.58,-0.4734,-0.6409,0.1688
1782933129011,49558,0.85889,0.44409,0.04004,0.96774,7.875,-109.875,-16.688,-0.6123,-0.4698,-0.6178,0.1501
1782933129071,49618,0.85889,0.44409,0.04004,0.96774,7.875,-109.875,-16.688,-0.6123,-0.4698,-0.6178,0.1501
1782933129073,49620,0.76196,0.53027,-0.3125,0.9795,32.875,-81.812,3.312,-0.6151,-0.4754,-0.6107,0.1497
1782933129075,49622,0.96387,0.44946,-0.18164,1.07891,8.688,15.25,32.438,-0.6188,-0.4759,-0.6036,0.1609
1782933129128,49675,0.95728,0.46533,-0.22168,1.08723,12.375,13.062,27.75,-0.6189,-0.4754,-0.6036,0.1622
1782933129129,49676,1.0293,0.45483,-0.20264,1.14341,16.938,9.625,26.875,-0.6197,-0.4739,-0.6033,0.1644
1782933129130,49677,0.81128,0.42456,-0.15332,0.9284,-0.438,29.25,10.375,-0.5982,-0.4971,-0.5969,0.1958
1782933129191,49738,0.81128,0.42456,-0.15332,0.9284,-0.438,29.25,10.375,-0.5982,-0.4971,-0.5969,0.1958
1782933129191,49738,0.82935,0.39233,-0.1665,0.93245,2.25,26.688,18.875,-0.5874,-0.5079,-0.5939,0.2099
1782933129192,49739,0.95142,0.39551,-0.13257,1.03885,13.25,-8.75,14.188,-0.5697,-0.525,-0.585,0.2395
1782933129253,49800,0.95117,0.39404,-0.11621,1.0361,15.875,-14.812,11.062,-0.5703,-0.5252,-0.5839,0.2401
1782933129255,49802,0.93188,0.38501,-0.11035,1.0143,17.75,-13.5,10.188,-0.5564,-0.5407,-0.5764,0.2561
1782933129257,49804,0.83057,0.37769,-0.16187,0.92666,13.188,16.688,22.25,-0.5299,-0.5676,-0.5587,0.2908
1782933129309,49856,0.83984,0.36304,-0.16504,0.92971,13.25,15.812,25.0,-0.5299,-0.567,-0.5584,0.2927
1782933129309,49856,0.88843,0.36694,-0.198,0.98141,11.312,11.75,28.625,-0.5103,-0.5841,-0.547,0.3145
1782933129310,49857,1.02661,0.35327,-0.12573,1.09295,1.312,-11.938,3.25,-0.4832,-0.6087,-0.5247,0.3469
1782933129370,49917,0.99854,0.35278,-0.13525,1.06763,4.125,-13.0,1.5,-0.4835,-0.6089,-0.5244,0.3466
1782933129371,49918,0.94336,0.34595,-0.18042,1.02086,7.125,-10.438,-0.125,-0.4627,-0.6258,-0.5112,0.3641
1782933129373,49920,0.87109,0.35425,-0.22437,0.96676,-2.062,9.562,9.812,-0.4249,-0.6525,-0.4869,0.3952
1782933129428,49975,0.88745,0.34351,-0.20337,0.9731,-2.688,9.062,11.188,-0.4251,-0.6521,-0.487,0.3957
1782933129429,49976,0.91089,0.34155,-0.18018,0.98936,-2.438,8.188,11.188,-0.4047,-0.6645,-0.4743,0.4114
1782933129430,49977,0.90381,0.33105,-0.16675,0.97687,3.875,2.25,2.312,-0.3666,-0.6851,-0.4498,0.44
1782933129491,50038,0.90381,0.33105,-0.16675,0.97687,3.875,2.25,2.312,-0.3666,-0.6851,-0.4498,0.44
1782933129492,50039,0.90063,0.32251,-0.15967,0.96987,6.188,1.25,6.062,-0.3486,-0.6944,-0.4374,0.4523
1782933129492,50039,0.92773,0.33081,-0.1731,1.00004,4.312,-4.188,3.062,-0.317,-0.7105,-0.4133,0.4727
1782933129549,50096,0.93286,0.34058,-0.18066,1.00939,2.812,-2.812,1.812,-0.3171,-0.7108,-0.413,0.4727
1782933129551,50098,0.91772,0.33936,-0.17651,0.99425,2.812,-0.812,2.5,-0.2944,-0.7206,-0.3974,0.4857
1782933129553,50100,0.93481,0.34912,-0.19214,1.0162,1.25,-5.688,-7.875,-0.2502,-0.7379,-0.3671,0.5078
1782933129609,50156,0.93481,0.34912,-0.19214,1.0162,1.25,-5.688,-7.875,-0.2502,-0.7379,-0.3671,0.5078
1782933129609,50156,0.91992,0.34424,-0.17749,0.99813,0.875,-6.688,-8.562,-0.2499,-0.7381,-0.3673,0.5075
1782933129610,50157,0.87573,0.36304,-0.23193,0.97596,2.312,7.875,6.25,-0.2053,-0.7531,-0.3366,0.5264
1782933129670,50217,0.90625,0.36035,-0.21143,0.99792,0.25,9.125,7.438,-0.2053,-0.7528,-0.3366,0.5268
1782933129671,50218,0.92285,0.35864,-0.19971,1.01003,0.312,8.75,7.312,-0.2054,-0.7526,-0.3365,0.5272
1782933129673,50220,0.95825,0.33057,-0.13721,1.02291,0.75,-5.312,0.125,-0.1782,-0.7595,-0.3154,0.54
1782933129729,50276,0.95654,0.32129,-0.13696,1.01831,1.625,-7.312,-0.375,-0.1782,-0.7597,-0.3154,0.5398
1782933129735,50282,0.94775,0.33105,-0.14844,1.01482,2.375,-7.125,-1.375,-0.1782,-0.7599,-0.3153,0.5396
1782933129735,50282,0.92554,0.33862,-0.19873,1.00538,-1.125,-5.5,2.812,-0.1456,-0.7683,-0.2906,0.5512
1782933129788,50335,0.92651,0.33887,-0.19312,1.00526,-1.062,-5.188,1.625,-0.1458,-0.7683,-0.2906,0.5511
1782933129788,50335,0.91455,0.34058,-0.18359,0.99303,-0.688,-4.938,1.5,-0.1459,-0.7684,-0.2905,0.5509
1782933129789,50336,0.91357,0.33545,-0.21973,0.99771,0.938,-4.062,2.812,-0.1135,-0.775,-0.2652,0.562
1782933129850,50397,0.9292,0.33936,-0.22754,1.01506,-0.5,-5.812,2.938,-0.1137,-0.7753,-0.265,0.5617
1782933129851,50398,0.95605,0.33472,-0.2168,1.03589,-2.0,-4.0,2.5,-0.1058,-0.7766,-0.2589,0.5643
1782933129853,50400,0.90967,0.33447,-0.20679,0.99103,-1.75,-5.375,3.812,-0.0897,-0.7796,-0.2457,0.5688
1782933129909,50456,0.92554,0.3374,-0.20508,1.00624,-2.25,-5.75,4.125,-0.0899,-0.7797,-0.2457,0.5687
1782933129909,50456,0.92432,0.33203,-0.20605,1.00353,-2.188,-5.5,3.562,-0.0902,-0.7797,-0.2457,0.5685
1782933129909,50456,0.92432,0.33203,-0.20605,1.00353,-2.188,-5.5,3.562,-0.0902,-0.7797,-0.2457,0.5685
1782933129970,50517,0.93335,0.34424,-0.20972,1.01667,-2.438,-7.25,0.812,-0.0838,-0.7819,-0.2393,0.5693
1782933129972,50519,0.92407,0.35083,-0.21948,1.0125,-2.5,-8.0,0.5,-0.0839,-0.7821,-0.2395,0.5689
1782933129972,50519,0.90527,0.33228,-0.1853,0.98197,-7.438,0.562,4.125,-0.0696,-0.7847,-0.2285,0.5717
1782933130028,50575,0.93262,0.31006,-0.1521,0.99451,-0.25,1.125,1.5,-0.0699,-0.7846,-0.2286,0.5719
1782933130028,50575,0.89355,0.36475,-0.28442,1.00617,-3.438,-1.688,2.375,-0.07,-0.7846,-0.2286,0.5717
1782933130030,50577,0.87695,0.33301,-0.21216,0.96174,-5.75,-1.188,2.875,-0.0758,-0.7846,-0.2327,0.5695
1782933130089,50636,0.87695,0.33301,-0.21216,0.96174,-5.75,-1.188,2.875,-0.0758,-0.7846,-0.2327,0.5695
1782933130090,50637,0.89258,0.3335,-0.21069,0.97586,-5.938,0.438,4.5,-0.0761,-0.7845,-0.2329,0.5695
1782933130092,50639,0.89258,0.3335,-0.21069,0.97586,-5.938,0.438,4.5,-0.0761,-0.7845,-0.2329,0.5695
1782933130149,50696,0.94238,0.32202,-0.21362,1.01853,-4.125,-4.812,4.375,-0.0855,-0.7826,-0.2373,0.5689
1782933130149,50696,0.93384,0.32861,-0.21069,1.01214,-3.0,-4.812,4.312,-0.0859,-0.7827,-0.2374,0.5687
1782933130150,50697,0.93384,0.32861,-0.21069,1.01214,-3.0,-4.812,4.312,-0.0859,-0.7827,-0.2374,0.5687
1782933130208,50755,0.92407,0.31543,-0.20264,0.99723,-2.875,-4.188,4.125,-0.0989,-0.7827,-0.2436,0.5639
1782933130209,50756,0.92432,0.31201,-0.1958,0.99502,-2.5,-3.812,3.625,-0.0991,-0.7827,-0.2436,0.5638
1782933130210,50757,0.92432,0.31201,-0.1958,0.99502,-2.5,-3.812,3.625,-0.0991,-0.7827,-0.2436,0.5638
1782933130269,50816,0.94922,0.32935,-0.22534,1.02969,0.375,-4.75,3.0,-0.1093,-0.783,-0.2481,0.5596
1782933130270,50817,0.95142,0.33081,-0.22192,1.03145,0.375,-4.188,2.875,-0.1093,-0.783,-0.2481,0.5595
1782933130270,50817,0.95142,0.33081,-0.22192,1.03145,0.375,-4.188,2.875,-0.1093,-0.783,-0.2481,0.5595
1782933130328,50875,0.92041,0.3147,-0.20972,0.99507,0.875,-1.562,1.562,-0.1015,-0.7839,-0.2415,0.5626
1782933130329,50876,0.92334,0.31494,-0.22095,1.00028,1.0,-2.75,1.188,-0.1015,-0.7841,-0.2415,0.5625
1782933130332,50879,0.91333,0.32275,-0.21387,0.99201,1.188,-8.125,-1.625,-0.0986,-0.7864,-0.2385,0.561
1782933130389,50936,0.89648,0.32446,-0.23145,0.98108,1.312,-6.375,-0.312,-0.1048,-0.7859,-0.2428,0.5587
1782933130390,50937,0.90234,0.31836,-0.22266,0.98242,0.188,-5.5,0.938,-0.1049,-0.786,-0.2427,0.5585
1782933130391,50938,0.92261,0.30469,-0.21558,0.99525,5.438,-8.688,2.875,-0.0974,-0.7885,-0.2351,0.5597
1782933130449,50996,0.93359,0.30859,-0.22998,1.00981,5.0,-8.562,2.438,-0.0939,-0.7894,-0.2319,0.5603
1782933130450,50997,0.927,0.30737,-0.2356,1.00465,4.312,-8.312,1.75,-0.094,-0.7897,-0.2318,0.56
1782933130451,50998,0.92017,0.30347,-0.23145,0.99618,-0.062,-2.25,0.75,-0.0781,-0.7926,-0.2191,0.5635
1782933130509,51056,0.92651,0.30811,-0.22632,1.00228,0.312,-2.5,0.875,-0.0781,-0.7926,-0.2191,0.5634
1782933130510,51057,0.91626,0.31177,-0.23364,0.99565,1.062,-2.375,1.125,-0.0781,-0.7926,-0.219,0.5634
1782933130510,51057,0.93896,0.31226,-0.24609,1.01966,3.438,-3.125,2.938,-0.0782,-0.793,-0.2176,0.5633
1782933130569,51116,0.94336,0.30835,-0.24609,1.02253,2.062,-4.188,0.875,-0.0748,-0.7936,-0.2147,0.564
1782933130570,51117,0.94922,0.3064,-0.24072,1.02608,1.312,-5.5,-0.25,-0.0748,-0.7938,-0.2147,0.5639
1782933130571,51118,0.90137,0.31641,-0.23682,0.98421,2.312,-15.938,-4.75,-0.0733,-0.7973,-0.2135,0.5596
1782933130628,51175,0.89307,0.31592,-0.26074,0.98253,2.5,-13.0,-2.938,-0.0688,-0.7984,-0.2103,0.5598
1782933130628,51175,0.88867,0.31836,-0.26538,0.98057,1.562,-11.188,-2.188,-0.0687,-0.7987,-0.2102,0.5593
1782933130630,51177,0.9021,0.31201,-0.24414,0.98526,0.0,-3.688,-1.375,-0.0753,-0.7996,-0.2146,0.5555
1782933130689,51236,0.89062,0.30859,-0.25415,0.97623,0.062,-5.25,-0.625,-0.0695,-0.8004,-0.2106,0.5568
1782933130691,51238,0.89551,0.3103,-0.25171,0.9806,-0.75,-5.438,-0.375,-0.0696,-0.8005,-0.2106,0.5566
1782933130692,51239,0.88721,0.31567,-0.25269,0.97501,-3.188,-4.75,-1.75,-0.0621,-0.8026,-0.2058,0.5563
1782933130748,51295,0.88721,0.31567,-0.25269,0.97501,-3.188,-4.75,-1.75,-0.0621,-0.8026,-0.2058,0.5563
1782933130748,51295,0.88306,0.31421,-0.24951,0.96994,-2.5,-3.438,0.125,-0.0662,-0.8024,-0.2086,0.555
1782933130749,51296,0.90771,0.31177,-0.25684,0.99353,-1.438,-5.0,1.625,-0.0725,-0.8027,-0.2121,0.5523
1782933130808,51355,0.90771,0.31177,-0.25684,0.99353,-1.438,-5.0,1.625,-0.0725,-0.8027,-0.2121,0.5523
1782933130809,51356,0.90869,0.31201,-0.26709,0.9972,-1.25,-7.125,1.562,-0.0746,-0.8029,-0.2132,0.5515
1782933130809,51356,0.9082,0.29712,-0.26392,0.99134,-2.688,-11.625,7.125,-0.0731,-0.8057,-0.2098,0.5489
1782933130869,51416,0.9082,0.29712,-0.26392,0.99134,-2.688,-11.625,7.125,-0.0731,-0.8057,-0.2098,0.5489
1782933130870,51417,0.89185,0.30859,-0.24927,0.97609,5.625,-11.75,5.5,-0.0689,-0.8065,-0.2061,0.5497
1782933130871,51418,0.91626,0.29736,-0.27783,1.00257,5.0,-32.875,1.0,-0.0668,-0.8114,-0.2007,0.5446
1782933130929,51476,0.91626,0.29736,-0.27783,1.00257,5.0,-32.875,1.0,-0.0668,-0.8114,-0.2007,0.5446
1782933130931,51478,0.91943,0.30493,-0.30078,1.0143,3.875,-37.5,-1.312,-0.0629,-0.8135,-0.1972,0.5432
1782933130932,51479,0.85352,0.31421,-0.35498,0.97634,14.875,-43.25,-1.5,-0.0475,-0.8259,-0.184,0.5305
1782933130990,51537,0.85352,0.31421,-0.35498,0.97634,14.875,-43.25,-1.5,-0.0475,-0.8259,-0.184,0.5305
1782933131048,51595,0.86011,0.31226,-0.35498,0.98148,14.188,-38.125,2.188,-0.0386,-0.8285,-0.177,0.5297
1782933131049,51596,0.86426,0.31519,-0.40723,1.00604,28.5,-71.562,-29.562,-0.0268,-0.8424,-0.1636,0.5125
1782933131050,51597,0.86523,0.3125,-0.42725,1.01431,30.188,-67.75,-28.125,-0.0256,-0.8441,-0.163,0.5099
1782933131109,51656,0.86938,0.30371,-0.44165,1.02133,30.125,-66.25,-28.062,-0.0161,-0.8461,-0.1574,0.5088
1782933131110,51657,0.80518,0.2356,-0.2981,0.89033,55.875,-21.562,-16.188,0.007,-0.8563,-0.1434,0.4958
1782933131110,51657,0.81519,0.30566,-0.47852,0.99345,87.875,-69.375,-7.062,0.0185,-0.8758,-0.1203,0.4668
1782933131169,51716,0.77246,0.29175,-0.55957,0.99746,96.75,-72.062,-0.812,0.0202,-0.8778,-0.1168,0.4639
1782933131228,51775,0.81714,0.25146,-0.56201,1.02313,90.875,-74.188,8.312,0.0194,-0.8807,-0.1127,0.4593
1782933131228,51775,0.84424,0.22583,-0.47168,0.99309,43.688,-87.938,3.938,0.021,-0.8961,-0.09,0.4338
1782933131230,51777,0.87695,0.23413,-0.51831,1.04523,39.438,-96.5,-2.188,0.0214,-0.898,-0.0886,0.4301
1782933131290,51837,0.82666,0.22363,-0.50269,0.99301,34.875,-106.812,-10.25,0.0405,-0.8994,-0.0785,0.4278
1782933131291,51838,0.63599,0.20728,-0.59985,0.89848,69.062,-127.938,-25.688,0.1003,-0.9195,-0.046,0.377
1782933131291,51838,0.64624,0.17358,-0.62915,0.91847,59.188,-56.25,-15.875,0.1094,-0.9353,-0.0235,0.3352
1782933131348,51895,0.59741,0.15283,-0.6438,0.89148,66.875,-55.625,-16.75,0.0791,-0.9399,-0.0317,0.3304
1782933131348,51895,0.5415,0.15576,-0.70581,0.90313,70.938,-57.875,-14.625,0.0807,-0.9407,-0.0294,0.3278
1782933131350,51897,0.56323,0.15454,-0.71851,0.92594,67.938,-17.062,8.188,0.0239,-0.9493,-0.0264,0.312
1782933131408,51955,0.5498,0.15259,-0.65894,0.87165,74.625,-8.75,10.812,0.0247,-0.9497,-0.0219,0.3112
1782933131408,51955,0.6311,0.12817,-0.70288,0.95329,81.875,-1.0,9.188,-0.0061,-0.9503,-0.0255,0.3101
1782933131409,51956,0.43604,0.06055,-0.71802,0.84223,76.062,-19.062,2.562,-0.0189,-0.9512,-0.0046,0.3077
1782933131469,52016,0.43018,0.03857,-0.70679,0.82831,77.188,-21.75,5.688,-0.0181,-0.9515,-0.0014,0.3069
1782933131469,52016,0.38721,0.05347,-0.7334,0.83106,78.812,-22.812,9.312,-0.0173,-0.9518,0.0017,0.3059
1782933131470,52017,0.70776,-0.0332,-0.89844,1.14421,52.812,5.625,4.5,-0.0145,-0.9511,0.0316,0.3067
1782933131527,52074,0.19678,0.14014,-0.89209,0.92422,39.75,-16.5,7.938,-0.0116,-0.9508,0.0383,0.3071
1782933131528,52075,0.73608,-0.1582,-1.0332,1.27841,43.938,-16.125,24.812,-0.0121,-0.9508,0.0407,0.3065
1782933131530,52077,0.51562,-0.07031,-0.75513,0.91708,19.5,-11.062,4.812,-0.0106,-0.9511,0.0476,0.3048
1782933131589,52136,0.45142,-0.0249,-0.80225,0.92087,29.438,-27.062,13.625,-0.0106,-0.9513,0.0487,0.3038
1782933131590,52137,0.57349,-0.08569,-0.63794,0.86209,26.875,-27.25,17.562,-0.0109,-0.9515,0.0501,0.3029
1782933131590,52137,0.68237,-0.06641,-0.89551,1.12782,11.562,-13.375,-12.875,-0.0011,-0.9538,0.062,0.2935
1782933131648,52195,0.59814,-0.05249,-0.91309,1.09282,9.0,-16.688,-10.0,-0.0001,-0.9541,0.0623,0.2926
1782933131649,52196,0.64819,-0.06616,-0.95752,1.15818,4.0,-9.25,-14.0,0.0003,-0.9542,0.0623,0.2921
1782933131649,52196,0.52661,-0.02661,-0.88745,1.03228,-16.312,2.688,0.938,0.0241,-0.9546,0.065,0.2894
1782933131710,52257,0.59863,-0.03491,-0.84595,1.03692,-15.875,3.312,6.062,0.0234,-0.9546,0.0636,0.2898
1782933131711,52258,0.67236,-0.02612,-0.83179,1.06987,-19.0,3.5,-0.875,0.0267,-0.9544,0.0634,0.29
1782933131713,52260,0.66064,-0.00732,-0.80249,1.03947,-34.062,42.25,-19.375,0.0412,-0.9523,0.0579,0.2963
1782933131769,52316,0.65039,-0.0354,-0.75049,0.99373,-36.375,47.125,-19.375,0.0414,-0.9518,0.0562,0.2984
1782933131770,52317,0.60645,-0.07397,-0.66821,0.9054,-32.562,47.062,-23.0,0.0418,-0.9512,0.0546,0.3005
1782933131771,52318,0.74854,-0.02026,-0.77197,1.07548,-46.125,57.75,-42.688,0.056,-0.9436,0.04,0.3236
1782933131828,52375,0.77075,0.02881,-0.81079,1.11905,-42.375,54.062,-47.125,0.0571,-0.9428,0.0377,0.326
1782933131829,52376,0.86279,0.06274,-0.87915,1.23339,-43.0,55.125,-51.688,0.0585,-0.9419,0.0353,0.3284
1782933131830,52377,0.86279,0.06274,-0.87915,1.23339,-43.0,55.125,-51.688,0.0585,-0.9419,0.0353,0.3284
1782933131890,52437,0.43896,-0.02466,-0.5498,0.70397,-73.062,107.0,-185.5,0.0779,-0.9226,-0.0267,0.3765
1782933131892,52439,0.23462,0.09546,-0.56348,0.61779,-67.438,97.125,-176.312,0.0841,-0.9204,-0.0322,0.3803
1782933131893,52440,0.65625,0.354,-0.85059,1.13114,-121.25,103.875,-116.062,0.0354,-0.9074,-0.1185,0.4013
1782933131949,52496,0.66333,0.39624,-0.86914,1.16293,-141.812,126.625,-118.75,0.0397,-0.903,-0.1292,0.4075
1782933131950,52497,0.66138,0.479,-0.8562,1.18319,-147.938,136.125,-120.0,0.0412,-0.9013,-0.1331,0.4099
1782933131950,52497,0.22266,0.40991,-0.37158,0.59639,-169.125,248.812,-25.125,-0.0258,-0.8466,-0.2595,0.4637
1782933132008,52555,0.30371,0.41577,-0.27588,0.58414,-173.625,253.75,-11.062,-0.0258,-0.8396,-0.2664,0.4725
1782933132008,52555,0.38037,0.38379,-0.1272,0.55512,-171.0,258.25,0.562,-0.0263,-0.8322,-0.273,0.4816
1782933132009,52556,0.38037,0.38379,-0.1272,0.55512,-171.0,258.25,0.562,-0.0263,-0.8322,-0.273,0.4816
1782933132068,52615,0.73145,0.46411,-0.07251,0.8693,-147.375,293.0,67.562,-0.1113,-0.7423,-0.3713,0.5464
1782933132069,52616,0.79102,0.45312,0.0498,0.91297,-142.75,283.875,72.75,-0.1124,-0.7327,-0.3756,0.556
1782933132069,52616,0.79102,0.45312,0.0498,0.91297,-142.75,283.875,72.75,-0.1124,-0.7327,-0.3756,0.556
1782933132129,52676,0.81445,0.45532,0.00122,0.93308,-100.688,236.938,28.75,-0.1715,-0.6311,-0.4628,0.5982
1782933132129,52676,0.78613,0.45972,-0.0061,0.9107,-106.688,242.875,29.375,-0.1701,-0.6227,-0.4666,0.6044
1782933132130,52677,0.78613,0.45972,-0.0061,0.9107,-106.688,242.875,29.375,-0.1701,-0.6227,-0.4666,0.6044
1782933132190,52737,0.88403,0.34937,0.39526,1.02947,-130.688,228.375,34.188,-0.2028,-0.512,-0.5511,0.6267
1782933132191,52738,0.87769,0.31714,0.4834,1.051,-134.188,221.0,27.562,-0.2017,-0.5025,-0.5551,0.6312
1782933132191,52738,0.76953,0.27759,0.65479,1.04785,-97.062,110.688,-25.438,-0.2178,-0.4109,-0.6316,0.6201
1782933132247,52794,0.71851,0.27515,0.62695,0.99249,-90.812,102.75,-25.062,-0.217,-0.4058,-0.6349,0.6203
1782933132248,52795,0.71533,0.23779,0.69263,1.02371,-85.438,98.25,-25.375,-0.2161,-0.401,-0.638,0.6206
1782933132249,52796,0.69165,0.27197,0.73486,1.04516,-77.375,115.125,-37.062,-0.2163,-0.3531,-0.683,0.6015
1782933132309,52856,0.68359,0.21948,0.82812,1.09602,-70.438,99.062,-39.125,-0.2183,-0.3433,-0.6954,0.5921
1782933132309,52856,0.64526,0.23242,0.77661,1.0361,-59.062,83.5,-41.25,-0.2157,-0.3377,-0.6997,0.5913
1782933132310,52857,0.64526,0.23242,0.77661,1.0361,-59.062,83.5,-41.25,-0.2157,-0.3377,-0.6997,0.5913
1782933132368,52915,0.49854,0.27173,0.5708,0.8051,-54.75,103.312,-23.625,-0.213,-0.3004,-0.7423,0.5595
1782933132369,52916,0.4834,0.26123,0.64795,0.84956,-63.688,116.875,-15.875,-0.2093,-0.2936,-0.7457,0.5599
1782933132370,52917,0.59424,0.16382,1.04395,1.21235,-22.938,50.375,-15.5,-0.1932,-0.2507,-0.7715,0.5516
1782933132427,52974,0.56592,0.17578,1.02002,1.17966,-16.125,35.375,-20.438,-0.1941,-0.2479,-0.7766,0.5454
1782933132427,52974,0.5437,0.18237,0.93164,1.09399,-7.75,28.0,-22.312,-0.1931,-0.2471,-0.7775,0.5449
1782933132430,52977,0.39893,0.20312,0.71655,0.84489,-5.375,54.438,-2.375,-0.1832,-0.2364,-0.7945,0.5282
1782933132489,53036,0.3728,0.21924,0.5813,0.72454,-10.438,100.125,2.875,-0.1816,-0.2316,-0.8007,0.5215
1782933132491,53038,0.40845,0.21851,0.66235,0.80826,-17.5,156.375,8.25,-0.1751,-0.2261,-0.8023,0.5237
1782933132492,53039,0.35693,0.19409,1.0896,1.16288,-14.25,145.0,-13.5,-0.1218,-0.1773,-0.8223,0.5266
1782933132548,53095,0.33887,0.19922,0.95703,1.03461,-7.375,106.0,-20.562,-0.1126,-0.1695,-0.8283,0.5217
1782933132549,53096,0.30737,0.19751,0.99487,1.05984,-8.5,101.5,-22.375,-0.109,-0.167,-0.8294,0.5216
1782933132550,53097,0.25757,0.19507,0.89966,0.95592,-10.938,123.312,-14.625,-0.0853,-0.1501,-0.8385,0.5166
1782933132610,53157,0.25757,0.19507,0.89966,0.95592,-10.938,123.312,-14.625,-0.0853,-0.1501,-0.8385,0.5166
1782933132612,53159,0.27246,0.19751,1.02539,1.0792,-5.75,131.562,-14.812,-0.0744,-0.1419,-0.8433,0.5127
1782933132613,53160,0.06689,0.19629,1.02612,1.04686,12.938,130.812,-7.75,-0.0282,-0.1184,-0.851,0.5107
1782933132669,53216,0.07812,0.21802,1.08325,1.10773,15.438,121.562,-4.688,-0.018,-0.114,-0.8505,0.5129
1782933132670,53217,0.07446,0.23364,1.09229,1.11948,18.25,107.438,-4.438,-0.0134,-0.1121,-0.8506,0.5133
1782933132673,53220,0.00122,0.24048,0.88257,0.91475,14.438,57.438,-0.125,0.0117,-0.1074,-0.8563,0.5048
1782933132733,53280,0.02344,0.23193,0.96362,0.99142,10.188,66.625,2.125,0.0151,-0.1062,-0.8583,0.5015
1782933132735,53282,0.01611,0.23926,0.948,0.97786,10.688,65.0,1.5,0.0178,-0.1051,-0.8582,0.5018
1782933132735,53282,-0.0188,0.24756,0.96997,1.00124,7.938,44.938,-3.562,0.0387,-0.0962,-0.8623,0.4954
1782933132790,53337,-0.0188,0.24756,0.96997,1.00124,7.938,44.938,-3.562,0.0387,-0.0962,-0.8623,0.4954
1782933132791,53338,-0.04492,0.25293,0.90771,0.94336,5.812,43.25,-4.688,0.042,-0.0952,-0.8641,0.4921
1782933132792,53339,-0.03882,0.21729,0.89795,0.92468,-3.812,-22.062,7.5,0.04,-0.0969,-0.8749,0.4725
1782933132849,53396,-0.03882,0.21729,0.89795,0.92468,-3.812,-22.062,7.5,0.04,-0.0969,-0.8749,0.4725
1782933132850,53397,0.00342,0.22705,0.89502,0.92338,-5.438,-10.375,6.25,0.0378,-0.0977,-0.8803,0.4624
1782933132851,53398,-0.02295,0.25903,0.96362,0.99809,0.125,29.438,-10.25,0.0397,-0.0938,-0.8908,0.4426
1782933132910,53457,-0.04443,0.25439,1.05518,1.08632,5.188,18.188,-6.312,0.0417,-0.0935,-0.8929,0.4382
1782933132913,53460,-0.04541,0.22974,1.01392,1.04061,7.438,3.5,-6.0,0.0421,-0.0935,-0.893,0.438
1782933132914,53461,-0.04077,0.24365,1.00781,1.03765,0.688,-13.5,1.562,0.0412,-0.0964,-0.8988,0.4253
1782933132968,53515,-0.04077,0.24365,1.00781,1.03765,0.688,-13.5,1.562,0.0412,-0.0964,-0.8988,0.4253
1782933132969,53516,0.00195,0.24438,0.91016,0.9424,3.5,-26.938,-0.125,0.0379,-0.0985,-0.9033,0.4157
1782933132970,53517,-0.09839,0.22607,0.9541,0.98544,-13.812,-47.375,-4.125,0.0222,-0.104,-0.9156,0.3875
1782933133029,53576,-0.01831,0.24634,0.95776,0.9891,-7.375,-45.688,3.875,0.0181,-0.1053,-0.9177,0.3822
1782933133030,53577,-0.03369,0.24121,0.94824,0.97902,-7.125,-44.125,5.875,0.0163,-0.1057,-0.9177,0.3822
1782933133030,53577,-0.00781,0.17773,1.01587,1.03133,-12.375,-22.25,-3.5,0.0071,-0.1058,-0.9177,0.3826
1782933133089,53636,-0.00781,0.17773,1.01587,1.03133,-12.375,-22.25,-3.5,0.0071,-0.1058,-0.9177,0.3826
1782933133090,53637,0.03857,0.2666,1.02881,1.06349,0.625,-27.062,8.312,0.0018,-0.1069,-0.9302,0.3508
1782933133091,53638,0.02295,0.22925,0.95386,0.98129,1.438,-35.25,6.0,-0.0063,-0.1141,-0.9028,0.4144
1782933133147,53694,0.03223,0.22632,0.95605,0.983,-0.562,-29.562,6.75,-0.0075,-0.1146,-0.9027,0.4145
1782933133148,53695,0.08984,0.26367,0.92627,0.96725,-3.75,-23.938,5.938,-0.0051,-0.1156,-0.8874,0.446
1782933133150,53697,0.10278,0.24243,1.00171,1.03574,-5.688,-22.688,2.75,-0.0053,-0.1179,-0.8534,0.5075
1782933133209,53756,0.10864,0.24561,1.01587,1.05077,-4.688,-22.75,2.562,-0.0062,-0.1182,-0.8533,0.5075
1782933133267,53814,0.16504,0.17163,0.98364,1.01205,-10.062,-23.938,-6.562,-0.0036,-0.119,-0.8351,0.5368
1782933133268,53815,0.09058,0.20996,0.89526,0.924,0.5,-30.188,0.312,-0.0034,-0.1266,-0.7954,0.5926
1782933133269,53816,0.08472,0.2124,0.93555,0.96309,-2.5,-27.625,0.812,-0.0048,-0.1275,-0.7953,0.5924
1782933133328,53875,0.12305,0.23022,0.92993,0.96587,-2.875,-29.375,1.938,-0.0024,-0.1291,-0.7741,0.6196
1782933133329,53876,0.12988,0.22607,1.00635,1.03958,1.0,-19.938,1.75,0.0021,-0.1316,-0.7287,0.6719
1782933133330,53877,0.104,0.20923,0.96533,0.9932,0.188,-18.688,5.0,0.0071,-0.143,-0.6542,0.7424
1782933133389,53936,0.12695,0.2063,0.92676,0.95789,0.188,-13.875,5.562,0.0067,-0.1435,-0.6541,0.7425
1782933133391,53938,0.12109,0.21436,0.93994,0.97165,-1.812,-8.125,5.812,0.0114,-0.1435,-0.6275,0.7651
1782933133392,53939,0.19604,0.2312,0.94678,0.99412,3.312,-42.312,-4.562,0.0153,-0.152,-0.5723,0.8055
1782933133447,53994,0.19458,0.24097,0.92529,0.97575,1.875,-38.188,-5.25,0.0145,-0.1534,-0.5725,0.8051
1782933133448,53995,0.18286,0.21265,0.95312,0.99353,-2.938,-29.938,-6.938,0.0184,-0.155,-0.5445,0.8239
1782933133450,53997,0.2168,0.25122,0.96704,1.02239,2.0,7.688,-3.75,0.0274,-0.1585,-0.4856,0.8591
1782933133510,54057,0.22021,0.24365,0.96387,1.01828,2.25,14.625,-4.375,0.0277,-0.158,-0.4857,0.8591
1782933133512,54059,0.19849,0.23975,0.95386,1.00336,1.812,23.312,-6.438,0.0341,-0.156,-0.4556,0.8756
1782933133516,54063,0.14575,0.21948,0.98804,1.02256,3.75,6.688,-5.0,0.0494,-0.1472,-0.3953,0.9052
1782933133569,54116,0.15674,0.22681,0.98975,1.02743,6.062,-2.562,-1.75,0.0499,-0.1472,-0.3955,0.9051
1782933133570,54117,0.17114,0.22925,0.93237,0.97527,8.062,-4.75,-1.062,0.0552,-0.146,-0.3651,0.9177
1782933133570,54117,0.16748,0.23267,1.0249,1.06424,-2.438,24.812,1.062,0.0672,-0.137,-0.3029,0.9406
1782933133629,54176,0.15601,0.23901,1.03442,1.07307,0.0,18.75,0.375,0.0675,-0.1362,-0.3029,0.9407
1782933133630,54177,0.15503,0.24097,1.01685,1.05645,3.312,12.562,0.75,0.0722,-0.1332,-0.273,0.9499
1782933133631,54178,0.15112,0.23608,0.92773,0.96915,1.812,-14.312,-0.938,0.0817,-0.1304,-0.2137,0.9646
1782933133689,54236,0.13965,0.23438,0.96875,1.00644,-1.125,-16.5,-1.438,0.0815,-0.1315,-0.2139,0.9644
1782933133690,54237,0.1582,0.24243,0.94604,0.98934,-0.75,-21.312,0.0,0.0853,-0.1306,-0.1841,0.9703
1782933133691,54238,0.20703,0.25244,0.98657,1.03919,5.0,-25.188,-2.938,0.0917,-0.1336,-0.1316,0.9779
1782933133748,54295,0.20728,0.24976,0.9646,1.01774,4.562,-26.625,-4.062,0.0919,-0.1347,-0.1318,0.9777
1782933133750,54297,0.21655,0.23999,0.96338,1.01616,3.875,-26.625,-5.688,0.0919,-0.1359,-0.1322,0.9774
1782933133750,54297,0.17407,0.23413,0.98633,1.02857,3.312,-6.438,-0.812,0.1,-0.1347,-0.0823,0.9822
1782933133810,54357,0.17529,0.23047,0.96167,1.00432,4.688,-9.75,-1.125,0.1002,-0.135,-0.0824,0.9822
1782933133811,54358,0.17651,0.23413,0.93628,0.98112,4.562,-9.188,-0.938,0.1004,-0.1354,-0.0825,0.9821
1782933133816,54363,0.1875,0.24194,0.95801,1.00572,-2.062,1.062,0.0,0.1042,-0.1328,-0.0605,0.9837
1782933133869,54416,0.20435,0.24194,0.96216,1.01294,-0.938,2.938,0.375,0.1041,-0.1327,-0.0605,0.9837
1782933133869,54416,0.20605,0.2478,0.96265,1.01516,-0.312,4.438,0.125,0.1041,-0.1325,-0.0604,0.9837
1782933133871,54418,0.20581,0.25439,0.97852,1.03178,0.125,1.312,0.75,0.112,-0.1229,-0.0025,0.986
1782933133928,54475,0.20581,0.25439,0.97852,1.03178,0.125,1.312,0.75,0.112,-0.1229,-0.0025,0.986
1782933133929,54476,0.20142,0.25586,0.98804,1.04032,0.875,0.75,0.125,0.1121,-0.1228,-0.0025,0.986
1782933133930,54477,0.15674,0.23462,0.9353,0.97693,-1.188,8.312,1.312,0.1167,-0.1165,0.0307,0.9857
1782933133990,54537,0.15918,0.23755,0.9458,0.98808,-1.688,8.812,1.812,0.1166,-0.116,0.0308,0.9858
1782933133990,54537,0.16211,0.2356,0.96655,1.00797,-2.25,6.375,2.0,0.1165,-0.1157,0.0309,0.9858
1782933133991,54538,0.16382,0.24585,0.96533,1.00953,-3.75,-0.062,1.062,0.1187,-0.1118,0.0579,0.9848
1782933134054,54601,0.16382,0.24585,0.96533,1.00953,-3.75,-0.062,1.062,0.1187,-0.1118,0.0579,0.9848
1782933134056,54603,0.16797,0.24829,0.97852,1.02341,-3.438,-1.562,2.0,0.1185,-0.1118,0.0579,0.9848
1782933134056,54603,0.16797,0.24829,0.97852,1.02341,-3.438,-1.562,2.0,0.1185,-0.1118,0.0579,0.9848
1782933134107,54654,0.18384,0.24121,0.94897,0.99625,-2.375,10.312,1.312,0.121,-0.1091,0.0835,0.983
1782933134169,54716,0.17798,0.24072,0.96045,1.00603,-3.0,10.812,1.5,0.1208,-0.1087,0.0836,0.983
1782933134170,54717,0.17798,0.24072,0.96045,1.00603,-3.0,10.812,1.5,0.1208,-0.1087,0.0836,0.983
1782933134171,54718,0.18506,0.23999,0.95557,1.00248,-1.125,-2.938,-0.938,0.1217,-0.1062,0.0963,0.9821
1782933134228,54775,0.18408,0.24146,0.96167,1.00846,-1.0,-3.375,-0.938,0.1217,-0.1062,0.0962,0.9821
1782933134229,54776,0.18555,0.2334,0.94727,0.99309,-3.688,5.562,0.375,0.122,-0.1056,0.1029,0.9814
1782933134230,54777,0.18555,0.2334,0.94727,0.99309,-3.688,5.562,0.375,0.122,-0.1056,0.1029,0.9814
1782933134289,54836,0.18066,0.24219,1.00391,1.04839,-1.125,-1.0,-1.0,0.1223,-0.1012,0.1227,0.9796
1782933134291,54838,0.17578,0.23682,0.97803,1.02153,0.25,-2.875,-0.375,0.1223,-0.1013,0.1227,0.9796
1782933134292,54839,0.17188,0.22656,0.92407,0.96684,-2.938,3.062,0.25,0.1223,-0.1017,0.1222,0.9796
1782933134348,54895,0.18213,0.22974,0.92969,0.97482,-5.438,7.875,0.75,0.123,-0.0997,0.1337,0.9782
1782933134349,54896,0.17993,0.2312,0.94189,0.9864,-6.062,9.938,0.375,0.1227,-0.0993,0.1337,0.9783
1782933134349,54896,0.17993,0.2312,0.94189,0.9864,-6.062,9.938,0.375,0.1227,-0.0993,0.1337,0.9783
1782933134407,54954,0.17993,0.2312,0.94189,0.9864,-6.062,9.938,0.375,0.1227,-0.0993,0.1337,0.9783
1782933134408,54955,0.1709,0.22852,0.94897,0.99095,1.625,-5.5,0.188,0.1236,-0.0947,0.1554,0.9754
1782933134409,54956,0.1626,0.2356,0.96582,1.00735,-3.562,6.0,0.75,0.1243,-0.0928,0.1702,0.973
1782933134469,55016,0.16553,0.23389,0.98022,1.02124,-2.375,8.25,0.625,0.1248,-0.0915,0.177,0.9719
1782933134470,55017,0.17188,0.23608,0.97656,1.01929,-1.75,9.188,0.688,0.1246,-0.0911,0.177,0.9719
1782933134472,55019,0.15527,0.2251,0.95386,0.99228,-1.812,-2.5,0.625,0.1242,-0.0874,0.1844,0.971
1782933134528,55075,0.15454,0.22705,0.97827,1.01609,-1.812,-4.062,0.875,0.1245,-0.0872,0.1879,0.9702
1782933134530,55077,0.16602,0.22656,0.96875,1.00865,-1.0,-4.562,1.0,0.1245,-0.0874,0.1879,0.9702
1782933134530,55077,0.15552,0.22656,0.9563,0.995,0.188,4.188,0.75,0.1247,-0.0849,0.1985,0.9683
1782933134590,55137,0.16431,0.22437,0.94287,0.98303,-0.125,5.312,0.875,0.1247,-0.0847,0.1986,0.9683
1782933134591,55138,0.17188,0.2207,0.93286,0.9739,-1.0,7.875,0.75,0.1246,-0.0844,0.1986,0.9683
1782933134593,55140,0.15186,0.22754,1.02759,1.06338,-0.125,-0.5,0.188,0.1243,-0.0798,0.2088,0.9666
1782933134650,55197,0.15186,0.22754,1.02759,1.06338,-0.125,-0.5,0.188,0.1243,-0.0798,0.2088,0.9666
1782933134651,55198,0.15088,0.21899,0.96216,0.99824,0.875,-4.75,0.812,0.1247,-0.0802,0.2089,0.9665
1782933134653,55200,0.1499,0.21118,0.95776,0.99215,-2.5,12.25,0.875,0.124,-0.0776,0.2127,0.966
1782933134710,55257,0.12891,0.21582,0.96924,1.00131,-2.25,10.125,1.375,0.1241,-0.0764,0.2166,0.9652
1782933134712,55259,0.13428,0.21753,0.96729,1.0005,-2.0,7.75,2.312,0.1239,-0.0761,0.2167,0.9652
1782933134716,55263,0.14893,0.22339,0.99878,1.03424,-1.562,3.5,0.812,0.1226,-0.0744,0.2178,0.9653
1782933134770,55317,0.13379,0.22266,1.00879,1.0417,-0.688,2.812,0.562,0.1229,-0.0734,0.2228,0.9642
1782933134771,55318,0.13892,0.22144,1.00513,1.03857,-0.062,1.188,0.75,0.1229,-0.0734,0.2229,0.9642
1782933134773,55320,0.1604,0.21997,0.9585,0.99641,-2.438,5.875,0.812,0.1231,-0.0723,0.2274,0.9631
1782933134828,55375,0.1604,0.21997,0.9585,0.99641,-2.438,5.875,0.812,0.1231,-0.0723,0.2274,0.9631
1782933134831,55378,0.13672,0.21826,0.98389,1.01704,-2.75,6.75,0.75,0.1228,-0.0715,0.2282,0.9631
1782933134832,55379,0.14111,0.21558,0.97241,1.00597,1.375,-3.125,1.562,0.1233,-0.0708,0.2343,0.9616
1782933134889,55436,0.14111,0.21558,0.97241,1.00597,1.375,-3.125,1.562,0.1233,-0.0708,0.2343,0.9616
1782933134890,55437,0.13916,0.21802,0.9646,0.99867,1.375,-3.5,1.438,0.1238,-0.0708,0.2366,0.9609
1782933134891,55438,0.13574,0.21826,0.98096,1.01407,0.0,-2.125,0.562,0.124,-0.0715,0.2362,0.961
1782933134949,55496,0.12622,0.21973,0.99854,1.03019,0.312,-3.312,1.25,0.124,-0.0715,0.2362,0.961
1782933134951,55498,0.1394,0.21606,0.97925,1.01244,2.0,-4.812,1.938,0.1245,-0.0715,0.2383,0.9604
1782933134952,55499,0.15674,0.22632,0.96265,1.00124,2.5,-6.688,0.312,0.1264,-0.0731,0.2417,0.9592
1782933135008,55555,0.15674,0.22632,0.96265,1.00124,2.5,-6.688,0.312,0.1264,-0.0731,0.2417,0.9592
1782933135008,55555,0.15552,0.22437,0.96436,1.00226,2.688,-4.0,0.25,0.1267,-0.0733,0.2417,0.9591
1782933135008,55555,0.15625,0.21753,0.96118,0.9978,1.0,-6.875,2.375,0.1277,-0.0744,0.241,0.9591
1782933135068,55615,0.1521,0.21851,0.97827,1.01385,1.125,-6.75,1.688,0.1278,-0.0747,0.241,0.9591
1782933135069,55616,0.1604,0.22583,0.96826,1.0071,2.688,-8.375,1.25,0.1284,-0.0747,0.244,0.9582
1782933135070,55617,0.16016,0.2207,0.94751,0.98597,0.0,5.5,0.0,0.1291,-0.0757,0.2443,0.958
1782933135128,55675,0.16016,0.2207,0.94751,0.98597,0.0,5.5,0.0,0.1291,-0.0757,0.2443,0.958
1782933135130,55677,0.15332,0.22217,0.97925,1.01577,0.125,5.562,0.25,0.1288,-0.075,0.2435,0.9583
1782933135131,55678,0.15137,0.22168,0.98096,1.01702,0.312,4.25,-1.25,0.1286,-0.0728,0.2456,0.9579
1782933135189,55736,0.14355,0.2251,0.98315,1.01875,0.812,4.5,-0.875,0.1286,-0.0726,0.2456,0.958
1782933135190,55737,0.14233,0.22168,0.95947,0.99498,1.062,5.0,-0.125,0.1287,-0.0723,0.2457,0.958
1782933135191,55738,0.15503,0.22559,0.96997,1.00785,-1.062,3.938,1.938,0.1275,-0.0695,0.2463,0.9581
1782933135247,55794,0.15503,0.22559,0.96997,1.00785,-1.062,3.938,1.938,0.1275,-0.0695,0.2463,0.9581
1782933135248,55795,0.1499,0.22632,0.97998,1.01688,-2.125,5.562,0.375,0.1271,-0.069,0.2459,0.9583
1782933135248,55795,0.1355,0.21802,0.96729,1.00077,-1.375,0.812,0.438,0.1268,-0.0675,0.2481,0.9579
1782933135309,55856,0.1377,0.21851,0.9668,1.0007,-1.5,0.625,0.438,0.1267,-0.0675,0.2482,0.9579
1782933135311,55858,0.14697,0.21924,0.96729,1.00265,-1.688,1.438,0.5,0.1267,-0.0673,0.2486,0.9578
1782933135313,55860,0.12817,0.21118,0.95068,0.98225,-3.75,17.062,0.0,0.1254,-0.0639,0.2499,0.9578
1782933135369,55916,0.12988,0.21484,0.96313,0.99531,-4.0,17.062,0.25,0.1251,-0.0632,0.2501,0.9579
1782933135370,55917,0.12109,0.21558,0.9646,0.99579,-3.938,15.938,0.125,0.1247,-0.0626,0.2501,0.958
1782933135371,55918,0.12109,0.21558,0.9646,0.99579,-3.938,15.938,0.125,0.1247,-0.0626,0.2501,0.958
1782933135429,55976,0.11133,0.21558,0.96948,0.99938,-0.188,8.625,-1.0,0.1223,-0.0576,0.246,0.9597
1782933135429,55976,0.11548,0.21362,0.97632,1.00607,-0.125,9.375,-0.438,0.1223,-0.0567,0.2467,0.9595
1782933135429,55976,0.10229,0.20825,0.95825,0.98594,0.75,0.0,0.688,0.1221,-0.0543,0.2478,0.9594
1782933135489,56036,0.11279,0.20776,0.95117,0.98011,0.312,1.688,0.812,0.1221,-0.0542,0.2479,0.9594
1782933135490,56037,0.10962,0.21265,0.95215,0.98175,-0.25,3.5,0.75,0.1221,-0.0544,0.2459,0.9599
1782933135491,56038,0.11279,0.21143,0.97754,1.00648,0.375,-0.125,0.562,0.1218,-0.0528,0.2468,0.9598
1782933135547,56094,0.11279,0.21143,0.97754,1.00648,0.375,-0.125,0.562,0.1218,-0.0528,0.2468,0.9598
1782933135548,56095,0.11572,0.21021,0.96436,0.99377,0.312,1.375,0.0,0.1217,-0.0527,0.2468,0.9598
1782933135550,56097,0.10278,0.21924,0.9668,0.99666,0.688,-0.5,0.0,0.1221,-0.0527,0.2448,0.9603
1782933135612,56159,0.11328,0.21973,0.97119,1.00216,-0.125,2.312,-0.125,0.1221,-0.0524,0.2448,0.9603
1782933135613,56160,0.10889,0.2168,0.95728,0.98754,-0.5,5.688,-0.75,0.1223,-0.0518,0.2476,0.9596
1782933135619,56166,0.08667,0.21655,1.03149,1.05753,0.062,-0.562,0.125,0.121,-0.048,0.2507,0.9591
1782933135668,56215,0.08667,0.21655,1.03149,1.05753,0.062,-0.562,0.125,0.121,-0.048,0.2507,0.9591
1782933135668,56215,0.08862,0.21704,1.02026,1.04685,2.188,-6.562,0.375,0.1211,-0.0482,0.2507,0.9591
1782933135669,56216,0.10376,0.21289,0.97949,1.00771,-0.875,-12.375,0.562,0.1235,-0.0534,0.2515,0.9584
1782933135731,56278,0.10913,0.21411,0.97656,1.00569,-0.188,-13.438,1.0,0.1236,-0.0539,0.2514,0.9583
1782933135732,56279,0.12744,0.21289,0.97803,1.00901,1.188,-14.125,0.938,0.1241,-0.055,0.252,0.958
1782933135734,56281,0.11035,0.21582,1.01392,1.04249,1.188,-16.375,-0.562,0.1259,-0.0598,0.2501,0.958
1782933135789,56336,0.11621,0.22046,0.98828,1.01922,3.0,-19.938,0.375,0.1262,-0.0605,0.25,0.958
1782933135789,56336,0.12427,0.21826,0.97607,1.00787,3.0,-20.5,0.5,0.1266,-0.0613,0.2499,0.9579
1782933135791,56338,0.15112,0.22437,0.9563,0.99383,0.0,-37.5,3.062,0.1312,-0.0722,0.2537,0.9555
1782933135850,56397,0.15112,0.22437,0.9563,0.99383,0.0,-37.5,3.062,0.1312,-0.0722,0.2537,0.9555
1782933135851,56398,0.17725,0.21631,0.94995,0.99026,0.062,-36.688,3.125,0.1316,-0.0737,0.2536,0.9553
1782933135851,56398,0.17358,0.24243,1.14917,1.18722,14.5,-121.625,0.312,0.1404,-0.0977,0.2495,0.9531
1782933135907,56454,0.18701,0.2395,1.18286,1.22127,19.125,-151.625,1.375,0.1426,-0.1033,0.2487,0.9523
1782933135908,56455,0.19238,0.23706,1.24536,1.28224,23.0,-187.75,1.25,0.1453,-0.1103,0.2478,0.9514
1782933135909,56456,0.19238,0.23706,1.24536,1.28224,23.0,-187.75,1.25,0.1453,-0.1103,0.2478,0.9514
1782933135971,56518,0.52515,0.17285,0.45972,0.71903,56.438,-1037.812,-23.938,0.2333,-0.3465,0.2153,0.8825
1782933135972,56519,0.65527,0.23315,0.24243,0.73655,48.5,-945.75,-40.562,0.2504,-0.4003,0.1993,0.8585
1782933135973,56520,0.90356,0.37598,0.1084,0.98465,-7.25,-154.75,-40.938,0.3175,-0.5543,0.1401,0.7563
1782933136031,56578,0.96411,0.27563,0.18823,1.02025,-13.375,-134.5,-40.0,0.3188,-0.5584,0.1367,0.7534
1782933136032,56579,0.88525,0.31958,0.26196,0.97695,-8.5,-107.375,-41.438,0.3201,-0.5614,0.1336,0.7511
1782933136032,56579,0.88525,0.31958,0.26196,0.97695,-8.5,-107.375,-41.438,0.3201,-0.5614,0.1336,0.7511
1782933136089,56636,0.73022,0.33594,0.1626,0.82007,10.688,-36.25,-15.5,0.3004,-0.594,0.0761,0.7422
1782933136089,56636,0.74536,0.3313,0.14746,0.82889,10.438,-30.75,-9.812,0.3012,-0.5948,0.0755,0.7413
1782933136090,56637,0.74536,0.3313,0.14746,0.82889,10.438,-30.75,-9.812,0.3012,-0.5948,0.0755,0.7413
1782933136154,56701,0.74536,0.3313,0.14746,0.82889,10.438,-30.75,-9.812,0.3012,-0.5948,0.0755,0.7413
1782933136156,56703,0.91943,0.35376,0.1543,0.99715,4.5,-3.625,4.812,0.2396,-0.627,0.0014,0.741
1782933136157,56704,0.90063,0.37549,0.12695,0.98399,1.188,-17.312,-0.312,0.176,-0.652,-0.0731,0.7337
1782933136207,56754,0.90283,0.36523,0.13257,0.98289,0.312,-15.75,1.062,0.176,-0.6525,-0.0732,0.7332
1782933136209,56756,0.90942,0.36108,0.14185,0.98871,-0.062,-14.812,1.75,0.1759,-0.653,-0.0733,0.7328
1782933136209,56756,0.90942,0.36108,0.14185,0.98871,-0.062,-14.812,1.75,0.1759,-0.653,-0.0733,0.7328
1782933136270,56817,0.90332,0.36255,0.12109,0.98086,0.188,-13.188,-4.625,0.1092,-0.671,-0.1463,0.7185
1782933136271,56818,0.90649,0.3623,0.12134,0.98372,0.25,-13.562,-4.125,0.1092,-0.6713,-0.1464,0.7181
1782933136273,56820,0.90649,0.3623,0.12134,0.98372,0.25,-13.562,-4.125,0.1092,-0.6713,-0.1464,0.7181
1782933136332,56879,0.90747,0.35596,0.13818,0.98453,1.312,-1.938,0.312,0.0719,-0.6785,-0.1863,0.7068
1782933136335,56882,0.90503,0.35474,0.13574,0.9815,1.75,-2.188,0.188,0.0719,-0.6785,-0.1862,0.7067
1782933136336,56883,0.94727,0.34595,0.13599,1.01759,2.125,-3.125,-0.312,0.0538,-0.6809,-0.2044,0.701
1782933136389,56936,0.93262,0.3623,0.13599,1.00972,2.75,-4.438,-1.25,0.0327,-0.6824,-0.2259,0.6942
1782933136391,56938,0.94507,0.36426,0.1272,1.0208,3.188,-7.312,-1.938,0.0328,-0.6826,-0.2259,0.694
1782933136392,56939,0.89038,0.37012,0.13452,0.97358,-0.438,2.562,-1.938,-0.0046,-0.6848,-0.2658,0.6784
1782933136451,56998,0.90991,0.36279,0.13086,0.98827,0.125,2.0,-0.25,-0.0046,-0.6846,-0.2658,0.6785
1782933136452,56999,0.91089,0.3584,0.12354,0.98663,-0.062,1.188,-0.812,-0.0045,-0.6846,-0.2658,0.6786
1782933136453,57000,0.91992,0.36914,0.10913,0.99721,-0.625,-1.75,-10.125,-0.0169,-0.6845,-0.2811,0.6722
1782933136508,57055,0.91284,0.37744,0.11841,0.99487,-0.812,-1.438,-10.062,-0.0371,-0.6838,-0.3015,0.6632
1782933136509,57056,0.92554,0.37378,0.11621,1.00491,-0.875,-1.812,-10.875,-0.0368,-0.6838,-0.3019,0.663
1782933136514,57061,0.89868,0.36597,0.12793,0.97874,9.188,-12.375,-10.0,-0.0569,-0.6841,-0.3254,0.6501
1782933136569,57116,0.88306,0.3855,0.10181,0.9689,8.812,-14.438,-9.5,-0.0752,-0.6831,-0.343,0.6401
1782933136571,57118,0.87134,0.38647,0.104,0.95886,6.938,-14.5,-8.438,-0.075,-0.6837,-0.343,0.6396
1782933136572,57119,0.91162,0.38843,0.12354,0.99859,-0.312,-6.688,-3.938,-0.1117,-0.6819,-0.3765,0.6168
1782933136630,57177,0.91235,0.38013,0.11548,0.9951,1.0,-6.562,-2.062,-0.1188,-0.6811,-0.3829,0.6124
1782933136633,57180,0.91528,0.37549,0.1228,0.9969,1.438,-7.0,-1.688,-0.1189,-0.6813,-0.3829,0.6122
1782933136634,57181,0.88989,0.40283,0.06152,0.97875,7.938,-20.188,-3.375,-0.1664,-0.6756,-0.423,0.5802
1782933136689,57236,0.88989,0.40283,0.06152,0.97875,7.938,-20.188,-3.375,-0.1664,-0.6756,-0.423,0.5802
1782933136690,57237,0.89917,0.40894,0.05933,0.98957,5.875,-20.562,-2.938,-0.1897,-0.6708,-0.442,0.5642
1782933136690,57237,0.89062,0.375,0.09497,0.971,1.438,-11.188,1.375,-0.1904,-0.6759,-0.4383,0.5607
1782933136751,57298,0.90771,0.37061,0.09741,0.98528,2.312,-11.438,2.938,-0.1937,-0.6755,-0.4403,0.5585
1782933136752,57299,0.92041,0.37695,0.09692,0.99932,3.188,-12.5,3.25,-0.194,-0.6758,-0.4401,0.5583
1782933136755,57302,0.91382,0.38965,0.06055,0.99527,3.062,-16.312,-4.062,-0.206,-0.6765,-0.4465,0.548
1782933136808,57355,0.8999,0.39648,0.05225,0.98476,3.062,-13.688,-1.625,-0.2155,-0.6744,-0.4536,0.541
1782933136810,57357,0.91016,0.40137,0.04883,0.99593,3.0,-13.25,-0.688,-0.2157,-0.6748,-0.4534,0.5406
1782933136814,57361,0.89551,0.37988,0.06396,0.97485,3.0,-6.438,0.812,-0.2141,-0.6774,-0.4496,0.5411
1782933136868,57415,0.89551,0.37988,0.06396,0.97485,3.0,-6.438,0.812,-0.2141,-0.6774,-0.4496,0.5411
1782933136868,57415,0.90723,0.38159,0.06055,0.98607,3.188,-7.0,2.688,-0.2379,-0.6701,-0.4675,0.5249
1782933136869,57416,0.94116,0.40942,0.02856,1.02675,0.875,-7.25,0.562,-0.2669,-0.661,-0.4873,0.5042
1782933136930,57477,0.97192,0.375,0.01343,1.04184,-1.875,-5.75,0.438,-0.2758,-0.6577,-0.4934,0.4976
1782933136932,57479,0.92578,0.4043,0.03394,1.01078,-4.5,-5.5,-3.312,-0.276,-0.6577,-0.4936,0.4973
1782933136935,57482,0.89722,0.37476,0.05688,0.974,-2.188,-2.75,0.0,-0.233,-0.6742,-0.461,0.5275
1782933136987,57534,0.89893,0.38208,0.05762,0.97846,-2.25,-2.25,0.375,-0.2331,-0.6742,-0.4611,0.5275
1782933136988,57535,0.90869,0.37646,0.06592,0.98579,-2.062,-2.25,1.0,-0.2255,-0.6768,-0.4549,0.5327
1782933136989,57536,0.92188,0.38867,0.052,1.00181,-1.0,1.625,3.25,-0.2581,-0.6651,-0.4789,0.5112
1782933137049,57596,0.9187,0.38403,0.04663,0.99683,-0.688,2.625,3.562,-0.2581,-0.665,-0.4789,0.5114
1782933137107,57654,0.92065,0.38892,0.04053,1.00025,0.125,3.062,3.0,-0.2676,-0.6611,-0.4859,0.5049
1782933137108,57655,0.92285,0.39014,0.03906,1.00269,0.375,-1.688,0.75,-0.268,-0.6611,-0.4853,0.5053
1782933137109,57656,0.91992,0.3916,0.03418,1.00039,0.188,-1.562,0.875,-0.268,-0.6611,-0.4852,0.5053
1782933137169,57716,0.92285,0.38525,0.04834,1.0012,-0.125,-0.312,0.938,-0.2785,-0.6568,-0.4929,0.4978
1782933137174,57721,0.92065,0.37598,0.04614,0.99553,2.062,-3.125,1.375,-0.2514,-0.6679,-0.4712,0.5181
1782933137175,57722,0.93408,0.39722,0.03101,1.01551,0.125,-2.938,-0.688,-0.2239,-0.679,-0.4483,0.5363
1782933137233,57780,0.94287,0.39746,0.03345,1.02377,0.0,-3.312,-0.875,-0.2239,-0.679,-0.4483,0.5363
1782933137235,57782,0.94775,0.39917,0.03003,1.02882,-0.25,-3.438,-2.125,-0.2249,-0.6788,-0.4489,0.5355
1782933137236,57783,0.91138,0.37988,0.05029,0.98866,0.0,-1.562,1.812,-0.1937,-0.6888,-0.424,0.555
1782933137288,57835,0.91626,0.37695,0.05322,0.9922,-0.5,-2.0,1.5,-0.1938,-0.6888,-0.4239,0.555
1782933137288,57835,0.91211,0.38208,0.04858,0.9901,0.312,-2.25,1.312,-0.1838,-0.6916,-0.4156,0.5611
1782933137289,57836,0.89771,0.38208,0.03296,0.97619,1.312,-4.188,1.5,-0.1605,-0.6983,-0.3952,0.5746
1782933137350,57897,0.92529,0.38379,0.03101,1.00221,1.25,-6.25,1.562,-0.1607,-0.6984,-0.3951,0.5745
1782933137352,57899,0.91138,0.38062,0.0437,0.98863,0.75,-5.125,1.0,-0.1852,-0.6926,-0.4146,0.5602
1782933137354,57901,0.9187,0.37354,0.0481,0.9929,0.75,-4.0,2.0,-0.1571,-0.7006,-0.3898,0.5764
1782933137408,57955,0.90845,0.37329,0.04004,0.98297,1.062,-4.125,2.438,-0.1573,-0.7007,-0.3896,0.5764
1782933137408,57955,0.90112,0.37378,0.02612,0.97592,1.188,-3.375,3.625,-0.1668,-0.6987,-0.3967,0.5712
1782933137410,57957,0.91748,0.37891,0.02271,0.9929,4.375,-7.0,3.188,-0.1416,-0.705,-0.3732,0.5859
1782933137471,58018,0.92847,0.38599,0.01099,1.00557,4.062,-7.875,3.5,-0.1417,-0.7052,-0.3729,0.5858
1782933137472,58019,0.9292,0.39697,-0.01562,1.01057,2.562,-7.5,2.25,-0.13,-0.7081,-0.3624,0.5917
1782933137473,58020,0.94995,0.37915,0.01709,1.02296,-1.0,-0.188,1.688,-0.1258,-0.7092,-0.3571,0.5944
1782933137532,58079,0.94116,0.37866,0.03027,1.01493,-1.5,-0.312,0.25,-0.1259,-0.7091,-0.3572,0.5945
1782933137533,58080,0.93213,0.37476,0.02637,1.00499,-0.625,-1.188,-0.438,-0.1287,-0.7087,-0.3593,0.5931
1782933137534,58081,0.91602,0.36792,0.04053,0.98798,-1.062,0.375,0.938,-0.1461,-0.705,-0.3739,0.5844
1782933137588,58135,0.93188,0.37012,0.03882,1.00344,-0.438,-0.188,0.938,-0.1463,-0.7049,-0.374,0.5845
1782933137589,58136,0.93335,0.37817,0.02466,1.00735,0.188,-1.0,-0.25,-0.1661,-0.7005,-0.3901,0.5737
1782933137590,58137,0.90967,0.37598,0.02466,0.98462,2.812,-2.5,2.438,-0.1815,-0.6972,-0.4018,0.565
1782933137651,58198,0.92163,0.37964,0.00903,0.9968,2.438,-3.5,2.688,-0.1816,-0.6973,-0.4016,0.565
1782933137656,58203,0.93286,0.38525,0.01074,1.00934,0.625,-3.5,2.062,-0.1574,-0.7034,-0.3813,0.5786
1782933137657,58204,0.91577,0.3689,0.02734,0.98766,-0.062,-1.25,-0.5,-0.1103,-0.7128,-0.3414,0.6024
1782933137709,58256,0.91943,0.37134,0.02808,0.99198,0.0,-1.25,-0.562,-0.1103,-0.7128,-0.3414,0.6024
1782933137715,58262,0.91504,0.37109,0.03003,0.98788,0.125,-1.812,-0.188,-0.1,-0.7144,-0.3326,0.6072
1782933137715,58262,0.90283,0.3689,0.01294,0.97538,0.125,-0.875,1.25,-0.0856,-0.7166,-0.3197,0.6137
1782933137770,58317,0.90381,0.37256,0.02344,0.97787,0.125,-0.25,2.062,-0.0856,-0.7166,-0.3197,0.6137
1782933137771,58318,0.90283,0.36743,0.03174,0.97525,0.75,-0.188,2.688,-0.0857,-0.7166,-0.3196,0.6138
1782933137772,58319,0.92627,0.37891,0.00293,1.00078,0.188,-3.5,1.438,-0.0957,-0.7162,-0.326,0.6094
1782933137831,58378,0.92725,0.37183,0.01904,0.99921,0.562,-3.688,1.5,-0.0958,-0.7163,-0.3259,0.6093
1782933137832,58379,0.93066,0.36792,0.02197,1.00099,1.0,-3.75,1.438,-0.0958,-0.7164,-0.3259,0.6093
1782933137833,58380,0.92969,0.36816,0.00195,0.99993,3.5,-4.125,2.875,-0.0791,-0.72,-0.3093,0.6159
1782933137888,58435,0.9231,0.37769,-0.00879,0.99742,2.562,-3.062,2.562,-0.0791,-0.7202,-0.3092,0.6159
1782933137889,58436,0.92822,0.37695,0.00928,1.00188,1.375,-2.312,2.75,-0.0792,-0.7202,-0.309,0.6159
1782933137890,58437,0.92822,0.37476,0.00073,1.00102,1.0,-1.062,1.312,-0.0794,-0.7207,-0.3084,0.6155
1782933137950,58497,0.91406,0.37036,0.00806,0.98627,0.688,-0.438,1.5,-0.0794,-0.7207,-0.3084,0.6156
1782933137952,58499,0.91577,0.37134,0.00977,0.98824,0.875,-1.125,2.0,-0.0795,-0.7207,-0.3083,0.6156
1782933137952,58499,0.93286,0.37476,-0.00513,1.00534,1.75,-3.25,2.188,-0.0479,-0.7243,-0.2792,0.6284
1782933138007,58554,0.93311,0.37183,-0.00659,1.00449,1.25,-2.375,2.0,-0.048,-0.7243,-0.2792,0.6284
1782933138008,58555,0.93628,0.37231,0.00391,1.0076,0.688,-2.0,2.062,-0.048,-0.7243,-0.2791,0.6284
1782933138008,58555,0.92065,0.35938,0.01465,0.98842,0.25,-1.062,2.125,-0.0484,-0.7243,-0.2789,0.6285
1782933138069,58616,0.92065,0.35938,0.01465,0.98842,0.25,-1.062,2.125,-0.0484,-0.7243,-0.2789,0.6285
1782933138071,58618,0.91577,0.36084,0.01953,0.98449,0.938,-1.5,2.188,-0.0484,-0.7243,-0.2789,0.6285
1782933138072,58619,0.91577,0.36084,0.01953,0.98449,0.938,-1.5,2.188,-0.0484,-0.7243,-0.2789,0.6285
1782933138134,58681,0.948,0.37158,-0.01123,1.01828,-0.188,1.125,-1.062,-0.0281,-0.7258,-0.2594,0.6363
1782933138136,58683,0.94287,0.375,-0.0061,1.01472,-1.312,1.625,-1.562,-0.0281,-0.7257,-0.2595,0.6363
1782933138137,58684,0.94287,0.375,-0.0061,1.01472,-1.312,1.625,-1.562,-0.0281,-0.7257,-0.2595,0.6363
1782933138188,58735,0.94287,0.375,-0.0061,1.01472,-1.312,1.625,-1.562,-0.0281,-0.7257,-0.2595,0.6363
1782933138189,58736,0.92505,0.35864,0.01001,0.99219,0.312,0.562,1.188,-0.0278,-0.7251,-0.2601,0.6368
1782933138190,58737,0.94263,0.36279,0.00195,1.01004,-0.188,1.062,0.625,-0.0278,-0.7249,-0.2597,0.6372
1782933138248,58795,0.9458,0.36499,0.01538,1.0139,-0.375,0.625,0.0,-0.0278,-0.7249,-0.2597,0.6373
1782933138249,58796,0.94385,0.35693,0.01514,1.0092,0.375,0.0,-0.75,-0.0278,-0.7248,-0.2598,0.6373
1782933138250,58797,0.94385,0.35693,0.01514,1.0092,0.375,0.0,-0.75,-0.0278,-0.7248,-0.2598,0.6373
1782933138308,58855,0.91724,0.36353,0.01416,0.98675,0.688,-0.812,1.625,-0.0276,-0.7247,-0.26,0.6373
1782933138309,58856,0.92212,0.36133,0.0083,0.99042,1.188,-1.0,1.625,-0.0276,-0.7247,-0.26,0.6373
1782933138312,58859,0.92212,0.36133,0.0083,0.99042,1.188,-1.0,1.625,-0.0276,-0.7247,-0.26,0.6373
1782933138367,58914,0.93262,0.36328,0.00879,1.00091,0.562,-3.188,0.062,-0.0234,-0.7257,-0.2556,0.6382
1782933138368,58915,0.93359,0.36816,0.00098,1.00356,0.0,-1.75,0.188,-0.0234,-0.7257,-0.2556,0.6381
1782933138368,58915,0.93091,0.35913,0.00854,0.99782,1.5,-0.812,1.062,-0.0234,-0.7259,-0.2556,0.6379
1782933138431,58978,0.92749,0.35986,-0.00317,0.99486,1.75,-0.188,1.062,-0.0234,-0.726,-0.2554,0.6379
1782933138431,58978,0.92871,0.36401,-0.00171,0.9975,1.438,0.062,1.625,-0.0234,-0.726,-0.2554,0.6379
1782933138432,58979,0.92871,0.36401,-0.00171,0.9975,1.438,0.062,1.625,-0.0234,-0.726,-0.2554,0.6379
1782933138488,59035,0.91553,0.3645,-0.00073,0.98542,0.625,-2.875,-1.125,-0.0233,-0.7263,-0.255,0.6377
1782933138489,59036,0.90283,0.35889,-0.0105,0.9716,0.25,-2.312,-0.875,-0.0233,-0.7264,-0.2551,0.6376
1782933138489,59036,0.90283,0.35889,-0.0105,0.9716,0.25,-2.312,-0.875,-0.0233,-0.7264,-0.2551,0.6376
1782933138549,59096,0.93335,0.36157,0.00171,1.00094,0.75,-1.625,0.938,-0.0236,-0.7264,-0.2547,0.6376
1782933138550,59097,0.93188,0.35962,0.00049,0.99886,0.0,-1.688,0.875,-0.0236,-0.7265,-0.2547,0.6376
1782933138552,59099,0.93677,0.36206,-0.01147,1.00437,0.625,-1.875,0.438,-0.0237,-0.7268,-0.2545,0.6373
1782933138607,59154,0.93677,0.36206,-0.01147,1.00437,0.625,-1.875,0.438,-0.0237,-0.7268,-0.2545,0.6373
1782933138608,59155,0.94653,0.3606,-0.00391,1.0129,0.562,-0.938,0.0,-0.0237,-0.7268,-0.2544,0.6373
1782933138608,59155,0.927,0.36182,0.00854,0.99515,0.125,1.0,0.375,-0.0233,-0.7262,-0.2548,0.6378
1782933138670,59217,0.92334,0.36475,-0.00098,0.99277,1.125,-0.562,0.0,-0.0233,-0.7262,-0.2548,0.6379
1782933138671,59218,0.92554,0.36304,-0.00391,0.9942,1.312,-1.062,0.0,-0.0233,-0.7262,-0.2548,0.6379
1782933138672,59219,0.92554,0.36304,-0.00391,0.9942,1.312,-1.062,0.0,-0.0233,-0.7262,-0.2548,0.6379
1782933138735,59282,0.92554,0.36304,-0.00391,0.9942,1.312,-1.062,0.0,-0.0233,-0.7262,-0.2548,0.6379
1782933138737,59284,0.92505,0.36792,-0.00366,0.99554,0.938,-3.5,0.25,-0.0046,-0.7271,-0.2382,0.6436
1782933138740,59287,0.92505,0.36792,-0.00366,0.99554,0.938,-3.5,0.25,-0.0046,-0.7271,-0.2382,0.6436
1782933138788,59335,0.93042,0.36499,-0.00586,0.99947,2.062,-3.875,-1.562,0.0078,-0.7279,-0.2265,0.647
1782933138789,59336,0.93384,0.36084,-0.00049,1.00113,2.0,-3.812,-2.125,0.0079,-0.728,-0.2265,0.6468
1782933138789,59336,0.93384,0.36084,-0.00049,1.00113,2.0,-3.812,-2.125,0.0079,-0.728,-0.2265,0.6468
1782933138848,59395,0.97974,0.38257,-0.06445,1.05376,15.438,-17.75,-8.25,0.0228,-0.7311,-0.2136,0.6473
1782933138848,59395,0.97241,0.38013,-0.05688,1.04562,16.062,-20.062,-10.188,0.0234,-0.7318,-0.2134,0.6466
1782933138850,59397,1.00708,0.375,-0.01709,1.07477,45.625,-36.375,-15.938,0.0582,-0.7389,-0.1865,0.6447
1782933138907,59454,1.00708,0.375,-0.01709,1.07477,45.625,-36.375,-15.938,0.0582,-0.7389,-0.1865,0.6447
1782933138910,59457,1.0896,0.34546,0.06836,1.1451,58.25,-49.688,-23.562,0.0545,-0.7425,-0.1903,0.6397
1782933138914,59461,1.11523,0.35889,-0.19287,1.18732,151.438,-152.688,-88.125,0.1362,-0.7732,-0.1405,0.603
1782933138968,59515,1.11523,0.35889,-0.19287,1.18732,151.438,-152.688,-88.125,0.1362,-0.7732,-0.1405,0.603
1782933138970,59517,1.01978,0.51514,-0.1062,1.14743,159.312,-106.688,-35.562,0.1727,-0.7752,-0.1154,0.5963
1782933138971,59518,1.01978,0.51514,-0.1062,1.14743,159.312,-106.688,-35.562,0.1727,-0.7752,-0.1154,0.5963
1782933139032,59579,0.75024,0.40186,-0.29761,0.90162,95.875,-67.062,-25.375,0.2046,-0.7984,-0.0998,0.5571
1782933139032,59579,0.79004,0.42896,-0.32666,0.95649,91.062,-63.625,-22.312,0.1806,-0.8079,-0.116,0.5487
1782933139033,59580,0.82568,0.4187,-0.40234,1.00942,47.062,-15.062,-21.562,0.1428,-0.8298,-0.1372,0.5215
1782933139088,59635,0.79614,0.37891,-0.3291,0.94113,41.25,-11.188,-22.75,0.1445,-0.8301,-0.1363,0.5208
1782933139089,59636,0.74976,0.39258,-0.32349,0.90604,43.25,-11.938,-20.5,0.1179,-0.8353,-0.1528,0.5145
1782933139089,59636,0.78442,0.4209,-0.41772,0.98334,36.25,0.375,-6.75,0.0711,-0.8463,-0.1761,0.4974
1782933139149,59696,0.78442,0.4209,-0.41772,0.98334,36.25,0.375,-6.75,0.0711,-0.8463,-0.1761,0.4974
1782933139151,59698,0.80371,0.43726,-0.42456,1.00866,32.562,5.938,-5.188,0.0439,-0.8488,-0.1905,0.491
1782933139154,59701,0.79321,0.40649,-0.4209,0.98568,8.062,5.5,-22.438,-0.0067,-0.8505,-0.2207,0.477
1782933139206,59753,0.75024,0.4021,-0.41333,0.94625,7.688,5.438,-21.938,-0.0056,-0.8505,-0.2209,0.477
1782933139206,59753,0.71533,0.41211,-0.42847,0.93012,8.5,3.312,-16.938,-0.0335,-0.8499,-0.2375,0.4689
1782933139208,59755,0.77197,0.41699,-0.39746,0.96322,4.062,-2.562,-3.0,-0.0894,-0.8461,-0.2692,0.4509
1782933139269,59816,0.78516,0.42041,-0.40088,0.97669,5.0,-4.875,-3.188,-0.0892,-0.8464,-0.2691,0.4506
1782933139269,59816,0.8147,0.41724,-0.39966,0.99878,3.875,-6.125,-4.625,-0.1184,-0.8431,-0.2843,0.4406
1782933139269,59816,0.75488,0.41772,-0.40674,0.95382,2.75,-6.5,-2.812,-0.1749,-0.8348,-0.3135,0.417
1782933139329,59876,0.7771,0.41748,-0.40186,0.96936,3.062,-5.625,-1.438,-0.1749,-0.835,-0.3134,0.4168
1782933139333,59880,0.75732,0.4104,-0.39429,0.94733,3.75,-4.25,-0.438,-0.203,-0.8289,-0.327,0.4057
1782933139334,59881,0.80371,0.41382,-0.40405,0.99018,3.062,-5.0,0.812,-0.2581,-0.8145,-0.3516,0.3823
1782933139388,59935,0.81079,0.42383,-0.41064,1.00281,3.375,-4.188,0.188,-0.2581,-0.8146,-0.3514,0.3822
1782933139389,59936,0.82129,0.4187,-0.42383,1.01462,2.875,-2.938,-2.438,-0.2844,-0.806,-0.3632,0.3705
1782933139390,59937,0.82129,0.4187,-0.42383,1.01462,2.875,-2.938,-2.438,-0.2844,-0.806,-0.3632,0.3705
1782933139447,59994,0.79517,0.41748,-0.40405,0.98481,5.812,-9.062,-4.0,-0.3309,-0.7897,-0.3831,0.3461
1782933139447,59994,0.78491,0.41113,-0.3999,0.97213,6.562,-7.5,-4.75,-0.353,-0.7807,-0.392,0.3346
1782933139448,59995,0.77441,0.41602,-0.4397,0.98291,-1.625,3.0,-3.875,-0.397,-0.7604,-0.4092,0.3106
1782933139506,60053,0.75024,0.41455,-0.40894,0.94971,-5.75,6.375,-2.688,-0.3967,-0.7601,-0.4098,0.3107
1782933139507,60054,0.72363,0.42432,-0.40454,0.93131,-4.312,6.812,-1.062,-0.4154,-0.7498,-0.4179,0.3005
1782933139509,60056,0.82715,0.42529,-0.41479,1.01838,-11.875,28.312,0.938,-0.4452,-0.7279,-0.4351,0.2869
1782933139572,60119,0.83911,0.42529,-0.41113,1.02665,-9.125,29.312,-0.438,-0.4447,-0.7274,-0.436,0.2876
1782933139573,60120,0.83521,0.41333,-0.39233,1.01111,-7.125,29.5,-3.25,-0.4581,-0.7175,-0.4432,0.2804
1782933139575,60122,0.83521,0.41333,-0.39233,1.01111,-7.125,29.5,-3.25,-0.4581,-0.7175,-0.4432,0.2804
1782933139631,60178,0.79028,0.42944,-0.35742,0.96784,0.125,26.438,5.375,-0.474,-0.7006,-0.457,0.2744
1782933139633,60180,0.79395,0.42725,-0.37476,0.97639,-0.125,24.5,6.875,-0.4737,-0.7002,-0.4574,0.2752
1782933139634,60181,0.8147,0.44653,-0.40894,1.01507,-0.875,17.938,1.875,-0.4986,-0.6757,-0.4739,0.2645
1782933139687,60234,0.80249,0.43481,-0.41699,1.00346,-3.125,11.688,6.562,-0.4984,-0.6751,-0.4746,0.2653
1782933139688,60235,0.81665,0.42896,-0.38745,1.00052,-6.0,9.625,8.938,-0.5031,-0.671,-0.4767,0.2627
1782933139688,60235,0.84473,0.42773,-0.3313,1.00314,-4.75,-10.562,7.312,-0.5209,-0.6562,-0.4834,0.2532
1782933139749,60296,0.84473,0.42773,-0.3313,1.00314,-4.75,-10.562,7.312,-0.5209,-0.6562,-0.4834,0.2532
1782933139750,60297,0.88403,0.42798,-0.35327,1.04378,-3.188,-11.688,7.5,-0.5214,-0.6561,-0.4832,0.2529
1782933139751,60298,0.78394,0.40039,-0.28491,0.92523,-3.562,-4.5,6.25,-0.5315,-0.6482,-0.486,0.2466
1782933139807,60354,0.78394,0.40039,-0.28491,0.92523,-3.562,-4.5,6.25,-0.5315,-0.6482,-0.486,0.2466
1782933139808,60355,0.81177,0.4231,-0.33472,0.97469,-0.875,-6.75,8.812,-0.5319,-0.6481,-0.4858,0.2465
1782933139810,60357,0.81958,0.40967,-0.35693,0.98333,-1.0,-7.5,6.625,-0.5438,-0.6393,-0.4871,0.2411
1782933139867,60414,0.83179,0.41724,-0.39746,1.0119,-3.625,-10.25,7.125,-0.5446,-0.6391,-0.4866,0.2407
1782933139867,60414,0.81519,0.40308,-0.36572,0.98018,-5.125,-7.5,5.938,-0.5473,-0.6372,-0.4869,0.239
1782933139868,60415,0.81641,0.40063,-0.42139,1.0023,-4.688,-13.875,11.938,-0.5528,-0.6338,-0.4855,0.2379
1782933139937,60484,0.81641,0.40063,-0.42139,1.0023,-4.688,-13.875,11.938,-0.5528,-0.6338,-0.4855,0.2379
1782933139939,60486,0.83301,0.4082,-0.44336,1.02815,-8.625,-15.312,10.25,-0.5535,-0.6336,-0.4853,0.2376
1782933139941,60488,0.80933,0.40356,-0.33911,0.96585,-11.75,-12.688,-0.188,-0.5556,-0.635,-0.4836,0.2322
1782933139987,60534,0.84619,0.41187,-0.3584,1.00704,-10.938,-13.0,2.375,-0.556,-0.6348,-0.4837,0.2316
1782933140046,60593,0.90063,0.40137,-0.35132,1.04674,-9.625,-12.875,2.625,-0.5564,-0.6347,-0.4836,0.2312
1782933140047,60594,0.87354,0.41895,-0.40552,1.05026,6.688,1.25,8.688,-0.548,-0.6434,-0.4775,0.2395
1782933140048,60595,0.8855,0.42456,-0.43335,1.07338,3.562,2.312,6.25,-0.5481,-0.6433,-0.4774,0.2398
1782933140107,60654,0.84082,0.42139,-0.4021,1.02285,0.5,6.312,3.625,-0.5481,-0.6431,-0.4775,0.2401
1782933140108,60655,0.7522,0.39185,-0.31812,0.90584,-15.938,20.812,0.5,-0.5455,-0.6412,-0.4819,0.2421
1782933140109,60656,0.7522,0.39185,-0.31812,0.90584,-15.938,20.812,0.5,-0.5455,-0.6412,-0.4819,0.2421
1782933140169,60716,0.84155,0.4043,-0.34351,0.99482,-14.812,13.125,5.25,-0.5474,-0.6349,-0.4874,0.2437
1782933140170,60717,0.95361,0.4021,-0.35718,1.09482,-18.875,13.312,-0.25,-0.5474,-0.6337,-0.4889,0.2438
1782933140171,60718,0.95361,0.4021,-0.35718,1.09482,-18.875,13.312,-0.25,-0.5474,-0.6337,-0.4889,0.2438
1782933140232,60779,0.78027,0.38232,-0.28174,0.91344,-4.688,5.562,-10.125,-0.5321,-0.6406,-0.4929,0.2516
1782933140233,60780,0.75293,0.39185,-0.27759,0.89303,-1.375,2.875,-7.75,-0.5317,-0.6406,-0.4932,0.2515
1782933140236,60783,0.75293,0.39185,-0.27759,0.89303,-1.375,2.875,-7.75,-0.5317,-0.6406,-0.4932,0.2515
1782933140287,60834,0.80298,0.39941,-0.29199,0.94317,7.438,8.875,4.25,-0.5382,-0.6337,-0.4967,0.2484
1782933140287,60834,0.78687,0.40039,-0.29565,0.93107,8.25,10.0,5.062,-0.538,-0.6337,-0.4967,0.2489
1782933140288,60835,0.78687,0.40039,-0.29565,0.93107,8.25,10.0,5.062,-0.538,-0.6337,-0.4967,0.2489
1782933140349,60896,0.78687,0.40039,-0.29565,0.93107,8.25,10.0,5.062,-0.538,-0.6337,-0.4967,0.2489
1782933140350,60897,0.88086,0.3999,-0.34692,1.02771,5.0,-10.125,9.625,-0.5375,-0.634,-0.4932,0.256
1782933140353,60900,0.94897,0.40649,-0.3584,1.09281,8.938,-6.75,11.75,-0.528,-0.647,-0.4797,0.2686
1782933140407,60954,0.8999,0.38794,-0.35181,1.0412,5.562,-7.125,6.688,-0.5286,-0.6471,-0.4788,0.2688
1782933140407,60954,0.84985,0.40234,-0.35718,1.00583,7.438,-8.688,6.0,-0.5289,-0.6472,-0.4784,0.2688
1782933140409,60956,0.8562,0.38574,-0.35718,1.00471,9.625,-1.812,16.312,-0.5196,-0.6563,-0.4697,0.2799
1782933140468,61015,0.948,0.39429,-0.39551,1.10027,6.062,0.438,11.125,-0.5133,-0.6616,-0.4655,0.2861
1782933140469,61016,0.91968,0.38867,-0.36572,1.06331,4.312,2.75,8.312,-0.5134,-0.6614,-0.4653,0.2865
1782933140471,61018,0.89795,0.39429,-0.41064,1.0632,-2.188,6.562,-1.938,-0.4875,-0.6796,-0.4545,0.306
1782933140530,61077,0.85083,0.3811,-0.37305,1.00415,-4.062,6.5,-1.75,-0.4721,-0.6901,-0.4479,0.3162
1782933140532,61079,0.86768,0.38501,-0.40356,1.03149,-3.438,5.125,-0.75,-0.472,-0.69,-0.4481,0.3163
1782933140533,61080,0.89575,0.37549,-0.35327,1.03352,-8.312,2.75,-1.188,-0.4542,-0.6989,-0.4439,0.3283
1782933140587,61134,0.86206,0.36401,-0.34375,0.9969,-11.062,3.875,-2.5,-0.4452,-0.7044,-0.4403,0.3338
1782933140587,61134,0.85596,0.35571,-0.32104,0.98095,-11.062,4.562,-2.0,-0.4452,-0.7042,-0.4408,0.3337
1782933140588,61135,0.91431,0.35693,-0.27612,1.01961,-9.438,14.562,-7.375,-0.421,-0.716,-0.4343,0.3481
1782933140649,61196,0.85767,0.37085,-0.28662,0.97738,-7.688,16.125,-7.5,-0.412,-0.7205,-0.4312,0.3535
1782933140651,61198,0.64282,0.38501,-0.354,0.82871,-14.188,25.375,-6.188,-0.4113,-0.72,-0.4324,0.3538
1782933140651,61198,0.84082,0.3667,-0.30249,0.96589,5.312,7.25,1.188,-0.3979,-0.7233,-0.4286,0.3666
1782933140707,61254,0.84082,0.3667,-0.30249,0.96589,5.312,7.25,1.188,-0.3979,-0.7233,-0.4286,0.3666
1782933140707,61254,0.7627,0.37085,-0.3064,0.90173,5.062,0.938,3.375,-0.3903,-0.7274,-0.4246,0.3715
1782933140709,61256,0.87476,0.3916,-0.33203,1.0143,10.688,-12.875,23.562,-0.3839,-0.7346,-0.4111,0.3791
1782933140769,61316,0.90845,0.36914,-0.31982,1.03142,9.688,-12.062,22.0,-0.3765,-0.739,-0.4053,0.3842
1782933140770,61317,0.84497,0.35425,-0.34961,0.98066,10.062,-11.75,18.625,-0.3771,-0.739,-0.4045,0.3843
1782933140771,61318,0.91479,0.34692,-0.33447,1.03396,8.625,-11.125,9.062,-0.3682,-0.7457,-0.3912,0.3937
1782933140830,61377,0.91479,0.34692,-0.33447,1.03396,8.625,-11.125,9.062,-0.3682,-0.7457,-0.3912,0.3937
1782933140832,61379,0.89111,0.33203,-0.30518,0.99873,9.125,-11.875,9.188,-0.3593,-0.7508,-0.3846,0.3988
1782933140833,61380,0.9231,0.38623,-0.4856,1.11225,-10.562,-3.25,0.312,-0.3336,-0.7651,-0.3648,0.4122
1782933140887,61434,0.88989,0.37427,-0.43115,1.05729,-12.125,-4.0,-0.5,-0.317,-0.7722,-0.3558,0.4199
1782933140887,61434,0.86963,0.3689,-0.40381,1.02733,-11.688,-4.0,-0.188,-0.3172,-0.7721,-0.3562,0.4196
1782933140888,61435,0.89893,0.2937,-0.28076,0.98649,2.062,-1.688,8.875,-0.2923,-0.7814,-0.3419,0.4322
1782933140950,61497,0.92334,0.28857,-0.28174,1.00757,3.438,-1.375,7.812,-0.2926,-0.7813,-0.3416,0.4324
1782933140951,61498,0.93091,0.3042,-0.31787,1.02965,3.625,-1.25,5.125,-0.2808,-0.7857,-0.3345,0.4378
1782933140953,61500,0.85278,0.33374,-0.37183,0.98837,-8.688,1.938,-4.25,-0.2654,-0.7908,-0.327,0.4439
1782933141007,61554,0.84009,0.3252,-0.3396,0.96272,-9.188,0.188,-3.625,-0.2518,-0.7949,-0.3203,0.4492
1782933141008,61555,0.82983,0.33447,-0.34229,0.95794,-6.938,-1.625,-3.5,-0.2518,-0.7949,-0.3204,0.449
1782933141011,61558,0.82983,0.33447,-0.34229,0.95794,-6.938,-1.625,-3.5,-0.2518,-0.7949,-0.3204,0.449
1782933141069,61616,0.85376,0.35596,-0.33496,0.98377,-3.688,-1.125,2.812,-0.2355,-0.8001,-0.3115,0.455
1782933141070,61617,0.88599,0.33765,-0.26904,0.98558,-6.375,0.375,2.75,-0.2252,-0.8029,-0.3055,0.4592
1782933141071,61618,0.86035,0.34375,-0.3147,0.97847,4.625,-0.625,3.688,-0.2258,-0.803,-0.3055,0.4588
1782933141130,61677,0.88623,0.34961,-0.35254,1.01583,5.188,0.625,5.562,-0.2259,-0.803,-0.3051,0.459
1782933141132,61679,0.8894,0.35254,-0.37061,1.026,4.312,1.938,5.875,-0.2188,-0.8051,-0.3006,0.4619
1782933141135,61682,0.91382,0.33057,-0.37793,1.04268,-0.875,0.812,7.25,-0.2053,-0.8081,-0.2898,0.4697
1782933141188,61735,0.92188,0.33203,-0.37988,1.05091,-3.062,0.0,5.062,-0.2055,-0.808,-0.2898,0.4697
1782933141189,61736,0.91504,0.32373,-0.3479,1.03108,-5.438,0.0,2.25,-0.193,-0.811,-0.2823,0.4744
1782933141197,61744,0.84961,0.30469,-0.34058,0.96471,-2.438,1.312,0.938,-0.1859,-0.8121,-0.2791,0.4772
1782933141250,61797,0.86035,0.3042,-0.33545,0.97225,-2.5,-0.188,1.688,-0.186,-0.812,-0.2791,0.4772
1782933141253,61800,0.87671,0.302,-0.34058,0.98784,-1.688,-0.125,2.125,-0.1862,-0.812,-0.2792,0.4772
1782933141256,61803,0.90112,0.33789,-0.37891,1.03429,1.25,0.562,-1.062,-0.1802,-0.8132,-0.275,0.48
1782933141323,61870,0.90527,0.34106,-0.39771,1.04595,-0.812,0.625,-1.5,-0.1801,-0.8132,-0.275,0.48
1782933141323,61870,0.92822,0.3501,-0.38062,1.06256,-4.562,1.562,-4.438,-0.1715,-0.8149,-0.2703,0.4829
1782933141346,61893,0.90137,0.32861,-0.32886,1.0142,-11.188,6.375,-9.062,-0.1502,-0.8175,-0.2629,0.4896
1782933141369,61916,0.91577,0.33521,-0.34106,1.03311,-9.875,4.312,-9.25,-0.1499,-0.8173,-0.2638,0.4896
1782933141372,61919,0.92407,0.34229,-0.33276,1.04009,-9.75,4.688,-9.75,-0.149,-0.8171,-0.2645,0.4898
1782933141372,61919,0.89233,0.36157,-0.28442,1.00393,-10.188,8.312,-17.875,-0.1335,-0.8173,-0.2636,0.4944
1782933141431,61978,0.88916,0.35522,-0.25977,0.9921,-8.562,6.188,-17.438,-0.133,-0.8171,-0.2643,0.4944
1782933141432,61979,0.94165,0.4126,-0.25,1.05804,-3.312,4.5,-12.75,-0.1256,-0.8179,-0.2615,0.4965
1782933141435,61982,0.82056,0.4126,-0.40039,1.00193,7.375,-1.625,-13.562,-0.1272,-0.8175,-0.2662,0.4945
1782933141487,62034,0.82422,0.43823,-0.39673,1.01429,-0.5,-1.438,-5.0,-0.1268,-0.8175,-0.2664,0.4942
1782933141488,62035,0.9126,0.36426,-0.34033,1.03988,-2.125,-0.625,-6.125,-0.1268,-0.8175,-0.2666,0.4942
1782933141499,62046,0.82666,0.35352,-0.28857,0.94425,-1.5,0.188,2.0,-0.1462,-0.8145,-0.28,0.4864
1782933141548,62095,0.86011,0.34912,-0.28491,0.971,-0.688,0.938,3.5,-0.1463,-0.8143,-0.28,0.4866
1782933141549,62096,0.86938,0.35474,-0.29712,0.98486,-0.188,1.0,3.25,-0.1464,-0.8143,-0.28,0.4866
1782933141550,62097,0.89746,0.36499,-0.32056,1.0205,-1.562,1.75,-0.25,-0.1466,-0.8137,-0.2805,0.4874
1782933141607,62154,0.88257,0.3689,-0.32129,1.00908,-1.875,-1.062,0.0,-0.1466,-0.8135,-0.2806,0.4874
1782933141610,62157,0.88477,0.36328,-0.30859,1.005,-2.5,-1.75,0.562,-0.1467,-0.8135,-0.2808,0.4873
1782933141611,62158,0.86816,0.38159,-0.33032,1.0042,0.562,-0.5,3.312,-0.1471,-0.8136,-0.2808,0.4872
1782933141668,62215,0.87231,0.37085,-0.33911,1.0067,1.25,0.062,0.375,-0.1472,-0.8135,-0.2806,0.4873
1782933141668,62215,0.91968,0.37769,-0.34009,1.05077,-1.0,-1.5,0.312,-0.1473,-0.8135,-0.2807,0.4873
1782933141670,62217,0.85571,0.36401,-0.3064,0.97909,-0.625,-0.625,1.312,-0.1541,-0.8122,-0.2857,0.4844
1782933141728,62275,0.86841,0.3772,-0.32397,1.00069,-0.125,-0.25,1.125,-0.1542,-0.8122,-0.2857,0.4844
1782933141728,62275,0.86084,0.37012,-0.31519,0.98862,0.062,-0.188,1.5,-0.1542,-0.8121,-0.2857,0.4844
1782933141729,62276,0.86084,0.37012,-0.31519,0.98862,0.062,-0.188,1.5,-0.1542,-0.8121,-0.2857,0.4844
1782933141788,62335,0.89551,0.36646,-0.33032,1.02242,-1.375,-0.875,-0.375,-0.1546,-0.8121,-0.2859,0.4843
1782933141789,62336,0.88257,0.35913,-0.31226,1.0027,-1.25,-0.062,-1.25,-0.1546,-0.8121,-0.2861,0.4843
1782933141789,62336,0.91382,0.36426,-0.32446,1.03587,-4.875,2.0,-0.562,-0.1662,-0.8092,-0.2946,0.4801
1782933141847,62394,0.90161,0.35962,-0.31836,1.02156,-4.125,1.062,-3.0,-0.1662,-0.8091,-0.2947,0.4801
1782933141848,62395,0.90137,0.36035,-0.31494,1.02054,-3.75,0.562,-3.25,-0.1661,-0.8091,-0.295,0.4801
1782933141848,62395,0.89307,0.36597,-0.31836,1.0163,-4.125,0.062,-1.562,-0.1917,-0.8034,-0.312,0.4692
1782933141907,62454,0.89722,0.36816,-0.31909,1.02096,-4.625,1.0,-1.812,-0.1917,-0.8034,-0.3123,0.4691
1782933141909,62456,0.89331,0.37305,-0.3269,1.02178,-5.562,0.75,-2.375,-0.1879,-0.8041,-0.3104,0.4707
1782933141910,62457,0.9209,0.37964,-0.31445,1.04454,-5.125,3.125,-5.938,-0.2081,-0.7981,-0.3247,0.4626
1782933141968,62515,0.93335,0.37988,-0.3103,1.05439,-6.125,3.812,-7.438,-0.208,-0.798,-0.3251,0.4626
1782933141969,62516,0.948,0.38892,-0.32471,1.0749,-5.875,4.75,-9.25,-0.2077,-0.7979,-0.3255,0.4626
1782933141970,62517,0.88599,0.40308,-0.32104,1.02495,-7.125,6.312,-20.75,-0.2376,-0.7871,-0.3518,0.4473
1782933142029,62576,0.8855,0.41602,-0.3396,1.03562,-7.375,5.25,-21.688,-0.2365,-0.7871,-0.3529,0.4469
1782933142030,62577,0.88647,0.4187,-0.34009,1.03769,-7.938,5.438,-22.062,-0.2362,-0.7871,-0.3533,0.4468
1782933142032,62579,0.88647,0.4187,-0.34009,1.03769,-7.938,5.438,-22.062,-0.2362,-0.7871,-0.3533,0.4468
1782933142089,62636,0.88647,0.4187,-0.34009,1.03769,-7.938,5.438,-22.062,-0.2362,-0.7871,-0.3533,0.4468
1782933142090,62637,0.90625,0.40869,-0.22339,1.01893,-17.938,15.812,-44.75,-0.2848,-0.7667,-0.3984,0.4149
1782933142095,62642,0.86426,0.4751,-0.2583,1.0195,-12.5,20.0,-34.5,-0.3306,-0.7419,-0.4455,0.3761
1782933142149,62696,0.88281,0.47437,-0.25122,1.03319,-13.188,27.812,-35.562,-0.3278,-0.7415,-0.4483,0.376
1782933142150,62697,0.89673,0.47412,-0.23267,1.0407,-15.062,31.562,-37.125,-0.3472,-0.7312,-0.4613,0.3629
1782933142152,62699,0.87036,0.47412,-0.16504,1.00477,-16.188,52.688,-42.438,-0.3688,-0.7084,-0.4967,0.3392
1782933142206,62753,0.87134,0.46045,-0.17407,1.00077,-14.438,54.625,-42.312,-0.3666,-0.708,-0.4986,0.3398
1782933142209,62756,0.85938,0.46558,-0.16943,0.99197,-14.062,56.688,-42.0,-0.3643,-0.7075,-0.5006,0.3404
1782933142210,62757,0.85938,0.46558,-0.16943,0.99197,-14.062,56.688,-42.0,-0.3643,-0.7075,-0.5006,0.3404
1782933142268,62815,0.89966,0.48877,-0.11255,1.03003,0.5,56.625,-48.25,-0.3876,-0.6789,-0.54,0.3112
1782933142269,62816,0.90869,0.49414,-0.11011,1.0402,2.0,60.125,-50.5,-0.3848,-0.679,-0.5416,0.3118
1782933142270,62817,0.99438,0.49341,-0.0415,1.11084,5.5,92.938,-87.5,-0.3782,-0.6641,-0.5725,0.2965
1782933142331,62878,0.86597,0.49512,-0.38525,1.06933,33.125,187.062,-92.312,-0.3759,-0.6582,-0.5845,0.2891
1782933142332,62879,0.83691,0.51514,0.2124,1.00544,14.438,172.5,-95.125,-0.3679,-0.6573,-0.5887,0.2929
1782933142333,62880,0.74976,0.48657,0.11694,0.90142,49.125,201.438,-57.25,-0.3346,-0.6465,-0.6179,0.2965
1782933142388,62935,0.73413,0.51709,0.11133,0.90483,52.875,208.312,-52.0,-0.3333,-0.6403,-0.626,0.2944
1782933142390,62937,0.68726,0.54858,0.13696,0.88996,55.688,222.625,-46.688,-0.3253,-0.6397,-0.6282,0.2999
1782933142391,62938,0.68726,0.54858,0.13696,0.88996,55.688,222.625,-46.688,-0.3253,-0.6397,-0.6282,0.2999
1782933142449,62996,0.53979,0.51465,0.47021,0.88167,66.0,368.812,-37.062,-0.2336,-0.5983,-0.6752,0.3623
1782933142450,62997,0.49878,0.521,0.48755,0.87059,69.938,352.625,-32.125,-0.2213,-0.5949,-0.6775,0.3712
1782933142451,62998,0.54175,0.61938,-0.10254,0.82924,101.312,96.688,15.75,-0.2022,-0.6083,-0.6696,0.3746
1782933142514,63061,0.62866,0.57471,-0.08423,0.85592,87.875,114.062,10.812,-0.2039,-0.6071,-0.6716,0.3721
1782933142514,63061,0.62891,0.60083,-0.04077,0.87074,82.5,129.438,2.875,-0.1991,-0.6075,-0.6705,0.3762
1782933142515,63062,0.62891,0.60083,-0.04077,0.87074,82.5,129.438,2.875,-0.1991,-0.6075,-0.6705,0.3762
1782933142567,63114,0.76538,0.75342,-0.25806,1.10456,64.562,30.75,78.562,-0.1808,-0.6058,-0.6658,0.3958
1782933142568,63115,0.83887,0.69897,-0.31592,1.13669,56.5,30.5,77.125,-0.1811,-0.6066,-0.663,0.3992
1782933142569,63116,0.80273,1.15283,0.16919,1.41493,28.062,108.625,9.188,-0.1734,-0.5911,-0.6658,0.4207
1782933142632,63179,0.8252,0.55493,0.16455,1.00796,0.062,44.375,24.125,-0.1768,-0.587,-0.6692,0.4195
1782933142633,63180,0.81396,0.71143,0.25977,1.11182,9.812,48.875,14.438,-0.1755,-0.5863,-0.6691,0.4213
1782933142636,63183,0.63696,0.68213,0.12866,0.94211,10.938,22.938,8.625,-0.1786,-0.5864,-0.6692,0.4197
1782933142687,63234,0.60767,0.6875,0.12109,0.92552,5.375,33.625,12.938,-0.1807,-0.5847,-0.6712,0.4179
1782933142687,63234,0.6001,0.70142,0.14429,0.93431,2.938,45.25,14.125,-0.1798,-0.584,-0.6712,0.4193
1782933142688,63235,0.55322,0.6333,0.36841,0.91807,-9.188,87.812,14.688,-0.1688,-0.5654,-0.6806,0.4338
1782933142749,63296,0.56689,0.61157,0.39575,0.92304,-9.812,96.625,18.688,-0.1642,-0.5573,-0.6846,0.4399
1782933142752,63299,0.58276,0.59375,0.61426,1.03415,-15.688,88.5,18.812,-0.1627,-0.5516,-0.688,0.4422
1782933142754,63301,0.58789,0.4917,0.37354,0.85259,9.438,29.562,51.812,-0.1616,-0.5451,-0.6882,0.4504
1782933142810,63357,0.58789,0.4917,0.37354,0.85259,9.438,29.562,51.812,-0.1616,-0.5451,-0.6882,0.4504
1782933142814,63361,0.78369,0.74683,0.28345,1.11905,5.438,32.75,51.75,-0.1645,-0.5426,-0.6874,0.4535
1782933142816,63363,0.68823,0.60864,0.52344,1.0574,7.875,53.062,11.562,-0.1594,-0.527,-0.6888,0.4713
1782933142869,63416,0.68823,0.60864,0.52344,1.0574,7.875,53.062,11.562,-0.1594,-0.527,-0.6888,0.4713
1782933142869,63416,0.56812,0.55933,0.57642,0.9838,20.625,34.25,-2.0,-0.1582,-0.5255,-0.6901,0.4714
1782933142871,63418,0.375,0.45361,0.3064,0.66353,36.062,78.75,-6.688,-0.1402,-0.5311,-0.6863,0.4765
1782933142931,63478,0.375,0.45361,0.3064,0.66353,36.062,78.75,-6.688,-0.1402,-0.5311,-0.6863,0.4765
1782933142987,63534,0.36084,0.41138,0.28174,0.61548,26.75,104.0,-7.938,-0.1367,-0.5291,-0.6879,0.4774
1782933142987,63534,0.65918,0.73486,0.92212,1.35087,-10.125,190.188,99.562,-0.0997,-0.4894,-0.6923,0.5205
1782933142988,63535,0.65918,0.73486,0.92212,1.35087,-10.125,190.188,99.562,-0.0997,-0.4894,-0.6923,0.5205
1782933143049,63596,0.83472,0.69775,0.72437,1.30703,-1.875,91.188,81.875,-0.0991,-0.4828,-0.6917,0.5275
1782933143050,63597,0.4519,0.28979,0.24316,0.58934,63.562,66.25,75.875,-0.082,-0.4743,-0.6685,0.5667
1782933143051,63598,0.67822,0.52588,0.36768,0.93366,-33.938,145.875,124.562,-0.0642,-0.4315,-0.6506,0.6214
1782933143169,63716,0.73145,0.42114,0.4519,0.95739,-40.0,170.438,107.5,-0.0623,-0.423,-0.6473,0.6308
1782933143170,63717,0.7063,0.39502,0.38257,0.89513,-43.438,178.625,102.062,-0.0629,-0.4166,-0.6491,0.6332
1782933143170,63717,0.7063,0.39502,0.38257,0.89513,-43.438,178.625,102.062,-0.0629,-0.4166,-0.6491,0.6332
1782933143171,63718,1.51465,0.34497,1.84985,2.4156,-220.125,-134.688,214.375,-0.1307,-0.346,-0.6275,0.685
1782933143227,63774,1.44116,0.37622,1.61743,2.19876,-134.25,-136.312,180.75,-0.152,-0.3421,-0.6292,0.681
1782933143228,63775,1.46313,0.20874,0.73853,1.6522,-105.812,293.938,147.25,-0.1493,-0.2836,-0.6137,0.7213
1782933143229,63776,0.09155,-0.11792,0.33691,0.3685,-22.5,-22.812,2.0,-0.1353,-0.2266,-0.6346,0.7262
1782933143286,63833,0.10913,-0.10278,0.15601,0.21636,-27.438,7.438,5.0,-0.1365,-0.226,-0.6347,0.7261
1782933143287,63834,0.13208,-0.39038,0.02344,0.41278,-23.438,64.562,-3.062,-0.1361,-0.2227,-0.6348,0.7271
1782933143288,63835,0.44971,0.70117,2.75391,2.87713,-80.125,556.062,-30.0,-0.0676,-0.0902,-0.6565,0.7457
1782933143348,63895,0.073,0.66968,3.01318,3.08756,-57.125,454.25,-57.188,-0.0551,-0.0727,-0.6597,0.7458
1782933143350,63897,-0.41772,0.46997,2.76318,2.83382,-16.875,227.75,-41.062,-0.0426,-0.056,-0.6655,0.7429
1782933143352,63899,-0.41772,0.46997,2.76318,2.83382,-16.875,227.75,-41.062,-0.0426,-0.056,-0.6655,0.7429
1782933143412,63959,0.59863,-0.43042,0.22632,0.77126,38.375,-12.562,130.438,-0.0823,-0.1129,-0.6224,0.77
1782933143413,63960,0.51123,-0.03809,0.84448,0.9879,41.688,197.938,69.875,-0.0736,-0.1061,-0.6166,0.7764
1782933143414,63961,0.21362,0.11182,0.98511,1.01419,40.0,-46.688,88.188,-0.0407,-0.0788,-0.6018,0.7935
1782933143468,64015,0.21362,0.11182,0.98511,1.01419,40.0,-46.688,88.188,-0.0407,-0.0788,-0.6018,0.7935
1782933143469,64016,0.25781,0.05908,0.88965,0.92813,47.688,-30.062,87.938,-0.0405,-0.0811,-0.5986,0.7958
1782933143469,64016,0.14404,0.15479,0.99512,1.01734,47.688,43.438,57.0,-0.0195,-0.084,-0.5733,0.8146
1782933143528,64075,0.14551,0.13867,0.99072,1.0109,42.062,38.188,50.812,-0.016,-0.0834,-0.5703,0.8168
1782933143530,64077,0.14453,0.12256,1.02563,1.04299,41.062,43.375,47.0,-0.0137,-0.0829,-0.5686,0.8182
1782933143532,64079,0.15259,0.16357,0.92749,0.95408,41.562,50.125,23.312,0.0048,-0.0806,-0.5556,0.8274
1782933143588,64135,0.15674,0.16382,0.97119,0.9973,40.875,47.0,23.938,0.0086,-0.0796,-0.5541,0.8284
1782933143589,64136,0.12402,0.16992,1.04712,1.06804,42.312,47.875,24.438,0.0112,-0.0789,-0.553,0.8292
1782933143591,64138,0.14478,0.1792,0.95923,0.98651,21.375,4.5,16.375,0.026,-0.0817,-0.5432,0.835
1782933143648,64195,0.14453,0.19312,0.96094,0.99075,20.688,4.188,14.688,0.0268,-0.0821,-0.5426,0.8354
1782933143649,64196,0.14233,0.2019,0.96729,0.99833,17.5,5.0,13.688,0.0276,-0.0824,-0.542,0.8357
1782933143650,64197,0.13525,0.20312,0.97803,1.00801,-1.438,-10.188,1.688,0.029,-0.0853,-0.5394,0.837
1782933143714,64261,0.13086,0.20215,0.97632,1.00558,-2.5,-12.0,2.188,0.0287,-0.0857,-0.5394,0.837
1782933143715,64262,0.13745,0.20605,0.97217,1.00323,-3.688,-13.25,2.438,0.0283,-0.0861,-0.5393,0.8371
1782933143717,64264,0.14648,0.18433,0.96802,0.99624,1.688,-4.0,2.25,0.025,-0.0897,-0.5355,0.8392
1782933143768,64315,0.16382,0.19263,0.9458,0.97902,2.25,-2.312,-0.938,0.025,-0.0901,-0.5355,0.8392
1782933143769,64316,0.1731,0.19312,0.95923,0.99367,1.562,5.688,-1.562,0.0253,-0.0901,-0.5352,0.8394
1782933143769,64316,0.14502,0.19727,0.9707,1.0011,-1.75,17.875,-2.25,0.0282,-0.0861,-0.5368,0.8388
1782933143828,64375,0.13672,0.20117,0.97388,1.00379,-1.25,18.0,-2.5,0.029,-0.0847,-0.5369,0.8388
1782933143829,64376,0.13184,0.19995,0.98218,1.01096,-1.0,15.938,-2.0,0.0296,-0.0839,-0.5368,0.8389
1782933143831,64378,0.12891,0.20166,0.98193,1.01068,1.562,0.562,0.312,0.0313,-0.0821,-0.5357,0.8397
1782933143887,64434,0.12891,0.20264,0.98169,1.01064,1.312,-1.25,0.312,0.0314,-0.0822,-0.5357,0.8397
1782933143889,64436,0.12817,0.20312,0.98071,1.00969,1.312,-2.5,0.562,0.0314,-0.0823,-0.5357,0.8397
1782933143890,64437,0.14258,0.20166,0.97388,1.00471,-0.25,-6.812,1.0,0.0302,-0.0852,-0.5339,0.8406
1782933143949,64496,0.14087,0.198,0.97144,1.00137,0.0,-6.188,0.875,0.03,-0.0854,-0.5339,0.8406
1782933143950,64497,0.14136,0.19995,0.97119,1.00159,0.125,-5.812,0.812,0.0299,-0.0856,-0.5338,0.8406
1782933143953,64500,0.13843,0.19897,0.9707,1.00051,0.125,3.25,-0.562,0.0302,-0.0863,-0.5333,0.8409
1782933144013,64560,0.14087,0.20435,0.96826,0.99957,-0.188,3.938,-0.562,0.0303,-0.0862,-0.5333,0.8408
1782933144016,64563,0.14062,0.20117,0.97168,1.0022,-0.125,4.688,-0.812,0.0304,-0.086,-0.5333,0.8408
1782933144017,64564,0.13159,0.19946,0.97754,1.00632,0.188,3.938,-0.438,0.0317,-0.0845,-0.535,0.8399
1782933144069,64616,0.12891,0.20337,0.97339,1.00273,0.375,3.062,-0.5,0.0317,-0.0844,-0.535,0.8399
1782933144070,64617,0.13379,0.19849,0.97729,1.00618,0.188,2.188,-0.125,0.0319,-0.0843,-0.535,0.8399
1782933144071,64618,0.13257,0.19824,0.97046,0.99933,0.125,-2.062,0.312,0.0321,-0.0852,-0.5324,0.8414
1782933144132,64679,0.13159,0.20093,0.97461,1.00377,0.0,-2.125,0.0,0.032,-0.0853,-0.5324,0.8414
1782933144133,64680,0.13257,0.20117,0.97559,1.0049,0.25,-2.562,0.312,0.032,-0.0855,-0.5324,0.8414
1782933144136,64683,0.13257,0.20117,0.97559,1.0049,0.25,-2.562,0.312,0.032,-0.0855,-0.5324,0.8414
1782933144187,64734,0.13721,0.19922,0.97266,1.00229,0.312,-0.75,0.0,0.0317,-0.0866,-0.5324,0.8413
1782933144188,64735,0.13599,0.19897,0.97095,1.00041,0.125,-0.5,0.0,0.0317,-0.0867,-0.5324,0.8413
1782933144189,64736,0.13599,0.19897,0.97095,1.00041,0.125,-0.5,0.0,0.0317,-0.0867,-0.5324,0.8413
1782933144248,64795,0.13184,0.19507,0.96973,0.9979,-0.062,2.812,-0.5,0.0327,-0.0862,-0.5328,0.8411
1782933144250,64797,0.1311,0.19922,0.97095,0.99981,-0.062,2.938,-0.375,0.0328,-0.0861,-0.5328,0.8411
1782933144251,64798,0.13013,0.19995,0.97412,1.00291,0.25,-1.875,0.0,0.0335,-0.0861,-0.5299,0.8429
1782933144311,64858,0.13037,0.19922,0.97388,1.00256,0.25,-1.25,0.0,0.0335,-0.0864,-0.5297,0.843
1782933144313,64860,0.12891,0.20288,0.97168,1.00097,0.25,-0.75,0.0,0.0335,-0.0864,-0.5297,0.843
1782933144315,64862,0.12891,0.20288,0.97168,1.00097,0.25,-0.75,0.0,0.0335,-0.0864,-0.5297,0.843
1782933144370,64917,0.12891,0.20288,0.97168,1.00097,0.25,-0.75,0.0,0.0335,-0.0864,-0.5297,0.843
1782933144371,64918,0.12891,0.19458,0.9729,1.00051,-0.062,0.438,0.0,0.034,-0.0878,-0.5297,0.8428
1782933144372,64919,0.12891,0.19458,0.9729,1.00051,-0.062,0.438,0.0,0.034,-0.0878,-0.5297,0.8428
1782933144432,64979,0.13062,0.19873,0.97314,1.00178,-0.062,0.5,0.0,0.0348,-0.0889,-0.5308,0.8419
1782933144434,64981,0.13403,0.19873,0.97241,1.00152,0.125,0.375,-0.125,0.0349,-0.0889,-0.5308,0.8419
1782933144437,64984,0.12695,0.19971,0.97656,1.00482,0.125,1.25,-0.188,0.0354,-0.0888,-0.5293,0.8429
1782933144487,65034,0.12866,0.20215,0.97852,1.00743,0.125,0.938,-0.062,0.0355,-0.0889,-0.5292,0.8429
1782933144489,65036,0.12549,0.20312,0.97656,1.00532,0.25,0.875,1.0,0.0355,-0.0889,-0.5292,0.8429
1782933144490,65037,0.12573,0.20239,0.97852,1.00711,0.375,1.5,-0.125,0.0361,-0.0889,-0.5286,0.8433
1782933144550,65097,0.12476,0.19995,0.97754,1.00555,0.125,0.125,0.0,0.0362,-0.089,-0.5283,0.8435
1782933144551,65098,0.12598,0.20068,0.97705,1.00537,0.125,-0.125,0.0,0.0363,-0.0891,-0.5283,0.8435
1782933144554,65101,0.12598,0.20142,0.97656,1.00504,0.062,0.375,0.0,0.0369,-0.0892,-0.5271,0.8441
1782933144613,65160,0.12598,0.20142,0.97656,1.00504,0.062,0.375,0.0,0.0369,-0.0892,-0.5271,0.8441
1782933144615,65162,0.12524,0.20068,0.97339,1.00172,0.0,-0.125,0.0,0.037,-0.0895,-0.527,0.8442
1782933144616,65163,0.12598,0.19751,0.97412,1.00189,0.125,-0.562,0.0,0.0377,-0.0903,-0.5238,0.8461
1782933144669,65216,0.12769,0.20068,0.97168,1.00037,0.125,0.125,0.125,0.0378,-0.0905,-0.5237,0.8461
1782933144671,65218,0.12671,0.19775,0.9751,1.00299,0.125,0.0,0.0,0.0379,-0.0906,-0.5237,0.8461
1782933144673,65220,0.12695,0.19971,0.979,1.00719,0.0,1.375,-0.312,0.0386,-0.091,-0.5218,0.8472
1782933144730,65277,0.12549,0.20068,0.97363,1.00199,0.0,1.312,-0.125,0.0386,-0.0911,-0.5217,0.8472
1782933144732,65279,0.12769,0.19946,0.97363,1.00202,0.062,1.438,-0.125,0.0387,-0.0911,-0.5217,0.8472
1782933144736,65283,0.12134,0.2019,0.97412,1.0022,0.125,1.625,-0.25,0.0394,-0.0908,-0.5201,0.8482
1782933144788,65335,0.12549,0.2002,0.97729,1.00545,0.25,1.375,-0.062,0.0395,-0.0908,-0.5195,0.8486
1782933144789,65336,0.12231,0.20264,0.97681,1.00508,0.125,1.062,-0.25,0.0396,-0.0908,-0.5195,0.8486
1782933144791,65338,0.12231,0.19995,0.97363,1.00145,0.125,-0.188,0.0,0.04,-0.0913,-0.5205,0.8479
1782933144851,65398,0.12158,0.198,0.97681,1.00406,0.062,-0.375,0.0,0.0401,-0.0914,-0.5195,0.8485
1782933144853,65400,0.12622,0.198,0.97168,0.99965,0.125,-0.312,0.125,0.0402,-0.0915,-0.5195,0.8485
1782933144855,65402,0.125,0.19751,0.96704,0.99489,0.0,-0.25,0.0,0.0408,-0.0923,-0.5174,0.8496
1782933144913,65460,0.125,0.19751,0.96704,0.99489,0.0,-0.25,0.0,0.0408,-0.0923,-0.5174,0.8496
1782933144916,65463,0.12354,0.198,0.97241,1.00002,0.0,0.375,0.0,0.0411,-0.0924,-0.5158,0.8506
1782933144917,65464,0.12476,0.20117,0.97119,0.99962,0.125,1.312,-0.312,0.0418,-0.0928,-0.5144,0.8513
1782933144969,65516,0.12476,0.20117,0.97119,0.99962,0.125,1.312,-0.312,0.0418,-0.0928,-0.5144,0.8513
1782933144970,65517,0.1228,0.19702,0.97729,1.00449,0.125,0.938,-0.25,0.0419,-0.0928,-0.5136,0.8518
1782933144972,65519,0.12109,0.19873,0.97559,1.00296,0.125,-0.125,0.0,0.0424,-0.093,-0.5126,0.8524
1782933145031,65578,0.11743,0.2041,0.9751,1.00313,0.062,0.0,0.5,0.0426,-0.0931,-0.5126,0.8524
1782933145032,65579,0.12134,0.19873,0.97656,1.00394,0.125,-1.0,0.75,0.0426,-0.0932,-0.5122,0.8526
1782933145035,65582,0.12085,0.20337,0.97388,1.0022,0.0,-1.188,0.375,0.0427,-0.0938,-0.5133,0.8519
1782933145087,65634,0.12744,0.19824,0.97021,0.99842,0.062,-0.875,0.312,0.0426,-0.0939,-0.5132,0.8519
1782933145088,65635,0.12427,0.19849,0.9707,0.99855,0.125,-0.125,0.0,0.0427,-0.0941,-0.5126,0.8522
1782933145091,65638,0.12524,0.20483,0.9668,0.99616,0.188,-0.312,0.0,0.043,-0.0949,-0.5124,0.8523
1782933145149,65696,0.12305,0.20166,0.96411,0.99263,0.0,0.562,0.0,0.0431,-0.0949,-0.5123,0.8523
1782933145151,65698,0.12085,0.19971,0.97363,1.00122,0.0,1.125,0.0,0.0431,-0.0949,-0.5125,0.8522
1782933145152,65699,0.12549,0.20142,0.97607,1.00451,0.062,0.562,0.0,0.0439,-0.0951,-0.51,0.8536
1782933145211,65758,0.12305,0.20142,0.97461,1.00278,0.125,0.688,-0.188,0.044,-0.0951,-0.51,0.8536
1782933145214,65761,0.11841,0.19556,0.9729,0.9994,0.125,0.812,-0.188,0.0441,-0.095,-0.5084,0.8546
1782933145216,65763,0.11914,0.20288,0.97021,0.99833,0.125,-0.5,-0.062,0.0447,-0.0956,-0.5073,0.8551
1782933145268,65815,0.11914,0.20288,0.97021,0.99833,0.125,-0.5,-0.062,0.0447,-0.0956,-0.5073,0.8551
1782933145269,65816,0.12183,0.19849,0.97217,0.99968,0.125,-0.875,-0.062,0.0448,-0.0958,-0.5068,0.8554
1782933145272,65819,0.11792,0.19751,0.97852,1.00519,-0.188,0.5,-0.125,0.0455,-0.0961,-0.5042,0.8569
1782933145328,65875,0.12158,0.19727,0.97827,1.00534,0.0,0.562,-0.25,0.0455,-0.0961,-0.5042,0.8569
1782933145329,65876,0.11963,0.20117,0.97437,1.00209,-0.188,0.375,-0.25,0.0458,-0.0961,-0.5028,0.8577
1782933145331,65878,0.11914,0.19971,0.97754,1.00482,0.125,-0.125,0.062,0.0462,-0.0964,-0.5031,0.8574
1782933145387,65934,0.11816,0.198,0.97461,1.00151,0.062,-0.562,0.0,0.0463,-0.0964,-0.5031,0.8574
1782933145388,65935,0.12036,0.20093,0.97363,1.00141,0.25,-0.938,0.0,0.0465,-0.0966,-0.5017,0.8582
1782933145390,65937,0.11694,0.19629,0.97363,1.00008,0.125,0.812,-0.062,0.0466,-0.0969,-0.5032,0.8572
1782933145449,65996,0.11694,0.19629,0.97363,1.00008,0.125,0.812,-0.062,0.0466,-0.0969,-0.5032,0.8572
1782933145451,65998,0.11987,0.19922,0.97388,1.00125,0.125,1.062,0.0,0.0468,-0.0969,-0.5021,0.8579
1782933145451,65998,0.11987,0.19971,0.97241,0.99992,0.0,-0.875,0.062,0.0472,-0.0971,-0.5003,0.859
1782933145513,66060,0.11987,0.19971,0.97241,0.99992,0.0,-0.875,0.062,0.0472,-0.0971,-0.5003,0.859
1782933145514,66061,0.11865,0.19849,0.96826,0.99549,0.0,-0.438,0.0,0.0473,-0.0972,-0.5003,0.859
1782933145515,66062,0.12378,0.19995,0.97632,1.00424,-0.062,0.562,-0.188,0.0476,-0.0977,-0.4995,0.8593
1782933145568,66115,0.11548,0.2002,0.96973,0.99689,0.188,0.75,-0.125,0.0477,-0.0977,-0.4995,0.8593
1782933145569,66116,0.11353,0.19727,0.96948,0.99584,-0.125,0.75,0.0,0.0479,-0.0977,-0.4985,0.8599
1782933145571,66118,0.12061,0.19824,0.97803,1.00518,0.125,0.062,-0.062,0.0482,-0.0977,-0.4979,0.8602
1782933145635,66182,0.11865,0.19824,0.97339,1.00043,0.125,0.062,-0.188,0.0483,-0.0977,-0.4979,0.8602
1782933145637,66184,0.12109,0.19995,0.96851,0.99632,0.125,-0.188,-0.25,0.0483,-0.0977,-0.498,0.8602
1782933145641,66188,0.11548,0.20044,0.97217,0.99931,0.0,-0.312,-0.188,0.0488,-0.0979,-0.4964,0.861
1782933145687,66234,0.11816,0.19946,0.97168,0.99895,0.062,-0.25,-0.062,0.0489,-0.098,-0.4965,0.861
1782933145688,66235,0.11743,0.19824,0.97144,0.99839,0.0,0.062,-0.062,0.049,-0.098,-0.4965,0.861
1782933145689,66236,0.11646,0.19946,0.98071,1.00754,0.125,0.438,-0.312,0.0496,-0.0981,-0.4945,0.8621
1782933145748,66295,0.11499,0.2002,0.97827,1.00514,0.125,0.625,-0.188,0.0497,-0.0981,-0.4945,0.8621
1782933145749,66296,0.1167,0.19873,0.97705,1.00386,0.062,0.625,-0.125,0.0497,-0.0981,-0.4945,0.8621
1782933145751,66298,0.11572,0.2019,0.97363,1.00105,0.062,0.0,-0.188,0.0502,-0.098,-0.4927,0.8631
1782933145809,66356,0.11743,0.19922,0.96899,0.9962,0.062,-0.312,0.062,0.0503,-0.098,-0.4926,0.8631
1782933145810,66357,0.11694,0.19849,0.97363,1.00051,0.0,0.125,0.0,0.0503,-0.098,-0.4926,0.8631
1782933145811,66358,0.11597,0.19873,0.97314,0.99997,0.0,0.0,-0.188,0.0507,-0.0984,-0.4926,0.863
1782933145868,66415,0.11401,0.2002,0.97144,0.99839,0.0,0.125,0.0,0.0507,-0.0984,-0.4926,0.863
1782933145927,66474,0.11548,0.19873,0.97241,0.9992,-0.062,-0.062,-0.25,0.0507,-0.0984,-0.4926,0.863
1782933145928,66475,0.11548,0.19727,0.97778,1.00414,0.125,0.688,-0.125,0.051,-0.0985,-0.4924,0.8631
1782933145929,66476,0.11548,0.19727,0.97778,1.00414,0.125,0.688,-0.125,0.051,-0.0985,-0.4924,0.8631
1782933145986,66533,0.11597,0.19629,0.97949,1.00567,-0.062,0.375,-0.125,0.0511,-0.0985,-0.4924,0.8631
1782933145987,66534,0.11426,0.19946,0.97998,1.00658,0.125,-0.312,-0.062,0.0516,-0.0987,-0.4907,0.864
1782933145988,66535,0.11694,0.19995,0.97046,0.99772,0.25,-0.5,0.25,0.052,-0.0992,-0.4883,0.8653
1782933146049,66596,0.11279,0.20117,0.9751,1.002,0.0,-0.438,0.188,0.0521,-0.0993,-0.4883,0.8653
1782933146050,66597,0.11621,0.19922,0.97705,1.0039,0.125,-0.938,0.0,0.052,-0.0994,-0.489,0.8649
1782933146052,66599,0.11694,0.20508,0.9707,0.999,0.062,1.0,-0.125,0.052,-0.0999,-0.4887,0.8651
1782933146112,66659,0.11353,0.19824,0.9707,0.99722,-0.125,1.375,-0.25,0.0521,-0.0998,-0.4887,0.8651
1782933146115,66662,0.1145,0.20117,0.97681,1.00386,-0.125,1.312,0.062,0.0521,-0.0997,-0.4887,0.8651
1782933146116,66663,0.1145,0.20117,0.97681,1.00386,-0.125,1.312,0.062,0.0521,-0.0997,-0.4887,0.8651
1782933146168,66715,0.11475,0.19922,0.97583,1.00255,0.0,0.812,-0.125,0.0523,-0.0996,-0.4887,0.8651
1782933146169,66716,0.1106,0.2002,0.98047,1.00679,0.062,0.5,-0.062,0.0524,-0.0996,-0.4887,0.8651
1782933146170,66717,0.1106,0.2002,0.98047,1.00679,0.062,0.5,-0.062,0.0524,-0.0996,-0.4887,0.8651
1782933146230,66777,0.10986,0.20068,0.97681,1.00324,0.0,0.0,0.062,0.0527,-0.0998,-0.4873,0.8658
1782933146231,66778,0.11157,0.19751,0.97705,1.00304,0.062,-0.438,0.25,0.0527,-0.0998,-0.4873,0.8658
1782933146233,66780,0.11646,0.19775,0.97266,0.99937,0.125,-0.5,0.188,0.0529,-0.1002,-0.4877,0.8655
1782933146294,66841,0.11719,0.20044,0.97681,1.00403,0.188,-0.188,-0.125,0.0529,-0.1003,-0.4877,0.8655
1782933146296,66843,0.11401,0.2002,0.96777,0.99482,0.125,-0.062,-0.062,0.0529,-0.1003,-0.4877,0.8655
1782933146300,66847,0.11401,0.2002,0.96777,0.99482,0.125,-0.062,-0.062,0.0529,-0.1003,-0.4877,0.8655
1782933146347,66894,0.11353,0.19775,0.98022,1.00639,0.125,1.062,-0.312,0.0535,-0.1,-0.4852,0.8669
1782933146348,66895,0.11157,0.20093,0.97363,1.00039,0.188,0.938,-0.188,0.0535,-0.1,-0.4852,0.8669
1782933146349,66896,0.11157,0.20093,0.97363,1.00039,0.188,0.938,-0.188,0.0535,-0.1,-0.4852,0.8669
1782933146412,66959,0.11157,0.20093,0.97363,1.00039,0.188,0.938,-0.188,0.0535,-0.1,-0.4852,0.8669
1782933146413,66960,0.11328,0.19873,0.97217,0.99872,0.5,-1.125,-0.062,0.054,-0.1001,-0.4829,0.8681
1782933146413,66960,0.11328,0.19873,0.97217,0.99872,0.5,-1.125,-0.062,0.054,-0.1001,-0.4829,0.8681
1782933146467,67014,0.1106,0.19897,0.97778,1.00393,0.0,0.25,0.0,0.0541,-0.1005,-0.4825,0.8683
1782933146468,67015,0.10938,0.19849,0.98022,1.00608,0.125,-0.312,0.062,0.0541,-0.1005,-0.4825,0.8683
1782933146469,67016,0.10938,0.19849,0.98022,1.00608,0.125,-0.312,0.062,0.0541,-0.1005,-0.4825,0.8683
1782933146528,67075,0.10986,0.19678,0.97632,1.00199,0.125,0.125,-0.188,0.054,-0.1011,-0.4832,0.8679
1782933146529,67076,0.11255,0.20264,0.97388,1.00109,0.0,-0.188,0.0,0.054,-0.1011,-0.4832,0.8679
1782933146532,67079,0.1106,0.2002,0.9834,1.00965,0.25,-0.812,0.0,0.0544,-0.1009,-0.4825,0.8682
1782933146587,67134,0.11255,0.2002,0.98047,1.00701,0.125,-1.688,0.188,0.0543,-0.1011,-0.4828,0.8681
1782933146589,67136,0.11523,0.19849,0.97607,1.00269,0.125,-2.188,0.188,0.0543,-0.1012,-0.4828,0.8681
1782933146591,67138,0.10986,0.20044,0.9729,0.99939,0.188,-0.312,0.125,0.0543,-0.1015,-0.4839,0.8674
1782933146648,67195,0.11328,0.19922,0.97437,1.00096,0.188,-0.375,0.062,0.0544,-0.1015,-0.4831,0.8678
1782933146649,67196,0.11401,0.20093,0.9729,0.99995,0.062,0.062,0.062,0.0545,-0.1015,-0.4831,0.8678
1782933146649,67196,0.1123,0.2002,0.97705,1.00365,0.125,-0.75,-0.125,0.0548,-0.1014,-0.4814,0.8688
1782933146711,67258,0.11108,0.19922,0.9707,0.99714,0.125,-0.688,0.0,0.0547,-0.1016,-0.4822,0.8683
1782933146713,67260,0.11426,0.19849,0.97168,0.99831,0.0,-0.375,0.0,0.0547,-0.1016,-0.4822,0.8683
1782933146715,67262,0.11108,0.198,0.97412,1.00023,-0.125,0.0,0.0,0.0552,-0.1015,-0.4795,0.8698
1782933146768,67315,0.11108,0.198,0.97412,1.00023,-0.125,0.0,0.0,0.0552,-0.1015,-0.4795,0.8698
1782933146769,67316,0.11255,0.20166,0.96997,0.99708,-0.125,0.312,-0.062,0.0554,-0.1014,-0.4786,0.8702
1782933146770,67317,0.11182,0.20044,0.97217,0.9989,0.125,-1.125,-0.125,0.056,-0.1013,-0.475,0.8722
1782933146830,67377,0.10889,0.20142,0.97559,1.0021,0.125,-1.0,0.125,0.0559,-0.1015,-0.4753,0.872
1782933146831,67378,0.11255,0.19946,0.97534,1.00187,0.125,-0.875,0.125,0.0559,-0.1015,-0.4753,0.872
1782933146832,67379,0.11328,0.20068,0.97632,1.00315,-0.062,1.0,-0.062,0.056,-0.1016,-0.4748,0.8723
1782933146886,67433,0.11182,0.20093,0.97241,0.99923,0.188,1.312,-0.438,0.056,-0.1015,-0.4748,0.8723
1782933146887,67434,0.1106,0.19775,0.97827,1.00417,0.0,0.938,0.0,0.0559,-0.1016,-0.476,0.8717
1782933146889,67436,0.11279,0.20264,0.97559,1.00278,0.0,0.0,0.062,0.0563,-0.1015,-0.4757,0.8718
1782933146951,67498,0.11279,0.20264,0.97559,1.00278,0.0,0.0,0.062,0.0563,-0.1015,-0.4757,0.8718
1782933146952,67499,0.10693,0.20117,0.97607,1.00231,0.125,-0.938,0.125,0.0562,-0.1016,-0.4758,0.8717
1782933146955,67502,0.10693,0.20117,0.97607,1.00231,0.125,-0.938,0.125,0.0562,-0.1016,-0.4758,0.8717
1782933147010,67557,0.11108,0.19629,0.9707,0.99656,0.0,-0.25,0.0,0.0562,-0.1019,-0.4755,0.8718
1782933147014,67561,0.10718,0.19849,0.9751,1.00085,0.125,0.625,-0.188,0.0562,-0.102,-0.4765,0.8713
1782933147015,67562,0.10938,0.19995,0.97559,1.00186,0.125,1.625,-0.188,0.0566,-0.1018,-0.4756,0.8718
1782933147068,67615,0.10962,0.19678,0.97754,1.00316,-0.125,1.562,-0.188,0.0566,-0.1016,-0.4756,0.8718
1782933147069,67616,0.10986,0.2019,0.97485,1.00158,-0.062,1.375,-0.312,0.0567,-0.1016,-0.475,0.8721
1782933147070,67617,0.11279,0.19873,0.97144,0.99795,-0.125,-0.062,0.0,0.0569,-0.1018,-0.4741,0.8726
1782933147130,67677,0.10742,0.20142,0.97363,1.00003,-0.125,0.125,0.0,0.0569,-0.1018,-0.4741,0.8726
1782933147131,67678,0.10986,0.19897,0.98096,1.00695,0.0,-0.062,0.0,0.0568,-0.1018,-0.4747,0.8722
1782933147133,67680,0.10791,0.20166,0.97827,1.00465,0.062,0.625,0.0,0.0568,-0.1021,-0.4746,0.8723
1782933147189,67736,0.10791,0.20166,0.97827,1.00465,0.062,0.625,0.0,0.0568,-0.1021,-0.4746,0.8723
1782933147193,67740,0.11035,0.19922,0.97559,1.00182,0.062,0.0,-0.188,0.0569,-0.1021,-0.4747,0.8722
1782933147195,67742,0.1084,0.198,0.97534,1.00112,0.0,0.875,0.0,0.0571,-0.1019,-0.4751,0.872
1782933147250,67797,0.10791,0.2002,0.97754,1.00365,0.0,0.812,-0.188,0.0571,-0.1019,-0.4751,0.872
1782933147251,67798,0.1106,0.20166,0.97705,1.00376,0.125,0.375,-0.062,0.057,-0.102,-0.4763,0.8713
1782933147252,67799,0.10962,0.19751,0.97388,0.99973,0.125,-0.562,0.0,0.0571,-0.1019,-0.477,0.871
1782933147312,67859,0.10645,0.19971,0.97314,0.99911,0.0,-0.562,-0.125,0.0571,-0.1019,-0.477,0.871
1782933147314,67861,0.10938,0.20166,0.97607,1.00267,0.0,-0.562,0.062,0.0572,-0.102,-0.4766,0.8712
1782933147317,67864,0.11133,0.19873,0.97437,1.00064,0.125,-0.25,0.0,0.0573,-0.1022,-0.4771,0.8709
1782933147366,67913,0.11133,0.19971,0.97485,1.0013,0.125,0.0,-0.062,0.0573,-0.1021,-0.4771,0.8709
1782933147367,67914,0.10962,0.19995,0.97485,1.00116,0.125,0.5,0.062,0.0571,-0.1023,-0.4786,0.87
1782933147368,67915,0.11011,0.19897,0.97168,0.99794,0.125,0.062,-0.25,0.0575,-0.102,-0.4774,0.8707
1782933147427,67974,0.10791,0.19971,0.97412,1.00022,0.0,0.188,-0.125,0.0576,-0.1019,-0.4774,0.8707
1782933147428,67975,0.1106,0.20044,0.97607,1.00256,0.125,-0.125,-0.062,0.0576,-0.1019,-0.4767,0.8711
1782933147430,67977,0.10767,0.19873,0.97632,1.00214,0.0,0.0,0.0,0.0578,-0.102,-0.4768,0.871
1782933147486,68033,0.11011,0.19849,0.97437,1.00046,0.125,0.0,0.0,0.0578,-0.1019,-0.4768,0.871
1782933147487,68034,0.11011,0.19702,0.97607,1.00183,0.125,0.0,0.188,0.0578,-0.102,-0.4771,0.8709
1782933147490,68037,0.10938,0.20044,0.97754,1.00385,0.125,-0.312,-0.062,0.0579,-0.102,-0.4769,0.8709
1782933147549,68096,0.10645,0.20117,0.97363,0.99988,0.125,-0.375,0.0,0.0579,-0.102,-0.4769,0.8709
1782933147551,68098,0.10669,0.2002,0.97461,1.00066,0.125,-0.75,0.0,0.0581,-0.102,-0.476,0.8715
1782933147552,68099,0.10767,0.20044,0.97827,1.00438,0.125,-0.375,-0.062,0.0579,-0.1022,-0.4782,0.8702
1782933147608,68155,0.10571,0.19751,0.97461,1.00002,0.125,-0.625,0.062,0.0579,-0.1021,-0.4782,0.8702
1782933147610,68157,0.10986,0.19897,0.97144,0.99767,0.062,-0.562,0.0,0.0581,-0.1022,-0.4769,0.8709
1782933147612,68159,0.10767,0.20117,0.97363,1.00001,0.188,-1.125,0.0,0.0583,-0.1022,-0.4748,0.8721
1782933147668,68215,0.10913,0.19775,0.97144,0.99735,0.125,-0.812,0.062,0.0583,-0.1022,-0.4748,0.8721
1782933147670,68217,0.11108,0.1958,0.97607,1.00169,0.125,-0.375,-0.125,0.0585,-0.1022,-0.4735,0.8728
1782933147671,68218,0.10938,0.19897,0.97583,1.0019,-0.125,0.688,-0.188,0.0585,-0.1023,-0.4734,0.8728
1782933147727,68274,0.10815,0.19971,0.97827,1.00429,0.062,0.375,-0.188,0.0585,-0.1022,-0.4734,0.8728
1782933147729,68276,0.10352,0.19971,0.97559,1.00119,0.062,0.375,0.0,0.0586,-0.1022,-0.4734,0.8728
1782933147730,68277,0.10913,0.19946,0.97412,1.0003,0.125,-0.562,-0.062,0.0588,-0.1021,-0.4728,0.8731
1782933147787,68334,0.10693,0.20117,0.97681,1.00303,0.062,-0.812,0.188,0.0588,-0.1021,-0.4728,0.8731
1782933147789,68336,0.10571,0.19482,0.98096,1.00569,0.125,-1.062,0.125,0.0588,-0.1022,-0.4724,0.8733
1782933147791,68338,0.1084,0.20166,0.97852,1.00495,0.125,-1.562,0.125,0.0586,-0.1028,-0.4724,0.8732
1782933147849,68396,0.10571,0.19824,0.97925,1.00469,0.438,-1.938,0.125,0.0585,-0.1029,-0.4724,0.8732
1782933147850,68397,0.1123,0.19775,0.97168,0.99794,0.312,-2.375,0.0,0.0585,-0.1031,-0.4721,0.8734
1782933147851,68398,0.11157,0.20044,0.97778,1.00433,0.0,0.438,-0.062,0.0585,-0.1033,-0.4719,0.8735
1782933147913,68460,0.11157,0.20044,0.97778,1.00433,0.0,0.438,-0.062,0.0585,-0.1033,-0.4719,0.8735
1782933147916,68463,0.1106,0.19897,0.979,1.00512,0.125,0.312,-0.062,0.0586,-0.1032,-0.4719,0.8735
1782933147916,68463,0.10596,0.1958,0.97729,1.00233,0.312,0.375,-0.188,0.0592,-0.1026,-0.4692,0.8749
1782933147968,68515,0.10767,0.20215,0.97607,1.00258,0.0,0.062,0.0,0.0592,-0.1025,-0.4692,0.8749
1782933147969,68516,0.10767,0.2019,0.97363,1.00016,0.125,0.25,0.062,0.0593,-0.1025,-0.4692,0.8749
1782933147974,68521,0.10498,0.2019,0.97388,1.00011,0.125,-1.938,0.25,0.0592,-0.1029,-0.4702,0.8744
1782933148028,68575,0.1062,0.20044,0.96777,0.994,0.125,-1.625,0.312,0.0591,-0.1029,-0.4702,0.8744
1782933148029,68576,0.1145,0.19702,0.97437,1.00066,-0.062,-0.938,0.312,0.0591,-0.103,-0.4702,0.8744
1782933148031,68578,0.1145,0.19702,0.97437,1.00066,-0.062,-0.938,0.312,0.0591,-0.103,-0.4702,0.8744
1782933148088,68635,0.11182,0.19849,0.97437,1.00065,0.125,-0.312,0.125,0.059,-0.1032,-0.4708,0.874
1782933148090,68637,0.10962,0.19775,0.97583,1.00168,0.062,-0.438,0.125,0.059,-0.1032,-0.4708,0.874
1782933148091,68638,0.10767,0.20264,0.9751,1.00174,0.188,-0.312,0.0,0.0591,-0.1032,-0.4717,0.8735
1782933148149,68696,0.10791,0.19971,0.9751,1.00117,0.0,-0.438,0.375,0.0591,-0.1032,-0.4717,0.8735
1782933148151,68698,0.11304,0.19922,0.97876,1.00521,0.0,-0.188,0.0,0.0591,-0.1031,-0.4717,0.8736
1782933148153,68700,0.10718,0.2002,0.97632,1.00238,0.062,-0.25,-0.062,0.0591,-0.1031,-0.4724,0.8732
1782933148212,68759,0.10522,0.20068,0.97656,1.0025,0.25,-0.812,-0.188,0.0591,-0.1031,-0.4724,0.8732
1782933148214,68761,0.10742,0.2019,0.97095,0.99752,0.125,-0.75,-0.188,0.0591,-0.1032,-0.4725,0.8732
1782933148217,68764,0.10742,0.2019,0.97095,0.99752,0.125,-0.75,-0.188,0.0591,-0.1032,-0.4725,0.8732
1782933148269,68816,0.10669,0.20068,0.97485,1.00099,-0.062,-0.125,0.0,0.0593,-0.103,-0.4713,0.8738
1782933148270,68817,0.10791,0.20288,0.97192,0.99872,0.0,-0.062,0.125,0.0593,-0.103,-0.4713,0.8738
1782933148273,68820,0.10791,0.20288,0.97192,0.99872,0.0,-0.062,0.125,0.0593,-0.103,-0.4713,0.8738
1782933148329,68876,0.11108,0.19971,0.97876,1.00508,0.125,-0.75,0.0,0.0596,-0.1029,-0.4692,0.8749
1782933148329,68876,0.10547,0.19849,0.97632,1.00186,0.125,-1.0,-0.125,0.0596,-0.1029,-0.4692,0.8749
1782933148330,68877,0.10986,0.2002,0.97388,1.0003,0.188,0.312,0.0,0.0598,-0.1029,-0.469,0.875
1782933148398,68945,0.10791,0.20142,0.97461,1.00104,0.062,0.375,0.062,0.0598,-0.1029,-0.469,0.875
1782933148400,68947,0.10498,0.19653,0.97363,0.9988,0.125,0.375,-0.125,0.0598,-0.1028,-0.4691,0.875
1782933148402,68949,0.10254,0.20142,0.97559,1.00143,0.125,-0.25,0.062,0.0599,-0.1026,-0.4694,0.8748
1782933148447,68994,0.10791,0.19556,0.97314,0.99844,0.125,-0.375,0.0,0.0599,-0.1025,-0.4694,0.8748
1782933148448,68995,0.10669,0.19751,0.97607,1.00155,0.125,-0.312,0.062,0.06,-0.1025,-0.4694,0.8748
1782933148449,68996,0.10669,0.19751,0.97607,1.00155,0.125,-0.312,0.062,0.06,-0.1025,-0.4694,0.8748
1782933148507,69054,0.10669,0.19751,0.97607,1.00155,0.125,-0.312,0.062,0.06,-0.1025,-0.4694,0.8748
1782933148510,69057,0.10498,0.20337,0.9751,1.0016,0.062,0.062,0.0,0.0601,-0.1023,-0.4694,0.8748
1782933148511,69058,0.10474,0.20312,0.97095,0.99748,0.188,-0.5,0.0,0.0603,-0.1019,-0.4695,0.8748
1782933148568,69115,0.10474,0.20312,0.97095,0.99748,0.188,-0.5,0.0,0.0603,-0.1019,-0.4695,0.8748
1782933148569,69116,0.10498,0.198,0.97485,1.00028,0.125,-0.312,0.062,0.0603,-0.1019,-0.4695,0.8748
1782933148571,69118,0.10498,0.198,0.97485,1.00028,0.125,-0.312,0.062,0.0603,-0.1019,-0.4695,0.8748
1782933148630,69177,0.10254,0.20093,0.97144,0.99729,0.062,-0.312,-0.062,0.0603,-0.1019,-0.4696,0.8748
1782933148631,69178,0.10791,0.19971,0.97266,0.9988,0.0,0.0,0.0,0.0603,-0.1019,-0.4696,0.8748
1782933148631,69178,0.10229,0.20093,0.98145,1.00702,0.125,0.312,-0.062,0.0606,-0.1015,-0.4696,0.8748
1782933148691,69238,0.10327,0.198,0.97461,0.99987,0.0,-0.438,0.062,0.0606,-0.1014,-0.4696,0.8748
1782933148692,69239,0.10645,0.20093,0.97729,1.00339,0.125,-0.5,0.0,0.0606,-0.1014,-0.4696,0.8748
1782933148693,69240,0.10522,0.19849,0.97583,1.00136,0.062,-1.062,0.062,0.0605,-0.1016,-0.4696,0.8748
1782933148748,69295,0.10938,0.19897,0.97461,1.00071,0.125,-0.812,0.062,0.0604,-0.1016,-0.4696,0.8748
1782933148749,69296,0.10669,0.19922,0.9751,1.00095,0.125,-0.688,0.0,0.0604,-0.1016,-0.4696,0.8748
1782933148751,69298,0.10571,0.20068,0.97974,1.00565,0.062,0.875,-0.125,0.0605,-0.1015,-0.4696,0.8748
1782933148810,69357,0.10571,0.20068,0.97974,1.00565,0.062,0.875,-0.125,0.0605,-0.1015,-0.4696,0.8748
1782933148868,69415,0.10547,0.19897,0.97803,1.00362,0.188,0.75,-0.188,0.0606,-0.1014,-0.4696,0.8748
1782933148869,69416,0.10645,0.20142,0.97656,1.00278,-0.188,0.875,0.0,0.0608,-0.101,-0.4696,0.8748
1782933148872,69419,0.10449,0.2019,0.97754,1.00363,0.125,-0.375,-0.125,0.0609,-0.1008,-0.4696,0.8748
1782933148929,69476,0.10669,0.2019,0.97852,1.00481,0.062,-1.062,0.0,0.0608,-0.1009,-0.4696,0.8748
1782933148931,69478,0.1062,0.20068,0.97534,1.00142,0.188,-1.812,0.125,0.0607,-0.101,-0.4697,0.8748
1782933148931,69478,0.10938,0.19995,0.97168,0.99805,0.125,-0.5,0.062,0.0607,-0.1009,-0.4697,0.8748
1782933148986,69533,0.10938,0.20093,0.97754,1.00395,0.125,-0.25,0.062,0.0608,-0.1008,-0.4697,0.8748
1782933148987,69534,0.10498,0.20068,0.97485,1.00081,0.125,-0.25,-0.125,0.0608,-0.1008,-0.4697,0.8748
1782933148990,69537,0.10645,0.20166,0.97461,1.00093,-0.062,0.062,0.125,0.0608,-0.1009,-0.4697,0.8748
1782933149048,69595,0.10889,0.19922,0.97534,1.00142,-0.125,0.25,0.0,0.0608,-0.1008,-0.4697,0.8748
1782933149049,69596,0.10596,0.20117,0.97583,1.00197,-0.062,0.5,0.062,0.0608,-0.1008,-0.4697,0.8748
1782933149051,69598,0.10596,0.20117,0.97583,1.00197,-0.062,0.5,0.062,0.0608,-0.1008,-0.4697,0.8748
1782933149109,69656,0.1084,0.1958,0.9751,1.00045,0.125,0.0,0.0,0.061,-0.1004,-0.4697,0.8748
1782933149110,69657,0.10669,0.20117,0.97827,1.00442,0.0,-0.062,0.0,0.061,-0.1004,-0.4697,0.8748
1782933149110,69657,0.104,0.20117,0.97437,1.00034,0.125,0.125,0.0,0.061,-0.1003,-0.4698,0.8748
1782933149168,69715,0.10596,0.19824,0.97192,0.99757,-0.188,0.5,0.0,0.061,-0.1003,-0.4698,0.8748
1782933149170,69717,0.10693,0.19922,0.97607,1.00192,0.125,0.875,-0.375,0.061,-0.1002,-0.4698,0.8748
1782933149183,69730,0.10449,0.19971,0.97681,1.00248,0.188,-0.188,-0.062,0.0612,-0.0999,-0.4698,0.8748
1782933149233,69780,0.10156,0.19849,0.97461,0.99979,0.125,-0.625,0.0,0.0612,-0.0999,-0.4699,0.8748
1782933149234,69781,0.104,0.19556,0.97729,1.00208,0.125,-0.5,0.0,0.0612,-0.0999,-0.4699,0.8748
1782933149235,69782,0.104,0.19556,0.97729,1.00208,0.125,-0.5,0.0,0.0612,-0.0999,-0.4699,0.8748
1782933149289,69836,0.10449,0.19897,0.97876,1.00423,0.188,-0.25,0.0,0.0613,-0.0999,-0.4699,0.8748
1782933149297,69844,0.10376,0.19751,0.97632,1.00149,0.062,-0.562,0.0,0.0613,-0.0998,-0.4699,0.8748
1782933149300,69847,0.10376,0.19751,0.97632,1.00149,0.062,-0.562,0.0,0.0613,-0.0998,-0.4699,0.8748
1782933149349,69896,0.10913,0.198,0.97241,0.99835,0.312,-0.375,0.062,0.0614,-0.0996,-0.4699,0.8748
1782933149353,69900,0.10522,0.19995,0.97363,0.9995,0.0,0.125,-0.062,0.0614,-0.0996,-0.4699,0.8748
1782933149369,69916,0.10767,0.19922,0.97583,1.00176,0.125,-0.688,-0.125,0.0614,-0.0996,-0.4699,0.8748
1782933149410,69957,0.10767,0.19946,0.97095,0.99706,-0.125,-0.25,-0.062,0.0614,-0.0996,-0.4699,0.8748
1782933149415,69962,0.10669,0.2002,0.96826,0.99448,0.125,0.0,0.0,0.0614,-0.0996,-0.4699,0.8748
1782933149416,69963,0.10352,0.20142,0.97656,1.00247,0.0,0.438,0.0,0.0616,-0.0992,-0.4699,0.8748
1782933149468,70015,0.10352,0.20142,0.97656,1.00247,0.0,0.438,0.0,0.0616,-0.0992,-0.4699,0.8748
1782933149470,70017,0.10303,0.2019,0.97705,1.003,0.125,0.0,-0.062,0.0617,-0.0991,-0.4699,0.8748
1782933149473,70020,0.10522,0.19946,0.97314,0.99893,0.0,-0.375,-0.125,0.0617,-0.0989,-0.47,0.8748
1782933149528,70075,0.10645,0.20044,0.97241,0.99854,0.0,0.0,-0.188,0.0618,-0.0989,-0.47,0.8748
1782933149530,70077,0.10547,0.19775,0.97339,0.99886,0.25,0.188,-0.125,0.0618,-0.0988,-0.47,0.8748
1782933149531,70078,0.10547,0.19775,0.97339,0.99886,0.25,0.188,-0.125,0.0618,-0.0988,-0.47,0.8748
1782933149595,70142,0.10547,0.19775,0.97339,0.99886,0.25,0.188,-0.125,0.0618,-0.0988,-0.47,0.8748
1782933149596,70143,0.10596,0.2002,0.96851,0.99465,0.062,0.0,0.0,0.062,-0.0985,-0.47,0.8748
1782933149597,70144,0.10278,0.19678,0.979,1.00386,0.188,-0.312,0.0,0.062,-0.0985,-0.4701,0.8748
1782933149647,70194,0.09814,0.20312,0.98193,1.00751,0.312,-0.875,0.062,0.062,-0.0985,-0.4701,0.8748
1782933149648,70195,0.10278,0.20117,0.97949,1.0052,0.125,-1.188,0.062,0.062,-0.0985,-0.4701,0.8748
1782933149648,70195,0.09839,0.20215,0.98438,1.00973,0.062,-0.938,0.0,0.0619,-0.0985,-0.47,0.8748
1782933149709,70256,0.10156,0.20166,0.98047,1.00613,0.375,-1.812,0.062,0.0619,-0.0985,-0.47,0.8748
1782933149709,70256,0.10864,0.19897,0.97168,0.99777,0.25,-2.312,0.375,0.0618,-0.0987,-0.47,0.8748
1782933149710,70257,0.10498,0.19897,0.97485,1.00047,-0.188,0.25,0.188,0.0618,-0.0988,-0.47,0.8748
1782933149769,70316,0.11035,0.19897,0.97363,0.99986,0.0,0.5,0.0,0.0618,-0.0988,-0.47,0.8748
1782933149770,70317,0.10913,0.19873,0.97559,1.00159,0.0,0.625,-0.062,0.0618,-0.0987,-0.47,0.8748
1782933149828,70375,0.10449,0.20312,0.96899,0.99555,0.5,0.062,-0.25,0.0619,-0.0985,-0.4701,0.8748
1782933149830,70377,0.10132,0.19775,0.9707,0.99581,0.062,0.25,0.0,0.062,-0.0985,-0.4701,0.8748
1782933149832,70379,0.10254,0.20117,0.97266,0.99852,0.0,0.438,0.125,0.062,-0.0984,-0.4701,0.8748
1782933149886,70433,0.10693,0.1958,0.9729,0.99815,0.0,0.312,0.0,0.062,-0.0983,-0.4701,0.8748
1782933149886,70433,0.10303,0.19556,0.97803,1.0027,0.125,1.25,-0.125,0.062,-0.0982,-0.4701,0.8748
1782933149888,70435,0.10303,0.19995,0.97388,0.99952,0.0,0.688,-0.125,0.0621,-0.098,-0.4702,0.8748
1782933149950,70497,0.10205,0.19995,0.97852,1.00394,-0.25,0.375,0.062,0.0621,-0.098,-0.4702,0.8748
1782933149951,70498,0.10107,0.19873,0.9812,1.00621,-0.062,-0.062,0.062,0.0621,-0.098,-0.4702,0.8748
1782933149965,70512,0.10254,0.20142,0.97583,1.00166,-0.062,-0.75,0.125,0.0621,-0.0981,-0.4702,0.8748
1782933150009,70556,0.10791,0.19727,0.97485,1.00045,0.188,-0.5,0.0,0.0621,-0.0981,-0.4702,0.8748
1782933150010,70557,0.10547,0.19824,0.97363,0.99919,-0.125,-0.625,0.0,0.0621,-0.0981,-0.4702,0.8748
1782933150011,70558,0.104,0.19946,0.97656,1.00213,0.0,0.625,0.0,0.0622,-0.0978,-0.4702,0.8748
1782933150066,70613,0.10229,0.19946,0.97681,1.0022,0.0,0.312,-0.125,0.0623,-0.0977,-0.4702,0.8748
1782933150067,70614,0.1001,0.19946,0.97485,1.00007,0.062,0.062,0.062,0.0623,-0.0976,-0.4702,0.8748
1782933150068,70615,0.10425,0.19873,0.97363,0.99916,0.125,-0.75,0.0,0.0623,-0.0976,-0.4702,0.8748
1782933150129,70676,0.10425,0.198,0.97046,0.99592,0.125,-0.5,0.25,0.0623,-0.0976,-0.4702,0.8748
1782933150129,70676,0.10449,0.2019,0.97876,1.00481,0.25,-0.5,-0.062,0.0623,-0.0976,-0.4702,0.8748
1782933150131,70678,0.10449,0.2019,0.97876,1.00481,0.25,-0.5,-0.062,0.0623,-0.0976,-0.4702,0.8748
1782933150185,70732,0.10474,0.19751,0.97656,1.00182,0.0,-0.25,0.062,0.0623,-0.0975,-0.4702,0.8748
1782933150186,70733,0.10938,0.19971,0.97778,1.00394,0.125,-0.312,0.0,0.0623,-0.0975,-0.4702,0.8748
1782933150187,70734,0.10229,0.20093,0.97632,1.00202,0.0,-0.312,0.0,0.0624,-0.0973,-0.4702,0.8748
1782933150248,70795,0.10791,0.19849,0.97583,1.00164,0.0,0.25,-0.062,0.0624,-0.0972,-0.4702,0.8748
1782933150249,70796,0.10547,0.20166,0.97705,1.0032,0.125,0.375,-0.125,0.0624,-0.0972,-0.4702,0.8748
1782933150249,70796,0.10547,0.20166,0.97705,1.0032,0.125,0.375,-0.125,0.0624,-0.0972,-0.4702,0.8748
1782933150311,70858,0.10205,0.19775,0.97974,1.00469,-0.062,0.062,-0.125,0.0626,-0.097,-0.4703,0.8748
1782933150312,70859,0.10254,0.20093,0.97949,1.00513,0.062,0.0,0.0,0.0626,-0.0969,-0.4703,0.8748
1782933150314,70861,0.10083,0.19727,0.97681,1.00162,0.125,0.5,0.0,0.0626,-0.0968,-0.4703,0.8748
1782933150367,70914,0.10083,0.19727,0.97681,1.00162,0.125,0.5,0.0,0.0626,-0.0968,-0.4703,0.8748
1782933150368,70915,0.10229,0.20068,0.97681,1.00244,0.125,0.188,0.0,0.0626,-0.0968,-0.4703,0.8748
1782933150368,70915,0.104,0.19897,0.97388,0.99942,0.062,-0.375,0.0,0.0627,-0.0966,-0.4703,0.8748
1782933150428,70975,0.10449,0.19775,0.97461,0.99994,0.0,-0.25,0.0,0.0627,-0.0966,-0.4703,0.8748
1782933150429,70976,0.1001,0.20093,0.97241,0.99799,0.062,-0.25,0.0,0.0627,-0.0966,-0.4703,0.8748
1782933150430,70977,0.1001,0.20093,0.97241,0.99799,0.062,-0.25,0.0,0.0627,-0.0966,-0.4703,0.8748
1782933150486,71033,0.1001,0.20093,0.97241,0.99799,0.062,-0.25,0.0,0.0627,-0.0966,-0.4703,0.8748
1782933150486,71033,0.10034,0.19873,0.97803,1.00305,0.125,0.688,0.0,0.0628,-0.0964,-0.4703,0.8748
1782933150488,71035,0.10034,0.19873,0.97803,1.00305,0.125,0.688,0.0,0.0628,-0.0964,-0.4703,0.8748
1782933150547,71094,0.10254,0.20142,0.97827,1.00404,0.188,-0.688,0.0,0.0629,-0.0963,-0.4703,0.8748
1782933150549,71096,0.104,0.19946,0.97095,0.99667,0.125,-0.625,0.0,0.0629,-0.0963,-0.4703,0.8748
1782933150550,71097,0.1062,0.20459,0.97192,0.99888,0.0,0.312,-0.125,0.0629,-0.0963,-0.4703,0.8748
1782933150611,71158,0.1062,0.20459,0.97192,0.99888,0.0,0.312,-0.125,0.0629,-0.0963,-0.4703,0.8748
1782933150612,71159,0.09888,0.19971,0.97314,0.99833,0.0,0.812,-0.188,0.0629,-0.0962,-0.4704,0.8748
1782933150614,71161,0.09912,0.19995,0.97607,1.00126,0.25,-0.875,-0.062,0.063,-0.096,-0.4704,0.8748
1782933150667,71214,0.1001,0.20215,0.9729,0.99871,0.062,-1.25,0.312,0.063,-0.0961,-0.4704,0.8748
1782933150668,71215,0.10229,0.20215,0.97754,1.00345,0.125,-1.188,0.188,0.063,-0.0961,-0.4704,0.8748
1782933150668,71215,0.104,0.19824,0.97729,1.0026,0.062,-0.25,0.0,0.0629,-0.0962,-0.4704,0.8748
1782933150729,71276,0.10718,0.19873,0.97412,0.99995,0.0,-0.062,0.125,0.0629,-0.0962,-0.4704,0.8748
1782933150730,71277,0.104,0.20288,0.97339,0.99973,0.062,0.375,-0.188,0.0629,-0.0961,-0.4704,0.8748
1782933150732,71279,0.10522,0.19604,0.97534,1.0004,0.062,-0.25,-0.25,0.0629,-0.0963,-0.4704,0.8748
1782933150786,71333,0.10522,0.19604,0.97534,1.0004,0.062,-0.25,-0.25,0.0629,-0.0963,-0.4704,0.8748
1782933150786,71333,0.10303,0.20166,0.97217,0.9982,0.0,0.5,-0.125,0.0629,-0.0962,-0.4704,0.8748
1782933150791,71338,0.104,0.20166,0.97632,1.00234,0.062,0.0,0.062,0.0629,-0.0962,-0.4704,0.8748
1782933150848,71395,0.104,0.20166,0.97632,1.00234,0.062,0.0,0.062,0.0629,-0.0962,-0.4704,0.8748
1782933150849,71396,0.10034,0.20044,0.97949,1.00481,0.125,0.25,0.062,0.0629,-0.0961,-0.4704,0.8748
1782933150850,71397,0.10059,0.19971,0.97583,1.00112,0.062,0.188,0.0,0.063,-0.096,-0.4705,0.8748
1782933150910,71457,0.09912,0.19751,0.97998,1.00459,0.375,-0.875,0.125,0.063,-0.096,-0.4705,0.8748
1782933150911,71458,0.10181,0.2002,0.97705,1.00253,0.0,-1.375,-0.062,0.063,-0.096,-0.4705,0.8748
1782933150911,71458,0.10327,0.19751,0.97632,1.00144,0.125,0.625,-0.062,0.0631,-0.0959,-0.4705,0.8748
1782933150966,71513,0.10327,0.19751,0.97632,1.00144,0.125,0.625,-0.062,0.0631,-0.0959,-0.4705,0.8748
1782933150967,71514,0.10034,0.20264,0.97705,1.00287,0.125,0.812,-0.125,0.0631,-0.0958,-0.4705,0.8748
1782933150968,71515,0.09888,0.20142,0.97925,1.00463,0.125,-0.062,0.0,0.0632,-0.0955,-0.4705,0.8748
1782933151028,71575,0.09912,0.19897,0.97876,1.00369,0.125,-0.312,0.062,0.0632,-0.0955,-0.4705,0.8748
1782933151029,71576,0.10034,0.19849,0.97534,1.00038,-0.062,-0.375,0.062,0.0632,-0.0955,-0.4705,0.8748
1782933151030,71577,0.10107,0.19922,0.9812,1.00631,0.0,0.25,0.0,0.0633,-0.0954,-0.4705,0.8748
1782933151085,71632,0.10059,0.198,0.97559,1.00055,0.125,-0.375,0.125,0.0633,-0.0954,-0.4705,0.8748
1782933151086,71633,0.09961,0.19971,0.97656,1.00174,0.0,-0.25,0.375,0.0632,-0.0954,-0.4705,0.8748
1782933151090,71637,0.10083,0.19849,0.9729,0.99805,0.125,-0.25,0.0,0.0634,-0.0953,-0.4705,0.8748
1782933151148,71695,0.0979,0.19995,0.97778,1.00281,0.0,-0.062,0.0,0.0634,-0.0953,-0.4705,0.8748
1782933151150,71697,0.10303,0.19897,0.97876,1.00408,0.125,-0.188,0.0,0.0634,-0.0952,-0.4705,0.8748
1782933151151,71698,0.09888,0.19849,0.97998,1.00476,0.0,0.062,-0.062,0.0634,-0.0951,-0.4705,0.8748
1782933151210,71757,0.09985,0.19922,0.97729,1.00237,0.188,0.125,0.0,0.0634,-0.0951,-0.4705,0.8748
1782933151212,71759,0.09595,0.2019,0.97705,1.0023,0.062,0.0,0.0,0.0634,-0.095,-0.4705,0.8748
1782933151213,71760,0.09863,0.19604,0.97461,0.99901,0.125,-1.062,0.0,0.0634,-0.0951,-0.4705,0.8748
1782933151267,71814,0.10376,0.2002,0.97144,0.99727,0.125,-0.938,0.125,0.0634,-0.0952,-0.4705,0.8748
1782933151267,71814,0.10083,0.1958,0.97339,0.99799,0.062,0.125,-0.062,0.0634,-0.0952,-0.4705,0.8748
1782933151268,71815,0.09985,0.19727,0.97046,0.99533,0.0,0.938,-0.125,0.0634,-0.095,-0.4706,0.8748
1782933151328,71875,0.09937,0.19775,0.9707,0.99561,0.062,1.25,-0.25,0.0635,-0.0949,-0.4706,0.8748
1782933151328,71875,0.10083,0.20093,0.97876,1.00425,-0.25,1.438,-0.25,0.0635,-0.0949,-0.4706,0.8748
1782933151330,71877,0.09888,0.20044,0.97729,1.00252,0.125,-0.188,-0.062,0.0636,-0.0947,-0.4706,0.8748
1782933151385,71932,0.09888,0.19897,0.97681,1.00176,0.125,-0.25,0.0,0.0636,-0.0947,-0.4706,0.8748
1782933151386,71933,0.09619,0.20068,0.97705,1.00207,0.062,-0.375,0.062,0.0636,-0.0947,-0.4706,0.8748
1782933151388,71935,0.10034,0.19897,0.97412,0.99928,0.0,-0.188,0.062,0.0636,-0.0948,-0.4706,0.8748
1782933151448,71995,0.10352,0.20215,0.9751,1.0012,0.125,-0.188,0.062,0.0636,-0.0948,-0.4706,0.8748
1782933151449,71996,0.09888,0.2019,0.97119,0.99687,0.062,0.062,0.062,0.0636,-0.0948,-0.4706,0.8748
1782933151450,71997,0.10107,0.20068,0.97681,1.00232,0.062,-0.125,-0.062,0.0637,-0.0946,-0.4706,0.8748
1782933151512,72059,0.10303,0.19727,0.97559,1.00065,0.0,0.062,0.062,0.0637,-0.0946,-0.4706,0.8748
1782933151513,72060,0.09863,0.198,0.97974,1.0044,0.125,0.312,0.062,0.0637,-0.0946,-0.4706,0.8748
1782933151514,72061,0.10034,0.20044,0.97681,1.0022,0.188,-0.875,0.062,0.0637,-0.0945,-0.4707,0.8748
1782933151567,72114,0.10107,0.19629,0.97705,1.00168,0.062,-1.25,0.188,0.0637,-0.0946,-0.4706,0.8748
1782933151568,72115,0.10229,0.19678,0.97339,0.99834,0.125,-0.938,0.125,0.0637,-0.0946,-0.4706,0.8748
1782933151569,72116,0.09961,0.20239,0.97412,0.9999,0.125,-0.062,-0.062,0.0637,-0.0946,-0.4707,0.8748
1782933151628,72175,0.09961,0.20239,0.97412,0.9999,0.125,-0.062,-0.062,0.0637,-0.0946,-0.4707,0.8748
1782933151629,72176,0.09937,0.20093,0.9751,1.00053,-0.062,-0.375,0.0,0.0637,-0.0946,-0.4707,0.8748
1782933151631,72178,0.09937,0.2019,0.97803,1.00358,0.125,0.312,-0.062,0.0638,-0.0944,-0.4707,0.8748
1782933151689,72236,0.09863,0.19897,0.97583,1.00078,0.062,0.125,0.0,0.0638,-0.0944,-0.4707,0.8748
1782933151690,72237,0.10034,0.19946,0.97607,1.00128,0.062,0.0,0.188,0.0639,-0.0944,-0.4707,0.8748
1782933151691,72238,0.09912,0.20044,0.97607,1.00136,0.125,-1.0,0.0,0.0639,-0.0944,-0.4707,0.8748
1782933151748,72295,0.10059,0.20044,0.97803,1.00341,0.125,-1.25,0.062,0.0638,-0.0944,-0.4707,0.8748
1782933151809,72356,0.09937,0.19897,0.97559,1.00062,0.188,-1.062,0.0,0.0638,-0.0944,-0.4707,0.8748
1782933151811,72358,0.09863,0.19897,0.97827,1.00316,0.0,0.25,-0.062,0.0639,-0.0944,-0.4707,0.8748
1782933151813,72360,0.09814,0.2002,0.97778,1.00288,0.25,0.125,0.0,0.0639,-0.0944,-0.4707,0.8748
1782933151867,72414,0.09961,0.19751,0.97632,1.00107,0.188,-0.125,0.125,0.0639,-0.0943,-0.4707,0.8748
1782933151867,72414,0.09888,0.19604,0.97827,1.00261,0.125,-1.688,0.188,0.0639,-0.0943,-0.4707,0.8748
1782933151868,72415,0.10107,0.20044,0.97363,0.99917,0.062,-0.188,0.0,0.0637,-0.0945,-0.4707,0.8748
1782933151928,72475,0.09912,0.20044,0.97339,0.99874,0.0,0.438,0.0,0.0638,-0.0945,-0.4707,0.8748
1782933151929,72476,0.1001,0.20117,0.97021,0.99589,0.0,0.812,0.125,0.0638,-0.0944,-0.4707,0.8748
1782933151929,72476,0.10254,0.20361,0.97559,1.00187,0.062,-0.312,0.0,0.0639,-0.0942,-0.4707,0.8748
1782933151987,72534,0.09839,0.198,0.97485,0.99961,0.0,-0.438,0.25,0.0639,-0.0942,-0.4707,0.8748
1782933151990,72537,0.09766,0.19653,0.97754,1.00187,0.062,-0.438,0.0,0.0639,-0.0942,-0.4707,0.8748
1782933151992,72539,0.09888,0.19751,0.97363,0.99837,-0.062,0.312,0.0,0.0637,-0.0945,-0.4707,0.8748
1782933152049,72596,0.0979,0.2002,0.979,1.00404,0.0,0.25,0.0,0.0638,-0.0944,-0.4707,0.8748
1782933152052,72599,0.09985,0.20288,0.97485,1.00073,0.0,0.062,0.0,0.0638,-0.0944,-0.4707,0.8748
1782933152058,72605,0.09985,0.20288,0.97485,1.00073,0.0,0.062,0.0,0.0638,-0.0944,-0.4707,0.8748
1782933152109,72656,0.09814,0.20435,0.97778,1.00372,0.25,-0.125,-0.062,0.0639,-0.0941,-0.4707,0.8748
1782933152112,72659,0.0957,0.19775,0.97632,1.00073,0.125,-0.25,0.0,0.0639,-0.0941,-0.4707,0.8748
1782933152113,72660,0.0957,0.19775,0.97632,1.00073,0.125,-0.25,0.0,0.0639,-0.0941,-0.4707,0.8748
1782933152166,72713,0.09668,0.19824,0.97632,1.00092,0.125,-0.562,0.0,0.0639,-0.0941,-0.4707,0.8748
1782933152167,72714,0.10254,0.19897,0.97485,1.00022,0.0,-0.438,-0.125,0.0639,-0.0941,-0.4707,0.8748
1782933152168,72715,0.09912,0.19824,0.97803,1.00283,-0.062,0.438,-0.062,0.064,-0.0939,-0.4707,0.8748
1782933152228,72775,0.10303,0.19995,0.97974,1.00523,0.125,0.062,0.0,0.064,-0.0938,-0.4707,0.8748
1782933152229,72776,0.09717,0.19824,0.97925,1.00383,0.0,0.062,-0.188,0.0641,-0.0938,-0.4707,0.8748
1782933152230,72777,0.09717,0.19824,0.97925,1.00383,0.0,0.062,-0.188,0.0641,-0.0938,-0.4707,0.8748
1782933152288,72835,0.09912,0.19897,0.98193,1.00678,0.188,-1.125,0.125,0.0641,-0.0938,-0.4708,0.8748
1782933152288,72835,0.10205,0.19995,0.97607,1.00155,0.125,-1.188,0.062,0.064,-0.0939,-0.4708,0.8748
1782933152290,72837,0.10205,0.19995,0.97607,1.00155,0.125,-1.188,0.062,0.064,-0.0939,-0.4708,0.8748
1782933152348,72895,0.09497,0.198,0.97803,1.00238,0.062,-0.438,0.188,0.0641,-0.0938,-0.4708,0.8748
1782933152350,72897,0.1001,0.19971,0.97949,1.00464,0.062,-0.75,0.0,0.064,-0.0938,-0.4708,0.8748
1782933152352,72899,0.1001,0.19971,0.97949,1.00464,0.062,-0.75,0.0,0.064,-0.0938,-0.4708,0.8748
1782933152413,72960,0.09717,0.19897,0.97583,1.00064,0.0,-0.125,-0.125,0.0641,-0.0938,-0.4708,0.8748
1782933152413,72960,0.09668,0.19653,0.97705,1.0013,0.062,-0.25,0.0,0.0641,-0.0938,-0.4708,0.8748
1782933152415,72962,0.09668,0.19653,0.97705,1.0013,0.062,-0.25,0.0,0.0641,-0.0938,-0.4708,0.8748
1782933152468,73015,0.1001,0.19946,0.97437,0.9996,-0.062,0.375,0.0,0.064,-0.0937,-0.4708,0.8748
1782933152468,73015,0.09961,0.20117,0.97705,1.00251,0.0,0.438,-0.188,0.0641,-0.0936,-0.4708,0.8748
1782933152468,73015,0.09961,0.20117,0.97705,1.00251,0.0,0.438,-0.188,0.0641,-0.0936,-0.4708,0.8748
1782933152528,73075,0.09741,0.19873,0.97461,0.99942,0.0,-0.562,0.125,0.0641,-0.0936,-0.4708,0.8748
1782933152529,73076,0.09766,0.19775,0.97778,1.00235,0.125,-0.812,0.25,0.0641,-0.0936,-0.4708,0.8748
1782933152530,73077,0.09741,0.19897,0.97729,1.00208,0.188,0.188,-0.25,0.064,-0.0938,-0.4708,0.8748
1782933152585,73132,0.09937,0.19971,0.97681,1.00196,-0.188,-0.188,0.0,0.064,-0.0938,-0.4708,0.8748
1782933152590,73137,0.09766,0.20117,0.979,1.00422,0.125,0.188,-0.125,0.064,-0.0938,-0.4708,0.8748
1782933152591,73138,0.09814,0.20142,0.98145,1.0067,0.125,-0.312,-0.25,0.0642,-0.0935,-0.4708,0.8748
1782933152647,73194,0.09839,0.20093,0.97681,1.0021,0.25,-0.375,-0.062,0.0642,-0.0935,-0.4708,0.8748
1782933152648,73195,0.09839,0.19702,0.97388,0.99847,0.438,-0.062,-0.188,0.0642,-0.0935,-0.4708,0.8748
1782933152649,73196,0.09839,0.19702,0.97388,0.99847,0.438,-0.062,-0.188,0.0642,-0.0935,-0.4708,0.8748
1782933152711,73258,0.09839,0.19702,0.97388,0.99847,0.438,-0.062,-0.188,0.0642,-0.0935,-0.4708,0.8748
1782933152712,73259,0.09277,0.20166,0.97632,1.00124,-0.062,1.0,-0.062,0.0642,-0.0934,-0.4709,0.8748
1782933152714,73261,0.09521,0.19995,0.98242,1.00707,0.0,0.0,0.0,0.0643,-0.0933,-0.4709,0.8748
1782933152766,73313,0.09521,0.19995,0.98242,1.00707,0.0,0.0,0.0,0.0643,-0.0933,-0.4709,0.8748
1782933152767,73314,0.09766,0.19995,0.97876,1.00374,0.125,-0.812,0.188,0.0643,-0.0933,-0.4709,0.8748
1782933152768,73315,0.09668,0.19849,0.97461,0.9993,0.125,0.0,0.0,0.0643,-0.0933,-0.4709,0.8748
1782933152828,73375,0.09668,0.19849,0.97461,0.9993,0.125,0.0,0.0,0.0643,-0.0933,-0.4709,0.8748
1782933152829,73376,0.09717,0.19873,0.97705,1.00178,0.188,0.0,-0.125,0.0643,-0.0933,-0.4709,0.8748
1782933152829,73376,0.09741,0.20142,0.97852,1.00377,0.125,-0.188,-0.125,0.0644,-0.0932,-0.4709,0.8748
1782933152886,73433,0.09766,0.20044,0.97949,1.00455,0.0,-0.188,-0.125,0.0644,-0.0932,-0.4709,0.8748
1782933152890,73437,0.09692,0.19653,0.97925,1.00347,-0.188,-0.75,0.062,0.0643,-0.0932,-0.4709,0.8748
1782933152893,73440,0.09912,0.19971,0.97852,1.0036,0.188,-0.375,0.0,0.0643,-0.0933,-0.4709,0.8748
1782933152947,73494,0.09595,0.19678,0.97485,0.99913,0.125,-1.188,0.125,0.0643,-0.0933,-0.4709,0.8747
1782933152948,73495,0.09912,0.20264,0.96704,0.993,0.062,-1.0,0.188,0.0643,-0.0934,-0.4709,0.8747
1782933152949,73496,0.09961,0.1958,0.98169,1.00597,0.062,-0.312,0.0,0.0643,-0.0933,-0.4709,0.8747
1782933153009,73556,0.09961,0.1958,0.98169,1.00597,0.062,-0.312,0.0,0.0643,-0.0933,-0.4709,0.8747
1782933153010,73557,0.09912,0.20166,0.97437,0.99994,0.125,-0.125,-0.062,0.0643,-0.0933,-0.4709,0.8747
1782933153011,73558,0.09473,0.19873,0.97827,1.00274,0.125,0.0,0.0,0.0644,-0.0932,-0.471,0.8747
1782933153080,73627,0.09473,0.19873,0.97827,1.00274,0.125,0.0,0.0,0.0644,-0.0932,-0.471,0.8747
1782933153081,73628,0.0979,0.19727,0.97607,1.00061,0.25,-0.625,0.0,0.0644,-0.0932,-0.471,0.8747
1782933153082,73629,0.10181,0.19995,0.97314,0.99867,-0.062,-0.812,0.062,0.0643,-0.0933,-0.4709,0.8747
1782933153127,73674,0.10181,0.19995,0.97314,0.99867,-0.062,-0.812,0.062,0.0643,-0.0933,-0.4709,0.8747
1782933153128,73675,0.10181,0.19751,0.97583,1.00081,0.062,0.0,0.062,0.0643,-0.0933,-0.4709,0.8747
1782933153129,73676,0.09326,0.19824,0.97437,0.9987,0.125,0.125,0.188,0.0643,-0.0933,-0.471,0.8747
1782933153189,73736,0.09326,0.19824,0.97437,0.9987,0.125,0.125,0.188,0.0643,-0.0933,-0.471,0.8747
1782933153192,73739,0.0957,0.20068,0.97705,1.00203,0.125,-0.125,0.0,0.0643,-0.0933,-0.471,0.8747
1782933153196,73743,0.09912,0.20312,0.97192,0.99785,0.125,-0.875,0.188,0.0643,-0.0933,-0.471,0.8747
1782933153249,73796,0.10034,0.19849,0.97778,1.00276,0.125,-0.688,0.0,0.0643,-0.0933,-0.471,0.8747
1782933153251,73798,0.09619,0.20093,0.97485,0.99998,0.125,-0.625,0.062,0.0643,-0.0933,-0.471,0.8747
1782933153252,73799,0.09937,0.19897,0.97705,1.00204,0.125,0.125,0.0,0.0644,-0.0932,-0.471,0.8747
1782933153314,73861,0.09937,0.19897,0.97705,1.00204,0.125,0.125,0.0,0.0644,-0.0932,-0.471,0.8747
1782933153317,73864,0.09692,0.20044,0.97412,0.99924,0.188,0.0,0.062,0.0644,-0.0932,-0.471,0.8747
1782933153317,73864,0.10205,0.19849,0.97192,0.99722,0.0,0.25,0.0,0.0645,-0.0932,-0.471,0.8747
1782933153367,73914,0.10205,0.19849,0.97192,0.99722,0.0,0.25,0.0,0.0645,-0.0932,-0.471,0.8747
1782933153368,73915,0.09863,0.20068,0.97778,1.00302,0.0,-0.875,-0.125,0.0645,-0.0932,-0.471,0.8747
1782933153375,73922,0.09351,0.20093,0.98047,1.00521,-0.125,-0.312,0.188,0.0644,-0.093,-0.471,0.8747
1782933153429,73976,0.09839,0.20117,0.97778,1.0031,0.062,-0.875,0.0,0.0644,-0.0931,-0.471,0.8747
1782933153432,73979,0.09961,0.19385,0.97803,1.00202,0.312,-1.438,0.062,0.0644,-0.0931,-0.471,0.8747
1782933153432,73979,0.10229,0.20337,0.96875,0.99514,-0.062,-0.5,0.0,0.0644,-0.0932,-0.471,0.8747
1782933153498,74045,0.09766,0.20166,0.97534,1.00075,-0.062,0.312,-0.062,0.0644,-0.0931,-0.471,0.8747
1782933153499,74046,0.10059,0.19873,0.9729,0.99807,0.125,-0.062,-0.125,0.0645,-0.0931,-0.471,0.8747
1782933153500,74047,0.09399,0.19971,0.97681,1.00144,0.125,-0.75,0.0,0.0645,-0.0929,-0.471,0.8747
1782933153548,74095,0.09888,0.19971,0.97656,1.00166,0.062,-0.688,0.125,0.0645,-0.0929,-0.471,0.8747
1782933153549,74096,0.10059,0.19775,0.97412,0.99907,0.125,-0.562,0.125,0.0645,-0.093,-0.471,0.8747
1782933153550,74097,0.104,0.20044,0.97021,0.99614,0.0,-0.688,0.0,0.0645,-0.093,-0.471,0.8747
1782933153609,74156,0.10229,0.198,0.97534,1.00048,0.125,0.062,0.0,0.0645,-0.093,-0.471,0.8747
1782933153613,74160,0.10278,0.19775,0.97632,1.00143,0.0,0.75,-0.312,0.0645,-0.093,-0.471,0.8747
1782933153614,74161,0.09595,0.19971,0.97534,1.00019,0.0,0.875,0.0,0.0645,-0.093,-0.4711,0.8746
1782933153667,74214,0.09229,0.20068,0.97974,1.00433,0.125,0.75,0.062,0.0645,-0.093,-0.4711,0.8747
1782933153668,74215,0.09521,0.20044,0.98462,1.00932,0.0,0.188,0.062,0.0646,-0.0929,-0.4711,0.8747
1782933153676,74223,0.09814,0.198,0.97754,1.00221,0.125,-0.625,0.0,0.0645,-0.0931,-0.471,0.8747
1782933153728,74275,0.09985,0.20215,0.97827,1.00392,0.188,-0.75,0.125,0.0645,-0.0932,-0.471,0.8747
1782933153728,74275,0.09888,0.198,0.97656,1.00132,0.125,-0.688,0.0,0.0645,-0.0932,-0.471,0.8747
1782933153730,74277,0.09741,0.19702,0.97388,0.99837,0.0,0.625,0.0,0.0644,-0.0933,-0.471,0.8747
1782933153786,74333,0.1001,0.19775,0.98022,1.00497,-0.312,0.25,-0.062,0.0644,-0.0933,-0.471,0.8747
1782933153788,74335,0.09375,0.198,0.98071,1.00488,0.0,0.188,0.0,0.0644,-0.0932,-0.471,0.8747
1782933153788,74335,0.0979,0.20068,0.97583,1.00105,0.062,-0.812,0.062,0.0645,-0.0932,-0.471,0.8746
1782933153849,74396,0.10083,0.20264,0.97363,0.99959,0.125,-0.25,0.125,0.0645,-0.0932,-0.471,0.8746
1782933153850,74397,0.10034,0.20093,0.97119,0.99682,-0.125,0.0,0.062,0.0645,-0.0932,-0.471,0.8746
1782933153851,74398,0.09473,0.20239,0.97266,0.998,0.125,-0.375,-0.125,0.0645,-0.093,-0.471,0.8747
1782933153911,74458,0.09595,0.19824,0.97437,0.99895,0.0,-0.375,0.062,0.0645,-0.093,-0.471,0.8747
1782933153915,74462,0.09888,0.1958,0.97852,1.0028,0.125,-0.312,0.0,0.0645,-0.093,-0.471,0.8747
1782933153917,74464,0.09448,0.19897,0.97827,1.00276,0.0,0.0,-0.062,0.0646,-0.0928,-0.4711,0.8747
1782933153967,74514,0.09863,0.19678,0.97803,1.00249,0.0,0.312,-0.125,0.0646,-0.0928,-0.4711,0.8747
1782933153977,74524,0.10059,0.19995,0.97803,1.00332,0.125,0.125,-0.125,0.0646,-0.0927,-0.4711,0.8747
1782933153978,74525,0.0957,0.20044,0.979,1.00388,0.0,-0.688,0.062,0.0646,-0.0927,-0.4711,0.8747
1782933154043,74590,0.09766,0.19922,0.97754,1.0024,0.0,-0.812,0.188,0.0646,-0.0927,-0.4711,0.8747
1782933154046,74593,0.09863,0.20215,0.97681,1.00237,0.062,-1.0,0.25,0.0646,-0.0928,-0.4711,0.8747
1782933154049,74596,0.09399,0.20068,0.96753,0.99258,0.125,-0.562,0.062,0.0645,-0.093,-0.471,0.8747
1782933154087,74634,0.09399,0.20068,0.96753,0.99258,0.125,-0.562,0.062,0.0645,-0.093,-0.471,0.8747
1782933154088,74635,0.09595,0.20044,0.9729,0.99796,0.0,0.0,0.0,0.0646,-0.093,-0.471,0.8747
1782933154089,74636,0.09595,0.20068,0.96826,0.99348,0.0,-0.062,0.0,0.0646,-0.0929,-0.471,0.8747
1782933154149,74696,0.10083,0.19702,0.97192,0.9968,-0.062,0.688,0.062,0.0646,-0.0928,-0.471,0.8747
1782933154149,74696,0.09839,0.20044,0.97876,1.00391,0.125,1.125,-0.125,0.0646,-0.0928,-0.471,0.8747
1782933154150,74697,0.09839,0.20044,0.97876,1.00391,0.125,1.125,-0.125,0.0646,-0.0928,-0.471,0.8747
1782933154209,74756,0.09863,0.20142,0.97388,0.99937,0.0,0.375,0.0,0.0646,-0.093,-0.471,0.8747
1782933154211,74758,0.09448,0.198,0.97681,1.00114,-0.062,1.062,0.125,0.0646,-0.0929,-0.471,0.8747
1782933154212,74759,0.0957,0.20117,0.98096,1.00594,0.125,-0.625,0.062,0.0647,-0.0928,-0.471,0.8747
1782933154268,74815,0.09424,0.198,0.97412,0.9985,0.0,-0.812,0.125,0.0647,-0.0928,-0.471,0.8747
1782933154270,74817,0.09692,0.19702,0.96924,0.9938,0.0,-0.812,0.188,0.0647,-0.0928,-0.471,0.8747
1782933154273,74820,0.09692,0.19702,0.96924,0.9938,0.0,-0.812,0.188,0.0647,-0.0928,-0.471,0.8747
1782933154328,74875,0.09668,0.19849,0.97827,1.00287,0.125,0.0,-0.062,0.0647,-0.0927,-0.471,0.8747
1782933154329,74876,0.09302,0.2019,0.97412,0.99916,0.125,-0.125,-0.188,0.0648,-0.0927,-0.471,0.8747
1782933154331,74878,0.09302,0.2019,0.97412,0.99916,0.125,-0.125,-0.188,0.0648,-0.0927,-0.471,0.8747
1782933154390,74937,0.09521,0.20239,0.97852,1.00376,0.125,-0.438,0.0,0.0648,-0.0925,-0.471,0.8747
1782933154390,74937,0.09521,0.20093,0.97632,1.00132,0.125,-0.375,0.062,0.0648,-0.0925,-0.471,0.8747
1782933154447,74994,0.09619,0.20068,0.97681,1.00184,0.188,-0.75,0.125,0.0648,-0.0925,-0.471,0.8747
1782933154448,74995,0.0979,0.19824,0.97363,0.99842,0.125,-0.188,0.0,0.0648,-0.0926,-0.471,0.8747
1782933154449,74996,0.09595,0.19971,0.97632,1.00114,0.0,-0.125,0.062,0.0648,-0.0925,-0.471,0.8747
1782933154510,75057,0.09399,0.20215,0.97852,1.00359,0.188,-0.062,0.125,0.0648,-0.0925,-0.471,0.8747
1782933154511,75058,0.09326,0.20093,0.97729,1.00208,0.188,-0.438,0.188,0.0648,-0.0925,-0.471,0.8747
1782933154516,75063,0.09912,0.2019,0.97607,1.00165,0.0,-0.562,0.062,0.0649,-0.0925,-0.471,0.8747
1782933154567,75114,0.09912,0.2019,0.97607,1.00165,0.0,-0.562,0.062,0.0649,-0.0925,-0.471,0.8747
1782933154567,75114,0.09595,0.19775,0.97583,1.00028,0.0,0.25,-0.125,0.0648,-0.0925,-0.471,0.8747
1782933154569,75116,0.09351,0.19971,0.97632,1.00091,0.0,0.125,0.0,0.065,-0.0924,-0.471,0.8747
1782933154629,75176,0.09668,0.19849,0.97852,1.00312,0.0,-0.312,0.125,0.065,-0.0923,-0.471,0.8747
1782933154630,75177,0.0957,0.1958,0.97754,1.00154,0.0,-0.625,0.062,0.0649,-0.0923,-0.471,0.8747
1782933154639,75186,0.09668,0.2019,0.97266,0.99809,0.125,-0.875,0.0,0.0649,-0.0924,-0.471,0.8747
1782933154688,75235,0.09668,0.2019,0.97266,0.99809,0.125,-0.875,0.0,0.0649,-0.0924,-0.471,0.8747
1782933154747,75294,0.10059,0.19702,0.97534,1.00011,0.062,-0.125,0.0,0.0649,-0.0925,-0.471,0.8747
1782933154749,75296,0.09497,0.19995,0.9751,0.99991,0.0,0.0,-0.062,0.065,-0.0922,-0.4711,0.8747
1782933154749,75296,0.09497,0.19995,0.9751,0.99991,0.0,0.0,-0.062,0.065,-0.0922,-0.4711,0.8747
1782933154814,75361,0.09717,0.19995,0.97583,1.00083,0.0,0.812,-0.125,0.065,-0.0922,-0.4711,0.8747
1782933154815,75362,0.09399,0.19971,0.97241,0.99715,0.062,-0.625,0.125,0.065,-0.0921,-0.4711,0.8747
1782933154816,75363,0.09497,0.19849,0.97974,1.00415,0.062,-0.312,-0.062,0.065,-0.0921,-0.4711,0.8747
1782933154867,75414,0.09546,0.20044,0.97803,1.00291,0.0,-0.5,0.062,0.065,-0.0921,-0.4711,0.8747
1782933154869,75416,0.0957,0.19824,0.97632,1.00083,0.062,-0.562,0.0,0.065,-0.0921,-0.4711,0.8747
1782933154873,75420,0.09717,0.19897,0.97339,0.99826,0.062,-0.25,0.0,0.065,-0.0922,-0.4711,0.8747
1782933154928,75475,0.09375,0.20093,0.97144,0.99642,0.062,0.0,0.062,0.065,-0.0922,-0.4711,0.8747
1782933154929,75476,0.09961,0.19971,0.97412,0.99936,-0.062,0.375,-0.062,0.065,-0.0922,-0.4711,0.8747
1782933154931,75478,0.09473,0.19897,0.97852,1.00303,-0.25,0.25,0.0,0.0651,-0.0919,-0.4711,0.8747
1782933154997,75544,0.09473,0.19897,0.97852,1.00303,-0.25,0.25,0.0,0.0651,-0.0919,-0.4711,0.8747
1782933154998,75545,0.09473,0.19946,0.979,1.00359,-0.062,-0.125,0.0,0.0651,-0.0918,-0.4711,0.8747
1782933155000,75547,0.09204,0.20093,0.97583,1.00054,0.0,-0.438,0.0,0.0651,-0.0919,-0.4711,0.8747
1782933155047,75594,0.09204,0.20093,0.97583,1.00054,0.0,-0.438,0.0,0.0651,-0.0919,-0.4711,0.8747
1782933155049,75596,0.09473,0.19922,0.97534,0.99998,0.0,0.0,0.125,0.0651,-0.0918,-0.4711,0.8747
1782933155050,75597,0.09521,0.19873,0.979,1.00349,0.062,-0.188,0.062,0.0651,-0.0917,-0.4711,0.8747
1782933155107,75654,0.09521,0.19873,0.979,1.00349,0.062,-0.188,0.062,0.0651,-0.0917,-0.4711,0.8747
1782933155109,75656,0.09521,0.19824,0.97925,1.00364,0.125,-0.125,0.188,0.0651,-0.0917,-0.4711,0.8747
1782933155110,75657,0.09546,0.198,0.97388,0.99838,0.0,0.188,0.0,0.0651,-0.0917,-0.4711,0.8747
1782933155167,75714,0.09619,0.2019,0.97656,1.00184,0.062,0.125,0.062,0.0651,-0.0917,-0.4711,0.8747
1782933155167,75714,0.09424,0.198,0.98047,1.00469,0.0,0.0,0.0,0.0652,-0.0917,-0.4711,0.8747
1782933155168,75715,0.09424,0.198,0.98047,1.00469,0.0,0.0,0.0,0.0652,-0.0917,-0.4711,0.8747
1782933155227,75774,0.09204,0.2019,0.979,1.00383,0.125,0.0,-0.062,0.0652,-0.0916,-0.4711,0.8747
1782933155228,75775,0.0957,0.198,0.98511,1.00936,-0.25,-0.062,0.062,0.0652,-0.0916,-0.4711,0.8747
1782933155230,75777,0.0957,0.198,0.98511,1.00936,-0.25,-0.062,0.062,0.0652,-0.0916,-0.4711,0.8747
1782933155288,75835,0.09644,0.198,0.97803,1.00252,0.188,-0.5,0.25,0.0652,-0.0917,-0.4711,0.8747
1782933155289,75836,0.09692,0.19897,0.97803,1.00276,0.125,-1.0,0.25,0.0651,-0.0917,-0.4711,0.8748
1782933155289,75836,0.09521,0.19995,0.9751,0.99993,0.0,0.562,0.0,0.0652,-0.0917,-0.471,0.8748
1782933155347,75894,0.09521,0.20068,0.979,1.00388,0.0,0.0,-0.062,0.0652,-0.0917,-0.471,0.8748
1782933155348,75895,0.09229,0.20117,0.97632,1.00109,0.062,-0.75,0.0,0.0652,-0.0917,-0.471,0.8748
1782933155350,75897,0.09521,0.20044,0.97949,1.00431,0.062,0.0,0.062,0.0652,-0.0917,-0.4711,0.8748
1782933155468,76015,0.09521,0.20044,0.97949,1.00431,0.062,0.0,0.062,0.0652,-0.0917,-0.4711,0.8748
1782933155470,76017,0.09424,0.20068,0.97681,1.00165,-0.188,0.188,-0.125,0.0653,-0.0917,-0.4711,0.8748
1782933155474,76021,0.09302,0.19897,0.97876,1.0031,0.0,0.062,0.0,0.0654,-0.0914,-0.4711,0.8748
1782933155527,76074,0.09448,0.19946,0.97925,1.00381,0.062,-0.25,0.0,0.0654,-0.0914,-0.4711,0.8748
1782933155529,76076,0.09155,0.2019,0.97559,1.00046,0.062,-0.562,-0.125,0.0654,-0.0914,-0.4711,0.8748
1782933155531,76078,0.09814,0.20264,0.97534,1.00099,0.0,0.188,-0.062,0.0654,-0.0914,-0.4711,0.8748
1782933155588,76135,0.09448,0.19922,0.97266,0.99734,0.0,0.188,0.0,0.0654,-0.0914,-0.4711,0.8748
1782933155588,76135,0.09619,0.2002,0.9812,1.00602,-0.125,-0.125,0.062,0.0654,-0.0914,-0.4711,0.8748
1782933155591,76138,0.09692,0.19922,0.97656,1.00137,0.062,-0.312,0.0,0.0654,-0.0914,-0.4711,0.8748
1782933155647,76194,0.0957,0.19604,0.97412,0.99825,0.0,-0.375,-0.188,0.0654,-0.0914,-0.4711,0.8748
1782933155648,76195,0.09521,0.19873,0.97607,1.00064,0.125,-0.5,0.0,0.0654,-0.0914,-0.4711,0.8747
1782933155648,76195,0.09521,0.19849,0.98022,1.00464,-0.125,0.625,0.0,0.0654,-0.0911,-0.4712,0.8747
1782933155707,76254,0.08984,0.19702,0.97827,1.00195,0.0,0.5,0.0,0.0654,-0.0911,-0.4712,0.8747
1782933155708,76255,0.09106,0.19727,0.97681,1.00068,0.0,0.25,-0.062,0.0654,-0.091,-0.4712,0.8747
1782933155709,76256,0.09399,0.2002,0.97852,1.0032,0.062,-0.688,0.0,0.0654,-0.0911,-0.4712,0.8747
1782933155767,76314,0.09399,0.2002,0.97852,1.0032,0.062,-0.688,0.0,0.0654,-0.0911,-0.4712,0.8747
1782933155768,76315,0.09399,0.2041,0.97949,1.00493,0.062,-0.938,0.0,0.0654,-0.0912,-0.4712,0.8747
1782933155770,76317,0.09497,0.198,0.979,1.00333,0.0,0.125,0.0,0.0654,-0.0912,-0.4712,0.8747
1782933155827,76374,0.09546,0.19995,0.979,1.00376,0.125,-0.062,-0.125,0.0654,-0.0912,-0.4712,0.8747
1782933155828,76375,0.09424,0.20044,0.97412,0.99898,0.062,-0.125,-0.062,0.0654,-0.0912,-0.4712,0.8747
1782933155828,76375,0.09448,0.19946,0.97583,1.00048,0.062,-0.562,0.0,0.0654,-0.0911,-0.4712,0.8747
1782933155888,76435,0.09326,0.19849,0.97705,1.00136,0.062,-0.5,0.125,0.0654,-0.0911,-0.4712,0.8747
1782933155890,76437,0.09326,0.20239,0.97632,1.00143,0.062,-0.688,0.0,0.0654,-0.0911,-0.4712,0.8747
1782933155891,76438,0.0896,0.2002,0.97949,1.00375,-0.125,-0.125,0.0,0.0655,-0.0911,-0.4713,0.8747
1782933155947,76494,0.09351,0.2019,0.98145,1.00636,-0.25,-0.312,0.0,0.0655,-0.091,-0.4713,0.8747
1782933155947,76494,0.09424,0.20044,0.97656,1.00136,0.062,-0.375,-0.125,0.0655,-0.091,-0.4713,0.8747
1782933155948,76495,0.09326,0.2002,0.97559,1.00028,0.062,-0.5,0.0,0.0655,-0.0911,-0.4713,0.8747
1782933156007,76554,0.0957,0.2002,0.97729,1.00216,0.062,-0.688,0.0,0.0655,-0.0911,-0.4713,0.8747
1782933156008,76555,0.09204,0.20044,0.97681,1.0014,0.0,-0.875,0.062,0.0654,-0.0911,-0.4713,0.8747
1782933156010,76557,0.09326,0.19971,0.97412,0.99874,0.062,0.375,-0.062,0.0654,-0.0911,-0.4713,0.8747
1782933156068,76615,0.09473,0.20117,0.97412,0.99918,0.062,0.688,0.0,0.0654,-0.0911,-0.4713,0.8747
1782933156070,76617,0.09106,0.20044,0.97607,1.00059,0.0,0.375,0.0,0.0655,-0.091,-0.4713,0.8747
1782933156071,76618,0.0957,0.20068,0.97681,1.00179,0.062,-1.062,0.125,0.0654,-0.0911,-0.4713,0.8747
1782933156126,76673,0.09351,0.19751,0.97607,1.00023,0.125,-1.5,0.188,0.0654,-0.0911,-0.4713,0.8747
1782933156128,76675,0.09448,0.20093,0.97729,1.0022,0.125,-1.625,0.062,0.0654,-0.0912,-0.4713,0.8747
1782933156129,76676,0.09448,0.20093,0.97729,1.0022,0.125,-1.625,0.062,0.0654,-0.0912,-0.4713,0.8747
1782933156187,76734,0.09741,0.19897,0.97363,0.99852,0.0,0.688,0.0,0.0654,-0.0911,-0.4713,0.8747
1782933156187,76734,0.09326,0.19873,0.97412,0.99855,-0.125,0.812,0.0,0.0654,-0.0911,-0.4713,0.8747
1782933156188,76735,0.09326,0.19873,0.97412,0.99855,-0.125,0.812,0.0,0.0654,-0.0911,-0.4713,0.8747
1782933156246,76793,0.09351,0.19824,0.97534,0.99967,0.188,-1.0,0.062,0.0655,-0.0911,-0.4713,0.8747
1782933156246,76793,0.09473,0.20093,0.97437,0.99937,0.062,-0.875,0.0,0.0655,-0.0911,-0.4713,0.8747
1782933156246,76793,0.09473,0.20093,0.97437,0.99937,0.062,-0.875,0.0,0.0655,-0.0911,-0.4713,0.8747
1782933156306,76853,0.09424,0.19897,0.97656,1.00107,0.062,0.188,-0.125,0.0654,-0.091,-0.4713,0.8747
1782933156308,76855,0.09253,0.19873,0.98071,1.00491,0.062,0.75,-0.188,0.0655,-0.091,-0.4713,0.8747
1782933156309,76856,0.09204,0.19946,0.97998,1.0043,-0.375,-0.25,0.125,0.0655,-0.0908,-0.4713,0.8747
1782933156367,76914,0.09204,0.19971,0.97607,1.00053,-0.125,-0.312,0.0,0.0655,-0.0908,-0.4713,0.8747
1782933156367,76914,0.09521,0.19849,0.97754,1.00202,-0.25,-0.312,0.062,0.0655,-0.0908,-0.4713,0.8747
1782933156367,76914,0.09521,0.19849,0.97754,1.00202,-0.25,-0.312,0.062,0.0655,-0.0908,-0.4713,0.8747
1782933156426,76973,0.09521,0.19849,0.97754,1.00202,-0.25,-0.312,0.062,0.0655,-0.0908,-0.4713,0.8747
1782933156427,76974,0.09106,0.2002,0.97852,1.00293,0.188,-0.188,-0.062,0.0655,-0.091,-0.4713,0.8747
1782933156427,76974,0.09351,0.20215,0.97754,1.00259,0.188,-0.438,0.0,0.0655,-0.0909,-0.4713,0.8747
1782933156487,77034,0.09375,0.19946,0.97217,0.99684,0.188,-0.625,-0.125,0.0655,-0.0909,-0.4713,0.8747
1782933156488,77035,0.09521,0.20557,0.9729,0.99893,0.062,-0.375,-0.125,0.0655,-0.0909,-0.4713,0.8747
1782933156488,77035,0.09253,0.20142,0.9812,1.00593,0.062,-0.438,0.125,0.0656,-0.0907,-0.4713,0.8747
1782933156547,77094,0.09106,0.19531,0.98022,1.00363,0.25,-0.562,0.062,0.0656,-0.0907,-0.4713,0.8747
1782933156548,77095,0.09351,0.19775,0.97437,0.99862,0.125,-1.375,0.062,0.0656,-0.0908,-0.4713,0.8747
1782933156548,77095,0.0957,0.19946,0.97461,0.9994,0.062,-1.0,0.0,0.0655,-0.091,-0.4713,0.8746
1782933156607,77154,0.0957,0.19946,0.97461,0.9994,0.062,-1.0,0.0,0.0655,-0.091,-0.4713,0.8746
1782933156608,77155,0.09741,0.19946,0.96875,0.99386,0.125,-0.5,0.0,0.0655,-0.0911,-0.4713,0.8746
1782933156608,77155,0.09155,0.19849,0.98071,1.00477,-0.188,0.688,0.0,0.0656,-0.0908,-0.4713,0.8746
1782933156666,77213,0.09229,0.20166,0.97656,1.00143,-0.188,0.5,-0.125,0.0657,-0.0908,-0.4713,0.8746
1782933156667,77214,0.09399,0.20142,0.97998,1.00487,-0.188,0.812,-0.062,0.0657,-0.0907,-0.4713,0.8746
1782933156667,77214,0.09546,0.19946,0.97778,1.00247,0.062,-0.938,0.25,0.0657,-0.0906,-0.4714,0.8746
1782933156726,77273,0.09546,0.19946,0.97778,1.00247,0.062,-0.938,0.25,0.0657,-0.0906,-0.4714,0.8746
1782933156726,77273,0.08936,0.19751,0.97754,1.00129,0.125,-0.625,0.25,0.0657,-0.0906,-0.4713,0.8746
1782933156727,77274,0.0918,0.19946,0.97778,1.00213,0.062,-1.438,0.125,0.0657,-0.0907,-0.4713,0.8747
1782933156786,77333,0.0918,0.19946,0.97778,1.00213,0.062,-1.438,0.125,0.0657,-0.0907,-0.4713,0.8747
1782933156787,77334,0.09448,0.19897,0.97095,0.99562,0.0,-1.188,0.125,0.0656,-0.0908,-0.4713,0.8747
1782933156788,77335,0.09473,0.19873,0.97485,0.9994,0.0,-0.812,0.312,0.0656,-0.091,-0.4713,0.8747
1782933156845,77392,0.09448,0.198,0.97485,0.99923,0.062,-0.562,0.125,0.0656,-0.091,-0.4712,0.8747
1782933156845,77392,0.09399,0.19824,0.97217,0.99662,0.0,-0.375,0.062,0.0656,-0.091,-0.4712,0.8747
1782933156846,77393,0.09717,0.19873,0.97534,1.00011,0.0,-0.75,0.0,0.0656,-0.0911,-0.4713,0.8747
1782933156907,77454,0.09766,0.19946,0.97314,0.99816,0.0,-0.438,0.0,0.0655,-0.0911,-0.4713,0.8747
1782933156907,77454,0.09766,0.1958,0.96729,0.99173,0.0,-0.125,-0.188,0.0655,-0.0911,-0.4713,0.8747
1782933156908,77455,0.0957,0.19678,0.97681,1.00102,0.0,0.375,-0.25,0.0656,-0.0908,-0.4713,0.8747
1782933156965,77512,0.0957,0.19678,0.97681,1.00102,0.0,0.375,-0.25,0.0656,-0.0908,-0.4713,0.8747
1782933156966,77513,0.09058,0.20093,0.97729,1.00183,-0.062,0.25,-0.125,0.0656,-0.0908,-0.4713,0.8747
1782933156967,77514,0.09473,0.2002,0.97534,1.00017,0.062,0.125,-0.125,0.0657,-0.0906,-0.4714,0.8746
1782933157026,77573,0.09204,0.19873,0.97974,1.00392,0.0,-0.312,-0.062,0.0657,-0.0905,-0.4714,0.8746
1782933157027,77574,0.09204,0.19995,0.98071,1.00511,0.062,-0.438,0.0,0.0657,-0.0905,-0.4714,0.8746
1782933157027,77574,0.09033,0.19873,0.97705,1.00114,0.0,0.438,-0.125,0.0658,-0.0903,-0.4714,0.8746
1782933157087,77634,0.09033,0.19873,0.97705,1.00114,0.0,0.438,-0.125,0.0658,-0.0903,-0.4714,0.8746
1782933157088,77635,0.09546,0.19702,0.98047,1.00461,-0.25,0.375,-0.125,0.0658,-0.0903,-0.4715,0.8746
1782933157089,77636,0.08862,0.20068,0.97974,1.004,0.125,-1.375,0.0,0.0657,-0.0903,-0.4715,0.8746
1782933157146,77693,0.08862,0.20068,0.97974,1.004,0.125,-1.375,0.0,0.0657,-0.0903,-0.4715,0.8746
1782933157146,77693,0.09302,0.19995,0.97559,1.0002,0.062,-1.25,0.0,0.0657,-0.0905,-0.4715,0.8746
1782933157147,77694,0.09033,0.19849,0.97266,0.99681,-0.312,0.438,-0.062,0.0656,-0.0905,-0.4716,0.8746
1782933157206,77753,0.09424,0.19775,0.97705,1.00131,-0.062,0.688,-0.188,0.0656,-0.0905,-0.4716,0.8746
1782933157207,77754,0.09351,0.19702,0.979,1.003,-0.062,0.938,-0.25,0.0656,-0.0905,-0.4716,0.8746
1782933157208,77755,0.08984,0.19946,0.97559,0.99982,-0.125,0.125,-0.125,0.0657,-0.0902,-0.4716,0.8746
1782933157266,77813,0.09082,0.19751,0.97632,1.00023,0.0,0.125,-0.062,0.0657,-0.0902,-0.4716,0.8746
1782933157267,77814,0.08984,0.19849,0.97974,1.00367,-0.25,0.5,-0.062,0.0657,-0.0901,-0.4717,0.8746
1782933157267,77814,0.09253,0.19873,0.97412,0.99848,0.0,-0.375,-0.062,0.0657,-0.0902,-0.4718,0.8745
1782933157326,77873,0.08862,0.19946,0.98047,1.00447,0.062,0.875,-0.188,0.0657,-0.0901,-0.4718,0.8745
1782933157326,77873,0.09668,0.20117,0.9729,0.99817,0.062,1.188,-0.25,0.0657,-0.0901,-0.4718,0.8745
1782933157327,77874,0.09521,0.19824,0.97925,1.00364,0.0,-1.125,0.312,0.0659,-0.0899,-0.4717,0.8746
1782933157387,77934,0.09351,0.20361,0.97852,1.00384,0.062,-0.688,0.125,0.0659,-0.0899,-0.4717,0.8746
1782933157387,77934,0.08936,0.198,0.97656,1.00043,0.125,-0.812,0.25,0.0658,-0.0899,-0.4717,0.8746
1782933157388,77935,0.09351,0.19873,0.97339,0.99786,0.062,-0.812,0.25,0.0656,-0.0905,-0.4716,0.8745
1782933157445,77992,0.09399,0.19727,0.97559,0.99976,0.062,-0.188,0.062,0.0656,-0.0905,-0.4716,0.8745
1782933157446,77993,0.09131,0.20508,0.97534,1.00084,0.0,0.062,-0.062,0.0656,-0.0905,-0.4716,0.8745
1782933157447,77994,0.01465,0.05688,1.25366,1.25504,-14.625,0.688,-7.938,0.0655,-0.0896,-0.4719,0.8745
1782933157506,78053,-0.03564,0.33276,1.53516,1.57121,133.5,-64.438,54.938,0.0679,-0.093,-0.4705,0.8747
1782933157506,78053,0.13647,0.38965,1.19946,1.26852,140.875,-489.062,36.625,0.0682,-0.1273,-0.4638,0.8739
1782933157507,78054,0.49292,0.31885,0.77637,0.97334,37.312,-328.5,-40.688,0.0401,-0.2329,-0.4584,0.8566
1782933157566,78113,0.56665,0.24146,0.49927,0.79288,10.438,-363.562,-36.125,0.0338,-0.2466,-0.4602,0.8521
1782933157566,78113,0.56299,0.29565,0.48169,0.79774,10.562,-320.0,-28.375,0.028,-0.259,-0.4616,0.8478
1782933157571,78118,0.49097,0.073,0.44873,0.66913,-89.188,37.062,-64.375,-0.0057,-0.3186,-0.461,0.8281
1782933157627,78174,0.49097,0.073,0.44873,0.66913,-89.188,37.062,-64.375,-0.0057,-0.3186,-0.461,0.8281
1782933157686,78233,0.46655,-0.01245,0.59497,0.75618,-127.375,112.625,-88.438,-0.0084,-0.3079,-0.4697,0.8272
1782933157688,78235,0.32373,0.3313,0.94751,1.05467,-136.25,11.25,-19.188,-0.0474,-0.2485,-0.5285,0.8103
1782933157689,78236,0.30249,0.29956,1.13086,1.20834,-108.188,17.062,2.25,-0.0526,-0.2432,-0.5306,0.8101
1782933157746,78293,0.08984,0.12524,1.50952,1.51737,-59.375,152.062,20.0,-0.0545,-0.2322,-0.5339,0.811
1782933157746,78293,0.49561,0.13208,0.7522,0.91043,19.812,-252.812,28.562,-0.0766,-0.2474,-0.5302,0.8072
1782933157747,78294,0.37964,0.21411,1.04907,1.13601,2.562,-49.938,5.812,-0.0834,-0.2586,-0.5255,0.806
1782933157806,78353,0.38867,0.15454,1.04614,1.12666,10.562,-90.125,15.75,-0.0857,-0.2626,-0.5244,0.8053
1782933157807,78354,0.43433,0.13135,0.98071,1.0806,9.875,-116.312,18.0,-0.088,-0.2666,-0.5232,0.8045
1782933157807,78354,0.67358,0.11548,0.62061,0.92315,2.75,-20.125,0.0,-0.1085,-0.3048,-0.5078,0.7982
1782933157866,78413,0.58594,0.15186,0.729,0.94754,1.812,-27.938,2.75,-0.109,-0.3056,-0.5077,0.7979
1782933157866,78413,0.54883,0.12744,0.85205,1.02149,12.312,-30.062,21.312,-0.1094,-0.3066,-0.5068,0.798
1782933157868,78415,0.54883,0.12744,0.85205,1.02149,12.312,-30.062,21.312,-0.1094,-0.3066,-0.5068,0.798
1782933157926,78473,0.54883,0.12744,0.85205,1.02149,12.312,-30.062,21.312,-0.1094,-0.3066,-0.5068,0.798
1782933157926,78473,0.67944,0.08301,0.67847,0.96377,49.312,-61.75,37.438,-0.1192,-0.3418,-0.4821,0.7977
1782933157927,78474,0.69312,0.12891,0.70142,0.9945,26.688,-60.688,23.188,-0.1287,-0.3732,-0.4622,0.7938
1782933157987,78534,0.70874,0.14136,0.67578,0.98943,22.562,-61.938,21.438,-0.1303,-0.3783,-0.4593,0.7929
1782933157988,78535,0.70605,0.14404,0.7041,1.00748,19.625,-55.375,18.312,-0.1317,-0.3815,-0.4578,0.7919
1782933157989,78536,0.7334,0.13354,0.64868,0.98818,32.625,-53.875,25.0,-0.1355,-0.3987,-0.4463,0.7894
1782933158046,78593,0.74121,0.09961,0.63428,0.98063,29.5,-59.062,24.875,-0.1361,-0.4011,-0.4446,0.7891
1782933158047,78594,0.75195,0.11011,0.6189,0.9801,27.25,-55.312,22.438,-0.1367,-0.4035,-0.443,0.7887
1782933158048,78595,0.77563,0.13892,0.58081,0.9789,19.938,-2.5,4.938,-0.136,-0.4128,-0.4373,0.7872
1782933158105,78652,0.77051,0.1521,0.60938,0.99406,17.625,10.125,1.562,-0.1353,-0.4129,-0.437,0.7874
1782933158106,78653,0.75635,0.16162,0.63501,1.00071,18.812,13.938,0.25,-0.1344,-0.4127,-0.4367,0.7878
1782933158106,78653,0.75635,0.16162,0.63501,1.00071,18.812,13.938,0.25,-0.1344,-0.4127,-0.4367,0.7878
1782933158166,78713,0.75586,0.11719,0.66089,1.01086,3.625,4.5,-1.25,-0.1296,-0.4096,-0.4368,0.7902
1782933158167,78714,0.73584,0.16504,0.62158,0.97727,3.188,1.188,-1.875,-0.1293,-0.4097,-0.4368,0.7902
1782933158170,78717,0.73584,0.16504,0.62158,0.97727,3.188,1.188,-1.875,-0.1293,-0.4097,-0.4368,0.7902
1782933158226,78773,0.75171,0.1958,0.61108,0.98834,5.0,-1.5,0.688,-0.1288,-0.4102,-0.4367,0.79
1782933158226,78773,0.73657,0.20703,0.63843,0.99649,1.125,3.312,-4.562,-0.1286,-0.4101,-0.4369,0.79
1782933158227,78774,0.73657,0.20703,0.63843,0.99649,1.125,3.312,-4.562,-0.1286,-0.4101,-0.4369,0.79
1782933158286,78833,0.75952,0.15698,0.63989,1.00547,-2.562,-1.75,1.625,-0.1296,-0.4102,-0.4371,0.7897
1782933158287,78834,0.74268,0.14502,0.63916,0.99052,-3.0,-2.312,1.938,-0.1298,-0.4102,-0.4371,0.7897
1782933158288,78835,0.74268,0.14502,0.63916,0.99052,-3.0,-2.312,1.938,-0.1298,-0.4102,-0.4371,0.7897
1782933158346,78893,0.69092,0.15454,0.52637,0.88222,-1.688,137.438,-12.188,-0.1186,-0.3912,-0.4437,0.7974
1782933158347,78894,0.67529,0.14062,0.4856,0.84356,-2.312,164.875,-17.125,-0.1154,-0.3859,-0.445,0.7996
1782933158348,78895,0.67529,0.14062,0.4856,0.84356,-2.312,164.875,-17.125,-0.1154,-0.3859,-0.445,0.7996
1782933158406,78953,0.44849,0.15918,0.96899,1.07955,-5.438,270.688,66.438,-0.0711,-0.2737,-0.4644,0.8391
1782933158406,78953,0.43262,0.19556,1.00537,1.11183,12.25,252.312,69.062,-0.0664,-0.2644,-0.4627,0.8435
1782933158407,78954,0.43262,0.19556,1.00537,1.11183,12.25,252.312,69.062,-0.0664,-0.2644,-0.4627,0.8435
1782933158465,79012,0.43262,0.19556,1.00537,1.11183,12.25,252.312,69.062,-0.0664,-0.2644,-0.4627,0.8435
1782933158466,79013,0.40381,0.09302,1.07397,1.15114,55.812,-10.0,91.0,-0.0399,-0.2222,-0.4374,0.8702
1782933158468,79015,0.46924,0.14478,0.83789,0.97119,27.125,-6.438,-50.5,-0.0318,-0.2435,-0.4264,0.8704
1782933158525,79072,0.4353,0.19922,0.87988,1.00168,24.062,-2.062,-52.875,-0.0294,-0.2446,-0.428,0.8694
1782933158526,79073,0.41235,0.19312,0.89673,1.00571,19.0,-8.438,-48.062,-0.0281,-0.2452,-0.4296,0.8685
1782933158527,79074,0.41235,0.19312,0.89673,1.00571,19.0,-8.438,-48.062,-0.0281,-0.2452,-0.4296,0.8685
1782933158586,79133,0.41235,0.19312,0.89673,1.00571,19.0,-8.438,-48.062,-0.0281,-0.2452,-0.4296,0.8685
1782933158587,79134,0.51221,0.18652,0.76831,0.94205,18.375,-32.688,-1.812,-0.0237,-0.2649,-0.4273,0.864
1782933158587,79134,0.44531,0.19629,0.8894,1.01384,-7.5,16.062,2.938,-0.0192,-0.2614,-0.4272,0.8652
1782933158646,79193,0.4458,0.19214,0.87671,1.00214,-7.5,12.75,3.875,-0.0195,-0.2605,-0.4279,0.8651
1782933158647,79194,0.44727,0.19702,0.8623,0.99118,-7.812,12.188,4.688,-0.0196,-0.2599,-0.4278,0.8654
1782933158647,79194,0.43262,0.20264,0.89111,1.01109,4.812,-3.25,-2.375,-0.0199,-0.2576,-0.4312,0.8643
1782933158706,79253,0.43262,0.20264,0.89111,1.01109,4.812,-3.25,-2.375,-0.0199,-0.2576,-0.4312,0.8643
1782933158706,79253,0.44116,0.20435,0.8916,1.01554,4.5,-6.438,-1.188,-0.0198,-0.258,-0.4313,0.8642
1782933158707,79254,0.44116,0.20435,0.8916,1.01554,4.5,-6.438,-1.188,-0.0198,-0.258,-0.4313,0.8642
1782933158767,79314,0.44678,0.1958,0.84717,0.97757,2.75,4.875,-2.875,-0.0219,-0.2593,-0.4312,0.8638
1782933158768,79315,0.44922,0.19702,0.84546,0.97745,2.25,6.562,-0.188,-0.0217,-0.2592,-0.4312,0.8638
1782933158772,79319,0.45166,0.19702,0.84668,0.97963,1.625,-4.438,0.438,-0.0206,-0.2602,-0.432,0.8632
1782933158826,79373,0.45166,0.19702,0.84668,0.97963,1.625,-4.438,0.438,-0.0206,-0.2602,-0.432,0.8632
1782933158826,79373,0.44238,0.19556,0.84888,0.97701,0.812,-2.875,1.5,-0.0206,-0.2606,-0.4318,0.8631
1782933158827,79374,0.47437,0.19971,0.81372,0.96283,-15.562,44.875,3.062,-0.0219,-0.2544,-0.4331,0.8643
1782933158886,79433,0.47437,0.19971,0.81372,0.96283,-15.562,44.875,3.062,-0.0219,-0.2544,-0.4331,0.8643
1782933158888,79435,0.42505,0.19092,0.86133,0.97929,-21.0,64.062,0.938,-0.0214,-0.2495,-0.4343,0.8651
1782933158889,79436,0.34961,0.20166,0.9458,1.02831,3.5,47.0,-0.438,-0.0168,-0.2304,-0.4374,0.8689
1782933158946,79493,0.33545,0.23389,0.95752,1.04119,2.5,32.875,3.125,-0.0159,-0.2291,-0.4374,0.8693
1782933158946,79493,0.34717,0.18994,0.95776,1.0363,14.688,18.375,-4.875,-0.0154,-0.228,-0.4382,0.8692
1782933158946,79493,0.49414,0.06079,0.77954,0.92496,1.625,-26.938,-4.438,-0.0239,-0.2463,-0.4274,0.8694
1782933159005,79552,0.49414,0.06079,0.77954,0.92496,1.625,-26.938,-4.438,-0.0239,-0.2463,-0.4274,0.8694
1782933159005,79552,0.45825,0.06958,0.98828,1.09157,6.312,-50.625,21.438,-0.025,-0.2488,-0.4263,0.8692
1782933159006,79553,0.302,0.20508,0.93066,0.99969,-30.125,227.5,-5.5,-0.0049,-0.2178,-0.4387,0.8717
1782933159066,79613,0.28906,0.17432,0.95483,1.01274,-26.5,227.062,-0.312,0.0009,-0.1998,-0.4412,0.8747
1782933159066,79613,0.28662,0.17603,0.96851,1.02526,-24.562,229.5,-0.688,0.0043,-0.1907,-0.4414,0.8767
1782933159070,79617,0.04224,0.29663,1.12231,1.16162,-23.188,190.375,99.688,0.0377,-0.113,-0.4373,0.8912
1782933159128,79675,0.04224,0.29663,1.12231,1.16162,-23.188,190.375,99.688,0.0377,-0.113,-0.4373,0.8912
1782933159128,79675,0.00317,0.29321,1.25391,1.28774,-39.0,113.812,145.938,0.0391,-0.1011,-0.432,0.8952
1782933159130,79677,0.32959,-0.08032,0.76514,0.83697,-7.812,-146.438,67.562,0.0046,-0.1298,-0.3793,0.916
1782933159186,79733,0.29932,-0.12695,0.71484,0.78531,-28.0,-125.438,37.938,0.0014,-0.1347,-0.3775,0.916
1782933159187,79734,0.3811,-0.17334,0.71582,0.82927,-35.188,-69.625,-23.75,-0.0025,-0.139,-0.3739,0.9169
1782933159188,79735,0.07495,0.16455,1.11279,1.12738,31.5,42.625,-99.75,0.012,-0.1241,-0.3978,0.9088
1782933159246,79793,0.09985,0.16895,1.14648,1.16316,36.625,23.562,-87.938,0.0144,-0.1235,-0.4012,0.9074
1782933159246,79793,0.15259,0.26147,1.05078,1.09352,47.0,-14.688,-64.938,0.0189,-0.1252,-0.4047,0.9055
1782933159247,79794,0.2478,0.26733,0.66821,0.76117,85.75,13.938,-12.5,0.0323,-0.1451,-0.4048,0.9021
1782933159307,79854,0.18311,0.21729,0.74292,0.79541,77.75,30.625,-1.125,0.036,-0.1454,-0.4044,0.9021
1782933159308,79855,0.25098,0.14307,0.94702,0.9901,54.188,60.562,-8.0,0.0429,-0.1436,-0.4008,0.9037
1782933159309,79856,0.10278,0.24121,1.11841,1.14873,-3.875,-7.812,34.0,0.0595,-0.1285,-0.3988,0.9059
1782933159365,79912,0.13672,0.21484,1.10938,1.13823,-4.625,-31.688,37.0,0.0587,-0.1295,-0.3975,0.9064
1782933159366,79913,0.17651,0.18213,1.00415,1.03569,-11.875,-59.062,23.062,0.0556,-0.1336,-0.3973,0.9061
1782933159366,79913,0.18213,0.2207,1.00439,1.04436,21.625,-43.625,-5.688,0.0446,-0.1511,-0.3975,0.9038
1782933159425,79972,0.18213,0.2207,1.00439,1.04436,21.625,-43.625,-5.688,0.0446,-0.1511,-0.3975,0.9038
1782933159426,79973,0.17236,0.21655,1.03296,1.0694,35.312,-67.125,4.0,0.0455,-0.1577,-0.3953,0.9036
1782933159427,79974,0.28247,0.24707,0.91846,0.99217,16.625,-35.625,7.25,0.0462,-0.1807,-0.3867,0.903
1782933159489,80036,0.26489,0.25952,0.9436,1.01385,9.375,-34.25,3.25,0.046,-0.1822,-0.3865,0.9028
1782933159490,80037,0.34448,0.21631,0.92163,1.0074,5.875,-23.562,0.438,0.0457,-0.1848,-0.3847,0.903
1782933159492,80039,0.28662,0.21167,0.98779,1.05009,12.688,-1.125,-6.562,0.0465,-0.1863,-0.384,0.903
1782933159546,80093,0.29199,0.20532,0.98853,1.051,17.938,-7.188,-8.062,0.0471,-0.1868,-0.3842,0.9028
1782933159546,80093,0.29468,0.20728,0.99268,1.05604,23.375,-11.312,-8.875,0.0478,-0.1875,-0.3843,0.9025
1782933159547,80094,0.31885,0.35693,0.84497,0.9711,15.562,-37.062,9.625,0.0612,-0.21,-0.3825,0.8975
1782933159606,80153,0.26221,0.35205,0.83105,0.93986,-0.625,-41.188,17.562,0.0606,-0.2116,-0.382,0.8974
1782933159606,80153,0.26367,0.23315,0.86353,0.9325,-19.125,-41.0,17.25,0.0581,-0.2143,-0.3792,0.8981
1782933159607,80154,0.31055,0.27832,0.88159,0.97525,-8.5,-15.625,6.875,0.0507,-0.221,-0.3769,0.898
1782933159666,80213,0.31055,0.27832,0.88159,0.97525,-8.5,-15.625,6.875,0.0507,-0.221,-0.3769,0.898
1782933159668,80215,0.31934,0.29126,0.89185,0.99106,-10.0,-13.875,6.625,0.05,-0.2213,-0.3768,0.898
1782933159668,80215,0.323,0.25928,0.91504,1.00442,-10.25,-25.562,11.812,0.0415,-0.229,-0.376,0.8968
1782933159725,80272,0.32202,0.2644,0.95093,1.03821,-9.562,-34.938,16.688,0.0405,-0.2301,-0.3756,0.8967
1782933159726,80273,0.3252,0.2583,0.9812,1.06547,-9.875,-46.875,21.125,0.0392,-0.2316,-0.375,0.8966
1782933159727,80274,0.3252,0.2583,0.9812,1.06547,-9.875,-46.875,21.125,0.0392,-0.2316,-0.375,0.8966
1782933159786,80333,0.37256,0.23975,0.90674,1.00919,-7.125,28.25,-2.875,0.032,-0.2428,-0.3689,0.8965
1782933159786,80333,0.32617,0.25879,0.98584,1.07016,-2.5,18.188,-4.625,0.0324,-0.2412,-0.3692,0.8967
1782933159788,80335,0.32617,0.25879,0.98584,1.07016,-2.5,18.188,-4.625,0.0324,-0.2412,-0.3692,0.8967
1782933159847,80394,0.41724,0.56567,0.94727,1.17957,2.375,-58.875,6.75,0.0227,-0.255,-0.3693,0.8932
1782933159848,80395,0.32568,0.09448,1.14136,1.19067,-4.188,-86.688,30.938,0.0199,-0.2593,-0.3679,0.8926
1782933159852,80399,0.48828,0.16187,0.87451,1.01459,-146.188,-10.062,-24.0,-0.027,-0.2746,-0.372,0.8861
1782933159907,80454,0.49438,0.11719,0.92456,1.05497,-149.25,-23.062,-28.438,-0.0355,-0.272,-0.376,0.8849
1782933159908,80455,0.50562,0.10132,0.92261,1.05694,-150.875,-29.25,-32.062,-0.0384,-0.2713,-0.3775,0.8844
1782933159909,80456,0.50537,0.05737,0.76562,0.91916,-58.25,-28.688,-90.188,-0.0766,-0.268,-0.4217,0.8627
1782933159974,80521,0.52515,0.08789,0.76343,0.93077,-50.0,-11.188,-88.25,-0.0778,-0.2679,-0.4255,0.8607
1782933159976,80523,0.54785,0.10083,0.77295,0.95276,-45.312,2.125,-80.188,-0.0786,-0.2674,-0.4291,0.859
1782933159978,80525,0.54785,0.10083,0.77295,0.95276,-45.312,2.125,-80.188,-0.0786,-0.2674,-0.4291,0.859
1782933160027,80574,0.45142,0.12622,1.07178,1.1698,-91.938,18.5,-37.25,-0.0895,-0.2449,-0.4561,0.8507
1782933160028,80575,0.55859,0.08154,1.0791,1.21784,-98.25,-20.5,-40.938,-0.0929,-0.2436,-0.4585,0.8494
1782933160030,80577,0.66406,-0.104,1.14307,1.32605,-104.312,-6.062,-125.75,-0.1156,-0.2319,-0.496,0.8286
1782933160088,80635,0.65991,-0.18262,1.12134,1.31386,-122.812,-17.125,-132.0,-0.119,-0.2305,-0.5017,0.8251
1782933160089,80636,0.62817,-0.28833,1.15527,1.34625,-139.625,-11.75,-134.688,-0.1229,-0.2286,-0.5077,0.8214
1782933160091,80638,0.823,-0.09448,0.61206,1.02999,-134.0,13.062,-135.125,-0.1628,-0.2153,-0.5555,0.7863
1782933160147,80694,0.84888,-0.07251,0.56226,1.02078,-135.062,34.0,-146.562,-0.1654,-0.2124,-0.5617,0.7821
1782933160148,80695,0.99902,-0.10498,0.47266,1.11017,-128.562,79.125,-153.375,-0.1672,-0.2083,-0.5683,0.7781
1782933160151,80698,0.99902,-0.10498,0.47266,1.11017,-128.562,79.125,-153.375,-0.1672,-0.2083,-0.5683,0.7781
1782933160208,80755,0.04028,-0.26392,-0.03442,0.26919,43.438,353.625,-337.75,-0.066,-0.1639,-0.6705,0.7204
1782933160209,80756,0.05054,0.01392,0.35156,0.35545,2.938,315.125,-311.375,-0.0532,-0.1552,-0.6811,0.7134
1782933160210,80757,-1.33594,-0.28003,1.90723,2.34535,8.688,225.312,-135.0,0.0304,-0.0659,-0.7579,0.6481
1782933160270,80817,-1.32007,0.20874,1.78931,2.23334,-28.562,14.438,-50.625,0.0352,-0.0612,-0.7576,0.6486
1782933160271,80818,-0.66528,0.57227,1.31494,1.58087,-33.062,-64.938,-4.25,0.0326,-0.0622,-0.7582,0.648
1782933160271,80818,-0.66528,0.57227,1.31494,1.58087,-33.062,-64.938,-4.25,0.0326,-0.0622,-0.7582,0.648
1782933160328,80875,-0.07397,0.35474,0.45728,0.58345,183.938,77.312,-46.625,0.0386,-0.1058,-0.7678,0.6305
1782933160330,80877,0.07886,0.13843,0.72339,0.74073,145.125,50.75,-30.188,0.045,-0.109,-0.7678,0.6295
1782933160330,80877,0.07886,0.13843,0.72339,0.74073,145.125,50.75,-30.188,0.045,-0.109,-0.7678,0.6295
1782933160386,80933,0.59766,0.21973,1.12817,1.29547,44.375,-131.375,-53.062,0.0143,-0.1631,-0.7682,0.6187
1782933160387,80934,0.5415,0.31055,1.02271,1.19816,59.062,-62.25,-72.375,0.0106,-0.1742,-0.7717,0.6113
1782933160388,80935,-0.28955,0.37769,1.01733,1.12314,33.688,-207.562,-83.875,0.0244,-0.198,-0.7927,0.5758
1782933160447,80994,0.08594,0.04932,0.66211,0.66948,67.75,-57.812,-65.75,0.0208,-0.2053,-0.7932,0.5726
1782933160449,80996,0.03613,0.16455,0.9436,0.95852,95.125,42.75,-83.938,0.0246,-0.2075,-0.7944,0.5701
1782933160452,80999,0.03613,0.16455,0.9436,0.95852,95.125,42.75,-83.938,0.0246,-0.2075,-0.7944,0.5701
1782933160507,81054,0.00195,-0.0166,0.31445,0.31489,81.625,11.938,-264.25,0.0707,-0.2271,-0.8283,0.5071
1782933160509,81056,-0.07422,-0.14575,-0.07202,0.17871,78.938,-34.0,-279.562,0.0743,-0.2296,-0.8335,0.4968
1782933160510,81057,-0.07422,-0.14575,-0.07202,0.17871,78.938,-34.0,-279.562,0.0743,-0.2296,-0.8335,0.4968
1782933160569,81116,-0.09229,0.00684,0.21265,0.23191,-51.0,146.0,-398.938,0.1426,-0.1868,-0.8931,0.3833
1782933160627,81174,-0.1731,0.40283,0.25049,0.50496,-55.938,132.062,-417.5,0.1506,-0.1802,-0.8992,0.3688
1782933160630,81177,-0.33496,-0.78052,1.55444,1.77135,-331.875,349.75,-252.562,0.173,-0.024,-0.9279,0.329
1782933160631,81178,-0.33496,-0.78052,1.55444,1.77135,-331.875,349.75,-252.562,0.173,-0.024,-0.9279,0.329
1782933160688,81235,-0.36768,-0.48535,1.3916,1.51898,-334.062,230.688,-280.125,0.1821,0.0032,-0.9324,0.312
1782933160688,81235,-1.85547,-0.96606,1.3623,2.49638,-118.875,334.75,-345.0,0.2302,0.2158,-0.9353,0.1597
1782933160689,81236,-0.20703,-0.33374,0.52588,0.65635,63.312,-124.875,64.0,0.2716,0.2214,-0.9297,0.1123
1782933160746,81293,-0.18726,-0.3916,0.46387,0.63529,49.062,-30.812,22.75,0.2692,0.2144,-0.9322,0.1107
1782933160746,81293,-0.25806,-0.47241,0.70898,0.89018,52.0,13.812,8.312,0.2697,0.2124,-0.9326,0.1105
1782933160747,81294,-0.25806,-0.47241,0.70898,0.89018,52.0,13.812,8.312,0.2697,0.2124,-0.9326,0.1105
1782933160808,81355,-0.25806,-0.47241,0.70898,0.89018,52.0,13.812,8.312,0.2697,0.2124,-0.9326,0.1105
1782933160809,81356,-0.56055,-0.37207,0.74634,1.00483,1.562,20.438,7.125,0.2774,0.2034,-0.9339,0.0963
1782933160810,81357,-0.54199,-0.31396,0.78467,1.00401,8.562,45.75,-4.375,0.2875,0.2013,-0.9317,0.0919
1782933160865,81412,-0.54199,-0.31396,0.78467,1.00401,8.562,45.75,-4.375,0.2875,0.2013,-0.9317,0.0919
1782933160870,81417,-0.61206,-0.36426,0.86792,1.12276,9.562,43.688,-4.5,0.2905,0.2017,-0.9306,0.0933
1782933160872,81419,-0.56934,-0.33765,0.75269,1.00235,-0.562,2.875,-2.875,0.2984,0.2019,-0.928,0.093
1782933160926,81473,-0.56934,-0.33765,0.75269,1.00235,-0.562,2.875,-2.875,0.2984,0.2019,-0.928,0.093
1782933160927,81474,-0.55151,-0.33398,0.65503,0.91911,-0.188,-34.438,-2.625,0.2971,0.2015,-0.9286,0.0927
1782933160929,81476,-0.52563,-0.37451,0.82495,1.04742,0.75,-34.688,-1.938,0.2856,0.2003,-0.9327,0.0907
1782933160988,81535,-0.55347,-0.38257,0.80176,1.04667,-4.312,-57.562,-8.875,0.2834,0.2004,-0.9333,0.0908
1782933160990,81537,-0.56836,-0.39111,0.66699,0.95962,-4.688,-111.312,-4.125,0.2782,0.1991,-0.9353,0.0889
1782933160990,81537,-0.5874,-0.27612,0.8042,1.03345,-27.438,-143.375,25.938,0.2402,0.1989,-0.9455,0.0921
1782933161046,81593,-0.56201,0.04053,0.74268,0.93224,11.062,-147.25,25.562,0.2318,0.1977,-0.9475,0.0958
1782933161047,81594,-0.48975,0.12427,0.80347,0.94914,7.25,-221.438,53.062,0.2222,0.1927,-0.951,0.0941
1782933161048,81595,0.03662,-0.9812,0.85571,1.30243,-14.625,-298.938,99.562,0.114,0.1878,-0.9677,0.1229
1782933161107,81654,0.03662,-0.9812,0.85571,1.30243,-14.625,-298.938,99.562,0.114,0.1878,-0.9677,0.1229
1782933161108,81655,0.24634,-0.19019,1.2688,1.30641,125.438,-22.5,-3.562,0.1058,0.1755,-0.9715,0.1179
1782933161110,81657,-0.38159,-0.11987,0.50879,0.64718,-28.688,-210.438,-62.75,0.0291,0.1455,-0.9837,0.1002
1782933161170,81717,-0.38159,-0.11987,0.50879,0.64718,-28.688,-210.438,-62.75,0.0291,0.1455,-0.9837,0.1002
1782933161171,81718,-0.37964,-0.24268,0.56689,0.72414,-86.25,-206.375,-36.562,0.0101,0.1493,-0.9839,0.097
1782933161172,81719,0.21265,-0.58081,1.00342,1.17873,-13.0,-117.625,-30.438,-0.0537,0.1673,-0.9796,0.0968
1782933161227,81774,0.33691,-0.39453,0.87695,1.01892,-13.625,-123.188,-44.375,-0.0593,0.1672,-0.9794,0.0958
1782933161228,81775,0.11768,-0.33081,0.86572,0.93421,-15.688,-97.0,-23.188,-0.069,0.1673,-0.9786,0.0972
1782933161230,81777,0.11865,-0.26147,1.0459,1.0846,14.125,7.562,-42.375,-0.1036,0.1664,-0.9753,0.1009
1782933161288,81835,-0.0105,-0.2373,0.85327,0.88572,-4.5,-25.188,-5.875,-0.1045,0.1662,-0.9752,0.1005
1782933161291,81838,-0.06641,-0.3208,0.91357,0.97053,-16.812,-10.625,48.25,-0.1056,0.1668,-0.9739,0.1109
1782933161292,81839,0.10815,-0.35571,0.82666,0.90642,18.312,-9.25,-7.188,-0.113,0.1591,-0.9713,0.1351
1782933161346,81893,0.08887,-0.34448,0.76587,0.84447,9.75,-12.0,-2.125,-0.1135,0.1585,-0.9714,0.1351
1782933161347,81894,0.11768,-0.37085,0.73804,0.83431,-2.5,-14.625,4.25,-0.1153,0.1576,-0.9703,0.1416
1782933161348,81895,0.16016,-0.36035,0.87158,0.95664,0.812,0.312,0.312,-0.1184,0.1565,-0.9686,0.1522
1782933161407,81954,0.1665,-0.36182,0.896,0.98054,-0.875,-1.375,1.25,-0.1184,0.1566,-0.9685,0.1522
1782933161408,81955,0.20459,-0.37085,0.93188,1.02361,-1.062,-2.312,1.375,-0.1186,0.1566,-0.9685,0.1524
1782933161409,81956,0.19727,-0.35132,0.90576,0.99133,-1.062,-0.062,0.312,-0.1181,0.1569,-0.9685,0.1524
1782933161470,82017,0.2207,-0.60303,0.9375,1.13634,-3.438,0.812,1.375,-0.1181,0.1572,-0.9685,0.1524
1782933161471,82018,0.20361,-0.23633,0.99219,1.04007,16.625,-1.125,-14.5,-0.1176,0.1548,-0.9681,0.1574
1782933161472,82019,0.20361,-0.23633,0.99219,1.04007,16.625,-1.125,-14.5,-0.1176,0.1548,-0.9681,0.1574
1782933161526,82073,0.17358,-0.40771,0.92822,1.02857,15.875,28.125,6.25,-0.1116,0.1476,-0.968,0.1688
1782933161528,82075,0.18335,-0.32373,0.92871,1.00046,7.062,17.688,3.188,-0.1108,0.1463,-0.967,0.176
1782933161530,82077,0.17725,-0.35156,0.92505,1.00535,-8.0,-25.562,0.0,-0.1121,0.1457,-0.965,0.1862
1782933161590,82137,0.15063,-0.34839,0.93799,1.01187,-11.562,-29.312,0.938,-0.1144,0.1461,-0.9647,0.1864
1782933161594,82141,0.16064,-0.33301,0.91113,0.98329,-13.25,-38.5,2.688,-0.1172,0.1462,-0.9638,0.1895
1782933161596,82143,0.16772,-0.33813,0.94897,1.02128,-3.0,-0.062,8.25,-0.1242,0.1491,-0.9616,0.1936
1782933161645,82192,0.17017,-0.38672,0.94531,1.03543,-0.812,-2.0,9.0,-0.1242,0.1492,-0.9615,0.194
1782933161646,82193,0.19116,-0.43408,0.92896,1.04304,1.25,1.0,9.125,-0.1242,0.1494,-0.9614,0.1943
1782933161646,82193,0.1936,-0.35083,0.88916,0.97528,2.125,2.375,2.438,-0.1251,0.1468,-0.9595,0.2048
1782933161707,82254,0.20215,-0.34546,0.87646,0.96353,1.125,1.188,1.375,-0.1251,0.1467,-0.9595,0.2048
1782933161708,82255,0.20508,-0.3501,0.88037,0.96937,0.0,0.5,0.0,-0.1251,0.1468,-0.9595,0.2048
1782933161709,82256,0.18311,-0.35938,0.92896,1.01274,-1.062,-0.812,-0.062,-0.1257,0.1475,-0.9592,0.205
1782933161765,82312,0.18042,-0.3728,0.9375,1.02491,-0.188,-1.125,-0.125,-0.1258,0.1475,-0.9592,0.205
1782933161770,82317,0.18066,-0.36719,0.93481,1.02046,0.5,-1.062,-0.125,-0.1258,0.1475,-0.9592,0.205
1782933161771,82318,0.13354,-0.31372,0.91528,0.97672,1.875,1.562,-0.062,-0.1267,0.1467,-0.9588,0.207
1782933161826,82373,0.12695,-0.32324,0.88696,0.95252,1.75,2.625,4.188,-0.1265,0.1466,-0.9588,0.2071
1782933161830,82377,0.14233,-0.35645,0.8728,0.95346,0.062,4.062,9.688,-0.1264,0.1467,-0.9587,0.2075
1782933161830,82377,0.14502,-0.35889,0.90503,0.98433,-0.25,0.0,2.312,-0.1281,0.1461,-0.9568,0.2158
1782933161888,82435,0.14502,-0.35889,0.90503,0.98433,-0.25,0.0,2.312,-0.1281,0.1461,-0.9568,0.2158
1782933161889,82436,0.17432,-0.36304,0.91406,0.99884,-0.062,-0.75,3.562,-0.1281,0.1461,-0.9567,0.216
1782933161890,82437,0.19409,-0.36401,0.91577,1.00439,0.125,0.312,0.562,-0.1286,0.1461,-0.9566,0.2163
1782933161947,82494,0.1897,-0.36035,0.89551,0.98376,-0.625,0.875,-0.375,-0.1286,0.1462,-0.9566,0.2163
1782933161948,82495,0.17261,-0.3562,0.90576,0.98847,-1.625,1.625,-0.062,-0.1286,0.1463,-0.9566,0.2162
1782933161954,82501,0.17261,-0.3562,0.90576,0.98847,-1.625,1.625,-0.062,-0.1286,0.1463,-0.9566,0.2162
1782933162007,82554,0.17651,-0.36035,0.91699,1.00094,-0.562,2.312,-0.25,-0.1279,0.1469,-0.9566,0.2162
1782933162010,82557,0.17651,-0.35693,0.91479,0.9977,-0.562,1.938,0.062,-0.1279,0.147,-0.9566,0.2161
1782933162010,82557,0.17651,-0.35693,0.91479,0.9977,-0.562,1.938,0.062,-0.1279,0.147,-0.9566,0.2161
1782933162066,82613,0.17651,-0.35693,0.91479,0.9977,-0.562,1.938,0.062,-0.1279,0.147,-0.9566,0.2161
1782933162071,82618,0.1792,-0.36426,0.91895,1.00462,-0.688,-0.312,0.25,-0.1276,0.1477,-0.9566,0.2161
1782933162072,82619,0.17944,-0.35962,0.91431,0.99874,1.188,-2.75,-0.062,-0.1286,0.1474,-0.9564,0.2164
1782933162126,82673,0.18457,-0.36206,0.91235,0.99877,1.312,-2.625,-0.125,-0.1287,0.1473,-0.9564,0.2164
1782933162128,82675,0.18262,-0.3623,0.90991,0.99627,1.375,-2.75,-0.062,-0.1288,0.1472,-0.9564,0.2164
1782933162129,82676,0.17554,-0.3584,0.91577,0.99895,1.188,-2.312,-0.062,-0.1294,0.1466,-0.9564,0.2165
1782933162189,82736,0.16748,-0.35718,0.91748,0.9987,1.25,-3.625,0.188,-0.1295,0.1466,-0.9564,0.2166
1782933162190,82737,0.1731,-0.3562,0.90747,0.99012,1.062,-4.688,1.0,-0.1297,0.1465,-0.9563,0.2166
1782933162193,82740,0.1731,-0.3562,0.90747,0.99012,1.062,-4.688,1.0,-0.1297,0.1465,-0.9563,0.2166
1782933162246,82793,0.19067,-0.3606,0.9375,1.0224,0.0,-4.375,0.25,-0.1317,0.1453,-0.9551,0.2215
1782933162246,82793,0.18555,-0.36987,0.91968,1.00849,1.438,-0.812,0.938,-0.1318,0.1452,-0.9551,0.2216
1782933162247,82794,0.18555,-0.36987,0.91968,1.00849,1.438,-0.812,0.938,-0.1318,0.1452,-0.9551,0.2216
1782933162306,82853,0.18896,-0.36865,0.89087,0.98248,1.0,-0.25,0.062,-0.1326,0.145,-0.9549,0.2219
1782933162307,82854,0.19092,-0.35889,0.91553,1.00172,1.5,-2.125,-0.438,-0.1327,0.1449,-0.955,0.2219
1782933162308,82855,0.19092,-0.35889,0.91553,1.00172,1.5,-2.125,-0.438,-0.1327,0.1449,-0.955,0.2219
1782933162365,82912,0.18506,-0.36157,0.89673,0.98443,2.312,0.125,-0.312,-0.1326,0.1448,-0.955,0.2218
1782933162366,82913,0.19067,-0.35571,0.88647,0.97402,1.188,-0.188,-1.0,-0.1326,0.1448,-0.955,0.2218
1782933162368,82915,0.19067,-0.35571,0.88647,0.97402,1.188,-0.188,-1.0,-0.1326,0.1448,-0.955,0.2218
1782933162427,82974,0.17871,-0.36182,0.90942,0.99494,-1.188,1.438,0.0,-0.1319,0.1453,-0.955,0.2216
1782933162428,82975,0.18164,-0.35645,0.90967,0.99376,-1.0,0.938,0.25,-0.1318,0.1453,-0.955,0.2216
1782933162429,82976,0.18701,-0.36035,0.9126,0.99883,-0.875,0.25,0.438,-0.1318,0.146,-0.9549,0.2218
1782933162488,83035,0.18311,-0.35913,0.91528,1.00012,-1.0,-0.812,0.188,-0.1319,0.1461,-0.9549,0.2218
1782933162489,83036,0.18506,-0.36108,0.91138,0.99762,-0.875,0.188,0.5,-0.1319,0.1461,-0.9549,0.2218
1782933162490,83037,0.18433,-0.35986,0.90942,0.99525,-0.688,1.5,0.0,-0.1317,0.1466,-0.9548,0.2218
1782933162547,83094,0.18555,-0.35962,0.90967,0.99562,-0.75,1.688,0.0,-0.1316,0.1467,-0.9548,0.2218
1782933162548,83095,0.18237,-0.36182,0.90991,0.99605,-0.812,1.75,0.188,-0.1315,0.1468,-0.9548,0.2218
1782933162552,83099,0.17944,-0.36182,0.91138,0.99686,-0.312,0.188,0.125,-0.1312,0.1473,-0.9548,0.2218
1782933162607,83154,0.18457,-0.3606,0.91528,1.00092,-0.312,-0.062,0.125,-0.1312,0.1475,-0.9548,0.2218
1782933162607,83154,0.18311,-0.36133,0.91357,0.99935,-0.25,-0.188,0.0,-0.1312,0.1475,-0.9548,0.2218
1782933162609,83156,0.1853,-0.36035,0.9126,0.99851,0.312,-1.625,0.0,-0.1316,0.1476,-0.9547,0.2219
1782933162668,83215,0.1853,-0.36035,0.9126,0.99851,0.312,-1.625,0.0,-0.1316,0.1476,-0.9547,0.2219
1782933162669,83216,0.18384,-0.36108,0.91064,0.99672,0.188,-1.25,-0.125,-0.1317,0.1475,-0.9547,0.2219
1782933162669,83216,0.18335,-0.36011,0.91113,0.99672,0.125,-0.125,-0.062,-0.132,0.1476,-0.9546,0.2219
1782933162727,83274,0.18848,-0.3623,0.90869,0.99624,0.0,-0.188,0.062,-0.132,0.1477,-0.9546,0.2219
1782933162729,83276,0.18481,-0.35962,0.90723,0.99325,0.062,-0.062,-0.125,-0.1321,0.1477,-0.9546,0.2219
1782933162731,83278,0.18188,-0.36304,0.90698,0.99373,-0.312,0.625,0.0,-0.132,0.1481,-0.9545,0.2219
1782933162787,83334,0.18188,-0.36304,0.90698,0.99373,-0.312,0.625,0.0,-0.132,0.1481,-0.9545,0.2219
1782933162788,83335,0.18481,-0.35986,0.90869,0.99467,-0.5,0.625,0.125,-0.132,0.1483,-0.9545,0.2219
1782933162788,83335,0.18213,-0.3623,0.90991,0.99618,-0.688,0.938,-0.125,-0.1317,0.1487,-0.9545,0.2219
1782933162847,83394,0.17578,-0.36279,0.90894,0.99433,-0.625,0.625,0.0,-0.1317,0.1488,-0.9545,0.2219
1782933162848,83395,0.17822,-0.36182,0.90869,0.99418,-1.062,0.75,0.125,-0.1316,0.1489,-0.9545,0.2219
1782933162850,83397,0.18115,-0.36255,0.9104,0.99654,-0.312,0.125,0.25,-0.1315,0.1494,-0.9544,0.2219
1782933162906,83453,0.18164,-0.36377,0.91602,1.0022,-0.188,0.125,0.125,-0.1315,0.1494,-0.9544,0.2219
1782933162907,83454,0.18018,-0.36426,0.91113,0.99765,-0.188,-0.25,0.0,-0.1315,0.1495,-0.9544,0.2219
1782933162908,83455,0.18091,-0.36304,0.9104,0.99667,0.062,0.188,0.0,-0.1315,0.1499,-0.9543,0.222
1782933162965,83512,0.18384,-0.36182,0.91162,0.99788,0.0,-0.062,0.188,-0.1316,0.15,-0.9543,0.222
1782933162969,83516,0.18188,-0.36377,0.91016,0.9969,0.0,0.0,0.25,-0.1316,0.15,-0.9543,0.222
1782933163026,83573,0.17676,-0.36157,0.91016,0.99517,0.0,0.125,-0.188,-0.1315,0.1504,-0.9542,0.2221
1782933163027,83574,0.17993,-0.36035,0.91089,0.99597,0.062,-0.312,-0.125,-0.1315,0.1505,-0.9542,0.2221
1782933163027,83574,0.18091,-0.36353,0.90918,0.99574,0.062,-0.25,-0.125,-0.1316,0.1505,-0.9542,0.2221
1782933163147,83694,0.17822,-0.36523,0.91138,0.99788,0.0,-0.938,-0.125,-0.1317,0.1508,-0.9541,0.2221
1782933163147,83694,0.18262,-0.36255,0.91138,0.9977,0.0,-0.938,-0.062,-0.1318,0.1508,-0.9541,0.2221
1782933163150,83697,0.18262,-0.35767,0.91064,0.99526,0.188,-0.688,0.062,-0.1322,0.1508,-0.954,0.2222
1782933163150,83697,0.18237,-0.36572,0.91235,0.9997,0.062,-0.375,0.0,-0.1322,0.1509,-0.954,0.2222
1782933163207,83754,0.18213,-0.36255,0.90869,0.99515,0.0,-0.125,0.125,-0.1322,0.151,-0.954,0.2222
1782933163208,83755,0.1814,-0.36108,0.90479,0.99092,-0.312,0.688,0.188,-0.1322,0.1513,-0.9539,0.2222
1782933163209,83756,0.18042,-0.35986,0.91357,0.99833,0.0,0.625,0.062,-0.1319,0.1517,-0.9539,0.2222
1782933163269,83816,0.17871,-0.36548,0.91333,0.99984,0.0,0.312,-0.125,-0.1319,0.1518,-0.9539,0.2222
1782933163271,83818,0.17944,-0.36523,0.90869,0.99565,0.062,-0.125,0.0,-0.1319,0.1519,-0.9539,0.2222
1782933163273,83820,0.17993,-0.36255,0.91187,0.99766,0.0,-0.5,0.062,-0.1321,0.1522,-0.9538,0.2224
1782933163327,83874,0.18286,-0.36426,0.91431,1.00104,0.0,-0.562,0.125,-0.1321,0.1523,-0.9537,0.2224
1782933163328,83875,0.18237,-0.36353,0.91235,0.9989,0.188,-0.5,0.125,-0.1322,0.1523,-0.9537,0.2224
1782933163330,83877,0.18311,-0.36743,0.91382,1.0018,0.062,-0.25,-0.125,-0.1323,0.1525,-0.9537,0.2224
1782933163388,83935,0.18188,-0.36255,0.91431,1.00024,0.125,-0.5,-0.125,-0.1323,0.1525,-0.9537,0.2224
1782933163390,83937,0.18701,-0.36182,0.90674,0.99401,0.375,0.125,-0.062,-0.1323,0.1525,-0.9537,0.2224
1782933163392,83939,0.1792,-0.36035,0.91382,0.99851,0.25,-0.125,0.188,-0.1325,0.1527,-0.9536,0.2225
1782933163446,83993,0.17407,-0.36328,0.90771,0.99308,0.062,-0.75,0.25,-0.1325,0.1528,-0.9536,0.2225
1782933163446,83993,0.17822,-0.36108,0.90894,0.99414,-0.062,-1.125,0.562,-0.1325,0.1528,-0.9536,0.2225
1782933163448,83995,0.1814,-0.36328,0.90991,0.9964,0.125,-0.438,0.25,-0.1328,0.153,-0.9535,0.2227
1782933163507,84054,0.18311,-0.36401,0.90845,0.99565,0.125,-0.625,0.0,-0.1328,0.153,-0.9535,0.2227
1782933163565,84112,0.18164,-0.36206,0.90796,0.99422,0.0,-0.312,-0.125,-0.1328,0.153,-0.9535,0.2227
1782933163570,84117,0.17944,-0.36279,0.91016,0.9961,-0.5,0.0,0.312,-0.1329,0.1534,-0.9534,0.2228
1782933163571,84118,0.18115,-0.36353,0.9104,0.99689,-0.562,0.188,0.312,-0.1329,0.1535,-0.9534,0.2228
1782933163625,84172,0.18164,-0.36719,0.91211,0.99988,-0.688,0.188,0.188,-0.1328,0.1535,-0.9534,0.2228
1782933163625,84172,0.17944,-0.36499,0.90869,0.99556,-0.312,0.25,0.0,-0.1328,0.154,-0.9533,0.2228
1782933163626,84173,0.17993,-0.36523,0.91406,1.00064,0.0,-0.438,0.0,-0.1328,0.1545,-0.9532,0.223
1782933163685,84232,0.18188,-0.36694,0.91382,1.0014,0.0,-0.125,0.062,-0.1328,0.1546,-0.9531,0.223
1782933163685,84232,0.18237,-0.3623,0.9126,0.99868,0.062,-0.5,0.0,-0.1329,0.1546,-0.9531,0.223
1782933163686,84233,0.18042,-0.36377,0.9082,0.99484,0.562,-1.438,-0.125,-0.1332,0.1544,-0.9531,0.2231
1782933163746,84293,0.17773,-0.36279,0.91016,0.99579,0.312,-1.062,-0.125,-0.1332,0.1543,-0.9531,0.2231
1782933163747,84294,0.17896,-0.36377,0.90796,0.99436,0.5,-1.188,0.0,-0.1333,0.1543,-0.9531,0.2231
1782933163748,84295,0.17969,-0.36206,0.90552,0.99164,0.062,-0.688,0.0,-0.1336,0.1541,-0.9531,0.2232
1782933163807,84354,0.17969,-0.36206,0.90552,0.99164,0.062,-0.688,0.0,-0.1336,0.1541,-0.9531,0.2232
1782933163808,84355,0.18286,-0.36353,0.90796,0.99498,0.0,-0.688,0.188,-0.1337,0.1542,-0.9531,0.2232
1782933163809,84356,0.18018,-0.35986,0.90845,0.9936,-0.812,0.875,-0.188,-0.1336,0.1546,-0.953,0.2233
1782933163868,84415,0.1814,-0.36597,0.91064,0.99805,-0.375,0.812,0.062,-0.1335,0.1546,-0.953,0.2233
1782933163870,84417,0.18042,-0.36548,0.9082,0.99547,-0.75,0.562,0.062,-0.1335,0.1547,-0.953,0.2233
1782933163872,84419,0.18115,-0.36475,0.91138,0.99823,-0.938,-0.688,0.25,-0.1334,0.1551,-0.9529,0.2233
1782933163927,84474,0.18164,-0.36719,0.91235,1.0001,-0.562,-0.625,0.5,-0.1334,0.1551,-0.9529,0.2233
1782933163928,84475,0.1814,-0.36646,0.91504,1.00225,-0.25,-0.688,0.188,-0.1334,0.1552,-0.9529,0.2233
1782933163929,84476,0.1814,-0.36646,0.91504,1.00225,-0.25,-0.688,0.188,-0.1334,0.1552,-0.9529,0.2233
1782933163986,84533,0.18286,-0.36353,0.90967,0.99654,0.438,-0.625,-0.25,-0.1337,0.155,-0.9529,0.2234
1782933163987,84534,0.18066,-0.36401,0.90894,0.99565,0.562,-0.625,0.0,-0.1337,0.155,-0.9529,0.2234
1782933163991,84538,0.18066,-0.36401,0.90894,0.99565,0.562,-0.625,0.0,-0.1337,0.155,-0.9529,0.2234
1782933164047,84594,0.18262,-0.36426,0.91113,0.99809,-0.188,0.0,0.188,-0.1338,0.1552,-0.9528,0.2235
1782933164058,84605,0.17896,-0.35742,0.90918,0.99317,-0.25,-0.125,0.0,-0.1338,0.1552,-0.9528,0.2235
1782933164059,84606,0.17896,-0.35742,0.90918,0.99317,-0.25,-0.125,0.0,-0.1338,0.1552,-0.9528,0.2235
1782933164109,84656,0.17896,-0.35742,0.90918,0.99317,-0.25,-0.125,0.0,-0.1338,0.1552,-0.9528,0.2235
1782933164111,84658,0.18286,-0.36523,0.9126,0.99983,-0.75,0.375,0.062,-0.1337,0.1557,-0.9527,0.2235
1782933164112,84659,0.18091,-0.36499,0.91162,0.9985,0.562,-0.562,-0.125,-0.1336,0.1561,-0.9526,0.2236
1782933164168,84715,0.18042,-0.36646,0.91626,1.00318,0.688,-1.062,-0.25,-0.1337,0.156,-0.9526,0.2236
1782933164168,84715,0.17871,-0.36499,0.91089,0.99743,0.625,-1.062,0.0,-0.1337,0.156,-0.9526,0.2236
1782933164169,84716,0.18115,-0.36304,0.91162,0.99783,1.0,-1.812,-0.125,-0.1342,0.1556,-0.9526,0.2236
1782933164227,84774,0.18042,-0.36328,0.90601,0.99266,1.062,-2.25,-0.25,-0.1343,0.1555,-0.9526,0.2237
1782933164228,84775,0.18188,-0.36743,0.90601,0.99445,0.812,-1.875,-0.062,-0.1345,0.1554,-0.9526,0.2237
1782933164230,84777,0.18188,-0.36743,0.90601,0.99445,0.812,-1.875,-0.062,-0.1345,0.1554,-0.9526,0.2237
1782933164286,84833,0.18408,-0.36328,0.90479,0.99222,0.062,-0.812,0.125,-0.135,0.1551,-0.9525,0.2239
1782933164288,84835,0.18237,-0.35718,0.90674,0.99147,0.0,-0.25,0.062,-0.135,0.1551,-0.9525,0.2239
1782933164290,84837,0.18237,-0.35718,0.90674,0.99147,0.0,-0.25,0.062,-0.135,0.1551,-0.9525,0.2239
1782933164346,84893,0.18481,-0.36621,0.91235,1.00032,-0.25,-0.875,0.062,-0.1353,0.1553,-0.9525,0.224
1782933164346,84893,0.18408,-0.36182,0.91187,0.99815,-0.188,-0.75,0.0,-0.1353,0.1553,-0.9525,0.224
1782933164349,84896,0.18408,-0.36182,0.91187,0.99815,-0.188,-0.75,0.0,-0.1353,0.1553,-0.9525,0.224
1782933164406,84953,0.18237,-0.3645,0.91113,0.99814,-0.25,0.125,0.312,-0.1354,0.1555,-0.9523,0.2241
1782933164408,84955,0.18237,-0.36108,0.91113,0.99689,-0.125,0.312,0.188,-0.1354,0.1555,-0.9523,0.2242
1782933164409,84956,0.1814,-0.36206,0.91284,0.99863,-0.438,0.75,0.0,-0.1353,0.1558,-0.9523,0.2242
1782933164466,85013,0.18262,-0.36304,0.91113,0.99765,-0.188,0.438,-0.125,-0.1353,0.1559,-0.9523,0.2242
1782933164468,85015,0.1853,-0.36157,0.90649,0.99337,-0.062,0.062,0.0,-0.1353,0.1559,-0.9523,0.2242
1782933164468,85015,0.18213,-0.36279,0.9082,0.99479,-0.625,0.25,0.438,-0.1351,0.1563,-0.9523,0.2243
1782933164528,85075,0.18262,-0.36523,0.90991,0.99734,-0.875,0.0,0.062,-0.1351,0.1563,-0.9522,0.2243
1782933164529,85076,0.18188,-0.36572,0.91382,1.00095,-1.125,-0.125,0.312,-0.1351,0.1564,-0.9522,0.2243
1782933164536,85083,0.18188,-0.36572,0.91382,1.00095,-1.125,-0.125,0.312,-0.1351,0.1564,-0.9522,0.2243
1782933164585,85132,0.1853,-0.36743,0.91479,1.00309,0.5,-0.812,-0.312,-0.1353,0.1566,-0.9522,0.2243
1782933164586,85133,0.18359,-0.3645,0.91797,1.00461,0.625,-0.625,-0.062,-0.1353,0.1566,-0.9522,0.2243
1782933164587,85134,0.18359,-0.3645,0.91797,1.00461,0.625,-0.625,-0.062,-0.1353,0.1566,-0.9522,0.2243
1782933164646,85193,0.17651,-0.36377,0.91382,0.99928,1.438,-3.062,-0.25,-0.1357,0.156,-0.9522,0.2244
1782933164648,85195,0.17871,-0.35767,0.90967,0.99366,1.75,-3.625,0.5,-0.1353,0.1563,-0.953,0.221
1782933164655,85202,0.19092,-0.36011,0.88989,0.97879,0.312,-3.0,0.875,-0.1364,0.1555,-0.9529,0.2213
1782933164707,85254,0.1958,-0.36426,0.89795,0.9886,-0.062,-1.5,0.188,-0.1365,0.1555,-0.9528,0.2214
1782933164710,85257,0.18994,-0.36255,0.90308,0.9915,-0.5,0.312,-0.062,-0.1365,0.1555,-0.9528,0.2214
1782933164710,85257,0.18335,-0.3645,0.90796,0.99542,-1.562,1.688,0.312,-0.1362,0.1561,-0.9528,0.2214
1782933164768,85315,0.18335,-0.3645,0.90796,0.99542,-1.562,1.688,0.312,-0.1362,0.1561,-0.9528,0.2214
1782933164768,85315,0.18018,-0.36499,0.90698,0.99413,-1.438,1.562,0.438,-0.1361,0.1563,-0.9528,0.2214
1782933164769,85316,0.18018,-0.36499,0.90698,0.99413,-1.438,1.562,0.438,-0.1361,0.1563,-0.9528,0.2214
1782933164827,85374,0.17651,-0.3562,0.90625,0.98961,-1.062,2.625,0.25,-0.1356,0.1569,-0.9528,0.2213
1782933164830,85377,0.17773,-0.36597,0.92383,1.00945,-1.375,-1.438,0.625,-0.1356,0.1571,-0.9528,0.2214
1782933164885,85432,0.17334,-0.36548,0.93457,1.01835,-0.562,0.375,0.062,-0.1362,0.1566,-0.9525,0.2227
1782933164886,85433,0.17334,-0.36548,0.93457,1.01835,-0.562,0.375,0.062,-0.1362,0.1566,-0.9525,0.2227
1782933164886,85433,0.1936,-0.36768,0.91821,1.00786,0.875,-1.0,0.688,-0.1362,0.1565,-0.9524,0.2227
1782933164945,85492,0.19116,-0.3667,0.90845,0.99814,0.812,-1.125,-0.625,-0.1367,0.1561,-0.9524,0.2228
1782933164945,85492,0.18433,-0.3623,0.9126,0.99904,0.812,-1.0,-0.875,-0.1367,0.156,-0.9524,0.2228
1782933164946,85493,0.1853,-0.36328,0.90698,0.99445,0.875,-2.312,0.0,-0.1375,0.1554,-0.9524,0.2229
1782933165006,85553,0.18896,-0.36108,0.90454,0.99211,0.438,-1.688,0.125,-0.1375,0.1553,-0.9523,0.223
1782933165009,85556,0.1814,-0.36182,0.90601,0.99231,0.75,-1.875,0.0,-0.1376,0.1553,-0.9523,0.223
1782933165011,85558,0.18896,-0.36182,0.90503,0.99282,-0.125,-0.625,0.375,-0.138,0.1552,-0.9523,0.2232
1782933165066,85613,0.18701,-0.36572,0.90967,0.99811,-0.125,0.0,0.0,-0.1381,0.1552,-0.9523,0.2232
1782933165066,85613,0.1897,-0.36328,0.91138,0.99929,-0.188,-0.125,-0.188,-0.1381,0.1552,-0.9523,0.2232
1782933165068,85615,0.18677,-0.36206,0.90674,0.99406,0.688,-0.688,-0.062,-0.1381,0.1552,-0.9522,0.2232
1782933165126,85673,0.18677,-0.36206,0.90674,0.99406,0.688,-0.688,-0.062,-0.1381,0.1552,-0.9522,0.2232
1782933165128,85675,0.18848,-0.36157,0.90527,0.99286,0.688,-0.812,0.062,-0.1382,0.1552,-0.9522,0.2233
1782933165128,85675,0.1875,-0.36279,0.90918,0.99669,-1.062,0.812,0.375,-0.1381,0.1554,-0.9522,0.2233
1782933165185,85732,0.18994,-0.3606,0.90747,0.99479,-1.188,1.25,0.375,-0.138,0.1556,-0.9522,0.2233
1782933165186,85733,0.18652,-0.36255,0.90723,0.99463,-1.125,1.25,0.25,-0.138,0.1557,-0.9522,0.2233
1782933165187,85734,0.18701,-0.36182,0.9082,0.99535,-0.375,0.75,0.125,-0.1376,0.1561,-0.9522,0.2233
1782933165246,85793,0.18506,-0.36597,0.90674,0.99517,-0.438,0.812,0.125,-0.1376,0.1561,-0.9521,0.2233
1782933165248,85795,0.18481,-0.36206,0.90747,0.99436,-0.812,1.0,0.0,-0.1376,0.1562,-0.9522,0.2233
1782933165255,85802,0.18604,-0.36304,0.90942,0.99672,-0.312,0.25,0.0,-0.1373,0.1565,-0.9521,0.2234
1782933165307,85854,0.18359,-0.36353,0.9104,0.99734,-0.375,-0.188,0.125,-0.1373,0.1565,-0.9521,0.2234
1782933165308,85855,0.18481,-0.3623,0.91284,0.99935,0.0,-0.25,0.188,-0.1373,0.1565,-0.9521,0.2234
1782933165310,85857,0.18555,-0.36694,0.91064,0.99917,0.688,-1.062,-0.25,-0.1376,0.1564,-0.952,0.2235
1782933165365,85912,0.18506,-0.36328,0.91064,0.99774,0.625,-0.938,-0.188,-0.1376,0.1564,-0.952,0.2235
1782933165367,85914,0.18384,-0.36182,0.91211,0.99833,0.688,-0.938,-0.125,-0.1376,0.1563,-0.952,0.2235
1782933165368,85915,0.18799,-0.36011,0.90576,0.99268,0.5,-0.375,-0.188,-0.1378,0.156,-0.9521,0.2235
1782933165427,85974,0.18555,-0.36011,0.90723,0.99357,0.312,-0.312,-0.188,-0.1378,0.156,-0.9521,0.2235
1782933165428,85975,0.18384,-0.36011,0.90747,0.99347,0.25,-0.312,-0.25,-0.1378,0.156,-0.9521,0.2235
1782933165429,85976,0.18628,-0.36255,0.9082,0.99547,0.125,-1.312,0.0,-0.1381,0.1558,-0.952,0.2236
1782933165486,86033,0.18677,-0.36426,0.90503,0.9933,0.188,-1.125,0.125,-0.1381,0.1558,-0.952,0.2236
1782933165487,86034,0.18774,-0.35986,0.90894,0.99545,0.062,-1.125,0.062,-0.1382,0.1558,-0.952,0.2236
1782933165488,86035,0.18823,-0.36523,0.90771,0.99637,-0.625,0.875,0.188,-0.1382,0.156,-0.952,0.2238
1782933165547,86094,0.18896,-0.36108,0.90771,0.995,-0.625,0.938,0.125,-0.1381,0.1561,-0.952,0.2238
1782933165547,86094,0.18823,-0.36426,0.90845,0.99669,-0.5,1.125,0.062,-0.1381,0.1561,-0.952,0.2238
1782933165549,86096,0.1875,-0.3645,0.90894,0.99709,-0.375,0.625,0.125,-0.1378,0.1564,-0.952,0.2238
1782933165608,86155,0.18481,-0.36206,0.90918,0.99592,-0.312,0.438,0.0,-0.1378,0.1564,-0.952,0.2238
1782933165609,86156,0.18555,-0.3689,0.90991,0.99923,-0.375,0.375,0.0,-0.1378,0.1564,-0.952,0.2238
1782933165612,86159,0.18628,-0.36328,0.91016,0.99753,0.062,0.062,0.125,-0.1376,0.1567,-0.9519,0.2238
1782933165668,86215,0.18774,-0.36255,0.91235,0.99954,-0.062,-0.188,0.062,-0.1376,0.1567,-0.9519,0.2238
1782933165669,86216,0.18481,-0.36401,0.90674,0.9944,0.062,-0.25,0.0,-0.1375,0.1567,-0.9519,0.2239
1782933165727,86274,0.18311,-0.36499,0.90698,0.99467,0.062,-0.312,-0.125,-0.1375,0.1568,-0.9519,0.2239
1782933165728,86275,0.18652,-0.36157,0.90723,0.99428,0.062,-0.25,-0.125,-0.1375,0.1568,-0.9519,0.2239
1782933165731,86278,0.18555,-0.36255,0.90674,0.99401,0.062,-0.25,0.0,-0.1375,0.1568,-0.9519,0.2239
1782933165784,86331,0.18872,-0.36401,0.90942,0.99758,-0.062,-0.312,0.125,-0.1375,0.1569,-0.9519,0.224
1782933165785,86332,0.18604,-0.3645,0.91113,0.99881,0.0,-0.5,0.125,-0.1375,0.1569,-0.9519,0.224
1782933165786,86333,0.18506,-0.36304,0.90942,0.99654,0.125,-0.312,0.125,-0.1376,0.1571,-0.9518,0.2241
1782933165845,86392,0.18921,-0.36694,0.9104,0.99964,0.25,-0.125,0.0,-0.1376,0.1571,-0.9518,0.2241
1782933165846,86393,0.18872,-0.36353,0.90771,0.99584,0.125,-0.25,-0.062,-0.1376,0.1571,-0.9518,0.2241
1782933165847,86394,0.18677,-0.3623,0.91162,0.9986,0.062,0.0,0.0,-0.1376,0.1571,-0.9518,0.2242
1782933165907,86454,0.18335,-0.36133,0.90796,0.99427,0.062,0.0,-0.062,-0.1375,0.1571,-0.9518,0.2242
1782933165909,86456,0.18555,-0.36182,0.90894,0.99575,0.062,-0.312,0.188,-0.1375,0.1571,-0.9518,0.2242
1782933165911,86458,0.18408,-0.36401,0.90869,0.99605,0.062,-0.188,0.125,-0.1375,0.1572,-0.9517,0.2243
1782933165966,86513,0.18896,-0.36279,0.90942,0.99718,0.062,-0.188,0.062,-0.1375,0.1572,-0.9517,0.2243
1782933165969,86516,0.18408,-0.36401,0.90967,0.99694,0.062,0.0,0.0,-0.1375,0.1572,-0.9517,0.2243
1782933165970,86517,0.18457,-0.36743,0.90894,0.99762,-0.312,-0.062,0.062,-0.1375,0.1574,-0.9517,0.2244
1782933166028,86575,0.18677,-0.36621,0.90845,0.99713,-0.312,-0.125,0.062,-0.1375,0.1574,-0.9517,0.2244
1782933166033,86580,0.1875,-0.3623,0.91064,0.99784,-0.125,-0.062,0.062,-0.1375,0.1575,-0.9517,0.2244
1782933166039,86586,0.1875,-0.3623,0.91064,0.99784,-0.125,-0.062,0.062,-0.1375,0.1575,-0.9517,0.2244
1782933166085,86632,0.18506,-0.36475,0.90869,0.9965,0.062,0.0,0.0,-0.1374,0.1576,-0.9517,0.2244
1782933166086,86633,0.1853,-0.36157,0.91016,0.99672,0.188,0.0,-0.125,-0.1374,0.1576,-0.9517,0.2245
1782933166086,86633,0.1853,-0.36157,0.91016,0.99672,0.188,0.0,-0.125,-0.1374,0.1576,-0.9517,0.2245
1782933166145,86692,0.18384,-0.35864,0.90649,0.99204,-0.125,0.125,-0.125,-0.1373,0.1577,-0.9517,0.2245
1782933166146,86693,0.18237,-0.36475,0.90479,0.99244,0.0,0.438,0.062,-0.1372,0.1577,-0.9517,0.2245
1782933166146,86693,0.18311,-0.36328,0.90845,0.99538,-0.188,-0.5,0.062,-0.1372,0.158,-0.9516,0.2246
1782933166207,86754,0.18799,-0.3645,0.90991,0.99807,-0.062,-0.562,0.062,-0.1372,0.158,-0.9516,0.2246
1782933166208,86755,0.18359,-0.36206,0.91235,0.99859,-0.25,-0.438,0.25,-0.1372,0.158,-0.9516,0.2246
1782933166210,86757,0.18359,-0.36206,0.91235,0.99859,-0.25,-0.438,0.25,-0.1372,0.158,-0.9516,0.2246
1782933166271,86818,0.18604,-0.36426,0.90771,0.99561,-0.375,-0.438,0.062,-0.1375,0.1581,-0.9515,0.2247
1782933166273,86820,0.18579,-0.36426,0.90991,0.99757,-0.562,-0.375,0.188,-0.1375,0.1581,-0.9515,0.2247
1782933166276,86823,0.18579,-0.36426,0.90991,0.99757,-0.562,-0.375,0.188,-0.1375,0.1581,-0.9515,0.2247
1782933166327,86874,0.18701,-0.36597,0.91162,0.99998,0.25,0.5,0.0,-0.1372,0.1583,-0.9515,0.2248
1782933166328,86875,0.18652,-0.36304,0.91064,0.99792,0.25,0.062,0.062,-0.1372,0.1583,-0.9515,0.2248
1782933166330,86877,0.18237,-0.36499,0.90845,0.99587,0.625,-1.0,-0.375,-0.1373,0.1581,-0.9515,0.2248
1782933166387,86934,0.18164,-0.3645,0.91089,0.99778,0.375,-0.812,-0.25,-0.1373,0.1581,-0.9515,0.2248
1782933166389,86936,0.18408,-0.36572,0.9126,1.00024,0.812,-1.938,-0.25,-0.1374,0.158,-0.9515,0.2248
1782933166390,86937,0.18408,-0.36572,0.9126,1.00024,0.812,-1.938,-0.25,-0.1374,0.158,-0.9515,0.2248
1782933166448,86995,0.18506,-0.36182,0.90723,0.9941,1.188,-2.25,-0.312,-0.1382,0.1573,-0.9515,0.2249
1782933166509,87056,0.18506,-0.36572,0.90649,0.99485,0.562,-1.688,-0.062,-0.1383,0.1572,-0.9515,0.225
1782933166511,87058,0.18506,-0.36572,0.90649,0.99485,0.562,-1.688,-0.062,-0.1383,0.1572,-0.9515,0.225
1782933166521,87068,0.18506,-0.36572,0.90649,0.99485,0.562,-1.688,-0.062,-0.1383,0.1572,-0.9515,0.225
1782933166568,87115,0.18628,-0.36572,0.90625,0.99486,-0.125,0.125,0.25,-0.1386,0.1571,-0.9514,0.2251
1782933166570,87117,0.18555,-0.36572,0.91187,0.99984,-0.188,1.125,0.0,-0.1383,0.1574,-0.9514,0.2251
1782933166572,87119,0.18799,-0.36035,0.90454,0.99166,0.0,-0.5,0.312,-0.1381,0.1575,-0.9514,0.2252
1782933166627,87174,0.18799,-0.36035,0.90454,0.99166,0.0,-0.5,0.312,-0.1381,0.1575,-0.9514,0.2252
1782933166629,87176,0.18652,-0.36548,0.90918,0.99748,0.312,-0.25,0.0,-0.1381,0.1575,-0.9514,0.2252
1782933166629,87176,0.18652,-0.36548,0.90918,0.99748,0.312,-0.25,0.0,-0.1381,0.1575,-0.9514,0.2252
1782933166687,87234,0.19043,-0.36646,0.9104,0.99969,-0.938,0.5,0.312,-0.1381,0.158,-0.9513,0.2253
1782933166688,87235,0.18628,-0.36743,0.91406,1.0026,-0.375,0.562,0.312,-0.138,0.158,-0.9513,0.2253
1782933166690,87237,0.18359,-0.3606,0.90796,0.99405,0.188,0.125,-0.25,-0.1378,0.158,-0.9514,0.2253
1782933166747,87294,0.18848,-0.3645,0.90869,0.99705,-0.125,0.062,0.25,-0.1378,0.1581,-0.9513,0.2253
1782933166749,87296,0.18555,-0.36694,0.90918,0.99784,0.0,-0.375,0.0,-0.1378,0.1581,-0.9513,0.2253
1782933166752,87299,0.18994,-0.3623,0.91211,0.99964,0.938,-2.188,-0.25,-0.1381,0.1578,-0.9513,0.2254
1782933166807,87354,0.18994,-0.3623,0.91211,0.99964,0.938,-2.188,-0.25,-0.1381,0.1578,-0.9513,0.2254
1782933166809,87356,0.18481,-0.36328,0.9082,0.99547,1.375,-2.125,-0.438,-0.1383,0.1577,-0.9513,0.2254
1782933166811,87358,0.18652,-0.36133,0.90356,0.99084,0.438,-1.438,-0.188,-0.1389,0.1572,-0.9513,0.2255
1782933166865,87412,0.18652,-0.36133,0.90356,0.99084,0.438,-1.438,-0.188,-0.1389,0.1572,-0.9513,0.2255
1782933166866,87413,0.18921,-0.36206,0.90356,0.99162,0.312,-0.562,0.0,-0.1389,0.1572,-0.9512,0.2255
1782933166867,87414,0.18921,-0.36182,0.90918,0.99666,-0.438,0.812,0.312,-0.1387,0.1573,-0.9512,0.2255
1782933166926,87473,0.18628,-0.36475,0.90454,0.99294,-0.625,0.75,0.25,-0.1387,0.1573,-0.9512,0.2255
1782933166927,87474,0.18848,-0.36377,0.90723,0.99545,-0.875,1.0,0.25,-0.1387,0.1574,-0.9512,0.2255
1782933166927,87474,0.18652,-0.36328,0.90503,0.9929,-0.5,0.875,0.125,-0.1384,0.1578,-0.9512,0.2255
1782933166985,87532,0.18652,-0.36328,0.90503,0.9929,-0.5,0.875,0.125,-0.1384,0.1578,-0.9512,0.2255
1782933166986,87533,0.19067,-0.36279,0.90894,0.99707,-0.438,1.0,0.125,-0.1383,0.1579,-0.9512,0.2255
1782933166988,87535,0.18799,-0.36548,0.91284,1.0011,0.0,-0.312,-0.062,-0.1381,0.1581,-0.9512,0.2256
1782933167047,87594,0.18799,-0.36548,0.91284,1.0011,0.0,-0.312,-0.062,-0.1381,0.1581,-0.9512,0.2256
1782933167050,87597,0.18774,-0.36401,0.91382,1.00141,0.25,-0.438,-0.25,-0.1381,0.1581,-0.9512,0.2256
1782933167053,87600,0.18359,-0.36304,0.90649,0.99359,0.25,-0.812,-0.062,-0.1384,0.1578,-0.9512,0.2257
1782933167106,87653,0.18823,-0.36206,0.90356,0.99143,0.062,-0.438,0.0,-0.1384,0.1578,-0.9512,0.2257
1782933167108,87655,0.18652,-0.36133,0.90894,0.99575,0.0,-0.25,0.0,-0.1384,0.1578,-0.9512,0.2257
1782933167109,87656,0.18604,-0.36475,0.90991,0.99779,-0.062,0.0,0.0,-0.1384,0.1578,-0.9512,0.2257
1782933167167,87714,0.18604,-0.36475,0.90991,0.99779,-0.062,0.0,0.0,-0.1384,0.1578,-0.9512,0.2257
1782933167167,87714,0.18701,-0.36377,0.90894,0.99673,-0.125,0.0,0.0,-0.1383,0.1578,-0.9512,0.2257
1782933167170,87717,0.18652,-0.36133,0.90698,0.99396,-0.062,0.062,0.188,-0.1382,0.158,-0.9512,0.2257
1782933167226,87773,0.18652,-0.36133,0.90698,0.99396,-0.062,0.062,0.188,-0.1382,0.158,-0.9512,0.2257
1782933167227,87774,0.18677,-0.36328,0.90845,0.99606,0.0,0.0,0.062,-0.1381,0.158,-0.9512,0.2258
1782933167229,87776,0.1853,-0.36304,0.90649,0.99391,-0.188,-0.062,0.0,-0.1381,0.1581,-0.9511,0.2258
1782933167285,87832,0.18604,-0.36353,0.9104,0.99779,-0.25,-0.062,0.0,-0.1381,0.1581,-0.9511,0.2258
1782933167286,87833,0.18481,-0.36084,0.9082,0.99458,-0.312,-0.125,0.0,-0.1381,0.1582,-0.9511,0.2258
1782933167287,87834,0.1875,-0.3645,0.90771,0.99597,0.062,0.062,0.0,-0.1379,0.1582,-0.9511,0.2258
1782933167349,87896,0.18359,-0.36572,0.90869,0.99658,0.0,0.062,0.0,-0.1379,0.1583,-0.9511,0.2258
1782933167355,87902,0.18652,-0.36621,0.90894,0.99753,0.062,-0.375,0.062,-0.1379,0.1583,-0.9511,0.2259
1782933167356,87903,0.18555,-0.3645,0.90747,0.99538,0.188,-1.0,0.0,-0.138,0.1582,-0.9511,0.226
1782933167405,87952,0.1875,-0.36499,0.90845,0.99682,0.188,-1.188,0.0,-0.1381,0.1582,-0.9511,0.226
1782933167406,87953,0.18726,-0.36328,0.9104,0.99793,0.188,-1.5,-0.062,-0.1381,0.1582,-0.9511,0.226
1782933167409,87956,0.19141,-0.3623,0.91016,0.99814,0.375,-0.25,-0.125,-0.1384,0.1579,-0.9511,0.226
1782933167469,88016,0.18628,-0.36182,0.90503,0.99232,0.25,-0.5,-0.188,-0.1384,0.1579,-0.9511,0.226
1782933167472,88019,0.18579,-0.3623,0.90747,0.99463,0.125,0.0,-0.062,-0.1384,0.1579,-0.9511,0.226
1782933167474,88021,0.1875,-0.36304,0.90845,0.99611,-0.312,0.25,0.0,-0.1383,0.158,-0.9511,0.2261
1782933167527,88074,0.18823,-0.36255,0.91162,0.99896,-0.125,0.062,0.0,-0.1383,0.158,-0.9511,0.2261
1782933167528,88075,0.18652,-0.36719,0.90552,0.99478,-0.375,-0.125,0.0,-0.1383,0.1581,-0.9511,0.2261
1782933167529,88076,0.18726,-0.36572,0.90918,0.99771,0.125,-0.75,0.0,-0.1383,0.1581,-0.9511,0.2261
1782933167584,88131,0.18506,-0.36523,0.91187,0.99957,0.188,-0.125,0.0,-0.1382,0.1581,-0.9511,0.2261
1782933167585,88132,0.18188,-0.36475,0.90796,0.99525,0.188,-0.625,-0.062,-0.1382,0.1581,-0.9511,0.2261
1782933167586,88133,0.18433,-0.36255,0.9082,0.99511,0.062,-0.75,-0.125,-0.1383,0.158,-0.9511,0.2261
1782933167647,88194,0.18237,-0.36353,0.90771,0.99466,0.438,-0.688,0.0,-0.1383,0.158,-0.9511,0.2261
1782933167650,88197,0.18457,-0.3623,0.90454,0.99173,0.062,-0.688,0.062,-0.1383,0.158,-0.9511,0.2261
1782933167652,88199,0.18726,-0.36646,0.90454,0.99376,-0.25,-0.312,0.188,-0.1386,0.158,-0.951,0.2263
1782933167707,88254,0.18555,-0.36401,0.91064,0.9981,-0.312,-0.438,0.062,-0.1386,0.158,-0.951,0.2263
1782933167708,88255,0.19043,-0.36157,0.90967,0.99724,-0.25,-0.25,0.188,-0.1386,0.158,-0.951,0.2263
1782933167710,88257,0.1897,-0.3645,0.90869,0.99728,-0.25,0.062,0.062,-0.1384,0.158,-0.951,0.2263
1782933167766,88313,0.1875,-0.36523,0.91382,1.00181,0.062,0.25,-0.188,-0.1384,0.158,-0.951,0.2263
1782933167766,88313,0.18384,-0.36182,0.90771,0.99431,0.062,0.125,0.0,-0.1384,0.158,-0.951,0.2263
1782933167767,88314,0.18604,-0.36499,0.90991,0.99788,0.188,-0.562,-0.125,-0.1383,0.158,-0.951,0.2263
1782933167827,88374,0.18579,-0.36279,0.91138,0.99837,0.188,-0.438,-0.062,-0.1383,0.158,-0.951,0.2263
1782933167828,88375,0.18823,-0.36255,0.90894,0.99652,0.5,-0.812,-0.125,-0.1384,0.158,-0.951,0.2263
1782933167829,88376,0.19043,-0.3645,0.90356,0.99275,0.062,-0.25,0.062,-0.1386,0.1578,-0.951,0.2265
1782933167885,88432,0.18994,-0.36401,0.90601,0.9947,-0.062,-0.062,-0.062,-0.1386,0.1578,-0.951,0.2265
1782933167886,88433,0.18408,-0.36133,0.90967,0.99596,-0.438,-0.625,-0.062,-0.1386,0.1578,-0.951,0.2265
1782933167886,88433,0.18823,-0.36426,0.90576,0.99424,-0.25,-0.375,0.062,-0.1386,0.158,-0.9509,0.2265
1782933167947,88494,0.18848,-0.36035,0.90796,0.99487,-0.312,-0.312,0.062,-0.1386,0.158,-0.9509,0.2265
1782933167954,88501,0.18628,-0.36475,0.90454,0.99294,-0.25,-0.125,0.062,-0.1386,0.158,-0.9509,0.2265
1782933167955,88502,0.18628,-0.36475,0.90454,0.99294,-0.25,-0.125,0.062,-0.1386,0.158,-0.9509,0.2265
1782933168006,88553,0.1853,-0.36353,0.91016,0.99744,0.0,0.0,0.125,-0.1384,0.1582,-0.9509,0.2266
1782933168007,88554,0.19116,-0.36621,0.91309,1.00219,0.0,-0.25,0.0,-0.1384,0.1582,-0.9509,0.2266
1782933168009,88556,0.18823,-0.36255,0.91113,0.99851,0.25,0.062,0.0,-0.1384,0.1581,-0.9509,0.2266
1782933168066,88613,0.18677,-0.3623,0.90356,0.99124,0.062,-0.25,-0.062,-0.1384,0.1581,-0.9509,0.2266
1782933168068,88615,0.18652,-0.36475,0.90674,0.99499,0.188,0.0,0.0,-0.1384,0.1581,-0.9509,0.2266
1782933168069,88616,0.18652,-0.36475,0.90674,0.99499,0.188,0.0,0.0,-0.1384,0.1581,-0.9509,0.2266
1782933168127,88674,0.18726,-0.36353,0.90674,0.99468,0.062,-0.25,0.0,-0.1384,0.1581,-0.9509,0.2267
1782933168129,88676,0.19019,-0.36621,0.90869,0.998,0.062,-0.125,-0.062,-0.1384,0.1581,-0.9509,0.2267
1782933168133,88680,0.19019,-0.36621,0.90869,0.998,0.062,-0.125,-0.062,-0.1384,0.1581,-0.9509,0.2267
1782933168186,88733,0.1853,-0.36353,0.9104,0.99766,0.0,0.188,0.062,-0.1383,0.1583,-0.9509,0.2268
1782933168186,88733,0.18896,-0.3645,0.90845,0.99692,-0.312,-0.062,0.0,-0.1383,0.1583,-0.9509,0.2268
1782933168188,88735,0.18604,-0.36743,0.90747,0.99655,0.0,-0.125,0.062,-0.1383,0.1583,-0.9509,0.2268
1782933168245,88792,0.18506,-0.36475,0.90967,0.99739,0.062,-0.25,-0.125,-0.1383,0.1583,-0.9509,0.2268
1782933168245,88792,0.18726,-0.36426,0.90918,0.99718,0.125,-0.188,0.0,-0.1383,0.1583,-0.9509,0.2268
1782933168247,88794,0.18726,-0.36426,0.90918,0.99718,0.125,-0.188,0.0,-0.1383,0.1583,-0.9509,0.2268
1782933168307,88854,0.18726,-0.36304,0.90747,0.99517,0.125,0.0,-0.062,-0.1382,0.1583,-0.9509,0.2269
1782933168308,88855,0.18335,-0.36182,0.90845,0.99489,0.0,-0.25,-0.062,-0.1382,0.1583,-0.9509,0.2269
1782933168310,88857,0.18677,-0.36206,0.90845,0.99562,0.0,-0.312,0.125,-0.1381,0.1583,-0.9508,0.2269
1782933168365,88912,0.18677,-0.36206,0.90845,0.99562,0.0,-0.312,0.125,-0.1381,0.1583,-0.9508,0.2269
1782933168366,88913,0.18701,-0.36353,0.90698,0.99486,0.0,-0.062,0.062,-0.1381,0.1583,-0.9508,0.2269
1782933168367,88914,0.18701,-0.36353,0.90698,0.99486,0.0,-0.062,0.062,-0.1381,0.1583,-0.9508,0.2269
1782933168427,88974,0.18896,-0.36646,0.90894,0.99808,0.062,-0.188,0.0,-0.1382,0.1584,-0.9508,0.2271
1782933168428,88975,0.18848,-0.36572,0.90894,0.99772,0.0,0.0,-0.25,-0.1382,0.1584,-0.9508,0.2271
1782933168431,88978,0.18848,-0.36572,0.90894,0.99772,0.0,0.0,-0.25,-0.1382,0.1584,-0.9508,0.2271
1782933168487,89034,0.18848,-0.36572,0.90894,0.99772,0.0,0.0,-0.25,-0.1382,0.1584,-0.9508,0.2271
1782933168488,89035,0.18188,-0.36157,0.90967,0.99565,0.062,0.062,-0.062,-0.138,0.1584,-0.9508,0.2271
1782933168490,89037,0.18628,-0.36304,0.90771,0.99521,0.188,-0.312,0.0,-0.1381,0.1583,-0.9508,0.2271
1782933168549,89096,0.18823,-0.36377,0.90552,0.99384,0.125,-0.312,-0.125,-0.1381,0.1583,-0.9508,0.2271
1782933168551,89098,0.18677,-0.36108,0.90747,0.99437,0.25,-0.375,-0.125,-0.1381,0.1583,-0.9508,0.2271
1782933168553,89100,0.18774,-0.36279,0.90356,0.99161,-0.125,-0.562,-0.062,-0.1381,0.1583,-0.9508,0.2272
1782933168606,89153,0.18774,-0.36279,0.90356,0.99161,-0.125,-0.562,-0.062,-0.1381,0.1583,-0.9508,0.2272
1782933168608,89155,0.18481,-0.36255,0.90894,0.99588,-0.188,-0.125,0.062,-0.1381,0.1583,-0.9508,0.2272
1782933168609,89156,0.18896,-0.36548,0.90894,0.99772,0.0,-0.125,0.062,-0.138,0.1585,-0.9508,0.2273
1782933168665,89212,0.18896,-0.36548,0.90894,0.99772,0.0,-0.125,0.062,-0.138,0.1585,-0.9508,0.2273
1782933168666,89213,0.18848,-0.36182,0.9104,0.99763,0.062,-0.062,-0.062,-0.138,0.1585,-0.9508,0.2272
1782933168667,89214,0.18726,-0.3667,0.90894,0.99785,0.125,-0.125,0.062,-0.138,0.1585,-0.9508,0.2274
1782933168726,89273,0.18726,-0.3667,0.90894,0.99785,0.125,-0.125,0.062,-0.138,0.1585,-0.9508,0.2274
1782933168727,89274,0.18579,-0.36499,0.91235,1.00006,0.062,-0.125,-0.062,-0.138,0.1584,-0.9508,0.2274
1782933168727,89274,0.18579,-0.36597,0.9082,0.99663,0.188,-0.375,-0.062,-0.138,0.1584,-0.9508,0.2274
1782933168786,89333,0.18579,-0.36597,0.9082,0.99663,0.188,-0.375,-0.062,-0.138,0.1584,-0.9508,0.2274
1782933168788,89335,0.18433,-0.36353,0.91016,0.99726,0.188,-0.312,-0.062,-0.138,0.1584,-0.9508,0.2274
1782933168790,89337,0.18237,-0.3623,0.90479,0.99155,0.0,-0.25,0.0,-0.138,0.1584,-0.9507,0.2275
1782933168845,89392,0.18701,-0.36475,0.90796,0.9962,-0.125,0.25,0.062,-0.138,0.1584,-0.9507,0.2275
1782933168845,89392,0.18848,-0.36499,0.90723,0.9959,0.0,-0.188,0.0,-0.138,0.1585,-0.9507,0.2275
1782933168846,89393,0.18481,-0.36548,0.90771,0.99583,0.0,0.0,0.0,-0.138,0.1585,-0.9507,0.2275
1782933168907,89454,0.18213,-0.3667,0.90869,0.99667,-0.062,0.188,0.125,-0.1379,0.1585,-0.9507,0.2275
1782933168908,89455,0.18677,-0.3623,0.90991,0.99704,0.0,-0.188,0.062,-0.1379,0.1585,-0.9507,0.2275
1782933168909,89456,0.18555,-0.36206,0.9104,0.99717,0.062,-0.125,0.125,-0.1379,0.1585,-0.9507,0.2276
1782933168965,89512,0.18555,-0.36206,0.9104,0.99717,0.062,-0.125,0.125,-0.1379,0.1585,-0.9507,0.2276
1782933168966,89513,0.18506,-0.36426,0.90771,0.99542,0.125,-0.125,0.0,-0.1379,0.1585,-0.9507,0.2276
1782933168966,89513,0.18481,-0.36377,0.90723,0.99476,0.062,-0.188,0.0,-0.1378,0.1585,-0.9507,0.2277
1782933169025,89572,0.18481,-0.36377,0.90723,0.99476,0.062,-0.188,0.0,-0.1378,0.1585,-0.9507,0.2277
1782933169027,89574,0.18701,-0.36426,0.90796,0.99602,0.062,-0.188,0.062,-0.1378,0.1585,-0.9507,0.2277
1782933169027,89574,0.1853,-0.36523,0.9104,0.99828,-0.25,-0.25,0.062,-0.1378,0.1586,-0.9507,0.2277
1782933169086,89633,0.18237,-0.36304,0.91504,1.00118,0.062,-0.188,0.125,-0.1378,0.1586,-0.9507,0.2277
1782933169087,89634,0.18799,-0.36548,0.90942,0.99798,0.062,-0.438,0.125,-0.1378,0.1586,-0.9506,0.2277
1782933169088,89635,0.1853,-0.36499,0.91382,1.00131,0.25,-0.25,-0.125,-0.1379,0.1586,-0.9506,0.2278
1782933169145,89692,0.18506,-0.36304,0.90576,0.9932,0.062,-0.812,-0.062,-0.138,0.1586,-0.9506,0.2278
1782933169145,89692,0.18579,-0.36401,0.91089,0.99837,0.0,0.0,-0.125,-0.138,0.1586,-0.9506,0.2278
1782933169146,89693,0.18335,-0.36304,0.90503,0.99222,0.0,-0.125,0.0,-0.1379,0.1585,-0.9506,0.2279
1782933169206,89753,0.18652,-0.36475,0.91016,0.99811,0.062,-0.062,0.0,-0.1379,0.1585,-0.9506,0.2279
1782933169207,89754,0.18677,-0.36523,0.90918,0.99744,0.062,0.0,-0.062,-0.1379,0.1585,-0.9506,0.2279
1782933169209,89756,0.18481,-0.36401,0.90894,0.99641,0.062,-0.25,0.0,-0.1379,0.1585,-0.9506,0.2279
1782933169264,89811,0.18335,-0.36426,0.9082,0.99556,0.125,-0.5,-0.062,-0.1379,0.1585,-0.9506,0.2279
1782933169265,89812,0.18384,-0.36377,0.90649,0.99391,0.062,-0.688,0.0,-0.1379,0.1585,-0.9506,0.2279
1782933169266,89813,0.18701,-0.36572,0.90747,0.99611,0.0,0.188,0.125,-0.138,0.1585,-0.9506,0.228
1782933169326,89873,0.18701,-0.36572,0.90747,0.99611,0.0,0.188,0.125,-0.138,0.1585,-0.9506,0.228
1782933169326,89873,0.18823,-0.36353,0.90381,0.9922,-0.062,0.062,0.125,-0.138,0.1585,-0.9506,0.228
1782933169327,89874,0.18457,-0.36768,0.91431,1.00261,0.0,-0.25,0.125,-0.1379,0.1587,-0.9506,0.228
1782933169386,89933,0.18677,-0.3667,0.90894,0.99776,-0.062,-0.188,0.0,-0.138,0.1587,-0.9506,0.228
1782933169445,89992,0.18262,-0.36255,0.90649,0.99324,0.125,-0.188,0.0,-0.1379,0.1587,-0.9506,0.228
1782933169447,89994,0.18848,-0.36353,0.90942,0.99736,0.188,-0.5,0.125,-0.1379,0.1586,-0.9506,0.2281
1782933169447,89994,0.1853,-0.36621,0.91089,0.99908,-0.188,-0.062,0.125,-0.138,0.1586,-0.9505,0.2282
1782933169507,90054,0.18433,-0.3645,0.91016,0.99761,0.0,-0.062,0.0,-0.1379,0.1586,-0.9505,0.2282
1782933169507,90054,0.18848,-0.36108,0.90771,0.99491,0.062,-0.625,0.0,-0.138,0.1586,-0.9505,0.2282
1782933169508,90055,0.18677,-0.3645,0.9104,0.99828,0.062,-0.25,0.0,-0.138,0.1586,-0.9505,0.2282
1782933169565,90112,0.18701,-0.36304,0.90649,0.99423,0.062,-0.188,0.125,-0.138,0.1586,-0.9505,0.2283
1782933169566,90113,0.1875,-0.36426,0.90503,0.99344,-0.062,-0.25,0.0,-0.138,0.1586,-0.9505,0.2283
1782933169567,90114,0.18848,-0.3645,0.9104,0.99861,0.062,0.125,0.0,-0.1379,0.1586,-0.9505,0.2283
1782933169625,90172,0.18628,-0.36401,0.90918,0.9969,0.062,-0.25,0.0,-0.1379,0.1586,-0.9505,0.2283
1782933169626,90173,0.1853,-0.36401,0.90601,0.99383,0.0,0.0,-0.125,-0.1379,0.1586,-0.9505,0.2283
1782933169626,90173,0.18604,-0.36328,0.91016,0.99748,-0.25,-0.062,0.188,-0.1379,0.1588,-0.9504,0.2284
1782933169686,90233,0.18457,-0.36499,0.90845,0.99628,-0.25,-0.188,0.062,-0.1379,0.1588,-0.9504,0.2284
1782933169687,90234,0.18604,-0.36475,0.90942,0.99735,0.0,-0.562,0.125,-0.1379,0.1588,-0.9504,0.2285
1782933169687,90234,0.18481,-0.36646,0.90576,0.99441,0.062,0.0,0.0,-0.1379,0.1588,-0.9504,0.2285
1782933169744,90291,0.18579,-0.36377,0.90747,0.99516,0.062,-0.25,0.062,-0.1379,0.1588,-0.9504,0.2285
1782933169745,90292,0.18726,-0.3667,0.90845,0.9974,0.062,-0.312,-0.25,-0.1379,0.1588,-0.9504,0.2285
1782933169807,90354,0.18652,-0.36572,0.90771,0.99623,0.125,-0.625,0.0,-0.1379,0.1588,-0.9504,0.2285
1782933169807,90354,0.1853,-0.3645,0.90967,0.99734,0.062,-0.375,0.188,-0.1379,0.1588,-0.9504,0.2285
1782933169808,90355,0.18945,-0.36548,0.90918,0.99804,0.062,-0.812,0.188,-0.1379,0.1588,-0.9504,0.2285
1782933169864,90411,0.18677,-0.36328,0.90747,0.99517,0.375,-1.125,-0.062,-0.1383,0.1586,-0.9504,0.2286
1782933169865,90412,0.18579,-0.36328,0.90576,0.99342,0.125,-1.188,-0.062,-0.1383,0.1586,-0.9504,0.2286
1782933169866,90413,0.18579,-0.36328,0.90576,0.99342,0.125,-1.188,-0.062,-0.1383,0.1586,-0.9504,0.2286
1782933169926,90473,0.18677,-0.36255,0.90747,0.9949,0.125,-0.562,-0.062,-0.1385,0.1585,-0.9503,0.2287
1782933169927,90474,0.18701,-0.36157,0.90918,0.99615,0.188,-0.125,0.0,-0.1385,0.1584,-0.9503,0.2287
1782933169928,90475,0.18701,-0.36157,0.90918,0.99615,0.188,-0.125,0.0,-0.1385,0.1584,-0.9503,0.2287
1782933169985,90532,0.18604,-0.36206,0.90698,0.99414,0.562,-0.562,-0.25,-0.1387,0.1582,-0.9503,0.2287
1782933169988,90535,0.18335,-0.36475,0.90503,0.99284,0.5,-1.375,0.0,-0.1387,0.1582,-0.9503,0.2288
1782933169988,90535,0.19141,-0.36523,0.91089,0.99988,-0.25,-0.375,0.0,-0.1388,0.1582,-0.9503,0.2288
1782933170045,90592,0.18945,-0.36523,0.9082,0.99705,-0.062,-0.062,-0.062,-0.1388,0.1583,-0.9503,0.2288
1782933170046,90593,0.19092,-0.36401,0.90503,0.994,-0.125,-0.125,-0.125,-0.1388,0.1583,-0.9503,0.2288
1782933170047,90594,0.1853,-0.36279,0.90698,0.99427,-0.25,-0.375,0.312,-0.1387,0.1583,-0.9503,0.2288
1782933170106,90653,0.19019,-0.36206,0.9104,0.99804,-0.438,-0.5,0.5,-0.1387,0.1583,-0.9503,0.2288
1782933170107,90654,0.19043,-0.3667,0.91016,0.99956,-0.188,-0.25,0.062,-0.1388,0.1583,-0.9503,0.2289
1782933170107,90654,0.19043,-0.3667,0.91016,0.99956,-0.188,-0.25,0.062,-0.1388,0.1583,-0.9503,0.2289
1782933170165,90712,0.18701,-0.3645,0.90869,0.99677,0.562,-1.062,-0.188,-0.1389,0.1583,-0.9503,0.2289
1782933170225,90772,0.18799,-0.36304,0.90503,0.99308,0.312,-0.875,0.0,-0.1389,0.1583,-0.9503,0.2289
1782933170225,90772,0.18799,-0.36304,0.90503,0.99308,0.312,-0.875,0.0,-0.1389,0.1583,-0.9503,0.2289
1782933170226,90773,0.1875,-0.36035,0.9082,0.9949,0.125,-0.688,-0.062,-0.1391,0.1581,-0.9503,0.229
1782933170285,90832,0.18823,-0.36328,0.90747,0.99544,0.125,-0.625,0.125,-0.1391,0.1581,-0.9503,0.229
1782933170285,90832,0.18799,-0.36255,0.9082,0.9958,0.25,-1.125,0.0,-0.1395,0.1578,-0.9502,0.2291
1782933170286,90833,0.18896,-0.36304,0.90234,0.99082,-0.125,0.25,0.125,-0.1396,0.1578,-0.9501,0.2293
1782933170345,90892,0.18823,-0.35986,0.90625,0.99309,-0.5,0.188,0.125,-0.1396,0.1578,-0.9501,0.2293
1782933170345,90892,0.18848,-0.3623,0.90674,0.99447,-0.5,0.75,0.0,-0.1395,0.1579,-0.9501,0.2293
1782933170347,90894,0.18848,-0.3623,0.90674,0.99447,-0.5,0.75,0.0,-0.1395,0.1579,-0.9501,0.2293
1782933170406,90953,0.18799,-0.3689,0.90894,0.9988,-0.312,0.562,0.0,-0.1394,0.1582,-0.9501,0.2292
1782933170408,90955,0.18652,-0.36646,0.91138,0.99985,-0.25,0.375,0.0,-0.1393,0.1582,-0.9501,0.2292
1782933170408,90955,0.18921,-0.3645,0.90747,0.99607,0.375,-0.562,0.0,-0.1393,0.1582,-0.9501,0.2293
1782933170465,91012,0.18921,-0.3645,0.90747,0.99607,0.375,-0.562,0.0,-0.1393,0.1582,-0.9501,0.2293
1782933170466,91013,0.18823,-0.36792,0.90625,0.99603,0.062,-0.562,-0.188,-0.1394,0.1582,-0.9501,0.2293
1782933170466,91013,0.18823,-0.36792,0.90625,0.99603,0.062,-0.562,-0.188,-0.1394,0.1582,-0.9501,0.2293
1782933170525,91072,0.19043,-0.36328,0.9104,0.99853,0.375,-0.875,0.0,-0.1395,0.158,-0.9501,0.2293
1782933170526,91073,0.18994,-0.36279,0.90649,0.99469,0.125,-0.75,-0.125,-0.1396,0.158,-0.9501,0.2294
1782933170527,91074,0.19067,-0.36279,0.90649,0.99483,0.188,-0.125,0.0,-0.1397,0.1578,-0.9501,0.2294
1782933170586,91133,0.19067,-0.36279,0.90649,0.99483,0.188,-0.125,0.0,-0.1397,0.1578,-0.9501,0.2294
1782933170587,91134,0.18921,-0.36182,0.90747,0.9951,0.125,-0.125,0.0,-0.1397,0.1578,-0.9501,0.2294
1782933170587,91134,0.19165,-0.36255,0.90967,0.99783,0.062,0.125,0.0,-0.1395,0.1578,-0.9501,0.2294
1782933170649,91196,0.1875,-0.36401,0.90796,0.99602,0.0,0.0,0.0,-0.1395,0.1578,-0.9501,0.2294
1782933170653,91200,0.1897,-0.36328,0.90918,0.99728,0.0,-0.062,-0.125,-0.1395,0.1578,-0.9501,0.2294
1782933170656,91203,0.18896,-0.36328,0.90771,0.9958,0.562,-0.688,0.0,-0.1395,0.1577,-0.9501,0.2294
1782933170707,91254,0.18896,-0.36328,0.90771,0.9958,0.562,-0.688,0.0,-0.1395,0.1577,-0.9501,0.2294
1782933170708,91255,0.19043,-0.36426,0.90771,0.99644,0.375,-0.562,-0.25,-0.1396,0.1577,-0.9501,0.2294
1782933170709,91256,0.19043,-0.36377,0.90625,0.99493,0.0,-0.125,0.125,-0.1397,0.1575,-0.9501,0.2296
1782933170764,91311,0.19043,-0.36377,0.90625,0.99493,0.0,-0.125,0.125,-0.1397,0.1575,-0.9501,0.2296
1782933170765,91312,0.18823,-0.36084,0.90845,0.99545,0.0,0.188,0.0,-0.1396,0.1575,-0.9501,0.2296
1782933170765,91312,0.18823,-0.36084,0.90845,0.99545,0.0,0.188,0.0,-0.1396,0.1575,-0.9501,0.2296
1782933170826,91373,0.18872,-0.36475,0.90894,0.99741,-0.312,0.125,0.062,-0.1395,0.1577,-0.9501,0.2296
1782933170827,91374,0.1897,-0.36523,0.91064,0.99932,-0.188,0.188,0.0,-0.1395,0.1578,-0.9501,0.2296
1782933170828,91375,0.19141,-0.36694,0.90942,0.99916,0.0,0.188,0.062,-0.1394,0.1579,-0.9501,0.2296
1782933170884,91431,0.18921,-0.36279,0.90771,0.99567,0.062,0.0,-0.062,-0.1394,0.1579,-0.9501,0.2296
1782933170885,91432,0.18848,-0.3667,0.90723,0.99652,0.062,0.0,-0.125,-0.1394,0.1579,-0.9501,0.2296
1782933170886,91433,0.18726,-0.3645,0.91113,0.99904,0.0,-0.125,0.0,-0.1392,0.1579,-0.9501,0.2297
1782933170945,91492,0.18726,-0.3645,0.91113,0.99904,0.0,-0.125,0.0,-0.1392,0.1579,-0.9501,0.2297
1782933170947,91494,0.19043,-0.3667,0.90527,0.99511,0.062,-0.125,0.0,-0.1393,0.1579,-0.9501,0.2297
1782933170948,91495,0.18701,-0.36206,0.90454,0.9921,0.062,0.0,0.312,-0.1392,0.158,-0.9501,0.2297
1782933171006,91553,0.19165,-0.3623,0.90356,0.99218,-0.188,0.25,0.125,-0.1392,0.158,-0.9501,0.2297
1782933171007,91554,0.18994,-0.37256,0.9082,0.99985,-0.125,0.938,0.312,-0.1392,0.158,-0.9501,0.2297
1782933171008,91555,0.18994,-0.36719,0.91064,1.00009,-0.625,0.812,0.0,-0.1389,0.1583,-0.9501,0.2297
1782933171064,91611,0.18994,-0.36719,0.91064,1.00009,-0.625,0.812,0.0,-0.1389,0.1583,-0.9501,0.2297
1782933171065,91612,0.1853,-0.36475,0.91089,0.99855,-0.625,0.375,0.0,-0.1388,0.1583,-0.9501,0.2297
1782933171066,91613,0.18677,-0.36475,0.91699,1.00439,0.062,-1.438,-0.188,-0.139,0.1584,-0.95,0.2297
1782933171124,91671,0.18823,-0.3645,0.91602,1.00368,0.75,-2.0,0.0,-0.1391,0.1584,-0.95,0.2297
1782933171124,91671,0.19019,-0.36597,0.91211,1.00102,1.25,-1.938,-0.125,-0.1392,0.1583,-0.95,0.2297
1782933171125,91672,0.1853,-0.36108,0.89746,0.98496,0.625,-0.562,0.0,-0.1395,0.1577,-0.95,0.2299
1782933171185,91732,0.18555,-0.3606,0.89502,0.98261,0.5,-0.438,-0.125,-0.1395,0.1576,-0.95,0.2299
1782933171186,91733,0.18799,-0.35791,0.90015,0.98677,-0.312,-0.062,0.25,-0.1395,0.1577,-0.95,0.2299
1782933171188,91735,0.19189,-0.36597,0.90771,0.99734,-0.188,1.062,-0.188,-0.1392,0.158,-0.95,0.2298
1782933171245,91792,0.18945,-0.36597,0.91064,0.99955,-0.312,0.812,-0.312,-0.1392,0.1581,-0.95,0.2298
1782933171247,91794,0.18701,-0.3689,0.90918,0.99883,-0.062,0.875,-0.125,-0.1391,0.1581,-0.9501,0.2297
1782933171247,91794,0.18799,-0.36426,0.90991,0.99798,-0.125,0.375,0.438,-0.1388,0.1583,-0.9501,0.2298
1782933171306,91853,0.18799,-0.36426,0.90991,0.99798,-0.125,0.375,0.438,-0.1388,0.1583,-0.9501,0.2298
1782933171307,91854,0.19141,-0.36426,0.91113,0.99974,0.188,0.25,-0.062,-0.1387,0.1583,-0.9501,0.2298
1782933171309,91856,0.18774,-0.36279,0.90991,0.9974,0.062,0.0,-0.438,-0.1387,0.1583,-0.9501,0.2298
1782933171366,91913,0.18359,-0.36353,0.90771,0.99489,0.188,0.062,-0.375,-0.1387,0.1583,-0.9501,0.2297
1782933171367,91914,0.18579,-0.36011,0.90796,0.99428,0.062,-0.188,-0.188,-0.1387,0.1583,-0.9501,0.2297
1782933171368,91915,0.18896,-0.36694,0.90942,0.9987,-0.25,-0.375,0.062,-0.1387,0.1583,-0.9501,0.2299
1782933171424,91971,0.18726,-0.36182,0.90723,0.99451,0.062,-0.125,0.0,-0.1387,0.1583,-0.95,0.2299
1782933171425,91972,0.18823,-0.36401,0.90894,0.99705,-0.25,-0.625,0.062,-0.1387,0.1583,-0.95,0.2299
1782933171426,91973,0.18774,-0.36743,0.91113,1.0002,0.0,-0.125,0.0,-0.1389,0.1584,-0.95,0.2299
1782933171486,92033,0.18774,-0.36743,0.91113,1.0002,0.0,-0.125,0.0,-0.1389,0.1584,-0.95,0.2299
1782933171488,92035,0.18408,-0.36523,0.90625,0.99427,0.0,-0.625,0.125,-0.1389,0.1584,-0.95,0.2299
1782933171490,92037,0.18921,-0.36084,0.9082,0.99541,0.25,0.562,0.0,-0.1387,0.1585,-0.95,0.23
1782933171548,92095,0.18921,-0.36084,0.9082,0.99541,0.25,0.562,0.0,-0.1387,0.1585,-0.95,0.23
1782933171550,92097,0.18579,-0.36475,0.91016,0.99797,0.312,0.562,-0.25,-0.1387,0.1585,-0.95,0.23
1782933171552,92099,0.18579,-0.3667,0.90601,0.99491,1.125,-0.125,-0.188,-0.1385,0.1581,-0.9501,0.2299
1782933171607,92154,0.1897,-0.35889,0.90503,0.9919,1.0,-0.5,-0.188,-0.1385,0.158,-0.9501,0.2299
1782933171608,92155,0.18872,-0.36133,0.90698,0.99438,1.0,0.0,-0.125,-0.1385,0.158,-0.9501,0.2299
1782933171610,92157,0.18799,-0.36353,0.90576,0.99393,0.062,-0.375,0.0,-0.1384,0.1578,-0.9501,0.2299
1782933171672,92219,0.1853,-0.35889,0.90698,0.99285,0.062,-0.562,0.0,-0.1384,0.1578,-0.9501,0.2299
1782933171672,92219,0.18774,-0.36084,0.90674,0.9938,-0.062,-0.375,0.0,-0.1384,0.1578,-0.9501,0.2299
1782933171672,92219,0.18555,-0.36206,0.90601,0.99316,-0.188,0.438,0.062,-0.1383,0.1579,-0.9502,0.2299
1782933171725,92272,0.18555,-0.36206,0.90601,0.99316,-0.188,0.438,0.062,-0.1383,0.1579,-0.9502,0.2299
1782933171725,92272,0.1853,-0.36255,0.90479,0.99218,-0.312,0.562,0.125,-0.1383,0.1579,-0.9502,0.2299
1782933171726,92273,0.1853,-0.36182,0.91211,0.9986,-0.938,-0.375,0.188,-0.1381,0.1584,-0.9501,0.2299
1782933171786,92333,0.18652,-0.36523,0.91113,0.99917,-0.938,-0.062,0.25,-0.1381,0.1584,-0.9501,0.23
1782933171787,92334,0.1875,-0.36597,0.91187,1.0003,-0.5,0.0,0.0,-0.1382,0.1585,-0.9501,0.23
1782933171788,92335,0.18555,-0.36499,0.9104,0.99824,-0.625,0.312,-0.062,-0.1381,0.1588,-0.9501,0.2299
1782933171844,92391,0.18945,-0.36621,0.90674,0.99608,-0.5,0.438,0.062,-0.1381,0.1588,-0.9501,0.2299
1782933171850,92397,0.18726,-0.36743,0.91431,1.00301,-0.5,0.688,0.0,-0.1381,0.1588,-0.9501,0.2299
1782933171853,92400,0.18726,-0.36743,0.91431,1.00301,-0.5,0.688,0.0,-0.1381,0.1588,-0.9501,0.2299
1782933171905,92452,0.18457,-0.36816,0.9082,0.99721,0.5,-0.125,0.0,-0.1381,0.1587,-0.9501,0.2299
1782933171906,92453,0.18701,-0.36279,0.90356,0.99147,0.25,-0.25,-0.062,-0.1381,0.1587,-0.9501,0.2299
1782933171906,92453,0.18311,-0.35889,0.9165,1.00115,1.125,-0.375,-0.312,-0.138,0.1585,-0.9501,0.2298
1782933171964,92511,0.18555,-0.36841,0.9104,0.99949,2.0,-0.375,-0.188,-0.138,0.1585,-0.9501,0.2298
1782933171965,92512,0.18677,-0.36841,0.90967,0.99905,2.0,-0.812,-0.5,-0.138,0.1583,-0.9501,0.2298
1782933171965,92512,0.1543,-0.35181,0.87183,0.95272,-0.062,-12.438,2.0,-0.1386,0.1575,-0.9502,0.2301
1782933172025,92572,0.18726,-0.35718,0.91553,1.00042,0.438,-3.688,4.312,-0.1388,0.1574,-0.9501,0.2302
1782933172026,92573,0.2168,-0.38159,0.82227,0.93206,-0.062,-1.0,3.688,-0.1389,0.1574,-0.95,0.2304
1782933172026,92573,0.15552,-0.35498,0.94092,1.01761,-0.688,2.0,-1.125,-0.1375,0.158,-0.9504,0.2292
1782933172084,92631,0.17212,-0.36377,0.89331,0.97977,-0.188,-0.312,-0.375,-0.1376,0.1581,-0.9504,0.2292
1782933172085,92632,0.17017,-0.36255,0.93433,1.01655,0.062,0.75,1.188,-0.1375,0.1581,-0.9504,0.2293
1782933172086,92633,0.19312,-0.36499,0.89941,0.98967,-1.312,-0.938,0.562,-0.1374,0.1582,-0.9504,0.2293
1782933172145,92692,0.19116,-0.3667,0.9082,0.99792,-1.688,-0.125,0.0,-0.1374,0.1582,-0.9504,0.2293
1782933172149,92696,0.18311,-0.36475,0.91309,1.00015,-1.562,-0.125,-0.062,-0.1374,0.1583,-0.9504,0.2293
1782933172151,92698,0.18311,-0.36475,0.91309,1.00015,-1.562,-0.125,-0.062,-0.1374,0.1583,-0.9504,0.2293
1782933172205,92752,0.18579,-0.36475,0.90918,0.99708,-0.25,-0.875,0.062,-0.138,0.1584,-0.9503,0.2294
1782933172205,92752,0.18628,-0.36646,0.90845,0.99713,-0.125,-1.188,0.0,-0.138,0.1584,-0.9503,0.2294
1782933172206,92753,0.18628,-0.36646,0.90845,0.99713,-0.125,-1.188,0.0,-0.138,0.1584,-0.9503,0.2294
1782933172267,92814,0.18799,-0.36182,0.90894,0.99621,-1.375,-0.438,0.312,-0.1382,0.1589,-0.9501,0.2295
1782933172267,92814,0.18994,-0.36548,0.90918,0.99813,-1.062,0.062,0.5,-0.1382,0.1589,-0.9501,0.2296
1782933172268,92815,0.18359,-0.36548,0.90283,0.99115,-0.125,1.125,0.0,-0.1381,0.1593,-0.9501,0.2296
1782933172324,92871,0.18066,-0.36377,0.90112,0.98842,-0.438,1.25,0.062,-0.138,0.1593,-0.9501,0.2296
1782933172385,92932,0.18481,-0.36426,0.90186,0.99005,-0.625,1.375,0.25,-0.138,0.1594,-0.9501,0.2296
1782933172387,92934,0.18555,-0.3645,0.94531,1.03,-1.125,1.875,0.625,-0.1372,0.1601,-0.95,0.2296
1782933172387,92934,0.1875,-0.38232,0.90967,1.0044,2.5,-2.062,0.188,-0.1373,0.16,-0.95,0.2297
1782933172444,92991,0.17847,-0.38013,0.89111,0.9851,3.062,1.125,0.312,-0.1373,0.1599,-0.95,0.2297
1782933172444,92991,0.17529,-0.36816,0.90845,0.99577,0.188,0.688,-0.188,-0.1369,0.1599,-0.9501,0.2297
1782933172446,92993,0.17529,-0.36816,0.90845,0.99577,0.188,0.688,-0.188,-0.1369,0.1599,-0.9501,0.2297
1782933172506,93053,0.1814,-0.36768,0.90503,0.99357,0.062,-0.062,0.188,-0.1369,0.1599,-0.9501,0.2299
1782933172506,93053,0.18335,-0.36768,0.90381,0.99281,0.062,0.062,-0.188,-0.1369,0.1599,-0.9501,0.2299
1782933172508,93055,0.17993,-0.36548,0.90405,0.99159,-0.812,0.438,0.125,-0.1367,0.1602,-0.95,0.2299
1782933172565,93112,0.17969,-0.3667,0.90674,0.99445,-0.688,0.438,0.438,-0.1367,0.1602,-0.95,0.2299
1782933172565,93112,0.18188,-0.36768,0.90894,0.99722,-0.75,0.25,0.375,-0.1367,0.1603,-0.95,0.2299
1782933172565,93112,0.18188,-0.36768,0.90894,0.99722,-0.75,0.25,0.375,-0.1367,0.1603,-0.95,0.2299
1782933172626,93173,0.18433,-0.37354,0.91553,1.00584,0.312,-0.875,0.0,-0.1368,0.1604,-0.95,0.2301
1782933172632,93179,0.18335,-0.37085,0.91016,0.99977,0.375,-1.125,-0.25,-0.1369,0.1604,-0.95,0.2301
1782933172632,93179,0.17969,-0.36719,0.90527,0.99329,1.0,-2.0,-0.125,-0.1375,0.1598,-0.9499,0.2302
1782933172686,93233,0.18433,-0.36694,0.90454,0.99339,0.625,-1.812,-0.062,-0.1376,0.1597,-0.9499,0.2302
1782933172686,93233,0.18384,-0.36768,0.90405,0.99312,0.438,-1.375,-0.062,-0.1377,0.1597,-0.9499,0.2302
1782933172752,93299,0.18433,-0.37085,0.90698,0.99706,0.062,0.125,-0.062,-0.1379,0.1595,-0.9499,0.2302
1782933172753,93300,0.18433,-0.37085,0.90698,0.99706,0.062,0.125,-0.062,-0.1379,0.1595,-0.9499,0.2302
1782933172755,93302,0.18213,-0.36475,0.90552,0.99307,0.25,-0.062,0.0,-0.1378,0.1594,-0.9499,0.2302
1782933172805,93352,0.18188,-0.3667,0.91089,0.99863,0.062,-0.438,0.0,-0.1377,0.1595,-0.95,0.2302
1782933172806,93353,0.18359,-0.36646,0.90991,0.99797,0.062,-0.938,0.188,-0.1377,0.1594,-0.9499,0.2302
1782933172807,93354,0.18604,-0.36914,0.90601,0.99586,0.312,-2.125,-0.062,-0.1385,0.1592,-0.9498,0.2305
1782933172885,93432,0.18506,-0.36475,0.90479,0.99294,0.312,-1.875,0.0,-0.1386,0.1591,-0.9498,0.2305
1782933172909,93456,0.18555,-0.36865,0.90723,0.99669,0.312,-1.438,0.062,-0.1387,0.1591,-0.9498,0.2305
1782933172938,93485,0.18579,-0.36572,0.90894,0.99722,0.312,-0.5,0.0,-0.1388,0.1589,-0.9498,0.2307
1782933172943,93490,0.18628,-0.36353,0.90894,0.99651,0.312,-0.125,-0.188,-0.1388,0.1589,-0.9498,0.2307
1782933173004,93551,0.1853,-0.36597,0.90723,0.99566,0.312,-0.188,-0.062,-0.1388,0.1589,-0.9498,0.2307
1782933173004,93551,0.18164,-0.36597,0.90527,0.9932,0.062,-0.688,0.0,-0.1389,0.1589,-0.9497,0.2307
1782933173005,93552,0.18579,-0.36523,0.90527,0.99369,0.0,-1.0,0.188,-0.1389,0.1589,-0.9497,0.2307
1782933173025,93572,0.19019,-0.37012,0.90625,0.99722,0.062,-0.562,0.125,-0.1389,0.1589,-0.9497,0.2308
1782933173027,93574,0.19458,-0.3667,0.91309,1.00303,0.125,-0.812,-0.125,-0.1391,0.1589,-0.9497,0.2309
1782933173057,93604,0.1853,-0.36768,0.91406,1.00251,0.375,-1.0,-0.25,-0.1392,0.1589,-0.9497,0.2309
1782933173057,93604,0.18604,-0.36475,0.91089,0.99869,0.625,-1.062,0.0,-0.1392,0.1588,-0.9497,0.2309
1782933173058,93605,0.18628,-0.36597,0.90918,0.99762,0.188,-1.062,0.375,-0.1395,0.1585,-0.9497,0.231
1782933173108,93655,0.19141,-0.36572,0.90479,0.9945,0.188,-1.062,0.125,-0.1395,0.1585,-0.9497,0.231
1782933173109,93656,0.18726,-0.36768,0.90723,0.99665,0.25,-1.062,0.0,-0.1396,0.1584,-0.9497,0.231
1782933173112,93659,0.18726,-0.36279,0.90649,0.99419,0.188,-1.562,0.0,-0.1401,0.1583,-0.9495,0.2313
1782933173166,93713,0.19238,-0.36035,0.90356,0.99161,-0.125,-1.375,0.062,-0.1402,0.1583,-0.9495,0.2313
1782933173166,93713,0.19385,-0.36206,0.90283,0.99185,0.0,-0.938,0.062,-0.1403,0.1582,-0.9495,0.2313
1782933173168,93715,0.18311,-0.36426,0.90137,0.98928,-1.25,1.0,0.375,-0.14,0.1585,-0.9495,0.2313
1782933173225,93772,0.18311,-0.36426,0.90137,0.98928,-1.25,1.0,0.375,-0.14,0.1585,-0.9495,0.2313
1782933173226,93773,0.18433,-0.36597,0.90259,0.99125,-1.375,1.125,0.375,-0.14,0.1586,-0.9495,0.2313
1782933173235,93782,0.1897,-0.36963,0.91504,1.00494,-0.312,-0.188,0.188,-0.14,0.1591,-0.9493,0.2314
1782933173284,93831,0.18335,-0.36694,0.90991,0.9981,-0.25,-1.562,0.0,-0.14,0.1591,-0.9493,0.2314
1782933173285,93832,0.18701,-0.37109,0.92065,1.01009,0.125,-1.0,0.312,-0.1401,0.1591,-0.9493,0.2315
1782933173287,93834,0.19434,-0.36548,0.90137,0.99187,1.188,-1.75,0.312,-0.1406,0.1588,-0.9493,0.2316
1782933173349,93896,0.19336,-0.36499,0.90234,0.99238,1.062,-1.375,0.0,-0.1406,0.1587,-0.9493,0.2317
1782933173352,93899,0.18823,-0.36572,0.90381,0.993,1.25,-0.562,-0.125,-0.1407,0.1586,-0.9493,0.2317
1782933173353,93900,0.1875,-0.36499,0.90601,0.9946,1.0,-2.75,-0.312,-0.1413,0.1581,-0.9492,0.2318
1782933173405,93952,0.18896,-0.36768,0.90942,0.99897,1.188,-2.562,-0.312,-0.1414,0.158,-0.9492,0.2318
1782933173406,93953,0.19214,-0.36621,0.90747,0.99726,0.875,-2.688,-0.062,-0.1415,0.158,-0.9492,0.2318
1782933173407,93954,0.19092,-0.36401,0.90088,0.99022,0.375,-1.375,0.0,-0.142,0.1575,-0.9492,0.2319
1782933173464,94011,0.19092,-0.36401,0.90088,0.99022,0.375,-1.375,0.0,-0.142,0.1575,-0.9492,0.2319
1782933173465,94012,0.18848,-0.36084,0.90063,0.98836,-0.062,-0.875,0.0,-0.142,0.1575,-0.9492,0.232
1782933173465,94012,0.19043,-0.36426,0.90649,0.99533,-0.062,0.188,0.0,-0.1419,0.1577,-0.9492,0.2321
1782933173525,94072,0.18896,-0.36328,0.90503,0.99336,0.0,0.062,0.062,-0.1419,0.1577,-0.9492,0.2321
1782933173526,94073,0.19263,-0.36475,0.9043,0.99394,-0.375,0.375,-0.062,-0.1419,0.1577,-0.9492,0.2321
1782933173527,94074,0.18823,-0.36621,0.90698,0.99607,-0.5,0.875,0.188,-0.1416,0.158,-0.9492,0.2321
1782933173587,94134,0.18799,-0.36719,0.91016,0.99928,-0.688,1.062,0.375,-0.1416,0.1581,-0.9492,0.2321
1782933173588,94135,0.18945,-0.36377,0.91016,0.9983,-0.188,0.25,0.312,-0.1415,0.1581,-0.9492,0.2321
1782933173589,94136,0.19116,-0.36401,0.90552,0.99449,0.0,0.188,0.062,-0.1412,0.1582,-0.9492,0.2322
1782933173653,94200,0.19141,-0.36743,0.90698,0.99712,-0.25,0.25,0.0,-0.1412,0.1582,-0.9492,0.2322
1782933173655,94202,0.18604,-0.36377,0.90674,0.99454,-0.312,0.188,-0.062,-0.1412,0.1583,-0.9492,0.2322
1782933173656,94203,0.18726,-0.3667,0.90845,0.9974,0.188,-0.625,-0.25,-0.1411,0.1583,-0.9491,0.2322
1782933173706,94253,0.1897,-0.36816,0.90503,0.99529,0.062,0.0,0.0,-0.1411,0.1583,-0.9491,0.2323
1782933173707,94254,0.18994,-0.36938,0.90869,0.99912,0.062,0.0,0.0,-0.1411,0.1583,-0.9491,0.2323
1782933173708,94255,0.19165,-0.36523,0.90088,0.99081,-0.688,0.062,0.062,-0.141,0.1585,-0.9491,0.2323
1782933173764,94311,0.19067,-0.36401,0.90625,0.99506,-0.438,0.25,0.0,-0.141,0.1585,-0.9491,0.2323
1782933173764,94311,0.19092,-0.36938,0.9043,0.99531,-0.625,0.125,-0.062,-0.141,0.1586,-0.9491,0.2323
1782933173765,94312,0.19092,-0.36938,0.9043,0.99531,-0.625,0.125,-0.062,-0.141,0.1586,-0.9491,0.2323
1782933173826,94373,0.18726,-0.36597,0.90649,0.99535,0.062,-0.75,-0.062,-0.141,0.1587,-0.949,0.2324
1782933173828,94375,0.18921,-0.37036,0.90845,0.99912,0.0,-0.875,0.125,-0.1411,0.1587,-0.949,0.2324
1782933173832,94379,0.19141,-0.36792,0.90503,0.99553,0.25,-0.125,-0.312,-0.1412,0.1585,-0.949,0.2324
1782933173884,94431,0.18945,-0.36743,0.90454,0.99453,0.375,0.0,-0.062,-0.1411,0.1585,-0.949,0.2324
1782933173884,94431,0.18921,-0.36328,0.90649,0.99473,0.25,0.0,0.0,-0.1411,0.1585,-0.949,0.2324
1782933173885,94432,0.18848,-0.36182,0.90454,0.99229,0.375,0.0,0.0,-0.141,0.1585,-0.949,0.2325
1782933173945,94492,0.1897,-0.36523,0.90283,0.99221,0.125,-0.312,-0.062,-0.141,0.1585,-0.949,0.2325
1782933173949,94496,0.18848,-0.36792,0.90674,0.99653,-0.062,0.0,0.062,-0.141,0.1585,-0.949,0.2325
1782933173951,94498,0.18896,-0.36353,0.90552,0.99389,0.062,-0.562,-0.062,-0.141,0.1585,-0.949,0.2326
1782933174007,94554,0.18994,-0.36523,0.90674,0.99582,0.188,-0.25,0.0,-0.141,0.1585,-0.949,0.2326
1782933174014,94561,0.1897,-0.36597,0.90918,0.99826,0.125,-0.375,0.0,-0.141,0.1585,-0.949,0.2326
1782933174024,94571,0.1897,-0.36597,0.90918,0.99826,0.125,-0.375,0.0,-0.141,0.1585,-0.949,0.2326
1782933174074,94621,0.19287,-0.36963,0.90552,0.99689,0.062,-0.5,0.0,-0.1411,0.1584,-0.949,0.2326
1782933174074,94621,0.18726,-0.36426,0.90649,0.99472,0.062,-0.5,-0.062,-0.1411,0.1584,-0.949,0.2326
1782933174075,94622,0.18726,-0.36426,0.90649,0.99472,0.062,-0.5,-0.062,-0.1411,0.1584,-0.949,0.2326
1782933174125,94672,0.18872,-0.3645,0.90308,0.99198,0.0,-0.062,0.0,-0.1411,0.1583,-0.949,0.2327
1782933174126,94673,0.18945,-0.36865,0.90796,0.99809,0.062,0.125,0.0,-0.1411,0.1584,-0.949,0.2327
1782933174129,94676,0.19214,-0.36304,0.9043,0.99321,-0.312,0.562,0.062,-0.1409,0.1585,-0.949,0.2327
1782933174187,94734,0.19019,-0.36621,0.90649,0.996,-0.312,0.438,0.0,-0.1408,0.1586,-0.949,0.2327
1782933174191,94738,0.18945,-0.36475,0.90894,0.99755,-0.375,0.25,0.0,-0.1408,0.1586,-0.949,0.2327
1782933174192,94739,0.18945,-0.36475,0.90894,0.99755,-0.375,0.25,0.0,-0.1408,0.1586,-0.949,0.2327
1782933174251,94798,0.19165,-0.36719,0.90771,0.99775,0.062,-0.5,0.125,-0.1408,0.1587,-0.949,0.2327
1782933174252,94799,0.19067,-0.3667,0.90576,0.9956,0.188,-0.625,0.0,-0.1408,0.1587,-0.949,0.2328
1782933174254,94801,0.19067,-0.3667,0.90576,0.9956,0.188,-0.625,0.0,-0.1408,0.1587,-0.949,0.2328
1782933174306,94853,0.19141,-0.3689,0.91113,1.00144,0.188,-0.625,-0.188,-0.1408,0.1586,-0.949,0.2328
1782933174307,94854,0.1936,-0.36182,0.9082,0.99661,-0.125,-0.125,0.188,-0.1408,0.1586,-0.949,0.2328
1782933174310,94857,0.18774,-0.36572,0.90845,0.99714,0.062,-0.625,0.062,-0.1409,0.1586,-0.949,0.2329
1782933174365,94912,0.19263,-0.36743,0.90845,0.9987,0.125,-0.688,0.062,-0.1409,0.1586,-0.949,0.2329
1782933174365,94912,0.19019,-0.36523,0.90698,0.99608,0.125,-0.75,-0.062,-0.1409,0.1586,-0.949,0.2329
1782933174366,94913,0.19019,-0.36523,0.90698,0.99608,0.125,-0.75,-0.062,-0.1409,0.1586,-0.949,0.2329
1782933174425,94972,0.19067,-0.36426,0.90161,0.99093,0.062,-0.312,0.0,-0.1412,0.1583,-0.9489,0.2329
1782933174426,94973,0.19409,-0.36255,0.90454,0.99363,0.062,0.0,0.062,-0.1412,0.1583,-0.9489,0.233
1782933174426,94973,0.18774,-0.3645,0.90869,0.99691,-0.562,0.688,-0.062,-0.141,0.1585,-0.9489,0.233
1782933174484,95031,0.18896,-0.36597,0.90723,0.99635,-0.562,0.25,-0.125,-0.1409,0.1585,-0.9489,0.233
1782933174484,95031,0.18677,-0.36499,0.90454,0.99312,-0.25,0.312,0.125,-0.1409,0.1585,-0.9489,0.233
1782933174485,95032,0.18677,-0.36499,0.90454,0.99312,-0.25,0.312,0.125,-0.1409,0.1585,-0.9489,0.233
1782933174546,95093,0.19092,-0.36597,0.90991,0.99916,-0.25,-0.312,0.188,-0.1408,0.1587,-0.9489,0.233
1782933174547,95094,0.19067,-0.36938,0.90723,0.99793,0.0,-0.375,0.0,-0.1408,0.1588,-0.9489,0.233
1782933174551,95098,0.18848,-0.36572,0.90796,0.99683,0.375,-0.562,-0.062,-0.1409,0.1586,-0.9489,0.233
1782933174606,95153,0.18848,-0.36572,0.90796,0.99683,0.375,-0.562,-0.062,-0.1409,0.1586,-0.9489,0.233
1782933174608,95155,0.18994,-0.36646,0.90747,0.99693,0.5,-0.5,-0.312,-0.1409,0.1586,-0.9489,0.233
1782933174609,95156,0.18921,-0.37036,0.91187,1.00223,0.062,-0.062,0.188,-0.1411,0.1585,-0.9489,0.2331
1782933174665,95212,0.19165,-0.36255,0.90845,0.99672,0.125,-0.375,0.0,-0.1411,0.1585,-0.9489,0.2331
1782933174665,95212,0.19409,-0.36792,0.90625,0.99716,0.125,-0.438,0.0,-0.1411,0.1585,-0.9489,0.2331
1782933174667,95214,0.19409,-0.36792,0.90625,0.99716,0.125,-0.438,0.0,-0.1411,0.1585,-0.9489,0.2331
1782933174725,95272,0.19409,-0.36792,0.90625,0.99716,0.125,-0.438,0.0,-0.1411,0.1585,-0.9489,0.2331
1782933174725,95272,0.18823,-0.36597,0.90527,0.99442,0.0,-0.5,0.188,-0.1411,0.1584,-0.9489,0.2332
1782933174726,95273,0.19067,-0.36597,0.90967,0.99889,0.125,0.25,-0.125,-0.1411,0.1584,-0.9489,0.2332
1782933174784,95331,0.18652,-0.36865,0.90454,0.99443,0.188,0.125,0.0,-0.141,0.1585,-0.9489,0.2332
1782933174785,95332,0.18726,-0.36694,0.90332,0.99282,0.062,0.0,0.0,-0.141,0.1585,-0.9489,0.2332
1782933174786,95333,0.18945,-0.36719,0.90942,0.99888,0.0,-0.25,0.0,-0.141,0.1585,-0.9489,0.2332
1782933174845,95392,0.18945,-0.36719,0.90942,0.99888,0.0,-0.25,0.0,-0.141,0.1585,-0.9489,0.2332
1782933174845,95392,0.18823,-0.36694,0.90674,0.99612,0.0,-0.375,0.0,-0.1411,0.1585,-0.9489,0.2332
1782933174846,95393,0.19043,-0.3667,0.90771,0.99733,0.062,-0.625,0.0,-0.1412,0.1584,-0.9489,0.2333
1782933174908,95455,0.19043,-0.3667,0.90771,0.99733,0.062,-0.625,0.0,-0.1412,0.1584,-0.9489,0.2333
1782933174915,95462,0.1936,-0.36548,0.90601,0.99595,0.062,-0.375,0.0,-0.1412,0.1584,-0.9489,0.2333
1782933174917,95464,0.18823,-0.36646,0.9043,0.99372,-0.125,-0.062,0.062,-0.1412,0.1585,-0.9488,0.2334
1782933174966,95513,0.18823,-0.36646,0.9043,0.99372,-0.125,-0.062,0.062,-0.1412,0.1585,-0.9488,0.2334
1782933174968,95515,0.19214,-0.36548,0.90674,0.99633,0.0,-0.125,0.125,-0.1411,0.1585,-0.9488,0.2334
1782933174970,95517,0.19043,-0.36523,0.90747,0.99657,0.0,-0.25,-0.125,-0.1412,0.1585,-0.9488,0.2335
1782933175027,95574,0.19214,-0.36646,0.90649,0.99646,0.062,-0.5,0.0,-0.1412,0.1585,-0.9488,0.2335
1782933175029,95576,0.19238,-0.36475,0.90674,0.99611,0.062,-0.375,0.125,-0.1412,0.1585,-0.9488,0.2335
1782933175030,95577,0.19043,-0.36377,0.90405,0.99292,-0.25,0.312,0.062,-0.1411,0.1585,-0.9488,0.2335
1782933175085,95632,0.18652,-0.36719,0.90454,0.99389,-0.438,0.375,0.125,-0.1411,0.1586,-0.9487,0.2335
1782933175085,95632,0.19092,-0.36719,0.90356,0.99383,-0.5,0.188,0.125,-0.1411,0.1586,-0.9487,0.2335
1782933175086,95633,0.19263,-0.36621,0.90918,0.99891,-0.188,0.688,0.0,-0.1409,0.1589,-0.9487,0.2335
1782933175145,95692,0.18799,-0.36938,0.90747,0.99764,-0.125,0.688,0.062,-0.1408,0.1589,-0.9487,0.2335
1782933175148,95695,0.18726,-0.36621,0.90942,0.99811,-0.312,0.625,0.0,-0.1408,0.1589,-0.9488,0.2335
1782933175149,95696,0.18726,-0.36621,0.90942,0.99811,-0.312,0.625,0.0,-0.1408,0.1589,-0.9488,0.2335
1782933175206,95753,0.19092,-0.36499,0.91089,0.99969,0.062,-0.312,-0.062,-0.1406,0.1589,-0.9488,0.2335
1782933175208,95755,0.18774,-0.36523,0.90723,0.99584,0.375,-0.75,-0.062,-0.1406,0.1589,-0.9488,0.2335
1782933175208,95755,0.19336,-0.36572,0.90479,0.99488,0.438,-1.375,-0.125,-0.141,0.1585,-0.9488,0.2336
1782933175264,95811,0.18921,-0.37036,0.90576,0.99668,0.562,-1.062,-0.188,-0.1411,0.1585,-0.9488,0.2336
1782933175325,95872,0.18896,-0.36865,0.90576,0.996,0.75,-1.0,0.0,-0.1411,0.1585,-0.9488,0.2336
1782933175384,95931,0.19141,-0.36279,0.90698,0.99542,0.062,0.0,0.0,-0.1412,0.1583,-0.9488,0.2337
1782933175385,95932,0.19019,-0.36743,0.90674,0.99667,0.125,0.188,0.0,-0.1412,0.1583,-0.9488,0.2337
1782933175386,95933,0.19043,-0.3667,0.90625,0.996,0.188,0.188,-0.25,-0.1412,0.1583,-0.9488,0.2337
1782933175446,95993,0.19043,-0.36646,0.90625,0.99591,0.062,0.0,-0.062,-0.141,0.1583,-0.9488,0.2337
1782933175449,95996,0.19019,-0.36377,0.8999,0.9891,-0.625,-0.125,0.125,-0.1411,0.1583,-0.9488,0.2338
1782933175451,95998,0.18945,-0.36499,0.91284,1.00119,-0.562,1.125,0.062,-0.1408,0.1587,-0.9487,0.2338
1782933175506,96053,0.19019,-0.37012,0.91138,1.00189,-0.688,0.938,0.0,-0.1408,0.1588,-0.9487,0.2338
1782933175507,96054,0.18579,-0.37012,0.90967,0.9995,-0.5,1.0,0.062,-0.1407,0.1588,-0.9487,0.2338
1782933175509,96056,0.18823,-0.3689,0.90674,0.99684,-0.062,-0.188,-0.188,-0.1404,0.159,-0.9487,0.2337
1782933175564,96111,0.18823,-0.3689,0.90674,0.99684,-0.062,-0.188,-0.188,-0.1404,0.159,-0.9487,0.2337
1782933175565,96112,0.18848,-0.36792,0.91431,1.00342,0.062,-0.5,0.0,-0.1404,0.159,-0.9487,0.2337
1782933175565,96112,0.18896,-0.36597,0.90186,0.99146,0.875,-1.688,0.0,-0.1409,0.1585,-0.9487,0.2338
1782933175624,96171,0.1897,-0.36499,0.90137,0.99079,0.812,-1.562,0.0,-0.141,0.1585,-0.9487,0.2339
1782933175625,96172,0.19043,-0.36548,0.90527,0.99466,0.625,-1.5,-0.25,-0.1411,0.1584,-0.9487,0.2339
1782933175626,96173,0.19141,-0.36182,0.90112,0.98973,0.188,0.062,0.0,-0.1412,0.1582,-0.9487,0.234
1782933175684,96231,0.18945,-0.36304,0.90015,0.98892,0.0,0.188,0.0,-0.1412,0.1582,-0.9487,0.234
1782933175685,96232,0.1897,-0.36646,0.90405,0.99377,-0.125,0.25,0.188,-0.1412,0.1583,-0.9487,0.234
1782933175686,96233,0.19116,-0.3667,0.90894,0.99859,-0.625,0.625,0.125,-0.1409,0.1586,-0.9487,0.234
1782933175746,96293,0.19116,-0.3667,0.90894,0.99859,-0.625,0.625,0.125,-0.1409,0.1586,-0.9487,0.234
1782933175746,96293,0.18848,-0.36621,0.90771,0.99678,-0.625,0.5,0.188,-0.1409,0.1586,-0.9487,0.234
1782933175749,96296,0.18945,-0.36694,0.90894,0.99835,0.312,-0.438,0.0,-0.1408,0.1586,-0.9487,0.234
1782933175807,96354,0.18701,-0.36621,0.90796,0.99673,0.5,-0.625,0.0,-0.1408,0.1586,-0.9487,0.234
1782933175809,96356,0.1897,-0.36548,0.90845,0.99742,0.438,-0.75,-0.188,-0.1408,0.1586,-0.9487,0.234
1782933175812,96359,0.18774,-0.36572,0.90942,0.99802,0.188,-0.875,-0.062,-0.1412,0.1583,-0.9487,0.2341
1782933175865,96412,0.19189,-0.36377,0.90381,0.99299,0.312,-0.812,0.0,-0.1412,0.1583,-0.9487,0.2341
1782933175866,96413,0.19043,-0.36792,0.90698,0.99712,0.25,-0.625,0.0,-0.1412,0.1583,-0.9487,0.2341
1782933175867,96414,0.18994,-0.37085,0.90405,0.99545,-0.25,0.375,0.0,-0.1412,0.1584,-0.9486,0.2341
1782933175924,96471,0.19214,-0.36133,0.90527,0.99347,-0.062,0.5,0.0,-0.1412,0.1584,-0.9486,0.2341
1782933175925,96472,0.19263,-0.36963,0.90576,0.99706,-0.188,0.625,0.062,-0.1411,0.1584,-0.9486,0.2341
1782933175926,96473,0.19263,-0.36963,0.90576,0.99706,-0.188,0.625,0.062,-0.1411,0.1584,-0.9486,0.2341
1782933175986,96533,0.19263,-0.36963,0.90576,0.99706,-0.188,0.625,0.062,-0.1411,0.1584,-0.9486,0.2341
1782933175989,96536,0.18896,-0.36792,0.90674,0.99662,0.0,0.188,0.0,-0.1409,0.1586,-0.9487,0.2341
1782933175990,96537,0.19019,-0.36523,0.90723,0.99631,0.062,-0.562,0.0,-0.1409,0.1586,-0.9486,0.2343
1782933176044,96591,0.19092,-0.36304,0.90674,0.9952,0.062,-0.438,0.0,-0.1409,0.1586,-0.9486,0.2343
1782933176044,96591,0.18945,-0.36719,0.90503,0.99489,0.062,-0.312,0.0,-0.1409,0.1586,-0.9486,0.2343
1782933176045,96592,0.18945,-0.36719,0.90503,0.99489,0.062,-0.312,0.0,-0.1409,0.1586,-0.9486,0.2343
1782933176105,96652,0.19116,-0.3623,0.90576,0.99408,0.0,0.5,0.0,-0.1409,0.1586,-0.9486,0.2343
1782933176106,96653,0.18896,-0.37183,0.90161,0.99341,0.0,0.562,0.25,-0.1408,0.1586,-0.9486,0.2343
1782933176108,96655,0.18896,-0.37183,0.90161,0.99341,0.0,0.562,0.25,-0.1408,0.1586,-0.9486,0.2343
1782933176164,96711,0.18872,-0.37158,0.91284,1.00348,-0.5,-0.375,0.125,-0.1406,0.1588,-0.9486,0.2343
1782933176165,96712,0.18872,-0.37061,0.91504,1.00512,-0.375,-0.625,-0.125,-0.1406,0.1588,-0.9486,0.2343
1782933176166,96713,0.18872,-0.37061,0.91504,1.00512,-0.375,-0.625,-0.125,-0.1406,0.1588,-0.9486,0.2343
1782933176228,96775,0.18872,-0.37061,0.91504,1.00512,-0.375,-0.625,-0.125,-0.1406,0.1588,-0.9486,0.2343
1782933176230,96777,0.19238,-0.36841,0.90356,0.99456,1.25,-2.062,-0.062,-0.1412,0.1583,-0.9486,0.2344
1782933176230,96777,0.19238,-0.36841,0.90356,0.99456,1.25,-2.062,-0.062,-0.1412,0.1583,-0.9486,0.2344
1782933176284,96831,0.18994,-0.36401,0.9082,0.9967,0.812,0.0,-0.375,-0.1415,0.158,-0.9486,0.2344
1782933176285,96832,0.18921,-0.36743,0.90503,0.99493,0.438,0.25,-0.125,-0.1414,0.158,-0.9486,0.2344
1782933176286,96833,0.18994,-0.36572,0.90796,0.99711,-1.062,0.562,0.25,-0.1412,0.1582,-0.9486,0.2344
1782933176345,96892,0.18848,-0.36841,0.90601,0.99604,-1.062,0.938,0.5,-0.1412,0.1583,-0.9486,0.2344
1782933176347,96894,0.19336,-0.3667,0.90698,0.99723,-1.062,1.0,0.375,-0.1411,0.1583,-0.9486,0.2344
1782933176349,96896,0.18945,-0.36816,0.91064,1.00035,-0.125,0.125,-0.188,-0.1408,0.1587,-0.9486,0.2344
1782933176405,96952,0.18799,-0.36426,0.9104,0.99843,0.062,-0.062,0.0,-0.1408,0.1587,-0.9486,0.2344
1782933176407,96954,0.18848,-0.36865,0.90918,0.99902,0.312,-0.062,-0.125,-0.1408,0.1586,-0.9486,0.2344
1782933176409,96956,0.19312,-0.36743,0.90991,1.00012,0.25,-1.875,0.188,-0.1412,0.1585,-0.9486,0.2345
1782933176464,97011,0.19019,-0.36792,0.91211,1.00174,0.625,-2.0,-0.062,-0.1413,0.1584,-0.9485,0.2345
1782933176465,97012,0.19165,-0.3667,0.9082,0.99801,0.75,-2.312,0.0,-0.1414,0.1583,-0.9485,0.2346
1782933176466,97013,0.19263,-0.36523,0.90234,0.99233,0.875,-0.938,-0.312,-0.1419,0.1578,-0.9485,0.2346
1782933176524,97071,0.19263,-0.36523,0.90234,0.99233,0.875,-0.938,-0.312,-0.1419,0.1578,-0.9485,0.2346
1782933176525,97072,0.19189,-0.36084,0.90015,0.98858,0.5,-0.375,0.0,-0.1419,0.1577,-0.9485,0.2346
1782933176525,97072,0.1897,-0.36719,0.90723,0.99694,-0.125,0.5,-0.062,-0.1416,0.1579,-0.9486,0.2346
1782933176585,97132,0.19116,-0.36597,0.90796,0.99743,0.0,0.688,0.0,-0.1416,0.1579,-0.9486,0.2346
1782933176586,97133,0.19312,-0.3645,0.90479,0.99438,-0.062,0.5,-0.25,-0.1416,0.1579,-0.9486,0.2346
1782933176587,97134,0.19214,-0.36426,0.90894,0.99789,0.312,0.375,-0.125,-0.1413,0.158,-0.9486,0.2346
1782933176645,97192,0.19214,-0.36426,0.90894,0.99789,0.312,0.375,-0.125,-0.1413,0.158,-0.9486,0.2346
1782933176646,97193,0.19019,-0.36475,0.90723,0.99613,0.25,0.688,-0.188,-0.1413,0.158,-0.9486,0.2346
1782933176648,97195,0.19019,-0.36475,0.90723,0.99613,0.25,0.688,-0.188,-0.1413,0.158,-0.9486,0.2346
1782933176705,97252,0.15137,-0.35376,0.94458,1.01995,-1.688,-4.625,1.188,-0.1408,0.158,-0.9487,0.2344
1782933176707,97254,0.21484,-0.37427,0.88379,0.98352,-1.875,-0.312,0.812,-0.1412,0.158,-0.9483,0.2359
1782933176708,97255,0.19897,-0.37061,0.90869,1.00133,-1.438,0.562,0.0,-0.141,0.1586,-0.9482,0.2359
1782933176766,97313,0.19897,-0.37061,0.90869,1.00133,-1.438,0.562,0.0,-0.141,0.1586,-0.9482,0.2359
1782933176767,97314,0.17749,-0.36621,0.91235,0.999,-0.75,0.0,-0.062,-0.1409,0.1588,-0.9482,0.2359
1782933176767,97314,0.18848,-0.36743,0.89868,0.98902,-1.25,0.0,0.75,-0.1408,0.1592,-0.9481,0.236
1782933176825,97372,0.18848,-0.36743,0.89868,0.98902,-1.25,0.0,0.75,-0.1408,0.1592,-0.9481,0.236
1782933176830,97377,0.18799,-0.36963,0.90112,0.99196,-1.688,0.25,0.688,-0.1408,0.1593,-0.9481,0.236
1782933176831,97378,0.2002,-0.3645,0.99243,1.07604,2.125,-3.625,-0.562,-0.1409,0.1597,-0.9479,0.2362
1782933176885,97432,0.17627,-0.37817,0.88281,0.97644,4.0,-1.812,-0.562,-0.1409,0.1594,-0.9481,0.2357
1782933176886,97433,0.18433,-0.36255,0.87354,0.96358,2.188,-2.875,-0.812,-0.1411,0.1593,-0.9481,0.2357
1782933176887,97434,0.19238,-0.37061,0.90063,0.99272,1.062,-1.562,-0.5,-0.1414,0.1588,-0.9481,0.2357
1782933176947,97494,0.19238,-0.37061,0.90063,0.99272,1.062,-1.562,-0.5,-0.1414,0.1588,-0.9481,0.2357
1782933176948,97495,0.18945,-0.36768,0.90454,0.99462,0.688,-1.0,-0.5,-0.1414,0.1587,-0.9481,0.2357
1782933176949,97496,0.1814,-0.3645,0.91357,1.00019,1.812,-1.875,0.562,-0.1423,0.1578,-0.9481,0.2359
1782933177006,97553,0.20093,-0.36133,0.88721,0.97881,-1.188,0.812,0.0,-0.1424,0.1577,-0.9481,0.2359
1782933177007,97554,0.20093,-0.36182,0.89868,0.9894,-2.0,2.188,-0.562,-0.1423,0.1578,-0.9481,0.2359
1782933177008,97555,0.18335,-0.36157,0.88843,0.97655,-1.188,2.938,-0.562,-0.142,0.1578,-0.9482,0.2358
1782933177064,97611,0.18335,-0.36157,0.88843,0.97655,-1.188,2.938,-0.562,-0.142,0.1578,-0.9482,0.2358
1782933177065,97612,0.18677,-0.36938,0.92993,1.01789,0.062,-1.562,0.5,-0.1418,0.158,-0.9482,0.2357
1782933177065,97612,0.18823,-0.36768,0.88867,0.97998,-0.25,0.312,0.75,-0.1413,0.1578,-0.9483,0.2357
1782933177125,97672,0.19238,-0.36084,0.90259,0.9909,-1.562,-0.062,0.438,-0.1414,0.1579,-0.9483,0.2357
1782933177126,97673,0.19995,-0.36597,0.92627,1.01582,-1.062,1.688,0.125,-0.1413,0.158,-0.9483,0.2357
1782933177128,97675,0.18481,-0.36499,0.91504,1.00233,0.125,0.062,-0.188,-0.1412,0.158,-0.9483,0.2357
1782933177186,97733,0.18677,-0.36328,0.90869,0.99628,0.625,-0.25,-0.188,-0.1412,0.158,-0.9483,0.2357
1782933177187,97734,0.1897,-0.36401,0.89941,0.98865,0.25,-0.25,0.125,-0.1411,0.158,-0.9483,0.2357
1782933177188,97735,0.19043,-0.36743,0.90576,0.99583,-0.5,-0.25,0.0,-0.141,0.1581,-0.9483,0.2357
1782933177246,97793,0.18848,-0.3689,0.90918,0.99911,-0.312,-0.25,0.0,-0.141,0.1581,-0.9483,0.2357
1782933177248,97795,0.19043,-0.37085,0.91138,1.0022,0.0,-0.062,-0.125,-0.141,0.1582,-0.9483,0.2357
1782933177249,97796,0.18799,-0.36401,0.90381,0.99233,0.062,-0.312,0.0,-0.141,0.1581,-0.9483,0.2358
1782933177305,97852,0.18774,-0.36523,0.90381,0.99273,0.062,0.062,0.0,-0.1409,0.1581,-0.9483,0.2358
1782933177306,97853,0.18726,-0.36548,0.9082,0.99673,-0.188,0.0,0.125,-0.1409,0.1581,-0.9483,0.2358
1782933177306,97853,0.18579,-0.36475,0.90454,0.99285,-0.438,0.125,0.0,-0.1408,0.1583,-0.9483,0.2358
1782933177367,97914,0.18701,-0.36304,0.90503,0.9929,-0.438,0.125,0.0,-0.1408,0.1583,-0.9483,0.2359
1782933177369,97916,0.18408,-0.3667,0.91064,0.99881,-0.312,0.0,0.125,-0.1408,0.1584,-0.9483,0.2359
1782933177370,97917,0.18726,-0.36621,0.90503,0.99411,-0.188,-0.5,0.0,-0.1408,0.1585,-0.9483,0.2359
1782933177425,97972,0.18896,-0.3689,0.9082,0.99831,-0.188,-0.375,-0.062,-0.1408,0.1585,-0.9483,0.2359
1782933177430,97977,0.18872,-0.36963,0.90918,0.99942,-0.188,-0.438,0.062,-0.1408,0.1585,-0.9483,0.2359
1782933177431,97978,0.18848,-0.36865,0.91089,1.00057,0.312,-0.375,-0.188,-0.1409,0.1586,-0.9482,0.236
1782933177485,98032,0.18945,-0.36719,0.90991,0.99933,0.125,-0.375,-0.062,-0.1409,0.1586,-0.9482,0.236
1782933177487,98034,0.18677,-0.36646,0.90527,0.99433,0.25,-0.438,0.0,-0.1409,0.1586,-0.9482,0.236
1782933177488,98035,0.18555,-0.36475,0.90259,0.99103,0.0,0.25,0.0,-0.1408,0.1585,-0.9482,0.236
1782933177547,98094,0.18628,-0.36182,0.90356,0.99098,0.062,0.375,-0.062,-0.1408,0.1585,-0.9482,0.236
1782933177548,98095,0.18774,-0.36768,0.90576,0.99541,-0.062,0.25,-0.062,-0.1408,0.1585,-0.9482,0.236
1782933177550,98097,0.18896,-0.37061,0.90552,0.99651,-0.125,0.375,0.0,-0.1405,0.1586,-0.9483,0.236
1782933177606,98153,0.18506,-0.36694,0.90479,0.99375,-0.125,0.688,0.0,-0.1405,0.1586,-0.9483,0.236
1782933177607,98154,0.18921,-0.3689,0.90503,0.99547,-0.5,0.75,0.0,-0.1405,0.1586,-0.9483,0.236
1782933177610,98157,0.1853,-0.36548,0.90356,0.99214,-0.688,0.688,0.125,-0.1401,0.159,-0.9483,0.236
1782933177666,98213,0.18604,-0.36865,0.90601,0.99567,-1.0,0.625,0.25,-0.1401,0.1591,-0.9483,0.236
1782933177667,98214,0.18604,-0.36816,0.90991,0.99904,-0.688,0.938,0.25,-0.14,0.1591,-0.9483,0.236
1782933177669,98216,0.18604,-0.36816,0.90991,0.99904,-0.688,0.938,0.25,-0.14,0.1591,-0.9483,0.236
1782933177726,98273,0.18555,-0.36963,0.90845,0.99817,-0.25,0.688,0.125,-0.1397,0.1594,-0.9483,0.236
1782933177728,98275,0.18823,-0.36914,0.90601,0.99627,-0.25,0.812,0.0,-0.1397,0.1594,-0.9483,0.2359
1782933177729,98276,0.18408,-0.36597,0.90845,0.99654,0.0,-0.375,0.0,-0.1395,0.1596,-0.9483,0.2359
1782933177786,98333,0.18384,-0.37012,0.90918,0.9987,0.0,-0.375,0.062,-0.1395,0.1596,-0.9483,0.2359
1782933177788,98335,0.1853,-0.36743,0.9082,0.99708,0.125,-0.562,0.0,-0.1395,0.1596,-0.9483,0.2359
1782933177790,98337,0.18652,-0.36841,0.90771,0.99722,0.188,-1.125,0.062,-0.1398,0.1593,-0.9482,0.236
1782933177845,98392,0.18384,-0.3689,0.90796,0.99713,0.125,-1.312,0.0,-0.1399,0.1593,-0.9482,0.2361
1782933177846,98393,0.18823,-0.36792,0.90771,0.99736,0.25,-1.188,0.0,-0.14,0.1593,-0.9482,0.2361
1782933177849,98396,0.18237,-0.37012,0.9043,0.99398,0.5,-0.25,0.188,-0.1401,0.1591,-0.9482,0.2362
1782933177904,98451,0.18896,-0.36792,0.90381,0.99395,0.438,-0.125,0.062,-0.1401,0.1591,-0.9482,0.2362
1782933177905,98452,0.18457,-0.36743,0.90356,0.99272,0.062,-0.25,-0.188,-0.1401,0.1591,-0.9482,0.2362
1782933177906,98453,0.18457,-0.36743,0.90356,0.99272,0.062,-0.25,-0.188,-0.1401,0.1591,-0.9482,0.2362
1782933177964,98511,0.18579,-0.37109,0.9104,1.00053,0.062,0.625,-0.188,-0.1398,0.1593,-0.9482,0.2362
1782933177965,98512,0.18652,-0.36694,0.90845,0.99735,0.125,0.375,0.0,-0.1397,0.1593,-0.9482,0.2362
1782933177966,98513,0.18457,-0.36938,0.90747,0.997,0.875,-0.875,-0.188,-0.1398,0.1589,-0.9483,0.2362
1782933178026,98573,0.18628,-0.36694,0.90845,0.99731,0.812,-0.812,-0.125,-0.1398,0.1589,-0.9483,0.2362
1782933178031,98578,0.1853,-0.36841,0.90576,0.99522,0.75,-1.0,-0.25,-0.1398,0.1588,-0.9483,0.2362
1782933178034,98581,0.18896,-0.36792,0.89819,0.98885,0.688,-2.562,0.125,-0.1401,0.1585,-0.9483,0.2362
1782933178084,98631,0.19336,-0.36768,0.89819,0.98961,0.5,-2.312,0.0,-0.1402,0.1583,-0.9483,0.2363
1782933178086,98633,0.19116,-0.36719,0.90356,0.99388,0.375,-0.25,-0.188,-0.1403,0.1583,-0.9483,0.2363
1782933178088,98635,0.18408,-0.36646,0.90698,0.99538,-0.125,0.188,-0.062,-0.1403,0.1583,-0.9483,0.2363
1782933178149,98696,0.18286,-0.36499,0.9021,0.99017,-0.062,0.125,0.0,-0.1403,0.1583,-0.9483,0.2363
1782933178150,98697,0.18433,-0.36377,0.90601,0.99356,0.0,0.375,0.188,-0.1403,0.1583,-0.9483,0.2363
1782933178150,98697,0.18457,-0.3667,0.90283,0.99178,-0.25,-0.312,0.125,-0.1401,0.1585,-0.9482,0.2364
1782933178205,98752,0.18457,-0.3667,0.90283,0.99178,-0.25,-0.312,0.125,-0.1401,0.1585,-0.9482,0.2364
1782933178265,98812,0.18701,-0.36548,0.90967,0.99802,-0.5,-1.0,0.25,-0.1402,0.1586,-0.9482,0.2365
1782933178267,98814,0.18701,-0.36548,0.90967,0.99802,-0.5,-1.0,0.25,-0.1402,0.1586,-0.9482,0.2365
1782933178269,98816,0.18945,-0.36792,0.9082,0.99804,0.062,-0.438,0.0,-0.1406,0.1586,-0.9481,0.2366
1782933178325,98872,0.18896,-0.36841,0.90625,0.99635,0.062,-0.5,0.062,-0.1406,0.1586,-0.9481,0.2366
1782933178330,98877,0.18872,-0.3667,0.9021,0.9919,-0.5,1.125,0.0,-0.1405,0.1587,-0.9481,0.2366
1782933178334,98881,0.18774,-0.36768,0.91162,1.00074,-0.188,1.438,-0.062,-0.1398,0.1592,-0.9481,0.2365
1782933178385,98932,0.18237,-0.36914,0.90845,0.9974,-0.125,1.062,0.0,-0.1397,0.1593,-0.9481,0.2365
1782933178386,98933,0.18457,-0.36816,0.90649,0.99566,-0.188,0.5,0.0,-0.1397,0.1593,-0.9481,0.2365
1782933178387,98934,0.18408,-0.36938,0.90698,0.99646,-0.25,-0.375,0.25,-0.1396,0.1594,-0.9481,0.2366
1782933178445,98992,0.18506,-0.3689,0.90625,0.9958,-0.312,-0.938,0.375,-0.1397,0.1594,-0.9481,0.2366
1782933178446,98993,0.18994,-0.37012,0.9126,1.00295,-0.125,-0.875,0.25,-0.1397,0.1594,-0.9481,0.2366
1782933178448,98995,0.19043,-0.36621,0.90845,0.99783,1.0,-0.938,-0.25,-0.1401,0.1591,-0.9481,0.2367
1782933178506,99053,0.18677,-0.36353,0.90063,0.98903,1.125,-0.812,-0.125,-0.1401,0.159,-0.9481,0.2367
1782933178506,99053,0.18604,-0.3689,0.90381,0.99377,1.0,-0.5,-0.125,-0.1401,0.1589,-0.9481,0.2367
1782933178508,99055,0.18457,-0.36816,0.90918,0.99811,-0.062,0.625,0.062,-0.14,0.1588,-0.9481,0.2366
1782933178565,99112,0.18457,-0.36816,0.90918,0.99811,-0.062,0.625,0.062,-0.14,0.1588,-0.9481,0.2366
1782933178565,99112,0.18994,-0.36816,0.90234,0.99289,-0.125,1.125,0.188,-0.1399,0.1589,-0.9481,0.2367
1782933178567,99114,0.18091,-0.3667,0.90479,0.9929,-0.438,0.25,0.312,-0.1397,0.1591,-0.9481,0.2367
1782933178627,99174,0.18823,-0.36768,0.90356,0.9935,-0.625,-0.312,0.312,-0.1397,0.1592,-0.9481,0.2367
1782933178630,99177,0.18726,-0.3689,0.90015,0.99067,-0.875,-0.438,0.375,-0.1397,0.1592,-0.9481,0.2368
1782933178634,99181,0.18433,-0.36792,0.90747,0.99642,-0.875,0.25,0.188,-0.1397,0.1596,-0.948,0.2368
1782933178684,99231,0.18604,-0.36694,0.90649,0.99548,-0.938,0.438,0.5,-0.1397,0.1597,-0.9479,0.2368
1782933178684,99231,0.1875,-0.37085,0.90674,0.99743,-0.75,0.375,0.438,-0.1397,0.1597,-0.9479,0.2369
1782933178685,99232,0.18311,-0.37207,0.90942,0.9995,-0.375,0.062,0.188,-0.1395,0.1601,-0.9479,0.2369
1782933178745,99292,0.18628,-0.36572,0.90991,0.99819,-0.312,0.188,0.312,-0.1394,0.1601,-0.9479,0.2369
1782933178746,99293,0.18408,-0.37012,0.90576,0.99563,-0.188,0.0,0.312,-0.1394,0.1601,-0.9479,0.2369
1782933178748,99295,0.18213,-0.37354,0.90942,0.99987,0.25,-0.812,-0.125,-0.1395,0.16,-0.9479,0.237
1782933178805,99352,0.18384,-0.37402,0.91113,1.00192,0.25,-1.0,-0.312,-0.1395,0.16,-0.9479,0.237
1782933178806,99353,0.18311,-0.37012,0.90649,0.99611,0.562,-1.375,-0.188,-0.1396,0.16,-0.9479,0.237
1782933178807,99354,0.1875,-0.36816,0.90527,0.99509,1.25,-1.188,-0.312,-0.14,0.1596,-0.9479,0.2371
1782933178866,99413,0.1875,-0.36816,0.90527,0.99509,1.25,-1.188,-0.312,-0.14,0.1596,-0.9479,0.2371
1782933178868,99415,0.18481,-0.36938,0.90234,0.99238,0.875,-1.312,-0.125,-0.1401,0.1594,-0.9479,0.2371
1782933178869,99416,0.18677,-0.36694,0.90698,0.99606,-0.062,0.188,0.0,-0.1403,0.1593,-0.9479,0.2372
1782933178924,99471,0.18872,-0.37061,0.9043,0.99535,-0.062,0.25,0.062,-0.1402,0.1593,-0.9479,0.2372
1782933178925,99472,0.18555,-0.36743,0.90527,0.99446,-0.125,0.062,0.0,-0.1402,0.1594,-0.9479,0.2372
1782933178928,99475,0.1853,-0.36694,0.90479,0.99379,-0.312,0.562,0.188,-0.14,0.1596,-0.9479,0.2372
1782933178986,99533,0.1875,-0.36865,0.91064,1.00016,-0.5,0.312,0.125,-0.1399,0.1596,-0.9479,0.2372
1782933178987,99534,0.1875,-0.37012,0.90747,0.99782,-0.312,0.375,0.062,-0.1399,0.1596,-0.9479,0.2372
1782933178988,99535,0.18384,-0.38525,0.90454,1.0002,0.5,-0.938,-0.438,-0.1398,0.1597,-0.9478,0.2373
1782933179044,99591,0.18408,-0.36792,0.90503,0.99415,0.438,-0.438,0.125,-0.1399,0.1596,-0.9478,0.2373
1782933179046,99593,0.18652,-0.37573,0.90063,0.99353,0.438,-0.625,-0.188,-0.1399,0.1596,-0.9478,0.2373
1782933179047,99594,0.18091,-0.37256,0.90845,0.9984,0.062,0.0,0.0,-0.1398,0.1595,-0.9479,0.2373
1782933179107,99654,0.18774,-0.37085,0.90723,0.99792,0.25,-0.312,0.188,-0.1398,0.1595,-0.9478,0.2373
1782933179108,99655,0.18604,-0.36963,0.90845,0.99826,0.312,0.062,0.0,-0.1398,0.1595,-0.9479,0.2374
1782933179112,99659,0.18457,-0.3728,0.90308,0.99428,0.375,0.0,-0.188,-0.1398,0.1594,-0.9479,0.2374
1782933179164,99711,0.18335,-0.36865,0.90674,0.99584,0.125,-0.25,-0.312,-0.1398,0.1594,-0.9479,0.2374
1782933179164,99711,0.18237,-0.37061,0.90894,0.99839,0.188,-0.438,-0.125,-0.1398,0.1594,-0.9479,0.2374
1782933179165,99712,0.18604,-0.36548,0.90552,0.99406,-0.125,-0.875,0.0,-0.14,0.1592,-0.9478,0.2374
1782933179224,99771,0.18506,-0.36914,0.90674,0.99634,-0.062,-0.5,0.375,-0.1401,0.1592,-0.9478,0.2374
1782933179224,99771,0.18457,-0.36768,0.90356,0.99281,-0.312,-0.375,0.125,-0.1401,0.1593,-0.9478,0.2375
1782933179225,99772,0.1875,-0.36841,0.9126,1.00186,-0.625,0.562,0.125,-0.1401,0.1595,-0.9478,0.2375
1782933179284,99831,0.18677,-0.37256,0.90479,0.99616,0.0,0.562,0.438,-0.14,0.1595,-0.9478,0.2376
1782933179284,99831,0.18628,-0.37646,0.90356,0.99642,-0.188,0.375,-0.25,-0.14,0.1596,-0.9478,0.2375
1782933179285,99832,0.18579,-0.36646,0.90552,0.99437,0.062,-0.125,-0.062,-0.1398,0.1597,-0.9478,0.2376
1782933179344,99891,0.18579,-0.3689,0.90698,0.9966,0.062,0.062,0.0,-0.1398,0.1597,-0.9478,0.2376
1782933179346,99893,0.18164,-0.37305,0.91113,1.00116,0.0,-0.062,0.25,-0.1398,0.1597,-0.9478,0.2376
1782933179347,99894,0.18652,-0.3689,0.90747,0.99719,0.062,-0.25,0.0,-0.1398,0.1596,-0.9478,0.2377
1782933179406,99953,0.18481,-0.37378,0.90552,0.99691,0.312,-0.062,0.062,-0.1398,0.1596,-0.9478,0.2377
1782933179407,99954,0.18359,-0.37378,0.90454,0.9958,0.062,0.0,-0.375,-0.1398,0.1596,-0.9478,0.2377
1782933179408,99955,0.18433,-0.37158,0.90479,0.99534,-0.125,-0.375,0.125,-0.1398,0.1596,-0.9478,0.2377
1782933179466,100013,0.18433,-0.36597,0.90137,0.99014,-0.25,-0.125,-0.188,-0.1398,0.1596,-0.9478,0.2377
1782933179468,100015,0.18115,-0.36768,0.90527,0.99374,-0.75,-0.125,0.188,-0.1398,0.1596,-0.9478,0.2377
1782933179469,100016,0.18188,-0.37915,0.90161,0.99485,-0.312,-0.812,0.125,-0.1397,0.1599,-0.9477,0.2377
1782933179524,100071,0.18774,-0.37061,0.90771,0.99827,-0.438,-0.562,0.375,-0.1398,0.1599,-0.9477,0.2377
1782933179524,100071,0.19092,-0.36597,0.91675,1.00539,-0.625,-0.25,0.438,-0.1398,0.1599,-0.9477,0.2378
1782933179526,100073,0.18555,-0.37964,0.90698,1.00058,0.562,-0.125,-0.5,-0.1397,0.1598,-0.9477,0.2378
1782933179583,100130,0.18555,-0.3645,0.90698,0.99494,0.375,-0.25,0.0,-0.1397,0.1597,-0.9477,0.2377
1782933179585,100132,0.18384,-0.37012,0.90942,0.99891,0.125,0.0,0.0,-0.1397,0.1597,-0.9477,0.2377
1782933179586,100133,0.18286,-0.36572,0.90161,0.98999,-0.5,0.0,0.125,-0.1396,0.1598,-0.9478,0.2377
1782933179648,100195,0.18335,-0.36694,0.90063,0.98964,-0.438,0.0,0.062,-0.1395,0.1598,-0.9478,0.2377
1782933179649,100196,0.18555,-0.36865,0.90674,0.99625,-0.438,0.25,0.062,-0.1395,0.1598,-0.9478,0.2377
1782933179650,100197,0.18457,-0.36987,0.91455,1.00363,-0.188,-0.312,0.312,-0.1395,0.16,-0.9477,0.2378
1782933179705,100252,0.18896,-0.37842,0.91357,1.00674,0.062,-0.312,0.125,-0.1395,0.16,-0.9477,0.2379
1782933179707,100254,0.1814,-0.36938,0.91138,0.99998,0.375,-0.375,0.0,-0.1395,0.16,-0.9477,0.2379
1782933179712,100259,0.18604,-0.36719,0.90088,0.99047,0.438,-0.5,-0.25,-0.1398,0.1597,-0.9477,0.2379
1782933179765,100312,0.18579,-0.3667,0.90405,0.99312,0.062,-0.5,-0.062,-0.1398,0.1597,-0.9477,0.2379
1782933179766,100313,0.18726,-0.36816,0.90186,0.99195,0.062,-0.062,0.062,-0.1398,0.1597,-0.9477,0.2379
1782933179767,100314,0.18481,-0.36694,0.90356,0.99258,-0.375,0.438,-0.062,-0.1396,0.1598,-0.9477,0.2379
1782933179823,100370,0.18164,-0.36816,0.90942,0.99779,-0.188,0.625,0.0,-0.1396,0.1599,-0.9477,0.2379
1782933179824,100371,0.18262,-0.3667,0.90747,0.99565,-0.375,0.438,0.0,-0.1395,0.1599,-0.9477,0.2379
1782933179825,100372,0.18457,-0.37939,0.90674,1.00009,0.938,-1.125,-0.25,-0.1395,0.1599,-0.9477,0.2379
1782933179885,100432,0.18701,-0.36987,0.90405,0.99453,0.562,-0.875,-0.25,-0.1395,0.1598,-0.9477,0.2379
1782933179886,100433,0.18677,-0.36694,0.90747,0.99651,0.625,-0.25,-0.125,-0.1395,0.1598,-0.9477,0.2379
1782933179888,100435,0.18774,-0.36719,0.90454,0.99412,-0.188,-0.438,0.062,-0.1398,0.1596,-0.9477,0.238
1782933179944,100491,0.18311,-0.3667,0.9021,0.99085,-0.375,-0.562,0.062,-0.1398,0.1596,-0.9477,0.238
1782933179944,100491,0.18896,-0.36719,0.90552,0.99524,-0.375,-0.25,0.125,-0.1398,0.1596,-0.9477,0.238
1782933180005,100552,0.18359,-0.36865,0.9082,0.99721,-0.062,0.688,0.0,-0.1397,0.1599,-0.9476,0.238
1782933180005,100552,0.18604,-0.37207,0.9104,1.00094,-0.062,0.625,0.0,-0.1397,0.1599,-0.9476,0.238
1782933180006,100553,0.18286,-0.37183,0.90845,0.99849,-0.062,0.375,0.0,-0.1397,0.1599,-0.9476,0.238
1782933180067,100614,0.18286,-0.37183,0.90845,0.99849,-0.062,0.375,0.0,-0.1397,0.1599,-0.9476,0.238
1782933180068,100615,0.1814,-0.37109,0.90674,0.99639,0.375,-0.938,-0.125,-0.1397,0.1597,-0.9476,0.238
1782933180070,100617,0.18652,-0.36865,0.89941,0.98976,0.062,-0.188,0.062,-0.14,0.1595,-0.9476,0.2381
1782933180124,100671,0.18237,-0.36841,0.90771,0.99645,0.125,-0.062,-0.125,-0.14,0.1595,-0.9476,0.2381
1782933180124,100671,0.18262,-0.37134,0.90454,0.9947,0.312,-0.062,0.0,-0.14,0.1595,-0.9476,0.2381
1782933180126,100673,0.18262,-0.37134,0.90454,0.9947,0.312,-0.062,0.0,-0.14,0.1595,-0.9476,0.2381
1782933180187,100734,0.18701,-0.36938,0.90552,0.99568,-0.312,0.188,0.125,-0.1398,0.1597,-0.9476,0.2381
1782933180188,100735,0.1897,-0.36987,0.90674,0.99748,-0.125,0.5,0.0,-0.1398,0.1597,-0.9476,0.2381
1782933180189,100736,0.1897,-0.36987,0.90674,0.99748,-0.125,0.5,0.0,-0.1398,0.1597,-0.9476,0.2381
1782933180244,100791,0.18335,-0.36816,0.90601,0.99499,0.0,-0.562,0.0,-0.1398,0.1598,-0.9476,0.2382
1782933180246,100793,0.18457,-0.3667,0.90308,0.99201,-0.188,-0.938,0.125,-0.1398,0.1598,-0.9476,0.2382
1782933180248,100795,0.1897,-0.37012,0.91089,1.00135,0.188,-0.625,-0.062,-0.14,0.1597,-0.9476,0.2383
1782933180306,100853,0.18555,-0.36865,0.90552,0.99514,0.562,-0.875,0.0,-0.1401,0.1597,-0.9476,0.2383
1782933180307,100854,0.18481,-0.37061,0.90381,0.99417,0.438,-0.688,-0.062,-0.1401,0.1597,-0.9476,0.2383
1782933180308,100855,0.18481,-0.37061,0.90381,0.99417,0.438,-0.688,-0.062,-0.1401,0.1597,-0.9476,0.2383
1782933180366,100913,0.18994,-0.36646,0.90625,0.99582,1.0,-0.625,-0.25,-0.1403,0.1593,-0.9476,0.2384
1782933180367,100914,0.19019,-0.36572,0.90405,0.99359,0.875,-0.938,-0.25,-0.1403,0.1592,-0.9476,0.2384
1782933180369,100916,0.18896,-0.36597,0.90283,0.99234,0.0,-0.5,0.0,-0.1406,0.159,-0.9476,0.2384
1782933180424,100971,0.18896,-0.36597,0.90283,0.99234,0.0,-0.5,0.0,-0.1406,0.159,-0.9476,0.2384
1782933180426,100973,0.18677,-0.36792,0.90063,0.99065,0.062,0.062,0.062,-0.1406,0.159,-0.9476,0.2384
1782933180428,100975,0.18408,-0.36694,0.90308,0.99201,-1.25,1.875,0.25,-0.14,0.1595,-0.9476,0.2384
1782933180483,101030,0.18433,-0.36719,0.90649,0.99525,-1.5,2.438,0.125,-0.1399,0.1597,-0.9476,0.2384
1782933180485,101032,0.18701,-0.36743,0.90698,0.99629,-1.438,2.438,0.125,-0.1398,0.1598,-0.9476,0.2384
1782933180486,101033,0.18311,-0.37231,0.90405,0.99471,-2.062,2.5,0.5,-0.139,0.1607,-0.9476,0.2382
1782933180544,101091,0.18311,-0.37231,0.90405,0.99471,-2.062,2.5,0.5,-0.139,0.1607,-0.9476,0.2382
1782933180546,101093,0.18359,-0.37646,0.90552,0.99769,-1.75,2.438,0.062,-0.1387,0.1609,-0.9476,0.2382
1782933180546,101093,0.18359,-0.36792,0.90503,0.99406,-1.688,0.875,-0.375,-0.1389,0.1602,-0.9477,0.238
1782933180606,101153,0.17847,-0.37695,0.93726,1.02587,-0.938,0.5,0.438,-0.1387,0.1604,-0.9477,0.238
1782933180607,101154,0.18408,-0.37939,0.92212,1.01397,0.312,-0.125,0.312,-0.1387,0.1604,-0.9477,0.238
1782933180608,101155,0.19458,-0.37402,0.90747,1.00063,1.375,-0.938,-0.875,-0.1392,0.1601,-0.9477,0.238
1782933180666,101213,0.17847,-0.37036,0.90576,0.9947,1.5,-1.938,-1.375,-0.1392,0.1599,-0.9477,0.238
1782933180669,101216,0.17676,-0.36621,0.91699,1.00311,2.0,-1.75,-0.688,-0.1393,0.1599,-0.9477,0.2379
1782933180670,101217,0.18774,-0.36694,0.90088,0.99069,0.625,-3.0,0.375,-0.1401,0.1591,-0.9476,0.2382
1782933180723,101270,0.18774,-0.36694,0.90088,0.99069,0.625,-3.0,0.375,-0.1401,0.1591,-0.9476,0.2382
1782933180723,101270,0.18579,-0.36792,0.90137,0.99114,0.25,-1.5,0.25,-0.1402,0.1591,-0.9476,0.2382
1782933180726,101273,0.18555,-0.36841,0.90649,0.99593,-0.562,0.562,0.0,-0.1406,0.1591,-0.9476,0.2383
1782933180783,101330,0.18823,-0.36792,0.90356,0.99359,-0.5,0.812,0.0,-0.1406,0.1591,-0.9476,0.2383
1782933180847,101394,0.18726,-0.36987,0.9043,0.9948,-0.75,1.625,0.062,-0.1405,0.1592,-0.9476,0.2383
1782933180849,101396,0.18726,-0.36987,0.9043,0.9948,-0.75,1.625,0.062,-0.1405,0.1592,-0.9476,0.2383
1782933180851,101398,0.18262,-0.36768,0.91089,0.99913,-0.812,2.0,0.312,-0.1397,0.1599,-0.9476,0.2382
1782933180904,101451,0.1853,-0.37109,0.91309,1.00288,-0.625,0.938,0.188,-0.1396,0.16,-0.9476,0.2382
1782933180905,101452,0.18433,-0.36938,0.91016,0.99941,0.062,-0.312,0.0,-0.1394,0.16,-0.9476,0.2382
1782933180906,101453,0.18433,-0.36938,0.91016,0.99941,0.062,-0.312,0.0,-0.1394,0.16,-0.9476,0.2382
1782933180967,101514,0.18506,-0.37085,0.90723,0.99742,0.0,-0.375,0.0,-0.1395,0.16,-0.9476,0.2383
1782933180972,101519,0.18726,-0.37231,0.90918,1.00014,0.0,-0.375,-0.25,-0.1395,0.16,-0.9476,0.2383
1782933180973,101520,0.18628,-0.36914,0.90405,0.99412,0.625,-0.75,-0.188,-0.1397,0.1599,-0.9476,0.2383
1782933181023,101570,0.18628,-0.36914,0.90405,0.99412,0.625,-0.75,-0.188,-0.1397,0.1599,-0.9476,0.2383
1782933181023,101570,0.18408,-0.36816,0.91162,1.00024,0.562,-0.625,-0.125,-0.1397,0.1598,-0.9476,0.2384
1782933181031,101578,0.18335,-0.36987,0.91016,0.99941,0.062,0.375,0.062,-0.1397,0.1596,-0.9476,0.2384
1782933181086,101633,0.1875,-0.36841,0.90479,0.99475,0.375,0.25,-0.188,-0.1397,0.1596,-0.9476,0.2384
1782933181087,101634,0.18335,-0.36816,0.90527,0.99432,0.062,0.25,-0.062,-0.1397,0.1596,-0.9476,0.2384
1782933181089,101636,0.17993,-0.36646,0.90063,0.98884,-0.5,0.5,0.0,-0.1394,0.1597,-0.9476,0.2384
1782933181147,101694,0.18457,-0.36694,0.90747,0.9961,-0.312,0.125,0.312,-0.1394,0.1597,-0.9476,0.2384
1782933181205,101752,0.1853,-0.36768,0.90649,0.99561,-0.562,0.375,0.25,-0.1393,0.1597,-0.9476,0.2384
1782933181206,101753,0.18359,-0.37427,0.90845,0.99953,-0.375,-0.875,0.062,-0.1394,0.1599,-0.9476,0.2385
1782933181266,101813,0.18457,-0.37378,0.91113,1.00197,0.0,-0.312,0.0,-0.1394,0.1599,-0.9476,0.2385
1782933181266,101813,0.18652,-0.36938,0.90674,0.9967,0.062,-1.188,0.0,-0.1394,0.1599,-0.9476,0.2385
1782933181268,101815,0.18799,-0.37036,0.90454,0.99534,0.25,-0.438,-0.062,-0.1395,0.1598,-0.9476,0.2385
1782933181323,101870,0.18311,-0.37036,0.90894,0.99843,0.062,-0.188,0.125,-0.1394,0.1597,-0.9476,0.2385
1782933181323,101870,0.1814,-0.3667,0.90015,0.98876,-0.125,-0.125,-0.125,-0.1394,0.1597,-0.9476,0.2385
1782933181326,101873,0.1814,-0.3667,0.90015,0.98876,-0.125,-0.125,-0.125,-0.1394,0.1597,-0.9476,0.2385
1782933181385,101932,0.18188,-0.37085,0.90869,0.99816,-0.562,0.438,0.125,-0.1392,0.16,-0.9476,0.2385
1782933181386,101933,0.18433,-0.36987,0.91016,0.99959,-0.25,0.0,0.188,-0.1392,0.16,-0.9476,0.2386
1782933181387,101934,0.18408,-0.37036,0.90991,0.99949,-0.125,-0.125,0.0,-0.1391,0.1602,-0.9475,0.2386
1782933181444,101991,0.18359,-0.36914,0.90894,0.99807,0.0,-0.312,0.062,-0.1391,0.1602,-0.9475,0.2386
1782933181445,101992,0.18164,-0.36865,0.90771,0.99641,0.125,-0.312,-0.062,-0.1391,0.1602,-0.9475,0.2386
1782933181447,101994,0.18408,-0.36865,0.90845,0.99753,0.5,-0.625,0.0,-0.1394,0.16,-0.9475,0.2387
1782933181506,102053,0.18213,-0.36865,0.90405,0.99317,0.875,-0.5,-0.375,-0.1394,0.1599,-0.9475,0.2387
1782933181507,102054,0.18311,-0.37427,0.89893,0.9908,0.375,-0.938,0.0,-0.1395,0.1599,-0.9475,0.2387
1782933181510,102057,0.18262,-0.37109,0.90552,0.9955,0.188,-0.125,-0.25,-0.1395,0.1597,-0.9475,0.2387
1782933181566,102113,0.18872,-0.36499,0.90747,0.99616,-0.062,0.0,0.125,-0.1395,0.1597,-0.9475,0.2387
1782933181567,102114,0.18481,-0.37378,0.90454,0.99602,0.375,0.5,-0.125,-0.1395,0.1597,-0.9475,0.2387
1782933181569,102116,0.18091,-0.36597,0.90479,0.99263,-0.312,0.562,0.0,-0.1392,0.1597,-0.9476,0.2387
1782933181623,102170,0.17969,-0.36597,0.90698,0.9944,0.0,0.25,0.0,-0.1392,0.1597,-0.9476,0.2387
1782933181625,102172,0.18286,-0.36816,0.90796,0.99668,-0.125,0.0,0.25,-0.1392,0.1598,-0.9475,0.2388
1782933181626,102173,0.18799,-0.36987,0.90356,0.99427,0.0,-0.75,-0.375,-0.1393,0.1599,-0.9475,0.2388
1782933181686,102233,0.18579,-0.38306,0.91064,1.00525,0.438,-0.438,-0.25,-0.1394,0.1599,-0.9475,0.2388
1782933181687,102234,0.1853,-0.37207,0.91919,1.0088,0.25,-0.5,0.25,-0.1394,0.1599,-0.9475,0.2389
1782933181689,102236,0.18457,-0.36646,0.90381,0.99259,0.0,0.0,0.188,-0.1394,0.1597,-0.9475,0.239
1782933181745,102292,0.18237,-0.36963,0.90991,0.99891,-0.25,0.375,0.312,-0.1394,0.1597,-0.9475,0.239
1782933181746,102293,0.18286,-0.3689,0.90381,0.99318,0.062,-0.25,0.125,-0.1394,0.1597,-0.9475,0.239
1782933181748,102295,0.18481,-0.36768,0.90942,0.99819,-0.062,0.312,0.125,-0.1392,0.1598,-0.9475,0.239
1782933181804,102351,0.18604,-0.37158,0.90894,0.99943,0.062,0.312,0.062,-0.1392,0.1598,-0.9475,0.239
1782933181804,102351,0.18188,-0.36694,0.9082,0.99627,0.0,0.125,-0.188,-0.1392,0.1598,-0.9475,0.239
1782933181805,102352,0.18457,-0.36694,0.90625,0.99499,0.062,0.188,0.062,-0.139,0.1598,-0.9475,0.239
1782933181866,102413,0.18311,-0.36621,0.90186,0.99045,0.0,0.0,0.125,-0.139,0.1598,-0.9475,0.239
1782933181867,102414,0.18408,-0.36646,0.90381,0.9925,-0.25,0.0,0.125,-0.139,0.1598,-0.9475,0.239
1782933181869,102416,0.18408,-0.36646,0.90381,0.9925,-0.25,0.0,0.125,-0.139,0.1598,-0.9475,0.239
1782933181924,102471,0.1853,-0.36743,0.90625,0.9953,0.062,0.125,0.125,-0.1389,0.1599,-0.9475,0.2391
1782933181927,102474,0.18481,-0.37134,0.90625,0.99666,-0.062,0.0,0.188,-0.1389,0.1599,-0.9475,0.2391
1782933181928,102475,0.1792,-0.3689,0.89819,0.98739,-1.062,1.312,0.125,-0.1387,0.1603,-0.9475,0.2391
1782933181985,102532,0.177,-0.36694,0.90674,0.99406,-1.375,0.625,0.188,-0.1387,0.1603,-0.9475,0.2391
1782933181986,102533,0.18042,-0.37524,0.90991,1.00065,-1.625,1.125,0.688,-0.1386,0.1604,-0.9475,0.2391
1782933181987,102534,0.18042,-0.37524,0.90991,1.00065,-1.625,1.125,0.688,-0.1386,0.1604,-0.9475,0.2391
1782933182048,102595,0.18042,-0.37524,0.90991,1.00065,-1.625,1.125,0.688,-0.1386,0.1604,-0.9475,0.2391
1782933182050,102597,0.18213,-0.36987,0.9126,1.00141,-0.438,1.0,0.375,-0.1383,0.1609,-0.9474,0.2391
1782933182053,102600,0.18213,-0.37085,0.90894,0.99844,0.062,-0.438,0.188,-0.1381,0.1609,-0.9474,0.2391
1782933182106,102653,0.18164,-0.37207,0.90576,0.99591,0.25,-0.875,0.0,-0.1381,0.1609,-0.9474,0.2391
1782933182108,102655,0.18213,-0.37256,0.90967,0.99974,0.125,-1.0,-0.062,-0.1381,0.1609,-0.9474,0.2392
1782933182111,102658,0.18213,-0.37256,0.90967,0.99974,0.125,-1.0,-0.062,-0.1381,0.1609,-0.9474,0.2392
1782933182166,102713,0.17871,-0.37012,0.9082,0.99687,0.562,-1.125,-0.375,-0.1384,0.1607,-0.9474,0.2391
1782933182167,102714,0.18164,-0.36841,0.90796,0.99655,0.5,-1.0,-0.25,-0.1384,0.1606,-0.9474,0.2391
1782933182224,102771,0.18433,-0.36792,0.90747,0.99642,0.188,-0.75,0.062,-0.1387,0.1603,-0.9474,0.2392
1782933182226,102773,0.18408,-0.36938,0.90479,0.99447,0.125,-1.125,0.125,-0.1388,0.1603,-0.9474,0.2393
1782933182228,102775,0.18579,-0.37231,0.90698,0.99787,0.312,-0.812,0.0,-0.1389,0.1603,-0.9474,0.2393
1782933182285,102832,0.18579,-0.37231,0.90698,0.99787,0.312,-0.812,0.0,-0.1389,0.1603,-0.9474,0.2393
1782933182286,102833,0.18652,-0.37158,0.90625,0.99707,0.375,-0.125,0.125,-0.1391,0.1601,-0.9474,0.2393
1782933182288,102835,0.18457,-0.36865,0.90625,0.99562,-0.25,0.125,0.062,-0.1389,0.1602,-0.9473,0.2394
1782933182345,102892,0.18555,-0.3667,0.90845,0.99709,0.062,0.625,0.375,-0.1389,0.1602,-0.9473,0.2394
1782933182346,102893,0.18164,-0.36353,0.9043,0.99142,-0.062,0.062,-0.25,-0.1389,0.1602,-0.9473,0.2394
1782933182349,102896,0.18237,-0.37085,0.90601,0.99581,-0.312,0.812,0.0,-0.1386,0.1604,-0.9474,0.2394
1782933182404,102951,0.18237,-0.37085,0.90601,0.99581,-0.312,0.812,0.0,-0.1386,0.1604,-0.9474,0.2394
1782933182404,102951,0.17871,-0.36963,0.90381,0.99269,-0.562,0.312,0.0,-0.1385,0.1605,-0.9473,0.2394
1782933182405,102952,0.17871,-0.36963,0.90381,0.99269,-0.562,0.312,0.0,-0.1385,0.1605,-0.9473,0.2394
1782933182465,103012,0.1792,-0.37744,0.90942,1.00081,0.688,-0.875,0.0,-0.1386,0.1605,-0.9473,0.2395
1782933182468,103015,0.18335,-0.3623,0.91089,0.9973,0.312,-1.375,0.0,-0.1386,0.1605,-0.9473,0.2395
1782933182468,103015,0.18286,-0.37183,0.90259,0.99316,0.062,-0.625,-0.062,-0.1389,0.1602,-0.9473,0.2395
1782933182525,103072,0.17773,-0.36841,0.90259,0.99095,-0.062,-1.062,0.0,-0.1389,0.1602,-0.9473,0.2395
1782933182526,103073,0.18359,-0.36646,0.90503,0.99352,-0.375,-0.875,0.375,-0.139,0.1602,-0.9473,0.2395
1782933182526,103073,0.1814,-0.37134,0.90454,0.99448,-0.5,0.125,0.375,-0.139,0.1604,-0.9472,0.2396
1782933182583,103130,0.18262,-0.36938,0.90356,0.99308,-0.688,1.0,0.25,-0.139,0.1605,-0.9472,0.2396
1782933182584,103131,0.18066,-0.36816,0.90479,0.99339,-0.75,0.812,0.375,-0.139,0.1605,-0.9472,0.2396
1782933182585,103132,0.18262,-0.37451,0.9082,0.99922,-0.75,0.938,0.188,-0.1387,0.161,-0.9472,0.2396
1782933182644,103191,0.18262,-0.37451,0.9082,0.99922,-0.75,0.938,0.188,-0.1387,0.161,-0.9472,0.2396
1782933182646,103193,0.18164,-0.3772,0.91284,1.00427,-0.562,0.812,-1.0,-0.1386,0.161,-0.9472,0.2396
1782933182647,103194,0.1709,-0.37549,0.90894,0.99818,5.188,-1.312,-0.625,-0.1384,0.1609,-0.9473,0.2396
1782933182704,103251,0.16504,-0.37061,0.85962,0.95055,3.688,-6.438,-0.438,-0.1384,0.1608,-0.9476,0.2384
1782933182705,103252,0.18042,-0.35645,0.84766,0.93709,1.312,-0.938,0.375,-0.1386,0.1607,-0.9476,0.2384
1782933182705,103252,0.1731,-0.36768,0.90942,0.99609,-0.5,-0.375,0.0,-0.1387,0.1607,-0.9476,0.2385
1782933182765,103312,0.1731,-0.36768,0.90942,0.99609,-0.5,-0.375,0.0,-0.1387,0.1607,-0.9476,0.2385
1782933182766,103313,0.17749,-0.37305,0.90967,0.99908,-0.312,-0.562,0.812,-0.1387,0.1607,-0.9475,0.2385
1782933182766,103313,0.18237,-0.36865,0.90112,0.99054,-0.812,0.125,0.25,-0.1387,0.1608,-0.9475,0.2385
1782933182825,103372,0.18384,-0.37134,0.9043,0.99471,-0.438,0.5,0.062,-0.1387,0.1608,-0.9475,0.2385
1782933182825,103372,0.17871,-0.36963,0.90454,0.99336,-0.75,0.625,0.188,-0.1387,0.1609,-0.9475,0.2385
1782933182827,103374,0.18726,-0.36621,0.89307,0.98323,-1.875,0.125,0.0,-0.1389,0.1608,-0.9475,0.2387
1782933182885,103432,0.18726,-0.36621,0.89307,0.98323,-1.875,0.125,0.0,-0.1389,0.1608,-0.9475,0.2387
1782933182887,103434,0.17651,-0.37866,0.93457,1.0237,-1.125,0.875,0.062,-0.1388,0.1609,-0.9475,0.2387
1782933182888,103435,0.19263,-0.37402,0.90259,0.99582,1.562,-2.875,-0.312,-0.1393,0.1604,-0.9474,0.2388
1782933182945,103492,0.19189,-0.37329,0.90845,1.00072,1.875,-2.625,-0.562,-0.1394,0.1603,-0.9475,0.2388
1782933182945,103492,0.18237,-0.37085,0.90405,0.99403,1.75,-2.188,-1.125,-0.1395,0.1602,-0.9475,0.2388
1782933182946,103493,0.1709,-0.36084,0.92236,1.00507,1.562,-4.062,-0.312,-0.1404,0.1592,-0.9475,0.2386
1782933183003,103550,0.17725,-0.36255,0.83472,0.92716,-1.125,3.688,1.188,-0.1405,0.1592,-0.9475,0.2387
1782933183004,103551,0.20166,-0.3667,0.9126,1.00398,-2.562,-3.312,0.375,-0.1406,0.1593,-0.9475,0.2387
1782933183005,103552,0.18359,-0.36768,0.90698,0.99574,0.438,-0.625,0.312,-0.1406,0.1591,-0.9475,0.2387
1782933183065,103612,0.18799,-0.36865,0.90723,0.99715,0.375,-0.25,0.375,-0.1406,0.1591,-0.9475,0.2387
1782933183066,103613,0.19141,-0.36548,0.89526,0.98575,0.562,-0.188,-0.125,-0.1406,0.1591,-0.9475,0.2387
1782933183066,103613,0.18384,-0.37012,0.90942,0.99891,-0.75,0.812,0.125,-0.1404,0.1593,-0.9475,0.2387
1782933183124,103671,0.18555,-0.3689,0.91162,1.00078,-0.5,0.625,0.188,-0.1404,0.1593,-0.9475,0.2387
1782933183125,103672,0.1897,-0.37109,0.91064,1.00148,-0.25,1.0,0.312,-0.1403,0.1594,-0.9475,0.2387
1782933183126,103673,0.17969,-0.36694,0.90479,0.99276,-0.75,0.812,0.188,-0.1396,0.1596,-0.9476,0.2385
1782933183183,103730,0.17896,-0.37012,0.9104,0.99892,-0.562,0.25,0.125,-0.1395,0.1597,-0.9476,0.2385
1782933183184,103731,0.18262,-0.36719,0.90894,0.99717,-0.812,0.312,0.5,-0.1395,0.1597,-0.9476,0.2385
1782933183186,103733,0.18384,-0.36426,0.9126,0.99966,0.5,-1.812,-0.312,-0.1397,0.1598,-0.9475,0.2387
1782933183244,103791,0.18286,-0.37183,0.90991,0.99982,0.688,-1.438,-0.188,-0.1398,0.1597,-0.9475,0.2387
1782933183246,103793,0.18677,-0.37256,0.9082,0.99926,0.688,-2.062,-0.188,-0.1398,0.1597,-0.9475,0.2387
1782933183247,103794,0.18481,-0.36548,0.90112,0.98982,0.312,-0.938,0.25,-0.1403,0.1593,-0.9475,0.2388
1782933183304,103851,0.18384,-0.36938,0.9021,0.99198,0.0,-0.375,0.125,-0.1403,0.1593,-0.9475,0.2388
1782933183304,103851,0.18506,-0.37085,0.90405,0.99453,-0.125,-0.312,0.25,-0.1403,0.1593,-0.9475,0.2388
1782933183305,103852,0.18701,-0.36914,0.90747,0.99737,0.062,0.312,-0.375,-0.1403,0.1595,-0.9474,0.2388
1782933183365,103912,0.1875,-0.37085,0.90771,0.99831,0.125,0.812,-0.312,-0.1403,0.1595,-0.9475,0.2388
1782933183365,103912,0.18481,-0.37036,0.90869,0.99852,0.375,0.5,-0.375,-0.1403,0.1594,-0.9475,0.2387
1782933183366,103913,0.18018,-0.3689,0.90625,0.99491,-0.938,0.375,0.125,-0.14,0.1596,-0.9475,0.2387
1782933183424,103971,0.18311,-0.36523,0.90796,0.99565,-0.625,0.0,0.125,-0.14,0.1596,-0.9475,0.2387
1782933183425,103972,0.18311,-0.37085,0.90796,0.99772,-0.875,0.188,0.188,-0.14,0.1597,-0.9475,0.2387
1782933183426,103973,0.18408,-0.37793,0.89819,0.9917,0.5,0.562,0.312,-0.1399,0.1599,-0.9474,0.2388
1782933183484,104031,0.18311,-0.37476,0.90234,0.99408,0.5,0.188,0.125,-0.1399,0.1599,-0.9474,0.2388
1782933183487,104034,0.18359,-0.36963,0.90332,0.99314,0.438,0.688,0.0,-0.1399,0.1599,-0.9474,0.2388
1782933183487,104034,0.18433,-0.37231,0.90796,0.99849,-0.812,0.875,0.0,-0.1394,0.1604,-0.9474,0.2388
1782933183544,104091,0.18433,-0.37231,0.90796,0.99849,-0.812,0.875,0.0,-0.1394,0.1604,-0.9474,0.2388
1782933183545,104092,0.18237,-0.3667,0.90942,0.99738,-0.625,0.75,0.0,-0.1393,0.1605,-0.9474,0.2388
1782933183545,104092,0.18384,-0.37402,0.90747,0.99859,0.5,0.0,0.188,-0.139,0.1605,-0.9474,0.2388
1782933183603,104150,0.18237,-0.37256,0.91064,1.00066,0.375,0.0,-0.125,-0.139,0.1605,-0.9474,0.2388
1782933183604,104151,0.18408,-0.37158,0.90918,0.99928,0.438,-0.062,-0.375,-0.139,0.1605,-0.9475,0.2388
1782933183604,104151,0.18115,-0.36792,0.90649,0.99494,0.312,-1.188,-0.438,-0.1392,0.1603,-0.9475,0.2387
1782933183665,104212,0.18188,-0.36768,0.90869,0.99699,0.5,-1.375,0.062,-0.1393,0.1603,-0.9475,0.2388
1782933183666,104213,0.1875,-0.37134,0.9082,0.99894,0.5,-1.375,-0.125,-0.1394,0.1602,-0.9475,0.2388
1782933183668,104215,0.18335,-0.37378,0.91016,1.00086,0.5,-0.375,-0.188,-0.1396,0.16,-0.9475,0.2388
1782933183724,104271,0.18091,-0.37378,0.90601,0.99664,0.625,-0.375,-0.188,-0.1396,0.1599,-0.9475,0.2388
1782933183725,104272,0.18555,-0.37134,0.90381,0.99458,0.75,-0.312,-0.312,-0.1396,0.1599,-0.9475,0.2388
1782933183726,104273,0.18188,-0.37061,0.90137,0.99141,-0.25,-0.062,0.0,-0.1395,0.1598,-0.9475,0.2388
1782933183785,104332,0.17993,-0.36792,0.90479,0.99317,-0.25,0.375,0.0,-0.1395,0.1599,-0.9475,0.2388
1782933183786,104333,0.18335,-0.3645,0.90381,0.99164,-0.25,0.0,0.125,-0.1395,0.1599,-0.9475,0.2388
1782933183786,104333,0.18115,-0.36743,0.90601,0.99432,0.188,-1.438,-0.062,-0.1395,0.1599,-0.9475,0.2389
1782933183844,104391,0.18408,-0.37085,0.90747,0.99746,0.062,-1.188,0.125,-0.1395,0.1599,-0.9475,0.2389
1782933183845,104392,0.18311,-0.3689,0.90332,0.99278,0.188,-1.062,0.0,-0.1395,0.1599,-0.9475,0.2389
1782933183847,104394,0.18311,-0.3689,0.90332,0.99278,0.188,-1.062,0.0,-0.1395,0.1599,-0.9475,0.2389
1782933183904,104451,0.18408,-0.36987,0.90723,0.99687,0.0,-0.188,0.0,-0.1398,0.1599,-0.9474,0.239
1782933183904,104451,0.18481,-0.36914,0.90845,0.99785,0.062,-0.188,0.0,-0.1397,0.1599,-0.9474,0.239
1782933183904,104451,0.18481,-0.36914,0.90845,0.99785,0.062,-0.188,0.0,-0.1397,0.1599,-0.9474,0.239
1782933183963,104510,0.18311,-0.37231,0.9104,1.00049,0.5,-0.75,0.0,-0.1398,0.1597,-0.9474,0.239
1782933183964,104511,0.18408,-0.36694,0.90088,0.99001,0.438,-0.625,0.0,-0.1398,0.1597,-0.9474,0.239
1782933183965,104512,0.18408,-0.36694,0.90088,0.99001,0.438,-0.625,0.0,-0.1398,0.1597,-0.9474,0.239
1782933184024,104571,0.18237,-0.3689,0.9043,0.99353,0.062,0.438,0.25,-0.1397,0.1597,-0.9474,0.2391
1782933184026,104573,0.18286,-0.3689,0.90356,0.99295,0.188,0.312,0.188,-0.1396,0.1597,-0.9474,0.2391
1782933184027,104574,0.18286,-0.3689,0.90356,0.99295,0.188,0.312,0.188,-0.1396,0.1597,-0.9474,0.2391
1782933184083,104630,0.19141,-0.37061,0.91016,1.00119,-0.562,1.25,0.938,-0.1392,0.16,-0.9474,0.2391
1782933184145,104692,0.19214,-0.37402,0.90967,1.00215,-0.562,0.688,0.312,-0.1392,0.16,-0.9474,0.2392
1782933184147,104694,0.17676,-0.36938,0.90601,0.99425,0.125,-0.25,0.0,-0.1389,0.1601,-0.9475,0.2391
1782933184148,104695,0.17822,-0.36621,0.90576,0.99311,-0.125,-1.312,0.25,-0.139,0.1601,-0.9475,0.2391
1782933184203,104750,0.18018,-0.37207,0.90405,0.99409,-0.438,-1.0,0.5,-0.139,0.1601,-0.9474,0.2391
1782933184204,104751,0.18701,-0.37207,0.90698,0.99801,0.0,-0.5,-0.062,-0.1394,0.1602,-0.9473,0.2393
1782933184205,104752,0.18701,-0.37207,0.90698,0.99801,0.0,-0.5,-0.062,-0.1394,0.1602,-0.9473,0.2393
1782933184265,104812,0.1731,-0.36938,0.90747,0.99494,-1.25,1.375,0.562,-0.1387,0.1605,-0.9474,0.2392
1782933184266,104813,0.18579,-0.36963,0.90601,0.99599,-1.375,0.562,0.625,-0.1387,0.1606,-0.9473,0.2392
1782933184266,104813,0.18579,-0.36963,0.90601,0.99599,-1.375,0.562,0.625,-0.1387,0.1606,-0.9473,0.2392
1782933184325,104872,0.18579,-0.36963,0.90601,0.99599,-1.375,0.562,0.625,-0.1387,0.1606,-0.9473,0.2392
1782933184326,104873,0.18164,-0.37036,0.91187,1.00083,0.062,-1.312,0.125,-0.1386,0.1608,-0.9473,0.2392
1782933184327,104874,0.18164,-0.37036,0.91187,1.00083,0.062,-1.312,0.125,-0.1386,0.1608,-0.9473,0.2392
1782933184387,104934,0.17749,-0.3689,0.89746,0.98642,0.312,-0.375,0.0,-0.1387,0.1603,-0.9474,0.2393
1782933184388,104935,0.17749,-0.3667,0.89819,0.98626,-0.188,-0.312,-0.062,-0.1387,0.1603,-0.9474,0.2393
1782933184389,104936,0.17749,-0.3667,0.89819,0.98626,-0.188,-0.312,-0.062,-0.1387,0.1603,-0.9474,0.2393
1782933184444,104991,0.17749,-0.3667,0.89819,0.98626,-0.188,-0.312,-0.062,-0.1387,0.1603,-0.9474,0.2393
1782933184447,104994,0.18262,-0.37109,0.91528,1.00439,-0.812,-0.188,0.188,-0.1389,0.1608,-0.9473,0.2393
1782933184449,104996,0.17773,-0.36963,0.91357,1.00141,-1.25,2.125,-0.062,-0.1384,0.1612,-0.9473,0.2393
1782933184505,105052,0.17749,-0.375,0.91626,1.00581,-0.625,1.188,0.75,-0.1383,0.1613,-0.9473,0.2393
1782933184509,105056,0.17822,-0.36963,0.89648,0.98593,-0.75,0.812,0.125,-0.1383,0.1613,-0.9473,0.2393
1782933184511,105058,0.1748,-0.36548,0.90967,0.99581,-1.375,1.188,-0.625,-0.1379,0.1612,-0.9478,0.2377
1782933184566,105113,0.1748,-0.37915,0.93555,1.02448,0.062,-1.188,0.812,-0.1379,0.1613,-0.9478,0.2377
1782933184567,105114,0.18799,-0.36963,0.91382,1.00351,1.0,-0.688,0.812,-0.1379,0.1612,-0.9478,0.2377
1782933184569,105116,0.1814,-0.36694,0.91504,1.00242,-0.125,-1.875,-0.5,-0.1381,0.161,-0.9477,0.2379
1782933184624,105171,0.17798,-0.37817,0.91406,1.00508,0.188,-0.75,-0.875,-0.1382,0.161,-0.9477,0.2379
1782933184625,105172,0.17505,-0.37378,0.9082,0.99759,0.125,-2.375,-0.812,-0.1383,0.161,-0.9477,0.2379
1782933184627,105174,0.18506,-0.37061,0.91211,1.00177,1.312,-2.625,-0.312,-0.1392,0.1605,-0.9476,0.2379
1782933184685,105232,0.18506,-0.37061,0.91211,1.00177,1.312,-2.625,-0.312,-0.1392,0.1605,-0.9476,0.2379
1782933184686,105233,0.18213,-0.3728,0.90308,0.99383,1.562,-3.188,-0.375,-0.1394,0.1603,-0.9476,0.2379
1782933184687,105234,0.18384,-0.36597,0.90796,0.99605,-0.125,1.062,0.25,-0.1397,0.16,-0.9476,0.2381
1782933184745,105292,0.18604,-0.37085,0.90747,0.99782,-0.125,0.688,0.312,-0.1397,0.16,-0.9476,0.2382
1782933184746,105293,0.18408,-0.37134,0.90356,0.99408,-0.125,0.75,0.188,-0.1397,0.16,-0.9476,0.2382
1782933184749,105296,0.18799,-0.36743,0.90747,0.99692,-0.5,1.812,0.188,-0.139,0.1602,-0.9476,0.2381
1782933184805,105352,0.18823,-0.37256,0.9021,0.99399,-0.688,1.125,0.125,-0.139,0.1603,-0.9476,0.2381
1782933184811,105358,0.18359,-0.37134,0.9082,0.99821,-0.812,1.75,-0.25,-0.1389,0.1603,-0.9476,0.2381
1782933184813,105360,0.17896,-0.37305,0.90967,0.99935,0.5,-1.625,-0.625,-0.1389,0.1605,-0.9476,0.238
1782933184866,105413,0.1792,-0.37158,0.91187,1.00085,1.0,-1.938,0.188,-0.1389,0.1604,-0.9476,0.238
1782933184868,105415,0.1814,-0.36694,0.9082,0.99618,1.188,-1.938,0.5,-0.139,0.1603,-0.9476,0.2382
1782933184870,105417,0.18384,-0.3689,0.89648,0.98669,-0.875,0.0,0.125,-0.1395,0.16,-0.9476,0.2384
1782933184925,105472,0.18384,-0.3689,0.89648,0.98669,-0.875,0.0,0.125,-0.1395,0.16,-0.9476,0.2384
1782933184926,105473,0.1814,-0.37329,0.90015,0.99122,-0.938,0.875,0.375,-0.1394,0.1601,-0.9476,0.2384
1782933184928,105475,0.18066,-0.37671,0.91309,1.00413,-0.938,0.75,0.188,-0.139,0.161,-0.9475,0.2384
1782933184984,105531,0.18066,-0.37671,0.91309,1.00413,-0.938,0.75,0.188,-0.139,0.161,-0.9475,0.2384
1782933184984,105531,0.18091,-0.37036,0.90674,0.99603,-0.812,0.438,0.062,-0.139,0.161,-0.9475,0.2384
1782933184985,105532,0.18188,-0.37207,0.91211,1.00173,0.5,-1.938,-0.312,-0.1391,0.161,-0.9475,0.2384
1782933185044,105591,0.18188,-0.37207,0.91211,1.00173,0.5,-1.938,-0.312,-0.1391,0.161,-0.9475,0.2384
1782933185045,105592,0.17871,-0.37402,0.90723,0.99744,1.062,-2.562,-0.375,-0.1393,0.1608,-0.9475,0.2384
1782933185046,105593,0.18481,-0.37524,0.9021,0.99436,0.562,-1.688,0.25,-0.1401,0.1602,-0.9474,0.2385
1782933185106,105653,0.18555,-0.36963,0.90479,0.99484,0.625,-1.125,0.0,-0.1401,0.1602,-0.9474,0.2385
1782933185109,105656,0.18457,-0.37134,0.90088,0.99174,0.812,-0.562,-0.125,-0.1401,0.16,-0.9474,0.2385
1782933185113,105660,0.18457,-0.37134,0.90088,0.99174,0.812,-0.562,-0.125,-0.1401,0.16,-0.9474,0.2385
1782933185166,105713,0.17773,-0.37183,0.90356,0.99311,0.0,2.312,-0.062,-0.1397,0.16,-0.9475,0.2385
1782933185167,105714,0.17993,-0.35962,0.90723,0.99235,-0.375,2.625,0.5,-0.1394,0.16,-0.9475,0.2385
1782933185168,105715,0.17456,-0.36963,0.90186,0.99018,-1.5,-0.75,-0.5,-0.1388,0.1606,-0.9476,0.2384
1782933185224,105771,0.17505,-0.37549,0.91772,1.0069,-1.188,0.938,-0.188,-0.1388,0.1607,-0.9476,0.2384
1782933185226,105773,0.18872,-0.37329,0.93042,1.02012,-0.75,0.25,0.312,-0.1389,0.1608,-0.9475,0.2384
1782933185228,105775,0.18481,-0.37305,0.89966,0.99132,0.875,-2.5,0.438,-0.1395,0.1604,-0.9475,0.2385
1782933185284,105831,0.18237,-0.36792,0.90088,0.99005,0.5,-1.812,0.188,-0.1395,0.1603,-0.9475,0.2385
1782933185285,105832,0.17944,-0.36841,0.90161,0.99037,0.062,-1.625,0.312,-0.1397,0.1603,-0.9475,0.2385
1782933185286,105833,0.18921,-0.35962,0.91406,1.00032,-0.062,-0.188,-0.312,-0.1399,0.1604,-0.9474,0.2387
1782933185345,105892,0.18774,-0.38037,0.91064,1.00459,0.062,-0.062,-0.938,-0.14,0.1604,-0.9474,0.2386
1782933185346,105893,0.18359,-0.37378,0.90405,0.99535,0.562,-0.938,-0.688,-0.14,0.1603,-0.9474,0.2386
1782933185348,105895,0.18359,-0.37158,0.90527,0.99564,0.562,-1.562,-0.312,-0.1405,0.1601,-0.9473,0.2385
1782933185406,105953,0.18726,-0.37134,0.90552,0.99646,0.438,-1.375,-0.062,-0.1406,0.16,-0.9473,0.2386
1782933185407,105954,0.18408,-0.37329,0.90894,0.9997,0.812,-1.312,0.0,-0.1407,0.1599,-0.9473,0.2386
1782933185409,105956,0.18604,-0.36426,0.90918,0.99695,0.5,0.875,0.5,-0.1409,0.1596,-0.9473,0.2387
1782933185466,106013,0.18286,-0.37134,0.90259,0.99298,0.812,0.688,0.062,-0.1408,0.1596,-0.9473,0.2388
1782933185467,106014,0.18066,-0.36938,0.89697,0.98673,0.625,0.25,0.0,-0.1408,0.1596,-0.9473,0.2388
1782933185468,106015,0.18042,-0.37427,0.9104,1.00073,-1.125,1.875,0.0,-0.14,0.1602,-0.9474,0.2387
1782933185524,106071,0.1853,-0.37427,0.91187,1.00296,-1.188,1.75,0.0,-0.1399,0.1603,-0.9474,0.2387
1782933185525,106072,0.17822,-0.36963,0.90625,0.99483,-1.062,1.562,-0.125,-0.1397,0.1604,-0.9474,0.2386
1782933185526,106073,0.1814,-0.37329,0.91577,1.00543,0.25,-1.062,0.0,-0.1395,0.1606,-0.9474,0.2386
1782933185584,106131,0.17969,-0.36719,0.91455,1.00176,0.25,-2.0,0.125,-0.1397,0.1605,-0.9474,0.2387
1782933185584,106131,0.18408,-0.3811,0.9104,1.00397,0.25,-2.5,0.312,-0.1398,0.1605,-0.9473,0.2387
1782933185586,106133,0.18481,-0.36621,0.90063,0.98965,0.938,-0.5,-0.312,-0.1404,0.16,-0.9473,0.2388
1782933185643,106190,0.18408,-0.36963,0.9021,0.99212,0.688,-0.562,-0.438,-0.1404,0.16,-0.9473,0.2388
1782933185644,106191,0.18286,-0.3667,0.90063,0.98947,0.562,-0.5,-0.438,-0.1404,0.16,-0.9473,0.2388
1782933185645,106192,0.18115,-0.37866,0.9082,1.00051,-0.25,1.0,0.188,-0.14,0.1602,-0.9473,0.2388
1782933185704,106251,0.18701,-0.3667,0.90991,0.99869,-0.625,0.938,0.0,-0.14,0.1602,-0.9473,0.2388
1782933185705,106252,0.18384,-0.37109,0.90967,0.9995,-1.0,1.125,-0.125,-0.14,0.1603,-0.9473,0.2388
1782933185705,106252,0.18066,-0.3667,0.91113,0.99863,0.062,-0.688,0.0,-0.1398,0.1605,-0.9473,0.2387
1782933185766,106313,0.18213,-0.37817,0.91357,1.00538,0.312,-0.688,0.188,-0.1398,0.1604,-0.9473,0.2388
1782933185767,106314,0.18628,-0.37085,0.91187,1.00187,0.312,-0.938,0.25,-0.1399,0.1604,-0.9473,0.2388
1782933185768,106315,0.1814,-0.36646,0.89697,0.98578,0.062,-0.125,0.0,-0.14,0.1602,-0.9473,0.2389
1782933185826,106373,0.18066,-0.36621,0.89917,0.98755,0.0,0.5,-0.125,-0.14,0.1602,-0.9473,0.2389
1782933185827,106374,0.18091,-0.36816,0.90552,0.9941,0.062,0.625,-0.312,-0.1399,0.1602,-0.9473,0.2389
1782933185828,106375,0.18091,-0.36816,0.90552,0.9941,0.062,0.625,-0.312,-0.1399,0.1602,-0.9473,0.2389
1782933185883,106430,0.18091,-0.36816,0.90552,0.9941,0.062,0.625,-0.312,-0.1399,0.1602,-0.9473,0.2389
1782933185884,106431,0.18652,-0.37109,0.90918,0.99955,-0.625,0.375,0.25,-0.1397,0.1605,-0.9473,0.2389
1782933185886,106433,0.18311,-0.37158,0.91333,1.00288,0.688,-1.75,0.25,-0.1399,0.1603,-0.9473,0.239
1782933185944,106491,0.18506,-0.37939,0.90771,1.00106,1.25,-1.562,-0.188,-0.14,0.1603,-0.9473,0.239
1782933185945,106492,0.18604,-0.37061,0.90405,0.99462,1.062,-2.0,-0.312,-0.1401,0.1602,-0.9473,0.239
1782933185947,106494,0.18237,-0.36646,0.89819,0.98706,0.938,-1.25,-0.188,-0.1407,0.1597,-0.9473,0.2391
1782933186006,106553,0.1814,-0.36768,0.90259,0.99134,0.938,-0.5,-0.125,-0.1407,0.1597,-0.9473,0.2391
1782933186011,106558,0.18188,-0.36987,0.89893,0.98892,0.5,-0.875,-0.062,-0.1407,0.1596,-0.9473,0.2391
1782933186013,106560,0.18481,-0.37378,0.91016,1.00113,-1.188,1.125,-0.062,-0.1403,0.1599,-0.9473,0.2391
1782933186064,106611,0.18481,-0.37378,0.90796,0.99913,-1.188,1.625,-0.25,-0.1401,0.16,-0.9473,0.2391
1782933186066,106613,0.18408,-0.37207,0.90552,0.99614,-0.562,1.562,-0.562,-0.14,0.1601,-0.9473,0.239
1782933186068,106615,0.18408,-0.37207,0.90552,0.99614,-0.562,1.562,-0.562,-0.14,0.1601,-0.9473,0.239
1782933186124,106671,0.18408,-0.37207,0.90552,0.99614,-0.562,1.562,-0.562,-0.14,0.1601,-0.9473,0.239
1782933186126,106673,0.17578,-0.3689,0.90503,0.99301,0.312,-0.688,-0.562,-0.1397,0.1601,-0.9474,0.2388
1782933186127,106674,0.19165,-0.36646,0.90942,0.99903,0.938,-3.625,0.125,-0.1409,0.1597,-0.9474,0.2384
1782933186183,106730,0.19067,-0.37451,0.90356,0.99651,0.812,-3.0,0.0,-0.1411,0.1597,-0.9473,0.2385
1782933186184,106731,0.18994,-0.37183,0.90503,0.9967,0.938,-2.812,-0.312,-0.1412,0.1596,-0.9473,0.2385
1782933186184,106731,0.18311,-0.36646,0.89648,0.98565,-0.625,0.938,0.0,-0.1414,0.1594,-0.9473,0.2385
1782933186243,106790,0.18359,-0.36572,0.90234,0.99079,-1.0,1.312,0.188,-0.1413,0.1594,-0.9473,0.2385
1782933186244,106791,0.18457,-0.36768,0.9021,0.99148,-0.875,1.438,0.25,-0.1412,0.1595,-0.9473,0.2385
1782933186245,106792,0.18848,-0.37109,0.90942,1.00014,0.562,0.5,-0.188,-0.1408,0.1599,-0.9474,0.2385
1782933186303,106850,0.18335,-0.37183,0.90527,0.99568,0.375,0.062,-0.188,-0.1407,0.1599,-0.9474,0.2385
1782933186304,106851,0.1853,-0.37158,0.90698,0.99751,0.562,0.188,0.062,-0.1407,0.1598,-0.9474,0.2385
1782933186304,106851,0.1853,-0.37158,0.90698,0.99751,0.562,0.188,0.062,-0.1407,0.1598,-0.9474,0.2385
1782933186366,106913,0.1897,-0.36963,0.90259,0.99362,0.125,-3.062,0.062,-0.1416,0.1591,-0.9471,0.2396
1782933186367,106914,0.18872,-0.36914,0.90283,0.99347,0.188,-3.125,0.0,-0.1417,0.1591,-0.9471,0.2396
1782933186368,106915,0.18384,-0.36597,0.90186,0.9905,0.75,0.188,-0.375,-0.142,0.1588,-0.9471,0.2397
1782933186424,106971,0.18384,-0.36597,0.90186,0.9905,0.75,0.188,-0.375,-0.142,0.1588,-0.9471,0.2397
1782933186425,106972,0.18188,-0.36523,0.9021,0.99008,0.375,0.188,-0.25,-0.142,0.1587,-0.9471,0.2397
1782933186426,106973,0.18652,-0.36694,0.90283,0.99224,-0.062,1.312,0.25,-0.1417,0.1586,-0.9472,0.2397
1782933186483,107030,0.18481,-0.37109,0.89893,0.98992,-0.062,1.625,0.375,-0.1415,0.1587,-0.9472,0.2398
1782933186484,107031,0.18506,-0.3689,0.90308,0.99292,-0.062,1.625,0.062,-0.1414,0.1588,-0.9472,0.2397
1782933186484,107031,0.18237,-0.37134,0.9082,0.99799,-0.938,1.688,0.0,-0.1406,0.1594,-0.9472,0.2396
1782933186545,107092,0.18237,-0.37134,0.9082,0.99799,-0.938,1.688,0.0,-0.1406,0.1594,-0.9472,0.2396
1782933186546,107093,0.18457,-0.37622,0.90894,1.00089,-0.625,1.125,0.375,-0.1406,0.1595,-0.9472,0.2396
1782933186547,107094,0.18408,-0.3728,0.91187,1.00218,0.062,-1.75,-0.062,-0.1407,0.1595,-0.9472,0.2397
1782933186607,107154,0.18628,-0.36694,0.90137,0.99086,0.0,-1.375,0.0,-0.1409,0.1595,-0.9471,0.2398
1782933186611,107158,0.1875,-0.37134,0.90552,0.9965,0.125,-0.688,-0.125,-0.1409,0.1594,-0.9471,0.2398
1782933186612,107159,0.18237,-0.36816,0.90601,0.99481,0.562,-0.812,-0.438,-0.1411,0.1594,-0.9471,0.2397
1782933186666,107213,0.18237,-0.36816,0.90601,0.99481,0.562,-0.812,-0.438,-0.1411,0.1594,-0.9471,0.2397
1782933186667,107214,0.18091,-0.3623,0.90771,0.99395,0.375,-1.0,0.0,-0.1412,0.1593,-0.9471,0.2397
1782933186668,107215,0.18335,-0.3689,0.90137,0.99105,-0.375,0.312,-0.062,-0.1412,0.1592,-0.9471,0.2398
1782933186723,107270,0.18408,-0.36938,0.90527,0.99491,-0.625,0.0,0.188,-0.1412,0.1592,-0.9471,0.2398
1782933186725,107272,0.18652,-0.37085,0.90771,0.99813,-0.938,0.062,0.0,-0.1412,0.1593,-0.9471,0.2398
1782933186725,107272,0.18555,-0.36865,0.91626,1.00492,2.0,-2.688,-0.375,-0.1415,0.159,-0.9471,0.2398
1782933186785,107332,0.18604,-0.37598,0.90796,1.00018,2.062,-3.0,-0.375,-0.1416,0.1589,-0.9471,0.2398
1782933186787,107334,0.18726,-0.37183,0.90552,0.99664,2.062,-3.438,-0.188,-0.1417,0.1588,-0.9471,0.2399
1782933186788,107335,0.18652,-0.36157,0.87744,0.96717,1.938,-0.812,-0.375,-0.1421,0.1587,-0.9469,0.2403
1782933186845,107392,0.18652,-0.36157,0.87744,0.96717,1.938,-0.812,-0.375,-0.1421,0.1587,-0.9469,0.2403
1782933186847,107394,0.18335,-0.36548,0.89771,0.98645,0.0,1.562,-0.062,-0.142,0.1586,-0.9469,0.2403
1782933186847,107394,0.18335,-0.37378,0.90308,0.99443,-2.625,3.75,0.812,-0.1411,0.1594,-0.947,0.2401
1782933186912,107459,0.18506,-0.37061,0.90845,0.99844,-2.812,3.5,0.5,-0.1405,0.16,-0.9476,0.2374
1782933186913,107460,0.18286,-0.36768,0.90576,0.9945,-2.688,3.25,0.188,-0.1403,0.1602,-0.9476,0.2374
1782933186915,107462,0.1853,-0.36963,0.95312,1.03894,-0.938,0.0,0.25,-0.1393,0.1614,-0.948,0.2358
1782933186965,107512,0.1853,-0.36963,0.95312,1.03894,-0.938,0.0,0.25,-0.1393,0.1614,-0.948,0.2358
1782933186967,107514,0.18726,-0.38306,0.90405,0.99955,3.875,0.375,0.188,-0.1397,0.161,-0.9478,0.2368
1782933186968,107515,0.17627,-0.3689,0.90332,0.99154,0.938,-2.438,-0.5,-0.1403,0.1607,-0.9477,0.2369
1782933187026,107573,0.17627,-0.3689,0.90332,0.99154,0.938,-2.438,-0.5,-0.1403,0.1607,-0.9477,0.2369
1782933187083,107630,0.17773,-0.37207,0.90747,0.99676,0.688,-3.0,0.625,-0.1405,0.1605,-0.9477,0.2369
1782933187084,107631,0.18799,-0.37305,0.89917,0.99147,0.125,-0.438,0.0,-0.1411,0.16,-0.9476,0.2371
1782933187085,107632,0.18945,-0.36963,0.90405,0.9949,0.062,0.0,-0.188,-0.1411,0.16,-0.9476,0.2371
1782933187144,107691,0.18506,-0.37378,0.90723,0.99851,0.188,0.25,-0.188,-0.1411,0.16,-0.9476,0.2371
1782933187145,107692,0.18237,-0.3689,0.90576,0.99486,0.125,0.25,0.062,-0.1407,0.16,-0.9477,0.2371
1782933187146,107693,0.18286,-0.36914,0.90576,0.99504,-0.75,0.188,0.0,-0.1406,0.1601,-0.9476,0.2372
1782933187206,107753,0.18457,-0.36963,0.90405,0.99398,-0.75,0.25,0.062,-0.1406,0.1602,-0.9476,0.2372
1782933187209,107756,0.18555,-0.37329,0.90527,0.99664,-0.938,0.438,0.25,-0.1406,0.1603,-0.9476,0.2372
1782933187210,107757,0.18799,-0.37573,0.91333,1.00533,0.438,-0.188,0.125,-0.1406,0.1604,-0.9476,0.2373
1782933187266,107813,0.18799,-0.37573,0.91333,1.00533,0.438,-0.188,0.125,-0.1406,0.1604,-0.9476,0.2373
1782933187268,107815,0.18604,-0.37427,0.91089,1.0022,0.875,-0.625,-0.312,-0.1406,0.1603,-0.9476,0.2373
1782933187268,107815,0.18335,-0.37158,0.90625,0.99648,0.812,-0.188,-0.5,-0.1406,0.1598,-0.9477,0.2372
1782933187329,107876,0.18115,-0.36597,0.90356,0.99155,0.75,-0.25,-0.375,-0.1406,0.1597,-0.9477,0.2372
1782933187334,107881,0.18726,-0.36743,0.8999,0.98989,0.688,-0.25,-0.375,-0.1406,0.1597,-0.9478,0.2372
1782933187335,107882,0.18921,-0.3689,0.90137,0.99215,0.25,0.062,-0.062,-0.1405,0.1596,-0.9478,0.2372
1782933187384,107931,0.18701,-0.37231,0.9043,0.99566,0.062,0.75,-0.188,-0.1405,0.1596,-0.9478,0.2372
1782933187384,107931,0.1792,-0.37134,0.90845,0.99764,0.188,1.0,-0.188,-0.1405,0.1596,-0.9478,0.2372
1782933187385,107932,0.177,-0.37036,0.90991,0.99821,1.438,0.188,-0.062,-0.1404,0.1598,-0.9478,0.2373
1782933187445,107992,0.18262,-0.37476,0.89893,0.99089,1.562,-2.312,0.125,-0.1405,0.1597,-0.9478,0.2373
1782933187446,107993,0.19189,-0.36743,0.89111,0.9828,1.125,-0.938,-0.062,-0.1405,0.1596,-0.9478,0.2373
1782933187448,107995,0.18823,-0.36719,0.86694,0.96013,1.5,-0.125,-0.25,-0.1403,0.1597,-0.9478,0.2372
1782933187510,108057,0.17749,-0.35791,0.88281,0.969,-1.312,0.875,-0.438,-0.1402,0.1598,-0.9478,0.2372
1782933187513,108060,0.1814,-0.36133,0.91748,1.00261,-1.5,0.125,0.0,-0.1402,0.1598,-0.9478,0.2371
1782933187513,108060,0.18604,-0.36768,0.90356,0.99309,-0.562,-0.438,0.812,-0.1402,0.1599,-0.9478,0.2373
1782933187566,108113,0.19067,-0.3689,0.90747,0.99797,-0.75,-0.5,0.438,-0.1403,0.1599,-0.9478,0.2373
1782933187566,108113,0.19238,-0.37036,0.90698,0.99839,-0.25,-0.25,0.0,-0.1403,0.1599,-0.9478,0.2373
1782933187567,108114,0.18457,-0.37158,0.91016,1.00026,-0.812,1.5,-0.062,-0.14,0.1604,-0.9477,0.2373
1782933187627,108174,0.18066,-0.37061,0.90796,0.99719,-0.75,1.688,0.062,-0.1399,0.1605,-0.9477,0.2373
1782933187628,108175,0.18359,-0.36841,0.91016,0.99891,-0.75,1.062,0.125,-0.1398,0.1606,-0.9477,0.2372
1782933187631,108178,0.18091,-0.36987,0.90918,0.99807,0.0,-0.25,0.062,-0.1395,0.1608,-0.9477,0.2372
1782933187683,108230,0.18506,-0.37402,0.91333,1.00415,0.062,-0.625,0.0,-0.1395,0.1608,-0.9477,0.2372
1782933187684,108231,0.1814,-0.37524,0.91138,1.00216,0.25,-0.625,-0.188,-0.1395,0.1608,-0.9477,0.2372
1782933187686,108233,0.18677,-0.37378,0.90356,0.9955,1.125,-2.062,-0.062,-0.1401,0.1603,-0.9477,0.2374
1782933187745,108292,0.18213,-0.37354,0.90601,0.99677,1.25,-1.812,0.0,-0.1401,0.1602,-0.9477,0.2374
1782933187747,108294,0.18384,-0.36963,0.90747,0.99696,1.25,-2.188,-0.188,-0.1402,0.1602,-0.9477,0.2374
1782933187747,108294,0.18408,-0.37134,0.90088,0.99165,0.375,0.062,0.062,-0.1406,0.1596,-0.9477,0.2375
1782933187804,108351,0.18433,-0.36938,0.90283,0.99273,0.312,0.0,-0.125,-0.1406,0.1596,-0.9477,0.2375
1782933187805,108352,0.18481,-0.36719,0.90161,0.9909,0.062,0.5,-0.188,-0.1406,0.1596,-0.9477,0.2375
1782933187806,108353,0.18115,-0.36743,0.90747,0.99565,-0.875,1.625,-0.125,-0.14,0.1599,-0.9478,0.2374
1782933187865,108412,0.18506,-0.37061,0.90479,0.99511,-0.562,1.438,0.062,-0.14,0.16,-0.9478,0.2374
1782933187868,108415,0.18091,-0.37109,0.90405,0.99385,-0.688,1.438,0.125,-0.1399,0.16,-0.9478,0.2374
1782933187869,108416,0.18115,-0.37134,0.90308,0.99311,-1.062,0.0,0.062,-0.1397,0.1603,-0.9477,0.2374
1782933187926,108473,0.18408,-0.37061,0.90283,0.99315,-1.125,0.062,0.5,-0.1397,0.1604,-0.9477,0.2374
1782933187927,108474,0.18286,-0.37012,0.90112,0.99118,-1.125,0.0,0.438,-0.1397,0.1605,-0.9477,0.2374
1782933187929,108476,0.18286,-0.37012,0.90112,0.99118,-1.125,0.0,0.438,-0.1397,0.1605,-0.9477,0.2374
1782933187983,108530,0.18286,-0.37012,0.90112,0.99118,-1.125,0.0,0.438,-0.1397,0.1605,-0.9477,0.2374
1782933187987,108534,0.18555,-0.37354,0.91016,1.00118,-0.188,-0.625,0.0,-0.1398,0.1608,-0.9476,0.2375
1782933187989,108536,0.18481,-0.36694,0.90454,0.99347,0.938,-0.812,-0.312,-0.1402,0.1603,-0.9476,0.2376
1782933188047,108594,0.18579,-0.37476,0.9082,0.9999,0.938,-0.188,-0.312,-0.1402,0.1602,-0.9476,0.2376
1782933188048,108595,0.18237,-0.36914,0.90405,0.99339,0.938,-0.188,-0.375,-0.1402,0.1602,-0.9476,0.2376
1782933188049,108596,0.18237,-0.36914,0.90405,0.99339,0.938,-0.188,-0.375,-0.1402,0.1602,-0.9476,0.2376
1782933188110,108657,0.18237,-0.36914,0.90405,0.99339,0.938,-0.188,-0.375,-0.1402,0.1602,-0.9476,0.2376
1782933188111,108658,0.18164,-0.37329,0.90601,0.99659,1.0,0.0,-0.25,-0.14,0.16,-0.9477,0.2375
1782933188114,108661,0.18164,-0.37329,0.90601,0.99659,1.0,0.0,-0.25,-0.14,0.16,-0.9477,0.2375
1782933188165,108712,0.18457,-0.37134,0.90479,0.99529,0.0,-1.438,0.25,-0.1403,0.1596,-0.9477,0.2376
1782933188166,108713,0.1814,-0.37231,0.90576,0.99595,-0.25,-1.562,0.375,-0.1404,0.1596,-0.9477,0.2376
1782933188169,108716,0.1814,-0.37231,0.90576,0.99595,-0.25,-1.562,0.375,-0.1404,0.1596,-0.9477,0.2376
1782933188228,108775,0.18921,-0.37183,0.90552,0.99701,0.062,-1.375,0.188,-0.141,0.1596,-0.9475,0.2379
1782933188229,108776,0.18652,-0.36719,0.90405,0.99344,0.0,-0.938,0.0,-0.1411,0.1595,-0.9475,0.2379
1782933188231,108778,0.18652,-0.36719,0.90405,0.99344,0.0,-0.938,0.0,-0.1411,0.1595,-0.9475,0.2379
1782933188283,108830,0.18726,-0.36597,0.90503,0.99402,0.25,-0.188,0.0,-0.1411,0.1596,-0.9475,0.238
1782933188285,108832,0.18872,-0.36719,0.90625,0.99586,0.375,-0.062,0.125,-0.1411,0.1596,-0.9475,0.238
1782933188285,108832,0.18433,-0.37256,0.90796,0.99858,0.062,-0.812,0.062,-0.141,0.1596,-0.9475,0.238
1782933188346,108893,0.18896,-0.37061,0.90771,0.9985,0.0,-1.25,-0.062,-0.1411,0.1596,-0.9475,0.238
1782933188347,108894,0.18726,-0.36938,0.90894,0.99884,0.188,-1.062,0.125,-0.1411,0.1595,-0.9475,0.238
1782933188350,108897,0.18726,-0.37012,0.90308,0.99378,1.75,-1.938,0.0,-0.142,0.1588,-0.9474,0.2383
1782933188407,108954,0.18726,-0.37012,0.90308,0.99378,1.75,-1.938,0.0,-0.142,0.1588,-0.9474,0.2383
1782933188409,108956,0.18799,-0.36987,0.86816,0.96221,0.75,-2.5,0.0,-0.1421,0.1586,-0.9474,0.2384
1782933188411,108958,0.18042,-0.36353,0.91089,0.99721,-2.438,1.562,-0.312,-0.142,0.1586,-0.9474,0.2384
1782933188464,109011,0.18335,-0.37061,0.94263,1.02933,-1.062,2.562,0.562,-0.1419,0.1588,-0.9474,0.2384
1782933188464,109011,0.18848,-0.37744,0.94434,1.03429,0.062,-0.562,0.438,-0.1419,0.1588,-0.9474,0.2384
1782933188465,109012,0.19556,-0.37256,0.91577,1.00781,-1.312,1.938,0.938,-0.1418,0.1588,-0.9475,0.2384
1782933188529,109076,0.19556,-0.37256,0.91577,1.00781,-1.312,1.938,0.938,-0.1418,0.1588,-0.9475,0.2384
1782933188530,109077,0.19629,-0.37476,0.92456,1.01675,0.188,-0.812,-0.5,-0.1419,0.1588,-0.9475,0.2384
1782933188533,109080,0.19629,-0.37476,0.92456,1.01675,0.188,-0.812,-0.5,-0.1419,0.1588,-0.9475,0.2384
1782933188583,109130,0.18579,-0.36743,0.92432,1.01187,-0.562,2.812,-0.062,-0.1414,0.1588,-0.9475,0.2382
1782933188585,109132,0.17944,-0.37524,0.91992,1.00958,0.062,1.562,0.25,-0.1413,0.1589,-0.9475,0.2382
1782933188586,109133,0.19165,-0.36646,0.90771,0.99748,-0.688,0.125,0.125,-0.1409,0.1594,-0.9475,0.2382
1782933188645,109192,0.18066,-0.36353,0.90991,0.99636,-0.562,0.688,-0.312,-0.1408,0.1594,-0.9475,0.2381
1782933188646,109193,0.17578,-0.36768,0.90186,0.98967,-0.875,1.5,0.375,-0.1408,0.1595,-0.9475,0.2381
1782933188647,109194,0.18042,-0.37061,0.89722,0.98737,-2.062,0.312,0.562,-0.1408,0.1599,-0.9475,0.2382
1782933188710,109257,0.18042,-0.37061,0.89722,0.98737,-2.062,0.312,0.562,-0.1408,0.1599,-0.9475,0.2382
1782933188711,109258,0.18579,-0.37036,0.90845,0.99848,-2.312,0.625,0.938,-0.1408,0.1602,-0.9474,0.2382
1782933188712,109259,0.18823,-0.37598,0.9104,1.00281,-0.312,0.125,0.25,-0.141,0.1601,-0.9473,0.2384
1782933188766,109313,0.18774,-0.36646,0.92676,1.01411,-0.062,-0.625,-0.125,-0.141,0.1601,-0.9473,0.2384
1782933188767,109314,0.18872,-0.37524,0.92163,1.01283,1.312,-0.438,-0.188,-0.1411,0.1601,-0.9473,0.2384
1782933188768,109315,0.1897,-0.37036,0.91455,1.00477,-0.438,0.5,-0.062,-0.1407,0.1604,-0.9473,0.2384
1782933188829,109376,0.1897,-0.37036,0.91455,1.00477,-0.438,0.5,-0.062,-0.1407,0.1604,-0.9473,0.2384
1782933188831,109378,0.1814,-0.37524,0.89893,0.99085,1.312,-0.375,-0.312,-0.1407,0.1603,-0.9473,0.2384
1782933188834,109381,0.18433,-0.36914,0.90063,0.99064,0.812,-0.688,-0.188,-0.1406,0.1602,-0.9473,0.2384
1782933188883,109430,0.18433,-0.36914,0.90063,0.99064,0.812,-0.688,-0.188,-0.1406,0.1602,-0.9473,0.2384
1782933188884,109431,0.18091,-0.3728,0.90942,0.99938,0.438,-0.438,-0.062,-0.1407,0.1602,-0.9473,0.2384
1782933188885,109432,0.18262,-0.36987,0.90356,0.99326,0.625,0.0,0.0,-0.1408,0.1598,-0.9474,0.2384
1782933188945,109492,0.18262,-0.36987,0.90356,0.99326,0.625,0.0,0.0,-0.1408,0.1598,-0.9474,0.2384
1782933188947,109494,0.18286,-0.37061,0.90649,0.99625,0.438,-0.375,-0.125,-0.1408,0.1598,-0.9474,0.2384
1782933188948,109495,0.18384,-0.37085,0.90308,0.99342,0.375,-0.562,-0.188,-0.1409,0.1596,-0.9474,0.2385
1782933189007,109554,0.18384,-0.37085,0.90308,0.99342,0.375,-0.562,-0.188,-0.1409,0.1596,-0.9474,0.2385
1782933189010,109557,0.18262,-0.37134,0.90186,0.99227,0.25,-0.5,-0.188,-0.1409,0.1596,-0.9474,0.2385
1782933189013,109560,0.18359,-0.37134,0.9082,0.99821,-0.25,-0.438,0.188,-0.1409,0.1596,-0.9474,0.2385
1782933189065,109612,0.1875,-0.36865,0.90625,0.99617,-0.188,-0.375,0.188,-0.1409,0.1596,-0.9473,0.2385
1782933189066,109613,0.19019,-0.37109,0.90771,0.99891,0.0,-0.562,0.25,-0.1409,0.1597,-0.9473,0.2386
1782933189068,109615,0.1853,-0.36987,0.90332,0.99354,-0.188,-0.188,0.0,-0.141,0.1597,-0.9473,0.2387
1782933189129,109676,0.18164,-0.37061,0.90527,0.99492,-0.375,-0.188,0.062,-0.141,0.1597,-0.9473,0.2387
1782933189131,109678,0.18506,-0.36816,0.90381,0.99331,0.0,-0.5,0.188,-0.141,0.1597,-0.9473,0.2387
1782933189133,109680,0.18555,-0.36694,0.90649,0.99539,0.062,-0.938,-0.062,-0.1411,0.1598,-0.9472,0.2388
1782933189184,109731,0.18555,-0.37061,0.90796,0.99808,-0.188,-0.688,0.0,-0.1412,0.1598,-0.9472,0.2388
1782933189185,109732,0.18335,-0.37134,0.90796,0.99795,-0.125,-0.75,0.062,-0.1412,0.1598,-0.9472,0.2388
1782933189186,109733,0.18579,-0.37085,0.90552,0.996,0.5,-1.375,0.0,-0.1416,0.1596,-0.9472,0.239
1782933189245,109792,0.1875,-0.37012,0.90747,0.99782,0.812,-1.312,0.0,-0.1417,0.1594,-0.9472,0.239
1782933189246,109793,0.18799,-0.36597,0.90479,0.99394,0.812,-1.312,-0.125,-0.1418,0.1594,-0.9472,0.239
1782933189248,109795,0.1875,-0.36719,0.90088,0.99074,0.438,-0.25,-0.312,-0.1419,0.1591,-0.9472,0.239
1782933189307,109854,0.18701,-0.36719,0.9043,0.99376,0.438,0.0,-0.062,-0.1419,0.159,-0.9472,0.239
1782933189311,109858,0.18555,-0.36987,0.90723,0.99715,0.312,-0.562,-0.062,-0.1419,0.159,-0.9472,0.2391
1782933189313,109860,0.18677,-0.37158,0.90942,1.0,0.188,-0.5,0.125,-0.142,0.1589,-0.9472,0.2391
1782933189365,109912,0.18677,-0.37158,0.90942,1.0,0.188,-0.5,0.125,-0.142,0.1589,-0.9472,0.2391
1782933189366,109913,0.18774,-0.3667,0.91089,0.99972,0.188,-1.062,-0.062,-0.142,0.1589,-0.9472,0.2391
1782933189368,109915,0.19458,-0.36719,0.90088,0.99211,0.688,-0.562,0.375,-0.1422,0.159,-0.9471,0.2392
1782933189426,109973,0.19531,-0.36646,0.89014,0.98224,0.0,-0.625,-0.312,-0.1423,0.159,-0.9471,0.2392
1782933189428,109975,0.18774,-0.37036,0.90698,0.99751,0.0,-0.188,-0.438,-0.1423,0.159,-0.9471,0.2392
1782933189428,109975,0.18848,-0.35791,0.90039,0.98708,0.0,1.062,0.375,-0.1422,0.1591,-0.9471,0.2393
1782933189483,110030,0.18604,-0.37402,0.89795,0.99036,0.125,0.875,0.312,-0.1422,0.1591,-0.9471,0.2393
1782933189484,110031,0.18994,-0.37866,0.90039,0.99507,-0.625,0.625,0.062,-0.1422,0.1591,-0.9471,0.2393
1782933189485,110032,0.1897,-0.36816,0.90796,0.99796,-0.125,0.938,0.25,-0.1418,0.1595,-0.9471,0.2391
1782933189546,110093,0.19214,-0.36621,0.90747,0.99726,-0.25,0.938,0.062,-0.1418,0.1595,-0.9471,0.2391
1782933189547,110094,0.19458,-0.3689,0.90381,0.9954,-0.062,1.0,0.0,-0.1417,0.1596,-0.9471,0.2391
1782933189549,110096,0.18262,-0.36743,0.90625,0.99481,-0.875,1.938,-0.125,-0.1411,0.1597,-0.9472,0.239
1782933189606,110153,0.18359,-0.36841,0.9043,0.99357,-0.875,1.5,0.125,-0.1411,0.1598,-0.9472,0.239
1782933189610,110157,0.18457,-0.37109,0.90479,0.9952,-0.812,1.562,0.188,-0.141,0.1599,-0.9472,0.239
1782933189611,110158,0.18359,-0.37354,0.90723,0.99815,0.5,-0.125,-0.188,-0.1406,0.16,-0.9472,0.239
1782933189667,110214,0.18262,-0.37158,0.9043,0.99458,0.375,0.0,-0.125,-0.1406,0.16,-0.9473,0.239
1782933189669,110216,0.1853,-0.37183,0.90869,0.99916,0.5,-0.562,0.062,-0.1406,0.1599,-0.9473,0.239
1782933189673,110220,0.18579,-0.37012,0.90405,0.99439,0.375,-0.688,-0.188,-0.1407,0.1599,-0.9473,0.239
1782933189723,110270,0.18457,-0.36792,0.90723,0.99624,0.375,-0.562,-0.125,-0.1407,0.1598,-0.9473,0.239
1782933189724,110271,0.18335,-0.36768,0.90137,0.99059,0.375,-0.562,-0.25,-0.1408,0.1598,-0.9473,0.239
1782933189724,110271,0.18286,-0.37061,0.90186,0.99204,0.125,0.312,0.0,-0.1406,0.1597,-0.9473,0.2391
1782933189785,110332,0.18286,-0.36743,0.89917,0.98841,-0.062,0.375,-0.062,-0.1406,0.1597,-0.9473,0.2391
1782933189785,110332,0.18506,-0.3667,0.90552,0.99433,-0.125,0.438,0.188,-0.1406,0.1598,-0.9473,0.2391
1782933189786,110333,0.18506,-0.3667,0.90552,0.99433,-0.125,0.438,0.188,-0.1406,0.1598,-0.9473,0.2391
1782933189844,110391,0.18506,-0.3667,0.90552,0.99433,-0.125,0.438,0.188,-0.1406,0.1598,-0.9473,0.2391
1782933189846,110393,0.1853,-0.36914,0.91113,1.00038,-0.188,0.125,0.125,-0.1403,0.16,-0.9473,0.2391
1782933189847,110394,0.18481,-0.37207,0.90845,0.99894,0.062,-0.5,0.0,-0.1403,0.1602,-0.9472,0.2392
1782933189903,110450,0.1853,-0.36792,0.90674,0.99593,0.062,-0.938,0.188,-0.1404,0.1602,-0.9472,0.2392
1782933189906,110453,0.18457,-0.37134,0.90332,0.99395,0.062,-0.938,0.062,-0.1405,0.1602,-0.9472,0.2393
1782933189912,110459,0.18384,-0.37085,0.90649,0.99652,0.312,-1.438,0.0,-0.1409,0.16,-0.9471,0.2393
1782933189965,110512,0.18677,-0.37085,0.90649,0.99706,0.438,-1.5,0.062,-0.1409,0.1599,-0.9471,0.2393
1782933190023,110570,0.18823,-0.37207,0.90479,0.99625,0.438,-1.562,0.0,-0.141,0.1599,-0.9471,0.2394
1782933190024,110571,0.18823,-0.37207,0.90479,0.99625,0.438,-1.562,0.0,-0.141,0.1599,-0.9471,0.2394
1782933190025,110572,0.18823,-0.37036,0.90625,0.99694,0.438,-0.562,-0.125,-0.1414,0.1596,-0.9471,0.2395
1782933190083,110630,0.18677,-0.36792,0.90552,0.9951,0.188,-0.188,-0.25,-0.1414,0.1596,-0.9471,0.2395
1782933190084,110631,0.18408,-0.37134,0.90698,0.99719,-0.125,-0.062,0.0,-0.1412,0.1596,-0.9471,0.2395
1782933190084,110631,0.18408,-0.37134,0.90698,0.99719,-0.125,-0.062,0.0,-0.1412,0.1596,-0.9471,0.2395
1782933190145,110692,0.18408,-0.37134,0.90698,0.99719,-0.125,-0.062,0.0,-0.1412,0.1596,-0.9471,0.2395
1782933190146,110693,0.18823,-0.37158,0.90356,0.99495,0.062,-0.25,-0.062,-0.1412,0.1596,-0.9471,0.2396
1782933190146,110693,0.18823,-0.37158,0.90356,0.99495,0.062,-0.25,-0.062,-0.1412,0.1596,-0.9471,0.2396
1782933190205,110752,0.18579,-0.36914,0.90405,0.99403,0.062,0.562,-0.062,-0.1411,0.1596,-0.9471,0.2396
1782933190207,110754,0.18481,-0.36743,0.90576,0.99477,0.062,0.5,-0.125,-0.141,0.1596,-0.9471,0.2396
1782933190210,110757,0.18481,-0.36743,0.90576,0.99477,0.062,0.5,-0.125,-0.141,0.1596,-0.9471,0.2396
1782933190262,110809,0.18555,-0.36914,0.90454,0.99443,0.062,0.125,0.125,-0.1406,0.1596,-0.9472,0.2396
1782933190263,110810,0.18262,-0.36963,0.90747,0.99673,-0.125,0.0,0.0,-0.1406,0.1596,-0.9472,0.2396
1782933190264,110811,0.18262,-0.36963,0.90747,0.99673,-0.125,0.0,0.0,-0.1406,0.1596,-0.9472,0.2396
1782933190325,110872,0.18555,-0.37085,0.90479,0.99529,-0.25,0.375,-0.062,-0.1403,0.1599,-0.9472,0.2396
1782933190326,110873,0.18872,-0.37158,0.90356,0.99504,-0.25,0.625,0.0,-0.1403,0.1599,-0.9472,0.2396
1782933190328,110875,0.18286,-0.37012,0.90576,0.9954,-0.312,0.188,0.25,-0.1401,0.1601,-0.9472,0.2396
1782933190383,110930,0.18286,-0.37012,0.90576,0.9954,-0.312,0.188,0.25,-0.1401,0.1601,-0.9472,0.2396
1782933190386,110933,0.18481,-0.37183,0.90869,0.99906,-0.188,0.0,0.125,-0.1401,0.1601,-0.9472,0.2396
1782933190386,110933,0.18481,-0.37183,0.90869,0.99906,-0.188,0.0,0.125,-0.1401,0.1601,-0.9472,0.2396
1782933190445,110992,0.18286,-0.37134,0.90356,0.99386,0.188,-0.125,-0.062,-0.1401,0.1601,-0.9471,0.2397
1782933190446,110993,0.18481,-0.3728,0.90649,0.99743,0.188,-0.188,0.0,-0.1401,0.1601,-0.9471,0.2397
1782933190447,110994,0.18481,-0.3728,0.90649,0.99743,0.188,-0.188,0.0,-0.1401,0.1601,-0.9471,0.2397
1782933190518,111065,0.18286,-0.37256,0.90576,0.99631,0.125,-0.125,0.062,-0.1401,0.1601,-0.9471,0.2398
1782933190530,111077,0.1897,-0.37158,0.90601,0.99745,0.062,0.0,-0.062,-0.1401,0.1601,-0.9471,0.2398
1782933190531,111078,0.18408,-0.36865,0.90796,0.99709,0.125,-0.25,0.0,-0.14,0.16,-0.9472,0.2398
1782933190576,111123,0.18408,-0.36865,0.90796,0.99709,0.125,-0.25,0.0,-0.14,0.16,-0.9472,0.2398
1782933190582,111129,0.18604,-0.36914,0.90503,0.99496,0.062,-0.188,-0.062,-0.1401,0.16,-0.9472,0.2398
1782933190583,111130,0.18213,-0.37354,0.90942,0.99987,0.062,-0.312,0.0,-0.1401,0.16,-0.9472,0.2398
1782933190630,111177,0.18408,-0.36694,0.90527,0.994,0.062,-0.188,0.0,-0.1401,0.16,-0.9471,0.2398
1782933190632,111179,0.18677,-0.36914,0.90552,0.99555,0.25,-0.312,-0.125,-0.1401,0.16,-0.9472,0.2398
1782933190648,111195,0.18481,-0.36768,0.90894,0.99776,0.062,-0.312,0.062,-0.1401,0.1599,-0.9471,0.2399
1782933190691,111238,0.18677,-0.37012,0.90552,0.99591,0.0,-0.062,0.0,-0.1401,0.1599,-0.9471,0.2399
1782933190692,111239,0.18335,-0.36914,0.9043,0.9938,0.062,-0.125,0.062,-0.1401,0.1599,-0.9471,0.2399
1782933190693,111240,0.18652,-0.37012,0.90625,0.99653,0.062,0.0,-0.188,-0.1401,0.1599,-0.9471,0.2399
1782933190761,111308,0.18652,-0.37012,0.90625,0.99653,0.062,0.0,-0.188,-0.1401,0.1599,-0.9471,0.2399
1782933190818,111365,0.18848,-0.37036,0.90039,0.99166,0.0,0.0,0.0,-0.1401,0.1599,-0.9471,0.2399
1782933190828,111375,0.18628,-0.37036,0.90332,0.99391,0.125,-0.312,-0.125,-0.1401,0.1599,-0.9471,0.2399
1782933190830,111377,0.18481,-0.37085,0.9043,0.99471,0.0,-0.375,0.0,-0.1401,0.1599,-0.9471,0.2399
1782933190868,111415,0.18848,-0.37109,0.90625,0.99726,0.25,-0.062,-0.062,-0.1401,0.1599,-0.9471,0.2399
1782933190869,111416,0.18164,-0.37085,0.90674,0.99634,0.062,-0.5,0.0,-0.14,0.1599,-0.9471,0.24
1782933190872,111419,0.18237,-0.36865,0.90454,0.99366,0.188,-0.125,-0.062,-0.1401,0.1598,-0.9471,0.2401
1782933190926,111473,0.18579,-0.37061,0.90259,0.99325,0.125,-0.188,-0.062,-0.1401,0.1598,-0.9471,0.2401
1782933190930,111477,0.18628,-0.3689,0.90698,0.99669,0.25,-0.125,0.125,-0.1401,0.1598,-0.9471,0.2401
1782933190936,111483,0.18677,-0.36914,0.9104,0.99999,0.188,-0.062,-0.062,-0.14,0.1598,-0.9471,0.2401
1782933190995,111542,0.18286,-0.37231,0.91211,1.002,0.062,0.0,-0.062,-0.14,0.1598,-0.9471,0.2401
1782933191000,111547,0.18652,-0.37036,0.90894,0.99906,0.312,0.062,0.0,-0.14,0.1598,-0.9471,0.2401
1782933191001,111548,0.18799,-0.37036,0.90869,0.99911,0.062,-0.125,0.125,-0.14,0.1597,-0.9471,0.2401
1782933191064,111611,0.18799,-0.37036,0.90869,0.99911,0.062,-0.125,0.125,-0.14,0.1597,-0.9471,0.2401
1782933191076,111623,0.18384,-0.36719,0.90869,0.99717,0.062,-0.188,-0.062,-0.14,0.1597,-0.9471,0.2401
1782933191076,111623,0.18384,-0.36914,0.90576,0.99522,0.125,-0.125,0.062,-0.14,0.1597,-0.9471,0.2401
1782933191117,111664,0.18555,-0.36938,0.90747,0.99718,0.062,-0.562,0.0,-0.14,0.1597,-0.9471,0.2402
1782933191118,111665,0.18408,-0.36963,0.90381,0.99367,-0.062,-0.375,0.0,-0.14,0.1597,-0.9471,0.2402
1782933191129,111676,0.18604,-0.36987,0.90625,0.99635,-0.312,0.0,0.0,-0.14,0.1599,-0.947,0.2402
1782933191173,111720,0.18628,-0.36865,0.91211,1.00127,-0.062,-0.188,0.062,-0.14,0.1599,-0.947,0.2402
1782933191179,111726,0.18872,-0.37134,0.90601,0.99718,-0.062,0.125,0.25,-0.14,0.1599,-0.947,0.2402
1782933191181,111728,0.18677,-0.36768,0.90698,0.99634,0.062,-0.062,-0.062,-0.14,0.1599,-0.947,0.2403
1782933191234,111781,0.18652,-0.3667,0.90698,0.99593,0.188,-0.188,0.0,-0.14,0.1598,-0.947,0.2403
1782933191242,111789,0.18628,-0.36963,0.90454,0.99475,0.062,-0.312,0.0,-0.14,0.1598,-0.947,0.2403
1782933191243,111790,0.18701,-0.37378,0.90381,0.99577,0.438,0.0,0.062,-0.14,0.1598,-0.947,0.2403
1782933191284,111831,0.18701,-0.37378,0.90381,0.99577,0.438,0.0,0.062,-0.14,0.1598,-0.947,0.2403
1782933191293,111840,0.1875,-0.3689,0.90625,0.99626,0.062,0.0,-0.125,-0.14,0.1598,-0.947,0.2403
1782933191300,111847,0.1875,-0.3689,0.90625,0.99626,0.062,0.0,-0.125,-0.14,0.1598,-0.947,0.2403
1782933191351,111898,0.18506,-0.3667,0.90454,0.99343,0.062,0.188,0.062,-0.1399,0.1598,-0.947,0.2404
1782933191352,111899,0.18555,-0.36621,0.9043,0.99312,-0.188,-0.312,0.0,-0.1399,0.1598,-0.947,0.2404
1782933191372,111919,0.18555,-0.36621,0.9043,0.99312,-0.188,-0.312,0.0,-0.1399,0.1598,-0.947,0.2404
1782933191416,111963,0.18188,-0.36987,0.90576,0.99513,-0.5,0.0,0.188,-0.1398,0.1599,-0.947,0.2404
1782933191419,111966,0.18359,-0.36987,0.90649,0.99611,-0.375,0.188,0.062,-0.1398,0.16,-0.947,0.2404
1782933191428,111975,0.18384,-0.37109,0.90576,0.99594,-0.062,-0.188,0.0,-0.1397,0.1601,-0.947,0.2404
1782933191467,112014,0.18335,-0.36938,0.90454,0.99411,0.0,-0.062,0.125,-0.1397,0.1601,-0.947,0.2404
1782933191468,112015,0.18433,-0.37061,0.90308,0.99342,-0.125,-0.062,0.062,-0.1397,0.1601,-0.947,0.2404
1782933191469,112016,0.18506,-0.36792,0.90894,0.99789,0.062,-0.375,-0.25,-0.1397,0.1601,-0.947,0.2405
1782933191529,112076,0.18677,-0.36914,0.91064,1.00021,0.312,-0.375,-0.062,-0.1397,0.1601,-0.947,0.2405
1782933191532,112079,0.18579,-0.37109,0.90771,0.99808,0.062,-0.188,0.0,-0.1397,0.1601,-0.947,0.2405
1782933191533,112080,0.18286,-0.36865,0.9082,0.99708,0.062,0.0,0.062,-0.1397,0.16,-0.947,0.2405
1782933191585,112132,0.1853,-0.37085,0.90454,0.99502,-0.062,-0.125,0.125,-0.1397,0.16,-0.947,0.2405
1782933191586,112133,0.18506,-0.37061,0.90625,0.99644,0.062,0.0,-0.188,-0.1397,0.16,-0.947,0.2405
1782933191588,112135,0.18164,-0.37183,0.90552,0.9956,0.188,-0.5,0.062,-0.1396,0.1601,-0.947,0.2406
1782933191650,112197,0.18994,-0.36816,0.90698,0.99711,0.0,-0.188,0.125,-0.1397,0.16,-0.947,0.2406
1782933191659,112206,0.18384,-0.36963,0.90723,0.99674,0.062,-0.438,0.0,-0.1397,0.16,-0.947,0.2406
1782933191661,112208,0.18188,-0.36963,0.90845,0.99749,0.062,-0.062,0.0,-0.1397,0.1601,-0.947,0.2407
1782933191706,112253,0.18555,-0.36841,0.90479,0.99438,0.062,0.062,0.25,-0.1397,0.1601,-0.947,0.2407
1782933191712,112259,0.1897,-0.37158,0.90723,0.99856,0.062,-0.125,0.0,-0.1397,0.1601,-0.9469,0.2407
1782933191713,112260,0.18506,-0.36987,0.90601,0.99594,0.688,0.0,-0.125,-0.1397,0.16,-0.947,0.2407
1782933191768,112315,0.18604,-0.3689,0.90503,0.99488,0.375,-0.062,-0.188,-0.1397,0.16,-0.947,0.2407
1782933191770,112317,0.18066,-0.37061,0.90576,0.99518,0.625,-0.188,-0.125,-0.1397,0.1599,-0.947,0.2407
1782933191774,112321,0.18115,-0.3667,0.90674,0.99472,0.062,-0.625,0.125,-0.1397,0.1598,-0.947,0.2407
1782933191834,112381,0.18555,-0.37085,0.90649,0.99684,0.062,-0.562,0.188,-0.1397,0.1598,-0.947,0.2407
1782933191836,112383,0.18628,-0.36865,0.90356,0.99349,0.062,-0.625,0.125,-0.1397,0.1598,-0.947,0.2407
1782933191859,112406,0.18628,-0.36865,0.90356,0.99349,0.062,-0.625,0.125,-0.1397,0.1598,-0.947,0.2407
1782933191896,112443,0.18628,-0.36865,0.90356,0.99349,0.062,-0.625,0.125,-0.1397,0.1598,-0.947,0.2407
1782933191901,112448,0.18384,-0.36987,0.90747,0.99705,-0.375,0.438,0.312,-0.1397,0.1599,-0.9469,0.2409
1782933191911,112458,0.18384,-0.36987,0.90747,0.99705,-0.375,0.438,0.312,-0.1397,0.1599,-0.9469,0.2409
1782933191946,112493,0.18726,-0.36987,0.90869,0.99879,0.062,0.062,0.0,-0.1395,0.1602,-0.9469,0.2408
1782933191948,112495,0.18555,-0.36914,0.90771,0.99731,0.062,0.062,0.0,-0.1395,0.1602,-0.9469,0.2409
1782933191955,112502,0.18555,-0.36914,0.90771,0.99731,0.062,0.062,0.0,-0.1395,0.1602,-0.9469,0.2409
1782933192016,112563,0.18726,-0.36963,0.90454,0.99493,-0.25,-0.125,0.312,-0.1395,0.1602,-0.9469,0.2409
1782933192020,112567,0.18604,-0.37036,0.90918,0.99919,-0.312,-0.375,0.0,-0.1395,0.1602,-0.9469,0.2409
1782933192033,112580,0.18604,-0.37036,0.90918,0.99919,-0.312,-0.375,0.0,-0.1395,0.1602,-0.9469,0.2409
1782933192066,112613,0.18481,-0.37109,0.90503,0.99546,0.062,0.0,0.0,-0.1395,0.16,-0.9469,0.2409
1782933192071,112618,0.18335,-0.36841,0.90283,0.99219,0.0,-0.125,-0.125,-0.1395,0.16,-0.9469,0.2409
1782933192099,112646,0.18335,-0.36841,0.90283,0.99219,0.0,-0.125,-0.125,-0.1395,0.16,-0.9469,0.2409
1782933192270,112817,0.18335,-0.36841,0.90283,0.99219,0.0,-0.125,-0.125,-0.1395,0.16,-0.9469,0.2409
1782933192277,112824,0.18506,-0.36914,0.90601,0.99567,0.438,-0.188,0.0,-0.1395,0.16,-0.9469,0.241
1782933192277,112824,0.18457,-0.36938,0.90649,0.99611,-0.125,0.312,0.0,-0.1395,0.16,-0.9469,0.241
1782933192278,112825,0.18457,-0.36938,0.90649,0.99611,-0.125,0.312,0.0,-0.1395,0.16,-0.9469,0.241
1782933192278,112825,0.18359,-0.37036,0.90918,0.99874,0.0,0.312,0.0,-0.1395,0.16,-0.9469,0.241
1782933192278,112825,0.18359,-0.37036,0.90918,0.99874,0.0,0.312,0.0,-0.1395,0.16,-0.9469,0.241
1782933192279,112826,0.18408,-0.36987,0.90283,0.99287,-0.062,-0.438,0.062,-0.1395,0.16,-0.9469,0.2411
1782933192279,112826,0.18286,-0.36621,0.90625,0.9944,0.062,-0.125,0.125,-0.1395,0.16,-0.9468,0.2411
1782933192280,112827,0.18433,-0.37158,0.90771,0.99799,0.0,-0.062,0.062,-0.1395,0.1601,-0.9468,0.2412
1782933192307,112854,0.18677,-0.37207,0.90674,0.99775,0.0,-0.312,-0.062,-0.1395,0.1601,-0.9468,0.2412
1782933192308,112855,0.18457,-0.36792,0.90918,0.99802,0.062,-0.125,0.0,-0.1395,0.1601,-0.9468,0.2412
1782933192310,112857,0.18237,-0.37036,0.90649,0.99607,-0.188,0.25,0.0,-0.1394,0.1601,-0.9468,0.2412
1782933192365,112912,0.1814,-0.37085,0.90601,0.99564,-0.062,0.188,0.0,-0.1394,0.1601,-0.9468,0.2412
1782933192366,112913,0.18555,-0.36914,0.90723,0.99687,0.0,0.062,0.062,-0.1394,0.1601,-0.9468,0.2412
1782933192367,112914,0.18555,-0.36914,0.90723,0.99687,0.0,0.062,0.062,-0.1394,0.1601,-0.9468,0.2412
1782933192431,112978,0.18408,-0.3689,0.90308,0.99274,0.062,-0.375,0.125,-0.1393,0.1601,-0.9468,0.2412
1782933192434,112981,0.18506,-0.36963,0.9082,0.99785,0.188,-0.375,0.125,-0.1394,0.1601,-0.9468,0.2412
1782933192447,112994,0.1875,-0.36597,0.90625,0.99518,0.125,-0.375,0.0,-0.1394,0.1601,-0.9468,0.2413
1782933192482,113029,0.18555,-0.37061,0.90698,0.99719,0.125,-0.188,-0.062,-0.1395,0.16,-0.9468,0.2413
1782933192482,113029,0.18359,-0.36938,0.9021,0.99193,0.062,-0.312,-0.062,-0.1395,0.16,-0.9468,0.2413
1782933192483,113030,0.18945,-0.37109,0.90601,0.99722,0.0,0.125,-0.062,-0.1394,0.16,-0.9468,0.2413
1782933192563,113110,0.18945,-0.37109,0.90601,0.99722,0.0,0.125,-0.062,-0.1394,0.16,-0.9468,0.2413
1782933192572,113119,0.18506,-0.37183,0.90747,0.998,0.062,0.312,0.0,-0.1394,0.16,-0.9468,0.2413
1782933192572,113119,0.18506,-0.36768,0.90723,0.99624,-0.062,-0.062,0.0,-0.1393,0.16,-0.9468,0.2413
1782933192666,113213,0.18506,-0.36768,0.90723,0.99624,-0.062,-0.062,0.0,-0.1393,0.16,-0.9468,0.2413
1782933192667,113214,0.18457,-0.37183,0.90503,0.99569,0.125,-0.312,0.0,-0.1393,0.16,-0.9468,0.2413
1782933192679,113226,0.18408,-0.36914,0.90356,0.99326,0.062,-0.188,0.0,-0.1394,0.16,-0.9468,0.2414
1782933192680,113227,0.18408,-0.36914,0.90356,0.99326,0.062,-0.188,0.0,-0.1394,0.16,-0.9468,0.2414
1782933192680,113227,0.18359,-0.36768,0.90552,0.99441,0.0,0.0,0.0,-0.1394,0.16,-0.9468,0.2414
1782933192681,113228,0.18481,-0.37109,0.90698,0.99723,-0.062,0.0,0.062,-0.1393,0.1602,-0.9468,0.2415
1782933192733,113280,0.18481,-0.37109,0.90698,0.99723,-0.062,0.0,0.062,-0.1393,0.1602,-0.9468,0.2415
1782933192751,113298,0.18335,-0.36865,0.90967,0.99851,0.062,0.125,-0.062,-0.1393,0.1602,-0.9468,0.2415
1782933192761,113308,0.18335,-0.36865,0.90967,0.99851,0.062,0.125,-0.062,-0.1393,0.1602,-0.9468,0.2415
1782933192814,113361,0.18579,-0.36865,0.90601,0.99563,0.062,0.0,0.0,-0.1393,0.1602,-0.9468,0.2415
1782933192816,113363,0.18213,-0.36719,0.90405,0.99263,0.062,-0.188,0.062,-0.1393,0.1602,-0.9468,0.2415
1782933192818,113365,0.18384,-0.37085,0.90454,0.99475,0.062,-0.125,0.0,-0.1392,0.1603,-0.9467,0.2416
1782933192862,113409,0.18384,-0.37085,0.90454,0.99475,0.062,-0.125,0.0,-0.1392,0.1603,-0.9467,0.2416
1782933192864,113411,0.18286,-0.37012,0.90991,0.99918,0.25,0.0,-0.125,-0.1392,0.1603,-0.9467,0.2416
1782933192875,113422,0.18604,-0.36987,0.90356,0.9939,0.188,-0.312,-0.25,-0.1393,0.1602,-0.9467,0.2416
1782933192913,113460,0.18115,-0.37061,0.90625,0.99572,0.062,-0.312,0.0,-0.1393,0.1602,-0.9467,0.2416
1782933192968,113515,0.18481,-0.37109,0.9043,0.9948,0.062,-0.25,0.0,-0.1393,0.1602,-0.9467,0.2416
1782933192973,113520,0.18408,-0.37329,0.90332,0.99459,-0.188,-0.125,0.062,-0.1394,0.1602,-0.9467,0.2416
1782933192974,113521,0.18506,-0.36768,0.90356,0.9929,0.0,0.125,0.062,-0.1393,0.1602,-0.9467,0.2417
1782933193034,113581,0.18335,-0.37231,0.90259,0.99343,-0.188,0.062,0.0,-0.1393,0.1602,-0.9467,0.2417
1782933193051,113598,0.18433,-0.37109,0.90674,0.99693,-0.25,-0.188,0.125,-0.1392,0.1605,-0.9467,0.2417
1782933193065,113612,0.18384,-0.37183,0.90332,0.994,0.062,-0.25,-0.125,-0.1394,0.1605,-0.9466,0.2418
1782933193085,113632,0.18164,-0.36816,0.90698,0.99556,0.188,-0.438,-0.125,-0.1395,0.1605,-0.9466,0.2418
1782933193097,113644,0.18604,-0.37207,0.90454,0.99561,0.25,-0.25,0.0,-0.1395,0.1605,-0.9466,0.2418
1782933193116,113663,0.18457,-0.37085,0.90942,0.99932,0.312,0.0,0.0,-0.1395,0.1605,-0.9466,0.2418
1782933193148,113695,0.18408,-0.36938,0.9082,0.99757,0.188,-0.125,-0.188,-0.1395,0.1605,-0.9466,0.2418
1782933193172,113719,0.18335,-0.37109,0.90552,0.99564,0.375,0.125,-0.125,-0.1395,0.1604,-0.9466,0.2418
1782933193174,113721,0.18579,-0.37158,0.90259,0.99361,-0.062,-0.125,0.0,-0.1395,0.1603,-0.9466,0.2418
1782933193218,113765,0.1853,-0.37012,0.90063,0.99119,-0.25,-0.125,0.0,-0.1395,0.1603,-0.9466,0.2418
1782933193233,113780,0.18359,-0.37085,0.90649,0.99647,-0.125,0.125,0.0,-0.1395,0.1603,-0.9466,0.2418
1782933193246,113793,0.18311,-0.37061,0.90625,0.99608,0.25,0.312,-0.25,-0.1394,0.1604,-0.9466,0.2419
1782933193268,113815,0.18311,-0.37134,0.90527,0.99546,0.062,0.25,0.0,-0.1394,0.1604,-0.9466,0.2418
1782933193274,113821,0.18018,-0.37061,0.89941,0.98932,-0.125,0.188,0.0,-0.1394,0.1604,-0.9466,0.2419
1782933193301,113848,0.18628,-0.37402,0.91357,1.00459,0.125,-0.875,0.062,-0.1395,0.1605,-0.9466,0.242
1782933193334,113881,0.18701,-0.37134,0.91504,1.00507,0.625,-1.562,-0.062,-0.1395,0.1604,-0.9466,0.242
1782933193365,113912,0.18823,-0.37256,0.90869,0.99997,0.75,-1.062,-0.25,-0.1396,0.1603,-0.9466,0.242
1782933193368,113915,0.17944,-0.36426,0.90332,0.99039,0.312,-0.312,0.062,-0.14,0.1599,-0.9466,0.2421
1782933193383,113930,0.18091,-0.36816,0.90063,0.98965,0.0,-0.812,0.125,-0.14,0.1599,-0.9466,0.2421
1782933193384,113931,0.1853,-0.37085,0.90234,0.99302,-0.125,-0.188,0.25,-0.14,0.1599,-0.9465,0.2421
1782933193389,113936,0.18457,-0.36914,0.90967,0.99891,0.062,-0.062,-0.062,-0.1401,0.16,-0.9465,0.2421
1782933193458,114005,0.18457,-0.36914,0.90967,0.99891,0.062,-0.062,-0.062,-0.1401,0.16,-0.9465,0.2421
1782933193524,114071,0.18359,-0.37207,0.90869,0.99893,0.062,-0.125,-0.125,-0.1401,0.16,-0.9465,0.2421
1782933193570,114117,0.18604,-0.375,0.90747,0.99937,0.062,-0.438,-0.062,-0.1402,0.1599,-0.9465,0.2422
1782933193570,114117,0.18604,-0.3689,0.90845,0.99799,0.312,-0.375,0.062,-0.1402,0.1599,-0.9465,0.2422
1782933193592,114139,0.18628,-0.36694,0.90649,0.99552,0.375,-0.75,0.0,-0.1403,0.1598,-0.9465,0.2422
1782933193593,114140,0.18604,-0.37158,0.91016,1.00054,0.75,-0.812,-0.125,-0.1405,0.1596,-0.9465,0.2423
1782933193594,114141,0.18213,-0.37207,0.90771,0.99777,0.562,0.875,-0.125,-0.1402,0.1591,-0.9467,0.2421
1782933193645,114192,0.18408,-0.36792,0.89966,0.98926,0.25,0.25,-0.438,-0.1402,0.1591,-0.9467,0.2421
1782933193646,114193,0.18188,-0.36572,0.90771,0.99537,0.0,0.125,-0.188,-0.1401,0.1591,-0.9467,0.2421
1782933193647,114194,0.1582,-0.3623,0.92212,1.00329,-0.75,-0.688,0.312,-0.1402,0.1591,-0.9467,0.2421
1782933193717,114264,0.19092,-0.37012,0.88892,0.98164,0.062,-4.875,0.75,-0.1405,0.1591,-0.9466,0.2422
1782933193724,114271,0.19971,-0.37598,0.92065,1.01432,0.062,-2.75,1.0,-0.1405,0.1591,-0.9465,0.2423
1782933193732,114279,0.19458,-0.36865,0.90088,0.99265,0.0,-0.25,0.25,-0.1408,0.159,-0.9465,0.2423
1782933193792,114339,0.19116,-0.37085,0.90552,0.99701,-0.25,0.438,-0.312,-0.1408,0.159,-0.9465,0.2423
1782933193814,114361,0.1853,-0.37085,0.90942,0.99946,-0.25,0.438,-0.188,-0.1408,0.159,-0.9465,0.2423
1782933193872,114419,0.18726,-0.36865,0.90503,0.99501,0.0,0.125,0.0,-0.1406,0.1591,-0.9465,0.2424
1782933193881,114428,0.18945,-0.37476,0.90649,0.99903,0.0,0.062,-0.125,-0.1406,0.1591,-0.9465,0.2423
1782933193882,114429,0.18774,-0.36865,0.90771,0.99754,0.062,0.5,-0.25,-0.1406,0.1591,-0.9465,0.2423
1782933193882,114429,0.18628,-0.36572,0.90601,0.99464,0.375,0.312,0.0,-0.1403,0.1591,-0.9466,0.2423
1782933193882,114429,0.18799,-0.36694,0.90454,0.99407,0.438,0.25,0.0,-0.1403,0.159,-0.9466,0.2423
1782933193883,114430,0.18457,-0.38574,0.92114,1.01556,0.25,-1.625,0.188,-0.1398,0.1597,-0.9466,0.2422
1782933193966,114513,0.18896,-0.37622,0.91113,1.0037,0.562,-1.125,0.062,-0.1399,0.1596,-0.9466,0.2422
1782933193967,114514,0.19092,-0.36792,0.90015,0.991,1.062,-0.312,0.0,-0.1399,0.1596,-0.9466,0.2422
1782933193967,114514,0.17505,-0.36792,0.90479,0.9923,-0.375,0.938,-0.438,-0.1398,0.1596,-0.9466,0.2422
1782933193998,114545,0.17725,-0.36743,0.90161,0.98961,-0.625,0.75,0.188,-0.1397,0.1597,-0.9466,0.2421
1782933194003,114550,0.17871,-0.36914,0.90381,0.99251,-0.812,0.5,0.688,-0.1397,0.1597,-0.9466,0.2422
1782933194018,114565,0.18652,-0.36768,0.90332,0.99296,-1.188,1.375,0.375,-0.1394,0.1603,-0.9465,0.2422
1782933194083,114630,0.18896,-0.37158,0.90747,0.99864,-1.188,1.062,0.312,-0.1394,0.1604,-0.9465,0.2422
1782933194098,114645,0.18262,-0.36572,0.90991,0.99752,-1.062,1.25,0.125,-0.1393,0.1605,-0.9465,0.2422
1782933194113,114660,0.18066,-0.37061,0.91016,0.99919,-0.062,0.312,-0.062,-0.139,0.1608,-0.9465,0.2422
1782933194115,114662,0.18481,-0.37085,0.91089,1.0007,-0.125,0.188,0.0,-0.139,0.1608,-0.9465,0.2422
1782933194126,114673,0.18188,-0.37305,0.91064,1.00076,0.0,-0.062,-0.062,-0.139,0.1608,-0.9465,0.2422
1782933194134,114681,0.18579,-0.37085,0.9082,0.99844,1.25,-1.562,-0.25,-0.1392,0.1604,-0.9465,0.2423
1782933194178,114725,0.18335,-0.37305,0.90771,0.99836,1.875,-1.688,-0.375,-0.1393,0.1602,-0.9465,0.2423
1782933194178,114725,0.18555,-0.37256,0.9104,1.00103,2.125,-1.25,-0.5,-0.1394,0.1602,-0.9466,0.2423
1782933194215,114762,0.18555,-0.37256,0.9104,1.00103,2.125,-1.25,-0.5,-0.1394,0.1602,-0.9466,0.2423
1782933194248,114795,0.18604,-0.36768,0.90015,0.98998,1.562,-0.688,-0.375,-0.1398,0.1591,-0.9467,0.2423
1782933194249,114796,0.18286,-0.36743,0.90747,0.99596,1.25,-0.625,-0.438,-0.1398,0.159,-0.9467,0.2423
1782933194249,114796,0.18286,-0.36743,0.90747,0.99596,1.25,-0.625,-0.438,-0.1398,0.159,-0.9467,0.2423
1782933194301,114848,0.17944,-0.3645,0.91748,1.00341,-2.875,1.688,0.188,-0.1393,0.1593,-0.9467,0.2423
1782933194335,114882,0.17773,-0.3728,0.95752,1.04279,-1.125,2.562,0.938,-0.1392,0.1594,-0.9467,0.2423
1782933194344,114891,0.17773,-0.3728,0.95752,1.04279,-1.125,2.562,0.938,-0.1392,0.1594,-0.9467,0.2423
1782933194362,114909,0.19556,-0.36841,0.94043,1.02878,-1.75,1.562,0.125,-0.1389,0.1595,-0.9468,0.2423
1782933194362,114909,0.18799,-0.37793,0.94849,1.03817,-0.375,-0.375,0.0,-0.1388,0.1595,-0.9468,0.2423
1782933194366,114913,0.18872,-0.36768,0.92017,1.00872,-0.25,0.75,1.688,-0.1384,0.1595,-0.9468,0.2422
1782933194431,114978,0.2085,-0.37305,0.89624,0.99292,0.062,-0.312,0.0,-0.1386,0.1595,-0.9468,0.2423
1782933194431,114978,0.19482,-0.36914,0.90015,0.99221,0.0,1.875,-0.812,-0.1385,0.1595,-0.9468,0.2422
1782933194434,114981,0.16772,-0.37109,0.91016,0.99711,-0.812,1.0,-0.312,-0.1381,0.1599,-0.9468,0.2421
1782933194489,115036,0.16772,-0.37109,0.91016,0.99711,-0.812,1.0,-0.312,-0.1381,0.1599,-0.9468,0.2421
1782933194493,115040,0.1748,-0.36841,0.90234,0.9902,-1.25,0.625,0.812,-0.1381,0.1599,-0.9468,0.2421
1782933194516,115063,0.18311,-0.3689,0.90308,0.99256,-1.688,0.312,0.688,-0.138,0.1606,-0.9467,0.2423
1782933194567,115114,0.18311,-0.3689,0.90308,0.99256,-1.688,0.312,0.688,-0.138,0.1606,-0.9467,0.2423
1782933194567,115114,0.18115,-0.3728,0.91016,1.00009,-1.562,0.812,0.5,-0.138,0.1608,-0.9467,0.2423
1782933194568,115115,0.18213,-0.37036,0.90576,0.99536,-1.438,0.938,-0.125,-0.1383,0.1605,-0.9467,0.2424
1782933194598,115145,0.18213,-0.37036,0.90576,0.99536,-1.438,0.938,-0.125,-0.1383,0.1605,-0.9467,0.2424
1782933194600,115147,0.18188,-0.37427,0.92017,1.00989,-0.125,-0.125,0.25,-0.1383,0.1606,-0.9466,0.2424
1782933194601,115148,0.18359,-0.37402,0.90991,1.00077,0.375,-0.625,-0.562,-0.1383,0.1604,-0.9467,0.2424
1782933194649,115196,0.17236,-0.36865,0.90674,0.99388,0.75,-0.562,-0.375,-0.1383,0.1603,-0.9467,0.2424
1782933194653,115200,0.17578,-0.36768,0.90723,0.99456,0.875,-1.062,-0.125,-0.1383,0.1603,-0.9467,0.2424
1782933194668,115215,0.18262,-0.37012,0.90356,0.99336,0.5,-1.312,0.188,-0.1388,0.1599,-0.9466,0.2426
1782933194723,115270,0.1875,-0.37207,0.90625,0.99744,0.312,-0.812,0.25,-0.1389,0.1599,-0.9466,0.2426
1782933194727,115274,0.18311,-0.36963,0.90698,0.99638,0.438,-0.5,0.0,-0.1389,0.1599,-0.9466,0.2426
1782933194727,115274,0.18042,-0.37305,0.90454,0.99494,0.062,0.625,-0.062,-0.1387,0.1599,-0.9466,0.2426
1782933194796,115343,0.18384,-0.36792,0.90552,0.99455,0.0,0.688,-0.062,-0.1387,0.1599,-0.9466,0.2426
1782933194799,115346,0.18066,-0.36816,0.90967,0.99784,0.0,0.375,0.0,-0.1386,0.1599,-0.9467,0.2426
1782933194816,115363,0.17944,-0.37109,0.90576,0.99514,0.062,0.125,-0.125,-0.1385,0.1599,-0.9467,0.2426
1782933194833,115380,0.1792,-0.37134,0.90723,0.99653,0.0,-0.062,0.0,-0.1385,0.16,-0.9467,0.2426
1782933194844,115391,0.18091,-0.37036,0.90649,0.9958,-0.312,-0.062,0.0,-0.1385,0.16,-0.9467,0.2426
1782933194845,115392,0.18042,-0.37012,0.90796,0.99696,-0.062,0.0,0.125,-0.1384,0.1601,-0.9466,0.2427
1782933194898,115445,0.18042,-0.37012,0.90796,0.99696,-0.062,0.0,0.125,-0.1384,0.1601,-0.9466,0.2427
1782933194900,115447,0.17871,-0.37207,0.90527,0.99493,0.0,-0.125,0.0,-0.1384,0.1601,-0.9466,0.2427
1782933194900,115447,0.17896,-0.36987,0.9021,0.99127,-0.312,0.125,0.25,-0.1384,0.1603,-0.9466,0.2427
1782933194948,115495,0.1814,-0.36963,0.90625,0.9954,-0.25,0.062,0.062,-0.1384,0.1603,-0.9465,0.2427
1782933194949,115496,0.18091,-0.36865,0.90552,0.99428,-0.25,0.062,0.125,-0.1383,0.1603,-0.9465,0.2427
1782933194950,115497,0.18164,-0.37085,0.90869,0.99812,0.062,-0.125,0.0,-0.1383,0.1605,-0.9465,0.2428
1782933195016,115563,0.18164,-0.37085,0.90869,0.99812,0.062,-0.125,0.0,-0.1383,0.1605,-0.9465,0.2428
1782933195080,115627,0.17554,-0.37012,0.91016,0.9981,0.188,-0.062,0.062,-0.1383,0.1605,-0.9465,0.2428
1782933195083,115630,0.18188,-0.3689,0.9043,0.99344,0.25,-0.375,0.062,-0.1383,0.1604,-0.9465,0.2429
1782933195084,115631,0.18262,-0.37183,0.90698,0.99711,0.25,-0.312,-0.062,-0.1383,0.1604,-0.9465,0.2429
1782933195129,115676,0.17993,-0.37061,0.90771,0.99683,0.375,-0.312,-0.062,-0.1383,0.1603,-0.9465,0.2429
1782933195130,115677,0.1792,-0.37036,0.90356,0.99282,0.125,-0.375,0.062,-0.1384,0.1602,-0.9465,0.2429
1782933195131,115678,0.18091,-0.37231,0.9021,0.99254,0.0,0.125,0.062,-0.1383,0.1602,-0.9465,0.2429
1782933195183,115730,0.18066,-0.37207,0.90649,0.99639,-0.188,0.188,0.0,-0.1383,0.1602,-0.9465,0.2429
1782933195186,115733,0.17725,-0.36572,0.90503,0.99209,0.0,0.0,0.0,-0.1383,0.1603,-0.9465,0.2429
1782933195192,115739,0.17725,-0.36572,0.90503,0.99209,0.0,0.0,0.0,-0.1383,0.1603,-0.9465,0.2429
1782933195261,115808,0.18091,-0.37329,0.90723,0.99757,-0.25,-0.312,0.062,-0.1383,0.1604,-0.9465,0.2431
1782933195262,115809,0.17896,-0.37158,0.90747,0.99679,-0.062,-0.188,0.0,-0.1383,0.1604,-0.9465,0.2431
1782933195271,115818,0.18237,-0.37207,0.90625,0.99649,-0.125,-0.25,0.125,-0.1383,0.1605,-0.9465,0.2431
1782933195314,115861,0.17993,-0.36768,0.9082,0.99619,0.062,0.0,-0.125,-0.1383,0.1605,-0.9465,0.2431
1782933195326,115873,0.17822,-0.37134,0.90723,0.99635,0.062,0.312,-0.062,-0.1383,0.1605,-0.9465,0.2431
1782933195349,115896,0.17847,-0.37012,0.90234,0.99149,0.062,0.0,0.0,-0.1382,0.1605,-0.9465,0.2431
1782933195366,115913,0.17798,-0.37061,0.90308,0.99226,0.0,-0.312,0.125,-0.1382,0.1605,-0.9465,0.2431
1782933195367,115914,0.17993,-0.37207,0.90869,0.99826,0.0,0.0,0.062,-0.1382,0.1605,-0.9465,0.2431
1782933195373,115920,0.18164,-0.36914,0.90698,0.99593,0.125,-0.562,0.0,-0.1383,0.1605,-0.9464,0.2432
1782933195433,115980,0.18384,-0.37085,0.90308,0.99342,0.062,-0.625,0.125,-0.1383,0.1605,-0.9464,0.2432
1782933195446,115993,0.1814,-0.37109,0.90479,0.99461,-0.062,-0.5,0.0,-0.1383,0.1605,-0.9464,0.2432
1782933195447,115994,0.1814,-0.37012,0.90845,0.99759,0.125,0.0,0.0,-0.1384,0.1604,-0.9464,0.2432
1782933195499,116046,0.18408,-0.36963,0.90552,0.99523,0.0,0.125,-0.062,-0.1384,0.1604,-0.9464,0.2432
1782933195500,116047,0.18115,-0.37134,0.90625,0.99599,0.188,0.25,0.0,-0.1384,0.1604,-0.9464,0.2432
1782933195509,116056,0.17969,-0.37183,0.90552,0.99524,0.0,0.0,0.062,-0.1383,0.1604,-0.9464,0.2432
1782933195545,116092,0.17871,-0.37231,0.90747,0.99702,0.0,-0.062,0.0,-0.1382,0.1604,-0.9464,0.2432
1782933195565,116112,0.18262,-0.36938,0.90503,0.99442,0.0,-0.125,-0.062,-0.1382,0.1604,-0.9464,0.2432
1782933195567,116114,0.18188,-0.36816,0.90356,0.99249,-0.438,0.625,-0.125,-0.1381,0.1605,-0.9464,0.2432
1782933195617,116164,0.17944,-0.36743,0.90259,0.99089,-0.188,0.812,0.125,-0.138,0.1605,-0.9464,0.2432
1782933195622,116169,0.18042,-0.36987,0.90186,0.99132,-0.375,0.562,0.062,-0.138,0.1605,-0.9464,0.2432
1782933195637,116184,0.17871,-0.37451,0.90698,0.9974,-1.688,-0.312,0.625,-0.1379,0.1611,-0.9464,0.2432
1782933195683,116230,0.18115,-0.37329,0.90723,0.99761,-1.812,-0.438,0.562,-0.138,0.1612,-0.9464,0.2433
1782933195684,116231,0.18311,-0.37646,0.90845,1.00027,-1.938,-0.562,0.5,-0.138,0.1613,-0.9463,0.2433
1782933195686,116233,0.19238,-0.38843,0.92944,1.02555,5.125,-5.188,-1.125,-0.1383,0.1615,-0.9466,0.2418
1782933195732,116279,0.17041,-0.37769,0.85693,0.95185,4.75,-4.312,-0.812,-0.1384,0.1611,-0.9467,0.2418
1782933195737,116284,0.1814,-0.35718,0.85547,0.94462,1.875,-1.938,-0.25,-0.1385,0.161,-0.9467,0.2418
1782933195753,116300,0.17798,-0.36719,0.89795,0.98632,1.688,-1.938,-0.75,-0.139,0.1602,-0.9467,0.2419
1782933195782,116329,0.17407,-0.36938,0.91016,0.99756,1.188,-2.5,0.312,-0.1392,0.1601,-0.9467,0.242
1782933195791,116338,0.18604,-0.36938,0.91162,1.00105,1.438,-3.688,0.375,-0.1394,0.1599,-0.9467,0.2421
1782933195792,116339,0.19312,-0.37085,0.89331,0.98632,-0.25,-1.688,0.062,-0.1405,0.1594,-0.9465,0.2423
1782933195844,116391,0.19312,-0.37085,0.89331,0.98632,-0.25,-1.688,0.062,-0.1405,0.1594,-0.9465,0.2423
1782933195914,116461,0.18701,-0.3645,0.92163,1.00858,-0.125,-0.688,0.0,-0.1405,0.1593,-0.9465,0.2423
1782933195915,116462,0.18701,-0.3645,0.92163,1.00858,-0.125,-0.688,0.0,-0.1405,0.1593,-0.9465,0.2423
1782933195924,116471,0.19019,-0.36841,0.90625,0.99659,0.188,-0.812,0.125,-0.1412,0.1589,-0.9464,0.2426
1782933196009,116556,0.19189,-0.36865,0.90527,0.99611,0.0,-0.5,0.0,-0.1412,0.1589,-0.9464,0.2426
1782933196010,116557,0.18604,-0.37109,0.90942,0.99968,0.062,-0.625,0.0,-0.1414,0.1589,-0.9464,0.2426
1782933196033,116580,0.19092,-0.35522,0.90063,0.9868,0.625,-2.125,0.375,-0.1421,0.1585,-0.9463,0.2429
1782933196033,116580,0.18701,-0.36743,0.90186,0.99163,0.562,-2.375,0.188,-0.1422,0.1585,-0.9463,0.2429
1782933196047,116594,0.19165,-0.37939,0.90112,0.99634,0.375,-2.812,0.5,-0.1423,0.1584,-0.9462,0.2429
1782933196098,116645,0.19165,-0.37939,0.90112,0.99634,0.375,-2.812,0.5,-0.1423,0.1584,-0.9462,0.2429
1782933196113,116660,0.18188,-0.36963,0.85718,0.95103,-1.25,2.312,0.375,-0.1427,0.1582,-0.9462,0.2431
1782933196124,116671,0.18799,-0.36401,0.86084,0.95336,0.188,1.188,0.062,-0.1427,0.1581,-0.9462,0.2432
1782933196149,116696,0.19214,-0.35864,0.89624,0.98427,-1.0,1.562,0.188,-0.1426,0.1582,-0.9462,0.2431
1782933196163,116710,0.20312,-0.36621,0.87305,0.96829,-2.062,0.5,-0.125,-0.1426,0.1582,-0.9462,0.2431
1782933196164,116711,0.18994,-0.3689,0.90845,0.99872,-0.812,1.688,-0.25,-0.1423,0.1583,-0.9462,0.2431
1782933196215,116762,0.17944,-0.36914,0.91016,0.99843,-1.0,1.25,-0.125,-0.1422,0.1584,-0.9462,0.243
1782933196233,116780,0.18408,-0.36743,0.9043,0.9933,-1.062,1.0,0.375,-0.1422,0.1585,-0.9462,0.243
1782933196233,116780,0.18408,-0.36743,0.9043,0.9933,-1.062,1.0,0.375,-0.1422,0.1585,-0.9462,0.243
1782933196267,116814,0.1875,-0.37109,0.90332,0.99441,-0.688,0.312,0.062,-0.1419,0.1588,-0.9462,0.243
1782933196273,116820,0.18604,-0.37036,0.90869,0.99875,-0.75,0.438,0.125,-0.1418,0.1589,-0.9462,0.243
1782933196274,116821,0.18604,-0.37036,0.90869,0.99875,-0.75,0.438,0.125,-0.1418,0.1589,-0.9462,0.243
1782933196337,116884,0.18604,-0.37036,0.90869,0.99875,-0.75,0.438,0.125,-0.1418,0.1589,-0.9462,0.243
1782933196341,116888,0.18555,-0.3667,0.90088,0.99019,-0.5,0.188,0.125,-0.1417,0.1593,-0.9462,0.243
1782933196342,116889,0.18848,-0.37158,0.90234,0.99389,-1.188,0.938,0.375,-0.1415,0.1597,-0.9461,0.2431
1782933196398,116945,0.18701,-0.3689,0.90552,0.9955,-1.062,0.812,0.438,-0.1414,0.1599,-0.9461,0.2431
1782933196406,116953,0.18677,-0.37158,0.90454,0.99556,-1.188,0.938,0.25,-0.1414,0.1599,-0.9461,0.2431
1782933196407,116954,0.18457,-0.37573,0.92749,1.01758,-1.062,0.062,0.375,-0.1414,0.16,-0.9464,0.2416
1782933196444,116991,0.19238,-0.37524,0.91382,1.00642,-0.5,-1.0,0.375,-0.1414,0.16,-0.9464,0.2417
1782933196446,116993,0.19238,-0.37573,0.9231,1.01504,1.188,-2.812,0.0,-0.1416,0.16,-0.9464,0.2417
1782933196448,116995,0.18994,-0.37134,0.91089,1.00184,-0.375,-0.688,-0.125,-0.1419,0.1601,-0.9463,0.2418
1782933196505,117052,0.18506,-0.37134,0.92114,1.01027,0.125,-1.812,-0.25,-0.1419,0.16,-0.9463,0.2418
1782933196507,117054,0.18872,-0.37744,0.89893,0.99305,1.25,-2.062,-0.125,-0.142,0.16,-0.9463,0.2418
1782933196510,117057,0.18872,-0.37744,0.89893,0.99305,1.25,-2.062,-0.125,-0.142,0.16,-0.9463,0.2418
1782933196564,117111,0.18872,-0.37744,0.89893,0.99305,1.25,-2.062,-0.125,-0.142,0.16,-0.9463,0.2418
1782933196570,117117,0.19043,-0.3728,0.91162,1.00314,0.625,-4.812,0.188,-0.1428,0.1602,-0.9467,0.2396
1782933196571,117118,0.19678,-0.36426,0.89673,0.98769,3.438,-4.062,-0.438,-0.1448,0.1588,-0.9468,0.2389
1782933196632,117179,0.19678,-0.36426,0.89673,0.98769,3.438,-4.062,-0.438,-0.1448,0.1588,-0.9468,0.2389
1782933196633,117180,0.18994,-0.3606,0.88721,0.97635,2.375,-3.562,-0.062,-0.1448,0.1586,-0.9472,0.2377
1782933196633,117180,0.18433,-0.37598,0.91992,1.01074,1.312,1.562,0.0,-0.1447,0.1588,-0.9472,0.2377
1782933196691,117238,0.18433,-0.37598,0.91992,1.01074,1.312,1.562,0.0,-0.1447,0.1588,-0.9472,0.2377
1782933196693,117240,0.18945,-0.37134,0.89795,0.99,1.375,-0.812,0.312,-0.1447,0.1588,-0.9472,0.2377
1782933196694,117241,0.1936,-0.3728,0.90405,0.99688,-0.5,-0.938,0.25,-0.1447,0.1588,-0.9472,0.2377
1782933196748,117295,0.19043,-0.37134,0.90894,1.00016,-0.375,-2.125,0.0,-0.1447,0.1588,-0.9472,0.2377
1782933196749,117296,0.19312,-0.37402,0.90991,1.00256,-0.438,-3.875,0.562,-0.1449,0.1588,-0.9471,0.2378
1782933196759,117306,0.19922,-0.37134,0.90112,0.99479,0.062,-2.25,0.312,-0.1461,0.1583,-0.9469,0.238
1782933196816,117363,0.20142,-0.37183,0.90381,0.99785,0.438,-2.312,0.312,-0.1464,0.1583,-0.9468,0.2382
1782933196830,117377,0.19897,-0.37329,0.90332,0.99746,0.125,-2.812,0.0,-0.1465,0.1583,-0.9468,0.2382
1782933196834,117381,0.2019,-0.37622,0.90674,1.00224,-0.062,-0.312,0.062,-0.1469,0.1582,-0.9467,0.2384
1782933196870,117417,0.20435,-0.36621,0.90088,0.99371,0.0,-0.5,-0.25,-0.1469,0.1582,-0.9467,0.2384
1782933196878,117425,0.20166,-0.37207,0.90137,0.99578,0.0,1.812,-0.188,-0.1469,0.1582,-0.9468,0.2384
1782933196880,117427,0.18799,-0.36792,0.89722,0.98778,-1.062,5.375,-0.5,-0.1456,0.1586,-0.9468,0.2387
1782933196927,117474,0.18262,-0.36084,0.90283,0.98927,-1.25,4.688,-0.5,-0.1454,0.1586,-0.9468,0.2387
1782933196929,117476,0.18701,-0.36377,0.9043,0.9925,-1.562,1.688,0.125,-0.145,0.1589,-0.9472,0.2374
1782933196934,117481,0.21167,-0.37671,0.90845,1.00598,0.562,-3.125,0.438,-0.1459,0.1593,-0.9468,0.2378
1782933196988,117535,0.20532,-0.37695,0.90942,1.00563,0.688,-2.938,-0.062,-0.146,0.1593,-0.9468,0.2378
1782933196993,117540,0.198,-0.37476,0.90991,1.00379,0.438,-2.375,-0.312,-0.1461,0.1591,-0.9468,0.2378
1782933196998,117545,0.19824,-0.36694,0.89893,0.99097,1.562,-1.062,-0.312,-0.1467,0.1583,-0.9468,0.2379
1782933197054,117601,0.19824,-0.36694,0.89893,0.99097,1.562,-1.062,-0.312,-0.1467,0.1583,-0.9468,0.2379
1782933197064,117611,0.19824,-0.37329,0.90015,0.99444,1.312,-1.25,-0.312,-0.1467,0.1583,-0.9469,0.2379
1782933197065,117612,0.19775,-0.36841,0.8999,0.9923,-0.188,1.438,0.0,-0.1465,0.1581,-0.947,0.2379
1782933197105,117652,0.20215,-0.37256,0.8938,0.98921,-0.375,3.25,0.125,-0.1464,0.1582,-0.947,0.2379
1782933197106,117653,0.20752,-0.36646,0.89111,0.98561,-0.125,4.375,-0.812,-0.1461,0.1582,-0.947,0.2377
1782933197107,117654,0.18262,-0.36768,0.89551,0.98513,-3.375,0.438,0.438,-0.1446,0.1593,-0.947,0.2379
1782933197165,117712,0.18457,-0.36792,0.91577,1.00402,-3.438,-0.688,1.062,-0.1446,0.1594,-0.947,0.2379
1782933197166,117713,0.19238,-0.37646,0.91528,1.0082,-3.125,-1.375,2.0,-0.1446,0.1598,-0.9472,0.2371
1782933197172,117719,0.19556,-0.37524,0.91504,1.00814,0.75,-1.438,-0.062,-0.1454,0.1599,-0.9469,0.2374
1782933197228,117775,0.19556,-0.37524,0.91504,1.00814,0.75,-1.438,-0.062,-0.1454,0.1599,-0.9469,0.2374
1782933197229,117776,0.2019,-0.37231,0.91309,1.00653,2.5,-2.188,-0.562,-0.1456,0.1597,-0.947,0.2374
1782933197233,117780,0.1936,-0.36694,0.90015,0.99116,1.062,-1.5,-0.188,-0.1462,0.1586,-0.9472,0.2368
1782933197292,117839,0.19556,-0.36743,0.89258,0.98486,1.062,-1.062,0.0,-0.1462,0.1585,-0.9472,0.2368
1782933197294,117841,0.19751,-0.36841,0.89551,0.98827,1.0,0.062,0.0,-0.1462,0.1585,-0.9472,0.2368
1782933197299,117846,0.19092,-0.36597,0.89258,0.9834,-0.812,6.75,-0.438,-0.1447,0.1589,-0.9478,0.2353
1782933197347,117894,0.18164,-0.3584,0.90137,0.98687,-1.312,5.25,-0.562,-0.1444,0.1591,-0.9478,0.2352
1782933197359,117906,0.1748,-0.36206,0.8938,0.98006,-2.625,0.438,0.5,-0.1442,0.1593,-0.9478,0.2351
1782933197367,117914,0.20996,-0.3811,0.92798,1.02492,-1.125,-9.062,1.5,-0.146,0.1601,-0.9474,0.2351
1782933197414,117961,0.20972,-0.38281,0.92358,1.02153,-0.562,-9.062,0.938,-0.1464,0.1601,-0.9473,0.2352
1782933197416,117963,0.2085,-0.38525,0.92065,1.01955,-0.188,-8.812,0.938,-0.1467,0.16,-0.9472,0.2353
1782933197427,117974,0.21313,-0.37158,0.90112,0.99775,5.062,-6.812,-0.5,-0.1491,0.1588,-0.9478,0.2321
1782933197472,118019,0.20728,-0.37109,0.89111,0.98729,4.688,-4.688,-0.875,-0.1495,0.1583,-0.9478,0.2322
1782933197477,118024,0.19727,-0.35938,0.84595,0.94005,0.625,0.25,0.125,-0.1502,0.1577,-0.9472,0.235
1782933197479,118026,0.20068,-0.35645,0.87329,0.96435,1.562,5.125,-0.375,-0.1487,0.1585,-0.9478,0.2326
1782933197527,118074,0.20679,-0.3584,0.85938,0.95381,0.438,5.688,-0.375,-0.1485,0.1585,-0.9479,0.2326
1782933197539,118086,0.20923,-0.37158,0.85938,0.95937,-0.438,8.688,-0.438,-0.1482,0.1586,-0.9479,0.2325
1782933197540,118087,0.17725,-0.36963,0.90405,0.99265,-1.688,-4.75,1.312,-0.1459,0.1595,-0.9478,0.2339
1782933197594,118141,0.17725,-0.36963,0.90405,0.99265,-1.688,-4.75,1.312,-0.1459,0.1595,-0.9478,0.2339
1782933197616,118163,0.18164,-0.3689,0.89966,0.98918,-2.812,-7.688,2.375,-0.1463,0.1596,-0.9477,0.234
1782933197626,118173,0.21216,-0.37769,0.91357,1.01107,1.312,-3.25,-0.562,-0.1488,0.1602,-0.9473,0.2337
1782933197646,118193,0.21191,-0.37817,0.91748,1.01474,2.312,-2.625,-0.938,-0.1489,0.16,-0.9473,0.2337
1782933197647,118194,0.20752,-0.37891,0.91748,1.0141,3.25,-2.438,-1.125,-0.149,0.1599,-0.9473,0.2337
1782933197648,118195,0.18628,-0.36401,0.80493,0.90284,0.062,4.688,-0.125,-0.1491,0.1585,-0.9483,0.2305
1782933197710,118257,0.19531,-0.35059,0.84985,0.93984,-2.875,6.0,0.062,-0.1488,0.1586,-0.9483,0.2304
1782933197711,118258,0.20776,-0.35718,0.90576,0.99556,-4.375,6.438,0.25,-0.1486,0.1588,-0.9484,0.2304
1782933197713,118260,0.17065,-0.3606,0.90137,0.98571,-2.312,7.312,-1.125,-0.1459,0.1593,-0.948,0.233
1782933197764,118311,0.16943,-0.35571,0.89673,0.97947,-3.188,2.562,0.125,-0.1457,0.1596,-0.9481,0.233
1782933197765,118312,0.18799,-0.38037,0.88794,0.9841,-0.875,-4.0,1.938,-0.1459,0.1597,-0.9481,0.2325
1782933197766,118313,0.2168,-0.38916,0.91895,1.02123,-1.062,-2.312,0.75,-0.1472,0.1608,-0.9482,0.2305
1782933197830,118377,0.2124,-0.37939,0.90796,1.0067,-0.25,-0.875,-0.062,-0.1473,0.1608,-0.9482,0.2305
1782933197832,118379,0.20728,-0.37939,0.90552,1.00343,0.0,0.188,-0.75,-0.1473,0.1608,-0.9482,0.2305
1782933197845,118392,0.19556,-0.36548,0.89087,0.98258,3.375,-2.75,-0.938,-0.1475,0.1596,-0.9483,0.2309
1782933197883,118430,0.19824,-0.36694,0.88159,0.97527,3.125,-2.062,-0.688,-0.1476,0.1594,-0.9483,0.2309
1782933197885,118432,0.20093,-0.36597,0.88599,0.97943,2.5,-1.5,-0.625,-0.1477,0.1593,-0.9483,0.231
1782933197886,118433,0.1853,-0.36255,0.8877,0.97662,-0.375,2.5,-0.312,-0.1461,0.1594,-0.9489,0.2293
1782933197946,118493,0.18799,-0.36133,0.8894,0.97823,-0.375,7.375,0.75,-0.1458,0.1595,-0.9489,0.2293
1782933197947,118494,0.19849,-0.36157,0.89844,0.9886,-0.75,5.812,0.25,-0.1455,0.1596,-0.949,0.2293
1782933197959,118506,0.22021,-0.38696,0.92139,1.02332,-2.188,-4.25,1.688,-0.1464,0.1607,-0.9483,0.2308
1782933198006,118553,0.20825,-0.38843,0.91895,1.01917,-1.0,-2.188,0.375,-0.1467,0.1608,-0.9482,0.2308
1782933198007,118554,0.20483,-0.37842,0.90771,1.00454,-0.562,-0.562,0.062,-0.1467,0.1608,-0.9482,0.2309
1782933198007,118554,0.20483,-0.37842,0.90771,1.00454,-0.562,-0.562,0.062,-0.1467,0.1608,-0.9482,0.2309
1782933198065,118612,0.19751,-0.36938,0.90186,0.99439,2.125,-0.25,-0.625,-0.1466,0.1605,-0.9483,0.2307
1782933198068,118615,0.19751,-0.36816,0.8999,0.99216,1.812,-1.0,-0.688,-0.1466,0.1603,-0.9483,0.2307
1782933198071,118618,0.19751,-0.36816,0.8999,0.99216,1.812,-1.0,-0.688,-0.1466,0.1603,-0.9483,0.2307
1782933198124,118671,0.20117,-0.37109,0.90332,0.99708,0.875,2.312,-0.25,-0.1465,0.1598,-0.9484,0.2307
1782933198125,118672,0.20117,-0.37158,0.89893,0.99329,1.125,3.25,-0.438,-0.1463,0.1597,-0.9485,0.2307
1782933198128,118675,0.20117,-0.37158,0.89893,0.99329,1.125,3.25,-0.438,-0.1463,0.1597,-0.9485,0.2307
1782933198182,118729,0.19995,-0.37695,0.90942,1.00455,-2.312,-2.438,1.688,-0.146,0.1602,-0.9483,0.2313
1782933198183,118730,0.20288,-0.37622,0.91162,1.00685,-2.062,-1.75,1.562,-0.1461,0.1603,-0.9483,0.2313
1782933198184,118731,0.20288,-0.37622,0.91162,1.00685,-2.062,-1.75,1.562,-0.1461,0.1603,-0.9483,0.2313
1782933198244,118791,0.1958,-0.37207,0.90552,0.99837,0.5,1.125,-0.062,-0.1459,0.1607,-0.9483,0.2313
1782933198245,118792,0.19702,-0.37183,0.90088,0.99431,0.688,1.188,-0.188,-0.1459,0.1606,-0.9483,0.2313
1782933198247,118794,0.19604,-0.37012,0.89453,0.98773,0.562,0.0,-0.25,-0.1459,0.1603,-0.9483,0.2313
1782933198311,118858,0.19653,-0.37134,0.90234,0.99536,0.562,0.062,-0.25,-0.1459,0.1603,-0.9483,0.2313
1782933198313,118860,0.19849,-0.37231,0.90161,0.99545,0.625,0.125,0.0,-0.1459,0.1603,-0.9483,0.2313
1782933198314,118861,0.19849,-0.37231,0.90161,0.99545,0.625,0.125,0.0,-0.1459,0.1603,-0.9483,0.2313
1782933198370,118917,0.19849,-0.37231,0.90161,0.99545,0.625,0.125,0.0,-0.1459,0.1603,-0.9483,0.2313
1782933198371,118918,0.18921,-0.3689,0.89819,0.98926,-1.062,1.188,0.062,-0.1451,0.1603,-0.9484,0.2311
1782933198371,118918,0.19946,-0.37744,0.90527,1.00088,-0.875,0.188,0.0,-0.145,0.1609,-0.9483,0.2313
1782933198425,118972,0.19849,-0.37402,0.90576,0.99985,-0.312,0.562,-0.188,-0.145,0.161,-0.9484,0.2312
1782933198426,118973,0.19653,-0.37451,0.90869,1.0023,-0.125,0.75,0.0,-0.145,0.161,-0.9484,0.2312
1782933198429,118976,0.19385,-0.37329,0.89917,0.99269,0.75,-1.688,0.062,-0.145,0.1608,-0.9484,0.2313
1782933198483,119030,0.19385,-0.37329,0.89917,0.99269,0.75,-1.688,0.062,-0.145,0.1608,-0.9484,0.2313
1782933198486,119033,0.19629,-0.37622,0.90186,0.99671,1.0,-0.938,0.0,-0.1451,0.1608,-0.9484,0.2313
1782933198487,119034,0.19263,-0.37036,0.89795,0.99025,0.75,0.5,-0.375,-0.1451,0.1605,-0.9484,0.2313
1782933198544,119091,0.19263,-0.37036,0.89795,0.99025,0.75,0.5,-0.375,-0.1451,0.1605,-0.9484,0.2313
1782933198546,119093,0.19263,-0.36816,0.89795,0.98943,0.062,0.625,0.0,-0.145,0.1605,-0.9484,0.2312
1782933198550,119097,0.19336,-0.37305,0.90259,0.9956,-1.375,-0.312,0.625,-0.1448,0.1609,-0.9484,0.2313
1782933198605,119152,0.19336,-0.37305,0.90259,0.9956,-1.375,-0.312,0.625,-0.1448,0.1609,-0.9484,0.2313
1782933198607,119154,0.19458,-0.375,0.90625,0.99989,-1.062,-0.438,0.625,-0.1449,0.161,-0.9483,0.2313
1782933198609,119156,0.19507,-0.37622,0.90308,0.99757,0.25,-0.25,-0.125,-0.1449,0.1611,-0.9483,0.2314
1782933198663,119210,0.1958,-0.37256,0.90503,0.99811,0.938,-0.625,-0.188,-0.1449,0.161,-0.9483,0.2314
1782933198663,119210,0.19922,-0.37109,0.9021,0.99558,0.938,-0.75,-0.312,-0.145,0.161,-0.9483,0.2314
1782933198664,119211,0.18945,-0.36963,0.9021,0.99313,0.438,-0.5,-0.25,-0.1452,0.1607,-0.9483,0.2315
1782933198723,119270,0.18945,-0.36963,0.9021,0.99313,0.438,-0.5,-0.25,-0.1452,0.1607,-0.9483,0.2315
1782933198725,119272,0.19458,-0.36865,0.896,0.98822,0.312,0.0,0.188,-0.1451,0.1606,-0.9483,0.2315
1782933198726,119273,0.1936,-0.37402,0.90259,0.99601,-0.75,0.625,0.25,-0.1448,0.1608,-0.9484,0.2315
1782933198783,119330,0.19409,-0.37085,0.89917,0.99182,-0.875,0.438,0.25,-0.1448,0.1608,-0.9483,0.2315
1782933198844,119391,0.19092,-0.3728,0.90405,0.99636,-0.688,0.375,0.125,-0.1448,0.1608,-0.9483,0.2315
1782933198846,119393,0.19482,-0.3728,0.90698,0.99977,0.188,0.0,-0.188,-0.1448,0.1611,-0.9483,0.2316
1782933198849,119396,0.19482,-0.3728,0.90698,0.99977,0.188,0.0,-0.188,-0.1448,0.1611,-0.9483,0.2316
1782933198904,119451,0.19263,-0.37354,0.90283,0.99586,0.062,-0.062,-0.25,-0.1448,0.1611,-0.9483,0.2316
1782933198909,119456,0.19458,-0.37549,0.90649,1.00029,0.25,-0.812,0.062,-0.1448,0.1611,-0.9483,0.2316
1782933198910,119457,0.19263,-0.36719,0.89331,0.98485,0.0,0.812,0.0,-0.1447,0.161,-0.9483,0.2316
1782933198964,119511,0.19287,-0.37354,0.89844,0.99193,-0.125,1.125,0.0,-0.1446,0.161,-0.9483,0.2316
1782933198966,119513,0.1897,-0.37451,0.90112,0.99411,0.0,0.938,0.062,-0.1445,0.161,-0.9483,0.2315
1782933198966,119513,0.19336,-0.37183,0.90454,0.99691,-0.875,1.562,0.312,-0.1441,0.1614,-0.9483,0.2315
1782933199026,119573,0.19067,-0.37744,0.90674,1.0005,-1.0,1.688,0.312,-0.144,0.1616,-0.9483,0.2315
1782933199027,119574,0.20117,-0.38306,0.93677,1.03186,1.938,-2.562,-0.562,-0.1441,0.1614,-0.9483,0.2315
1782933199029,119576,0.19482,-0.37476,0.90552,0.99918,0.375,0.25,0.5,-0.1439,0.1613,-0.9484,0.2316
1782933199082,119629,0.19482,-0.37476,0.90552,0.99918,0.375,0.25,0.5,-0.1439,0.1613,-0.9484,0.2316
1782933199082,119629,0.20264,-0.37378,0.89771,0.99331,0.375,0.062,0.25,-0.1439,0.1613,-0.9484,0.2316
1782933199093,119640,0.19067,-0.37451,0.90283,0.99585,0.312,2.25,-0.125,-0.1434,0.1613,-0.9484,0.2315
1782933199145,119692,0.19067,-0.36865,0.89966,0.99078,0.375,2.188,-0.125,-0.1433,0.1613,-0.9485,0.2315
1782933199148,119695,0.18555,-0.36865,0.89941,0.98958,0.562,2.062,0.125,-0.1431,0.1613,-0.9485,0.2315
1782933199150,119697,0.19116,-0.37549,0.9043,0.99764,-0.562,0.562,0.438,-0.1428,0.1615,-0.9486,0.2314
1782933199206,119753,0.19116,-0.37549,0.9043,0.99764,-0.562,0.562,0.438,-0.1428,0.1615,-0.9486,0.2314
1782933199209,119756,0.19067,-0.37744,0.90259,0.99674,-0.25,0.812,-0.188,-0.1428,0.1616,-0.9486,0.2314
1782933199210,119757,0.1853,-0.37354,0.90723,0.99847,0.0,0.25,0.0,-0.1425,0.1618,-0.9486,0.2314
1782933199263,119810,0.1875,-0.3728,0.90503,0.9966,-0.188,0.0,-0.125,-0.1425,0.1618,-0.9486,0.2314
1782933199264,119811,0.19019,-0.37598,0.9043,0.99764,0.062,-0.562,0.125,-0.1425,0.1618,-0.9486,0.2314
1782933199265,119812,0.19019,-0.37598,0.9043,0.99764,0.062,-0.562,0.125,-0.1425,0.1618,-0.9486,0.2314
1782933199325,119872,0.19141,-0.37183,0.90698,0.99875,0.188,-0.5,0.0,-0.1426,0.1618,-0.9485,0.2315
1782933199326,119873,0.19043,-0.3728,0.90576,0.99782,0.312,-0.25,0.0,-0.1426,0.1618,-0.9485,0.2315
1782933199327,119874,0.18945,-0.37573,0.90015,0.99365,0.375,0.375,0.125,-0.1425,0.1617,-0.9485,0.2316
1782933199383,119930,0.18677,-0.37134,0.8999,0.99126,0.062,0.0,0.0,-0.1425,0.1618,-0.9485,0.2316
1782933199389,119936,0.18994,-0.37036,0.90674,0.99771,0.0,0.562,0.25,-0.1425,0.1618,-0.9485,0.2316
1782933199391,119938,0.18994,-0.37256,0.90796,0.99963,-0.5,0.25,0.0,-0.1422,0.162,-0.9485,0.2315
1782933199444,119991,0.18848,-0.37378,0.90283,0.99516,-0.312,0.125,0.0,-0.1422,0.1621,-0.9485,0.2315
1782933199446,119993,0.19067,-0.3728,0.90552,0.99765,0.0,0.375,0.0,-0.1421,0.1621,-0.9485,0.2315
1782933199446,119993,0.18823,-0.36987,0.90503,0.99565,-1.0,0.562,-0.25,-0.142,0.1618,-0.9486,0.2315
1782933199502,120049,0.18481,-0.37427,0.91602,1.00664,-0.438,0.625,0.125,-0.142,0.1619,-0.9486,0.2315
1782933199504,120051,0.18359,-0.37695,0.9082,1.00031,-0.312,0.188,0.312,-0.142,0.1619,-0.9486,0.2316
1782933199506,120053,0.18774,-0.375,0.90356,0.99614,0.125,0.25,-0.125,-0.1418,0.1621,-0.9486,0.2316
1782933199565,120112,0.18848,-0.37598,0.90308,0.99621,0.312,0.625,-0.188,-0.1418,0.1621,-0.9486,0.2316
1782933199565,120112,0.18335,-0.37207,0.90234,0.99311,0.062,0.188,-0.438,-0.1417,0.1621,-0.9486,0.2316
1782933199566,120113,0.1958,-0.37256,0.90723,1.0001,0.062,-0.125,0.062,-0.1417,0.1622,-0.9486,0.2316
1782933199624,120171,0.19873,-0.3728,0.94482,1.03497,1.25,-1.688,-0.438,-0.1418,0.1621,-0.9486,0.2316
1782933199626,120173,0.19336,-0.38257,0.91699,1.01223,3.0,-2.0,-0.5,-0.1419,0.162,-0.9486,0.2316
1782933199628,120175,0.19263,-0.37109,0.89551,0.98831,0.0,-0.312,-0.188,-0.1419,0.1619,-0.9486,0.2316
1782933199682,120229,0.1897,-0.37305,0.9021,0.99445,0.0,-0.062,-0.188,-0.1419,0.1619,-0.9486,0.2316
1782933199691,120238,0.18579,-0.37329,0.90918,1.00024,0.0,0.062,-0.125,-0.1419,0.1619,-0.9486,0.2316
1782933199693,120240,0.18579,-0.37329,0.90918,1.00024,0.0,0.062,-0.125,-0.1419,0.1619,-0.9486,0.2316
1782933199743,120290,0.19287,-0.37573,0.89966,0.99386,0.188,-0.312,0.125,-0.1419,0.1618,-0.9486,0.2317
1782933199744,120291,0.19287,-0.3689,0.90088,0.99241,0.0,0.0,-0.062,-0.1419,0.1618,-0.9486,0.2317
1782933199745,120292,0.1897,-0.37329,0.90405,0.99631,0.062,0.0,0.0,-0.1418,0.1619,-0.9485,0.2318
1782933199805,120352,0.18994,-0.37061,0.90527,0.99647,0.125,0.0,0.0,-0.1418,0.1619,-0.9486,0.2318
1782933199807,120354,0.18921,-0.37134,0.90308,0.99461,0.062,-0.188,0.125,-0.1418,0.1619,-0.9486,0.2318
1782933199808,120355,0.18872,-0.37256,0.90356,0.99541,0.062,-0.062,0.188,-0.1417,0.1619,-0.9485,0.2318
1782933199863,120410,0.19165,-0.37573,0.90356,0.99716,0.0,0.0,0.0,-0.1417,0.1619,-0.9485,0.2318
1782933199863,120410,0.18945,-0.37524,0.90625,0.99899,0.062,0.188,0.0,-0.1417,0.162,-0.9485,0.2318
1782933199864,120411,0.18945,-0.37524,0.90625,0.99899,0.062,0.188,0.0,-0.1417,0.162,-0.9485,0.2318
1782933199926,120473,0.18726,-0.37256,0.8999,0.99181,0.0,-0.125,0.0,-0.1415,0.1621,-0.9486,0.2318
1782933199927,120474,0.18921,-0.37378,0.90381,0.99618,-0.375,0.312,0.188,-0.1415,0.1621,-0.9486,0.2319
1782933199929,120476,0.18921,-0.37378,0.90381,0.99618,-0.375,0.312,0.188,-0.1415,0.1621,-0.9486,0.2319
1782933199983,120530,0.19116,-0.37134,0.90698,0.99852,0.312,-0.375,0.0,-0.1415,0.1621,-0.9485,0.2319
1782933199987,120534,0.18994,-0.37598,0.90332,0.99671,0.25,-0.562,-0.062,-0.1415,0.1621,-0.9485,0.2319
1782933199987,120534,0.18994,-0.37598,0.90332,0.99671,0.25,-0.562,-0.062,-0.1415,0.1621,-0.9485,0.2319
1782933200044,120591,0.18994,-0.37598,0.90332,0.99671,0.25,-0.562,-0.062,-0.1415,0.1621,-0.9485,0.2319
1782933200044,120591,0.1875,-0.37256,0.90063,0.99252,0.0,-0.25,0.0,-0.1416,0.1621,-0.9485,0.232
1782933200045,120592,0.1875,-0.37256,0.90063,0.99252,0.0,-0.25,0.0,-0.1416,0.1621,-0.9485,0.232
1782933200103,120650,0.18701,-0.37427,0.90137,0.99374,0.0,0.062,0.0,-0.1414,0.1622,-0.9485,0.232
1782933200104,120651,0.18823,-0.37207,0.9021,0.99381,0.0,0.125,0.0,-0.1414,0.1622,-0.9485,0.232
1782933200105,120652,0.18823,-0.37207,0.9021,0.99381,0.0,0.125,0.0,-0.1414,0.1622,-0.9485,0.232
1782933200163,120710,0.18896,-0.37329,0.90503,0.99706,0.062,-0.125,-0.062,-0.1412,0.1623,-0.9485,0.2321
1782933200164,120711,0.19092,-0.37231,0.90186,0.99419,0.0,-0.125,0.062,-0.1412,0.1623,-0.9485,0.2321
1782933200164,120711,0.19092,-0.37231,0.90186,0.99419,0.0,-0.125,0.062,-0.1412,0.1623,-0.9485,0.2321
1782933200224,120771,0.19092,-0.37231,0.90186,0.99419,0.0,-0.125,0.062,-0.1412,0.1623,-0.9485,0.2321
1782933200225,120772,0.19043,-0.36865,0.90356,0.99428,-0.062,-0.188,0.0,-0.1412,0.1623,-0.9484,0.2321
1782933200226,120773,0.19043,-0.36865,0.90356,0.99428,-0.062,-0.188,0.0,-0.1412,0.1623,-0.9484,0.2321
1782933200287,120834,0.18994,-0.37207,0.90356,0.99546,0.188,-0.125,0.062,-0.1412,0.1623,-0.9484,0.2322
1782933200290,120837,0.18945,-0.37305,0.90552,0.99751,0.062,-0.188,-0.188,-0.1412,0.1623,-0.9484,0.2322
1782933200291,120838,0.18848,-0.37036,0.90137,0.99255,0.062,-0.125,-0.062,-0.1412,0.1622,-0.9484,0.2322
1782933200343,120890,0.18677,-0.37305,0.90405,0.99567,0.0,-0.25,0.062,-0.1412,0.1623,-0.9484,0.2322
1782933200344,120891,0.18823,-0.37524,0.9043,0.99699,0.062,-0.125,0.0,-0.1412,0.1623,-0.9484,0.2322
1782933200346,120893,0.18823,-0.37524,0.9043,0.99699,0.062,-0.125,0.0,-0.1412,0.1623,-0.9484,0.2322
1782933200403,120950,0.19165,-0.37402,0.90601,0.99874,0.062,0.0,0.062,-0.1412,0.1623,-0.9484,0.2323
1782933200406,120953,0.1897,-0.37085,0.90479,0.99607,0.188,-0.312,0.0,-0.1412,0.1623,-0.9484,0.2323
1782933200406,120953,0.18921,-0.375,0.90308,0.99598,0.062,-0.312,0.0,-0.1412,0.1622,-0.9484,0.2323
1782933200463,121010,0.18921,-0.375,0.90308,0.99598,0.062,-0.312,0.0,-0.1412,0.1622,-0.9484,0.2323
1782933200463,121010,0.18921,-0.37305,0.90186,0.99414,0.062,0.0,0.0,-0.1412,0.1622,-0.9484,0.2324
1782933200464,121011,0.19141,-0.37231,0.90234,0.99472,0.062,0.125,0.0,-0.1412,0.1623,-0.9484,0.2324
1782933200524,121071,0.18921,-0.37354,0.90454,0.99676,-0.062,0.375,-0.062,-0.1411,0.1623,-0.9484,0.2324
1782933200524,121071,0.18823,-0.37207,0.90283,0.99447,0.0,0.188,0.25,-0.1411,0.1624,-0.9484,0.2324
1782933200525,121072,0.18774,-0.37842,0.90527,0.99898,-0.125,0.062,0.062,-0.1411,0.1624,-0.9484,0.2324
1782933200588,121135,0.19116,-0.36963,0.90552,0.99656,-0.062,-0.062,0.0,-0.141,0.1624,-0.9484,0.2324
1782933200591,121138,0.18872,-0.37427,0.90479,0.99717,0.0,-0.25,0.062,-0.1411,0.1624,-0.9484,0.2324
1782933200593,121140,0.19067,-0.37256,0.90283,0.99512,0.125,-0.188,0.0,-0.1411,0.1624,-0.9484,0.2325
1782933200644,121191,0.19067,-0.37256,0.90283,0.99512,0.125,-0.188,0.0,-0.1411,0.1624,-0.9484,0.2325
1782933200644,121191,0.1897,-0.37378,0.90308,0.99562,0.062,-0.75,-0.125,-0.1412,0.1624,-0.9484,0.2325
1782933200645,121192,0.19043,-0.37134,0.9021,0.99395,0.438,-0.125,-0.125,-0.1412,0.1622,-0.9484,0.2325
1782933200703,121250,0.19043,-0.37134,0.9021,0.99395,0.438,-0.125,-0.125,-0.1412,0.1622,-0.9484,0.2325
1782933200706,121253,0.18481,-0.37109,0.90308,0.99369,0.062,-0.062,-0.062,-0.1412,0.1622,-0.9484,0.2325
1782933200708,121255,0.18848,-0.36816,0.90308,0.99329,0.062,-0.75,-0.25,-0.1414,0.1622,-0.9484,0.2326
1782933200762,121309,0.18945,-0.37207,0.90479,0.99648,0.188,-0.188,0.0,-0.1414,0.1621,-0.9484,0.2326
1782933200763,121310,0.19238,-0.37256,0.90039,0.99323,0.188,-0.438,0.188,-0.1414,0.1621,-0.9484,0.2326
1782933200763,121310,0.18848,-0.36841,0.90308,0.99338,0.0,0.0,0.062,-0.1414,0.1621,-0.9484,0.2326
1782933200823,121370,0.18994,-0.37524,0.89917,0.99267,-0.25,-0.25,0.0,-0.1414,0.1622,-0.9484,0.2326
1782933200824,121371,0.18872,-0.375,0.90405,0.99677,0.0,-0.25,0.0,-0.1414,0.1622,-0.9484,0.2326
1782933200826,121373,0.19092,-0.37524,0.90723,1.00016,-0.062,-0.125,0.125,-0.1414,0.1622,-0.9483,0.2327
1782933200890,121437,0.19092,-0.37524,0.90723,1.00016,-0.062,-0.125,0.125,-0.1414,0.1622,-0.9483,0.2327
1782933200891,121438,0.19409,-0.37085,0.90625,0.99824,0.0,-0.062,-0.125,-0.1414,0.1622,-0.9483,0.2327
1782933200893,121440,0.1875,-0.37158,0.90088,0.99238,0.062,-0.125,-0.125,-0.1414,0.1622,-0.9483,0.2327
1782933200943,121490,0.1875,-0.37158,0.90088,0.99238,0.062,-0.125,-0.125,-0.1414,0.1622,-0.9483,0.2327
1782933200945,121492,0.18848,-0.37207,0.90649,0.99784,0.062,0.0,0.062,-0.1414,0.1622,-0.9483,0.2327
1782933200945,121492,0.19043,-0.37695,0.90186,0.99584,0.062,-0.062,0.062,-0.1414,0.1622,-0.9483,0.2327
1782933201007,121554,0.18823,-0.37378,0.90356,0.99577,0.062,0.0,-0.062,-0.1414,0.1622,-0.9483,0.2327
1782933201010,121557,0.19019,-0.37183,0.90137,0.99343,0.062,-0.562,0.125,-0.1414,0.1622,-0.9483,0.2327
1782933201010,121557,0.18921,-0.37378,0.90234,0.99485,0.125,-0.5,-0.125,-0.1414,0.1622,-0.9483,0.2328
1782933201063,121610,0.18872,-0.37231,0.90161,0.99354,0.062,-0.375,0.0,-0.1414,0.1622,-0.9483,0.2328
1782933201063,121610,0.19141,-0.37109,0.90454,0.99626,0.062,-0.438,0.062,-0.1414,0.1622,-0.9483,0.2328
1782933201064,121611,0.19092,-0.37231,0.90796,0.99973,0.0,-0.188,0.125,-0.1414,0.1622,-0.9483,0.2329
1782933201123,121670,0.19238,-0.37305,0.90405,0.99674,0.0,-0.25,0.062,-0.1414,0.1622,-0.9483,0.2329
1782933201125,121672,0.19019,-0.37451,0.90332,0.9962,0.062,-0.062,-0.062,-0.1414,0.1622,-0.9483,0.2329
1782933201126,121673,0.18799,-0.37256,0.90356,0.99527,0.0,-0.25,-0.125,-0.1414,0.1622,-0.9483,0.2329
1782933201185,121732,0.19019,-0.37012,0.9043,0.99545,0.0,-0.25,0.062,-0.1414,0.1622,-0.9483,0.2329
1782933201186,121733,0.19165,-0.37305,0.9021,0.99483,0.0,-0.125,0.0,-0.1414,0.1622,-0.9483,0.2329
1782933201188,121735,0.19165,-0.37305,0.9021,0.99483,0.0,-0.125,0.0,-0.1414,0.1622,-0.9483,0.2329
1782933201244,121791,0.19214,-0.36865,0.90332,0.99439,0.062,0.062,-0.188,-0.1414,0.1621,-0.9483,0.2329
1782933201244,121791,0.19141,-0.37524,0.90967,1.00247,0.25,0.125,0.0,-0.1414,0.1621,-0.9483,0.2329
1782933201245,121792,0.19482,-0.37207,0.90186,0.99486,0.062,-0.812,0.188,-0.1415,0.1621,-0.9483,0.233
1782933201303,121850,0.19067,-0.37451,0.90063,0.99385,0.062,-0.562,-0.125,-0.1415,0.1621,-0.9483,0.233
1782933201305,121852,0.18579,-0.37061,0.90625,0.99657,0.062,-0.438,-0.125,-0.1415,0.1621,-0.9483,0.233
1782933201307,121854,0.18896,-0.37329,0.90332,0.99551,-0.062,-0.188,0.188,-0.1416,0.1621,-0.9483,0.233
1782933201361,121908,0.19141,-0.37598,0.90405,0.99765,0.0,-0.062,0.125,-0.1416,0.1621,-0.9483,0.233
1782933201362,121909,0.19141,-0.37354,0.90088,0.99386,-0.062,0.0,0.0,-0.1416,0.1621,-0.9483,0.233
1782933201362,121909,0.18872,-0.37329,0.90698,0.99879,0.062,0.625,0.0,-0.1414,0.1621,-0.9483,0.233
1782933201424,121971,0.18628,-0.37305,0.90503,0.99647,0.062,0.312,0.0,-0.1414,0.1621,-0.9483,0.233
1782933201425,121972,0.19165,-0.37036,0.89941,0.99138,0.062,0.188,-0.062,-0.1414,0.1621,-0.9483,0.233
1782933201425,121972,0.18945,-0.37085,0.90332,0.99469,0.188,-0.25,0.0,-0.1413,0.1622,-0.9483,0.2331
1782933201488,122035,0.18799,-0.37183,0.90283,0.99433,0.25,-0.062,0.0,-0.1413,0.1621,-0.9483,0.2331
1782933201489,122036,0.19043,-0.375,0.90625,0.99909,0.125,0.0,0.188,-0.1413,0.1621,-0.9483,0.2331
1782933201492,122039,0.18799,-0.37305,0.90625,0.9979,0.0,-0.188,0.0,-0.1413,0.1622,-0.9482,0.2332
1782933201544,122091,0.18921,-0.37183,0.90552,0.99701,0.0,-0.312,-0.062,-0.1413,0.1622,-0.9482,0.2332
1782933201545,122092,0.1897,-0.37476,0.90527,0.99797,0.062,-0.25,0.188,-0.1413,0.1622,-0.9482,0.2332
1782933201545,122092,0.19238,-0.37573,0.90308,0.99686,0.125,-0.125,-0.062,-0.1416,0.1621,-0.9482,0.2332
1782933201605,122152,0.18774,-0.36768,0.90405,0.99385,0.0,0.125,0.0,-0.1415,0.1621,-0.9482,0.2332
1782933201607,122154,0.18677,-0.36987,0.89893,0.98983,-0.375,0.0,0.25,-0.1415,0.1621,-0.9482,0.2332
1782933201609,122156,0.19092,-0.37329,0.90332,0.99588,0.5,-1.312,-0.062,-0.1416,0.1621,-0.9482,0.2333
1782933201662,122209,0.19116,-0.37305,0.90747,0.99961,0.562,-1.312,-0.125,-0.1416,0.162,-0.9482,0.2333
1782933201662,122209,0.18994,-0.37183,0.89893,0.99117,0.438,-1.125,0.125,-0.1417,0.1619,-0.9482,0.2333
1782933201663,122210,0.18994,-0.37183,0.89893,0.99117,0.438,-1.125,0.125,-0.1417,0.1619,-0.9482,0.2333
1782933201724,122271,0.19263,-0.37305,0.90308,0.9959,-0.312,-0.125,0.25,-0.1419,0.162,-0.9481,0.2334
1782933201783,122330,0.1897,-0.37134,0.90405,0.99558,-0.25,0.0,0.0,-0.1419,0.162,-0.9481,0.2334
1782933201788,122335,0.19434,-0.37256,0.90601,0.99871,0.0,0.562,0.062,-0.1418,0.162,-0.9481,0.2334
1782933201789,122336,0.19238,-0.37231,0.90479,0.99713,0.062,0.312,-0.125,-0.1418,0.162,-0.9481,0.2334
1782933201843,122390,0.18652,-0.37012,0.90356,0.99408,0.062,0.125,-0.125,-0.1417,0.162,-0.9481,0.2334
1782933201844,122391,0.19263,-0.37109,0.90405,0.99605,0.0,-0.25,0.0,-0.1417,0.1621,-0.9481,0.2335
1782933201845,122392,0.19092,-0.37231,0.90454,0.99662,0.062,-0.438,-0.062,-0.1417,0.1621,-0.9481,0.2335
1782933201902,122449,0.18823,-0.37402,0.90356,0.99586,0.062,-0.438,0.0,-0.1417,0.1621,-0.9481,0.2335
1782933201903,122450,0.19189,-0.37109,0.90186,0.99392,0.25,-0.5,0.062,-0.1417,0.1621,-0.9481,0.2335
1782933201904,122451,0.19189,-0.37109,0.90186,0.99392,0.25,-0.5,0.062,-0.1417,0.1621,-0.9481,0.2335
1782933201962,122509,0.19043,-0.37061,0.9021,0.99368,-0.25,0.5,0.0,-0.1417,0.1621,-0.9481,0.2335
1782933201962,122509,0.19189,-0.37646,0.90601,0.9997,-0.25,0.5,0.0,-0.1417,0.1621,-0.9481,0.2335
1782933201963,122510,0.19189,-0.37646,0.90601,0.9997,-0.25,0.5,0.0,-0.1417,0.1621,-0.9481,0.2335
1782933202023,122570,0.18945,-0.37354,0.90479,0.99703,0.062,0.125,-0.062,-0.1416,0.1622,-0.9481,0.2335
1782933202024,122571,0.18823,-0.37231,0.90259,0.99434,0.0,0.0,-0.062,-0.1415,0.1622,-0.9481,0.2335
1782933202025,122572,0.19165,-0.37402,0.90576,0.99851,0.062,-0.375,0.125,-0.1415,0.1622,-0.9481,0.2336
1782933202084,122631,0.19263,-0.37427,0.90332,0.99658,0.062,0.0,0.0,-0.1416,0.1622,-0.9481,0.2336
1782933202084,122631,0.18799,-0.36963,0.90527,0.99573,0.188,-0.312,0.0,-0.1416,0.1622,-0.9481,0.2336
1782933202085,122632,0.18799,-0.36963,0.90527,0.99573,0.188,-0.312,0.0,-0.1416,0.1622,-0.9481,0.2336
1782933202143,122690,0.19287,-0.37427,0.90356,0.99684,0.062,-0.062,0.188,-0.1416,0.1622,-0.9481,0.2337
1782933202144,122691,0.19482,-0.37427,0.90503,0.99856,0.125,0.188,0.188,-0.1416,0.1622,-0.9481,0.2337
1782933202145,122692,0.18945,-0.37378,0.90283,0.99534,0.0,0.812,0.062,-0.1414,0.1622,-0.9481,0.2336
1782933202207,122754,0.18945,-0.37183,0.90259,0.99439,0.062,0.125,0.0,-0.1414,0.1622,-0.9481,0.2336
1782933202207,122754,0.18872,-0.375,0.90308,0.99589,0.062,0.312,0.0,-0.1413,0.1622,-0.9481,0.2336
1782933202209,122756,0.18677,-0.36914,0.90479,0.99488,0.062,-0.062,0.062,-0.1412,0.1622,-0.9481,0.2337
1782933202262,122809,0.18994,-0.37329,0.90259,0.99503,-0.062,-0.125,0.125,-0.1412,0.1622,-0.9481,0.2337
1782933202263,122810,0.19043,-0.37476,0.9021,0.99524,0.0,-0.438,0.0,-0.1413,0.1623,-0.9481,0.2337
1782933202264,122811,0.1897,-0.37085,0.90356,0.99496,0.062,0.125,0.25,-0.1412,0.1623,-0.9481,0.2337
1782933202323,122870,0.18921,-0.3728,0.89722,0.98984,0.0,0.125,-0.125,-0.1412,0.1623,-0.9481,0.2337
1782933202325,122872,0.18921,-0.37354,0.90283,0.99521,-0.438,0.312,0.0,-0.1412,0.1623,-0.9481,0.2337
1782933202327,122874,0.19116,-0.37207,0.90479,0.99681,0.0,0.062,0.25,-0.1411,0.1625,-0.9481,0.2337
1782933202381,122928,0.19238,-0.37451,0.90454,0.99773,0.0,-0.125,0.062,-0.1411,0.1625,-0.9481,0.2337
1782933202388,122935,0.19238,-0.37427,0.90454,0.99764,0.062,-0.125,0.0,-0.1411,0.1625,-0.9481,0.2337
1782933202390,122937,0.18896,-0.37207,0.90454,0.99616,0.188,-0.188,-0.062,-0.1412,0.1624,-0.9481,0.2338
1782933202443,122990,0.18872,-0.37402,0.9021,0.99463,0.125,-0.062,0.062,-0.1412,0.1624,-0.9481,0.2338
1782933202444,122991,0.18994,-0.37305,0.90332,0.99561,0.125,-0.812,-0.062,-0.1412,0.1624,-0.9481,0.2338
1782933202445,122992,0.18994,-0.37305,0.90332,0.99561,0.125,-0.812,-0.062,-0.1412,0.1624,-0.9481,0.2338
1782933202505,123052,0.18994,-0.37305,0.90332,0.99561,0.125,-0.812,-0.062,-0.1412,0.1624,-0.9481,0.2338
1782933202506,123053,0.19214,-0.37207,0.90186,0.99434,0.062,-0.375,0.25,-0.1413,0.1623,-0.9481,0.2338
1782933202507,123054,0.19214,-0.37207,0.90186,0.99434,0.062,-0.375,0.25,-0.1413,0.1623,-0.9481,0.2338
1782933202561,123108,0.18896,-0.37402,0.90308,0.99557,0.062,0.125,0.0,-0.1414,0.1622,-0.948,0.2338
1782933202562,123109,0.18823,-0.37573,0.90381,0.99673,-0.438,0.0,0.0,-0.1414,0.1622,-0.948,0.2338
1782933202563,123110,0.18677,-0.37305,0.90356,0.99522,0.062,-0.25,0.0,-0.1414,0.1623,-0.948,0.2339
1782933202623,123170,0.18677,-0.37305,0.90356,0.99522,0.062,-0.25,0.0,-0.1414,0.1623,-0.948,0.2339
1782933202625,123172,0.19116,-0.37573,0.90454,0.99795,0.125,-0.312,0.0,-0.1414,0.1623,-0.948,0.2339
1782933202626,123173,0.18823,-0.36987,0.89844,0.98966,0.0,-0.25,0.062,-0.1414,0.1622,-0.948,0.234
1782933202687,123234,0.18823,-0.36987,0.89844,0.98966,0.0,-0.25,0.062,-0.1414,0.1622,-0.948,0.234
1782933202688,123235,0.18872,-0.37329,0.90015,0.99259,-0.188,-0.125,0.125,-0.1414,0.1622,-0.948,0.234
1782933202689,123236,0.18872,-0.37451,0.90552,0.99792,0.188,-0.125,0.0,-0.1414,0.1623,-0.948,0.234
1782933202744,123291,0.18872,-0.37451,0.90552,0.99792,0.188,-0.125,0.0,-0.1414,0.1623,-0.948,0.234
1782933202744,123291,0.19019,-0.37695,0.90234,0.99623,0.25,0.0,-0.188,-0.1415,0.1623,-0.948,0.234
1782933202745,123292,0.19312,-0.37378,0.90015,0.99362,0.0,-0.438,0.125,-0.1415,0.1622,-0.9479,0.234
1782933202803,123350,0.19312,-0.37378,0.90015,0.99362,0.0,-0.438,0.125,-0.1415,0.1622,-0.9479,0.234
1782933202805,123352,0.19263,-0.37158,0.90601,0.99801,0.062,-0.562,-0.125,-0.1416,0.1622,-0.9479,0.234
1782933202807,123354,0.19116,-0.37573,0.90137,0.99508,0.188,0.25,-0.188,-0.1416,0.1621,-0.9479,0.234
1782933202863,123410,0.19116,-0.3728,0.90381,0.99619,0.062,0.312,-0.062,-0.1416,0.1621,-0.9479,0.234
1782933202864,123411,0.19116,-0.37573,0.90381,0.99729,-0.062,0.438,-0.062,-0.1416,0.1621,-0.9479,0.234
1782933202867,123414,0.1897,-0.37573,0.90234,0.99568,0.25,0.25,-0.188,-0.1414,0.1622,-0.948,0.234
1782933202923,123470,0.1897,-0.37573,0.90234,0.99568,0.25,0.25,-0.188,-0.1414,0.1622,-0.948,0.234
1782933202924,123471,0.18628,-0.37109,0.90747,0.99795,0.125,0.188,-0.375,-0.1414,0.1622,-0.948,0.234
1782933202925,123472,0.19067,-0.37183,0.8999,0.99219,0.188,-0.438,0.0,-0.1416,0.1621,-0.948,0.234
1782933202984,123531,0.18872,-0.37061,0.89966,0.99114,0.062,-0.25,-0.062,-0.1416,0.1621,-0.948,0.234
1782933202985,123532,0.18701,-0.37109,0.90479,0.99565,0.0,-0.562,0.0,-0.1416,0.1621,-0.948,0.2341
1782933202986,123533,0.18994,-0.37329,0.90332,0.9957,-0.125,-0.062,0.188,-0.1416,0.1621,-0.9479,0.2341
1782933203043,123590,0.18994,-0.37329,0.90332,0.9957,-0.125,-0.062,0.188,-0.1416,0.1621,-0.9479,0.2341
1782933203044,123591,0.19116,-0.37598,0.90698,1.00026,-0.188,0.125,0.0,-0.1416,0.1621,-0.9479,0.2341
1782933203045,123592,0.19214,-0.37427,0.90308,0.99627,0.062,-0.438,0.062,-0.1416,0.1621,-0.9479,0.2341
1782933203105,123652,0.18872,-0.37476,0.90576,0.99823,0.125,-0.375,-0.125,-0.1416,0.1621,-0.9479,0.2341
1782933203106,123653,0.19141,-0.37402,0.90405,0.99691,0.0,-0.5,0.0,-0.1417,0.1621,-0.9479,0.2341
1782933203106,123653,0.19165,-0.375,0.90454,0.99777,0.125,-0.188,0.0,-0.1417,0.162,-0.9479,0.2341
1782933203162,123709,0.19067,-0.36865,0.90527,0.99588,0.25,-0.375,-0.062,-0.1417,0.162,-0.9479,0.2341
1782933203162,123709,0.18677,-0.37134,0.90625,0.99703,0.25,-0.062,0.0,-0.1417,0.162,-0.9479,0.2341
1782933203163,123710,0.18994,-0.37256,0.90015,0.99255,0.125,-0.312,-0.062,-0.1418,0.1619,-0.9479,0.2342
1782933203223,123770,0.18896,-0.37158,0.8999,0.99176,0.125,-0.188,-0.188,-0.1418,0.1619,-0.9479,0.2342
1782933203224,123771,0.18701,-0.37085,0.9021,0.99312,0.062,-0.312,-0.062,-0.1418,0.1619,-0.9479,0.2342
1782933203226,123773,0.19238,-0.37622,0.90576,0.99948,0.062,-0.375,0.125,-0.1419,0.1619,-0.9479,0.2343
1782933203283,123830,0.19116,-0.37085,0.90479,0.99635,0.062,-0.375,0.125,-0.1419,0.1619,-0.9479,0.2343
1782933203284,123831,0.19043,-0.37378,0.90161,0.99442,0.125,-0.188,-0.188,-0.1419,0.1619,-0.9479,0.2343
1782933203285,123832,0.19141,-0.37427,0.90454,0.99745,-0.125,0.375,0.062,-0.1418,0.1619,-0.9479,0.2343
1782933203341,123888,0.19092,-0.37305,0.90625,0.99845,-0.125,0.375,0.062,-0.1418,0.162,-0.9479,0.2343
1782933203342,123889,0.18896,-0.37207,0.90649,0.99793,0.0,0.438,0.0,-0.1418,0.162,-0.9479,0.2343
1782933203343,123890,0.18896,-0.37207,0.90649,0.99793,0.0,0.438,0.0,-0.1418,0.162,-0.9479,0.2343
1782933203403,123950,0.19165,-0.37134,0.90405,0.99596,0.0,0.125,-0.062,-0.1416,0.162,-0.9479,0.2343
1782933203404,123951,0.18604,-0.37427,0.90625,0.99799,0.062,0.25,0.0,-0.1416,0.162,-0.9479,0.2343
1782933203405,123952,0.19092,-0.37158,0.90308,0.99503,0.188,-0.562,0.0,-0.1416,0.1619,-0.9479,0.2343
1782933203462,124009,0.18848,-0.37109,0.90405,0.99526,0.25,-0.875,0.0,-0.1416,0.1619,-0.9479,0.2343
1782933203462,124009,0.19385,-0.37524,0.90698,1.0005,0.062,-1.125,0.0,-0.1417,0.1619,-0.9479,0.2343
1782933203462,124009,0.19507,-0.37354,0.90527,0.99855,0.062,-0.5,0.125,-0.142,0.1618,-0.9479,0.2344
1782933203523,124070,0.19604,-0.37231,0.90601,0.99895,0.25,-0.25,-0.25,-0.142,0.1618,-0.9479,0.2344
1782933203588,124135,0.1936,-0.37402,0.90356,0.99689,0.062,-0.062,-0.188,-0.142,0.1618,-0.9479,0.2344
1782933203589,124136,0.18994,-0.37036,0.90015,0.99172,0.0,0.25,0.0,-0.1419,0.1618,-0.9479,0.2344
1782933203590,124137,0.19214,-0.36938,0.90308,0.99444,-0.062,0.312,0.125,-0.1418,0.1618,-0.9479,0.2344
1782933203641,124188,0.19092,-0.37378,0.90454,0.99717,0.188,0.25,0.0,-0.1418,0.1618,-0.9479,0.2344
1782933203641,124188,0.19043,-0.36914,0.90527,0.99601,0.188,-0.75,-0.062,-0.1419,0.1616,-0.9479,0.2344
1782933203642,124189,0.19312,-0.37207,0.9021,0.99474,-0.125,-0.062,0.062,-0.142,0.1615,-0.9479,0.2345
1782933203704,124251,0.19116,-0.37158,0.8999,0.99219,-0.25,-0.188,0.062,-0.142,0.1616,-0.9479,0.2345
1782933203706,124253,0.19141,-0.3728,0.90161,0.99424,-0.375,0.125,0.0,-0.142,0.1616,-0.9479,0.2345
1782933203706,124253,0.19141,-0.3728,0.90161,0.99424,-0.375,0.125,0.0,-0.142,0.1616,-0.9479,0.2345
1782933203762,124309,0.19189,-0.37085,0.90552,0.99715,0.062,-0.062,0.0,-0.142,0.1616,-0.9479,0.2345
1782933203764,124311,0.19238,-0.37061,0.9021,0.99406,0.125,-0.062,0.0,-0.142,0.1616,-0.9479,0.2345
1782933203767,124314,0.18945,-0.37476,0.90503,0.99771,-0.062,-0.438,0.062,-0.1419,0.1618,-0.9479,0.2346
1782933203822,124369,0.18774,-0.3728,0.90576,0.99731,0.062,-0.625,0.125,-0.1419,0.1618,-0.9478,0.2346
1782933203823,124370,0.19287,-0.3728,0.90625,0.99873,0.062,-0.75,0.062,-0.142,0.1617,-0.9478,0.2346
1782933203825,124372,0.19287,-0.3728,0.90625,0.99873,0.062,-0.75,0.062,-0.142,0.1617,-0.9478,0.2346
1782933203889,124436,0.18799,-0.37329,0.90283,0.99488,0.375,-0.25,-0.062,-0.1422,0.1615,-0.9478,0.2346
1782933203892,124439,0.19189,-0.37207,0.9021,0.99451,0.438,-0.062,-0.188,-0.1422,0.1615,-0.9478,0.2346
1782933203893,124440,0.1897,-0.375,0.90186,0.99497,-0.438,0.625,0.0,-0.142,0.1616,-0.9479,0.2346
1782933203945,124492,0.19189,-0.36938,0.90088,0.9924,-0.625,0.812,0.125,-0.142,0.1616,-0.9479,0.2346
1782933203946,124493,0.1897,-0.37183,0.90137,0.99333,-0.5,0.688,0.125,-0.1419,0.1616,-0.9479,0.2346
1782933203946,124493,0.1897,-0.37183,0.90137,0.99333,-0.5,0.688,0.125,-0.1419,0.1616,-0.9479,0.2346
1782933204008,124555,0.19092,-0.37134,0.90454,0.99626,-0.312,0.25,-0.125,-0.1417,0.1619,-0.9479,0.2346
1782933204010,124557,0.18921,-0.37695,0.90576,0.99915,-0.062,0.312,-0.062,-0.1417,0.1619,-0.9479,0.2346
1782933204011,124558,0.18921,-0.37695,0.90576,0.99915,-0.062,0.312,-0.062,-0.1417,0.1619,-0.9479,0.2346
1782933204063,124610,0.18921,-0.37695,0.90576,0.99915,-0.062,0.312,-0.062,-0.1417,0.1619,-0.9479,0.2346
1782933204065,124612,0.18726,-0.3728,0.8999,0.9919,0.5,-0.688,-0.25,-0.1414,0.1618,-0.9479,0.2345
1782933204068,124615,0.18726,-0.3728,0.8999,0.9919,0.5,-0.688,-0.25,-0.1414,0.1618,-0.9479,0.2345
1782933204123,124670,0.1958,-0.37329,0.90625,0.99949,1.25,-2.938,0.188,-0.1425,0.1613,-0.9478,0.2349
1782933204125,124672,0.19678,-0.37207,0.90308,0.99635,1.188,-2.625,0.0,-0.1426,0.1612,-0.9478,0.2349
1782933204127,124674,0.19678,-0.37207,0.90308,0.99635,1.188,-2.625,0.0,-0.1426,0.1612,-0.9478,0.2349
1782933204183,124730,0.19238,-0.3667,0.89697,0.98794,-1.062,3.25,0.0,-0.1424,0.1611,-0.9478,0.2348
1782933204184,124731,0.18726,-0.36963,0.89722,0.98828,-1.188,3.375,0.0,-0.1423,0.1612,-0.9478,0.2348
1782933204184,124731,0.18726,-0.36963,0.89722,0.98828,-1.188,3.375,0.0,-0.1423,0.1612,-0.9478,0.2348
1782933204243,124790,0.18774,-0.37598,0.90356,0.99651,-0.375,0.938,0.062,-0.1414,0.1619,-0.9479,0.2347
1782933204245,124792,0.18872,-0.37183,0.90332,0.99492,-0.562,0.438,0.062,-0.1414,0.1619,-0.9479,0.2347
1782933204246,124793,0.18872,-0.37183,0.90332,0.99492,-0.562,0.438,0.062,-0.1414,0.1619,-0.9479,0.2347
1782933204307,124854,0.18872,-0.37183,0.90332,0.99492,-0.562,0.438,0.062,-0.1414,0.1619,-0.9479,0.2347
1782933204308,124855,0.18481,-0.37573,0.90869,1.00052,0.875,-2.062,-0.062,-0.1417,0.1619,-0.9478,0.2348
1782933204309,124856,0.19312,-0.36914,0.90405,0.99542,0.5,-1.938,0.0,-0.1425,0.1612,-0.9478,0.235
1782933204363,124910,0.19409,-0.37134,0.90161,0.99422,0.562,-1.438,-0.125,-0.1426,0.1611,-0.9478,0.235
1782933204370,124917,0.19141,-0.37158,0.90112,0.99334,0.188,-1.375,-0.062,-0.1426,0.1611,-0.9478,0.2351
1782933204370,124917,0.19336,-0.37329,0.90112,0.99436,-0.312,1.062,0.062,-0.1426,0.1611,-0.9477,0.2351
1782933204423,124970,0.19336,-0.37134,0.89771,0.99054,-0.438,1.375,0.125,-0.1426,0.1612,-0.9477,0.2351
1782933204425,124972,0.19067,-0.37305,0.90283,0.9953,-0.625,1.562,0.0,-0.1425,0.1613,-0.9478,0.2351
1782933204426,124973,0.19067,-0.37305,0.90283,0.9953,-0.625,1.562,0.0,-0.1425,0.1613,-0.9478,0.2351
1782933204488,125035,0.19067,-0.37305,0.90283,0.9953,-0.625,1.562,0.0,-0.1425,0.1613,-0.9478,0.2351
1782933204489,125036,0.19092,-0.3728,0.9043,0.99659,-0.5,0.312,0.375,-0.142,0.1618,-0.9478,0.235
1782933204489,125036,0.18848,-0.3728,0.90698,0.99856,-0.062,-0.875,0.125,-0.1422,0.1619,-0.9476,0.2351
1782933204544,125091,0.19043,-0.37622,0.90454,0.998,-0.188,-1.125,0.125,-0.1423,0.1619,-0.9476,0.2351
1782933204545,125092,0.19434,-0.37695,0.90381,0.99836,-0.125,-1.125,0.062,-0.1423,0.1618,-0.9476,0.2351
1782933204546,125093,0.19336,-0.37378,0.90698,0.99986,0.625,-1.0,-0.125,-0.1426,0.1617,-0.9476,0.2352
1782933204605,125152,0.19336,-0.37378,0.90698,0.99986,0.625,-1.0,-0.125,-0.1426,0.1617,-0.9476,0.2352
1782933204606,125153,0.19312,-0.37451,0.90552,0.99876,0.938,-1.312,-0.188,-0.1427,0.1616,-0.9476,0.2352
1782933204608,125155,0.19043,-0.37451,0.89893,0.99227,0.5,-0.562,-0.125,-0.1429,0.1612,-0.9476,0.2352
1782933204664,125211,0.19116,-0.37573,0.90088,0.99464,0.062,-0.188,-0.25,-0.1429,0.1612,-0.9476,0.2352
1782933204723,125270,0.18872,-0.37061,0.90088,0.99225,0.125,-0.25,0.0,-0.1429,0.1612,-0.9476,0.2352
1782933204724,125271,0.1936,-0.37158,0.90186,0.99444,0.625,-0.562,-0.312,-0.143,0.161,-0.9476,0.2353
1782933204725,125272,0.19312,-0.37134,0.90308,0.99536,0.812,-0.375,-0.188,-0.143,0.161,-0.9476,0.2353
1782933204786,125333,0.19019,-0.37036,0.89917,0.99088,0.375,-0.375,-0.188,-0.143,0.1609,-0.9476,0.2353
1782933204788,125335,0.18921,-0.37158,0.9021,0.99381,-0.125,-0.312,0.125,-0.143,0.1609,-0.9476,0.2353
1782933204790,125337,0.19287,-0.37061,0.89771,0.99017,0.125,-0.062,-0.125,-0.1431,0.1608,-0.9476,0.2354
1782933204843,125390,0.19214,-0.37134,0.90088,0.99317,0.125,0.25,0.0,-0.143,0.1608,-0.9476,0.2354
1782933204844,125391,0.19141,-0.36768,0.90063,0.99144,-0.062,0.312,0.0,-0.143,0.1608,-0.9476,0.2354
1782933204845,125392,0.19043,-0.37207,0.90503,0.99688,0.062,-0.25,-0.062,-0.1428,0.1609,-0.9476,0.2354
1782933204904,125451,0.19043,-0.37207,0.90503,0.99688,0.062,-0.25,-0.062,-0.1428,0.1609,-0.9476,0.2354
1782933204905,125452,0.19287,-0.37207,0.91016,1.00201,0.438,-0.375,-0.188,-0.1428,0.1609,-0.9477,0.2354
1782933204907,125454,0.1936,-0.36987,0.90381,0.99557,0.438,-1.062,-0.188,-0.1431,0.1606,-0.9476,0.2354
1782933204968,125515,0.1936,-0.36987,0.90381,0.99557,0.438,-1.062,-0.188,-0.1431,0.1606,-0.9476,0.2354
1782933204970,125517,0.1936,-0.37036,0.89966,0.99199,0.562,-0.875,0.0,-0.1432,0.1605,-0.9476,0.2354
1782933204973,125520,0.19385,-0.36987,0.90283,0.99473,0.438,-0.375,0.0,-0.1434,0.1602,-0.9476,0.2355
1782933205023,125570,0.19385,-0.36987,0.90283,0.99473,0.438,-0.375,0.0,-0.1434,0.1602,-0.9476,0.2355
1782933205024,125571,0.19409,-0.3689,0.90234,0.99397,0.125,-0.562,0.125,-0.1434,0.1602,-0.9476,0.2355
1782933205027,125574,0.19409,-0.36865,0.90112,0.99277,-0.312,0.562,0.062,-0.1434,0.1602,-0.9476,0.2355
1782933205084,125631,0.19385,-0.36768,0.90234,0.99347,-0.562,0.875,0.0,-0.1433,0.1603,-0.9476,0.2355
1782933205084,125631,0.19312,-0.37134,0.90112,0.99358,-0.438,1.062,0.0,-0.1433,0.1603,-0.9476,0.2355
1782933205085,125632,0.19385,-0.37061,0.90308,0.99523,-0.875,0.375,0.312,-0.143,0.1607,-0.9476,0.2355
1782933205144,125691,0.19385,-0.37061,0.90308,0.99523,-0.875,0.375,0.312,-0.143,0.1607,-0.9476,0.2355
1782933205145,125692,0.19214,-0.37207,0.90381,0.99611,-0.938,0.375,0.188,-0.1429,0.1608,-0.9476,0.2355
1782933205146,125693,0.19165,-0.37207,0.90576,0.99778,-0.438,0.0,0.062,-0.1429,0.161,-0.9476,0.2355
1782933205203,125750,0.19165,-0.37109,0.90894,1.0003,-0.312,0.0,0.125,-0.1429,0.161,-0.9476,0.2355
1782933205205,125752,0.1958,-0.37549,0.90601,1.00009,0.062,0.25,0.062,-0.1429,0.1611,-0.9476,0.2355
1782933205264,125811,0.1958,-0.37549,0.90601,1.00009,0.062,0.25,0.062,-0.1429,0.1611,-0.9476,0.2355
1782933205270,125817,0.19385,-0.37158,0.90283,0.99537,0.375,-0.125,0.0,-0.1428,0.1611,-0.9476,0.2356
1782933205271,125818,0.19116,-0.37329,0.90332,0.99593,0.438,0.0,-0.062,-0.1428,0.161,-0.9476,0.2355
1782933205323,125870,0.19116,-0.37329,0.90332,0.99593,0.438,0.0,-0.062,-0.1428,0.161,-0.9476,0.2355
1782933205324,125871,0.19336,-0.37231,0.90234,0.9951,0.188,-0.125,0.0,-0.1428,0.161,-0.9476,0.2356
1782933205326,125873,0.19067,-0.37305,0.9043,0.99663,-0.188,-0.188,0.312,-0.1428,0.161,-0.9476,0.2357
1782933205383,125930,0.1936,-0.37183,0.90088,0.99364,-0.25,-0.188,0.125,-0.1428,0.161,-0.9476,0.2357
1782933205384,125931,0.18945,-0.37012,0.90454,0.99553,-0.125,0.062,0.125,-0.1428,0.161,-0.9476,0.2357
1782933205387,125934,0.19507,-0.37354,0.90552,0.99877,0.25,-0.188,0.0,-0.1428,0.161,-0.9476,0.2357
1782933205442,125989,0.19336,-0.37085,0.90332,0.99544,0.375,-0.25,-0.062,-0.1428,0.161,-0.9476,0.2357
1782933205443,125990,0.19434,-0.37305,0.89966,0.99314,0.312,-0.5,0.0,-0.1429,0.161,-0.9476,0.2357
1782933205444,125991,0.19189,-0.375,0.90283,0.99627,0.0,0.25,-0.125,-0.1428,0.1609,-0.9476,0.2357
1782933205504,126051,0.19019,-0.37231,0.90967,1.00114,0.25,0.062,-0.125,-0.1428,0.1609,-0.9476,0.2357
1782933205505,126052,0.19312,-0.3689,0.90283,0.99423,0.125,0.062,0.0,-0.1428,0.1609,-0.9476,0.2357
1782933205507,126054,0.19556,-0.37207,0.90698,0.99965,-0.375,-0.062,0.188,-0.1426,0.161,-0.9476,0.2357
1782933205565,126112,0.18896,-0.37305,0.90186,0.99409,-0.188,0.0,0.125,-0.1426,0.161,-0.9476,0.2357
1782933205567,126114,0.19263,-0.37109,0.90479,0.99672,-0.375,-0.062,0.0,-0.1426,0.161,-0.9476,0.2357
1782933205567,126114,0.18994,-0.37134,0.90234,0.99408,0.0,-0.062,0.0,-0.1426,0.1611,-0.9476,0.2358
1782933205623,126170,0.19238,-0.37231,0.90601,0.99824,-0.188,0.0,0.125,-0.1426,0.1611,-0.9475,0.2358
1782933205624,126171,0.1936,-0.37402,0.90771,1.00065,-0.125,-0.062,0.125,-0.1426,0.1611,-0.9475,0.2358
1782933205627,126174,0.19189,-0.37476,0.90479,0.99795,0.375,0.062,-0.125,-0.1425,0.1611,-0.9476,0.2358
1782933205683,126230,0.19482,-0.37231,0.90576,0.99848,0.312,-0.062,0.0,-0.1425,0.1611,-0.9476,0.2358
1782933205684,126231,0.19312,-0.37109,0.90649,0.99836,0.5,0.125,-0.125,-0.1425,0.1611,-0.9476,0.2358
1782933205685,126232,0.19312,-0.37109,0.90649,0.99836,0.5,0.125,-0.125,-0.1425,0.1611,-0.9476,0.2358
1782933205742,126289,0.18872,-0.37573,0.90137,0.99461,0.062,-0.562,0.062,-0.1425,0.161,-0.9476,0.2358
1782933205743,126290,0.19409,-0.37061,0.9043,0.99638,0.062,-0.625,0.062,-0.1425,0.161,-0.9476,0.2359
1782933205744,126291,0.19409,-0.37061,0.9043,0.99638,0.062,-0.625,0.062,-0.1425,0.161,-0.9476,0.2359
1782933205802,126349,0.19263,-0.3728,0.90161,0.99448,-0.125,0.25,0.062,-0.1426,0.161,-0.9475,0.2359
1782933205803,126350,0.19092,-0.37305,0.90137,0.99402,-0.375,0.25,0.125,-0.1426,0.161,-0.9475,0.2359
1782933205805,126352,0.19287,-0.37231,0.90308,0.99567,-0.125,0.125,0.062,-0.1424,0.1613,-0.9475,0.2359
1782933205861,126408,0.19482,-0.37427,0.90771,1.00098,0.0,0.188,0.0,-0.1424,0.1613,-0.9475,0.2359
1782933205866,126413,0.19165,-0.37183,0.90186,0.99415,0.0,0.312,0.125,-0.1423,0.1613,-0.9475,0.2359
1782933205866,126413,0.19165,-0.37183,0.90186,0.99415,0.0,0.312,0.125,-0.1423,0.1613,-0.9475,0.2359
1782933205924,126471,0.19019,-0.37134,0.90161,0.99346,-0.125,0.0,0.188,-0.1423,0.1614,-0.9475,0.2359
1782933205984,126531,0.19312,-0.37451,0.90576,0.99898,0.0,-0.312,0.062,-0.1423,0.1614,-0.9475,0.236
1782933205985,126532,0.19141,-0.37378,0.90283,0.99572,0.062,-0.125,0.188,-0.1423,0.1614,-0.9475,0.236
1782933205986,126533,0.19385,-0.37134,0.90015,0.99285,0.062,0.0,0.0,-0.1423,0.1614,-0.9475,0.236
1782933206044,126591,0.19189,-0.37134,0.9021,0.99423,0.062,0.0,-0.062,-0.1423,0.1614,-0.9475,0.236
1782933206046,126593,0.19043,-0.37427,0.89844,0.99173,0.0,-0.312,0.0,-0.1423,0.1614,-0.9475,0.236
1782933206049,126596,0.19043,-0.37427,0.89844,0.99173,0.0,-0.312,0.0,-0.1423,0.1614,-0.9475,0.236
1782933206104,126651,0.19263,-0.37207,0.90332,0.99576,0.0,0.0,-0.125,-0.1423,0.1614,-0.9475,0.2362
1782933206106,126653,0.18921,-0.3728,0.90186,0.99405,0.062,0.125,0.0,-0.1423,0.1614,-0.9475,0.2362
1782933206106,126653,0.18921,-0.3728,0.90186,0.99405,0.062,0.125,0.0,-0.1423,0.1614,-0.9475,0.2362
1782933206163,126710,0.19409,-0.37183,0.90796,1.00016,0.062,-0.062,0.25,-0.1423,0.1614,-0.9475,0.2362
1782933206165,126712,0.19287,-0.3728,0.90405,0.99674,0.062,-0.062,0.0,-0.1423,0.1614,-0.9475,0.2362
1782933206166,126713,0.19287,-0.3728,0.90405,0.99674,0.062,-0.062,0.0,-0.1423,0.1614,-0.9475,0.2362
1782933206223,126770,0.1897,-0.37231,0.90088,0.99307,0.188,-0.125,-0.188,-0.1423,0.1613,-0.9475,0.2362
1782933206224,126771,0.18848,-0.37305,0.9021,0.99422,-0.25,-0.438,0.062,-0.1423,0.1613,-0.9475,0.2362
1782933206226,126773,0.18994,-0.36841,0.90308,0.99366,-0.062,-0.062,0.062,-0.1423,0.1613,-0.9475,0.2363
1782933206282,126829,0.18994,-0.36841,0.90308,0.99366,-0.062,-0.062,0.062,-0.1423,0.1613,-0.9475,0.2363
1782933206283,126830,0.18945,-0.37402,0.90552,0.99787,-0.188,0.0,0.0,-0.1423,0.1614,-0.9475,0.2363
1782933206283,126830,0.19067,-0.37329,0.90259,0.99517,0.188,0.0,-0.125,-0.1423,0.1614,-0.9475,0.2363
1782933206343,126890,0.19019,-0.37402,0.90405,0.99668,0.188,-0.062,0.0,-0.1423,0.1614,-0.9475,0.2363
1782933206403,126950,0.19214,-0.3728,0.90381,0.99638,0.125,-0.188,0.0,-0.1423,0.1614,-0.9475,0.2363
1782933206404,126951,0.19312,-0.37134,0.90405,0.99624,0.438,-0.5,0.125,-0.1423,0.1613,-0.9475,0.2363
1782933206407,126954,0.19312,-0.37134,0.90405,0.99624,0.438,-0.5,0.125,-0.1423,0.1613,-0.9475,0.2363
1782933206461,127008,0.19092,-0.37134,0.90356,0.99537,0.688,-0.438,-0.125,-0.1423,0.1613,-0.9475,0.2363
1782933206462,127009,0.19214,-0.37305,0.90088,0.99382,0.125,-0.562,0.0,-0.1425,0.1611,-0.9475,0.2364
1782933206463,127010,0.19482,-0.37207,0.90283,0.99574,-0.25,0.0,0.062,-0.1425,0.1612,-0.9474,0.2365
1782933206524,127071,0.19287,-0.37524,0.9043,0.99788,-0.312,0.562,0.0,-0.1425,0.1613,-0.9474,0.2365
1782933206525,127072,0.19287,-0.37305,0.90674,0.99927,-0.062,0.438,-0.125,-0.1425,0.1613,-0.9474,0.2365
1782933206527,127074,0.19067,-0.37036,0.90259,0.99408,-0.25,0.312,0.125,-0.1422,0.1614,-0.9474,0.2365
1782933206583,127130,0.19067,-0.37036,0.90259,0.99408,-0.25,0.312,0.125,-0.1422,0.1614,-0.9474,0.2365
1782933206584,127131,0.18945,-0.37207,0.90283,0.9947,-0.125,0.125,0.125,-0.1422,0.1614,-0.9474,0.2365
1782933206586,127133,0.19214,-0.37256,0.90552,0.99784,0.188,-0.938,-0.062,-0.1422,0.1614,-0.9474,0.2365
1782933206642,127189,0.19214,-0.37256,0.90552,0.99784,0.188,-0.938,-0.062,-0.1422,0.1614,-0.9474,0.2365
1782933206642,127189,0.18994,-0.37354,0.90356,0.99601,0.438,-1.062,-0.062,-0.1423,0.1614,-0.9474,0.2365
1782933206643,127190,0.19263,-0.37378,0.90527,0.99816,0.25,-0.5,0.0,-0.1425,0.1612,-0.9473,0.2366
1782933206704,127251,0.19263,-0.37378,0.90527,0.99816,0.25,-0.5,0.0,-0.1425,0.1612,-0.9473,0.2366
1782933206706,127253,0.19482,-0.37207,0.9043,0.99707,0.25,-0.188,-0.062,-0.1425,0.1611,-0.9473,0.2366
1782933206708,127255,0.19287,-0.37036,0.90259,0.9945,0.125,0.188,-0.062,-0.1425,0.1611,-0.9474,0.2366
1782933206761,127308,0.19043,-0.36816,0.90015,0.991,0.188,0.188,0.0,-0.1425,0.1611,-0.9474,0.2366
1782933206762,127309,0.18921,-0.36865,0.90161,0.99227,0.062,0.125,0.0,-0.1425,0.161,-0.9474,0.2366
1782933206764,127311,0.19214,-0.37402,0.90112,0.9944,-0.25,-0.125,0.188,-0.1424,0.1612,-0.9474,0.2366
1782933206823,127370,0.19214,-0.37402,0.90112,0.9944,-0.25,-0.125,0.188,-0.1424,0.1612,-0.9474,0.2366
1782933206824,127371,0.19189,-0.36914,0.90552,0.99652,-0.125,-0.125,0.125,-0.1424,0.1612,-0.9474,0.2366
1782933206827,127374,0.19165,-0.36792,0.90454,0.99513,-0.062,-0.375,0.062,-0.1425,0.1612,-0.9473,0.2367
1782933206884,127431,0.19238,-0.37256,0.90625,0.99855,0.0,-0.438,0.0,-0.1425,0.1612,-0.9473,0.2367
1782933206885,127432,0.19336,-0.37329,0.90112,0.99436,-0.062,-0.188,-0.062,-0.1425,0.1612,-0.9473,0.2367
1782933206886,127433,0.18848,-0.37305,0.90527,0.9971,-0.125,0.188,0.0,-0.1425,0.1613,-0.9473,0.2367
1782933206942,127489,0.19507,-0.37036,0.9021,0.99449,-0.25,0.0,0.0,-0.1425,0.1613,-0.9473,0.2367
1782933206943,127490,0.19189,-0.37329,0.90405,0.99673,-0.062,0.188,0.0,-0.1425,0.1613,-0.9473,0.2367
1782933206944,127491,0.19238,-0.37451,0.90259,0.99596,0.0,0.0,0.125,-0.1423,0.1613,-0.9473,0.2367
1782933207002,127549,0.19238,-0.37451,0.90259,0.99596,0.0,0.0,0.125,-0.1423,0.1613,-0.9473,0.2367
1782933207002,127549,0.19165,-0.37134,0.90454,0.9964,0.0,0.312,0.0,-0.1423,0.1613,-0.9473,0.2367
1782933207003,127550,0.19165,-0.37134,0.90454,0.9964,0.0,0.312,0.0,-0.1423,0.1613,-0.9473,0.2367
1782933207062,127609,0.1897,-0.37524,0.90356,0.9966,0.062,-0.5,0.062,-0.1422,0.1614,-0.9473,0.2368
1782933207064,127611,0.19019,-0.37354,0.90625,0.9985,0.0,-0.25,0.062,-0.1423,0.1614,-0.9473,0.2368
1782933207066,127613,0.19019,-0.37354,0.90625,0.9985,0.0,-0.25,0.062,-0.1423,0.1614,-0.9473,0.2368
1782933207124,127671,0.19019,-0.37036,0.90063,0.99221,0.062,-0.5,0.0,-0.1423,0.1614,-0.9473,0.2368
1782933207125,127672,0.19043,-0.37183,0.90479,0.99658,0.062,-0.312,0.062,-0.1423,0.1614,-0.9473,0.2368
1782933207128,127675,0.19214,-0.37158,0.90234,0.99459,0.625,0.188,-0.125,-0.1423,0.1613,-0.9473,0.2368
1782933207182,127729,0.19189,-0.37329,0.90576,0.99828,0.688,0.0,-0.25,-0.1423,0.1612,-0.9473,0.2368
1782933207183,127730,0.19092,-0.37476,0.9043,0.99732,0.188,0.125,-0.188,-0.1423,0.1612,-0.9473,0.2368
1782933207183,127730,0.1875,-0.36963,0.90479,0.9952,0.375,0.0,0.0,-0.1422,0.1611,-0.9473,0.2368
1782933207243,127790,0.19116,-0.3728,0.90381,0.99619,0.25,-0.375,-0.125,-0.1422,0.1611,-0.9473,0.2368
1782933207246,127793,0.1936,-0.36938,0.9021,0.99383,0.312,-0.188,-0.125,-0.1422,0.1611,-0.9473,0.2368
1782933207257,127804,0.19043,-0.37378,0.89844,0.99155,-0.25,-0.375,0.188,-0.1424,0.161,-0.9473,0.2369
1782933207305,127852,0.19214,-0.37231,0.89966,0.99243,-0.062,-0.125,0.062,-0.1424,0.161,-0.9473,0.2369
1782933207306,127853,0.19116,-0.3728,0.90527,0.99751,-0.5,0.125,0.188,-0.1424,0.161,-0.9473,0.2369
1782933207308,127855,0.19287,-0.37354,0.90747,1.00012,-0.25,0.375,0.062,-0.1424,0.1613,-0.9473,0.2369
1782933207363,127910,0.19287,-0.37354,0.90747,1.00012,-0.25,0.375,0.062,-0.1424,0.1613,-0.9473,0.2369
1782933207368,127915,0.19214,-0.375,0.90576,0.99897,-0.188,0.25,0.125,-0.1423,0.1613,-0.9473,0.2369
1782933207369,127916,0.19067,-0.36841,0.9021,0.99291,-0.125,0.125,0.0,-0.1422,0.1614,-0.9473,0.2369
1782933207425,127972,0.19409,-0.37329,0.90405,0.99716,0.0,0.0,0.125,-0.1422,0.1614,-0.9473,0.2369
1782933207428,127975,0.19214,-0.37354,0.90259,0.99555,0.062,0.25,0.0,-0.1422,0.1614,-0.9473,0.2369
1782933207429,127976,0.19092,-0.37109,0.89893,0.99108,0.062,-0.375,-0.062,-0.1422,0.1614,-0.9473,0.2369
1782933207489,128036,0.19385,-0.36963,0.89966,0.99176,0.062,-0.312,-0.125,-0.1422,0.1613,-0.9473,0.2369
1782933207491,128038,0.19214,-0.37256,0.90161,0.99429,0.062,-0.5,0.062,-0.1422,0.1613,-0.9473,0.2369
1782933207495,128042,0.1897,-0.37427,0.9021,0.99491,0.062,-0.75,0.062,-0.1423,0.1613,-0.9473,0.237
1782933207543,128090,0.19336,-0.3728,0.90356,0.99639,0.312,-0.812,0.0,-0.1424,0.1612,-0.9473,0.237
1782933207544,128091,0.19067,-0.37158,0.90283,0.99475,0.062,-0.812,0.0,-0.1424,0.1612,-0.9473,0.237
1782933207546,128093,0.19141,-0.37061,0.89941,0.99143,0.188,0.0,-0.062,-0.1426,0.1611,-0.9473,0.237
1782933207604,128151,0.19141,-0.37402,0.89819,0.9916,0.062,0.25,0.0,-0.1426,0.1611,-0.9473,0.237
1782933207662,128209,0.19189,-0.37256,0.90381,0.99624,0.0,0.312,-0.125,-0.1426,0.1611,-0.9473,0.237
1782933207665,128212,0.19189,-0.37256,0.90381,0.99624,0.0,0.312,-0.125,-0.1426,0.1611,-0.9473,0.237
1782933207666,128213,0.19189,-0.37256,0.90381,0.99624,0.0,0.312,-0.125,-0.1426,0.1611,-0.9473,0.237
1782933207724,128271,0.19019,-0.37183,0.90283,0.99475,0.062,0.125,-0.062,-0.1424,0.1611,-0.9473,0.2369
1782933207725,128272,0.19189,-0.37012,0.90576,0.9971,0.062,-0.875,0.25,-0.1425,0.1611,-0.9473,0.237
1782933207786,128333,0.19214,-0.37207,0.90601,0.9981,0.125,0.0,0.0,-0.1427,0.1611,-0.9472,0.2371
1782933207789,128336,0.19238,-0.37012,0.90503,0.99653,0.062,-0.125,0.0,-0.1427,0.1611,-0.9472,0.2371
1782933207790,128337,0.19238,-0.37378,0.90259,0.99569,0.062,-0.062,0.0,-0.1427,0.1611,-0.9472,0.2371
1782933207842,128389,0.19238,-0.37378,0.90259,0.99569,0.062,-0.062,0.0,-0.1427,0.1611,-0.9472,0.2371
1782933207843,128390,0.18921,-0.3667,0.90308,0.99289,0.0,0.312,0.125,-0.1426,0.1611,-0.9472,0.2371
1782933207844,128391,0.19067,-0.37061,0.90625,0.99749,0.062,-0.438,0.125,-0.1426,0.1611,-0.9472,0.2371
1782933207901,128448,0.19067,-0.37524,0.9043,0.99746,0.062,-0.812,0.0,-0.1426,0.1611,-0.9472,0.2372
1782933207902,128449,0.19067,-0.37354,0.90381,0.99637,0.188,-0.375,0.125,-0.1426,0.1611,-0.9472,0.2372
1782933207904,128451,0.19067,-0.37354,0.90381,0.99637,0.188,-0.375,0.125,-0.1426,0.1611,-0.9472,0.2372
1782933207961,128508,0.19263,-0.37256,0.90552,0.99793,-0.188,0.188,-0.062,-0.1427,0.1611,-0.9472,0.2373
1782933207961,128508,0.19189,-0.37305,0.90381,0.99642,-0.125,0.0,0.0,-0.1427,0.1611,-0.9472,0.2373
1782933207962,128509,0.19238,-0.36987,0.90112,0.99289,0.0,0.0,0.0,-0.1426,0.1611,-0.9472,0.2372
1782933208022,128569,0.19189,-0.37231,0.90039,0.99305,0.062,0.0,-0.062,-0.1426,0.1611,-0.9472,0.2372
1782933208023,128570,0.19043,-0.37256,0.90308,0.9953,0.0,0.0,0.062,-0.1426,0.1611,-0.9472,0.2372
1782933208023,128570,0.1958,-0.36963,0.90576,0.99768,0.0,0.062,0.125,-0.1426,0.1611,-0.9472,0.2373
1782933208082,128629,0.1897,-0.37158,0.90356,0.99523,0.062,0.0,-0.125,-0.1426,0.1611,-0.9472,0.2373
1782933208082,128629,0.19019,-0.37134,0.90405,0.99568,0.0,0.062,-0.062,-0.1426,0.1611,-0.9472,0.2373
1782933208083,128630,0.19019,-0.37134,0.90405,0.99568,0.0,0.062,-0.062,-0.1426,0.1611,-0.9472,0.2373
1782933208142,128689,0.19238,-0.37134,0.90161,0.99388,-0.438,0.125,0.125,-0.1425,0.1613,-0.9472,0.2373
1782933208143,128690,0.19092,-0.3728,0.90283,0.99525,-0.562,0.438,0.188,-0.1425,0.1613,-0.9472,0.2373
1782933208144,128691,0.19238,-0.37085,0.90332,0.99525,0.0,0.25,0.0,-0.1423,0.1614,-0.9472,0.2373
1782933208204,128751,0.18945,-0.37134,0.90161,0.99332,-0.188,-0.25,-0.125,-0.1423,0.1614,-0.9472,0.2373
1782933208206,128753,0.19019,-0.37036,0.90405,0.99531,0.062,0.0,0.125,-0.1423,0.1614,-0.9472,0.2373
1782933208207,128754,0.19019,-0.37036,0.90405,0.99531,0.062,0.0,0.125,-0.1423,0.1614,-0.9472,0.2373
1782933208262,128809,0.18921,-0.37402,0.90356,0.99605,0.0,-0.375,0.188,-0.1423,0.1614,-0.9472,0.2374
1782933208263,128810,0.19287,-0.37207,0.90527,0.99757,0.0,-0.25,0.125,-0.1423,0.1614,-0.9472,0.2374
1782933208269,128816,0.19287,-0.37207,0.90527,0.99757,0.0,-0.25,0.125,-0.1423,0.1614,-0.9472,0.2374
1782933208323,128870,0.19434,-0.37573,0.90234,0.99657,-0.125,0.188,0.0,-0.1424,0.1614,-0.9472,0.2374
1782933208324,128871,0.19189,-0.375,0.90723,1.00026,-0.062,0.0,-0.125,-0.1424,0.1614,-0.9472,0.2374
1782933208325,128872,0.18848,-0.37158,0.9043,0.99567,0.25,-0.125,0.125,-0.1422,0.1614,-0.9472,0.2374
1782933208383,128930,0.19141,-0.37378,0.90381,0.99661,0.438,-0.25,0.0,-0.1422,0.1614,-0.9472,0.2374
1782933208385,128932,0.19263,-0.37061,0.90454,0.99632,0.312,-0.312,0.0,-0.1422,0.1614,-0.9472,0.2374
1782933208388,128935,0.19263,-0.37061,0.90454,0.99632,0.312,-0.312,0.0,-0.1422,0.1614,-0.9472,0.2374
1782933208443,128990,0.19189,-0.36963,0.90356,0.99492,0.125,-1.0,-0.125,-0.1425,0.1612,-0.9472,0.2375
1782933208443,128990,0.19189,-0.3689,0.90283,0.99399,0.125,-0.625,-0.125,-0.1425,0.1612,-0.9472,0.2375
1782933208444,128991,0.19507,-0.37378,0.90698,1.00019,0.0,0.188,-0.062,-0.1426,0.1612,-0.9472,0.2375
1782933208504,129051,0.19312,-0.37183,0.90723,0.99931,0.062,0.0,0.062,-0.1426,0.1612,-0.9472,0.2375
1782933208505,129052,0.19019,-0.37354,0.90356,0.99605,0.062,0.062,-0.062,-0.1426,0.1612,-0.9472,0.2375
1782933208507,129054,0.19141,-0.37036,0.90381,0.99533,0.062,0.062,-0.125,-0.1425,0.1612,-0.9472,0.2375
1782933208561,129108,0.19141,-0.37036,0.90381,0.99533,0.062,0.062,-0.125,-0.1425,0.1612,-0.9472,0.2375
1782933208561,129108,0.19336,-0.37012,0.90381,0.99562,0.062,0.062,-0.125,-0.1425,0.1611,-0.9472,0.2375
1782933208563,129110,0.19092,-0.37207,0.9043,0.99632,-0.188,-0.188,0.0,-0.1424,0.1611,-0.9472,0.2375
1782933208624,129171,0.19092,-0.37207,0.9043,0.99632,-0.188,-0.188,0.0,-0.1424,0.1611,-0.9472,0.2375
1782933208625,129172,0.19165,-0.37329,0.90576,0.99824,-0.125,-0.062,0.188,-0.1424,0.1612,-0.9472,0.2376
1782933208626,129173,0.18896,-0.37207,0.90503,0.9966,0.062,0.062,-0.062,-0.1424,0.1613,-0.9471,0.2376
1782933208685,129232,0.1897,-0.37012,0.9021,0.99336,-0.188,0.0,-0.062,-0.1424,0.1613,-0.9471,0.2376
1782933208687,129234,0.19263,-0.37378,0.90234,0.99551,-0.312,0.125,0.0,-0.1424,0.1613,-0.9471,0.2376
1782933208688,129235,0.19165,-0.37329,0.9043,0.99691,-0.625,0.5,0.062,-0.1422,0.1615,-0.9471,0.2376
1782933208742,129289,0.18799,-0.37598,0.90576,0.99855,-0.25,0.625,0.188,-0.1422,0.1616,-0.9471,0.2376
1782933208742,129289,0.19434,-0.37378,0.90454,0.99783,-0.25,0.5,0.25,-0.1422,0.1616,-0.9471,0.2376
1782933208743,129290,0.18945,-0.37256,0.90234,0.99444,0.375,-0.125,0.0,-0.1421,0.1616,-0.9471,0.2376
1782933208803,129350,0.19263,-0.37427,0.90234,0.99569,0.125,-0.5,-0.125,-0.1421,0.1616,-0.9471,0.2376
1782933208804,129351,0.19043,-0.37158,0.90332,0.99515,0.062,-0.188,0.0,-0.1421,0.1615,-0.9471,0.2376
1782933208805,129352,0.19287,-0.37109,0.90234,0.99455,0.0,0.0,-0.062,-0.1422,0.1615,-0.9471,0.2377
1782933208861,129408,0.18945,-0.37134,0.9021,0.99377,0.062,0.125,-0.062,-0.1421,0.1615,-0.9471,0.2377
1782933208863,129410,0.18774,-0.37085,0.90283,0.99392,-0.188,0.062,-0.125,-0.1421,0.1615,-0.9471,0.2377
1782933208876,129423,0.18652,-0.37354,0.9043,0.99603,-0.312,0.0,0.25,-0.142,0.1617,-0.9471,0.2377
1782933208924,129471,0.1936,-0.37329,0.90259,0.99574,-0.312,0.062,0.25,-0.142,0.1617,-0.9471,0.2377
1782933208925,129472,0.18945,-0.37158,0.90405,0.99563,-0.25,0.0,0.188,-0.142,0.1618,-0.9471,0.2377
1782933208926,129473,0.18945,-0.37427,0.90625,0.99863,0.062,0.125,0.062,-0.1419,0.1618,-0.947,0.2377
1782933208982,129529,0.19092,-0.37451,0.90332,0.99634,-0.25,0.562,0.125,-0.1419,0.1619,-0.947,0.2377
1782933208982,129529,0.19263,-0.37402,0.90186,0.99516,-0.062,0.375,-0.062,-0.1419,0.1619,-0.947,0.2377
1782933208983,129530,0.18652,-0.37183,0.90356,0.99472,0.062,0.062,0.0,-0.1417,0.1619,-0.9471,0.2377
1782933209043,129590,0.18652,-0.37183,0.90356,0.99472,0.062,0.062,0.0,-0.1417,0.1619,-0.9471,0.2377
1782933209043,129590,0.19092,-0.37402,0.90186,0.99483,0.062,-0.062,0.0,-0.1417,0.1619,-0.9471,0.2377
1782933209044,129591,0.19116,-0.37256,0.90161,0.9941,0.0,-0.312,0.125,-0.1419,0.1619,-0.947,0.2378
1782933209103,129650,0.19019,-0.37305,0.90137,0.99388,-0.25,-0.125,0.062,-0.1419,0.1619,-0.947,0.2378
1782933209104,129651,0.19067,-0.37402,0.90503,0.99766,0.0,-0.062,0.0,-0.1419,0.1619,-0.947,0.2378
1782933209108,129655,0.18677,-0.37305,0.9043,0.9959,-0.312,0.375,0.188,-0.1417,0.1621,-0.947,0.2379
1782933209162,129709,0.19165,-0.37476,0.90356,0.99679,-0.125,0.688,0.188,-0.1417,0.1621,-0.947,0.2379
1782933209163,129710,0.19043,-0.37402,0.90698,0.99938,-0.062,-0.125,0.062,-0.1417,0.1622,-0.947,0.2379
1782933209164,129711,0.18799,-0.37378,0.90186,0.99418,0.062,-0.438,0.0,-0.1417,0.1622,-0.947,0.2379
1782933209223,129770,0.18774,-0.37329,0.90479,0.99661,0.062,-0.375,-0.125,-0.1417,0.1622,-0.947,0.2379
1782933209223,129770,0.19019,-0.37256,0.90454,0.99658,0.062,-0.5,-0.188,-0.1417,0.1622,-0.947,0.2379
1782933209225,129772,0.18872,-0.37061,0.9021,0.99335,0.062,-0.5,-0.125,-0.1419,0.1621,-0.947,0.2379
1782933209282,129829,0.19067,-0.37061,0.90137,0.99306,0.188,-0.25,-0.062,-0.1419,0.1621,-0.947,0.2379
1782933209283,129830,0.19287,-0.37109,0.9021,0.99433,0.25,-0.438,0.0,-0.1419,0.1621,-0.947,0.2379
1782933209288,129835,0.18896,-0.37671,0.90356,0.99701,0.0,0.438,0.0,-0.1419,0.1621,-0.947,0.2379
1782933209344,129891,0.18848,-0.37695,0.90308,0.99658,-0.125,0.562,0.0,-0.1419,0.1621,-0.947,0.2379
1782933209345,129892,0.18726,-0.37451,0.90015,0.99277,-0.375,0.312,0.0,-0.1419,0.1622,-0.947,0.2379
1782933209349,129896,0.19092,-0.37891,0.90454,0.99911,0.062,-0.5,0.125,-0.1419,0.1623,-0.9469,0.238
1782933209403,129950,0.19312,-0.37183,0.90649,0.99864,0.188,-0.5,0.062,-0.1419,0.1622,-0.9469,0.238
1782933209405,129952,0.18726,-0.37329,0.90625,0.99785,0.125,-0.5,0.0,-0.1419,0.1622,-0.9469,0.238
1782933209407,129954,0.18774,-0.37378,0.89722,0.98993,-0.625,0.5,0.25,-0.1419,0.1623,-0.9469,0.238
1782933209462,130009,0.18945,-0.37354,0.90063,0.99326,-0.875,0.875,0.188,-0.1419,0.1624,-0.9469,0.238
1782933209465,130012,0.19092,-0.37646,0.90601,0.99951,-0.875,0.875,0.312,-0.1417,0.1625,-0.9469,0.238
1782933209466,130013,0.18823,-0.37427,0.90186,0.99441,0.125,-0.125,0.0,-0.1416,0.1627,-0.9468,0.238
1782933209523,130070,0.18726,-0.37549,0.90625,0.99867,0.062,-0.25,0.125,-0.1416,0.1627,-0.9468,0.238
1782933209523,130070,0.1936,-0.37524,0.90356,0.99735,0.125,-0.312,0.0,-0.1417,0.1627,-0.9468,0.238
1782933209524,130071,0.19067,-0.37451,0.90186,0.99497,-0.125,0.125,0.25,-0.1416,0.1628,-0.9468,0.2381
1782933209583,130130,0.19067,-0.37451,0.90186,0.99497,-0.125,0.125,0.25,-0.1416,0.1628,-0.9468,0.2381
1782933209585,130132,0.19019,-0.37305,0.90234,0.99476,-0.062,0.0,0.0,-0.1416,0.1628,-0.9468,0.2381
1782933209586,130133,0.1875,-0.37598,0.90063,0.99381,-0.375,0.0,0.125,-0.1416,0.1628,-0.9468,0.2382
1782933209642,130189,0.19043,-0.37695,0.90112,0.99517,-0.688,0.062,0.125,-0.1416,0.1628,-0.9468,0.2382
1782933209643,130190,0.18555,-0.37671,0.89795,0.99129,-0.312,0.438,0.0,-0.1416,0.1629,-0.9468,0.2382
1782933209643,130190,0.18457,-0.37744,0.90503,0.9978,0.312,0.0,0.0,-0.1413,0.163,-0.9468,0.2381
1782933209702,130249,0.18994,-0.37402,0.90381,0.99641,0.062,-0.125,0.0,-0.1413,0.163,-0.9468,0.2381
1782933209703,130250,0.18823,-0.37549,0.90649,0.99907,0.062,-0.25,0.062,-0.1413,0.163,-0.9468,0.2381
1782933209705,130252,0.18945,-0.3728,0.91724,1.00807,0.312,-0.75,-0.062,-0.1415,0.1629,-0.9468,0.2382
1782933209762,130309,0.19653,-0.38306,0.89551,0.99363,1.312,-2.188,-0.188,-0.1416,0.1629,-0.9468,0.2382
1782933209766,130313,0.18579,-0.37598,0.89233,0.98597,0.938,1.625,0.062,-0.1415,0.1628,-0.9468,0.2382
1782933209767,130314,0.18701,-0.3728,0.90332,0.99496,-0.188,0.0,0.125,-0.1416,0.1628,-0.9468,0.2382
1782933209823,130370,0.18677,-0.37524,0.89673,0.98985,-0.375,0.0,0.125,-0.1416,0.1628,-0.9468,0.2382
1782933209824,130371,0.19092,-0.37451,0.8999,0.99324,-0.375,0.0,0.188,-0.1416,0.1629,-0.9468,0.2382
1782933209826,130373,0.19092,-0.37451,0.8999,0.99324,-0.375,0.0,0.188,-0.1416,0.1629,-0.9468,0.2382
1782933209881,130428,0.19043,-0.38306,0.91553,1.01054,1.5,-2.25,-0.188,-0.1416,0.1629,-0.9468,0.2383
1782933209882,130429,0.18164,-0.37183,0.90894,0.99871,1.5,-4.0,-0.125,-0.1417,0.1627,-0.9468,0.2384
1782933209883,130430,0.19751,-0.37378,0.90039,0.9947,0.0,0.125,-0.25,-0.142,0.1626,-0.9467,0.2384
1782933209944,130491,0.18726,-0.37451,0.90576,0.99786,-0.062,0.062,-0.188,-0.142,0.1626,-0.9467,0.2384
1782933209945,130492,0.18359,-0.37451,0.90771,0.99895,-0.25,0.0,-0.188,-0.142,0.1626,-0.9467,0.2384
1782933209949,130496,0.18359,-0.37451,0.90771,0.99895,-0.25,0.0,-0.188,-0.142,0.1626,-0.9467,0.2384
1782933210004,130551,0.19287,-0.3728,0.89941,0.99253,0.688,-1.062,-0.188,-0.142,0.1624,-0.9468,0.2384
1782933210006,130553,0.18921,-0.37354,0.89941,0.9921,0.688,-0.688,-0.25,-0.1421,0.1624,-0.9468,0.2384
1782933210007,130554,0.18994,-0.37402,0.90283,0.99553,0.375,-0.625,-0.125,-0.1423,0.1621,-0.9468,0.2385
1782933210062,130609,0.19434,-0.37524,0.89941,0.99374,0.438,-0.312,-0.125,-0.1423,0.1621,-0.9468,0.2384
1782933210064,130611,0.19067,-0.37305,0.90015,0.99287,0.312,-0.312,0.125,-0.1423,0.162,-0.9468,0.2385
1782933210065,130612,0.18872,-0.37158,0.90503,0.99638,0.125,-0.062,0.125,-0.1423,0.162,-0.9468,0.2385
1782933210123,130670,0.19189,-0.3728,0.90479,0.99722,0.0,0.0,0.062,-0.1423,0.162,-0.9468,0.2385
1782933210125,130672,0.19507,-0.37427,0.9021,0.99595,0.062,-0.25,0.0,-0.1423,0.162,-0.9468,0.2385
1782933210128,130675,0.18994,-0.375,0.90186,0.99501,-0.562,0.125,0.0,-0.1424,0.1621,-0.9467,0.2385
1782933210181,130728,0.18994,-0.375,0.90186,0.99501,-0.562,0.125,0.0,-0.1424,0.1621,-0.9467,0.2385
1782933210182,130729,0.1897,-0.37085,0.90137,0.99297,-0.438,-0.125,0.125,-0.1424,0.1621,-0.9467,0.2385
1782933210183,130730,0.18848,-0.37769,0.90503,0.99863,-0.25,0.375,0.0,-0.1423,0.1623,-0.9467,0.2385
1782933210244,130791,0.18848,-0.37231,0.90503,0.9966,-0.125,0.188,0.0,-0.1423,0.1623,-0.9467,0.2385
1782933210246,130793,0.18774,-0.37524,0.90308,0.99579,-0.125,0.125,0.0,-0.1422,0.1624,-0.9467,0.2385
1782933210247,130794,0.18921,-0.37573,0.90479,0.99781,0.062,-1.75,0.0,-0.1425,0.1623,-0.9467,0.2386
1782933210303,130850,0.18921,-0.37573,0.90479,0.99781,0.062,-1.75,0.0,-0.1425,0.1623,-0.9467,0.2386
1782933210305,130852,0.18848,-0.37573,0.90674,0.99944,0.438,-1.875,0.0,-0.1426,0.1622,-0.9467,0.2387
1782933210306,130853,0.19482,-0.37207,0.89893,0.9922,0.875,-2.5,0.0,-0.1436,0.1618,-0.9465,0.2389
1782933210362,130909,0.19482,-0.37207,0.89893,0.9922,0.875,-2.5,0.0,-0.1436,0.1618,-0.9465,0.2389
1782933210362,130909,0.19165,-0.37402,0.90063,0.99386,0.625,-2.375,0.0,-0.1437,0.1617,-0.9465,0.2389
1782933210363,130910,0.19336,-0.37183,0.90063,0.99337,0.062,-0.75,0.125,-0.1443,0.1613,-0.9464,0.239
1782933210424,130971,0.19409,-0.37427,0.90234,0.99598,0.0,-0.625,0.188,-0.1444,0.1613,-0.9464,0.2391
1782933210424,130971,0.19116,-0.37207,0.90308,0.99525,-0.188,-0.875,0.062,-0.1444,0.1613,-0.9464,0.2391
1782933210425,130972,0.19434,-0.37476,0.90698,1.00041,0.062,-1.5,0.0,-0.1448,0.1613,-0.9464,0.2391
1782933210481,131028,0.19653,-0.37671,0.90552,1.00025,0.125,-1.5,-0.125,-0.1448,0.1613,-0.9464,0.2391
1782933210482,131029,0.19312,-0.37524,0.9021,0.99593,0.062,-1.875,0.125,-0.1449,0.1612,-0.9464,0.2392
1782933210483,131030,0.19263,-0.37427,0.90405,0.99724,0.812,-2.562,0.125,-0.1457,0.1609,-0.9462,0.2394
1782933210542,131089,0.19263,-0.37427,0.90405,0.99724,0.812,-2.562,0.125,-0.1457,0.1609,-0.9462,0.2394
1782933210604,131151,0.19702,-0.37085,0.90308,0.99594,0.562,-2.5,0.0,-0.1459,0.1608,-0.9462,0.2395
1782933210606,131153,0.19897,-0.37964,0.927,1.0213,-0.062,-0.938,-0.125,-0.1464,0.1607,-0.9461,0.2396
1782933210607,131154,0.19897,-0.37964,0.927,1.0213,-0.062,-0.938,-0.125,-0.1464,0.1607,-0.9461,0.2396
1782933210662,131209,0.19385,-0.37598,0.9043,0.99835,1.438,-2.0,-0.125,-0.1465,0.1605,-0.9461,0.2396
1782933210664,131211,0.19385,-0.37256,0.89722,0.99065,-0.562,1.5,-0.25,-0.1464,0.1605,-0.9461,0.2396
1782933210667,131214,0.2019,-0.37476,0.90869,1.00346,-0.562,-2.5,0.75,-0.1464,0.161,-0.946,0.2397
1782933210724,131271,0.20386,-0.37891,0.91064,1.00717,-0.438,-2.938,0.438,-0.1466,0.161,-0.946,0.2398
1782933210725,131272,0.20215,-0.37891,0.91089,1.00705,-0.312,-3.188,0.125,-0.1467,0.161,-0.946,0.2398
1782933210726,131273,0.19971,-0.37842,0.90479,1.00086,1.625,-5.0,0.562,-0.148,0.1605,-0.946,0.2393
1782933210782,131329,0.19971,-0.37842,0.90479,1.00086,1.625,-5.0,0.562,-0.148,0.1605,-0.946,0.2393
1782933210782,131329,0.20215,-0.37427,0.90161,0.99692,2.0,-4.562,0.312,-0.1482,0.1603,-0.9461,0.2387
1782933210783,131330,0.20166,-0.36987,0.90332,0.99672,0.875,0.875,-0.25,-0.1483,0.16,-0.9461,0.2388
1782933210844,131391,0.20166,-0.36987,0.90332,0.99672,0.875,0.875,-0.25,-0.1483,0.16,-0.9461,0.2388
1782933210845,131392,0.198,-0.3728,0.8855,0.98097,0.688,3.125,-0.25,-0.1481,0.16,-0.9462,0.2387
1782933210845,131392,0.19019,-0.36792,0.89673,0.98776,-1.688,8.062,-0.688,-0.1464,0.1606,-0.9462,0.2392
1782933210903,131450,0.18726,-0.36475,0.89795,0.98713,-2.0,7.062,-0.438,-0.1461,0.1608,-0.9462,0.2391
1782933210904,131451,0.18188,-0.36694,0.89233,0.98182,-2.25,6.188,-0.062,-0.1459,0.1608,-0.9462,0.2393
1782933210906,131453,0.2146,-0.38672,0.92236,1.02291,-0.125,-4.875,0.562,-0.1469,0.1617,-0.9458,0.2396
1782933210962,131509,0.2146,-0.38672,0.92236,1.02291,-0.125,-4.875,0.562,-0.1469,0.1617,-0.9458,0.2396
1782933210962,131509,0.20435,-0.38208,0.91797,1.01509,0.75,-4.188,-0.062,-0.1472,0.1616,-0.9459,0.2391
1782933210964,131511,0.20508,-0.37085,0.89258,0.98807,2.438,-3.312,-0.625,-0.1483,0.1604,-0.9462,0.2383
1782933211024,131571,0.20044,-0.37085,0.88696,0.98204,2.375,-2.625,-0.688,-0.1484,0.1603,-0.9462,0.2383
1782933211025,131572,0.20093,-0.37134,0.89087,0.98586,1.375,-2.188,-0.5,-0.1485,0.1602,-0.9462,0.2383
1782933211026,131573,0.19873,-0.36987,0.8833,0.97802,-0.812,4.188,-0.312,-0.1482,0.16,-0.9463,0.2382
1782933211086,131633,0.19873,-0.36987,0.8833,0.97802,-0.812,4.188,-0.312,-0.1482,0.16,-0.9463,0.2382
1782933211089,131636,0.20386,-0.37354,0.88794,0.98465,-0.562,6.938,-0.188,-0.1473,0.1603,-0.9465,0.2375
1782933211090,131637,0.19482,-0.37427,0.90771,1.00098,-4.375,-5.125,2.75,-0.1463,0.1616,-0.9466,0.2369
1782933211142,131689,0.20312,-0.3772,0.90967,1.0055,-4.688,-7.5,2.75,-0.1466,0.1617,-0.9465,0.2371
1782933211143,131690,0.20483,-0.38281,0.91138,1.00951,-3.812,-6.125,2.625,-0.1469,0.1621,-0.9467,0.2362
1782933211143,131690,0.20801,-0.37598,0.90552,1.0023,2.5,-7.75,-0.562,-0.1499,0.1616,-0.9462,0.2365
1782933211203,131750,0.20435,-0.37573,0.90405,1.00012,2.062,-8.688,-0.25,-0.1503,0.1614,-0.9461,0.2365
1782933211205,131752,0.20044,-0.37524,0.90845,1.00313,3.688,-7.75,-0.188,-0.1505,0.1612,-0.9461,0.2366
1782933211207,131754,0.20679,-0.36157,0.83057,0.92916,-3.688,3.062,0.125,-0.1522,0.1593,-0.9458,0.238
1782933211262,131809,0.21069,-0.3623,0.91943,1.01045,-4.438,6.562,0.312,-0.152,0.1595,-0.9459,0.2379
1782933211265,131812,0.21558,-0.37842,0.96021,1.05436,-2.438,2.312,0.188,-0.1519,0.1596,-0.9459,0.2379
1782933211266,131813,0.19287,-0.36914,0.90332,0.99471,-2.312,11.438,-0.562,-0.1472,0.1614,-0.9475,0.2327
1782933211324,131871,0.18628,-0.35791,0.92773,1.01167,-1.75,9.25,-0.938,-0.1469,0.1616,-0.9476,0.2326
1782933211324,131871,0.17065,-0.36963,0.87842,0.96818,0.562,4.438,-0.062,-0.1464,0.1618,-0.9477,0.2325
1782933211325,131872,0.17065,-0.36963,0.87842,0.96818,0.562,4.438,-0.062,-0.1464,0.1618,-0.9477,0.2325
1782933211381,131928,0.21313,-0.38989,0.92847,1.02932,-1.312,-5.812,2.375,-0.1491,0.1631,-0.9466,0.2341
1782933211382,131929,0.22339,-0.38867,0.91211,1.01632,0.125,-5.062,1.625,-0.1491,0.1633,-0.947,0.2324
1782933211383,131930,0.20459,-0.37427,0.89014,0.98706,5.25,-4.75,-1.438,-0.1508,0.1608,-0.9464,0.2354
1782933211443,131990,0.20288,-0.37061,0.87842,0.97475,4.812,-3.375,-1.25,-0.151,0.1604,-0.9465,0.2355
1782933211443,131990,0.20337,-0.36914,0.87231,0.96879,3.688,-4.125,-1.625,-0.1512,0.16,-0.9465,0.2353
1782933211445,131992,0.20947,-0.38306,0.89209,0.9932,0.938,7.438,0.25,-0.1494,0.1608,-0.9466,0.2355
1782933211502,132049,0.21484,-0.36987,0.86719,0.96694,1.0,9.062,-0.438,-0.1491,0.1609,-0.9467,0.2354
1782933211504,132051,0.1897,-0.35571,0.8689,0.95786,-0.625,11.688,-0.938,-0.1486,0.161,-0.9468,0.2354
1782933211505,132052,0.21753,-0.38135,0.87695,0.98071,-5.0,-5.375,1.938,-0.1489,0.1615,-0.946,0.2379
1782933211562,132109,0.21753,-0.38135,0.87695,0.98071,-5.0,-5.375,1.938,-0.1489,0.1615,-0.946,0.2379
1782933211563,132110,0.2124,-0.375,0.90405,1.00152,-6.188,-6.5,1.625,-0.1492,0.1617,-0.9459,0.2379
1782933211564,132111,0.20386,-0.37939,0.91162,1.00824,3.25,-0.062,-0.625,-0.1502,0.1619,-0.9456,0.2383
1782933211623,132170,0.21411,-0.37646,0.90186,1.00046,3.25,-1.125,-0.562,-0.1502,0.1618,-0.9456,0.2383
1782933211624,132171,0.20996,-0.37939,0.90503,1.00354,3.625,-0.375,-1.062,-0.1502,0.1616,-0.9457,0.2383
1782933211626,132173,0.20166,-0.37402,0.896,0.99165,0.562,3.625,-0.25,-0.1497,0.1608,-0.9462,0.237
1782933211683,132230,0.19873,-0.37158,0.8894,0.98417,0.312,4.812,-0.25,-0.1495,0.1609,-0.9462,0.2369
1782933211686,132233,0.19775,-0.3772,0.89551,0.99163,0.062,4.062,0.062,-0.1493,0.1609,-0.9463,0.2369
1782933211686,132233,0.19775,-0.3772,0.89551,0.99163,0.062,4.062,0.062,-0.1493,0.1609,-0.9463,0.2369
1782933211742,132289,0.198,-0.37573,0.9082,1.0026,-4.25,-5.0,2.812,-0.1486,0.1618,-0.9462,0.2369
1782933211743,132290,0.20483,-0.38135,0.91431,1.01161,-4.25,-6.875,2.812,-0.1489,0.1619,-0.9462,0.237
1782933211743,132290,0.20483,-0.38135,0.91431,1.01161,-4.25,-6.875,2.812,-0.1489,0.1619,-0.9462,0.237
1782933211803,132350,0.21265,-0.38184,0.90723,1.00702,1.812,1.188,-1.125,-0.1502,0.1622,-0.9459,0.2369
1782933211804,132351,0.20947,-0.38184,0.90723,1.00635,2.938,1.25,-1.375,-0.1502,0.1621,-0.946,0.2368
1782933211806,132353,0.20166,-0.37256,0.8855,0.98162,0.25,3.125,-0.25,-0.1495,0.1612,-0.9463,0.2365
1782933211861,132408,0.20068,-0.37695,0.89771,0.99411,-0.062,4.062,0.125,-0.1492,0.1613,-0.9464,0.2365
1782933211863,132410,0.20312,-0.37769,0.90015,0.99708,0.0,4.375,0.062,-0.1491,0.1613,-0.9464,0.2365
1782933211863,132410,0.18506,-0.37158,0.88965,0.98173,-3.125,-4.812,1.688,-0.148,0.162,-0.9465,0.2359
1782933211923,132470,0.19434,-0.37427,0.89819,0.99227,-3.562,-5.125,2.625,-0.1481,0.1621,-0.9465,0.236
1782933211925,132472,0.20386,-0.37964,0.90527,1.0026,-3.688,-6.062,2.625,-0.1484,0.1622,-0.9464,0.2362
1782933211926,132473,0.21069,-0.38037,0.90698,1.00583,1.688,-1.0,-0.75,-0.1506,0.1621,-0.9461,0.236
1782933211981,132528,0.20898,-0.3833,0.90845,1.00791,2.688,-0.875,-1.125,-0.1506,0.1621,-0.9461,0.236
1782933211982,132529,0.20972,-0.38208,0.90308,1.00276,3.5,-0.75,-1.25,-0.1506,0.1619,-0.9462,0.2359
1782933211983,132530,0.20972,-0.38208,0.90308,1.00276,3.5,-0.75,-1.25,-0.1506,0.1619,-0.9462,0.2359
1782933212042,132589,0.20215,-0.37427,0.87866,0.97621,1.0,0.938,-0.5,-0.1505,0.1608,-0.9464,0.2358
1782933212043,132590,0.20215,-0.36914,0.88306,0.97822,0.312,2.75,-0.438,-0.1503,0.1608,-0.9464,0.2357
1782933212043,132590,0.18115,-0.36841,0.89526,0.9849,-1.625,5.375,-1.062,-0.1485,0.1613,-0.9463,0.2371
1782933212103,132650,0.16919,-0.36597,0.896,0.98254,-2.125,0.688,0.0,-0.1484,0.1614,-0.9462,0.2375
1782933212105,132652,0.17676,-0.36841,0.89502,0.98389,-2.5,-1.312,1.0,-0.1485,0.1614,-0.9462,0.2375
1782933212107,132654,0.21216,-0.38916,0.90869,1.01103,0.062,-4.875,0.625,-0.1501,0.1623,-0.9462,0.2359
1782933212162,132709,0.21216,-0.38916,0.90869,1.01103,0.062,-4.875,0.625,-0.1501,0.1623,-0.9462,0.2359
1782933212164,132711,0.21484,-0.3811,0.90283,1.00324,0.188,-2.812,-0.062,-0.1503,0.1622,-0.9461,0.2359
1782933212165,132712,0.2019,-0.37134,0.89014,0.9854,1.875,-0.375,-0.812,-0.1504,0.1611,-0.9464,0.2357
1782933212223,132770,0.19727,-0.37085,0.88647,0.98096,1.312,0.125,-0.5,-0.1504,0.161,-0.9464,0.2357
1782933212224,132771,0.2019,-0.37207,0.88599,0.98193,0.688,1.062,-0.25,-0.1503,0.161,-0.9464,0.2357
1782933212227,132774,0.20239,-0.37549,0.89136,0.98817,-0.875,8.188,-0.125,-0.1484,0.1616,-0.9468,0.2346
1782933212281,132828,0.19336,-0.37061,0.89648,0.98915,-1.25,5.938,-0.875,-0.148,0.1618,-0.947,0.2344
1782933212281,132828,0.18433,-0.36768,0.89282,0.983,-1.375,4.188,-0.812,-0.1478,0.1618,-0.947,0.2344
1782933212282,132829,0.20679,-0.38257,0.91113,1.00959,-1.688,-5.312,0.375,-0.1491,0.1622,-0.9463,0.2362
1782933212341,132888,0.20679,-0.38257,0.91113,1.00959,-1.688,-5.312,0.375,-0.1491,0.1622,-0.9463,0.2362
1782933212342,132889,0.20508,-0.39331,0.92212,1.02326,-0.438,-3.688,1.125,-0.1494,0.1622,-0.9462,0.2363
1782933212343,132890,0.2041,-0.37671,0.89673,0.99383,2.5,-1.688,-0.562,-0.1496,0.1614,-0.9464,0.2362
1782933212404,132951,0.19971,-0.37402,0.89111,0.98684,2.188,-1.625,-0.562,-0.1497,0.1613,-0.9464,0.2362
1782933212405,132952,0.19873,-0.37646,0.89575,0.99176,1.625,-1.625,-0.688,-0.1497,0.1612,-0.9464,0.2362
1782933212407,132954,0.20581,-0.38013,0.90234,1.00054,0.375,4.562,-0.438,-0.1492,0.1611,-0.9465,0.2361
1782933212462,133009,0.20581,-0.38013,0.90234,1.00054,0.375,4.562,-0.438,-0.1492,0.1611,-0.9465,0.2361
1782933212464,133011,0.19775,-0.37305,0.88208,0.97792,0.062,6.375,-0.5,-0.1484,0.1614,-0.947,0.2344
1782933212465,133012,0.2041,-0.38965,0.93115,1.02982,-3.125,-6.312,2.5,-0.1489,0.1622,-0.9462,0.2365
1782933212524,133071,0.21753,-0.39136,0.91675,1.02025,-2.188,-5.938,2.125,-0.1489,0.1624,-0.9465,0.2352
1782933212525,133072,0.21411,-0.39087,0.92627,1.02791,-1.688,-7.125,1.5,-0.1492,0.1624,-0.9464,0.2354
1782933212528,133075,0.20288,-0.38208,0.90918,1.00685,3.688,-1.812,-1.438,-0.1508,0.1614,-0.9461,0.2362
1782933212582,133129,0.20288,-0.38208,0.90918,1.00685,3.688,-1.812,-1.438,-0.1508,0.1614,-0.9461,0.2362
1782933212583,133130,0.20532,-0.375,0.89917,0.99563,4.0,-2.062,-1.188,-0.1509,0.161,-0.9462,0.2363
1782933212584,133131,0.20532,-0.375,0.89917,0.99563,4.0,-2.062,-1.188,-0.1509,0.161,-0.9462,0.2363
1782933212644,133191,0.2019,-0.36353,0.9043,0.99533,-3.5,7.875,0.125,-0.1501,0.1607,-0.9468,0.2346
1782933212645,133192,0.21094,-0.36694,0.92603,1.01817,-3.75,5.375,0.0,-0.1499,0.1609,-0.9468,0.2345
1782933212650,133197,0.20459,-0.38916,0.92114,1.02069,-3.188,-4.25,2.375,-0.15,0.1618,-0.9465,0.2347
1782933212703,133250,0.20459,-0.38916,0.92114,1.02069,-3.188,-4.25,2.375,-0.15,0.1618,-0.9465,0.2347
1782933212704,133251,0.22095,-0.39014,0.91699,1.02073,-1.375,-5.125,1.812,-0.1505,0.1619,-0.9465,0.2346
1782933212704,133251,0.21533,-0.38013,0.90503,1.00496,1.75,0.375,-0.875,-0.1513,0.1619,-0.9463,0.2348
1782933212761,133308,0.20996,-0.37817,0.8999,0.99846,2.312,0.688,-1.125,-0.1512,0.1618,-0.9464,0.2348
1782933212762,133309,0.20386,-0.37524,0.90259,0.99852,2.5,0.562,-0.938,-0.1511,0.1616,-0.9464,0.2348
1782933212764,133311,0.20801,-0.37476,0.89038,0.98817,0.188,3.812,-0.25,-0.1503,0.1611,-0.9467,0.2345
1782933212822,133369,0.20801,-0.37476,0.89038,0.98817,0.188,3.812,-0.25,-0.1503,0.1611,-0.9467,0.2345
1782933212823,133370,0.21143,-0.37427,0.89429,0.99224,0.438,5.812,-0.5,-0.1499,0.1611,-0.9468,0.2341
1782933212824,133371,0.17554,-0.35889,0.95728,1.0373,-2.188,0.438,0.562,-0.1469,0.1622,-0.9475,0.2324
1782933212882,133429,0.17554,-0.35889,0.95728,1.0373,-2.188,0.438,0.562,-0.1469,0.1622,-0.9475,0.2324
1782933212883,133430,0.19141,-0.38477,0.87427,0.97418,0.25,-2.938,2.188,-0.1475,0.1621,-0.9472,0.2335
1782933212884,133431,0.21997,-0.38525,0.90918,1.01164,1.812,-3.938,-0.875,-0.1494,0.1628,-0.9472,0.2321
1782933212941,133488,0.20679,-0.38574,0.90405,1.00442,2.0,-3.625,-1.375,-0.1495,0.1627,-0.9472,0.2321
1782933212942,133489,0.19531,-0.37622,0.9104,1.00425,2.562,-3.625,-1.0,-0.1497,0.1624,-0.9472,0.232
1782933212943,133490,0.20264,-0.36621,0.87671,0.97149,2.188,-1.438,-0.438,-0.1503,0.1609,-0.9477,0.2305
1782933213003,133550,0.20459,-0.36743,0.87793,0.97346,1.188,-0.875,-0.375,-0.1503,0.1608,-0.9477,0.2305
1782933213004,133551,0.20605,-0.36816,0.87549,0.97184,0.688,0.438,-0.125,-0.1503,0.1608,-0.9477,0.2305
1782933213006,133553,0.19263,-0.36377,0.89233,0.98269,-0.25,6.188,-0.688,-0.1477,0.162,-0.9483,0.2291
1782933213062,133609,0.18701,-0.36304,0.8772,0.9676,-0.375,3.875,-0.75,-0.1475,0.1621,-0.9483,0.2291
1782933213066,133613,0.1792,-0.36597,0.88696,0.97609,-1.625,1.438,-0.5,-0.1473,0.1622,-0.9483,0.229
1782933213066,133613,0.21777,-0.38599,0.91382,1.01562,-1.062,-4.875,1.0,-0.1491,0.163,-0.9473,0.2313
1782933213122,133669,0.21655,-0.38965,0.90991,1.01324,-0.25,-4.188,0.688,-0.1493,0.163,-0.9473,0.2314
1782933213124,133671,0.21484,-0.38574,0.90723,1.00897,0.062,-2.562,-0.125,-0.1495,0.1629,-0.9473,0.2314
1782933213124,133671,0.19897,-0.37402,0.88867,0.98449,3.438,-2.312,-0.812,-0.1498,0.1617,-0.9475,0.231
1782933213183,133730,0.20801,-0.37134,0.88721,0.98402,2.938,-1.938,-0.438,-0.1499,0.1616,-0.9476,0.231
1782933213184,133731,0.2019,-0.37061,0.87817,0.97432,2.062,-0.875,-0.5,-0.15,0.1613,-0.9476,0.231
1782933213187,133734,0.20532,-0.37451,0.89258,0.9895,0.062,5.562,-0.375,-0.1492,0.1611,-0.9475,0.2317
1782933213241,133788,0.19995,-0.37231,0.88818,0.98359,0.062,6.438,-0.438,-0.1489,0.1612,-0.9476,0.2316
1782933213242,133789,0.19092,-0.36865,0.89893,0.99017,-0.812,5.125,-0.75,-0.1485,0.1613,-0.9476,0.232
1782933213243,133790,0.20728,-0.38892,0.92969,1.02886,-2.562,-5.562,2.312,-0.1495,0.162,-0.9468,0.234
1782933213303,133850,0.21436,-0.39404,0.92773,1.03049,-1.375,-7.0,2.0,-0.1499,0.162,-0.9467,0.2341
1782933213304,133851,0.22534,-0.38623,0.91357,1.01713,-0.125,-5.5,0.75,-0.1499,0.1624,-0.9473,0.2315
1782933213305,133852,0.2085,-0.37671,0.89746,0.9954,3.438,-0.5,-1.312,-0.1505,0.1616,-0.9473,0.2315
1782933213361,133908,0.20166,-0.37183,0.89648,0.99126,3.125,-0.375,-1.438,-0.1505,0.1614,-0.9473,0.2315
1782933213362,133909,0.198,-0.36938,0.89746,0.99049,2.812,-0.625,-1.062,-0.1505,0.1613,-0.9473,0.2315
1782933213362,133909,0.20239,-0.38184,0.89453,0.99345,0.062,2.438,0.0,-0.1503,0.1608,-0.9475,0.2313
1782933213423,133970,0.20825,-0.37769,0.89966,0.9977,-0.188,3.312,0.0,-0.1501,0.1609,-0.9475,0.2313
1782933213423,133970,0.21069,-0.37793,0.89648,0.99544,-0.312,3.188,-0.312,-0.15,0.1609,-0.9476,0.2313
1782933213424,133971,0.20459,-0.38037,0.90161,0.99972,-2.188,3.812,0.5,-0.1486,0.1619,-0.9476,0.2312
1782933213482,134029,0.20459,-0.37817,0.8999,0.99734,-2.25,4.125,0.125,-0.1484,0.162,-0.9476,0.2312
1782933213541,134088,0.20093,-0.37793,0.90015,0.99673,-2.438,5.0,0.312,-0.1483,0.1622,-0.9476,0.2312
1782933213542,134089,0.19873,-0.36914,0.87085,0.96651,0.25,5.688,-0.125,-0.1468,0.1624,-0.9473,0.2335
1782933213542,134089,0.20142,-0.37793,0.87744,0.97637,-0.875,8.25,0.0,-0.1465,0.1625,-0.9473,0.2334
1782933213602,134149,0.19727,-0.37329,0.89575,0.99027,-1.625,6.5,-0.625,-0.1462,0.1627,-0.9473,0.2333
1782933213603,134150,0.18994,-0.38403,0.90234,0.99889,-2.062,-0.625,0.25,-0.1434,0.1636,-0.9484,0.2299
1782933213604,134151,0.19458,-0.37769,0.89648,0.99206,0.312,-2.375,-0.125,-0.1442,0.1634,-0.9483,0.2301
1782933213670,134217,0.18945,-0.37427,0.89941,0.99243,0.188,-1.938,0.188,-0.1442,0.1634,-0.9483,0.2301
1782933213670,134217,0.1936,-0.37427,0.89941,0.99323,0.625,-1.938,0.0,-0.1443,0.1633,-0.9483,0.2301
1782933213671,134218,0.1936,-0.37427,0.89941,0.99323,0.625,-1.938,0.0,-0.1443,0.1633,-0.9483,0.2301
1782933213723,134270,0.19702,-0.37598,0.89844,0.99367,0.062,0.25,0.125,-0.1447,0.1632,-0.9483,0.2302
1782933213724,134271,0.19507,-0.37891,0.89868,0.99461,0.062,0.625,-0.062,-0.1446,0.1633,-0.9483,0.2302
1782933213724,134271,0.19727,-0.37842,0.9021,0.99795,0.562,-1.625,-0.125,-0.1445,0.1633,-0.9483,0.2302
1782933213781,134328,0.19653,-0.37817,0.90454,0.99991,0.625,-1.562,-0.188,-0.1446,0.1632,-0.9483,0.2302
1782933213781,134328,0.1897,-0.38062,0.90332,0.99842,0.438,-2.062,0.062,-0.1447,0.1632,-0.9483,0.2303
1782933213782,134329,0.19678,-0.37988,0.90186,0.99819,1.312,-3.312,-0.062,-0.1458,0.1625,-0.9481,0.2306
1782933213841,134388,0.1958,-0.375,0.89819,0.99283,1.062,-3.0,-0.125,-0.1461,0.1624,-0.9481,0.2307
1782933213841,134388,0.19629,-0.37549,0.89673,0.99179,0.938,-1.875,-0.188,-0.1463,0.1622,-0.9481,0.2307
1782933213842,134389,0.19629,-0.37549,0.89673,0.99179,0.938,-1.875,-0.188,-0.1463,0.1622,-0.9481,0.2307
1782933213903,134450,0.19385,-0.37573,0.89551,0.9903,0.062,0.562,-0.062,-0.1464,0.1621,-0.9481,0.2307
1782933213904,134451,0.1958,-0.37524,0.89526,0.99027,-0.062,0.812,0.062,-0.1464,0.1621,-0.9481,0.2307
1782933213905,134452,0.1958,-0.37524,0.89526,0.99027,-0.062,0.812,0.062,-0.1464,0.1621,-0.9481,0.2307
1782933213961,134508,0.19531,-0.37695,0.90088,0.9959,-0.875,2.938,0.062,-0.1455,0.1627,-0.9481,0.2305
1782933213965,134512,0.19482,-0.37842,0.90405,0.99923,-1.0,3.062,0.25,-0.1454,0.1628,-0.9481,0.2305
1782933213967,134514,0.18726,-0.37427,0.90308,0.99534,-1.0,2.562,-0.062,-0.1437,0.1636,-0.9484,0.2301
1782933214022,134569,0.18848,-0.37744,0.90503,0.99853,-0.938,2.25,0.125,-0.1436,0.1637,-0.9484,0.2301
1782933214023,134570,0.19116,-0.37598,0.89746,0.99163,-0.688,1.875,0.062,-0.1435,0.1638,-0.9484,0.2301
1782933214023,134570,0.19116,-0.37598,0.89746,0.99163,-0.688,1.875,0.062,-0.1435,0.1638,-0.9484,0.2301
1782933214086,134633,0.19116,-0.37598,0.89746,0.99163,-0.688,1.875,0.062,-0.1435,0.1638,-0.9484,0.2301
1782933214087,134634,0.18848,-0.37817,0.90601,0.9997,-0.062,-0.812,-0.125,-0.1434,0.164,-0.9484,0.2301
1782933214088,134635,0.19702,-0.37915,0.90625,1.00193,1.125,-4.25,0.312,-0.1452,0.1632,-0.9477,0.2322
1782933214141,134688,0.19995,-0.38184,0.90552,1.00287,1.312,-4.125,0.0,-0.1454,0.163,-0.9477,0.2322
1782933214141,134688,0.19531,-0.3772,0.90381,0.99865,1.75,-3.625,-0.188,-0.1455,0.163,-0.9477,0.2322
1782933214142,134689,0.19775,-0.37378,0.89087,0.98614,1.062,-0.688,-0.312,-0.1461,0.1622,-0.9476,0.2324
1782933214202,134749,0.19775,-0.37378,0.89087,0.98614,1.062,-0.688,-0.312,-0.1461,0.1622,-0.9476,0.2324
1782933214204,134751,0.19653,-0.37207,0.89136,0.98569,0.438,-0.375,-0.25,-0.1461,0.1622,-0.9477,0.2324
1782933214205,134752,0.19653,-0.37207,0.89136,0.98569,0.438,-0.375,-0.25,-0.1461,0.1622,-0.9477,0.2324
1782933214261,134808,0.19653,-0.37207,0.89136,0.98569,0.438,-0.375,-0.25,-0.1461,0.1622,-0.9477,0.2324
1782933214262,134809,0.19531,-0.37817,0.90527,1.00034,-0.625,-1.062,0.25,-0.1461,0.1625,-0.9476,0.2324
1782933214263,134810,0.19824,-0.37842,0.90088,0.99704,0.562,-1.938,0.0,-0.1469,0.1622,-0.9475,0.2327
1782933214322,134869,0.19678,-0.3772,0.90186,0.99717,0.562,-1.688,0.0,-0.147,0.1622,-0.9475,0.2327
1782933214323,134870,0.19995,-0.37695,0.9021,0.99793,0.375,-1.688,0.0,-0.147,0.1621,-0.9475,0.2327
1782933214324,134871,0.19995,-0.37695,0.9021,0.99793,0.375,-1.688,0.0,-0.147,0.1621,-0.9475,0.2327
1782933214382,134929,0.19629,-0.37402,0.90063,0.99476,0.188,-2.188,0.0,-0.1476,0.1618,-0.9474,0.2329
1782933214383,134930,0.19507,-0.37402,0.89868,0.99276,0.312,-2.625,-0.062,-0.1477,0.1618,-0.9474,0.2329
1782933214385,134932,0.20483,-0.37964,0.92627,1.02179,-1.25,-5.438,0.688,-0.1493,0.1617,-0.9472,0.233
1782933214441,134988,0.20483,-0.37964,0.92627,1.02179,-1.25,-5.438,0.688,-0.1493,0.1617,-0.9472,0.233
1782933214441,134988,0.20117,-0.38403,0.91333,1.011,0.562,-7.188,0.875,-0.1494,0.1619,-0.9476,0.231
1782933214442,134989,0.20703,-0.37915,0.90771,1.00526,0.688,-0.375,-0.125,-0.1511,0.1611,-0.9472,0.2319
1782933214502,135049,0.20703,-0.37915,0.90771,1.00526,0.688,-0.375,-0.125,-0.1511,0.1611,-0.9472,0.2319
1782933214503,135050,0.2085,-0.37793,0.90479,1.00247,1.438,-0.562,-0.312,-0.1511,0.1611,-0.9472,0.2319
1782933214505,135052,0.2085,-0.37793,0.90479,1.00247,1.438,-0.562,-0.312,-0.1511,0.1611,-0.9472,0.2319
1782933214560,135107,0.2085,-0.37793,0.90479,1.00247,1.438,-0.562,-0.312,-0.1511,0.1611,-0.9472,0.2319
1782933214561,135108,0.19824,-0.37915,0.9021,0.99842,-1.375,3.375,0.188,-0.15,0.1614,-0.9473,0.2317
1782933214562,135109,0.21143,-0.38452,0.90576,1.00646,-0.625,-4.812,0.625,-0.1506,0.1619,-0.9471,0.2321
1782933214622,135169,0.21045,-0.37817,0.90723,1.00517,-0.375,-5.188,0.312,-0.1506,0.1623,-0.9477,0.2293
1782933214623,135170,0.21045,-0.38135,0.90991,1.00879,0.062,-5.375,0.062,-0.1508,0.1623,-0.9476,0.2294
1782933214626,135173,0.21143,-0.37427,0.88525,0.9841,3.25,-2.688,-0.75,-0.1527,0.1611,-0.9476,0.2289
1782933214681,135228,0.21143,-0.37427,0.88525,0.9841,3.25,-2.688,-0.75,-0.1527,0.1611,-0.9476,0.2289
1782933214741,135288,0.20654,-0.37524,0.89038,0.98805,1.75,-1.0,0.0,-0.1528,0.161,-0.9477,0.229
1782933214741,135288,0.20654,-0.37524,0.89038,0.98805,1.75,-1.0,0.0,-0.1528,0.161,-0.9477,0.229
1782933214742,135289,0.21948,-0.37183,0.87158,0.97267,1.312,1.562,0.375,-0.1521,0.1611,-0.9478,0.2288
1782933214805,135352,0.21606,-0.37524,0.88354,0.98394,-0.062,4.875,-0.812,-0.1519,0.1611,-0.9477,0.2293
1782933214806,135353,0.18506,-0.36719,0.88574,0.97653,-3.25,4.125,-0.125,-0.1501,0.1616,-0.9471,0.2327
1782933214808,135355,0.2146,-0.3833,0.90869,1.0093,1.0,-3.375,0.0,-0.152,0.1619,-0.9464,0.2339
1782933214860,135407,0.2146,-0.3833,0.90869,1.0093,1.0,-3.375,0.0,-0.152,0.1619,-0.9464,0.2339
1782933214862,135409,0.21509,-0.38477,0.90527,1.00689,2.438,-2.125,-1.188,-0.1522,0.1617,-0.9464,0.2339
1782933214862,135409,0.20459,-0.3689,0.8833,0.97886,2.125,-0.438,-0.812,-0.1528,0.1603,-0.9465,0.2342
1782933214921,135468,0.20557,-0.3689,0.88013,0.9762,1.5,-0.25,-0.875,-0.1528,0.1602,-0.9465,0.2341
1782933214922,135469,0.19849,-0.37231,0.88501,0.98044,0.938,0.688,-0.25,-0.1527,0.1601,-0.9465,0.2341
1782933214922,135469,0.20728,-0.37085,0.88428,0.98104,-0.312,10.5,-0.438,-0.1506,0.1611,-0.9468,0.2335
1782933214982,135529,0.20483,-0.36816,0.88354,0.97885,-0.375,11.125,-0.625,-0.1502,0.1612,-0.947,0.2335
1782933214983,135530,0.19922,-0.3689,0.88403,0.97841,-0.812,10.5,-1.0,-0.1497,0.1613,-0.947,0.2333
1782933214983,135530,0.21753,-0.39697,0.90869,1.0152,-5.438,-2.188,2.562,-0.1486,0.1624,-0.9468,0.2343
1782933215042,135589,0.21655,-0.39575,0.9375,1.04039,-4.938,-1.0,1.188,-0.1486,0.1625,-0.9467,0.2344
1782933215044,135591,0.2124,-0.39307,0.94043,1.04117,-4.438,-2.438,1.062,-0.1488,0.1627,-0.9467,0.2344
1782933215047,135594,0.20215,-0.38086,0.91113,1.00801,3.062,-3.875,-0.938,-0.1494,0.162,-0.9465,0.2354
1782933215103,135650,0.20117,-0.37402,0.90186,0.99685,3.625,-3.938,-0.938,-0.1495,0.1618,-0.9465,0.2354
1782933215104,135651,0.19971,-0.37451,0.89941,0.99453,3.812,-4.812,-0.938,-0.1496,0.1616,-0.9465,0.2354
1782933215106,135653,0.20972,-0.37622,0.88159,0.98119,1.188,-0.438,-0.125,-0.1506,0.1604,-0.9465,0.2356
1782933215165,135712,0.20093,-0.37427,0.81689,0.92074,-1.562,6.375,-0.062,-0.1504,0.1605,-0.9465,0.2355
1782933215166,135713,0.20923,-0.36523,0.9187,1.01053,-2.25,0.875,-1.062,-0.1502,0.1606,-0.9466,0.2354
1782933215169,135716,0.17383,-0.36914,0.89209,0.98097,-3.0,1.812,0.562,-0.1483,0.1614,-0.947,0.2343
1782933215223,135770,0.18188,-0.36987,0.89453,0.98492,-3.75,0.438,1.312,-0.1483,0.1616,-0.947,0.2343
1782933215225,135772,0.1875,-0.3728,0.89404,0.98663,-4.5,-1.0,1.938,-0.1483,0.1618,-0.9469,0.2343
1782933215225,135772,0.21167,-0.38843,0.91919,1.02009,1.062,-3.812,-0.375,-0.1499,0.1629,-0.9468,0.233
1782933215281,135828,0.20508,-0.38672,0.9187,1.01765,1.75,-3.438,-0.375,-0.15,0.1627,-0.9468,0.2331
1782933215281,135828,0.20215,-0.38354,0.91455,1.01211,2.812,-4.0,-0.562,-0.1501,0.1626,-0.9468,0.2331
1782933215282,135829,0.20215,-0.37231,0.88892,0.98471,3.125,-2.25,-0.812,-0.1513,0.1607,-0.9468,0.2339
1782933215341,135888,0.20532,-0.37231,0.88232,0.97942,2.5,-1.938,-0.688,-0.1513,0.1605,-0.9468,0.2339
1782933215341,135888,0.20483,-0.37207,0.8833,0.98011,1.938,-0.875,-0.625,-0.1514,0.1604,-0.9468,0.2339
1782933215343,135890,0.19604,-0.37476,0.89233,0.98749,-1.438,-1.125,-0.75,-0.1505,0.1606,-0.9465,0.2355
1782933215403,135950,0.19067,-0.36768,0.88257,0.97492,-1.562,0.688,0.0,-0.1505,0.1607,-0.9465,0.2355
1782933215404,135951,0.18628,-0.36938,0.89331,0.98445,-2.062,-0.438,0.5,-0.1505,0.1607,-0.9465,0.2355
1782933215406,135953,0.20825,-0.38428,0.90479,1.00483,-0.562,-2.125,0.125,-0.152,0.1613,-0.9459,0.2363
1782933215462,136009,0.20874,-0.38501,0.90479,1.00521,-0.375,-1.0,0.125,-0.1521,0.1613,-0.9459,0.2363
1782933215462,136009,0.21045,-0.38159,0.90332,1.00294,0.25,-0.75,-0.062,-0.1521,0.1613,-0.9459,0.2363
1782933215464,136011,0.2041,-0.3728,0.89209,0.98816,1.5,0.875,-0.5,-0.1517,0.1607,-0.9461,0.2362
1782933215522,136069,0.20264,-0.36963,0.88428,0.97961,1.125,1.25,-0.625,-0.1517,0.1607,-0.9461,0.2362
1782933215522,136069,0.20288,-0.37109,0.88623,0.98197,1.25,1.688,-0.5,-0.1516,0.1607,-0.9462,0.2361
1782933215523,136070,0.19971,-0.37646,0.88501,0.98227,-0.312,7.938,-0.5,-0.1502,0.1606,-0.946,0.2377
1782933215582,136129,0.19507,-0.37378,0.8833,0.97877,-1.125,8.688,-0.75,-0.1499,0.1607,-0.9461,0.2376
1782933215583,136130,0.19116,-0.36841,0.88696,0.97927,-1.562,7.75,-0.625,-0.1495,0.1609,-0.9461,0.2375
1782933215584,136131,0.19116,-0.36841,0.88696,0.97927,-1.562,7.75,-0.625,-0.1495,0.1609,-0.9461,0.2375
1782933215640,136187,0.20923,-0.38916,0.90771,1.00953,-1.812,-1.75,1.062,-0.1491,0.1622,-0.9462,0.2365
1782933215641,136188,0.21094,-0.39038,0.91724,1.01893,-1.062,-0.5,0.5,-0.1491,0.1624,-0.9462,0.2365
1782933215641,136188,0.21094,-0.39038,0.91724,1.01893,-1.062,-0.5,0.5,-0.1491,0.1624,-0.9462,0.2365
1782933215703,136250,0.19849,-0.37378,0.90259,0.99688,1.875,-1.688,-0.688,-0.1491,0.1619,-0.9463,0.2364
1782933215704,136251,0.19556,-0.37598,0.89941,0.99426,2.0,-2.062,-0.438,-0.1491,0.1618,-0.9463,0.2364
1782933215706,136253,0.19556,-0.37598,0.89941,0.99426,2.0,-2.062,-0.438,-0.1491,0.1618,-0.9463,0.2364
1782933215761,136308,0.20239,-0.38037,0.89282,0.99135,0.875,1.625,-0.562,-0.1493,0.1611,-0.9464,0.2364
1782933215762,136309,0.20093,-0.37817,0.89404,0.99131,0.812,2.312,-0.562,-0.1492,0.1611,-0.9464,0.2364
1782933215763,136310,0.19189,-0.37427,0.896,0.98981,-2.562,8.188,0.062,-0.1465,0.1625,-0.9473,0.2334
1782933215822,136369,0.18726,-0.37573,0.89355,0.98725,-2.562,8.188,0.312,-0.1461,0.1627,-0.9473,0.2333
1782933215822,136369,0.19092,-0.37964,0.89746,0.99298,-2.5,9.562,0.375,-0.1458,0.1629,-0.9474,0.2333
1782933215823,136370,0.18457,-0.38013,0.92139,1.01367,-2.0,-3.25,0.0,-0.1437,0.1644,-0.9477,0.2322
1782933215882,136429,0.18188,-0.38623,0.92114,1.01526,-0.688,-2.062,0.375,-0.1439,0.1644,-0.9477,0.2322
1782933215883,136430,0.18188,-0.38501,0.91162,1.00616,-0.125,-3.0,0.562,-0.1439,0.1644,-0.9476,0.2323
1782933215885,136432,0.19946,-0.37915,0.89697,0.99403,4.125,-9.812,-0.375,-0.1463,0.1632,-0.9481,0.2299
1782933215941,136488,0.20117,-0.37915,0.8938,0.99152,4.312,-8.625,-0.375,-0.1466,0.163,-0.9481,0.2299
1782933215941,136488,0.2002,-0.37793,0.896,0.99284,4.125,-7.688,-0.688,-0.1469,0.1627,-0.9481,0.23
1782933215942,136489,0.2002,-0.37793,0.896,0.99284,4.125,-7.688,-0.688,-0.1469,0.1627,-0.9481,0.23
1782933216003,136550,0.20117,-0.37085,0.88599,0.98131,1.312,-2.062,-0.188,-0.1481,0.1618,-0.9479,0.2305
1782933216004,136551,0.19824,-0.37329,0.875,0.97174,1.125,-0.812,-0.438,-0.1481,0.1617,-0.9479,0.2305
1782933216005,136552,0.19507,-0.37598,0.89478,0.98997,-1.812,4.562,0.125,-0.1473,0.1622,-0.9479,0.2304
1782933216061,136608,0.19409,-0.37793,0.89893,0.99427,-2.188,4.875,0.438,-0.1472,0.1623,-0.9478,0.231
1782933216062,136609,0.19434,-0.37915,0.90186,0.99743,-2.312,4.812,0.625,-0.1471,0.1624,-0.9478,0.231
1782933216123,136670,0.19629,-0.38696,0.87646,0.97798,0.812,2.75,0.0,-0.1461,0.163,-0.9473,0.2335
1782933216124,136671,0.20337,-0.36792,0.89526,0.98905,-1.188,4.688,-0.5,-0.1459,0.1631,-0.9473,0.2334
1782933216125,136672,0.19653,-0.37817,0.91235,1.00699,-0.875,5.188,-0.562,-0.1456,0.1632,-0.9473,0.2333
1782933216182,136729,0.19653,-0.37817,0.91235,1.00699,-0.875,5.188,-0.562,-0.1456,0.1632,-0.9473,0.2333
1782933216182,136729,0.18848,-0.37671,0.89355,0.98786,0.688,-0.25,-0.125,-0.1445,0.163,-0.9476,0.233
1782933216184,136731,0.18848,-0.37671,0.89355,0.98786,0.688,-0.25,-0.125,-0.1445,0.163,-0.9476,0.233
1782933216244,136791,0.19116,-0.37915,0.89697,0.9924,0.688,-2.0,-0.188,-0.1454,0.1626,-0.9475,0.2332
1782933216250,136797,0.19458,-0.37402,0.89355,0.98802,0.438,-1.5,0.125,-0.1455,0.1625,-0.9475,0.2332
1782933216251,136798,0.19458,-0.37402,0.89355,0.98802,0.438,-1.5,0.125,-0.1455,0.1625,-0.9475,0.2332
1782933216303,136850,0.19458,-0.37402,0.89355,0.98802,0.438,-1.5,0.125,-0.1455,0.1625,-0.9475,0.2332
1782933216305,136852,0.19238,-0.37646,0.90161,0.99581,-1.25,0.312,0.25,-0.1457,0.1629,-0.9474,0.2333
1782933216305,136852,0.19238,-0.37646,0.90161,0.99581,-1.25,0.312,0.25,-0.1457,0.1629,-0.9474,0.2333
1782933216362,136909,0.19287,-0.37817,0.89917,0.99434,0.062,0.0,0.0,-0.1454,0.1632,-0.9474,0.2333
1782933216364,136911,0.19116,-0.37988,0.90308,0.9982,0.125,-0.062,0.062,-0.1454,0.1632,-0.9474,0.2334
1782933216365,136912,0.19263,-0.37866,0.9021,0.99713,0.75,-1.25,-0.125,-0.1456,0.163,-0.9473,0.2335
1782933216423,136970,0.19263,-0.37866,0.9021,0.99713,0.75,-1.25,-0.125,-0.1456,0.163,-0.9473,0.2335
1782933216481,137028,0.19116,-0.37842,0.90137,0.9961,0.625,-1.5,-0.188,-0.1457,0.163,-0.9473,0.2335
1782933216481,137028,0.19507,-0.3772,0.89673,0.9922,0.25,-0.375,-0.125,-0.1461,0.1626,-0.9473,0.2336
1782933216482,137029,0.19043,-0.37866,0.89771,0.99274,0.25,0.0,-0.188,-0.1461,0.1626,-0.9473,0.2336
1782933216541,137088,0.19629,-0.37354,0.89819,0.99237,0.062,-0.312,-0.125,-0.1461,0.1626,-0.9473,0.2335
1782933216545,137092,0.19775,-0.37988,0.89941,0.99617,-0.188,0.625,0.125,-0.1458,0.1627,-0.9473,0.2336
1782933216547,137094,0.19263,-0.37695,0.90259,0.99693,-0.562,0.5,0.0,-0.1453,0.1631,-0.9474,0.2335
1782933216603,137150,0.19263,-0.37695,0.90259,0.99693,-0.562,0.5,0.0,-0.1453,0.1631,-0.9474,0.2335
1782933216604,137151,0.19263,-0.37964,0.90356,0.99883,-0.312,0.438,0.125,-0.1452,0.1632,-0.9474,0.2335
1782933216606,137153,0.19238,-0.37769,0.90039,0.99517,0.25,-0.25,-0.062,-0.1451,0.1632,-0.9474,0.2335
1782933216661,137208,0.19214,-0.37671,0.90015,0.99453,0.5,-0.375,-0.188,-0.1451,0.1632,-0.9474,0.2335
1782933216662,137209,0.19336,-0.37842,0.89941,0.99475,0.062,-0.5,-0.125,-0.1451,0.1632,-0.9474,0.2335
1782933216663,137210,0.19214,-0.37598,0.90063,0.99469,0.188,-0.312,-0.188,-0.1451,0.1632,-0.9474,0.2336
1782933216723,137270,0.19287,-0.37769,0.90015,0.99505,0.25,-0.312,-0.125,-0.1451,0.1632,-0.9474,0.2336
1782933216724,137271,0.19312,-0.37939,0.90088,0.9964,0.062,-0.188,0.0,-0.1451,0.1632,-0.9474,0.2336
1782933216726,137273,0.1936,-0.37622,0.90356,0.99772,-0.125,-0.125,0.0,-0.145,0.1632,-0.9473,0.2337
1782933216781,137328,0.1936,-0.37622,0.90356,0.99772,-0.125,-0.125,0.0,-0.145,0.1632,-0.9473,0.2337
1782933216781,137328,0.19238,-0.37939,0.89917,0.99471,-0.125,0.125,0.125,-0.145,0.1633,-0.9473,0.2337
1782933216782,137329,0.19336,-0.37671,0.89917,0.99388,0.062,0.125,0.0,-0.1448,0.1635,-0.9473,0.2337
1782933216841,137388,0.19336,-0.37671,0.89917,0.99388,0.062,0.125,0.0,-0.1448,0.1635,-0.9473,0.2337
1782933216842,137389,0.19531,-0.38159,0.90088,0.99767,0.25,0.125,-0.125,-0.1448,0.1635,-0.9473,0.2337
1782933216842,137389,0.19263,-0.3811,0.90283,0.99872,0.25,0.0,-0.062,-0.1447,0.1635,-0.9473,0.2337
1782933216903,137450,0.19263,-0.3811,0.90283,0.99872,0.25,0.0,-0.062,-0.1447,0.1635,-0.9473,0.2337
1782933216904,137451,0.19189,-0.3811,0.90063,0.99659,0.25,0.062,0.0,-0.1447,0.1635,-0.9473,0.2338
1782933216905,137452,0.19116,-0.37598,0.89771,0.99186,0.0,0.125,-0.062,-0.1445,0.1635,-0.9473,0.2338
1782933216962,137509,0.19312,-0.37573,0.90039,0.99457,0.0,0.312,-0.062,-0.1445,0.1635,-0.9473,0.2338
1782933216963,137510,0.19092,-0.37891,0.89526,0.99071,-0.188,0.312,0.125,-0.1445,0.1635,-0.9473,0.2338
1782933216966,137513,0.19312,-0.37915,0.90234,0.99763,-0.688,0.812,0.062,-0.1442,0.1639,-0.9473,0.2338
1782933217021,137568,0.19092,-0.38086,0.90405,0.99941,-0.438,1.25,0.0,-0.1442,0.164,-0.9473,0.2338
1782933217022,137569,0.18872,-0.37598,0.90552,0.99847,-0.375,0.688,0.125,-0.1441,0.164,-0.9473,0.2337
1782933217023,137570,0.19141,-0.38013,0.90454,0.99966,0.0,-0.188,0.0,-0.1439,0.1642,-0.9473,0.2338
1782933217081,137628,0.19165,-0.38281,0.90454,1.00073,0.062,0.0,0.0,-0.1439,0.1642,-0.9473,0.2338
1782933217081,137628,0.19165,-0.37549,0.8999,0.99375,0.312,-0.188,-0.188,-0.1439,0.1642,-0.9473,0.2338
1782933217082,137629,0.18994,-0.37891,0.89893,0.99384,0.25,-0.375,0.0,-0.1439,0.1642,-0.9473,0.2338
1782933217141,137688,0.19263,-0.3811,0.89941,0.99563,0.062,0.0,0.0,-0.1439,0.1642,-0.9473,0.2338
1782933217141,137688,0.19482,-0.375,0.89795,0.99242,0.0,0.0,0.0,-0.1439,0.1642,-0.9473,0.2338
1782933217142,137689,0.19067,-0.37866,0.90112,0.99587,0.312,0.0,0.062,-0.1437,0.1643,-0.9473,0.2339
1782933217202,137749,0.18872,-0.37915,0.89648,0.99149,0.5,0.0,-0.188,-0.1437,0.1642,-0.9473,0.2339
1782933217204,137751,0.18774,-0.37769,0.89722,0.99141,0.125,-0.125,0.0,-0.1437,0.1642,-0.9473,0.2339
1782933217205,137752,0.19263,-0.37744,0.90259,0.99711,0.062,-0.125,0.062,-0.1437,0.1643,-0.9473,0.234
1782933217261,137808,0.19141,-0.37695,0.90112,0.99536,0.062,-0.562,0.188,-0.1437,0.1643,-0.9473,0.234
1782933217261,137808,0.19263,-0.37891,0.90186,0.99701,-0.062,-0.125,0.188,-0.1437,0.1643,-0.9473,0.234
1782933217262,137809,0.1897,-0.37793,0.90259,0.99674,0.312,-0.25,-0.125,-0.1436,0.1643,-0.9473,0.234
1782933217321,137868,0.19238,-0.37476,0.90088,0.9945,0.125,-0.312,0.0,-0.1436,0.1643,-0.9473,0.234
1782933217322,137869,0.18823,-0.37769,0.90039,0.99438,0.062,0.062,0.0,-0.1436,0.1643,-0.9473,0.234
1782933217323,137870,0.19287,-0.37915,0.89941,0.99493,0.062,-0.188,0.062,-0.1435,0.1643,-0.9473,0.2341
1782933217382,137929,0.19165,-0.37769,0.90527,0.99945,0.062,-0.125,0.0,-0.1435,0.1643,-0.9473,0.2341
1782933217384,137931,0.19189,-0.37915,0.90186,0.99696,0.062,0.25,-0.125,-0.1435,0.1643,-0.9473,0.2341
1782933217385,137932,0.18774,-0.38013,0.89673,0.9919,-0.125,0.0,0.125,-0.1434,0.1644,-0.9473,0.2341
1782933217440,137987,0.19067,-0.38013,0.90259,0.99776,-0.375,0.312,0.25,-0.1434,0.1644,-0.9473,0.2341
1782933217441,137988,0.1897,-0.37915,0.89771,0.99279,-0.375,-0.125,0.188,-0.1434,0.1644,-0.9473,0.2341
1782933217442,137989,0.19141,-0.37964,0.89746,0.99308,0.062,0.062,0.0,-0.1433,0.1646,-0.9473,0.2341
1782933217503,138050,0.1875,-0.37769,0.90112,0.9949,0.062,0.375,0.0,-0.1432,0.1646,-0.9473,0.2341
1782933217504,138051,0.18896,-0.37793,0.90186,0.99594,0.0,-0.438,0.0,-0.1432,0.1646,-0.9473,0.2341
1782933217505,138052,0.19238,-0.37793,0.89478,0.99019,0.062,-0.375,0.0,-0.1433,0.1646,-0.9473,0.2342
1782933217624,138171,0.19165,-0.37939,0.90063,0.99589,-0.062,-0.25,-0.25,-0.1433,0.1646,-0.9473,0.2342
1782933217625,138172,0.18872,-0.37817,0.90332,0.9973,0.125,-0.625,-0.188,-0.1433,0.1646,-0.9473,0.2342
1782933217630,138177,0.1875,-0.37695,0.89624,0.9902,0.188,-0.188,-0.062,-0.1433,0.1645,-0.9473,0.2342
1782933217632,138179,0.18896,-0.37573,0.89917,0.99267,0.312,0.125,0.125,-0.1432,0.1645,-0.9473,0.2342
1782933217682,138229,0.18799,-0.37598,0.89819,0.99169,0.0,-0.062,0.062,-0.1432,0.1645,-0.9473,0.2343
1782933217683,138230,0.19287,-0.38037,0.90283,0.99849,0.125,-0.188,0.0,-0.1431,0.1646,-0.9473,0.2343
1782933217684,138231,0.18848,-0.37646,0.89966,0.9933,-0.062,0.375,0.0,-0.143,0.1647,-0.9473,0.2343
1782933217745,138292,0.18774,-0.37939,0.90186,0.99626,-0.25,-0.062,0.0,-0.143,0.1647,-0.9473,0.2343
1782933217746,138293,0.19238,-0.37964,0.90015,0.99569,-0.062,-0.375,0.062,-0.143,0.1647,-0.9472,0.2343
1782933217748,138295,0.19238,-0.37964,0.90015,0.99569,-0.062,-0.375,0.062,-0.143,0.1647,-0.9472,0.2343
1782933217804,138351,0.18945,-0.38135,0.90137,0.99689,-0.062,-0.062,0.0,-0.143,0.1648,-0.9472,0.2344
1782933217805,138352,0.18945,-0.38184,0.90405,0.9995,0.062,-0.062,-0.062,-0.143,0.1648,-0.9472,0.2344
1782933217805,138352,0.19019,-0.3833,0.90063,0.99711,0.062,0.188,0.125,-0.1429,0.1648,-0.9472,0.2344
1782933217862,138409,0.18872,-0.37817,0.90088,0.99509,0.0,0.062,0.125,-0.1428,0.1648,-0.9472,0.2344
1782933217864,138411,0.19043,-0.37964,0.89893,0.99422,-0.062,0.0,0.0,-0.1428,0.1648,-0.9472,0.2344
1782933217867,138414,0.19043,-0.37964,0.89893,0.99422,-0.062,0.0,0.0,-0.1428,0.1648,-0.9472,0.2344
1782933217923,138470,0.18848,-0.37939,0.90112,0.99573,-0.062,0.062,0.062,-0.1428,0.1649,-0.9472,0.2344
1782933217926,138473,0.19067,-0.38013,0.90234,0.99753,0.0,0.0,0.062,-0.1427,0.1649,-0.9472,0.2344
1782933217928,138475,0.18677,-0.37744,0.90112,0.99467,0.062,0.062,-0.062,-0.1426,0.165,-0.9472,0.2345
1782933217981,138528,0.19336,-0.38086,0.90283,0.99877,-0.188,0.188,0.0,-0.1426,0.165,-0.9472,0.2345
1782933217982,138529,0.18872,-0.37891,0.90063,0.99515,0.0,-0.062,0.0,-0.1426,0.165,-0.9472,0.2345
1782933217984,138531,0.18872,-0.37891,0.90063,0.99515,0.0,-0.062,0.0,-0.1426,0.165,-0.9472,0.2345
1782933218042,138589,0.19092,-0.37866,0.90137,0.99614,-0.125,-0.188,0.0,-0.1426,0.165,-0.9472,0.2345
1782933218043,138590,0.18872,-0.37988,0.8999,0.99486,0.062,0.25,-0.062,-0.1426,0.165,-0.9472,0.2345
1782933218047,138594,0.18872,-0.37988,0.8999,0.99486,0.062,0.25,-0.062,-0.1426,0.165,-0.9472,0.2345
1782933218103,138650,0.19043,-0.37695,0.90332,0.99717,0.0,0.0,0.062,-0.1425,0.1651,-0.9472,0.2346
1782933218104,138651,0.18872,-0.37939,0.90015,0.9949,-0.125,0.188,0.0,-0.1425,0.1651,-0.9472,0.2346
1782933218105,138652,0.18872,-0.37939,0.90015,0.9949,-0.125,0.188,0.0,-0.1425,0.1651,-0.9472,0.2346
1782933218164,138711,0.19092,-0.38208,0.90283,0.99877,-0.062,0.188,0.0,-0.1423,0.1652,-0.9472,0.2346
1782933218165,138712,0.18896,-0.38257,0.90283,0.99858,0.062,0.188,0.0,-0.1423,0.1653,-0.9472,0.2346
1782933218223,138770,0.18896,-0.38257,0.90283,0.99858,0.062,0.188,0.0,-0.1423,0.1653,-0.9472,0.2346
1782933218224,138771,0.18726,-0.37622,0.89673,0.99032,-0.25,0.125,0.0,-0.1422,0.1654,-0.9472,0.2346
1782933218225,138772,0.19067,-0.38037,0.90088,0.9963,-0.438,0.0,0.188,-0.1422,0.1654,-0.9472,0.2346
1782933218282,138829,0.19067,-0.38037,0.90088,0.9963,-0.438,0.0,0.188,-0.1422,0.1654,-0.9472,0.2346
1782933218284,138831,0.18848,-0.37671,0.90186,0.99538,0.062,0.438,0.125,-0.1421,0.1654,-0.9472,0.2346
1782933218286,138833,0.18848,-0.37671,0.90186,0.99538,0.062,0.438,0.125,-0.1421,0.1654,-0.9472,0.2346
1782933218341,138888,0.19238,-0.38037,0.90479,1.00017,0.5,0.0,0.0,-0.1421,0.1655,-0.9472,0.2346
1782933218341,138888,0.18872,-0.38013,0.90454,0.99915,0.625,0.0,-0.062,-0.1421,0.1655,-0.9472,0.2346
1782933218344,138891,0.18872,-0.38013,0.90454,0.99915,0.625,0.0,-0.062,-0.1421,0.1655,-0.9472,0.2346
1782933218403,138950,0.18848,-0.38013,0.90137,0.99624,0.062,0.125,0.0,-0.142,0.1654,-0.9472,0.2346
1782933218405,138952,0.1875,-0.37769,0.90186,0.99557,-0.062,0.0,0.125,-0.142,0.1654,-0.9472,0.2346
1782933218406,138953,0.1875,-0.37817,0.89819,0.99243,0.0,0.188,0.0,-0.142,0.1654,-0.9472,0.2347
1782933218464,139011,0.18701,-0.38086,0.89575,0.99116,0.188,0.188,0.0,-0.142,0.1654,-0.9472,0.2347
1782933218467,139014,0.18945,-0.37964,0.89795,0.99314,-0.25,0.125,0.0,-0.142,0.1655,-0.9472,0.2347
1782933218469,139016,0.18799,-0.38135,0.90088,0.99617,0.062,-0.062,0.0,-0.142,0.1656,-0.9472,0.2347
1782933218523,139070,0.18872,-0.37939,0.9021,0.99666,0.062,-0.188,0.0,-0.142,0.1656,-0.9472,0.2347
1782933218524,139071,0.19043,-0.38135,0.90112,0.99685,0.0,0.0,0.0,-0.142,0.1656,-0.9472,0.2347
1782933218529,139076,0.18945,-0.38159,0.90088,0.99654,0.0,-0.062,0.0,-0.142,0.1657,-0.9472,0.2348
1782933218584,139131,0.18994,-0.38013,0.90332,0.99828,0.0,0.0,0.0,-0.142,0.1657,-0.9472,0.2348
1782933218585,139132,0.18701,-0.38159,0.89917,0.99453,0.062,0.0,0.062,-0.142,0.1657,-0.9472,0.2348
1782933218586,139133,0.18848,-0.3772,0.89893,0.99291,0.062,-0.25,0.125,-0.1419,0.1657,-0.9472,0.2348
1782933218642,139189,0.18799,-0.37769,0.89648,0.99079,-0.188,-0.125,0.188,-0.1419,0.1657,-0.9471,0.2348
1782933218643,139190,0.18579,-0.37939,0.90161,0.99567,-0.062,-0.25,0.125,-0.1419,0.1657,-0.9471,0.2348
1782933218646,139193,0.19141,-0.37988,0.90039,0.99582,0.25,-0.438,-0.125,-0.142,0.1657,-0.9471,0.2349
1782933218702,139249,0.19141,-0.37988,0.90039,0.99582,0.25,-0.438,-0.125,-0.142,0.1657,-0.9471,0.2349
1782933218703,139250,0.1875,-0.37842,0.90112,0.99518,0.188,-0.5,0.0,-0.142,0.1657,-0.9471,0.2349
1782933218704,139251,0.19141,-0.37695,0.89575,0.9905,0.0,-0.125,0.188,-0.142,0.1656,-0.9471,0.2349
1782933218761,139308,0.19116,-0.37842,0.8999,0.99477,0.0,-0.062,0.0,-0.142,0.1656,-0.9471,0.2349
1782933218763,139310,0.18945,-0.38354,0.90161,0.99795,0.0,0.0,0.0,-0.142,0.1657,-0.9471,0.2349
1782933218765,139312,0.18945,-0.38086,0.90015,0.9956,-0.062,-0.125,0.0,-0.1421,0.1656,-0.9471,0.2349
1782933218821,139368,0.18945,-0.38086,0.90015,0.9956,-0.062,-0.125,0.0,-0.1421,0.1656,-0.9471,0.2349
1782933218821,139368,0.18896,-0.37988,0.89844,0.99358,-0.125,0.0,0.0,-0.142,0.1656,-0.9471,0.2349
1782933218822,139369,0.19019,-0.38013,0.90112,0.99634,0.062,-0.312,0.0,-0.1421,0.1657,-0.947,0.235
1782933218880,139427,0.19165,-0.38037,0.90088,0.99649,0.062,-0.25,0.0,-0.1421,0.1657,-0.947,0.235
1782933218880,139427,0.18774,-0.37671,0.90112,0.99457,0.0,-0.125,0.0,-0.1421,0.1657,-0.947,0.235
1782933218881,139428,0.18774,-0.37671,0.90112,0.99457,0.0,-0.125,0.0,-0.1421,0.1657,-0.947,0.235
1782933218946,139493,0.18726,-0.38086,0.90063,0.99562,0.062,0.25,-0.062,-0.1421,0.1656,-0.947,0.235
1782933218946,139493,0.19019,-0.38184,0.90039,0.99633,0.062,0.0,0.062,-0.1421,0.1656,-0.947,0.235
1782933218947,139494,0.19019,-0.38159,0.90137,0.99712,-0.25,0.062,0.0,-0.142,0.1657,-0.947,0.2351
1782933219003,139550,0.19019,-0.38159,0.90137,0.99712,-0.25,0.062,0.0,-0.142,0.1657,-0.947,0.2351
1782933219003,139550,0.18774,-0.37769,0.89941,0.9934,-0.125,0.375,0.188,-0.142,0.1657,-0.947,0.2351
1782933219004,139551,0.18774,-0.38013,0.90259,0.9972,0.062,0.125,0.0,-0.1419,0.1658,-0.947,0.2351
1782933219063,139610,0.18945,-0.38232,0.89941,0.99549,0.125,-0.125,0.125,-0.1419,0.1658,-0.947,0.2351
1782933219066,139613,0.18652,-0.37866,0.90039,0.99442,0.0,0.0,0.0,-0.1419,0.1658,-0.947,0.2351
1782933219067,139614,0.19092,-0.37939,0.90381,0.99863,0.188,0.25,-0.062,-0.1419,0.1658,-0.947,0.2351
1782933219123,139670,0.18726,-0.37891,0.90137,0.99554,0.0,0.0,0.0,-0.1419,0.1658,-0.947,0.2351
1782933219124,139671,0.19312,-0.37891,0.89966,0.99512,0.0,0.0,0.0,-0.1419,0.1658,-0.947,0.2351
1782933219130,139677,0.1853,-0.37866,0.90234,0.99596,0.062,0.0,0.062,-0.1418,0.1658,-0.947,0.2351
1782933219183,139730,0.18726,-0.37695,0.9021,0.99546,0.0,0.0,0.0,-0.1417,0.1658,-0.947,0.2351
1782933219185,139732,0.18823,-0.37842,0.90039,0.99465,-0.125,0.0,0.125,-0.1417,0.1658,-0.947,0.2351
1782933219186,139733,0.19165,-0.37817,0.90137,0.9961,-0.125,-0.062,0.0,-0.1417,0.1659,-0.947,0.2351
1782933219240,139787,0.18848,-0.37964,0.90137,0.99605,-0.188,0.062,0.0,-0.1417,0.1659,-0.947,0.2351
1782933219242,139789,0.18652,-0.38013,0.90186,0.99631,0.062,0.062,0.0,-0.1417,0.1659,-0.947,0.2351
1782933219243,139790,0.18823,-0.37988,0.90259,0.9972,0.062,-0.25,0.062,-0.1417,0.1659,-0.947,0.2352
1782933219303,139850,0.18823,-0.37891,0.9021,0.99639,0.062,-0.25,0.0,-0.1417,0.1659,-0.947,0.2352
1782933219304,139851,0.18994,-0.38135,0.90161,0.9972,0.188,-0.625,0.0,-0.1418,0.1659,-0.947,0.2352
1782933219306,139853,0.1875,-0.37964,0.89795,0.99277,0.062,0.0,0.062,-0.1419,0.1658,-0.947,0.2352
1782933219362,139909,0.1875,-0.37964,0.89795,0.99277,0.062,0.0,0.062,-0.1419,0.1658,-0.947,0.2352
1782933219422,139969,0.19067,-0.37915,0.9021,0.99694,0.062,0.188,0.062,-0.1419,0.1658,-0.947,0.2352
1782933219422,139969,0.18604,-0.37988,0.90259,0.99679,0.062,0.062,0.0,-0.1417,0.1658,-0.947,0.2352
1782933219423,139970,0.18726,-0.37988,0.89746,0.99238,0.0,-0.312,0.0,-0.1417,0.1658,-0.947,0.2352
1782933219484,140031,0.18872,-0.37817,0.89868,0.9931,0.062,-0.25,0.0,-0.1417,0.1658,-0.947,0.2352
1782933219486,140033,0.19116,-0.38281,0.89917,0.99579,0.125,-0.5,0.0,-0.1419,0.1658,-0.947,0.2352
1782933219487,140034,0.18579,-0.37988,0.90283,0.99696,0.062,0.0,0.0,-0.142,0.1657,-0.947,0.2353
1782933219540,140087,0.1875,-0.37695,0.89844,0.99219,-0.125,0.125,0.0,-0.1419,0.1657,-0.947,0.2353
1782933219542,140089,0.18945,-0.38086,0.89941,0.99493,-0.188,0.062,0.25,-0.1419,0.1658,-0.947,0.2354
1782933219543,140090,0.18677,-0.38306,0.90234,0.99792,0.062,0.062,-0.125,-0.1419,0.1658,-0.947,0.2354
1782933219603,140150,0.18604,-0.37988,0.89966,0.99414,0.062,0.062,-0.125,-0.1419,0.1658,-0.947,0.2354
1782933219605,140152,0.18921,-0.37817,0.9043,0.99828,0.0,-0.062,-0.25,-0.1419,0.1658,-0.947,0.2354
1782933219607,140154,0.19019,-0.3811,0.90039,0.99605,0.062,-0.375,-0.062,-0.1419,0.1657,-0.947,0.2354
1782933219669,140216,0.18872,-0.38184,0.90063,0.99627,0.188,-0.312,0.0,-0.1419,0.1657,-0.947,0.2354
1782933219671,140218,0.19019,-0.38208,0.89917,0.99532,0.062,-0.375,-0.062,-0.1419,0.1657,-0.947,0.2354
1782933219671,140218,0.19019,-0.38208,0.89917,0.99532,0.062,-0.375,-0.062,-0.1419,0.1657,-0.947,0.2354
1782933219721,140268,0.18799,-0.37988,0.90015,0.99495,0.0,-0.25,-0.062,-0.142,0.1657,-0.947,0.2354
1782933219721,140268,0.1897,-0.37793,0.90405,0.99806,0.0,0.0,0.062,-0.142,0.1657,-0.947,0.2354
1782933219722,140269,0.1897,-0.37793,0.90405,0.99806,0.0,0.0,0.062,-0.142,0.1657,-0.947,0.2354
1782933219781,140328,0.18896,-0.37891,0.89941,0.99409,-0.062,0.625,-0.062,-0.1419,0.1658,-0.947,0.2354
1782933219782,140329,0.18848,-0.37891,0.90137,0.99577,-0.062,0.562,0.0,-0.1419,0.1658,-0.947,0.2354
1782933219783,140330,0.18848,-0.37891,0.90137,0.99577,-0.062,0.562,0.0,-0.1419,0.1658,-0.947,0.2354
1782933219842,140389,0.18848,-0.37891,0.90137,0.99577,-0.062,0.562,0.0,-0.1419,0.1658,-0.947,0.2354
1782933219846,140393,0.18994,-0.37817,0.90161,0.99599,0.438,-0.5,0.0,-0.1417,0.1658,-0.947,0.2354
1782933219847,140394,0.19336,-0.38159,0.90063,0.99706,0.062,-0.438,0.125,-0.1419,0.1657,-0.947,0.2355
1782933219902,140449,0.18945,-0.37939,0.89795,0.99305,0.0,-0.375,0.0,-0.1419,0.1657,-0.947,0.2355
1782933219903,140450,0.18604,-0.37915,0.90063,0.99474,-0.188,-0.438,0.0,-0.1419,0.1657,-0.947,0.2355
1782933219903,140450,0.18994,-0.38184,0.8999,0.99584,-0.25,0.25,0.062,-0.1419,0.1657,-0.9469,0.2355
1782933219963,140510,0.18726,-0.37939,0.89648,0.9913,-0.188,0.375,0.0,-0.1419,0.1657,-0.9469,0.2355
1782933219964,140511,0.18921,-0.38135,0.90088,0.9964,-0.312,0.375,0.125,-0.1419,0.1657,-0.9469,0.2355
1782933219966,140513,0.18921,-0.38135,0.90088,0.9964,-0.312,0.375,0.125,-0.1419,0.1657,-0.9469,0.2355
1782933220021,140568,0.18701,-0.38257,0.90381,0.9991,0.062,0.188,0.0,-0.1417,0.166,-0.9469,0.2355
1782933220021,140568,0.18823,-0.38037,0.90552,1.00004,0.125,-0.25,0.0,-0.1417,0.1659,-0.9469,0.2355
1782933220022,140569,0.1897,-0.37866,0.89966,0.99436,0.125,-0.375,0.0,-0.1418,0.1658,-0.9469,0.2355
1782933220080,140627,0.19019,-0.37671,0.8999,0.99393,0.125,-0.5,0.0,-0.1418,0.1658,-0.9469,0.2355
1782933220081,140628,0.18872,-0.38062,0.89893,0.99426,0.062,-0.375,0.125,-0.1419,0.1658,-0.9469,0.2355
1782933220081,140628,0.18945,-0.37891,0.90332,0.99772,0.0,-0.125,0.0,-0.1419,0.1658,-0.9469,0.2356
1782933220140,140687,0.18945,-0.3811,0.89893,0.99459,0.062,-0.25,0.0,-0.1419,0.1658,-0.9469,0.2356
1782933220141,140688,0.1897,-0.37964,0.89819,0.99341,0.062,0.062,-0.062,-0.1419,0.1658,-0.9469,0.2356
1782933220144,140691,0.1897,-0.37964,0.89819,0.99341,0.062,0.062,-0.062,-0.1419,0.1658,-0.9469,0.2356
1782933220203,140750,0.19067,-0.37817,0.90063,0.99524,-0.188,0.062,0.125,-0.1419,0.1658,-0.9469,0.2356
1782933220204,140751,0.19092,-0.38306,0.90112,0.9976,-0.188,0.25,0.125,-0.1419,0.1658,-0.9469,0.2356
1782933220204,140751,0.18896,-0.3772,0.9021,0.99588,0.25,-0.062,-0.25,-0.1417,0.1658,-0.9469,0.2356
1782933220263,140810,0.18994,-0.37939,0.90308,0.99778,-0.125,-0.25,0.0,-0.1417,0.1658,-0.9469,0.2356
1782933220265,140812,0.18652,-0.38574,0.90283,0.99934,0.062,-0.125,0.188,-0.1417,0.1658,-0.9469,0.2357
1782933220268,140815,0.19165,-0.38159,0.89771,0.99409,0.312,-0.188,0.062,-0.1419,0.1658,-0.9469,0.2357
1782933220322,140869,0.19165,-0.38159,0.89771,0.99409,0.312,-0.188,0.062,-0.1419,0.1658,-0.9469,0.2357
1782933220328,140875,0.18921,-0.37646,0.90015,0.99388,0.125,-0.25,-0.062,-0.1419,0.1658,-0.9469,0.2357
1782933220332,140879,0.18945,-0.37842,0.90356,0.99775,0.0,0.125,0.125,-0.1419,0.1658,-0.9468,0.2357
1782933220381,140928,0.18945,-0.37842,0.90356,0.99775,0.0,0.125,0.125,-0.1419,0.1658,-0.9468,0.2357
1782933220382,140929,0.19263,-0.3811,0.8999,0.99607,0.0,0.125,0.062,-0.1419,0.1658,-0.9468,0.2357
1782933220384,140931,0.19092,-0.37793,0.90088,0.99542,-0.125,0.062,0.0,-0.1417,0.1659,-0.9468,0.2358
1782933220442,140989,0.19092,-0.37793,0.90088,0.99542,-0.125,0.062,0.0,-0.1417,0.1659,-0.9468,0.2358
1782933220445,140992,0.18896,-0.38257,0.90283,0.99858,-0.25,0.0,0.125,-0.1417,0.166,-0.9468,0.2358
1782933220446,140993,0.18774,-0.3811,0.89966,0.99492,0.562,-0.25,-0.125,-0.1419,0.1658,-0.9468,0.2358
1782933220502,141049,0.18774,-0.3811,0.89966,0.99492,0.562,-0.25,-0.125,-0.1419,0.1658,-0.9468,0.2358
1782933220503,141050,0.18823,-0.37915,0.89893,0.99361,0.688,-0.25,-0.062,-0.1419,0.1658,-0.9468,0.2358
1782933220504,141051,0.19019,-0.37915,0.89697,0.99221,0.062,-0.25,0.0,-0.1419,0.1657,-0.9468,0.2359
1782933220561,141108,0.19019,-0.37915,0.89697,0.99221,0.062,-0.25,0.0,-0.1419,0.1657,-0.9468,0.2359
1782933220563,141110,0.18701,-0.38013,0.90015,0.99486,0.062,-0.062,0.0,-0.1419,0.1657,-0.9468,0.2359
1782933220565,141112,0.19092,-0.37866,0.89941,0.99437,-0.25,0.375,0.062,-0.1419,0.1658,-0.9468,0.2359
1782933220621,141168,0.19092,-0.37866,0.89941,0.99437,-0.25,0.375,0.062,-0.1419,0.1658,-0.9468,0.2359
1782933220621,141168,0.19019,-0.38013,0.90137,0.99656,-0.25,0.375,-0.062,-0.1419,0.1659,-0.9468,0.2359
1782933220621,141168,0.19019,-0.38086,0.90308,0.99839,0.062,-0.25,-0.125,-0.1417,0.166,-0.9468,0.2359
1782933220681,141228,0.19019,-0.38086,0.90308,0.99839,0.062,-0.25,-0.125,-0.1417,0.166,-0.9468,0.2359
1782933220740,141287,0.18604,-0.38086,0.90137,0.99606,0.062,-0.312,0.0,-0.1417,0.166,-0.9468,0.2359
1782933220743,141290,0.1897,-0.38013,0.89868,0.99404,0.062,-0.312,0.0,-0.1418,0.1659,-0.9468,0.236
1782933220743,141290,0.1897,-0.38013,0.89868,0.99404,0.062,-0.312,0.0,-0.1418,0.1659,-0.9468,0.236
1782933220804,141351,0.18677,-0.38135,0.89917,0.99439,0.0,-0.188,-0.062,-0.1418,0.1659,-0.9468,0.236
1782933220805,141352,0.18579,-0.37622,0.8999,0.99291,0.062,-0.188,-0.062,-0.1418,0.1659,-0.9468,0.236
1782933220805,141352,0.18848,-0.38159,0.9021,0.99746,0.0,-0.5,0.0,-0.1419,0.1659,-0.9468,0.236
1782933220861,141408,0.18848,-0.38159,0.9021,0.99746,0.0,-0.5,0.0,-0.1419,0.1659,-0.9468,0.236
1782933220864,141411,0.19092,-0.37866,0.90112,0.99592,0.062,-0.188,-0.062,-0.1419,0.1659,-0.9468,0.236
1782933220865,141412,0.18872,-0.37988,0.89795,0.9931,0.062,-0.125,-0.062,-0.1419,0.1659,-0.9468,0.236
1782933220920,141467,0.18872,-0.37988,0.89795,0.9931,0.062,-0.125,-0.062,-0.1419,0.1659,-0.9468,0.236
1782933220921,141468,0.18848,-0.37817,0.89771,0.99218,0.0,-0.25,0.062,-0.1419,0.1659,-0.9468,0.236
1782933220922,141469,0.19165,-0.37671,0.90088,0.9951,0.125,-0.125,-0.125,-0.1419,0.1658,-0.9468,0.236
1782933220982,141529,0.18628,-0.37866,0.89819,0.99239,0.125,0.062,-0.062,-0.1418,0.1658,-0.9468,0.236
1782933220984,141531,0.18604,-0.38037,0.89722,0.99212,0.062,0.062,0.0,-0.1418,0.1658,-0.9468,0.236
1782933220984,141531,0.18604,-0.38086,0.90112,0.99583,0.062,-0.312,0.062,-0.1418,0.1659,-0.9468,0.2361
1782933221041,141588,0.1897,-0.37988,0.90234,0.99725,-0.125,-0.312,0.312,-0.1418,0.1659,-0.9468,0.2361
1782933221042,141589,0.18994,-0.38232,0.90161,0.99757,-0.062,-0.625,0.312,-0.1419,0.1659,-0.9468,0.2361
1782933221043,141590,0.18701,-0.3833,0.89771,0.99387,-0.062,0.25,0.062,-0.1419,0.1658,-0.9468,0.2362
1782933221102,141649,0.19019,-0.38208,0.89868,0.99488,0.0,0.188,-0.062,-0.1419,0.1658,-0.9468,0.2362
1782933221104,141651,0.18726,-0.37769,0.90186,0.99552,-0.062,0.25,0.0,-0.1419,0.1658,-0.9468,0.2362
1782933221105,141652,0.18848,-0.38403,0.90454,1.0006,0.312,0.0,-0.125,-0.1418,0.166,-0.9468,0.2362
1782933221161,141708,0.18579,-0.38037,0.90503,0.99914,0.188,0.188,-0.062,-0.1418,0.166,-0.9468,0.2362
1782933221162,141709,0.18677,-0.37744,0.89966,0.99334,0.438,-0.25,-0.125,-0.1417,0.1659,-0.9468,0.2362
1782933221165,141712,0.19116,-0.38257,0.89697,0.99371,-0.125,-0.125,0.0,-0.1417,0.1659,-0.9468,0.2362
1782933221221,141768,0.1897,-0.37964,0.90552,1.00004,0.0,-0.188,0.0,-0.1417,0.1659,-0.9468,0.2362
1782933221222,141769,0.19067,-0.37817,0.90405,0.99834,0.0,-0.062,-0.062,-0.1417,0.1659,-0.9468,0.2362
1782933221223,141770,0.1875,-0.37915,0.89966,0.99413,-0.062,-0.188,0.0,-0.1418,0.1659,-0.9467,0.2362
1782933221281,141828,0.18799,-0.38013,0.89917,0.99416,0.0,-0.062,-0.062,-0.1418,0.1659,-0.9467,0.2362
1782933221281,141828,0.18872,-0.38208,0.89844,0.99438,0.0,-0.125,0.0,-0.1418,0.1659,-0.9467,0.2362
1782933221282,141829,0.18896,-0.37793,0.90039,0.99461,-0.312,0.0,0.0,-0.1417,0.166,-0.9467,0.2362
1782933221345,141892,0.18994,-0.37915,0.89819,0.99327,-0.062,0.062,0.312,-0.1417,0.166,-0.9467,0.2362
1782933221347,141894,0.18726,-0.38135,0.90112,0.99625,-0.25,-0.188,0.125,-0.1417,0.166,-0.9467,0.2362
1782933221350,141897,0.18799,-0.38135,0.90234,0.99749,0.062,0.0,0.062,-0.1417,0.1661,-0.9467,0.2362
1782933221401,141948,0.18896,-0.37939,0.90088,0.9956,0.125,-0.062,0.0,-0.1417,0.166,-0.9467,0.2363
1782933221402,141949,0.18896,-0.37964,0.90405,0.99857,0.0,0.125,0.062,-0.1417,0.166,-0.9467,0.2363
1782933221404,141951,0.1853,-0.38086,0.89795,0.99283,0.062,-0.062,-0.25,-0.1416,0.166,-0.9467,0.2363
1782933221523,142070,0.18628,-0.38306,0.90186,0.99739,0.0,0.0,0.0,-0.1416,0.166,-0.9467,0.2363
1782933221581,142128,0.18628,-0.37671,0.89893,0.99231,0.0,-0.25,-0.125,-0.1416,0.166,-0.9467,0.2363
1782933221582,142129,0.18628,-0.37671,0.89893,0.99231,0.0,-0.25,-0.125,-0.1416,0.166,-0.9467,0.2363
1782933221583,142130,0.18823,-0.38062,0.9021,0.99704,0.188,-0.188,0.125,-0.1417,0.166,-0.9467,0.2363
1782933221640,142187,0.18799,-0.37866,0.8999,0.99426,0.375,-0.25,0.0,-0.1417,0.166,-0.9467,0.2363
1782933221643,142190,0.19019,-0.3811,0.90405,0.99936,0.125,-0.438,0.062,-0.1417,0.1659,-0.9467,0.2363
1782933221643,142190,0.18799,-0.37793,0.89917,0.99332,0.125,-0.375,0.0,-0.1418,0.1658,-0.9467,0.2364
1782933221706,142253,0.18652,-0.38257,0.90308,0.99835,0.125,-0.438,-0.125,-0.1418,0.1658,-0.9467,0.2364
1782933221716,142263,0.18896,-0.38159,0.89819,0.99401,0.312,-0.125,-0.188,-0.1419,0.1658,-0.9467,0.2364
1782933221719,142266,0.18896,-0.38159,0.89819,0.99401,0.312,-0.125,-0.188,-0.1419,0.1658,-0.9467,0.2364
1782933221760,142307,0.18823,-0.37817,0.89917,0.99345,0.0,-0.312,0.0,-0.1419,0.1657,-0.9467,0.2364
1782933221761,142308,0.1875,-0.37915,0.89819,0.9928,-0.062,-0.25,0.062,-0.1419,0.1657,-0.9467,0.2364
1782933221781,142328,0.1875,-0.37915,0.89819,0.9928,-0.062,-0.25,0.062,-0.1419,0.1657,-0.9467,0.2364
1782933221821,142368,0.19165,-0.37915,0.90112,0.99624,0.125,-0.438,0.0,-0.142,0.1658,-0.9467,0.2365
1782933221821,142368,0.19141,-0.38257,0.90308,0.99928,0.0,-0.25,-0.062,-0.142,0.1658,-0.9467,0.2365
1782933221822,142369,0.18994,-0.38013,0.90063,0.99585,0.062,-0.062,0.0,-0.142,0.1657,-0.9467,0.2365
1782933221880,142427,0.18848,-0.37891,0.90259,0.99688,0.062,-0.062,0.188,-0.142,0.1657,-0.9467,0.2365
1782933221881,142428,0.19336,-0.38086,0.90332,0.99921,0.0,-0.25,0.0,-0.142,0.1657,-0.9467,0.2365
1782933221882,142429,0.19336,-0.38086,0.90332,0.99921,0.0,-0.25,0.0,-0.142,0.1657,-0.9467,0.2365
1782933221944,142491,0.18896,-0.37891,0.90186,0.99631,0.375,-0.25,-0.125,-0.142,0.1656,-0.9467,0.2365
1782933221949,142496,0.19238,-0.37915,0.90259,0.99771,0.375,-0.25,-0.125,-0.142,0.1656,-0.9467,0.2365
1782933221950,142497,0.19238,-0.37915,0.90259,0.99771,0.375,-0.25,-0.125,-0.142,0.1656,-0.9467,0.2365
1782933222003,142550,0.18726,-0.37988,0.90039,0.99503,0.0,-0.375,0.0,-0.1422,0.1654,-0.9467,0.2365
1782933222016,142563,0.18945,-0.37793,0.90112,0.99536,0.062,-0.312,0.0,-0.1422,0.1654,-0.9467,0.2365
1782933222018,142565,0.18945,-0.37793,0.90112,0.99536,0.062,-0.312,0.0,-0.1422,0.1654,-0.9467,0.2365
1782933222063,142610,0.18799,-0.38306,0.89844,0.99462,-0.25,0.188,0.0,-0.1422,0.1655,-0.9467,0.2365
1782933222065,142612,0.18945,-0.375,0.8999,0.99314,-0.312,0.25,0.0,-0.1422,0.1655,-0.9467,0.2365
1782933222069,142616,0.1897,-0.37695,0.90063,0.99459,-0.062,-0.062,0.0,-0.1421,0.1657,-0.9467,0.2365
1782933222122,142669,0.19116,-0.38379,0.90332,0.99991,-0.125,-0.188,0.0,-0.1421,0.1657,-0.9467,0.2365
1782933222124,142671,0.18701,-0.38135,0.90356,0.99841,0.125,-0.438,-0.125,-0.1421,0.1657,-0.9467,0.2365
1782933222129,142676,0.18701,-0.38135,0.90356,0.99841,0.125,-0.438,-0.125,-0.1421,0.1657,-0.9467,0.2365
1782933222181,142728,0.19019,-0.38135,0.90259,0.99813,0.125,-0.125,-0.062,-0.1422,0.1656,-0.9467,0.2366
1782933222182,142729,0.1875,-0.37744,0.90186,0.99547,0.125,-0.25,0.0,-0.1422,0.1656,-0.9467,0.2366
1782933222183,142730,0.18823,-0.38306,0.90137,0.99731,0.062,-0.062,0.0,-0.1423,0.1655,-0.9467,0.2366
1782933222247,142794,0.19019,-0.38013,0.90039,0.99568,0.125,-0.375,0.0,-0.1423,0.1655,-0.9467,0.2366
1782933222248,142795,0.18799,-0.37695,0.90015,0.99383,0.125,-0.375,-0.188,-0.1423,0.1655,-0.9467,0.2366
1782933222249,142796,0.18799,-0.37695,0.90015,0.99383,0.125,-0.375,-0.188,-0.1423,0.1655,-0.9467,0.2366
1782933222302,142849,0.19019,-0.38013,0.90308,0.99811,0.0,-0.125,0.0,-0.1423,0.1654,-0.9467,0.2366
1782933222365,142912,0.18921,-0.38354,0.89795,0.99459,0.062,-0.188,-0.062,-0.1423,0.1654,-0.9467,0.2366
1782933222366,142913,0.19189,-0.38184,0.89966,0.996,0.062,-0.375,0.062,-0.1423,0.1654,-0.9467,0.2366
1782933222423,142970,0.19067,-0.37915,0.89893,0.99407,0.25,0.0,0.062,-0.1423,0.1654,-0.9467,0.2366
1782933222428,142975,0.19019,-0.37988,0.89893,0.99426,0.312,-0.188,0.062,-0.1424,0.1654,-0.9467,0.2366
1782933222430,142977,0.1897,-0.37793,0.90088,0.99519,0.062,-0.062,0.0,-0.1424,0.1654,-0.9467,0.2367
1782933222543,143090,0.1897,-0.37793,0.90088,0.99519,0.062,-0.062,0.0,-0.1424,0.1654,-0.9467,0.2367
1782933222546,143093,0.19019,-0.38013,0.90137,0.99656,0.062,0.312,0.062,-0.1423,0.1654,-0.9467,0.2367
1782933222547,143094,0.18799,-0.37817,0.89819,0.99252,0.062,0.0,0.0,-0.1423,0.1654,-0.9467,0.2367
1782933222601,143148,0.1936,-0.37939,0.89917,0.99495,-0.125,-0.25,0.062,-0.1423,0.1654,-0.9466,0.2368
1782933222602,143149,0.19043,-0.3811,0.90161,0.9972,-0.25,0.0,0.188,-0.1423,0.1654,-0.9466,0.2368
1782933222603,143150,0.18652,-0.38135,0.90039,0.99545,0.062,-0.25,0.0,-0.1422,0.1654,-0.9466,0.2368
1782933222662,143209,0.18652,-0.38135,0.90039,0.99545,0.062,-0.25,0.0,-0.1422,0.1654,-0.9466,0.2368
1782933222663,143210,0.19189,-0.37939,0.90088,0.99616,0.0,-0.062,-0.062,-0.1422,0.1654,-0.9466,0.2368
1782933222665,143212,0.19287,-0.37842,0.9021,0.99709,0.062,0.0,0.0,-0.1422,0.1654,-0.9466,0.2368
1782933222721,143268,0.18945,-0.37891,0.89868,0.99352,0.062,-0.125,-0.188,-0.1422,0.1654,-0.9466,0.2368
1782933222725,143272,0.1897,-0.38086,0.89795,0.99366,0.188,-0.062,-0.062,-0.1422,0.1654,-0.9466,0.2368
1782933222729,143276,0.1897,-0.38086,0.89795,0.99366,0.188,-0.062,-0.062,-0.1422,0.1654,-0.9466,0.2368
1782933222786,143333,0.18945,-0.37793,0.90063,0.99492,-0.312,0.188,0.125,-0.1422,0.1654,-0.9466,0.2368
1782933222788,143335,0.19116,-0.38013,0.89697,0.99277,-0.062,0.188,0.125,-0.1422,0.1654,-0.9466,0.2368
1782933222798,143345,0.19092,-0.38037,0.9021,0.99745,0.0,0.062,0.0,-0.1421,0.1655,-0.9466,0.2369
1782933222848,143395,0.18701,-0.37939,0.90381,0.99789,-0.188,0.188,-0.125,-0.1421,0.1655,-0.9466,0.2369
1782933222854,143401,0.18555,-0.37695,0.90234,0.99536,-0.062,0.0,0.125,-0.1421,0.1655,-0.9466,0.2369
1782933222863,143410,0.19043,-0.38281,0.90283,0.99895,0.125,0.0,0.0,-0.142,0.1655,-0.9466,0.2369
1782933222903,143450,0.18921,-0.37866,0.89941,0.99404,0.062,-0.125,0.0,-0.142,0.1655,-0.9466,0.2369
1782933222913,143460,0.19067,-0.37744,0.90112,0.99541,0.0,0.0,0.0,-0.1421,0.1655,-0.9466,0.2369
1782933222916,143463,0.18921,-0.37793,0.90063,0.99487,0.062,0.0,-0.062,-0.1421,0.1655,-0.9466,0.2369
1782933222968,143515,0.18921,-0.37793,0.90063,0.99487,0.062,0.0,-0.062,-0.1421,0.1655,-0.9466,0.2369
1782933222970,143517,0.1875,-0.37891,0.90088,0.99515,-0.062,-0.125,0.0,-0.1421,0.1655,-0.9466,0.2369
1782933222972,143519,0.18945,-0.37866,0.90088,0.99542,0.0,0.062,0.125,-0.142,0.1655,-0.9466,0.237
1782933223032,143579,0.1875,-0.38184,0.90161,0.99692,0.062,0.062,0.0,-0.142,0.1655,-0.9466,0.237
1782933223034,143581,0.19116,-0.37671,0.90283,0.99677,0.062,0.125,0.0,-0.142,0.1655,-0.9466,0.237
1782933223039,143586,0.1875,-0.37769,0.89819,0.99225,-0.062,0.062,0.0,-0.142,0.1656,-0.9465,0.237
1782933223081,143628,0.1875,-0.3833,0.90112,0.99704,0.0,-0.125,0.0,-0.142,0.1656,-0.9465,0.237
1782933223085,143632,0.19019,-0.37915,0.90063,0.99552,0.0,-0.438,0.062,-0.142,0.1656,-0.9465,0.237
1782933223085,143632,0.19263,-0.38232,0.90015,0.99677,0.062,-0.062,0.062,-0.142,0.1656,-0.9465,0.2371
1782933223141,143688,0.18994,-0.38135,0.90161,0.9972,0.062,-0.25,0.0,-0.142,0.1656,-0.9465,0.2371
1782933223143,143690,0.18994,-0.37964,0.9021,0.99699,-0.062,0.0,0.0,-0.142,0.1656,-0.9465,0.2371
1782933223144,143691,0.18921,-0.37817,0.8999,0.9943,0.062,-0.125,-0.125,-0.142,0.1655,-0.9465,0.2371
1782933223201,143748,0.18701,-0.37793,0.89941,0.99335,0.0,0.125,0.062,-0.142,0.1655,-0.9465,0.2371
1782933223202,143749,0.18994,-0.37988,0.90234,0.9973,0.062,0.125,-0.062,-0.142,0.1655,-0.9465,0.2371
1782933223203,143750,0.18994,-0.37988,0.90234,0.9973,0.062,0.125,-0.062,-0.142,0.1655,-0.9465,0.2371
1782933223262,143809,0.18994,-0.37939,0.90234,0.99711,0.0,-0.125,0.25,-0.142,0.1656,-0.9465,0.2371
1782933223265,143812,0.18921,-0.38184,0.90063,0.99636,-0.062,0.0,0.188,-0.142,0.1656,-0.9465,0.2372
1782933223267,143814,0.1897,-0.38013,0.90039,0.99558,0.0,-0.125,0.188,-0.142,0.1657,-0.9465,0.2373
1782933223323,143870,0.19238,-0.38013,0.90161,0.9972,-0.125,0.0,0.188,-0.142,0.1657,-0.9465,0.2373
1782933223325,143872,0.18677,-0.38135,0.89771,0.99307,0.062,-0.375,0.0,-0.142,0.1657,-0.9465,0.2373
1782933223327,143874,0.18945,-0.3811,0.90015,0.99569,0.188,-0.188,0.0,-0.142,0.1656,-0.9465,0.2373
1782933223380,143927,0.19263,-0.38062,0.90161,0.99744,0.312,-0.125,0.0,-0.142,0.1656,-0.9465,0.2373
1782933223380,143927,0.18848,-0.37891,0.89893,0.99357,0.188,0.062,-0.312,-0.142,0.1655,-0.9465,0.2373
1782933223381,143928,0.18677,-0.38281,0.90259,0.99805,0.25,0.0,0.0,-0.142,0.1655,-0.9465,0.2373
1782933223452,143999,0.18994,-0.37695,0.89844,0.99265,0.125,-0.312,0.062,-0.142,0.1655,-0.9465,0.2373
1782933223456,144003,0.19287,-0.38013,0.89941,0.99531,-0.062,-0.188,0.062,-0.142,0.1654,-0.9465,0.2373
1782933223465,144012,0.1875,-0.37646,0.90454,0.99753,0.0,0.188,0.0,-0.142,0.1654,-0.9465,0.2373
1782933223504,144051,0.18945,-0.37939,0.89648,0.99172,0.062,0.125,0.0,-0.142,0.1655,-0.9465,0.2373
1782933223505,144052,0.18677,-0.38037,0.89844,0.99336,-0.25,0.062,0.125,-0.142,0.1655,-0.9465,0.2373
1782933223513,144060,0.1897,-0.37988,0.90015,0.99527,-0.25,0.188,0.062,-0.1419,0.1656,-0.9465,0.2373
1782933223564,144111,0.18823,-0.37988,0.89893,0.99389,-0.062,0.375,0.0,-0.1419,0.1656,-0.9465,0.2373
1782933223568,144115,0.1875,-0.38354,0.90112,0.99713,0.0,0.25,0.062,-0.1419,0.1657,-0.9465,0.2373
1782933223571,144118,0.18896,-0.38135,0.90112,0.99657,0.0,-0.188,0.0,-0.1419,0.1657,-0.9465,0.2374
1782933223623,144170,0.18896,-0.38257,0.90063,0.99659,0.125,-0.125,0.0,-0.1419,0.1657,-0.9465,0.2374
1782933223629,144176,0.18433,-0.37891,0.90137,0.995,0.125,0.0,0.0,-0.1419,0.1657,-0.9465,0.2374
1782933223633,144180,0.18604,-0.37671,0.89819,0.9916,-0.188,-0.125,0.0,-0.1419,0.1657,-0.9465,0.2374
1782933223685,144232,0.19043,-0.37842,0.90308,0.99751,-0.125,-0.125,0.125,-0.1419,0.1657,-0.9465,0.2374
1782933223687,144234,0.18994,-0.38184,0.90405,0.99959,-0.125,-0.062,0.0,-0.1419,0.1657,-0.9465,0.2374
1782933223696,144243,0.18994,-0.38184,0.90405,0.99959,-0.125,-0.062,0.0,-0.1419,0.1657,-0.9465,0.2374
1782933223744,144291,0.18994,-0.38184,0.90405,0.99959,-0.125,-0.062,0.0,-0.1419,0.1657,-0.9465,0.2374
1782933223746,144293,0.18604,-0.38281,0.90234,0.99768,0.125,-0.062,0.0,-0.1419,0.1657,-0.9465,0.2374
1782933223747,144294,0.18604,-0.38281,0.90234,0.99768,0.125,-0.062,0.0,-0.1419,0.1657,-0.9465,0.2374
1782933223802,144349,0.18872,-0.38208,0.89844,0.99438,0.062,0.188,0.0,-0.1419,0.1657,-0.9465,0.2374
1782933223803,144350,0.18628,-0.38135,0.90015,0.99519,0.062,0.188,0.0,-0.1419,0.1657,-0.9465,0.2374
1782933223804,144351,0.18628,-0.38135,0.90015,0.99519,0.062,0.188,0.0,-0.1419,0.1657,-0.9465,0.2374
1782933223865,144412,0.19092,-0.37939,0.89819,0.99355,0.0,-0.062,0.0,-0.1419,0.1658,-0.9465,0.2374
1782933223866,144413,0.18774,-0.38086,0.89966,0.99483,0.0,0.125,0.062,-0.1419,0.1658,-0.9465,0.2374
1782933223871,144418,0.18774,-0.38086,0.89966,0.99483,0.0,0.125,0.062,-0.1419,0.1658,-0.9465,0.2374
1782933223922,144469,0.18848,-0.38208,0.90356,0.99896,0.0,0.0,0.125,-0.1418,0.1658,-0.9464,0.2375
1782933223926,144473,0.18945,-0.37964,0.89844,0.99359,0.062,0.0,0.0,-0.1418,0.1658,-0.9464,0.2375
1782933223980,144527,0.18945,-0.37964,0.89844,0.99359,0.062,0.0,0.0,-0.1418,0.1658,-0.9464,0.2375
1782933223980,144527,0.18945,-0.3833,0.90063,0.99697,0.0,0.25,0.0,-0.1417,0.1659,-0.9464,0.2375
1782933223981,144528,0.1875,-0.37842,0.90332,0.99717,-0.062,0.0,0.062,-0.1417,0.1659,-0.9464,0.2375
1782933224043,144590,0.1875,-0.37842,0.90332,0.99717,-0.062,0.0,0.062,-0.1417,0.1659,-0.9464,0.2375
1782933224044,144591,0.18701,-0.37939,0.89551,0.99038,-0.062,-0.312,0.0,-0.1417,0.1659,-0.9464,0.2376
1782933224045,144592,0.18701,-0.37939,0.89551,0.99038,-0.062,-0.312,0.0,-0.1417,0.1659,-0.9464,0.2376
1782933224102,144649,0.18774,-0.38086,0.8999,0.99505,0.125,-0.188,0.0,-0.1417,0.1658,-0.9464,0.2376
1782933224103,144650,0.18628,-0.37769,0.90112,0.99467,0.125,-0.062,0.125,-0.1417,0.1658,-0.9464,0.2376
1782933224103,144650,0.18628,-0.37769,0.90112,0.99467,0.125,-0.062,0.125,-0.1417,0.1658,-0.9464,0.2376
1782933224163,144710,0.18604,-0.38037,0.90332,0.99764,0.312,0.062,-0.125,-0.1417,0.1658,-0.9464,0.2376
1782933224165,144712,0.18823,-0.38354,0.90088,0.99705,0.188,0.0,-0.188,-0.1417,0.1657,-0.9464,0.2376
1782933224167,144714,0.18823,-0.37964,0.89966,0.99446,0.0,-0.25,0.062,-0.1417,0.1657,-0.9464,0.2376
1782933224221,144768,0.18823,-0.37964,0.89966,0.99446,0.0,-0.25,0.062,-0.1417,0.1657,-0.9464,0.2376
1782933224221,144768,0.18555,-0.37891,0.89868,0.99279,0.062,-0.188,0.0,-0.1417,0.1657,-0.9464,0.2376
1782933224223,144770,0.18555,-0.37891,0.89868,0.99279,0.062,-0.188,0.0,-0.1417,0.1657,-0.9464,0.2376
1782933224279,144826,0.18921,-0.3833,0.90332,0.99935,-0.125,0.125,0.0,-0.1417,0.1657,-0.9464,0.2377
1782933224280,144827,0.1897,-0.3811,0.90039,0.99595,-0.125,0.125,0.062,-0.1418,0.1658,-0.9464,0.2377
1782933224281,144828,0.18652,-0.38281,0.90405,0.99932,0.062,0.188,0.062,-0.1417,0.1658,-0.9464,0.2377
1782933224343,144890,0.1897,-0.37915,0.8999,0.99477,0.0,0.0,0.0,-0.1417,0.1658,-0.9464,0.2377
1782933224346,144893,0.1875,-0.3811,0.90234,0.9973,0.0,0.0,0.0,-0.1417,0.1658,-0.9464,0.2377
1782933224348,144895,0.18848,-0.38257,0.90039,0.99629,-0.062,-0.312,0.125,-0.1417,0.1658,-0.9464,0.2377
1782933224403,144950,0.18848,-0.38257,0.90039,0.99629,-0.062,-0.312,0.125,-0.1417,0.1658,-0.9464,0.2377
1782933224405,144952,0.19067,-0.38062,0.90186,0.99729,0.0,-0.062,0.0,-0.1417,0.1658,-0.9464,0.2377
1782933224406,144953,0.18652,-0.37939,0.89746,0.99205,0.062,-0.062,-0.125,-0.1417,0.1658,-0.9464,0.2377
1782933224463,145010,0.18872,-0.37598,0.89746,0.99117,0.062,-0.125,0.062,-0.1417,0.1658,-0.9464,0.2377
1782933224465,145012,0.18872,-0.3811,0.90063,0.99599,0.062,0.0,0.062,-0.1417,0.1658,-0.9464,0.2377
1782933224467,145014,0.18726,-0.37988,0.89941,0.99414,0.062,-0.312,-0.125,-0.1418,0.1658,-0.9464,0.2377
1782933224522,145069,0.18726,-0.37988,0.89941,0.99414,0.062,-0.312,-0.125,-0.1418,0.1658,-0.9464,0.2377
1782933224527,145074,0.18628,-0.37939,0.89722,0.99179,0.062,-0.062,0.0,-0.1418,0.1658,-0.9464,0.2377
1782933224528,145075,0.18604,-0.38354,0.90039,0.9962,0.0,0.062,-0.062,-0.1418,0.1658,-0.9464,0.2378
1782933224580,145127,0.18677,-0.37842,0.90381,0.99748,0.0,0.125,0.0,-0.1418,0.1658,-0.9464,0.2378
1782933224581,145128,0.18652,-0.3772,0.90063,0.99408,0.0,0.25,0.0,-0.1418,0.1658,-0.9464,0.2378
1782933224582,145129,0.1875,-0.37842,0.90112,0.99518,0.0,-0.188,0.188,-0.1418,0.1658,-0.9464,0.2378
1782933224645,145192,0.1875,-0.37842,0.90112,0.99518,0.0,-0.188,0.188,-0.1418,0.1658,-0.9464,0.2378
1782933224648,145195,0.19019,-0.37817,0.90308,0.99737,-0.125,-0.125,0.0,-0.1418,0.1658,-0.9464,0.2378
1782933224649,145196,0.19019,-0.37817,0.90308,0.99737,-0.125,-0.125,0.0,-0.1418,0.1658,-0.9464,0.2378
1782933224703,145250,0.18701,-0.38037,0.89673,0.99186,0.25,0.0,-0.062,-0.1419,0.1658,-0.9464,0.2379
1782933224706,145253,0.1875,-0.37769,0.89917,0.99313,0.438,-0.312,0.0,-0.1419,0.1658,-0.9464,0.2379
1782933224714,145261,0.18799,-0.38257,0.90186,0.99752,0.125,-0.25,0.062,-0.142,0.1657,-0.9464,0.2379
1782933224763,145310,0.19287,-0.37915,0.90308,0.99825,0.125,-0.312,-0.062,-0.142,0.1657,-0.9464,0.2379
1782933224764,145311,0.19165,-0.37744,0.90112,0.99559,0.062,-0.125,0.0,-0.142,0.1656,-0.9464,0.2379
1782933224766,145313,0.18921,-0.37695,0.89624,0.99052,0.0,0.0,0.125,-0.142,0.1656,-0.9464,0.2379
1782933224823,145370,0.18921,-0.38208,0.90234,0.998,-0.125,0.0,0.0,-0.142,0.1656,-0.9464,0.2379
1782933224826,145373,0.18799,-0.3772,0.90161,0.99525,-0.188,0.25,0.062,-0.142,0.1656,-0.9464,0.2379
1782933224828,145375,0.18872,-0.37964,0.89795,0.993,0.062,0.5,0.125,-0.142,0.1656,-0.9464,0.2379
1782933224881,145428,0.18774,-0.37573,0.9043,0.99708,0.188,0.562,0.062,-0.1419,0.1656,-0.9464,0.2379
1782933224882,145429,0.1897,-0.3811,0.89746,0.99331,0.062,0.438,0.062,-0.1419,0.1656,-0.9464,0.2379
1782933224883,145430,0.19141,-0.38062,0.9043,0.99963,0.062,-0.375,-0.25,-0.1419,0.1657,-0.9464,0.2379
1782933224942,145489,0.1897,-0.37988,0.90552,1.00013,0.188,-0.625,-0.125,-0.142,0.1657,-0.9464,0.2379
1782933224944,145491,0.18799,-0.38281,0.90454,1.00004,0.438,-0.875,-0.188,-0.142,0.1656,-0.9464,0.2379
1782933224945,145492,0.18945,-0.37866,0.89795,0.99277,0.125,-0.5,0.0,-0.1422,0.1653,-0.9464,0.238
1782933225001,145548,0.19165,-0.3811,0.90015,0.99611,0.062,-0.25,0.0,-0.1422,0.1653,-0.9464,0.238
1782933225003,145550,0.18994,-0.37988,0.89868,0.99399,0.0,-0.188,0.062,-0.1423,0.1653,-0.9464,0.238
1782933225004,145551,0.18726,-0.37598,0.89771,0.99112,0.312,0.062,0.125,-0.1422,0.1654,-0.9463,0.238
1782933225060,145607,0.18701,-0.38574,0.90063,0.99745,0.188,0.25,-0.125,-0.1422,0.1654,-0.9463,0.238
1782933225061,145608,0.18872,-0.37866,0.89893,0.99352,0.062,0.125,0.188,-0.1422,0.1654,-0.9463,0.238
1782933225062,145609,0.18945,-0.38257,0.91016,1.00531,-0.625,-0.062,0.0,-0.1421,0.1656,-0.9463,0.238
1782933225127,145674,0.19165,-0.38086,0.90747,1.00264,-0.562,-0.188,0.0,-0.1421,0.1656,-0.9463,0.238
1782933225129,145676,0.18652,-0.38257,0.90454,0.99967,-0.25,-0.438,0.0,-0.1421,0.1657,-0.9463,0.238
1782933225131,145678,0.18823,-0.37964,0.90015,0.9949,0.312,-0.375,0.0,-0.1423,0.1654,-0.9463,0.238
1782933225180,145727,0.18921,-0.37695,0.89746,0.99163,0.188,-0.562,0.0,-0.1423,0.1654,-0.9463,0.238
1782933225180,145727,0.18726,-0.37988,0.89746,0.99238,-0.25,-0.375,0.0,-0.1423,0.1654,-0.9463,0.238
1782933225181,145728,0.19238,-0.3811,0.9021,0.99801,0.25,-0.125,-0.25,-0.1424,0.1654,-0.9463,0.238
1782933225241,145788,0.1897,-0.38037,0.90527,1.00009,0.625,-0.312,-0.312,-0.1424,0.1654,-0.9463,0.238
1782933225303,145850,0.18774,-0.37915,0.89819,0.99285,0.75,-0.438,-0.062,-0.1424,0.1652,-0.9463,0.238
1782933225304,145851,0.19043,-0.38013,0.89746,0.99307,0.0,0.0,0.125,-0.1424,0.1652,-0.9463,0.2381
1782933225307,145854,0.18799,-0.38232,0.90259,0.99809,-0.375,0.125,0.125,-0.1424,0.1653,-0.9463,0.2381
1782933225362,145909,0.19019,-0.37964,0.89844,0.99373,-0.312,0.188,-0.125,-0.1424,0.1653,-0.9463,0.2381
1782933225364,145911,0.19019,-0.37793,0.90063,0.99506,0.0,-0.25,0.0,-0.1423,0.1653,-0.9463,0.2381
1782933225366,145913,0.19189,-0.38135,0.90259,0.99846,0.062,0.25,0.0,-0.1423,0.1654,-0.9463,0.2382
1782933225423,145970,0.19043,-0.37939,0.90088,0.99588,0.062,0.062,0.0,-0.1423,0.1654,-0.9463,0.2382
1782933225428,145975,0.19019,-0.38184,0.90234,0.99809,0.062,0.062,0.0,-0.1423,0.1654,-0.9463,0.2382
1782933225428,145975,0.19019,-0.38184,0.90234,0.99809,0.062,0.062,0.0,-0.1423,0.1654,-0.9463,0.2382
1782933225480,146027,0.1897,-0.38037,0.89868,0.99413,0.0,0.438,0.0,-0.1423,0.1654,-0.9463,0.2382
1782933225480,146027,0.18799,-0.38013,0.89941,0.99437,0.062,0.188,-0.062,-0.1422,0.1654,-0.9463,0.2382
1782933225481,146028,0.18872,-0.38013,0.89941,0.99451,-0.125,-0.125,0.125,-0.1422,0.1654,-0.9463,0.2382
1782933225540,146087,0.1875,-0.37842,0.90137,0.9954,0.0,-0.312,0.25,-0.1422,0.1654,-0.9463,0.2382
1782933225541,146088,0.18921,-0.38037,0.90039,0.99558,0.062,-0.125,0.062,-0.1422,0.1654,-0.9463,0.2382
1782933225543,146090,0.19043,-0.37817,0.90039,0.99498,0.0,0.188,0.0,-0.1422,0.1655,-0.9462,0.2382
1782933225602,146149,0.18994,-0.38135,0.90063,0.99631,-0.188,0.125,0.125,-0.1422,0.1655,-0.9462,0.2382
1782933225604,146151,0.19019,-0.38159,0.90161,0.99734,0.0,0.375,0.0,-0.1422,0.1655,-0.9462,0.2382
1782933225606,146153,0.1875,-0.37988,0.90405,0.99838,0.0,0.0,0.0,-0.1421,0.1655,-0.9463,0.2382
1782933225662,146209,0.18799,-0.38037,0.90405,0.99866,0.125,0.0,0.188,-0.1421,0.1655,-0.9463,0.2382
1782933225664,146211,0.19189,-0.37891,0.9021,0.99709,0.062,-0.188,-0.062,-0.1421,0.1655,-0.9463,0.2382
1782933225666,146213,0.19019,-0.38159,0.89893,0.99492,0.062,-0.188,-0.062,-0.1422,0.1654,-0.9463,0.2382
1782933225722,146269,0.18604,-0.37646,0.90063,0.99371,0.062,-0.188,0.062,-0.1422,0.1654,-0.9463,0.2382
1782933225728,146275,0.19019,-0.38013,0.89893,0.99436,0.125,-0.062,0.0,-0.1422,0.1654,-0.9463,0.2382
1782933225728,146275,0.18823,-0.37695,0.90186,0.99543,0.062,0.0,0.0,-0.1422,0.1654,-0.9462,0.2383
1782933225779,146326,0.19141,-0.37646,0.90088,0.99496,0.125,0.062,0.125,-0.1422,0.1654,-0.9462,0.2383
1782933225780,146327,0.1897,-0.37915,0.90161,0.99631,0.0,0.062,0.312,-0.1422,0.1654,-0.9462,0.2383
1782933225781,146328,0.1897,-0.37915,0.90161,0.99631,0.0,0.062,0.312,-0.1422,0.1654,-0.9462,0.2383
1782933225841,146388,0.1897,-0.37915,0.90161,0.99631,0.0,0.062,0.312,-0.1422,0.1654,-0.9462,0.2383
1782933225843,146390,0.18628,-0.37939,0.90283,0.99686,0.0,-0.062,0.0,-0.1421,0.1655,-0.9462,0.2384
1782933225844,146391,0.19043,-0.38184,0.90161,0.99748,0.125,-0.188,-0.062,-0.1422,0.1654,-0.9462,0.2384
1782933225900,146447,0.18945,-0.37866,0.90063,0.99519,0.312,0.188,0.0,-0.1422,0.1654,-0.9462,0.2384
1782933225901,146448,0.1875,-0.38062,0.90161,0.99646,0.062,0.125,0.0,-0.1422,0.1654,-0.9462,0.2384
1782933225901,146448,0.18701,-0.38013,0.90234,0.99684,0.125,0.0,-0.062,-0.1421,0.1654,-0.9462,0.2384
1782933225961,146508,0.18823,-0.37842,0.90015,0.99444,0.0,-0.125,0.0,-0.142,0.1654,-0.9462,0.2384
1782933225962,146509,0.18774,-0.37891,0.90283,0.99696,0.062,-0.062,0.062,-0.142,0.1654,-0.9462,0.2384
1782933225965,146512,0.18774,-0.37891,0.90283,0.99696,0.062,-0.062,0.062,-0.142,0.1654,-0.9462,0.2384
1782933226021,146568,0.18628,-0.37939,0.90161,0.99576,0.0,-0.312,0.062,-0.1421,0.1654,-0.9462,0.2384
1782933226021,146568,0.18823,-0.38013,0.89941,0.99442,0.0,-0.125,0.062,-0.1421,0.1654,-0.9462,0.2384
1782933226024,146571,0.18823,-0.38013,0.89941,0.99442,0.0,-0.125,0.062,-0.1421,0.1654,-0.9462,0.2384
1782933226081,146628,0.19019,-0.37891,0.90039,0.99521,0.062,0.375,0.0,-0.1421,0.1654,-0.9462,0.2384
1782933226082,146629,0.18774,-0.38037,0.89893,0.99398,0.062,0.375,0.062,-0.142,0.1655,-0.9462,0.2384
1782933226083,146630,0.18774,-0.38037,0.89893,0.99398,0.062,0.375,0.062,-0.142,0.1655,-0.9462,0.2384
1782933226140,146687,0.18823,-0.37915,0.8999,0.99449,0.0,0.062,-0.062,-0.1419,0.1655,-0.9462,0.2384
1782933226141,146688,0.18994,-0.37842,0.90283,0.99719,-0.062,-0.125,0.188,-0.1419,0.1655,-0.9462,0.2385
1782933226144,146691,0.18994,-0.37842,0.90283,0.99719,-0.062,-0.125,0.188,-0.1419,0.1655,-0.9462,0.2385
1782933226201,146748,0.18896,-0.38306,0.89819,0.99458,0.188,-0.062,0.0,-0.142,0.1655,-0.9462,0.2385
1782933226201,146748,0.19043,-0.37891,0.90088,0.9957,0.062,-0.062,0.0,-0.142,0.1655,-0.9462,0.2385
1782933226201,146748,0.18921,-0.38062,0.89941,0.99479,0.062,0.125,0.0,-0.142,0.1655,-0.9462,0.2385
1782933226260,146807,0.19067,-0.38135,0.90039,0.99624,0.062,0.125,0.0,-0.142,0.1655,-0.9462,0.2385
1782933226261,146808,0.1853,-0.38013,0.90137,0.99564,0.0,-0.125,0.062,-0.142,0.1655,-0.9462,0.2385
1782933226262,146809,0.1875,-0.3811,0.90356,0.99841,0.062,0.0,-0.062,-0.142,0.1656,-0.9462,0.2385
1782933226320,146867,0.18677,-0.38013,0.90381,0.99813,0.0,0.0,0.0,-0.1419,0.1656,-0.9462,0.2385
1782933226382,146929,0.18774,-0.38184,0.90308,0.9983,0.0,-0.062,0.125,-0.1419,0.1656,-0.9462,0.2385
1782933226383,146930,0.18579,-0.37817,0.90088,0.99454,0.062,0.125,0.0,-0.142,0.1656,-0.9462,0.2386
1782933226384,146931,0.18872,-0.37915,0.89917,0.99392,0.25,0.188,-0.188,-0.1419,0.1656,-0.9462,0.2385
1782933226440,146987,0.19019,-0.38184,0.90015,0.99611,0.062,0.188,-0.188,-0.1419,0.1656,-0.9462,0.2385
1782933226441,146988,0.18604,-0.38135,0.90015,0.99514,0.062,0.188,0.0,-0.1419,0.1656,-0.9462,0.2385
1782933226442,146989,0.18896,-0.37769,0.90137,0.9954,0.5,-0.75,0.375,-0.142,0.1655,-0.9462,0.2386
1782933226501,147048,0.18774,-0.38452,0.89795,0.99469,0.875,-1.312,-0.312,-0.142,0.1654,-0.9462,0.2386
1782933226502,147049,0.18604,-0.38037,0.89502,0.99013,0.75,-0.875,-0.5,-0.142,0.1654,-0.9462,0.2386
1782933226502,147049,0.1897,-0.38086,0.89746,0.99321,-1.062,0.625,0.312,-0.1422,0.1655,-0.9462,0.2386
1782933226562,147109,0.18921,-0.37988,0.89819,0.99341,-1.312,0.688,0.5,-0.1422,0.1655,-0.9462,0.2386
1782933226564,147111,0.18726,-0.37939,0.90405,0.99815,-1.062,0.938,0.375,-0.1421,0.1656,-0.9462,0.2386
1782933226564,147111,0.18726,-0.37939,0.90405,0.99815,-1.062,0.938,0.375,-0.1421,0.1656,-0.9462,0.2386
1782933226620,147167,0.1875,-0.38306,0.90625,1.00159,0.75,0.25,-0.125,-0.1419,0.1657,-0.9462,0.2386
1782933226620,147167,0.18774,-0.38013,0.90063,0.99543,0.312,0.062,-0.062,-0.1418,0.1656,-0.9462,0.2386
1782933226621,147168,0.18506,-0.37793,0.90576,0.99874,0.0,-0.938,0.0,-0.1419,0.1656,-0.9462,0.2386
1782933226682,147229,0.18726,-0.38232,0.90234,0.99772,0.062,-1.188,0.062,-0.142,0.1656,-0.9462,0.2387
1782933226683,147230,0.18799,-0.38013,0.90454,0.99902,0.188,-1.312,0.062,-0.142,0.1656,-0.9462,0.2387
1782933226685,147232,0.18799,-0.375,0.89722,0.99044,0.125,0.312,0.062,-0.1423,0.1654,-0.9461,0.2387
1782933226740,147287,0.18799,-0.375,0.89722,0.99044,0.125,0.312,0.062,-0.1423,0.1654,-0.9461,0.2387
1782933226741,147288,0.19214,-0.3772,0.89648,0.9914,0.0,0.688,0.188,-0.1423,0.1654,-0.9461,0.2388
1782933226743,147290,0.19092,-0.38306,0.90625,1.00223,0.0,0.812,0.188,-0.1419,0.1655,-0.9462,0.2387
1782933226800,147347,0.19238,-0.38086,0.90601,1.00146,0.062,0.5,0.25,-0.1419,0.1655,-0.9462,0.2387
1782933226801,147348,0.19019,-0.38452,0.90356,1.00022,0.0,0.562,-0.312,-0.1419,0.1655,-0.9462,0.2387
1782933226802,147349,0.18677,-0.38013,0.90552,0.99967,1.125,-1.625,-0.125,-0.142,0.1652,-0.9462,0.2387
1782933226862,147409,0.18652,-0.3772,0.90405,0.99718,1.062,-1.75,-0.188,-0.142,0.1652,-0.9462,0.2387
1782933226863,147410,0.19019,-0.37549,0.90186,0.99525,1.188,-2.0,0.0,-0.1422,0.165,-0.9462,0.2387
1782933226865,147412,0.1897,-0.375,0.89893,0.99231,0.062,-1.0,-0.062,-0.1428,0.1645,-0.9462,0.2389
1782933226920,147467,0.1897,-0.375,0.89893,0.99231,0.062,-1.0,-0.062,-0.1428,0.1645,-0.9462,0.2389
1782933226921,147468,0.18896,-0.37793,0.90039,0.99461,0.0,-0.438,0.0,-0.1429,0.1645,-0.9462,0.2389
1782933226922,147469,0.18896,-0.37793,0.90039,0.99461,0.0,-0.438,0.0,-0.1429,0.1645,-0.9462,0.2389
1782933226980,147527,0.18726,-0.37964,0.89526,0.99029,-0.75,0.938,0.312,-0.1426,0.1647,-0.9462,0.2388
1782933226981,147528,0.18872,-0.37866,0.89917,0.99373,-1.062,1.25,0.438,-0.1426,0.1648,-0.9462,0.2388
1782933226982,147529,0.19043,-0.38135,0.9021,0.99774,-0.562,0.188,0.25,-0.1424,0.1653,-0.9461,0.2389
1782933227041,147588,0.18799,-0.3811,0.90283,0.99784,-0.438,0.125,0.188,-0.1424,0.1654,-0.9461,0.2389
1782933227042,147589,0.18872,-0.37695,0.90137,0.99508,-0.312,0.125,0.062,-0.1424,0.1654,-0.9461,0.2389
1782933227043,147590,0.18921,-0.38086,0.90576,1.00063,0.0,0.062,-0.062,-0.1424,0.1654,-0.9461,0.239
1782933227101,147648,0.19067,-0.37646,0.90479,0.99836,-0.062,0.25,0.188,-0.1424,0.1654,-0.9461,0.239
1782933227102,147649,0.19092,-0.38281,0.90234,0.9986,0.062,0.188,-0.312,-0.1424,0.1654,-0.9461,0.239
1782933227103,147650,0.18677,-0.37842,0.90405,0.99769,0.312,-0.438,-0.188,-0.1422,0.1653,-0.9461,0.2389
1782933227162,147709,0.18677,-0.37866,0.89966,0.99381,0.5,-0.438,-0.188,-0.1423,0.1653,-0.9461,0.2389
1782933227164,147711,0.18945,-0.37671,0.90259,0.99623,0.5,-0.188,-0.125,-0.1423,0.1652,-0.9461,0.2388
1782933227166,147713,0.18652,-0.375,0.90015,0.99282,0.125,0.188,0.0,-0.1423,0.165,-0.9461,0.2389
1782933227223,147770,0.18652,-0.38037,0.89819,0.99308,0.188,0.125,0.125,-0.1423,0.165,-0.9461,0.2389
1782933227230,147777,0.19214,-0.37817,0.89624,0.99155,0.188,-0.062,-0.125,-0.1423,0.165,-0.9461,0.2389
1782933227231,147778,0.18872,-0.37988,0.90479,0.99928,0.0,0.125,0.188,-0.1422,0.1651,-0.9462,0.2389
1782933227279,147826,0.19116,-0.38501,0.90259,0.99972,-0.188,0.0,0.0,-0.1422,0.1652,-0.9461,0.2389
1782933227280,147827,0.18945,-0.37964,0.90283,0.99756,-0.25,0.0,0.062,-0.1422,0.1652,-0.9461,0.2389
1782933227281,147828,0.1897,-0.38135,0.90137,0.99694,0.5,-1.0,0.0,-0.1423,0.165,-0.9461,0.2389
1782933227342,147889,0.18823,-0.38086,0.90259,0.99757,0.688,-1.062,0.062,-0.1423,0.165,-0.9461,0.2389
1782933227343,147890,0.19067,-0.38037,0.90063,0.99608,0.375,-1.438,-0.125,-0.1424,0.1649,-0.9461,0.239
1782933227346,147893,0.1875,-0.37695,0.90063,0.99417,0.25,-0.125,-0.188,-0.1426,0.1647,-0.9461,0.239
1782933227401,147948,0.19141,-0.37598,0.89697,0.99124,0.375,0.062,-0.062,-0.1426,0.1646,-0.9462,0.239
1782933227402,147949,0.18604,-0.37842,0.89575,0.99004,0.312,0.0,-0.062,-0.1426,0.1646,-0.9462,0.239
1782933227404,147951,0.18774,-0.37817,0.89844,0.9927,-1.0,0.562,0.375,-0.1425,0.165,-0.9461,0.239
1782933227462,148009,0.18945,-0.38062,0.89893,0.9944,-1.125,0.438,0.375,-0.1425,0.165,-0.9461,0.239
1782933227464,148011,0.18945,-0.38159,0.9021,0.99764,-1.188,0.562,0.312,-0.1425,0.1651,-0.9461,0.239
1782933227464,148011,0.18555,-0.38013,0.90479,0.99879,-1.125,1.375,0.25,-0.1422,0.1657,-0.9461,0.239
1782933227520,148067,0.18701,-0.37939,0.90308,0.99723,-0.938,1.25,0.312,-0.1422,0.1657,-0.9461,0.239
1782933227520,148067,0.18921,-0.38037,0.90186,0.99691,-0.812,1.062,0.25,-0.1422,0.1657,-0.9461,0.239
1782933227522,148069,0.18921,-0.38037,0.90186,0.99691,-0.812,1.062,0.25,-0.1422,0.1657,-0.9461,0.239
1782933227580,148127,0.18604,-0.37891,0.90161,0.99553,0.688,-0.188,0.0,-0.1419,0.1658,-0.9461,0.239
1782933227580,148127,0.18579,-0.38184,0.89941,0.99461,0.688,-0.312,-0.062,-0.1419,0.1658,-0.9461,0.239
1782933227581,148128,0.1897,-0.37598,0.89819,0.99201,0.812,-0.562,-0.188,-0.142,0.1654,-0.9461,0.239
1782933227641,148188,0.18555,-0.38037,0.90112,0.99555,0.438,-0.25,0.0,-0.142,0.1654,-0.9461,0.239
1782933227642,148189,0.18481,-0.38086,0.9021,0.99649,0.25,-0.875,0.0,-0.1421,0.1653,-0.9461,0.239
1782933227643,148190,0.18652,-0.38403,0.90112,0.99714,0.375,0.0,-0.125,-0.1422,0.1653,-0.9461,0.239
1782933227702,148249,0.18799,-0.38232,0.90649,1.00162,0.625,-0.062,-0.125,-0.1422,0.1652,-0.9461,0.239
1782933227704,148251,0.18677,-0.38208,0.90015,0.99556,0.812,-0.688,-0.125,-0.1423,0.1652,-0.9461,0.239
1782933227706,148253,0.18384,-0.37695,0.89185,0.98554,0.0,-0.25,0.25,-0.1425,0.165,-0.9461,0.2391
1782933227762,148309,0.18579,-0.37793,0.8938,0.98804,-0.188,-0.312,0.125,-0.1425,0.165,-0.9461,0.2391
1782933227763,148310,0.18945,-0.37573,0.89404,0.98812,-0.375,-0.25,0.375,-0.1425,0.165,-0.9461,0.2391
1782933227764,148311,0.18823,-0.38281,0.9043,0.99987,-1.375,1.688,0.188,-0.1423,0.1656,-0.946,0.2391
1782933227822,148369,0.19141,-0.37988,0.90381,0.99891,-1.125,1.625,0.125,-0.1422,0.1657,-0.946,0.2391
1782933227824,148371,0.18945,-0.38232,0.9043,0.99991,-1.062,1.562,0.0,-0.1422,0.1657,-0.946,0.2391
1782933227825,148372,0.18433,-0.3855,0.90356,0.9995,0.312,-0.312,0.0,-0.1419,0.1659,-0.9461,0.239
1782933227880,148427,0.18848,-0.38257,0.90698,1.00225,0.438,-0.375,-0.188,-0.1419,0.1659,-0.9461,0.239
1782933227881,148428,0.19043,-0.37988,0.90454,0.99938,0.812,-0.5,-0.062,-0.1419,0.1658,-0.9461,0.239
1782933227882,148429,0.19043,-0.37988,0.90454,0.99938,0.812,-0.5,-0.062,-0.1419,0.1658,-0.9461,0.239
1782933227945,148492,0.19043,-0.37988,0.90454,0.99938,0.812,-0.5,-0.062,-0.1419,0.1658,-0.9461,0.239
1782933227946,148493,0.18774,-0.37769,0.89575,0.99008,0.75,-0.688,-0.125,-0.1422,0.1654,-0.9461,0.2391
1782933227947,148494,0.18774,-0.37769,0.89575,0.99008,0.75,-0.688,-0.125,-0.1422,0.1654,-0.9461,0.2391
1782933228002,148549,0.18555,-0.37866,0.90161,0.99535,-0.312,0.562,0.0,-0.142,0.1655,-0.9461,0.2391
1782933228003,148550,0.18433,-0.38086,0.89941,0.99397,-0.188,0.312,-0.062,-0.142,0.1655,-0.9461,0.2391
1782933228010,148557,0.18433,-0.38086,0.89941,0.99397,-0.188,0.312,-0.062,-0.142,0.1655,-0.9461,0.2391
1782933228062,148609,0.19116,-0.3833,0.90576,1.00193,-0.125,-0.688,0.125,-0.142,0.1656,-0.9461,0.2391
1782933228063,148610,0.18555,-0.37988,0.90137,0.99559,0.125,-0.562,0.0,-0.142,0.1655,-0.9461,0.2391
1782933228066,148613,0.18555,-0.37988,0.90137,0.99559,0.125,-0.562,0.0,-0.142,0.1655,-0.9461,0.2391
1782933228123,148670,0.19141,-0.37598,0.90161,0.99544,0.25,-0.125,0.0,-0.1423,0.1654,-0.946,0.2392
1782933228126,148673,0.19067,-0.37866,0.90186,0.99654,0.062,0.0,0.125,-0.1423,0.1654,-0.946,0.2392
1782933228127,148674,0.19067,-0.37866,0.90186,0.99654,0.062,0.0,0.125,-0.1423,0.1654,-0.946,0.2392
1782933228180,148727,0.19067,-0.37866,0.90186,0.99654,0.062,0.0,0.125,-0.1423,0.1654,-0.946,0.2392
1782933228242,148789,0.18774,-0.38135,0.89844,0.99392,-0.188,0.125,0.125,-0.1422,0.1654,-0.946,0.2392
1782933228243,148790,0.18506,-0.37744,0.89917,0.99258,-0.188,0.25,0.25,-0.1422,0.1656,-0.946,0.2393
1782933228245,148792,0.19067,-0.37964,0.90015,0.99537,0.0,0.062,0.125,-0.1422,0.1656,-0.946,0.2393
1782933228302,148849,0.18799,-0.38062,0.89771,0.99302,-0.25,0.0,0.0,-0.1422,0.1657,-0.946,0.2393
1782933228303,148850,0.18726,-0.38184,0.90137,0.99666,0.25,-0.25,-0.062,-0.142,0.1657,-0.946,0.2393
1782933228308,148855,0.18726,-0.38184,0.90137,0.99666,0.25,-0.25,-0.062,-0.142,0.1657,-0.946,0.2393
1782933228362,148909,0.18652,-0.3772,0.90015,0.99365,0.062,-0.375,0.188,-0.1421,0.1656,-0.9459,0.2394
1782933228363,148910,0.19165,-0.38428,0.90088,0.99799,0.125,-0.438,0.062,-0.1422,0.1656,-0.9459,0.2395
1782933228364,148911,0.19165,-0.38428,0.90088,0.99799,0.125,-0.438,0.062,-0.1422,0.1656,-0.9459,0.2395
1782933228419,148966,0.18848,-0.38477,0.90259,0.99912,0.438,0.5,0.062,-0.1421,0.1657,-0.9459,0.2394
1782933228420,148967,0.19165,-0.37817,0.90161,0.99631,0.188,0.312,-0.188,-0.1421,0.1656,-0.9459,0.2394
1782933228480,149027,0.18604,-0.3833,0.89819,0.99412,-0.375,0.0,0.312,-0.142,0.1657,-0.9459,0.2395
1782933228481,149028,0.18604,-0.3833,0.89819,0.99412,-0.375,0.0,0.312,-0.142,0.1657,-0.9459,0.2395
1782933228483,149030,0.18677,-0.37939,0.90381,0.99784,-0.5,0.0,0.188,-0.142,0.1657,-0.9459,0.2395
1782933228542,149089,0.18799,-0.38062,0.90405,0.99876,0.0,-0.188,-0.062,-0.1419,0.1657,-0.9459,0.2395
1782933228543,149090,0.18774,-0.37793,0.8999,0.99393,-0.062,-0.5,0.0,-0.142,0.1657,-0.9459,0.2395
1782933228545,149092,0.18774,-0.37793,0.8999,0.99393,-0.062,-0.5,0.0,-0.142,0.1657,-0.9459,0.2395
1782933228601,149148,0.18774,-0.37793,0.8999,0.99393,-0.062,-0.5,0.0,-0.142,0.1657,-0.9459,0.2395
1782933228602,149149,0.18555,-0.38037,0.90063,0.99511,0.062,0.188,0.0,-0.1419,0.1657,-0.9459,0.2395
1782933228602,149149,0.1875,-0.3811,0.9043,0.99908,0.438,-0.312,-0.125,-0.142,0.1657,-0.9459,0.2395
1782933228662,149209,0.18604,-0.37891,0.89624,0.99067,0.312,-0.375,0.0,-0.142,0.1657,-0.9459,0.2396
1782933228663,149210,0.18921,-0.38257,0.90015,0.99621,0.438,-0.25,0.0,-0.142,0.1656,-0.9459,0.2396
1782933228664,149211,0.18433,-0.37915,0.90137,0.99509,-0.312,0.125,0.125,-0.142,0.1657,-0.9459,0.2396
1782933228720,149267,0.18823,-0.38037,0.8999,0.99495,-0.125,-0.062,0.062,-0.142,0.1657,-0.9459,0.2396
1782933228724,149271,0.18628,-0.38306,0.90039,0.99606,-0.25,0.125,0.188,-0.142,0.1657,-0.9459,0.2396
1782933228725,149272,0.18896,-0.37915,0.89917,0.99397,-0.188,0.0,-0.125,-0.1419,0.1658,-0.9459,0.2396
1782933228779,149326,0.18896,-0.38159,0.90308,0.99843,-0.125,0.062,0.125,-0.1419,0.1658,-0.9459,0.2396
1782933228780,149327,0.18701,-0.37671,0.90259,0.99577,-0.062,0.0,0.0,-0.1419,0.1658,-0.9459,0.2396
1782933228780,149327,0.18799,-0.38159,0.89966,0.99516,0.25,-0.125,-0.062,-0.1419,0.1658,-0.9459,0.2396
1782933228841,149388,0.1875,-0.38013,0.89917,0.99406,0.062,0.062,0.125,-0.1419,0.1658,-0.9459,0.2396
1782933228842,149389,0.18774,-0.38208,0.90234,0.99772,0.062,0.125,-0.062,-0.1419,0.1658,-0.9459,0.2396
1782933228845,149392,0.18726,-0.37964,0.90234,0.9967,-0.062,-0.062,0.0,-0.1419,0.1658,-0.9459,0.2396
1782933228902,149449,0.18579,-0.37891,0.89673,0.99107,0.0,-0.125,0.0,-0.1419,0.1658,-0.9459,0.2396
1782933228903,149450,0.18628,-0.37866,0.9021,0.99593,0.0,-0.375,0.0,-0.1419,0.1658,-0.9459,0.2397
1782933228908,149455,0.19238,-0.37915,0.9021,0.99727,0.438,0.0,0.062,-0.142,0.1657,-0.9459,0.2397
1782933228962,149509,0.19043,-0.38208,0.90161,0.99757,0.062,0.062,-0.125,-0.142,0.1657,-0.9459,0.2397
1782933228964,149511,0.18604,-0.37891,0.90234,0.99619,0.25,-0.188,-0.25,-0.142,0.1657,-0.9459,0.2397
1782933228966,149513,0.18506,-0.38208,0.90161,0.99656,-0.062,0.188,0.25,-0.1419,0.1657,-0.9459,0.2397
1782933229026,149573,0.18896,-0.38037,0.89941,0.99465,0.0,0.125,-0.125,-0.1419,0.1657,-0.9459,0.2397
1782933229032,149579,0.18506,-0.38013,0.90137,0.9956,0.188,0.438,0.0,-0.1419,0.1657,-0.9459,0.2397
1782933229033,149580,0.18506,-0.38013,0.90137,0.9956,0.188,0.438,0.0,-0.1419,0.1657,-0.9459,0.2397
1782933229080,149627,0.18262,-0.38086,0.89941,0.99365,0.0,0.0,0.0,-0.1419,0.1657,-0.9459,0.2397
1782933229080,149627,0.18823,-0.38013,0.89893,0.99398,0.0,-0.188,0.062,-0.1419,0.1657,-0.9459,0.2398
1782933229081,149628,0.18726,-0.3811,0.90112,0.99615,0.062,0.0,-0.062,-0.1419,0.1658,-0.9459,0.2398
1782933229140,149687,0.18628,-0.38184,0.90308,0.99803,0.188,-0.438,-0.188,-0.1419,0.1658,-0.9459,0.2398
1782933229142,149689,0.19141,-0.37646,0.90015,0.9943,0.25,-0.125,0.0,-0.1419,0.1657,-0.9459,0.2398
1782933229142,149689,0.18506,-0.37915,0.90039,0.99434,-0.062,0.0,0.0,-0.1419,0.1657,-0.9459,0.2398
1782933229203,149750,0.18384,-0.38037,0.89868,0.99303,0.062,-0.125,-0.062,-0.1419,0.1657,-0.9459,0.2398
1782933229208,149755,0.18555,-0.38159,0.89844,0.9936,0.062,-0.062,0.0,-0.1419,0.1657,-0.9459,0.2398
1782933229211,149758,0.19287,-0.38159,0.90063,0.99697,-0.062,0.062,0.0,-0.142,0.1657,-0.9459,0.2398
1782933229263,149810,0.18774,-0.38013,0.90063,0.99543,0.188,0.0,0.062,-0.142,0.1657,-0.9459,0.2398
1782933229266,149813,0.18311,-0.38159,0.90088,0.99535,0.0,-0.062,0.125,-0.1419,0.1657,-0.9459,0.2398
1782933229267,149814,0.18311,-0.38159,0.90088,0.99535,0.0,-0.062,0.125,-0.1419,0.1657,-0.9459,0.2398
1782933229321,149868,0.18896,-0.38208,0.9043,0.99972,0.062,0.312,0.0,-0.1419,0.1658,-0.9459,0.2399
1782933229325,149872,0.19019,-0.38184,0.90112,0.99699,0.062,0.0,-0.062,-0.1419,0.1658,-0.9459,0.2399
1782933229327,149874,0.18579,-0.37939,0.90063,0.99478,0.25,-0.375,0.0,-0.1419,0.1657,-0.9459,0.2398
1782933229380,149927,0.18555,-0.37866,0.90112,0.9949,0.125,-0.438,0.0,-0.1419,0.1657,-0.9459,0.2398
1782933229381,149928,0.18896,-0.37866,0.89844,0.99312,0.062,-0.5,0.0,-0.1419,0.1657,-0.9459,0.2398
1782933229384,149931,0.18481,-0.38184,0.90039,0.99532,0.062,-0.188,0.0,-0.142,0.1655,-0.9459,0.2399
1782933229444,149991,0.18604,-0.3772,0.89966,0.99312,0.062,0.0,0.0,-0.142,0.1655,-0.9459,0.2399
1782933229445,149992,0.19043,-0.37939,0.89771,0.99302,-0.062,0.0,-0.062,-0.142,0.1655,-0.9459,0.2399
1782933229445,149992,0.18823,-0.38013,0.89917,0.9942,-0.25,0.312,0.0,-0.1419,0.1657,-0.9459,0.2399
1782933229499,150046,0.18726,-0.38525,0.90332,0.99974,-0.125,0.312,0.125,-0.1419,0.1657,-0.9459,0.2399
1782933229500,150047,0.1897,-0.38208,0.89966,0.99567,-0.188,0.062,0.25,-0.1419,0.1657,-0.9459,0.2399
1782933229500,150047,0.18579,-0.38306,0.90088,0.99641,0.188,-0.062,0.0,-0.1419,0.1658,-0.9458,0.2399
1782933229561,150108,0.18579,-0.38135,0.89966,0.99465,0.0,0.0,-0.125,-0.1418,0.1658,-0.9458,0.2399
1782933229562,150109,0.19116,-0.37964,0.90479,0.99966,0.062,-0.062,-0.062,-0.1419,0.1658,-0.9458,0.2399
1782933229563,150110,0.18677,-0.37866,0.89966,0.99381,0.062,-0.188,0.0,-0.1419,0.1657,-0.9458,0.2399
1782933229619,150166,0.18726,-0.38086,0.90088,0.99584,0.062,-0.188,0.0,-0.1419,0.1657,-0.9458,0.2399
1782933229620,150167,0.18872,-0.37695,0.90137,0.99508,0.188,-0.312,0.0,-0.1419,0.1657,-0.9458,0.2399
1782933229623,150170,0.18848,-0.3811,0.89941,0.99484,0.0,-0.25,-0.125,-0.142,0.1657,-0.9458,0.24
1782933229679,150226,0.18677,-0.37866,0.90088,0.99491,0.0,0.0,0.0,-0.142,0.1656,-0.9458,0.24
1782933229680,150227,0.19214,-0.38135,0.90576,1.00137,0.062,-0.125,0.0,-0.142,0.1656,-0.9458,0.24
1782933229741,150288,0.18872,-0.38086,0.90259,0.99767,0.0,0.062,0.0,-0.142,0.1657,-0.9458,0.24
1782933229742,150289,0.18921,-0.37988,0.90063,0.99561,-0.062,0.188,0.0,-0.142,0.1657,-0.9458,0.24
1782933229743,150290,0.18555,-0.38281,0.9021,0.99737,0.0,0.062,0.0,-0.142,0.1657,-0.9458,0.24
1782933229800,150347,0.18555,-0.38281,0.9021,0.99737,0.0,0.062,0.0,-0.142,0.1657,-0.9458,0.24
1782933229801,150348,0.18872,-0.37817,0.90015,0.99443,0.062,-0.312,0.0,-0.142,0.1657,-0.9458,0.24
1782933229802,150349,0.19092,-0.37695,0.89941,0.99372,0.062,-0.125,0.0,-0.1421,0.1656,-0.9458,0.24
1782933229861,150408,0.1875,-0.38428,0.90283,0.99896,0.0,-0.375,0.0,-0.1421,0.1656,-0.9458,0.24
1782933229861,150408,0.18823,-0.38208,0.89941,0.99517,0.0,-0.438,0.0,-0.1421,0.1656,-0.9458,0.24
1782933229862,150409,0.18823,-0.38208,0.89941,0.99517,0.0,-0.438,0.0,-0.1421,0.1656,-0.9458,0.24
1782933229919,150466,0.18701,-0.38403,0.90308,0.999,0.125,0.0,0.0,-0.1422,0.1656,-0.9458,0.2401
1782933229920,150467,0.18848,-0.38135,0.90112,0.99648,0.062,0.25,-0.188,-0.1422,0.1656,-0.9458,0.24
1782933229922,150469,0.18823,-0.38159,0.90039,0.99586,0.0,0.0,0.0,-0.1421,0.1655,-0.9458,0.24
1782933229981,150528,0.18872,-0.38135,0.89917,0.99476,0.062,0.0,0.0,-0.1421,0.1655,-0.9458,0.24
1782933229982,150529,0.18921,-0.37964,0.90063,0.99552,-0.188,0.125,0.062,-0.1421,0.1655,-0.9458,0.24
1782933229984,150531,0.18872,-0.38354,0.90601,1.00178,0.062,0.0,-0.062,-0.1422,0.1655,-0.9458,0.2401
1782933230043,150590,0.18799,-0.37939,0.90112,0.99564,0.188,0.125,-0.062,-0.1422,0.1655,-0.9458,0.2401
1782933230045,150592,0.18896,-0.38013,0.9043,0.99898,0.062,0.0,-0.062,-0.1422,0.1655,-0.9458,0.2401
1782933230047,150594,0.18896,-0.38013,0.9043,0.99898,0.062,0.0,-0.062,-0.1422,0.1655,-0.9458,0.2401
1782933230101,150648,0.18921,-0.38428,0.90088,0.99753,0.0,0.188,0.0,-0.1422,0.1654,-0.9458,0.24
1782933230102,150649,0.18823,-0.37817,0.90137,0.99545,0.0,0.188,0.0,-0.1422,0.1654,-0.9458,0.24
1782933230107,150654,0.18823,-0.37817,0.90137,0.99545,0.0,0.188,0.0,-0.1422,0.1654,-0.9458,0.24
1782933230161,150708,0.18701,-0.37988,0.90259,0.99697,0.438,-0.688,-0.125,-0.1422,0.1654,-0.9458,0.24
1782933230162,150709,0.18726,-0.38159,0.89746,0.99303,0.375,-0.688,-0.188,-0.1422,0.1653,-0.9458,0.24
1782933230164,150711,0.18604,-0.3811,0.90088,0.99571,-0.688,0.312,0.25,-0.1423,0.1654,-0.9458,0.2401
1782933230225,150772,0.18945,-0.37891,0.90063,0.99529,-0.75,0.188,0.188,-0.1423,0.1654,-0.9458,0.2401
1782933230226,150773,0.1875,-0.3811,0.90161,0.99664,-0.562,0.188,0.0,-0.1423,0.1654,-0.9458,0.2401
1782933230229,150776,0.1875,-0.3811,0.90161,0.99664,-0.562,0.188,0.0,-0.1423,0.1654,-0.9458,0.2401
1782933230280,150827,0.1875,-0.3811,0.90161,0.99664,-0.562,0.188,0.0,-0.1423,0.1654,-0.9458,0.2401
1782933230281,150828,0.19116,-0.37793,0.89819,0.99303,0.312,-0.062,0.0,-0.1423,0.1655,-0.9457,0.2401
1782933230282,150829,0.18579,-0.38086,0.90161,0.99623,0.188,-0.125,-0.125,-0.1423,0.1655,-0.9457,0.2402
1782933230340,150887,0.19165,-0.37915,0.90063,0.9958,0.062,0.0,0.0,-0.1423,0.1655,-0.9457,0.2401
1782933230341,150888,0.18823,-0.38086,0.90161,0.99669,0.312,-0.125,-0.125,-0.1423,0.1655,-0.9457,0.2401
1782933230342,150889,0.18799,-0.38208,0.89917,0.9949,0.125,-0.125,0.0,-0.1424,0.1654,-0.9457,0.2402
1782933230401,150948,0.18799,-0.38208,0.89917,0.9949,0.125,-0.125,0.0,-0.1424,0.1654,-0.9457,0.2402
1782933230403,150950,0.18945,-0.37793,0.90112,0.99536,0.0,-0.125,0.0,-0.1424,0.1654,-0.9457,0.2402
1782933230404,150951,0.1875,-0.37744,0.90088,0.99459,0.0,0.062,0.125,-0.1424,0.1654,-0.9457,0.2402
1782933230462,151009,0.18994,-0.38062,0.90039,0.99582,0.0,0.0,0.0,-0.1424,0.1654,-0.9457,0.2402
1782933230463,151010,0.18726,-0.38086,0.8999,0.99496,0.0,0.062,0.0,-0.1424,0.1654,-0.9457,0.2402
1782933230466,151013,0.19165,-0.38159,0.89648,0.99298,0.0,-0.312,0.188,-0.1424,0.1654,-0.9457,0.2402
1782933230521,151068,0.19238,-0.38062,0.90137,0.99717,0.062,-0.062,0.125,-0.1424,0.1654,-0.9457,0.2402
1782933230525,151072,0.18945,-0.37988,0.90283,0.99765,0.062,-0.312,-0.062,-0.1424,0.1654,-0.9457,0.2402
1782933230525,151072,0.18823,-0.38184,0.89844,0.9942,0.0,0.062,-0.062,-0.1424,0.1654,-0.9457,0.2402
1782933230583,151130,0.18823,-0.38184,0.89844,0.9942,0.0,0.062,-0.062,-0.1424,0.1654,-0.9457,0.2402
1782933230584,151131,0.19019,-0.37695,0.90234,0.99623,-0.062,0.188,0.0,-0.1424,0.1654,-0.9457,0.2402
1782933230586,151133,0.18945,-0.37915,0.90112,0.99582,0.0,-0.125,0.125,-0.1423,0.1654,-0.9457,0.2403
1782933230644,151191,0.18701,-0.37866,0.89844,0.99275,0.062,0.0,0.0,-0.1423,0.1654,-0.9457,0.2403
1782933230646,151193,0.18726,-0.38013,0.90063,0.99534,0.0,0.0,-0.188,-0.1423,0.1654,-0.9457,0.2403
1782933230649,151196,0.18799,-0.37817,0.90088,0.99496,0.062,0.188,0.0,-0.1423,0.1654,-0.9457,0.2403
1782933230702,151249,0.18799,-0.37817,0.90088,0.99496,0.062,0.188,0.0,-0.1423,0.1654,-0.9457,0.2403
1782933230703,151250,0.19238,-0.38013,0.90234,0.99786,-0.188,0.375,0.25,-0.1422,0.1654,-0.9457,0.2403
1782933230709,151256,0.19141,-0.38037,0.90015,0.99579,0.625,-0.25,0.0,-0.1422,0.1653,-0.9457,0.2403
1782933230762,151309,0.18579,-0.37256,0.90112,0.99264,0.875,-0.188,0.125,-0.1422,0.1652,-0.9457,0.2404
1782933230765,151312,0.18628,-0.38745,0.89648,0.99423,0.625,-0.5,-0.312,-0.1422,0.1652,-0.9457,0.2404
1782933230766,151313,0.18677,-0.37988,0.89746,0.99228,-1.375,0.0,0.375,-0.1423,0.1654,-0.9457,0.2404
1782933230820,151367,0.18677,-0.37988,0.89746,0.99228,-1.375,0.0,0.375,-0.1423,0.1654,-0.9457,0.2404
1782933230821,151368,0.18652,-0.38086,0.90137,0.99615,-1.562,0.188,0.312,-0.1423,0.1654,-0.9457,0.2404
1782933230824,151371,0.18799,-0.38086,0.90088,0.99598,-0.125,1.0,0.0,-0.142,0.1658,-0.9457,0.2404
1782933230882,151429,0.18335,-0.38013,0.90283,0.9966,-0.125,0.875,0.0,-0.142,0.1658,-0.9457,0.2404
1782933230883,151430,0.18823,-0.3811,0.90186,0.99701,-0.375,0.75,0.062,-0.142,0.1658,-0.9457,0.2404
1782933230884,151431,0.18677,-0.37915,0.90454,0.99841,0.688,-0.688,-0.125,-0.1419,0.1658,-0.9457,0.2404
1782933230942,151489,0.18677,-0.3811,0.90186,0.99673,0.938,-1.188,-0.25,-0.1419,0.1658,-0.9457,0.2404
1782933230944,151491,0.18823,-0.38013,0.90649,1.00083,1.188,-1.188,-0.25,-0.142,0.1657,-0.9457,0.2404
1782933230945,151492,0.19141,-0.37866,0.90088,0.99579,0.062,-0.5,-0.062,-0.1423,0.1653,-0.9457,0.2404
1782933231001,151548,0.18774,-0.38013,0.90063,0.99543,0.25,-0.062,-0.438,-0.1423,0.1653,-0.9457,0.2404
1782933231004,151551,0.18726,-0.3772,0.89941,0.99312,0.062,0.0,-0.062,-0.1423,0.1653,-0.9457,0.2404
1782933231007,151554,0.18652,-0.37769,0.89819,0.99206,-0.188,0.0,-0.062,-0.1423,0.1652,-0.9457,0.2405
1782933231061,151608,0.18579,-0.38037,0.89746,0.99229,-0.25,0.062,0.188,-0.1423,0.1653,-0.9457,0.2405
1782933231061,151608,0.1897,-0.38037,0.89819,0.99369,-0.375,0.25,0.188,-0.1423,0.1654,-0.9457,0.2405
1782933231063,151610,0.18823,-0.38013,0.90381,0.9984,0.0,0.125,0.0,-0.1422,0.1654,-0.9457,0.2405
1782933231120,151667,0.18823,-0.38013,0.90381,0.9984,0.0,0.125,0.0,-0.1422,0.1654,-0.9457,0.2405
1782933231123,151670,0.18994,-0.38086,0.90234,0.99767,0.0,0.125,0.0,-0.1422,0.1654,-0.9457,0.2405
1782933231125,151672,0.1875,-0.38086,0.89844,0.99368,-0.438,0.375,0.188,-0.142,0.1655,-0.9457,0.2406
1782933231179,151726,0.18628,-0.38208,0.90234,0.99745,-0.438,0.062,0.062,-0.142,0.1655,-0.9457,0.2406
1782933231180,151727,0.1853,-0.38428,0.90723,1.00253,-0.625,-0.188,-0.062,-0.142,0.1656,-0.9457,0.2406
1782933231180,151727,0.18677,-0.37891,0.896,0.99059,0.875,-0.438,0.125,-0.1422,0.1655,-0.9457,0.2406
1782933231241,151788,0.19019,-0.38086,0.89575,0.99176,0.562,-0.438,0.062,-0.1422,0.1655,-0.9457,0.2406
1782933231241,151788,0.19043,-0.38135,0.89526,0.99156,0.5,-0.438,0.0,-0.1422,0.1654,-0.9457,0.2406
1782933231242,151789,0.18896,-0.38232,0.90186,0.99761,-0.188,0.5,0.062,-0.1422,0.1655,-0.9456,0.2406
1782933231300,151847,0.18799,-0.38428,0.90405,1.00016,-0.25,0.625,0.125,-0.1421,0.1656,-0.9456,0.2406
1782933231302,151849,0.18921,-0.38013,0.90259,0.99748,0.0,0.562,-0.125,-0.1421,0.1656,-0.9456,0.2406
1782933231303,151850,0.1875,-0.38379,0.89746,0.99392,0.125,0.062,0.0,-0.142,0.1655,-0.9457,0.2406
1782933231362,151909,0.18628,-0.37866,0.90039,0.99438,-0.062,0.25,0.0,-0.142,0.1655,-0.9457,0.2406
1782933231365,151912,0.18384,-0.37744,0.90259,0.99545,-0.188,0.25,0.0,-0.142,0.1655,-0.9457,0.2406
1782933231366,151913,0.18457,-0.37866,0.90088,0.9945,0.938,-0.5,-0.375,-0.1422,0.1655,-0.9456,0.2406
1782933231419,151966,0.18579,-0.37915,0.89819,0.99248,0.75,-0.375,-0.25,-0.1422,0.1654,-0.9456,0.2406
1782933231422,151969,0.18701,-0.38086,0.89453,0.99006,0.688,-0.562,0.0,-0.1423,0.1654,-0.9456,0.2406
1782933231422,151969,0.18823,-0.3833,0.90015,0.9963,-0.125,0.188,0.0,-0.1423,0.1654,-0.9456,0.2407
1782933231481,152028,0.18481,-0.38062,0.90259,0.99684,0.062,0.125,-0.188,-0.1422,0.1654,-0.9456,0.2407
1782933231482,152029,0.18701,-0.37964,0.89941,0.994,0.0,0.375,-0.25,-0.1422,0.1654,-0.9456,0.2407
1782933231484,152031,0.18604,-0.37964,0.89722,0.99184,-0.25,0.125,0.125,-0.1422,0.1654,-0.9456,0.2407
1782933231541,152088,0.18604,-0.37964,0.89722,0.99184,-0.25,0.125,0.125,-0.1422,0.1654,-0.9456,0.2407
1782933231542,152089,0.18701,-0.38281,0.89795,0.9939,-0.25,0.188,0.25,-0.1422,0.1655,-0.9456,0.2407
1782933231544,152091,0.18555,-0.38037,0.89941,0.99401,0.0,-0.125,0.0,-0.1422,0.1656,-0.9456,0.2407
1782933231599,152146,0.18652,-0.37866,0.90259,0.99641,0.062,-0.375,0.062,-0.1422,0.1656,-0.9456,0.2407
1782933231600,152147,0.18921,-0.37891,0.90234,0.99679,0.0,-0.25,0.125,-0.1422,0.1656,-0.9456,0.2407
1782933231601,152148,0.18677,-0.3811,0.90356,0.99827,0.125,0.375,-0.125,-0.1422,0.1656,-0.9456,0.2407
1782933231662,152209,0.18872,-0.38184,0.90234,0.99781,0.062,0.188,0.0,-0.1421,0.1656,-0.9456,0.2407
1782933231663,152210,0.18726,-0.3811,0.90405,0.9988,0.188,0.188,-0.062,-0.1421,0.1656,-0.9456,0.2407
1782933231666,152213,0.18726,-0.3811,0.90405,0.9988,0.188,0.188,-0.062,-0.1421,0.1656,-0.9456,0.2407
1782933231725,152272,0.18896,-0.37817,0.89941,0.99381,0.062,-0.188,0.0,-0.1421,0.1655,-0.9456,0.2407
1782933231726,152273,0.18774,-0.37842,0.90039,0.99456,-0.125,-0.188,0.062,-0.1422,0.1655,-0.9456,0.2407
1782933231727,152274,0.18774,-0.37842,0.90039,0.99456,-0.125,-0.188,0.062,-0.1422,0.1655,-0.9456,0.2407
1782933231783,152330,0.18872,-0.37744,0.89893,0.99305,0.125,0.375,0.062,-0.1422,0.1654,-0.9456,0.2408
1782933231789,152336,0.18701,-0.3811,0.89795,0.99324,0.25,0.312,0.0,-0.1422,0.1654,-0.9456,0.2408
1782933231789,152336,0.18701,-0.3811,0.89795,0.99324,0.25,0.312,0.0,-0.1422,0.1654,-0.9456,0.2408
1782933231840,152387,0.18823,-0.38184,0.89966,0.9953,-0.562,0.562,0.188,-0.142,0.1658,-0.9456,0.2408
1782933231841,152388,0.18701,-0.38232,0.90259,0.9979,-0.5,0.5,0.188,-0.142,0.1658,-0.9456,0.2408
1782933231842,152389,0.18726,-0.38062,0.8999,0.99487,0.25,-0.375,0.0,-0.1419,0.1658,-0.9456,0.2408
1782933231899,152446,0.18726,-0.3833,0.90308,0.99877,0.0,-0.312,0.0,-0.1419,0.1658,-0.9456,0.2408
1782933231900,152447,0.18921,-0.38403,0.90454,1.00074,0.125,-0.25,0.0,-0.1419,0.1658,-0.9456,0.2408
1782933231901,152448,0.18921,-0.38403,0.90454,1.00074,0.125,-0.25,0.0,-0.1419,0.1658,-0.9456,0.2408
1782933231961,152508,0.18823,-0.37842,0.89966,0.99399,0.438,-0.688,-0.188,-0.1422,0.1656,-0.9456,0.2409
1782933231962,152509,0.18604,-0.37988,0.8999,0.99435,0.5,-0.375,-0.188,-0.1422,0.1656,-0.9456,0.2409
1782933231964,152511,0.1897,-0.37793,0.90088,0.99519,0.25,-0.5,-0.188,-0.1423,0.1655,-0.9456,0.2409
1782933232023,152570,0.18604,-0.37891,0.89966,0.99377,0.438,-0.5,-0.125,-0.1423,0.1655,-0.9456,0.2409
1782933232025,152572,0.18945,-0.38208,0.89941,0.9954,0.375,-0.375,0.062,-0.1423,0.1654,-0.9456,0.2409
1782933232025,152572,0.18481,-0.37671,0.8999,0.99292,-0.062,0.125,0.125,-0.1423,0.1654,-0.9456,0.2409
1782933232079,152626,0.18677,-0.38208,0.89795,0.99357,-0.188,0.125,0.062,-0.1423,0.1654,-0.9456,0.2409
1782933232080,152627,0.18994,-0.38062,0.89941,0.99493,-0.125,0.188,0.125,-0.1423,0.1654,-0.9456,0.2409
1782933232081,152628,0.18994,-0.38062,0.89941,0.99493,-0.125,0.188,0.125,-0.1423,0.1654,-0.9456,0.2409
1782933232142,152689,0.18799,-0.38208,0.90039,0.99601,0.062,0.062,0.0,-0.1422,0.1655,-0.9456,0.2409
1782933232142,152689,0.18872,-0.37769,0.9021,0.99602,0.062,0.0,0.0,-0.1422,0.1655,-0.9456,0.2409
1782933232144,152691,0.18872,-0.37769,0.9021,0.99602,0.062,0.0,0.0,-0.1422,0.1655,-0.9456,0.2409
1782933232200,152747,0.18872,-0.37769,0.9021,0.99602,0.062,0.0,0.0,-0.1422,0.1655,-0.9456,0.2409
1782933232201,152748,0.18872,-0.37939,0.90063,0.99533,-0.375,0.0,0.062,-0.1422,0.1656,-0.9456,0.241
1782933232201,152748,0.18994,-0.38037,0.90308,0.99815,0.25,0.0,-0.125,-0.1422,0.1656,-0.9456,0.241
1782933232262,152809,0.18823,-0.38159,0.90137,0.99675,0.312,0.25,-0.25,-0.1422,0.1656,-0.9456,0.241
1782933232264,152811,0.18848,-0.38184,0.90088,0.99645,0.562,0.125,-0.125,-0.1422,0.1655,-0.9456,0.241
1782933232266,152813,0.18848,-0.38184,0.90088,0.99645,0.562,0.125,-0.125,-0.1422,0.1655,-0.9456,0.241
1782933232326,152873,0.18848,-0.38184,0.90088,0.99645,0.562,0.125,-0.125,-0.1422,0.1655,-0.9456,0.241
1782933232331,152878,0.18799,-0.38013,0.90063,0.99548,0.0,-0.25,0.0,-0.1421,0.1655,-0.9456,0.241
1782933232332,152879,0.18799,-0.38013,0.90063,0.99548,0.0,-0.25,0.0,-0.1421,0.1655,-0.9456,0.241
1782933232380,152927,0.18726,-0.37964,0.89917,0.99383,-0.062,-0.438,0.0,-0.1422,0.1655,-0.9456,0.241
1782933232380,152927,0.1875,-0.37891,0.9043,0.99824,0.125,-0.25,0.0,-0.1423,0.1655,-0.9456,0.241
1782933232381,152928,0.18774,-0.3772,0.89844,0.99233,0.25,0.188,0.0,-0.1423,0.1654,-0.9456,0.241
1782933232440,152987,0.18774,-0.3772,0.89844,0.99233,0.25,0.188,0.0,-0.1423,0.1654,-0.9456,0.241
1782933232442,152989,0.1897,-0.3833,0.90137,0.99768,0.062,0.125,-0.125,-0.1423,0.1654,-0.9456,0.241
1782933232444,152991,0.1897,-0.3833,0.90137,0.99768,0.062,0.125,-0.125,-0.1423,0.1654,-0.9456,0.241
1782933232501,153048,0.18628,-0.38086,0.8999,0.99477,-0.125,0.188,0.0,-0.1422,0.1655,-0.9456,0.241
1782933232503,153050,0.18555,-0.38062,0.90137,0.99588,-0.062,-0.062,0.0,-0.1422,0.1655,-0.9456,0.241
1782933232506,153053,0.18896,-0.37915,0.89941,0.99418,-0.125,0.0,0.062,-0.1421,0.1655,-0.9456,0.241
1782933232559,153106,0.18896,-0.37915,0.89941,0.99418,-0.125,0.0,0.062,-0.1421,0.1655,-0.9456,0.241
1782933232560,153107,0.18774,-0.37988,0.90063,0.99533,0.0,0.062,-0.062,-0.1421,0.1655,-0.9456,0.241
1782933232561,153108,0.18823,-0.37915,0.90039,0.99493,-0.062,-0.188,0.125,-0.1421,0.1655,-0.9456,0.2411
1782933232622,153169,0.18823,-0.37915,0.90039,0.99493,-0.062,-0.188,0.125,-0.1421,0.1655,-0.9456,0.2411
1782933232623,153170,0.18457,-0.38013,0.89893,0.9933,0.0,-0.312,0.188,-0.1421,0.1655,-0.9455,0.2411
1782933232624,153171,0.18506,-0.37769,0.89722,0.99091,0.062,-0.188,-0.062,-0.1422,0.1655,-0.9455,0.2411
1782933232682,153229,0.18506,-0.37769,0.89722,0.99091,0.062,-0.188,-0.062,-0.1422,0.1655,-0.9455,0.2411
1782933232684,153231,0.18506,-0.37939,0.90015,0.99421,0.125,-0.562,0.062,-0.1422,0.1655,-0.9455,0.2412
1782933232685,153232,0.19067,-0.38452,0.89673,0.99415,0.0,0.062,0.0,-0.1422,0.1654,-0.9455,0.2412
1782933232740,153287,0.19043,-0.38013,0.9021,0.99727,0.062,0.125,-0.062,-0.1422,0.1654,-0.9455,0.2412
1782933232743,153290,0.18677,-0.37085,0.90112,0.99218,0.125,0.562,0.312,-0.1422,0.1654,-0.9455,0.2412
1782933232744,153291,0.18652,-0.37988,0.90356,0.99776,-0.25,-0.25,-0.125,-0.1422,0.1656,-0.9455,0.2412
1782933232800,153347,0.1875,-0.3772,0.90332,0.99671,-0.062,-0.438,0.0,-0.1422,0.1655,-0.9455,0.2412
1782933232800,153347,0.19019,-0.38232,0.90015,0.9963,0.062,-0.562,0.062,-0.1422,0.1655,-0.9455,0.2412
1782933232800,153347,0.18628,-0.37793,0.89624,0.99034,0.125,-0.125,0.25,-0.1422,0.1654,-0.9455,0.2412
1782933232862,153409,0.18896,-0.37988,0.89722,0.99248,0.0,-0.438,0.125,-0.1423,0.1654,-0.9455,0.2412
1782933232863,153410,0.1875,-0.37964,0.90063,0.9952,-0.375,-0.188,0.188,-0.1423,0.1654,-0.9455,0.2412
1782933232864,153411,0.18726,-0.37939,0.90332,0.99749,0.438,0.188,-0.25,-0.1423,0.1655,-0.9455,0.2412
1782933232926,153473,0.18628,-0.37842,0.89844,0.99252,0.25,-0.125,-0.188,-0.1423,0.1655,-0.9455,0.2412
1782933232927,153474,0.18335,-0.38086,0.90332,0.99733,0.188,-0.062,0.125,-0.1422,0.1655,-0.9455,0.2412
1782933232930,153477,0.18799,-0.37842,0.90088,0.99505,-0.125,0.062,-0.062,-0.1422,0.1655,-0.9455,0.2412
1782933232980,153527,0.18726,-0.37964,0.90234,0.9967,-0.188,0.0,0.0,-0.1422,0.1655,-0.9455,0.2412
1782933232981,153528,0.1875,-0.37891,0.90234,0.99647,0.0,0.0,-0.062,-0.1422,0.1655,-0.9455,0.2412
1782933232981,153528,0.18579,-0.37915,0.90039,0.99447,-0.25,-0.125,0.0,-0.1422,0.1657,-0.9454,0.2412
1782933233041,153588,0.1875,-0.38232,0.89917,0.9949,-0.438,-0.125,0.25,-0.1422,0.1657,-0.9454,0.2412
1782933233043,153590,0.18823,-0.38062,0.90015,0.99527,-0.25,0.0,0.062,-0.1422,0.1658,-0.9454,0.2412
1782933233045,153592,0.18823,-0.38062,0.90015,0.99527,-0.25,0.0,0.062,-0.1422,0.1658,-0.9454,0.2412
1782933233102,153649,0.18213,-0.37769,0.90039,0.99324,-0.375,0.312,0.0,-0.1422,0.166,-0.9454,0.2413
1782933233110,153657,0.18896,-0.38354,0.90015,0.99653,-0.5,0.062,0.125,-0.1421,0.166,-0.9454,0.2413
1782933233114,153661,0.18774,-0.38086,0.9021,0.99704,-0.188,-0.5,0.062,-0.1422,0.1663,-0.9453,0.2413
1782933233160,153707,0.18604,-0.38208,0.90283,0.99785,-0.062,-0.188,0.0,-0.1422,0.1663,-0.9453,0.2413
1782933233164,153711,0.18677,-0.3833,0.90039,0.99624,0.0,-0.5,0.062,-0.1422,0.1663,-0.9453,0.2413
1782933233164,153711,0.19141,-0.38135,0.9021,0.99792,0.062,2.812,0.0,-0.1422,0.1664,-0.9453,0.2413
1782933233225,153772,0.18384,-0.37354,0.89868,0.99043,0.562,2.938,-0.062,-0.142,0.1664,-0.9453,0.2413
1782933233226,153773,0.17847,-0.37549,0.8938,0.98576,0.625,3.062,0.438,-0.1419,0.1664,-0.9454,0.2413
1782933233229,153776,0.19458,-0.38794,0.90088,0.99997,0.812,0.25,0.25,-0.142,0.1665,-0.9453,0.2415
1782933233280,153827,0.19653,-0.38428,0.90356,1.00136,0.812,0.0,-0.125,-0.142,0.1665,-0.9453,0.2415
1782933233295,153842,0.18408,-0.38184,0.89893,0.99386,-0.25,-0.375,-0.562,-0.142,0.1665,-0.9453,0.2414
1782933233296,153843,0.18018,-0.38257,0.90112,0.99541,-0.312,-0.75,0.0,-0.1423,0.1665,-0.9452,0.2415
1782933233355,153902,0.19092,-0.37598,0.92114,1.01307,-0.125,-1.688,0.312,-0.1424,0.1665,-0.9452,0.2415
1782933233357,153904,0.18823,-0.38989,0.93237,1.02799,4.0,-1.375,-0.438,-0.1424,0.1664,-0.9455,0.2404
1782933233358,153905,0.17725,-0.3833,0.92358,1.01555,-0.625,0.0,1.312,-0.1433,0.1655,-0.9451,0.242
1782933233399,153946,0.19849,-0.38354,0.90332,1.00124,-0.125,-1.625,1.438,-0.1433,0.1655,-0.9451,0.242
1782933233400,153947,0.20898,-0.375,0.89355,0.99133,0.125,-1.688,0.438,-0.1434,0.1655,-0.9451,0.2421
1782933233401,153948,0.16553,-0.38379,0.89526,0.98802,1.938,-0.25,0.25,-0.1433,0.1654,-0.9451,0.2421
1782933233461,154008,0.19946,-0.38672,0.88794,0.98882,-0.625,-4.75,0.688,-0.1434,0.1653,-0.9451,0.2422
1782933233462,154009,0.20679,-0.38281,0.89941,0.99912,-1.312,-3.75,-0.062,-0.1436,0.1653,-0.9451,0.242
1782933233463,154010,0.19287,-0.38184,0.89941,0.99596,0.812,-0.5,-0.875,-0.1438,0.165,-0.9451,0.242
1782933233522,154069,0.18237,-0.37964,0.9021,0.99558,0.125,-0.938,-0.75,-0.1439,0.165,-0.9451,0.242
1782933233523,154070,0.18286,-0.37451,0.89795,0.98995,-0.062,-1.438,-0.188,-0.1439,0.165,-0.9451,0.242
1782933233523,154070,0.18286,-0.37451,0.89795,0.98995,-0.062,-1.438,-0.188,-0.1439,0.165,-0.9451,0.242
1782933233580,154127,0.19263,-0.38403,0.90405,1.00095,0.5,-0.375,-0.312,-0.1441,0.1647,-0.9451,0.242
1782933233581,154128,0.19604,-0.37988,0.90088,0.99716,0.938,-0.188,-0.438,-0.1441,0.1647,-0.9451,0.242
1782933233582,154129,0.19043,-0.38037,0.89746,0.99317,0.312,-0.062,0.25,-0.1441,0.1644,-0.9452,0.242
1782933233645,154192,0.1897,-0.38037,0.89795,0.99347,0.25,-0.438,0.062,-0.1442,0.1644,-0.9452,0.242
1782933233647,154194,0.19336,-0.38037,0.89795,0.99417,0.375,0.375,-0.062,-0.1442,0.1644,-0.9452,0.242
1782933233648,154195,0.19214,-0.37915,0.89795,0.99347,-0.125,-0.062,0.125,-0.1441,0.1644,-0.9452,0.242
1782933233706,154253,0.19141,-0.3772,0.8999,0.99435,-0.062,-0.188,0.062,-0.1441,0.1644,-0.9452,0.242
1782933233711,154258,0.19092,-0.37988,0.90137,0.99661,-0.125,0.062,0.125,-0.1441,0.1644,-0.9452,0.242
1782933233712,154259,0.19092,-0.37988,0.90137,0.99661,-0.125,0.062,0.125,-0.1441,0.1644,-0.9452,0.242
1782933233761,154308,0.19165,-0.37939,0.90259,0.99766,-0.188,0.0,0.188,-0.1441,0.1646,-0.9451,0.2421
1782933233762,154309,0.1897,-0.37939,0.89746,0.99265,0.0,-0.25,0.0,-0.1441,0.1646,-0.9451,0.2421
1782933233763,154310,0.1897,-0.37939,0.89746,0.99265,0.0,-0.25,0.0,-0.1441,0.1646,-0.9451,0.2421
1782933233821,154368,0.19189,-0.37622,0.90186,0.99585,0.062,0.188,0.0,-0.1441,0.1647,-0.9451,0.2421
1782933233825,154372,0.19238,-0.37866,0.90088,0.99598,0.125,0.312,0.0,-0.1441,0.1647,-0.9451,0.2421
1782933233826,154373,0.19238,-0.37866,0.90088,0.99598,0.125,0.312,0.0,-0.1441,0.1647,-0.9451,0.2421
1782933233880,154427,0.19312,-0.38257,0.90063,0.99739,0.562,0.062,-0.188,-0.1439,0.1646,-0.9452,0.2421
1782933233881,154428,0.19043,-0.38184,0.90259,0.99837,0.688,-0.062,-0.25,-0.1439,0.1645,-0.9452,0.2421
1782933233881,154428,0.19043,-0.38184,0.90259,0.99837,0.688,-0.062,-0.25,-0.1439,0.1645,-0.9452,0.2421
1782933233942,154489,0.19116,-0.38135,0.90186,0.99766,1.188,-1.25,-0.188,-0.1441,0.1641,-0.9453,0.2421
1782933233944,154491,0.19482,-0.37964,0.90405,0.99969,1.125,-1.188,-0.312,-0.1442,0.164,-0.9453,0.2421
1782933233946,154493,0.19482,-0.37964,0.90405,0.99969,1.125,-1.188,-0.312,-0.1442,0.164,-0.9453,0.2421
1782933234000,154547,0.18774,-0.37769,0.89844,0.99252,0.0,0.562,-0.125,-0.1443,0.1635,-0.9453,0.2421
1782933234000,154547,0.1875,-0.37939,0.9021,0.99643,0.062,0.688,0.125,-0.1442,0.1636,-0.9453,0.2421
1782933234001,154548,0.1875,-0.37939,0.9021,0.99643,0.062,0.688,0.125,-0.1442,0.1636,-0.9453,0.2421
1782933234063,154610,0.1875,-0.37646,0.89502,0.98891,-0.5,1.0,-0.188,-0.1436,0.1641,-0.9453,0.242
1782933234123,154670,0.1853,-0.3811,0.90161,0.99623,-0.75,0.438,0.0,-0.1436,0.1642,-0.9453,0.242
1782933234124,154671,0.18774,-0.38281,0.90356,0.9991,-1.75,-0.438,1.062,-0.1436,0.1646,-0.9452,0.2421
1782933234125,154672,0.18774,-0.38281,0.90356,0.9991,-1.75,-0.438,1.062,-0.1436,0.1646,-0.9452,0.2421
1782933234179,154726,0.19385,-0.38281,0.90063,0.99763,-1.812,-0.438,1.125,-0.1437,0.1647,-0.9451,0.2421
1782933234180,154727,0.1853,-0.3811,0.89917,0.99402,0.562,-1.562,-0.312,-0.1442,0.1647,-0.945,0.2423
1782933234181,154728,0.19238,-0.38184,0.90723,1.00293,-1.062,0.25,0.25,-0.1443,0.1649,-0.945,0.2424
1782933234242,154789,0.19238,-0.38184,0.90723,1.00293,-1.062,0.25,0.25,-0.1443,0.1649,-0.945,0.2424
1782933234243,154790,0.19189,-0.37939,0.90771,1.00235,-0.688,0.625,0.188,-0.1442,0.1649,-0.945,0.2424
1782933234245,154792,0.20044,-0.38477,0.90259,1.00145,0.25,-1.5,0.312,-0.1445,0.1647,-0.945,0.2426
1782933234301,154848,0.19434,-0.38013,0.89868,0.99493,0.5,-0.625,0.125,-0.1445,0.1647,-0.945,0.2426
1782933234307,154854,0.1958,-0.37988,0.89868,0.99512,0.375,-0.812,-0.188,-0.1445,0.1646,-0.945,0.2426
1782933234308,154855,0.18774,-0.37915,0.90161,0.99594,1.375,-1.312,-0.312,-0.1449,0.1643,-0.945,0.2426
1782933234362,154909,0.18994,-0.3772,0.89868,0.99297,1.062,-1.75,-0.188,-0.145,0.1642,-0.945,0.2426
1782933234367,154914,0.19214,-0.37744,0.89673,0.99172,1.0,-1.938,0.0,-0.1451,0.1641,-0.945,0.2427
1782933234368,154915,0.19678,-0.37891,0.90137,0.99738,0.75,-3.125,0.0,-0.1459,0.1636,-0.9448,0.2429
1782933234427,154974,0.19678,-0.37891,0.90112,0.99715,0.812,-3.125,0.0,-0.146,0.1635,-0.9448,0.2429
1782933234433,154980,0.19604,-0.37842,0.90479,1.00014,1.312,-3.188,0.0,-0.1462,0.1635,-0.9448,0.2429
1782933234448,154995,0.19971,-0.37964,0.90088,0.9978,1.25,-4.0,0.062,-0.1473,0.1626,-0.945,0.2423
1782933234489,155036,0.19678,-0.3772,0.90039,0.99584,1.375,-3.938,0.25,-0.1475,0.1625,-0.945,0.2423
1782933234489,155036,0.19873,-0.37866,0.90283,0.99899,1.688,-4.562,0.0,-0.1475,0.1625,-0.9452,0.2412
1782933234489,155036,0.20459,-0.37622,0.88916,0.98692,1.5,-5.0,0.0,-0.1487,0.162,-0.945,0.2415
1782933234541,155088,0.2041,-0.37598,0.88306,0.98123,0.875,-2.0,0.0,-0.1489,0.1618,-0.945,0.2416
1782933234543,155090,0.2085,-0.37524,0.90576,1.00234,0.438,-2.0,0.0,-0.149,0.1618,-0.945,0.2416
1782933234545,155092,0.19287,-0.3811,0.91772,1.01225,0.812,-0.25,0.188,-0.1492,0.1615,-0.945,0.2416
1782933234605,155152,0.20386,-0.38965,0.91919,1.01897,1.312,-2.312,0.5,-0.1492,0.1614,-0.945,0.2416
1782933234605,155152,0.20923,-0.36865,0.90649,1.0007,2.312,-1.812,-0.312,-0.1494,0.1613,-0.945,0.2417
1782933234606,155153,0.21265,-0.37183,0.90015,0.99687,-1.25,2.875,0.0,-0.1499,0.1609,-0.945,0.2418
1782933234662,155209,0.21265,-0.37183,0.90015,0.99687,-1.25,2.875,0.0,-0.1499,0.1609,-0.945,0.2418
1782933234664,155211,0.19653,-0.375,0.90918,1.00292,1.688,-1.062,-0.438,-0.1499,0.1608,-0.945,0.2417
1782933234666,155213,0.20142,-0.38232,0.89502,0.99388,2.312,-0.562,-0.625,-0.1497,0.1607,-0.945,0.2416
1782933234722,155269,0.19849,-0.37451,0.86646,0.96458,1.062,1.188,0.0,-0.1496,0.1607,-0.9451,0.2416
1782933234722,155269,0.20581,-0.37158,0.87329,0.97112,-0.812,2.625,0.062,-0.1495,0.1608,-0.9451,0.2416
1782933234723,155270,0.2085,-0.36548,0.8877,0.98237,-0.188,-1.625,-0.562,-0.1491,0.1608,-0.9452,0.2413
1782933234781,155328,0.20581,-0.375,0.87866,0.97725,-0.625,-0.062,-0.375,-0.1492,0.1608,-0.9452,0.2413
1782933234782,155329,0.19604,-0.37085,0.91333,1.00505,-1.0,1.125,0.25,-0.1491,0.1609,-0.9452,0.2413
1782933234790,155337,0.19482,-0.38281,0.88403,0.98286,0.0,-2.125,0.188,-0.1489,0.1608,-0.9453,0.2412
1782933234841,155388,0.2002,-0.37866,0.88745,0.98541,-0.25,-1.062,0.062,-0.1489,0.1608,-0.9453,0.2412
1782933234842,155389,0.20752,-0.36646,0.89697,0.99092,-0.188,0.438,0.25,-0.1489,0.1608,-0.9453,0.2412
1782933234844,155391,0.20068,-0.37378,0.89282,0.98849,-2.125,3.062,0.062,-0.1484,0.1616,-0.9453,0.2412
1782933234901,155448,0.20093,-0.37378,0.89673,0.99207,-2.25,3.5,0.188,-0.1483,0.1617,-0.9453,0.2411
1782933234912,155459,0.19946,-0.37549,0.90576,1.00059,-2.562,3.812,0.688,-0.1481,0.1618,-0.945,0.242
1782933234914,155461,0.19946,-0.36621,0.88501,0.97833,-2.312,3.188,0.5,-0.1471,0.1626,-0.9452,0.2413
1782933234961,155508,0.2019,-0.37134,0.9502,1.03997,-1.375,-0.25,0.25,-0.147,0.1627,-0.9452,0.2413
1782933234962,155509,0.19434,-0.39209,0.90869,1.00857,1.562,-0.25,0.375,-0.1471,0.1627,-0.9452,0.2413
1782933234964,155511,0.18481,-0.37891,0.88086,0.97655,1.625,-1.625,0.688,-0.1472,0.1627,-0.9451,0.2415
1782933235025,155572,0.20752,-0.37231,0.85767,0.95775,-0.125,-0.312,0.5,-0.1473,0.1626,-0.9451,0.2416
1782933235026,155573,0.20679,-0.37988,0.8833,0.98351,-1.375,2.875,0.375,-0.1472,0.1627,-0.9451,0.2416
1782933235029,155576,0.198,-0.37085,0.87939,0.97471,-0.375,-0.812,0.0,-0.1474,0.1628,-0.945,0.2417
1782933235083,155630,0.18896,-0.3772,0.8894,0.98439,-0.875,-0.188,0.375,-0.1474,0.1629,-0.945,0.2418
1782933235084,155631,0.19629,-0.37793,0.90503,1.00022,-1.75,-0.438,0.875,-0.1475,0.163,-0.945,0.2418
1782933235088,155635,0.20996,-0.38696,0.89844,1.00051,-3.5,-1.875,0.75,-0.1478,0.163,-0.9448,0.2422
1782933235141,155688,0.20703,-0.38062,0.91235,1.01001,-3.375,-0.375,0.875,-0.1479,0.1631,-0.9448,0.2422
1782933235142,155689,0.20532,-0.38843,0.95752,1.05351,-1.875,-2.375,0.5,-0.148,0.1633,-0.9447,0.2422
1782933235145,155692,0.20483,-0.39062,0.90454,1.00635,-2.688,3.125,1.875,-0.1475,0.1633,-0.9452,0.2407
1782933235209,155756,0.20117,-0.37671,0.93823,1.03085,-0.625,3.062,0.75,-0.1473,0.1633,-0.9452,0.2407
1782933235210,155757,0.20386,-0.37305,0.90112,0.99636,0.75,3.562,0.562,-0.1472,0.1634,-0.9453,0.2407
1782933235211,155758,0.19604,-0.38623,0.90503,1.00334,0.625,1.188,-0.312,-0.1463,0.1648,-0.9454,0.2398
1782933235261,155808,0.19629,-0.38623,0.90698,1.00514,1.0,0.938,-0.812,-0.1462,0.1648,-0.9454,0.2398
1782933235262,155809,0.19482,-0.3811,0.90796,1.00378,1.625,1.0,-0.75,-0.1461,0.1647,-0.9454,0.2397
1782933235263,155810,0.1936,-0.3811,0.90063,0.99692,0.0,-2.0,0.0,-0.1468,0.1644,-0.9453,0.2399
1782933235327,155874,0.19263,-0.37988,0.89917,0.99495,-0.062,-2.125,0.0,-0.1469,0.1643,-0.9453,0.2399
1782933235328,155875,0.19141,-0.38013,0.89648,0.99238,0.0,-2.438,0.0,-0.147,0.1643,-0.9453,0.2399
1782933235331,155878,0.19653,-0.37842,0.89941,0.99537,0.812,-0.812,-0.125,-0.1476,0.1638,-0.9453,0.24
1782933235406,155953,0.20117,-0.38086,0.8999,0.99767,0.938,-0.562,-0.125,-0.1476,0.1638,-0.9453,0.24
1782933235432,155979,0.20532,-0.37793,0.89795,0.99564,0.625,-0.5,-0.125,-0.1476,0.1638,-0.9453,0.24
1782933235450,155997,0.2002,-0.3833,0.90747,1.00524,1.25,-0.375,-0.562,-0.1475,0.1634,-0.9454,0.24
1782933235493,156040,0.19849,-0.3811,0.90967,1.00605,1.562,-1.0,-0.562,-0.1475,0.1633,-0.9454,0.2399
1782933235494,156041,0.20288,-0.38184,0.9082,1.00588,1.875,-1.375,-0.375,-0.1476,0.1633,-0.9454,0.2399
1782933235578,156125,0.20288,-0.38184,0.9082,1.00588,1.875,-1.375,-0.375,-0.1476,0.1633,-0.9454,0.2399
1782933235579,156126,0.20435,-0.37134,0.90845,1.00246,-0.312,-0.562,-0.5,-0.1478,0.1628,-0.9454,0.2399
1782933235581,156128,0.19922,-0.37549,0.9043,0.99922,0.25,2.188,-0.125,-0.1477,0.1628,-0.9454,0.2399
1782933235582,156129,0.19946,-0.37476,0.88916,0.98531,1.25,-1.312,-0.062,-0.1474,0.1626,-0.9456,0.2398
1782933235582,156129,0.20264,-0.37012,0.8855,0.9809,0.938,0.438,-0.125,-0.1474,0.1625,-0.9456,0.2398
1782933235582,156129,0.18994,-0.37427,0.89526,0.98876,-0.062,0.0,-0.375,-0.1474,0.1625,-0.9456,0.2398
1782933235582,156129,0.18994,-0.37427,0.89526,0.98876,-0.062,0.0,-0.375,-0.1474,0.1625,-0.9456,0.2398
1782933235632,156179,0.19019,-0.37402,0.90259,0.99536,-0.062,0.25,0.312,-0.1473,0.1625,-0.9456,0.2398
1782933235633,156180,0.19312,-0.37256,0.89819,0.99138,-0.188,-0.312,0.5,-0.1473,0.1625,-0.9456,0.2398
1782933235646,156193,0.19702,-0.37964,0.90259,0.99881,0.062,-0.688,-0.25,-0.1474,0.1627,-0.9455,0.2399
1782933235688,156235,0.20264,-0.38037,0.90039,0.99822,0.0,-0.875,-0.125,-0.1475,0.1627,-0.9455,0.2399
1782933235691,156238,0.19922,-0.375,0.90063,0.99571,0.188,-0.625,0.062,-0.1475,0.1627,-0.9455,0.2399
1782933235694,156241,0.20044,-0.37671,0.89868,0.99484,0.5,-1.25,0.0,-0.1479,0.1623,-0.9455,0.2399
1782933235764,156311,0.19971,-0.37646,0.89746,0.9935,0.688,-1.0,0.0,-0.148,0.1623,-0.9455,0.24
1782933235767,156314,0.19922,-0.37769,0.9043,1.00005,0.75,-0.625,0.0,-0.148,0.1622,-0.9455,0.24
1782933235774,156321,0.19922,-0.37769,0.9043,1.00005,0.75,-0.625,0.0,-0.148,0.1622,-0.9455,0.24
1782933235798,156345,0.19678,-0.37476,0.89771,0.9925,0.5,-0.375,0.0,-0.1481,0.1619,-0.9455,0.24
1782933235800,156347,0.20093,-0.37524,0.89575,0.99174,0.312,-0.438,-0.125,-0.1481,0.1619,-0.9455,0.24
1782933235808,156355,0.20093,-0.37524,0.89575,0.99174,0.312,-0.438,-0.125,-0.1481,0.1619,-0.9455,0.24
1782933235877,156424,0.19995,-0.375,0.89966,0.99498,-0.25,-0.312,0.188,-0.1482,0.1619,-0.9455,0.2401
1782933235891,156438,0.2019,-0.37817,0.89697,0.99415,-0.25,0.0,0.438,-0.1482,0.162,-0.9454,0.2401
1782933235892,156439,0.19849,-0.37598,0.89722,0.99286,-0.312,0.375,0.0,-0.1481,0.1621,-0.9454,0.2401
1782933235929,156476,0.19995,-0.37671,0.90161,0.99739,-0.375,0.312,0.0,-0.1481,0.1621,-0.9454,0.2401
1782933235930,156477,0.19897,-0.37622,0.90112,0.99657,-0.375,0.188,0.0,-0.1481,0.1621,-0.9454,0.2401
1782933235931,156478,0.19897,-0.37622,0.90112,0.99657,-0.375,0.188,0.0,-0.1481,0.1621,-0.9454,0.2401
1782933236007,156554,0.198,-0.37671,0.8999,0.99546,-0.062,0.125,-0.125,-0.1479,0.1624,-0.9454,0.2401
1782933236043,156590,0.19922,-0.37866,0.89941,0.996,-0.125,0.062,-0.125,-0.1478,0.1624,-0.9454,0.2401
1782933236045,156592,0.19922,-0.37866,0.89941,0.996,-0.125,0.062,-0.125,-0.1478,0.1624,-0.9454,0.2401
1782933236048,156595,0.19653,-0.37671,0.90088,0.99605,0.438,-0.438,-0.062,-0.1479,0.1624,-0.9454,0.2401
1782933236098,156645,0.20386,-0.37769,0.896,0.99349,0.562,-0.438,-0.125,-0.148,0.1623,-0.9454,0.2401
1782933236099,156646,0.19727,-0.37939,0.89917,0.99567,0.0,-0.562,0.125,-0.148,0.1622,-0.9454,0.2401
1782933236100,156647,0.2002,-0.37646,0.89697,0.99316,-0.125,-0.188,-0.062,-0.1481,0.1622,-0.9454,0.2402
1782933236165,156712,0.19824,-0.37305,0.89941,0.99368,-0.062,0.0,0.0,-0.1481,0.1622,-0.9454,0.2402
1782933236174,156721,0.19946,-0.37866,0.90112,0.99759,-0.125,0.188,0.125,-0.1481,0.1622,-0.9454,0.2402
1782933236180,156727,0.19897,-0.38184,0.90552,1.00268,0.062,0.312,0.062,-0.148,0.1624,-0.9454,0.2402
1782933236228,156775,0.20239,-0.3772,0.90283,0.99917,0.25,0.188,-0.062,-0.148,0.1624,-0.9454,0.2402
1782933236234,156781,0.20117,-0.37793,0.90088,0.99744,0.062,0.375,0.0,-0.148,0.1624,-0.9454,0.2402
1782933236247,156794,0.19556,-0.3772,0.90283,0.99781,0.5,0.188,0.062,-0.1478,0.1622,-0.9454,0.2402
1782933236295,156842,0.19556,-0.3772,0.90283,0.99781,0.5,0.188,0.062,-0.1478,0.1622,-0.9454,0.2402
1782933236295,156842,0.19678,-0.375,0.89185,0.98729,0.0,0.25,0.062,-0.1478,0.1622,-0.9454,0.2402
1782933236296,156843,0.19849,-0.37817,0.89819,0.99456,-1.062,1.062,0.312,-0.1475,0.1625,-0.9454,0.2402
1782933236348,156895,0.19849,-0.37817,0.89819,0.99456,-1.062,1.062,0.312,-0.1475,0.1625,-0.9454,0.2402
1782933236356,156903,0.19971,-0.37231,0.89795,0.99238,-0.688,0.625,0.188,-0.1475,0.1626,-0.9454,0.2402
1782933236363,156910,0.2002,-0.37793,0.90137,0.99769,-0.75,0.75,0.25,-0.1472,0.163,-0.9454,0.2402
1782933236398,156945,0.1936,-0.37939,0.90234,0.99782,-0.562,0.688,0.125,-0.1471,0.163,-0.9454,0.2402
1782933236399,156946,0.19897,-0.38013,0.90186,0.99872,-0.5,0.625,0.188,-0.1471,0.163,-0.9454,0.2402
1782933236400,156947,0.19629,-0.37891,0.90137,0.99728,0.625,-0.812,-0.25,-0.1471,0.1631,-0.9454,0.2402
1782933236461,157008,0.19824,-0.38013,0.89966,0.99659,0.625,-0.938,0.0,-0.1472,0.163,-0.9454,0.2402
1782933236462,157009,0.19824,-0.37866,0.90137,0.99757,0.75,-1.062,-0.375,-0.1472,0.163,-0.9454,0.2402
1782933236464,157011,0.19873,-0.37671,0.89771,0.99362,0.375,-0.438,-0.125,-0.1474,0.1627,-0.9454,0.2402
1782933236521,157068,0.19873,-0.37671,0.89771,0.99362,0.375,-0.438,-0.125,-0.1474,0.1627,-0.9454,0.2402
1782933236523,157070,0.19775,-0.37915,0.89648,0.99325,0.25,-0.062,0.062,-0.1475,0.1627,-0.9454,0.2402
1782933236525,157072,0.19531,-0.37915,0.89917,0.99519,-0.062,0.375,0.0,-0.1473,0.1627,-0.9454,0.2402
1782933236594,157141,0.19531,-0.37915,0.89917,0.99519,-0.062,0.375,0.0,-0.1473,0.1627,-0.9454,0.2402
1782933236596,157143,0.19995,-0.37817,0.90015,0.99663,-0.062,0.062,0.062,-0.1472,0.1627,-0.9454,0.2402
1782933236596,157143,0.19897,-0.37891,0.8999,0.99648,0.0,-0.125,-0.062,-0.1472,0.1627,-0.9454,0.2403
1782933236641,157188,0.19434,-0.37598,0.90186,0.99623,0.125,-0.125,-0.062,-0.1472,0.1627,-0.9454,0.2403
1782933236642,157189,0.19873,-0.38306,0.90137,0.99935,0.188,0.062,0.562,-0.1472,0.1627,-0.9454,0.2403
1782933236645,157192,0.19873,-0.38306,0.90137,0.99935,0.188,0.062,0.562,-0.1472,0.1627,-0.9454,0.2403
1782933236729,157276,0.19824,-0.3833,0.90405,1.00176,-0.125,-0.062,-0.188,-0.1472,0.1627,-0.9454,0.2404
1782933236730,157277,0.20166,-0.37524,0.89917,0.99498,0.062,-0.312,-0.312,-0.1472,0.1627,-0.9454,0.2404
1782933236731,157278,0.198,-0.37598,0.90381,0.99872,0.312,-0.562,-0.062,-0.1473,0.1627,-0.9454,0.2403
1782933236759,157306,0.19604,-0.37476,0.89648,0.99124,0.5,-0.625,0.0,-0.1473,0.1626,-0.9454,0.2403
1782933236760,157307,0.19946,-0.37427,0.89478,0.9902,0.438,-0.688,-0.125,-0.1473,0.1625,-0.9454,0.2403
1782933236760,157307,0.19604,-0.37842,0.89233,0.98888,0.25,0.375,0.375,-0.1473,0.1624,-0.9454,0.2404
1782933236819,157366,0.19873,-0.37866,0.89648,0.99325,0.062,0.125,0.312,-0.1473,0.1625,-0.9454,0.2404
1782933236819,157366,0.198,-0.37793,0.89673,0.99306,0.0,0.688,0.188,-0.1473,0.1625,-0.9454,0.2404
1782933236820,157367,0.20068,-0.37866,0.90356,1.00004,-0.875,1.125,0.0,-0.1469,0.1629,-0.9454,0.2404
1782933236879,157426,0.20068,-0.37866,0.90356,1.00004,-0.875,1.125,0.0,-0.1469,0.1629,-0.9454,0.2404
1782933236879,157426,0.19873,-0.37915,0.90527,1.00138,-0.312,1.0,0.0,-0.1468,0.163,-0.9454,0.2404
1782933236880,157427,0.19775,-0.37793,0.90039,0.99631,0.25,-0.25,-0.125,-0.1467,0.163,-0.9454,0.2404
1782933236939,157486,0.19409,-0.37769,0.90283,0.99771,0.25,-0.125,0.0,-0.1466,0.163,-0.9454,0.2404
1782933236940,157487,0.19702,-0.37183,0.90112,0.99453,0.25,-0.812,-0.062,-0.1467,0.163,-0.9454,0.2404
1782933236940,157487,0.19775,-0.37866,0.89673,0.99328,0.0,-0.5,0.062,-0.1469,0.1628,-0.9454,0.2404
1782933236998,157545,0.19775,-0.37866,0.89673,0.99328,0.0,-0.5,0.062,-0.1469,0.1628,-0.9454,0.2404
1782933237058,157605,0.19507,-0.37915,0.89893,0.99493,0.125,0.0,0.0,-0.1469,0.1629,-0.9454,0.2404
1782933237059,157606,0.19751,-0.37793,0.90625,1.00156,-0.438,0.5,0.0,-0.1468,0.1631,-0.9454,0.2404
1782933237060,157607,0.19727,-0.3772,0.90186,0.99727,-0.688,0.0,0.312,-0.1468,0.1632,-0.9454,0.2404
1782933237119,157666,0.19873,-0.37842,0.90479,1.00067,-0.375,0.5,0.125,-0.1467,0.1632,-0.9454,0.2404
1782933237120,157667,0.1958,-0.38013,0.9021,0.99831,0.188,-0.188,-0.062,-0.1467,0.1632,-0.9454,0.2404
1782933237120,157667,0.1958,-0.37939,0.90015,0.99627,0.062,0.25,-0.062,-0.1466,0.1632,-0.9454,0.2405
1782933237178,157725,0.1958,-0.37622,0.90234,0.99704,0.125,-0.125,-0.062,-0.1466,0.1632,-0.9454,0.2405
1782933237179,157726,0.19531,-0.38281,0.90063,0.99791,0.188,0.25,0.0,-0.1466,0.1632,-0.9454,0.2405
1782933237179,157726,0.19604,-0.3772,0.90405,0.99901,0.062,-0.375,0.062,-0.1465,0.1632,-0.9454,0.2405
1782933237238,157785,0.19604,-0.37671,0.89966,0.99485,0.0,-0.438,-0.125,-0.1465,0.1632,-0.9454,0.2405
1782933237239,157786,0.19727,-0.38159,0.90186,0.99894,0.062,-0.375,-0.062,-0.1465,0.1632,-0.9454,0.2405
1782933237239,157786,0.19897,-0.37891,0.89795,0.99472,0.062,-0.5,0.062,-0.1467,0.1631,-0.9454,0.2405
1782933237298,157845,0.19751,-0.38477,0.90137,0.99976,0.312,0.0,0.062,-0.1467,0.1632,-0.9454,0.2405
1782933237299,157846,0.19629,-0.37598,0.90112,0.99595,0.188,-0.812,-0.125,-0.1467,0.1631,-0.9454,0.2405
1782933237300,157847,0.19409,-0.37891,0.90332,0.99861,-0.125,0.5,-0.062,-0.1467,0.1631,-0.9454,0.2405
1782933237358,157905,0.19629,-0.37598,0.90161,0.99639,0.0,0.188,0.0,-0.1467,0.1631,-0.9454,0.2405
1782933237359,157906,0.1958,-0.37939,0.89917,0.99538,-0.312,0.312,0.375,-0.1466,0.1632,-0.9454,0.2405
1782933237359,157906,0.19702,-0.37622,0.90088,0.99596,0.312,0.0,-0.062,-0.1466,0.1632,-0.9454,0.2405
1782933237419,157966,0.19653,-0.375,0.89844,0.9932,0.0,0.0,0.0,-0.1466,0.1632,-0.9454,0.2405
1782933237419,157966,0.19604,-0.37769,0.89624,0.99213,0.062,0.062,0.125,-0.1466,0.1632,-0.9454,0.2405
1782933237420,157967,0.19653,-0.37793,0.90332,0.99872,-0.312,-0.125,0.188,-0.1466,0.1632,-0.9454,0.2406
1782933237478,158025,0.20044,-0.37915,0.8999,0.99687,0.0,0.0,-0.062,-0.1466,0.1632,-0.9454,0.2406
1782933237479,158026,0.19775,-0.38013,0.90088,0.99759,0.25,0.062,-0.188,-0.1466,0.1632,-0.9454,0.2406
1782933237479,158026,0.19067,-0.37988,0.90527,1.00009,0.125,0.375,-0.25,-0.1466,0.1632,-0.9454,0.2406
1782933237544,158091,0.19629,-0.37744,0.89966,0.99518,0.25,0.062,0.0,-0.1466,0.1632,-0.9454,0.2406
1782933237544,158091,0.19336,-0.37622,0.90186,0.99613,0.375,0.188,0.0,-0.1465,0.1632,-0.9454,0.2406
1782933237545,158092,0.19678,-0.37964,0.89941,0.99589,0.0,0.062,0.25,-0.1466,0.1632,-0.9454,0.2406
1782933237598,158145,0.19434,-0.3772,0.90112,0.99602,-0.125,0.0,0.438,-0.1465,0.1632,-0.9454,0.2407
1782933237599,158146,0.19629,-0.37891,0.90063,0.99661,-0.312,-0.25,0.125,-0.1465,0.1632,-0.9454,0.2407
1782933237601,158148,0.19629,-0.37891,0.90063,0.99661,-0.312,-0.25,0.125,-0.1465,0.1632,-0.9454,0.2407
1782933237659,158206,0.19482,-0.38013,0.89771,0.99415,-0.25,0.562,0.0,-0.1464,0.1634,-0.9454,0.2407
1782933237659,158206,0.19653,-0.37964,0.8999,0.99628,-0.188,0.375,0.0,-0.1464,0.1634,-0.9454,0.2407
1782933237660,158207,0.19629,-0.37622,0.90576,1.00024,0.125,0.312,-0.062,-0.1461,0.1636,-0.9454,0.2406
1782933237730,158277,0.19116,-0.37891,0.90259,0.99739,0.062,0.062,-0.125,-0.1461,0.1636,-0.9454,0.2406
1782933237730,158277,0.19434,-0.37964,0.90381,0.99938,0.125,-0.062,0.0,-0.1461,0.1636,-0.9454,0.2406
1782933237730,158277,0.19971,-0.37646,0.89941,0.99526,0.438,-1.25,-0.062,-0.1464,0.1632,-0.9454,0.2407
1782933237796,158343,0.2002,-0.37866,0.90015,0.99686,0.312,-0.688,-0.312,-0.1465,0.1632,-0.9454,0.2407
1782933237797,158344,0.19482,-0.37598,0.89258,0.98793,0.25,-0.375,0.125,-0.1465,0.1632,-0.9454,0.2407
1782933237797,158344,0.19482,-0.37598,0.89258,0.98793,0.25,-0.375,0.125,-0.1465,0.1632,-0.9454,0.2407
1782933237838,158385,0.1958,-0.37671,0.89917,0.99436,-0.312,0.375,0.188,-0.1465,0.1633,-0.9454,0.2407
1782933237839,158386,0.19556,-0.37695,0.89819,0.99352,-0.312,0.562,0.312,-0.1465,0.1633,-0.9453,0.2407
1782933237839,158386,0.19702,-0.38013,0.89917,0.9959,-0.25,0.188,0.062,-0.1463,0.1635,-0.9454,0.2407
1782933237899,158446,0.19434,-0.38062,0.90356,0.99953,0.0,0.625,0.0,-0.1462,0.1635,-0.9454,0.2407
1782933237899,158446,0.19556,-0.37866,0.90356,0.99902,0.0,0.062,0.0,-0.1462,0.1635,-0.9454,0.2407
1782933237901,158448,0.19556,-0.37866,0.90356,0.99902,0.0,0.062,0.0,-0.1462,0.1635,-0.9454,0.2407
1782933237999,158546,0.19556,-0.37866,0.90356,0.99902,0.0,0.062,0.0,-0.1462,0.1635,-0.9454,0.2407
1782933238002,158549,0.19775,-0.37622,0.89844,0.9939,0.625,-1.062,-0.125,-0.1465,0.1633,-0.9453,0.2407
1782933238002,158549,0.19775,-0.37622,0.89844,0.9939,0.625,-1.062,-0.125,-0.1465,0.1633,-0.9453,0.2407
1782933238020,158567,0.19702,-0.37402,0.89917,0.99359,0.062,-0.062,0.25,-0.1467,0.1632,-0.9453,0.2408
1782933238021,158568,0.19751,-0.38037,0.89648,0.99366,-0.125,0.562,0.0,-0.1467,0.1632,-0.9453,0.2408
1782933238021,158568,0.19751,-0.38037,0.89648,0.99366,-0.125,0.562,0.0,-0.1467,0.1632,-0.9453,0.2408
1782933238099,158646,0.1958,-0.3772,0.9021,0.9972,0.0,0.0,0.062,-0.1464,0.1634,-0.9453,0.2407
1782933238099,158646,0.19507,-0.38403,0.89819,0.99613,-0.125,0.188,0.125,-0.1464,0.1634,-0.9453,0.2407
1782933238100,158647,0.19434,-0.37817,0.90186,0.99706,0.062,0.0,0.062,-0.1463,0.1635,-0.9453,0.2408
1782933238138,158685,0.19434,-0.37817,0.90186,0.99706,0.062,0.0,0.062,-0.1463,0.1635,-0.9453,0.2408
1782933238139,158686,0.19653,-0.37744,0.89917,0.99478,0.062,-0.312,0.188,-0.1463,0.1634,-0.9453,0.2408
1782933238163,158710,0.19653,-0.37744,0.89917,0.99478,0.062,-0.312,0.188,-0.1463,0.1634,-0.9453,0.2408
1782933238206,158753,0.19458,-0.3811,0.89966,0.99624,0.875,-0.312,-0.188,-0.1464,0.1633,-0.9453,0.2409
1782933238207,158754,0.19458,-0.37671,0.89722,0.99236,0.312,-0.5,-0.188,-0.1465,0.1633,-0.9453,0.2409
1782933238207,158754,0.19702,-0.37646,0.90112,0.99627,0.0,-0.25,0.0,-0.1466,0.1632,-0.9453,0.2409
1782933238258,158805,0.19653,-0.37939,0.89624,0.99288,-0.125,-0.188,0.188,-0.1466,0.1632,-0.9453,0.2409
1782933238259,158806,0.19751,-0.38037,0.90137,0.99808,-0.188,-0.25,0.188,-0.1466,0.1632,-0.9453,0.2409
1782933238271,158818,0.19507,-0.37769,0.89673,0.99238,0.062,0.375,0.062,-0.1465,0.1633,-0.9453,0.2409
1782933238341,158888,0.198,-0.37817,0.89624,0.9927,0.0,0.125,-0.125,-0.1465,0.1633,-0.9453,0.2409
1782933238341,158888,0.19556,-0.37817,0.90161,0.99707,-0.062,0.188,0.0,-0.1464,0.1633,-0.9453,0.2409
1782933238342,158889,0.19409,-0.37817,0.90039,0.99568,0.062,-0.625,0.125,-0.1464,0.1633,-0.9453,0.2409
1782933238393,158940,0.19409,-0.37817,0.90039,0.99568,0.062,-0.625,0.125,-0.1464,0.1633,-0.9453,0.2409
1782933238393,158940,0.19629,-0.3811,0.89771,0.99481,0.062,-0.25,0.062,-0.1464,0.1633,-0.9453,0.2409
1782933238394,158941,0.1958,-0.37866,0.89941,0.99532,-0.188,0.0,0.062,-0.1466,0.1633,-0.9453,0.241
1782933238444,158991,0.20093,-0.37915,0.89624,0.99367,0.0,0.0,0.312,-0.1466,0.1633,-0.9453,0.241
1782933238445,158992,0.20068,-0.37939,0.89917,0.99635,0.062,0.25,0.062,-0.1466,0.1634,-0.9453,0.241
1782933238447,158994,0.19604,-0.38062,0.89966,0.99634,0.0,0.562,0.062,-0.1464,0.1634,-0.9453,0.2409
1782933238511,159058,0.19604,-0.38062,0.89966,0.99634,0.0,0.562,0.062,-0.1464,0.1634,-0.9453,0.2409
1782933238511,159058,0.19824,-0.37939,0.90112,0.99762,0.062,0.25,-0.188,-0.1464,0.1635,-0.9453,0.2409
1782933238512,159059,0.19922,-0.37866,0.90186,0.99821,0.125,-0.438,0.0,-0.1464,0.1634,-0.9453,0.2409
1782933238564,159111,0.19434,-0.37915,0.90161,0.99721,0.0,-0.75,-0.125,-0.1464,0.1634,-0.9453,0.2409
1782933238564,159111,0.19946,-0.37842,0.90112,0.9975,0.25,-0.875,0.062,-0.1464,0.1633,-0.9453,0.2409
1782933238564,159111,0.20068,-0.37842,0.89673,0.99378,0.312,-0.688,-0.062,-0.1467,0.1632,-0.9453,0.2409
1782933238631,159178,0.19312,-0.37915,0.8999,0.99542,0.062,-0.25,-0.125,-0.1467,0.1631,-0.9453,0.2409
1782933238680,159227,0.19629,-0.37744,0.89795,0.99363,0.062,-0.125,-0.125,-0.1467,0.1631,-0.9453,0.2409
1782933238680,159227,0.19849,-0.38062,0.90161,0.99858,-0.438,0.25,0.0,-0.1467,0.1632,-0.9453,0.2409
1782933238681,159228,0.19849,-0.38062,0.90161,0.99858,-0.438,0.25,0.0,-0.1467,0.1632,-0.9453,0.2409
1782933238682,159229,0.19727,-0.37817,0.89941,0.99542,-0.25,0.188,0.188,-0.1467,0.1633,-0.9453,0.2409
1782933238683,159230,0.1936,-0.3772,0.90186,0.99655,0.125,-0.375,-0.125,-0.1466,0.1633,-0.9453,0.241
1782933238760,159307,0.19482,-0.37646,0.90015,0.99496,0.188,-0.688,0.0,-0.1467,0.1633,-0.9453,0.241
1782933238763,159310,0.19678,-0.37524,0.89917,0.994,0.062,-0.5,-0.062,-0.1467,0.1632,-0.9453,0.241
1782933238763,159310,0.19922,-0.37866,0.90308,0.99931,0.375,-0.438,-0.062,-0.1468,0.1631,-0.9453,0.241
1782933238800,159347,0.19946,-0.37769,0.89893,0.99524,0.5,-0.562,-0.25,-0.1469,0.1631,-0.9453,0.241
1782933238801,159348,0.19849,-0.37915,0.9021,0.99847,0.562,-0.375,0.0,-0.1469,0.163,-0.9453,0.241
1782933238801,159348,0.19727,-0.38037,0.89844,0.99538,0.062,-0.312,0.0,-0.147,0.1629,-0.9453,0.241
1782933238890,159437,0.19727,-0.38037,0.89844,0.99538,0.062,-0.312,0.0,-0.147,0.1629,-0.9453,0.241
1782933238892,159439,0.19995,-0.37573,0.89819,0.99393,0.125,-0.062,-0.062,-0.1471,0.1628,-0.9453,0.241
1782933238892,159439,0.19336,-0.37793,0.90039,0.99545,-0.125,0.688,0.062,-0.1469,0.1629,-0.9453,0.241
1782933238922,159469,0.198,-0.37939,0.89795,0.99471,-0.375,0.75,0.0,-0.1469,0.1629,-0.9453,0.241
1782933238922,159469,0.19604,-0.37988,0.89746,0.99407,-0.438,1.0,0.062,-0.1469,0.1629,-0.9453,0.241
1782933238922,159469,0.19653,-0.3772,0.90186,0.99712,-0.75,0.062,0.375,-0.1466,0.1632,-0.9453,0.241
1782933238996,159543,0.19653,-0.3772,0.90186,0.99712,-0.75,0.062,0.375,-0.1466,0.1632,-0.9453,0.241
1782933238996,159543,0.20044,-0.37793,0.90186,0.99818,-0.375,0.188,0.312,-0.1466,0.1633,-0.9453,0.241
1782933238997,159544,0.20117,-0.37793,0.90259,0.99898,0.062,-0.062,-0.062,-0.1466,0.1633,-0.9453,0.241
1782933239040,159587,0.19775,-0.37769,0.90088,0.99666,0.062,-0.125,-0.188,-0.1466,0.1633,-0.9453,0.241
1782933239040,159587,0.19556,-0.38037,0.90234,0.99857,0.188,-0.188,-0.125,-0.1466,0.1633,-0.9453,0.241
1782933239041,159588,0.19849,-0.3811,0.89746,0.99502,0.375,0.0,0.0,-0.1466,0.1631,-0.9453,0.241
1782933239098,159645,0.19556,-0.37891,0.89941,0.99537,0.375,0.062,-0.125,-0.1466,0.1631,-0.9453,0.241
1782933239099,159646,0.19629,-0.37793,0.90039,0.99602,0.438,0.25,0.0,-0.1466,0.1631,-0.9453,0.241
1782933239100,159647,0.19727,-0.3772,0.90259,0.99793,-0.625,0.5,0.0,-0.1464,0.1632,-0.9453,0.241
1782933239158,159705,0.19751,-0.37793,0.90015,0.99605,-0.25,0.938,0.312,-0.1464,0.1632,-0.9453,0.241
1782933239159,159706,0.19531,-0.3772,0.89844,0.99379,-0.375,0.438,0.0,-0.1464,0.1632,-0.9453,0.241
1782933239160,159707,0.19531,-0.37915,0.89771,0.99387,0.062,0.5,0.0,-0.1462,0.1634,-0.9453,0.241
1782933239219,159766,0.1958,-0.37793,0.90308,0.99836,-0.312,0.5,0.25,-0.1461,0.1634,-0.9453,0.241
1782933239219,159766,0.19653,-0.37964,0.90186,0.99805,-0.125,0.375,0.0,-0.1461,0.1634,-0.9453,0.241
1782933239225,159772,0.19678,-0.37769,0.90039,0.99603,0.062,-0.312,0.0,-0.146,0.1635,-0.9453,0.241
1782933239278,159825,0.19556,-0.38086,0.90308,0.99943,0.188,-0.562,0.25,-0.1461,0.1635,-0.9453,0.241
1782933239278,159825,0.19604,-0.37451,0.90332,0.99733,0.25,-0.312,-0.062,-0.1461,0.1635,-0.9453,0.241
1782933239280,159827,0.19507,-0.37866,0.90039,0.99606,0.75,-0.875,-0.125,-0.1463,0.1631,-0.9453,0.2411
1782933239338,159885,0.19873,-0.37549,0.89795,0.99338,0.938,-0.812,-0.188,-0.1464,0.1631,-0.9453,0.2411
1782933239339,159886,0.19653,-0.37671,0.89502,0.99075,0.688,-0.375,-0.125,-0.1464,0.163,-0.9453,0.2411
1782933239340,159887,0.19629,-0.37793,0.89404,0.99029,0.062,0.625,0.0,-0.1463,0.163,-0.9453,0.2411
1782933239398,159945,0.19653,-0.37646,0.89575,0.99132,0.0,0.688,-0.062,-0.1463,0.163,-0.9453,0.2411
1782933239401,159948,0.19531,-0.37598,0.89795,0.99289,-0.062,0.438,0.0,-0.1463,0.163,-0.9453,0.2411
1782933239410,159957,0.19678,-0.37793,0.89893,0.9948,-0.625,0.812,0.188,-0.146,0.1633,-0.9453,0.2412
1782933239459,160006,0.19434,-0.37646,0.90308,0.99752,-0.625,0.875,0.25,-0.146,0.1633,-0.9453,0.2412
1782933239459,160006,0.19849,-0.37793,0.89966,0.9958,-0.875,0.375,0.125,-0.146,0.1634,-0.9453,0.2412
1782933239460,160007,0.19727,-0.38086,0.90381,1.00042,-0.125,0.312,0.188,-0.1458,0.1636,-0.9453,0.2412
1782933239518,160065,0.1958,-0.37988,0.9043,1.0002,0.062,0.125,-0.062,-0.1457,0.1636,-0.9453,0.2412
1782933239519,160066,0.19263,-0.37939,0.90112,0.99652,0.0,0.062,0.0,-0.1457,0.1636,-0.9453,0.2412
1782933239519,160066,0.19507,-0.38232,0.90137,0.99834,0.0,-0.375,0.0,-0.1457,0.1636,-0.9453,0.2412
1782933239587,160134,0.19678,-0.38257,0.90479,1.00186,0.062,-0.562,0.188,-0.1457,0.1636,-0.9453,0.2412
1782933239587,160134,0.19727,-0.37988,0.89771,0.99454,0.125,-0.375,-0.062,-0.1458,0.1636,-0.9453,0.2412
1782933239588,160135,0.19507,-0.37769,0.89697,0.9926,0.125,0.062,-0.062,-0.1458,0.1636,-0.9453,0.2412
1782933239638,160185,0.19434,-0.37891,0.90039,0.99601,0.062,-0.062,0.125,-0.1458,0.1636,-0.9453,0.2412
1782933239639,160186,0.198,-0.37891,0.8999,0.99629,0.0,0.0,0.0,-0.1458,0.1636,-0.9453,0.2412
1782933239639,160186,0.198,-0.37891,0.8999,0.99629,0.0,0.0,0.0,-0.1458,0.1636,-0.9453,0.2412
1782933239698,160245,0.19214,-0.37769,0.90063,0.99534,0.0,-0.188,-0.062,-0.1458,0.1636,-0.9453,0.2412
1782933239701,160248,0.19336,-0.38062,0.89868,0.99493,0.062,-0.188,0.0,-0.1458,0.1636,-0.9453,0.2412
1782933239702,160249,0.19507,-0.3811,0.90112,0.99765,0.062,-0.062,0.312,-0.1458,0.1636,-0.9453,0.2413
1782933239758,160305,0.19604,-0.38062,0.89868,0.99545,0.0,-0.062,0.25,-0.1458,0.1636,-0.9453,0.2413
1782933239759,160306,0.19604,-0.37988,0.90405,1.00002,0.0,0.0,0.062,-0.1458,0.1636,-0.9453,0.2413
1782933239760,160307,0.19604,-0.37988,0.90405,1.00002,0.0,0.0,0.062,-0.1458,0.1636,-0.9453,0.2413
1782933239818,160365,0.198,-0.37866,0.89893,0.99532,-0.062,0.375,0.062,-0.1457,0.1636,-0.9453,0.2413
1782933239819,160366,0.19507,-0.37842,0.8999,0.99553,-0.062,0.5,0.0,-0.1457,0.1636,-0.9453,0.2413
1782933239820,160367,0.1936,-0.37817,0.90234,0.99735,0.0,0.0,0.125,-0.1454,0.1638,-0.9453,0.2413
1782933239902,160449,0.19336,-0.3772,0.90405,0.99849,-0.188,-0.062,0.0,-0.1454,0.1638,-0.9453,0.2413
1782933239903,160450,0.19312,-0.38232,0.90015,0.99686,0.0,-0.188,0.0,-0.1454,0.1638,-0.9453,0.2413
1782933239903,160450,0.19312,-0.38232,0.90015,0.99686,0.0,-0.188,0.0,-0.1454,0.1638,-0.9453,0.2413
1782933239953,160500,0.19312,-0.38232,0.90015,0.99686,0.0,-0.188,0.0,-0.1454,0.1638,-0.9453,0.2413
1782933240015,160562,0.19604,-0.37891,0.89893,0.99503,0.312,-0.625,0.125,-0.1456,0.1637,-0.9453,0.2413
1782933240015,160562,0.19604,-0.37891,0.89893,0.99503,0.312,-0.625,0.125,-0.1456,0.1637,-0.9453,0.2413
1782933240022,160569,0.19556,-0.38184,0.89771,0.99495,0.062,0.0,-0.062,-0.1456,0.1637,-0.9453,0.2413
1782933240108,160655,0.19653,-0.37915,0.90112,0.99719,0.062,0.062,-0.062,-0.1456,0.1637,-0.9453,0.2413
1782933240137,160684,0.19678,-0.38013,0.90137,0.99784,0.062,0.375,0.062,-0.1455,0.1637,-0.9453,0.2413
1782933240138,160685,0.19336,-0.37988,0.90015,0.99598,0.062,-0.25,0.0,-0.1455,0.1638,-0.9453,0.2414
1782933240138,160685,0.19507,-0.37842,0.90186,0.9973,-0.062,-0.438,0.062,-0.1455,0.1638,-0.9453,0.2414
1782933240139,160686,0.19629,-0.38037,0.89746,0.99431,-0.312,-0.375,0.062,-0.1455,0.1638,-0.9453,0.2414
1782933240139,160686,0.19629,-0.38037,0.89746,0.99431,-0.312,-0.375,0.062,-0.1455,0.1638,-0.9453,0.2414
1782933240178,160725,0.19897,-0.37842,0.90088,0.99718,0.0,0.062,0.125,-0.1455,0.1638,-0.9452,0.2415
1782933240178,160725,0.1936,-0.37988,0.90381,0.99933,0.062,-0.125,0.0,-0.1455,0.1638,-0.9452,0.2415
1782933240183,160730,0.19531,-0.38086,0.89697,0.99386,0.062,-0.125,0.0,-0.1455,0.1638,-0.9452,0.2415
1782933240238,160785,0.19312,-0.37866,0.90039,0.99568,0.188,-0.312,0.062,-0.1455,0.1638,-0.9452,0.2415
1782933240238,160785,0.19678,-0.37891,0.89478,0.99143,0.25,-0.438,-0.062,-0.1455,0.1638,-0.9452,0.2415
1782933240246,160793,0.19556,-0.38013,0.9021,0.99826,-0.25,0.0,0.0,-0.1455,0.1638,-0.9452,0.2415
1782933240298,160845,0.19556,-0.38013,0.9021,0.99826,-0.25,0.0,0.0,-0.1455,0.1638,-0.9452,0.2415
1782933240301,160848,0.19482,-0.38135,0.90356,0.9999,0.0,0.125,0.0,-0.1455,0.1639,-0.9452,0.2415
1782933240302,160849,0.19409,-0.37769,0.8999,0.99506,0.062,-0.25,0.0,-0.1455,0.1639,-0.9452,0.2415
1782933240373,160920,0.19409,-0.37769,0.8999,0.99506,0.062,-0.25,0.0,-0.1455,0.1639,-0.9452,0.2415
1782933240374,160921,0.19287,-0.37988,0.90332,0.99875,0.0,-0.25,0.125,-0.1455,0.1639,-0.9452,0.2415
1782933240374,160921,0.19287,-0.37988,0.90332,0.99875,0.0,-0.25,0.125,-0.1455,0.1639,-0.9452,0.2415
1782933240431,160978,0.19385,-0.37695,0.89624,0.99142,-0.125,0.0,0.062,-0.1455,0.1638,-0.9452,0.2416
1782933240433,160980,0.19702,-0.37891,0.90015,0.99632,0.125,0.0,0.125,-0.1455,0.1638,-0.9452,0.2416
1782933240434,160981,0.19482,-0.37891,0.89868,0.99456,0.062,0.0,0.0,-0.1455,0.1639,-0.9452,0.2416
1782933240478,161025,0.19263,-0.3772,0.90112,0.99569,0.0,0.438,0.0,-0.1455,0.1639,-0.9452,0.2416
1782933240479,161026,0.19385,-0.37671,0.89941,0.9942,0.062,0.125,0.0,-0.1454,0.1639,-0.9452,0.2416
1782933240480,161027,0.19385,-0.37964,0.90356,0.99906,0.0,-0.188,0.0,-0.1454,0.164,-0.9452,0.2416
